epoch,lr-AdamW/pg1,lr-AdamW/pg2,step,test/acc,test/auroc,test/f1,test/loss,test/macro_precision,test/mcc,test/micro_precision,test/recall,train/acc,train/loss_epoch,train/loss_step,val/acc,val/auroc,val/f1,val/loss,val/macro_precision,val/mcc,val/micro_precision,val/precision_c0,val/precision_c1,val/precision_c2,val/precision_c3,val/recall
,3.75e-05,3.75e-05,0,,,,,,,,,,,,,,,,,,,,,,,
0,,,19,,,,,,,,,,,1.1505968570709229,,,,,,,,,,,,
0,,,39,,,,,,,,,,,1.145086646080017,,,,,,,,,,,,
0,,,59,,,,,,,,,,,1.0480009317398071,,,,,,,,,,,,
0,,,79,,,,,,,,,,,1.113008975982666,,,,,,,,,,,,
0,,,99,,,,,,,,,,,0.9354872703552246,,,,,,,,,,,,
0,,,119,,,,,,,,,,,0.8656062483787537,,,,,,,,,,,,
0,,,139,,,,,,,,,,,0.8105090856552124,,,,,,,,,,,,
0,,,159,,,,,,,,,,,0.6887348294258118,,,,,,,,,,,,
0,,,179,,,,,,,,,,,0.7877974510192871,,,,,,,,,,,,
0,,,199,,,,,,,,,,,0.9197048544883728,,,,,,,,,,,,
0,,,219,,,,,,,,,,,0.7896983027458191,,,,,,,,,,,,
0,,,239,,,,,,,,,,,0.6272463798522949,,,,,,,,,,,,
0,,,259,,,,,,,,,,,0.836205244064331,,,,,,,,,,,,
0,,,279,,,,,,,,,,,1.3230035305023193,,,,,,,,,,,,
0,,,299,,,,,,,,,,,0.6601448059082031,,,,,,,,,,,,
0,,,319,,,,,,,,,,,0.8493341207504272,,,,,,,,,,,,
0,,,339,,,,,,,,,,,0.7741314768791199,,,,,,,,,,,,
0,,,359,,,,,,,,,,,0.9036595821380615,,,,,,,,,,,,
0,,,379,,,,,,,,,,,0.559057891368866,,,,,,,,,,,,
0,,,399,,,,,,,,,,,0.7922251224517822,,,,,,,,,,,,
0,,,419,,,,,,,,,,,0.9083777070045471,,,,,,,,,,,,
0,,,439,,,,,,,,,,,0.4958764612674713,,,,,,,,,,,,
0,,,459,,,,,,,,,,,0.5412868857383728,,,,,,,,,,,,
0,,,479,,,,,,,,,,,0.8443576097488403,,,,,,,,,,,,
0,,,499,,,,,,,,,,,0.8291443586349487,,,,,,,,,,,,
0,,,519,,,,,,,,,,,0.5938237309455872,,,,,,,,,,,,
0,,,539,,,,,,,,,,,0.6006893515586853,,,,,,,,,,,,
0,,,559,,,,,,,,,,,0.7080662846565247,,,,,,,,,,,,
0,,,579,,,,,,,,,,,0.5859127044677734,,,,,,,,,,,,
0,,,599,,,,,,,,,,,0.6727028489112854,,,,,,,,,,,,
0,,,619,,,,,,,,,,,0.7042927145957947,,,,,,,,,,,,
0,,,639,,,,,,,,,,,0.5701993107795715,,,,,,,,,,,,
0,,,659,,,,,,,,,,,0.5272440910339355,,,,,,,,,,,,
0,,,679,,,,,,,,,,,0.5970743298530579,,,,,,,,,,,,
0,,,699,,,,,,,,,,,0.5287659168243408,,,,,,,,,,,,
0,,,719,,,,,,,,,,,0.6354113221168518,,,,,,,,,,,,
0,,,739,,,,,,,,,,,0.5724498629570007,,,,,,,,,,,,
0,,,759,,,,,,,,,,,0.7064124345779419,,,,,,,,,,,,
0,,,779,,,,,,,,,,,0.41927579045295715,,,,,,,,,,,,
0,,,799,,,,,,,,,,,0.7485989332199097,,,,,,,,,,,,
0,,,819,,,,,,,,,,,0.6090132594108582,,,,,,,,,,,,
0,,,839,,,,,,,,,,,0.5334922671318054,,,,,,,,,,,,
0,,,859,,,,,,,,,,,0.33324363827705383,,,,,,,,,,,,
0,,,879,,,,,,,,,,,0.5073528289794922,,,,,,,,,,,,
0,,,899,,,,,,,,,,,0.5258699059486389,,,,,,,,,,,,
0,,,919,,,,,,,,,,,0.7825807332992554,,,,,,,,,,,,
0,,,939,,,,,,,,,,,0.5816696882247925,,,,,,,,,,,,
0,,,959,,,,,,,,,,,0.43886882066726685,,,,,,,,,,,,
0,,,979,,,,,,,,,,,0.7193719744682312,,,,,,,,,,,,
0,,,999,,,,,,,,,,,0.48040908575057983,,,,,,,,,,,,
0,,,1019,,,,,,,,,,,0.6637411713600159,,,,,,,,,,,,
0,,,1039,,,,,,,,,,,0.43006643652915955,,,,,,,,,,,,
0,,,1059,,,,,,,,,,,0.5637922883033752,,,,,,,,,,,,
0,,,1079,,,,,,,,,,,0.5657111406326294,,,,,,,,,,,,
0,,,1099,,,,,,,,,,,0.6077069640159607,,,,,,,,,,,,
0,,,1119,,,,,,,,,,,0.5968946814537048,,,,,,,,,,,,
0,,,1139,,,,,,,,,,,0.33042508363723755,,,,,,,,,,,,
0,,,1159,,,,,,,,,,,0.5377527475357056,,,,,,,,,,,,
0,,,1179,,,,,,,,,,,0.7228025197982788,,,,,,,,,,,,
0,,,1199,,,,,,,,,,,0.5466348528862,,,,,,,,,,,,
0,,,1219,,,,,,,,,,,0.7070181965827942,,,,,,,,,,,,
0,,,1239,,,,,,,,,,,0.565276563167572,,,,,,,,,,,,
0,,,1259,,,,,,,,,,,0.5364559888839722,,,,,,,,,,,,
0,,,1279,,,,,,,,,,,0.596004068851471,,,,,,,,,,,,
0,,,1299,,,,,,,,,,,0.504228949546814,,,,,,,,,,,,
0,,,1319,,,,,,,,,,,0.524795413017273,,,,,,,,,,,,
0,,,1339,,,,,,,,,,,0.44662609696388245,,,,,,,,,,,,
0,,,1359,,,,,,,,,,,0.7715521454811096,,,,,,,,,,,,
0,,,1379,,,,,,,,,,,0.44208166003227234,,,,,,,,,,,,
0,,,1399,,,,,,,,,,,0.4601818919181824,,,,,,,,,,,,
0,,,1419,,,,,,,,,,,0.39154985547065735,,,,,,,,,,,,
0,,,1439,,,,,,,,,,,0.5402445793151855,,,,,,,,,,,,
0,,,1459,,,,,,,,,,,0.343722403049469,,,,,,,,,,,,
0,,,1479,,,,,,,,,,,0.671510636806488,,,,,,,,,,,,
0,,,1499,,,,,,,,,,,0.47489646077156067,,,,,,,,,,,,
0,,,1519,,,,,,,,,,,0.5329945683479309,,,,,,,,,,,,
0,,,1539,,,,,,,,,,,0.3472926616668701,,,,,,,,,,,,
0,,,1559,,,,,,,,,,,0.5473200082778931,,,,,,,,,,,,
0,,,1579,,,,,,,,,,,0.5329909324645996,,,,,,,,,,,,
0,,,1599,,,,,,,,,,,0.4322412610054016,,,,,,,,,,,,
0,,,1619,,,,,,,,,,,0.46568554639816284,,,,,,,,,,,,
0,,,1639,,,,,,,,,,,0.40851864218711853,,,,,,,,,,,,
0,,,1659,,,,,,,,,,,0.3902400732040405,,,,,,,,,,,,
0,,,1679,,,,,,,,,,,0.6371094584465027,,,,,,,,,,,,
0,,,1699,,,,,,,,,,,0.5465681552886963,,,,,,,,,,,,
0,,,1719,,,,,,,,,,,0.8379685878753662,,,,,,,,,,,,
0,,,1739,,,,,,,,,,,0.4970833957195282,,,,,,,,,,,,
0,,,1759,,,,,,,,,,,0.5407396554946899,,,,,,,,,,,,
0,,,1779,,,,,,,,,,,0.3898387551307678,,,,,,,,,,,,
0,,,1799,,,,,,,,,,,0.6336925625801086,,,,,,,,,,,,
0,,,1819,,,,,,,,,,,0.6094054579734802,,,,,,,,,,,,
0,,,1839,,,,,,,,,,,0.41960299015045166,,,,,,,,,,,,
0,,,1859,,,,,,,,,,,0.31111380457878113,,,,,,,,,,,,
0,,,1879,,,,,,,,,,,0.5543806552886963,,,,,,,,,,,,
0,,,1899,,,,,,,,,,,0.6302108764648438,,,,,,,,,,,,
0,,,1919,,,,,,,,,,,0.44322600960731506,,,,,,,,,,,,
0,,,1939,,,,,,,,,,,0.5326208472251892,,,,,,,,,,,,
0,,,1959,,,,,,,,,,,0.6577969789505005,,,,,,,,,,,,
0,,,1979,,,,,,,,,,,0.5844718813896179,,,,,,,,,,,,
0,,,1999,,,,,,,,,,,0.5053244233131409,,,,,,,,,,,,
0,,,2019,,,,,,,,,,,0.4803209900856018,,,,,,,,,,,,
0,,,2039,,,,,,,,,,,0.4570145905017853,,,,,,,,,,,,
0,,,2059,,,,,,,,,,,0.37352198362350464,,,,,,,,,,,,
0,,,2079,,,,,,,,,,,0.3037246763706207,,,,,,,,,,,,
0,,,2099,,,,,,,,,,,0.3440825045108795,,,,,,,,,,,,
0,,,2119,,,,,,,,,,,0.47652313113212585,,,,,,,,,,,,
0,,,2139,,,,,,,,,,,0.6488880515098572,,,,,,,,,,,,
0,,,2159,,,,,,,,,,,0.46882349252700806,,,,,,,,,,,,
0,,,2179,,,,,,,,,,,0.4204394221305847,,,,,,,,,,,,
0,,,2199,,,,,,,,,,,0.5119885206222534,,,,,,,,,,,,
0,,,2219,,,,,,,,,,,0.48085033893585205,,,,,,,,,,,,
0,,,2239,,,,,,,,,,,0.40328335762023926,,,,,,,,,,,,
0,,,2259,,,,,,,,,,,0.5746995210647583,,,,,,,,,,,,
0,,,2279,,,,,,,,,,,0.3419024348258972,,,,,,,,,,,,
0,,,2299,,,,,,,,,,,0.3557606339454651,,,,,,,,,,,,
0,,,2319,,,,,,,,,,,0.5027133226394653,,,,,,,,,,,,
0,,,2339,,,,,,,,,,,0.5179226398468018,,,,,,,,,,,,
0,,,2359,,,,,,,,,,,0.41886845231056213,,,,,,,,,,,,
0,,,2379,,,,,,,,,,,0.6259053945541382,,,,,,,,,,,,
0,,,2399,,,,,,,,,,,0.3734148442745209,,,,,,,,,,,,
0,,,2419,,,,,,,,,,,0.6953572630882263,,,,,,,,,,,,
0,,,2439,,,,,,,,,,,0.617128312587738,,,,,,,,,,,,
0,,,2459,,,,,,,,,,,0.5136706829071045,,,,,,,,,,,,
0,,,2479,,,,,,,,,,,0.4157673120498657,,,,,,,,,,,,
0,,,2499,,,,,,,,,,,0.5005874037742615,,,,,,,,,,,,
0,,,2519,,,,,,,,,,,0.5213593244552612,,,,,,,,,,,,
0,,,2539,,,,,,,,,,,0.47632676362991333,,,,,,,,,,,,
0,,,2559,,,,,,,,,,,0.5414003729820251,,,,,,,,,,,,
0,,,2579,,,,,,,,,,,0.3493165969848633,,,,,,,,,,,,
0,,,2599,,,,,,,,,,,0.569974422454834,,,,,,,,,,,,
0,,,2619,,,,,,,,,,,0.5411348938941956,,,,,,,,,,,,
0,,,2639,,,,,,,,,,,0.34439828991889954,,,,,,,,,,,,
0,,,2659,,,,,,,,,,,0.423691064119339,,,,,,,,,,,,
0,,,2679,,,,,,,,,,,0.4184008538722992,,,,,,,,,,,,
0,,,2699,,,,,,,,,,,0.3928242325782776,,,,,,,,,,,,
0,,,2719,,,,,,,,,,,0.4122633635997772,,,,,,,,,,,,
0,,,2739,,,,,,,,,,,0.3903583288192749,,,,,,,,,,,,
0,,,2759,,,,,,,,,,,0.45185887813568115,,,,,,,,,,,,
0,,,2779,,,,,,,,,,,0.4793516993522644,,,,,,,,,,,,
0,,,2799,,,,,,,,,,,0.43266934156417847,,,,,,,,,,,,
0,,,2819,,,,,,,,,,,0.3561384379863739,,,,,,,,,,,,
0,,,2839,,,,,,,,,,,0.35940778255462646,,,,,,,,,,,,
0,,,2859,,,,,,,,,,,0.41022878885269165,,,,,,,,,,,,
0,,,2879,,,,,,,,,,,0.34113970398902893,,,,,,,,,,,,
0,,,2899,,,,,,,,,,,0.5315775275230408,,,,,,,,,,,,
0,,,2919,,,,,,,,,,,0.4518975019454956,,,,,,,,,,,,
0,,,2939,,,,,,,,,,,0.4130095839500427,,,,,,,,,,,,
0,,,2959,,,,,,,,,,,0.33199989795684814,,,,,,,,,,,,
0,,,2979,,,,,,,,,,,0.4541676342487335,,,,,,,,,,,,
0,,,2999,,,,,,,,,,,0.4454795718193054,,,,,,,,,,,,
0,,,3019,,,,,,,,,,,0.4431760907173157,,,,,,,,,,,,
0,,,3039,,,,,,,,,,,0.3984774947166443,,,,,,,,,,,,
0,,,3059,,,,,,,,,,,0.5657109618186951,,,,,,,,,,,,
0,,,3079,,,,,,,,,,,0.5444320440292358,,,,,,,,,,,,
0,,,3099,,,,,,,,,,,0.40554535388946533,,,,,,,,,,,,
0,,,3119,,,,,,,,,,,0.4100889265537262,,,,,,,,,,,,
0,,,3139,,,,,,,,,,,0.7730107307434082,,,,,,,,,,,,
0,,,3159,,,,,,,,,,,0.4509272575378418,,,,,,,,,,,,
0,,,3179,,,,,,,,,,,0.3873843252658844,,,,,,,,,,,,
0,,,3199,,,,,,,,,,,0.46998733282089233,,,,,,,,,,,,
0,,,3219,,,,,,,,,,,0.5666449666023254,,,,,,,,,,,,
0,,,3239,,,,,,,,,,,0.47180697321891785,,,,,,,,,,,,
0,,,3259,,,,,,,,,,,0.4872678220272064,,,,,,,,,,,,
0,,,3279,,,,,,,,,,,0.2791436016559601,,,,,,,,,,,,
0,,,3299,,,,,,,,,,,0.39449986815452576,,,,,,,,,,,,
0,,,3319,,,,,,,,,,,0.37578311562538147,,,,,,,,,,,,
0,,,3339,,,,,,,,,,,0.36010679602622986,,,,,,,,,,,,
0,,,3359,,,,,,,,,,,0.38615190982818604,,,,,,,,,,,,
0,,,3379,,,,,,,,,,,0.3532199263572693,,,,,,,,,,,,
0,,,3399,,,,,,,,,,,0.5044697523117065,,,,,,,,,,,,
0,,,3419,,,,,,,,,,,0.32221394777297974,,,,,,,,,,,,
0,,,3439,,,,,,,,,,,0.595252513885498,,,,,,,,,,,,
0,,,3459,,,,,,,,,,,0.785506010055542,,,,,,,,,,,,
0,,,3479,,,,,,,,,,,0.5247741937637329,,,,,,,,,,,,
0,,,3481,,,,,,,,,,,,0.6131910681724548,0.8703626990318298,0.5420733690261841,0.8804091811180115,0.6381862759590149,0.4735475182533264,0.5813760757446289,0.6623771786689758,0.9126918315887451,0.6780991554260254,0.2995769679546356,0.6131910681724548
0,,,3481,,,,,,,,,0.6939399242401123,0.5613980889320374,,,,,,,,,,,,,
,7.5e-05,7.5e-05,3482,,,,,,,,,,,,,,,,,,,,,,,
1,,,3499,,,,,,,,,,,0.5589982271194458,,,,,,,,,,,,
1,,,3519,,,,,,,,,,,0.3226052522659302,,,,,,,,,,,,
1,,,3539,,,,,,,,,,,0.4899945557117462,,,,,,,,,,,,
1,,,3559,,,,,,,,,,,0.5828841924667358,,,,,,,,,,,,
1,,,3579,,,,,,,,,,,0.31824955344200134,,,,,,,,,,,,
1,,,3599,,,,,,,,,,,0.49513018131256104,,,,,,,,,,,,
1,,,3619,,,,,,,,,,,0.6965039372444153,,,,,,,,,,,,
1,,,3639,,,,,,,,,,,0.5429796576499939,,,,,,,,,,,,
1,,,3659,,,,,,,,,,,0.33370232582092285,,,,,,,,,,,,
1,,,3679,,,,,,,,,,,0.4201042354106903,,,,,,,,,,,,
1,,,3699,,,,,,,,,,,0.641665518283844,,,,,,,,,,,,
1,,,3719,,,,,,,,,,,0.5120075345039368,,,,,,,,,,,,
1,,,3739,,,,,,,,,,,0.4627116322517395,,,,,,,,,,,,
1,,,3759,,,,,,,,,,,0.45483437180519104,,,,,,,,,,,,
1,,,3779,,,,,,,,,,,0.48156434297561646,,,,,,,,,,,,
1,,,3799,,,,,,,,,,,0.26578962802886963,,,,,,,,,,,,
1,,,3819,,,,,,,,,,,0.731448233127594,,,,,,,,,,,,
1,,,3839,,,,,,,,,,,0.2909274399280548,,,,,,,,,,,,
1,,,3859,,,,,,,,,,,0.4208475351333618,,,,,,,,,,,,
1,,,3879,,,,,,,,,,,0.49122190475463867,,,,,,,,,,,,
1,,,3899,,,,,,,,,,,0.563450038433075,,,,,,,,,,,,
1,,,3919,,,,,,,,,,,0.3546757996082306,,,,,,,,,,,,
1,,,3939,,,,,,,,,,,0.45500338077545166,,,,,,,,,,,,
1,,,3959,,,,,,,,,,,0.3856479227542877,,,,,,,,,,,,
1,,,3979,,,,,,,,,,,0.5167915225028992,,,,,,,,,,,,
1,,,3999,,,,,,,,,,,0.47090327739715576,,,,,,,,,,,,
1,,,4019,,,,,,,,,,,0.4118690490722656,,,,,,,,,,,,
1,,,4039,,,,,,,,,,,0.2705301344394684,,,,,,,,,,,,
1,,,4059,,,,,,,,,,,0.4131418466567993,,,,,,,,,,,,
1,,,4079,,,,,,,,,,,0.45965003967285156,,,,,,,,,,,,
1,,,4099,,,,,,,,,,,0.47537240386009216,,,,,,,,,,,,
1,,,4119,,,,,,,,,,,0.3769717514514923,,,,,,,,,,,,
1,,,4139,,,,,,,,,,,0.30202943086624146,,,,,,,,,,,,
1,,,4159,,,,,,,,,,,0.4212002158164978,,,,,,,,,,,,
1,,,4179,,,,,,,,,,,0.5732279419898987,,,,,,,,,,,,
1,,,4199,,,,,,,,,,,0.3064377009868622,,,,,,,,,,,,
1,,,4219,,,,,,,,,,,0.6598939895629883,,,,,,,,,,,,
1,,,4239,,,,,,,,,,,0.5942273139953613,,,,,,,,,,,,
1,,,4259,,,,,,,,,,,0.5051769614219666,,,,,,,,,,,,
1,,,4279,,,,,,,,,,,0.3584505617618561,,,,,,,,,,,,
1,,,4299,,,,,,,,,,,0.8278403878211975,,,,,,,,,,,,
1,,,4319,,,,,,,,,,,0.383847177028656,,,,,,,,,,,,
1,,,4339,,,,,,,,,,,0.3957754969596863,,,,,,,,,,,,
1,,,4359,,,,,,,,,,,0.4443044364452362,,,,,,,,,,,,
1,,,4379,,,,,,,,,,,0.22437293827533722,,,,,,,,,,,,
1,,,4399,,,,,,,,,,,0.4363056719303131,,,,,,,,,,,,
1,,,4419,,,,,,,,,,,0.36193448305130005,,,,,,,,,,,,
1,,,4439,,,,,,,,,,,0.31608980894088745,,,,,,,,,,,,
1,,,4459,,,,,,,,,,,0.22892355918884277,,,,,,,,,,,,
1,,,4479,,,,,,,,,,,0.48128625750541687,,,,,,,,,,,,
1,,,4499,,,,,,,,,,,0.4360453188419342,,,,,,,,,,,,
1,,,4519,,,,,,,,,,,0.5332249999046326,,,,,,,,,,,,
1,,,4539,,,,,,,,,,,0.526305079460144,,,,,,,,,,,,
1,,,4559,,,,,,,,,,,0.3963575065135956,,,,,,,,,,,,
1,,,4579,,,,,,,,,,,0.283723920583725,,,,,,,,,,,,
1,,,4599,,,,,,,,,,,0.5564003586769104,,,,,,,,,,,,
1,,,4619,,,,,,,,,,,0.43684127926826477,,,,,,,,,,,,
1,,,4639,,,,,,,,,,,0.5934035778045654,,,,,,,,,,,,
1,,,4659,,,,,,,,,,,0.7034895420074463,,,,,,,,,,,,
1,,,4679,,,,,,,,,,,0.33169007301330566,,,,,,,,,,,,
1,,,4699,,,,,,,,,,,0.25992637872695923,,,,,,,,,,,,
1,,,4719,,,,,,,,,,,0.38938769698143005,,,,,,,,,,,,
1,,,4739,,,,,,,,,,,0.2734086513519287,,,,,,,,,,,,
1,,,4759,,,,,,,,,,,0.30181193351745605,,,,,,,,,,,,
1,,,4779,,,,,,,,,,,0.30510929226875305,,,,,,,,,,,,
1,,,4799,,,,,,,,,,,0.5318159461021423,,,,,,,,,,,,
1,,,4819,,,,,,,,,,,0.50057053565979,,,,,,,,,,,,
1,,,4839,,,,,,,,,,,0.4738803505897522,,,,,,,,,,,,
1,,,4859,,,,,,,,,,,0.3228762149810791,,,,,,,,,,,,
1,,,4879,,,,,,,,,,,0.39088165760040283,,,,,,,,,,,,
1,,,4899,,,,,,,,,,,0.26205775141716003,,,,,,,,,,,,
1,,,4919,,,,,,,,,,,0.21848119795322418,,,,,,,,,,,,
1,,,4939,,,,,,,,,,,0.3316822648048401,,,,,,,,,,,,
1,,,4959,,,,,,,,,,,0.2322382628917694,,,,,,,,,,,,
1,,,4979,,,,,,,,,,,0.3768276572227478,,,,,,,,,,,,
1,,,4999,,,,,,,,,,,0.6761679649353027,,,,,,,,,,,,
1,,,5019,,,,,,,,,,,0.35238489508628845,,,,,,,,,,,,
1,,,5039,,,,,,,,,,,0.3519616723060608,,,,,,,,,,,,
1,,,5059,,,,,,,,,,,0.4425988793373108,,,,,,,,,,,,
1,,,5079,,,,,,,,,,,0.3452553153038025,,,,,,,,,,,,
1,,,5099,,,,,,,,,,,0.743635892868042,,,,,,,,,,,,
1,,,5119,,,,,,,,,,,0.2645472586154938,,,,,,,,,,,,
1,,,5139,,,,,,,,,,,0.24823537468910217,,,,,,,,,,,,
1,,,5159,,,,,,,,,,,0.8733465671539307,,,,,,,,,,,,
1,,,5179,,,,,,,,,,,0.23848649859428406,,,,,,,,,,,,
1,,,5199,,,,,,,,,,,0.22276630997657776,,,,,,,,,,,,
1,,,5219,,,,,,,,,,,0.45998725295066833,,,,,,,,,,,,
1,,,5239,,,,,,,,,,,0.33213046193122864,,,,,,,,,,,,
1,,,5259,,,,,,,,,,,0.4556082785129547,,,,,,,,,,,,
1,,,5279,,,,,,,,,,,0.26193034648895264,,,,,,,,,,,,
1,,,5299,,,,,,,,,,,0.24841836094856262,,,,,,,,,,,,
1,,,5319,,,,,,,,,,,0.3381285071372986,,,,,,,,,,,,
1,,,5339,,,,,,,,,,,0.3096235394477844,,,,,,,,,,,,
1,,,5359,,,,,,,,,,,0.2296794205904007,,,,,,,,,,,,
1,,,5379,,,,,,,,,,,0.3851604759693146,,,,,,,,,,,,
1,,,5399,,,,,,,,,,,0.5790563821792603,,,,,,,,,,,,
1,,,5419,,,,,,,,,,,0.41174039244651794,,,,,,,,,,,,
1,,,5439,,,,,,,,,,,0.2662464678287506,,,,,,,,,,,,
1,,,5459,,,,,,,,,,,0.3262065052986145,,,,,,,,,,,,
1,,,5479,,,,,,,,,,,0.403962105512619,,,,,,,,,,,,
1,,,5499,,,,,,,,,,,0.26900315284729004,,,,,,,,,,,,
1,,,5519,,,,,,,,,,,0.4505360722541809,,,,,,,,,,,,
1,,,5539,,,,,,,,,,,0.2723940312862396,,,,,,,,,,,,
1,,,5559,,,,,,,,,,,0.6595492362976074,,,,,,,,,,,,
1,,,5579,,,,,,,,,,,0.34783998131752014,,,,,,,,,,,,
1,,,5599,,,,,,,,,,,0.6336326003074646,,,,,,,,,,,,
1,,,5619,,,,,,,,,,,0.2727608382701874,,,,,,,,,,,,
1,,,5639,,,,,,,,,,,0.26862066984176636,,,,,,,,,,,,
1,,,5659,,,,,,,,,,,0.25359365344047546,,,,,,,,,,,,
1,,,5679,,,,,,,,,,,0.21648626029491425,,,,,,,,,,,,
1,,,5699,,,,,,,,,,,0.44227418303489685,,,,,,,,,,,,
1,,,5719,,,,,,,,,,,0.6237280964851379,,,,,,,,,,,,
1,,,5739,,,,,,,,,,,0.36397138237953186,,,,,,,,,,,,
1,,,5759,,,,,,,,,,,0.39061108231544495,,,,,,,,,,,,
1,,,5779,,,,,,,,,,,0.3601045608520508,,,,,,,,,,,,
1,,,5799,,,,,,,,,,,0.40105143189430237,,,,,,,,,,,,
1,,,5819,,,,,,,,,,,0.49979206919670105,,,,,,,,,,,,
1,,,5839,,,,,,,,,,,0.4227508008480072,,,,,,,,,,,,
1,,,5859,,,,,,,,,,,0.33618634939193726,,,,,,,,,,,,
1,,,5879,,,,,,,,,,,0.334089070558548,,,,,,,,,,,,
1,,,5899,,,,,,,,,,,0.8239648938179016,,,,,,,,,,,,
1,,,5919,,,,,,,,,,,0.5277636051177979,,,,,,,,,,,,
1,,,5939,,,,,,,,,,,0.4320809245109558,,,,,,,,,,,,
1,,,5959,,,,,,,,,,,0.25401267409324646,,,,,,,,,,,,
1,,,5979,,,,,,,,,,,0.3458092510700226,,,,,,,,,,,,
1,,,5999,,,,,,,,,,,0.7683614492416382,,,,,,,,,,,,
1,,,6019,,,,,,,,,,,0.33343732357025146,,,,,,,,,,,,
1,,,6039,,,,,,,,,,,0.23696699738502502,,,,,,,,,,,,
1,,,6059,,,,,,,,,,,0.4829805791378021,,,,,,,,,,,,
1,,,6079,,,,,,,,,,,0.3617226779460907,,,,,,,,,,,,
1,,,6099,,,,,,,,,,,0.2422126680612564,,,,,,,,,,,,
1,,,6119,,,,,,,,,,,0.335306853055954,,,,,,,,,,,,
1,,,6139,,,,,,,,,,,0.37419503927230835,,,,,,,,,,,,
1,,,6159,,,,,,,,,,,0.346572607755661,,,,,,,,,,,,
1,,,6179,,,,,,,,,,,0.34564337134361267,,,,,,,,,,,,
1,,,6199,,,,,,,,,,,0.28532880544662476,,,,,,,,,,,,
1,,,6219,,,,,,,,,,,0.37062186002731323,,,,,,,,,,,,
1,,,6239,,,,,,,,,,,0.27235326170921326,,,,,,,,,,,,
1,,,6259,,,,,,,,,,,0.31856855750083923,,,,,,,,,,,,
1,,,6279,,,,,,,,,,,0.32157018780708313,,,,,,,,,,,,
1,,,6299,,,,,,,,,,,0.47150853276252747,,,,,,,,,,,,
1,,,6319,,,,,,,,,,,0.2507947087287903,,,,,,,,,,,,
1,,,6339,,,,,,,,,,,0.39001742005348206,,,,,,,,,,,,
1,,,6359,,,,,,,,,,,0.31270450353622437,,,,,,,,,,,,
1,,,6379,,,,,,,,,,,0.444137841463089,,,,,,,,,,,,
1,,,6399,,,,,,,,,,,0.2401546835899353,,,,,,,,,,,,
1,,,6419,,,,,,,,,,,0.5953353643417358,,,,,,,,,,,,
1,,,6439,,,,,,,,,,,0.5063998103141785,,,,,,,,,,,,
1,,,6459,,,,,,,,,,,0.37145304679870605,,,,,,,,,,,,
1,,,6479,,,,,,,,,,,0.2778770625591278,,,,,,,,,,,,
1,,,6499,,,,,,,,,,,0.38794630765914917,,,,,,,,,,,,
1,,,6519,,,,,,,,,,,0.4866294860839844,,,,,,,,,,,,
1,,,6539,,,,,,,,,,,0.39640012383461,,,,,,,,,,,,
1,,,6559,,,,,,,,,,,0.19073927402496338,,,,,,,,,,,,
1,,,6579,,,,,,,,,,,0.31021398305892944,,,,,,,,,,,,
1,,,6599,,,,,,,,,,,0.2110874056816101,,,,,,,,,,,,
1,,,6619,,,,,,,,,,,0.5328831076622009,,,,,,,,,,,,
1,,,6639,,,,,,,,,,,0.2521688640117645,,,,,,,,,,,,
1,,,6659,,,,,,,,,,,0.5892630815505981,,,,,,,,,,,,
1,,,6679,,,,,,,,,,,0.22810330986976624,,,,,,,,,,,,
1,,,6699,,,,,,,,,,,0.17170479893684387,,,,,,,,,,,,
1,,,6719,,,,,,,,,,,0.3160480558872223,,,,,,,,,,,,
1,,,6739,,,,,,,,,,,0.2727482318878174,,,,,,,,,,,,
1,,,6759,,,,,,,,,,,0.30302801728248596,,,,,,,,,,,,
1,,,6779,,,,,,,,,,,0.4409216642379761,,,,,,,,,,,,
1,,,6799,,,,,,,,,,,0.2232728898525238,,,,,,,,,,,,
1,,,6819,,,,,,,,,,,0.3146096169948578,,,,,,,,,,,,
1,,,6839,,,,,,,,,,,0.3836597800254822,,,,,,,,,,,,
1,,,6859,,,,,,,,,,,0.532637357711792,,,,,,,,,,,,
1,,,6879,,,,,,,,,,,0.345184862613678,,,,,,,,,,,,
1,,,6899,,,,,,,,,,,0.3575724959373474,,,,,,,,,,,,
1,,,6919,,,,,,,,,,,0.2864542305469513,,,,,,,,,,,,
1,,,6939,,,,,,,,,,,0.292303204536438,,,,,,,,,,,,
1,,,6959,,,,,,,,,,,0.26119324564933777,,,,,,,,,,,,
1,,,6963,,,,,,,,,,,,0.663411557674408,0.8789225816726685,0.6267815232276917,0.7855320572853088,0.6292081475257874,0.5186904668807983,0.6379846930503845,0.5648385882377625,0.7097002267837524,0.8234252333641052,0.41886866092681885,0.663411557674408
1,,,6963,,,,,,,,,0.7791798114776611,0.38854777812957764,,,,,,,,,,,,,
,0.0001125,0.0001125,6964,,,,,,,,,,,,,,,,,,,,,,,
2,,,6979,,,,,,,,,,,0.27295437455177307,,,,,,,,,,,,
2,,,6999,,,,,,,,,,,0.22260062396526337,,,,,,,,,,,,
2,,,7019,,,,,,,,,,,0.21868574619293213,,,,,,,,,,,,
2,,,7039,,,,,,,,,,,0.45895472168922424,,,,,,,,,,,,
2,,,7059,,,,,,,,,,,0.3786574900150299,,,,,,,,,,,,
2,,,7079,,,,,,,,,,,0.4335194230079651,,,,,,,,,,,,
2,,,7099,,,,,,,,,,,0.3568514883518219,,,,,,,,,,,,
2,,,7119,,,,,,,,,,,0.40069136023521423,,,,,,,,,,,,
2,,,7139,,,,,,,,,,,0.38205406069755554,,,,,,,,,,,,
2,,,7159,,,,,,,,,,,0.18846367299556732,,,,,,,,,,,,
2,,,7179,,,,,,,,,,,0.3958187997341156,,,,,,,,,,,,
2,,,7199,,,,,,,,,,,0.3299265205860138,,,,,,,,,,,,
2,,,7219,,,,,,,,,,,0.4880237579345703,,,,,,,,,,,,
2,,,7239,,,,,,,,,,,0.19886404275894165,,,,,,,,,,,,
2,,,7259,,,,,,,,,,,0.24900467693805695,,,,,,,,,,,,
2,,,7279,,,,,,,,,,,0.380593478679657,,,,,,,,,,,,
2,,,7299,,,,,,,,,,,0.32153841853141785,,,,,,,,,,,,
2,,,7319,,,,,,,,,,,0.3161082863807678,,,,,,,,,,,,
2,,,7339,,,,,,,,,,,0.52033931016922,,,,,,,,,,,,
2,,,7359,,,,,,,,,,,0.34360408782958984,,,,,,,,,,,,
2,,,7379,,,,,,,,,,,0.20651660859584808,,,,,,,,,,,,
2,,,7399,,,,,,,,,,,0.18216773867607117,,,,,,,,,,,,
2,,,7419,,,,,,,,,,,0.22067806124687195,,,,,,,,,,,,
2,,,7439,,,,,,,,,,,0.3781084716320038,,,,,,,,,,,,
2,,,7459,,,,,,,,,,,0.2765347957611084,,,,,,,,,,,,
2,,,7479,,,,,,,,,,,0.17460232973098755,,,,,,,,,,,,
2,,,7499,,,,,,,,,,,0.2539753317832947,,,,,,,,,,,,
2,,,7519,,,,,,,,,,,0.46905308961868286,,,,,,,,,,,,
2,,,7539,,,,,,,,,,,0.5270280241966248,,,,,,,,,,,,
2,,,7559,,,,,,,,,,,0.17315970361232758,,,,,,,,,,,,
2,,,7579,,,,,,,,,,,0.2638508379459381,,,,,,,,,,,,
2,,,7599,,,,,,,,,,,0.3997638523578644,,,,,,,,,,,,
2,,,7619,,,,,,,,,,,0.3284081220626831,,,,,,,,,,,,
2,,,7639,,,,,,,,,,,0.34854617714881897,,,,,,,,,,,,
2,,,7659,,,,,,,,,,,0.3855862319469452,,,,,,,,,,,,
2,,,7679,,,,,,,,,,,0.26252418756484985,,,,,,,,,,,,
2,,,7699,,,,,,,,,,,0.39048030972480774,,,,,,,,,,,,
2,,,7719,,,,,,,,,,,0.42092365026474,,,,,,,,,,,,
2,,,7739,,,,,,,,,,,0.3439928889274597,,,,,,,,,,,,
2,,,7759,,,,,,,,,,,0.536706268787384,,,,,,,,,,,,
2,,,7779,,,,,,,,,,,0.4537784159183502,,,,,,,,,,,,
2,,,7799,,,,,,,,,,,0.39981764554977417,,,,,,,,,,,,
2,,,7819,,,,,,,,,,,0.27340832352638245,,,,,,,,,,,,
2,,,7839,,,,,,,,,,,0.34133580327033997,,,,,,,,,,,,
2,,,7859,,,,,,,,,,,0.3884909451007843,,,,,,,,,,,,
2,,,7879,,,,,,,,,,,0.32558301091194153,,,,,,,,,,,,
2,,,7899,,,,,,,,,,,0.2340731918811798,,,,,,,,,,,,
2,,,7919,,,,,,,,,,,0.4422985315322876,,,,,,,,,,,,
2,,,7939,,,,,,,,,,,0.2309861034154892,,,,,,,,,,,,
2,,,7959,,,,,,,,,,,0.16369427740573883,,,,,,,,,,,,
2,,,7979,,,,,,,,,,,0.26168093085289,,,,,,,,,,,,
2,,,7999,,,,,,,,,,,0.3158096373081207,,,,,,,,,,,,
2,,,8019,,,,,,,,,,,0.2439894676208496,,,,,,,,,,,,
2,,,8039,,,,,,,,,,,0.26285427808761597,,,,,,,,,,,,
2,,,8059,,,,,,,,,,,0.38207516074180603,,,,,,,,,,,,
2,,,8079,,,,,,,,,,,0.24683216214179993,,,,,,,,,,,,
2,,,8099,,,,,,,,,,,0.2964422404766083,,,,,,,,,,,,
2,,,8119,,,,,,,,,,,0.27900123596191406,,,,,,,,,,,,
2,,,8139,,,,,,,,,,,0.5058670043945312,,,,,,,,,,,,
2,,,8159,,,,,,,,,,,0.344681054353714,,,,,,,,,,,,
2,,,8179,,,,,,,,,,,0.35554826259613037,,,,,,,,,,,,
2,,,8199,,,,,,,,,,,0.265781968832016,,,,,,,,,,,,
2,,,8219,,,,,,,,,,,0.5402726531028748,,,,,,,,,,,,
2,,,8239,,,,,,,,,,,0.1854400634765625,,,,,,,,,,,,
2,,,8259,,,,,,,,,,,0.2417929321527481,,,,,,,,,,,,
2,,,8279,,,,,,,,,,,0.28091922402381897,,,,,,,,,,,,
2,,,8299,,,,,,,,,,,0.369708776473999,,,,,,,,,,,,
2,,,8319,,,,,,,,,,,0.2014603614807129,,,,,,,,,,,,
2,,,8339,,,,,,,,,,,0.3047771453857422,,,,,,,,,,,,
2,,,8359,,,,,,,,,,,0.3790982663631439,,,,,,,,,,,,
2,,,8379,,,,,,,,,,,0.45672428607940674,,,,,,,,,,,,
2,,,8399,,,,,,,,,,,0.24467596411705017,,,,,,,,,,,,
2,,,8419,,,,,,,,,,,0.5234891176223755,,,,,,,,,,,,
2,,,8439,,,,,,,,,,,0.5227848887443542,,,,,,,,,,,,
2,,,8459,,,,,,,,,,,0.45980581641197205,,,,,,,,,,,,
2,,,8479,,,,,,,,,,,0.40010473132133484,,,,,,,,,,,,
2,,,8499,,,,,,,,,,,0.2187332808971405,,,,,,,,,,,,
2,,,8519,,,,,,,,,,,0.31527045369148254,,,,,,,,,,,,
2,,,8539,,,,,,,,,,,0.31271249055862427,,,,,,,,,,,,
2,,,8559,,,,,,,,,,,0.2719535529613495,,,,,,,,,,,,
2,,,8579,,,,,,,,,,,0.44727885723114014,,,,,,,,,,,,
2,,,8599,,,,,,,,,,,0.2981308698654175,,,,,,,,,,,,
2,,,8619,,,,,,,,,,,0.4221254587173462,,,,,,,,,,,,
2,,,8639,,,,,,,,,,,0.5180389285087585,,,,,,,,,,,,
2,,,8659,,,,,,,,,,,0.36792242527008057,,,,,,,,,,,,
2,,,8679,,,,,,,,,,,0.15955284237861633,,,,,,,,,,,,
2,,,8699,,,,,,,,,,,0.36552250385284424,,,,,,,,,,,,
2,,,8719,,,,,,,,,,,0.2519746422767639,,,,,,,,,,,,
2,,,8739,,,,,,,,,,,0.558953046798706,,,,,,,,,,,,
2,,,8759,,,,,,,,,,,0.604541540145874,,,,,,,,,,,,
2,,,8779,,,,,,,,,,,0.3857334852218628,,,,,,,,,,,,
2,,,8799,,,,,,,,,,,0.31290072202682495,,,,,,,,,,,,
2,,,8819,,,,,,,,,,,0.3752063512802124,,,,,,,,,,,,
2,,,8839,,,,,,,,,,,0.5658809542655945,,,,,,,,,,,,
2,,,8859,,,,,,,,,,,0.19633665680885315,,,,,,,,,,,,
2,,,8879,,,,,,,,,,,0.4227800667285919,,,,,,,,,,,,
2,,,8899,,,,,,,,,,,0.5349766612052917,,,,,,,,,,,,
2,,,8919,,,,,,,,,,,0.35009700059890747,,,,,,,,,,,,
2,,,8939,,,,,,,,,,,0.3878234624862671,,,,,,,,,,,,
2,,,8959,,,,,,,,,,,0.357693612575531,,,,,,,,,,,,
2,,,8979,,,,,,,,,,,0.16837066411972046,,,,,,,,,,,,
2,,,8999,,,,,,,,,,,0.12352686375379562,,,,,,,,,,,,
2,,,9019,,,,,,,,,,,0.2925180494785309,,,,,,,,,,,,
2,,,9039,,,,,,,,,,,0.4685267508029938,,,,,,,,,,,,
2,,,9059,,,,,,,,,,,0.1853308230638504,,,,,,,,,,,,
2,,,9079,,,,,,,,,,,0.14960116147994995,,,,,,,,,,,,
2,,,9099,,,,,,,,,,,0.22195853292942047,,,,,,,,,,,,
2,,,9119,,,,,,,,,,,0.37822163105010986,,,,,,,,,,,,
2,,,9139,,,,,,,,,,,0.37394580245018005,,,,,,,,,,,,
2,,,9159,,,,,,,,,,,0.23291128873825073,,,,,,,,,,,,
2,,,9179,,,,,,,,,,,0.29092830419540405,,,,,,,,,,,,
2,,,9199,,,,,,,,,,,0.14297880232334137,,,,,,,,,,,,
2,,,9219,,,,,,,,,,,0.23695620894432068,,,,,,,,,,,,
2,,,9239,,,,,,,,,,,0.39253678917884827,,,,,,,,,,,,
2,,,9259,,,,,,,,,,,0.26214444637298584,,,,,,,,,,,,
2,,,9279,,,,,,,,,,,0.27372604608535767,,,,,,,,,,,,
2,,,9299,,,,,,,,,,,0.3245323896408081,,,,,,,,,,,,
2,,,9319,,,,,,,,,,,0.5882049798965454,,,,,,,,,,,,
2,,,9339,,,,,,,,,,,0.14147838950157166,,,,,,,,,,,,
2,,,9359,,,,,,,,,,,0.3628486096858978,,,,,,,,,,,,
2,,,9379,,,,,,,,,,,0.24690647423267365,,,,,,,,,,,,
2,,,9399,,,,,,,,,,,0.4027769863605499,,,,,,,,,,,,
2,,,9419,,,,,,,,,,,0.22110727429389954,,,,,,,,,,,,
2,,,9439,,,,,,,,,,,0.2796696722507477,,,,,,,,,,,,
2,,,9459,,,,,,,,,,,0.1741304248571396,,,,,,,,,,,,
2,,,9479,,,,,,,,,,,0.4507623612880707,,,,,,,,,,,,
2,,,9499,,,,,,,,,,,0.21063461899757385,,,,,,,,,,,,
2,,,9519,,,,,,,,,,,0.1970483511686325,,,,,,,,,,,,
2,,,9539,,,,,,,,,,,0.4794282615184784,,,,,,,,,,,,
2,,,9559,,,,,,,,,,,0.2257886379957199,,,,,,,,,,,,
2,,,9579,,,,,,,,,,,0.15653394162654877,,,,,,,,,,,,
2,,,9599,,,,,,,,,,,0.3584834933280945,,,,,,,,,,,,
2,,,9619,,,,,,,,,,,0.3052431344985962,,,,,,,,,,,,
2,,,9639,,,,,,,,,,,0.2437935769557953,,,,,,,,,,,,
2,,,9659,,,,,,,,,,,0.2677334249019623,,,,,,,,,,,,
2,,,9679,,,,,,,,,,,0.2052038013935089,,,,,,,,,,,,
2,,,9699,,,,,,,,,,,0.13613450527191162,,,,,,,,,,,,
2,,,9719,,,,,,,,,,,0.25406768918037415,,,,,,,,,,,,
2,,,9739,,,,,,,,,,,0.2224789559841156,,,,,,,,,,,,
2,,,9759,,,,,,,,,,,0.37106698751449585,,,,,,,,,,,,
2,,,9779,,,,,,,,,,,0.4008634090423584,,,,,,,,,,,,
2,,,9799,,,,,,,,,,,0.3640957772731781,,,,,,,,,,,,
2,,,9819,,,,,,,,,,,0.2784259617328644,,,,,,,,,,,,
2,,,9839,,,,,,,,,,,0.45059734582901,,,,,,,,,,,,
2,,,9859,,,,,,,,,,,0.1886989176273346,,,,,,,,,,,,
2,,,9879,,,,,,,,,,,0.2643931806087494,,,,,,,,,,,,
2,,,9899,,,,,,,,,,,0.3805977702140808,,,,,,,,,,,,
2,,,9919,,,,,,,,,,,0.23958568274974823,,,,,,,,,,,,
2,,,9939,,,,,,,,,,,0.2667537331581116,,,,,,,,,,,,
2,,,9959,,,,,,,,,,,0.20171327888965607,,,,,,,,,,,,
2,,,9979,,,,,,,,,,,0.19356250762939453,,,,,,,,,,,,
2,,,9999,,,,,,,,,,,0.26151829957962036,,,,,,,,,,,,
2,,,10019,,,,,,,,,,,0.38695386052131653,,,,,,,,,,,,
2,,,10039,,,,,,,,,,,0.3633440434932709,,,,,,,,,,,,
2,,,10059,,,,,,,,,,,0.14470691978931427,,,,,,,,,,,,
2,,,10079,,,,,,,,,,,0.3347199857234955,,,,,,,,,,,,
2,,,10099,,,,,,,,,,,0.38515669107437134,,,,,,,,,,,,
2,,,10119,,,,,,,,,,,0.2228710949420929,,,,,,,,,,,,
2,,,10139,,,,,,,,,,,0.47307905554771423,,,,,,,,,,,,
2,,,10159,,,,,,,,,,,0.1741580367088318,,,,,,,,,,,,
2,,,10179,,,,,,,,,,,0.2773648202419281,,,,,,,,,,,,
2,,,10199,,,,,,,,,,,0.2292550504207611,,,,,,,,,,,,
2,,,10219,,,,,,,,,,,0.27832338213920593,,,,,,,,,,,,
2,,,10239,,,,,,,,,,,0.3463539779186249,,,,,,,,,,,,
2,,,10259,,,,,,,,,,,0.2377902865409851,,,,,,,,,,,,
2,,,10279,,,,,,,,,,,0.41617336869239807,,,,,,,,,,,,
2,,,10299,,,,,,,,,,,0.2773231267929077,,,,,,,,,,,,
2,,,10319,,,,,,,,,,,0.28102466464042664,,,,,,,,,,,,
2,,,10339,,,,,,,,,,,0.31269416213035583,,,,,,,,,,,,
2,,,10359,,,,,,,,,,,0.30572932958602905,,,,,,,,,,,,
2,,,10379,,,,,,,,,,,0.2976544499397278,,,,,,,,,,,,
2,,,10399,,,,,,,,,,,0.20471151173114777,,,,,,,,,,,,
2,,,10419,,,,,,,,,,,0.20558521151542664,,,,,,,,,,,,
2,,,10439,,,,,,,,,,,0.18446172773838043,,,,,,,,,,,,
2,,,10445,,,,,,,,,,,,0.6965168714523315,0.8916038274765015,0.6653046607971191,0.7944019436836243,0.6589459180831909,0.569291353225708,0.6817071437835693,0.6774972081184387,0.6910473704338074,0.7990988492965698,0.4681401550769806,0.6965168714523315
2,,,10445,,,,,,,,,0.810178279876709,0.32716867327690125,,,,,,,,,,,,,
,0.00015,0.00015,10446,,,,,,,,,,,,,,,,,,,,,,,
3,,,10459,,,,,,,,,,,0.25500282645225525,,,,,,,,,,,,
3,,,10479,,,,,,,,,,,0.36005884408950806,,,,,,,,,,,,
3,,,10499,,,,,,,,,,,0.2879438102245331,,,,,,,,,,,,
3,,,10519,,,,,,,,,,,0.33621615171432495,,,,,,,,,,,,
3,,,10539,,,,,,,,,,,0.3984379172325134,,,,,,,,,,,,
3,,,10559,,,,,,,,,,,0.40465646982192993,,,,,,,,,,,,
3,,,10579,,,,,,,,,,,0.2628422677516937,,,,,,,,,,,,
3,,,10599,,,,,,,,,,,0.10123981535434723,,,,,,,,,,,,
3,,,10619,,,,,,,,,,,0.33789217472076416,,,,,,,,,,,,
3,,,10639,,,,,,,,,,,0.44469258189201355,,,,,,,,,,,,
3,,,10659,,,,,,,,,,,0.32034122943878174,,,,,,,,,,,,
3,,,10679,,,,,,,,,,,0.175082728266716,,,,,,,,,,,,
3,,,10699,,,,,,,,,,,0.27279403805732727,,,,,,,,,,,,
3,,,10719,,,,,,,,,,,0.2968772053718567,,,,,,,,,,,,
3,,,10739,,,,,,,,,,,0.3776889145374298,,,,,,,,,,,,
3,,,10759,,,,,,,,,,,0.40581271052360535,,,,,,,,,,,,
3,,,10779,,,,,,,,,,,0.3122844696044922,,,,,,,,,,,,
3,,,10799,,,,,,,,,,,0.44792643189430237,,,,,,,,,,,,
3,,,10819,,,,,,,,,,,0.20547986030578613,,,,,,,,,,,,
3,,,10839,,,,,,,,,,,0.1811060756444931,,,,,,,,,,,,
3,,,10859,,,,,,,,,,,0.3379985988140106,,,,,,,,,,,,
3,,,10879,,,,,,,,,,,0.3709235191345215,,,,,,,,,,,,
3,,,10899,,,,,,,,,,,0.37852734327316284,,,,,,,,,,,,
3,,,10919,,,,,,,,,,,0.4159153997898102,,,,,,,,,,,,
3,,,10939,,,,,,,,,,,0.39338308572769165,,,,,,,,,,,,
3,,,10959,,,,,,,,,,,0.22730760276317596,,,,,,,,,,,,
3,,,10979,,,,,,,,,,,0.19860586524009705,,,,,,,,,,,,
3,,,10999,,,,,,,,,,,0.2523394227027893,,,,,,,,,,,,
3,,,11019,,,,,,,,,,,0.36107340455055237,,,,,,,,,,,,
3,,,11039,,,,,,,,,,,0.5108597874641418,,,,,,,,,,,,
3,,,11059,,,,,,,,,,,0.12492804229259491,,,,,,,,,,,,
3,,,11079,,,,,,,,,,,0.22731055319309235,,,,,,,,,,,,
3,,,11099,,,,,,,,,,,0.32967621088027954,,,,,,,,,,,,
3,,,11119,,,,,,,,,,,0.32075756788253784,,,,,,,,,,,,
3,,,11139,,,,,,,,,,,0.4716901183128357,,,,,,,,,,,,
3,,,11159,,,,,,,,,,,0.30107370018959045,,,,,,,,,,,,
3,,,11179,,,,,,,,,,,0.20493407547473907,,,,,,,,,,,,
3,,,11199,,,,,,,,,,,0.34824591875076294,,,,,,,,,,,,
3,,,11219,,,,,,,,,,,0.5155892372131348,,,,,,,,,,,,
3,,,11239,,,,,,,,,,,0.14322444796562195,,,,,,,,,,,,
3,,,11259,,,,,,,,,,,0.4413135349750519,,,,,,,,,,,,
3,,,11279,,,,,,,,,,,0.1772654801607132,,,,,,,,,,,,
3,,,11299,,,,,,,,,,,0.317269891500473,,,,,,,,,,,,
3,,,11319,,,,,,,,,,,0.14689195156097412,,,,,,,,,,,,
3,,,11339,,,,,,,,,,,0.4322974979877472,,,,,,,,,,,,
3,,,11359,,,,,,,,,,,0.3454728126525879,,,,,,,,,,,,
3,,,11379,,,,,,,,,,,0.5303323268890381,,,,,,,,,,,,
3,,,11399,,,,,,,,,,,0.09048151224851608,,,,,,,,,,,,
3,,,11419,,,,,,,,,,,0.1609608680009842,,,,,,,,,,,,
3,,,11439,,,,,,,,,,,0.30726680159568787,,,,,,,,,,,,
3,,,11459,,,,,,,,,,,0.13345414400100708,,,,,,,,,,,,
3,,,11479,,,,,,,,,,,0.17856049537658691,,,,,,,,,,,,
3,,,11499,,,,,,,,,,,0.3622145354747772,,,,,,,,,,,,
3,,,11519,,,,,,,,,,,0.3653070032596588,,,,,,,,,,,,
3,,,11539,,,,,,,,,,,0.13193561136722565,,,,,,,,,,,,
3,,,11559,,,,,,,,,,,0.1803816556930542,,,,,,,,,,,,
3,,,11579,,,,,,,,,,,0.23838818073272705,,,,,,,,,,,,
3,,,11599,,,,,,,,,,,0.2356853038072586,,,,,,,,,,,,
3,,,11619,,,,,,,,,,,0.6664508581161499,,,,,,,,,,,,
3,,,11639,,,,,,,,,,,0.327350914478302,,,,,,,,,,,,
3,,,11659,,,,,,,,,,,0.49714329838752747,,,,,,,,,,,,
3,,,11679,,,,,,,,,,,0.3345411717891693,,,,,,,,,,,,
3,,,11699,,,,,,,,,,,0.5009984970092773,,,,,,,,,,,,
3,,,11719,,,,,,,,,,,0.2523896098136902,,,,,,,,,,,,
3,,,11739,,,,,,,,,,,0.17230314016342163,,,,,,,,,,,,
3,,,11759,,,,,,,,,,,0.2470669001340866,,,,,,,,,,,,
3,,,11779,,,,,,,,,,,0.2714233696460724,,,,,,,,,,,,
3,,,11799,,,,,,,,,,,0.10257072001695633,,,,,,,,,,,,
3,,,11819,,,,,,,,,,,0.3183912932872772,,,,,,,,,,,,
3,,,11839,,,,,,,,,,,0.1412898302078247,,,,,,,,,,,,
3,,,11859,,,,,,,,,,,0.19650399684906006,,,,,,,,,,,,
3,,,11879,,,,,,,,,,,0.4520735442638397,,,,,,,,,,,,
3,,,11899,,,,,,,,,,,0.17260196805000305,,,,,,,,,,,,
3,,,11919,,,,,,,,,,,0.49474725127220154,,,,,,,,,,,,
3,,,11939,,,,,,,,,,,0.2643444836139679,,,,,,,,,,,,
3,,,11959,,,,,,,,,,,0.4573215842247009,,,,,,,,,,,,
3,,,11979,,,,,,,,,,,0.6603769063949585,,,,,,,,,,,,
3,,,11999,,,,,,,,,,,0.1557539403438568,,,,,,,,,,,,
3,,,12019,,,,,,,,,,,0.22678689658641815,,,,,,,,,,,,
3,,,12039,,,,,,,,,,,0.49918675422668457,,,,,,,,,,,,
3,,,12059,,,,,,,,,,,0.33857569098472595,,,,,,,,,,,,
3,,,12079,,,,,,,,,,,0.2891697585582733,,,,,,,,,,,,
3,,,12099,,,,,,,,,,,0.17148789763450623,,,,,,,,,,,,
3,,,12119,,,,,,,,,,,0.38477063179016113,,,,,,,,,,,,
3,,,12139,,,,,,,,,,,0.20722909271717072,,,,,,,,,,,,
3,,,12159,,,,,,,,,,,0.14497920870780945,,,,,,,,,,,,
3,,,12179,,,,,,,,,,,0.2241419106721878,,,,,,,,,,,,
3,,,12199,,,,,,,,,,,0.18272241950035095,,,,,,,,,,,,
3,,,12219,,,,,,,,,,,0.1942521333694458,,,,,,,,,,,,
3,,,12239,,,,,,,,,,,0.2695581614971161,,,,,,,,,,,,
3,,,12259,,,,,,,,,,,0.20132778584957123,,,,,,,,,,,,
3,,,12279,,,,,,,,,,,0.15644951164722443,,,,,,,,,,,,
3,,,12299,,,,,,,,,,,0.3209175765514374,,,,,,,,,,,,
3,,,12319,,,,,,,,,,,0.26839080452919006,,,,,,,,,,,,
3,,,12339,,,,,,,,,,,0.24341681599617004,,,,,,,,,,,,
3,,,12359,,,,,,,,,,,0.2568702697753906,,,,,,,,,,,,
3,,,12379,,,,,,,,,,,0.19374752044677734,,,,,,,,,,,,
3,,,12399,,,,,,,,,,,0.33688992261886597,,,,,,,,,,,,
3,,,12419,,,,,,,,,,,0.283047080039978,,,,,,,,,,,,
3,,,12439,,,,,,,,,,,0.22482550144195557,,,,,,,,,,,,
3,,,12459,,,,,,,,,,,0.2594449520111084,,,,,,,,,,,,
3,,,12479,,,,,,,,,,,0.199518620967865,,,,,,,,,,,,
3,,,12499,,,,,,,,,,,0.5819374322891235,,,,,,,,,,,,
3,,,12519,,,,,,,,,,,0.2988455891609192,,,,,,,,,,,,
3,,,12539,,,,,,,,,,,0.30310937762260437,,,,,,,,,,,,
3,,,12559,,,,,,,,,,,0.17862872779369354,,,,,,,,,,,,
3,,,12579,,,,,,,,,,,0.32722705602645874,,,,,,,,,,,,
3,,,12599,,,,,,,,,,,0.3523164391517639,,,,,,,,,,,,
3,,,12619,,,,,,,,,,,0.3673848807811737,,,,,,,,,,,,
3,,,12639,,,,,,,,,,,0.3194577395915985,,,,,,,,,,,,
3,,,12659,,,,,,,,,,,0.12334159016609192,,,,,,,,,,,,
3,,,12679,,,,,,,,,,,0.30368390679359436,,,,,,,,,,,,
3,,,12699,,,,,,,,,,,0.2432403564453125,,,,,,,,,,,,
3,,,12719,,,,,,,,,,,0.3681333661079407,,,,,,,,,,,,
3,,,12739,,,,,,,,,,,0.18714562058448792,,,,,,,,,,,,
3,,,12759,,,,,,,,,,,0.45943382382392883,,,,,,,,,,,,
3,,,12779,,,,,,,,,,,0.33120647072792053,,,,,,,,,,,,
3,,,12799,,,,,,,,,,,0.11700446158647537,,,,,,,,,,,,
3,,,12819,,,,,,,,,,,0.5956872701644897,,,,,,,,,,,,
3,,,12839,,,,,,,,,,,0.33603590726852417,,,,,,,,,,,,
3,,,12859,,,,,,,,,,,0.19691500067710876,,,,,,,,,,,,
3,,,12879,,,,,,,,,,,0.40169811248779297,,,,,,,,,,,,
3,,,12899,,,,,,,,,,,0.22498305141925812,,,,,,,,,,,,
3,,,12919,,,,,,,,,,,0.2408743053674698,,,,,,,,,,,,
3,,,12939,,,,,,,,,,,0.5144684910774231,,,,,,,,,,,,
3,,,12959,,,,,,,,,,,0.274044930934906,,,,,,,,,,,,
3,,,12979,,,,,,,,,,,0.1810942143201828,,,,,,,,,,,,
3,,,12999,,,,,,,,,,,0.3754238188266754,,,,,,,,,,,,
3,,,13019,,,,,,,,,,,0.16362443566322327,,,,,,,,,,,,
3,,,13039,,,,,,,,,,,0.3769379258155823,,,,,,,,,,,,
3,,,13059,,,,,,,,,,,0.18000516295433044,,,,,,,,,,,,
3,,,13079,,,,,,,,,,,0.3120575547218323,,,,,,,,,,,,
3,,,13099,,,,,,,,,,,0.3916057348251343,,,,,,,,,,,,
3,,,13119,,,,,,,,,,,0.3826078176498413,,,,,,,,,,,,
3,,,13139,,,,,,,,,,,0.21979163587093353,,,,,,,,,,,,
3,,,13159,,,,,,,,,,,0.38751220703125,,,,,,,,,,,,
3,,,13179,,,,,,,,,,,0.12884390354156494,,,,,,,,,,,,
3,,,13199,,,,,,,,,,,0.21501655876636505,,,,,,,,,,,,
3,,,13219,,,,,,,,,,,0.2870293855667114,,,,,,,,,,,,
3,,,13239,,,,,,,,,,,0.20815755426883698,,,,,,,,,,,,
3,,,13259,,,,,,,,,,,0.3227238357067108,,,,,,,,,,,,
3,,,13279,,,,,,,,,,,0.3601754903793335,,,,,,,,,,,,
3,,,13299,,,,,,,,,,,0.22779196500778198,,,,,,,,,,,,
3,,,13319,,,,,,,,,,,0.18983802199363708,,,,,,,,,,,,
3,,,13339,,,,,,,,,,,0.3049115836620331,,,,,,,,,,,,
3,,,13359,,,,,,,,,,,0.2930378317832947,,,,,,,,,,,,
3,,,13379,,,,,,,,,,,0.27539652585983276,,,,,,,,,,,,
3,,,13399,,,,,,,,,,,0.2036399394273758,,,,,,,,,,,,
3,,,13419,,,,,,,,,,,0.27766260504722595,,,,,,,,,,,,
3,,,13439,,,,,,,,,,,0.31866228580474854,,,,,,,,,,,,
3,,,13459,,,,,,,,,,,0.7562323808670044,,,,,,,,,,,,
3,,,13479,,,,,,,,,,,0.3266071081161499,,,,,,,,,,,,
3,,,13499,,,,,,,,,,,0.23495805263519287,,,,,,,,,,,,
3,,,13519,,,,,,,,,,,0.35328957438468933,,,,,,,,,,,,
3,,,13539,,,,,,,,,,,0.07193416357040405,,,,,,,,,,,,
3,,,13559,,,,,,,,,,,0.3002452552318573,,,,,,,,,,,,
3,,,13579,,,,,,,,,,,0.40513935685157776,,,,,,,,,,,,
3,,,13599,,,,,,,,,,,0.3068331778049469,,,,,,,,,,,,
3,,,13619,,,,,,,,,,,0.3401578366756439,,,,,,,,,,,,
3,,,13639,,,,,,,,,,,0.17633987963199615,,,,,,,,,,,,
3,,,13659,,,,,,,,,,,0.39259669184684753,,,,,,,,,,,,
3,,,13679,,,,,,,,,,,0.2014864981174469,,,,,,,,,,,,
3,,,13699,,,,,,,,,,,0.18619461357593536,,,,,,,,,,,,
3,,,13719,,,,,,,,,,,0.1854381412267685,,,,,,,,,,,,
3,,,13739,,,,,,,,,,,0.17269203066825867,,,,,,,,,,,,
3,,,13759,,,,,,,,,,,0.13203483819961548,,,,,,,,,,,,
3,,,13779,,,,,,,,,,,0.33318328857421875,,,,,,,,,,,,
3,,,13799,,,,,,,,,,,0.21589314937591553,,,,,,,,,,,,
3,,,13819,,,,,,,,,,,0.1676495224237442,,,,,,,,,,,,
3,,,13839,,,,,,,,,,,0.3977607190608978,,,,,,,,,,,,
3,,,13859,,,,,,,,,,,0.2622252106666565,,,,,,,,,,,,
3,,,13879,,,,,,,,,,,0.3821236193180084,,,,,,,,,,,,
3,,,13899,,,,,,,,,,,0.4718112051486969,,,,,,,,,,,,
3,,,13919,,,,,,,,,,,0.3146941363811493,,,,,,,,,,,,
3,,,13927,,,,,,,,,,,,0.6207735538482666,0.8808783888816833,0.6277728080749512,1.1556048393249512,0.6665200591087341,0.527385413646698,0.6497280597686768,0.4900874197483063,0.7471317052841187,0.8256945610046387,0.6031665205955505,0.6207735538482666
3,,,13927,,,,,,,,,0.8350982666015625,0.28201863169670105,,,,,,,,,,,,,
,0.00018749999999999998,0.00018749999999999998,13928,,,,,,,,,,,,,,,,,,,,,,,
4,,,13939,,,,,,,,,,,0.22137457132339478,,,,,,,,,,,,
4,,,13959,,,,,,,,,,,0.332705557346344,,,,,,,,,,,,
4,,,13979,,,,,,,,,,,0.16667622327804565,,,,,,,,,,,,
4,,,13999,,,,,,,,,,,0.1538933962583542,,,,,,,,,,,,
4,,,14019,,,,,,,,,,,0.3256897032260895,,,,,,,,,,,,
4,,,14039,,,,,,,,,,,0.33517616987228394,,,,,,,,,,,,
4,,,14059,,,,,,,,,,,0.23367132246494293,,,,,,,,,,,,
4,,,14079,,,,,,,,,,,0.2665856182575226,,,,,,,,,,,,
4,,,14099,,,,,,,,,,,0.3637552261352539,,,,,,,,,,,,
4,,,14119,,,,,,,,,,,0.18938115239143372,,,,,,,,,,,,
4,,,14139,,,,,,,,,,,0.22911480069160461,,,,,,,,,,,,
4,,,14159,,,,,,,,,,,0.11550373584032059,,,,,,,,,,,,
4,,,14179,,,,,,,,,,,0.07550892233848572,,,,,,,,,,,,
4,,,14199,,,,,,,,,,,0.09965507686138153,,,,,,,,,,,,
4,,,14219,,,,,,,,,,,0.4055699408054352,,,,,,,,,,,,
4,,,14239,,,,,,,,,,,0.1620320975780487,,,,,,,,,,,,
4,,,14259,,,,,,,,,,,0.18503588438034058,,,,,,,,,,,,
4,,,14279,,,,,,,,,,,0.27630576491355896,,,,,,,,,,,,
4,,,14299,,,,,,,,,,,0.4004216194152832,,,,,,,,,,,,
4,,,14319,,,,,,,,,,,0.3640396296977997,,,,,,,,,,,,
4,,,14339,,,,,,,,,,,0.27028822898864746,,,,,,,,,,,,
4,,,14359,,,,,,,,,,,0.23486442863941193,,,,,,,,,,,,
4,,,14379,,,,,,,,,,,0.3494971990585327,,,,,,,,,,,,
4,,,14399,,,,,,,,,,,0.39322373270988464,,,,,,,,,,,,
4,,,14419,,,,,,,,,,,0.3897245526313782,,,,,,,,,,,,
4,,,14439,,,,,,,,,,,0.21555712819099426,,,,,,,,,,,,
4,,,14459,,,,,,,,,,,0.2602847218513489,,,,,,,,,,,,
4,,,14479,,,,,,,,,,,0.2060306966304779,,,,,,,,,,,,
4,,,14499,,,,,,,,,,,0.36612898111343384,,,,,,,,,,,,
4,,,14519,,,,,,,,,,,0.142219677567482,,,,,,,,,,,,
4,,,14539,,,,,,,,,,,0.31775033473968506,,,,,,,,,,,,
4,,,14559,,,,,,,,,,,0.2062026858329773,,,,,,,,,,,,
4,,,14579,,,,,,,,,,,0.1770809143781662,,,,,,,,,,,,
4,,,14599,,,,,,,,,,,0.4126091003417969,,,,,,,,,,,,
4,,,14619,,,,,,,,,,,0.31172284483909607,,,,,,,,,,,,
4,,,14639,,,,,,,,,,,0.24625244736671448,,,,,,,,,,,,
4,,,14659,,,,,,,,,,,0.23628057539463043,,,,,,,,,,,,
4,,,14679,,,,,,,,,,,0.3210240602493286,,,,,,,,,,,,
4,,,14699,,,,,,,,,,,0.2178213894367218,,,,,,,,,,,,
4,,,14719,,,,,,,,,,,0.35769525170326233,,,,,,,,,,,,
4,,,14739,,,,,,,,,,,0.11148001253604889,,,,,,,,,,,,
4,,,14759,,,,,,,,,,,0.3242131769657135,,,,,,,,,,,,
4,,,14779,,,,,,,,,,,0.20009048283100128,,,,,,,,,,,,
4,,,14799,,,,,,,,,,,0.20230068266391754,,,,,,,,,,,,
4,,,14819,,,,,,,,,,,0.5768149495124817,,,,,,,,,,,,
4,,,14839,,,,,,,,,,,0.20524995028972626,,,,,,,,,,,,
4,,,14859,,,,,,,,,,,0.29336798191070557,,,,,,,,,,,,
4,,,14879,,,,,,,,,,,0.4016754627227783,,,,,,,,,,,,
4,,,14899,,,,,,,,,,,0.18018195033073425,,,,,,,,,,,,
4,,,14919,,,,,,,,,,,0.2414313554763794,,,,,,,,,,,,
4,,,14939,,,,,,,,,,,0.27846911549568176,,,,,,,,,,,,
4,,,14959,,,,,,,,,,,0.16489331424236298,,,,,,,,,,,,
4,,,14979,,,,,,,,,,,0.6549504995346069,,,,,,,,,,,,
4,,,14999,,,,,,,,,,,0.30557945370674133,,,,,,,,,,,,
4,,,15019,,,,,,,,,,,0.17582698166370392,,,,,,,,,,,,
4,,,15039,,,,,,,,,,,0.3450912833213806,,,,,,,,,,,,
4,,,15059,,,,,,,,,,,0.2562059760093689,,,,,,,,,,,,
4,,,15079,,,,,,,,,,,0.22589334845542908,,,,,,,,,,,,
4,,,15099,,,,,,,,,,,0.26683133840560913,,,,,,,,,,,,
4,,,15119,,,,,,,,,,,0.46083855628967285,,,,,,,,,,,,
4,,,15139,,,,,,,,,,,0.1361130028963089,,,,,,,,,,,,
4,,,15159,,,,,,,,,,,0.2710348963737488,,,,,,,,,,,,
4,,,15179,,,,,,,,,,,0.14064238965511322,,,,,,,,,,,,
4,,,15199,,,,,,,,,,,0.10356254875659943,,,,,,,,,,,,
4,,,15219,,,,,,,,,,,0.23634643852710724,,,,,,,,,,,,
4,,,15239,,,,,,,,,,,0.1601729542016983,,,,,,,,,,,,
4,,,15259,,,,,,,,,,,0.1969040185213089,,,,,,,,,,,,
4,,,15279,,,,,,,,,,,0.1754589080810547,,,,,,,,,,,,
4,,,15299,,,,,,,,,,,0.2556232810020447,,,,,,,,,,,,
4,,,15319,,,,,,,,,,,0.10622544586658478,,,,,,,,,,,,
4,,,15339,,,,,,,,,,,0.18011847138404846,,,,,,,,,,,,
4,,,15359,,,,,,,,,,,0.17503154277801514,,,,,,,,,,,,
4,,,15379,,,,,,,,,,,0.13367247581481934,,,,,,,,,,,,
4,,,15399,,,,,,,,,,,0.13022485375404358,,,,,,,,,,,,
4,,,15419,,,,,,,,,,,0.46798646450042725,,,,,,,,,,,,
4,,,15439,,,,,,,,,,,0.34430453181266785,,,,,,,,,,,,
4,,,15459,,,,,,,,,,,0.31371670961380005,,,,,,,,,,,,
4,,,15479,,,,,,,,,,,0.15454639494419098,,,,,,,,,,,,
4,,,15499,,,,,,,,,,,0.4138203263282776,,,,,,,,,,,,
4,,,15519,,,,,,,,,,,0.11098633706569672,,,,,,,,,,,,
4,,,15539,,,,,,,,,,,0.135541632771492,,,,,,,,,,,,
4,,,15559,,,,,,,,,,,0.15515035390853882,,,,,,,,,,,,
4,,,15579,,,,,,,,,,,0.22940130531787872,,,,,,,,,,,,
4,,,15599,,,,,,,,,,,0.14113843441009521,,,,,,,,,,,,
4,,,15619,,,,,,,,,,,0.24096620082855225,,,,,,,,,,,,
4,,,15639,,,,,,,,,,,0.23574677109718323,,,,,,,,,,,,
4,,,15659,,,,,,,,,,,0.25016167759895325,,,,,,,,,,,,
4,,,15679,,,,,,,,,,,0.18301230669021606,,,,,,,,,,,,
4,,,15699,,,,,,,,,,,0.3672061562538147,,,,,,,,,,,,
4,,,15719,,,,,,,,,,,0.5269489884376526,,,,,,,,,,,,
4,,,15739,,,,,,,,,,,0.192441925406456,,,,,,,,,,,,
4,,,15759,,,,,,,,,,,0.23469415307044983,,,,,,,,,,,,
4,,,15779,,,,,,,,,,,0.1408146172761917,,,,,,,,,,,,
4,,,15799,,,,,,,,,,,0.15994766354560852,,,,,,,,,,,,
4,,,15819,,,,,,,,,,,0.2949009835720062,,,,,,,,,,,,
4,,,15839,,,,,,,,,,,0.293036550283432,,,,,,,,,,,,
4,,,15859,,,,,,,,,,,0.14197979867458344,,,,,,,,,,,,
4,,,15879,,,,,,,,,,,0.0979638397693634,,,,,,,,,,,,
4,,,15899,,,,,,,,,,,0.15957482159137726,,,,,,,,,,,,
4,,,15919,,,,,,,,,,,0.22676561772823334,,,,,,,,,,,,
4,,,15939,,,,,,,,,,,0.2411462515592575,,,,,,,,,,,,
4,,,15959,,,,,,,,,,,0.16990035772323608,,,,,,,,,,,,
4,,,15979,,,,,,,,,,,0.35987478494644165,,,,,,,,,,,,
4,,,15999,,,,,,,,,,,0.2384386956691742,,,,,,,,,,,,
4,,,16019,,,,,,,,,,,0.3827706575393677,,,,,,,,,,,,
4,,,16039,,,,,,,,,,,0.1323043406009674,,,,,,,,,,,,
4,,,16059,,,,,,,,,,,0.23582623898983002,,,,,,,,,,,,
4,,,16079,,,,,,,,,,,0.15784898400306702,,,,,,,,,,,,
4,,,16099,,,,,,,,,,,0.25241729617118835,,,,,,,,,,,,
4,,,16119,,,,,,,,,,,0.21883615851402283,,,,,,,,,,,,
4,,,16139,,,,,,,,,,,0.25913915038108826,,,,,,,,,,,,
4,,,16159,,,,,,,,,,,0.2083902806043625,,,,,,,,,,,,
4,,,16179,,,,,,,,,,,0.12915821373462677,,,,,,,,,,,,
4,,,16199,,,,,,,,,,,0.18159352242946625,,,,,,,,,,,,
4,,,16219,,,,,,,,,,,0.15126825869083405,,,,,,,,,,,,
4,,,16239,,,,,,,,,,,0.13203422725200653,,,,,,,,,,,,
4,,,16259,,,,,,,,,,,0.10957349836826324,,,,,,,,,,,,
4,,,16279,,,,,,,,,,,0.31260016560554504,,,,,,,,,,,,
4,,,16299,,,,,,,,,,,0.3117167353630066,,,,,,,,,,,,
4,,,16319,,,,,,,,,,,0.40588393807411194,,,,,,,,,,,,
4,,,16339,,,,,,,,,,,0.27181607484817505,,,,,,,,,,,,
4,,,16359,,,,,,,,,,,0.17449437081813812,,,,,,,,,,,,
4,,,16379,,,,,,,,,,,0.12744943797588348,,,,,,,,,,,,
4,,,16399,,,,,,,,,,,0.10517042130231857,,,,,,,,,,,,
4,,,16419,,,,,,,,,,,0.16227085888385773,,,,,,,,,,,,
4,,,16439,,,,,,,,,,,0.23685313761234283,,,,,,,,,,,,
4,,,16459,,,,,,,,,,,0.1662004441022873,,,,,,,,,,,,
4,,,16479,,,,,,,,,,,0.2619873583316803,,,,,,,,,,,,
4,,,16499,,,,,,,,,,,0.2885800302028656,,,,,,,,,,,,
4,,,16519,,,,,,,,,,,0.3369368016719818,,,,,,,,,,,,
4,,,16539,,,,,,,,,,,0.20547319948673248,,,,,,,,,,,,
4,,,16559,,,,,,,,,,,0.14070776104927063,,,,,,,,,,,,
4,,,16579,,,,,,,,,,,0.16565664112567902,,,,,,,,,,,,
4,,,16599,,,,,,,,,,,0.16142109036445618,,,,,,,,,,,,
4,,,16619,,,,,,,,,,,0.3138289153575897,,,,,,,,,,,,
4,,,16639,,,,,,,,,,,0.3238426148891449,,,,,,,,,,,,
4,,,16659,,,,,,,,,,,0.17936384677886963,,,,,,,,,,,,
4,,,16679,,,,,,,,,,,0.2704678475856781,,,,,,,,,,,,
4,,,16699,,,,,,,,,,,0.25383374094963074,,,,,,,,,,,,
4,,,16719,,,,,,,,,,,0.2063719779253006,,,,,,,,,,,,
4,,,16739,,,,,,,,,,,0.0794077068567276,,,,,,,,,,,,
4,,,16759,,,,,,,,,,,0.13741672039031982,,,,,,,,,,,,
4,,,16779,,,,,,,,,,,0.2626195251941681,,,,,,,,,,,,
4,,,16799,,,,,,,,,,,0.18668705224990845,,,,,,,,,,,,
4,,,16819,,,,,,,,,,,0.08011192083358765,,,,,,,,,,,,
4,,,16839,,,,,,,,,,,0.181551992893219,,,,,,,,,,,,
4,,,16859,,,,,,,,,,,0.2887726128101349,,,,,,,,,,,,
4,,,16879,,,,,,,,,,,0.2543489634990692,,,,,,,,,,,,
4,,,16899,,,,,,,,,,,0.25926387310028076,,,,,,,,,,,,
4,,,16919,,,,,,,,,,,0.2270868718624115,,,,,,,,,,,,
4,,,16939,,,,,,,,,,,0.3402392566204071,,,,,,,,,,,,
4,,,16959,,,,,,,,,,,0.29447850584983826,,,,,,,,,,,,
4,,,16979,,,,,,,,,,,0.2537590563297272,,,,,,,,,,,,
4,,,16999,,,,,,,,,,,0.24876926839351654,,,,,,,,,,,,
4,,,17019,,,,,,,,,,,0.14822085201740265,,,,,,,,,,,,
4,,,17039,,,,,,,,,,,0.17441247403621674,,,,,,,,,,,,
4,,,17059,,,,,,,,,,,0.14863374829292297,,,,,,,,,,,,
4,,,17079,,,,,,,,,,,0.1956484615802765,,,,,,,,,,,,
4,,,17099,,,,,,,,,,,0.31901875138282776,,,,,,,,,,,,
4,,,17119,,,,,,,,,,,0.10017372667789459,,,,,,,,,,,,
4,,,17139,,,,,,,,,,,0.3716070353984833,,,,,,,,,,,,
4,,,17159,,,,,,,,,,,0.15178631246089935,,,,,,,,,,,,
4,,,17179,,,,,,,,,,,0.254179447889328,,,,,,,,,,,,
4,,,17199,,,,,,,,,,,0.12418598681688309,,,,,,,,,,,,
4,,,17219,,,,,,,,,,,0.3148546516895294,,,,,,,,,,,,
4,,,17239,,,,,,,,,,,0.5118975043296814,,,,,,,,,,,,
4,,,17259,,,,,,,,,,,0.24726468324661255,,,,,,,,,,,,
4,,,17279,,,,,,,,,,,0.22640381753444672,,,,,,,,,,,,
4,,,17299,,,,,,,,,,,0.15302950143814087,,,,,,,,,,,,
4,,,17319,,,,,,,,,,,0.11390890181064606,,,,,,,,,,,,
4,,,17339,,,,,,,,,,,0.21179160475730896,,,,,,,,,,,,
4,,,17359,,,,,,,,,,,0.11226119101047516,,,,,,,,,,,,
4,,,17379,,,,,,,,,,,0.12555302679538727,,,,,,,,,,,,
4,,,17399,,,,,,,,,,,0.14306879043579102,,,,,,,,,,,,
4,,,17409,,,,,,,,,,,,0.7050042152404785,0.9060655832290649,0.6726504564285278,0.8998404741287231,0.6928030252456665,0.6077796220779419,0.7052924036979675,0.7709022164344788,0.8348353505134583,0.7416606545448303,0.4238138198852539,0.7050042152404785
4,,,17409,,,,,,,,,0.8515969514846802,0.2530491352081299,,,,,,,,,,,,,
,0.000225,0.000225,17410,,,,,,,,,,,,,,,,,,,,,,,
5,,,17419,,,,,,,,,,,0.21686223149299622,,,,,,,,,,,,
5,,,17439,,,,,,,,,,,0.18857192993164062,,,,,,,,,,,,
5,,,17459,,,,,,,,,,,0.16671231389045715,,,,,,,,,,,,
5,,,17479,,,,,,,,,,,0.2806742787361145,,,,,,,,,,,,
5,,,17499,,,,,,,,,,,0.5755014419555664,,,,,,,,,,,,
5,,,17519,,,,,,,,,,,0.20955859124660492,,,,,,,,,,,,
5,,,17539,,,,,,,,,,,0.26771125197410583,,,,,,,,,,,,
5,,,17559,,,,,,,,,,,0.307157427072525,,,,,,,,,,,,
5,,,17579,,,,,,,,,,,0.12849369645118713,,,,,,,,,,,,
5,,,17599,,,,,,,,,,,0.2868262529373169,,,,,,,,,,,,
5,,,17619,,,,,,,,,,,0.2088620364665985,,,,,,,,,,,,
5,,,17639,,,,,,,,,,,0.34497568011283875,,,,,,,,,,,,
5,,,17659,,,,,,,,,,,0.1559215933084488,,,,,,,,,,,,
5,,,17679,,,,,,,,,,,0.2855115234851837,,,,,,,,,,,,
5,,,17699,,,,,,,,,,,0.3516925871372223,,,,,,,,,,,,
5,,,17719,,,,,,,,,,,0.06479806452989578,,,,,,,,,,,,
5,,,17739,,,,,,,,,,,0.21239152550697327,,,,,,,,,,,,
5,,,17759,,,,,,,,,,,0.3425961434841156,,,,,,,,,,,,
5,,,17779,,,,,,,,,,,0.13196519017219543,,,,,,,,,,,,
5,,,17799,,,,,,,,,,,0.0882609635591507,,,,,,,,,,,,
5,,,17819,,,,,,,,,,,0.25551044940948486,,,,,,,,,,,,
5,,,17839,,,,,,,,,,,0.32489463686943054,,,,,,,,,,,,
5,,,17859,,,,,,,,,,,0.20959270000457764,,,,,,,,,,,,
5,,,17879,,,,,,,,,,,0.1589517444372177,,,,,,,,,,,,
5,,,17899,,,,,,,,,,,0.12376763671636581,,,,,,,,,,,,
5,,,17919,,,,,,,,,,,0.11734455823898315,,,,,,,,,,,,
5,,,17939,,,,,,,,,,,0.22965620458126068,,,,,,,,,,,,
5,,,17959,,,,,,,,,,,0.273235559463501,,,,,,,,,,,,
5,,,17979,,,,,,,,,,,0.42277172207832336,,,,,,,,,,,,
5,,,17999,,,,,,,,,,,0.2601017951965332,,,,,,,,,,,,
5,,,18019,,,,,,,,,,,0.17744174599647522,,,,,,,,,,,,
5,,,18039,,,,,,,,,,,0.18295574188232422,,,,,,,,,,,,
5,,,18059,,,,,,,,,,,0.37298962473869324,,,,,,,,,,,,
5,,,18079,,,,,,,,,,,0.36241358518600464,,,,,,,,,,,,
5,,,18099,,,,,,,,,,,0.1918836236000061,,,,,,,,,,,,
5,,,18119,,,,,,,,,,,0.2654019296169281,,,,,,,,,,,,
5,,,18139,,,,,,,,,,,0.07772877812385559,,,,,,,,,,,,
5,,,18159,,,,,,,,,,,0.24008269608020782,,,,,,,,,,,,
5,,,18179,,,,,,,,,,,0.2759353816509247,,,,,,,,,,,,
5,,,18199,,,,,,,,,,,0.1392289102077484,,,,,,,,,,,,
5,,,18219,,,,,,,,,,,0.12360311299562454,,,,,,,,,,,,
5,,,18239,,,,,,,,,,,0.2396295815706253,,,,,,,,,,,,
5,,,18259,,,,,,,,,,,0.21023190021514893,,,,,,,,,,,,
5,,,18279,,,,,,,,,,,0.2883200943470001,,,,,,,,,,,,
5,,,18299,,,,,,,,,,,0.35101401805877686,,,,,,,,,,,,
5,,,18319,,,,,,,,,,,0.07143640518188477,,,,,,,,,,,,
5,,,18339,,,,,,,,,,,0.09120485931634903,,,,,,,,,,,,
5,,,18359,,,,,,,,,,,0.34532156586647034,,,,,,,,,,,,
5,,,18379,,,,,,,,,,,0.3268881142139435,,,,,,,,,,,,
5,,,18399,,,,,,,,,,,0.3386746644973755,,,,,,,,,,,,
5,,,18419,,,,,,,,,,,0.09215911477804184,,,,,,,,,,,,
5,,,18439,,,,,,,,,,,0.09408574551343918,,,,,,,,,,,,
5,,,18459,,,,,,,,,,,0.3999665677547455,,,,,,,,,,,,
5,,,18479,,,,,,,,,,,0.13283716142177582,,,,,,,,,,,,
5,,,18499,,,,,,,,,,,0.1972934901714325,,,,,,,,,,,,
5,,,18519,,,,,,,,,,,0.14248394966125488,,,,,,,,,,,,
5,,,18539,,,,,,,,,,,0.067594975233078,,,,,,,,,,,,
5,,,18559,,,,,,,,,,,0.24543406069278717,,,,,,,,,,,,
5,,,18579,,,,,,,,,,,0.1535675972700119,,,,,,,,,,,,
5,,,18599,,,,,,,,,,,0.15157300233840942,,,,,,,,,,,,
5,,,18619,,,,,,,,,,,0.25657886266708374,,,,,,,,,,,,
5,,,18639,,,,,,,,,,,0.2751041650772095,,,,,,,,,,,,
5,,,18659,,,,,,,,,,,0.1410367488861084,,,,,,,,,,,,
5,,,18679,,,,,,,,,,,0.26595452427864075,,,,,,,,,,,,
5,,,18699,,,,,,,,,,,0.13759839534759521,,,,,,,,,,,,
5,,,18719,,,,,,,,,,,0.12252967804670334,,,,,,,,,,,,
5,,,18739,,,,,,,,,,,0.20499105751514435,,,,,,,,,,,,
5,,,18759,,,,,,,,,,,0.23133814334869385,,,,,,,,,,,,
5,,,18779,,,,,,,,,,,0.1384473592042923,,,,,,,,,,,,
5,,,18799,,,,,,,,,,,0.187457874417305,,,,,,,,,,,,
5,,,18819,,,,,,,,,,,0.13000832498073578,,,,,,,,,,,,
5,,,18839,,,,,,,,,,,0.1865898072719574,,,,,,,,,,,,
5,,,18859,,,,,,,,,,,0.19089865684509277,,,,,,,,,,,,
5,,,18879,,,,,,,,,,,0.2191275656223297,,,,,,,,,,,,
5,,,18899,,,,,,,,,,,0.12822897732257843,,,,,,,,,,,,
5,,,18919,,,,,,,,,,,0.12290063500404358,,,,,,,,,,,,
5,,,18939,,,,,,,,,,,0.2751985788345337,,,,,,,,,,,,
5,,,18959,,,,,,,,,,,0.3034597933292389,,,,,,,,,,,,
5,,,18979,,,,,,,,,,,0.2387383133172989,,,,,,,,,,,,
5,,,18999,,,,,,,,,,,0.26512160897254944,,,,,,,,,,,,
5,,,19019,,,,,,,,,,,0.3118443787097931,,,,,,,,,,,,
5,,,19039,,,,,,,,,,,0.2356293797492981,,,,,,,,,,,,
5,,,19059,,,,,,,,,,,0.17050451040267944,,,,,,,,,,,,
5,,,19079,,,,,,,,,,,0.10961632430553436,,,,,,,,,,,,
5,,,19099,,,,,,,,,,,0.22778251767158508,,,,,,,,,,,,
5,,,19119,,,,,,,,,,,0.16552120447158813,,,,,,,,,,,,
5,,,19139,,,,,,,,,,,0.20602892339229584,,,,,,,,,,,,
5,,,19159,,,,,,,,,,,0.1413186639547348,,,,,,,,,,,,
5,,,19179,,,,,,,,,,,0.28450432419776917,,,,,,,,,,,,
5,,,19199,,,,,,,,,,,0.17856335639953613,,,,,,,,,,,,
5,,,19219,,,,,,,,,,,0.05670282989740372,,,,,,,,,,,,
5,,,19239,,,,,,,,,,,0.22645698487758636,,,,,,,,,,,,
5,,,19259,,,,,,,,,,,0.20990945398807526,,,,,,,,,,,,
5,,,19279,,,,,,,,,,,0.45242926478385925,,,,,,,,,,,,
5,,,19299,,,,,,,,,,,0.36606499552726746,,,,,,,,,,,,
5,,,19319,,,,,,,,,,,0.3463197946548462,,,,,,,,,,,,
5,,,19339,,,,,,,,,,,0.2487131804227829,,,,,,,,,,,,
5,,,19359,,,,,,,,,,,0.1833428144454956,,,,,,,,,,,,
5,,,19379,,,,,,,,,,,0.10627039521932602,,,,,,,,,,,,
5,,,19399,,,,,,,,,,,0.16463243961334229,,,,,,,,,,,,
5,,,19419,,,,,,,,,,,0.3439193367958069,,,,,,,,,,,,
5,,,19439,,,,,,,,,,,0.20735475420951843,,,,,,,,,,,,
5,,,19459,,,,,,,,,,,0.15472327172756195,,,,,,,,,,,,
5,,,19479,,,,,,,,,,,0.17473618686199188,,,,,,,,,,,,
5,,,19499,,,,,,,,,,,0.24311098456382751,,,,,,,,,,,,
5,,,19519,,,,,,,,,,,0.1378970891237259,,,,,,,,,,,,
5,,,19539,,,,,,,,,,,0.12950445711612701,,,,,,,,,,,,
5,,,19559,,,,,,,,,,,0.3246612548828125,,,,,,,,,,,,
5,,,19579,,,,,,,,,,,0.29784631729125977,,,,,,,,,,,,
5,,,19599,,,,,,,,,,,0.3636845052242279,,,,,,,,,,,,
5,,,19619,,,,,,,,,,,0.1739632934331894,,,,,,,,,,,,
5,,,19639,,,,,,,,,,,0.18779414892196655,,,,,,,,,,,,
5,,,19659,,,,,,,,,,,0.3056621551513672,,,,,,,,,,,,
5,,,19679,,,,,,,,,,,0.43397629261016846,,,,,,,,,,,,
5,,,19699,,,,,,,,,,,0.14619523286819458,,,,,,,,,,,,
5,,,19719,,,,,,,,,,,0.24136728048324585,,,,,,,,,,,,
5,,,19739,,,,,,,,,,,0.18939109146595,,,,,,,,,,,,
5,,,19759,,,,,,,,,,,0.39996567368507385,,,,,,,,,,,,
5,,,19779,,,,,,,,,,,0.6719452142715454,,,,,,,,,,,,
5,,,19799,,,,,,,,,,,0.18502148985862732,,,,,,,,,,,,
5,,,19819,,,,,,,,,,,0.3543776869773865,,,,,,,,,,,,
5,,,19839,,,,,,,,,,,0.29333674907684326,,,,,,,,,,,,
5,,,19859,,,,,,,,,,,0.1654462367296219,,,,,,,,,,,,
5,,,19879,,,,,,,,,,,0.23214773833751678,,,,,,,,,,,,
5,,,19899,,,,,,,,,,,0.27528515458106995,,,,,,,,,,,,
5,,,19919,,,,,,,,,,,0.13361601531505585,,,,,,,,,,,,
5,,,19939,,,,,,,,,,,0.22780871391296387,,,,,,,,,,,,
5,,,19959,,,,,,,,,,,0.2706945538520813,,,,,,,,,,,,
5,,,19979,,,,,,,,,,,0.14682962000370026,,,,,,,,,,,,
5,,,19999,,,,,,,,,,,0.15638206899166107,,,,,,,,,,,,
5,,,20019,,,,,,,,,,,0.4862716495990753,,,,,,,,,,,,
5,,,20039,,,,,,,,,,,0.13243305683135986,,,,,,,,,,,,
5,,,20059,,,,,,,,,,,0.5636368989944458,,,,,,,,,,,,
5,,,20079,,,,,,,,,,,0.3822406530380249,,,,,,,,,,,,
5,,,20099,,,,,,,,,,,0.2376091182231903,,,,,,,,,,,,
5,,,20119,,,,,,,,,,,0.13020139932632446,,,,,,,,,,,,
5,,,20139,,,,,,,,,,,0.20943497121334076,,,,,,,,,,,,
5,,,20159,,,,,,,,,,,0.12302481383085251,,,,,,,,,,,,
5,,,20179,,,,,,,,,,,0.34371688961982727,,,,,,,,,,,,
5,,,20199,,,,,,,,,,,0.14786191284656525,,,,,,,,,,,,
5,,,20219,,,,,,,,,,,0.2504218518733978,,,,,,,,,,,,
5,,,20239,,,,,,,,,,,0.16680032014846802,,,,,,,,,,,,
5,,,20259,,,,,,,,,,,0.35621514916419983,,,,,,,,,,,,
5,,,20279,,,,,,,,,,,0.38590672612190247,,,,,,,,,,,,
5,,,20299,,,,,,,,,,,0.33760109543800354,,,,,,,,,,,,
5,,,20319,,,,,,,,,,,0.32844671607017517,,,,,,,,,,,,
5,,,20339,,,,,,,,,,,0.12771938741207123,,,,,,,,,,,,
5,,,20359,,,,,,,,,,,0.15810313820838928,,,,,,,,,,,,
5,,,20379,,,,,,,,,,,0.18066759407520294,,,,,,,,,,,,
5,,,20399,,,,,,,,,,,0.12505115568637848,,,,,,,,,,,,
5,,,20419,,,,,,,,,,,0.1392662674188614,,,,,,,,,,,,
5,,,20439,,,,,,,,,,,0.21894444525241852,,,,,,,,,,,,
5,,,20459,,,,,,,,,,,0.15290412306785583,,,,,,,,,,,,
5,,,20479,,,,,,,,,,,0.21428720653057098,,,,,,,,,,,,
5,,,20499,,,,,,,,,,,0.16416920721530914,,,,,,,,,,,,
5,,,20519,,,,,,,,,,,0.37909138202667236,,,,,,,,,,,,
5,,,20539,,,,,,,,,,,0.09584717452526093,,,,,,,,,,,,
5,,,20559,,,,,,,,,,,0.20673179626464844,,,,,,,,,,,,
5,,,20579,,,,,,,,,,,0.43869924545288086,,,,,,,,,,,,
5,,,20599,,,,,,,,,,,0.204354926943779,,,,,,,,,,,,
5,,,20619,,,,,,,,,,,0.41913914680480957,,,,,,,,,,,,
5,,,20639,,,,,,,,,,,0.3624005615711212,,,,,,,,,,,,
5,,,20659,,,,,,,,,,,0.22386035323143005,,,,,,,,,,,,
5,,,20679,,,,,,,,,,,0.18829073011875153,,,,,,,,,,,,
5,,,20699,,,,,,,,,,,0.3722194731235504,,,,,,,,,,,,
5,,,20719,,,,,,,,,,,0.3366561830043793,,,,,,,,,,,,
5,,,20739,,,,,,,,,,,0.17776347696781158,,,,,,,,,,,,
5,,,20759,,,,,,,,,,,0.2132875621318817,,,,,,,,,,,,
5,,,20779,,,,,,,,,,,0.28548985719680786,,,,,,,,,,,,
5,,,20799,,,,,,,,,,,0.19690869748592377,,,,,,,,,,,,
5,,,20819,,,,,,,,,,,0.5188784599304199,,,,,,,,,,,,
5,,,20839,,,,,,,,,,,0.23844000697135925,,,,,,,,,,,,
5,,,20859,,,,,,,,,,,0.4820941686630249,,,,,,,,,,,,
5,,,20879,,,,,,,,,,,0.1824878454208374,,,,,,,,,,,,
5,,,20891,,,,,,,,,,,,0.5904939770698547,0.8446809649467468,0.5675969123840332,1.5843188762664795,0.5971441864967346,0.4561160206794739,0.5903806686401367,0.5132889151573181,0.6072788834571838,0.8636142611503601,0.4043947160243988,0.5904939770698547
5,,,20891,,,,,,,,,0.8631519079208374,0.2319231927394867,,,,,,,,,,,,,
,0.0002625,0.0002625,20892,,,,,,,,,,,,,,,,,,,,,,,
6,,,20899,,,,,,,,,,,0.29232704639434814,,,,,,,,,,,,
6,,,20919,,,,,,,,,,,0.4637584090232849,,,,,,,,,,,,
6,,,20939,,,,,,,,,,,0.15937109291553497,,,,,,,,,,,,
6,,,20959,,,,,,,,,,,0.10095760971307755,,,,,,,,,,,,
6,,,20979,,,,,,,,,,,0.3321671485900879,,,,,,,,,,,,
6,,,20999,,,,,,,,,,,0.22613048553466797,,,,,,,,,,,,
6,,,21019,,,,,,,,,,,0.3155483901500702,,,,,,,,,,,,
6,,,21039,,,,,,,,,,,0.11295077204704285,,,,,,,,,,,,
6,,,21059,,,,,,,,,,,0.2685910165309906,,,,,,,,,,,,
6,,,21079,,,,,,,,,,,0.16707883775234222,,,,,,,,,,,,
6,,,21099,,,,,,,,,,,0.1943722516298294,,,,,,,,,,,,
6,,,21119,,,,,,,,,,,0.14273701608181,,,,,,,,,,,,
6,,,21139,,,,,,,,,,,0.24053847789764404,,,,,,,,,,,,
6,,,21159,,,,,,,,,,,0.3144119381904602,,,,,,,,,,,,
6,,,21179,,,,,,,,,,,0.19716212153434753,,,,,,,,,,,,
6,,,21199,,,,,,,,,,,0.3252715766429901,,,,,,,,,,,,
6,,,21219,,,,,,,,,,,0.12870420515537262,,,,,,,,,,,,
6,,,21239,,,,,,,,,,,0.3188881576061249,,,,,,,,,,,,
6,,,21259,,,,,,,,,,,0.25979724526405334,,,,,,,,,,,,
6,,,21279,,,,,,,,,,,0.128279447555542,,,,,,,,,,,,
6,,,21299,,,,,,,,,,,0.1217368096113205,,,,,,,,,,,,
6,,,21319,,,,,,,,,,,0.08537771552801132,,,,,,,,,,,,
6,,,21339,,,,,,,,,,,0.3364206850528717,,,,,,,,,,,,
6,,,21359,,,,,,,,,,,0.1613338142633438,,,,,,,,,,,,
6,,,21379,,,,,,,,,,,0.25989171862602234,,,,,,,,,,,,
6,,,21399,,,,,,,,,,,0.09857314079999924,,,,,,,,,,,,
6,,,21419,,,,,,,,,,,0.3745155930519104,,,,,,,,,,,,
6,,,21439,,,,,,,,,,,0.40934163331985474,,,,,,,,,,,,
6,,,21459,,,,,,,,,,,0.06981434673070908,,,,,,,,,,,,
6,,,21479,,,,,,,,,,,0.44784724712371826,,,,,,,,,,,,
6,,,21499,,,,,,,,,,,0.30217525362968445,,,,,,,,,,,,
6,,,21519,,,,,,,,,,,0.32314029335975647,,,,,,,,,,,,
6,,,21539,,,,,,,,,,,0.19862160086631775,,,,,,,,,,,,
6,,,21559,,,,,,,,,,,0.13282042741775513,,,,,,,,,,,,
6,,,21579,,,,,,,,,,,0.1540641337633133,,,,,,,,,,,,
6,,,21599,,,,,,,,,,,0.10571906715631485,,,,,,,,,,,,
6,,,21619,,,,,,,,,,,0.13223059475421906,,,,,,,,,,,,
6,,,21639,,,,,,,,,,,0.10918860137462616,,,,,,,,,,,,
6,,,21659,,,,,,,,,,,0.2595929801464081,,,,,,,,,,,,
6,,,21679,,,,,,,,,,,0.20669643580913544,,,,,,,,,,,,
6,,,21699,,,,,,,,,,,0.20648077130317688,,,,,,,,,,,,
6,,,21719,,,,,,,,,,,0.12001913040876389,,,,,,,,,,,,
6,,,21739,,,,,,,,,,,0.21440747380256653,,,,,,,,,,,,
6,,,21759,,,,,,,,,,,0.1812262088060379,,,,,,,,,,,,
6,,,21779,,,,,,,,,,,0.27504944801330566,,,,,,,,,,,,
6,,,21799,,,,,,,,,,,0.09790511429309845,,,,,,,,,,,,
6,,,21819,,,,,,,,,,,0.44557279348373413,,,,,,,,,,,,
6,,,21839,,,,,,,,,,,0.06831017136573792,,,,,,,,,,,,
6,,,21859,,,,,,,,,,,0.1548459678888321,,,,,,,,,,,,
6,,,21879,,,,,,,,,,,0.11856332421302795,,,,,,,,,,,,
6,,,21899,,,,,,,,,,,0.21393939852714539,,,,,,,,,,,,
6,,,21919,,,,,,,,,,,0.33127832412719727,,,,,,,,,,,,
6,,,21939,,,,,,,,,,,0.26297757029533386,,,,,,,,,,,,
6,,,21959,,,,,,,,,,,0.3254196047782898,,,,,,,,,,,,
6,,,21979,,,,,,,,,,,0.3135296702384949,,,,,,,,,,,,
6,,,21999,,,,,,,,,,,0.13798360526561737,,,,,,,,,,,,
6,,,22019,,,,,,,,,,,0.043853361159563065,,,,,,,,,,,,
6,,,22039,,,,,,,,,,,0.22576823830604553,,,,,,,,,,,,
6,,,22059,,,,,,,,,,,0.2865276038646698,,,,,,,,,,,,
6,,,22079,,,,,,,,,,,0.6456947326660156,,,,,,,,,,,,
6,,,22099,,,,,,,,,,,0.2843019664287567,,,,,,,,,,,,
6,,,22119,,,,,,,,,,,0.10536985099315643,,,,,,,,,,,,
6,,,22139,,,,,,,,,,,0.11055228859186172,,,,,,,,,,,,
6,,,22159,,,,,,,,,,,0.0910627543926239,,,,,,,,,,,,
6,,,22179,,,,,,,,,,,0.2388778179883957,,,,,,,,,,,,
6,,,22199,,,,,,,,,,,0.18974295258522034,,,,,,,,,,,,
6,,,22219,,,,,,,,,,,0.15570195019245148,,,,,,,,,,,,
6,,,22239,,,,,,,,,,,0.21457456052303314,,,,,,,,,,,,
6,,,22259,,,,,,,,,,,0.12181275337934494,,,,,,,,,,,,
6,,,22279,,,,,,,,,,,0.21363741159439087,,,,,,,,,,,,
6,,,22299,,,,,,,,,,,0.11711569875478745,,,,,,,,,,,,
6,,,22319,,,,,,,,,,,0.11161788552999496,,,,,,,,,,,,
6,,,22339,,,,,,,,,,,0.27700212597846985,,,,,,,,,,,,
6,,,22359,,,,,,,,,,,0.24943843483924866,,,,,,,,,,,,
6,,,22379,,,,,,,,,,,0.12722539901733398,,,,,,,,,,,,
6,,,22399,,,,,,,,,,,0.15553247928619385,,,,,,,,,,,,
6,,,22419,,,,,,,,,,,0.16169214248657227,,,,,,,,,,,,
6,,,22439,,,,,,,,,,,0.28251132369041443,,,,,,,,,,,,
6,,,22459,,,,,,,,,,,0.21133966743946075,,,,,,,,,,,,
6,,,22479,,,,,,,,,,,0.10673131793737411,,,,,,,,,,,,
6,,,22499,,,,,,,,,,,0.3030328154563904,,,,,,,,,,,,
6,,,22519,,,,,,,,,,,0.15376798808574677,,,,,,,,,,,,
6,,,22539,,,,,,,,,,,0.17040875554084778,,,,,,,,,,,,
6,,,22559,,,,,,,,,,,0.28635290265083313,,,,,,,,,,,,
6,,,22579,,,,,,,,,,,0.23879508674144745,,,,,,,,,,,,
6,,,22599,,,,,,,,,,,0.4464019238948822,,,,,,,,,,,,
6,,,22619,,,,,,,,,,,0.1945505440235138,,,,,,,,,,,,
6,,,22639,,,,,,,,,,,0.06395873427391052,,,,,,,,,,,,
6,,,22659,,,,,,,,,,,0.13215653598308563,,,,,,,,,,,,
6,,,22679,,,,,,,,,,,0.19892434775829315,,,,,,,,,,,,
6,,,22699,,,,,,,,,,,0.2942461371421814,,,,,,,,,,,,
6,,,22719,,,,,,,,,,,0.17609918117523193,,,,,,,,,,,,
6,,,22739,,,,,,,,,,,0.06763383746147156,,,,,,,,,,,,
6,,,22759,,,,,,,,,,,0.2386939972639084,,,,,,,,,,,,
6,,,22779,,,,,,,,,,,0.13339604437351227,,,,,,,,,,,,
6,,,22799,,,,,,,,,,,0.32568860054016113,,,,,,,,,,,,
6,,,22819,,,,,,,,,,,0.45879679918289185,,,,,,,,,,,,
6,,,22839,,,,,,,,,,,0.11266898363828659,,,,,,,,,,,,
6,,,22859,,,,,,,,,,,0.31307798624038696,,,,,,,,,,,,
6,,,22879,,,,,,,,,,,0.19090917706489563,,,,,,,,,,,,
6,,,22899,,,,,,,,,,,0.09304504841566086,,,,,,,,,,,,
6,,,22919,,,,,,,,,,,0.43987470865249634,,,,,,,,,,,,
6,,,22939,,,,,,,,,,,0.08010569214820862,,,,,,,,,,,,
6,,,22959,,,,,,,,,,,0.2982429563999176,,,,,,,,,,,,
6,,,22979,,,,,,,,,,,0.29841703176498413,,,,,,,,,,,,
6,,,22999,,,,,,,,,,,0.20146964490413666,,,,,,,,,,,,
6,,,23019,,,,,,,,,,,0.600306510925293,,,,,,,,,,,,
6,,,23039,,,,,,,,,,,0.09224840253591537,,,,,,,,,,,,
6,,,23059,,,,,,,,,,,0.37169381976127625,,,,,,,,,,,,
6,,,23079,,,,,,,,,,,0.05421999841928482,,,,,,,,,,,,
6,,,23099,,,,,,,,,,,0.29311826825141907,,,,,,,,,,,,
6,,,23119,,,,,,,,,,,0.17793166637420654,,,,,,,,,,,,
6,,,23139,,,,,,,,,,,0.3494435250759125,,,,,,,,,,,,
6,,,23159,,,,,,,,,,,0.1743505597114563,,,,,,,,,,,,
6,,,23179,,,,,,,,,,,0.27150803804397583,,,,,,,,,,,,
6,,,23199,,,,,,,,,,,0.24209140241146088,,,,,,,,,,,,
6,,,23219,,,,,,,,,,,0.15938518941402435,,,,,,,,,,,,
6,,,23239,,,,,,,,,,,0.1644839495420456,,,,,,,,,,,,
6,,,23259,,,,,,,,,,,0.165254607796669,,,,,,,,,,,,
6,,,23279,,,,,,,,,,,0.15060769021511078,,,,,,,,,,,,
6,,,23299,,,,,,,,,,,0.09116317331790924,,,,,,,,,,,,
6,,,23319,,,,,,,,,,,0.12247160822153091,,,,,,,,,,,,
6,,,23339,,,,,,,,,,,0.42338401079177856,,,,,,,,,,,,
6,,,23359,,,,,,,,,,,0.24026577174663544,,,,,,,,,,,,
6,,,23379,,,,,,,,,,,0.1854911744594574,,,,,,,,,,,,
6,,,23399,,,,,,,,,,,0.7086755633354187,,,,,,,,,,,,
6,,,23419,,,,,,,,,,,0.08633788675069809,,,,,,,,,,,,
6,,,23439,,,,,,,,,,,0.12153786420822144,,,,,,,,,,,,
6,,,23459,,,,,,,,,,,0.34070897102355957,,,,,,,,,,,,
6,,,23479,,,,,,,,,,,0.14589948952198029,,,,,,,,,,,,
6,,,23499,,,,,,,,,,,0.10837407410144806,,,,,,,,,,,,
6,,,23519,,,,,,,,,,,0.11113271862268448,,,,,,,,,,,,
6,,,23539,,,,,,,,,,,0.2790272831916809,,,,,,,,,,,,
6,,,23559,,,,,,,,,,,0.15367242693901062,,,,,,,,,,,,
6,,,23579,,,,,,,,,,,0.39775022864341736,,,,,,,,,,,,
6,,,23599,,,,,,,,,,,0.16225358843803406,,,,,,,,,,,,
6,,,23619,,,,,,,,,,,0.1488586664199829,,,,,,,,,,,,
6,,,23639,,,,,,,,,,,0.12400820851325989,,,,,,,,,,,,
6,,,23659,,,,,,,,,,,0.29244285821914673,,,,,,,,,,,,
6,,,23679,,,,,,,,,,,0.20650367438793182,,,,,,,,,,,,
6,,,23699,,,,,,,,,,,0.1364990770816803,,,,,,,,,,,,
6,,,23719,,,,,,,,,,,0.08309684693813324,,,,,,,,,,,,
6,,,23739,,,,,,,,,,,0.17313672602176666,,,,,,,,,,,,
6,,,23759,,,,,,,,,,,0.10626794397830963,,,,,,,,,,,,
6,,,23779,,,,,,,,,,,0.11691472679376602,,,,,,,,,,,,
6,,,23799,,,,,,,,,,,0.10937577486038208,,,,,,,,,,,,
6,,,23819,,,,,,,,,,,0.17601355910301208,,,,,,,,,,,,
6,,,23839,,,,,,,,,,,0.2747277319431305,,,,,,,,,,,,
6,,,23859,,,,,,,,,,,0.34033647179603577,,,,,,,,,,,,
6,,,23879,,,,,,,,,,,0.19419148564338684,,,,,,,,,,,,
6,,,23899,,,,,,,,,,,0.3245534896850586,,,,,,,,,,,,
6,,,23919,,,,,,,,,,,0.16792568564414978,,,,,,,,,,,,
6,,,23939,,,,,,,,,,,0.1446605771780014,,,,,,,,,,,,
6,,,23959,,,,,,,,,,,0.14624442160129547,,,,,,,,,,,,
6,,,23979,,,,,,,,,,,0.18233054876327515,,,,,,,,,,,,
6,,,23999,,,,,,,,,,,0.07472158968448639,,,,,,,,,,,,
6,,,24019,,,,,,,,,,,0.2986368238925934,,,,,,,,,,,,
6,,,24039,,,,,,,,,,,0.2026728242635727,,,,,,,,,,,,
6,,,24059,,,,,,,,,,,0.25737544894218445,,,,,,,,,,,,
6,,,24079,,,,,,,,,,,0.22390539944171906,,,,,,,,,,,,
6,,,24099,,,,,,,,,,,0.1405574232339859,,,,,,,,,,,,
6,,,24119,,,,,,,,,,,0.11404591053724289,,,,,,,,,,,,
6,,,24139,,,,,,,,,,,0.09283345192670822,,,,,,,,,,,,
6,,,24159,,,,,,,,,,,0.09058364480733871,,,,,,,,,,,,
6,,,24179,,,,,,,,,,,0.19336828589439392,,,,,,,,,,,,
6,,,24199,,,,,,,,,,,0.20426462590694427,,,,,,,,,,,,
6,,,24219,,,,,,,,,,,0.10920925438404083,,,,,,,,,,,,
6,,,24239,,,,,,,,,,,0.4436664283275604,,,,,,,,,,,,
6,,,24259,,,,,,,,,,,0.27736324071884155,,,,,,,,,,,,
6,,,24279,,,,,,,,,,,0.3567906618118286,,,,,,,,,,,,
6,,,24299,,,,,,,,,,,0.2941617965698242,,,,,,,,,,,,
6,,,24319,,,,,,,,,,,0.1706572026014328,,,,,,,,,,,,
6,,,24339,,,,,,,,,,,0.3207172155380249,,,,,,,,,,,,
6,,,24359,,,,,,,,,,,0.6396550536155701,,,,,,,,,,,,
6,,,24373,,,,,,,,,,,,0.6284273266792297,0.8968194127082825,0.6380429267883301,1.6483726501464844,0.7208598852157593,0.5606869459152222,0.6743970513343811,0.6032347679138184,0.6095744967460632,0.8772619366645813,0.793368399143219,0.6284273266792297
6,,,24373,,,,,,,,,0.8729621767997742,0.21478766202926636,,,,,,,,,,,,,
,0.0003,0.0003,24374,,,,,,,,,,,,,,,,,,,,,,,
7,,,24379,,,,,,,,,,,0.17210644483566284,,,,,,,,,,,,
7,,,24399,,,,,,,,,,,0.11699745059013367,,,,,,,,,,,,
7,,,24419,,,,,,,,,,,0.11616727709770203,,,,,,,,,,,,
7,,,24439,,,,,,,,,,,0.2110971063375473,,,,,,,,,,,,
7,,,24459,,,,,,,,,,,0.19228649139404297,,,,,,,,,,,,
7,,,24479,,,,,,,,,,,0.16961851716041565,,,,,,,,,,,,
7,,,24499,,,,,,,,,,,0.14685770869255066,,,,,,,,,,,,
7,,,24519,,,,,,,,,,,0.14723001420497894,,,,,,,,,,,,
7,,,24539,,,,,,,,,,,0.3032827079296112,,,,,,,,,,,,
7,,,24559,,,,,,,,,,,0.1526901125907898,,,,,,,,,,,,
7,,,24579,,,,,,,,,,,0.23258745670318604,,,,,,,,,,,,
7,,,24599,,,,,,,,,,,0.18048764765262604,,,,,,,,,,,,
7,,,24619,,,,,,,,,,,0.31531545519828796,,,,,,,,,,,,
7,,,24639,,,,,,,,,,,0.15505008399486542,,,,,,,,,,,,
7,,,24659,,,,,,,,,,,0.4275783896446228,,,,,,,,,,,,
7,,,24679,,,,,,,,,,,0.16859981417655945,,,,,,,,,,,,
7,,,24699,,,,,,,,,,,0.07771554589271545,,,,,,,,,,,,
7,,,24719,,,,,,,,,,,0.30180031061172485,,,,,,,,,,,,
7,,,24739,,,,,,,,,,,0.12323229759931564,,,,,,,,,,,,
7,,,24759,,,,,,,,,,,0.12512975931167603,,,,,,,,,,,,
7,,,24779,,,,,,,,,,,0.22035861015319824,,,,,,,,,,,,
7,,,24799,,,,,,,,,,,0.06286787241697311,,,,,,,,,,,,
7,,,24819,,,,,,,,,,,0.26295843720436096,,,,,,,,,,,,
7,,,24839,,,,,,,,,,,0.13048303127288818,,,,,,,,,,,,
7,,,24859,,,,,,,,,,,0.10515567660331726,,,,,,,,,,,,
7,,,24879,,,,,,,,,,,0.24187666177749634,,,,,,,,,,,,
7,,,24899,,,,,,,,,,,0.13097870349884033,,,,,,,,,,,,
7,,,24919,,,,,,,,,,,0.09156042337417603,,,,,,,,,,,,
7,,,24939,,,,,,,,,,,0.13566309213638306,,,,,,,,,,,,
7,,,24959,,,,,,,,,,,0.09520035237073898,,,,,,,,,,,,
7,,,24979,,,,,,,,,,,0.2763104736804962,,,,,,,,,,,,
7,,,24999,,,,,,,,,,,0.17853985726833344,,,,,,,,,,,,
7,,,25019,,,,,,,,,,,0.29828038811683655,,,,,,,,,,,,
7,,,25039,,,,,,,,,,,0.22287705540657043,,,,,,,,,,,,
7,,,25059,,,,,,,,,,,0.09208296239376068,,,,,,,,,,,,
7,,,25079,,,,,,,,,,,0.12076754122972488,,,,,,,,,,,,
7,,,25099,,,,,,,,,,,0.06592387706041336,,,,,,,,,,,,
7,,,25119,,,,,,,,,,,0.07798296213150024,,,,,,,,,,,,
7,,,25139,,,,,,,,,,,0.3430570363998413,,,,,,,,,,,,
7,,,25159,,,,,,,,,,,0.08070915192365646,,,,,,,,,,,,
7,,,25179,,,,,,,,,,,0.3239654004573822,,,,,,,,,,,,
7,,,25199,,,,,,,,,,,0.15274256467819214,,,,,,,,,,,,
7,,,25219,,,,,,,,,,,0.26435360312461853,,,,,,,,,,,,
7,,,25239,,,,,,,,,,,0.1963237226009369,,,,,,,,,,,,
7,,,25259,,,,,,,,,,,0.15962348878383636,,,,,,,,,,,,
7,,,25279,,,,,,,,,,,0.07643670588731766,,,,,,,,,,,,
7,,,25299,,,,,,,,,,,0.19683802127838135,,,,,,,,,,,,
7,,,25319,,,,,,,,,,,0.09088826924562454,,,,,,,,,,,,
7,,,25339,,,,,,,,,,,0.26395028829574585,,,,,,,,,,,,
7,,,25359,,,,,,,,,,,0.19863632321357727,,,,,,,,,,,,
7,,,25379,,,,,,,,,,,0.11712958663702011,,,,,,,,,,,,
7,,,25399,,,,,,,,,,,0.10991422086954117,,,,,,,,,,,,
7,,,25419,,,,,,,,,,,0.1659204661846161,,,,,,,,,,,,
7,,,25439,,,,,,,,,,,0.3412112891674042,,,,,,,,,,,,
7,,,25459,,,,,,,,,,,0.25852325558662415,,,,,,,,,,,,
7,,,25479,,,,,,,,,,,0.11966700106859207,,,,,,,,,,,,
7,,,25499,,,,,,,,,,,0.14574699103832245,,,,,,,,,,,,
7,,,25519,,,,,,,,,,,0.15345749258995056,,,,,,,,,,,,
7,,,25539,,,,,,,,,,,0.05426078289747238,,,,,,,,,,,,
7,,,25559,,,,,,,,,,,0.37160438299179077,,,,,,,,,,,,
7,,,25579,,,,,,,,,,,0.18320485949516296,,,,,,,,,,,,
7,,,25599,,,,,,,,,,,0.11501802504062653,,,,,,,,,,,,
7,,,25619,,,,,,,,,,,0.06533575803041458,,,,,,,,,,,,
7,,,25639,,,,,,,,,,,0.1278800666332245,,,,,,,,,,,,
7,,,25659,,,,,,,,,,,0.3006700873374939,,,,,,,,,,,,
7,,,25679,,,,,,,,,,,0.06692523509263992,,,,,,,,,,,,
7,,,25699,,,,,,,,,,,0.13174347579479218,,,,,,,,,,,,
7,,,25719,,,,,,,,,,,0.5194535255432129,,,,,,,,,,,,
7,,,25739,,,,,,,,,,,0.23738563060760498,,,,,,,,,,,,
7,,,25759,,,,,,,,,,,0.4168267548084259,,,,,,,,,,,,
7,,,25779,,,,,,,,,,,0.11483363807201385,,,,,,,,,,,,
7,,,25799,,,,,,,,,,,0.1895419955253601,,,,,,,,,,,,
7,,,25819,,,,,,,,,,,0.2754638195037842,,,,,,,,,,,,
7,,,25839,,,,,,,,,,,0.17593924701213837,,,,,,,,,,,,
7,,,25859,,,,,,,,,,,0.14715687930583954,,,,,,,,,,,,
7,,,25879,,,,,,,,,,,0.19984078407287598,,,,,,,,,,,,
7,,,25899,,,,,,,,,,,0.44626715779304504,,,,,,,,,,,,
7,,,25919,,,,,,,,,,,0.09638284146785736,,,,,,,,,,,,
7,,,25939,,,,,,,,,,,0.0670243501663208,,,,,,,,,,,,
7,,,25959,,,,,,,,,,,0.1699390411376953,,,,,,,,,,,,
7,,,25979,,,,,,,,,,,0.4129903316497803,,,,,,,,,,,,
7,,,25999,,,,,,,,,,,0.1133388802409172,,,,,,,,,,,,
7,,,26019,,,,,,,,,,,0.17761459946632385,,,,,,,,,,,,
7,,,26039,,,,,,,,,,,0.240735724568367,,,,,,,,,,,,
7,,,26059,,,,,,,,,,,0.1503172069787979,,,,,,,,,,,,
7,,,26079,,,,,,,,,,,0.1389637589454651,,,,,,,,,,,,
7,,,26099,,,,,,,,,,,0.24055764079093933,,,,,,,,,,,,
7,,,26119,,,,,,,,,,,0.08862229436635971,,,,,,,,,,,,
7,,,26139,,,,,,,,,,,0.3691484034061432,,,,,,,,,,,,
7,,,26159,,,,,,,,,,,0.1684526801109314,,,,,,,,,,,,
7,,,26179,,,,,,,,,,,0.1255986988544464,,,,,,,,,,,,
7,,,26199,,,,,,,,,,,0.13588255643844604,,,,,,,,,,,,
7,,,26219,,,,,,,,,,,0.16581499576568604,,,,,,,,,,,,
7,,,26239,,,,,,,,,,,0.13375267386436462,,,,,,,,,,,,
7,,,26259,,,,,,,,,,,0.06641269475221634,,,,,,,,,,,,
7,,,26279,,,,,,,,,,,0.3262716233730316,,,,,,,,,,,,
7,,,26299,,,,,,,,,,,0.26388484239578247,,,,,,,,,,,,
7,,,26319,,,,,,,,,,,0.08905278891324997,,,,,,,,,,,,
7,,,26339,,,,,,,,,,,0.12270665913820267,,,,,,,,,,,,
7,,,26359,,,,,,,,,,,0.21948543190956116,,,,,,,,,,,,
7,,,26379,,,,,,,,,,,0.12868452072143555,,,,,,,,,,,,
7,,,26399,,,,,,,,,,,0.18082283437252045,,,,,,,,,,,,
7,,,26419,,,,,,,,,,,0.15784502029418945,,,,,,,,,,,,
7,,,26439,,,,,,,,,,,0.07231567054986954,,,,,,,,,,,,
7,,,26459,,,,,,,,,,,0.10801805555820465,,,,,,,,,,,,
7,,,26479,,,,,,,,,,,0.2204669862985611,,,,,,,,,,,,
7,,,26499,,,,,,,,,,,0.14865724742412567,,,,,,,,,,,,
7,,,26519,,,,,,,,,,,0.1286505162715912,,,,,,,,,,,,
7,,,26539,,,,,,,,,,,0.07650579512119293,,,,,,,,,,,,
7,,,26559,,,,,,,,,,,0.3425861895084381,,,,,,,,,,,,
7,,,26579,,,,,,,,,,,0.26229023933410645,,,,,,,,,,,,
7,,,26599,,,,,,,,,,,0.25784435868263245,,,,,,,,,,,,
7,,,26619,,,,,,,,,,,0.16766496002674103,,,,,,,,,,,,
7,,,26639,,,,,,,,,,,0.07172417640686035,,,,,,,,,,,,
7,,,26659,,,,,,,,,,,0.10845997929573059,,,,,,,,,,,,
7,,,26679,,,,,,,,,,,0.05961842089891434,,,,,,,,,,,,
7,,,26699,,,,,,,,,,,0.08734418451786041,,,,,,,,,,,,
7,,,26719,,,,,,,,,,,0.13907605409622192,,,,,,,,,,,,
7,,,26739,,,,,,,,,,,0.12270918488502502,,,,,,,,,,,,
7,,,26759,,,,,,,,,,,0.07243706285953522,,,,,,,,,,,,
7,,,26779,,,,,,,,,,,0.14968182146549225,,,,,,,,,,,,
7,,,26799,,,,,,,,,,,0.22852656245231628,,,,,,,,,,,,
7,,,26819,,,,,,,,,,,0.19568723440170288,,,,,,,,,,,,
7,,,26839,,,,,,,,,,,0.1253233700990677,,,,,,,,,,,,
7,,,26859,,,,,,,,,,,0.3722516596317291,,,,,,,,,,,,
7,,,26879,,,,,,,,,,,0.12726470828056335,,,,,,,,,,,,
7,,,26899,,,,,,,,,,,0.23774275183677673,,,,,,,,,,,,
7,,,26919,,,,,,,,,,,0.09636210650205612,,,,,,,,,,,,
7,,,26939,,,,,,,,,,,0.3052958846092224,,,,,,,,,,,,
7,,,26959,,,,,,,,,,,0.1229325532913208,,,,,,,,,,,,
7,,,26979,,,,,,,,,,,0.10685673356056213,,,,,,,,,,,,
7,,,26999,,,,,,,,,,,0.18761999905109406,,,,,,,,,,,,
7,,,27019,,,,,,,,,,,0.09384075552225113,,,,,,,,,,,,
7,,,27039,,,,,,,,,,,0.13248296082019806,,,,,,,,,,,,
7,,,27059,,,,,,,,,,,0.19506776332855225,,,,,,,,,,,,
7,,,27079,,,,,,,,,,,0.1363215446472168,,,,,,,,,,,,
7,,,27099,,,,,,,,,,,0.08741617202758789,,,,,,,,,,,,
7,,,27119,,,,,,,,,,,0.11187069118022919,,,,,,,,,,,,
7,,,27139,,,,,,,,,,,0.13040316104888916,,,,,,,,,,,,
7,,,27159,,,,,,,,,,,0.1683662384748459,,,,,,,,,,,,
7,,,27179,,,,,,,,,,,0.1792038381099701,,,,,,,,,,,,
7,,,27199,,,,,,,,,,,0.10298240184783936,,,,,,,,,,,,
7,,,27219,,,,,,,,,,,0.19559985399246216,,,,,,,,,,,,
7,,,27239,,,,,,,,,,,0.12055952847003937,,,,,,,,,,,,
7,,,27259,,,,,,,,,,,0.2955663204193115,,,,,,,,,,,,
7,,,27279,,,,,,,,,,,0.18537555634975433,,,,,,,,,,,,
7,,,27299,,,,,,,,,,,0.33309200406074524,,,,,,,,,,,,
7,,,27319,,,,,,,,,,,0.12164933979511261,,,,,,,,,,,,
7,,,27339,,,,,,,,,,,0.2946564853191376,,,,,,,,,,,,
7,,,27359,,,,,,,,,,,0.34444931149482727,,,,,,,,,,,,
7,,,27379,,,,,,,,,,,0.3079913854598999,,,,,,,,,,,,
7,,,27399,,,,,,,,,,,0.14008846879005432,,,,,,,,,,,,
7,,,27419,,,,,,,,,,,0.0914568081498146,,,,,,,,,,,,
7,,,27439,,,,,,,,,,,0.15350474417209625,,,,,,,,,,,,
7,,,27459,,,,,,,,,,,0.24361269176006317,,,,,,,,,,,,
7,,,27479,,,,,,,,,,,0.2649770975112915,,,,,,,,,,,,
7,,,27499,,,,,,,,,,,0.35934582352638245,,,,,,,,,,,,
7,,,27519,,,,,,,,,,,0.07204076647758484,,,,,,,,,,,,
7,,,27539,,,,,,,,,,,0.15898630023002625,,,,,,,,,,,,
7,,,27559,,,,,,,,,,,0.09953230619430542,,,,,,,,,,,,
7,,,27579,,,,,,,,,,,0.14602915942668915,,,,,,,,,,,,
7,,,27599,,,,,,,,,,,0.07444075495004654,,,,,,,,,,,,
7,,,27619,,,,,,,,,,,0.13364098966121674,,,,,,,,,,,,
7,,,27639,,,,,,,,,,,0.10433293879032135,,,,,,,,,,,,
7,,,27659,,,,,,,,,,,0.2371065765619278,,,,,,,,,,,,
7,,,27679,,,,,,,,,,,0.11636344343423843,,,,,,,,,,,,
7,,,27699,,,,,,,,,,,0.07862839847803116,,,,,,,,,,,,
7,,,27719,,,,,,,,,,,0.07007262110710144,,,,,,,,,,,,
7,,,27739,,,,,,,,,,,0.07550579309463501,,,,,,,,,,,,
7,,,27759,,,,,,,,,,,0.17033331096172333,,,,,,,,,,,,
7,,,27779,,,,,,,,,,,0.15132823586463928,,,,,,,,,,,,
7,,,27799,,,,,,,,,,,0.0778515636920929,,,,,,,,,,,,
7,,,27819,,,,,,,,,,,0.24932731688022614,,,,,,,,,,,,
7,,,27839,,,,,,,,,,,0.17381317913532257,,,,,,,,,,,,
7,,,27855,,,,,,,,,,,,0.6152760982513428,0.8723515868186951,0.5966504216194153,1.3872066736221313,0.611890435218811,0.49902552366256714,0.6258275508880615,0.5606139898300171,0.6399486064910889,0.8592040538787842,0.38779526948928833,0.6152760982513428
7,,,27855,,,,,,,,,0.8833054900169373,0.19933196902275085,,,,,,,,,,,,,
,0.0003,0.0003,27856,,,,,,,,,,,,,,,,,,,,,,,
8,,,27859,,,,,,,,,,,0.14170509576797485,,,,,,,,,,,,
8,,,27879,,,,,,,,,,,0.43807271122932434,,,,,,,,,,,,
8,,,27899,,,,,,,,,,,0.3331233561038971,,,,,,,,,,,,
8,,,27919,,,,,,,,,,,0.1926386058330536,,,,,,,,,,,,
8,,,27939,,,,,,,,,,,0.10845045745372772,,,,,,,,,,,,
8,,,27959,,,,,,,,,,,0.16110442578792572,,,,,,,,,,,,
8,,,27979,,,,,,,,,,,0.0738103836774826,,,,,,,,,,,,
8,,,27999,,,,,,,,,,,0.337003231048584,,,,,,,,,,,,
8,,,28019,,,,,,,,,,,0.21005553007125854,,,,,,,,,,,,
8,,,28039,,,,,,,,,,,0.14041008055210114,,,,,,,,,,,,
8,,,28059,,,,,,,,,,,0.12917712330818176,,,,,,,,,,,,
8,,,28079,,,,,,,,,,,0.10583312809467316,,,,,,,,,,,,
8,,,28099,,,,,,,,,,,0.14148931205272675,,,,,,,,,,,,
8,,,28119,,,,,,,,,,,0.34384164214134216,,,,,,,,,,,,
8,,,28139,,,,,,,,,,,0.16042135655879974,,,,,,,,,,,,
8,,,28159,,,,,,,,,,,0.14467813074588776,,,,,,,,,,,,
8,,,28179,,,,,,,,,,,0.17379692196846008,,,,,,,,,,,,
8,,,28199,,,,,,,,,,,0.09904398024082184,,,,,,,,,,,,
8,,,28219,,,,,,,,,,,0.11977855861186981,,,,,,,,,,,,
8,,,28239,,,,,,,,,,,0.20753884315490723,,,,,,,,,,,,
8,,,28259,,,,,,,,,,,0.43292737007141113,,,,,,,,,,,,
8,,,28279,,,,,,,,,,,0.28941717743873596,,,,,,,,,,,,
8,,,28299,,,,,,,,,,,0.2305573970079422,,,,,,,,,,,,
8,,,28319,,,,,,,,,,,0.1111840009689331,,,,,,,,,,,,
8,,,28339,,,,,,,,,,,0.2370162457227707,,,,,,,,,,,,
8,,,28359,,,,,,,,,,,0.13352128863334656,,,,,,,,,,,,
8,,,28379,,,,,,,,,,,0.24910590052604675,,,,,,,,,,,,
8,,,28399,,,,,,,,,,,0.46863070130348206,,,,,,,,,,,,
8,,,28419,,,,,,,,,,,0.10791526734828949,,,,,,,,,,,,
8,,,28439,,,,,,,,,,,0.1362481266260147,,,,,,,,,,,,
8,,,28459,,,,,,,,,,,0.08181872963905334,,,,,,,,,,,,
8,,,28479,,,,,,,,,,,0.052533604204654694,,,,,,,,,,,,
8,,,28499,,,,,,,,,,,0.21309927105903625,,,,,,,,,,,,
8,,,28519,,,,,,,,,,,0.10518214851617813,,,,,,,,,,,,
8,,,28539,,,,,,,,,,,0.1261831820011139,,,,,,,,,,,,
8,,,28559,,,,,,,,,,,0.11551890522241592,,,,,,,,,,,,
8,,,28579,,,,,,,,,,,0.10821767151355743,,,,,,,,,,,,
8,,,28599,,,,,,,,,,,0.08976686000823975,,,,,,,,,,,,
8,,,28619,,,,,,,,,,,0.19015496969223022,,,,,,,,,,,,
8,,,28639,,,,,,,,,,,0.27429813146591187,,,,,,,,,,,,
8,,,28659,,,,,,,,,,,0.0968785285949707,,,,,,,,,,,,
8,,,28679,,,,,,,,,,,0.09565236419439316,,,,,,,,,,,,
8,,,28699,,,,,,,,,,,0.1294117271900177,,,,,,,,,,,,
8,,,28719,,,,,,,,,,,0.056831832975149155,,,,,,,,,,,,
8,,,28739,,,,,,,,,,,0.0721457451581955,,,,,,,,,,,,
8,,,28759,,,,,,,,,,,0.04093841835856438,,,,,,,,,,,,
8,,,28779,,,,,,,,,,,0.12210506200790405,,,,,,,,,,,,
8,,,28799,,,,,,,,,,,0.18888556957244873,,,,,,,,,,,,
8,,,28819,,,,,,,,,,,0.09026221930980682,,,,,,,,,,,,
8,,,28839,,,,,,,,,,,0.20700229704380035,,,,,,,,,,,,
8,,,28859,,,,,,,,,,,0.3542901575565338,,,,,,,,,,,,
8,,,28879,,,,,,,,,,,0.06512889266014099,,,,,,,,,,,,
8,,,28899,,,,,,,,,,,0.07564368844032288,,,,,,,,,,,,
8,,,28919,,,,,,,,,,,0.0946628525853157,,,,,,,,,,,,
8,,,28939,,,,,,,,,,,0.09846140444278717,,,,,,,,,,,,
8,,,28959,,,,,,,,,,,0.18461956083774567,,,,,,,,,,,,
8,,,28979,,,,,,,,,,,0.15344199538230896,,,,,,,,,,,,
8,,,28999,,,,,,,,,,,0.0714917778968811,,,,,,,,,,,,
8,,,29019,,,,,,,,,,,0.1659129410982132,,,,,,,,,,,,
8,,,29039,,,,,,,,,,,0.18294642865657806,,,,,,,,,,,,
8,,,29059,,,,,,,,,,,0.10451392084360123,,,,,,,,,,,,
8,,,29079,,,,,,,,,,,0.118166483938694,,,,,,,,,,,,
8,,,29099,,,,,,,,,,,0.2870365083217621,,,,,,,,,,,,
8,,,29119,,,,,,,,,,,0.11150632798671722,,,,,,,,,,,,
8,,,29139,,,,,,,,,,,0.1643085479736328,,,,,,,,,,,,
8,,,29159,,,,,,,,,,,0.1576094925403595,,,,,,,,,,,,
8,,,29179,,,,,,,,,,,0.2845008969306946,,,,,,,,,,,,
8,,,29199,,,,,,,,,,,0.09375058114528656,,,,,,,,,,,,
8,,,29219,,,,,,,,,,,0.30738046765327454,,,,,,,,,,,,
8,,,29239,,,,,,,,,,,0.16246788203716278,,,,,,,,,,,,
8,,,29259,,,,,,,,,,,0.04062756150960922,,,,,,,,,,,,
8,,,29279,,,,,,,,,,,0.045802824199199677,,,,,,,,,,,,
8,,,29299,,,,,,,,,,,0.09300040453672409,,,,,,,,,,,,
8,,,29319,,,,,,,,,,,0.10118591785430908,,,,,,,,,,,,
8,,,29339,,,,,,,,,,,0.16125255823135376,,,,,,,,,,,,
8,,,29359,,,,,,,,,,,0.14500300586223602,,,,,,,,,,,,
8,,,29379,,,,,,,,,,,0.08626437932252884,,,,,,,,,,,,
8,,,29399,,,,,,,,,,,0.059593066573143005,,,,,,,,,,,,
8,,,29419,,,,,,,,,,,0.1372608095407486,,,,,,,,,,,,
8,,,29439,,,,,,,,,,,0.22582200169563293,,,,,,,,,,,,
8,,,29459,,,,,,,,,,,0.3139478862285614,,,,,,,,,,,,
8,,,29479,,,,,,,,,,,0.10345892608165741,,,,,,,,,,,,
8,,,29499,,,,,,,,,,,0.2367553412914276,,,,,,,,,,,,
8,,,29519,,,,,,,,,,,0.1459515392780304,,,,,,,,,,,,
8,,,29539,,,,,,,,,,,0.09533802419900894,,,,,,,,,,,,
8,,,29559,,,,,,,,,,,0.04011523723602295,,,,,,,,,,,,
8,,,29579,,,,,,,,,,,0.058591946959495544,,,,,,,,,,,,
8,,,29599,,,,,,,,,,,0.06977192312479019,,,,,,,,,,,,
8,,,29619,,,,,,,,,,,0.1196136400103569,,,,,,,,,,,,
8,,,29639,,,,,,,,,,,0.21084032952785492,,,,,,,,,,,,
8,,,29659,,,,,,,,,,,0.11761075258255005,,,,,,,,,,,,
8,,,29679,,,,,,,,,,,0.2970435917377472,,,,,,,,,,,,
8,,,29699,,,,,,,,,,,0.10022273659706116,,,,,,,,,,,,
8,,,29719,,,,,,,,,,,0.2230808585882187,,,,,,,,,,,,
8,,,29739,,,,,,,,,,,0.18302081525325775,,,,,,,,,,,,
8,,,29759,,,,,,,,,,,0.12929736077785492,,,,,,,,,,,,
8,,,29779,,,,,,,,,,,0.17766360938549042,,,,,,,,,,,,
8,,,29799,,,,,,,,,,,0.06349924951791763,,,,,,,,,,,,
8,,,29819,,,,,,,,,,,0.19051754474639893,,,,,,,,,,,,
8,,,29839,,,,,,,,,,,0.2586655616760254,,,,,,,,,,,,
8,,,29859,,,,,,,,,,,0.3341590464115143,,,,,,,,,,,,
8,,,29879,,,,,,,,,,,0.029210325330495834,,,,,,,,,,,,
8,,,29899,,,,,,,,,,,0.06568219512701035,,,,,,,,,,,,
8,,,29919,,,,,,,,,,,0.05327396094799042,,,,,,,,,,,,
8,,,29939,,,,,,,,,,,0.13927088677883148,,,,,,,,,,,,
8,,,29959,,,,,,,,,,,0.08634370565414429,,,,,,,,,,,,
8,,,29979,,,,,,,,,,,0.07823668420314789,,,,,,,,,,,,
8,,,29999,,,,,,,,,,,0.12940211594104767,,,,,,,,,,,,
8,,,30019,,,,,,,,,,,0.13760089874267578,,,,,,,,,,,,
8,,,30039,,,,,,,,,,,0.1417856216430664,,,,,,,,,,,,
8,,,30059,,,,,,,,,,,0.3038187325000763,,,,,,,,,,,,
8,,,30079,,,,,,,,,,,0.31136101484298706,,,,,,,,,,,,
8,,,30099,,,,,,,,,,,0.1146191954612732,,,,,,,,,,,,
8,,,30119,,,,,,,,,,,0.229432612657547,,,,,,,,,,,,
8,,,30139,,,,,,,,,,,0.1410371959209442,,,,,,,,,,,,
8,,,30159,,,,,,,,,,,0.24465492367744446,,,,,,,,,,,,
8,,,30179,,,,,,,,,,,0.06380198895931244,,,,,,,,,,,,
8,,,30199,,,,,,,,,,,0.10640336573123932,,,,,,,,,,,,
8,,,30219,,,,,,,,,,,0.05566142126917839,,,,,,,,,,,,
8,,,30239,,,,,,,,,,,0.08388018608093262,,,,,,,,,,,,
8,,,30259,,,,,,,,,,,0.039900802075862885,,,,,,,,,,,,
8,,,30279,,,,,,,,,,,0.44536343216896057,,,,,,,,,,,,
8,,,30299,,,,,,,,,,,0.11795104295015335,,,,,,,,,,,,
8,,,30319,,,,,,,,,,,0.15107785165309906,,,,,,,,,,,,
8,,,30339,,,,,,,,,,,0.1411873698234558,,,,,,,,,,,,
8,,,30359,,,,,,,,,,,0.1275939792394638,,,,,,,,,,,,
8,,,30379,,,,,,,,,,,0.1057383194565773,,,,,,,,,,,,
8,,,30399,,,,,,,,,,,0.37040191888809204,,,,,,,,,,,,
8,,,30419,,,,,,,,,,,0.13013209402561188,,,,,,,,,,,,
8,,,30439,,,,,,,,,,,0.2611303925514221,,,,,,,,,,,,
8,,,30459,,,,,,,,,,,0.28532058000564575,,,,,,,,,,,,
8,,,30479,,,,,,,,,,,0.45821207761764526,,,,,,,,,,,,
8,,,30499,,,,,,,,,,,0.15409088134765625,,,,,,,,,,,,
8,,,30519,,,,,,,,,,,0.18401426076889038,,,,,,,,,,,,
8,,,30539,,,,,,,,,,,0.11102261394262314,,,,,,,,,,,,
8,,,30559,,,,,,,,,,,0.10740828514099121,,,,,,,,,,,,
8,,,30579,,,,,,,,,,,0.12046334892511368,,,,,,,,,,,,
8,,,30599,,,,,,,,,,,0.11519502848386765,,,,,,,,,,,,
8,,,30619,,,,,,,,,,,0.11646008491516113,,,,,,,,,,,,
8,,,30639,,,,,,,,,,,0.11525730788707733,,,,,,,,,,,,
8,,,30659,,,,,,,,,,,0.06912858039140701,,,,,,,,,,,,
8,,,30679,,,,,,,,,,,0.04349295794963837,,,,,,,,,,,,
8,,,30699,,,,,,,,,,,0.4187660217285156,,,,,,,,,,,,
8,,,30719,,,,,,,,,,,0.33017513155937195,,,,,,,,,,,,
8,,,30739,,,,,,,,,,,0.11248110979795456,,,,,,,,,,,,
8,,,30759,,,,,,,,,,,0.07891932129859924,,,,,,,,,,,,
8,,,30779,,,,,,,,,,,0.16718131303787231,,,,,,,,,,,,
8,,,30799,,,,,,,,,,,0.0711493119597435,,,,,,,,,,,,
8,,,30819,,,,,,,,,,,0.09212909638881683,,,,,,,,,,,,
8,,,30839,,,,,,,,,,,0.17916660010814667,,,,,,,,,,,,
8,,,30859,,,,,,,,,,,0.3217933177947998,,,,,,,,,,,,
8,,,30879,,,,,,,,,,,0.2628961205482483,,,,,,,,,,,,
8,,,30899,,,,,,,,,,,0.05002985894680023,,,,,,,,,,,,
8,,,30919,,,,,,,,,,,0.19206945598125458,,,,,,,,,,,,
8,,,30939,,,,,,,,,,,0.130185067653656,,,,,,,,,,,,
8,,,30959,,,,,,,,,,,0.12995806336402893,,,,,,,,,,,,
8,,,30979,,,,,,,,,,,0.05313810333609581,,,,,,,,,,,,
8,,,30999,,,,,,,,,,,0.21033760905265808,,,,,,,,,,,,
8,,,31019,,,,,,,,,,,0.14133676886558533,,,,,,,,,,,,
8,,,31039,,,,,,,,,,,0.08292532712221146,,,,,,,,,,,,
8,,,31059,,,,,,,,,,,0.18465536832809448,,,,,,,,,,,,
8,,,31079,,,,,,,,,,,0.18543870747089386,,,,,,,,,,,,
8,,,31099,,,,,,,,,,,0.06395818293094635,,,,,,,,,,,,
8,,,31119,,,,,,,,,,,0.13418890535831451,,,,,,,,,,,,
8,,,31139,,,,,,,,,,,0.07014861702919006,,,,,,,,,,,,
8,,,31159,,,,,,,,,,,0.1957201361656189,,,,,,,,,,,,
8,,,31179,,,,,,,,,,,0.11346763372421265,,,,,,,,,,,,
8,,,31199,,,,,,,,,,,0.4711949825286865,,,,,,,,,,,,
8,,,31219,,,,,,,,,,,0.3304746747016907,,,,,,,,,,,,
8,,,31239,,,,,,,,,,,0.18831761181354523,,,,,,,,,,,,
8,,,31259,,,,,,,,,,,0.15286040306091309,,,,,,,,,,,,
8,,,31279,,,,,,,,,,,0.3176538646221161,,,,,,,,,,,,
8,,,31299,,,,,,,,,,,0.16770999133586884,,,,,,,,,,,,
8,,,31319,,,,,,,,,,,0.16783565282821655,,,,,,,,,,,,
8,,,31337,,,,,,,,,,,,0.6522232294082642,0.90828537940979,0.6621874570846558,1.4956878423690796,0.7035785913467407,0.601489245891571,0.7118931412696838,0.707423985004425,0.650174617767334,0.8071235418319702,0.6495921611785889,0.6522232294082642
8,,,31337,,,,,,,,,0.8937243223190308,0.1808476597070694,,,,,,,,,,,,,
,0.0002997263331334976,0.0002997263331334976,31338,,,,,,,,,,,,,,,,,,,,,,,
9,,,31339,,,,,,,,,,,0.07356788218021393,,,,,,,,,,,,
9,,,31359,,,,,,,,,,,0.11752823740243912,,,,,,,,,,,,
9,,,31379,,,,,,,,,,,0.04899124056100845,,,,,,,,,,,,
9,,,31399,,,,,,,,,,,0.20285606384277344,,,,,,,,,,,,
9,,,31419,,,,,,,,,,,0.10869726538658142,,,,,,,,,,,,
9,,,31439,,,,,,,,,,,0.20776063203811646,,,,,,,,,,,,
9,,,31459,,,,,,,,,,,0.15167827904224396,,,,,,,,,,,,
9,,,31479,,,,,,,,,,,0.08744610846042633,,,,,,,,,,,,
9,,,31499,,,,,,,,,,,0.13541147112846375,,,,,,,,,,,,
9,,,31519,,,,,,,,,,,0.16098833084106445,,,,,,,,,,,,
9,,,31539,,,,,,,,,,,0.13610504567623138,,,,,,,,,,,,
9,,,31559,,,,,,,,,,,0.09648583084344864,,,,,,,,,,,,
9,,,31579,,,,,,,,,,,0.11657971888780594,,,,,,,,,,,,
9,,,31599,,,,,,,,,,,0.09995445609092712,,,,,,,,,,,,
9,,,31619,,,,,,,,,,,0.2423551231622696,,,,,,,,,,,,
9,,,31639,,,,,,,,,,,0.5206876397132874,,,,,,,,,,,,
9,,,31659,,,,,,,,,,,0.06494618207216263,,,,,,,,,,,,
9,,,31679,,,,,,,,,,,0.0785454511642456,,,,,,,,,,,,
9,,,31699,,,,,,,,,,,0.2693603038787842,,,,,,,,,,,,
9,,,31719,,,,,,,,,,,0.2395281046628952,,,,,,,,,,,,
9,,,31739,,,,,,,,,,,0.1438147872686386,,,,,,,,,,,,
9,,,31759,,,,,,,,,,,0.1713782101869583,,,,,,,,,,,,
9,,,31779,,,,,,,,,,,0.0762379989027977,,,,,,,,,,,,
9,,,31799,,,,,,,,,,,0.22601249814033508,,,,,,,,,,,,
9,,,31819,,,,,,,,,,,0.15850625932216644,,,,,,,,,,,,
9,,,31839,,,,,,,,,,,0.03855205327272415,,,,,,,,,,,,
9,,,31859,,,,,,,,,,,0.7123174667358398,,,,,,,,,,,,
9,,,31879,,,,,,,,,,,0.16582150757312775,,,,,,,,,,,,
9,,,31899,,,,,,,,,,,0.0834733098745346,,,,,,,,,,,,
9,,,31919,,,,,,,,,,,0.11258667707443237,,,,,,,,,,,,
9,,,31939,,,,,,,,,,,0.18626080453395844,,,,,,,,,,,,
9,,,31959,,,,,,,,,,,0.1667896956205368,,,,,,,,,,,,
9,,,31979,,,,,,,,,,,0.08527528494596481,,,,,,,,,,,,
9,,,31999,,,,,,,,,,,0.19358238577842712,,,,,,,,,,,,
9,,,32019,,,,,,,,,,,0.0984126627445221,,,,,,,,,,,,
9,,,32039,,,,,,,,,,,0.06702239066362381,,,,,,,,,,,,
9,,,32059,,,,,,,,,,,0.11474835127592087,,,,,,,,,,,,
9,,,32079,,,,,,,,,,,0.1253395974636078,,,,,,,,,,,,
9,,,32099,,,,,,,,,,,0.38536784052848816,,,,,,,,,,,,
9,,,32119,,,,,,,,,,,0.18567043542861938,,,,,,,,,,,,
9,,,32139,,,,,,,,,,,0.10147569328546524,,,,,,,,,,,,
9,,,32159,,,,,,,,,,,0.11084474623203278,,,,,,,,,,,,
9,,,32179,,,,,,,,,,,0.027269426733255386,,,,,,,,,,,,
9,,,32199,,,,,,,,,,,0.11047409474849701,,,,,,,,,,,,
9,,,32219,,,,,,,,,,,0.06189696118235588,,,,,,,,,,,,
9,,,32239,,,,,,,,,,,0.09958887845277786,,,,,,,,,,,,
9,,,32259,,,,,,,,,,,0.43478819727897644,,,,,,,,,,,,
9,,,32279,,,,,,,,,,,0.17908701300621033,,,,,,,,,,,,
9,,,32299,,,,,,,,,,,0.08175300806760788,,,,,,,,,,,,
9,,,32319,,,,,,,,,,,0.04629897698760033,,,,,,,,,,,,
9,,,32339,,,,,,,,,,,0.3259871304035187,,,,,,,,,,,,
9,,,32359,,,,,,,,,,,0.22207072377204895,,,,,,,,,,,,
9,,,32379,,,,,,,,,,,0.05073323845863342,,,,,,,,,,,,
9,,,32399,,,,,,,,,,,0.08077909052371979,,,,,,,,,,,,
9,,,32419,,,,,,,,,,,0.07734814286231995,,,,,,,,,,,,
9,,,32439,,,,,,,,,,,0.048390354961156845,,,,,,,,,,,,
9,,,32459,,,,,,,,,,,0.1048969104886055,,,,,,,,,,,,
9,,,32479,,,,,,,,,,,0.2611098289489746,,,,,,,,,,,,
9,,,32499,,,,,,,,,,,0.12237881869077682,,,,,,,,,,,,
9,,,32519,,,,,,,,,,,0.12211419641971588,,,,,,,,,,,,
9,,,32539,,,,,,,,,,,0.18995198607444763,,,,,,,,,,,,
9,,,32559,,,,,,,,,,,0.1432909220457077,,,,,,,,,,,,
9,,,32579,,,,,,,,,,,0.1688171923160553,,,,,,,,,,,,
9,,,32599,,,,,,,,,,,0.17858491837978363,,,,,,,,,,,,
9,,,32619,,,,,,,,,,,0.07281525433063507,,,,,,,,,,,,
9,,,32639,,,,,,,,,,,0.1848859041929245,,,,,,,,,,,,
9,,,32659,,,,,,,,,,,0.3928585946559906,,,,,,,,,,,,
9,,,32679,,,,,,,,,,,0.1265934556722641,,,,,,,,,,,,
9,,,32699,,,,,,,,,,,0.2279815375804901,,,,,,,,,,,,
9,,,32719,,,,,,,,,,,0.03619261458516121,,,,,,,,,,,,
9,,,32739,,,,,,,,,,,0.0737808421254158,,,,,,,,,,,,
9,,,32759,,,,,,,,,,,0.08144700527191162,,,,,,,,,,,,
9,,,32779,,,,,,,,,,,0.12618209421634674,,,,,,,,,,,,
9,,,32799,,,,,,,,,,,0.18099306523799896,,,,,,,,,,,,
9,,,32819,,,,,,,,,,,0.15936051309108734,,,,,,,,,,,,
9,,,32839,,,,,,,,,,,0.2098001390695572,,,,,,,,,,,,
9,,,32859,,,,,,,,,,,0.2406533658504486,,,,,,,,,,,,
9,,,32879,,,,,,,,,,,0.1138560026884079,,,,,,,,,,,,
9,,,32899,,,,,,,,,,,0.20856927335262299,,,,,,,,,,,,
9,,,32919,,,,,,,,,,,0.12918293476104736,,,,,,,,,,,,
9,,,32939,,,,,,,,,,,0.13784834742546082,,,,,,,,,,,,
9,,,32959,,,,,,,,,,,0.08376847207546234,,,,,,,,,,,,
9,,,32979,,,,,,,,,,,0.35394665598869324,,,,,,,,,,,,
9,,,32999,,,,,,,,,,,0.10761120170354843,,,,,,,,,,,,
9,,,33019,,,,,,,,,,,0.16767330467700958,,,,,,,,,,,,
9,,,33039,,,,,,,,,,,0.10073408484458923,,,,,,,,,,,,
9,,,33059,,,,,,,,,,,0.07451857626438141,,,,,,,,,,,,
9,,,33079,,,,,,,,,,,0.3978157639503479,,,,,,,,,,,,
9,,,33099,,,,,,,,,,,0.143625870347023,,,,,,,,,,,,
9,,,33119,,,,,,,,,,,0.12424776703119278,,,,,,,,,,,,
9,,,33139,,,,,,,,,,,0.28285694122314453,,,,,,,,,,,,
9,,,33159,,,,,,,,,,,0.10493014007806778,,,,,,,,,,,,
9,,,33179,,,,,,,,,,,0.07065166532993317,,,,,,,,,,,,
9,,,33199,,,,,,,,,,,0.3461911976337433,,,,,,,,,,,,
9,,,33219,,,,,,,,,,,0.12052863091230392,,,,,,,,,,,,
9,,,33239,,,,,,,,,,,0.09093683212995529,,,,,,,,,,,,
9,,,33259,,,,,,,,,,,0.06183720380067825,,,,,,,,,,,,
9,,,33279,,,,,,,,,,,0.2896002531051636,,,,,,,,,,,,
9,,,33299,,,,,,,,,,,0.1147148609161377,,,,,,,,,,,,
9,,,33319,,,,,,,,,,,0.13031645119190216,,,,,,,,,,,,
9,,,33339,,,,,,,,,,,0.1520470827817917,,,,,,,,,,,,
9,,,33359,,,,,,,,,,,0.08933006227016449,,,,,,,,,,,,
9,,,33379,,,,,,,,,,,0.06619258970022202,,,,,,,,,,,,
9,,,33399,,,,,,,,,,,0.21443958580493927,,,,,,,,,,,,
9,,,33419,,,,,,,,,,,0.13743838667869568,,,,,,,,,,,,
9,,,33439,,,,,,,,,,,0.09088309109210968,,,,,,,,,,,,
9,,,33459,,,,,,,,,,,0.05320653319358826,,,,,,,,,,,,
9,,,33479,,,,,,,,,,,0.08358683437108994,,,,,,,,,,,,
9,,,33499,,,,,,,,,,,0.1598907709121704,,,,,,,,,,,,
9,,,33519,,,,,,,,,,,0.24274559319019318,,,,,,,,,,,,
9,,,33539,,,,,,,,,,,0.09097173064947128,,,,,,,,,,,,
9,,,33559,,,,,,,,,,,0.18154996633529663,,,,,,,,,,,,
9,,,33579,,,,,,,,,,,0.2120307981967926,,,,,,,,,,,,
9,,,33599,,,,,,,,,,,0.17605480551719666,,,,,,,,,,,,
9,,,33619,,,,,,,,,,,0.06777939945459366,,,,,,,,,,,,
9,,,33639,,,,,,,,,,,0.10181275755167007,,,,,,,,,,,,
9,,,33659,,,,,,,,,,,0.10999047756195068,,,,,,,,,,,,
9,,,33679,,,,,,,,,,,0.12635484337806702,,,,,,,,,,,,
9,,,33699,,,,,,,,,,,0.11002634465694427,,,,,,,,,,,,
9,,,33719,,,,,,,,,,,0.1671246737241745,,,,,,,,,,,,
9,,,33739,,,,,,,,,,,0.062023699283599854,,,,,,,,,,,,
9,,,33759,,,,,,,,,,,0.04765147715806961,,,,,,,,,,,,
9,,,33779,,,,,,,,,,,0.16004958748817444,,,,,,,,,,,,
9,,,33799,,,,,,,,,,,0.08996041864156723,,,,,,,,,,,,
9,,,33819,,,,,,,,,,,0.17237207293510437,,,,,,,,,,,,
9,,,33839,,,,,,,,,,,0.13992135226726532,,,,,,,,,,,,
9,,,33859,,,,,,,,,,,0.15062949061393738,,,,,,,,,,,,
9,,,33879,,,,,,,,,,,0.24502454698085785,,,,,,,,,,,,
9,,,33899,,,,,,,,,,,0.22152076661586761,,,,,,,,,,,,
9,,,33919,,,,,,,,,,,0.06888511776924133,,,,,,,,,,,,
9,,,33939,,,,,,,,,,,0.12475492805242538,,,,,,,,,,,,
9,,,33959,,,,,,,,,,,0.16635771095752716,,,,,,,,,,,,
9,,,33979,,,,,,,,,,,0.1216483786702156,,,,,,,,,,,,
9,,,33999,,,,,,,,,,,0.11288103461265564,,,,,,,,,,,,
9,,,34019,,,,,,,,,,,0.11787015944719315,,,,,,,,,,,,
9,,,34039,,,,,,,,,,,0.23926199972629547,,,,,,,,,,,,
9,,,34059,,,,,,,,,,,0.07642101496458054,,,,,,,,,,,,
9,,,34079,,,,,,,,,,,0.23503044247627258,,,,,,,,,,,,
9,,,34099,,,,,,,,,,,0.2643918991088867,,,,,,,,,,,,
9,,,34119,,,,,,,,,,,0.09421457350254059,,,,,,,,,,,,
9,,,34139,,,,,,,,,,,0.3126584589481354,,,,,,,,,,,,
9,,,34159,,,,,,,,,,,0.1262514740228653,,,,,,,,,,,,
9,,,34179,,,,,,,,,,,0.07960981130599976,,,,,,,,,,,,
9,,,34199,,,,,,,,,,,0.16429536044597626,,,,,,,,,,,,
9,,,34219,,,,,,,,,,,0.2581290602684021,,,,,,,,,,,,
9,,,34239,,,,,,,,,,,0.08800602704286575,,,,,,,,,,,,
9,,,34259,,,,,,,,,,,0.2951820194721222,,,,,,,,,,,,
9,,,34279,,,,,,,,,,,0.055117882788181305,,,,,,,,,,,,
9,,,34299,,,,,,,,,,,0.22998860478401184,,,,,,,,,,,,
9,,,34319,,,,,,,,,,,0.06792080402374268,,,,,,,,,,,,
9,,,34339,,,,,,,,,,,0.1651560217142105,,,,,,,,,,,,
9,,,34359,,,,,,,,,,,0.11379549652338028,,,,,,,,,,,,
9,,,34379,,,,,,,,,,,0.0847717672586441,,,,,,,,,,,,
9,,,34399,,,,,,,,,,,0.18034255504608154,,,,,,,,,,,,
9,,,34419,,,,,,,,,,,0.10941575467586517,,,,,,,,,,,,
9,,,34439,,,,,,,,,,,0.09125354140996933,,,,,,,,,,,,
9,,,34459,,,,,,,,,,,0.21897144615650177,,,,,,,,,,,,
9,,,34479,,,,,,,,,,,0.14257696270942688,,,,,,,,,,,,
9,,,34499,,,,,,,,,,,0.08207404613494873,,,,,,,,,,,,
9,,,34519,,,,,,,,,,,0.04107023775577545,,,,,,,,,,,,
9,,,34539,,,,,,,,,,,0.18115872144699097,,,,,,,,,,,,
9,,,34559,,,,,,,,,,,0.05878626927733421,,,,,,,,,,,,
9,,,34579,,,,,,,,,,,0.05582813918590546,,,,,,,,,,,,
9,,,34599,,,,,,,,,,,0.2773328423500061,,,,,,,,,,,,
9,,,34619,,,,,,,,,,,0.10744695365428925,,,,,,,,,,,,
9,,,34639,,,,,,,,,,,0.08367150276899338,,,,,,,,,,,,
9,,,34659,,,,,,,,,,,0.07528179883956909,,,,,,,,,,,,
9,,,34679,,,,,,,,,,,0.27581846714019775,,,,,,,,,,,,
9,,,34699,,,,,,,,,,,0.07738001644611359,,,,,,,,,,,,
9,,,34719,,,,,,,,,,,0.06909627467393875,,,,,,,,,,,,
9,,,34739,,,,,,,,,,,0.22809568047523499,,,,,,,,,,,,
9,,,34759,,,,,,,,,,,0.05275186896324158,,,,,,,,,,,,
9,,,34779,,,,,,,,,,,0.3646865487098694,,,,,,,,,,,,
9,,,34799,,,,,,,,,,,0.06472409516572952,,,,,,,,,,,,
9,,,34819,,,,,,,,,,,0.1743456870317459,,,,,,,,,,,,
9,,,34819,,,,,,,,,,,,0.6430553197860718,0.8940613269805908,0.6523759961128235,1.6922638416290283,0.690976619720459,0.5667763352394104,0.6847217679023743,0.597679078578949,0.6429510712623596,0.8375450968742371,0.6857311129570007,0.6430553197860718
9,,,34819,,,,,,,,,0.9051057696342468,0.16105082631111145,,,,,,,,,,,,,
,0.00029890633111470807,0.00029890633111470807,34820,,,,,,,,,,,,,,,,,,,,,,,
10,,,34839,,,,,,,,,,,0.16607239842414856,,,,,,,,,,,,
10,,,34859,,,,,,,,,,,0.06296324729919434,,,,,,,,,,,,
10,,,34879,,,,,,,,,,,0.10266796499490738,,,,,,,,,,,,
10,,,34899,,,,,,,,,,,0.19025719165802002,,,,,,,,,,,,
10,,,34919,,,,,,,,,,,0.2888132929801941,,,,,,,,,,,,
10,,,34939,,,,,,,,,,,0.24649262428283691,,,,,,,,,,,,
10,,,34959,,,,,,,,,,,0.35871654748916626,,,,,,,,,,,,
10,,,34979,,,,,,,,,,,0.22351285815238953,,,,,,,,,,,,
10,,,34999,,,,,,,,,,,0.07309336960315704,,,,,,,,,,,,
10,,,35019,,,,,,,,,,,0.08741006255149841,,,,,,,,,,,,
10,,,35039,,,,,,,,,,,0.10349574685096741,,,,,,,,,,,,
10,,,35059,,,,,,,,,,,0.1707676500082016,,,,,,,,,,,,
10,,,35079,,,,,,,,,,,0.10403972864151001,,,,,,,,,,,,
10,,,35099,,,,,,,,,,,0.06724707037210464,,,,,,,,,,,,
10,,,35119,,,,,,,,,,,0.2603681683540344,,,,,,,,,,,,
10,,,35139,,,,,,,,,,,0.08774430304765701,,,,,,,,,,,,
10,,,35159,,,,,,,,,,,0.2447051703929901,,,,,,,,,,,,
10,,,35179,,,,,,,,,,,0.08202990144491196,,,,,,,,,,,,
10,,,35199,,,,,,,,,,,0.034789685159921646,,,,,,,,,,,,
10,,,35219,,,,,,,,,,,0.12445729970932007,,,,,,,,,,,,
10,,,35239,,,,,,,,,,,0.049221910536289215,,,,,,,,,,,,
10,,,35259,,,,,,,,,,,0.3148721754550934,,,,,,,,,,,,
10,,,35279,,,,,,,,,,,0.12310919910669327,,,,,,,,,,,,
10,,,35299,,,,,,,,,,,0.11340054124593735,,,,,,,,,,,,
10,,,35319,,,,,,,,,,,0.14966119825839996,,,,,,,,,,,,
10,,,35339,,,,,,,,,,,0.10236856341362,,,,,,,,,,,,
10,,,35359,,,,,,,,,,,0.29969972372055054,,,,,,,,,,,,
10,,,35379,,,,,,,,,,,0.1821085661649704,,,,,,,,,,,,
10,,,35399,,,,,,,,,,,0.08723315596580505,,,,,,,,,,,,
10,,,35419,,,,,,,,,,,0.0868697464466095,,,,,,,,,,,,
10,,,35439,,,,,,,,,,,0.17007805407047272,,,,,,,,,,,,
10,,,35459,,,,,,,,,,,0.0964430421590805,,,,,,,,,,,,
10,,,35479,,,,,,,,,,,0.11218826472759247,,,,,,,,,,,,
10,,,35499,,,,,,,,,,,0.10670452564954758,,,,,,,,,,,,
10,,,35519,,,,,,,,,,,0.06614555418491364,,,,,,,,,,,,
10,,,35539,,,,,,,,,,,0.09991037100553513,,,,,,,,,,,,
10,,,35559,,,,,,,,,,,0.06423577666282654,,,,,,,,,,,,
10,,,35579,,,,,,,,,,,0.23735305666923523,,,,,,,,,,,,
10,,,35599,,,,,,,,,,,0.07301822304725647,,,,,,,,,,,,
10,,,35619,,,,,,,,,,,0.135436549782753,,,,,,,,,,,,
10,,,35639,,,,,,,,,,,0.23914724588394165,,,,,,,,,,,,
10,,,35659,,,,,,,,,,,0.18029797077178955,,,,,,,,,,,,
10,,,35679,,,,,,,,,,,0.1223398894071579,,,,,,,,,,,,
10,,,35699,,,,,,,,,,,0.05234001949429512,,,,,,,,,,,,
10,,,35719,,,,,,,,,,,0.22027577459812164,,,,,,,,,,,,
10,,,35739,,,,,,,,,,,0.07455441355705261,,,,,,,,,,,,
10,,,35759,,,,,,,,,,,0.10083066672086716,,,,,,,,,,,,
10,,,35779,,,,,,,,,,,0.2834536135196686,,,,,,,,,,,,
10,,,35799,,,,,,,,,,,0.15087494254112244,,,,,,,,,,,,
10,,,35819,,,,,,,,,,,0.24181559681892395,,,,,,,,,,,,
10,,,35839,,,,,,,,,,,0.08463269472122192,,,,,,,,,,,,
10,,,35859,,,,,,,,,,,0.02596193365752697,,,,,,,,,,,,
10,,,35879,,,,,,,,,,,0.2531842887401581,,,,,,,,,,,,
10,,,35899,,,,,,,,,,,0.13536888360977173,,,,,,,,,,,,
10,,,35919,,,,,,,,,,,0.06167364493012428,,,,,,,,,,,,
10,,,35939,,,,,,,,,,,0.09680987894535065,,,,,,,,,,,,
10,,,35959,,,,,,,,,,,0.05879022926092148,,,,,,,,,,,,
10,,,35979,,,,,,,,,,,0.13103018701076508,,,,,,,,,,,,
10,,,35999,,,,,,,,,,,0.32595664262771606,,,,,,,,,,,,
10,,,36019,,,,,,,,,,,0.10280294716358185,,,,,,,,,,,,
10,,,36039,,,,,,,,,,,0.2651936113834381,,,,,,,,,,,,
10,,,36059,,,,,,,,,,,0.04022732377052307,,,,,,,,,,,,
10,,,36079,,,,,,,,,,,0.2391924262046814,,,,,,,,,,,,
10,,,36099,,,,,,,,,,,0.06357283145189285,,,,,,,,,,,,
10,,,36119,,,,,,,,,,,0.10474181175231934,,,,,,,,,,,,
10,,,36139,,,,,,,,,,,0.1336122453212738,,,,,,,,,,,,
10,,,36159,,,,,,,,,,,0.25104764103889465,,,,,,,,,,,,
10,,,36179,,,,,,,,,,,0.0995146781206131,,,,,,,,,,,,
10,,,36199,,,,,,,,,,,0.10703018307685852,,,,,,,,,,,,
10,,,36219,,,,,,,,,,,0.21585552394390106,,,,,,,,,,,,
10,,,36239,,,,,,,,,,,0.0717441737651825,,,,,,,,,,,,
10,,,36259,,,,,,,,,,,0.11438891291618347,,,,,,,,,,,,
10,,,36279,,,,,,,,,,,0.06242558732628822,,,,,,,,,,,,
10,,,36299,,,,,,,,,,,0.16135668754577637,,,,,,,,,,,,
10,,,36319,,,,,,,,,,,0.17860901355743408,,,,,,,,,,,,
10,,,36339,,,,,,,,,,,0.044397104531526566,,,,,,,,,,,,
10,,,36359,,,,,,,,,,,0.06631826609373093,,,,,,,,,,,,
10,,,36379,,,,,,,,,,,0.5070463418960571,,,,,,,,,,,,
10,,,36399,,,,,,,,,,,0.0788244977593422,,,,,,,,,,,,
10,,,36419,,,,,,,,,,,0.2608160078525543,,,,,,,,,,,,
10,,,36439,,,,,,,,,,,0.3764840364456177,,,,,,,,,,,,
10,,,36459,,,,,,,,,,,0.03492739051580429,,,,,,,,,,,,
10,,,36479,,,,,,,,,,,0.16153723001480103,,,,,,,,,,,,
10,,,36499,,,,,,,,,,,0.08271150290966034,,,,,,,,,,,,
10,,,36519,,,,,,,,,,,0.032031454145908356,,,,,,,,,,,,
10,,,36539,,,,,,,,,,,0.1985849142074585,,,,,,,,,,,,
10,,,36559,,,,,,,,,,,0.20715856552124023,,,,,,,,,,,,
10,,,36579,,,,,,,,,,,0.20561474561691284,,,,,,,,,,,,
10,,,36599,,,,,,,,,,,0.16051191091537476,,,,,,,,,,,,
10,,,36619,,,,,,,,,,,0.14019522070884705,,,,,,,,,,,,
10,,,36639,,,,,,,,,,,0.198737233877182,,,,,,,,,,,,
10,,,36659,,,,,,,,,,,0.05145687982439995,,,,,,,,,,,,
10,,,36679,,,,,,,,,,,0.0944826602935791,,,,,,,,,,,,
10,,,36699,,,,,,,,,,,0.04590868949890137,,,,,,,,,,,,
10,,,36719,,,,,,,,,,,0.21952655911445618,,,,,,,,,,,,
10,,,36739,,,,,,,,,,,0.11600519716739655,,,,,,,,,,,,
10,,,36759,,,,,,,,,,,0.09741540253162384,,,,,,,,,,,,
10,,,36779,,,,,,,,,,,0.1354219913482666,,,,,,,,,,,,
10,,,36799,,,,,,,,,,,0.06475125998258591,,,,,,,,,,,,
10,,,36819,,,,,,,,,,,0.114435113966465,,,,,,,,,,,,
10,,,36839,,,,,,,,,,,0.045925747603178024,,,,,,,,,,,,
10,,,36859,,,,,,,,,,,0.0463532879948616,,,,,,,,,,,,
10,,,36879,,,,,,,,,,,0.18546466529369354,,,,,,,,,,,,
10,,,36899,,,,,,,,,,,0.04482097923755646,,,,,,,,,,,,
10,,,36919,,,,,,,,,,,0.0911644697189331,,,,,,,,,,,,
10,,,36939,,,,,,,,,,,0.19288383424282074,,,,,,,,,,,,
10,,,36959,,,,,,,,,,,0.31223955750465393,,,,,,,,,,,,
10,,,36979,,,,,,,,,,,0.3522050678730011,,,,,,,,,,,,
10,,,36999,,,,,,,,,,,0.05434567481279373,,,,,,,,,,,,
10,,,37019,,,,,,,,,,,0.06150566786527634,,,,,,,,,,,,
10,,,37039,,,,,,,,,,,0.08281872421503067,,,,,,,,,,,,
10,,,37059,,,,,,,,,,,0.035449255257844925,,,,,,,,,,,,
10,,,37079,,,,,,,,,,,0.14752641320228577,,,,,,,,,,,,
10,,,37099,,,,,,,,,,,0.17711403965950012,,,,,,,,,,,,
10,,,37119,,,,,,,,,,,0.07379836589097977,,,,,,,,,,,,
10,,,37139,,,,,,,,,,,0.055215395987033844,,,,,,,,,,,,
10,,,37159,,,,,,,,,,,0.26161324977874756,,,,,,,,,,,,
10,,,37179,,,,,,,,,,,0.06468074768781662,,,,,,,,,,,,
10,,,37199,,,,,,,,,,,0.23384502530097961,,,,,,,,,,,,
10,,,37219,,,,,,,,,,,0.20184986293315887,,,,,,,,,,,,
10,,,37239,,,,,,,,,,,0.16585414111614227,,,,,,,,,,,,
10,,,37259,,,,,,,,,,,0.13289973139762878,,,,,,,,,,,,
10,,,37279,,,,,,,,,,,0.08765949308872223,,,,,,,,,,,,
10,,,37299,,,,,,,,,,,0.1398845911026001,,,,,,,,,,,,
10,,,37319,,,,,,,,,,,0.11245271563529968,,,,,,,,,,,,
10,,,37339,,,,,,,,,,,0.0511472187936306,,,,,,,,,,,,
10,,,37359,,,,,,,,,,,0.03648051992058754,,,,,,,,,,,,
10,,,37379,,,,,,,,,,,0.2709907591342926,,,,,,,,,,,,
10,,,37399,,,,,,,,,,,0.11839928478002548,,,,,,,,,,,,
10,,,37419,,,,,,,,,,,0.12267522513866425,,,,,,,,,,,,
10,,,37439,,,,,,,,,,,0.07165245711803436,,,,,,,,,,,,
10,,,37459,,,,,,,,,,,0.099810391664505,,,,,,,,,,,,
10,,,37479,,,,,,,,,,,0.14339624345302582,,,,,,,,,,,,
10,,,37499,,,,,,,,,,,0.03505407273769379,,,,,,,,,,,,
10,,,37519,,,,,,,,,,,0.08917359262704849,,,,,,,,,,,,
10,,,37539,,,,,,,,,,,0.06542140990495682,,,,,,,,,,,,
10,,,37559,,,,,,,,,,,0.2803296446800232,,,,,,,,,,,,
10,,,37579,,,,,,,,,,,0.15542437136173248,,,,,,,,,,,,
10,,,37599,,,,,,,,,,,0.04025329649448395,,,,,,,,,,,,
10,,,37619,,,,,,,,,,,0.35055017471313477,,,,,,,,,,,,
10,,,37639,,,,,,,,,,,0.18202155828475952,,,,,,,,,,,,
10,,,37659,,,,,,,,,,,0.14267846941947937,,,,,,,,,,,,
10,,,37679,,,,,,,,,,,0.2513650357723236,,,,,,,,,,,,
10,,,37699,,,,,,,,,,,0.04545826464891434,,,,,,,,,,,,
10,,,37719,,,,,,,,,,,0.23979082703590393,,,,,,,,,,,,
10,,,37739,,,,,,,,,,,0.14104598760604858,,,,,,,,,,,,
10,,,37759,,,,,,,,,,,0.1159224659204483,,,,,,,,,,,,
10,,,37779,,,,,,,,,,,0.14327621459960938,,,,,,,,,,,,
10,,,37799,,,,,,,,,,,0.3237137198448181,,,,,,,,,,,,
10,,,37819,,,,,,,,,,,0.07947951555252075,,,,,,,,,,,,
10,,,37839,,,,,,,,,,,0.15650472044944763,,,,,,,,,,,,
10,,,37859,,,,,,,,,,,0.0333881676197052,,,,,,,,,,,,
10,,,37879,,,,,,,,,,,0.26568713784217834,,,,,,,,,,,,
10,,,37899,,,,,,,,,,,0.11792801320552826,,,,,,,,,,,,
10,,,37919,,,,,,,,,,,0.028681665658950806,,,,,,,,,,,,
10,,,37939,,,,,,,,,,,0.3902665674686432,,,,,,,,,,,,
10,,,37959,,,,,,,,,,,0.18019844591617584,,,,,,,,,,,,
10,,,37979,,,,,,,,,,,0.1412648856639862,,,,,,,,,,,,
10,,,37999,,,,,,,,,,,0.01993732340633869,,,,,,,,,,,,
10,,,38019,,,,,,,,,,,0.1525219976902008,,,,,,,,,,,,
10,,,38039,,,,,,,,,,,0.34893712401390076,,,,,,,,,,,,
10,,,38059,,,,,,,,,,,0.17495980858802795,,,,,,,,,,,,
10,,,38079,,,,,,,,,,,0.10530103743076324,,,,,,,,,,,,
10,,,38099,,,,,,,,,,,0.05581405758857727,,,,,,,,,,,,
10,,,38119,,,,,,,,,,,0.057736191898584366,,,,,,,,,,,,
10,,,38139,,,,,,,,,,,0.2110898792743683,,,,,,,,,,,,
10,,,38159,,,,,,,,,,,0.02917676791548729,,,,,,,,,,,,
10,,,38179,,,,,,,,,,,0.18451720476150513,,,,,,,,,,,,
10,,,38199,,,,,,,,,,,0.09134966135025024,,,,,,,,,,,,
10,,,38219,,,,,,,,,,,0.055587075650691986,,,,,,,,,,,,
10,,,38239,,,,,,,,,,,0.27352175116539,,,,,,,,,,,,
10,,,38259,,,,,,,,,,,0.09787572175264359,,,,,,,,,,,,
10,,,38279,,,,,,,,,,,0.32340022921562195,,,,,,,,,,,,
10,,,38299,,,,,,,,,,,0.7068636417388916,,,,,,,,,,,,
10,,,38301,,,,,,,,,,,,0.5827032327651978,0.8649582862854004,0.5803767442703247,3.2281227111816406,0.7467765808105469,0.5562769174575806,0.675579309463501,0.7657270431518555,0.6062546968460083,0.7104037404060364,0.9047210216522217,0.5827032327651978
10,,,38301,,,,,,,,,0.9121471047401428,0.14954952895641327,,,,,,,,,,,,,
,0.00029754298604207154,0.00029754298604207154,38302,,,,,,,,,,,,,,,,,,,,,,,
11,,,38319,,,,,,,,,,,0.40366417169570923,,,,,,,,,,,,
11,,,38339,,,,,,,,,,,0.11281885206699371,,,,,,,,,,,,
11,,,38359,,,,,,,,,,,0.07739951461553574,,,,,,,,,,,,
11,,,38379,,,,,,,,,,,0.16494999825954437,,,,,,,,,,,,
11,,,38399,,,,,,,,,,,0.054638586938381195,,,,,,,,,,,,
11,,,38419,,,,,,,,,,,0.19039547443389893,,,,,,,,,,,,
11,,,38439,,,,,,,,,,,0.17608459293842316,,,,,,,,,,,,
11,,,38459,,,,,,,,,,,0.06777170300483704,,,,,,,,,,,,
11,,,38479,,,,,,,,,,,0.10390312224626541,,,,,,,,,,,,
11,,,38499,,,,,,,,,,,0.13878841698169708,,,,,,,,,,,,
11,,,38519,,,,,,,,,,,0.06519929319620132,,,,,,,,,,,,
11,,,38539,,,,,,,,,,,0.400759756565094,,,,,,,,,,,,
11,,,38559,,,,,,,,,,,0.06880202144384384,,,,,,,,,,,,
11,,,38579,,,,,,,,,,,0.14471925795078278,,,,,,,,,,,,
11,,,38599,,,,,,,,,,,0.024880442768335342,,,,,,,,,,,,
11,,,38619,,,,,,,,,,,0.0651915967464447,,,,,,,,,,,,
11,,,38639,,,,,,,,,,,0.1439472883939743,,,,,,,,,,,,
11,,,38659,,,,,,,,,,,0.05537037178874016,,,,,,,,,,,,
11,,,38679,,,,,,,,,,,0.18181131780147552,,,,,,,,,,,,
11,,,38699,,,,,,,,,,,0.25865426659584045,,,,,,,,,,,,
11,,,38719,,,,,,,,,,,0.07342862337827682,,,,,,,,,,,,
11,,,38739,,,,,,,,,,,0.12339112907648087,,,,,,,,,,,,
11,,,38759,,,,,,,,,,,0.21272234618663788,,,,,,,,,,,,
11,,,38779,,,,,,,,,,,0.07709144055843353,,,,,,,,,,,,
11,,,38799,,,,,,,,,,,0.12899711728096008,,,,,,,,,,,,
11,,,38819,,,,,,,,,,,0.17789003252983093,,,,,,,,,,,,
11,,,38839,,,,,,,,,,,0.22197556495666504,,,,,,,,,,,,
11,,,38859,,,,,,,,,,,0.16357740759849548,,,,,,,,,,,,
11,,,38879,,,,,,,,,,,0.36147254705429077,,,,,,,,,,,,
11,,,38899,,,,,,,,,,,0.10022570937871933,,,,,,,,,,,,
11,,,38919,,,,,,,,,,,0.2770404517650604,,,,,,,,,,,,
11,,,38939,,,,,,,,,,,0.17592588067054749,,,,,,,,,,,,
11,,,38959,,,,,,,,,,,0.05266425758600235,,,,,,,,,,,,
11,,,38979,,,,,,,,,,,0.13277554512023926,,,,,,,,,,,,
11,,,38999,,,,,,,,,,,0.13210269808769226,,,,,,,,,,,,
11,,,39019,,,,,,,,,,,0.12031490355730057,,,,,,,,,,,,
11,,,39039,,,,,,,,,,,0.3157637417316437,,,,,,,,,,,,
11,,,39059,,,,,,,,,,,0.11826646327972412,,,,,,,,,,,,
11,,,39079,,,,,,,,,,,0.05044098198413849,,,,,,,,,,,,
11,,,39099,,,,,,,,,,,0.07768905907869339,,,,,,,,,,,,
11,,,39119,,,,,,,,,,,0.30871760845184326,,,,,,,,,,,,
11,,,39139,,,,,,,,,,,0.06563650816679001,,,,,,,,,,,,
11,,,39159,,,,,,,,,,,0.274130254983902,,,,,,,,,,,,
11,,,39179,,,,,,,,,,,0.025973770767450333,,,,,,,,,,,,
11,,,39199,,,,,,,,,,,0.025268420577049255,,,,,,,,,,,,
11,,,39219,,,,,,,,,,,0.09646289050579071,,,,,,,,,,,,
11,,,39239,,,,,,,,,,,0.04530724883079529,,,,,,,,,,,,
11,,,39259,,,,,,,,,,,0.34471192955970764,,,,,,,,,,,,
11,,,39279,,,,,,,,,,,0.016534697264432907,,,,,,,,,,,,
11,,,39299,,,,,,,,,,,0.05489246919751167,,,,,,,,,,,,
11,,,39319,,,,,,,,,,,0.1273256242275238,,,,,,,,,,,,
11,,,39339,,,,,,,,,,,0.5622760653495789,,,,,,,,,,,,
11,,,39359,,,,,,,,,,,0.0854564979672432,,,,,,,,,,,,
11,,,39379,,,,,,,,,,,0.14354225993156433,,,,,,,,,,,,
11,,,39399,,,,,,,,,,,0.15580177307128906,,,,,,,,,,,,
11,,,39419,,,,,,,,,,,0.16715899109840393,,,,,,,,,,,,
11,,,39439,,,,,,,,,,,0.33191439509391785,,,,,,,,,,,,
11,,,39459,,,,,,,,,,,0.14336445927619934,,,,,,,,,,,,
11,,,39479,,,,,,,,,,,0.05637415871024132,,,,,,,,,,,,
11,,,39499,,,,,,,,,,,0.12624184787273407,,,,,,,,,,,,
11,,,39519,,,,,,,,,,,0.04410700500011444,,,,,,,,,,,,
11,,,39539,,,,,,,,,,,0.06643158942461014,,,,,,,,,,,,
11,,,39559,,,,,,,,,,,0.2482883632183075,,,,,,,,,,,,
11,,,39579,,,,,,,,,,,0.2922104001045227,,,,,,,,,,,,
11,,,39599,,,,,,,,,,,0.1067696064710617,,,,,,,,,,,,
11,,,39619,,,,,,,,,,,0.08403840661048889,,,,,,,,,,,,
11,,,39639,,,,,,,,,,,0.06456415355205536,,,,,,,,,,,,
11,,,39659,,,,,,,,,,,0.07548653334379196,,,,,,,,,,,,
11,,,39679,,,,,,,,,,,0.06928908824920654,,,,,,,,,,,,
11,,,39699,,,,,,,,,,,0.08539304882287979,,,,,,,,,,,,
11,,,39719,,,,,,,,,,,0.3308561444282532,,,,,,,,,,,,
11,,,39739,,,,,,,,,,,0.2260967493057251,,,,,,,,,,,,
11,,,39759,,,,,,,,,,,0.13367319107055664,,,,,,,,,,,,
11,,,39779,,,,,,,,,,,0.15820921957492828,,,,,,,,,,,,
11,,,39799,,,,,,,,,,,0.24029648303985596,,,,,,,,,,,,
11,,,39819,,,,,,,,,,,0.08713289350271225,,,,,,,,,,,,
11,,,39839,,,,,,,,,,,0.2644413113594055,,,,,,,,,,,,
11,,,39859,,,,,,,,,,,0.11053149402141571,,,,,,,,,,,,
11,,,39879,,,,,,,,,,,0.1084555983543396,,,,,,,,,,,,
11,,,39899,,,,,,,,,,,0.2673473656177521,,,,,,,,,,,,
11,,,39919,,,,,,,,,,,0.15377482771873474,,,,,,,,,,,,
11,,,39939,,,,,,,,,,,0.44356489181518555,,,,,,,,,,,,
11,,,39959,,,,,,,,,,,0.20185577869415283,,,,,,,,,,,,
11,,,39979,,,,,,,,,,,0.1874687224626541,,,,,,,,,,,,
11,,,39999,,,,,,,,,,,0.1816755086183548,,,,,,,,,,,,
11,,,40019,,,,,,,,,,,0.04132667928934097,,,,,,,,,,,,
11,,,40039,,,,,,,,,,,0.0773497149348259,,,,,,,,,,,,
11,,,40059,,,,,,,,,,,0.05781488120555878,,,,,,,,,,,,
11,,,40079,,,,,,,,,,,0.05679089576005936,,,,,,,,,,,,
11,,,40099,,,,,,,,,,,0.13703162968158722,,,,,,,,,,,,
11,,,40119,,,,,,,,,,,0.0577416755259037,,,,,,,,,,,,
11,,,40139,,,,,,,,,,,0.03913554921746254,,,,,,,,,,,,
11,,,40159,,,,,,,,,,,0.056750696152448654,,,,,,,,,,,,
11,,,40179,,,,,,,,,,,0.1138935536146164,,,,,,,,,,,,
11,,,40199,,,,,,,,,,,0.21974627673625946,,,,,,,,,,,,
11,,,40219,,,,,,,,,,,0.06303275376558304,,,,,,,,,,,,
11,,,40239,,,,,,,,,,,0.03556808829307556,,,,,,,,,,,,
11,,,40259,,,,,,,,,,,0.13929694890975952,,,,,,,,,,,,
11,,,40279,,,,,,,,,,,0.06552349030971527,,,,,,,,,,,,
11,,,40299,,,,,,,,,,,0.24482381343841553,,,,,,,,,,,,
11,,,40319,,,,,,,,,,,0.13017666339874268,,,,,,,,,,,,
11,,,40339,,,,,,,,,,,0.05300900340080261,,,,,,,,,,,,
11,,,40359,,,,,,,,,,,0.16761386394500732,,,,,,,,,,,,
11,,,40379,,,,,,,,,,,0.03474506735801697,,,,,,,,,,,,
11,,,40399,,,,,,,,,,,0.11188763380050659,,,,,,,,,,,,
11,,,40419,,,,,,,,,,,0.06201661750674248,,,,,,,,,,,,
11,,,40439,,,,,,,,,,,0.21434299647808075,,,,,,,,,,,,
11,,,40459,,,,,,,,,,,0.05576017498970032,,,,,,,,,,,,
11,,,40479,,,,,,,,,,,0.1217503473162651,,,,,,,,,,,,
11,,,40499,,,,,,,,,,,0.1126837357878685,,,,,,,,,,,,
11,,,40519,,,,,,,,,,,0.3979593515396118,,,,,,,,,,,,
11,,,40539,,,,,,,,,,,0.10501594841480255,,,,,,,,,,,,
11,,,40559,,,,,,,,,,,0.10907542705535889,,,,,,,,,,,,
11,,,40579,,,,,,,,,,,0.07100731134414673,,,,,,,,,,,,
11,,,40599,,,,,,,,,,,0.1641608327627182,,,,,,,,,,,,
11,,,40619,,,,,,,,,,,0.03767163306474686,,,,,,,,,,,,
11,,,40639,,,,,,,,,,,0.06479422003030777,,,,,,,,,,,,
11,,,40659,,,,,,,,,,,0.19661377370357513,,,,,,,,,,,,
11,,,40679,,,,,,,,,,,0.0736892893910408,,,,,,,,,,,,
11,,,40699,,,,,,,,,,,0.1753665655851364,,,,,,,,,,,,
11,,,40719,,,,,,,,,,,0.0199088454246521,,,,,,,,,,,,
11,,,40739,,,,,,,,,,,0.08614391833543777,,,,,,,,,,,,
11,,,40759,,,,,,,,,,,0.13914765417575836,,,,,,,,,,,,
11,,,40779,,,,,,,,,,,0.0758330300450325,,,,,,,,,,,,
11,,,40799,,,,,,,,,,,0.2916012108325958,,,,,,,,,,,,
11,,,40819,,,,,,,,,,,0.2076624035835266,,,,,,,,,,,,
11,,,40839,,,,,,,,,,,0.4992562532424927,,,,,,,,,,,,
11,,,40859,,,,,,,,,,,0.12041459232568741,,,,,,,,,,,,
11,,,40879,,,,,,,,,,,0.07765931636095047,,,,,,,,,,,,
11,,,40899,,,,,,,,,,,0.07592339813709259,,,,,,,,,,,,
11,,,40919,,,,,,,,,,,0.30979543924331665,,,,,,,,,,,,
11,,,40939,,,,,,,,,,,0.08184307813644409,,,,,,,,,,,,
11,,,40959,,,,,,,,,,,0.018173087388277054,,,,,,,,,,,,
11,,,40979,,,,,,,,,,,0.08912304043769836,,,,,,,,,,,,
11,,,40999,,,,,,,,,,,0.1880677491426468,,,,,,,,,,,,
11,,,41019,,,,,,,,,,,0.22575083374977112,,,,,,,,,,,,
11,,,41039,,,,,,,,,,,0.0257827490568161,,,,,,,,,,,,
11,,,41059,,,,,,,,,,,0.047936826944351196,,,,,,,,,,,,
11,,,41079,,,,,,,,,,,0.22860711812973022,,,,,,,,,,,,
11,,,41099,,,,,,,,,,,0.10923121869564056,,,,,,,,,,,,
11,,,41119,,,,,,,,,,,0.06000901013612747,,,,,,,,,,,,
11,,,41139,,,,,,,,,,,0.05949119105935097,,,,,,,,,,,,
11,,,41159,,,,,,,,,,,0.3863770365715027,,,,,,,,,,,,
11,,,41179,,,,,,,,,,,0.13022784888744354,,,,,,,,,,,,
11,,,41199,,,,,,,,,,,0.13188378512859344,,,,,,,,,,,,
11,,,41219,,,,,,,,,,,0.3429977595806122,,,,,,,,,,,,
11,,,41239,,,,,,,,,,,0.14978767931461334,,,,,,,,,,,,
11,,,41259,,,,,,,,,,,0.2867933213710785,,,,,,,,,,,,
11,,,41279,,,,,,,,,,,0.1098841056227684,,,,,,,,,,,,
11,,,41299,,,,,,,,,,,0.2946214973926544,,,,,,,,,,,,
11,,,41319,,,,,,,,,,,0.25641903281211853,,,,,,,,,,,,
11,,,41339,,,,,,,,,,,0.15066610276699066,,,,,,,,,,,,
11,,,41359,,,,,,,,,,,0.08775598555803299,,,,,,,,,,,,
11,,,41379,,,,,,,,,,,0.07960250228643417,,,,,,,,,,,,
11,,,41399,,,,,,,,,,,0.15254327654838562,,,,,,,,,,,,
11,,,41419,,,,,,,,,,,0.03569800779223442,,,,,,,,,,,,
11,,,41439,,,,,,,,,,,0.04848488047719002,,,,,,,,,,,,
11,,,41459,,,,,,,,,,,0.02882746234536171,,,,,,,,,,,,
11,,,41479,,,,,,,,,,,0.04364881291985512,,,,,,,,,,,,
11,,,41499,,,,,,,,,,,0.044809360057115555,,,,,,,,,,,,
11,,,41519,,,,,,,,,,,0.0631212592124939,,,,,,,,,,,,
11,,,41539,,,,,,,,,,,0.04410590976476669,,,,,,,,,,,,
11,,,41559,,,,,,,,,,,0.03633497655391693,,,,,,,,,,,,
11,,,41579,,,,,,,,,,,0.15350890159606934,,,,,,,,,,,,
11,,,41599,,,,,,,,,,,0.07261984050273895,,,,,,,,,,,,
11,,,41619,,,,,,,,,,,0.16796685755252838,,,,,,,,,,,,
11,,,41639,,,,,,,,,,,0.09415698796510696,,,,,,,,,,,,
11,,,41659,,,,,,,,,,,0.09087052941322327,,,,,,,,,,,,
11,,,41679,,,,,,,,,,,0.07273045182228088,,,,,,,,,,,,
11,,,41699,,,,,,,,,,,0.014556696638464928,,,,,,,,,,,,
11,,,41719,,,,,,,,,,,0.15220403671264648,,,,,,,,,,,,
11,,,41739,,,,,,,,,,,0.11051629483699799,,,,,,,,,,,,
11,,,41759,,,,,,,,,,,0.3863946199417114,,,,,,,,,,,,
11,,,41779,,,,,,,,,,,0.042470064014196396,,,,,,,,,,,,
11,,,41783,,,,,,,,,,,,0.6018319725990295,0.8750794529914856,0.6121295690536499,1.7680583000183105,0.6789978742599487,0.5031844973564148,0.6292362809181213,0.45137766003608704,0.727401614189148,0.8288124203681946,0.7083998918533325,0.6018319725990295
11,,,41783,,,,,,,,,0.9183329939842224,0.13981476426124573,,,,,,,,,,,,,
,0.00029564127261390776,0.00029564127261390776,41784,,,,,,,,,,,,,,,,,,,,,,,
12,,,41799,,,,,,,,,,,0.14660578966140747,,,,,,,,,,,,
12,,,41819,,,,,,,,,,,0.10006127506494522,,,,,,,,,,,,
12,,,41839,,,,,,,,,,,0.2334940880537033,,,,,,,,,,,,
12,,,41859,,,,,,,,,,,0.08401073515415192,,,,,,,,,,,,
12,,,41879,,,,,,,,,,,0.21309877932071686,,,,,,,,,,,,
12,,,41899,,,,,,,,,,,0.17352554202079773,,,,,,,,,,,,
12,,,41919,,,,,,,,,,,0.045372962951660156,,,,,,,,,,,,
12,,,41939,,,,,,,,,,,0.07259969413280487,,,,,,,,,,,,
12,,,41959,,,,,,,,,,,0.22157666087150574,,,,,,,,,,,,
12,,,41979,,,,,,,,,,,0.09368637949228287,,,,,,,,,,,,
12,,,41999,,,,,,,,,,,0.43628165125846863,,,,,,,,,,,,
12,,,42019,,,,,,,,,,,0.052604854106903076,,,,,,,,,,,,
12,,,42039,,,,,,,,,,,0.15026287734508514,,,,,,,,,,,,
12,,,42059,,,,,,,,,,,0.1348697543144226,,,,,,,,,,,,
12,,,42079,,,,,,,,,,,0.4493718445301056,,,,,,,,,,,,
12,,,42099,,,,,,,,,,,0.17526453733444214,,,,,,,,,,,,
12,,,42119,,,,,,,,,,,0.15451231598854065,,,,,,,,,,,,
12,,,42139,,,,,,,,,,,0.053841523826122284,,,,,,,,,,,,
12,,,42159,,,,,,,,,,,0.08609075844287872,,,,,,,,,,,,
12,,,42179,,,,,,,,,,,0.15955403447151184,,,,,,,,,,,,
12,,,42199,,,,,,,,,,,0.014461847022175789,,,,,,,,,,,,
12,,,42219,,,,,,,,,,,0.07643983513116837,,,,,,,,,,,,
12,,,42239,,,,,,,,,,,0.08415688574314117,,,,,,,,,,,,
12,,,42259,,,,,,,,,,,0.06764689087867737,,,,,,,,,,,,
12,,,42279,,,,,,,,,,,0.042541757225990295,,,,,,,,,,,,
12,,,42299,,,,,,,,,,,0.12636244297027588,,,,,,,,,,,,
12,,,42319,,,,,,,,,,,0.1843963861465454,,,,,,,,,,,,
12,,,42339,,,,,,,,,,,0.10776088386774063,,,,,,,,,,,,
12,,,42359,,,,,,,,,,,0.2081923931837082,,,,,,,,,,,,
12,,,42379,,,,,,,,,,,0.06814125925302505,,,,,,,,,,,,
12,,,42399,,,,,,,,,,,0.06447772681713104,,,,,,,,,,,,
12,,,42419,,,,,,,,,,,0.07646030187606812,,,,,,,,,,,,
12,,,42439,,,,,,,,,,,0.10408735275268555,,,,,,,,,,,,
12,,,42459,,,,,,,,,,,0.07142610102891922,,,,,,,,,,,,
12,,,42479,,,,,,,,,,,0.07446662336587906,,,,,,,,,,,,
12,,,42499,,,,,,,,,,,0.08286305516958237,,,,,,,,,,,,
12,,,42519,,,,,,,,,,,0.3357067406177521,,,,,,,,,,,,
12,,,42539,,,,,,,,,,,0.08278027176856995,,,,,,,,,,,,
12,,,42559,,,,,,,,,,,0.11856153607368469,,,,,,,,,,,,
12,,,42579,,,,,,,,,,,0.23722249269485474,,,,,,,,,,,,
12,,,42599,,,,,,,,,,,0.04713045433163643,,,,,,,,,,,,
12,,,42619,,,,,,,,,,,0.09415058046579361,,,,,,,,,,,,
12,,,42639,,,,,,,,,,,0.06595613062381744,,,,,,,,,,,,
12,,,42659,,,,,,,,,,,0.2357666790485382,,,,,,,,,,,,
12,,,42679,,,,,,,,,,,0.008695551194250584,,,,,,,,,,,,
12,,,42699,,,,,,,,,,,0.07525365799665451,,,,,,,,,,,,
12,,,42719,,,,,,,,,,,0.04587596654891968,,,,,,,,,,,,
12,,,42739,,,,,,,,,,,0.06197375804185867,,,,,,,,,,,,
12,,,42759,,,,,,,,,,,0.05650903284549713,,,,,,,,,,,,
12,,,42779,,,,,,,,,,,0.13923658430576324,,,,,,,,,,,,
12,,,42799,,,,,,,,,,,0.38163670897483826,,,,,,,,,,,,
12,,,42819,,,,,,,,,,,0.25761255621910095,,,,,,,,,,,,
12,,,42839,,,,,,,,,,,0.1496591717004776,,,,,,,,,,,,
12,,,42859,,,,,,,,,,,0.12921711802482605,,,,,,,,,,,,
12,,,42879,,,,,,,,,,,0.09140360355377197,,,,,,,,,,,,
12,,,42899,,,,,,,,,,,0.048506032675504684,,,,,,,,,,,,
12,,,42919,,,,,,,,,,,0.10670943558216095,,,,,,,,,,,,
12,,,42939,,,,,,,,,,,0.24363063275814056,,,,,,,,,,,,
12,,,42959,,,,,,,,,,,0.23791621625423431,,,,,,,,,,,,
12,,,42979,,,,,,,,,,,0.2544959783554077,,,,,,,,,,,,
12,,,42999,,,,,,,,,,,0.16186076402664185,,,,,,,,,,,,
12,,,43019,,,,,,,,,,,0.055707432329654694,,,,,,,,,,,,
12,,,43039,,,,,,,,,,,0.16573652625083923,,,,,,,,,,,,
12,,,43059,,,,,,,,,,,0.08232349157333374,,,,,,,,,,,,
12,,,43079,,,,,,,,,,,0.03059055283665657,,,,,,,,,,,,
12,,,43099,,,,,,,,,,,0.14064303040504456,,,,,,,,,,,,
12,,,43119,,,,,,,,,,,0.025614921003580093,,,,,,,,,,,,
12,,,43139,,,,,,,,,,,0.06446995586156845,,,,,,,,,,,,
12,,,43159,,,,,,,,,,,0.03431866317987442,,,,,,,,,,,,
12,,,43179,,,,,,,,,,,0.03004799596965313,,,,,,,,,,,,
12,,,43199,,,,,,,,,,,0.1009693443775177,,,,,,,,,,,,
12,,,43219,,,,,,,,,,,0.13315041363239288,,,,,,,,,,,,
12,,,43239,,,,,,,,,,,0.16803713142871857,,,,,,,,,,,,
12,,,43259,,,,,,,,,,,0.059226710349321365,,,,,,,,,,,,
12,,,43279,,,,,,,,,,,0.06624983251094818,,,,,,,,,,,,
12,,,43299,,,,,,,,,,,0.17953728139400482,,,,,,,,,,,,
12,,,43319,,,,,,,,,,,0.0586165226995945,,,,,,,,,,,,
12,,,43339,,,,,,,,,,,0.2771501839160919,,,,,,,,,,,,
12,,,43359,,,,,,,,,,,0.03705946356058121,,,,,,,,,,,,
12,,,43379,,,,,,,,,,,0.28499478101730347,,,,,,,,,,,,
12,,,43399,,,,,,,,,,,0.17273537814617157,,,,,,,,,,,,
12,,,43419,,,,,,,,,,,0.10435227304697037,,,,,,,,,,,,
12,,,43439,,,,,,,,,,,0.32536470890045166,,,,,,,,,,,,
12,,,43459,,,,,,,,,,,0.062103576958179474,,,,,,,,,,,,
12,,,43479,,,,,,,,,,,0.10532288253307343,,,,,,,,,,,,
12,,,43499,,,,,,,,,,,0.28098973631858826,,,,,,,,,,,,
12,,,43519,,,,,,,,,,,0.10006606578826904,,,,,,,,,,,,
12,,,43539,,,,,,,,,,,0.07785055041313171,,,,,,,,,,,,
12,,,43559,,,,,,,,,,,0.07560094445943832,,,,,,,,,,,,
12,,,43579,,,,,,,,,,,0.24411115050315857,,,,,,,,,,,,
12,,,43599,,,,,,,,,,,0.1307414174079895,,,,,,,,,,,,
12,,,43619,,,,,,,,,,,0.058411259204149246,,,,,,,,,,,,
12,,,43639,,,,,,,,,,,0.1165136843919754,,,,,,,,,,,,
12,,,43659,,,,,,,,,,,0.06617280095815659,,,,,,,,,,,,
12,,,43679,,,,,,,,,,,0.08891415596008301,,,,,,,,,,,,
12,,,43699,,,,,,,,,,,0.24397410452365875,,,,,,,,,,,,
12,,,43719,,,,,,,,,,,0.14501824975013733,,,,,,,,,,,,
12,,,43739,,,,,,,,,,,0.037944573909044266,,,,,,,,,,,,
12,,,43759,,,,,,,,,,,0.12153368443250656,,,,,,,,,,,,
12,,,43779,,,,,,,,,,,0.1261894851922989,,,,,,,,,,,,
12,,,43799,,,,,,,,,,,0.13880833983421326,,,,,,,,,,,,
12,,,43819,,,,,,,,,,,0.02812816947698593,,,,,,,,,,,,
12,,,43839,,,,,,,,,,,0.023870965465903282,,,,,,,,,,,,
12,,,43859,,,,,,,,,,,0.15733680129051208,,,,,,,,,,,,
12,,,43879,,,,,,,,,,,0.10321969538927078,,,,,,,,,,,,
12,,,43899,,,,,,,,,,,0.08051106333732605,,,,,,,,,,,,
12,,,43919,,,,,,,,,,,0.18858793377876282,,,,,,,,,,,,
12,,,43939,,,,,,,,,,,0.2809004783630371,,,,,,,,,,,,
12,,,43959,,,,,,,,,,,0.11112603545188904,,,,,,,,,,,,
12,,,43979,,,,,,,,,,,0.19337531924247742,,,,,,,,,,,,
12,,,43999,,,,,,,,,,,0.26927170157432556,,,,,,,,,,,,
12,,,44019,,,,,,,,,,,0.07712990790605545,,,,,,,,,,,,
12,,,44039,,,,,,,,,,,0.34833264350891113,,,,,,,,,,,,
12,,,44059,,,,,,,,,,,0.25891560316085815,,,,,,,,,,,,
12,,,44079,,,,,,,,,,,0.3676423728466034,,,,,,,,,,,,
12,,,44099,,,,,,,,,,,0.05280325561761856,,,,,,,,,,,,
12,,,44119,,,,,,,,,,,0.036916375160217285,,,,,,,,,,,,
12,,,44139,,,,,,,,,,,0.0870756059885025,,,,,,,,,,,,
12,,,44159,,,,,,,,,,,0.05112891644239426,,,,,,,,,,,,
12,,,44179,,,,,,,,,,,0.16825945675373077,,,,,,,,,,,,
12,,,44199,,,,,,,,,,,0.118063785135746,,,,,,,,,,,,
12,,,44219,,,,,,,,,,,0.1820717304944992,,,,,,,,,,,,
12,,,44239,,,,,,,,,,,0.29409438371658325,,,,,,,,,,,,
12,,,44259,,,,,,,,,,,0.07762123644351959,,,,,,,,,,,,
12,,,44279,,,,,,,,,,,0.1323021501302719,,,,,,,,,,,,
12,,,44299,,,,,,,,,,,0.29443296790122986,,,,,,,,,,,,
12,,,44319,,,,,,,,,,,0.08688254654407501,,,,,,,,,,,,
12,,,44339,,,,,,,,,,,0.4236988425254822,,,,,,,,,,,,
12,,,44359,,,,,,,,,,,0.1073225662112236,,,,,,,,,,,,
12,,,44379,,,,,,,,,,,0.12261446565389633,,,,,,,,,,,,
12,,,44399,,,,,,,,,,,0.036922913044691086,,,,,,,,,,,,
12,,,44419,,,,,,,,,,,0.3716384768486023,,,,,,,,,,,,
12,,,44439,,,,,,,,,,,0.04536848142743111,,,,,,,,,,,,
12,,,44459,,,,,,,,,,,0.15661287307739258,,,,,,,,,,,,
12,,,44479,,,,,,,,,,,0.03887663781642914,,,,,,,,,,,,
12,,,44499,,,,,,,,,,,0.17239823937416077,,,,,,,,,,,,
12,,,44519,,,,,,,,,,,0.08179470151662827,,,,,,,,,,,,
12,,,44539,,,,,,,,,,,0.2538633942604065,,,,,,,,,,,,
12,,,44559,,,,,,,,,,,0.22080910205841064,,,,,,,,,,,,
12,,,44579,,,,,,,,,,,0.029582766816020012,,,,,,,,,,,,
12,,,44599,,,,,,,,,,,0.5969835519790649,,,,,,,,,,,,
12,,,44619,,,,,,,,,,,0.014105280861258507,,,,,,,,,,,,
12,,,44639,,,,,,,,,,,0.07163519412279129,,,,,,,,,,,,
12,,,44659,,,,,,,,,,,0.08610469102859497,,,,,,,,,,,,
12,,,44679,,,,,,,,,,,0.10050643235445023,,,,,,,,,,,,
12,,,44699,,,,,,,,,,,0.020015571266412735,,,,,,,,,,,,
12,,,44719,,,,,,,,,,,0.06218861788511276,,,,,,,,,,,,
12,,,44739,,,,,,,,,,,0.12331327050924301,,,,,,,,,,,,
12,,,44759,,,,,,,,,,,0.07271187752485275,,,,,,,,,,,,
12,,,44779,,,,,,,,,,,0.06477627903223038,,,,,,,,,,,,
12,,,44799,,,,,,,,,,,0.0972675085067749,,,,,,,,,,,,
12,,,44819,,,,,,,,,,,0.07598614692687988,,,,,,,,,,,,
12,,,44839,,,,,,,,,,,0.263416588306427,,,,,,,,,,,,
12,,,44859,,,,,,,,,,,0.2284291535615921,,,,,,,,,,,,
12,,,44879,,,,,,,,,,,0.12754932045936584,,,,,,,,,,,,
12,,,44899,,,,,,,,,,,0.04252146556973457,,,,,,,,,,,,
12,,,44919,,,,,,,,,,,0.11772263050079346,,,,,,,,,,,,
12,,,44939,,,,,,,,,,,0.03317197039723396,,,,,,,,,,,,
12,,,44959,,,,,,,,,,,0.0322076790034771,,,,,,,,,,,,
12,,,44979,,,,,,,,,,,0.07288768887519836,,,,,,,,,,,,
12,,,44999,,,,,,,,,,,0.1402418613433838,,,,,,,,,,,,
12,,,45019,,,,,,,,,,,0.09278574585914612,,,,,,,,,,,,
12,,,45039,,,,,,,,,,,0.07475624233484268,,,,,,,,,,,,
12,,,45059,,,,,,,,,,,0.055618394166231155,,,,,,,,,,,,
12,,,45079,,,,,,,,,,,0.061517342925071716,,,,,,,,,,,,
12,,,45099,,,,,,,,,,,0.21606679260730743,,,,,,,,,,,,
12,,,45119,,,,,,,,,,,0.06579471379518509,,,,,,,,,,,,
12,,,45139,,,,,,,,,,,0.05439678952097893,,,,,,,,,,,,
12,,,45159,,,,,,,,,,,0.2880750596523285,,,,,,,,,,,,
12,,,45179,,,,,,,,,,,0.2026233673095703,,,,,,,,,,,,
12,,,45199,,,,,,,,,,,0.022092722356319427,,,,,,,,,,,,
12,,,45219,,,,,,,,,,,0.046884067356586456,,,,,,,,,,,,
12,,,45239,,,,,,,,,,,0.06358877569437027,,,,,,,,,,,,
12,,,45259,,,,,,,,,,,0.04840013384819031,,,,,,,,,,,,
12,,,45265,,,,,,,,,,,,0.6101012825965881,0.874485969543457,0.6207616329193115,2.6541686058044434,0.6958858966827393,0.5517378449440002,0.6722690463066101,0.6481517553329468,0.5877601504325867,0.8143548965454102,0.733276903629303,0.6101012825965881
12,,,45265,,,,,,,,,0.9233204126358032,0.13154037296772003,,,,,,,,,,,,,
,0.0002932081299762818,0.0002932081299762818,45266,,,,,,,,,,,,,,,,,,,,,,,
13,,,45279,,,,,,,,,,,0.10830197483301163,,,,,,,,,,,,
13,,,45299,,,,,,,,,,,0.04490146040916443,,,,,,,,,,,,
13,,,45319,,,,,,,,,,,0.07919900119304657,,,,,,,,,,,,
13,,,45339,,,,,,,,,,,0.21767695248126984,,,,,,,,,,,,
13,,,45359,,,,,,,,,,,0.17392371594905853,,,,,,,,,,,,
13,,,45379,,,,,,,,,,,0.04274541884660721,,,,,,,,,,,,
13,,,45399,,,,,,,,,,,0.11833657324314117,,,,,,,,,,,,
13,,,45419,,,,,,,,,,,0.15268751978874207,,,,,,,,,,,,
13,,,45439,,,,,,,,,,,0.11660471558570862,,,,,,,,,,,,
13,,,45459,,,,,,,,,,,0.23880530893802643,,,,,,,,,,,,
13,,,45479,,,,,,,,,,,0.23737603425979614,,,,,,,,,,,,
13,,,45499,,,,,,,,,,,0.05818101763725281,,,,,,,,,,,,
13,,,45519,,,,,,,,,,,0.032401517033576965,,,,,,,,,,,,
13,,,45539,,,,,,,,,,,0.06084400415420532,,,,,,,,,,,,
13,,,45559,,,,,,,,,,,0.09540924429893494,,,,,,,,,,,,
13,,,45579,,,,,,,,,,,0.27822038531303406,,,,,,,,,,,,
13,,,45599,,,,,,,,,,,0.10798396170139313,,,,,,,,,,,,
13,,,45619,,,,,,,,,,,0.04241280257701874,,,,,,,,,,,,
13,,,45639,,,,,,,,,,,0.06538631021976471,,,,,,,,,,,,
13,,,45659,,,,,,,,,,,0.21118521690368652,,,,,,,,,,,,
13,,,45679,,,,,,,,,,,0.05980229005217552,,,,,,,,,,,,
13,,,45699,,,,,,,,,,,0.03751033544540405,,,,,,,,,,,,
13,,,45719,,,,,,,,,,,0.03630839288234711,,,,,,,,,,,,
13,,,45739,,,,,,,,,,,0.09735549986362457,,,,,,,,,,,,
13,,,45759,,,,,,,,,,,0.2815972864627838,,,,,,,,,,,,
13,,,45779,,,,,,,,,,,0.2717464566230774,,,,,,,,,,,,
13,,,45799,,,,,,,,,,,0.051843516528606415,,,,,,,,,,,,
13,,,45819,,,,,,,,,,,0.08687379956245422,,,,,,,,,,,,
13,,,45839,,,,,,,,,,,0.033654987812042236,,,,,,,,,,,,
13,,,45859,,,,,,,,,,,0.03436531871557236,,,,,,,,,,,,
13,,,45879,,,,,,,,,,,0.33140239119529724,,,,,,,,,,,,
13,,,45899,,,,,,,,,,,0.10229503363370895,,,,,,,,,,,,
13,,,45919,,,,,,,,,,,0.05498446524143219,,,,,,,,,,,,
13,,,45939,,,,,,,,,,,0.08142027258872986,,,,,,,,,,,,
13,,,45959,,,,,,,,,,,0.1154445931315422,,,,,,,,,,,,
13,,,45979,,,,,,,,,,,0.40816426277160645,,,,,,,,,,,,
13,,,45999,,,,,,,,,,,0.2160731703042984,,,,,,,,,,,,
13,,,46019,,,,,,,,,,,0.29392725229263306,,,,,,,,,,,,
13,,,46039,,,,,,,,,,,0.05324355512857437,,,,,,,,,,,,
13,,,46059,,,,,,,,,,,0.27451038360595703,,,,,,,,,,,,
13,,,46079,,,,,,,,,,,0.2602020800113678,,,,,,,,,,,,
13,,,46099,,,,,,,,,,,0.05056275054812431,,,,,,,,,,,,
13,,,46119,,,,,,,,,,,0.14110882580280304,,,,,,,,,,,,
13,,,46139,,,,,,,,,,,0.04552503675222397,,,,,,,,,,,,
13,,,46159,,,,,,,,,,,0.1835329532623291,,,,,,,,,,,,
13,,,46179,,,,,,,,,,,0.07930288463830948,,,,,,,,,,,,
13,,,46199,,,,,,,,,,,0.22484390437602997,,,,,,,,,,,,
13,,,46219,,,,,,,,,,,0.08411332964897156,,,,,,,,,,,,
13,,,46239,,,,,,,,,,,0.07838174700737,,,,,,,,,,,,
13,,,46259,,,,,,,,,,,0.04153783991932869,,,,,,,,,,,,
13,,,46279,,,,,,,,,,,0.027106046676635742,,,,,,,,,,,,
13,,,46299,,,,,,,,,,,0.04186152666807175,,,,,,,,,,,,
13,,,46319,,,,,,,,,,,0.07073348760604858,,,,,,,,,,,,
13,,,46339,,,,,,,,,,,0.03272538632154465,,,,,,,,,,,,
13,,,46359,,,,,,,,,,,0.01861005835235119,,,,,,,,,,,,
13,,,46379,,,,,,,,,,,0.15892526507377625,,,,,,,,,,,,
13,,,46399,,,,,,,,,,,0.11670204252004623,,,,,,,,,,,,
13,,,46419,,,,,,,,,,,0.26379016041755676,,,,,,,,,,,,
13,,,46439,,,,,,,,,,,0.09484124183654785,,,,,,,,,,,,
13,,,46459,,,,,,,,,,,0.3530358672142029,,,,,,,,,,,,
13,,,46479,,,,,,,,,,,0.0679771676659584,,,,,,,,,,,,
13,,,46499,,,,,,,,,,,0.2594340443611145,,,,,,,,,,,,
13,,,46519,,,,,,,,,,,0.1461370885372162,,,,,,,,,,,,
13,,,46539,,,,,,,,,,,0.3236032724380493,,,,,,,,,,,,
13,,,46559,,,,,,,,,,,0.4299227297306061,,,,,,,,,,,,
13,,,46579,,,,,,,,,,,0.025825098156929016,,,,,,,,,,,,
13,,,46599,,,,,,,,,,,0.04996052384376526,,,,,,,,,,,,
13,,,46619,,,,,,,,,,,0.06381907314062119,,,,,,,,,,,,
13,,,46639,,,,,,,,,,,0.07414531707763672,,,,,,,,,,,,
13,,,46659,,,,,,,,,,,0.12390512228012085,,,,,,,,,,,,
13,,,46679,,,,,,,,,,,0.10452627390623093,,,,,,,,,,,,
13,,,46699,,,,,,,,,,,0.016476798802614212,,,,,,,,,,,,
13,,,46719,,,,,,,,,,,0.15075770020484924,,,,,,,,,,,,
13,,,46739,,,,,,,,,,,0.1510218232870102,,,,,,,,,,,,
13,,,46759,,,,,,,,,,,0.2707461416721344,,,,,,,,,,,,
13,,,46779,,,,,,,,,,,0.0947086438536644,,,,,,,,,,,,
13,,,46799,,,,,,,,,,,0.20849309861660004,,,,,,,,,,,,
13,,,46819,,,,,,,,,,,0.05022721737623215,,,,,,,,,,,,
13,,,46839,,,,,,,,,,,0.05911030247807503,,,,,,,,,,,,
13,,,46859,,,,,,,,,,,0.17908385396003723,,,,,,,,,,,,
13,,,46879,,,,,,,,,,,0.07987482845783234,,,,,,,,,,,,
13,,,46899,,,,,,,,,,,0.11333730071783066,,,,,,,,,,,,
13,,,46919,,,,,,,,,,,0.25987252593040466,,,,,,,,,,,,
13,,,46939,,,,,,,,,,,0.08497560769319534,,,,,,,,,,,,
13,,,46959,,,,,,,,,,,0.038458775728940964,,,,,,,,,,,,
13,,,46979,,,,,,,,,,,0.2932170033454895,,,,,,,,,,,,
13,,,46999,,,,,,,,,,,0.08145701885223389,,,,,,,,,,,,
13,,,47019,,,,,,,,,,,0.37066543102264404,,,,,,,,,,,,
13,,,47039,,,,,,,,,,,0.16087937355041504,,,,,,,,,,,,
13,,,47059,,,,,,,,,,,0.12282564491033554,,,,,,,,,,,,
13,,,47079,,,,,,,,,,,0.06371608376502991,,,,,,,,,,,,
13,,,47099,,,,,,,,,,,0.03954728692770004,,,,,,,,,,,,
13,,,47119,,,,,,,,,,,0.5277938842773438,,,,,,,,,,,,
13,,,47139,,,,,,,,,,,0.22885940968990326,,,,,,,,,,,,
13,,,47159,,,,,,,,,,,0.0873204842209816,,,,,,,,,,,,
13,,,47179,,,,,,,,,,,0.06845282018184662,,,,,,,,,,,,
13,,,47199,,,,,,,,,,,0.08272801339626312,,,,,,,,,,,,
13,,,47219,,,,,,,,,,,0.11991113424301147,,,,,,,,,,,,
13,,,47239,,,,,,,,,,,0.13950896263122559,,,,,,,,,,,,
13,,,47259,,,,,,,,,,,0.22331629693508148,,,,,,,,,,,,
13,,,47279,,,,,,,,,,,0.060441356152296066,,,,,,,,,,,,
13,,,47299,,,,,,,,,,,0.07612799108028412,,,,,,,,,,,,
13,,,47319,,,,,,,,,,,0.033818136900663376,,,,,,,,,,,,
13,,,47339,,,,,,,,,,,0.07758139818906784,,,,,,,,,,,,
13,,,47359,,,,,,,,,,,0.10279073566198349,,,,,,,,,,,,
13,,,47379,,,,,,,,,,,0.06232316046953201,,,,,,,,,,,,
13,,,47399,,,,,,,,,,,0.35233500599861145,,,,,,,,,,,,
13,,,47419,,,,,,,,,,,0.17594611644744873,,,,,,,,,,,,
13,,,47439,,,,,,,,,,,0.18286825716495514,,,,,,,,,,,,
13,,,47459,,,,,,,,,,,0.09366575628519058,,,,,,,,,,,,
13,,,47479,,,,,,,,,,,0.08453264832496643,,,,,,,,,,,,
13,,,47499,,,,,,,,,,,0.044138796627521515,,,,,,,,,,,,
13,,,47519,,,,,,,,,,,0.26702722907066345,,,,,,,,,,,,
13,,,47539,,,,,,,,,,,0.107198566198349,,,,,,,,,,,,
13,,,47559,,,,,,,,,,,0.06814303994178772,,,,,,,,,,,,
13,,,47579,,,,,,,,,,,0.04375956952571869,,,,,,,,,,,,
13,,,47599,,,,,,,,,,,0.1348024308681488,,,,,,,,,,,,
13,,,47619,,,,,,,,,,,0.03901425004005432,,,,,,,,,,,,
13,,,47639,,,,,,,,,,,0.20683979988098145,,,,,,,,,,,,
13,,,47659,,,,,,,,,,,0.16736939549446106,,,,,,,,,,,,
13,,,47679,,,,,,,,,,,0.4334307610988617,,,,,,,,,,,,
13,,,47699,,,,,,,,,,,0.10599362850189209,,,,,,,,,,,,
13,,,47719,,,,,,,,,,,0.024393459782004356,,,,,,,,,,,,
13,,,47739,,,,,,,,,,,0.10161517560482025,,,,,,,,,,,,
13,,,47759,,,,,,,,,,,0.05246322229504585,,,,,,,,,,,,
13,,,47779,,,,,,,,,,,0.036669958382844925,,,,,,,,,,,,
13,,,47799,,,,,,,,,,,0.020863626152276993,,,,,,,,,,,,
13,,,47819,,,,,,,,,,,0.14731617271900177,,,,,,,,,,,,
13,,,47839,,,,,,,,,,,0.18137936294078827,,,,,,,,,,,,
13,,,47859,,,,,,,,,,,0.1000935435295105,,,,,,,,,,,,
13,,,47879,,,,,,,,,,,0.04447515308856964,,,,,,,,,,,,
13,,,47899,,,,,,,,,,,0.14970524609088898,,,,,,,,,,,,
13,,,47919,,,,,,,,,,,0.06724896281957626,,,,,,,,,,,,
13,,,47939,,,,,,,,,,,0.2914140820503235,,,,,,,,,,,,
13,,,47959,,,,,,,,,,,0.04045684635639191,,,,,,,,,,,,
13,,,47979,,,,,,,,,,,0.0520782507956028,,,,,,,,,,,,
13,,,47999,,,,,,,,,,,0.45764124393463135,,,,,,,,,,,,
13,,,48019,,,,,,,,,,,0.039559680968523026,,,,,,,,,,,,
13,,,48039,,,,,,,,,,,0.05871186405420303,,,,,,,,,,,,
13,,,48059,,,,,,,,,,,0.029678331688046455,,,,,,,,,,,,
13,,,48079,,,,,,,,,,,0.03995134308934212,,,,,,,,,,,,
13,,,48099,,,,,,,,,,,0.10638249665498734,,,,,,,,,,,,
13,,,48119,,,,,,,,,,,0.13760732114315033,,,,,,,,,,,,
13,,,48139,,,,,,,,,,,0.13495594263076782,,,,,,,,,,,,
13,,,48159,,,,,,,,,,,0.10923308879137039,,,,,,,,,,,,
13,,,48179,,,,,,,,,,,0.09581546485424042,,,,,,,,,,,,
13,,,48199,,,,,,,,,,,0.5380197167396545,,,,,,,,,,,,
13,,,48219,,,,,,,,,,,0.08780088275671005,,,,,,,,,,,,
13,,,48239,,,,,,,,,,,0.14844703674316406,,,,,,,,,,,,
13,,,48259,,,,,,,,,,,0.018796006217598915,,,,,,,,,,,,
13,,,48279,,,,,,,,,,,0.061200693249702454,,,,,,,,,,,,
13,,,48299,,,,,,,,,,,0.06544075906276703,,,,,,,,,,,,
13,,,48319,,,,,,,,,,,0.05080336332321167,,,,,,,,,,,,
13,,,48339,,,,,,,,,,,0.09344752877950668,,,,,,,,,,,,
13,,,48359,,,,,,,,,,,0.045407187193632126,,,,,,,,,,,,
13,,,48379,,,,,,,,,,,0.05316019430756569,,,,,,,,,,,,
13,,,48399,,,,,,,,,,,0.08085203915834427,,,,,,,,,,,,
13,,,48419,,,,,,,,,,,0.10309363901615143,,,,,,,,,,,,
13,,,48439,,,,,,,,,,,0.22501812875270844,,,,,,,,,,,,
13,,,48459,,,,,,,,,,,0.13553455471992493,,,,,,,,,,,,
13,,,48479,,,,,,,,,,,0.2225709855556488,,,,,,,,,,,,
13,,,48499,,,,,,,,,,,0.08317811042070389,,,,,,,,,,,,
13,,,48519,,,,,,,,,,,0.033712100237607956,,,,,,,,,,,,
13,,,48539,,,,,,,,,,,0.2775941491127014,,,,,,,,,,,,
13,,,48559,,,,,,,,,,,0.2806406319141388,,,,,,,,,,,,
13,,,48579,,,,,,,,,,,0.0575820691883564,,,,,,,,,,,,
13,,,48599,,,,,,,,,,,0.06346166878938675,,,,,,,,,,,,
13,,,48619,,,,,,,,,,,0.045326828956604004,,,,,,,,,,,,
13,,,48639,,,,,,,,,,,0.4097687005996704,,,,,,,,,,,,
13,,,48659,,,,,,,,,,,0.02992361970245838,,,,,,,,,,,,
13,,,48679,,,,,,,,,,,0.05258527770638466,,,,,,,,,,,,
13,,,48699,,,,,,,,,,,0.13173076510429382,,,,,,,,,,,,
13,,,48719,,,,,,,,,,,0.09132669866085052,,,,,,,,,,,,
13,,,48739,,,,,,,,,,,0.04491811990737915,,,,,,,,,,,,
13,,,48747,,,,,,,,,,,,0.6696528196334839,0.903855562210083,0.6776705980300903,1.5440680980682373,0.7017480731010437,0.6221247315406799,0.7289565205574036,0.7530030608177185,0.7298684120178223,0.7453213334083557,0.5787994861602783,0.6696528196334839
13,,,48747,,,,,,,,,0.929058313369751,0.12162787467241287,,,,,,,,,,,,,
,0.00029025243640281223,0.00029025243640281223,48748,,,,,,,,,,,,,,,,,,,,,,,
14,,,48759,,,,,,,,,,,0.022178610786795616,,,,,,,,,,,,
14,,,48779,,,,,,,,,,,0.013510892167687416,,,,,,,,,,,,
14,,,48799,,,,,,,,,,,0.14408834278583527,,,,,,,,,,,,
14,,,48819,,,,,,,,,,,0.03405080363154411,,,,,,,,,,,,
14,,,48839,,,,,,,,,,,0.09701086580753326,,,,,,,,,,,,
14,,,48859,,,,,,,,,,,0.260642945766449,,,,,,,,,,,,
14,,,48879,,,,,,,,,,,0.11852674931287766,,,,,,,,,,,,
14,,,48899,,,,,,,,,,,0.039360661059617996,,,,,,,,,,,,
14,,,48919,,,,,,,,,,,0.11899860203266144,,,,,,,,,,,,
14,,,48939,,,,,,,,,,,0.25948625802993774,,,,,,,,,,,,
14,,,48959,,,,,,,,,,,0.03514799103140831,,,,,,,,,,,,
14,,,48979,,,,,,,,,,,0.04772238805890083,,,,,,,,,,,,
14,,,48999,,,,,,,,,,,0.16898611187934875,,,,,,,,,,,,
14,,,49019,,,,,,,,,,,0.08731722086668015,,,,,,,,,,,,
14,,,49039,,,,,,,,,,,0.08139554411172867,,,,,,,,,,,,
14,,,49059,,,,,,,,,,,0.19055718183517456,,,,,,,,,,,,
14,,,49079,,,,,,,,,,,0.27474743127822876,,,,,,,,,,,,
14,,,49099,,,,,,,,,,,0.028040403500199318,,,,,,,,,,,,
14,,,49119,,,,,,,,,,,0.030339498072862625,,,,,,,,,,,,
14,,,49139,,,,,,,,,,,0.0693737044930458,,,,,,,,,,,,
14,,,49159,,,,,,,,,,,0.05038248747587204,,,,,,,,,,,,
14,,,49179,,,,,,,,,,,0.11092773824930191,,,,,,,,,,,,
14,,,49199,,,,,,,,,,,0.09156474471092224,,,,,,,,,,,,
14,,,49219,,,,,,,,,,,0.15386010706424713,,,,,,,,,,,,
14,,,49239,,,,,,,,,,,0.12858298420906067,,,,,,,,,,,,
14,,,49259,,,,,,,,,,,0.09539015591144562,,,,,,,,,,,,
14,,,49279,,,,,,,,,,,0.04892668500542641,,,,,,,,,,,,
14,,,49299,,,,,,,,,,,0.2627035677433014,,,,,,,,,,,,
14,,,49319,,,,,,,,,,,0.015135221183300018,,,,,,,,,,,,
14,,,49339,,,,,,,,,,,0.05809325724840164,,,,,,,,,,,,
14,,,49359,,,,,,,,,,,0.34262675046920776,,,,,,,,,,,,
14,,,49379,,,,,,,,,,,0.10241192579269409,,,,,,,,,,,,
14,,,49399,,,,,,,,,,,0.01210019737482071,,,,,,,,,,,,
14,,,49419,,,,,,,,,,,0.1615312397480011,,,,,,,,,,,,
14,,,49439,,,,,,,,,,,0.028854738920927048,,,,,,,,,,,,
14,,,49459,,,,,,,,,,,0.026806050911545753,,,,,,,,,,,,
14,,,49479,,,,,,,,,,,0.22863250970840454,,,,,,,,,,,,
14,,,49499,,,,,,,,,,,0.3595310151576996,,,,,,,,,,,,
14,,,49519,,,,,,,,,,,0.05159776285290718,,,,,,,,,,,,
14,,,49539,,,,,,,,,,,0.05808461084961891,,,,,,,,,,,,
14,,,49559,,,,,,,,,,,0.0654018297791481,,,,,,,,,,,,
14,,,49579,,,,,,,,,,,0.11058886349201202,,,,,,,,,,,,
14,,,49599,,,,,,,,,,,0.05735481157898903,,,,,,,,,,,,
14,,,49619,,,,,,,,,,,0.11451156437397003,,,,,,,,,,,,
14,,,49639,,,,,,,,,,,0.15144376456737518,,,,,,,,,,,,
14,,,49659,,,,,,,,,,,0.0195855014026165,,,,,,,,,,,,
14,,,49679,,,,,,,,,,,0.02550828643143177,,,,,,,,,,,,
14,,,49699,,,,,,,,,,,0.10394631326198578,,,,,,,,,,,,
14,,,49719,,,,,,,,,,,0.1729256957769394,,,,,,,,,,,,
14,,,49739,,,,,,,,,,,0.00881277211010456,,,,,,,,,,,,
14,,,49759,,,,,,,,,,,0.016562074422836304,,,,,,,,,,,,
14,,,49779,,,,,,,,,,,0.033472105860710144,,,,,,,,,,,,
14,,,49799,,,,,,,,,,,0.046293649822473526,,,,,,,,,,,,
14,,,49819,,,,,,,,,,,0.22932910919189453,,,,,,,,,,,,
14,,,49839,,,,,,,,,,,0.09359655529260635,,,,,,,,,,,,
14,,,49859,,,,,,,,,,,0.16460883617401123,,,,,,,,,,,,
14,,,49879,,,,,,,,,,,0.04758512228727341,,,,,,,,,,,,
14,,,49899,,,,,,,,,,,0.1012386828660965,,,,,,,,,,,,
14,,,49919,,,,,,,,,,,0.009805301204323769,,,,,,,,,,,,
14,,,49939,,,,,,,,,,,0.07262268662452698,,,,,,,,,,,,
14,,,49959,,,,,,,,,,,0.13391225039958954,,,,,,,,,,,,
14,,,49979,,,,,,,,,,,0.0381724089384079,,,,,,,,,,,,
14,,,49999,,,,,,,,,,,0.06124330312013626,,,,,,,,,,,,
14,,,50019,,,,,,,,,,,0.15185463428497314,,,,,,,,,,,,
14,,,50039,,,,,,,,,,,0.01806049980223179,,,,,,,,,,,,
14,,,50059,,,,,,,,,,,0.08360367268323898,,,,,,,,,,,,
14,,,50079,,,,,,,,,,,0.02927244082093239,,,,,,,,,,,,
14,,,50099,,,,,,,,,,,0.0131984893232584,,,,,,,,,,,,
14,,,50119,,,,,,,,,,,0.10783594101667404,,,,,,,,,,,,
14,,,50139,,,,,,,,,,,0.2159658968448639,,,,,,,,,,,,
14,,,50159,,,,,,,,,,,0.017751596868038177,,,,,,,,,,,,
14,,,50179,,,,,,,,,,,0.05241170898079872,,,,,,,,,,,,
14,,,50199,,,,,,,,,,,0.24752271175384521,,,,,,,,,,,,
14,,,50219,,,,,,,,,,,0.08110809326171875,,,,,,,,,,,,
14,,,50239,,,,,,,,,,,0.04588066041469574,,,,,,,,,,,,
14,,,50259,,,,,,,,,,,0.1425001174211502,,,,,,,,,,,,
14,,,50279,,,,,,,,,,,0.07862456142902374,,,,,,,,,,,,
14,,,50299,,,,,,,,,,,0.06416945159435272,,,,,,,,,,,,
14,,,50319,,,,,,,,,,,0.04453316330909729,,,,,,,,,,,,
14,,,50339,,,,,,,,,,,0.2721456289291382,,,,,,,,,,,,
14,,,50359,,,,,,,,,,,0.081245556473732,,,,,,,,,,,,
14,,,50379,,,,,,,,,,,0.22986875474452972,,,,,,,,,,,,
14,,,50399,,,,,,,,,,,0.1084304228425026,,,,,,,,,,,,
14,,,50419,,,,,,,,,,,0.0502600260078907,,,,,,,,,,,,
14,,,50439,,,,,,,,,,,0.017428914085030556,,,,,,,,,,,,
14,,,50459,,,,,,,,,,,0.0623912550508976,,,,,,,,,,,,
14,,,50479,,,,,,,,,,,0.02596472203731537,,,,,,,,,,,,
14,,,50499,,,,,,,,,,,0.015384555794298649,,,,,,,,,,,,
14,,,50519,,,,,,,,,,,0.053617410361766815,,,,,,,,,,,,
14,,,50539,,,,,,,,,,,0.096092090010643,,,,,,,,,,,,
14,,,50559,,,,,,,,,,,0.03701905906200409,,,,,,,,,,,,
14,,,50579,,,,,,,,,,,0.01966436207294464,,,,,,,,,,,,
14,,,50599,,,,,,,,,,,0.1804816573858261,,,,,,,,,,,,
14,,,50619,,,,,,,,,,,0.10449348390102386,,,,,,,,,,,,
14,,,50639,,,,,,,,,,,0.04506215080618858,,,,,,,,,,,,
14,,,50659,,,,,,,,,,,0.08403046429157257,,,,,,,,,,,,
14,,,50679,,,,,,,,,,,0.08430922031402588,,,,,,,,,,,,
14,,,50699,,,,,,,,,,,0.04756266251206398,,,,,,,,,,,,
14,,,50719,,,,,,,,,,,0.0180123932659626,,,,,,,,,,,,
14,,,50739,,,,,,,,,,,0.43411752581596375,,,,,,,,,,,,
14,,,50759,,,,,,,,,,,0.24389168620109558,,,,,,,,,,,,
14,,,50779,,,,,,,,,,,0.07704164832830429,,,,,,,,,,,,
14,,,50799,,,,,,,,,,,0.0662635937333107,,,,,,,,,,,,
14,,,50819,,,,,,,,,,,0.04549964517354965,,,,,,,,,,,,
14,,,50839,,,,,,,,,,,0.06820962578058243,,,,,,,,,,,,
14,,,50859,,,,,,,,,,,0.19609838724136353,,,,,,,,,,,,
14,,,50879,,,,,,,,,,,0.10350556671619415,,,,,,,,,,,,
14,,,50899,,,,,,,,,,,0.04213869199156761,,,,,,,,,,,,
14,,,50919,,,,,,,,,,,0.030979175120592117,,,,,,,,,,,,
14,,,50939,,,,,,,,,,,0.0356658399105072,,,,,,,,,,,,
14,,,50959,,,,,,,,,,,0.05505897104740143,,,,,,,,,,,,
14,,,50979,,,,,,,,,,,0.09726899862289429,,,,,,,,,,,,
14,,,50999,,,,,,,,,,,0.236155167222023,,,,,,,,,,,,
14,,,51019,,,,,,,,,,,0.021670253947377205,,,,,,,,,,,,
14,,,51039,,,,,,,,,,,0.15404623746871948,,,,,,,,,,,,
14,,,51059,,,,,,,,,,,0.016443675383925438,,,,,,,,,,,,
14,,,51079,,,,,,,,,,,0.1029263287782669,,,,,,,,,,,,
14,,,51099,,,,,,,,,,,0.09177680313587189,,,,,,,,,,,,
14,,,51119,,,,,,,,,,,0.10912290960550308,,,,,,,,,,,,
14,,,51139,,,,,,,,,,,0.024407360702753067,,,,,,,,,,,,
14,,,51159,,,,,,,,,,,0.06915687024593353,,,,,,,,,,,,
14,,,51179,,,,,,,,,,,0.029420634731650352,,,,,,,,,,,,
14,,,51199,,,,,,,,,,,0.06657677888870239,,,,,,,,,,,,
14,,,51219,,,,,,,,,,,0.14063158631324768,,,,,,,,,,,,
14,,,51239,,,,,,,,,,,0.22397702932357788,,,,,,,,,,,,
14,,,51259,,,,,,,,,,,0.11002354323863983,,,,,,,,,,,,
14,,,51279,,,,,,,,,,,0.02152947336435318,,,,,,,,,,,,
14,,,51299,,,,,,,,,,,0.03414907306432724,,,,,,,,,,,,
14,,,51319,,,,,,,,,,,0.04713749513030052,,,,,,,,,,,,
14,,,51339,,,,,,,,,,,0.05749910697340965,,,,,,,,,,,,
14,,,51359,,,,,,,,,,,0.013181975111365318,,,,,,,,,,,,
14,,,51379,,,,,,,,,,,0.026249675080180168,,,,,,,,,,,,
14,,,51399,,,,,,,,,,,0.06820233911275864,,,,,,,,,,,,
14,,,51419,,,,,,,,,,,0.12530271708965302,,,,,,,,,,,,
14,,,51439,,,,,,,,,,,0.038836464285850525,,,,,,,,,,,,
14,,,51459,,,,,,,,,,,0.043484121561050415,,,,,,,,,,,,
14,,,51479,,,,,,,,,,,0.036675453186035156,,,,,,,,,,,,
14,,,51499,,,,,,,,,,,0.01625465601682663,,,,,,,,,,,,
14,,,51519,,,,,,,,,,,0.08271560072898865,,,,,,,,,,,,
14,,,51539,,,,,,,,,,,0.03049595281481743,,,,,,,,,,,,
14,,,51559,,,,,,,,,,,0.0828133374452591,,,,,,,,,,,,
14,,,51579,,,,,,,,,,,0.02850225567817688,,,,,,,,,,,,
14,,,51599,,,,,,,,,,,0.020385220646858215,,,,,,,,,,,,
14,,,51619,,,,,,,,,,,0.0300360806286335,,,,,,,,,,,,
14,,,51639,,,,,,,,,,,0.0572623610496521,,,,,,,,,,,,
14,,,51659,,,,,,,,,,,0.059828005731105804,,,,,,,,,,,,
14,,,51679,,,,,,,,,,,0.17066195607185364,,,,,,,,,,,,
14,,,51699,,,,,,,,,,,0.016199836507439613,,,,,,,,,,,,
14,,,51719,,,,,,,,,,,0.04951072484254837,,,,,,,,,,,,
14,,,51739,,,,,,,,,,,0.16871891915798187,,,,,,,,,,,,
14,,,51759,,,,,,,,,,,0.16434453427791595,,,,,,,,,,,,
14,,,51779,,,,,,,,,,,0.07972152531147003,,,,,,,,,,,,
14,,,51799,,,,,,,,,,,0.23717033863067627,,,,,,,,,,,,
14,,,51819,,,,,,,,,,,0.14102952182292938,,,,,,,,,,,,
14,,,51839,,,,,,,,,,,0.03208914026618004,,,,,,,,,,,,
14,,,51859,,,,,,,,,,,0.038572780787944794,,,,,,,,,,,,
14,,,51879,,,,,,,,,,,0.01899469643831253,,,,,,,,,,,,
14,,,51899,,,,,,,,,,,0.07792031764984131,,,,,,,,,,,,
14,,,51919,,,,,,,,,,,0.03665618598461151,,,,,,,,,,,,
14,,,51939,,,,,,,,,,,0.29643136262893677,,,,,,,,,,,,
14,,,51959,,,,,,,,,,,0.04481605440378189,,,,,,,,,,,,
14,,,51979,,,,,,,,,,,0.08929986506700516,,,,,,,,,,,,
14,,,51999,,,,,,,,,,,0.04805956035852432,,,,,,,,,,,,
14,,,52019,,,,,,,,,,,0.06611897796392441,,,,,,,,,,,,
14,,,52039,,,,,,,,,,,0.16838274896144867,,,,,,,,,,,,
14,,,52059,,,,,,,,,,,0.3202410042285919,,,,,,,,,,,,
14,,,52079,,,,,,,,,,,0.19428043067455292,,,,,,,,,,,,
14,,,52099,,,,,,,,,,,0.0568634532392025,,,,,,,,,,,,
14,,,52119,,,,,,,,,,,0.08812019228935242,,,,,,,,,,,,
14,,,52139,,,,,,,,,,,0.03748372569680214,,,,,,,,,,,,
14,,,52159,,,,,,,,,,,0.10339149087667465,,,,,,,,,,,,
14,,,52179,,,,,,,,,,,0.10647226125001907,,,,,,,,,,,,
14,,,52199,,,,,,,,,,,0.1656848043203354,,,,,,,,,,,,
14,,,52219,,,,,,,,,,,0.033286672085523605,,,,,,,,,,,,
14,,,52229,,,,,,,,,,,,0.6012003421783447,0.8819310069084167,0.6023581027984619,2.081817626953125,0.6408708691596985,0.5167856812477112,0.643068253993988,0.5866132974624634,0.5880649089813232,0.8677663207054138,0.5210389494895935,0.6012003421783447
14,,,52229,,,,,,,,,0.9342515468597412,0.11299991607666016,,,,,,,,,,,,,
,0.0002867849768988135,0.0002867849768988135,52230,,,,,,,,,,,,,,,,,,,,,,,
15,,,52239,,,,,,,,,,,0.25308674573898315,,,,,,,,,,,,
15,,,52259,,,,,,,,,,,0.06280611455440521,,,,,,,,,,,,
15,,,52279,,,,,,,,,,,0.0374162532389164,,,,,,,,,,,,
15,,,52299,,,,,,,,,,,0.058226145803928375,,,,,,,,,,,,
15,,,52319,,,,,,,,,,,0.03563103824853897,,,,,,,,,,,,
15,,,52339,,,,,,,,,,,0.10755223035812378,,,,,,,,,,,,
15,,,52359,,,,,,,,,,,0.07254438102245331,,,,,,,,,,,,
15,,,52379,,,,,,,,,,,0.07211405038833618,,,,,,,,,,,,
15,,,52399,,,,,,,,,,,0.06973668187856674,,,,,,,,,,,,
15,,,52419,,,,,,,,,,,0.04938680678606033,,,,,,,,,,,,
15,,,52439,,,,,,,,,,,0.03036922961473465,,,,,,,,,,,,
15,,,52459,,,,,,,,,,,0.09026513248682022,,,,,,,,,,,,
15,,,52479,,,,,,,,,,,0.3214757442474365,,,,,,,,,,,,
15,,,52499,,,,,,,,,,,0.14218559861183167,,,,,,,,,,,,
15,,,52519,,,,,,,,,,,0.09139156341552734,,,,,,,,,,,,
15,,,52539,,,,,,,,,,,0.1002345085144043,,,,,,,,,,,,
15,,,52559,,,,,,,,,,,0.04747959226369858,,,,,,,,,,,,
15,,,52579,,,,,,,,,,,0.014748042449355125,,,,,,,,,,,,
15,,,52599,,,,,,,,,,,0.1749497354030609,,,,,,,,,,,,
15,,,52619,,,,,,,,,,,0.07363851368427277,,,,,,,,,,,,
15,,,52639,,,,,,,,,,,0.09999750554561615,,,,,,,,,,,,
15,,,52659,,,,,,,,,,,0.05577884986996651,,,,,,,,,,,,
15,,,52679,,,,,,,,,,,0.20635156333446503,,,,,,,,,,,,
15,,,52699,,,,,,,,,,,0.03633497655391693,,,,,,,,,,,,
15,,,52719,,,,,,,,,,,0.29928308725357056,,,,,,,,,,,,
15,,,52739,,,,,,,,,,,0.034699149429798126,,,,,,,,,,,,
15,,,52759,,,,,,,,,,,0.14926759898662567,,,,,,,,,,,,
15,,,52779,,,,,,,,,,,0.08741500973701477,,,,,,,,,,,,
15,,,52799,,,,,,,,,,,0.05846782028675079,,,,,,,,,,,,
15,,,52819,,,,,,,,,,,0.1572147160768509,,,,,,,,,,,,
15,,,52839,,,,,,,,,,,0.20736932754516602,,,,,,,,,,,,
15,,,52859,,,,,,,,,,,0.05789487436413765,,,,,,,,,,,,
15,,,52879,,,,,,,,,,,0.3283703327178955,,,,,,,,,,,,
15,,,52899,,,,,,,,,,,0.15039139986038208,,,,,,,,,,,,
15,,,52919,,,,,,,,,,,0.07988221198320389,,,,,,,,,,,,
15,,,52939,,,,,,,,,,,0.10388592630624771,,,,,,,,,,,,
15,,,52959,,,,,,,,,,,0.23569625616073608,,,,,,,,,,,,
15,,,52979,,,,,,,,,,,0.08363576978445053,,,,,,,,,,,,
15,,,52999,,,,,,,,,,,0.0955563634634018,,,,,,,,,,,,
15,,,53019,,,,,,,,,,,0.1026216596364975,,,,,,,,,,,,
15,,,53039,,,,,,,,,,,0.007299094460904598,,,,,,,,,,,,
15,,,53059,,,,,,,,,,,0.05395814776420593,,,,,,,,,,,,
15,,,53079,,,,,,,,,,,0.0339742973446846,,,,,,,,,,,,
15,,,53099,,,,,,,,,,,0.09040343761444092,,,,,,,,,,,,
15,,,53119,,,,,,,,,,,0.01229786779731512,,,,,,,,,,,,
15,,,53139,,,,,,,,,,,0.22853200137615204,,,,,,,,,,,,
15,,,53159,,,,,,,,,,,0.014820536598563194,,,,,,,,,,,,
15,,,53179,,,,,,,,,,,0.05553211271762848,,,,,,,,,,,,
15,,,53199,,,,,,,,,,,0.15931928157806396,,,,,,,,,,,,
15,,,53219,,,,,,,,,,,0.0682440921664238,,,,,,,,,,,,
15,,,53239,,,,,,,,,,,0.06909891217947006,,,,,,,,,,,,
15,,,53259,,,,,,,,,,,0.02393845096230507,,,,,,,,,,,,
15,,,53279,,,,,,,,,,,0.0832255631685257,,,,,,,,,,,,
15,,,53299,,,,,,,,,,,0.07075701653957367,,,,,,,,,,,,
15,,,53319,,,,,,,,,,,0.040427498519420624,,,,,,,,,,,,
15,,,53339,,,,,,,,,,,0.05714056268334389,,,,,,,,,,,,
15,,,53359,,,,,,,,,,,0.10214486718177795,,,,,,,,,,,,
15,,,53379,,,,,,,,,,,0.07248693704605103,,,,,,,,,,,,
15,,,53399,,,,,,,,,,,0.014660335145890713,,,,,,,,,,,,
15,,,53419,,,,,,,,,,,0.015171779319643974,,,,,,,,,,,,
15,,,53439,,,,,,,,,,,0.09992006421089172,,,,,,,,,,,,
15,,,53459,,,,,,,,,,,0.012832867912948132,,,,,,,,,,,,
15,,,53479,,,,,,,,,,,0.02468460611999035,,,,,,,,,,,,
15,,,53499,,,,,,,,,,,0.01835831068456173,,,,,,,,,,,,
15,,,53519,,,,,,,,,,,0.20774877071380615,,,,,,,,,,,,
15,,,53539,,,,,,,,,,,0.08318492770195007,,,,,,,,,,,,
15,,,53559,,,,,,,,,,,0.032886505126953125,,,,,,,,,,,,
15,,,53579,,,,,,,,,,,0.385527104139328,,,,,,,,,,,,
15,,,53599,,,,,,,,,,,0.1456969827413559,,,,,,,,,,,,
15,,,53619,,,,,,,,,,,0.017801174893975258,,,,,,,,,,,,
15,,,53639,,,,,,,,,,,0.11999766528606415,,,,,,,,,,,,
15,,,53659,,,,,,,,,,,0.037319693714380264,,,,,,,,,,,,
15,,,53679,,,,,,,,,,,0.1868748664855957,,,,,,,,,,,,
15,,,53699,,,,,,,,,,,0.13318555057048798,,,,,,,,,,,,
15,,,53719,,,,,,,,,,,0.12740842998027802,,,,,,,,,,,,
15,,,53739,,,,,,,,,,,0.37102243304252625,,,,,,,,,,,,
15,,,53759,,,,,,,,,,,0.04515664279460907,,,,,,,,,,,,
15,,,53779,,,,,,,,,,,0.17277777194976807,,,,,,,,,,,,
15,,,53799,,,,,,,,,,,0.27524033188819885,,,,,,,,,,,,
15,,,53819,,,,,,,,,,,0.3393828272819519,,,,,,,,,,,,
15,,,53839,,,,,,,,,,,0.10483109951019287,,,,,,,,,,,,
15,,,53859,,,,,,,,,,,0.011131873354315758,,,,,,,,,,,,
15,,,53879,,,,,,,,,,,0.13752222061157227,,,,,,,,,,,,
15,,,53899,,,,,,,,,,,0.024546463042497635,,,,,,,,,,,,
15,,,53919,,,,,,,,,,,0.1198057159781456,,,,,,,,,,,,
15,,,53939,,,,,,,,,,,0.07966475188732147,,,,,,,,,,,,
15,,,53959,,,,,,,,,,,0.20194335281848907,,,,,,,,,,,,
15,,,53979,,,,,,,,,,,0.14654605090618134,,,,,,,,,,,,
15,,,53999,,,,,,,,,,,0.10148998349905014,,,,,,,,,,,,
15,,,54019,,,,,,,,,,,0.08685925602912903,,,,,,,,,,,,
15,,,54039,,,,,,,,,,,0.04380816966295242,,,,,,,,,,,,
15,,,54059,,,,,,,,,,,0.04779207706451416,,,,,,,,,,,,
15,,,54079,,,,,,,,,,,0.07697179168462753,,,,,,,,,,,,
15,,,54099,,,,,,,,,,,0.10185517370700836,,,,,,,,,,,,
15,,,54119,,,,,,,,,,,0.09910360723733902,,,,,,,,,,,,
15,,,54139,,,,,,,,,,,0.2155200093984604,,,,,,,,,,,,
15,,,54159,,,,,,,,,,,0.051786474883556366,,,,,,,,,,,,
15,,,54179,,,,,,,,,,,0.013488464057445526,,,,,,,,,,,,
15,,,54199,,,,,,,,,,,0.07044603675603867,,,,,,,,,,,,
15,,,54219,,,,,,,,,,,0.03089304268360138,,,,,,,,,,,,
15,,,54239,,,,,,,,,,,0.03495226427912712,,,,,,,,,,,,
15,,,54259,,,,,,,,,,,0.08935859054327011,,,,,,,,,,,,
15,,,54279,,,,,,,,,,,0.04468298703432083,,,,,,,,,,,,
15,,,54299,,,,,,,,,,,0.21037594974040985,,,,,,,,,,,,
15,,,54319,,,,,,,,,,,0.18630428612232208,,,,,,,,,,,,
15,,,54339,,,,,,,,,,,0.10208497941493988,,,,,,,,,,,,
15,,,54359,,,,,,,,,,,0.06289421766996384,,,,,,,,,,,,
15,,,54379,,,,,,,,,,,0.2256142944097519,,,,,,,,,,,,
15,,,54399,,,,,,,,,,,0.07638333737850189,,,,,,,,,,,,
15,,,54419,,,,,,,,,,,0.2286071479320526,,,,,,,,,,,,
15,,,54439,,,,,,,,,,,0.04038736969232559,,,,,,,,,,,,
15,,,54459,,,,,,,,,,,0.31396743655204773,,,,,,,,,,,,
15,,,54479,,,,,,,,,,,0.07764118164777756,,,,,,,,,,,,
15,,,54499,,,,,,,,,,,0.08032800257205963,,,,,,,,,,,,
15,,,54519,,,,,,,,,,,0.09082640707492828,,,,,,,,,,,,
15,,,54539,,,,,,,,,,,0.01596096344292164,,,,,,,,,,,,
15,,,54559,,,,,,,,,,,0.12762099504470825,,,,,,,,,,,,
15,,,54579,,,,,,,,,,,0.11393511295318604,,,,,,,,,,,,
15,,,54599,,,,,,,,,,,0.19279058277606964,,,,,,,,,,,,
15,,,54619,,,,,,,,,,,0.05373070389032364,,,,,,,,,,,,
15,,,54639,,,,,,,,,,,0.33746403455734253,,,,,,,,,,,,
15,,,54659,,,,,,,,,,,0.1381605714559555,,,,,,,,,,,,
15,,,54679,,,,,,,,,,,0.10717352479696274,,,,,,,,,,,,
15,,,54699,,,,,,,,,,,0.1239098310470581,,,,,,,,,,,,
15,,,54719,,,,,,,,,,,0.01694733463227749,,,,,,,,,,,,
15,,,54739,,,,,,,,,,,0.17161715030670166,,,,,,,,,,,,
15,,,54759,,,,,,,,,,,0.02690613642334938,,,,,,,,,,,,
15,,,54779,,,,,,,,,,,0.16495786607265472,,,,,,,,,,,,
15,,,54799,,,,,,,,,,,0.056366607546806335,,,,,,,,,,,,
15,,,54819,,,,,,,,,,,0.09619409590959549,,,,,,,,,,,,
15,,,54839,,,,,,,,,,,0.30022746324539185,,,,,,,,,,,,
15,,,54859,,,,,,,,,,,0.03514561057090759,,,,,,,,,,,,
15,,,54879,,,,,,,,,,,0.02967759780585766,,,,,,,,,,,,
15,,,54899,,,,,,,,,,,0.10746359825134277,,,,,,,,,,,,
15,,,54919,,,,,,,,,,,0.17911529541015625,,,,,,,,,,,,
15,,,54939,,,,,,,,,,,0.06994278728961945,,,,,,,,,,,,
15,,,54959,,,,,,,,,,,0.09678603708744049,,,,,,,,,,,,
15,,,54979,,,,,,,,,,,0.29567521810531616,,,,,,,,,,,,
15,,,54999,,,,,,,,,,,0.10311828553676605,,,,,,,,,,,,
15,,,55019,,,,,,,,,,,0.04159556329250336,,,,,,,,,,,,
15,,,55039,,,,,,,,,,,0.42290183901786804,,,,,,,,,,,,
15,,,55059,,,,,,,,,,,0.041526466608047485,,,,,,,,,,,,
15,,,55079,,,,,,,,,,,0.06193849816918373,,,,,,,,,,,,
15,,,55099,,,,,,,,,,,0.02949492633342743,,,,,,,,,,,,
15,,,55119,,,,,,,,,,,0.06351171433925629,,,,,,,,,,,,
15,,,55139,,,,,,,,,,,0.2944234013557434,,,,,,,,,,,,
15,,,55159,,,,,,,,,,,0.0328984409570694,,,,,,,,,,,,
15,,,55179,,,,,,,,,,,0.02373039722442627,,,,,,,,,,,,
15,,,55199,,,,,,,,,,,0.1197788268327713,,,,,,,,,,,,
15,,,55219,,,,,,,,,,,0.04421842843294144,,,,,,,,,,,,
15,,,55239,,,,,,,,,,,0.11747828871011734,,,,,,,,,,,,
15,,,55259,,,,,,,,,,,0.129294291138649,,,,,,,,,,,,
15,,,55279,,,,,,,,,,,0.1964823454618454,,,,,,,,,,,,
15,,,55299,,,,,,,,,,,0.17708386480808258,,,,,,,,,,,,
15,,,55319,,,,,,,,,,,0.17096108198165894,,,,,,,,,,,,
15,,,55339,,,,,,,,,,,0.059365034103393555,,,,,,,,,,,,
15,,,55359,,,,,,,,,,,0.09741436690092087,,,,,,,,,,,,
15,,,55379,,,,,,,,,,,0.10645131021738052,,,,,,,,,,,,
15,,,55399,,,,,,,,,,,0.20144294202327728,,,,,,,,,,,,
15,,,55419,,,,,,,,,,,0.26230815052986145,,,,,,,,,,,,
15,,,55439,,,,,,,,,,,0.29462897777557373,,,,,,,,,,,,
15,,,55459,,,,,,,,,,,0.033477578312158585,,,,,,,,,,,,
15,,,55479,,,,,,,,,,,0.14071595668792725,,,,,,,,,,,,
15,,,55499,,,,,,,,,,,0.14350834488868713,,,,,,,,,,,,
15,,,55519,,,,,,,,,,,0.04564838111400604,,,,,,,,,,,,
15,,,55539,,,,,,,,,,,0.17995718121528625,,,,,,,,,,,,
15,,,55559,,,,,,,,,,,0.07492858916521072,,,,,,,,,,,,
15,,,55579,,,,,,,,,,,0.2857072949409485,,,,,,,,,,,,
15,,,55599,,,,,,,,,,,0.11626187711954117,,,,,,,,,,,,
15,,,55619,,,,,,,,,,,0.10460221767425537,,,,,,,,,,,,
15,,,55639,,,,,,,,,,,0.1909584254026413,,,,,,,,,,,,
15,,,55659,,,,,,,,,,,0.03300686553120613,,,,,,,,,,,,
15,,,55679,,,,,,,,,,,0.039028532803058624,,,,,,,,,,,,
15,,,55699,,,,,,,,,,,0.07557961344718933,,,,,,,,,,,,
15,,,55711,,,,,,,,,,,,0.632041335105896,0.8872944116592407,0.6261672377586365,1.8524951934814453,0.6487652063369751,0.5684236884117126,0.6860616207122803,0.7290778160095215,0.7309514880180359,0.7045207023620605,0.43051090836524963,0.632041335105896
15,,,55711,,,,,,,,,0.9359924793243408,0.11170627176761627,,,,,,,,,,,,,
,0.0002828184038479814,0.0002828184038479814,55712,,,,,,,,,,,,,,,,,,,,,,,
16,,,55719,,,,,,,,,,,0.09132303297519684,,,,,,,,,,,,
16,,,55739,,,,,,,,,,,0.10088648647069931,,,,,,,,,,,,
16,,,55759,,,,,,,,,,,0.07787849009037018,,,,,,,,,,,,
16,,,55779,,,,,,,,,,,0.09952974319458008,,,,,,,,,,,,
16,,,55799,,,,,,,,,,,0.07378294318914413,,,,,,,,,,,,
16,,,55819,,,,,,,,,,,0.12162218242883682,,,,,,,,,,,,
16,,,55839,,,,,,,,,,,0.09311164170503616,,,,,,,,,,,,
16,,,55859,,,,,,,,,,,0.051155783236026764,,,,,,,,,,,,
16,,,55879,,,,,,,,,,,0.04825155436992645,,,,,,,,,,,,
16,,,55899,,,,,,,,,,,0.08404666930437088,,,,,,,,,,,,
16,,,55919,,,,,,,,,,,0.05174490436911583,,,,,,,,,,,,
16,,,55939,,,,,,,,,,,0.06073732674121857,,,,,,,,,,,,
16,,,55959,,,,,,,,,,,0.05716799199581146,,,,,,,,,,,,
16,,,55979,,,,,,,,,,,0.02270307019352913,,,,,,,,,,,,
16,,,55999,,,,,,,,,,,0.26840487122535706,,,,,,,,,,,,
16,,,56019,,,,,,,,,,,0.09634986519813538,,,,,,,,,,,,
16,,,56039,,,,,,,,,,,0.12104766070842743,,,,,,,,,,,,
16,,,56059,,,,,,,,,,,0.14861729741096497,,,,,,,,,,,,
16,,,56079,,,,,,,,,,,0.02930467762053013,,,,,,,,,,,,
16,,,56099,,,,,,,,,,,0.032368484884500504,,,,,,,,,,,,
16,,,56119,,,,,,,,,,,0.027985412627458572,,,,,,,,,,,,
16,,,56139,,,,,,,,,,,0.0959819108247757,,,,,,,,,,,,
16,,,56159,,,,,,,,,,,0.027208153158426285,,,,,,,,,,,,
16,,,56179,,,,,,,,,,,0.09555348008871078,,,,,,,,,,,,
16,,,56199,,,,,,,,,,,0.007988229393959045,,,,,,,,,,,,
16,,,56219,,,,,,,,,,,0.2502886652946472,,,,,,,,,,,,
16,,,56239,,,,,,,,,,,0.09587544202804565,,,,,,,,,,,,
16,,,56259,,,,,,,,,,,0.022354889661073685,,,,,,,,,,,,
16,,,56279,,,,,,,,,,,0.08402588963508606,,,,,,,,,,,,
16,,,56299,,,,,,,,,,,0.08561137318611145,,,,,,,,,,,,
16,,,56319,,,,,,,,,,,0.0349777452647686,,,,,,,,,,,,
16,,,56339,,,,,,,,,,,0.42919379472732544,,,,,,,,,,,,
16,,,56359,,,,,,,,,,,0.10012078285217285,,,,,,,,,,,,
16,,,56379,,,,,,,,,,,0.041936784982681274,,,,,,,,,,,,
16,,,56399,,,,,,,,,,,0.10823558270931244,,,,,,,,,,,,
16,,,56419,,,,,,,,,,,0.03321939334273338,,,,,,,,,,,,
16,,,56439,,,,,,,,,,,0.05394266918301582,,,,,,,,,,,,
16,,,56459,,,,,,,,,,,0.25089988112449646,,,,,,,,,,,,
16,,,56479,,,,,,,,,,,0.03756945952773094,,,,,,,,,,,,
16,,,56499,,,,,,,,,,,0.15630678832530975,,,,,,,,,,,,
16,,,56519,,,,,,,,,,,0.20414115488529205,,,,,,,,,,,,
16,,,56539,,,,,,,,,,,0.07085972279310226,,,,,,,,,,,,
16,,,56559,,,,,,,,,,,0.042654991149902344,,,,,,,,,,,,
16,,,56579,,,,,,,,,,,0.2221371978521347,,,,,,,,,,,,
16,,,56599,,,,,,,,,,,0.26548510789871216,,,,,,,,,,,,
16,,,56619,,,,,,,,,,,0.08609052002429962,,,,,,,,,,,,
16,,,56639,,,,,,,,,,,0.08012590557336807,,,,,,,,,,,,
16,,,56659,,,,,,,,,,,0.03340519964694977,,,,,,,,,,,,
16,,,56679,,,,,,,,,,,0.0540926419198513,,,,,,,,,,,,
16,,,56699,,,,,,,,,,,0.22086788713932037,,,,,,,,,,,,
16,,,56719,,,,,,,,,,,0.15280099213123322,,,,,,,,,,,,
16,,,56739,,,,,,,,,,,0.027848443016409874,,,,,,,,,,,,
16,,,56759,,,,,,,,,,,0.17356258630752563,,,,,,,,,,,,
16,,,56779,,,,,,,,,,,0.16768629848957062,,,,,,,,,,,,
16,,,56799,,,,,,,,,,,0.3554595410823822,,,,,,,,,,,,
16,,,56819,,,,,,,,,,,0.16106738150119781,,,,,,,,,,,,
16,,,56839,,,,,,,,,,,0.2612414062023163,,,,,,,,,,,,
16,,,56859,,,,,,,,,,,0.14663834869861603,,,,,,,,,,,,
16,,,56879,,,,,,,,,,,0.21527057886123657,,,,,,,,,,,,
16,,,56899,,,,,,,,,,,0.42162609100341797,,,,,,,,,,,,
16,,,56919,,,,,,,,,,,0.008623829111456871,,,,,,,,,,,,
16,,,56939,,,,,,,,,,,0.19949927926063538,,,,,,,,,,,,
16,,,56959,,,,,,,,,,,0.4588130712509155,,,,,,,,,,,,
16,,,56979,,,,,,,,,,,0.05340110510587692,,,,,,,,,,,,
16,,,56999,,,,,,,,,,,0.07577201724052429,,,,,,,,,,,,
16,,,57019,,,,,,,,,,,0.23331201076507568,,,,,,,,,,,,
16,,,57039,,,,,,,,,,,0.1971217542886734,,,,,,,,,,,,
16,,,57059,,,,,,,,,,,0.19241327047348022,,,,,,,,,,,,
16,,,57079,,,,,,,,,,,0.14506639540195465,,,,,,,,,,,,
16,,,57099,,,,,,,,,,,0.12459816038608551,,,,,,,,,,,,
16,,,57119,,,,,,,,,,,0.047206465154886246,,,,,,,,,,,,
16,,,57139,,,,,,,,,,,0.048481836915016174,,,,,,,,,,,,
16,,,57159,,,,,,,,,,,0.09062746167182922,,,,,,,,,,,,
16,,,57179,,,,,,,,,,,0.042234472930431366,,,,,,,,,,,,
16,,,57199,,,,,,,,,,,0.030978411436080933,,,,,,,,,,,,
16,,,57219,,,,,,,,,,,0.035229913890361786,,,,,,,,,,,,
16,,,57239,,,,,,,,,,,0.33073052763938904,,,,,,,,,,,,
16,,,57259,,,,,,,,,,,0.04212476685643196,,,,,,,,,,,,
16,,,57279,,,,,,,,,,,0.03243431821465492,,,,,,,,,,,,
16,,,57299,,,,,,,,,,,0.04469308629631996,,,,,,,,,,,,
16,,,57319,,,,,,,,,,,0.039556801319122314,,,,,,,,,,,,
16,,,57339,,,,,,,,,,,0.29763123393058777,,,,,,,,,,,,
16,,,57359,,,,,,,,,,,0.07221686094999313,,,,,,,,,,,,
16,,,57379,,,,,,,,,,,0.20378543436527252,,,,,,,,,,,,
16,,,57399,,,,,,,,,,,0.04321017116308212,,,,,,,,,,,,
16,,,57419,,,,,,,,,,,0.058853186666965485,,,,,,,,,,,,
16,,,57439,,,,,,,,,,,0.03744830936193466,,,,,,,,,,,,
16,,,57459,,,,,,,,,,,0.05433918163180351,,,,,,,,,,,,
16,,,57479,,,,,,,,,,,0.07939567416906357,,,,,,,,,,,,
16,,,57499,,,,,,,,,,,0.08420252799987793,,,,,,,,,,,,
16,,,57519,,,,,,,,,,,0.06929299980401993,,,,,,,,,,,,
16,,,57539,,,,,,,,,,,0.04359578713774681,,,,,,,,,,,,
16,,,57559,,,,,,,,,,,0.059189002960920334,,,,,,,,,,,,
16,,,57579,,,,,,,,,,,0.01110790017992258,,,,,,,,,,,,
16,,,57599,,,,,,,,,,,0.03737570345401764,,,,,,,,,,,,
16,,,57619,,,,,,,,,,,0.07001952826976776,,,,,,,,,,,,
16,,,57639,,,,,,,,,,,0.04393955320119858,,,,,,,,,,,,
16,,,57659,,,,,,,,,,,0.2073076069355011,,,,,,,,,,,,
16,,,57679,,,,,,,,,,,0.05516130104660988,,,,,,,,,,,,
16,,,57699,,,,,,,,,,,0.03727294132113457,,,,,,,,,,,,
16,,,57719,,,,,,,,,,,0.01688607595860958,,,,,,,,,,,,
16,,,57739,,,,,,,,,,,0.28470268845558167,,,,,,,,,,,,
16,,,57759,,,,,,,,,,,0.24602235853672028,,,,,,,,,,,,
16,,,57779,,,,,,,,,,,0.11008793115615845,,,,,,,,,,,,
16,,,57799,,,,,,,,,,,0.2302805334329605,,,,,,,,,,,,
16,,,57819,,,,,,,,,,,0.14592191576957703,,,,,,,,,,,,
16,,,57839,,,,,,,,,,,0.09476598352193832,,,,,,,,,,,,
16,,,57859,,,,,,,,,,,0.01651761680841446,,,,,,,,,,,,
16,,,57879,,,,,,,,,,,0.1010214239358902,,,,,,,,,,,,
16,,,57899,,,,,,,,,,,0.20075157284736633,,,,,,,,,,,,
16,,,57919,,,,,,,,,,,0.008013259619474411,,,,,,,,,,,,
16,,,57939,,,,,,,,,,,0.07242655754089355,,,,,,,,,,,,
16,,,57959,,,,,,,,,,,0.2076425999403,,,,,,,,,,,,
16,,,57979,,,,,,,,,,,0.08672428876161575,,,,,,,,,,,,
16,,,57999,,,,,,,,,,,0.05741386115550995,,,,,,,,,,,,
16,,,58019,,,,,,,,,,,0.32456544041633606,,,,,,,,,,,,
16,,,58039,,,,,,,,,,,0.044090017676353455,,,,,,,,,,,,
16,,,58059,,,,,,,,,,,0.023537660017609596,,,,,,,,,,,,
16,,,58079,,,,,,,,,,,0.013970508240163326,,,,,,,,,,,,
16,,,58099,,,,,,,,,,,0.018119294196367264,,,,,,,,,,,,
16,,,58119,,,,,,,,,,,0.07194013148546219,,,,,,,,,,,,
16,,,58139,,,,,,,,,,,0.012996110133826733,,,,,,,,,,,,
16,,,58159,,,,,,,,,,,0.049683742225170135,,,,,,,,,,,,
16,,,58179,,,,,,,,,,,0.20378786325454712,,,,,,,,,,,,
16,,,58199,,,,,,,,,,,0.0577622689306736,,,,,,,,,,,,
16,,,58219,,,,,,,,,,,0.08805032074451447,,,,,,,,,,,,
16,,,58239,,,,,,,,,,,0.35583987832069397,,,,,,,,,,,,
16,,,58259,,,,,,,,,,,0.06307993084192276,,,,,,,,,,,,
16,,,58279,,,,,,,,,,,0.029985230416059494,,,,,,,,,,,,
16,,,58299,,,,,,,,,,,0.22837403416633606,,,,,,,,,,,,
16,,,58319,,,,,,,,,,,0.07194633036851883,,,,,,,,,,,,
16,,,58339,,,,,,,,,,,0.09329831600189209,,,,,,,,,,,,
16,,,58359,,,,,,,,,,,0.10239818692207336,,,,,,,,,,,,
16,,,58379,,,,,,,,,,,0.3685606122016907,,,,,,,,,,,,
16,,,58399,,,,,,,,,,,0.0438108965754509,,,,,,,,,,,,
16,,,58419,,,,,,,,,,,0.10867656767368317,,,,,,,,,,,,
16,,,58439,,,,,,,,,,,0.034618135541677475,,,,,,,,,,,,
16,,,58459,,,,,,,,,,,0.03533177822828293,,,,,,,,,,,,
16,,,58479,,,,,,,,,,,0.05638200417160988,,,,,,,,,,,,
16,,,58499,,,,,,,,,,,0.10427629202604294,,,,,,,,,,,,
16,,,58519,,,,,,,,,,,0.03321697190403938,,,,,,,,,,,,
16,,,58539,,,,,,,,,,,0.04097389802336693,,,,,,,,,,,,
16,,,58559,,,,,,,,,,,0.06638933718204498,,,,,,,,,,,,
16,,,58579,,,,,,,,,,,0.01882476545870304,,,,,,,,,,,,
16,,,58599,,,,,,,,,,,0.13295896351337433,,,,,,,,,,,,
16,,,58619,,,,,,,,,,,0.19628651440143585,,,,,,,,,,,,
16,,,58639,,,,,,,,,,,0.0260316114872694,,,,,,,,,,,,
16,,,58659,,,,,,,,,,,0.028058137744665146,,,,,,,,,,,,
16,,,58679,,,,,,,,,,,0.031357042491436005,,,,,,,,,,,,
16,,,58699,,,,,,,,,,,0.18525958061218262,,,,,,,,,,,,
16,,,58719,,,,,,,,,,,0.019630437716841698,,,,,,,,,,,,
16,,,58739,,,,,,,,,,,0.20492872595787048,,,,,,,,,,,,
16,,,58759,,,,,,,,,,,0.053294628858566284,,,,,,,,,,,,
16,,,58779,,,,,,,,,,,0.17477156221866608,,,,,,,,,,,,
16,,,58799,,,,,,,,,,,0.030525408685207367,,,,,,,,,,,,
16,,,58819,,,,,,,,,,,0.07815445959568024,,,,,,,,,,,,
16,,,58839,,,,,,,,,,,0.0987263023853302,,,,,,,,,,,,
16,,,58859,,,,,,,,,,,0.2469404637813568,,,,,,,,,,,,
16,,,58879,,,,,,,,,,,0.044239580631256104,,,,,,,,,,,,
16,,,58899,,,,,,,,,,,0.0897897407412529,,,,,,,,,,,,
16,,,58919,,,,,,,,,,,0.12212137132883072,,,,,,,,,,,,
16,,,58939,,,,,,,,,,,0.040297552943229675,,,,,,,,,,,,
16,,,58959,,,,,,,,,,,0.16576363146305084,,,,,,,,,,,,
16,,,58979,,,,,,,,,,,0.2020408809185028,,,,,,,,,,,,
16,,,58999,,,,,,,,,,,0.023815462365746498,,,,,,,,,,,,
16,,,59019,,,,,,,,,,,0.08062412589788437,,,,,,,,,,,,
16,,,59039,,,,,,,,,,,0.040480419993400574,,,,,,,,,,,,
16,,,59059,,,,,,,,,,,0.2157479226589203,,,,,,,,,,,,
16,,,59079,,,,,,,,,,,0.04291060194373131,,,,,,,,,,,,
16,,,59099,,,,,,,,,,,0.09839118272066116,,,,,,,,,,,,
16,,,59119,,,,,,,,,,,0.10582764446735382,,,,,,,,,,,,
16,,,59139,,,,,,,,,,,0.14867143332958221,,,,,,,,,,,,
16,,,59159,,,,,,,,,,,0.07051342725753784,,,,,,,,,,,,
16,,,59179,,,,,,,,,,,0.018631691113114357,,,,,,,,,,,,
16,,,59193,,,,,,,,,,,,0.638841986656189,0.8960425853729248,0.6489613652229309,1.876234769821167,0.6861525774002075,0.5869261622428894,0.7048983573913574,0.7009590268135071,0.6985782384872437,0.7252997756004333,0.6197730898857117,0.638841986656189
16,,,59193,,,,,,,,,0.9406843185424805,0.10324444621801376,,,,,,,,,,,,,
,0.0002783671908452171,0.0002783671908452171,59194,,,,,,,,,,,,,,,,,,,,,,,
17,,,59199,,,,,,,,,,,0.1210692897439003,,,,,,,,,,,,
17,,,59219,,,,,,,,,,,0.14503446221351624,,,,,,,,,,,,
17,,,59239,,,,,,,,,,,0.3344292938709259,,,,,,,,,,,,
17,,,59259,,,,,,,,,,,0.06542854756116867,,,,,,,,,,,,
17,,,59279,,,,,,,,,,,0.1407964527606964,,,,,,,,,,,,
17,,,59299,,,,,,,,,,,0.012620210647583008,,,,,,,,,,,,
17,,,59319,,,,,,,,,,,0.03067980334162712,,,,,,,,,,,,
17,,,59339,,,,,,,,,,,0.020780324935913086,,,,,,,,,,,,
17,,,59359,,,,,,,,,,,0.06139910966157913,,,,,,,,,,,,
17,,,59379,,,,,,,,,,,0.09346846491098404,,,,,,,,,,,,
17,,,59399,,,,,,,,,,,0.16286340355873108,,,,,,,,,,,,
17,,,59419,,,,,,,,,,,0.2343522161245346,,,,,,,,,,,,
17,,,59439,,,,,,,,,,,0.04691499471664429,,,,,,,,,,,,
17,,,59459,,,,,,,,,,,0.04417463392019272,,,,,,,,,,,,
17,,,59479,,,,,,,,,,,0.1394393891096115,,,,,,,,,,,,
17,,,59499,,,,,,,,,,,0.0986732617020607,,,,,,,,,,,,
17,,,59519,,,,,,,,,,,0.03416983038187027,,,,,,,,,,,,
17,,,59539,,,,,,,,,,,0.17873798310756683,,,,,,,,,,,,
17,,,59559,,,,,,,,,,,0.04498586058616638,,,,,,,,,,,,
17,,,59579,,,,,,,,,,,0.022927386686205864,,,,,,,,,,,,
17,,,59599,,,,,,,,,,,0.02091771550476551,,,,,,,,,,,,
17,,,59619,,,,,,,,,,,0.12499132752418518,,,,,,,,,,,,
17,,,59639,,,,,,,,,,,0.4315171539783478,,,,,,,,,,,,
17,,,59659,,,,,,,,,,,0.01483164168894291,,,,,,,,,,,,
17,,,59679,,,,,,,,,,,0.22853048145771027,,,,,,,,,,,,
17,,,59699,,,,,,,,,,,0.2946336567401886,,,,,,,,,,,,
17,,,59719,,,,,,,,,,,0.04429245740175247,,,,,,,,,,,,
17,,,59739,,,,,,,,,,,0.03666849061846733,,,,,,,,,,,,
17,,,59759,,,,,,,,,,,0.10200174897909164,,,,,,,,,,,,
17,,,59779,,,,,,,,,,,0.05387057736515999,,,,,,,,,,,,
17,,,59799,,,,,,,,,,,0.04231513664126396,,,,,,,,,,,,
17,,,59819,,,,,,,,,,,0.02110202983021736,,,,,,,,,,,,
17,,,59839,,,,,,,,,,,0.031668808311223984,,,,,,,,,,,,
17,,,59859,,,,,,,,,,,0.013095805421471596,,,,,,,,,,,,
17,,,59879,,,,,,,,,,,0.1694863736629486,,,,,,,,,,,,
17,,,59899,,,,,,,,,,,0.04675254225730896,,,,,,,,,,,,
17,,,59919,,,,,,,,,,,0.09264820069074631,,,,,,,,,,,,
17,,,59939,,,,,,,,,,,0.08138833194971085,,,,,,,,,,,,
17,,,59959,,,,,,,,,,,0.05376604571938515,,,,,,,,,,,,
17,,,59979,,,,,,,,,,,0.06643885374069214,,,,,,,,,,,,
17,,,59999,,,,,,,,,,,0.4175155758857727,,,,,,,,,,,,
17,,,60019,,,,,,,,,,,0.052463799715042114,,,,,,,,,,,,
17,,,60039,,,,,,,,,,,0.022463614121079445,,,,,,,,,,,,
17,,,60059,,,,,,,,,,,0.03884505480527878,,,,,,,,,,,,
17,,,60079,,,,,,,,,,,0.030059251934289932,,,,,,,,,,,,
17,,,60099,,,,,,,,,,,0.2971116900444031,,,,,,,,,,,,
17,,,60119,,,,,,,,,,,0.07590126246213913,,,,,,,,,,,,
17,,,60139,,,,,,,,,,,0.015481503680348396,,,,,,,,,,,,
17,,,60159,,,,,,,,,,,0.2876130938529968,,,,,,,,,,,,
17,,,60179,,,,,,,,,,,0.02755630575120449,,,,,,,,,,,,
17,,,60199,,,,,,,,,,,0.08435750752687454,,,,,,,,,,,,
17,,,60219,,,,,,,,,,,0.11328714340925217,,,,,,,,,,,,
17,,,60239,,,,,,,,,,,0.10509210079908371,,,,,,,,,,,,
17,,,60259,,,,,,,,,,,0.08725056052207947,,,,,,,,,,,,
17,,,60279,,,,,,,,,,,0.19195902347564697,,,,,,,,,,,,
17,,,60299,,,,,,,,,,,0.22968123853206635,,,,,,,,,,,,
17,,,60319,,,,,,,,,,,0.22872772812843323,,,,,,,,,,,,
17,,,60339,,,,,,,,,,,0.13362185657024384,,,,,,,,,,,,
17,,,60359,,,,,,,,,,,0.012872908264398575,,,,,,,,,,,,
17,,,60379,,,,,,,,,,,0.09349563717842102,,,,,,,,,,,,
17,,,60399,,,,,,,,,,,0.12011370807886124,,,,,,,,,,,,
17,,,60419,,,,,,,,,,,0.04911184310913086,,,,,,,,,,,,
17,,,60439,,,,,,,,,,,0.08075226843357086,,,,,,,,,,,,
17,,,60459,,,,,,,,,,,0.03466588258743286,,,,,,,,,,,,
17,,,60479,,,,,,,,,,,0.08165335655212402,,,,,,,,,,,,
17,,,60499,,,,,,,,,,,0.03376462683081627,,,,,,,,,,,,
17,,,60519,,,,,,,,,,,0.013505076058208942,,,,,,,,,,,,
17,,,60539,,,,,,,,,,,0.01066315732896328,,,,,,,,,,,,
17,,,60559,,,,,,,,,,,0.020592305809259415,,,,,,,,,,,,
17,,,60579,,,,,,,,,,,0.013076284900307655,,,,,,,,,,,,
17,,,60599,,,,,,,,,,,0.03127657249569893,,,,,,,,,,,,
17,,,60619,,,,,,,,,,,0.009810401126742363,,,,,,,,,,,,
17,,,60639,,,,,,,,,,,0.03217172250151634,,,,,,,,,,,,
17,,,60659,,,,,,,,,,,0.20325841009616852,,,,,,,,,,,,
17,,,60679,,,,,,,,,,,0.08212068676948547,,,,,,,,,,,,
17,,,60699,,,,,,,,,,,0.05692095309495926,,,,,,,,,,,,
17,,,60719,,,,,,,,,,,0.3784990906715393,,,,,,,,,,,,
17,,,60739,,,,,,,,,,,0.02592872641980648,,,,,,,,,,,,
17,,,60759,,,,,,,,,,,0.267299622297287,,,,,,,,,,,,
17,,,60779,,,,,,,,,,,0.08600768446922302,,,,,,,,,,,,
17,,,60799,,,,,,,,,,,0.0433497279882431,,,,,,,,,,,,
17,,,60819,,,,,,,,,,,0.05970986932516098,,,,,,,,,,,,
17,,,60839,,,,,,,,,,,0.07899834215641022,,,,,,,,,,,,
17,,,60859,,,,,,,,,,,0.36473333835601807,,,,,,,,,,,,
17,,,60879,,,,,,,,,,,0.2515908479690552,,,,,,,,,,,,
17,,,60899,,,,,,,,,,,0.03746458515524864,,,,,,,,,,,,
17,,,60919,,,,,,,,,,,0.04111790657043457,,,,,,,,,,,,
17,,,60939,,,,,,,,,,,0.016045650467276573,,,,,,,,,,,,
17,,,60959,,,,,,,,,,,0.08367352932691574,,,,,,,,,,,,
17,,,60979,,,,,,,,,,,0.005225928965955973,,,,,,,,,,,,
17,,,60999,,,,,,,,,,,0.09579238295555115,,,,,,,,,,,,
17,,,61019,,,,,,,,,,,0.08195745199918747,,,,,,,,,,,,
17,,,61039,,,,,,,,,,,0.0573725700378418,,,,,,,,,,,,
17,,,61059,,,,,,,,,,,0.01828833483159542,,,,,,,,,,,,
17,,,61079,,,,,,,,,,,0.02005108632147312,,,,,,,,,,,,
17,,,61099,,,,,,,,,,,0.017734669148921967,,,,,,,,,,,,
17,,,61119,,,,,,,,,,,0.02608705684542656,,,,,,,,,,,,
17,,,61139,,,,,,,,,,,0.06525612622499466,,,,,,,,,,,,
17,,,61159,,,,,,,,,,,0.14201952517032623,,,,,,,,,,,,
17,,,61179,,,,,,,,,,,0.03466912358999252,,,,,,,,,,,,
17,,,61199,,,,,,,,,,,0.07049288600683212,,,,,,,,,,,,
17,,,61219,,,,,,,,,,,0.19417273998260498,,,,,,,,,,,,
17,,,61239,,,,,,,,,,,0.2967950701713562,,,,,,,,,,,,
17,,,61259,,,,,,,,,,,0.2376660704612732,,,,,,,,,,,,
17,,,61279,,,,,,,,,,,0.2783151865005493,,,,,,,,,,,,
17,,,61299,,,,,,,,,,,0.014130529016256332,,,,,,,,,,,,
17,,,61319,,,,,,,,,,,0.042311891913414,,,,,,,,,,,,
17,,,61339,,,,,,,,,,,0.1455535590648651,,,,,,,,,,,,
17,,,61359,,,,,,,,,,,0.09496834874153137,,,,,,,,,,,,
17,,,61379,,,,,,,,,,,0.039918892085552216,,,,,,,,,,,,
17,,,61399,,,,,,,,,,,0.14519624412059784,,,,,,,,,,,,
17,,,61419,,,,,,,,,,,0.16962337493896484,,,,,,,,,,,,
17,,,61439,,,,,,,,,,,0.04149043560028076,,,,,,,,,,,,
17,,,61459,,,,,,,,,,,0.017199784517288208,,,,,,,,,,,,
17,,,61479,,,,,,,,,,,0.018325457349419594,,,,,,,,,,,,
17,,,61499,,,,,,,,,,,0.01219729334115982,,,,,,,,,,,,
17,,,61519,,,,,,,,,,,0.011832751333713531,,,,,,,,,,,,
17,,,61539,,,,,,,,,,,0.019761083647608757,,,,,,,,,,,,
17,,,61559,,,,,,,,,,,0.19783206284046173,,,,,,,,,,,,
17,,,61579,,,,,,,,,,,0.01720276288688183,,,,,,,,,,,,
17,,,61599,,,,,,,,,,,0.16122093796730042,,,,,,,,,,,,
17,,,61619,,,,,,,,,,,0.290883332490921,,,,,,,,,,,,
17,,,61639,,,,,,,,,,,0.05648989975452423,,,,,,,,,,,,
17,,,61659,,,,,,,,,,,0.09661093354225159,,,,,,,,,,,,
17,,,61679,,,,,,,,,,,0.01721368357539177,,,,,,,,,,,,
17,,,61699,,,,,,,,,,,0.017285984009504318,,,,,,,,,,,,
17,,,61719,,,,,,,,,,,0.4631746709346771,,,,,,,,,,,,
17,,,61739,,,,,,,,,,,0.02065824158489704,,,,,,,,,,,,
17,,,61759,,,,,,,,,,,0.023996971547603607,,,,,,,,,,,,
17,,,61779,,,,,,,,,,,0.13996785879135132,,,,,,,,,,,,
17,,,61799,,,,,,,,,,,0.036982208490371704,,,,,,,,,,,,
17,,,61819,,,,,,,,,,,0.038772016763687134,,,,,,,,,,,,
17,,,61839,,,,,,,,,,,0.03766103833913803,,,,,,,,,,,,
17,,,61859,,,,,,,,,,,0.08938934653997421,,,,,,,,,,,,
17,,,61879,,,,,,,,,,,0.02531638741493225,,,,,,,,,,,,
17,,,61899,,,,,,,,,,,0.08125022053718567,,,,,,,,,,,,
17,,,61919,,,,,,,,,,,0.11660640686750412,,,,,,,,,,,,
17,,,61939,,,,,,,,,,,0.1491968184709549,,,,,,,,,,,,
17,,,61959,,,,,,,,,,,0.06063774600625038,,,,,,,,,,,,
17,,,61979,,,,,,,,,,,0.03260597214102745,,,,,,,,,,,,
17,,,61999,,,,,,,,,,,0.0200974028557539,,,,,,,,,,,,
17,,,62019,,,,,,,,,,,0.12273167818784714,,,,,,,,,,,,
17,,,62039,,,,,,,,,,,0.04629393666982651,,,,,,,,,,,,
17,,,62059,,,,,,,,,,,0.07869177311658859,,,,,,,,,,,,
17,,,62079,,,,,,,,,,,0.03545121103525162,,,,,,,,,,,,
17,,,62099,,,,,,,,,,,0.03434079512953758,,,,,,,,,,,,
17,,,62119,,,,,,,,,,,0.09532332420349121,,,,,,,,,,,,
17,,,62139,,,,,,,,,,,0.0582101084291935,,,,,,,,,,,,
17,,,62159,,,,,,,,,,,0.0692196786403656,,,,,,,,,,,,
17,,,62179,,,,,,,,,,,0.18153823912143707,,,,,,,,,,,,
17,,,62199,,,,,,,,,,,0.12158354371786118,,,,,,,,,,,,
17,,,62219,,,,,,,,,,,0.11516209691762924,,,,,,,,,,,,
17,,,62239,,,,,,,,,,,0.03355390205979347,,,,,,,,,,,,
17,,,62259,,,,,,,,,,,0.03836257755756378,,,,,,,,,,,,
17,,,62279,,,,,,,,,,,0.08666597306728363,,,,,,,,,,,,
17,,,62299,,,,,,,,,,,0.23142796754837036,,,,,,,,,,,,
17,,,62319,,,,,,,,,,,0.10631655901670456,,,,,,,,,,,,
17,,,62339,,,,,,,,,,,0.12131154537200928,,,,,,,,,,,,
17,,,62359,,,,,,,,,,,0.019402725622057915,,,,,,,,,,,,
17,,,62379,,,,,,,,,,,0.1763753890991211,,,,,,,,,,,,
17,,,62399,,,,,,,,,,,0.011310413479804993,,,,,,,,,,,,
17,,,62419,,,,,,,,,,,0.02629774995148182,,,,,,,,,,,,
17,,,62439,,,,,,,,,,,0.050815682858228683,,,,,,,,,,,,
17,,,62459,,,,,,,,,,,0.04985574632883072,,,,,,,,,,,,
17,,,62479,,,,,,,,,,,0.015780508518218994,,,,,,,,,,,,
17,,,62499,,,,,,,,,,,0.1974097490310669,,,,,,,,,,,,
17,,,62519,,,,,,,,,,,0.06956838816404343,,,,,,,,,,,,
17,,,62539,,,,,,,,,,,0.09072414040565491,,,,,,,,,,,,
17,,,62559,,,,,,,,,,,0.1847192943096161,,,,,,,,,,,,
17,,,62579,,,,,,,,,,,0.0805244967341423,,,,,,,,,,,,
17,,,62599,,,,,,,,,,,0.16721531748771667,,,,,,,,,,,,
17,,,62619,,,,,,,,,,,0.09108375012874603,,,,,,,,,,,,
17,,,62639,,,,,,,,,,,0.1334725171327591,,,,,,,,,,,,
17,,,62659,,,,,,,,,,,0.18062295019626617,,,,,,,,,,,,
17,,,62675,,,,,,,,,,,,0.6519021987915039,0.904045581817627,0.6635139584541321,1.9614853858947754,0.7117764949798584,0.6081396341323853,0.7191440463066101,0.6913098692893982,0.6713177561759949,0.7920575141906738,0.6924208998680115,0.6519021987915039
17,,,62675,,,,,,,,,0.9437112808227539,0.09865359216928482,,,,,,,,,,,,,
,0.00027344757988404845,0.00027344757988404845,62676,,,,,,,,,,,,,,,,,,,,,,,
18,,,62679,,,,,,,,,,,0.05976850166916847,,,,,,,,,,,,
18,,,62699,,,,,,,,,,,0.14908194541931152,,,,,,,,,,,,
18,,,62719,,,,,,,,,,,0.1132674589753151,,,,,,,,,,,,
18,,,62739,,,,,,,,,,,0.05769287422299385,,,,,,,,,,,,
18,,,62759,,,,,,,,,,,0.04837754741311073,,,,,,,,,,,,
18,,,62779,,,,,,,,,,,0.01161465235054493,,,,,,,,,,,,
18,,,62799,,,,,,,,,,,0.1799510419368744,,,,,,,,,,,,
18,,,62819,,,,,,,,,,,0.2126408964395523,,,,,,,,,,,,
18,,,62839,,,,,,,,,,,0.10016319155693054,,,,,,,,,,,,
18,,,62859,,,,,,,,,,,0.2722984254360199,,,,,,,,,,,,
18,,,62879,,,,,,,,,,,0.0366792269051075,,,,,,,,,,,,
18,,,62899,,,,,,,,,,,0.12183932960033417,,,,,,,,,,,,
18,,,62919,,,,,,,,,,,0.00881102029234171,,,,,,,,,,,,
18,,,62939,,,,,,,,,,,0.22186759114265442,,,,,,,,,,,,
18,,,62959,,,,,,,,,,,0.09289185702800751,,,,,,,,,,,,
18,,,62979,,,,,,,,,,,0.06435365229845047,,,,,,,,,,,,
18,,,62999,,,,,,,,,,,0.35130465030670166,,,,,,,,,,,,
18,,,63019,,,,,,,,,,,0.22669340670108795,,,,,,,,,,,,
18,,,63039,,,,,,,,,,,0.27181100845336914,,,,,,,,,,,,
18,,,63059,,,,,,,,,,,0.013270562514662743,,,,,,,,,,,,
18,,,63079,,,,,,,,,,,0.1263648271560669,,,,,,,,,,,,
18,,,63099,,,,,,,,,,,0.014327269047498703,,,,,,,,,,,,
18,,,63119,,,,,,,,,,,0.2205495536327362,,,,,,,,,,,,
18,,,63139,,,,,,,,,,,0.07439500838518143,,,,,,,,,,,,
18,,,63159,,,,,,,,,,,0.32880887389183044,,,,,,,,,,,,
18,,,63179,,,,,,,,,,,0.055291857570409775,,,,,,,,,,,,
18,,,63199,,,,,,,,,,,0.23452989757061005,,,,,,,,,,,,
18,,,63219,,,,,,,,,,,0.029522396624088287,,,,,,,,,,,,
18,,,63239,,,,,,,,,,,0.10179802775382996,,,,,,,,,,,,
18,,,63259,,,,,,,,,,,0.027087636291980743,,,,,,,,,,,,
18,,,63279,,,,,,,,,,,0.0347500815987587,,,,,,,,,,,,
18,,,63299,,,,,,,,,,,0.02553441748023033,,,,,,,,,,,,
18,,,63319,,,,,,,,,,,0.0935453251004219,,,,,,,,,,,,
18,,,63339,,,,,,,,,,,0.00958720501512289,,,,,,,,,,,,
18,,,63359,,,,,,,,,,,0.13872644305229187,,,,,,,,,,,,
18,,,63379,,,,,,,,,,,0.028713742271065712,,,,,,,,,,,,
18,,,63399,,,,,,,,,,,0.18490302562713623,,,,,,,,,,,,
18,,,63419,,,,,,,,,,,0.028573093935847282,,,,,,,,,,,,
18,,,63439,,,,,,,,,,,0.06289118528366089,,,,,,,,,,,,
18,,,63459,,,,,,,,,,,0.1498585343360901,,,,,,,,,,,,
18,,,63479,,,,,,,,,,,0.05079204961657524,,,,,,,,,,,,
18,,,63499,,,,,,,,,,,0.07103945314884186,,,,,,,,,,,,
18,,,63519,,,,,,,,,,,0.021944914013147354,,,,,,,,,,,,
18,,,63539,,,,,,,,,,,0.011909935623407364,,,,,,,,,,,,
18,,,63559,,,,,,,,,,,0.03338151425123215,,,,,,,,,,,,
18,,,63579,,,,,,,,,,,0.07140642404556274,,,,,,,,,,,,
18,,,63599,,,,,,,,,,,0.003464176319539547,,,,,,,,,,,,
18,,,63619,,,,,,,,,,,0.029377702623605728,,,,,,,,,,,,
18,,,63639,,,,,,,,,,,0.058625780045986176,,,,,,,,,,,,
18,,,63659,,,,,,,,,,,0.07223707437515259,,,,,,,,,,,,
18,,,63679,,,,,,,,,,,0.020017847418785095,,,,,,,,,,,,
18,,,63699,,,,,,,,,,,0.06260417401790619,,,,,,,,,,,,
18,,,63719,,,,,,,,,,,0.13458527624607086,,,,,,,,,,,,
18,,,63739,,,,,,,,,,,0.11722647398710251,,,,,,,,,,,,
18,,,63759,,,,,,,,,,,0.14027802646160126,,,,,,,,,,,,
18,,,63779,,,,,,,,,,,0.01527273841202259,,,,,,,,,,,,
18,,,63799,,,,,,,,,,,0.014332978054881096,,,,,,,,,,,,
18,,,63819,,,,,,,,,,,0.28026002645492554,,,,,,,,,,,,
18,,,63839,,,,,,,,,,,0.2750878632068634,,,,,,,,,,,,
18,,,63859,,,,,,,,,,,0.16454720497131348,,,,,,,,,,,,
18,,,63879,,,,,,,,,,,0.09723140299320221,,,,,,,,,,,,
18,,,63899,,,,,,,,,,,0.054120782762765884,,,,,,,,,,,,
18,,,63919,,,,,,,,,,,0.03884877264499664,,,,,,,,,,,,
18,,,63939,,,,,,,,,,,0.19203074276447296,,,,,,,,,,,,
18,,,63959,,,,,,,,,,,0.0795789510011673,,,,,,,,,,,,
18,,,63979,,,,,,,,,,,0.0172532070428133,,,,,,,,,,,,
18,,,63999,,,,,,,,,,,0.05425017327070236,,,,,,,,,,,,
18,,,64019,,,,,,,,,,,0.045344121754169464,,,,,,,,,,,,
18,,,64039,,,,,,,,,,,0.03462985157966614,,,,,,,,,,,,
18,,,64059,,,,,,,,,,,0.013450860977172852,,,,,,,,,,,,
18,,,64079,,,,,,,,,,,0.3079248070716858,,,,,,,,,,,,
18,,,64099,,,,,,,,,,,0.29953163862228394,,,,,,,,,,,,
18,,,64119,,,,,,,,,,,0.08989720046520233,,,,,,,,,,,,
18,,,64139,,,,,,,,,,,0.06282369792461395,,,,,,,,,,,,
18,,,64159,,,,,,,,,,,0.2557576894760132,,,,,,,,,,,,
18,,,64179,,,,,,,,,,,0.12617968022823334,,,,,,,,,,,,
18,,,64199,,,,,,,,,,,0.17928777635097504,,,,,,,,,,,,
18,,,64219,,,,,,,,,,,0.004459010902792215,,,,,,,,,,,,
18,,,64239,,,,,,,,,,,0.2774527072906494,,,,,,,,,,,,
18,,,64259,,,,,,,,,,,0.047482311725616455,,,,,,,,,,,,
18,,,64279,,,,,,,,,,,0.15472324192523956,,,,,,,,,,,,
18,,,64299,,,,,,,,,,,0.23190705478191376,,,,,,,,,,,,
18,,,64319,,,,,,,,,,,0.045035041868686676,,,,,,,,,,,,
18,,,64339,,,,,,,,,,,0.01812506467103958,,,,,,,,,,,,
18,,,64359,,,,,,,,,,,0.030020184814929962,,,,,,,,,,,,
18,,,64379,,,,,,,,,,,0.004426517989486456,,,,,,,,,,,,
18,,,64399,,,,,,,,,,,0.3745149075984955,,,,,,,,,,,,
18,,,64419,,,,,,,,,,,0.08070331066846848,,,,,,,,,,,,
18,,,64439,,,,,,,,,,,0.13639235496520996,,,,,,,,,,,,
18,,,64459,,,,,,,,,,,0.15513435006141663,,,,,,,,,,,,
18,,,64479,,,,,,,,,,,0.018651623278856277,,,,,,,,,,,,
18,,,64499,,,,,,,,,,,0.009250283241271973,,,,,,,,,,,,
18,,,64519,,,,,,,,,,,0.014020453207194805,,,,,,,,,,,,
18,,,64539,,,,,,,,,,,0.10130757093429565,,,,,,,,,,,,
18,,,64559,,,,,,,,,,,0.09581346809864044,,,,,,,,,,,,
18,,,64579,,,,,,,,,,,0.2511973977088928,,,,,,,,,,,,
18,,,64599,,,,,,,,,,,0.18811336159706116,,,,,,,,,,,,
18,,,64619,,,,,,,,,,,0.029635855928063393,,,,,,,,,,,,
18,,,64639,,,,,,,,,,,0.004023025743663311,,,,,,,,,,,,
18,,,64659,,,,,,,,,,,0.22683890163898468,,,,,,,,,,,,
18,,,64679,,,,,,,,,,,0.038284189999103546,,,,,,,,,,,,
18,,,64699,,,,,,,,,,,0.00972168892621994,,,,,,,,,,,,
18,,,64719,,,,,,,,,,,0.41374266147613525,,,,,,,,,,,,
18,,,64739,,,,,,,,,,,0.02362986095249653,,,,,,,,,,,,
18,,,64759,,,,,,,,,,,0.10284516215324402,,,,,,,,,,,,
18,,,64779,,,,,,,,,,,0.46045050024986267,,,,,,,,,,,,
18,,,64799,,,,,,,,,,,0.051437802612781525,,,,,,,,,,,,
18,,,64819,,,,,,,,,,,0.060583822429180145,,,,,,,,,,,,
18,,,64839,,,,,,,,,,,0.022048989310860634,,,,,,,,,,,,
18,,,64859,,,,,,,,,,,0.32448291778564453,,,,,,,,,,,,
18,,,64879,,,,,,,,,,,0.0168154276907444,,,,,,,,,,,,
18,,,64899,,,,,,,,,,,0.04227365180850029,,,,,,,,,,,,
18,,,64919,,,,,,,,,,,0.02334919199347496,,,,,,,,,,,,
18,,,64939,,,,,,,,,,,0.15760956704616547,,,,,,,,,,,,
18,,,64959,,,,,,,,,,,0.01749972440302372,,,,,,,,,,,,
18,,,64979,,,,,,,,,,,0.1802423745393753,,,,,,,,,,,,
18,,,64999,,,,,,,,,,,0.33659765124320984,,,,,,,,,,,,
18,,,65019,,,,,,,,,,,0.02788558416068554,,,,,,,,,,,,
18,,,65039,,,,,,,,,,,0.022077884525060654,,,,,,,,,,,,
18,,,65059,,,,,,,,,,,0.06295944005250931,,,,,,,,,,,,
18,,,65079,,,,,,,,,,,0.14063294231891632,,,,,,,,,,,,
18,,,65099,,,,,,,,,,,0.014142369851469994,,,,,,,,,,,,
18,,,65119,,,,,,,,,,,0.049588046967983246,,,,,,,,,,,,
18,,,65139,,,,,,,,,,,0.021586475893855095,,,,,,,,,,,,
18,,,65159,,,,,,,,,,,0.34523889422416687,,,,,,,,,,,,
18,,,65179,,,,,,,,,,,0.04050038754940033,,,,,,,,,,,,
18,,,65199,,,,,,,,,,,0.09464827179908752,,,,,,,,,,,,
18,,,65219,,,,,,,,,,,0.005357183516025543,,,,,,,,,,,,
18,,,65239,,,,,,,,,,,0.10325787961483002,,,,,,,,,,,,
18,,,65259,,,,,,,,,,,0.13810153305530548,,,,,,,,,,,,
18,,,65279,,,,,,,,,,,0.15509702265262604,,,,,,,,,,,,
18,,,65299,,,,,,,,,,,0.2606894075870514,,,,,,,,,,,,
18,,,65319,,,,,,,,,,,0.09871365129947662,,,,,,,,,,,,
18,,,65339,,,,,,,,,,,0.13914328813552856,,,,,,,,,,,,
18,,,65359,,,,,,,,,,,0.07381011545658112,,,,,,,,,,,,
18,,,65379,,,,,,,,,,,0.04834369942545891,,,,,,,,,,,,
18,,,65399,,,,,,,,,,,0.07614485919475555,,,,,,,,,,,,
18,,,65419,,,,,,,,,,,0.08324819058179855,,,,,,,,,,,,
18,,,65439,,,,,,,,,,,0.038228537887334824,,,,,,,,,,,,
18,,,65459,,,,,,,,,,,0.16550502181053162,,,,,,,,,,,,
18,,,65479,,,,,,,,,,,0.04903033748269081,,,,,,,,,,,,
18,,,65499,,,,,,,,,,,0.010662144981324673,,,,,,,,,,,,
18,,,65519,,,,,,,,,,,0.032953448593616486,,,,,,,,,,,,
18,,,65539,,,,,,,,,,,0.07760845124721527,,,,,,,,,,,,
18,,,65559,,,,,,,,,,,0.015068795531988144,,,,,,,,,,,,
18,,,65579,,,,,,,,,,,0.4322032332420349,,,,,,,,,,,,
18,,,65599,,,,,,,,,,,0.019039765000343323,,,,,,,,,,,,
18,,,65619,,,,,,,,,,,0.19545474648475647,,,,,,,,,,,,
18,,,65639,,,,,,,,,,,0.03709319233894348,,,,,,,,,,,,
18,,,65659,,,,,,,,,,,0.014503499493002892,,,,,,,,,,,,
18,,,65679,,,,,,,,,,,0.18201611936092377,,,,,,,,,,,,
18,,,65699,,,,,,,,,,,0.1790626049041748,,,,,,,,,,,,
18,,,65719,,,,,,,,,,,0.16374941170215607,,,,,,,,,,,,
18,,,65739,,,,,,,,,,,0.03170623630285263,,,,,,,,,,,,
18,,,65759,,,,,,,,,,,0.131432443857193,,,,,,,,,,,,
18,,,65779,,,,,,,,,,,0.029413267970085144,,,,,,,,,,,,
18,,,65799,,,,,,,,,,,0.30238038301467896,,,,,,,,,,,,
18,,,65819,,,,,,,,,,,0.07823055982589722,,,,,,,,,,,,
18,,,65839,,,,,,,,,,,0.12798380851745605,,,,,,,,,,,,
18,,,65859,,,,,,,,,,,0.06744307279586792,,,,,,,,,,,,
18,,,65879,,,,,,,,,,,0.010135691612958908,,,,,,,,,,,,
18,,,65899,,,,,,,,,,,0.01270214281976223,,,,,,,,,,,,
18,,,65919,,,,,,,,,,,0.055352289229631424,,,,,,,,,,,,
18,,,65939,,,,,,,,,,,0.10244636237621307,,,,,,,,,,,,
18,,,65959,,,,,,,,,,,0.029724467545747757,,,,,,,,,,,,
18,,,65979,,,,,,,,,,,0.03416755050420761,,,,,,,,,,,,
18,,,65999,,,,,,,,,,,0.08001025021076202,,,,,,,,,,,,
18,,,66019,,,,,,,,,,,0.0464479960501194,,,,,,,,,,,,
18,,,66039,,,,,,,,,,,0.0496610626578331,,,,,,,,,,,,
18,,,66059,,,,,,,,,,,0.008370131254196167,,,,,,,,,,,,
18,,,66079,,,,,,,,,,,0.04454415664076805,,,,,,,,,,,,
18,,,66099,,,,,,,,,,,0.09090741723775864,,,,,,,,,,,,
18,,,66119,,,,,,,,,,,0.00943978875875473,,,,,,,,,,,,
18,,,66139,,,,,,,,,,,0.17697641253471375,,,,,,,,,,,,
18,,,66157,,,,,,,,,,,,0.689150869846344,0.9068216681480408,0.6904522180557251,1.3752399682998657,0.6926515698432922,0.6251871585845947,0.7308480739593506,0.6944876909255981,0.7677373290061951,0.7837564945220947,0.5246248841285706,0.689150869846344
18,,,66157,,,,,,,,,0.9464108943939209,0.09498599916696548,,,,,,,,,,,,,
,0.0002680775220913575,0.0002680775220913575,66158,,,,,,,,,,,,,,,,,,,,,,,
19,,,66159,,,,,,,,,,,0.17983469367027283,,,,,,,,,,,,
19,,,66179,,,,,,,,,,,0.06808185577392578,,,,,,,,,,,,
19,,,66199,,,,,,,,,,,0.023753315210342407,,,,,,,,,,,,
19,,,66219,,,,,,,,,,,0.04903842508792877,,,,,,,,,,,,
19,,,66239,,,,,,,,,,,0.061501644551754,,,,,,,,,,,,
19,,,66259,,,,,,,,,,,0.04144224897027016,,,,,,,,,,,,
19,,,66279,,,,,,,,,,,0.01407039538025856,,,,,,,,,,,,
19,,,66299,,,,,,,,,,,0.048786506056785583,,,,,,,,,,,,
19,,,66319,,,,,,,,,,,0.19498661160469055,,,,,,,,,,,,
19,,,66339,,,,,,,,,,,0.017876500263810158,,,,,,,,,,,,
19,,,66359,,,,,,,,,,,0.053640689700841904,,,,,,,,,,,,
19,,,66379,,,,,,,,,,,0.01559450477361679,,,,,,,,,,,,
19,,,66399,,,,,,,,,,,0.02634899690747261,,,,,,,,,,,,
19,,,66419,,,,,,,,,,,0.11490441858768463,,,,,,,,,,,,
19,,,66439,,,,,,,,,,,0.07750646024942398,,,,,,,,,,,,
19,,,66459,,,,,,,,,,,0.026565438136458397,,,,,,,,,,,,
19,,,66479,,,,,,,,,,,0.016271518543362617,,,,,,,,,,,,
19,,,66499,,,,,,,,,,,0.046198777854442596,,,,,,,,,,,,
19,,,66519,,,,,,,,,,,0.03071541339159012,,,,,,,,,,,,
19,,,66539,,,,,,,,,,,0.014188945293426514,,,,,,,,,,,,
19,,,66559,,,,,,,,,,,0.015460270456969738,,,,,,,,,,,,
19,,,66579,,,,,,,,,,,0.15808919072151184,,,,,,,,,,,,
19,,,66599,,,,,,,,,,,0.13582955300807953,,,,,,,,,,,,
19,,,66619,,,,,,,,,,,0.05324423313140869,,,,,,,,,,,,
19,,,66639,,,,,,,,,,,0.07120101898908615,,,,,,,,,,,,
19,,,66659,,,,,,,,,,,0.09420482069253922,,,,,,,,,,,,
19,,,66679,,,,,,,,,,,0.13616064190864563,,,,,,,,,,,,
19,,,66699,,,,,,,,,,,0.1318497508764267,,,,,,,,,,,,
19,,,66719,,,,,,,,,,,0.00905037671327591,,,,,,,,,,,,
19,,,66739,,,,,,,,,,,0.03505321592092514,,,,,,,,,,,,
19,,,66759,,,,,,,,,,,0.20804601907730103,,,,,,,,,,,,
19,,,66779,,,,,,,,,,,0.026952501386404037,,,,,,,,,,,,
19,,,66799,,,,,,,,,,,0.11052511632442474,,,,,,,,,,,,
19,,,66819,,,,,,,,,,,0.05420072376728058,,,,,,,,,,,,
19,,,66839,,,,,,,,,,,0.027758769690990448,,,,,,,,,,,,
19,,,66859,,,,,,,,,,,0.021974997594952583,,,,,,,,,,,,
19,,,66879,,,,,,,,,,,0.03532998636364937,,,,,,,,,,,,
19,,,66899,,,,,,,,,,,0.018826525658369064,,,,,,,,,,,,
19,,,66919,,,,,,,,,,,0.06570757180452347,,,,,,,,,,,,
19,,,66939,,,,,,,,,,,0.2483212649822235,,,,,,,,,,,,
19,,,66959,,,,,,,,,,,0.03899095952510834,,,,,,,,,,,,
19,,,66979,,,,,,,,,,,0.20654921233654022,,,,,,,,,,,,
19,,,66999,,,,,,,,,,,0.2162064015865326,,,,,,,,,,,,
19,,,67019,,,,,,,,,,,0.31512054800987244,,,,,,,,,,,,
19,,,67039,,,,,,,,,,,0.005200098268687725,,,,,,,,,,,,
19,,,67059,,,,,,,,,,,0.02885892614722252,,,,,,,,,,,,
19,,,67079,,,,,,,,,,,0.00581637118011713,,,,,,,,,,,,
19,,,67099,,,,,,,,,,,0.009594889357686043,,,,,,,,,,,,
19,,,67119,,,,,,,,,,,0.02505240961909294,,,,,,,,,,,,
19,,,67139,,,,,,,,,,,0.06332030147314072,,,,,,,,,,,,
19,,,67159,,,,,,,,,,,0.02011341229081154,,,,,,,,,,,,
19,,,67179,,,,,,,,,,,0.15223662555217743,,,,,,,,,,,,
19,,,67199,,,,,,,,,,,0.011159170418977737,,,,,,,,,,,,
19,,,67219,,,,,,,,,,,0.10854670405387878,,,,,,,,,,,,
19,,,67239,,,,,,,,,,,0.34655827283859253,,,,,,,,,,,,
19,,,67259,,,,,,,,,,,0.008241761475801468,,,,,,,,,,,,
19,,,67279,,,,,,,,,,,0.13432732224464417,,,,,,,,,,,,
19,,,67299,,,,,,,,,,,0.08129289746284485,,,,,,,,,,,,
19,,,67319,,,,,,,,,,,0.08035693317651749,,,,,,,,,,,,
19,,,67339,,,,,,,,,,,0.01875484734773636,,,,,,,,,,,,
19,,,67359,,,,,,,,,,,0.1705867350101471,,,,,,,,,,,,
19,,,67379,,,,,,,,,,,0.014894906431436539,,,,,,,,,,,,
19,,,67399,,,,,,,,,,,0.11306218057870865,,,,,,,,,,,,
19,,,67419,,,,,,,,,,,0.057701267302036285,,,,,,,,,,,,
19,,,67439,,,,,,,,,,,0.11330915987491608,,,,,,,,,,,,
19,,,67459,,,,,,,,,,,0.00851582083851099,,,,,,,,,,,,
19,,,67479,,,,,,,,,,,0.029585035517811775,,,,,,,,,,,,
19,,,67499,,,,,,,,,,,0.07589639723300934,,,,,,,,,,,,
19,,,67519,,,,,,,,,,,0.14883776009082794,,,,,,,,,,,,
19,,,67539,,,,,,,,,,,0.04285941272974014,,,,,,,,,,,,
19,,,67559,,,,,,,,,,,0.21328403055667877,,,,,,,,,,,,
19,,,67579,,,,,,,,,,,0.03297063708305359,,,,,,,,,,,,
19,,,67599,,,,,,,,,,,0.08089137822389603,,,,,,,,,,,,
19,,,67619,,,,,,,,,,,0.07406109571456909,,,,,,,,,,,,
19,,,67639,,,,,,,,,,,0.07348199933767319,,,,,,,,,,,,
19,,,67659,,,,,,,,,,,0.012601510621607304,,,,,,,,,,,,
19,,,67679,,,,,,,,,,,0.04322852939367294,,,,,,,,,,,,
19,,,67699,,,,,,,,,,,0.018157117068767548,,,,,,,,,,,,
19,,,67719,,,,,,,,,,,0.014880780130624771,,,,,,,,,,,,
19,,,67739,,,,,,,,,,,0.5338181257247925,,,,,,,,,,,,
19,,,67759,,,,,,,,,,,0.018125109374523163,,,,,,,,,,,,
19,,,67779,,,,,,,,,,,0.048386819660663605,,,,,,,,,,,,
19,,,67799,,,,,,,,,,,0.04415818303823471,,,,,,,,,,,,
19,,,67819,,,,,,,,,,,0.0657765194773674,,,,,,,,,,,,
19,,,67839,,,,,,,,,,,0.07982824742794037,,,,,,,,,,,,
19,,,67859,,,,,,,,,,,0.012176023796200752,,,,,,,,,,,,
19,,,67879,,,,,,,,,,,0.19677738845348358,,,,,,,,,,,,
19,,,67899,,,,,,,,,,,0.2167537957429886,,,,,,,,,,,,
19,,,67919,,,,,,,,,,,0.026557505130767822,,,,,,,,,,,,
19,,,67939,,,,,,,,,,,0.03676571324467659,,,,,,,,,,,,
19,,,67959,,,,,,,,,,,0.022259090095758438,,,,,,,,,,,,
19,,,67979,,,,,,,,,,,0.045303694903850555,,,,,,,,,,,,
19,,,67999,,,,,,,,,,,0.07173643261194229,,,,,,,,,,,,
19,,,68019,,,,,,,,,,,0.27230173349380493,,,,,,,,,,,,
19,,,68039,,,,,,,,,,,0.05832285434007645,,,,,,,,,,,,
19,,,68059,,,,,,,,,,,0.054790616035461426,,,,,,,,,,,,
19,,,68079,,,,,,,,,,,0.019843563437461853,,,,,,,,,,,,
19,,,68099,,,,,,,,,,,0.23891353607177734,,,,,,,,,,,,
19,,,68119,,,,,,,,,,,0.12330742180347443,,,,,,,,,,,,
19,,,68139,,,,,,,,,,,0.1955169141292572,,,,,,,,,,,,
19,,,68159,,,,,,,,,,,0.019942596554756165,,,,,,,,,,,,
19,,,68179,,,,,,,,,,,0.03390408679842949,,,,,,,,,,,,
19,,,68199,,,,,,,,,,,0.1676008403301239,,,,,,,,,,,,
19,,,68219,,,,,,,,,,,0.23181137442588806,,,,,,,,,,,,
19,,,68239,,,,,,,,,,,0.08383864164352417,,,,,,,,,,,,
19,,,68259,,,,,,,,,,,0.3245793879032135,,,,,,,,,,,,
19,,,68279,,,,,,,,,,,0.013195337727665901,,,,,,,,,,,,
19,,,68299,,,,,,,,,,,0.017073575407266617,,,,,,,,,,,,
19,,,68319,,,,,,,,,,,0.04645692929625511,,,,,,,,,,,,
19,,,68339,,,,,,,,,,,0.03570994362235069,,,,,,,,,,,,
19,,,68359,,,,,,,,,,,0.0336291529238224,,,,,,,,,,,,
19,,,68379,,,,,,,,,,,0.023544490337371826,,,,,,,,,,,,
19,,,68399,,,,,,,,,,,0.09416112303733826,,,,,,,,,,,,
19,,,68419,,,,,,,,,,,0.0033993818797171116,,,,,,,,,,,,
19,,,68439,,,,,,,,,,,0.011086378246545792,,,,,,,,,,,,
19,,,68459,,,,,,,,,,,0.07154489308595657,,,,,,,,,,,,
19,,,68479,,,,,,,,,,,0.07733051478862762,,,,,,,,,,,,
19,,,68499,,,,,,,,,,,0.10085120797157288,,,,,,,,,,,,
19,,,68519,,,,,,,,,,,0.0319925919175148,,,,,,,,,,,,
19,,,68539,,,,,,,,,,,0.059381548315286636,,,,,,,,,,,,
19,,,68559,,,,,,,,,,,0.07034532725811005,,,,,,,,,,,,
19,,,68579,,,,,,,,,,,0.10771282017230988,,,,,,,,,,,,
19,,,68599,,,,,,,,,,,0.01218003686517477,,,,,,,,,,,,
19,,,68619,,,,,,,,,,,0.021607231348752975,,,,,,,,,,,,
19,,,68639,,,,,,,,,,,0.03329877555370331,,,,,,,,,,,,
19,,,68659,,,,,,,,,,,0.08985655009746552,,,,,,,,,,,,
19,,,68679,,,,,,,,,,,0.023761596530675888,,,,,,,,,,,,
19,,,68699,,,,,,,,,,,0.03528563678264618,,,,,,,,,,,,
19,,,68719,,,,,,,,,,,0.044270653277635574,,,,,,,,,,,,
19,,,68739,,,,,,,,,,,0.09679751843214035,,,,,,,,,,,,
19,,,68759,,,,,,,,,,,0.014281055890023708,,,,,,,,,,,,
19,,,68779,,,,,,,,,,,0.13331231474876404,,,,,,,,,,,,
19,,,68799,,,,,,,,,,,0.2715563178062439,,,,,,,,,,,,
19,,,68819,,,,,,,,,,,0.03962792456150055,,,,,,,,,,,,
19,,,68839,,,,,,,,,,,0.24441780149936676,,,,,,,,,,,,
19,,,68859,,,,,,,,,,,0.06420911848545074,,,,,,,,,,,,
19,,,68879,,,,,,,,,,,0.0853336900472641,,,,,,,,,,,,
19,,,68899,,,,,,,,,,,0.009801045060157776,,,,,,,,,,,,
19,,,68919,,,,,,,,,,,0.4140797257423401,,,,,,,,,,,,
19,,,68939,,,,,,,,,,,0.10246481001377106,,,,,,,,,,,,
19,,,68959,,,,,,,,,,,0.01523776538670063,,,,,,,,,,,,
19,,,68979,,,,,,,,,,,0.07994124293327332,,,,,,,,,,,,
19,,,68999,,,,,,,,,,,0.01874968595802784,,,,,,,,,,,,
19,,,69019,,,,,,,,,,,0.1177547350525856,,,,,,,,,,,,
19,,,69039,,,,,,,,,,,0.03222212940454483,,,,,,,,,,,,
19,,,69059,,,,,,,,,,,0.05914583057165146,,,,,,,,,,,,
19,,,69079,,,,,,,,,,,0.01470690593123436,,,,,,,,,,,,
19,,,69099,,,,,,,,,,,0.03460654988884926,,,,,,,,,,,,
19,,,69119,,,,,,,,,,,0.027283305302262306,,,,,,,,,,,,
19,,,69139,,,,,,,,,,,0.00914501678198576,,,,,,,,,,,,
19,,,69159,,,,,,,,,,,0.09034295380115509,,,,,,,,,,,,
19,,,69179,,,,,,,,,,,0.40323320031166077,,,,,,,,,,,,
19,,,69199,,,,,,,,,,,0.09750169515609741,,,,,,,,,,,,
19,,,69219,,,,,,,,,,,0.15758560597896576,,,,,,,,,,,,
19,,,69239,,,,,,,,,,,0.13567478954792023,,,,,,,,,,,,
19,,,69259,,,,,,,,,,,0.031126005575060844,,,,,,,,,,,,
19,,,69279,,,,,,,,,,,0.16732710599899292,,,,,,,,,,,,
19,,,69299,,,,,,,,,,,0.1751575469970703,,,,,,,,,,,,
19,,,69319,,,,,,,,,,,0.20873335003852844,,,,,,,,,,,,
19,,,69339,,,,,,,,,,,0.02260749042034149,,,,,,,,,,,,
19,,,69359,,,,,,,,,,,0.13179874420166016,,,,,,,,,,,,
19,,,69379,,,,,,,,,,,0.18811380863189697,,,,,,,,,,,,
19,,,69399,,,,,,,,,,,0.0667477622628212,,,,,,,,,,,,
19,,,69419,,,,,,,,,,,0.0693880021572113,,,,,,,,,,,,
19,,,69439,,,,,,,,,,,0.0727541372179985,,,,,,,,,,,,
19,,,69459,,,,,,,,,,,0.01639633998274803,,,,,,,,,,,,
19,,,69479,,,,,,,,,,,0.015099190175533295,,,,,,,,,,,,
19,,,69499,,,,,,,,,,,0.10453560948371887,,,,,,,,,,,,
19,,,69519,,,,,,,,,,,0.00815096776932478,,,,,,,,,,,,
19,,,69539,,,,,,,,,,,0.2791714370250702,,,,,,,,,,,,
19,,,69559,,,,,,,,,,,0.1173115223646164,,,,,,,,,,,,
19,,,69579,,,,,,,,,,,0.015541667118668556,,,,,,,,,,,,
19,,,69599,,,,,,,,,,,0.013000411912798882,,,,,,,,,,,,
19,,,69619,,,,,,,,,,,0.025171926245093346,,,,,,,,,,,,
19,,,69639,,,,,,,,,,,0.07029037177562714,,,,,,,,,,,,
19,,,69639,,,,,,,,,,,,0.5406396985054016,0.8569520711898804,0.5369576215744019,3.8069770336151123,0.729867160320282,0.4950908124446869,0.6313248872756958,0.9010608792304993,0.5889251232147217,0.6089490652084351,0.8205335736274719,0.5406396985054016
19,,,69639,,,,,,,,,0.9483014941215515,0.09091127663850784,,,,,,,,,,,,,
,0.00026227661222566516,0.00026227661222566516,69640,,,,,,,,,,,,,,,,,,,,,,,
20,,,69659,,,,,,,,,,,0.02368457056581974,,,,,,,,,,,,
20,,,69679,,,,,,,,,,,0.02743639424443245,,,,,,,,,,,,
20,,,69699,,,,,,,,,,,0.031466953456401825,,,,,,,,,,,,
20,,,69719,,,,,,,,,,,0.3534757196903229,,,,,,,,,,,,
20,,,69739,,,,,,,,,,,0.023059844970703125,,,,,,,,,,,,
20,,,69759,,,,,,,,,,,0.0627162903547287,,,,,,,,,,,,
20,,,69779,,,,,,,,,,,0.11409866809844971,,,,,,,,,,,,
20,,,69799,,,,,,,,,,,0.08930472284555435,,,,,,,,,,,,
20,,,69819,,,,,,,,,,,0.020204860717058182,,,,,,,,,,,,
20,,,69839,,,,,,,,,,,0.053405024111270905,,,,,,,,,,,,
20,,,69859,,,,,,,,,,,0.09999152272939682,,,,,,,,,,,,
20,,,69879,,,,,,,,,,,0.0659618005156517,,,,,,,,,,,,
20,,,69899,,,,,,,,,,,0.01815827377140522,,,,,,,,,,,,
20,,,69919,,,,,,,,,,,0.010696928948163986,,,,,,,,,,,,
20,,,69939,,,,,,,,,,,0.007011054083704948,,,,,,,,,,,,
20,,,69959,,,,,,,,,,,0.018171731382608414,,,,,,,,,,,,
20,,,69979,,,,,,,,,,,0.03431355953216553,,,,,,,,,,,,
20,,,69999,,,,,,,,,,,0.10911675542593002,,,,,,,,,,,,
20,,,70019,,,,,,,,,,,0.04013761132955551,,,,,,,,,,,,
20,,,70039,,,,,,,,,,,0.0747830793261528,,,,,,,,,,,,
20,,,70059,,,,,,,,,,,0.057766400277614594,,,,,,,,,,,,
20,,,70079,,,,,,,,,,,0.11188110709190369,,,,,,,,,,,,
20,,,70099,,,,,,,,,,,0.09007677435874939,,,,,,,,,,,,
20,,,70119,,,,,,,,,,,0.11292526125907898,,,,,,,,,,,,
20,,,70139,,,,,,,,,,,0.20140041410923004,,,,,,,,,,,,
20,,,70159,,,,,,,,,,,0.01440056599676609,,,,,,,,,,,,
20,,,70179,,,,,,,,,,,0.04092426225543022,,,,,,,,,,,,
20,,,70199,,,,,,,,,,,0.1704438477754593,,,,,,,,,,,,
20,,,70219,,,,,,,,,,,0.06027274951338768,,,,,,,,,,,,
20,,,70239,,,,,,,,,,,0.10020828992128372,,,,,,,,,,,,
20,,,70259,,,,,,,,,,,0.024131326004862785,,,,,,,,,,,,
20,,,70279,,,,,,,,,,,0.09140855073928833,,,,,,,,,,,,
20,,,70299,,,,,,,,,,,0.12130875885486603,,,,,,,,,,,,
20,,,70319,,,,,,,,,,,0.08688325434923172,,,,,,,,,,,,
20,,,70339,,,,,,,,,,,0.14999441802501678,,,,,,,,,,,,
20,,,70359,,,,,,,,,,,0.07018326222896576,,,,,,,,,,,,
20,,,70379,,,,,,,,,,,0.06841573119163513,,,,,,,,,,,,
20,,,70399,,,,,,,,,,,0.039525628089904785,,,,,,,,,,,,
20,,,70419,,,,,,,,,,,0.05141228809952736,,,,,,,,,,,,
20,,,70439,,,,,,,,,,,0.03278733044862747,,,,,,,,,,,,
20,,,70459,,,,,,,,,,,0.019469667226076126,,,,,,,,,,,,
20,,,70479,,,,,,,,,,,0.007457684259861708,,,,,,,,,,,,
20,,,70499,,,,,,,,,,,0.05328374356031418,,,,,,,,,,,,
20,,,70519,,,,,,,,,,,0.026561085134744644,,,,,,,,,,,,
20,,,70539,,,,,,,,,,,0.013671288266777992,,,,,,,,,,,,
20,,,70559,,,,,,,,,,,0.16656017303466797,,,,,,,,,,,,
20,,,70579,,,,,,,,,,,0.013161029666662216,,,,,,,,,,,,
20,,,70599,,,,,,,,,,,0.08328787237405777,,,,,,,,,,,,
20,,,70619,,,,,,,,,,,0.003940645605325699,,,,,,,,,,,,
20,,,70639,,,,,,,,,,,0.037786491215229034,,,,,,,,,,,,
20,,,70659,,,,,,,,,,,0.0967220664024353,,,,,,,,,,,,
20,,,70679,,,,,,,,,,,0.12261070311069489,,,,,,,,,,,,
20,,,70699,,,,,,,,,,,0.06783778965473175,,,,,,,,,,,,
20,,,70719,,,,,,,,,,,0.0957522839307785,,,,,,,,,,,,
20,,,70739,,,,,,,,,,,0.0487293042242527,,,,,,,,,,,,
20,,,70759,,,,,,,,,,,0.09864015132188797,,,,,,,,,,,,
20,,,70779,,,,,,,,,,,0.34871432185173035,,,,,,,,,,,,
20,,,70799,,,,,,,,,,,0.04405289515852928,,,,,,,,,,,,
20,,,70819,,,,,,,,,,,0.02229893021285534,,,,,,,,,,,,
20,,,70839,,,,,,,,,,,0.25492173433303833,,,,,,,,,,,,
20,,,70859,,,,,,,,,,,0.26998618245124817,,,,,,,,,,,,
20,,,70879,,,,,,,,,,,0.03870144858956337,,,,,,,,,,,,
20,,,70899,,,,,,,,,,,0.09069519490003586,,,,,,,,,,,,
20,,,70919,,,,,,,,,,,0.02802753821015358,,,,,,,,,,,,
20,,,70939,,,,,,,,,,,0.2197922319173813,,,,,,,,,,,,
20,,,70959,,,,,,,,,,,0.015336766839027405,,,,,,,,,,,,
20,,,70979,,,,,,,,,,,0.09235969930887222,,,,,,,,,,,,
20,,,70999,,,,,,,,,,,0.019486574456095695,,,,,,,,,,,,
20,,,71019,,,,,,,,,,,0.021824534982442856,,,,,,,,,,,,
20,,,71039,,,,,,,,,,,0.11194207519292831,,,,,,,,,,,,
20,,,71059,,,,,,,,,,,0.06767427176237106,,,,,,,,,,,,
20,,,71079,,,,,,,,,,,0.06443256884813309,,,,,,,,,,,,
20,,,71099,,,,,,,,,,,0.060531146824359894,,,,,,,,,,,,
20,,,71119,,,,,,,,,,,0.17671112716197968,,,,,,,,,,,,
20,,,71139,,,,,,,,,,,0.17616908252239227,,,,,,,,,,,,
20,,,71159,,,,,,,,,,,0.14661526679992676,,,,,,,,,,,,
20,,,71179,,,,,,,,,,,0.02252708561718464,,,,,,,,,,,,
20,,,71199,,,,,,,,,,,0.09692620486021042,,,,,,,,,,,,
20,,,71219,,,,,,,,,,,0.07857708632946014,,,,,,,,,,,,
20,,,71239,,,,,,,,,,,0.012435469776391983,,,,,,,,,,,,
20,,,71259,,,,,,,,,,,0.05877649411559105,,,,,,,,,,,,
20,,,71279,,,,,,,,,,,0.21841877698898315,,,,,,,,,,,,
20,,,71299,,,,,,,,,,,0.036212049424648285,,,,,,,,,,,,
20,,,71319,,,,,,,,,,,0.04186520352959633,,,,,,,,,,,,
20,,,71339,,,,,,,,,,,0.03214471414685249,,,,,,,,,,,,
20,,,71359,,,,,,,,,,,0.06454867869615555,,,,,,,,,,,,
20,,,71379,,,,,,,,,,,0.03276429697871208,,,,,,,,,,,,
20,,,71399,,,,,,,,,,,0.19665272533893585,,,,,,,,,,,,
20,,,71419,,,,,,,,,,,0.033493347465991974,,,,,,,,,,,,
20,,,71439,,,,,,,,,,,0.06815411150455475,,,,,,,,,,,,
20,,,71459,,,,,,,,,,,0.05528396740555763,,,,,,,,,,,,
20,,,71479,,,,,,,,,,,0.005971120670437813,,,,,,,,,,,,
20,,,71499,,,,,,,,,,,0.08735641837120056,,,,,,,,,,,,
20,,,71519,,,,,,,,,,,0.07495462149381638,,,,,,,,,,,,
20,,,71539,,,,,,,,,,,0.02870527282357216,,,,,,,,,,,,
20,,,71559,,,,,,,,,,,0.01010685320943594,,,,,,,,,,,,
20,,,71579,,,,,,,,,,,0.011285481974482536,,,,,,,,,,,,
20,,,71599,,,,,,,,,,,0.008605623617768288,,,,,,,,,,,,
20,,,71619,,,,,,,,,,,0.06549090147018433,,,,,,,,,,,,
20,,,71639,,,,,,,,,,,0.13556867837905884,,,,,,,,,,,,
20,,,71659,,,,,,,,,,,0.12799668312072754,,,,,,,,,,,,
20,,,71679,,,,,,,,,,,0.00852199736982584,,,,,,,,,,,,
20,,,71699,,,,,,,,,,,0.03142903745174408,,,,,,,,,,,,
20,,,71719,,,,,,,,,,,0.06991454213857651,,,,,,,,,,,,
20,,,71739,,,,,,,,,,,0.03525828942656517,,,,,,,,,,,,
20,,,71759,,,,,,,,,,,0.040489014238119125,,,,,,,,,,,,
20,,,71779,,,,,,,,,,,0.06813108921051025,,,,,,,,,,,,
20,,,71799,,,,,,,,,,,0.007468481548130512,,,,,,,,,,,,
20,,,71819,,,,,,,,,,,0.025793803855776787,,,,,,,,,,,,
20,,,71839,,,,,,,,,,,0.07964474707841873,,,,,,,,,,,,
20,,,71859,,,,,,,,,,,0.028826309368014336,,,,,,,,,,,,
20,,,71879,,,,,,,,,,,0.11619370430707932,,,,,,,,,,,,
20,,,71899,,,,,,,,,,,0.04122655466198921,,,,,,,,,,,,
20,,,71919,,,,,,,,,,,0.0740998163819313,,,,,,,,,,,,
20,,,71939,,,,,,,,,,,0.01034607831388712,,,,,,,,,,,,
20,,,71959,,,,,,,,,,,0.05272093042731285,,,,,,,,,,,,
20,,,71979,,,,,,,,,,,0.0038431966677308083,,,,,,,,,,,,
20,,,71999,,,,,,,,,,,0.23296967148780823,,,,,,,,,,,,
20,,,72019,,,,,,,,,,,0.004066305235028267,,,,,,,,,,,,
20,,,72039,,,,,,,,,,,0.06780174374580383,,,,,,,,,,,,
20,,,72059,,,,,,,,,,,0.00927031971514225,,,,,,,,,,,,
20,,,72079,,,,,,,,,,,0.13923344016075134,,,,,,,,,,,,
20,,,72099,,,,,,,,,,,0.0972038134932518,,,,,,,,,,,,
20,,,72119,,,,,,,,,,,0.011693451553583145,,,,,,,,,,,,
20,,,72139,,,,,,,,,,,0.19695024192333221,,,,,,,,,,,,
20,,,72159,,,,,,,,,,,0.01965055987238884,,,,,,,,,,,,
20,,,72179,,,,,,,,,,,0.024568496271967888,,,,,,,,,,,,
20,,,72199,,,,,,,,,,,0.02136152982711792,,,,,,,,,,,,
20,,,72219,,,,,,,,,,,0.23887744545936584,,,,,,,,,,,,
20,,,72239,,,,,,,,,,,0.050111450254917145,,,,,,,,,,,,
20,,,72259,,,,,,,,,,,0.01277468167245388,,,,,,,,,,,,
20,,,72279,,,,,,,,,,,0.12276452034711838,,,,,,,,,,,,
20,,,72299,,,,,,,,,,,0.00989468302577734,,,,,,,,,,,,
20,,,72319,,,,,,,,,,,0.00658316258341074,,,,,,,,,,,,
20,,,72339,,,,,,,,,,,0.09955493360757828,,,,,,,,,,,,
20,,,72359,,,,,,,,,,,0.14066527783870697,,,,,,,,,,,,
20,,,72379,,,,,,,,,,,0.022765837609767914,,,,,,,,,,,,
20,,,72399,,,,,,,,,,,0.07394973188638687,,,,,,,,,,,,
20,,,72419,,,,,,,,,,,0.009700767695903778,,,,,,,,,,,,
20,,,72439,,,,,,,,,,,0.09232669323682785,,,,,,,,,,,,
20,,,72459,,,,,,,,,,,0.009739581495523453,,,,,,,,,,,,
20,,,72479,,,,,,,,,,,0.019713308662176132,,,,,,,,,,,,
20,,,72499,,,,,,,,,,,0.010278161615133286,,,,,,,,,,,,
20,,,72519,,,,,,,,,,,0.30400556325912476,,,,,,,,,,,,
20,,,72539,,,,,,,,,,,0.00786052830517292,,,,,,,,,,,,
20,,,72559,,,,,,,,,,,0.027949100360274315,,,,,,,,,,,,
20,,,72579,,,,,,,,,,,0.07751590013504028,,,,,,,,,,,,
20,,,72599,,,,,,,,,,,0.06193336471915245,,,,,,,,,,,,
20,,,72619,,,,,,,,,,,0.18980881571769714,,,,,,,,,,,,
20,,,72639,,,,,,,,,,,0.008154477924108505,,,,,,,,,,,,
20,,,72659,,,,,,,,,,,0.057360198348760605,,,,,,,,,,,,
20,,,72679,,,,,,,,,,,0.020648479461669922,,,,,,,,,,,,
20,,,72699,,,,,,,,,,,0.17878177762031555,,,,,,,,,,,,
20,,,72719,,,,,,,,,,,0.031412091106176376,,,,,,,,,,,,
20,,,72739,,,,,,,,,,,0.04183179885149002,,,,,,,,,,,,
20,,,72759,,,,,,,,,,,0.012333497405052185,,,,,,,,,,,,
20,,,72779,,,,,,,,,,,0.010619478300213814,,,,,,,,,,,,
20,,,72799,,,,,,,,,,,0.19013020396232605,,,,,,,,,,,,
20,,,72819,,,,,,,,,,,0.03106147237122059,,,,,,,,,,,,
20,,,72839,,,,,,,,,,,0.1463615745306015,,,,,,,,,,,,
20,,,72859,,,,,,,,,,,0.08158144354820251,,,,,,,,,,,,
20,,,72879,,,,,,,,,,,0.01843675598502159,,,,,,,,,,,,
20,,,72899,,,,,,,,,,,0.06230244040489197,,,,,,,,,,,,
20,,,72919,,,,,,,,,,,0.06335531175136566,,,,,,,,,,,,
20,,,72939,,,,,,,,,,,0.06682447344064713,,,,,,,,,,,,
20,,,72959,,,,,,,,,,,0.09689751267433167,,,,,,,,,,,,
20,,,72979,,,,,,,,,,,0.09561581164598465,,,,,,,,,,,,
20,,,72999,,,,,,,,,,,0.027643781155347824,,,,,,,,,,,,
20,,,73019,,,,,,,,,,,0.07139220088720322,,,,,,,,,,,,
20,,,73039,,,,,,,,,,,0.16669771075248718,,,,,,,,,,,,
20,,,73059,,,,,,,,,,,0.09188589453697205,,,,,,,,,,,,
20,,,73079,,,,,,,,,,,0.003157224040478468,,,,,,,,,,,,
20,,,73099,,,,,,,,,,,0.25925445556640625,,,,,,,,,,,,
20,,,73119,,,,,,,,,,,0.1400248110294342,,,,,,,,,,,,
20,,,73121,,,,,,,,,,,,0.623706042766571,0.884164571762085,0.6319578289985657,2.180824041366577,0.6828208565711975,0.5658568143844604,0.6836380958557129,0.6963328123092651,0.6033142805099487,0.7984229326248169,0.633213460445404,0.623706042766571
20,,,73121,,,,,,,,,0.9508100152015686,0.08628129214048386,,,,,,,,,,,,,
,0.00025606601717798207,0.00025606601717798207,73122,,,,,,,,,,,,,,,,,,,,,,,
21,,,73139,,,,,,,,,,,0.06173429638147354,,,,,,,,,,,,
21,,,73159,,,,,,,,,,,0.017134185880422592,,,,,,,,,,,,
21,,,73179,,,,,,,,,,,0.07167313992977142,,,,,,,,,,,,
21,,,73199,,,,,,,,,,,0.012645197100937366,,,,,,,,,,,,
21,,,73219,,,,,,,,,,,0.0657932236790657,,,,,,,,,,,,
21,,,73239,,,,,,,,,,,0.14791536331176758,,,,,,,,,,,,
21,,,73259,,,,,,,,,,,0.09770084917545319,,,,,,,,,,,,
21,,,73279,,,,,,,,,,,0.018769685178995132,,,,,,,,,,,,
21,,,73299,,,,,,,,,,,0.06725700944662094,,,,,,,,,,,,
21,,,73319,,,,,,,,,,,0.044463664293289185,,,,,,,,,,,,
21,,,73339,,,,,,,,,,,0.08296158909797668,,,,,,,,,,,,
21,,,73359,,,,,,,,,,,0.13293099403381348,,,,,,,,,,,,
21,,,73379,,,,,,,,,,,0.028624827042222023,,,,,,,,,,,,
21,,,73399,,,,,,,,,,,0.011625494807958603,,,,,,,,,,,,
21,,,73419,,,,,,,,,,,0.03107627108693123,,,,,,,,,,,,
21,,,73439,,,,,,,,,,,0.07009649276733398,,,,,,,,,,,,
21,,,73459,,,,,,,,,,,0.3320651352405548,,,,,,,,,,,,
21,,,73479,,,,,,,,,,,0.20925931632518768,,,,,,,,,,,,
21,,,73499,,,,,,,,,,,0.30666467547416687,,,,,,,,,,,,
21,,,73519,,,,,,,,,,,0.1018095538020134,,,,,,,,,,,,
21,,,73539,,,,,,,,,,,0.0022009629756212234,,,,,,,,,,,,
21,,,73559,,,,,,,,,,,0.15581072866916656,,,,,,,,,,,,
21,,,73579,,,,,,,,,,,0.3094552457332611,,,,,,,,,,,,
21,,,73599,,,,,,,,,,,0.029068604111671448,,,,,,,,,,,,
21,,,73619,,,,,,,,,,,0.09662709385156631,,,,,,,,,,,,
21,,,73639,,,,,,,,,,,0.04137304052710533,,,,,,,,,,,,
21,,,73659,,,,,,,,,,,0.11947989463806152,,,,,,,,,,,,
21,,,73679,,,,,,,,,,,0.04958958178758621,,,,,,,,,,,,
21,,,73699,,,,,,,,,,,0.11647281795740128,,,,,,,,,,,,
21,,,73719,,,,,,,,,,,0.27227547764778137,,,,,,,,,,,,
21,,,73739,,,,,,,,,,,0.03445024415850639,,,,,,,,,,,,
21,,,73759,,,,,,,,,,,0.11848518252372742,,,,,,,,,,,,
21,,,73779,,,,,,,,,,,0.0907762348651886,,,,,,,,,,,,
21,,,73799,,,,,,,,,,,0.02136124297976494,,,,,,,,,,,,
21,,,73819,,,,,,,,,,,0.10458074510097504,,,,,,,,,,,,
21,,,73839,,,,,,,,,,,0.05178839713335037,,,,,,,,,,,,
21,,,73859,,,,,,,,,,,0.029403306543827057,,,,,,,,,,,,
21,,,73879,,,,,,,,,,,0.03864119201898575,,,,,,,,,,,,
21,,,73899,,,,,,,,,,,0.010766878724098206,,,,,,,,,,,,
21,,,73919,,,,,,,,,,,0.08909547328948975,,,,,,,,,,,,
21,,,73939,,,,,,,,,,,0.135230153799057,,,,,,,,,,,,
21,,,73959,,,,,,,,,,,0.013097183778882027,,,,,,,,,,,,
21,,,73979,,,,,,,,,,,0.1251533180475235,,,,,,,,,,,,
21,,,73999,,,,,,,,,,,0.08386138081550598,,,,,,,,,,,,
21,,,74019,,,,,,,,,,,0.013561766594648361,,,,,,,,,,,,
21,,,74039,,,,,,,,,,,0.07401449233293533,,,,,,,,,,,,
21,,,74059,,,,,,,,,,,0.018402276560664177,,,,,,,,,,,,
21,,,74079,,,,,,,,,,,0.042034752666950226,,,,,,,,,,,,
21,,,74099,,,,,,,,,,,0.033954918384552,,,,,,,,,,,,
21,,,74119,,,,,,,,,,,0.33489421010017395,,,,,,,,,,,,
21,,,74139,,,,,,,,,,,0.4941931664943695,,,,,,,,,,,,
21,,,74159,,,,,,,,,,,0.017788488417863846,,,,,,,,,,,,
21,,,74179,,,,,,,,,,,0.04145345091819763,,,,,,,,,,,,
21,,,74199,,,,,,,,,,,0.009119181893765926,,,,,,,,,,,,
21,,,74219,,,,,,,,,,,0.1571146845817566,,,,,,,,,,,,
21,,,74239,,,,,,,,,,,0.029515989124774933,,,,,,,,,,,,
21,,,74259,,,,,,,,,,,0.10144293308258057,,,,,,,,,,,,
21,,,74279,,,,,,,,,,,0.0192783921957016,,,,,,,,,,,,
21,,,74299,,,,,,,,,,,0.01950017176568508,,,,,,,,,,,,
21,,,74319,,,,,,,,,,,0.10004276037216187,,,,,,,,,,,,
21,,,74339,,,,,,,,,,,0.12287917733192444,,,,,,,,,,,,
21,,,74359,,,,,,,,,,,0.056313514709472656,,,,,,,,,,,,
21,,,74379,,,,,,,,,,,0.08633269369602203,,,,,,,,,,,,
21,,,74399,,,,,,,,,,,0.022620894014835358,,,,,,,,,,,,
21,,,74419,,,,,,,,,,,0.023430969566106796,,,,,,,,,,,,
21,,,74439,,,,,,,,,,,0.06203494966030121,,,,,,,,,,,,
21,,,74459,,,,,,,,,,,0.08555325865745544,,,,,,,,,,,,
21,,,74479,,,,,,,,,,,0.015241095796227455,,,,,,,,,,,,
21,,,74499,,,,,,,,,,,0.035623181611299515,,,,,,,,,,,,
21,,,74519,,,,,,,,,,,0.247097909450531,,,,,,,,,,,,
21,,,74539,,,,,,,,,,,0.008799517527222633,,,,,,,,,,,,
21,,,74559,,,,,,,,,,,0.12439105659723282,,,,,,,,,,,,
21,,,74579,,,,,,,,,,,0.021505609154701233,,,,,,,,,,,,
21,,,74599,,,,,,,,,,,0.0048300884664058685,,,,,,,,,,,,
21,,,74619,,,,,,,,,,,0.03605359420180321,,,,,,,,,,,,
21,,,74639,,,,,,,,,,,0.04786888137459755,,,,,,,,,,,,
21,,,74659,,,,,,,,,,,0.14644458889961243,,,,,,,,,,,,
21,,,74679,,,,,,,,,,,0.03240042179822922,,,,,,,,,,,,
21,,,74699,,,,,,,,,,,0.01674707606434822,,,,,,,,,,,,
21,,,74719,,,,,,,,,,,0.2401483952999115,,,,,,,,,,,,
21,,,74739,,,,,,,,,,,0.015553498640656471,,,,,,,,,,,,
21,,,74759,,,,,,,,,,,0.0191884096711874,,,,,,,,,,,,
21,,,74779,,,,,,,,,,,0.014230286702513695,,,,,,,,,,,,
21,,,74799,,,,,,,,,,,0.03997759521007538,,,,,,,,,,,,
21,,,74819,,,,,,,,,,,0.010038717649877071,,,,,,,,,,,,
21,,,74839,,,,,,,,,,,0.16342957317829132,,,,,,,,,,,,
21,,,74859,,,,,,,,,,,0.14782118797302246,,,,,,,,,,,,
21,,,74879,,,,,,,,,,,0.045118726789951324,,,,,,,,,,,,
21,,,74899,,,,,,,,,,,0.019041117280721664,,,,,,,,,,,,
21,,,74919,,,,,,,,,,,0.019314628094434738,,,,,,,,,,,,
21,,,74939,,,,,,,,,,,0.02987823262810707,,,,,,,,,,,,
21,,,74959,,,,,,,,,,,0.07383245974779129,,,,,,,,,,,,
21,,,74979,,,,,,,,,,,0.02041555754840374,,,,,,,,,,,,
21,,,74999,,,,,,,,,,,0.08737114071846008,,,,,,,,,,,,
21,,,75019,,,,,,,,,,,0.24715536832809448,,,,,,,,,,,,
21,,,75039,,,,,,,,,,,0.0183123629540205,,,,,,,,,,,,
21,,,75059,,,,,,,,,,,0.19173315167427063,,,,,,,,,,,,
21,,,75079,,,,,,,,,,,0.09917464107275009,,,,,,,,,,,,
21,,,75099,,,,,,,,,,,0.15012674033641815,,,,,,,,,,,,
21,,,75119,,,,,,,,,,,0.01222219131886959,,,,,,,,,,,,
21,,,75139,,,,,,,,,,,0.26939183473587036,,,,,,,,,,,,
21,,,75159,,,,,,,,,,,0.053143210709095,,,,,,,,,,,,
21,,,75179,,,,,,,,,,,0.19746223092079163,,,,,,,,,,,,
21,,,75199,,,,,,,,,,,0.043230053037405014,,,,,,,,,,,,
21,,,75219,,,,,,,,,,,0.01928827166557312,,,,,,,,,,,,
21,,,75239,,,,,,,,,,,0.06065843254327774,,,,,,,,,,,,
21,,,75259,,,,,,,,,,,0.08553555607795715,,,,,,,,,,,,
21,,,75279,,,,,,,,,,,0.11502565443515778,,,,,,,,,,,,
21,,,75299,,,,,,,,,,,0.028009910136461258,,,,,,,,,,,,
21,,,75319,,,,,,,,,,,0.20486564934253693,,,,,,,,,,,,
21,,,75339,,,,,,,,,,,0.006914435885846615,,,,,,,,,,,,
21,,,75359,,,,,,,,,,,0.02041371539235115,,,,,,,,,,,,
21,,,75379,,,,,,,,,,,0.008982637897133827,,,,,,,,,,,,
21,,,75399,,,,,,,,,,,0.15155400335788727,,,,,,,,,,,,
21,,,75419,,,,,,,,,,,0.025992456823587418,,,,,,,,,,,,
21,,,75439,,,,,,,,,,,0.2434985637664795,,,,,,,,,,,,
21,,,75459,,,,,,,,,,,0.06250063329935074,,,,,,,,,,,,
21,,,75479,,,,,,,,,,,0.14777007699012756,,,,,,,,,,,,
21,,,75499,,,,,,,,,,,0.15657144784927368,,,,,,,,,,,,
21,,,75519,,,,,,,,,,,0.12735654413700104,,,,,,,,,,,,
21,,,75539,,,,,,,,,,,0.13222092390060425,,,,,,,,,,,,
21,,,75559,,,,,,,,,,,0.10751844197511673,,,,,,,,,,,,
21,,,75579,,,,,,,,,,,0.08612503111362457,,,,,,,,,,,,
21,,,75599,,,,,,,,,,,0.014313992112874985,,,,,,,,,,,,
21,,,75619,,,,,,,,,,,0.02358573116362095,,,,,,,,,,,,
21,,,75639,,,,,,,,,,,0.21487726271152496,,,,,,,,,,,,
21,,,75659,,,,,,,,,,,0.047379229217767715,,,,,,,,,,,,
21,,,75679,,,,,,,,,,,0.20457324385643005,,,,,,,,,,,,
21,,,75699,,,,,,,,,,,0.2878510653972626,,,,,,,,,,,,
21,,,75719,,,,,,,,,,,0.01710636541247368,,,,,,,,,,,,
21,,,75739,,,,,,,,,,,0.019860321655869484,,,,,,,,,,,,
21,,,75759,,,,,,,,,,,0.06440327316522598,,,,,,,,,,,,
21,,,75779,,,,,,,,,,,0.20900177955627441,,,,,,,,,,,,
21,,,75799,,,,,,,,,,,0.04284968972206116,,,,,,,,,,,,
21,,,75819,,,,,,,,,,,0.18618689477443695,,,,,,,,,,,,
21,,,75839,,,,,,,,,,,0.13333755731582642,,,,,,,,,,,,
21,,,75859,,,,,,,,,,,0.3390658497810364,,,,,,,,,,,,
21,,,75879,,,,,,,,,,,0.1065433919429779,,,,,,,,,,,,
21,,,75899,,,,,,,,,,,0.07170533388853073,,,,,,,,,,,,
21,,,75919,,,,,,,,,,,0.025228649377822876,,,,,,,,,,,,
21,,,75939,,,,,,,,,,,0.11777722835540771,,,,,,,,,,,,
21,,,75959,,,,,,,,,,,0.14354127645492554,,,,,,,,,,,,
21,,,75979,,,,,,,,,,,0.13859823346138,,,,,,,,,,,,
21,,,75999,,,,,,,,,,,0.23388701677322388,,,,,,,,,,,,
21,,,76019,,,,,,,,,,,0.017393946647644043,,,,,,,,,,,,
21,,,76039,,,,,,,,,,,0.05674287676811218,,,,,,,,,,,,
21,,,76059,,,,,,,,,,,0.03855380043387413,,,,,,,,,,,,
21,,,76079,,,,,,,,,,,0.05999255180358887,,,,,,,,,,,,
21,,,76099,,,,,,,,,,,0.05348646268248558,,,,,,,,,,,,
21,,,76119,,,,,,,,,,,0.25676172971725464,,,,,,,,,,,,
21,,,76139,,,,,,,,,,,0.19068783521652222,,,,,,,,,,,,
21,,,76159,,,,,,,,,,,0.009050268679857254,,,,,,,,,,,,
21,,,76179,,,,,,,,,,,0.028430050238966942,,,,,,,,,,,,
21,,,76199,,,,,,,,,,,0.30273640155792236,,,,,,,,,,,,
21,,,76219,,,,,,,,,,,0.09647103399038315,,,,,,,,,,,,
21,,,76239,,,,,,,,,,,0.03312565013766289,,,,,,,,,,,,
21,,,76259,,,,,,,,,,,0.0033304060343652964,,,,,,,,,,,,
21,,,76279,,,,,,,,,,,0.006973781157284975,,,,,,,,,,,,
21,,,76299,,,,,,,,,,,0.046362318098545074,,,,,,,,,,,,
21,,,76319,,,,,,,,,,,0.04134605452418327,,,,,,,,,,,,
21,,,76339,,,,,,,,,,,0.014242306351661682,,,,,,,,,,,,
21,,,76359,,,,,,,,,,,0.016827840358018875,,,,,,,,,,,,
21,,,76379,,,,,,,,,,,0.007413267157971859,,,,,,,,,,,,
21,,,76399,,,,,,,,,,,0.013557808473706245,,,,,,,,,,,,
21,,,76419,,,,,,,,,,,0.13181987404823303,,,,,,,,,,,,
21,,,76439,,,,,,,,,,,0.21865713596343994,,,,,,,,,,,,
21,,,76459,,,,,,,,,,,0.07870210707187653,,,,,,,,,,,,
21,,,76479,,,,,,,,,,,0.36459511518478394,,,,,,,,,,,,
21,,,76499,,,,,,,,,,,0.14054560661315918,,,,,,,,,,,,
21,,,76519,,,,,,,,,,,0.037355244159698486,,,,,,,,,,,,
21,,,76539,,,,,,,,,,,0.031173216179013252,,,,,,,,,,,,
21,,,76559,,,,,,,,,,,0.09880069643259048,,,,,,,,,,,,
21,,,76579,,,,,,,,,,,0.1010860949754715,,,,,,,,,,,,
21,,,76599,,,,,,,,,,,0.21613465249538422,,,,,,,,,,,,
21,,,76603,,,,,,,,,,,,0.6589680910110474,0.8932555317878723,0.6608325242996216,1.9957876205444336,0.687768816947937,0.600828230381012,0.7110064625740051,0.7806594967842102,0.6964327692985535,0.73419588804245,0.539787232875824,0.6589680910110474
21,,,76603,,,,,,,,,0.9535155296325684,0.08271996676921844,,,,,,,,,,,,,
,0.00024946839873611924,0.00024946839873611924,76604,,,,,,,,,,,,,,,,,,,,,,,
22,,,76619,,,,,,,,,,,0.04387342929840088,,,,,,,,,,,,
22,,,76639,,,,,,,,,,,0.017405003309249878,,,,,,,,,,,,
22,,,76659,,,,,,,,,,,0.26292577385902405,,,,,,,,,,,,
22,,,76679,,,,,,,,,,,0.07386123389005661,,,,,,,,,,,,
22,,,76699,,,,,,,,,,,0.10210885107517242,,,,,,,,,,,,
22,,,76719,,,,,,,,,,,0.022766102105379105,,,,,,,,,,,,
22,,,76739,,,,,,,,,,,0.05826778709888458,,,,,,,,,,,,
22,,,76759,,,,,,,,,,,0.08809584379196167,,,,,,,,,,,,
22,,,76779,,,,,,,,,,,0.004070702008903027,,,,,,,,,,,,
22,,,76799,,,,,,,,,,,0.0027189210522919893,,,,,,,,,,,,
22,,,76819,,,,,,,,,,,0.0956033393740654,,,,,,,,,,,,
22,,,76839,,,,,,,,,,,0.07507330179214478,,,,,,,,,,,,
22,,,76859,,,,,,,,,,,0.18835581839084625,,,,,,,,,,,,
22,,,76879,,,,,,,,,,,0.016944557428359985,,,,,,,,,,,,
22,,,76899,,,,,,,,,,,0.0591190941631794,,,,,,,,,,,,
22,,,76919,,,,,,,,,,,0.09269002079963684,,,,,,,,,,,,
22,,,76939,,,,,,,,,,,0.11641042679548264,,,,,,,,,,,,
22,,,76959,,,,,,,,,,,0.023098405450582504,,,,,,,,,,,,
22,,,76979,,,,,,,,,,,0.04777965322136879,,,,,,,,,,,,
22,,,76999,,,,,,,,,,,0.012482615187764168,,,,,,,,,,,,
22,,,77019,,,,,,,,,,,0.16298836469650269,,,,,,,,,,,,
22,,,77039,,,,,,,,,,,0.016324462369084358,,,,,,,,,,,,
22,,,77059,,,,,,,,,,,0.013186009600758553,,,,,,,,,,,,
22,,,77079,,,,,,,,,,,0.026687588542699814,,,,,,,,,,,,
22,,,77099,,,,,,,,,,,0.04462151601910591,,,,,,,,,,,,
22,,,77119,,,,,,,,,,,0.004493566229939461,,,,,,,,,,,,
22,,,77139,,,,,,,,,,,0.35632312297821045,,,,,,,,,,,,
22,,,77159,,,,,,,,,,,0.16327756643295288,,,,,,,,,,,,
22,,,77179,,,,,,,,,,,0.01283257920295,,,,,,,,,,,,
22,,,77199,,,,,,,,,,,0.07424867898225784,,,,,,,,,,,,
22,,,77219,,,,,,,,,,,0.004178909584879875,,,,,,,,,,,,
22,,,77239,,,,,,,,,,,0.24066418409347534,,,,,,,,,,,,
22,,,77259,,,,,,,,,,,0.14256273210048676,,,,,,,,,,,,
22,,,77279,,,,,,,,,,,0.16247546672821045,,,,,,,,,,,,
22,,,77299,,,,,,,,,,,0.13861414790153503,,,,,,,,,,,,
22,,,77319,,,,,,,,,,,0.08484748750925064,,,,,,,,,,,,
22,,,77339,,,,,,,,,,,0.06367488205432892,,,,,,,,,,,,
22,,,77359,,,,,,,,,,,0.03732399269938469,,,,,,,,,,,,
22,,,77379,,,,,,,,,,,0.020684977993369102,,,,,,,,,,,,
22,,,77399,,,,,,,,,,,0.006367393769323826,,,,,,,,,,,,
22,,,77419,,,,,,,,,,,0.016935627907514572,,,,,,,,,,,,
22,,,77439,,,,,,,,,,,0.11391793936491013,,,,,,,,,,,,
22,,,77459,,,,,,,,,,,0.002240767003968358,,,,,,,,,,,,
22,,,77479,,,,,,,,,,,0.028869207948446274,,,,,,,,,,,,
22,,,77499,,,,,,,,,,,0.19866465032100677,,,,,,,,,,,,
22,,,77519,,,,,,,,,,,0.04410780593752861,,,,,,,,,,,,
22,,,77539,,,,,,,,,,,0.014848925173282623,,,,,,,,,,,,
22,,,77559,,,,,,,,,,,0.057136766612529755,,,,,,,,,,,,
22,,,77579,,,,,,,,,,,0.05889406427741051,,,,,,,,,,,,
22,,,77599,,,,,,,,,,,0.004822380840778351,,,,,,,,,,,,
22,,,77619,,,,,,,,,,,0.009552501142024994,,,,,,,,,,,,
22,,,77639,,,,,,,,,,,0.016458360478281975,,,,,,,,,,,,
22,,,77659,,,,,,,,,,,0.007276806980371475,,,,,,,,,,,,
22,,,77679,,,,,,,,,,,0.3169683516025543,,,,,,,,,,,,
22,,,77699,,,,,,,,,,,0.05387359857559204,,,,,,,,,,,,
22,,,77719,,,,,,,,,,,0.05314207077026367,,,,,,,,,,,,
22,,,77739,,,,,,,,,,,0.005601373966783285,,,,,,,,,,,,
22,,,77759,,,,,,,,,,,0.04987207055091858,,,,,,,,,,,,
22,,,77779,,,,,,,,,,,0.0056497580371797085,,,,,,,,,,,,
22,,,77799,,,,,,,,,,,0.005008785054087639,,,,,,,,,,,,
22,,,77819,,,,,,,,,,,0.019621355459094048,,,,,,,,,,,,
22,,,77839,,,,,,,,,,,0.00415924284607172,,,,,,,,,,,,
22,,,77859,,,,,,,,,,,0.03141387179493904,,,,,,,,,,,,
22,,,77879,,,,,,,,,,,0.0739784985780716,,,,,,,,,,,,
22,,,77899,,,,,,,,,,,0.014128459617495537,,,,,,,,,,,,
22,,,77919,,,,,,,,,,,0.14312830567359924,,,,,,,,,,,,
22,,,77939,,,,,,,,,,,0.001740556675940752,,,,,,,,,,,,
22,,,77959,,,,,,,,,,,0.19200198352336884,,,,,,,,,,,,
22,,,77979,,,,,,,,,,,0.05523911863565445,,,,,,,,,,,,
22,,,77999,,,,,,,,,,,0.01090571191161871,,,,,,,,,,,,
22,,,78019,,,,,,,,,,,0.0036500226706266403,,,,,,,,,,,,
22,,,78039,,,,,,,,,,,0.16230207681655884,,,,,,,,,,,,
22,,,78059,,,,,,,,,,,0.03777019679546356,,,,,,,,,,,,
22,,,78079,,,,,,,,,,,0.029047897085547447,,,,,,,,,,,,
22,,,78099,,,,,,,,,,,0.08656954765319824,,,,,,,,,,,,
22,,,78119,,,,,,,,,,,0.009875470772385597,,,,,,,,,,,,
22,,,78139,,,,,,,,,,,0.08011575043201447,,,,,,,,,,,,
22,,,78159,,,,,,,,,,,0.007731838617473841,,,,,,,,,,,,
22,,,78179,,,,,,,,,,,0.003249749541282654,,,,,,,,,,,,
22,,,78199,,,,,,,,,,,0.15475675463676453,,,,,,,,,,,,
22,,,78219,,,,,,,,,,,0.1830207109451294,,,,,,,,,,,,
22,,,78239,,,,,,,,,,,0.2165185660123825,,,,,,,,,,,,
22,,,78259,,,,,,,,,,,0.012491784989833832,,,,,,,,,,,,
22,,,78279,,,,,,,,,,,0.02124267816543579,,,,,,,,,,,,
22,,,78299,,,,,,,,,,,0.0852167010307312,,,,,,,,,,,,
22,,,78319,,,,,,,,,,,0.07015302777290344,,,,,,,,,,,,
22,,,78339,,,,,,,,,,,0.011355333030223846,,,,,,,,,,,,
22,,,78359,,,,,,,,,,,0.28395840525627136,,,,,,,,,,,,
22,,,78379,,,,,,,,,,,0.001552434521727264,,,,,,,,,,,,
22,,,78399,,,,,,,,,,,0.004542977083474398,,,,,,,,,,,,
22,,,78419,,,,,,,,,,,0.012001264840364456,,,,,,,,,,,,
22,,,78439,,,,,,,,,,,0.21963602304458618,,,,,,,,,,,,
22,,,78459,,,,,,,,,,,0.07366210222244263,,,,,,,,,,,,
22,,,78479,,,,,,,,,,,0.062378644943237305,,,,,,,,,,,,
22,,,78499,,,,,,,,,,,0.010563855990767479,,,,,,,,,,,,
22,,,78519,,,,,,,,,,,0.03059232607483864,,,,,,,,,,,,
22,,,78539,,,,,,,,,,,0.22306205332279205,,,,,,,,,,,,
22,,,78559,,,,,,,,,,,0.09942895919084549,,,,,,,,,,,,
22,,,78579,,,,,,,,,,,0.06121938303112984,,,,,,,,,,,,
22,,,78599,,,,,,,,,,,0.09685403108596802,,,,,,,,,,,,
22,,,78619,,,,,,,,,,,0.025850974023342133,,,,,,,,,,,,
22,,,78639,,,,,,,,,,,0.06127849221229553,,,,,,,,,,,,
22,,,78659,,,,,,,,,,,0.03659514710307121,,,,,,,,,,,,
22,,,78679,,,,,,,,,,,0.0029008674900978804,,,,,,,,,,,,
22,,,78699,,,,,,,,,,,0.14855197072029114,,,,,,,,,,,,
22,,,78719,,,,,,,,,,,0.14546194672584534,,,,,,,,,,,,
22,,,78739,,,,,,,,,,,0.016203945502638817,,,,,,,,,,,,
22,,,78759,,,,,,,,,,,0.19710208475589752,,,,,,,,,,,,
22,,,78779,,,,,,,,,,,0.02080891840159893,,,,,,,,,,,,
22,,,78799,,,,,,,,,,,0.1257048398256302,,,,,,,,,,,,
22,,,78819,,,,,,,,,,,0.14930173754692078,,,,,,,,,,,,
22,,,78839,,,,,,,,,,,0.020228128880262375,,,,,,,,,,,,
22,,,78859,,,,,,,,,,,0.005985344760119915,,,,,,,,,,,,
22,,,78879,,,,,,,,,,,0.035792022943496704,,,,,,,,,,,,
22,,,78899,,,,,,,,,,,0.08432595431804657,,,,,,,,,,,,
22,,,78919,,,,,,,,,,,0.0230275746434927,,,,,,,,,,,,
22,,,78939,,,,,,,,,,,0.07730260491371155,,,,,,,,,,,,
22,,,78959,,,,,,,,,,,0.007141410373151302,,,,,,,,,,,,
22,,,78979,,,,,,,,,,,0.005753214471042156,,,,,,,,,,,,
22,,,78999,,,,,,,,,,,0.004920652136206627,,,,,,,,,,,,
22,,,79019,,,,,,,,,,,0.0257829912006855,,,,,,,,,,,,
22,,,79039,,,,,,,,,,,0.21505625545978546,,,,,,,,,,,,
22,,,79059,,,,,,,,,,,0.07822079211473465,,,,,,,,,,,,
22,,,79079,,,,,,,,,,,0.013019183650612831,,,,,,,,,,,,
22,,,79099,,,,,,,,,,,0.04546123370528221,,,,,,,,,,,,
22,,,79119,,,,,,,,,,,0.06105859577655792,,,,,,,,,,,,
22,,,79139,,,,,,,,,,,0.07537758350372314,,,,,,,,,,,,
22,,,79159,,,,,,,,,,,0.1192665547132492,,,,,,,,,,,,
22,,,79179,,,,,,,,,,,0.03930894285440445,,,,,,,,,,,,
22,,,79199,,,,,,,,,,,0.023539816960692406,,,,,,,,,,,,
22,,,79219,,,,,,,,,,,0.011127157136797905,,,,,,,,,,,,
22,,,79239,,,,,,,,,,,0.048825498670339584,,,,,,,,,,,,
22,,,79259,,,,,,,,,,,0.027873864397406578,,,,,,,,,,,,
22,,,79279,,,,,,,,,,,0.06270845979452133,,,,,,,,,,,,
22,,,79299,,,,,,,,,,,0.5077674388885498,,,,,,,,,,,,
22,,,79319,,,,,,,,,,,0.004216806963086128,,,,,,,,,,,,
22,,,79339,,,,,,,,,,,0.035382963716983795,,,,,,,,,,,,
22,,,79359,,,,,,,,,,,0.0017909574089571834,,,,,,,,,,,,
22,,,79379,,,,,,,,,,,0.020049557089805603,,,,,,,,,,,,
22,,,79399,,,,,,,,,,,0.039877749979496,,,,,,,,,,,,
22,,,79419,,,,,,,,,,,0.01031599473208189,,,,,,,,,,,,
22,,,79439,,,,,,,,,,,0.011746852658689022,,,,,,,,,,,,
22,,,79459,,,,,,,,,,,0.03610822930932045,,,,,,,,,,,,
22,,,79479,,,,,,,,,,,0.003437864826992154,,,,,,,,,,,,
22,,,79499,,,,,,,,,,,0.15898272395133972,,,,,,,,,,,,
22,,,79519,,,,,,,,,,,0.015033280476927757,,,,,,,,,,,,
22,,,79539,,,,,,,,,,,0.07670636475086212,,,,,,,,,,,,
22,,,79559,,,,,,,,,,,0.006090291775763035,,,,,,,,,,,,
22,,,79579,,,,,,,,,,,0.11510714143514633,,,,,,,,,,,,
22,,,79599,,,,,,,,,,,0.036537058651447296,,,,,,,,,,,,
22,,,79619,,,,,,,,,,,0.05257637798786163,,,,,,,,,,,,
22,,,79639,,,,,,,,,,,0.04515364393591881,,,,,,,,,,,,
22,,,79659,,,,,,,,,,,0.09025342017412186,,,,,,,,,,,,
22,,,79679,,,,,,,,,,,0.013605786487460136,,,,,,,,,,,,
22,,,79699,,,,,,,,,,,0.012211362831294537,,,,,,,,,,,,
22,,,79719,,,,,,,,,,,0.005497214384377003,,,,,,,,,,,,
22,,,79739,,,,,,,,,,,0.01224888488650322,,,,,,,,,,,,
22,,,79759,,,,,,,,,,,0.11676093935966492,,,,,,,,,,,,
22,,,79779,,,,,,,,,,,0.033385131508111954,,,,,,,,,,,,
22,,,79799,,,,,,,,,,,0.042151980102062225,,,,,,,,,,,,
22,,,79819,,,,,,,,,,,0.03252431005239487,,,,,,,,,,,,
22,,,79839,,,,,,,,,,,0.02524079754948616,,,,,,,,,,,,
22,,,79859,,,,,,,,,,,0.025625616312026978,,,,,,,,,,,,
22,,,79879,,,,,,,,,,,0.032096631824970245,,,,,,,,,,,,
22,,,79899,,,,,,,,,,,0.00460627768188715,,,,,,,,,,,,
22,,,79919,,,,,,,,,,,0.1075584813952446,,,,,,,,,,,,
22,,,79939,,,,,,,,,,,0.044668328016996384,,,,,,,,,,,,
22,,,79959,,,,,,,,,,,0.02570972964167595,,,,,,,,,,,,
22,,,79979,,,,,,,,,,,0.007158227730542421,,,,,,,,,,,,
22,,,79999,,,,,,,,,,,0.05929362401366234,,,,,,,,,,,,
22,,,80019,,,,,,,,,,,0.20280548930168152,,,,,,,,,,,,
22,,,80039,,,,,,,,,,,0.18904443085193634,,,,,,,,,,,,
22,,,80059,,,,,,,,,,,0.30428546667099,,,,,,,,,,,,
22,,,80079,,,,,,,,,,,0.20209741592407227,,,,,,,,,,,,
22,,,80085,,,,,,,,,,,,0.6215075850486755,0.8855063915252686,0.6268438100814819,2.2700486183166504,0.661653459072113,0.5560324788093567,0.6784757375717163,0.5859279632568359,0.665123462677002,0.8211154341697693,0.5744470357894897,0.6215075850486755
22,,,80085,,,,,,,,,0.953877866268158,0.0821061059832573,,,,,,,,,,,,,
,0.00024250783089428148,0.00024250783089428148,80086,,,,,,,,,,,,,,,,,,,,,,,
23,,,80099,,,,,,,,,,,0.01490611582994461,,,,,,,,,,,,
23,,,80119,,,,,,,,,,,0.014543093740940094,,,,,,,,,,,,
23,,,80139,,,,,,,,,,,0.06000886484980583,,,,,,,,,,,,
23,,,80159,,,,,,,,,,,0.01317608542740345,,,,,,,,,,,,
23,,,80179,,,,,,,,,,,0.17469348013401031,,,,,,,,,,,,
23,,,80199,,,,,,,,,,,0.025231681764125824,,,,,,,,,,,,
23,,,80219,,,,,,,,,,,0.14179983735084534,,,,,,,,,,,,
23,,,80239,,,,,,,,,,,0.002832347061485052,,,,,,,,,,,,
23,,,80259,,,,,,,,,,,0.06796126067638397,,,,,,,,,,,,
23,,,80279,,,,,,,,,,,0.02476765215396881,,,,,,,,,,,,
23,,,80299,,,,,,,,,,,0.010807907208800316,,,,,,,,,,,,
23,,,80319,,,,,,,,,,,0.07830896973609924,,,,,,,,,,,,
23,,,80339,,,,,,,,,,,0.1837817281484604,,,,,,,,,,,,
23,,,80359,,,,,,,,,,,0.012988326139748096,,,,,,,,,,,,
23,,,80379,,,,,,,,,,,0.34967100620269775,,,,,,,,,,,,
23,,,80399,,,,,,,,,,,0.05989003926515579,,,,,,,,,,,,
23,,,80419,,,,,,,,,,,0.03172611445188522,,,,,,,,,,,,
23,,,80439,,,,,,,,,,,0.02203845977783203,,,,,,,,,,,,
23,,,80459,,,,,,,,,,,0.0971955731511116,,,,,,,,,,,,
23,,,80479,,,,,,,,,,,0.039096757769584656,,,,,,,,,,,,
23,,,80499,,,,,,,,,,,0.01291887927800417,,,,,,,,,,,,
23,,,80519,,,,,,,,,,,0.01197983417659998,,,,,,,,,,,,
23,,,80539,,,,,,,,,,,0.24945688247680664,,,,,,,,,,,,
23,,,80559,,,,,,,,,,,0.07449480891227722,,,,,,,,,,,,
23,,,80579,,,,,,,,,,,0.04023445025086403,,,,,,,,,,,,
23,,,80599,,,,,,,,,,,0.07578300684690475,,,,,,,,,,,,
23,,,80619,,,,,,,,,,,0.008578822948038578,,,,,,,,,,,,
23,,,80639,,,,,,,,,,,0.08415083587169647,,,,,,,,,,,,
23,,,80659,,,,,,,,,,,0.12816649675369263,,,,,,,,,,,,
23,,,80679,,,,,,,,,,,0.06681749224662781,,,,,,,,,,,,
23,,,80699,,,,,,,,,,,0.039362214505672455,,,,,,,,,,,,
23,,,80719,,,,,,,,,,,0.02376372553408146,,,,,,,,,,,,
23,,,80739,,,,,,,,,,,0.007468762341886759,,,,,,,,,,,,
23,,,80759,,,,,,,,,,,0.016440290957689285,,,,,,,,,,,,
23,,,80779,,,,,,,,,,,0.07870101183652878,,,,,,,,,,,,
23,,,80799,,,,,,,,,,,0.11273755133152008,,,,,,,,,,,,
23,,,80819,,,,,,,,,,,0.007080381736159325,,,,,,,,,,,,
23,,,80839,,,,,,,,,,,0.1221894770860672,,,,,,,,,,,,
23,,,80859,,,,,,,,,,,0.1832902431488037,,,,,,,,,,,,
23,,,80879,,,,,,,,,,,0.05622388422489166,,,,,,,,,,,,
23,,,80899,,,,,,,,,,,0.006567948032170534,,,,,,,,,,,,
23,,,80919,,,,,,,,,,,0.04864652454853058,,,,,,,,,,,,
23,,,80939,,,,,,,,,,,0.059023432433605194,,,,,,,,,,,,
23,,,80959,,,,,,,,,,,0.00447468739002943,,,,,,,,,,,,
23,,,80979,,,,,,,,,,,0.032729003578424454,,,,,,,,,,,,
23,,,80999,,,,,,,,,,,0.06776460260152817,,,,,,,,,,,,
23,,,81019,,,,,,,,,,,0.01576598919928074,,,,,,,,,,,,
23,,,81039,,,,,,,,,,,0.37091687321662903,,,,,,,,,,,,
23,,,81059,,,,,,,,,,,0.13416673243045807,,,,,,,,,,,,
23,,,81079,,,,,,,,,,,0.013395428657531738,,,,,,,,,,,,
23,,,81099,,,,,,,,,,,0.30301564931869507,,,,,,,,,,,,
23,,,81119,,,,,,,,,,,0.003341257106512785,,,,,,,,,,,,
23,,,81139,,,,,,,,,,,0.026492971926927567,,,,,,,,,,,,
23,,,81159,,,,,,,,,,,0.0896809846162796,,,,,,,,,,,,
23,,,81179,,,,,,,,,,,0.15814292430877686,,,,,,,,,,,,
23,,,81199,,,,,,,,,,,0.01704956404864788,,,,,,,,,,,,
23,,,81219,,,,,,,,,,,0.08301250636577606,,,,,,,,,,,,
23,,,81239,,,,,,,,,,,0.021869029849767685,,,,,,,,,,,,
23,,,81259,,,,,,,,,,,0.030372198671102524,,,,,,,,,,,,
23,,,81279,,,,,,,,,,,0.008924411609768867,,,,,,,,,,,,
23,,,81299,,,,,,,,,,,0.0400683730840683,,,,,,,,,,,,
23,,,81319,,,,,,,,,,,0.021481098607182503,,,,,,,,,,,,
23,,,81339,,,,,,,,,,,0.10304911434650421,,,,,,,,,,,,
23,,,81359,,,,,,,,,,,0.011549966409802437,,,,,,,,,,,,
23,,,81379,,,,,,,,,,,0.011798862367868423,,,,,,,,,,,,
23,,,81399,,,,,,,,,,,0.0200542863458395,,,,,,,,,,,,
23,,,81419,,,,,,,,,,,0.03548100218176842,,,,,,,,,,,,
23,,,81439,,,,,,,,,,,0.060587674379348755,,,,,,,,,,,,
23,,,81459,,,,,,,,,,,0.017518823966383934,,,,,,,,,,,,
23,,,81479,,,,,,,,,,,0.10550572723150253,,,,,,,,,,,,
23,,,81499,,,,,,,,,,,0.014471082016825676,,,,,,,,,,,,
23,,,81519,,,,,,,,,,,0.24498866498470306,,,,,,,,,,,,
23,,,81539,,,,,,,,,,,0.022725187242031097,,,,,,,,,,,,
23,,,81559,,,,,,,,,,,0.03919115290045738,,,,,,,,,,,,
23,,,81579,,,,,,,,,,,0.04330342262983322,,,,,,,,,,,,
23,,,81599,,,,,,,,,,,0.3126702904701233,,,,,,,,,,,,
23,,,81619,,,,,,,,,,,0.014435185119509697,,,,,,,,,,,,
23,,,81639,,,,,,,,,,,0.013633946888148785,,,,,,,,,,,,
23,,,81659,,,,,,,,,,,0.18781153857707977,,,,,,,,,,,,
23,,,81679,,,,,,,,,,,0.10824485868215561,,,,,,,,,,,,
23,,,81699,,,,,,,,,,,0.007207935675978661,,,,,,,,,,,,
23,,,81719,,,,,,,,,,,0.058006662875413895,,,,,,,,,,,,
23,,,81739,,,,,,,,,,,0.04212189465761185,,,,,,,,,,,,
23,,,81759,,,,,,,,,,,0.018117863684892654,,,,,,,,,,,,
23,,,81779,,,,,,,,,,,0.01677381992340088,,,,,,,,,,,,
23,,,81799,,,,,,,,,,,0.12423458695411682,,,,,,,,,,,,
23,,,81819,,,,,,,,,,,0.024026164785027504,,,,,,,,,,,,
23,,,81839,,,,,,,,,,,0.07839536666870117,,,,,,,,,,,,
23,,,81859,,,,,,,,,,,0.004654144402593374,,,,,,,,,,,,
23,,,81879,,,,,,,,,,,0.125392884016037,,,,,,,,,,,,
23,,,81899,,,,,,,,,,,0.06072340905666351,,,,,,,,,,,,
23,,,81919,,,,,,,,,,,0.08207999169826508,,,,,,,,,,,,
23,,,81939,,,,,,,,,,,0.18645286560058594,,,,,,,,,,,,
23,,,81959,,,,,,,,,,,0.009592324495315552,,,,,,,,,,,,
23,,,81979,,,,,,,,,,,0.021881965920329094,,,,,,,,,,,,
23,,,81999,,,,,,,,,,,0.09938996285200119,,,,,,,,,,,,
23,,,82019,,,,,,,,,,,0.033769164234399796,,,,,,,,,,,,
23,,,82039,,,,,,,,,,,0.03427298367023468,,,,,,,,,,,,
23,,,82059,,,,,,,,,,,0.007805390749126673,,,,,,,,,,,,
23,,,82079,,,,,,,,,,,0.004045751877129078,,,,,,,,,,,,
23,,,82099,,,,,,,,,,,0.13954222202301025,,,,,,,,,,,,
23,,,82119,,,,,,,,,,,0.004934823140501976,,,,,,,,,,,,
23,,,82139,,,,,,,,,,,0.07705114781856537,,,,,,,,,,,,
23,,,82159,,,,,,,,,,,0.04202333465218544,,,,,,,,,,,,
23,,,82179,,,,,,,,,,,0.025103183463215828,,,,,,,,,,,,
23,,,82199,,,,,,,,,,,0.013857576064765453,,,,,,,,,,,,
23,,,82219,,,,,,,,,,,0.019798707216978073,,,,,,,,,,,,
23,,,82239,,,,,,,,,,,0.06129933148622513,,,,,,,,,,,,
23,,,82259,,,,,,,,,,,0.20788012444972992,,,,,,,,,,,,
23,,,82279,,,,,,,,,,,0.07965953648090363,,,,,,,,,,,,
23,,,82299,,,,,,,,,,,0.009314421564340591,,,,,,,,,,,,
23,,,82319,,,,,,,,,,,0.3299891948699951,,,,,,,,,,,,
23,,,82339,,,,,,,,,,,0.3474070429801941,,,,,,,,,,,,
23,,,82359,,,,,,,,,,,0.28846731781959534,,,,,,,,,,,,
23,,,82379,,,,,,,,,,,0.06708908081054688,,,,,,,,,,,,
23,,,82399,,,,,,,,,,,0.10399337112903595,,,,,,,,,,,,
23,,,82419,,,,,,,,,,,0.053658951073884964,,,,,,,,,,,,
23,,,82439,,,,,,,,,,,0.13227617740631104,,,,,,,,,,,,
23,,,82459,,,,,,,,,,,0.028193725273013115,,,,,,,,,,,,
23,,,82479,,,,,,,,,,,0.07042863219976425,,,,,,,,,,,,
23,,,82499,,,,,,,,,,,0.0537840910255909,,,,,,,,,,,,
23,,,82519,,,,,,,,,,,0.07067001610994339,,,,,,,,,,,,
23,,,82539,,,,,,,,,,,0.038650032132864,,,,,,,,,,,,
23,,,82559,,,,,,,,,,,0.015758879482746124,,,,,,,,,,,,
23,,,82579,,,,,,,,,,,0.01598173752427101,,,,,,,,,,,,
23,,,82599,,,,,,,,,,,0.18177686631679535,,,,,,,,,,,,
23,,,82619,,,,,,,,,,,0.05257316678762436,,,,,,,,,,,,
23,,,82639,,,,,,,,,,,0.1763816624879837,,,,,,,,,,,,
23,,,82659,,,,,,,,,,,0.06138111278414726,,,,,,,,,,,,
23,,,82679,,,,,,,,,,,0.005760656204074621,,,,,,,,,,,,
23,,,82699,,,,,,,,,,,0.030548375099897385,,,,,,,,,,,,
23,,,82719,,,,,,,,,,,0.0035440868232399225,,,,,,,,,,,,
23,,,82739,,,,,,,,,,,0.08399803936481476,,,,,,,,,,,,
23,,,82759,,,,,,,,,,,0.002576915081590414,,,,,,,,,,,,
23,,,82779,,,,,,,,,,,0.08787795901298523,,,,,,,,,,,,
23,,,82799,,,,,,,,,,,0.054610226303339005,,,,,,,,,,,,
23,,,82819,,,,,,,,,,,0.008120876736938953,,,,,,,,,,,,
23,,,82839,,,,,,,,,,,0.2200029492378235,,,,,,,,,,,,
23,,,82859,,,,,,,,,,,0.11268950998783112,,,,,,,,,,,,
23,,,82879,,,,,,,,,,,0.08298838138580322,,,,,,,,,,,,
23,,,82899,,,,,,,,,,,0.177700012922287,,,,,,,,,,,,
23,,,82919,,,,,,,,,,,0.22146576642990112,,,,,,,,,,,,
23,,,82939,,,,,,,,,,,0.004490983672440052,,,,,,,,,,,,
23,,,82959,,,,,,,,,,,0.07708136737346649,,,,,,,,,,,,
23,,,82979,,,,,,,,,,,0.014748526737093925,,,,,,,,,,,,
23,,,82999,,,,,,,,,,,0.14764182269573212,,,,,,,,,,,,
23,,,83019,,,,,,,,,,,0.12350289523601532,,,,,,,,,,,,
23,,,83039,,,,,,,,,,,0.3081835210323334,,,,,,,,,,,,
23,,,83059,,,,,,,,,,,0.020389946177601814,,,,,,,,,,,,
23,,,83079,,,,,,,,,,,0.04309322312474251,,,,,,,,,,,,
23,,,83099,,,,,,,,,,,0.02522958442568779,,,,,,,,,,,,
23,,,83119,,,,,,,,,,,0.04969882220029831,,,,,,,,,,,,
23,,,83139,,,,,,,,,,,0.24927181005477905,,,,,,,,,,,,
23,,,83159,,,,,,,,,,,0.15295547246932983,,,,,,,,,,,,
23,,,83179,,,,,,,,,,,0.0190474484115839,,,,,,,,,,,,
23,,,83199,,,,,,,,,,,0.19635869562625885,,,,,,,,,,,,
23,,,83219,,,,,,,,,,,0.01669332943856716,,,,,,,,,,,,
23,,,83239,,,,,,,,,,,0.000953273440245539,,,,,,,,,,,,
23,,,83259,,,,,,,,,,,0.03745448961853981,,,,,,,,,,,,
23,,,83279,,,,,,,,,,,0.10309107601642609,,,,,,,,,,,,
23,,,83299,,,,,,,,,,,0.19622331857681274,,,,,,,,,,,,
23,,,83319,,,,,,,,,,,0.008449049666523933,,,,,,,,,,,,
23,,,83339,,,,,,,,,,,0.051391974091529846,,,,,,,,,,,,
23,,,83359,,,,,,,,,,,0.011883135885000229,,,,,,,,,,,,
23,,,83379,,,,,,,,,,,0.26613152027130127,,,,,,,,,,,,
23,,,83399,,,,,,,,,,,0.021879255771636963,,,,,,,,,,,,
23,,,83419,,,,,,,,,,,0.19969390332698822,,,,,,,,,,,,
23,,,83439,,,,,,,,,,,0.024484124034643173,,,,,,,,,,,,
23,,,83459,,,,,,,,,,,0.2268398255109787,,,,,,,,,,,,
23,,,83479,,,,,,,,,,,0.21598994731903076,,,,,,,,,,,,
23,,,83499,,,,,,,,,,,0.045940980315208435,,,,,,,,,,,,
23,,,83519,,,,,,,,,,,0.1799420863389969,,,,,,,,,,,,
23,,,83539,,,,,,,,,,,0.018237128853797913,,,,,,,,,,,,
23,,,83559,,,,,,,,,,,0.18038518726825714,,,,,,,,,,,,
23,,,83567,,,,,,,,,,,,0.6579794883728027,0.9011216759681702,0.6693031191825867,1.944729208946228,0.7082197666168213,0.6005525588989258,0.7105729579925537,0.7328853607177734,0.6250240802764893,0.8168624043464661,0.658107340335846,0.6579794883728027
23,,,83567,,,,,,,,,0.9562171101570129,0.07823875546455383,,,,,,,,,,,,,
,0.00023520971200967334,0.00023520971200967334,83568,,,,,,,,,,,,,,,,,,,,,,,
24,,,83579,,,,,,,,,,,0.031701214611530304,,,,,,,,,,,,
24,,,83599,,,,,,,,,,,0.04381965100765228,,,,,,,,,,,,
24,,,83619,,,,,,,,,,,0.1271842122077942,,,,,,,,,,,,
24,,,83639,,,,,,,,,,,0.16359980404376984,,,,,,,,,,,,
24,,,83659,,,,,,,,,,,0.008952132426202297,,,,,,,,,,,,
24,,,83679,,,,,,,,,,,0.02964787557721138,,,,,,,,,,,,
24,,,83699,,,,,,,,,,,0.01740811951458454,,,,,,,,,,,,
24,,,83719,,,,,,,,,,,0.13404634594917297,,,,,,,,,,,,
24,,,83739,,,,,,,,,,,0.07479719817638397,,,,,,,,,,,,
24,,,83759,,,,,,,,,,,0.07921279221773148,,,,,,,,,,,,
24,,,83779,,,,,,,,,,,0.0071722762659192085,,,,,,,,,,,,
24,,,83799,,,,,,,,,,,0.048242464661598206,,,,,,,,,,,,
24,,,83819,,,,,,,,,,,0.046580277383327484,,,,,,,,,,,,
24,,,83839,,,,,,,,,,,0.011249642819166183,,,,,,,,,,,,
24,,,83859,,,,,,,,,,,0.10561201721429825,,,,,,,,,,,,
24,,,83879,,,,,,,,,,,0.0547347292304039,,,,,,,,,,,,
24,,,83899,,,,,,,,,,,0.045239634811878204,,,,,,,,,,,,
24,,,83919,,,,,,,,,,,0.020350955426692963,,,,,,,,,,,,
24,,,83939,,,,,,,,,,,0.0059225489385426044,,,,,,,,,,,,
24,,,83959,,,,,,,,,,,0.006374682765454054,,,,,,,,,,,,
24,,,83979,,,,,,,,,,,0.005154941231012344,,,,,,,,,,,,
24,,,83999,,,,,,,,,,,0.053113434463739395,,,,,,,,,,,,
24,,,84019,,,,,,,,,,,0.16106551885604858,,,,,,,,,,,,
24,,,84039,,,,,,,,,,,0.009133551269769669,,,,,,,,,,,,
24,,,84059,,,,,,,,,,,0.0035755657590925694,,,,,,,,,,,,
24,,,84079,,,,,,,,,,,0.028018051758408546,,,,,,,,,,,,
24,,,84099,,,,,,,,,,,0.006364423781633377,,,,,,,,,,,,
24,,,84119,,,,,,,,,,,0.03414258360862732,,,,,,,,,,,,
24,,,84139,,,,,,,,,,,0.04522152617573738,,,,,,,,,,,,
24,,,84159,,,,,,,,,,,0.008794966153800488,,,,,,,,,,,,
24,,,84179,,,,,,,,,,,0.004235013388097286,,,,,,,,,,,,
24,,,84199,,,,,,,,,,,0.24663522839546204,,,,,,,,,,,,
24,,,84219,,,,,,,,,,,0.12993614375591278,,,,,,,,,,,,
24,,,84239,,,,,,,,,,,0.09199314564466476,,,,,,,,,,,,
24,,,84259,,,,,,,,,,,0.032735977321863174,,,,,,,,,,,,
24,,,84279,,,,,,,,,,,0.05374947562813759,,,,,,,,,,,,
24,,,84299,,,,,,,,,,,0.1503552496433258,,,,,,,,,,,,
24,,,84319,,,,,,,,,,,0.27480795979499817,,,,,,,,,,,,
24,,,84339,,,,,,,,,,,0.11458420008420944,,,,,,,,,,,,
24,,,84359,,,,,,,,,,,0.0513448566198349,,,,,,,,,,,,
24,,,84379,,,,,,,,,,,0.036756258457899094,,,,,,,,,,,,
24,,,84399,,,,,,,,,,,0.07434265315532684,,,,,,,,,,,,
24,,,84419,,,,,,,,,,,0.20354163646697998,,,,,,,,,,,,
24,,,84439,,,,,,,,,,,0.16764600574970245,,,,,,,,,,,,
24,,,84459,,,,,,,,,,,0.10657140612602234,,,,,,,,,,,,
24,,,84479,,,,,,,,,,,0.013494715094566345,,,,,,,,,,,,
24,,,84499,,,,,,,,,,,0.3284107744693756,,,,,,,,,,,,
24,,,84519,,,,,,,,,,,0.03791864961385727,,,,,,,,,,,,
24,,,84539,,,,,,,,,,,0.006139656994491816,,,,,,,,,,,,
24,,,84559,,,,,,,,,,,0.02024231292307377,,,,,,,,,,,,
24,,,84579,,,,,,,,,,,0.05440576747059822,,,,,,,,,,,,
24,,,84599,,,,,,,,,,,0.012064417824149132,,,,,,,,,,,,
24,,,84619,,,,,,,,,,,0.01948491856455803,,,,,,,,,,,,
24,,,84639,,,,,,,,,,,0.23538443446159363,,,,,,,,,,,,
24,,,84659,,,,,,,,,,,0.01678556017577648,,,,,,,,,,,,
24,,,84679,,,,,,,,,,,0.06434754282236099,,,,,,,,,,,,
24,,,84699,,,,,,,,,,,0.0396910160779953,,,,,,,,,,,,
24,,,84719,,,,,,,,,,,0.08286869525909424,,,,,,,,,,,,
24,,,84739,,,,,,,,,,,0.026926308870315552,,,,,,,,,,,,
24,,,84759,,,,,,,,,,,0.1571604609489441,,,,,,,,,,,,
24,,,84779,,,,,,,,,,,0.22125428915023804,,,,,,,,,,,,
24,,,84799,,,,,,,,,,,0.15596146881580353,,,,,,,,,,,,
24,,,84819,,,,,,,,,,,0.18089744448661804,,,,,,,,,,,,
24,,,84839,,,,,,,,,,,0.004703718703240156,,,,,,,,,,,,
24,,,84859,,,,,,,,,,,0.0038357211742550135,,,,,,,,,,,,
24,,,84879,,,,,,,,,,,0.07019882649183273,,,,,,,,,,,,
24,,,84899,,,,,,,,,,,0.04117972031235695,,,,,,,,,,,,
24,,,84919,,,,,,,,,,,0.013965428806841373,,,,,,,,,,,,
24,,,84939,,,,,,,,,,,0.1149703785777092,,,,,,,,,,,,
24,,,84959,,,,,,,,,,,0.017679864540696144,,,,,,,,,,,,
24,,,84979,,,,,,,,,,,0.004406416788697243,,,,,,,,,,,,
24,,,84999,,,,,,,,,,,0.02273196540772915,,,,,,,,,,,,
24,,,85019,,,,,,,,,,,0.02117793634533882,,,,,,,,,,,,
24,,,85039,,,,,,,,,,,0.03661895543336868,,,,,,,,,,,,
24,,,85059,,,,,,,,,,,0.003252730006352067,,,,,,,,,,,,
24,,,85079,,,,,,,,,,,0.00838636327534914,,,,,,,,,,,,
24,,,85099,,,,,,,,,,,0.009815768338739872,,,,,,,,,,,,
24,,,85119,,,,,,,,,,,0.0013148386497050524,,,,,,,,,,,,
24,,,85139,,,,,,,,,,,0.1269330233335495,,,,,,,,,,,,
24,,,85159,,,,,,,,,,,0.047440290451049805,,,,,,,,,,,,
24,,,85179,,,,,,,,,,,0.17528651654720306,,,,,,,,,,,,
24,,,85199,,,,,,,,,,,0.13068810105323792,,,,,,,,,,,,
24,,,85219,,,,,,,,,,,0.17077016830444336,,,,,,,,,,,,
24,,,85239,,,,,,,,,,,0.18342414498329163,,,,,,,,,,,,
24,,,85259,,,,,,,,,,,0.1400468647480011,,,,,,,,,,,,
24,,,85279,,,,,,,,,,,0.04047303646802902,,,,,,,,,,,,
24,,,85299,,,,,,,,,,,0.006318262778222561,,,,,,,,,,,,
24,,,85319,,,,,,,,,,,0.14364193379878998,,,,,,,,,,,,
24,,,85339,,,,,,,,,,,0.030972920358181,,,,,,,,,,,,
24,,,85359,,,,,,,,,,,0.002885995199903846,,,,,,,,,,,,
24,,,85379,,,,,,,,,,,0.01374784205108881,,,,,,,,,,,,
24,,,85399,,,,,,,,,,,0.015641657635569572,,,,,,,,,,,,
24,,,85419,,,,,,,,,,,0.02450677379965782,,,,,,,,,,,,
24,,,85439,,,,,,,,,,,0.03116736002266407,,,,,,,,,,,,
24,,,85459,,,,,,,,,,,0.04636360704898834,,,,,,,,,,,,
24,,,85479,,,,,,,,,,,0.1125393658876419,,,,,,,,,,,,
24,,,85499,,,,,,,,,,,0.020929019898176193,,,,,,,,,,,,
24,,,85519,,,,,,,,,,,0.015631986781954765,,,,,,,,,,,,
24,,,85539,,,,,,,,,,,0.005052903667092323,,,,,,,,,,,,
24,,,85559,,,,,,,,,,,0.0019221494439989328,,,,,,,,,,,,
24,,,85579,,,,,,,,,,,0.1529349386692047,,,,,,,,,,,,
24,,,85599,,,,,,,,,,,0.19268062710762024,,,,,,,,,,,,
24,,,85619,,,,,,,,,,,0.0028567728586494923,,,,,,,,,,,,
24,,,85639,,,,,,,,,,,0.21088345348834991,,,,,,,,,,,,
24,,,85659,,,,,,,,,,,0.06070675700902939,,,,,,,,,,,,
24,,,85679,,,,,,,,,,,0.052644167095422745,,,,,,,,,,,,
24,,,85699,,,,,,,,,,,0.18984836339950562,,,,,,,,,,,,
24,,,85719,,,,,,,,,,,0.16203375160694122,,,,,,,,,,,,
24,,,85739,,,,,,,,,,,0.04895101115107536,,,,,,,,,,,,
24,,,85759,,,,,,,,,,,0.04500674456357956,,,,,,,,,,,,
24,,,85779,,,,,,,,,,,0.09723111242055893,,,,,,,,,,,,
24,,,85799,,,,,,,,,,,0.05987348407506943,,,,,,,,,,,,
24,,,85819,,,,,,,,,,,0.027281884104013443,,,,,,,,,,,,
24,,,85839,,,,,,,,,,,0.09681788086891174,,,,,,,,,,,,
24,,,85859,,,,,,,,,,,0.01152134221047163,,,,,,,,,,,,
24,,,85879,,,,,,,,,,,0.11345866322517395,,,,,,,,,,,,
24,,,85899,,,,,,,,,,,0.1606113612651825,,,,,,,,,,,,
24,,,85919,,,,,,,,,,,0.05110103636980057,,,,,,,,,,,,
24,,,85939,,,,,,,,,,,0.2540014088153839,,,,,,,,,,,,
24,,,85959,,,,,,,,,,,0.10130767524242401,,,,,,,,,,,,
24,,,85979,,,,,,,,,,,0.0646846741437912,,,,,,,,,,,,
24,,,85999,,,,,,,,,,,0.14765852689743042,,,,,,,,,,,,
24,,,86019,,,,,,,,,,,0.25166696310043335,,,,,,,,,,,,
24,,,86039,,,,,,,,,,,0.008506972342729568,,,,,,,,,,,,
24,,,86059,,,,,,,,,,,0.001767115667462349,,,,,,,,,,,,
24,,,86079,,,,,,,,,,,0.0455644428730011,,,,,,,,,,,,
24,,,86099,,,,,,,,,,,0.06342389434576035,,,,,,,,,,,,
24,,,86119,,,,,,,,,,,0.006767190061509609,,,,,,,,,,,,
24,,,86139,,,,,,,,,,,0.0327160507440567,,,,,,,,,,,,
24,,,86159,,,,,,,,,,,0.024272147566080093,,,,,,,,,,,,
24,,,86179,,,,,,,,,,,0.014592066407203674,,,,,,,,,,,,
24,,,86199,,,,,,,,,,,0.030264463275671005,,,,,,,,,,,,
24,,,86219,,,,,,,,,,,0.013006194494664669,,,,,,,,,,,,
24,,,86239,,,,,,,,,,,0.06560153514146805,,,,,,,,,,,,
24,,,86259,,,,,,,,,,,0.021347448229789734,,,,,,,,,,,,
24,,,86279,,,,,,,,,,,0.021110069006681442,,,,,,,,,,,,
24,,,86299,,,,,,,,,,,0.0025656353682279587,,,,,,,,,,,,
24,,,86319,,,,,,,,,,,0.018068693578243256,,,,,,,,,,,,
24,,,86339,,,,,,,,,,,0.2763998806476593,,,,,,,,,,,,
24,,,86359,,,,,,,,,,,0.024853575974702835,,,,,,,,,,,,
24,,,86379,,,,,,,,,,,0.01790654845535755,,,,,,,,,,,,
24,,,86399,,,,,,,,,,,0.01564638875424862,,,,,,,,,,,,
24,,,86419,,,,,,,,,,,0.007314066402614117,,,,,,,,,,,,
24,,,86439,,,,,,,,,,,0.007421180605888367,,,,,,,,,,,,
24,,,86459,,,,,,,,,,,0.011615889146924019,,,,,,,,,,,,
24,,,86479,,,,,,,,,,,0.029106687754392624,,,,,,,,,,,,
24,,,86499,,,,,,,,,,,0.2045772820711136,,,,,,,,,,,,
24,,,86519,,,,,,,,,,,0.043651971966028214,,,,,,,,,,,,
24,,,86539,,,,,,,,,,,0.09245471656322479,,,,,,,,,,,,
24,,,86559,,,,,,,,,,,0.010530049912631512,,,,,,,,,,,,
24,,,86579,,,,,,,,,,,0.18887721002101898,,,,,,,,,,,,
24,,,86599,,,,,,,,,,,0.010538635775446892,,,,,,,,,,,,
24,,,86619,,,,,,,,,,,0.015823733061552048,,,,,,,,,,,,
24,,,86639,,,,,,,,,,,0.12683486938476562,,,,,,,,,,,,
24,,,86659,,,,,,,,,,,0.012552636675536633,,,,,,,,,,,,
24,,,86679,,,,,,,,,,,0.3211246728897095,,,,,,,,,,,,
24,,,86699,,,,,,,,,,,0.036365289241075516,,,,,,,,,,,,
24,,,86719,,,,,,,,,,,0.0024459396954625845,,,,,,,,,,,,
24,,,86739,,,,,,,,,,,0.04876580089330673,,,,,,,,,,,,
24,,,86759,,,,,,,,,,,0.01128501258790493,,,,,,,,,,,,
24,,,86779,,,,,,,,,,,0.09456213563680649,,,,,,,,,,,,
24,,,86799,,,,,,,,,,,0.020439010113477707,,,,,,,,,,,,
24,,,86819,,,,,,,,,,,0.011817241087555885,,,,,,,,,,,,
24,,,86839,,,,,,,,,,,0.07594195008277893,,,,,,,,,,,,
24,,,86859,,,,,,,,,,,0.17592743039131165,,,,,,,,,,,,
24,,,86879,,,,,,,,,,,0.023817334324121475,,,,,,,,,,,,
24,,,86899,,,,,,,,,,,0.07881884276866913,,,,,,,,,,,,
24,,,86919,,,,,,,,,,,0.01700597070157528,,,,,,,,,,,,
24,,,86939,,,,,,,,,,,0.10553351044654846,,,,,,,,,,,,
24,,,86959,,,,,,,,,,,0.07920978963375092,,,,,,,,,,,,
24,,,86979,,,,,,,,,,,0.1632213294506073,,,,,,,,,,,,
24,,,86999,,,,,,,,,,,0.08063741028308868,,,,,,,,,,,,
24,,,87019,,,,,,,,,,,0.1896151602268219,,,,,,,,,,,,
24,,,87039,,,,,,,,,,,0.0035606296733021736,,,,,,,,,,,,
24,,,87049,,,,,,,,,,,,0.6297258138656616,0.897655189037323,0.6394326686859131,2.545362710952759,0.7183370590209961,0.5769345164299011,0.6915589570999146,0.6095090508460999,0.6410918831825256,0.8489488363265991,0.7737982869148254,0.6297258138656616
24,,,87049,,,,,,,,,0.9593518376350403,0.07304175198078156,,,,,,,,,,,,,
,0.0002276006721266485,0.0002276006721266485,87050,,,,,,,,,,,,,,,,,,,,,,,
25,,,87059,,,,,,,,,,,0.011623306199908257,,,,,,,,,,,,
25,,,87079,,,,,,,,,,,0.009678523987531662,,,,,,,,,,,,
25,,,87099,,,,,,,,,,,0.15581965446472168,,,,,,,,,,,,
25,,,87119,,,,,,,,,,,0.07981502264738083,,,,,,,,,,,,
25,,,87139,,,,,,,,,,,0.34386953711509705,,,,,,,,,,,,
25,,,87159,,,,,,,,,,,0.04040620103478432,,,,,,,,,,,,
25,,,87179,,,,,,,,,,,0.15849198400974274,,,,,,,,,,,,
25,,,87199,,,,,,,,,,,0.0077703772112727165,,,,,,,,,,,,
25,,,87219,,,,,,,,,,,0.029261158779263496,,,,,,,,,,,,
25,,,87239,,,,,,,,,,,0.008055053651332855,,,,,,,,,,,,
25,,,87259,,,,,,,,,,,0.0021408675238490105,,,,,,,,,,,,
25,,,87279,,,,,,,,,,,0.010481858626008034,,,,,,,,,,,,
25,,,87299,,,,,,,,,,,0.02415616251528263,,,,,,,,,,,,
25,,,87319,,,,,,,,,,,0.0030688615515828133,,,,,,,,,,,,
25,,,87339,,,,,,,,,,,0.04442145675420761,,,,,,,,,,,,
25,,,87359,,,,,,,,,,,0.00788186863064766,,,,,,,,,,,,
25,,,87379,,,,,,,,,,,0.006030416116118431,,,,,,,,,,,,
25,,,87399,,,,,,,,,,,0.024065198376774788,,,,,,,,,,,,
25,,,87419,,,,,,,,,,,0.04067366570234299,,,,,,,,,,,,
25,,,87439,,,,,,,,,,,0.08222696930170059,,,,,,,,,,,,
25,,,87459,,,,,,,,,,,0.008035617880523205,,,,,,,,,,,,
25,,,87479,,,,,,,,,,,0.0666881576180458,,,,,,,,,,,,
25,,,87499,,,,,,,,,,,0.09154560416936874,,,,,,,,,,,,
25,,,87519,,,,,,,,,,,0.10419981926679611,,,,,,,,,,,,
25,,,87539,,,,,,,,,,,0.019251488149166107,,,,,,,,,,,,
25,,,87559,,,,,,,,,,,0.022305075079202652,,,,,,,,,,,,
25,,,87579,,,,,,,,,,,0.007962295785546303,,,,,,,,,,,,
25,,,87599,,,,,,,,,,,0.0016547292470932007,,,,,,,,,,,,
25,,,87619,,,,,,,,,,,0.018945449963212013,,,,,,,,,,,,
25,,,87639,,,,,,,,,,,0.06963607668876648,,,,,,,,,,,,
25,,,87659,,,,,,,,,,,0.04596250504255295,,,,,,,,,,,,
25,,,87679,,,,,,,,,,,0.04301116615533829,,,,,,,,,,,,
25,,,87699,,,,,,,,,,,0.04786279797554016,,,,,,,,,,,,
25,,,87719,,,,,,,,,,,0.005666294135153294,,,,,,,,,,,,
25,,,87739,,,,,,,,,,,0.008486011996865273,,,,,,,,,,,,
25,,,87759,,,,,,,,,,,0.008453652262687683,,,,,,,,,,,,
25,,,87779,,,,,,,,,,,0.05405908450484276,,,,,,,,,,,,
25,,,87799,,,,,,,,,,,0.022351734340190887,,,,,,,,,,,,
25,,,87819,,,,,,,,,,,0.0009087495855055749,,,,,,,,,,,,
25,,,87839,,,,,,,,,,,0.04544558376073837,,,,,,,,,,,,
25,,,87859,,,,,,,,,,,0.17424947023391724,,,,,,,,,,,,
25,,,87879,,,,,,,,,,,0.060768965631723404,,,,,,,,,,,,
25,,,87899,,,,,,,,,,,0.17049629986286163,,,,,,,,,,,,
25,,,87919,,,,,,,,,,,0.025104843080043793,,,,,,,,,,,,
25,,,87939,,,,,,,,,,,0.0659886971116066,,,,,,,,,,,,
25,,,87959,,,,,,,,,,,0.2151036411523819,,,,,,,,,,,,
25,,,87979,,,,,,,,,,,0.009023222140967846,,,,,,,,,,,,
25,,,87999,,,,,,,,,,,0.24097655713558197,,,,,,,,,,,,
25,,,88019,,,,,,,,,,,0.03247632831335068,,,,,,,,,,,,
25,,,88039,,,,,,,,,,,0.02256051078438759,,,,,,,,,,,,
25,,,88059,,,,,,,,,,,0.2963653802871704,,,,,,,,,,,,
25,,,88079,,,,,,,,,,,0.042340584099292755,,,,,,,,,,,,
25,,,88099,,,,,,,,,,,0.034143395721912384,,,,,,,,,,,,
25,,,88119,,,,,,,,,,,0.00829536933451891,,,,,,,,,,,,
25,,,88139,,,,,,,,,,,0.037884559482336044,,,,,,,,,,,,
25,,,88159,,,,,,,,,,,0.029169581830501556,,,,,,,,,,,,
25,,,88179,,,,,,,,,,,0.08254016935825348,,,,,,,,,,,,
25,,,88199,,,,,,,,,,,0.026535537093877792,,,,,,,,,,,,
25,,,88219,,,,,,,,,,,0.08055337518453598,,,,,,,,,,,,
25,,,88239,,,,,,,,,,,0.0007165026036091149,,,,,,,,,,,,
25,,,88259,,,,,,,,,,,0.2454003095626831,,,,,,,,,,,,
25,,,88279,,,,,,,,,,,0.21690858900547028,,,,,,,,,,,,
25,,,88299,,,,,,,,,,,0.055775899440050125,,,,,,,,,,,,
25,,,88319,,,,,,,,,,,0.026316892355680466,,,,,,,,,,,,
25,,,88339,,,,,,,,,,,0.018646681681275368,,,,,,,,,,,,
25,,,88359,,,,,,,,,,,0.01877952180802822,,,,,,,,,,,,
25,,,88379,,,,,,,,,,,0.02690017968416214,,,,,,,,,,,,
25,,,88399,,,,,,,,,,,0.005408050492405891,,,,,,,,,,,,
25,,,88419,,,,,,,,,,,0.23309706151485443,,,,,,,,,,,,
25,,,88439,,,,,,,,,,,0.03792015463113785,,,,,,,,,,,,
25,,,88459,,,,,,,,,,,0.16630282998085022,,,,,,,,,,,,
25,,,88479,,,,,,,,,,,0.09514225274324417,,,,,,,,,,,,
25,,,88499,,,,,,,,,,,0.016339953988790512,,,,,,,,,,,,
25,,,88519,,,,,,,,,,,0.06885635852813721,,,,,,,,,,,,
25,,,88539,,,,,,,,,,,0.02027660235762596,,,,,,,,,,,,
25,,,88559,,,,,,,,,,,0.014349608682096004,,,,,,,,,,,,
25,,,88579,,,,,,,,,,,0.004965819418430328,,,,,,,,,,,,
25,,,88599,,,,,,,,,,,0.002809039317071438,,,,,,,,,,,,
25,,,88619,,,,,,,,,,,0.014774525538086891,,,,,,,,,,,,
25,,,88639,,,,,,,,,,,0.004288557916879654,,,,,,,,,,,,
25,,,88659,,,,,,,,,,,0.017244629561901093,,,,,,,,,,,,
25,,,88679,,,,,,,,,,,0.00875693466514349,,,,,,,,,,,,
25,,,88699,,,,,,,,,,,0.12375876307487488,,,,,,,,,,,,
25,,,88719,,,,,,,,,,,0.02178012952208519,,,,,,,,,,,,
25,,,88739,,,,,,,,,,,0.28606390953063965,,,,,,,,,,,,
25,,,88759,,,,,,,,,,,0.22834862768650055,,,,,,,,,,,,
25,,,88779,,,,,,,,,,,0.1163429245352745,,,,,,,,,,,,
25,,,88799,,,,,,,,,,,0.17644630372524261,,,,,,,,,,,,
25,,,88819,,,,,,,,,,,0.020933622494339943,,,,,,,,,,,,
25,,,88839,,,,,,,,,,,0.17571674287319183,,,,,,,,,,,,
25,,,88859,,,,,,,,,,,0.0042093670926988125,,,,,,,,,,,,
25,,,88879,,,,,,,,,,,0.004693604074418545,,,,,,,,,,,,
25,,,88899,,,,,,,,,,,0.15632253885269165,,,,,,,,,,,,
25,,,88919,,,,,,,,,,,0.0032882289960980415,,,,,,,,,,,,
25,,,88939,,,,,,,,,,,0.0863790363073349,,,,,,,,,,,,
25,,,88959,,,,,,,,,,,0.08928810060024261,,,,,,,,,,,,
25,,,88979,,,,,,,,,,,0.04978180676698685,,,,,,,,,,,,
25,,,88999,,,,,,,,,,,0.259725958108902,,,,,,,,,,,,
25,,,89019,,,,,,,,,,,0.017194703221321106,,,,,,,,,,,,
25,,,89039,,,,,,,,,,,0.052114903926849365,,,,,,,,,,,,
25,,,89059,,,,,,,,,,,0.002874355996027589,,,,,,,,,,,,
25,,,89079,,,,,,,,,,,0.021125428378582,,,,,,,,,,,,
25,,,89099,,,,,,,,,,,0.019036728888750076,,,,,,,,,,,,
25,,,89119,,,,,,,,,,,0.07150496542453766,,,,,,,,,,,,
25,,,89139,,,,,,,,,,,0.07341693341732025,,,,,,,,,,,,
25,,,89159,,,,,,,,,,,0.05088556185364723,,,,,,,,,,,,
25,,,89179,,,,,,,,,,,0.03342641890048981,,,,,,,,,,,,
25,,,89199,,,,,,,,,,,0.02708037570118904,,,,,,,,,,,,
25,,,89219,,,,,,,,,,,0.10564645379781723,,,,,,,,,,,,
25,,,89239,,,,,,,,,,,0.28855839371681213,,,,,,,,,,,,
25,,,89259,,,,,,,,,,,0.004223331343382597,,,,,,,,,,,,
25,,,89279,,,,,,,,,,,0.2448919117450714,,,,,,,,,,,,
25,,,89299,,,,,,,,,,,0.008771300315856934,,,,,,,,,,,,
25,,,89319,,,,,,,,,,,0.16425523161888123,,,,,,,,,,,,
25,,,89339,,,,,,,,,,,0.028555914759635925,,,,,,,,,,,,
25,,,89359,,,,,,,,,,,0.0070283059030771255,,,,,,,,,,,,
25,,,89379,,,,,,,,,,,0.049482233822345734,,,,,,,,,,,,
25,,,89399,,,,,,,,,,,0.13499939441680908,,,,,,,,,,,,
25,,,89419,,,,,,,,,,,0.0042029982432723045,,,,,,,,,,,,
25,,,89439,,,,,,,,,,,0.06958329677581787,,,,,,,,,,,,
25,,,89459,,,,,,,,,,,0.03490703925490379,,,,,,,,,,,,
25,,,89479,,,,,,,,,,,0.006128696724772453,,,,,,,,,,,,
25,,,89499,,,,,,,,,,,0.12736882269382477,,,,,,,,,,,,
25,,,89519,,,,,,,,,,,0.326933890581131,,,,,,,,,,,,
25,,,89539,,,,,,,,,,,0.01857016421854496,,,,,,,,,,,,
25,,,89559,,,,,,,,,,,0.06987921893596649,,,,,,,,,,,,
25,,,89579,,,,,,,,,,,0.21231184899806976,,,,,,,,,,,,
25,,,89599,,,,,,,,,,,0.21142828464508057,,,,,,,,,,,,
25,,,89619,,,,,,,,,,,0.10095178335905075,,,,,,,,,,,,
25,,,89639,,,,,,,,,,,0.16527120769023895,,,,,,,,,,,,
25,,,89659,,,,,,,,,,,0.10169818997383118,,,,,,,,,,,,
25,,,89679,,,,,,,,,,,0.052365027368068695,,,,,,,,,,,,
25,,,89699,,,,,,,,,,,0.02945113554596901,,,,,,,,,,,,
25,,,89719,,,,,,,,,,,0.06369788944721222,,,,,,,,,,,,
25,,,89739,,,,,,,,,,,0.14824794232845306,,,,,,,,,,,,
25,,,89759,,,,,,,,,,,0.03084634430706501,,,,,,,,,,,,
25,,,89779,,,,,,,,,,,0.13902005553245544,,,,,,,,,,,,
25,,,89799,,,,,,,,,,,0.11881209909915924,,,,,,,,,,,,
25,,,89819,,,,,,,,,,,0.018120503053069115,,,,,,,,,,,,
25,,,89839,,,,,,,,,,,0.27602463960647583,,,,,,,,,,,,
25,,,89859,,,,,,,,,,,0.2818600535392761,,,,,,,,,,,,
25,,,89879,,,,,,,,,,,0.006561188958585262,,,,,,,,,,,,
25,,,89899,,,,,,,,,,,0.04546987637877464,,,,,,,,,,,,
25,,,89919,,,,,,,,,,,0.016277696937322617,,,,,,,,,,,,
25,,,89939,,,,,,,,,,,0.02789592556655407,,,,,,,,,,,,
25,,,89959,,,,,,,,,,,0.016722023487091064,,,,,,,,,,,,
25,,,89979,,,,,,,,,,,0.11628767848014832,,,,,,,,,,,,
25,,,89999,,,,,,,,,,,0.10652659833431244,,,,,,,,,,,,
25,,,90019,,,,,,,,,,,0.04686289280653,,,,,,,,,,,,
25,,,90039,,,,,,,,,,,0.00975233968347311,,,,,,,,,,,,
25,,,90059,,,,,,,,,,,0.007496642880141735,,,,,,,,,,,,
25,,,90079,,,,,,,,,,,0.006029114127159119,,,,,,,,,,,,
25,,,90099,,,,,,,,,,,0.013180192559957504,,,,,,,,,,,,
25,,,90119,,,,,,,,,,,0.11779089272022247,,,,,,,,,,,,
25,,,90139,,,,,,,,,,,0.05656788870692253,,,,,,,,,,,,
25,,,90159,,,,,,,,,,,0.01853821612894535,,,,,,,,,,,,
25,,,90179,,,,,,,,,,,0.0033293142914772034,,,,,,,,,,,,
25,,,90199,,,,,,,,,,,0.052986159920692444,,,,,,,,,,,,
25,,,90219,,,,,,,,,,,0.15093575417995453,,,,,,,,,,,,
25,,,90239,,,,,,,,,,,0.01798725686967373,,,,,,,,,,,,
25,,,90259,,,,,,,,,,,0.14582975208759308,,,,,,,,,,,,
25,,,90279,,,,,,,,,,,0.11445916444063187,,,,,,,,,,,,
25,,,90299,,,,,,,,,,,0.009348087012767792,,,,,,,,,,,,
25,,,90319,,,,,,,,,,,0.2283419966697693,,,,,,,,,,,,
25,,,90339,,,,,,,,,,,0.15550681948661804,,,,,,,,,,,,
25,,,90359,,,,,,,,,,,0.16810685396194458,,,,,,,,,,,,
25,,,90379,,,,,,,,,,,0.15492959320545197,,,,,,,,,,,,
25,,,90399,,,,,,,,,,,0.01340495329350233,,,,,,,,,,,,
25,,,90419,,,,,,,,,,,0.13990555703639984,,,,,,,,,,,,
25,,,90439,,,,,,,,,,,0.014684196561574936,,,,,,,,,,,,
25,,,90459,,,,,,,,,,,0.0016305202152580023,,,,,,,,,,,,
25,,,90479,,,,,,,,,,,0.1092379093170166,,,,,,,,,,,,
25,,,90499,,,,,,,,,,,0.013498283922672272,,,,,,,,,,,,
25,,,90519,,,,,,,,,,,0.005321484059095383,,,,,,,,,,,,
25,,,90531,,,,,,,,,,,,0.6394446492195129,0.880031943321228,0.645165205001831,2.265292167663574,0.6566979885101318,0.5664113163948059,0.6887807250022888,0.5884317755699158,0.6732901930809021,0.8272127509117126,0.5378571152687073,0.6394446492195129
25,,,90531,,,,,,,,,0.9599454402923584,0.0724700391292572,,,,,,,,,,,,,
,0.00021970847580656525,0.00021970847580656525,90532,,,,,,,,,,,,,,,,,,,,,,,
26,,,90539,,,,,,,,,,,0.12536457180976868,,,,,,,,,,,,
26,,,90559,,,,,,,,,,,0.04665471240878105,,,,,,,,,,,,
26,,,90579,,,,,,,,,,,0.35069936513900757,,,,,,,,,,,,
26,,,90599,,,,,,,,,,,0.1851501315832138,,,,,,,,,,,,
26,,,90619,,,,,,,,,,,0.053834185004234314,,,,,,,,,,,,
26,,,90639,,,,,,,,,,,0.009043952450156212,,,,,,,,,,,,
26,,,90659,,,,,,,,,,,0.10148286074399948,,,,,,,,,,,,
26,,,90679,,,,,,,,,,,0.062001872807741165,,,,,,,,,,,,
26,,,90699,,,,,,,,,,,0.10971364378929138,,,,,,,,,,,,
26,,,90719,,,,,,,,,,,0.18203334510326385,,,,,,,,,,,,
26,,,90739,,,,,,,,,,,0.019787946715950966,,,,,,,,,,,,
26,,,90759,,,,,,,,,,,0.24212071299552917,,,,,,,,,,,,
26,,,90779,,,,,,,,,,,0.004869828931987286,,,,,,,,,,,,
26,,,90799,,,,,,,,,,,0.016188209876418114,,,,,,,,,,,,
26,,,90819,,,,,,,,,,,0.07189816981554031,,,,,,,,,,,,
26,,,90839,,,,,,,,,,,0.13094481825828552,,,,,,,,,,,,
26,,,90859,,,,,,,,,,,0.09935574233531952,,,,,,,,,,,,
26,,,90879,,,,,,,,,,,0.09528535604476929,,,,,,,,,,,,
26,,,90899,,,,,,,,,,,0.01696375384926796,,,,,,,,,,,,
26,,,90919,,,,,,,,,,,0.1873045414686203,,,,,,,,,,,,
26,,,90939,,,,,,,,,,,0.021441850811243057,,,,,,,,,,,,
26,,,90959,,,,,,,,,,,0.11005262285470963,,,,,,,,,,,,
26,,,90979,,,,,,,,,,,0.22032912075519562,,,,,,,,,,,,
26,,,90999,,,,,,,,,,,0.0026504788547754288,,,,,,,,,,,,
26,,,91019,,,,,,,,,,,0.018549978733062744,,,,,,,,,,,,
26,,,91039,,,,,,,,,,,0.006303556263446808,,,,,,,,,,,,
26,,,91059,,,,,,,,,,,0.0036791451275348663,,,,,,,,,,,,
26,,,91079,,,,,,,,,,,0.0969785526394844,,,,,,,,,,,,
26,,,91099,,,,,,,,,,,0.38103726506233215,,,,,,,,,,,,
26,,,91119,,,,,,,,,,,0.045411329716444016,,,,,,,,,,,,
26,,,91139,,,,,,,,,,,0.0394323356449604,,,,,,,,,,,,
26,,,91159,,,,,,,,,,,0.010610219091176987,,,,,,,,,,,,
26,,,91179,,,,,,,,,,,0.011911347508430481,,,,,,,,,,,,
26,,,91199,,,,,,,,,,,0.009017004631459713,,,,,,,,,,,,
26,,,91219,,,,,,,,,,,0.006674690172076225,,,,,,,,,,,,
26,,,91239,,,,,,,,,,,0.04048290103673935,,,,,,,,,,,,
26,,,91259,,,,,,,,,,,0.03460267558693886,,,,,,,,,,,,
26,,,91279,,,,,,,,,,,0.21430742740631104,,,,,,,,,,,,
26,,,91299,,,,,,,,,,,0.030054695904254913,,,,,,,,,,,,
26,,,91319,,,,,,,,,,,0.2974373996257782,,,,,,,,,,,,
26,,,91339,,,,,,,,,,,0.15856130421161652,,,,,,,,,,,,
26,,,91359,,,,,,,,,,,0.1168920025229454,,,,,,,,,,,,
26,,,91379,,,,,,,,,,,0.005615878850221634,,,,,,,,,,,,
26,,,91399,,,,,,,,,,,0.0019510136917233467,,,,,,,,,,,,
26,,,91419,,,,,,,,,,,0.03752683848142624,,,,,,,,,,,,
26,,,91439,,,,,,,,,,,0.11989977955818176,,,,,,,,,,,,
26,,,91459,,,,,,,,,,,0.06543686985969543,,,,,,,,,,,,
26,,,91479,,,,,,,,,,,0.03710973635315895,,,,,,,,,,,,
26,,,91499,,,,,,,,,,,0.062534861266613,,,,,,,,,,,,
26,,,91519,,,,,,,,,,,0.20975953340530396,,,,,,,,,,,,
26,,,91539,,,,,,,,,,,0.008816668763756752,,,,,,,,,,,,
26,,,91559,,,,,,,,,,,0.051340267062187195,,,,,,,,,,,,
26,,,91579,,,,,,,,,,,0.2963792681694031,,,,,,,,,,,,
26,,,91599,,,,,,,,,,,0.10076972097158432,,,,,,,,,,,,
26,,,91619,,,,,,,,,,,0.06179299205541611,,,,,,,,,,,,
26,,,91639,,,,,,,,,,,0.08062860369682312,,,,,,,,,,,,
26,,,91659,,,,,,,,,,,0.01226600632071495,,,,,,,,,,,,
26,,,91679,,,,,,,,,,,0.03252009302377701,,,,,,,,,,,,
26,,,91699,,,,,,,,,,,0.007884589955210686,,,,,,,,,,,,
26,,,91719,,,,,,,,,,,0.0073930686339735985,,,,,,,,,,,,
26,,,91739,,,,,,,,,,,0.2512362003326416,,,,,,,,,,,,
26,,,91759,,,,,,,,,,,0.035493336617946625,,,,,,,,,,,,
26,,,91779,,,,,,,,,,,0.19279634952545166,,,,,,,,,,,,
26,,,91799,,,,,,,,,,,0.01109173521399498,,,,,,,,,,,,
26,,,91819,,,,,,,,,,,0.08487416058778763,,,,,,,,,,,,
26,,,91839,,,,,,,,,,,0.06974208354949951,,,,,,,,,,,,
26,,,91859,,,,,,,,,,,0.11357321590185165,,,,,,,,,,,,
26,,,91879,,,,,,,,,,,0.02388046309351921,,,,,,,,,,,,
26,,,91899,,,,,,,,,,,0.001919718342833221,,,,,,,,,,,,
26,,,91919,,,,,,,,,,,0.25264468789100647,,,,,,,,,,,,
26,,,91939,,,,,,,,,,,0.008777232840657234,,,,,,,,,,,,
26,,,91959,,,,,,,,,,,0.040468521416187286,,,,,,,,,,,,
26,,,91979,,,,,,,,,,,0.019350552931427956,,,,,,,,,,,,
26,,,91999,,,,,,,,,,,0.09570160508155823,,,,,,,,,,,,
26,,,92019,,,,,,,,,,,0.01620377041399479,,,,,,,,,,,,
26,,,92039,,,,,,,,,,,0.005464019253849983,,,,,,,,,,,,
26,,,92059,,,,,,,,,,,0.02625112794339657,,,,,,,,,,,,
26,,,92079,,,,,,,,,,,0.056564200669527054,,,,,,,,,,,,
26,,,92099,,,,,,,,,,,0.0037704179994761944,,,,,,,,,,,,
26,,,92119,,,,,,,,,,,0.004652336239814758,,,,,,,,,,,,
26,,,92139,,,,,,,,,,,0.021863877773284912,,,,,,,,,,,,
26,,,92159,,,,,,,,,,,0.014865793287754059,,,,,,,,,,,,
26,,,92179,,,,,,,,,,,0.1292474865913391,,,,,,,,,,,,
26,,,92199,,,,,,,,,,,0.03628014773130417,,,,,,,,,,,,
26,,,92219,,,,,,,,,,,0.07574783265590668,,,,,,,,,,,,
26,,,92239,,,,,,,,,,,0.008276076056063175,,,,,,,,,,,,
26,,,92259,,,,,,,,,,,0.019287358969449997,,,,,,,,,,,,
26,,,92279,,,,,,,,,,,0.02907148376107216,,,,,,,,,,,,
26,,,92299,,,,,,,,,,,0.13515017926692963,,,,,,,,,,,,
26,,,92319,,,,,,,,,,,0.009736534208059311,,,,,,,,,,,,
26,,,92339,,,,,,,,,,,0.1181935966014862,,,,,,,,,,,,
26,,,92359,,,,,,,,,,,0.4300627112388611,,,,,,,,,,,,
26,,,92379,,,,,,,,,,,0.02851026877760887,,,,,,,,,,,,
26,,,92399,,,,,,,,,,,0.12047198414802551,,,,,,,,,,,,
26,,,92419,,,,,,,,,,,0.07752995938062668,,,,,,,,,,,,
26,,,92439,,,,,,,,,,,0.0012222204823046923,,,,,,,,,,,,
26,,,92459,,,,,,,,,,,0.22961615025997162,,,,,,,,,,,,
26,,,92479,,,,,,,,,,,0.012775576673448086,,,,,,,,,,,,
26,,,92499,,,,,,,,,,,0.046594541519880295,,,,,,,,,,,,
26,,,92519,,,,,,,,,,,0.007332940585911274,,,,,,,,,,,,
26,,,92539,,,,,,,,,,,0.03144138306379318,,,,,,,,,,,,
26,,,92559,,,,,,,,,,,0.004295293241739273,,,,,,,,,,,,
26,,,92579,,,,,,,,,,,0.08186981081962585,,,,,,,,,,,,
26,,,92599,,,,,,,,,,,0.0040677012875676155,,,,,,,,,,,,
26,,,92619,,,,,,,,,,,0.0015733165200799704,,,,,,,,,,,,
26,,,92639,,,,,,,,,,,0.12275218963623047,,,,,,,,,,,,
26,,,92659,,,,,,,,,,,0.13175512850284576,,,,,,,,,,,,
26,,,92679,,,,,,,,,,,0.017404142767190933,,,,,,,,,,,,
26,,,92699,,,,,,,,,,,0.13092893362045288,,,,,,,,,,,,
26,,,92719,,,,,,,,,,,0.005352962762117386,,,,,,,,,,,,
26,,,92739,,,,,,,,,,,0.0939444899559021,,,,,,,,,,,,
26,,,92759,,,,,,,,,,,0.0030912095680832863,,,,,,,,,,,,
26,,,92779,,,,,,,,,,,0.12993364036083221,,,,,,,,,,,,
26,,,92799,,,,,,,,,,,0.11723039299249649,,,,,,,,,,,,
26,,,92819,,,,,,,,,,,0.08913636207580566,,,,,,,,,,,,
26,,,92839,,,,,,,,,,,0.0032355922739952803,,,,,,,,,,,,
26,,,92859,,,,,,,,,,,0.08214763551950455,,,,,,,,,,,,
26,,,92879,,,,,,,,,,,0.1604955494403839,,,,,,,,,,,,
26,,,92899,,,,,,,,,,,0.11903372406959534,,,,,,,,,,,,
26,,,92919,,,,,,,,,,,0.005906363017857075,,,,,,,,,,,,
26,,,92939,,,,,,,,,,,0.08683528006076813,,,,,,,,,,,,
26,,,92959,,,,,,,,,,,0.02905035763978958,,,,,,,,,,,,
26,,,92979,,,,,,,,,,,0.09046202152967453,,,,,,,,,,,,
26,,,92999,,,,,,,,,,,0.1341325342655182,,,,,,,,,,,,
26,,,93019,,,,,,,,,,,0.0692238062620163,,,,,,,,,,,,
26,,,93039,,,,,,,,,,,0.05781762674450874,,,,,,,,,,,,
26,,,93059,,,,,,,,,,,0.19746266305446625,,,,,,,,,,,,
26,,,93079,,,,,,,,,,,0.07620061933994293,,,,,,,,,,,,
26,,,93099,,,,,,,,,,,0.026890698820352554,,,,,,,,,,,,
26,,,93119,,,,,,,,,,,0.18492862582206726,,,,,,,,,,,,
26,,,93139,,,,,,,,,,,0.13429805636405945,,,,,,,,,,,,
26,,,93159,,,,,,,,,,,0.15912574529647827,,,,,,,,,,,,
26,,,93179,,,,,,,,,,,0.01574334315955639,,,,,,,,,,,,
26,,,93199,,,,,,,,,,,0.03030519187450409,,,,,,,,,,,,
26,,,93219,,,,,,,,,,,0.002768996637314558,,,,,,,,,,,,
26,,,93239,,,,,,,,,,,0.009205603040754795,,,,,,,,,,,,
26,,,93259,,,,,,,,,,,0.07252144813537598,,,,,,,,,,,,
26,,,93279,,,,,,,,,,,0.02265452966094017,,,,,,,,,,,,
26,,,93299,,,,,,,,,,,0.00952099822461605,,,,,,,,,,,,
26,,,93319,,,,,,,,,,,0.013253008015453815,,,,,,,,,,,,
26,,,93339,,,,,,,,,,,0.009877455420792103,,,,,,,,,,,,
26,,,93359,,,,,,,,,,,0.03342005982995033,,,,,,,,,,,,
26,,,93379,,,,,,,,,,,0.24350625276565552,,,,,,,,,,,,
26,,,93399,,,,,,,,,,,0.08692899346351624,,,,,,,,,,,,
26,,,93419,,,,,,,,,,,0.17265981435775757,,,,,,,,,,,,
26,,,93439,,,,,,,,,,,0.08301389962434769,,,,,,,,,,,,
26,,,93459,,,,,,,,,,,0.028901318088173866,,,,,,,,,,,,
26,,,93479,,,,,,,,,,,0.011099105700850487,,,,,,,,,,,,
26,,,93499,,,,,,,,,,,0.011697057634592056,,,,,,,,,,,,
26,,,93519,,,,,,,,,,,0.1482803225517273,,,,,,,,,,,,
26,,,93539,,,,,,,,,,,0.007998519577085972,,,,,,,,,,,,
26,,,93559,,,,,,,,,,,0.06239461153745651,,,,,,,,,,,,
26,,,93579,,,,,,,,,,,0.19494661688804626,,,,,,,,,,,,
26,,,93599,,,,,,,,,,,0.012497312389314175,,,,,,,,,,,,
26,,,93619,,,,,,,,,,,0.0039929416961967945,,,,,,,,,,,,
26,,,93639,,,,,,,,,,,0.16336581110954285,,,,,,,,,,,,
26,,,93659,,,,,,,,,,,0.01731465756893158,,,,,,,,,,,,
26,,,93679,,,,,,,,,,,0.005179883912205696,,,,,,,,,,,,
26,,,93699,,,,,,,,,,,0.033050086349248886,,,,,,,,,,,,
26,,,93719,,,,,,,,,,,0.17394308745861053,,,,,,,,,,,,
26,,,93739,,,,,,,,,,,0.00933486595749855,,,,,,,,,,,,
26,,,93759,,,,,,,,,,,0.027050089091062546,,,,,,,,,,,,
26,,,93779,,,,,,,,,,,0.13234838843345642,,,,,,,,,,,,
26,,,93799,,,,,,,,,,,0.0034742732532322407,,,,,,,,,,,,
26,,,93819,,,,,,,,,,,0.005014503374695778,,,,,,,,,,,,
26,,,93839,,,,,,,,,,,0.19723933935165405,,,,,,,,,,,,
26,,,93859,,,,,,,,,,,0.05450019985437393,,,,,,,,,,,,
26,,,93879,,,,,,,,,,,0.0937037244439125,,,,,,,,,,,,
26,,,93899,,,,,,,,,,,0.01799120008945465,,,,,,,,,,,,
26,,,93919,,,,,,,,,,,0.04551956057548523,,,,,,,,,,,,
26,,,93939,,,,,,,,,,,0.007660246454179287,,,,,,,,,,,,
26,,,93959,,,,,,,,,,,0.01563340798020363,,,,,,,,,,,,
26,,,93979,,,,,,,,,,,0.009560846723616123,,,,,,,,,,,,
26,,,93999,,,,,,,,,,,0.11742318421602249,,,,,,,,,,,,
26,,,94013,,,,,,,,,,,,0.6071293354034424,0.8886552453041077,0.6154106855392456,2.582719087600708,0.6907193660736084,0.5418859124183655,0.6662397384643555,0.5609063506126404,0.6326077580451965,0.8341780304908752,0.7351852059364319,0.6071293354034424
26,,,94013,,,,,,,,,0.9604285955429077,0.0705675482749939,,,,,,,,,,,,,
,0.0002115619208179135,0.0002115619208179135,94014,,,,,,,,,,,,,,,,,,,,,,,
27,,,94019,,,,,,,,,,,0.031556595116853714,,,,,,,,,,,,
27,,,94039,,,,,,,,,,,0.0033460361883044243,,,,,,,,,,,,
27,,,94059,,,,,,,,,,,0.1077842116355896,,,,,,,,,,,,
27,,,94079,,,,,,,,,,,0.022107262164354324,,,,,,,,,,,,
27,,,94099,,,,,,,,,,,0.057659756392240524,,,,,,,,,,,,
27,,,94119,,,,,,,,,,,0.21156102418899536,,,,,,,,,,,,
27,,,94139,,,,,,,,,,,0.003847482381388545,,,,,,,,,,,,
27,,,94159,,,,,,,,,,,0.005376433953642845,,,,,,,,,,,,
27,,,94179,,,,,,,,,,,0.00745109748095274,,,,,,,,,,,,
27,,,94199,,,,,,,,,,,0.01607319712638855,,,,,,,,,,,,
27,,,94219,,,,,,,,,,,0.03194684535264969,,,,,,,,,,,,
27,,,94239,,,,,,,,,,,0.01706162467598915,,,,,,,,,,,,
27,,,94259,,,,,,,,,,,0.06804847717285156,,,,,,,,,,,,
27,,,94279,,,,,,,,,,,0.08803827315568924,,,,,,,,,,,,
27,,,94299,,,,,,,,,,,0.0014857768546789885,,,,,,,,,,,,
27,,,94319,,,,,,,,,,,0.26309075951576233,,,,,,,,,,,,
27,,,94339,,,,,,,,,,,0.061109814792871475,,,,,,,,,,,,
27,,,94359,,,,,,,,,,,0.009106211364269257,,,,,,,,,,,,
27,,,94379,,,,,,,,,,,0.20234182476997375,,,,,,,,,,,,
27,,,94399,,,,,,,,,,,0.1647147387266159,,,,,,,,,,,,
27,,,94419,,,,,,,,,,,0.11547882109880447,,,,,,,,,,,,
27,,,94439,,,,,,,,,,,0.028482263907790184,,,,,,,,,,,,
27,,,94459,,,,,,,,,,,0.027354400604963303,,,,,,,,,,,,
27,,,94479,,,,,,,,,,,0.01143804844468832,,,,,,,,,,,,
27,,,94499,,,,,,,,,,,0.0010872522834688425,,,,,,,,,,,,
27,,,94519,,,,,,,,,,,0.010462746024131775,,,,,,,,,,,,
27,,,94539,,,,,,,,,,,0.017307620495557785,,,,,,,,,,,,
27,,,94559,,,,,,,,,,,0.02483861893415451,,,,,,,,,,,,
27,,,94579,,,,,,,,,,,0.041695717722177505,,,,,,,,,,,,
27,,,94599,,,,,,,,,,,0.009037368930876255,,,,,,,,,,,,
27,,,94619,,,,,,,,,,,0.03187180310487747,,,,,,,,,,,,
27,,,94639,,,,,,,,,,,0.29433494806289673,,,,,,,,,,,,
27,,,94659,,,,,,,,,,,0.0034822793677449226,,,,,,,,,,,,
27,,,94679,,,,,,,,,,,0.1286861002445221,,,,,,,,,,,,
27,,,94699,,,,,,,,,,,0.014101501554250717,,,,,,,,,,,,
27,,,94719,,,,,,,,,,,0.20855708420276642,,,,,,,,,,,,
27,,,94739,,,,,,,,,,,0.32756170630455017,,,,,,,,,,,,
27,,,94759,,,,,,,,,,,0.2715267837047577,,,,,,,,,,,,
27,,,94779,,,,,,,,,,,0.17503571510314941,,,,,,,,,,,,
27,,,94799,,,,,,,,,,,0.012148280628025532,,,,,,,,,,,,
27,,,94819,,,,,,,,,,,0.0030149919912219048,,,,,,,,,,,,
27,,,94839,,,,,,,,,,,0.020968060940504074,,,,,,,,,,,,
27,,,94859,,,,,,,,,,,0.011121992021799088,,,,,,,,,,,,
27,,,94879,,,,,,,,,,,0.09873387962579727,,,,,,,,,,,,
27,,,94899,,,,,,,,,,,0.014320790767669678,,,,,,,,,,,,
27,,,94919,,,,,,,,,,,0.2343679964542389,,,,,,,,,,,,
27,,,94939,,,,,,,,,,,0.0017242913600057364,,,,,,,,,,,,
27,,,94959,,,,,,,,,,,0.007464832626283169,,,,,,,,,,,,
27,,,94979,,,,,,,,,,,0.010667644441127777,,,,,,,,,,,,
27,,,94999,,,,,,,,,,,0.0017544692382216454,,,,,,,,,,,,
27,,,95019,,,,,,,,,,,0.015154941007494926,,,,,,,,,,,,
27,,,95039,,,,,,,,,,,0.2288714498281479,,,,,,,,,,,,
27,,,95059,,,,,,,,,,,0.04327665641903877,,,,,,,,,,,,
27,,,95079,,,,,,,,,,,0.003333526663482189,,,,,,,,,,,,
27,,,95099,,,,,,,,,,,0.06527151167392731,,,,,,,,,,,,
27,,,95119,,,,,,,,,,,0.1041741594672203,,,,,,,,,,,,
27,,,95139,,,,,,,,,,,0.5276272296905518,,,,,,,,,,,,
27,,,95159,,,,,,,,,,,0.0023008191492408514,,,,,,,,,,,,
27,,,95179,,,,,,,,,,,0.0029680521693080664,,,,,,,,,,,,
27,,,95199,,,,,,,,,,,0.17178122699260712,,,,,,,,,,,,
27,,,95219,,,,,,,,,,,0.009744422510266304,,,,,,,,,,,,
27,,,95239,,,,,,,,,,,0.03829377144575119,,,,,,,,,,,,
27,,,95259,,,,,,,,,,,0.018117226660251617,,,,,,,,,,,,
27,,,95279,,,,,,,,,,,0.11040985584259033,,,,,,,,,,,,
27,,,95299,,,,,,,,,,,0.014783344231545925,,,,,,,,,,,,
27,,,95319,,,,,,,,,,,0.02416570484638214,,,,,,,,,,,,
27,,,95339,,,,,,,,,,,0.12193512916564941,,,,,,,,,,,,
27,,,95359,,,,,,,,,,,0.1742991805076599,,,,,,,,,,,,
27,,,95379,,,,,,,,,,,0.005991505924612284,,,,,,,,,,,,
27,,,95399,,,,,,,,,,,0.006091024726629257,,,,,,,,,,,,
27,,,95419,,,,,,,,,,,0.001397090614773333,,,,,,,,,,,,
27,,,95439,,,,,,,,,,,0.010138814337551594,,,,,,,,,,,,
27,,,95459,,,,,,,,,,,0.2137543261051178,,,,,,,,,,,,
27,,,95479,,,,,,,,,,,0.06141379103064537,,,,,,,,,,,,
27,,,95499,,,,,,,,,,,0.0028268015012145042,,,,,,,,,,,,
27,,,95519,,,,,,,,,,,0.0010851472616195679,,,,,,,,,,,,
27,,,95539,,,,,,,,,,,0.1237950399518013,,,,,,,,,,,,
27,,,95559,,,,,,,,,,,0.00317248422652483,,,,,,,,,,,,
27,,,95579,,,,,,,,,,,0.00810092780739069,,,,,,,,,,,,
27,,,95599,,,,,,,,,,,0.2280116081237793,,,,,,,,,,,,
27,,,95619,,,,,,,,,,,0.011931869201362133,,,,,,,,,,,,
27,,,95639,,,,,,,,,,,0.07481035590171814,,,,,,,,,,,,
27,,,95659,,,,,,,,,,,0.0027582128532230854,,,,,,,,,,,,
27,,,95679,,,,,,,,,,,0.008653988130390644,,,,,,,,,,,,
27,,,95699,,,,,,,,,,,0.020976455882191658,,,,,,,,,,,,
27,,,95719,,,,,,,,,,,0.029465405270457268,,,,,,,,,,,,
27,,,95739,,,,,,,,,,,0.21828295290470123,,,,,,,,,,,,
27,,,95759,,,,,,,,,,,0.00686601223424077,,,,,,,,,,,,
27,,,95779,,,,,,,,,,,0.10052163898944855,,,,,,,,,,,,
27,,,95799,,,,,,,,,,,0.0017292739357799292,,,,,,,,,,,,
27,,,95819,,,,,,,,,,,0.02908496931195259,,,,,,,,,,,,
27,,,95839,,,,,,,,,,,0.012842647731304169,,,,,,,,,,,,
27,,,95859,,,,,,,,,,,0.04299532249569893,,,,,,,,,,,,
27,,,95879,,,,,,,,,,,0.01935981586575508,,,,,,,,,,,,
27,,,95899,,,,,,,,,,,0.0304291732609272,,,,,,,,,,,,
27,,,95919,,,,,,,,,,,0.04971492663025856,,,,,,,,,,,,
27,,,95939,,,,,,,,,,,0.011205613613128662,,,,,,,,,,,,
27,,,95959,,,,,,,,,,,0.07354502379894257,,,,,,,,,,,,
27,,,95979,,,,,,,,,,,0.11916536837816238,,,,,,,,,,,,
27,,,95999,,,,,,,,,,,0.1392335295677185,,,,,,,,,,,,
27,,,96019,,,,,,,,,,,0.10374701023101807,,,,,,,,,,,,
27,,,96039,,,,,,,,,,,0.06145879998803139,,,,,,,,,,,,
27,,,96059,,,,,,,,,,,0.04654418304562569,,,,,,,,,,,,
27,,,96079,,,,,,,,,,,0.015907220542430878,,,,,,,,,,,,
27,,,96099,,,,,,,,,,,0.0009682673262432218,,,,,,,,,,,,
27,,,96119,,,,,,,,,,,0.09361039847135544,,,,,,,,,,,,
27,,,96139,,,,,,,,,,,0.010439995676279068,,,,,,,,,,,,
27,,,96159,,,,,,,,,,,0.033453479409217834,,,,,,,,,,,,
27,,,96179,,,,,,,,,,,0.044113047420978546,,,,,,,,,,,,
27,,,96199,,,,,,,,,,,0.004329201765358448,,,,,,,,,,,,
27,,,96219,,,,,,,,,,,0.11897648870944977,,,,,,,,,,,,
27,,,96239,,,,,,,,,,,0.008464310318231583,,,,,,,,,,,,
27,,,96259,,,,,,,,,,,0.009953860193490982,,,,,,,,,,,,
27,,,96279,,,,,,,,,,,0.01039118692278862,,,,,,,,,,,,
27,,,96299,,,,,,,,,,,0.00973628368228674,,,,,,,,,,,,
27,,,96319,,,,,,,,,,,0.03198777884244919,,,,,,,,,,,,
27,,,96339,,,,,,,,,,,0.05717508867383003,,,,,,,,,,,,
27,,,96359,,,,,,,,,,,0.037654709070920944,,,,,,,,,,,,
27,,,96379,,,,,,,,,,,0.09397176653146744,,,,,,,,,,,,
27,,,96399,,,,,,,,,,,0.010294197127223015,,,,,,,,,,,,
27,,,96419,,,,,,,,,,,0.10236571729183197,,,,,,,,,,,,
27,,,96439,,,,,,,,,,,0.07075434923171997,,,,,,,,,,,,
27,,,96459,,,,,,,,,,,0.08660289645195007,,,,,,,,,,,,
27,,,96479,,,,,,,,,,,0.005233960226178169,,,,,,,,,,,,
27,,,96499,,,,,,,,,,,0.03355259448289871,,,,,,,,,,,,
27,,,96519,,,,,,,,,,,0.004777195397764444,,,,,,,,,,,,
27,,,96539,,,,,,,,,,,0.12595973908901215,,,,,,,,,,,,
27,,,96559,,,,,,,,,,,0.0008492607157677412,,,,,,,,,,,,
27,,,96579,,,,,,,,,,,0.23586679995059967,,,,,,,,,,,,
27,,,96599,,,,,,,,,,,0.010513680055737495,,,,,,,,,,,,
27,,,96619,,,,,,,,,,,0.026984771713614464,,,,,,,,,,,,
27,,,96639,,,,,,,,,,,0.17449185252189636,,,,,,,,,,,,
27,,,96659,,,,,,,,,,,0.006187499035149813,,,,,,,,,,,,
27,,,96679,,,,,,,,,,,0.2919492721557617,,,,,,,,,,,,
27,,,96699,,,,,,,,,,,0.1458459049463272,,,,,,,,,,,,
27,,,96719,,,,,,,,,,,0.04107527807354927,,,,,,,,,,,,
27,,,96739,,,,,,,,,,,0.00952500943094492,,,,,,,,,,,,
27,,,96759,,,,,,,,,,,0.1363658905029297,,,,,,,,,,,,
27,,,96779,,,,,,,,,,,0.07913964241743088,,,,,,,,,,,,
27,,,96799,,,,,,,,,,,0.03413931280374527,,,,,,,,,,,,
27,,,96819,,,,,,,,,,,0.26749375462532043,,,,,,,,,,,,
27,,,96839,,,,,,,,,,,0.10129312425851822,,,,,,,,,,,,
27,,,96859,,,,,,,,,,,0.09258777648210526,,,,,,,,,,,,
27,,,96879,,,,,,,,,,,0.14685772359371185,,,,,,,,,,,,
27,,,96899,,,,,,,,,,,0.004971194081008434,,,,,,,,,,,,
27,,,96919,,,,,,,,,,,0.0020239155273884535,,,,,,,,,,,,
27,,,96939,,,,,,,,,,,0.19471478462219238,,,,,,,,,,,,
27,,,96959,,,,,,,,,,,0.07085336744785309,,,,,,,,,,,,
27,,,96979,,,,,,,,,,,0.003027925966307521,,,,,,,,,,,,
27,,,96999,,,,,,,,,,,0.03967573493719101,,,,,,,,,,,,
27,,,97019,,,,,,,,,,,0.04438445717096329,,,,,,,,,,,,
27,,,97039,,,,,,,,,,,0.004959855694323778,,,,,,,,,,,,
27,,,97059,,,,,,,,,,,0.012552283704280853,,,,,,,,,,,,
27,,,97079,,,,,,,,,,,0.10664568096399307,,,,,,,,,,,,
27,,,97099,,,,,,,,,,,0.003184088971465826,,,,,,,,,,,,
27,,,97119,,,,,,,,,,,0.1694600135087967,,,,,,,,,,,,
27,,,97139,,,,,,,,,,,0.077093705534935,,,,,,,,,,,,
27,,,97159,,,,,,,,,,,0.0022387763019651175,,,,,,,,,,,,
27,,,97179,,,,,,,,,,,0.03973805531859398,,,,,,,,,,,,
27,,,97199,,,,,,,,,,,0.018983155488967896,,,,,,,,,,,,
27,,,97219,,,,,,,,,,,0.07082744687795639,,,,,,,,,,,,
27,,,97239,,,,,,,,,,,0.00605717534199357,,,,,,,,,,,,
27,,,97259,,,,,,,,,,,0.3027508854866028,,,,,,,,,,,,
27,,,97279,,,,,,,,,,,0.17560946941375732,,,,,,,,,,,,
27,,,97299,,,,,,,,,,,0.038987282663583755,,,,,,,,,,,,
27,,,97319,,,,,,,,,,,0.024066323414444923,,,,,,,,,,,,
27,,,97339,,,,,,,,,,,0.44795429706573486,,,,,,,,,,,,
27,,,97359,,,,,,,,,,,0.03560454770922661,,,,,,,,,,,,
27,,,97379,,,,,,,,,,,0.15246959030628204,,,,,,,,,,,,
27,,,97399,,,,,,,,,,,0.008789895102381706,,,,,,,,,,,,
27,,,97419,,,,,,,,,,,0.03531196340918541,,,,,,,,,,,,
27,,,97439,,,,,,,,,,,0.0810365304350853,,,,,,,,,,,,
27,,,97459,,,,,,,,,,,0.11413396149873734,,,,,,,,,,,,
27,,,97479,,,,,,,,,,,0.13280805945396423,,,,,,,,,,,,
27,,,97495,,,,,,,,,,,,0.6244633793830872,0.891105055809021,0.6305503845214844,2.7090489864349365,0.7012313008308411,0.5908941626548767,0.7027309536933899,0.755838930606842,0.6261274218559265,0.7728772759437561,0.6500815749168396,0.6244633793830872
27,,,97495,,,,,,,,,0.9621260166168213,0.06922313570976257,,,,,,,,,,,,,
,0.0002031907330563803,0.0002031907330563803,97496,,,,,,,,,,,,,,,,,,,,,,,
28,,,97499,,,,,,,,,,,0.001966663636267185,,,,,,,,,,,,
28,,,97519,,,,,,,,,,,0.14441955089569092,,,,,,,,,,,,
28,,,97539,,,,,,,,,,,0.14497049152851105,,,,,,,,,,,,
28,,,97559,,,,,,,,,,,0.05351719260215759,,,,,,,,,,,,
28,,,97579,,,,,,,,,,,0.23223771154880524,,,,,,,,,,,,
28,,,97599,,,,,,,,,,,0.052597180008888245,,,,,,,,,,,,
28,,,97619,,,,,,,,,,,0.10619033873081207,,,,,,,,,,,,
28,,,97639,,,,,,,,,,,0.12377598136663437,,,,,,,,,,,,
28,,,97659,,,,,,,,,,,0.1594877541065216,,,,,,,,,,,,
28,,,97679,,,,,,,,,,,0.010612188838422298,,,,,,,,,,,,
28,,,97699,,,,,,,,,,,0.07683447748422623,,,,,,,,,,,,
28,,,97719,,,,,,,,,,,0.007269582711160183,,,,,,,,,,,,
28,,,97739,,,,,,,,,,,0.5629369616508484,,,,,,,,,,,,
28,,,97759,,,,,,,,,,,0.14545942842960358,,,,,,,,,,,,
28,,,97779,,,,,,,,,,,0.005790764465928078,,,,,,,,,,,,
28,,,97799,,,,,,,,,,,0.05264218524098396,,,,,,,,,,,,
28,,,97819,,,,,,,,,,,0.01256977766752243,,,,,,,,,,,,
28,,,97839,,,,,,,,,,,0.015571225434541702,,,,,,,,,,,,
28,,,97859,,,,,,,,,,,0.18733128905296326,,,,,,,,,,,,
28,,,97879,,,,,,,,,,,0.019541114568710327,,,,,,,,,,,,
28,,,97899,,,,,,,,,,,0.03062129020690918,,,,,,,,,,,,
28,,,97919,,,,,,,,,,,0.19516806304454803,,,,,,,,,,,,
28,,,97939,,,,,,,,,,,0.14501260221004486,,,,,,,,,,,,
28,,,97959,,,,,,,,,,,0.26483532786369324,,,,,,,,,,,,
28,,,97979,,,,,,,,,,,0.11664615571498871,,,,,,,,,,,,
28,,,97999,,,,,,,,,,,0.0020877597853541374,,,,,,,,,,,,
28,,,98019,,,,,,,,,,,0.19710659980773926,,,,,,,,,,,,
28,,,98039,,,,,,,,,,,0.05321645364165306,,,,,,,,,,,,
28,,,98059,,,,,,,,,,,0.01089485827833414,,,,,,,,,,,,
28,,,98079,,,,,,,,,,,0.0049446504563093185,,,,,,,,,,,,
28,,,98099,,,,,,,,,,,0.17858658730983734,,,,,,,,,,,,
28,,,98119,,,,,,,,,,,0.020888855680823326,,,,,,,,,,,,
28,,,98139,,,,,,,,,,,0.03764395788311958,,,,,,,,,,,,
28,,,98159,,,,,,,,,,,0.07175320386886597,,,,,,,,,,,,
28,,,98179,,,,,,,,,,,0.0026771449483931065,,,,,,,,,,,,
28,,,98199,,,,,,,,,,,0.017095578834414482,,,,,,,,,,,,
28,,,98219,,,,,,,,,,,0.3125526010990143,,,,,,,,,,,,
28,,,98239,,,,,,,,,,,0.002138306386768818,,,,,,,,,,,,
28,,,98259,,,,,,,,,,,0.039772454649209976,,,,,,,,,,,,
28,,,98279,,,,,,,,,,,0.08362489193677902,,,,,,,,,,,,
28,,,98299,,,,,,,,,,,0.0867835283279419,,,,,,,,,,,,
28,,,98319,,,,,,,,,,,0.013407925143837929,,,,,,,,,,,,
28,,,98339,,,,,,,,,,,0.06717009842395782,,,,,,,,,,,,
28,,,98359,,,,,,,,,,,0.07563363760709763,,,,,,,,,,,,
28,,,98379,,,,,,,,,,,0.032170042395591736,,,,,,,,,,,,
28,,,98399,,,,,,,,,,,0.025642191991209984,,,,,,,,,,,,
28,,,98419,,,,,,,,,,,0.0022223847918212414,,,,,,,,,,,,
28,,,98439,,,,,,,,,,,0.04815715551376343,,,,,,,,,,,,
28,,,98459,,,,,,,,,,,0.004333237651735544,,,,,,,,,,,,
28,,,98479,,,,,,,,,,,0.014525383710861206,,,,,,,,,,,,
28,,,98499,,,,,,,,,,,0.2674311101436615,,,,,,,,,,,,
28,,,98519,,,,,,,,,,,0.0745256245136261,,,,,,,,,,,,
28,,,98539,,,,,,,,,,,0.1501787006855011,,,,,,,,,,,,
28,,,98559,,,,,,,,,,,0.0021900427527725697,,,,,,,,,,,,
28,,,98579,,,,,,,,,,,0.02114594355225563,,,,,,,,,,,,
28,,,98599,,,,,,,,,,,0.0037235610652714968,,,,,,,,,,,,
28,,,98619,,,,,,,,,,,0.019037339836359024,,,,,,,,,,,,
28,,,98639,,,,,,,,,,,0.040101416409015656,,,,,,,,,,,,
28,,,98659,,,,,,,,,,,0.020500874146819115,,,,,,,,,,,,
28,,,98679,,,,,,,,,,,0.016512975096702576,,,,,,,,,,,,
28,,,98699,,,,,,,,,,,0.012848266400396824,,,,,,,,,,,,
28,,,98719,,,,,,,,,,,0.012668131850659847,,,,,,,,,,,,
28,,,98739,,,,,,,,,,,0.015196461230516434,,,,,,,,,,,,
28,,,98759,,,,,,,,,,,0.1216135174036026,,,,,,,,,,,,
28,,,98779,,,,,,,,,,,0.03367078676819801,,,,,,,,,,,,
28,,,98799,,,,,,,,,,,0.004751337692141533,,,,,,,,,,,,
28,,,98819,,,,,,,,,,,0.3299233913421631,,,,,,,,,,,,
28,,,98839,,,,,,,,,,,0.00448473310098052,,,,,,,,,,,,
28,,,98859,,,,,,,,,,,0.18998686969280243,,,,,,,,,,,,
28,,,98879,,,,,,,,,,,0.01625187322497368,,,,,,,,,,,,
28,,,98899,,,,,,,,,,,0.00042395840864628553,,,,,,,,,,,,
28,,,98919,,,,,,,,,,,0.0612984225153923,,,,,,,,,,,,
28,,,98939,,,,,,,,,,,0.15302978456020355,,,,,,,,,,,,
28,,,98959,,,,,,,,,,,0.012474375776946545,,,,,,,,,,,,
28,,,98979,,,,,,,,,,,0.05323255807161331,,,,,,,,,,,,
28,,,98999,,,,,,,,,,,0.05694258585572243,,,,,,,,,,,,
28,,,99019,,,,,,,,,,,0.2103230208158493,,,,,,,,,,,,
28,,,99039,,,,,,,,,,,0.01238472294062376,,,,,,,,,,,,
28,,,99059,,,,,,,,,,,0.0022055909503251314,,,,,,,,,,,,
28,,,99079,,,,,,,,,,,0.0012524320045486093,,,,,,,,,,,,
28,,,99099,,,,,,,,,,,0.004871669225394726,,,,,,,,,,,,
28,,,99119,,,,,,,,,,,0.10085152834653854,,,,,,,,,,,,
28,,,99139,,,,,,,,,,,0.12241031229496002,,,,,,,,,,,,
28,,,99159,,,,,,,,,,,0.1574232131242752,,,,,,,,,,,,
28,,,99179,,,,,,,,,,,0.1227787509560585,,,,,,,,,,,,
28,,,99199,,,,,,,,,,,0.16652880609035492,,,,,,,,,,,,
28,,,99219,,,,,,,,,,,0.05254504829645157,,,,,,,,,,,,
28,,,99239,,,,,,,,,,,0.13627055287361145,,,,,,,,,,,,
28,,,99259,,,,,,,,,,,0.001332174288108945,,,,,,,,,,,,
28,,,99279,,,,,,,,,,,0.0177209060639143,,,,,,,,,,,,
28,,,99299,,,,,,,,,,,0.058654963970184326,,,,,,,,,,,,
28,,,99319,,,,,,,,,,,0.0035623551812022924,,,,,,,,,,,,
28,,,99339,,,,,,,,,,,0.023300813511013985,,,,,,,,,,,,
28,,,99359,,,,,,,,,,,0.08142219483852386,,,,,,,,,,,,
28,,,99379,,,,,,,,,,,0.045599471777677536,,,,,,,,,,,,
28,,,99399,,,,,,,,,,,0.02269209735095501,,,,,,,,,,,,
28,,,99419,,,,,,,,,,,0.05599547177553177,,,,,,,,,,,,
28,,,99439,,,,,,,,,,,0.019793884828686714,,,,,,,,,,,,
28,,,99459,,,,,,,,,,,0.6371136903762817,,,,,,,,,,,,
28,,,99479,,,,,,,,,,,0.008488822728395462,,,,,,,,,,,,
28,,,99499,,,,,,,,,,,0.06827493757009506,,,,,,,,,,,,
28,,,99519,,,,,,,,,,,0.34933722019195557,,,,,,,,,,,,
28,,,99539,,,,,,,,,,,0.07026328146457672,,,,,,,,,,,,
28,,,99559,,,,,,,,,,,0.17908884584903717,,,,,,,,,,,,
28,,,99579,,,,,,,,,,,0.16900604963302612,,,,,,,,,,,,
28,,,99599,,,,,,,,,,,0.008740376681089401,,,,,,,,,,,,
28,,,99619,,,,,,,,,,,0.08176452666521072,,,,,,,,,,,,
28,,,99639,,,,,,,,,,,0.3046650290489197,,,,,,,,,,,,
28,,,99659,,,,,,,,,,,0.002800155431032181,,,,,,,,,,,,
28,,,99679,,,,,,,,,,,0.11787097156047821,,,,,,,,,,,,
28,,,99699,,,,,,,,,,,0.08103728294372559,,,,,,,,,,,,
28,,,99719,,,,,,,,,,,0.20286551117897034,,,,,,,,,,,,
28,,,99739,,,,,,,,,,,0.13183289766311646,,,,,,,,,,,,
28,,,99759,,,,,,,,,,,0.0038977048825472593,,,,,,,,,,,,
28,,,99779,,,,,,,,,,,0.1270032376050949,,,,,,,,,,,,
28,,,99799,,,,,,,,,,,0.594838559627533,,,,,,,,,,,,
28,,,99819,,,,,,,,,,,0.07591074705123901,,,,,,,,,,,,
28,,,99839,,,,,,,,,,,0.06697743386030197,,,,,,,,,,,,
28,,,99859,,,,,,,,,,,0.006577353924512863,,,,,,,,,,,,
28,,,99879,,,,,,,,,,,0.016019422560930252,,,,,,,,,,,,
28,,,99899,,,,,,,,,,,0.01793632097542286,,,,,,,,,,,,
28,,,99919,,,,,,,,,,,0.009792639873921871,,,,,,,,,,,,
28,,,99939,,,,,,,,,,,0.0768626481294632,,,,,,,,,,,,
28,,,99959,,,,,,,,,,,0.025621119886636734,,,,,,,,,,,,
28,,,99979,,,,,,,,,,,0.32532525062561035,,,,,,,,,,,,
28,,,99999,,,,,,,,,,,0.018034575507044792,,,,,,,,,,,,
28,,,100019,,,,,,,,,,,0.0159594789147377,,,,,,,,,,,,
28,,,100039,,,,,,,,,,,0.029697243124246597,,,,,,,,,,,,
28,,,100059,,,,,,,,,,,0.03313112631440163,,,,,,,,,,,,
28,,,100079,,,,,,,,,,,0.008527407422661781,,,,,,,,,,,,
28,,,100099,,,,,,,,,,,0.015541806817054749,,,,,,,,,,,,
28,,,100119,,,,,,,,,,,0.041393063962459564,,,,,,,,,,,,
28,,,100139,,,,,,,,,,,0.13833364844322205,,,,,,,,,,,,
28,,,100159,,,,,,,,,,,0.005747866816818714,,,,,,,,,,,,
28,,,100179,,,,,,,,,,,0.05124206095933914,,,,,,,,,,,,
28,,,100199,,,,,,,,,,,0.20361825823783875,,,,,,,,,,,,
28,,,100219,,,,,,,,,,,0.12937553226947784,,,,,,,,,,,,
28,,,100239,,,,,,,,,,,0.0051354700699448586,,,,,,,,,,,,
28,,,100259,,,,,,,,,,,0.05549543350934982,,,,,,,,,,,,
28,,,100279,,,,,,,,,,,0.002568538300693035,,,,,,,,,,,,
28,,,100299,,,,,,,,,,,0.05119691044092178,,,,,,,,,,,,
28,,,100319,,,,,,,,,,,0.034607283771038055,,,,,,,,,,,,
28,,,100339,,,,,,,,,,,0.10874156653881073,,,,,,,,,,,,
28,,,100359,,,,,,,,,,,0.03884974867105484,,,,,,,,,,,,
28,,,100379,,,,,,,,,,,0.43693652749061584,,,,,,,,,,,,
28,,,100399,,,,,,,,,,,0.1680818349123001,,,,,,,,,,,,
28,,,100419,,,,,,,,,,,0.22732311487197876,,,,,,,,,,,,
28,,,100439,,,,,,,,,,,0.0024340818636119366,,,,,,,,,,,,
28,,,100459,,,,,,,,,,,0.04293772578239441,,,,,,,,,,,,
28,,,100479,,,,,,,,,,,0.05824751406908035,,,,,,,,,,,,
28,,,100499,,,,,,,,,,,0.03147417679429054,,,,,,,,,,,,
28,,,100519,,,,,,,,,,,0.04451078176498413,,,,,,,,,,,,
28,,,100539,,,,,,,,,,,0.17092439532279968,,,,,,,,,,,,
28,,,100559,,,,,,,,,,,0.25831347703933716,,,,,,,,,,,,
28,,,100579,,,,,,,,,,,0.09322727471590042,,,,,,,,,,,,
28,,,100599,,,,,,,,,,,0.001976107247173786,,,,,,,,,,,,
28,,,100619,,,,,,,,,,,0.013125091791152954,,,,,,,,,,,,
28,,,100639,,,,,,,,,,,0.05951082333922386,,,,,,,,,,,,
28,,,100659,,,,,,,,,,,0.11923088878393173,,,,,,,,,,,,
28,,,100679,,,,,,,,,,,0.00831739604473114,,,,,,,,,,,,
28,,,100699,,,,,,,,,,,0.2926146984100342,,,,,,,,,,,,
28,,,100719,,,,,,,,,,,0.1752975583076477,,,,,,,,,,,,
28,,,100739,,,,,,,,,,,0.03506239131093025,,,,,,,,,,,,
28,,,100759,,,,,,,,,,,0.009902901947498322,,,,,,,,,,,,
28,,,100779,,,,,,,,,,,0.004163021221756935,,,,,,,,,,,,
28,,,100799,,,,,,,,,,,0.02472029998898506,,,,,,,,,,,,
28,,,100819,,,,,,,,,,,0.00915504340082407,,,,,,,,,,,,
28,,,100839,,,,,,,,,,,0.018134603276848793,,,,,,,,,,,,
28,,,100859,,,,,,,,,,,0.00521618127822876,,,,,,,,,,,,
28,,,100879,,,,,,,,,,,0.10214495658874512,,,,,,,,,,,,
28,,,100899,,,,,,,,,,,0.03295985981822014,,,,,,,,,,,,
28,,,100919,,,,,,,,,,,0.12663818895816803,,,,,,,,,,,,
28,,,100939,,,,,,,,,,,0.12939102947711945,,,,,,,,,,,,
28,,,100959,,,,,,,,,,,0.05533064901828766,,,,,,,,,,,,
28,,,100977,,,,,,,,,,,,0.6929049491882324,0.9083269834518433,0.6992278099060059,1.881478190422058,0.715782880783081,0.6393430829048157,0.7409560084342957,0.7505542039871216,0.7225437164306641,0.7839113473892212,0.6061224341392517,0.6929049491882324
28,,,100977,,,,,,,,,0.9640564918518066,0.06608746200799942,,,,,,,,,,,,,
,0.00019462545807828044,0.00019462545807828044,100978,,,,,,,,,,,,,,,,,,,,,,,
29,,,100979,,,,,,,,,,,0.07592318207025528,,,,,,,,,,,,
29,,,100999,,,,,,,,,,,0.0028309435583651066,,,,,,,,,,,,
29,,,101019,,,,,,,,,,,0.28465867042541504,,,,,,,,,,,,
29,,,101039,,,,,,,,,,,0.026004355400800705,,,,,,,,,,,,
29,,,101059,,,,,,,,,,,0.040178440511226654,,,,,,,,,,,,
29,,,101079,,,,,,,,,,,0.028640931472182274,,,,,,,,,,,,
29,,,101099,,,,,,,,,,,0.0968288779258728,,,,,,,,,,,,
29,,,101119,,,,,,,,,,,0.004268894903361797,,,,,,,,,,,,
29,,,101139,,,,,,,,,,,0.212454691529274,,,,,,,,,,,,
29,,,101159,,,,,,,,,,,0.08672238141298294,,,,,,,,,,,,
29,,,101179,,,,,,,,,,,0.08786652982234955,,,,,,,,,,,,
29,,,101199,,,,,,,,,,,0.05590139701962471,,,,,,,,,,,,
29,,,101219,,,,,,,,,,,0.059065110981464386,,,,,,,,,,,,
29,,,101239,,,,,,,,,,,0.04824630543589592,,,,,,,,,,,,
29,,,101259,,,,,,,,,,,0.08572977036237717,,,,,,,,,,,,
29,,,101279,,,,,,,,,,,0.0638841837644577,,,,,,,,,,,,
29,,,101299,,,,,,,,,,,0.08924902230501175,,,,,,,,,,,,
29,,,101319,,,,,,,,,,,0.011050413362681866,,,,,,,,,,,,
29,,,101339,,,,,,,,,,,0.05096135661005974,,,,,,,,,,,,
29,,,101359,,,,,,,,,,,0.2540467083454132,,,,,,,,,,,,
29,,,101379,,,,,,,,,,,0.0006195426685735583,,,,,,,,,,,,
29,,,101399,,,,,,,,,,,0.03835400193929672,,,,,,,,,,,,
29,,,101419,,,,,,,,,,,0.00368088623508811,,,,,,,,,,,,
29,,,101439,,,,,,,,,,,0.01787692680954933,,,,,,,,,,,,
29,,,101459,,,,,,,,,,,0.00728129968047142,,,,,,,,,,,,
29,,,101479,,,,,,,,,,,0.01138291135430336,,,,,,,,,,,,
29,,,101499,,,,,,,,,,,0.009789429605007172,,,,,,,,,,,,
29,,,101519,,,,,,,,,,,0.011530406773090363,,,,,,,,,,,,
29,,,101539,,,,,,,,,,,0.01690007746219635,,,,,,,,,,,,
29,,,101559,,,,,,,,,,,0.06645652651786804,,,,,,,,,,,,
29,,,101579,,,,,,,,,,,0.016372142359614372,,,,,,,,,,,,
29,,,101599,,,,,,,,,,,0.010617737658321857,,,,,,,,,,,,
29,,,101619,,,,,,,,,,,0.021868694573640823,,,,,,,,,,,,
29,,,101639,,,,,,,,,,,0.02219388633966446,,,,,,,,,,,,
29,,,101659,,,,,,,,,,,0.027345601469278336,,,,,,,,,,,,
29,,,101679,,,,,,,,,,,0.04907504469156265,,,,,,,,,,,,
29,,,101699,,,,,,,,,,,0.07647360116243362,,,,,,,,,,,,
29,,,101719,,,,,,,,,,,0.004525074269622564,,,,,,,,,,,,
29,,,101739,,,,,,,,,,,0.0031424961052834988,,,,,,,,,,,,
29,,,101759,,,,,,,,,,,0.045624740421772,,,,,,,,,,,,
29,,,101779,,,,,,,,,,,0.1745239794254303,,,,,,,,,,,,
29,,,101799,,,,,,,,,,,0.0026865247637033463,,,,,,,,,,,,
29,,,101819,,,,,,,,,,,0.0037484951317310333,,,,,,,,,,,,
29,,,101839,,,,,,,,,,,0.04268008470535278,,,,,,,,,,,,
29,,,101859,,,,,,,,,,,0.006224081851541996,,,,,,,,,,,,
29,,,101879,,,,,,,,,,,0.0777382105588913,,,,,,,,,,,,
29,,,101899,,,,,,,,,,,0.1182069182395935,,,,,,,,,,,,
29,,,101919,,,,,,,,,,,0.004666205495595932,,,,,,,,,,,,
29,,,101939,,,,,,,,,,,0.006133667659014463,,,,,,,,,,,,
29,,,101959,,,,,,,,,,,0.20360659062862396,,,,,,,,,,,,
29,,,101979,,,,,,,,,,,0.11174529045820236,,,,,,,,,,,,
29,,,101999,,,,,,,,,,,0.01947689615190029,,,,,,,,,,,,
29,,,102019,,,,,,,,,,,0.051785774528980255,,,,,,,,,,,,
29,,,102039,,,,,,,,,,,0.0034193340688943863,,,,,,,,,,,,
29,,,102059,,,,,,,,,,,0.12415570020675659,,,,,,,,,,,,
29,,,102079,,,,,,,,,,,0.05139370635151863,,,,,,,,,,,,
29,,,102099,,,,,,,,,,,0.0998472198843956,,,,,,,,,,,,
29,,,102119,,,,,,,,,,,0.0728604793548584,,,,,,,,,,,,
29,,,102139,,,,,,,,,,,0.1793723851442337,,,,,,,,,,,,
29,,,102159,,,,,,,,,,,0.015289977192878723,,,,,,,,,,,,
29,,,102179,,,,,,,,,,,0.09426573663949966,,,,,,,,,,,,
29,,,102199,,,,,,,,,,,0.07886967808008194,,,,,,,,,,,,
29,,,102219,,,,,,,,,,,0.02126309834420681,,,,,,,,,,,,
29,,,102239,,,,,,,,,,,0.01825903356075287,,,,,,,,,,,,
29,,,102259,,,,,,,,,,,0.02094327285885811,,,,,,,,,,,,
29,,,102279,,,,,,,,,,,0.1643591821193695,,,,,,,,,,,,
29,,,102299,,,,,,,,,,,0.005312316119670868,,,,,,,,,,,,
29,,,102319,,,,,,,,,,,0.004773642402142286,,,,,,,,,,,,
29,,,102339,,,,,,,,,,,0.014193961396813393,,,,,,,,,,,,
29,,,102359,,,,,,,,,,,0.006398753263056278,,,,,,,,,,,,
29,,,102379,,,,,,,,,,,0.09416578710079193,,,,,,,,,,,,
29,,,102399,,,,,,,,,,,0.024329837411642075,,,,,,,,,,,,
29,,,102419,,,,,,,,,,,0.16490282118320465,,,,,,,,,,,,
29,,,102439,,,,,,,,,,,0.007725950330495834,,,,,,,,,,,,
29,,,102459,,,,,,,,,,,0.07221457362174988,,,,,,,,,,,,
29,,,102479,,,,,,,,,,,0.0015933839604258537,,,,,,,,,,,,
29,,,102499,,,,,,,,,,,0.013097921386361122,,,,,,,,,,,,
29,,,102519,,,,,,,,,,,0.05300520360469818,,,,,,,,,,,,
29,,,102539,,,,,,,,,,,0.003077109344303608,,,,,,,,,,,,
29,,,102559,,,,,,,,,,,0.08060478419065475,,,,,,,,,,,,
29,,,102579,,,,,,,,,,,0.14026899635791779,,,,,,,,,,,,
29,,,102599,,,,,,,,,,,0.3342706859111786,,,,,,,,,,,,
29,,,102619,,,,,,,,,,,0.014852579683065414,,,,,,,,,,,,
29,,,102639,,,,,,,,,,,0.02379181608557701,,,,,,,,,,,,
29,,,102659,,,,,,,,,,,0.019848471507430077,,,,,,,,,,,,
29,,,102679,,,,,,,,,,,0.0177107322961092,,,,,,,,,,,,
29,,,102699,,,,,,,,,,,0.01879609189927578,,,,,,,,,,,,
29,,,102719,,,,,,,,,,,0.021997250616550446,,,,,,,,,,,,
29,,,102739,,,,,,,,,,,0.0021820892579853535,,,,,,,,,,,,
29,,,102759,,,,,,,,,,,0.2578979730606079,,,,,,,,,,,,
29,,,102779,,,,,,,,,,,0.010994029231369495,,,,,,,,,,,,
29,,,102799,,,,,,,,,,,0.0019599858205765486,,,,,,,,,,,,
29,,,102819,,,,,,,,,,,0.0019735898822546005,,,,,,,,,,,,
29,,,102839,,,,,,,,,,,0.003297626506537199,,,,,,,,,,,,
29,,,102859,,,,,,,,,,,0.19147734344005585,,,,,,,,,,,,
29,,,102879,,,,,,,,,,,0.024655446410179138,,,,,,,,,,,,
29,,,102899,,,,,,,,,,,0.0068843853659927845,,,,,,,,,,,,
29,,,102919,,,,,,,,,,,0.372670441865921,,,,,,,,,,,,
29,,,102939,,,,,,,,,,,0.02636733651161194,,,,,,,,,,,,
29,,,102959,,,,,,,,,,,0.039299797266721725,,,,,,,,,,,,
29,,,102979,,,,,,,,,,,0.02003549411892891,,,,,,,,,,,,
29,,,102999,,,,,,,,,,,0.1739266961812973,,,,,,,,,,,,
29,,,103019,,,,,,,,,,,0.0351107195019722,,,,,,,,,,,,
29,,,103039,,,,,,,,,,,0.028489775955677032,,,,,,,,,,,,
29,,,103059,,,,,,,,,,,0.16676312685012817,,,,,,,,,,,,
29,,,103079,,,,,,,,,,,0.04520021006464958,,,,,,,,,,,,
29,,,103099,,,,,,,,,,,0.2690402865409851,,,,,,,,,,,,
29,,,103119,,,,,,,,,,,0.0041247024200856686,,,,,,,,,,,,
29,,,103139,,,,,,,,,,,0.029701514169573784,,,,,,,,,,,,
29,,,103159,,,,,,,,,,,0.21070899069309235,,,,,,,,,,,,
29,,,103179,,,,,,,,,,,0.0072129955515265465,,,,,,,,,,,,
29,,,103199,,,,,,,,,,,0.0025434535928070545,,,,,,,,,,,,
29,,,103219,,,,,,,,,,,0.2383362054824829,,,,,,,,,,,,
29,,,103239,,,,,,,,,,,0.015187857672572136,,,,,,,,,,,,
29,,,103259,,,,,,,,,,,0.002358735539019108,,,,,,,,,,,,
29,,,103279,,,,,,,,,,,0.14421451091766357,,,,,,,,,,,,
29,,,103299,,,,,,,,,,,0.0027169822715222836,,,,,,,,,,,,
29,,,103319,,,,,,,,,,,0.135917529463768,,,,,,,,,,,,
29,,,103339,,,,,,,,,,,0.033090367913246155,,,,,,,,,,,,
29,,,103359,,,,,,,,,,,0.19268356263637543,,,,,,,,,,,,
29,,,103379,,,,,,,,,,,0.16403216123580933,,,,,,,,,,,,
29,,,103399,,,,,,,,,,,0.01734231971204281,,,,,,,,,,,,
29,,,103419,,,,,,,,,,,0.08966226875782013,,,,,,,,,,,,
29,,,103439,,,,,,,,,,,0.02588493749499321,,,,,,,,,,,,
29,,,103459,,,,,,,,,,,0.012614712119102478,,,,,,,,,,,,
29,,,103479,,,,,,,,,,,0.09400815516710281,,,,,,,,,,,,
29,,,103499,,,,,,,,,,,0.006242402829229832,,,,,,,,,,,,
29,,,103519,,,,,,,,,,,0.03919779881834984,,,,,,,,,,,,
29,,,103539,,,,,,,,,,,0.005676678381860256,,,,,,,,,,,,
29,,,103559,,,,,,,,,,,0.10159432888031006,,,,,,,,,,,,
29,,,103579,,,,,,,,,,,0.0075266603380441666,,,,,,,,,,,,
29,,,103599,,,,,,,,,,,0.0073125120252370834,,,,,,,,,,,,
29,,,103619,,,,,,,,,,,0.006538515444844961,,,,,,,,,,,,
29,,,103639,,,,,,,,,,,0.22348108887672424,,,,,,,,,,,,
29,,,103659,,,,,,,,,,,0.0038456120528280735,,,,,,,,,,,,
29,,,103679,,,,,,,,,,,0.022745253518223763,,,,,,,,,,,,
29,,,103699,,,,,,,,,,,0.22723469138145447,,,,,,,,,,,,
29,,,103719,,,,,,,,,,,0.018977368250489235,,,,,,,,,,,,
29,,,103739,,,,,,,,,,,0.023233983665704727,,,,,,,,,,,,
29,,,103759,,,,,,,,,,,0.05297829210758209,,,,,,,,,,,,
29,,,103779,,,,,,,,,,,0.08012436330318451,,,,,,,,,,,,
29,,,103799,,,,,,,,,,,0.0782005786895752,,,,,,,,,,,,
29,,,103819,,,,,,,,,,,0.10383672267198563,,,,,,,,,,,,
29,,,103839,,,,,,,,,,,0.0028929556719958782,,,,,,,,,,,,
29,,,103859,,,,,,,,,,,0.10550836473703384,,,,,,,,,,,,
29,,,103879,,,,,,,,,,,0.08413191884756088,,,,,,,,,,,,
29,,,103899,,,,,,,,,,,0.003530881367623806,,,,,,,,,,,,
29,,,103919,,,,,,,,,,,0.17310269176959991,,,,,,,,,,,,
29,,,103939,,,,,,,,,,,0.0014940554974600673,,,,,,,,,,,,
29,,,103959,,,,,,,,,,,0.0038989270105957985,,,,,,,,,,,,
29,,,103979,,,,,,,,,,,0.0073614055290818214,,,,,,,,,,,,
29,,,103999,,,,,,,,,,,0.03447447717189789,,,,,,,,,,,,
29,,,104019,,,,,,,,,,,0.3127381205558777,,,,,,,,,,,,
29,,,104039,,,,,,,,,,,0.13305550813674927,,,,,,,,,,,,
29,,,104059,,,,,,,,,,,0.040963612496852875,,,,,,,,,,,,
29,,,104079,,,,,,,,,,,0.10817483812570572,,,,,,,,,,,,
29,,,104099,,,,,,,,,,,0.09018445014953613,,,,,,,,,,,,
29,,,104119,,,,,,,,,,,0.06291966140270233,,,,,,,,,,,,
29,,,104139,,,,,,,,,,,0.021059125661849976,,,,,,,,,,,,
29,,,104159,,,,,,,,,,,0.32288169860839844,,,,,,,,,,,,
29,,,104179,,,,,,,,,,,0.03197241574525833,,,,,,,,,,,,
29,,,104199,,,,,,,,,,,0.038115378469228745,,,,,,,,,,,,
29,,,104219,,,,,,,,,,,0.0861043632030487,,,,,,,,,,,,
29,,,104239,,,,,,,,,,,0.0643928274512291,,,,,,,,,,,,
29,,,104259,,,,,,,,,,,0.1701539307832718,,,,,,,,,,,,
29,,,104279,,,,,,,,,,,0.09119129925966263,,,,,,,,,,,,
29,,,104299,,,,,,,,,,,0.023904835805296898,,,,,,,,,,,,
29,,,104319,,,,,,,,,,,0.23714250326156616,,,,,,,,,,,,
29,,,104339,,,,,,,,,,,0.021536435931921005,,,,,,,,,,,,
29,,,104359,,,,,,,,,,,0.050545766949653625,,,,,,,,,,,,
29,,,104379,,,,,,,,,,,0.010993435978889465,,,,,,,,,,,,
29,,,104399,,,,,,,,,,,0.004705167841166258,,,,,,,,,,,,
29,,,104419,,,,,,,,,,,0.0011812180746346712,,,,,,,,,,,,
29,,,104439,,,,,,,,,,,0.009555747732520103,,,,,,,,,,,,
29,,,104459,,,,,,,,,,,0.009496364742517471,,,,,,,,,,,,
29,,,104459,,,,,,,,,,,,0.6579430103302002,0.8884861469268799,0.6632465124130249,2.2521700859069824,0.6808986663818359,0.5967081189155579,0.7106714844703674,0.6683529615402222,0.6862004995346069,0.7858487963676453,0.5831924676895142,0.6579430103302002
29,,,104459,,,,,,,,,0.9653662443161011,0.06287496536970139,,,,,,,,,,,,,
,0.00018589734964313365,0.00018589734964313365,104460,,,,,,,,,,,,,,,,,,,,,,,
30,,,104479,,,,,,,,,,,0.00870452355593443,,,,,,,,,,,,
30,,,104499,,,,,,,,,,,0.05230109766125679,,,,,,,,,,,,
30,,,104519,,,,,,,,,,,0.11322567611932755,,,,,,,,,,,,
30,,,104539,,,,,,,,,,,0.04089929535984993,,,,,,,,,,,,
30,,,104559,,,,,,,,,,,0.008368438109755516,,,,,,,,,,,,
30,,,104579,,,,,,,,,,,0.0027448092587292194,,,,,,,,,,,,
30,,,104599,,,,,,,,,,,0.017944881692528725,,,,,,,,,,,,
30,,,104619,,,,,,,,,,,0.06053628399968147,,,,,,,,,,,,
30,,,104639,,,,,,,,,,,0.07810136675834656,,,,,,,,,,,,
30,,,104659,,,,,,,,,,,0.008643776178359985,,,,,,,,,,,,
30,,,104679,,,,,,,,,,,0.00858827494084835,,,,,,,,,,,,
30,,,104699,,,,,,,,,,,0.002474600449204445,,,,,,,,,,,,
30,,,104719,,,,,,,,,,,0.022181667387485504,,,,,,,,,,,,
30,,,104739,,,,,,,,,,,0.0017242918256670237,,,,,,,,,,,,
30,,,104759,,,,,,,,,,,0.03525228798389435,,,,,,,,,,,,
30,,,104779,,,,,,,,,,,0.0225622970610857,,,,,,,,,,,,
30,,,104799,,,,,,,,,,,0.030396349728107452,,,,,,,,,,,,
30,,,104819,,,,,,,,,,,0.018746577203273773,,,,,,,,,,,,
30,,,104839,,,,,,,,,,,0.00246643484570086,,,,,,,,,,,,
30,,,104859,,,,,,,,,,,0.02993178367614746,,,,,,,,,,,,
30,,,104879,,,,,,,,,,,0.0011173337697982788,,,,,,,,,,,,
30,,,104899,,,,,,,,,,,0.038886066526174545,,,,,,,,,,,,
30,,,104919,,,,,,,,,,,0.05292480066418648,,,,,,,,,,,,
30,,,104939,,,,,,,,,,,0.0038809252437204123,,,,,,,,,,,,
30,,,104959,,,,,,,,,,,0.004532047547399998,,,,,,,,,,,,
30,,,104979,,,,,,,,,,,0.18786995112895966,,,,,,,,,,,,
30,,,104999,,,,,,,,,,,0.12301722913980484,,,,,,,,,,,,
30,,,105019,,,,,,,,,,,0.07021752744913101,,,,,,,,,,,,
30,,,105039,,,,,,,,,,,0.03575796261429787,,,,,,,,,,,,
30,,,105059,,,,,,,,,,,0.0598573163151741,,,,,,,,,,,,
30,,,105079,,,,,,,,,,,0.27276524901390076,,,,,,,,,,,,
30,,,105099,,,,,,,,,,,0.004039457533508539,,,,,,,,,,,,
30,,,105119,,,,,,,,,,,0.11220697313547134,,,,,,,,,,,,
30,,,105139,,,,,,,,,,,0.024443713948130608,,,,,,,,,,,,
30,,,105159,,,,,,,,,,,0.06256626546382904,,,,,,,,,,,,
30,,,105179,,,,,,,,,,,0.0013811192475259304,,,,,,,,,,,,
30,,,105199,,,,,,,,,,,0.24123698472976685,,,,,,,,,,,,
30,,,105219,,,,,,,,,,,0.2370574176311493,,,,,,,,,,,,
30,,,105239,,,,,,,,,,,0.015074925497174263,,,,,,,,,,,,
30,,,105259,,,,,,,,,,,0.07614759355783463,,,,,,,,,,,,
30,,,105279,,,,,,,,,,,0.2121976763010025,,,,,,,,,,,,
30,,,105299,,,,,,,,,,,0.14898738265037537,,,,,,,,,,,,
30,,,105319,,,,,,,,,,,0.148964524269104,,,,,,,,,,,,
30,,,105339,,,,,,,,,,,0.0933130756020546,,,,,,,,,,,,
30,,,105359,,,,,,,,,,,0.22559022903442383,,,,,,,,,,,,
30,,,105379,,,,,,,,,,,0.002912532538175583,,,,,,,,,,,,
30,,,105399,,,,,,,,,,,0.019430553540587425,,,,,,,,,,,,
30,,,105419,,,,,,,,,,,0.12216693162918091,,,,,,,,,,,,
30,,,105439,,,,,,,,,,,0.10919781029224396,,,,,,,,,,,,
30,,,105459,,,,,,,,,,,0.20794156193733215,,,,,,,,,,,,
30,,,105479,,,,,,,,,,,0.015242207795381546,,,,,,,,,,,,
30,,,105499,,,,,,,,,,,0.04473405331373215,,,,,,,,,,,,
30,,,105519,,,,,,,,,,,0.004271446727216244,,,,,,,,,,,,
30,,,105539,,,,,,,,,,,0.020157095044851303,,,,,,,,,,,,
30,,,105559,,,,,,,,,,,0.016924642026424408,,,,,,,,,,,,
30,,,105579,,,,,,,,,,,0.1956084966659546,,,,,,,,,,,,
30,,,105599,,,,,,,,,,,0.0270142313092947,,,,,,,,,,,,
30,,,105619,,,,,,,,,,,0.07983691245317459,,,,,,,,,,,,
30,,,105639,,,,,,,,,,,0.20491261780261993,,,,,,,,,,,,
30,,,105659,,,,,,,,,,,0.16389329731464386,,,,,,,,,,,,
30,,,105679,,,,,,,,,,,0.02365661971271038,,,,,,,,,,,,
30,,,105699,,,,,,,,,,,0.005244603846222162,,,,,,,,,,,,
30,,,105719,,,,,,,,,,,0.0013988686259835958,,,,,,,,,,,,
30,,,105739,,,,,,,,,,,0.09284713119268417,,,,,,,,,,,,
30,,,105759,,,,,,,,,,,0.002852431498467922,,,,,,,,,,,,
30,,,105779,,,,,,,,,,,0.02233227714896202,,,,,,,,,,,,
30,,,105799,,,,,,,,,,,0.006105467211455107,,,,,,,,,,,,
30,,,105819,,,,,,,,,,,0.047498658299446106,,,,,,,,,,,,
30,,,105839,,,,,,,,,,,0.0008977794204838574,,,,,,,,,,,,
30,,,105859,,,,,,,,,,,0.06703151762485504,,,,,,,,,,,,
30,,,105879,,,,,,,,,,,0.16878998279571533,,,,,,,,,,,,
30,,,105899,,,,,,,,,,,0.11594732105731964,,,,,,,,,,,,
30,,,105919,,,,,,,,,,,0.004778437316417694,,,,,,,,,,,,
30,,,105939,,,,,,,,,,,0.054284561425447464,,,,,,,,,,,,
30,,,105959,,,,,,,,,,,0.07006707787513733,,,,,,,,,,,,
30,,,105979,,,,,,,,,,,0.033824075013399124,,,,,,,,,,,,
30,,,105999,,,,,,,,,,,0.030087999999523163,,,,,,,,,,,,
30,,,106019,,,,,,,,,,,0.09420178830623627,,,,,,,,,,,,
30,,,106039,,,,,,,,,,,0.006320939399302006,,,,,,,,,,,,
30,,,106059,,,,,,,,,,,0.008604655973613262,,,,,,,,,,,,
30,,,106079,,,,,,,,,,,0.007068594917654991,,,,,,,,,,,,
30,,,106099,,,,,,,,,,,0.0005689974059350789,,,,,,,,,,,,
30,,,106119,,,,,,,,,,,0.034769851714372635,,,,,,,,,,,,
30,,,106139,,,,,,,,,,,0.0015692467568442225,,,,,,,,,,,,
30,,,106159,,,,,,,,,,,0.011693185195326805,,,,,,,,,,,,
30,,,106179,,,,,,,,,,,0.08230903744697571,,,,,,,,,,,,
30,,,106199,,,,,,,,,,,0.009845107793807983,,,,,,,,,,,,
30,,,106219,,,,,,,,,,,0.06230665370821953,,,,,,,,,,,,
30,,,106239,,,,,,,,,,,0.18705952167510986,,,,,,,,,,,,
30,,,106259,,,,,,,,,,,0.0030509717762470245,,,,,,,,,,,,
30,,,106279,,,,,,,,,,,0.05779889598488808,,,,,,,,,,,,
30,,,106299,,,,,,,,,,,0.0043472182005643845,,,,,,,,,,,,
30,,,106319,,,,,,,,,,,0.05253113433718681,,,,,,,,,,,,
30,,,106339,,,,,,,,,,,0.0017255095299333334,,,,,,,,,,,,
30,,,106359,,,,,,,,,,,0.0010030707344412804,,,,,,,,,,,,
30,,,106379,,,,,,,,,,,0.004146676044911146,,,,,,,,,,,,
30,,,106399,,,,,,,,,,,0.1991664171218872,,,,,,,,,,,,
30,,,106419,,,,,,,,,,,0.007139681838452816,,,,,,,,,,,,
30,,,106439,,,,,,,,,,,0.18426400423049927,,,,,,,,,,,,
30,,,106459,,,,,,,,,,,0.14293238520622253,,,,,,,,,,,,
30,,,106479,,,,,,,,,,,0.005508408881723881,,,,,,,,,,,,
30,,,106499,,,,,,,,,,,0.039606962352991104,,,,,,,,,,,,
30,,,106519,,,,,,,,,,,0.10417454689741135,,,,,,,,,,,,
30,,,106539,,,,,,,,,,,0.004493371583521366,,,,,,,,,,,,
30,,,106559,,,,,,,,,,,0.004033672157675028,,,,,,,,,,,,
30,,,106579,,,,,,,,,,,0.015169980004429817,,,,,,,,,,,,
30,,,106599,,,,,,,,,,,0.13471324741840363,,,,,,,,,,,,
30,,,106619,,,,,,,,,,,0.11829479783773422,,,,,,,,,,,,
30,,,106639,,,,,,,,,,,0.04600285738706589,,,,,,,,,,,,
30,,,106659,,,,,,,,,,,0.0025777583941817284,,,,,,,,,,,,
30,,,106679,,,,,,,,,,,0.0009652971057221293,,,,,,,,,,,,
30,,,106699,,,,,,,,,,,0.0005367378471419215,,,,,,,,,,,,
30,,,106719,,,,,,,,,,,0.005239829421043396,,,,,,,,,,,,
30,,,106739,,,,,,,,,,,0.25182798504829407,,,,,,,,,,,,
30,,,106759,,,,,,,,,,,0.05171367526054382,,,,,,,,,,,,
30,,,106779,,,,,,,,,,,0.3109937906265259,,,,,,,,,,,,
30,,,106799,,,,,,,,,,,0.009078038856387138,,,,,,,,,,,,
30,,,106819,,,,,,,,,,,0.01827540062367916,,,,,,,,,,,,
30,,,106839,,,,,,,,,,,0.12618355453014374,,,,,,,,,,,,
30,,,106859,,,,,,,,,,,0.007201874628663063,,,,,,,,,,,,
30,,,106879,,,,,,,,,,,0.09285347163677216,,,,,,,,,,,,
30,,,106899,,,,,,,,,,,0.0011059080716222525,,,,,,,,,,,,
30,,,106919,,,,,,,,,,,0.0012343087000772357,,,,,,,,,,,,
30,,,106939,,,,,,,,,,,0.005927401594817638,,,,,,,,,,,,
30,,,106959,,,,,,,,,,,0.0180259570479393,,,,,,,,,,,,
30,,,106979,,,,,,,,,,,0.026284534484148026,,,,,,,,,,,,
30,,,106999,,,,,,,,,,,0.10247179865837097,,,,,,,,,,,,
30,,,107019,,,,,,,,,,,0.11444408446550369,,,,,,,,,,,,
30,,,107039,,,,,,,,,,,0.007734857499599457,,,,,,,,,,,,
30,,,107059,,,,,,,,,,,0.011968327686190605,,,,,,,,,,,,
30,,,107079,,,,,,,,,,,0.058464594185352325,,,,,,,,,,,,
30,,,107099,,,,,,,,,,,0.006173540838062763,,,,,,,,,,,,
30,,,107119,,,,,,,,,,,0.009882240556180477,,,,,,,,,,,,
30,,,107139,,,,,,,,,,,0.0022696410305798054,,,,,,,,,,,,
30,,,107159,,,,,,,,,,,0.015554429963231087,,,,,,,,,,,,
30,,,107179,,,,,,,,,,,0.4037884473800659,,,,,,,,,,,,
30,,,107199,,,,,,,,,,,0.027284130454063416,,,,,,,,,,,,
30,,,107219,,,,,,,,,,,0.004069808404892683,,,,,,,,,,,,
30,,,107239,,,,,,,,,,,0.12065056711435318,,,,,,,,,,,,
30,,,107259,,,,,,,,,,,0.03775434195995331,,,,,,,,,,,,
30,,,107279,,,,,,,,,,,0.0023198965936899185,,,,,,,,,,,,
30,,,107299,,,,,,,,,,,0.26181331276893616,,,,,,,,,,,,
30,,,107319,,,,,,,,,,,0.0070742457173764706,,,,,,,,,,,,
30,,,107339,,,,,,,,,,,0.020560072734951973,,,,,,,,,,,,
30,,,107359,,,,,,,,,,,0.01377609558403492,,,,,,,,,,,,
30,,,107379,,,,,,,,,,,0.030370092019438744,,,,,,,,,,,,
30,,,107399,,,,,,,,,,,0.20812973380088806,,,,,,,,,,,,
30,,,107419,,,,,,,,,,,0.0008733574068173766,,,,,,,,,,,,
30,,,107439,,,,,,,,,,,0.004019112791866064,,,,,,,,,,,,
30,,,107459,,,,,,,,,,,0.015987858176231384,,,,,,,,,,,,
30,,,107479,,,,,,,,,,,0.0011720918118953705,,,,,,,,,,,,
30,,,107499,,,,,,,,,,,0.14654140174388885,,,,,,,,,,,,
30,,,107519,,,,,,,,,,,0.14145970344543457,,,,,,,,,,,,
30,,,107539,,,,,,,,,,,0.04290341958403587,,,,,,,,,,,,
30,,,107559,,,,,,,,,,,0.08956529200077057,,,,,,,,,,,,
30,,,107579,,,,,,,,,,,0.05227350443601608,,,,,,,,,,,,
30,,,107599,,,,,,,,,,,0.004871394485235214,,,,,,,,,,,,
30,,,107619,,,,,,,,,,,0.19121849536895752,,,,,,,,,,,,
30,,,107639,,,,,,,,,,,0.12593409419059753,,,,,,,,,,,,
30,,,107659,,,,,,,,,,,0.0018187575042247772,,,,,,,,,,,,
30,,,107679,,,,,,,,,,,0.0026290309615433216,,,,,,,,,,,,
30,,,107699,,,,,,,,,,,0.09843101352453232,,,,,,,,,,,,
30,,,107719,,,,,,,,,,,0.1700570434331894,,,,,,,,,,,,
30,,,107739,,,,,,,,,,,0.010763008147478104,,,,,,,,,,,,
30,,,107759,,,,,,,,,,,0.08758216351270676,,,,,,,,,,,,
30,,,107779,,,,,,,,,,,0.008769636042416096,,,,,,,,,,,,
30,,,107799,,,,,,,,,,,0.03384795039892197,,,,,,,,,,,,
30,,,107819,,,,,,,,,,,0.0065075429156422615,,,,,,,,,,,,
30,,,107839,,,,,,,,,,,0.0023533659987151623,,,,,,,,,,,,
30,,,107859,,,,,,,,,,,0.009043687954545021,,,,,,,,,,,,
30,,,107879,,,,,,,,,,,0.19255676865577698,,,,,,,,,,,,
30,,,107899,,,,,,,,,,,0.001677036751061678,,,,,,,,,,,,
30,,,107919,,,,,,,,,,,0.0039243195205926895,,,,,,,,,,,,
30,,,107939,,,,,,,,,,,0.2082337588071823,,,,,,,,,,,,
30,,,107941,,,,,,,,,,,,0.6484934091567993,0.8984661102294922,0.6575319766998291,2.442382574081421,0.7079930305480957,0.6039172410964966,0.7135285139083862,0.7653182148933411,0.653584897518158,0.7630690932273865,0.6499999761581421,0.6484934091567993
30,,,107941,,,,,,,,,0.9669201374053955,0.06009664759039879,,,,,,,,,,,,,
,0.00017703825567208587,0.00017703825567208587,107942,,,,,,,,,,,,,,,,,,,,,,,
31,,,107959,,,,,,,,,,,0.0009525960776954889,,,,,,,,,,,,
31,,,107979,,,,,,,,,,,0.003789200447499752,,,,,,,,,,,,
31,,,107999,,,,,,,,,,,0.10447096824645996,,,,,,,,,,,,
31,,,108019,,,,,,,,,,,0.054460279643535614,,,,,,,,,,,,
31,,,108039,,,,,,,,,,,0.00784388743340969,,,,,,,,,,,,
31,,,108059,,,,,,,,,,,0.007536422461271286,,,,,,,,,,,,
31,,,108079,,,,,,,,,,,0.004057601094245911,,,,,,,,,,,,
31,,,108099,,,,,,,,,,,0.010252461768686771,,,,,,,,,,,,
31,,,108119,,,,,,,,,,,0.12497727572917938,,,,,,,,,,,,
31,,,108139,,,,,,,,,,,0.002785875229164958,,,,,,,,,,,,
31,,,108159,,,,,,,,,,,0.19977672398090363,,,,,,,,,,,,
31,,,108179,,,,,,,,,,,0.004617409314960241,,,,,,,,,,,,
31,,,108199,,,,,,,,,,,0.13277539610862732,,,,,,,,,,,,
31,,,108219,,,,,,,,,,,0.03341715782880783,,,,,,,,,,,,
31,,,108239,,,,,,,,,,,0.046014443039894104,,,,,,,,,,,,
31,,,108259,,,,,,,,,,,0.013387897983193398,,,,,,,,,,,,
31,,,108279,,,,,,,,,,,0.14489799737930298,,,,,,,,,,,,
31,,,108299,,,,,,,,,,,0.0069216396659612656,,,,,,,,,,,,
31,,,108319,,,,,,,,,,,0.0029677879065275192,,,,,,,,,,,,
31,,,108339,,,,,,,,,,,0.02218584716320038,,,,,,,,,,,,
31,,,108359,,,,,,,,,,,0.06493205577135086,,,,,,,,,,,,
31,,,108379,,,,,,,,,,,0.08281790465116501,,,,,,,,,,,,
31,,,108399,,,,,,,,,,,0.04236377403140068,,,,,,,,,,,,
31,,,108419,,,,,,,,,,,0.16330160200595856,,,,,,,,,,,,
31,,,108439,,,,,,,,,,,0.07154050469398499,,,,,,,,,,,,
31,,,108459,,,,,,,,,,,0.04487404227256775,,,,,,,,,,,,
31,,,108479,,,,,,,,,,,0.0035464372485876083,,,,,,,,,,,,
31,,,108499,,,,,,,,,,,0.047538015991449356,,,,,,,,,,,,
31,,,108519,,,,,,,,,,,0.0005016732029616833,,,,,,,,,,,,
31,,,108539,,,,,,,,,,,0.012753383256494999,,,,,,,,,,,,
31,,,108559,,,,,,,,,,,0.22875715792179108,,,,,,,,,,,,
31,,,108579,,,,,,,,,,,0.0021731010638177395,,,,,,,,,,,,
31,,,108599,,,,,,,,,,,0.04083679988980293,,,,,,,,,,,,
31,,,108619,,,,,,,,,,,0.004320773761719465,,,,,,,,,,,,
31,,,108639,,,,,,,,,,,0.0018214676529169083,,,,,,,,,,,,
31,,,108659,,,,,,,,,,,0.044483594596385956,,,,,,,,,,,,
31,,,108679,,,,,,,,,,,0.19613054394721985,,,,,,,,,,,,
31,,,108699,,,,,,,,,,,0.009410609491169453,,,,,,,,,,,,
31,,,108719,,,,,,,,,,,0.023291410878300667,,,,,,,,,,,,
31,,,108739,,,,,,,,,,,0.026413941755890846,,,,,,,,,,,,
31,,,108759,,,,,,,,,,,0.0027283080853521824,,,,,,,,,,,,
31,,,108779,,,,,,,,,,,0.15537677705287933,,,,,,,,,,,,
31,,,108799,,,,,,,,,,,0.04083561524748802,,,,,,,,,,,,
31,,,108819,,,,,,,,,,,0.013843392953276634,,,,,,,,,,,,
31,,,108839,,,,,,,,,,,0.0017694425769150257,,,,,,,,,,,,
31,,,108859,,,,,,,,,,,0.01970207877457142,,,,,,,,,,,,
31,,,108879,,,,,,,,,,,0.30601534247398376,,,,,,,,,,,,
31,,,108899,,,,,,,,,,,0.004546462558209896,,,,,,,,,,,,
31,,,108919,,,,,,,,,,,0.02044162154197693,,,,,,,,,,,,
31,,,108939,,,,,,,,,,,0.004290301352739334,,,,,,,,,,,,
31,,,108959,,,,,,,,,,,0.3024650812149048,,,,,,,,,,,,
31,,,108979,,,,,,,,,,,0.002457640366628766,,,,,,,,,,,,
31,,,108999,,,,,,,,,,,0.042120255529880524,,,,,,,,,,,,
31,,,109019,,,,,,,,,,,0.0022682608105242252,,,,,,,,,,,,
31,,,109039,,,,,,,,,,,0.005540232174098492,,,,,,,,,,,,
31,,,109059,,,,,,,,,,,0.03939150273799896,,,,,,,,,,,,
31,,,109079,,,,,,,,,,,0.08415219932794571,,,,,,,,,,,,
31,,,109099,,,,,,,,,,,0.0769493505358696,,,,,,,,,,,,
31,,,109119,,,,,,,,,,,0.0015572472475469112,,,,,,,,,,,,
31,,,109139,,,,,,,,,,,0.19927114248275757,,,,,,,,,,,,
31,,,109159,,,,,,,,,,,0.04256434738636017,,,,,,,,,,,,
31,,,109179,,,,,,,,,,,0.0011677696602419019,,,,,,,,,,,,
31,,,109199,,,,,,,,,,,0.012429362162947655,,,,,,,,,,,,
31,,,109219,,,,,,,,,,,0.001863063545897603,,,,,,,,,,,,
31,,,109239,,,,,,,,,,,0.00282181310467422,,,,,,,,,,,,
31,,,109259,,,,,,,,,,,0.5559179782867432,,,,,,,,,,,,
31,,,109279,,,,,,,,,,,0.17674888670444489,,,,,,,,,,,,
31,,,109299,,,,,,,,,,,0.005802419502288103,,,,,,,,,,,,
31,,,109319,,,,,,,,,,,0.006426460109651089,,,,,,,,,,,,
31,,,109339,,,,,,,,,,,0.0038605136796832085,,,,,,,,,,,,
31,,,109359,,,,,,,,,,,0.03562883287668228,,,,,,,,,,,,
31,,,109379,,,,,,,,,,,0.1776069849729538,,,,,,,,,,,,
31,,,109399,,,,,,,,,,,0.002017536200582981,,,,,,,,,,,,
31,,,109419,,,,,,,,,,,0.004930240102112293,,,,,,,,,,,,
31,,,109439,,,,,,,,,,,0.009225989691913128,,,,,,,,,,,,
31,,,109459,,,,,,,,,,,0.031752701848745346,,,,,,,,,,,,
31,,,109479,,,,,,,,,,,0.00826996099203825,,,,,,,,,,,,
31,,,109499,,,,,,,,,,,0.03736952319741249,,,,,,,,,,,,
31,,,109519,,,,,,,,,,,0.051439397037029266,,,,,,,,,,,,
31,,,109539,,,,,,,,,,,0.002703130943700671,,,,,,,,,,,,
31,,,109559,,,,,,,,,,,0.00025229441234841943,,,,,,,,,,,,
31,,,109579,,,,,,,,,,,0.005314304493367672,,,,,,,,,,,,
31,,,109599,,,,,,,,,,,0.007035630755126476,,,,,,,,,,,,
31,,,109619,,,,,,,,,,,0.008070245385169983,,,,,,,,,,,,
31,,,109639,,,,,,,,,,,0.017710421234369278,,,,,,,,,,,,
31,,,109659,,,,,,,,,,,0.1133393719792366,,,,,,,,,,,,
31,,,109679,,,,,,,,,,,0.22430025041103363,,,,,,,,,,,,
31,,,109699,,,,,,,,,,,0.008013686165213585,,,,,,,,,,,,
31,,,109719,,,,,,,,,,,0.012861432507634163,,,,,,,,,,,,
31,,,109739,,,,,,,,,,,0.09271609783172607,,,,,,,,,,,,
31,,,109759,,,,,,,,,,,0.004199579358100891,,,,,,,,,,,,
31,,,109779,,,,,,,,,,,0.030619803816080093,,,,,,,,,,,,
31,,,109799,,,,,,,,,,,0.027641260996460915,,,,,,,,,,,,
31,,,109819,,,,,,,,,,,0.027394002303481102,,,,,,,,,,,,
31,,,109839,,,,,,,,,,,0.05429886281490326,,,,,,,,,,,,
31,,,109859,,,,,,,,,,,0.002212632680311799,,,,,,,,,,,,
31,,,109879,,,,,,,,,,,0.007078651804476976,,,,,,,,,,,,
31,,,109899,,,,,,,,,,,0.00077622733078897,,,,,,,,,,,,
31,,,109919,,,,,,,,,,,0.01748475432395935,,,,,,,,,,,,
31,,,109939,,,,,,,,,,,0.026642614975571632,,,,,,,,,,,,
31,,,109959,,,,,,,,,,,0.009675279259681702,,,,,,,,,,,,
31,,,109979,,,,,,,,,,,0.25357961654663086,,,,,,,,,,,,
31,,,109999,,,,,,,,,,,0.008466876111924648,,,,,,,,,,,,
31,,,110019,,,,,,,,,,,0.1507890373468399,,,,,,,,,,,,
31,,,110039,,,,,,,,,,,0.14606744050979614,,,,,,,,,,,,
31,,,110059,,,,,,,,,,,0.06918014585971832,,,,,,,,,,,,
31,,,110079,,,,,,,,,,,0.08345229178667068,,,,,,,,,,,,
31,,,110099,,,,,,,,,,,0.04906528443098068,,,,,,,,,,,,
31,,,110119,,,,,,,,,,,0.02203766256570816,,,,,,,,,,,,
31,,,110139,,,,,,,,,,,0.12189993262290955,,,,,,,,,,,,
31,,,110159,,,,,,,,,,,0.07813428342342377,,,,,,,,,,,,
31,,,110179,,,,,,,,,,,0.3785366415977478,,,,,,,,,,,,
31,,,110199,,,,,,,,,,,0.008823932148516178,,,,,,,,,,,,
31,,,110219,,,,,,,,,,,0.02818243019282818,,,,,,,,,,,,
31,,,110239,,,,,,,,,,,0.029491499066352844,,,,,,,,,,,,
31,,,110259,,,,,,,,,,,0.003236128017306328,,,,,,,,,,,,
31,,,110279,,,,,,,,,,,0.08800427615642548,,,,,,,,,,,,
31,,,110299,,,,,,,,,,,0.03757980093359947,,,,,,,,,,,,
31,,,110319,,,,,,,,,,,0.02079814299941063,,,,,,,,,,,,
31,,,110339,,,,,,,,,,,0.005832154303789139,,,,,,,,,,,,
31,,,110359,,,,,,,,,,,0.34999844431877136,,,,,,,,,,,,
31,,,110379,,,,,,,,,,,0.041400983929634094,,,,,,,,,,,,
31,,,110399,,,,,,,,,,,0.02879955619573593,,,,,,,,,,,,
31,,,110419,,,,,,,,,,,0.14700409770011902,,,,,,,,,,,,
31,,,110439,,,,,,,,,,,0.0018171204719692469,,,,,,,,,,,,
31,,,110459,,,,,,,,,,,0.13991902768611908,,,,,,,,,,,,
31,,,110479,,,,,,,,,,,0.002880608197301626,,,,,,,,,,,,
31,,,110499,,,,,,,,,,,0.027207979932427406,,,,,,,,,,,,
31,,,110519,,,,,,,,,,,0.03654738515615463,,,,,,,,,,,,
31,,,110539,,,,,,,,,,,0.0558350645005703,,,,,,,,,,,,
31,,,110559,,,,,,,,,,,0.008791306987404823,,,,,,,,,,,,
31,,,110579,,,,,,,,,,,0.001981638139113784,,,,,,,,,,,,
31,,,110599,,,,,,,,,,,0.004471960011869669,,,,,,,,,,,,
31,,,110619,,,,,,,,,,,0.03804698586463928,,,,,,,,,,,,
31,,,110639,,,,,,,,,,,0.010725848376750946,,,,,,,,,,,,
31,,,110659,,,,,,,,,,,0.0779082402586937,,,,,,,,,,,,
31,,,110679,,,,,,,,,,,0.21346871554851532,,,,,,,,,,,,
31,,,110699,,,,,,,,,,,0.13665322959423065,,,,,,,,,,,,
31,,,110719,,,,,,,,,,,0.050835900008678436,,,,,,,,,,,,
31,,,110739,,,,,,,,,,,0.12298643589019775,,,,,,,,,,,,
31,,,110759,,,,,,,,,,,0.009402697905898094,,,,,,,,,,,,
31,,,110779,,,,,,,,,,,0.006865132600069046,,,,,,,,,,,,
31,,,110799,,,,,,,,,,,0.003431077115237713,,,,,,,,,,,,
31,,,110819,,,,,,,,,,,0.013218729756772518,,,,,,,,,,,,
31,,,110839,,,,,,,,,,,0.02306470461189747,,,,,,,,,,,,
31,,,110859,,,,,,,,,,,0.08801833540201187,,,,,,,,,,,,
31,,,110879,,,,,,,,,,,0.06125204637646675,,,,,,,,,,,,
31,,,110899,,,,,,,,,,,0.1822163164615631,,,,,,,,,,,,
31,,,110919,,,,,,,,,,,0.022741498425602913,,,,,,,,,,,,
31,,,110939,,,,,,,,,,,0.017746038734912872,,,,,,,,,,,,
31,,,110959,,,,,,,,,,,0.018123792484402657,,,,,,,,,,,,
31,,,110979,,,,,,,,,,,0.01764964498579502,,,,,,,,,,,,
31,,,110999,,,,,,,,,,,0.2795651853084564,,,,,,,,,,,,
31,,,111019,,,,,,,,,,,0.03199378401041031,,,,,,,,,,,,
31,,,111039,,,,,,,,,,,0.07141102105379105,,,,,,,,,,,,
31,,,111059,,,,,,,,,,,0.005197964608669281,,,,,,,,,,,,
31,,,111079,,,,,,,,,,,0.0020755238365381956,,,,,,,,,,,,
31,,,111099,,,,,,,,,,,0.0008215747075155377,,,,,,,,,,,,
31,,,111119,,,,,,,,,,,0.01766335405409336,,,,,,,,,,,,
31,,,111139,,,,,,,,,,,0.04750089719891548,,,,,,,,,,,,
31,,,111159,,,,,,,,,,,0.002446974627673626,,,,,,,,,,,,
31,,,111179,,,,,,,,,,,0.007043692283332348,,,,,,,,,,,,
31,,,111199,,,,,,,,,,,0.048449885100126266,,,,,,,,,,,,
31,,,111219,,,,,,,,,,,0.004255257546901703,,,,,,,,,,,,
31,,,111239,,,,,,,,,,,0.29001128673553467,,,,,,,,,,,,
31,,,111259,,,,,,,,,,,0.006105376873165369,,,,,,,,,,,,
31,,,111279,,,,,,,,,,,0.010164391249418259,,,,,,,,,,,,
31,,,111299,,,,,,,,,,,0.14926178753376007,,,,,,,,,,,,
31,,,111319,,,,,,,,,,,0.0006588761461898685,,,,,,,,,,,,
31,,,111339,,,,,,,,,,,0.07048745453357697,,,,,,,,,,,,
31,,,111359,,,,,,,,,,,0.0017489228630438447,,,,,,,,,,,,
31,,,111379,,,,,,,,,,,0.021600598469376564,,,,,,,,,,,,
31,,,111399,,,,,,,,,,,0.055658455938100815,,,,,,,,,,,,
31,,,111419,,,,,,,,,,,0.13117212057113647,,,,,,,,,,,,
31,,,111423,,,,,,,,,,,,0.6270125508308411,0.889907956123352,0.6345990896224976,2.9539475440979004,0.6996979713439941,0.5861961245536804,0.7007802724838257,0.7731232643127441,0.6554583311080933,0.7237193584442139,0.6464909315109253,0.6270125508308411
31,,,111423,,,,,,,,,0.9671742916107178,0.06055017188191414,,,,,,,,,,,,,
,0.00016808050203829842,0.00016808050203829842,111424,,,,,,,,,,,,,,,,,,,,,,,
32,,,111439,,,,,,,,,,,0.011890662834048271,,,,,,,,,,,,
32,,,111459,,,,,,,,,,,0.20846764743328094,,,,,,,,,,,,
32,,,111479,,,,,,,,,,,0.000995458336547017,,,,,,,,,,,,
32,,,111499,,,,,,,,,,,0.062185291200876236,,,,,,,,,,,,
32,,,111519,,,,,,,,,,,0.0010059623746201396,,,,,,,,,,,,
32,,,111539,,,,,,,,,,,0.015568341128528118,,,,,,,,,,,,
32,,,111559,,,,,,,,,,,0.05916823446750641,,,,,,,,,,,,
32,,,111579,,,,,,,,,,,0.1266714632511139,,,,,,,,,,,,
32,,,111599,,,,,,,,,,,0.000665561412461102,,,,,,,,,,,,
32,,,111619,,,,,,,,,,,0.24063242971897125,,,,,,,,,,,,
32,,,111639,,,,,,,,,,,0.17227913439273834,,,,,,,,,,,,
32,,,111659,,,,,,,,,,,0.007932139560580254,,,,,,,,,,,,
32,,,111679,,,,,,,,,,,0.01623230054974556,,,,,,,,,,,,
32,,,111699,,,,,,,,,,,0.17348842322826385,,,,,,,,,,,,
32,,,111719,,,,,,,,,,,0.0626421794295311,,,,,,,,,,,,
32,,,111739,,,,,,,,,,,0.04227713122963905,,,,,,,,,,,,
32,,,111759,,,,,,,,,,,0.0016390372766181827,,,,,,,,,,,,
32,,,111779,,,,,,,,,,,0.00048138340935111046,,,,,,,,,,,,
32,,,111799,,,,,,,,,,,0.1721981316804886,,,,,,,,,,,,
32,,,111819,,,,,,,,,,,0.032599110156297684,,,,,,,,,,,,
32,,,111839,,,,,,,,,,,0.0007127955323085189,,,,,,,,,,,,
32,,,111859,,,,,,,,,,,0.05320674553513527,,,,,,,,,,,,
32,,,111879,,,,,,,,,,,0.06352721154689789,,,,,,,,,,,,
32,,,111899,,,,,,,,,,,0.23693858087062836,,,,,,,,,,,,
32,,,111919,,,,,,,,,,,0.04520317539572716,,,,,,,,,,,,
32,,,111939,,,,,,,,,,,0.15555474162101746,,,,,,,,,,,,
32,,,111959,,,,,,,,,,,0.028257299214601517,,,,,,,,,,,,
32,,,111979,,,,,,,,,,,0.5381986498832703,,,,,,,,,,,,
32,,,111999,,,,,,,,,,,0.1345674991607666,,,,,,,,,,,,
32,,,112019,,,,,,,,,,,0.028019575402140617,,,,,,,,,,,,
32,,,112039,,,,,,,,,,,0.04165180027484894,,,,,,,,,,,,
32,,,112059,,,,,,,,,,,0.024821579456329346,,,,,,,,,,,,
32,,,112079,,,,,,,,,,,0.14103169739246368,,,,,,,,,,,,
32,,,112099,,,,,,,,,,,0.004290626384317875,,,,,,,,,,,,
32,,,112119,,,,,,,,,,,0.23276962339878082,,,,,,,,,,,,
32,,,112139,,,,,,,,,,,0.0025386589113622904,,,,,,,,,,,,
32,,,112159,,,,,,,,,,,0.04873320832848549,,,,,,,,,,,,
32,,,112179,,,,,,,,,,,0.00634157657623291,,,,,,,,,,,,
32,,,112199,,,,,,,,,,,0.029373036697506905,,,,,,,,,,,,
32,,,112219,,,,,,,,,,,0.03253885731101036,,,,,,,,,,,,
32,,,112239,,,,,,,,,,,0.008241614326834679,,,,,,,,,,,,
32,,,112259,,,,,,,,,,,0.022296585142612457,,,,,,,,,,,,
32,,,112279,,,,,,,,,,,0.0009036966948769987,,,,,,,,,,,,
32,,,112299,,,,,,,,,,,0.1725158989429474,,,,,,,,,,,,
32,,,112319,,,,,,,,,,,0.18488043546676636,,,,,,,,,,,,
32,,,112339,,,,,,,,,,,0.0302509143948555,,,,,,,,,,,,
32,,,112359,,,,,,,,,,,0.0006385126616805792,,,,,,,,,,,,
32,,,112379,,,,,,,,,,,0.020691659301519394,,,,,,,,,,,,
32,,,112399,,,,,,,,,,,0.03349721431732178,,,,,,,,,,,,
32,,,112419,,,,,,,,,,,0.017396211624145508,,,,,,,,,,,,
32,,,112439,,,,,,,,,,,0.0018736834172159433,,,,,,,,,,,,
32,,,112459,,,,,,,,,,,0.042949676513671875,,,,,,,,,,,,
32,,,112479,,,,,,,,,,,0.006573123391717672,,,,,,,,,,,,
32,,,112499,,,,,,,,,,,0.03067760542035103,,,,,,,,,,,,
32,,,112519,,,,,,,,,,,0.0021087799686938524,,,,,,,,,,,,
32,,,112539,,,,,,,,,,,0.06500716507434845,,,,,,,,,,,,
32,,,112559,,,,,,,,,,,0.12163727730512619,,,,,,,,,,,,
32,,,112579,,,,,,,,,,,0.004151989705860615,,,,,,,,,,,,
32,,,112599,,,,,,,,,,,0.05135307088494301,,,,,,,,,,,,
32,,,112619,,,,,,,,,,,0.006685466505587101,,,,,,,,,,,,
32,,,112639,,,,,,,,,,,0.00952997151762247,,,,,,,,,,,,
32,,,112659,,,,,,,,,,,0.2031421661376953,,,,,,,,,,,,
32,,,112679,,,,,,,,,,,0.13068898022174835,,,,,,,,,,,,
32,,,112699,,,,,,,,,,,0.0186501182615757,,,,,,,,,,,,
32,,,112719,,,,,,,,,,,0.003626890480518341,,,,,,,,,,,,
32,,,112739,,,,,,,,,,,0.05234692990779877,,,,,,,,,,,,
32,,,112759,,,,,,,,,,,0.003546247724443674,,,,,,,,,,,,
32,,,112779,,,,,,,,,,,0.006189020350575447,,,,,,,,,,,,
32,,,112799,,,,,,,,,,,0.0050150565803050995,,,,,,,,,,,,
32,,,112819,,,,,,,,,,,0.007319883443415165,,,,,,,,,,,,
32,,,112839,,,,,,,,,,,0.25416600704193115,,,,,,,,,,,,
32,,,112859,,,,,,,,,,,0.012979944236576557,,,,,,,,,,,,
32,,,112879,,,,,,,,,,,0.08055010437965393,,,,,,,,,,,,
32,,,112899,,,,,,,,,,,0.003176697064191103,,,,,,,,,,,,
32,,,112919,,,,,,,,,,,0.018822403624653816,,,,,,,,,,,,
32,,,112939,,,,,,,,,,,0.11605706810951233,,,,,,,,,,,,
32,,,112959,,,,,,,,,,,0.005998081527650356,,,,,,,,,,,,
32,,,112979,,,,,,,,,,,0.00611470453441143,,,,,,,,,,,,
32,,,112999,,,,,,,,,,,0.009404978714883327,,,,,,,,,,,,
32,,,113019,,,,,,,,,,,0.19741971790790558,,,,,,,,,,,,
32,,,113039,,,,,,,,,,,0.3376113772392273,,,,,,,,,,,,
32,,,113059,,,,,,,,,,,0.13365983963012695,,,,,,,,,,,,
32,,,113079,,,,,,,,,,,0.0011920660035684705,,,,,,,,,,,,
32,,,113099,,,,,,,,,,,0.013401398435235023,,,,,,,,,,,,
32,,,113119,,,,,,,,,,,0.1926211416721344,,,,,,,,,,,,
32,,,113139,,,,,,,,,,,0.019006719812750816,,,,,,,,,,,,
32,,,113159,,,,,,,,,,,0.05723327770829201,,,,,,,,,,,,
32,,,113179,,,,,,,,,,,0.06281475722789764,,,,,,,,,,,,
32,,,113199,,,,,,,,,,,0.09636810421943665,,,,,,,,,,,,
32,,,113219,,,,,,,,,,,0.17135368287563324,,,,,,,,,,,,
32,,,113239,,,,,,,,,,,0.002989811124280095,,,,,,,,,,,,
32,,,113259,,,,,,,,,,,0.22204449772834778,,,,,,,,,,,,
32,,,113279,,,,,,,,,,,0.006118435878306627,,,,,,,,,,,,
32,,,113299,,,,,,,,,,,0.0698392391204834,,,,,,,,,,,,
32,,,113319,,,,,,,,,,,0.0015686776023358107,,,,,,,,,,,,
32,,,113339,,,,,,,,,,,0.08593284338712692,,,,,,,,,,,,
32,,,113359,,,,,,,,,,,0.03515433147549629,,,,,,,,,,,,
32,,,113379,,,,,,,,,,,0.12241106480360031,,,,,,,,,,,,
32,,,113399,,,,,,,,,,,0.0013231155462563038,,,,,,,,,,,,
32,,,113419,,,,,,,,,,,0.29009243845939636,,,,,,,,,,,,
32,,,113439,,,,,,,,,,,0.012482473626732826,,,,,,,,,,,,
32,,,113459,,,,,,,,,,,0.0027270487044006586,,,,,,,,,,,,
32,,,113479,,,,,,,,,,,0.002961818827316165,,,,,,,,,,,,
32,,,113499,,,,,,,,,,,0.016122790053486824,,,,,,,,,,,,
32,,,113519,,,,,,,,,,,0.08029206842184067,,,,,,,,,,,,
32,,,113539,,,,,,,,,,,0.002678911667317152,,,,,,,,,,,,
32,,,113559,,,,,,,,,,,0.04166015610098839,,,,,,,,,,,,
32,,,113579,,,,,,,,,,,0.11414232105016708,,,,,,,,,,,,
32,,,113599,,,,,,,,,,,0.02826090157032013,,,,,,,,,,,,
32,,,113619,,,,,,,,,,,0.033368196338415146,,,,,,,,,,,,
32,,,113639,,,,,,,,,,,0.006239830981940031,,,,,,,,,,,,
32,,,113659,,,,,,,,,,,0.0020229092333465815,,,,,,,,,,,,
32,,,113679,,,,,,,,,,,0.027256149798631668,,,,,,,,,,,,
32,,,113699,,,,,,,,,,,0.005705379880964756,,,,,,,,,,,,
32,,,113719,,,,,,,,,,,0.0009828346082940698,,,,,,,,,,,,
32,,,113739,,,,,,,,,,,0.10995841026306152,,,,,,,,,,,,
32,,,113759,,,,,,,,,,,0.058612581342458725,,,,,,,,,,,,
32,,,113779,,,,,,,,,,,0.04179638251662254,,,,,,,,,,,,
32,,,113799,,,,,,,,,,,0.00039544515311717987,,,,,,,,,,,,
32,,,113819,,,,,,,,,,,0.0398050956428051,,,,,,,,,,,,
32,,,113839,,,,,,,,,,,0.07093057781457901,,,,,,,,,,,,
32,,,113859,,,,,,,,,,,0.002632527844980359,,,,,,,,,,,,
32,,,113879,,,,,,,,,,,0.007824988104403019,,,,,,,,,,,,
32,,,113899,,,,,,,,,,,0.12852256000041962,,,,,,,,,,,,
32,,,113919,,,,,,,,,,,0.0027219741605222225,,,,,,,,,,,,
32,,,113939,,,,,,,,,,,0.014594171196222305,,,,,,,,,,,,
32,,,113959,,,,,,,,,,,0.07619212567806244,,,,,,,,,,,,
32,,,113979,,,,,,,,,,,0.016809141263365746,,,,,,,,,,,,
32,,,113999,,,,,,,,,,,0.03654560446739197,,,,,,,,,,,,
32,,,114019,,,,,,,,,,,0.0032658251002430916,,,,,,,,,,,,
32,,,114039,,,,,,,,,,,0.002637042896822095,,,,,,,,,,,,
32,,,114059,,,,,,,,,,,0.001801818609237671,,,,,,,,,,,,
32,,,114079,,,,,,,,,,,0.0003046418714802712,,,,,,,,,,,,
32,,,114099,,,,,,,,,,,0.014880620874464512,,,,,,,,,,,,
32,,,114119,,,,,,,,,,,0.004241101443767548,,,,,,,,,,,,
32,,,114139,,,,,,,,,,,0.0012301666429266334,,,,,,,,,,,,
32,,,114159,,,,,,,,,,,0.0010468437103554606,,,,,,,,,,,,
32,,,114179,,,,,,,,,,,0.0006676209741272032,,,,,,,,,,,,
32,,,114199,,,,,,,,,,,0.0030148744117468596,,,,,,,,,,,,
32,,,114219,,,,,,,,,,,0.0006688327994197607,,,,,,,,,,,,
32,,,114239,,,,,,,,,,,0.005581803619861603,,,,,,,,,,,,
32,,,114259,,,,,,,,,,,0.013110553845763206,,,,,,,,,,,,
32,,,114279,,,,,,,,,,,0.03935418650507927,,,,,,,,,,,,
32,,,114299,,,,,,,,,,,0.0776071771979332,,,,,,,,,,,,
32,,,114319,,,,,,,,,,,0.3449624478816986,,,,,,,,,,,,
32,,,114339,,,,,,,,,,,0.0029711881652474403,,,,,,,,,,,,
32,,,114359,,,,,,,,,,,0.042640719562768936,,,,,,,,,,,,
32,,,114379,,,,,,,,,,,0.0016801899764686823,,,,,,,,,,,,
32,,,114399,,,,,,,,,,,0.07224570959806442,,,,,,,,,,,,
32,,,114419,,,,,,,,,,,0.1652543991804123,,,,,,,,,,,,
32,,,114439,,,,,,,,,,,0.01819806918501854,,,,,,,,,,,,
32,,,114459,,,,,,,,,,,0.007541025057435036,,,,,,,,,,,,
32,,,114479,,,,,,,,,,,0.04919306933879852,,,,,,,,,,,,
32,,,114499,,,,,,,,,,,0.0014815361937507987,,,,,,,,,,,,
32,,,114519,,,,,,,,,,,0.031141765415668488,,,,,,,,,,,,
32,,,114539,,,,,,,,,,,0.016353420913219452,,,,,,,,,,,,
32,,,114559,,,,,,,,,,,0.003432427067309618,,,,,,,,,,,,
32,,,114579,,,,,,,,,,,0.005010475404560566,,,,,,,,,,,,
32,,,114599,,,,,,,,,,,0.0034963791258633137,,,,,,,,,,,,
32,,,114619,,,,,,,,,,,0.0037670335732400417,,,,,,,,,,,,
32,,,114639,,,,,,,,,,,0.002141219098120928,,,,,,,,,,,,
32,,,114659,,,,,,,,,,,0.011411965824663639,,,,,,,,,,,,
32,,,114679,,,,,,,,,,,0.014851195737719536,,,,,,,,,,,,
32,,,114699,,,,,,,,,,,0.026014750823378563,,,,,,,,,,,,
32,,,114719,,,,,,,,,,,0.013631802052259445,,,,,,,,,,,,
32,,,114739,,,,,,,,,,,0.08946646004915237,,,,,,,,,,,,
32,,,114759,,,,,,,,,,,0.004478183574974537,,,,,,,,,,,,
32,,,114779,,,,,,,,,,,0.09035566449165344,,,,,,,,,,,,
32,,,114799,,,,,,,,,,,0.09086387604475021,,,,,,,,,,,,
32,,,114819,,,,,,,,,,,0.0009147662203758955,,,,,,,,,,,,
32,,,114839,,,,,,,,,,,0.006316227838397026,,,,,,,,,,,,
32,,,114859,,,,,,,,,,,0.20820799469947815,,,,,,,,,,,,
32,,,114879,,,,,,,,,,,0.006014167331159115,,,,,,,,,,,,
32,,,114899,,,,,,,,,,,0.020598359405994415,,,,,,,,,,,,
32,,,114905,,,,,,,,,,,,0.6133684515953064,0.8886690735816956,0.6198598146438599,3.041785717010498,0.7245556116104126,0.5835609436035156,0.6952041387557983,0.7773822546005249,0.6011931300163269,0.7705543041229248,0.7490928173065186,0.6133684515953064
32,,,114905,,,,,,,,,0.9686416983604431,0.05740164592862129,,,,,,,,,,,,,
,0.0001590567746133429,0.0001590567746133429,114906,,,,,,,,,,,,,,,,,,,,,,,
33,,,114919,,,,,,,,,,,0.12278953194618225,,,,,,,,,,,,
33,,,114939,,,,,,,,,,,0.008275038562715054,,,,,,,,,,,,
33,,,114959,,,,,,,,,,,0.0015086093917489052,,,,,,,,,,,,
33,,,114979,,,,,,,,,,,0.005311549641191959,,,,,,,,,,,,
33,,,114999,,,,,,,,,,,0.002290722681209445,,,,,,,,,,,,
33,,,115019,,,,,,,,,,,0.0040115006268024445,,,,,,,,,,,,
33,,,115039,,,,,,,,,,,0.07199624180793762,,,,,,,,,,,,
33,,,115059,,,,,,,,,,,0.2052949219942093,,,,,,,,,,,,
33,,,115079,,,,,,,,,,,0.03203967586159706,,,,,,,,,,,,
33,,,115099,,,,,,,,,,,0.009155015461146832,,,,,,,,,,,,
33,,,115119,,,,,,,,,,,0.25987687706947327,,,,,,,,,,,,
33,,,115139,,,,,,,,,,,0.184464231133461,,,,,,,,,,,,
33,,,115159,,,,,,,,,,,0.00197621900588274,,,,,,,,,,,,
33,,,115179,,,,,,,,,,,0.018972214311361313,,,,,,,,,,,,
33,,,115199,,,,,,,,,,,0.2103177160024643,,,,,,,,,,,,
33,,,115219,,,,,,,,,,,0.005184333771467209,,,,,,,,,,,,
33,,,115239,,,,,,,,,,,0.0674021914601326,,,,,,,,,,,,
33,,,115259,,,,,,,,,,,0.27819669246673584,,,,,,,,,,,,
33,,,115279,,,,,,,,,,,0.10193652659654617,,,,,,,,,,,,
33,,,115299,,,,,,,,,,,0.20928466320037842,,,,,,,,,,,,
33,,,115319,,,,,,,,,,,0.04733343422412872,,,,,,,,,,,,
33,,,115339,,,,,,,,,,,0.019807519391179085,,,,,,,,,,,,
33,,,115359,,,,,,,,,,,0.004090325906872749,,,,,,,,,,,,
33,,,115379,,,,,,,,,,,0.02083756774663925,,,,,,,,,,,,
33,,,115399,,,,,,,,,,,0.14404846727848053,,,,,,,,,,,,
33,,,115419,,,,,,,,,,,0.046872157603502274,,,,,,,,,,,,
33,,,115439,,,,,,,,,,,0.1412140130996704,,,,,,,,,,,,
33,,,115459,,,,,,,,,,,0.07418424636125565,,,,,,,,,,,,
33,,,115479,,,,,,,,,,,0.09394758939743042,,,,,,,,,,,,
33,,,115499,,,,,,,,,,,0.05597748979926109,,,,,,,,,,,,
33,,,115519,,,,,,,,,,,0.001620125025510788,,,,,,,,,,,,
33,,,115539,,,,,,,,,,,0.12131345272064209,,,,,,,,,,,,
33,,,115559,,,,,,,,,,,0.22596785426139832,,,,,,,,,,,,
33,,,115579,,,,,,,,,,,0.008699735626578331,,,,,,,,,,,,
33,,,115599,,,,,,,,,,,0.16455420851707458,,,,,,,,,,,,
33,,,115619,,,,,,,,,,,0.0013705398887395859,,,,,,,,,,,,
33,,,115639,,,,,,,,,,,0.0031981314532458782,,,,,,,,,,,,
33,,,115659,,,,,,,,,,,0.014502415433526039,,,,,,,,,,,,
33,,,115679,,,,,,,,,,,0.13572821021080017,,,,,,,,,,,,
33,,,115699,,,,,,,,,,,0.0042372820898890495,,,,,,,,,,,,
33,,,115719,,,,,,,,,,,0.010985877364873886,,,,,,,,,,,,
33,,,115739,,,,,,,,,,,0.06267386674880981,,,,,,,,,,,,
33,,,115759,,,,,,,,,,,0.200917586684227,,,,,,,,,,,,
33,,,115779,,,,,,,,,,,0.12694695591926575,,,,,,,,,,,,
33,,,115799,,,,,,,,,,,0.04748660326004028,,,,,,,,,,,,
33,,,115819,,,,,,,,,,,0.005605890415608883,,,,,,,,,,,,
33,,,115839,,,,,,,,,,,0.01773560605943203,,,,,,,,,,,,
33,,,115859,,,,,,,,,,,0.006828439421951771,,,,,,,,,,,,
33,,,115879,,,,,,,,,,,0.0024444134905934334,,,,,,,,,,,,
33,,,115899,,,,,,,,,,,0.003392305690795183,,,,,,,,,,,,
33,,,115919,,,,,,,,,,,0.004655005410313606,,,,,,,,,,,,
33,,,115939,,,,,,,,,,,0.004584243521094322,,,,,,,,,,,,
33,,,115959,,,,,,,,,,,0.00041234810487367213,,,,,,,,,,,,
33,,,115979,,,,,,,,,,,0.0021130875684320927,,,,,,,,,,,,
33,,,115999,,,,,,,,,,,0.010220377705991268,,,,,,,,,,,,
33,,,116019,,,,,,,,,,,0.012044569477438927,,,,,,,,,,,,
33,,,116039,,,,,,,,,,,0.001886045909486711,,,,,,,,,,,,
33,,,116059,,,,,,,,,,,0.004540722817182541,,,,,,,,,,,,
33,,,116079,,,,,,,,,,,0.0035273926332592964,,,,,,,,,,,,
33,,,116099,,,,,,,,,,,0.007117595057934523,,,,,,,,,,,,
33,,,116119,,,,,,,,,,,0.07558457553386688,,,,,,,,,,,,
33,,,116139,,,,,,,,,,,0.035907041281461716,,,,,,,,,,,,
33,,,116159,,,,,,,,,,,0.010478334501385689,,,,,,,,,,,,
33,,,116179,,,,,,,,,,,0.057173315435647964,,,,,,,,,,,,
33,,,116199,,,,,,,,,,,0.0007715104729868472,,,,,,,,,,,,
33,,,116219,,,,,,,,,,,0.004182225093245506,,,,,,,,,,,,
33,,,116239,,,,,,,,,,,0.04716259986162186,,,,,,,,,,,,
33,,,116259,,,,,,,,,,,0.09268868714570999,,,,,,,,,,,,
33,,,116279,,,,,,,,,,,0.11434195935726166,,,,,,,,,,,,
33,,,116299,,,,,,,,,,,0.06391743570566177,,,,,,,,,,,,
33,,,116319,,,,,,,,,,,0.0008731134003028274,,,,,,,,,,,,
33,,,116339,,,,,,,,,,,0.007005380466580391,,,,,,,,,,,,
33,,,116359,,,,,,,,,,,0.014607921242713928,,,,,,,,,,,,
33,,,116379,,,,,,,,,,,0.018828945234417915,,,,,,,,,,,,
33,,,116399,,,,,,,,,,,0.0015199633780866861,,,,,,,,,,,,
33,,,116419,,,,,,,,,,,0.030592599883675575,,,,,,,,,,,,
33,,,116439,,,,,,,,,,,0.042185649275779724,,,,,,,,,,,,
33,,,116459,,,,,,,,,,,0.003244045190513134,,,,,,,,,,,,
33,,,116479,,,,,,,,,,,0.14527879655361176,,,,,,,,,,,,
33,,,116499,,,,,,,,,,,0.0020569167099893093,,,,,,,,,,,,
33,,,116519,,,,,,,,,,,0.005832723807543516,,,,,,,,,,,,
33,,,116539,,,,,,,,,,,0.03589804098010063,,,,,,,,,,,,
33,,,116559,,,,,,,,,,,0.041089773178100586,,,,,,,,,,,,
33,,,116579,,,,,,,,,,,0.00328043382614851,,,,,,,,,,,,
33,,,116599,,,,,,,,,,,0.023944301530718803,,,,,,,,,,,,
33,,,116619,,,,,,,,,,,0.0018364951247349381,,,,,,,,,,,,
33,,,116639,,,,,,,,,,,0.02897653356194496,,,,,,,,,,,,
33,,,116659,,,,,,,,,,,0.05438559129834175,,,,,,,,,,,,
33,,,116679,,,,,,,,,,,0.09619972109794617,,,,,,,,,,,,
33,,,116699,,,,,,,,,,,0.014345891773700714,,,,,,,,,,,,
33,,,116719,,,,,,,,,,,0.05074578523635864,,,,,,,,,,,,
33,,,116739,,,,,,,,,,,0.14027509093284607,,,,,,,,,,,,
33,,,116759,,,,,,,,,,,0.02448418363928795,,,,,,,,,,,,
33,,,116779,,,,,,,,,,,0.021503305062651634,,,,,,,,,,,,
33,,,116799,,,,,,,,,,,0.1785331815481186,,,,,,,,,,,,
33,,,116819,,,,,,,,,,,0.007076123729348183,,,,,,,,,,,,
33,,,116839,,,,,,,,,,,0.02763158269226551,,,,,,,,,,,,
33,,,116859,,,,,,,,,,,0.22769352793693542,,,,,,,,,,,,
33,,,116879,,,,,,,,,,,0.04906737804412842,,,,,,,,,,,,
33,,,116899,,,,,,,,,,,0.015737013891339302,,,,,,,,,,,,
33,,,116919,,,,,,,,,,,0.005509109701961279,,,,,,,,,,,,
33,,,116939,,,,,,,,,,,0.0019264277070760727,,,,,,,,,,,,
33,,,116959,,,,,,,,,,,0.062025126069784164,,,,,,,,,,,,
33,,,116979,,,,,,,,,,,0.03307235985994339,,,,,,,,,,,,
33,,,116999,,,,,,,,,,,0.08739571273326874,,,,,,,,,,,,
33,,,117019,,,,,,,,,,,0.00737399747595191,,,,,,,,,,,,
33,,,117039,,,,,,,,,,,0.02461167238652706,,,,,,,,,,,,
33,,,117059,,,,,,,,,,,0.009911559522151947,,,,,,,,,,,,
33,,,117079,,,,,,,,,,,0.05167442560195923,,,,,,,,,,,,
33,,,117099,,,,,,,,,,,0.10243550688028336,,,,,,,,,,,,
33,,,117119,,,,,,,,,,,0.04456803575158119,,,,,,,,,,,,
33,,,117139,,,,,,,,,,,0.0731247290968895,,,,,,,,,,,,
33,,,117159,,,,,,,,,,,0.18600773811340332,,,,,,,,,,,,
33,,,117179,,,,,,,,,,,0.08077667653560638,,,,,,,,,,,,
33,,,117199,,,,,,,,,,,0.0054084667935967445,,,,,,,,,,,,
33,,,117219,,,,,,,,,,,0.010068098083138466,,,,,,,,,,,,
33,,,117239,,,,,,,,,,,0.026883916929364204,,,,,,,,,,,,
33,,,117259,,,,,,,,,,,0.011598567478358746,,,,,,,,,,,,
33,,,117279,,,,,,,,,,,0.00477289455011487,,,,,,,,,,,,
33,,,117299,,,,,,,,,,,0.00988080631941557,,,,,,,,,,,,
33,,,117319,,,,,,,,,,,0.0011050848988816142,,,,,,,,,,,,
33,,,117339,,,,,,,,,,,0.014654280617833138,,,,,,,,,,,,
33,,,117359,,,,,,,,,,,0.003945786040276289,,,,,,,,,,,,
33,,,117379,,,,,,,,,,,0.047520529478788376,,,,,,,,,,,,
33,,,117399,,,,,,,,,,,0.35713109374046326,,,,,,,,,,,,
33,,,117419,,,,,,,,,,,0.03116217441856861,,,,,,,,,,,,
33,,,117439,,,,,,,,,,,0.002318685408681631,,,,,,,,,,,,
33,,,117459,,,,,,,,,,,0.1934199184179306,,,,,,,,,,,,
33,,,117479,,,,,,,,,,,0.001610444625839591,,,,,,,,,,,,
33,,,117499,,,,,,,,,,,0.004075992852449417,,,,,,,,,,,,
33,,,117519,,,,,,,,,,,0.012109960429370403,,,,,,,,,,,,
33,,,117539,,,,,,,,,,,0.01186444517225027,,,,,,,,,,,,
33,,,117559,,,,,,,,,,,0.0005055726505815983,,,,,,,,,,,,
33,,,117579,,,,,,,,,,,0.3316907584667206,,,,,,,,,,,,
33,,,117599,,,,,,,,,,,0.03901492804288864,,,,,,,,,,,,
33,,,117619,,,,,,,,,,,0.017689872533082962,,,,,,,,,,,,
33,,,117639,,,,,,,,,,,0.017954813316464424,,,,,,,,,,,,
33,,,117659,,,,,,,,,,,0.004812879487872124,,,,,,,,,,,,
33,,,117679,,,,,,,,,,,0.012565327808260918,,,,,,,,,,,,
33,,,117699,,,,,,,,,,,0.03218020498752594,,,,,,,,,,,,
33,,,117719,,,,,,,,,,,0.00033417894155718386,,,,,,,,,,,,
33,,,117739,,,,,,,,,,,0.005960175767540932,,,,,,,,,,,,
33,,,117759,,,,,,,,,,,0.011560595594346523,,,,,,,,,,,,
33,,,117779,,,,,,,,,,,0.1815938502550125,,,,,,,,,,,,
33,,,117799,,,,,,,,,,,0.038879141211509705,,,,,,,,,,,,
33,,,117819,,,,,,,,,,,0.014481665566563606,,,,,,,,,,,,
33,,,117839,,,,,,,,,,,0.12781614065170288,,,,,,,,,,,,
33,,,117859,,,,,,,,,,,0.013636544346809387,,,,,,,,,,,,
33,,,117879,,,,,,,,,,,0.10559991747140884,,,,,,,,,,,,
33,,,117899,,,,,,,,,,,0.012802967801690102,,,,,,,,,,,,
33,,,117919,,,,,,,,,,,0.0019983819220215082,,,,,,,,,,,,
33,,,117939,,,,,,,,,,,0.004402549937367439,,,,,,,,,,,,
33,,,117959,,,,,,,,,,,0.0035333556588739157,,,,,,,,,,,,
33,,,117979,,,,,,,,,,,0.04452621936798096,,,,,,,,,,,,
33,,,117999,,,,,,,,,,,0.07420722395181656,,,,,,,,,,,,
33,,,118019,,,,,,,,,,,0.006477227434515953,,,,,,,,,,,,
33,,,118039,,,,,,,,,,,0.0073287831619381905,,,,,,,,,,,,
33,,,118059,,,,,,,,,,,0.03655247762799263,,,,,,,,,,,,
33,,,118079,,,,,,,,,,,0.005852014757692814,,,,,,,,,,,,
33,,,118099,,,,,,,,,,,0.32552435994148254,,,,,,,,,,,,
33,,,118119,,,,,,,,,,,0.041045110672712326,,,,,,,,,,,,
33,,,118139,,,,,,,,,,,0.06351549923419952,,,,,,,,,,,,
33,,,118159,,,,,,,,,,,0.00392836844548583,,,,,,,,,,,,
33,,,118179,,,,,,,,,,,0.03603934496641159,,,,,,,,,,,,
33,,,118199,,,,,,,,,,,0.006798356771469116,,,,,,,,,,,,
33,,,118219,,,,,,,,,,,0.07708922028541565,,,,,,,,,,,,
33,,,118239,,,,,,,,,,,0.007439340464770794,,,,,,,,,,,,
33,,,118259,,,,,,,,,,,0.00032986243604682386,,,,,,,,,,,,
33,,,118279,,,,,,,,,,,0.01084309071302414,,,,,,,,,,,,
33,,,118299,,,,,,,,,,,0.06113797426223755,,,,,,,,,,,,
33,,,118319,,,,,,,,,,,0.09578674286603928,,,,,,,,,,,,
33,,,118339,,,,,,,,,,,0.0036997366696596146,,,,,,,,,,,,
33,,,118359,,,,,,,,,,,0.16139087080955505,,,,,,,,,,,,
33,,,118379,,,,,,,,,,,0.010263056494295597,,,,,,,,,,,,
33,,,118387,,,,,,,,,,,,0.6175569295883179,0.8812704086303711,0.6230466961860657,2.8059771060943604,0.6649885177612305,0.5752691626548767,0.6970956921577454,0.6418800354003906,0.6750945448875427,0.769535481929779,0.5734440088272095,0.6175569295883179
33,,,118387,,,,,,,,,0.9701676368713379,0.05454443395137787,,,,,,,,,,,,,
,0.00015,0.00015,118388,,,,,,,,,,,,,,,,,,,,,,,
34,,,118399,,,,,,,,,,,0.2122260332107544,,,,,,,,,,,,
34,,,118419,,,,,,,,,,,0.009813048876821995,,,,,,,,,,,,
34,,,118439,,,,,,,,,,,0.0753677487373352,,,,,,,,,,,,
34,,,118459,,,,,,,,,,,0.00650529470294714,,,,,,,,,,,,
34,,,118479,,,,,,,,,,,0.020266283303499222,,,,,,,,,,,,
34,,,118499,,,,,,,,,,,0.029453933238983154,,,,,,,,,,,,
34,,,118519,,,,,,,,,,,0.032610319554805756,,,,,,,,,,,,
34,,,118539,,,,,,,,,,,0.0026099751703441143,,,,,,,,,,,,
34,,,118559,,,,,,,,,,,0.015712860971689224,,,,,,,,,,,,
34,,,118579,,,,,,,,,,,0.000433830835390836,,,,,,,,,,,,
34,,,118599,,,,,,,,,,,0.07287809252738953,,,,,,,,,,,,
34,,,118619,,,,,,,,,,,0.0015721681993454695,,,,,,,,,,,,
34,,,118639,,,,,,,,,,,0.14383521676063538,,,,,,,,,,,,
34,,,118659,,,,,,,,,,,0.01600596122443676,,,,,,,,,,,,
34,,,118679,,,,,,,,,,,0.008660282008349895,,,,,,,,,,,,
34,,,118699,,,,,,,,,,,0.0006892705569043756,,,,,,,,,,,,
34,,,118719,,,,,,,,,,,0.06862741708755493,,,,,,,,,,,,
34,,,118739,,,,,,,,,,,0.004995071329176426,,,,,,,,,,,,
34,,,118759,,,,,,,,,,,0.047672171145677567,,,,,,,,,,,,
34,,,118779,,,,,,,,,,,0.03247831016778946,,,,,,,,,,,,
34,,,118799,,,,,,,,,,,0.03986870124936104,,,,,,,,,,,,
34,,,118819,,,,,,,,,,,0.11737939715385437,,,,,,,,,,,,
34,,,118839,,,,,,,,,,,0.05645451322197914,,,,,,,,,,,,
34,,,118859,,,,,,,,,,,0.13150613009929657,,,,,,,,,,,,
34,,,118879,,,,,,,,,,,0.013220109045505524,,,,,,,,,,,,
34,,,118899,,,,,,,,,,,0.045965034514665604,,,,,,,,,,,,
34,,,118919,,,,,,,,,,,0.018350526690483093,,,,,,,,,,,,
34,,,118939,,,,,,,,,,,0.06316348910331726,,,,,,,,,,,,
34,,,118959,,,,,,,,,,,0.12181005626916885,,,,,,,,,,,,
34,,,118979,,,,,,,,,,,0.02808327227830887,,,,,,,,,,,,
34,,,118999,,,,,,,,,,,0.026988545432686806,,,,,,,,,,,,
34,,,119019,,,,,,,,,,,0.10365895926952362,,,,,,,,,,,,
34,,,119039,,,,,,,,,,,0.010922819375991821,,,,,,,,,,,,
34,,,119059,,,,,,,,,,,0.0017448158469051123,,,,,,,,,,,,
34,,,119079,,,,,,,,,,,0.009727878496050835,,,,,,,,,,,,
34,,,119099,,,,,,,,,,,0.01072041504085064,,,,,,,,,,,,
34,,,119119,,,,,,,,,,,0.0031877094879746437,,,,,,,,,,,,
34,,,119139,,,,,,,,,,,0.0032049021683633327,,,,,,,,,,,,
34,,,119159,,,,,,,,,,,0.05024123564362526,,,,,,,,,,,,
34,,,119179,,,,,,,,,,,0.10906220227479935,,,,,,,,,,,,
34,,,119199,,,,,,,,,,,0.22156137228012085,,,,,,,,,,,,
34,,,119219,,,,,,,,,,,0.0064638336189091206,,,,,,,,,,,,
34,,,119239,,,,,,,,,,,0.00835797656327486,,,,,,,,,,,,
34,,,119259,,,,,,,,,,,0.005726051516830921,,,,,,,,,,,,
34,,,119279,,,,,,,,,,,0.02939307503402233,,,,,,,,,,,,
34,,,119299,,,,,,,,,,,0.02277185022830963,,,,,,,,,,,,
34,,,119319,,,,,,,,,,,0.0014132058713585138,,,,,,,,,,,,
34,,,119339,,,,,,,,,,,0.014200064353644848,,,,,,,,,,,,
34,,,119359,,,,,,,,,,,0.0938691645860672,,,,,,,,,,,,
34,,,119379,,,,,,,,,,,0.01602054387331009,,,,,,,,,,,,
34,,,119399,,,,,,,,,,,0.008324738591909409,,,,,,,,,,,,
34,,,119419,,,,,,,,,,,0.007392348721623421,,,,,,,,,,,,
34,,,119439,,,,,,,,,,,0.03122875653207302,,,,,,,,,,,,
34,,,119459,,,,,,,,,,,0.021875634789466858,,,,,,,,,,,,
34,,,119479,,,,,,,,,,,0.31198757886886597,,,,,,,,,,,,
34,,,119499,,,,,,,,,,,0.01125166192650795,,,,,,,,,,,,
34,,,119519,,,,,,,,,,,0.043821752071380615,,,,,,,,,,,,
34,,,119539,,,,,,,,,,,0.1585312783718109,,,,,,,,,,,,
34,,,119559,,,,,,,,,,,0.0064697302877902985,,,,,,,,,,,,
34,,,119579,,,,,,,,,,,0.038042690604925156,,,,,,,,,,,,
34,,,119599,,,,,,,,,,,0.009964478202164173,,,,,,,,,,,,
34,,,119619,,,,,,,,,,,0.0007369291270151734,,,,,,,,,,,,
34,,,119639,,,,,,,,,,,0.06493549793958664,,,,,,,,,,,,
34,,,119659,,,,,,,,,,,0.10912376642227173,,,,,,,,,,,,
34,,,119679,,,,,,,,,,,0.25751519203186035,,,,,,,,,,,,
34,,,119699,,,,,,,,,,,0.036073703318834305,,,,,,,,,,,,
34,,,119719,,,,,,,,,,,0.0011750936973839998,,,,,,,,,,,,
34,,,119739,,,,,,,,,,,0.011849428527057171,,,,,,,,,,,,
34,,,119759,,,,,,,,,,,0.10693436861038208,,,,,,,,,,,,
34,,,119779,,,,,,,,,,,0.005454612895846367,,,,,,,,,,,,
34,,,119799,,,,,,,,,,,0.07953719049692154,,,,,,,,,,,,
34,,,119819,,,,,,,,,,,0.14388728141784668,,,,,,,,,,,,
34,,,119839,,,,,,,,,,,0.0006338069215416908,,,,,,,,,,,,
34,,,119859,,,,,,,,,,,0.07296794652938843,,,,,,,,,,,,
34,,,119879,,,,,,,,,,,0.00174852111376822,,,,,,,,,,,,
34,,,119899,,,,,,,,,,,0.137000173330307,,,,,,,,,,,,
34,,,119919,,,,,,,,,,,0.30159053206443787,,,,,,,,,,,,
34,,,119939,,,,,,,,,,,0.08119452744722366,,,,,,,,,,,,
34,,,119959,,,,,,,,,,,0.001995878294110298,,,,,,,,,,,,
34,,,119979,,,,,,,,,,,0.0008161095320247114,,,,,,,,,,,,
34,,,119999,,,,,,,,,,,0.009876360185444355,,,,,,,,,,,,
34,,,120019,,,,,,,,,,,0.03683873638510704,,,,,,,,,,,,
34,,,120039,,,,,,,,,,,0.04041905701160431,,,,,,,,,,,,
34,,,120059,,,,,,,,,,,0.0020749466493725777,,,,,,,,,,,,
34,,,120079,,,,,,,,,,,0.1965935081243515,,,,,,,,,,,,
34,,,120099,,,,,,,,,,,0.001687174546532333,,,,,,,,,,,,
34,,,120119,,,,,,,,,,,0.07508954405784607,,,,,,,,,,,,
34,,,120139,,,,,,,,,,,0.007831634022295475,,,,,,,,,,,,
34,,,120159,,,,,,,,,,,0.0009289564331993461,,,,,,,,,,,,
34,,,120179,,,,,,,,,,,0.3770320415496826,,,,,,,,,,,,
34,,,120199,,,,,,,,,,,0.028968263417482376,,,,,,,,,,,,
34,,,120219,,,,,,,,,,,0.004598742816597223,,,,,,,,,,,,
34,,,120239,,,,,,,,,,,0.0010482247453182936,,,,,,,,,,,,
34,,,120259,,,,,,,,,,,0.043503109365701675,,,,,,,,,,,,
34,,,120279,,,,,,,,,,,0.001772762625478208,,,,,,,,,,,,
34,,,120299,,,,,,,,,,,0.09508287906646729,,,,,,,,,,,,
34,,,120319,,,,,,,,,,,0.007336724083870649,,,,,,,,,,,,
34,,,120339,,,,,,,,,,,0.0693819522857666,,,,,,,,,,,,
34,,,120359,,,,,,,,,,,0.01420241966843605,,,,,,,,,,,,
34,,,120379,,,,,,,,,,,0.0005886065191589296,,,,,,,,,,,,
34,,,120399,,,,,,,,,,,0.0013780944282189012,,,,,,,,,,,,
34,,,120419,,,,,,,,,,,0.0010314363753423095,,,,,,,,,,,,
34,,,120439,,,,,,,,,,,0.1824970692396164,,,,,,,,,,,,
34,,,120459,,,,,,,,,,,0.004723772406578064,,,,,,,,,,,,
34,,,120479,,,,,,,,,,,0.0025863111950457096,,,,,,,,,,,,
34,,,120499,,,,,,,,,,,0.039019085466861725,,,,,,,,,,,,
34,,,120519,,,,,,,,,,,0.01387934759259224,,,,,,,,,,,,
34,,,120539,,,,,,,,,,,0.018923286348581314,,,,,,,,,,,,
34,,,120559,,,,,,,,,,,0.062294114381074905,,,,,,,,,,,,
34,,,120579,,,,,,,,,,,0.011203422211110592,,,,,,,,,,,,
34,,,120599,,,,,,,,,,,0.15068131685256958,,,,,,,,,,,,
34,,,120619,,,,,,,,,,,0.000740053306799382,,,,,,,,,,,,
34,,,120639,,,,,,,,,,,0.02414361760020256,,,,,,,,,,,,
34,,,120659,,,,,,,,,,,0.00999215804040432,,,,,,,,,,,,
34,,,120679,,,,,,,,,,,0.06280523538589478,,,,,,,,,,,,
34,,,120699,,,,,,,,,,,0.05364788696169853,,,,,,,,,,,,
34,,,120719,,,,,,,,,,,0.023899871855974197,,,,,,,,,,,,
34,,,120739,,,,,,,,,,,0.12425417453050613,,,,,,,,,,,,
34,,,120759,,,,,,,,,,,0.003412146819755435,,,,,,,,,,,,
34,,,120779,,,,,,,,,,,0.01806512288749218,,,,,,,,,,,,
34,,,120799,,,,,,,,,,,0.0018350973259657621,,,,,,,,,,,,
34,,,120819,,,,,,,,,,,0.01284794695675373,,,,,,,,,,,,
34,,,120839,,,,,,,,,,,0.0074608540162444115,,,,,,,,,,,,
34,,,120859,,,,,,,,,,,0.03842237964272499,,,,,,,,,,,,
34,,,120879,,,,,,,,,,,0.10042130947113037,,,,,,,,,,,,
34,,,120899,,,,,,,,,,,0.0007158940425142646,,,,,,,,,,,,
34,,,120919,,,,,,,,,,,0.09284331649541855,,,,,,,,,,,,
34,,,120939,,,,,,,,,,,0.007417932152748108,,,,,,,,,,,,
34,,,120959,,,,,,,,,,,0.22545605897903442,,,,,,,,,,,,
34,,,120979,,,,,,,,,,,0.09082463383674622,,,,,,,,,,,,
34,,,120999,,,,,,,,,,,0.002238478744402528,,,,,,,,,,,,
34,,,121019,,,,,,,,,,,0.016190629452466965,,,,,,,,,,,,
34,,,121039,,,,,,,,,,,0.0018116169376298785,,,,,,,,,,,,
34,,,121059,,,,,,,,,,,0.00694422610104084,,,,,,,,,,,,
34,,,121079,,,,,,,,,,,0.18773892521858215,,,,,,,,,,,,
34,,,121099,,,,,,,,,,,0.07016762346029282,,,,,,,,,,,,
34,,,121119,,,,,,,,,,,0.18833115696907043,,,,,,,,,,,,
34,,,121139,,,,,,,,,,,0.0023385011591017246,,,,,,,,,,,,
34,,,121159,,,,,,,,,,,0.07271517813205719,,,,,,,,,,,,
34,,,121179,,,,,,,,,,,0.012699994258582592,,,,,,,,,,,,
34,,,121199,,,,,,,,,,,0.06574609130620956,,,,,,,,,,,,
34,,,121219,,,,,,,,,,,0.017600318416953087,,,,,,,,,,,,
34,,,121239,,,,,,,,,,,0.0865665078163147,,,,,,,,,,,,
34,,,121259,,,,,,,,,,,0.00410804245620966,,,,,,,,,,,,
34,,,121279,,,,,,,,,,,0.1633022129535675,,,,,,,,,,,,
34,,,121299,,,,,,,,,,,0.28291600942611694,,,,,,,,,,,,
34,,,121319,,,,,,,,,,,0.001716230297461152,,,,,,,,,,,,
34,,,121339,,,,,,,,,,,0.0919906347990036,,,,,,,,,,,,
34,,,121359,,,,,,,,,,,0.0014767982065677643,,,,,,,,,,,,
34,,,121379,,,,,,,,,,,0.011954966932535172,,,,,,,,,,,,
34,,,121399,,,,,,,,,,,0.0005992039223201573,,,,,,,,,,,,
34,,,121419,,,,,,,,,,,0.060221947729587555,,,,,,,,,,,,
34,,,121439,,,,,,,,,,,0.03395263850688934,,,,,,,,,,,,
34,,,121459,,,,,,,,,,,0.0032603121362626553,,,,,,,,,,,,
34,,,121479,,,,,,,,,,,0.007296229247003794,,,,,,,,,,,,
34,,,121499,,,,,,,,,,,0.004674894735217094,,,,,,,,,,,,
34,,,121519,,,,,,,,,,,0.07944390922784805,,,,,,,,,,,,
34,,,121539,,,,,,,,,,,0.0033035967499017715,,,,,,,,,,,,
34,,,121559,,,,,,,,,,,0.010382430627942085,,,,,,,,,,,,
34,,,121579,,,,,,,,,,,0.011007411405444145,,,,,,,,,,,,
34,,,121599,,,,,,,,,,,0.04181033372879028,,,,,,,,,,,,
34,,,121619,,,,,,,,,,,0.07699707895517349,,,,,,,,,,,,
34,,,121639,,,,,,,,,,,0.0041714939288794994,,,,,,,,,,,,
34,,,121659,,,,,,,,,,,0.0021809779573231936,,,,,,,,,,,,
34,,,121679,,,,,,,,,,,0.001492596697062254,,,,,,,,,,,,
34,,,121699,,,,,,,,,,,0.015096982941031456,,,,,,,,,,,,
34,,,121719,,,,,,,,,,,0.03375307470560074,,,,,,,,,,,,
34,,,121739,,,,,,,,,,,0.017196228727698326,,,,,,,,,,,,
34,,,121759,,,,,,,,,,,0.1889827847480774,,,,,,,,,,,,
34,,,121779,,,,,,,,,,,0.027511345222592354,,,,,,,,,,,,
34,,,121799,,,,,,,,,,,0.2019781470298767,,,,,,,,,,,,
34,,,121819,,,,,,,,,,,0.3617176115512848,,,,,,,,,,,,
34,,,121839,,,,,,,,,,,0.00027219581534154713,,,,,,,,,,,,
34,,,121859,,,,,,,,,,,0.26839104294776917,,,,,,,,,,,,
34,,,121869,,,,,,,,,,,,0.629701554775238,0.8903570175170898,0.6360586285591125,3.23270845413208,0.7239021062850952,0.594891369342804,0.7029279470443726,0.8434755206108093,0.6268342137336731,0.7410880923271179,0.6842105388641357,0.629701554775238
34,,,121869,,,,,,,,,0.9709627628326416,0.05303468927741051,,,,,,,,,,,,,
,0.00014094322538665707,0.00014094322538665707,121870,,,,,,,,,,,,,,,,,,,,,,,
35,,,121879,,,,,,,,,,,0.312619686126709,,,,,,,,,,,,
35,,,121899,,,,,,,,,,,0.09120989590883255,,,,,,,,,,,,
35,,,121919,,,,,,,,,,,0.1025102436542511,,,,,,,,,,,,
35,,,121939,,,,,,,,,,,0.005942335352301598,,,,,,,,,,,,
35,,,121959,,,,,,,,,,,0.018678028136491776,,,,,,,,,,,,
35,,,121979,,,,,,,,,,,0.04740709438920021,,,,,,,,,,,,
35,,,121999,,,,,,,,,,,0.014099039137363434,,,,,,,,,,,,
35,,,122019,,,,,,,,,,,0.023819219321012497,,,,,,,,,,,,
35,,,122039,,,,,,,,,,,0.00959719903767109,,,,,,,,,,,,
35,,,122059,,,,,,,,,,,0.004144733771681786,,,,,,,,,,,,
35,,,122079,,,,,,,,,,,0.00840829499065876,,,,,,,,,,,,
35,,,122099,,,,,,,,,,,0.0065916855819523335,,,,,,,,,,,,
35,,,122119,,,,,,,,,,,0.0010323122842237353,,,,,,,,,,,,
35,,,122139,,,,,,,,,,,0.009483175352215767,,,,,,,,,,,,
35,,,122159,,,,,,,,,,,0.04667333513498306,,,,,,,,,,,,
35,,,122179,,,,,,,,,,,0.034001149237155914,,,,,,,,,,,,
35,,,122199,,,,,,,,,,,0.00036594338598661125,,,,,,,,,,,,
35,,,122219,,,,,,,,,,,0.01298062689602375,,,,,,,,,,,,
35,,,122239,,,,,,,,,,,0.004221830517053604,,,,,,,,,,,,
35,,,122259,,,,,,,,,,,0.009251948446035385,,,,,,,,,,,,
35,,,122279,,,,,,,,,,,0.0003846873587463051,,,,,,,,,,,,
35,,,122299,,,,,,,,,,,0.002650794107466936,,,,,,,,,,,,
35,,,122319,,,,,,,,,,,0.12815101444721222,,,,,,,,,,,,
35,,,122339,,,,,,,,,,,0.024310149252414703,,,,,,,,,,,,
35,,,122359,,,,,,,,,,,0.019462887197732925,,,,,,,,,,,,
35,,,122379,,,,,,,,,,,0.18038004636764526,,,,,,,,,,,,
35,,,122399,,,,,,,,,,,0.020842289552092552,,,,,,,,,,,,
35,,,122419,,,,,,,,,,,0.12582387030124664,,,,,,,,,,,,
35,,,122439,,,,,,,,,,,0.0037872930988669395,,,,,,,,,,,,
35,,,122459,,,,,,,,,,,0.14323878288269043,,,,,,,,,,,,
35,,,122479,,,,,,,,,,,0.005089635960757732,,,,,,,,,,,,
35,,,122499,,,,,,,,,,,0.029686858877539635,,,,,,,,,,,,
35,,,122519,,,,,,,,,,,0.0945902094244957,,,,,,,,,,,,
35,,,122539,,,,,,,,,,,0.0005616018315777183,,,,,,,,,,,,
35,,,122559,,,,,,,,,,,0.1608418971300125,,,,,,,,,,,,
35,,,122579,,,,,,,,,,,6.745153950760141e-05,,,,,,,,,,,,
35,,,122599,,,,,,,,,,,0.00619692774489522,,,,,,,,,,,,
35,,,122619,,,,,,,,,,,0.013645485043525696,,,,,,,,,,,,
35,,,122639,,,,,,,,,,,0.11118899285793304,,,,,,,,,,,,
35,,,122659,,,,,,,,,,,0.08745280653238297,,,,,,,,,,,,
35,,,122679,,,,,,,,,,,0.003028203034773469,,,,,,,,,,,,
35,,,122699,,,,,,,,,,,0.00298411026597023,,,,,,,,,,,,
35,,,122719,,,,,,,,,,,0.06569978594779968,,,,,,,,,,,,
35,,,122739,,,,,,,,,,,0.0008227399666793644,,,,,,,,,,,,
35,,,122759,,,,,,,,,,,0.044228650629520416,,,,,,,,,,,,
35,,,122779,,,,,,,,,,,0.0065645440481603146,,,,,,,,,,,,
35,,,122799,,,,,,,,,,,0.161726713180542,,,,,,,,,,,,
35,,,122819,,,,,,,,,,,0.013661260716617107,,,,,,,,,,,,
35,,,122839,,,,,,,,,,,0.015802085399627686,,,,,,,,,,,,
35,,,122859,,,,,,,,,,,0.0011038759257644415,,,,,,,,,,,,
35,,,122879,,,,,,,,,,,0.0044944146648049355,,,,,,,,,,,,
35,,,122899,,,,,,,,,,,0.03622586652636528,,,,,,,,,,,,
35,,,122919,,,,,,,,,,,0.0021535372361540794,,,,,,,,,,,,
35,,,122939,,,,,,,,,,,0.001516210613772273,,,,,,,,,,,,
35,,,122959,,,,,,,,,,,0.020687267184257507,,,,,,,,,,,,
35,,,122979,,,,,,,,,,,0.0019997521303594112,,,,,,,,,,,,
35,,,122999,,,,,,,,,,,0.19315774738788605,,,,,,,,,,,,
35,,,123019,,,,,,,,,,,0.0008821511291898787,,,,,,,,,,,,
35,,,123039,,,,,,,,,,,0.013490833342075348,,,,,,,,,,,,
35,,,123059,,,,,,,,,,,0.004018336068838835,,,,,,,,,,,,
35,,,123079,,,,,,,,,,,0.011110490188002586,,,,,,,,,,,,
35,,,123099,,,,,,,,,,,0.16214977204799652,,,,,,,,,,,,
35,,,123119,,,,,,,,,,,0.0001912558072945103,,,,,,,,,,,,
35,,,123139,,,,,,,,,,,0.23310889303684235,,,,,,,,,,,,
35,,,123159,,,,,,,,,,,0.06881652772426605,,,,,,,,,,,,
35,,,123179,,,,,,,,,,,0.09263811260461807,,,,,,,,,,,,
35,,,123199,,,,,,,,,,,0.0003970694961026311,,,,,,,,,,,,
35,,,123219,,,,,,,,,,,0.008969551883637905,,,,,,,,,,,,
35,,,123239,,,,,,,,,,,0.01096781063824892,,,,,,,,,,,,
35,,,123259,,,,,,,,,,,0.06622482091188431,,,,,,,,,,,,
35,,,123279,,,,,,,,,,,0.04751002788543701,,,,,,,,,,,,
35,,,123299,,,,,,,,,,,0.0026157123502343893,,,,,,,,,,,,
35,,,123319,,,,,,,,,,,0.005602162331342697,,,,,,,,,,,,
35,,,123339,,,,,,,,,,,0.14064817130565643,,,,,,,,,,,,
35,,,123359,,,,,,,,,,,0.0005240278551355004,,,,,,,,,,,,
35,,,123379,,,,,,,,,,,0.019983835518360138,,,,,,,,,,,,
35,,,123399,,,,,,,,,,,0.04031113535165787,,,,,,,,,,,,
35,,,123419,,,,,,,,,,,0.12491749972105026,,,,,,,,,,,,
35,,,123439,,,,,,,,,,,0.01874205842614174,,,,,,,,,,,,
35,,,123459,,,,,,,,,,,0.05685269087553024,,,,,,,,,,,,
35,,,123479,,,,,,,,,,,0.007458502892404795,,,,,,,,,,,,
35,,,123499,,,,,,,,,,,0.06933809816837311,,,,,,,,,,,,
35,,,123519,,,,,,,,,,,0.00290827639400959,,,,,,,,,,,,
35,,,123539,,,,,,,,,,,0.0016852694097906351,,,,,,,,,,,,
35,,,123559,,,,,,,,,,,0.11360973864793777,,,,,,,,,,,,
35,,,123579,,,,,,,,,,,0.0016884513897821307,,,,,,,,,,,,
35,,,123599,,,,,,,,,,,0.0003932695253752172,,,,,,,,,,,,
35,,,123619,,,,,,,,,,,0.002446749247610569,,,,,,,,,,,,
35,,,123639,,,,,,,,,,,0.0023626491893082857,,,,,,,,,,,,
35,,,123659,,,,,,,,,,,0.010097134858369827,,,,,,,,,,,,
35,,,123679,,,,,,,,,,,0.1076681986451149,,,,,,,,,,,,
35,,,123699,,,,,,,,,,,0.0016280504642054439,,,,,,,,,,,,
35,,,123719,,,,,,,,,,,0.0015147525118663907,,,,,,,,,,,,
35,,,123739,,,,,,,,,,,0.009695770218968391,,,,,,,,,,,,
35,,,123759,,,,,,,,,,,0.04974912106990814,,,,,,,,,,,,
35,,,123779,,,,,,,,,,,0.0010206445585936308,,,,,,,,,,,,
35,,,123799,,,,,,,,,,,0.00158347946126014,,,,,,,,,,,,
35,,,123819,,,,,,,,,,,0.34061598777770996,,,,,,,,,,,,
35,,,123839,,,,,,,,,,,0.11594996601343155,,,,,,,,,,,,
35,,,123859,,,,,,,,,,,0.16122789680957794,,,,,,,,,,,,
35,,,123879,,,,,,,,,,,0.0002005446149269119,,,,,,,,,,,,
35,,,123899,,,,,,,,,,,0.015788746997714043,,,,,,,,,,,,
35,,,123919,,,,,,,,,,,0.0030084094032645226,,,,,,,,,,,,
35,,,123939,,,,,,,,,,,0.0010073708835989237,,,,,,,,,,,,
35,,,123959,,,,,,,,,,,0.001562024001032114,,,,,,,,,,,,
35,,,123979,,,,,,,,,,,0.07679851353168488,,,,,,,,,,,,
35,,,123999,,,,,,,,,,,0.1471208930015564,,,,,,,,,,,,
35,,,124019,,,,,,,,,,,0.02926681563258171,,,,,,,,,,,,
35,,,124039,,,,,,,,,,,0.2893329858779907,,,,,,,,,,,,
35,,,124059,,,,,,,,,,,0.2850048243999481,,,,,,,,,,,,
35,,,124079,,,,,,,,,,,0.0013670610496774316,,,,,,,,,,,,
35,,,124099,,,,,,,,,,,0.08707762509584427,,,,,,,,,,,,
35,,,124119,,,,,,,,,,,0.04317144677042961,,,,,,,,,,,,
35,,,124139,,,,,,,,,,,0.14836445450782776,,,,,,,,,,,,
35,,,124159,,,,,,,,,,,0.0018139609601348639,,,,,,,,,,,,
35,,,124179,,,,,,,,,,,0.006398607045412064,,,,,,,,,,,,
35,,,124199,,,,,,,,,,,0.10927146673202515,,,,,,,,,,,,
35,,,124219,,,,,,,,,,,0.008572102524340153,,,,,,,,,,,,
35,,,124239,,,,,,,,,,,0.010243290103971958,,,,,,,,,,,,
35,,,124259,,,,,,,,,,,0.17391085624694824,,,,,,,,,,,,
35,,,124279,,,,,,,,,,,0.18376335501670837,,,,,,,,,,,,
35,,,124299,,,,,,,,,,,0.008517567999660969,,,,,,,,,,,,
35,,,124319,,,,,,,,,,,0.062089234590530396,,,,,,,,,,,,
35,,,124339,,,,,,,,,,,0.002170915948227048,,,,,,,,,,,,
35,,,124359,,,,,,,,,,,0.006697456352412701,,,,,,,,,,,,
35,,,124379,,,,,,,,,,,0.000545383314602077,,,,,,,,,,,,
35,,,124399,,,,,,,,,,,0.01008130144327879,,,,,,,,,,,,
35,,,124419,,,,,,,,,,,0.03328040987253189,,,,,,,,,,,,
35,,,124439,,,,,,,,,,,0.0017902280669659376,,,,,,,,,,,,
35,,,124459,,,,,,,,,,,0.1361166387796402,,,,,,,,,,,,
35,,,124479,,,,,,,,,,,0.0074172671884298325,,,,,,,,,,,,
35,,,124499,,,,,,,,,,,0.04417581111192703,,,,,,,,,,,,
35,,,124519,,,,,,,,,,,0.1403162181377411,,,,,,,,,,,,
35,,,124539,,,,,,,,,,,0.0052907150238752365,,,,,,,,,,,,
35,,,124559,,,,,,,,,,,0.019372237846255302,,,,,,,,,,,,
35,,,124579,,,,,,,,,,,0.01010592095553875,,,,,,,,,,,,
35,,,124599,,,,,,,,,,,0.014434503391385078,,,,,,,,,,,,
35,,,124619,,,,,,,,,,,0.004920876584947109,,,,,,,,,,,,
35,,,124639,,,,,,,,,,,0.0339619480073452,,,,,,,,,,,,
35,,,124659,,,,,,,,,,,0.000995576847344637,,,,,,,,,,,,
35,,,124679,,,,,,,,,,,0.001467586145736277,,,,,,,,,,,,
35,,,124699,,,,,,,,,,,0.009563455358147621,,,,,,,,,,,,
35,,,124719,,,,,,,,,,,0.10254082083702087,,,,,,,,,,,,
35,,,124739,,,,,,,,,,,0.0023557874374091625,,,,,,,,,,,,
35,,,124759,,,,,,,,,,,0.19904141128063202,,,,,,,,,,,,
35,,,124779,,,,,,,,,,,0.0027887695468962193,,,,,,,,,,,,
35,,,124799,,,,,,,,,,,0.001484235399402678,,,,,,,,,,,,
35,,,124819,,,,,,,,,,,0.17140313982963562,,,,,,,,,,,,
35,,,124839,,,,,,,,,,,0.12876994907855988,,,,,,,,,,,,
35,,,124859,,,,,,,,,,,0.05618949979543686,,,,,,,,,,,,
35,,,124879,,,,,,,,,,,0.011560564860701561,,,,,,,,,,,,
35,,,124899,,,,,,,,,,,0.11258638650178909,,,,,,,,,,,,
35,,,124919,,,,,,,,,,,0.00021628076501656324,,,,,,,,,,,,
35,,,124939,,,,,,,,,,,0.0021254881285130978,,,,,,,,,,,,
35,,,124959,,,,,,,,,,,0.0015423983568325639,,,,,,,,,,,,
35,,,124979,,,,,,,,,,,0.001199184451252222,,,,,,,,,,,,
35,,,124999,,,,,,,,,,,0.012703330256044865,,,,,,,,,,,,
35,,,125019,,,,,,,,,,,0.05848117172718048,,,,,,,,,,,,
35,,,125039,,,,,,,,,,,0.0005012144101783633,,,,,,,,,,,,
35,,,125059,,,,,,,,,,,0.0017564345616847277,,,,,,,,,,,,
35,,,125079,,,,,,,,,,,0.17861780524253845,,,,,,,,,,,,
35,,,125099,,,,,,,,,,,0.08449835330247879,,,,,,,,,,,,
35,,,125119,,,,,,,,,,,0.18778584897518158,,,,,,,,,,,,
35,,,125139,,,,,,,,,,,0.10698313266038895,,,,,,,,,,,,
35,,,125159,,,,,,,,,,,0.0065570734441280365,,,,,,,,,,,,
35,,,125179,,,,,,,,,,,0.16775724291801453,,,,,,,,,,,,
35,,,125199,,,,,,,,,,,0.030018245801329613,,,,,,,,,,,,
35,,,125219,,,,,,,,,,,0.0014279865426942706,,,,,,,,,,,,
35,,,125239,,,,,,,,,,,0.0021085646003484726,,,,,,,,,,,,
35,,,125259,,,,,,,,,,,0.08308307826519012,,,,,,,,,,,,
35,,,125279,,,,,,,,,,,0.2704479396343231,,,,,,,,,,,,
35,,,125299,,,,,,,,,,,0.026823069900274277,,,,,,,,,,,,
35,,,125319,,,,,,,,,,,0.0010419237660244107,,,,,,,,,,,,
35,,,125339,,,,,,,,,,,0.0184114221483469,,,,,,,,,,,,
35,,,125351,,,,,,,,,,,,0.660314679145813,0.9094870090484619,0.6691747903823853,2.5373637676239014,0.7253931760787964,0.6363050937652588,0.7371926307678223,0.7805898189544678,0.6874591708183289,0.7797650694847107,0.6537585258483887,0.660314679145813
35,,,125351,,,,,,,,,0.9720742702484131,0.051721107214689255,,,,,,,,,,,,,
,0.00013191949796170156,0.00013191949796170156,125352,,,,,,,,,,,,,,,,,,,,,,,
36,,,125359,,,,,,,,,,,0.11896401643753052,,,,,,,,,,,,
36,,,125379,,,,,,,,,,,0.12298086285591125,,,,,,,,,,,,
36,,,125399,,,,,,,,,,,0.008737347088754177,,,,,,,,,,,,
36,,,125419,,,,,,,,,,,0.08847365528345108,,,,,,,,,,,,
36,,,125439,,,,,,,,,,,0.001375693129375577,,,,,,,,,,,,
36,,,125459,,,,,,,,,,,0.0072789061814546585,,,,,,,,,,,,
36,,,125479,,,,,,,,,,,0.00587166752666235,,,,,,,,,,,,
36,,,125499,,,,,,,,,,,0.001511279260739684,,,,,,,,,,,,
36,,,125519,,,,,,,,,,,0.025140799582004547,,,,,,,,,,,,
36,,,125539,,,,,,,,,,,0.0035341756884008646,,,,,,,,,,,,
36,,,125559,,,,,,,,,,,0.006012484431266785,,,,,,,,,,,,
36,,,125579,,,,,,,,,,,0.0010591134196147323,,,,,,,,,,,,
36,,,125599,,,,,,,,,,,0.0007061398355290294,,,,,,,,,,,,
36,,,125619,,,,,,,,,,,0.047679025679826736,,,,,,,,,,,,
36,,,125639,,,,,,,,,,,0.005823142826557159,,,,,,,,,,,,
36,,,125659,,,,,,,,,,,0.0666460245847702,,,,,,,,,,,,
36,,,125679,,,,,,,,,,,0.0007725777104496956,,,,,,,,,,,,
36,,,125699,,,,,,,,,,,0.1469026505947113,,,,,,,,,,,,
36,,,125719,,,,,,,,,,,0.026813339442014694,,,,,,,,,,,,
36,,,125739,,,,,,,,,,,0.003244836116209626,,,,,,,,,,,,
36,,,125759,,,,,,,,,,,0.16538508236408234,,,,,,,,,,,,
36,,,125779,,,,,,,,,,,0.004188474267721176,,,,,,,,,,,,
36,,,125799,,,,,,,,,,,0.1695624440908432,,,,,,,,,,,,
36,,,125819,,,,,,,,,,,0.010908488184213638,,,,,,,,,,,,
36,,,125839,,,,,,,,,,,0.001201049773953855,,,,,,,,,,,,
36,,,125859,,,,,,,,,,,0.06407273560762405,,,,,,,,,,,,
36,,,125879,,,,,,,,,,,0.013905235566198826,,,,,,,,,,,,
36,,,125899,,,,,,,,,,,0.0008925533038564026,,,,,,,,,,,,
36,,,125919,,,,,,,,,,,0.02181265875697136,,,,,,,,,,,,
36,,,125939,,,,,,,,,,,0.03876122832298279,,,,,,,,,,,,
36,,,125959,,,,,,,,,,,0.028831657022237778,,,,,,,,,,,,
36,,,125979,,,,,,,,,,,0.01665479689836502,,,,,,,,,,,,
36,,,125999,,,,,,,,,,,0.000981056597083807,,,,,,,,,,,,
36,,,126019,,,,,,,,,,,0.0463777594268322,,,,,,,,,,,,
36,,,126039,,,,,,,,,,,0.025156555697321892,,,,,,,,,,,,
36,,,126059,,,,,,,,,,,0.06071515008807182,,,,,,,,,,,,
36,,,126079,,,,,,,,,,,0.00033034521038644016,,,,,,,,,,,,
36,,,126099,,,,,,,,,,,0.0023612985387444496,,,,,,,,,,,,
36,,,126119,,,,,,,,,,,0.0023619774729013443,,,,,,,,,,,,
36,,,126139,,,,,,,,,,,0.0024280883371829987,,,,,,,,,,,,
36,,,126159,,,,,,,,,,,0.008343718945980072,,,,,,,,,,,,
36,,,126179,,,,,,,,,,,0.012630397453904152,,,,,,,,,,,,
36,,,126199,,,,,,,,,,,0.310326486825943,,,,,,,,,,,,
36,,,126219,,,,,,,,,,,0.10923253744840622,,,,,,,,,,,,
36,,,126239,,,,,,,,,,,0.12148579210042953,,,,,,,,,,,,
36,,,126259,,,,,,,,,,,0.11019313335418701,,,,,,,,,,,,
36,,,126279,,,,,,,,,,,0.10362834483385086,,,,,,,,,,,,
36,,,126299,,,,,,,,,,,0.07571770995855331,,,,,,,,,,,,
36,,,126319,,,,,,,,,,,0.01930069923400879,,,,,,,,,,,,
36,,,126339,,,,,,,,,,,0.0009043334284797311,,,,,,,,,,,,
36,,,126359,,,,,,,,,,,0.0010177859803661704,,,,,,,,,,,,
36,,,126379,,,,,,,,,,,0.029897984117269516,,,,,,,,,,,,
36,,,126399,,,,,,,,,,,0.28012531995773315,,,,,,,,,,,,
36,,,126419,,,,,,,,,,,0.0161748044192791,,,,,,,,,,,,
36,,,126439,,,,,,,,,,,0.3722383975982666,,,,,,,,,,,,
36,,,126459,,,,,,,,,,,0.006059974431991577,,,,,,,,,,,,
36,,,126479,,,,,,,,,,,0.08855094760656357,,,,,,,,,,,,
36,,,126499,,,,,,,,,,,0.0011127653997391462,,,,,,,,,,,,
36,,,126519,,,,,,,,,,,0.0060762157663702965,,,,,,,,,,,,
36,,,126539,,,,,,,,,,,0.09484539926052094,,,,,,,,,,,,
36,,,126559,,,,,,,,,,,0.005060227587819099,,,,,,,,,,,,
36,,,126579,,,,,,,,,,,0.0012714569456875324,,,,,,,,,,,,
36,,,126599,,,,,,,,,,,0.0014647402567788959,,,,,,,,,,,,
36,,,126619,,,,,,,,,,,0.014601794071495533,,,,,,,,,,,,
36,,,126639,,,,,,,,,,,0.0515705868601799,,,,,,,,,,,,
36,,,126659,,,,,,,,,,,0.05721277743577957,,,,,,,,,,,,
36,,,126679,,,,,,,,,,,0.0005626382771879435,,,,,,,,,,,,
36,,,126699,,,,,,,,,,,0.0003409700293559581,,,,,,,,,,,,
36,,,126719,,,,,,,,,,,0.046241093426942825,,,,,,,,,,,,
36,,,126739,,,,,,,,,,,0.006831304170191288,,,,,,,,,,,,
36,,,126759,,,,,,,,,,,0.0015976446447893977,,,,,,,,,,,,
36,,,126779,,,,,,,,,,,0.19005809724330902,,,,,,,,,,,,
36,,,126799,,,,,,,,,,,0.007586639374494553,,,,,,,,,,,,
36,,,126819,,,,,,,,,,,0.09285899996757507,,,,,,,,,,,,
36,,,126839,,,,,,,,,,,0.1224064752459526,,,,,,,,,,,,
36,,,126859,,,,,,,,,,,0.1296263039112091,,,,,,,,,,,,
36,,,126879,,,,,,,,,,,0.0025304011069238186,,,,,,,,,,,,
36,,,126899,,,,,,,,,,,0.032534342259168625,,,,,,,,,,,,
36,,,126919,,,,,,,,,,,0.06578972190618515,,,,,,,,,,,,
36,,,126939,,,,,,,,,,,0.0008916376391425729,,,,,,,,,,,,
36,,,126959,,,,,,,,,,,0.004423223435878754,,,,,,,,,,,,
36,,,126979,,,,,,,,,,,0.009697357192635536,,,,,,,,,,,,
36,,,126999,,,,,,,,,,,0.010144230909645557,,,,,,,,,,,,
36,,,127019,,,,,,,,,,,0.08074066042900085,,,,,,,,,,,,
36,,,127039,,,,,,,,,,,0.01810339093208313,,,,,,,,,,,,
36,,,127059,,,,,,,,,,,0.005042440723627806,,,,,,,,,,,,
36,,,127079,,,,,,,,,,,0.0007727325428277254,,,,,,,,,,,,
36,,,127099,,,,,,,,,,,0.01496739313006401,,,,,,,,,,,,
36,,,127119,,,,,,,,,,,0.007516296114772558,,,,,,,,,,,,
36,,,127139,,,,,,,,,,,0.0017783194780349731,,,,,,,,,,,,
36,,,127159,,,,,,,,,,,0.04261832684278488,,,,,,,,,,,,
36,,,127179,,,,,,,,,,,0.0007145035197027028,,,,,,,,,,,,
36,,,127199,,,,,,,,,,,0.006078728474676609,,,,,,,,,,,,
36,,,127219,,,,,,,,,,,0.025644628331065178,,,,,,,,,,,,
36,,,127239,,,,,,,,,,,0.01814763806760311,,,,,,,,,,,,
36,,,127259,,,,,,,,,,,0.11833611130714417,,,,,,,,,,,,
36,,,127279,,,,,,,,,,,0.00979087594896555,,,,,,,,,,,,
36,,,127299,,,,,,,,,,,0.04230961948633194,,,,,,,,,,,,
36,,,127319,,,,,,,,,,,0.041739657521247864,,,,,,,,,,,,
36,,,127339,,,,,,,,,,,0.023014036938548088,,,,,,,,,,,,
36,,,127359,,,,,,,,,,,0.02639877051115036,,,,,,,,,,,,
36,,,127379,,,,,,,,,,,0.13254213333129883,,,,,,,,,,,,
36,,,127399,,,,,,,,,,,0.0021759667433798313,,,,,,,,,,,,
36,,,127419,,,,,,,,,,,0.12831085920333862,,,,,,,,,,,,
36,,,127439,,,,,,,,,,,0.004903146997094154,,,,,,,,,,,,
36,,,127459,,,,,,,,,,,0.07991696149110794,,,,,,,,,,,,
36,,,127479,,,,,,,,,,,0.1931544691324234,,,,,,,,,,,,
36,,,127499,,,,,,,,,,,0.10262955725193024,,,,,,,,,,,,
36,,,127519,,,,,,,,,,,0.026331277564167976,,,,,,,,,,,,
36,,,127539,,,,,,,,,,,0.0006369832553900778,,,,,,,,,,,,
36,,,127559,,,,,,,,,,,0.001691275741904974,,,,,,,,,,,,
36,,,127579,,,,,,,,,,,0.001910736202262342,,,,,,,,,,,,
36,,,127599,,,,,,,,,,,0.0013772472739219666,,,,,,,,,,,,
36,,,127619,,,,,,,,,,,0.10886289924383163,,,,,,,,,,,,
36,,,127639,,,,,,,,,,,0.015844065696001053,,,,,,,,,,,,
36,,,127659,,,,,,,,,,,0.0014390724245458841,,,,,,,,,,,,
36,,,127679,,,,,,,,,,,0.13701646029949188,,,,,,,,,,,,
36,,,127699,,,,,,,,,,,0.008264533244073391,,,,,,,,,,,,
36,,,127719,,,,,,,,,,,0.0031253197230398655,,,,,,,,,,,,
36,,,127739,,,,,,,,,,,0.016390975564718246,,,,,,,,,,,,
36,,,127759,,,,,,,,,,,0.12482232600450516,,,,,,,,,,,,
36,,,127779,,,,,,,,,,,0.016613030806183815,,,,,,,,,,,,
36,,,127799,,,,,,,,,,,0.00636251550167799,,,,,,,,,,,,
36,,,127819,,,,,,,,,,,0.012499304488301277,,,,,,,,,,,,
36,,,127839,,,,,,,,,,,0.0004477257316466421,,,,,,,,,,,,
36,,,127859,,,,,,,,,,,0.06772064417600632,,,,,,,,,,,,
36,,,127879,,,,,,,,,,,0.1268087923526764,,,,,,,,,,,,
36,,,127899,,,,,,,,,,,0.11628632992506027,,,,,,,,,,,,
36,,,127919,,,,,,,,,,,0.18346834182739258,,,,,,,,,,,,
36,,,127939,,,,,,,,,,,0.05031874030828476,,,,,,,,,,,,
36,,,127959,,,,,,,,,,,0.0020820910576730967,,,,,,,,,,,,
36,,,127979,,,,,,,,,,,0.051587577909231186,,,,,,,,,,,,
36,,,127999,,,,,,,,,,,0.026088306680321693,,,,,,,,,,,,
36,,,128019,,,,,,,,,,,0.3622951805591583,,,,,,,,,,,,
36,,,128039,,,,,,,,,,,0.09972365200519562,,,,,,,,,,,,
36,,,128059,,,,,,,,,,,0.012700553983449936,,,,,,,,,,,,
36,,,128079,,,,,,,,,,,0.030038177967071533,,,,,,,,,,,,
36,,,128099,,,,,,,,,,,0.08185306191444397,,,,,,,,,,,,
36,,,128119,,,,,,,,,,,0.0039036038797348738,,,,,,,,,,,,
36,,,128139,,,,,,,,,,,0.00851956382393837,,,,,,,,,,,,
36,,,128159,,,,,,,,,,,0.22830134630203247,,,,,,,,,,,,
36,,,128179,,,,,,,,,,,0.005633663386106491,,,,,,,,,,,,
36,,,128199,,,,,,,,,,,0.00029061277746222913,,,,,,,,,,,,
36,,,128219,,,,,,,,,,,0.19423717260360718,,,,,,,,,,,,
36,,,128239,,,,,,,,,,,0.005426052492111921,,,,,,,,,,,,
36,,,128259,,,,,,,,,,,0.007918884977698326,,,,,,,,,,,,
36,,,128279,,,,,,,,,,,0.00037356867687776685,,,,,,,,,,,,
36,,,128299,,,,,,,,,,,0.0005583424353972077,,,,,,,,,,,,
36,,,128319,,,,,,,,,,,0.0005536137614399195,,,,,,,,,,,,
36,,,128339,,,,,,,,,,,0.02073255553841591,,,,,,,,,,,,
36,,,128359,,,,,,,,,,,0.006749643944203854,,,,,,,,,,,,
36,,,128379,,,,,,,,,,,0.008886845782399178,,,,,,,,,,,,
36,,,128399,,,,,,,,,,,0.12412889301776886,,,,,,,,,,,,
36,,,128419,,,,,,,,,,,0.04247192293405533,,,,,,,,,,,,
36,,,128439,,,,,,,,,,,0.00048296531895175576,,,,,,,,,,,,
36,,,128459,,,,,,,,,,,0.004999776836484671,,,,,,,,,,,,
36,,,128479,,,,,,,,,,,0.007191057316958904,,,,,,,,,,,,
36,,,128499,,,,,,,,,,,0.0015424995217472315,,,,,,,,,,,,
36,,,128519,,,,,,,,,,,0.08583517372608185,,,,,,,,,,,,
36,,,128539,,,,,,,,,,,0.002362657804042101,,,,,,,,,,,,
36,,,128559,,,,,,,,,,,0.1903875470161438,,,,,,,,,,,,
36,,,128579,,,,,,,,,,,0.046165283769369125,,,,,,,,,,,,
36,,,128599,,,,,,,,,,,0.0015551203396171331,,,,,,,,,,,,
36,,,128619,,,,,,,,,,,0.0006029028445482254,,,,,,,,,,,,
36,,,128639,,,,,,,,,,,0.0017996677197515965,,,,,,,,,,,,
36,,,128659,,,,,,,,,,,0.012939037755131721,,,,,,,,,,,,
36,,,128679,,,,,,,,,,,0.10138556361198425,,,,,,,,,,,,
36,,,128699,,,,,,,,,,,0.003051580861210823,,,,,,,,,,,,
36,,,128719,,,,,,,,,,,0.07363001257181168,,,,,,,,,,,,
36,,,128739,,,,,,,,,,,0.13634046912193298,,,,,,,,,,,,
36,,,128759,,,,,,,,,,,0.09968308359384537,,,,,,,,,,,,
36,,,128779,,,,,,,,,,,0.044039662927389145,,,,,,,,,,,,
36,,,128799,,,,,,,,,,,0.0011911079054698348,,,,,,,,,,,,
36,,,128819,,,,,,,,,,,0.04126477614045143,,,,,,,,,,,,
36,,,128833,,,,,,,,,,,,0.6233885288238525,0.8846820592880249,0.6306061744689941,3.402569532394409,0.7146786451339722,0.5907894968986511,0.7035781741142273,0.697771430015564,0.6334188580513,0.7924320101737976,0.7350923418998718,0.6233885288238525
36,,,128833,,,,,,,,,0.9734352231025696,0.04864810034632683,,,,,,,,,,,,,
,0.00012296174432791413,0.00012296174432791413,128834,,,,,,,,,,,,,,,,,,,,,,,
37,,,128839,,,,,,,,,,,0.0047439467161893845,,,,,,,,,,,,
37,,,128859,,,,,,,,,,,0.0031066967640072107,,,,,,,,,,,,
37,,,128879,,,,,,,,,,,0.15168017148971558,,,,,,,,,,,,
37,,,128899,,,,,,,,,,,0.008664275519549847,,,,,,,,,,,,
37,,,128919,,,,,,,,,,,0.00484001450240612,,,,,,,,,,,,
37,,,128939,,,,,,,,,,,0.17498156428337097,,,,,,,,,,,,
37,,,128959,,,,,,,,,,,0.02197774313390255,,,,,,,,,,,,
37,,,128979,,,,,,,,,,,0.002351820934563875,,,,,,,,,,,,
37,,,128999,,,,,,,,,,,0.0018649541307240725,,,,,,,,,,,,
37,,,129019,,,,,,,,,,,0.01023599412292242,,,,,,,,,,,,
37,,,129039,,,,,,,,,,,0.0003591111162677407,,,,,,,,,,,,
37,,,129059,,,,,,,,,,,0.028815265744924545,,,,,,,,,,,,
37,,,129079,,,,,,,,,,,0.0003841915458906442,,,,,,,,,,,,
37,,,129099,,,,,,,,,,,0.0015957960858941078,,,,,,,,,,,,
37,,,129119,,,,,,,,,,,0.023834209889173508,,,,,,,,,,,,
37,,,129139,,,,,,,,,,,0.06338123232126236,,,,,,,,,,,,
37,,,129159,,,,,,,,,,,0.0019219073001295328,,,,,,,,,,,,
37,,,129179,,,,,,,,,,,0.042650457471609116,,,,,,,,,,,,
37,,,129199,,,,,,,,,,,0.02364356815814972,,,,,,,,,,,,
37,,,129219,,,,,,,,,,,0.0019833638798445463,,,,,,,,,,,,
37,,,129239,,,,,,,,,,,0.0021027785260230303,,,,,,,,,,,,
37,,,129259,,,,,,,,,,,0.0998295247554779,,,,,,,,,,,,
37,,,129279,,,,,,,,,,,0.0033214157447218895,,,,,,,,,,,,
37,,,129299,,,,,,,,,,,0.030378086492419243,,,,,,,,,,,,
37,,,129319,,,,,,,,,,,0.004488385748118162,,,,,,,,,,,,
37,,,129339,,,,,,,,,,,0.002511898521333933,,,,,,,,,,,,
37,,,129359,,,,,,,,,,,0.09353270381689072,,,,,,,,,,,,
37,,,129379,,,,,,,,,,,0.21252276003360748,,,,,,,,,,,,
37,,,129399,,,,,,,,,,,0.00039882073178887367,,,,,,,,,,,,
37,,,129419,,,,,,,,,,,0.000831737881526351,,,,,,,,,,,,
37,,,129439,,,,,,,,,,,0.11890682578086853,,,,,,,,,,,,
37,,,129459,,,,,,,,,,,0.09829921275377274,,,,,,,,,,,,
37,,,129479,,,,,,,,,,,0.08933301270008087,,,,,,,,,,,,
37,,,129499,,,,,,,,,,,0.002177142072468996,,,,,,,,,,,,
37,,,129519,,,,,,,,,,,0.01678604632616043,,,,,,,,,,,,
37,,,129539,,,,,,,,,,,0.1058989018201828,,,,,,,,,,,,
37,,,129559,,,,,,,,,,,0.07901744544506073,,,,,,,,,,,,
37,,,129579,,,,,,,,,,,0.01129062194377184,,,,,,,,,,,,
37,,,129599,,,,,,,,,,,0.05292245373129845,,,,,,,,,,,,
37,,,129619,,,,,,,,,,,0.05773913487792015,,,,,,,,,,,,
37,,,129639,,,,,,,,,,,0.029551267623901367,,,,,,,,,,,,
37,,,129659,,,,,,,,,,,0.010924390517175198,,,,,,,,,,,,
37,,,129679,,,,,,,,,,,0.008963391184806824,,,,,,,,,,,,
37,,,129699,,,,,,,,,,,0.008667828515172005,,,,,,,,,,,,
37,,,129719,,,,,,,,,,,0.13141725957393646,,,,,,,,,,,,
37,,,129739,,,,,,,,,,,0.005859863944351673,,,,,,,,,,,,
37,,,129759,,,,,,,,,,,0.03259867802262306,,,,,,,,,,,,
37,,,129779,,,,,,,,,,,0.05359587445855141,,,,,,,,,,,,
37,,,129799,,,,,,,,,,,0.1103372871875763,,,,,,,,,,,,
37,,,129819,,,,,,,,,,,0.0005578395212069154,,,,,,,,,,,,
37,,,129839,,,,,,,,,,,0.09424607455730438,,,,,,,,,,,,
37,,,129859,,,,,,,,,,,0.1499340832233429,,,,,,,,,,,,
37,,,129879,,,,,,,,,,,0.06808405369520187,,,,,,,,,,,,
37,,,129899,,,,,,,,,,,0.07889849692583084,,,,,,,,,,,,
37,,,129919,,,,,,,,,,,0.008933346718549728,,,,,,,,,,,,
37,,,129939,,,,,,,,,,,0.005948825739324093,,,,,,,,,,,,
37,,,129959,,,,,,,,,,,0.0049903616309165955,,,,,,,,,,,,
37,,,129979,,,,,,,,,,,0.0005311653367243707,,,,,,,,,,,,
37,,,129999,,,,,,,,,,,0.11814336478710175,,,,,,,,,,,,
37,,,130019,,,,,,,,,,,0.012738794088363647,,,,,,,,,,,,
37,,,130039,,,,,,,,,,,0.004637928679585457,,,,,,,,,,,,
37,,,130059,,,,,,,,,,,0.0019509086851030588,,,,,,,,,,,,
37,,,130079,,,,,,,,,,,0.0008806945406831801,,,,,,,,,,,,
37,,,130099,,,,,,,,,,,0.007635554298758507,,,,,,,,,,,,
37,,,130119,,,,,,,,,,,0.013392587192356586,,,,,,,,,,,,
37,,,130139,,,,,,,,,,,0.0006200891803018749,,,,,,,,,,,,
37,,,130159,,,,,,,,,,,0.05940082669258118,,,,,,,,,,,,
37,,,130179,,,,,,,,,,,0.0012335996143519878,,,,,,,,,,,,
37,,,130199,,,,,,,,,,,0.002505216049030423,,,,,,,,,,,,
37,,,130219,,,,,,,,,,,0.0027771233581006527,,,,,,,,,,,,
37,,,130239,,,,,,,,,,,0.03743244707584381,,,,,,,,,,,,
37,,,130259,,,,,,,,,,,0.005668895319104195,,,,,,,,,,,,
37,,,130279,,,,,,,,,,,0.001503205276094377,,,,,,,,,,,,
37,,,130299,,,,,,,,,,,0.0008519069524481893,,,,,,,,,,,,
37,,,130319,,,,,,,,,,,0.0018777388613671064,,,,,,,,,,,,
37,,,130339,,,,,,,,,,,0.0007730938959866762,,,,,,,,,,,,
37,,,130359,,,,,,,,,,,0.0364280566573143,,,,,,,,,,,,
37,,,130379,,,,,,,,,,,0.00916485395282507,,,,,,,,,,,,
37,,,130399,,,,,,,,,,,0.001441399333998561,,,,,,,,,,,,
37,,,130419,,,,,,,,,,,0.02396039478480816,,,,,,,,,,,,
37,,,130439,,,,,,,,,,,0.0031586773693561554,,,,,,,,,,,,
37,,,130459,,,,,,,,,,,0.0767175629734993,,,,,,,,,,,,
37,,,130479,,,,,,,,,,,0.007871244102716446,,,,,,,,,,,,
37,,,130499,,,,,,,,,,,0.21030889451503754,,,,,,,,,,,,
37,,,130519,,,,,,,,,,,0.0067046815529465675,,,,,,,,,,,,
37,,,130539,,,,,,,,,,,0.00016400126332882792,,,,,,,,,,,,
37,,,130559,,,,,,,,,,,0.04642169922590256,,,,,,,,,,,,
37,,,130579,,,,,,,,,,,0.007860121317207813,,,,,,,,,,,,
37,,,130599,,,,,,,,,,,0.0003958325833082199,,,,,,,,,,,,
37,,,130619,,,,,,,,,,,0.02308746799826622,,,,,,,,,,,,
37,,,130639,,,,,,,,,,,0.0021396134980022907,,,,,,,,,,,,
37,,,130659,,,,,,,,,,,0.009895600378513336,,,,,,,,,,,,
37,,,130679,,,,,,,,,,,0.037613868713378906,,,,,,,,,,,,
37,,,130699,,,,,,,,,,,0.0017736261943355203,,,,,,,,,,,,
37,,,130719,,,,,,,,,,,0.0049483319744467735,,,,,,,,,,,,
37,,,130739,,,,,,,,,,,0.00059684639563784,,,,,,,,,,,,
37,,,130759,,,,,,,,,,,0.12048926204442978,,,,,,,,,,,,
37,,,130779,,,,,,,,,,,0.10956603288650513,,,,,,,,,,,,
37,,,130799,,,,,,,,,,,0.17350909113883972,,,,,,,,,,,,
37,,,130819,,,,,,,,,,,0.005847764667123556,,,,,,,,,,,,
37,,,130839,,,,,,,,,,,0.3322475254535675,,,,,,,,,,,,
37,,,130859,,,,,,,,,,,0.00012353542842902243,,,,,,,,,,,,
37,,,130879,,,,,,,,,,,0.019673872739076614,,,,,,,,,,,,
37,,,130899,,,,,,,,,,,0.004128413274884224,,,,,,,,,,,,
37,,,130919,,,,,,,,,,,0.13917756080627441,,,,,,,,,,,,
37,,,130939,,,,,,,,,,,0.00042252286220900714,,,,,,,,,,,,
37,,,130959,,,,,,,,,,,0.2997514605522156,,,,,,,,,,,,
37,,,130979,,,,,,,,,,,0.0015481137670576572,,,,,,,,,,,,
37,,,130999,,,,,,,,,,,0.19172248244285583,,,,,,,,,,,,
37,,,131019,,,,,,,,,,,0.0010359215084463358,,,,,,,,,,,,
37,,,131039,,,,,,,,,,,0.10493746399879456,,,,,,,,,,,,
37,,,131059,,,,,,,,,,,0.19712820649147034,,,,,,,,,,,,
37,,,131079,,,,,,,,,,,0.0008553154766559601,,,,,,,,,,,,
37,,,131099,,,,,,,,,,,0.010312359780073166,,,,,,,,,,,,
37,,,131119,,,,,,,,,,,0.11837124079465866,,,,,,,,,,,,
37,,,131139,,,,,,,,,,,0.003961443435400724,,,,,,,,,,,,
37,,,131159,,,,,,,,,,,0.008657933212816715,,,,,,,,,,,,
37,,,131179,,,,,,,,,,,0.10449644923210144,,,,,,,,,,,,
37,,,131199,,,,,,,,,,,0.03112419694662094,,,,,,,,,,,,
37,,,131219,,,,,,,,,,,0.0028901472687721252,,,,,,,,,,,,
37,,,131239,,,,,,,,,,,0.0019459709292277694,,,,,,,,,,,,
37,,,131259,,,,,,,,,,,0.08222571760416031,,,,,,,,,,,,
37,,,131279,,,,,,,,,,,0.0544559508562088,,,,,,,,,,,,
37,,,131299,,,,,,,,,,,0.15877264738082886,,,,,,,,,,,,
37,,,131319,,,,,,,,,,,0.00842608418315649,,,,,,,,,,,,
37,,,131339,,,,,,,,,,,0.07823455333709717,,,,,,,,,,,,
37,,,131359,,,,,,,,,,,0.0014349991688504815,,,,,,,,,,,,
37,,,131379,,,,,,,,,,,0.04616287350654602,,,,,,,,,,,,
37,,,131399,,,,,,,,,,,0.019671235233545303,,,,,,,,,,,,
37,,,131419,,,,,,,,,,,0.0008598121348768473,,,,,,,,,,,,
37,,,131439,,,,,,,,,,,0.5325964689254761,,,,,,,,,,,,
37,,,131459,,,,,,,,,,,0.03368208184838295,,,,,,,,,,,,
37,,,131479,,,,,,,,,,,0.0008863526745699346,,,,,,,,,,,,
37,,,131499,,,,,,,,,,,0.005671822465956211,,,,,,,,,,,,
37,,,131519,,,,,,,,,,,0.0013052430003881454,,,,,,,,,,,,
37,,,131539,,,,,,,,,,,0.013199235312640667,,,,,,,,,,,,
37,,,131559,,,,,,,,,,,0.20090222358703613,,,,,,,,,,,,
37,,,131579,,,,,,,,,,,0.02170148864388466,,,,,,,,,,,,
37,,,131599,,,,,,,,,,,0.1375010758638382,,,,,,,,,,,,
37,,,131619,,,,,,,,,,,0.13437287509441376,,,,,,,,,,,,
37,,,131639,,,,,,,,,,,0.05091540515422821,,,,,,,,,,,,
37,,,131659,,,,,,,,,,,0.035796791315078735,,,,,,,,,,,,
37,,,131679,,,,,,,,,,,0.1473982185125351,,,,,,,,,,,,
37,,,131699,,,,,,,,,,,0.0003924040647689253,,,,,,,,,,,,
37,,,131719,,,,,,,,,,,0.04729899391531944,,,,,,,,,,,,
37,,,131739,,,,,,,,,,,0.07618845254182816,,,,,,,,,,,,
37,,,131759,,,,,,,,,,,0.14762426912784576,,,,,,,,,,,,
37,,,131779,,,,,,,,,,,0.0004428168758749962,,,,,,,,,,,,
37,,,131799,,,,,,,,,,,0.09135513007640839,,,,,,,,,,,,
37,,,131819,,,,,,,,,,,0.039459455758333206,,,,,,,,,,,,
37,,,131839,,,,,,,,,,,0.1652970314025879,,,,,,,,,,,,
37,,,131859,,,,,,,,,,,0.0003671790473163128,,,,,,,,,,,,
37,,,131879,,,,,,,,,,,0.02674378827214241,,,,,,,,,,,,
37,,,131899,,,,,,,,,,,0.0001926303666550666,,,,,,,,,,,,
37,,,131919,,,,,,,,,,,0.019798345863819122,,,,,,,,,,,,
37,,,131939,,,,,,,,,,,0.013024662621319294,,,,,,,,,,,,
37,,,131959,,,,,,,,,,,0.017286688089370728,,,,,,,,,,,,
37,,,131979,,,,,,,,,,,0.0012852210784330964,,,,,,,,,,,,
37,,,131999,,,,,,,,,,,0.008573329076170921,,,,,,,,,,,,
37,,,132019,,,,,,,,,,,0.05140368267893791,,,,,,,,,,,,
37,,,132039,,,,,,,,,,,0.0017545255832374096,,,,,,,,,,,,
37,,,132059,,,,,,,,,,,0.0006569130346179008,,,,,,,,,,,,
37,,,132079,,,,,,,,,,,0.03412119299173355,,,,,,,,,,,,
37,,,132099,,,,,,,,,,,0.01567515730857849,,,,,,,,,,,,
37,,,132119,,,,,,,,,,,0.0687837079167366,,,,,,,,,,,,
37,,,132139,,,,,,,,,,,0.00077180250082165,,,,,,,,,,,,
37,,,132159,,,,,,,,,,,0.14458833634853363,,,,,,,,,,,,
37,,,132179,,,,,,,,,,,0.03212503343820572,,,,,,,,,,,,
37,,,132199,,,,,,,,,,,0.0032738693989813328,,,,,,,,,,,,
37,,,132219,,,,,,,,,,,0.0003574357251636684,,,,,,,,,,,,
37,,,132239,,,,,,,,,,,0.010398441925644875,,,,,,,,,,,,
37,,,132259,,,,,,,,,,,0.0008017540676519275,,,,,,,,,,,,
37,,,132279,,,,,,,,,,,0.01052518654614687,,,,,,,,,,,,
37,,,132299,,,,,,,,,,,0.004586097784340382,,,,,,,,,,,,
37,,,132315,,,,,,,,,,,,0.6132488250732422,0.8874104022979736,0.618116557598114,3.4414877891540527,0.7059605121612549,0.5800496339797974,0.6882093548774719,0.8293644785881042,0.5769039988517761,0.8007152080535889,0.6168582439422607,0.6132488250732422
37,,,132315,,,,,,,,,0.9737438559532166,0.04838751256465912,,,,,,,,,,,,,
,0.00011410265035686637,0.00011410265035686637,132316,,,,,,,,,,,,,,,,,,,,,,,
38,,,132319,,,,,,,,,,,0.0038401149213314056,,,,,,,,,,,,
38,,,132339,,,,,,,,,,,0.0035732851829379797,,,,,,,,,,,,
38,,,132359,,,,,,,,,,,0.00023547874297946692,,,,,,,,,,,,
38,,,132379,,,,,,,,,,,0.00023719732416793704,,,,,,,,,,,,
38,,,132399,,,,,,,,,,,0.012433887459337711,,,,,,,,,,,,
38,,,132419,,,,,,,,,,,0.016256067901849747,,,,,,,,,,,,
38,,,132439,,,,,,,,,,,0.0036704177036881447,,,,,,,,,,,,
38,,,132459,,,,,,,,,,,0.0008138569537550211,,,,,,,,,,,,
38,,,132479,,,,,,,,,,,0.014103729277849197,,,,,,,,,,,,
38,,,132499,,,,,,,,,,,0.007056990638375282,,,,,,,,,,,,
38,,,132519,,,,,,,,,,,0.08521971106529236,,,,,,,,,,,,
38,,,132539,,,,,,,,,,,0.08818762004375458,,,,,,,,,,,,
38,,,132559,,,,,,,,,,,0.0028182193636894226,,,,,,,,,,,,
38,,,132579,,,,,,,,,,,0.047810960561037064,,,,,,,,,,,,
38,,,132599,,,,,,,,,,,0.0007951317238621414,,,,,,,,,,,,
38,,,132619,,,,,,,,,,,0.10048702359199524,,,,,,,,,,,,
38,,,132639,,,,,,,,,,,0.15510202944278717,,,,,,,,,,,,
38,,,132659,,,,,,,,,,,0.03070775792002678,,,,,,,,,,,,
38,,,132679,,,,,,,,,,,0.04806854575872421,,,,,,,,,,,,
38,,,132699,,,,,,,,,,,0.07566488534212112,,,,,,,,,,,,
38,,,132719,,,,,,,,,,,0.11397577822208405,,,,,,,,,,,,
38,,,132739,,,,,,,,,,,0.018193231895565987,,,,,,,,,,,,
38,,,132759,,,,,,,,,,,0.04009389504790306,,,,,,,,,,,,
38,,,132779,,,,,,,,,,,0.034949883818626404,,,,,,,,,,,,
38,,,132799,,,,,,,,,,,0.006684218533337116,,,,,,,,,,,,
38,,,132819,,,,,,,,,,,0.06336694210767746,,,,,,,,,,,,
38,,,132839,,,,,,,,,,,0.0029062943067401648,,,,,,,,,,,,
38,,,132859,,,,,,,,,,,0.004074955824762583,,,,,,,,,,,,
38,,,132879,,,,,,,,,,,0.006747211329638958,,,,,,,,,,,,
38,,,132899,,,,,,,,,,,0.003238966688513756,,,,,,,,,,,,
38,,,132919,,,,,,,,,,,0.03132723644375801,,,,,,,,,,,,
38,,,132939,,,,,,,,,,,0.015980754047632217,,,,,,,,,,,,
38,,,132959,,,,,,,,,,,0.2245808243751526,,,,,,,,,,,,
38,,,132979,,,,,,,,,,,0.012850664556026459,,,,,,,,,,,,
38,,,132999,,,,,,,,,,,0.003475749399513006,,,,,,,,,,,,
38,,,133019,,,,,,,,,,,0.0013802455505356193,,,,,,,,,,,,
38,,,133039,,,,,,,,,,,0.00042136135743930936,,,,,,,,,,,,
38,,,133059,,,,,,,,,,,0.11064694076776505,,,,,,,,,,,,
38,,,133079,,,,,,,,,,,0.02737877331674099,,,,,,,,,,,,
38,,,133099,,,,,,,,,,,0.005365873221307993,,,,,,,,,,,,
38,,,133119,,,,,,,,,,,0.037903934717178345,,,,,,,,,,,,
38,,,133139,,,,,,,,,,,0.034663669764995575,,,,,,,,,,,,
38,,,133159,,,,,,,,,,,0.04415470361709595,,,,,,,,,,,,
38,,,133179,,,,,,,,,,,0.04349130764603615,,,,,,,,,,,,
38,,,133199,,,,,,,,,,,0.029371190816164017,,,,,,,,,,,,
38,,,133219,,,,,,,,,,,0.0003543581406120211,,,,,,,,,,,,
38,,,133239,,,,,,,,,,,0.0014647440984845161,,,,,,,,,,,,
38,,,133259,,,,,,,,,,,0.0006964958156459033,,,,,,,,,,,,
38,,,133279,,,,,,,,,,,0.0006605889648199081,,,,,,,,,,,,
38,,,133299,,,,,,,,,,,0.001282844110392034,,,,,,,,,,,,
38,,,133319,,,,,,,,,,,0.012311192229390144,,,,,,,,,,,,
38,,,133339,,,,,,,,,,,0.0013087650295346975,,,,,,,,,,,,
38,,,133359,,,,,,,,,,,0.007107146084308624,,,,,,,,,,,,
38,,,133379,,,,,,,,,,,0.06468100100755692,,,,,,,,,,,,
38,,,133399,,,,,,,,,,,0.00023185095051303506,,,,,,,,,,,,
38,,,133419,,,,,,,,,,,0.004112950526177883,,,,,,,,,,,,
38,,,133439,,,,,,,,,,,0.0008475341601297259,,,,,,,,,,,,
38,,,133459,,,,,,,,,,,0.0006301871035248041,,,,,,,,,,,,
38,,,133479,,,,,,,,,,,0.0009503572946414351,,,,,,,,,,,,
38,,,133499,,,,,,,,,,,0.0003455792902968824,,,,,,,,,,,,
38,,,133519,,,,,,,,,,,0.010257034562528133,,,,,,,,,,,,
38,,,133539,,,,,,,,,,,0.0015276840422302485,,,,,,,,,,,,
38,,,133559,,,,,,,,,,,0.0002739772025961429,,,,,,,,,,,,
38,,,133579,,,,,,,,,,,0.0017777536995708942,,,,,,,,,,,,
38,,,133599,,,,,,,,,,,0.0021721827797591686,,,,,,,,,,,,
38,,,133619,,,,,,,,,,,0.028323812410235405,,,,,,,,,,,,
38,,,133639,,,,,,,,,,,0.0006156816962175071,,,,,,,,,,,,
38,,,133659,,,,,,,,,,,0.015120620839297771,,,,,,,,,,,,
38,,,133679,,,,,,,,,,,0.0006894263788126409,,,,,,,,,,,,
38,,,133699,,,,,,,,,,,0.006828388199210167,,,,,,,,,,,,
38,,,133719,,,,,,,,,,,0.0017797040054574609,,,,,,,,,,,,
38,,,133739,,,,,,,,,,,0.0027418576646596193,,,,,,,,,,,,
38,,,133759,,,,,,,,,,,0.002465688157826662,,,,,,,,,,,,
38,,,133779,,,,,,,,,,,0.03345121443271637,,,,,,,,,,,,
38,,,133799,,,,,,,,,,,0.2047739028930664,,,,,,,,,,,,
38,,,133819,,,,,,,,,,,0.0014712470583617687,,,,,,,,,,,,
38,,,133839,,,,,,,,,,,0.0003430836950428784,,,,,,,,,,,,
38,,,133859,,,,,,,,,,,0.0077531542629003525,,,,,,,,,,,,
38,,,133879,,,,,,,,,,,0.0032121501863002777,,,,,,,,,,,,
38,,,133899,,,,,,,,,,,0.07585441321134567,,,,,,,,,,,,
38,,,133919,,,,,,,,,,,0.000649732886813581,,,,,,,,,,,,
38,,,133939,,,,,,,,,,,0.013563526794314384,,,,,,,,,,,,
38,,,133959,,,,,,,,,,,0.20650067925453186,,,,,,,,,,,,
38,,,133979,,,,,,,,,,,0.00047147469012998044,,,,,,,,,,,,
38,,,133999,,,,,,,,,,,0.003650128375738859,,,,,,,,,,,,
38,,,134019,,,,,,,,,,,0.0111085781827569,,,,,,,,,,,,
38,,,134039,,,,,,,,,,,0.03217262402176857,,,,,,,,,,,,
38,,,134059,,,,,,,,,,,0.001700953347608447,,,,,,,,,,,,
38,,,134079,,,,,,,,,,,0.0006848230841569602,,,,,,,,,,,,
38,,,134099,,,,,,,,,,,0.010398673824965954,,,,,,,,,,,,
38,,,134119,,,,,,,,,,,0.12011205404996872,,,,,,,,,,,,
38,,,134139,,,,,,,,,,,0.00019915425218641758,,,,,,,,,,,,
38,,,134159,,,,,,,,,,,0.0007907646358944476,,,,,,,,,,,,
38,,,134179,,,,,,,,,,,0.0004230955382809043,,,,,,,,,,,,
38,,,134199,,,,,,,,,,,0.00042747193947434425,,,,,,,,,,,,
38,,,134219,,,,,,,,,,,0.03236844390630722,,,,,,,,,,,,
38,,,134239,,,,,,,,,,,0.0008830152219161391,,,,,,,,,,,,
38,,,134259,,,,,,,,,,,0.0461864210665226,,,,,,,,,,,,
38,,,134279,,,,,,,,,,,0.004860672168433666,,,,,,,,,,,,
38,,,134299,,,,,,,,,,,0.004236713517457247,,,,,,,,,,,,
38,,,134319,,,,,,,,,,,0.008492893539369106,,,,,,,,,,,,
38,,,134339,,,,,,,,,,,0.17430967092514038,,,,,,,,,,,,
38,,,134359,,,,,,,,,,,0.02800639718770981,,,,,,,,,,,,
38,,,134379,,,,,,,,,,,0.11184626072645187,,,,,,,,,,,,
38,,,134399,,,,,,,,,,,0.046927470713853836,,,,,,,,,,,,
38,,,134419,,,,,,,,,,,0.0016686534509062767,,,,,,,,,,,,
38,,,134439,,,,,,,,,,,0.0025867593940347433,,,,,,,,,,,,
38,,,134459,,,,,,,,,,,0.008784951642155647,,,,,,,,,,,,
38,,,134479,,,,,,,,,,,0.003934378270059824,,,,,,,,,,,,
38,,,134499,,,,,,,,,,,0.00021740308147855103,,,,,,,,,,,,
38,,,134519,,,,,,,,,,,0.02175145596265793,,,,,,,,,,,,
38,,,134539,,,,,,,,,,,0.013832095079123974,,,,,,,,,,,,
38,,,134559,,,,,,,,,,,0.0028735273517668247,,,,,,,,,,,,
38,,,134579,,,,,,,,,,,0.028731342405080795,,,,,,,,,,,,
38,,,134599,,,,,,,,,,,0.11395550519227982,,,,,,,,,,,,
38,,,134619,,,,,,,,,,,0.03203243017196655,,,,,,,,,,,,
38,,,134639,,,,,,,,,,,0.004897121340036392,,,,,,,,,,,,
38,,,134659,,,,,,,,,,,0.04048624634742737,,,,,,,,,,,,
38,,,134679,,,,,,,,,,,0.003533340059220791,,,,,,,,,,,,
38,,,134699,,,,,,,,,,,0.010515869595110416,,,,,,,,,,,,
38,,,134719,,,,,,,,,,,0.003937726840376854,,,,,,,,,,,,
38,,,134739,,,,,,,,,,,0.003897310234606266,,,,,,,,,,,,
38,,,134759,,,,,,,,,,,0.025055699050426483,,,,,,,,,,,,
38,,,134779,,,,,,,,,,,0.17438088357448578,,,,,,,,,,,,
38,,,134799,,,,,,,,,,,0.05214396119117737,,,,,,,,,,,,
38,,,134819,,,,,,,,,,,0.05889781564474106,,,,,,,,,,,,
38,,,134839,,,,,,,,,,,0.0012502537574619055,,,,,,,,,,,,
38,,,134859,,,,,,,,,,,0.04679848626255989,,,,,,,,,,,,
38,,,134879,,,,,,,,,,,0.016204524785280228,,,,,,,,,,,,
38,,,134899,,,,,,,,,,,0.07511793076992035,,,,,,,,,,,,
38,,,134919,,,,,,,,,,,0.003830883651971817,,,,,,,,,,,,
38,,,134939,,,,,,,,,,,0.0002983372251037508,,,,,,,,,,,,
38,,,134959,,,,,,,,,,,0.10995925962924957,,,,,,,,,,,,
38,,,134979,,,,,,,,,,,0.0016349118668586016,,,,,,,,,,,,
38,,,134999,,,,,,,,,,,0.024184945970773697,,,,,,,,,,,,
38,,,135019,,,,,,,,,,,0.0011996871326118708,,,,,,,,,,,,
38,,,135039,,,,,,,,,,,0.2735975980758667,,,,,,,,,,,,
38,,,135059,,,,,,,,,,,0.09908054023981094,,,,,,,,,,,,
38,,,135079,,,,,,,,,,,0.0007574995397590101,,,,,,,,,,,,
38,,,135099,,,,,,,,,,,0.052074093371629715,,,,,,,,,,,,
38,,,135119,,,,,,,,,,,0.03757824748754501,,,,,,,,,,,,
38,,,135139,,,,,,,,,,,0.003810316324234009,,,,,,,,,,,,
38,,,135159,,,,,,,,,,,0.14938442409038544,,,,,,,,,,,,
38,,,135179,,,,,,,,,,,0.07917304337024689,,,,,,,,,,,,
38,,,135199,,,,,,,,,,,0.0024125752970576286,,,,,,,,,,,,
38,,,135219,,,,,,,,,,,0.006356147117912769,,,,,,,,,,,,
38,,,135239,,,,,,,,,,,0.12512654066085815,,,,,,,,,,,,
38,,,135259,,,,,,,,,,,0.0029585957527160645,,,,,,,,,,,,
38,,,135279,,,,,,,,,,,0.2558675706386566,,,,,,,,,,,,
38,,,135299,,,,,,,,,,,0.00032816172461025417,,,,,,,,,,,,
38,,,135319,,,,,,,,,,,0.003273968119174242,,,,,,,,,,,,
38,,,135339,,,,,,,,,,,0.0005997675471007824,,,,,,,,,,,,
38,,,135359,,,,,,,,,,,0.0015224679373204708,,,,,,,,,,,,
38,,,135379,,,,,,,,,,,0.15645499527454376,,,,,,,,,,,,
38,,,135399,,,,,,,,,,,0.0003619339258875698,,,,,,,,,,,,
38,,,135419,,,,,,,,,,,0.06079644337296486,,,,,,,,,,,,
38,,,135439,,,,,,,,,,,0.0010615285718813539,,,,,,,,,,,,
38,,,135459,,,,,,,,,,,0.014850407838821411,,,,,,,,,,,,
38,,,135479,,,,,,,,,,,0.028178643435239792,,,,,,,,,,,,
38,,,135499,,,,,,,,,,,0.1261553019285202,,,,,,,,,,,,
38,,,135519,,,,,,,,,,,0.00214203167706728,,,,,,,,,,,,
38,,,135539,,,,,,,,,,,0.00022505254310090095,,,,,,,,,,,,
38,,,135559,,,,,,,,,,,0.00039653509156778455,,,,,,,,,,,,
38,,,135579,,,,,,,,,,,0.03489038720726967,,,,,,,,,,,,
38,,,135599,,,,,,,,,,,0.0005499573308043182,,,,,,,,,,,,
38,,,135619,,,,,,,,,,,0.001624159049242735,,,,,,,,,,,,
38,,,135639,,,,,,,,,,,0.10221605747938156,,,,,,,,,,,,
38,,,135659,,,,,,,,,,,0.06408902257680893,,,,,,,,,,,,
38,,,135679,,,,,,,,,,,0.08065605908632278,,,,,,,,,,,,
38,,,135699,,,,,,,,,,,0.11362508684396744,,,,,,,,,,,,
38,,,135719,,,,,,,,,,,0.05597305670380592,,,,,,,,,,,,
38,,,135739,,,,,,,,,,,0.13120214641094208,,,,,,,,,,,,
38,,,135759,,,,,,,,,,,0.1599491387605667,,,,,,,,,,,,
38,,,135779,,,,,,,,,,,0.022497132420539856,,,,,,,,,,,,
38,,,135797,,,,,,,,,,,,0.6217031478881836,0.8938191533088684,0.6308780908584595,3.074922800064087,0.7036582827568054,0.5800491571426392,0.6934505105018616,0.7260364294052124,0.600745439529419,0.805418848991394,0.6824324131011963,0.6217031478881836
38,,,135797,,,,,,,,,0.9743094444274902,0.047991830855607986,,,,,,,,,,,,,
,0.00010537454192171957,0.00010537454192171957,135798,,,,,,,,,,,,,,,,,,,,,,,
39,,,135799,,,,,,,,,,,0.0006750683533027768,,,,,,,,,,,,
39,,,135819,,,,,,,,,,,0.06033838540315628,,,,,,,,,,,,
39,,,135839,,,,,,,,,,,0.08383716642856598,,,,,,,,,,,,
39,,,135859,,,,,,,,,,,0.01673787459731102,,,,,,,,,,,,
39,,,135879,,,,,,,,,,,0.0013201743131503463,,,,,,,,,,,,
39,,,135899,,,,,,,,,,,0.00021802453557029366,,,,,,,,,,,,
39,,,135919,,,,,,,,,,,0.0007269845227710903,,,,,,,,,,,,
39,,,135939,,,,,,,,,,,0.038248516619205475,,,,,,,,,,,,
39,,,135959,,,,,,,,,,,0.17832092940807343,,,,,,,,,,,,
39,,,135979,,,,,,,,,,,0.00013589428272098303,,,,,,,,,,,,
39,,,135999,,,,,,,,,,,0.003582032397389412,,,,,,,,,,,,
39,,,136019,,,,,,,,,,,0.0008959630504250526,,,,,,,,,,,,
39,,,136039,,,,,,,,,,,0.0004935654578730464,,,,,,,,,,,,
39,,,136059,,,,,,,,,,,0.0019236672669649124,,,,,,,,,,,,
39,,,136079,,,,,,,,,,,0.031131695955991745,,,,,,,,,,,,
39,,,136099,,,,,,,,,,,0.017118185758590698,,,,,,,,,,,,
39,,,136119,,,,,,,,,,,0.07465139031410217,,,,,,,,,,,,
39,,,136139,,,,,,,,,,,0.0038967011496424675,,,,,,,,,,,,
39,,,136159,,,,,,,,,,,0.015818914398550987,,,,,,,,,,,,
39,,,136179,,,,,,,,,,,0.009197790175676346,,,,,,,,,,,,
39,,,136199,,,,,,,,,,,0.00035664666211232543,,,,,,,,,,,,
39,,,136219,,,,,,,,,,,0.005746117327362299,,,,,,,,,,,,
39,,,136239,,,,,,,,,,,0.0006415598909370601,,,,,,,,,,,,
39,,,136259,,,,,,,,,,,0.08251065015792847,,,,,,,,,,,,
39,,,136279,,,,,,,,,,,0.0033685895614326,,,,,,,,,,,,
39,,,136299,,,,,,,,,,,0.008883925154805183,,,,,,,,,,,,
39,,,136319,,,,,,,,,,,0.012103698216378689,,,,,,,,,,,,
39,,,136339,,,,,,,,,,,0.1332237869501114,,,,,,,,,,,,
39,,,136359,,,,,,,,,,,0.027868909761309624,,,,,,,,,,,,
39,,,136379,,,,,,,,,,,0.14435958862304688,,,,,,,,,,,,
39,,,136399,,,,,,,,,,,0.1813664585351944,,,,,,,,,,,,
39,,,136419,,,,,,,,,,,0.03362466022372246,,,,,,,,,,,,
39,,,136439,,,,,,,,,,,0.008741362020373344,,,,,,,,,,,,
39,,,136459,,,,,,,,,,,0.043247539550065994,,,,,,,,,,,,
39,,,136479,,,,,,,,,,,0.12948773801326752,,,,,,,,,,,,
39,,,136499,,,,,,,,,,,0.03542933613061905,,,,,,,,,,,,
39,,,136519,,,,,,,,,,,0.21750466525554657,,,,,,,,,,,,
39,,,136539,,,,,,,,,,,0.1677597463130951,,,,,,,,,,,,
39,,,136559,,,,,,,,,,,0.09845774620771408,,,,,,,,,,,,
39,,,136579,,,,,,,,,,,0.15275636315345764,,,,,,,,,,,,
39,,,136599,,,,,,,,,,,0.05981763079762459,,,,,,,,,,,,
39,,,136619,,,,,,,,,,,0.0018380157416686416,,,,,,,,,,,,
39,,,136639,,,,,,,,,,,0.0006420483696274459,,,,,,,,,,,,
39,,,136659,,,,,,,,,,,0.2342543751001358,,,,,,,,,,,,
39,,,136679,,,,,,,,,,,0.008493399247527122,,,,,,,,,,,,
39,,,136699,,,,,,,,,,,0.22653868794441223,,,,,,,,,,,,
39,,,136719,,,,,,,,,,,0.056502316147089005,,,,,,,,,,,,
39,,,136739,,,,,,,,,,,0.02924012765288353,,,,,,,,,,,,
39,,,136759,,,,,,,,,,,0.16565898060798645,,,,,,,,,,,,
39,,,136779,,,,,,,,,,,0.08016714453697205,,,,,,,,,,,,
39,,,136799,,,,,,,,,,,0.047860417515039444,,,,,,,,,,,,
39,,,136819,,,,,,,,,,,0.008948128670454025,,,,,,,,,,,,
39,,,136839,,,,,,,,,,,0.03983749821782112,,,,,,,,,,,,
39,,,136859,,,,,,,,,,,0.04722541943192482,,,,,,,,,,,,
39,,,136879,,,,,,,,,,,0.0024137203581631184,,,,,,,,,,,,
39,,,136899,,,,,,,,,,,0.01794079691171646,,,,,,,,,,,,
39,,,136919,,,,,,,,,,,0.04721218720078468,,,,,,,,,,,,
39,,,136939,,,,,,,,,,,0.01909155398607254,,,,,,,,,,,,
39,,,136959,,,,,,,,,,,0.007284771651029587,,,,,,,,,,,,
39,,,136979,,,,,,,,,,,0.0061813294887542725,,,,,,,,,,,,
39,,,136999,,,,,,,,,,,0.0011477373773232102,,,,,,,,,,,,
39,,,137019,,,,,,,,,,,0.028332937508821487,,,,,,,,,,,,
39,,,137039,,,,,,,,,,,0.016937371343374252,,,,,,,,,,,,
39,,,137059,,,,,,,,,,,0.014328033663332462,,,,,,,,,,,,
39,,,137079,,,,,,,,,,,0.0036234590224921703,,,,,,,,,,,,
39,,,137099,,,,,,,,,,,0.0013784556649625301,,,,,,,,,,,,
39,,,137119,,,,,,,,,,,0.000582551583647728,,,,,,,,,,,,
39,,,137139,,,,,,,,,,,0.02546391822397709,,,,,,,,,,,,
39,,,137159,,,,,,,,,,,0.0008491580374538898,,,,,,,,,,,,
39,,,137179,,,,,,,,,,,0.203674778342247,,,,,,,,,,,,
39,,,137199,,,,,,,,,,,0.11032962054014206,,,,,,,,,,,,
39,,,137219,,,,,,,,,,,0.009981159120798111,,,,,,,,,,,,
39,,,137239,,,,,,,,,,,0.00041172810597345233,,,,,,,,,,,,
39,,,137259,,,,,,,,,,,0.0004803067713510245,,,,,,,,,,,,
39,,,137279,,,,,,,,,,,0.0632539838552475,,,,,,,,,,,,
39,,,137299,,,,,,,,,,,0.04366963356733322,,,,,,,,,,,,
39,,,137319,,,,,,,,,,,0.2459823191165924,,,,,,,,,,,,
39,,,137339,,,,,,,,,,,0.0025291729252785444,,,,,,,,,,,,
39,,,137359,,,,,,,,,,,0.0652589201927185,,,,,,,,,,,,
39,,,137379,,,,,,,,,,,0.11605505645275116,,,,,,,,,,,,
39,,,137399,,,,,,,,,,,0.0469154454767704,,,,,,,,,,,,
39,,,137419,,,,,,,,,,,0.015012440271675587,,,,,,,,,,,,
39,,,137439,,,,,,,,,,,0.05656612291932106,,,,,,,,,,,,
39,,,137459,,,,,,,,,,,0.18563181161880493,,,,,,,,,,,,
39,,,137479,,,,,,,,,,,0.050266511738300323,,,,,,,,,,,,
39,,,137499,,,,,,,,,,,0.05565342307090759,,,,,,,,,,,,
39,,,137519,,,,,,,,,,,0.011493923142552376,,,,,,,,,,,,
39,,,137539,,,,,,,,,,,0.026738520711660385,,,,,,,,,,,,
39,,,137559,,,,,,,,,,,0.00443385960534215,,,,,,,,,,,,
39,,,137579,,,,,,,,,,,0.02071242593228817,,,,,,,,,,,,
39,,,137599,,,,,,,,,,,0.12167958915233612,,,,,,,,,,,,
39,,,137619,,,,,,,,,,,0.037702761590480804,,,,,,,,,,,,
39,,,137639,,,,,,,,,,,0.020851001143455505,,,,,,,,,,,,
39,,,137659,,,,,,,,,,,0.0008475471404381096,,,,,,,,,,,,
39,,,137679,,,,,,,,,,,0.0019762443844228983,,,,,,,,,,,,
39,,,137699,,,,,,,,,,,0.028595058247447014,,,,,,,,,,,,
39,,,137719,,,,,,,,,,,0.3727152645587921,,,,,,,,,,,,
39,,,137739,,,,,,,,,,,0.08164017647504807,,,,,,,,,,,,
39,,,137759,,,,,,,,,,,0.01394050382077694,,,,,,,,,,,,
39,,,137779,,,,,,,,,,,0.0007117621717043221,,,,,,,,,,,,
39,,,137799,,,,,,,,,,,0.00020355431479401886,,,,,,,,,,,,
39,,,137819,,,,,,,,,,,0.0004409547836985439,,,,,,,,,,,,
39,,,137839,,,,,,,,,,,0.003642341122031212,,,,,,,,,,,,
39,,,137859,,,,,,,,,,,0.0004558573418762535,,,,,,,,,,,,
39,,,137879,,,,,,,,,,,0.0020319235045462847,,,,,,,,,,,,
39,,,137899,,,,,,,,,,,0.023379547521471977,,,,,,,,,,,,
39,,,137919,,,,,,,,,,,0.005823023617267609,,,,,,,,,,,,
39,,,137939,,,,,,,,,,,0.00018995642312802374,,,,,,,,,,,,
39,,,137959,,,,,,,,,,,0.01511143147945404,,,,,,,,,,,,
39,,,137979,,,,,,,,,,,0.035513997077941895,,,,,,,,,,,,
39,,,137999,,,,,,,,,,,0.03186066821217537,,,,,,,,,,,,
39,,,138019,,,,,,,,,,,0.004606352187693119,,,,,,,,,,,,
39,,,138039,,,,,,,,,,,0.11720661073923111,,,,,,,,,,,,
39,,,138059,,,,,,,,,,,0.04060928523540497,,,,,,,,,,,,
39,,,138079,,,,,,,,,,,0.010288611054420471,,,,,,,,,,,,
39,,,138099,,,,,,,,,,,0.1896437108516693,,,,,,,,,,,,
39,,,138119,,,,,,,,,,,0.00027150657842867076,,,,,,,,,,,,
39,,,138139,,,,,,,,,,,0.2569528818130493,,,,,,,,,,,,
39,,,138159,,,,,,,,,,,0.02783902734518051,,,,,,,,,,,,
39,,,138179,,,,,,,,,,,0.1567862629890442,,,,,,,,,,,,
39,,,138199,,,,,,,,,,,0.10389073938131332,,,,,,,,,,,,
39,,,138219,,,,,,,,,,,0.20892097055912018,,,,,,,,,,,,
39,,,138239,,,,,,,,,,,0.0005596696864813566,,,,,,,,,,,,
39,,,138259,,,,,,,,,,,0.012480787001550198,,,,,,,,,,,,
39,,,138279,,,,,,,,,,,0.16491469740867615,,,,,,,,,,,,
39,,,138299,,,,,,,,,,,0.06175915151834488,,,,,,,,,,,,
39,,,138319,,,,,,,,,,,0.022103630006313324,,,,,,,,,,,,
39,,,138339,,,,,,,,,,,0.006895229686051607,,,,,,,,,,,,
39,,,138359,,,,,,,,,,,0.000690156826749444,,,,,,,,,,,,
39,,,138379,,,,,,,,,,,0.04276712238788605,,,,,,,,,,,,
39,,,138399,,,,,,,,,,,0.0009076443966478109,,,,,,,,,,,,
39,,,138419,,,,,,,,,,,0.018571849912405014,,,,,,,,,,,,
39,,,138439,,,,,,,,,,,0.0003560848708730191,,,,,,,,,,,,
39,,,138459,,,,,,,,,,,0.12318265438079834,,,,,,,,,,,,
39,,,138479,,,,,,,,,,,0.002872070763260126,,,,,,,,,,,,
39,,,138499,,,,,,,,,,,0.03095407597720623,,,,,,,,,,,,
39,,,138519,,,,,,,,,,,0.0827144980430603,,,,,,,,,,,,
39,,,138539,,,,,,,,,,,0.001623267773538828,,,,,,,,,,,,
39,,,138559,,,,,,,,,,,0.000895995763130486,,,,,,,,,,,,
39,,,138579,,,,,,,,,,,0.008876725099980831,,,,,,,,,,,,
39,,,138599,,,,,,,,,,,0.003292472567409277,,,,,,,,,,,,
39,,,138619,,,,,,,,,,,0.06363147497177124,,,,,,,,,,,,
39,,,138639,,,,,,,,,,,0.0004828027740586549,,,,,,,,,,,,
39,,,138659,,,,,,,,,,,0.15575578808784485,,,,,,,,,,,,
39,,,138679,,,,,,,,,,,0.01514369249343872,,,,,,,,,,,,
39,,,138699,,,,,,,,,,,0.03126410022377968,,,,,,,,,,,,
39,,,138719,,,,,,,,,,,0.008603079244494438,,,,,,,,,,,,
39,,,138739,,,,,,,,,,,0.05212054401636124,,,,,,,,,,,,
39,,,138759,,,,,,,,,,,0.07532171905040741,,,,,,,,,,,,
39,,,138779,,,,,,,,,,,0.08693241328001022,,,,,,,,,,,,
39,,,138799,,,,,,,,,,,0.0003160829364787787,,,,,,,,,,,,
39,,,138819,,,,,,,,,,,0.03441924974322319,,,,,,,,,,,,
39,,,138839,,,,,,,,,,,0.020826775580644608,,,,,,,,,,,,
39,,,138859,,,,,,,,,,,0.0022914463188499212,,,,,,,,,,,,
39,,,138879,,,,,,,,,,,0.006480713840574026,,,,,,,,,,,,
39,,,138899,,,,,,,,,,,0.01289413683116436,,,,,,,,,,,,
39,,,138919,,,,,,,,,,,0.11667533218860626,,,,,,,,,,,,
39,,,138939,,,,,,,,,,,0.0314154177904129,,,,,,,,,,,,
39,,,138959,,,,,,,,,,,0.07642776519060135,,,,,,,,,,,,
39,,,138979,,,,,,,,,,,0.005405545234680176,,,,,,,,,,,,
39,,,138999,,,,,,,,,,,0.09357263892889023,,,,,,,,,,,,
39,,,139019,,,,,,,,,,,0.04271211847662926,,,,,,,,,,,,
39,,,139039,,,,,,,,,,,0.0005412911996245384,,,,,,,,,,,,
39,,,139059,,,,,,,,,,,0.00048460563994012773,,,,,,,,,,,,
39,,,139079,,,,,,,,,,,0.06057438999414444,,,,,,,,,,,,
39,,,139099,,,,,,,,,,,0.0959017276763916,,,,,,,,,,,,
39,,,139119,,,,,,,,,,,0.03313082084059715,,,,,,,,,,,,
39,,,139139,,,,,,,,,,,0.0006709990557283163,,,,,,,,,,,,
39,,,139159,,,,,,,,,,,0.0002433750341879204,,,,,,,,,,,,
39,,,139179,,,,,,,,,,,0.03535085171461105,,,,,,,,,,,,
39,,,139199,,,,,,,,,,,0.0525745265185833,,,,,,,,,,,,
39,,,139219,,,,,,,,,,,0.010287565179169178,,,,,,,,,,,,
39,,,139239,,,,,,,,,,,0.010057451203465462,,,,,,,,,,,,
39,,,139259,,,,,,,,,,,0.07662005722522736,,,,,,,,,,,,
39,,,139279,,,,,,,,,,,0.0013152655446901917,,,,,,,,,,,,
39,,,139279,,,,,,,,,,,,0.6062405109405518,0.8775023818016052,0.6079879403114319,3.2007272243499756,0.6486190557479858,0.5448727011680603,0.6650378108024597,0.6901199221611023,0.5842261910438538,0.8214649558067322,0.4986652433872223,0.6062405109405518
39,,,139279,,,,,,,,,0.9755796194076538,0.04555262625217438,,,,,,,,,,,,,
,9.680926694361964e-05,9.680926694361964e-05,139280,,,,,,,,,,,,,,,,,,,,,,,
40,,,139299,,,,,,,,,,,0.08470362424850464,,,,,,,,,,,,
40,,,139319,,,,,,,,,,,0.00035852749715559185,,,,,,,,,,,,
40,,,139339,,,,,,,,,,,0.11898543685674667,,,,,,,,,,,,
40,,,139359,,,,,,,,,,,0.0008888139855116606,,,,,,,,,,,,
40,,,139379,,,,,,,,,,,0.007575866766273975,,,,,,,,,,,,
40,,,139399,,,,,,,,,,,0.039610907435417175,,,,,,,,,,,,
40,,,139419,,,,,,,,,,,0.21302896738052368,,,,,,,,,,,,
40,,,139439,,,,,,,,,,,0.30549830198287964,,,,,,,,,,,,
40,,,139459,,,,,,,,,,,0.05001933127641678,,,,,,,,,,,,
40,,,139479,,,,,,,,,,,0.001615532673895359,,,,,,,,,,,,
40,,,139499,,,,,,,,,,,0.0005911089247092605,,,,,,,,,,,,
40,,,139519,,,,,,,,,,,0.0009950563544407487,,,,,,,,,,,,
40,,,139539,,,,,,,,,,,0.0033448110334575176,,,,,,,,,,,,
40,,,139559,,,,,,,,,,,0.025517020374536514,,,,,,,,,,,,
40,,,139579,,,,,,,,,,,0.012201948091387749,,,,,,,,,,,,
40,,,139599,,,,,,,,,,,0.0002180452283937484,,,,,,,,,,,,
40,,,139619,,,,,,,,,,,0.004986871965229511,,,,,,,,,,,,
40,,,139639,,,,,,,,,,,0.08912362903356552,,,,,,,,,,,,
40,,,139659,,,,,,,,,,,0.1539563238620758,,,,,,,,,,,,
40,,,139679,,,,,,,,,,,0.3827510178089142,,,,,,,,,,,,
40,,,139699,,,,,,,,,,,0.21175548434257507,,,,,,,,,,,,
40,,,139719,,,,,,,,,,,0.19908688962459564,,,,,,,,,,,,
40,,,139739,,,,,,,,,,,0.0010278047993779182,,,,,,,,,,,,
40,,,139759,,,,,,,,,,,0.051279447972774506,,,,,,,,,,,,
40,,,139779,,,,,,,,,,,0.0006477095885202289,,,,,,,,,,,,
40,,,139799,,,,,,,,,,,0.006380639038980007,,,,,,,,,,,,
40,,,139819,,,,,,,,,,,0.05771159380674362,,,,,,,,,,,,
40,,,139839,,,,,,,,,,,0.0003611516731325537,,,,,,,,,,,,
40,,,139859,,,,,,,,,,,0.011203577741980553,,,,,,,,,,,,
40,,,139879,,,,,,,,,,,0.07954254746437073,,,,,,,,,,,,
40,,,139899,,,,,,,,,,,0.0012257786002010107,,,,,,,,,,,,
40,,,139919,,,,,,,,,,,0.0028252238407731056,,,,,,,,,,,,
40,,,139939,,,,,,,,,,,0.0005324863595888019,,,,,,,,,,,,
40,,,139959,,,,,,,,,,,0.021131370216608047,,,,,,,,,,,,
40,,,139979,,,,,,,,,,,0.002258672844618559,,,,,,,,,,,,
40,,,139999,,,,,,,,,,,0.364162802696228,,,,,,,,,,,,
40,,,140019,,,,,,,,,,,0.06562329083681107,,,,,,,,,,,,
40,,,140039,,,,,,,,,,,0.0004083156818524003,,,,,,,,,,,,
40,,,140059,,,,,,,,,,,0.010225130245089531,,,,,,,,,,,,
40,,,140079,,,,,,,,,,,0.23246830701828003,,,,,,,,,,,,
40,,,140099,,,,,,,,,,,0.0007071821019053459,,,,,,,,,,,,
40,,,140119,,,,,,,,,,,0.06794184446334839,,,,,,,,,,,,
40,,,140139,,,,,,,,,,,0.00015744971460662782,,,,,,,,,,,,
40,,,140159,,,,,,,,,,,0.14201398193836212,,,,,,,,,,,,
40,,,140179,,,,,,,,,,,0.0024540843442082405,,,,,,,,,,,,
40,,,140199,,,,,,,,,,,0.002036566846072674,,,,,,,,,,,,
40,,,140219,,,,,,,,,,,0.15683941543102264,,,,,,,,,,,,
40,,,140239,,,,,,,,,,,0.011586173437535763,,,,,,,,,,,,
40,,,140259,,,,,,,,,,,0.09592197090387344,,,,,,,,,,,,
40,,,140279,,,,,,,,,,,0.00017348256369587034,,,,,,,,,,,,
40,,,140299,,,,,,,,,,,0.005444435402750969,,,,,,,,,,,,
40,,,140319,,,,,,,,,,,0.0004285895556677133,,,,,,,,,,,,
40,,,140339,,,,,,,,,,,0.07518144696950912,,,,,,,,,,,,
40,,,140359,,,,,,,,,,,0.0001832976413425058,,,,,,,,,,,,
40,,,140379,,,,,,,,,,,0.02698339894413948,,,,,,,,,,,,
40,,,140399,,,,,,,,,,,0.04654497653245926,,,,,,,,,,,,
40,,,140419,,,,,,,,,,,0.13632160425186157,,,,,,,,,,,,
40,,,140439,,,,,,,,,,,0.006465008482336998,,,,,,,,,,,,
40,,,140459,,,,,,,,,,,0.001123781781643629,,,,,,,,,,,,
40,,,140479,,,,,,,,,,,0.015862515196204185,,,,,,,,,,,,
40,,,140499,,,,,,,,,,,0.02280791476368904,,,,,,,,,,,,
40,,,140519,,,,,,,,,,,0.001046450575813651,,,,,,,,,,,,
40,,,140539,,,,,,,,,,,0.001122854184359312,,,,,,,,,,,,
40,,,140559,,,,,,,,,,,0.002226882614195347,,,,,,,,,,,,
40,,,140579,,,,,,,,,,,0.07808680087327957,,,,,,,,,,,,
40,,,140599,,,,,,,,,,,0.019895486533641815,,,,,,,,,,,,
40,,,140619,,,,,,,,,,,0.00036625764914788306,,,,,,,,,,,,
40,,,140639,,,,,,,,,,,0.019696248695254326,,,,,,,,,,,,
40,,,140659,,,,,,,,,,,0.2475069761276245,,,,,,,,,,,,
40,,,140679,,,,,,,,,,,0.002768629463389516,,,,,,,,,,,,
40,,,140699,,,,,,,,,,,0.035597063601017,,,,,,,,,,,,
40,,,140719,,,,,,,,,,,0.0015697962371632457,,,,,,,,,,,,
40,,,140739,,,,,,,,,,,0.0004678725963458419,,,,,,,,,,,,
40,,,140759,,,,,,,,,,,0.004664163570851088,,,,,,,,,,,,
40,,,140779,,,,,,,,,,,0.000451753061497584,,,,,,,,,,,,
40,,,140799,,,,,,,,,,,0.02934054285287857,,,,,,,,,,,,
40,,,140819,,,,,,,,,,,0.0009477826533839107,,,,,,,,,,,,
40,,,140839,,,,,,,,,,,0.011394890956580639,,,,,,,,,,,,
40,,,140859,,,,,,,,,,,0.0008808718412183225,,,,,,,,,,,,
40,,,140879,,,,,,,,,,,0.18548405170440674,,,,,,,,,,,,
40,,,140899,,,,,,,,,,,0.039611052721738815,,,,,,,,,,,,
40,,,140919,,,,,,,,,,,0.16322913765907288,,,,,,,,,,,,
40,,,140939,,,,,,,,,,,0.0005340384086593986,,,,,,,,,,,,
40,,,140959,,,,,,,,,,,0.00041998689994215965,,,,,,,,,,,,
40,,,140979,,,,,,,,,,,0.0004858564061578363,,,,,,,,,,,,
40,,,140999,,,,,,,,,,,0.5411499738693237,,,,,,,,,,,,
40,,,141019,,,,,,,,,,,0.0002465120633132756,,,,,,,,,,,,
40,,,141039,,,,,,,,,,,0.0278217401355505,,,,,,,,,,,,
40,,,141059,,,,,,,,,,,0.0035581730771809816,,,,,,,,,,,,
40,,,141079,,,,,,,,,,,0.0028530266135931015,,,,,,,,,,,,
40,,,141099,,,,,,,,,,,0.11045962572097778,,,,,,,,,,,,
40,,,141119,,,,,,,,,,,0.0001979850057978183,,,,,,,,,,,,
40,,,141139,,,,,,,,,,,0.0010855691507458687,,,,,,,,,,,,
40,,,141159,,,,,,,,,,,0.0837898701429367,,,,,,,,,,,,
40,,,141179,,,,,,,,,,,0.04747340828180313,,,,,,,,,,,,
40,,,141199,,,,,,,,,,,0.3123221695423126,,,,,,,,,,,,
40,,,141219,,,,,,,,,,,0.00016196382057387382,,,,,,,,,,,,
40,,,141239,,,,,,,,,,,0.004650117829442024,,,,,,,,,,,,
40,,,141259,,,,,,,,,,,0.0101140346378088,,,,,,,,,,,,
40,,,141279,,,,,,,,,,,0.00016312899242620915,,,,,,,,,,,,
40,,,141299,,,,,,,,,,,0.013884645886719227,,,,,,,,,,,,
40,,,141319,,,,,,,,,,,0.013725724071264267,,,,,,,,,,,,
40,,,141339,,,,,,,,,,,0.0023641404695808887,,,,,,,,,,,,
40,,,141359,,,,,,,,,,,0.0027384937275201082,,,,,,,,,,,,
40,,,141379,,,,,,,,,,,0.0018788445740938187,,,,,,,,,,,,
40,,,141399,,,,,,,,,,,0.10730861872434616,,,,,,,,,,,,
40,,,141419,,,,,,,,,,,0.012026643380522728,,,,,,,,,,,,
40,,,141439,,,,,,,,,,,0.04951071739196777,,,,,,,,,,,,
40,,,141459,,,,,,,,,,,0.002135452814400196,,,,,,,,,,,,
40,,,141479,,,,,,,,,,,0.0003306175349280238,,,,,,,,,,,,
40,,,141499,,,,,,,,,,,0.007659373804926872,,,,,,,,,,,,
40,,,141519,,,,,,,,,,,0.0018344579730182886,,,,,,,,,,,,
40,,,141539,,,,,,,,,,,0.003690943121910095,,,,,,,,,,,,
40,,,141559,,,,,,,,,,,0.008042842149734497,,,,,,,,,,,,
40,,,141579,,,,,,,,,,,0.03959343582391739,,,,,,,,,,,,
40,,,141599,,,,,,,,,,,0.0022736249957233667,,,,,,,,,,,,
40,,,141619,,,,,,,,,,,0.016304071992635727,,,,,,,,,,,,
40,,,141639,,,,,,,,,,,0.09453506767749786,,,,,,,,,,,,
40,,,141659,,,,,,,,,,,0.15140876173973083,,,,,,,,,,,,
40,,,141679,,,,,,,,,,,0.07068439573049545,,,,,,,,,,,,
40,,,141699,,,,,,,,,,,0.005686808377504349,,,,,,,,,,,,
40,,,141719,,,,,,,,,,,0.006231599487364292,,,,,,,,,,,,
40,,,141739,,,,,,,,,,,0.023271633312106133,,,,,,,,,,,,
40,,,141759,,,,,,,,,,,0.0007222156273201108,,,,,,,,,,,,
40,,,141779,,,,,,,,,,,0.0006676625926047564,,,,,,,,,,,,
40,,,141799,,,,,,,,,,,0.021564887836575508,,,,,,,,,,,,
40,,,141819,,,,,,,,,,,0.00035850965650752187,,,,,,,,,,,,
40,,,141839,,,,,,,,,,,0.10706190764904022,,,,,,,,,,,,
40,,,141859,,,,,,,,,,,0.0019198404625058174,,,,,,,,,,,,
40,,,141879,,,,,,,,,,,0.06863604485988617,,,,,,,,,,,,
40,,,141899,,,,,,,,,,,0.008356671780347824,,,,,,,,,,,,
40,,,141919,,,,,,,,,,,0.008571469224989414,,,,,,,,,,,,
40,,,141939,,,,,,,,,,,0.1596890538930893,,,,,,,,,,,,
40,,,141959,,,,,,,,,,,0.08596159517765045,,,,,,,,,,,,
40,,,141979,,,,,,,,,,,0.045530349016189575,,,,,,,,,,,,
40,,,141999,,,,,,,,,,,0.007803915534168482,,,,,,,,,,,,
40,,,142019,,,,,,,,,,,0.01618199236690998,,,,,,,,,,,,
40,,,142039,,,,,,,,,,,0.0006850379286333919,,,,,,,,,,,,
40,,,142059,,,,,,,,,,,0.20527726411819458,,,,,,,,,,,,
40,,,142079,,,,,,,,,,,0.0007110919104889035,,,,,,,,,,,,
40,,,142099,,,,,,,,,,,0.02303999848663807,,,,,,,,,,,,
40,,,142119,,,,,,,,,,,0.2744387686252594,,,,,,,,,,,,
40,,,142139,,,,,,,,,,,0.0012458174023777246,,,,,,,,,,,,
40,,,142159,,,,,,,,,,,0.01610788144171238,,,,,,,,,,,,
40,,,142179,,,,,,,,,,,0.10267997533082962,,,,,,,,,,,,
40,,,142199,,,,,,,,,,,0.0009438775014132261,,,,,,,,,,,,
40,,,142219,,,,,,,,,,,0.030865108594298363,,,,,,,,,,,,
40,,,142239,,,,,,,,,,,0.08083335310220718,,,,,,,,,,,,
40,,,142259,,,,,,,,,,,0.00022787609486840665,,,,,,,,,,,,
40,,,142279,,,,,,,,,,,0.04013809189200401,,,,,,,,,,,,
40,,,142299,,,,,,,,,,,0.020356619730591774,,,,,,,,,,,,
40,,,142319,,,,,,,,,,,0.0716027170419693,,,,,,,,,,,,
40,,,142339,,,,,,,,,,,0.02980644628405571,,,,,,,,,,,,
40,,,142359,,,,,,,,,,,0.0006843989249318838,,,,,,,,,,,,
40,,,142379,,,,,,,,,,,0.048878833651542664,,,,,,,,,,,,
40,,,142399,,,,,,,,,,,0.0004513000603765249,,,,,,,,,,,,
40,,,142419,,,,,,,,,,,0.010776526294648647,,,,,,,,,,,,
40,,,142439,,,,,,,,,,,0.0004872542922385037,,,,,,,,,,,,
40,,,142459,,,,,,,,,,,0.11364292353391647,,,,,,,,,,,,
40,,,142479,,,,,,,,,,,0.05781623348593712,,,,,,,,,,,,
40,,,142499,,,,,,,,,,,0.03205107897520065,,,,,,,,,,,,
40,,,142519,,,,,,,,,,,0.011610737070441246,,,,,,,,,,,,
40,,,142539,,,,,,,,,,,0.003106991294771433,,,,,,,,,,,,
40,,,142559,,,,,,,,,,,0.09893140196800232,,,,,,,,,,,,
40,,,142579,,,,,,,,,,,0.034848183393478394,,,,,,,,,,,,
40,,,142599,,,,,,,,,,,0.025109022855758667,,,,,,,,,,,,
40,,,142619,,,,,,,,,,,0.04787088930606842,,,,,,,,,,,,
40,,,142639,,,,,,,,,,,0.09987287223339081,,,,,,,,,,,,
40,,,142659,,,,,,,,,,,0.008590099401772022,,,,,,,,,,,,
40,,,142679,,,,,,,,,,,0.06251128762960434,,,,,,,,,,,,
40,,,142699,,,,,,,,,,,0.008844848722219467,,,,,,,,,,,,
40,,,142719,,,,,,,,,,,0.0009109401726163924,,,,,,,,,,,,
40,,,142739,,,,,,,,,,,0.0046058231964707375,,,,,,,,,,,,
40,,,142759,,,,,,,,,,,0.001985475653782487,,,,,,,,,,,,
40,,,142761,,,,,,,,,,,,0.6102914214134216,0.87901771068573,0.6181458830833435,3.5834341049194336,0.7083790302276611,0.5678932666778564,0.6816480159759521,0.7587898373603821,0.577276885509491,0.7907940149307251,0.7066553831100464,0.6102914214134216
40,,,142761,,,,,,,,,0.9751311540603638,0.04620705917477608,,,,,,,,,,,,,
,8.84380791820865e-05,8.84380791820865e-05,142762,,,,,,,,,,,,,,,,,,,,,,,
41,,,142779,,,,,,,,,,,0.09616468846797943,,,,,,,,,,,,
41,,,142799,,,,,,,,,,,0.007336903363466263,,,,,,,,,,,,
41,,,142819,,,,,,,,,,,0.0004847517120651901,,,,,,,,,,,,
41,,,142839,,,,,,,,,,,0.0003180030034855008,,,,,,,,,,,,
41,,,142859,,,,,,,,,,,0.07575143128633499,,,,,,,,,,,,
41,,,142879,,,,,,,,,,,0.012252784334123135,,,,,,,,,,,,
41,,,142899,,,,,,,,,,,0.17183497548103333,,,,,,,,,,,,
41,,,142919,,,,,,,,,,,0.0003771934425458312,,,,,,,,,,,,
41,,,142939,,,,,,,,,,,0.0038667325861752033,,,,,,,,,,,,
41,,,142959,,,,,,,,,,,0.00033069628989323974,,,,,,,,,,,,
41,,,142979,,,,,,,,,,,0.008898645639419556,,,,,,,,,,,,
41,,,142999,,,,,,,,,,,0.07088016718626022,,,,,,,,,,,,
41,,,143019,,,,,,,,,,,0.02401559241116047,,,,,,,,,,,,
41,,,143039,,,,,,,,,,,0.0007256037788465619,,,,,,,,,,,,
41,,,143059,,,,,,,,,,,0.06753506511449814,,,,,,,,,,,,
41,,,143079,,,,,,,,,,,0.08976656198501587,,,,,,,,,,,,
41,,,143099,,,,,,,,,,,0.03189532086253166,,,,,,,,,,,,
41,,,143119,,,,,,,,,,,0.0007204985013231635,,,,,,,,,,,,
41,,,143139,,,,,,,,,,,0.027190975844860077,,,,,,,,,,,,
41,,,143159,,,,,,,,,,,0.01412020530551672,,,,,,,,,,,,
41,,,143179,,,,,,,,,,,0.1266113966703415,,,,,,,,,,,,
41,,,143199,,,,,,,,,,,0.0004581148095894605,,,,,,,,,,,,
41,,,143219,,,,,,,,,,,0.001567656872794032,,,,,,,,,,,,
41,,,143239,,,,,,,,,,,0.00510380556806922,,,,,,,,,,,,
41,,,143259,,,,,,,,,,,0.0019673581700772047,,,,,,,,,,,,
41,,,143279,,,,,,,,,,,0.04347890242934227,,,,,,,,,,,,
41,,,143299,,,,,,,,,,,0.003263047430664301,,,,,,,,,,,,
41,,,143319,,,,,,,,,,,0.0038458078633993864,,,,,,,,,,,,
41,,,143339,,,,,,,,,,,0.003184447530657053,,,,,,,,,,,,
41,,,143359,,,,,,,,,,,0.09521812945604324,,,,,,,,,,,,
41,,,143379,,,,,,,,,,,0.00030352725298143923,,,,,,,,,,,,
41,,,143399,,,,,,,,,,,0.008680794388055801,,,,,,,,,,,,
41,,,143419,,,,,,,,,,,0.02302788943052292,,,,,,,,,,,,
41,,,143439,,,,,,,,,,,0.1598735898733139,,,,,,,,,,,,
41,,,143459,,,,,,,,,,,0.0005572942900471389,,,,,,,,,,,,
41,,,143479,,,,,,,,,,,0.006641267798841,,,,,,,,,,,,
41,,,143499,,,,,,,,,,,0.07562652975320816,,,,,,,,,,,,
41,,,143519,,,,,,,,,,,0.13074134290218353,,,,,,,,,,,,
41,,,143539,,,,,,,,,,,0.028688762336969376,,,,,,,,,,,,
41,,,143559,,,,,,,,,,,0.0002447628939989954,,,,,,,,,,,,
41,,,143579,,,,,,,,,,,0.003632891923189163,,,,,,,,,,,,
41,,,143599,,,,,,,,,,,0.000197786430362612,,,,,,,,,,,,
41,,,143619,,,,,,,,,,,0.01377941481769085,,,,,,,,,,,,
41,,,143639,,,,,,,,,,,0.0010600227396935225,,,,,,,,,,,,
41,,,143659,,,,,,,,,,,0.0003285036946181208,,,,,,,,,,,,
41,,,143679,,,,,,,,,,,0.000884692301042378,,,,,,,,,,,,
41,,,143699,,,,,,,,,,,0.04439131170511246,,,,,,,,,,,,
41,,,143719,,,,,,,,,,,0.09937445819377899,,,,,,,,,,,,
41,,,143739,,,,,,,,,,,0.20216894149780273,,,,,,,,,,,,
41,,,143759,,,,,,,,,,,0.0019357562996447086,,,,,,,,,,,,
41,,,143779,,,,,,,,,,,0.11723504960536957,,,,,,,,,,,,
41,,,143799,,,,,,,,,,,0.000931715068873018,,,,,,,,,,,,
41,,,143819,,,,,,,,,,,0.004241003654897213,,,,,,,,,,,,
41,,,143839,,,,,,,,,,,0.0008997237309813499,,,,,,,,,,,,
41,,,143859,,,,,,,,,,,0.003089355304837227,,,,,,,,,,,,
41,,,143879,,,,,,,,,,,0.00022271096531767398,,,,,,,,,,,,
41,,,143899,,,,,,,,,,,0.1579873412847519,,,,,,,,,,,,
41,,,143919,,,,,,,,,,,0.06668169796466827,,,,,,,,,,,,
41,,,143939,,,,,,,,,,,0.00040316092781722546,,,,,,,,,,,,
41,,,143959,,,,,,,,,,,0.15705902874469757,,,,,,,,,,,,
41,,,143979,,,,,,,,,,,0.031480494886636734,,,,,,,,,,,,
41,,,143999,,,,,,,,,,,0.01094067096710205,,,,,,,,,,,,
41,,,144019,,,,,,,,,,,0.0046843355521559715,,,,,,,,,,,,
41,,,144039,,,,,,,,,,,0.014603190124034882,,,,,,,,,,,,
41,,,144059,,,,,,,,,,,0.1293163001537323,,,,,,,,,,,,
41,,,144079,,,,,,,,,,,0.008473377674818039,,,,,,,,,,,,
41,,,144099,,,,,,,,,,,0.0018447100883349776,,,,,,,,,,,,
41,,,144119,,,,,,,,,,,0.19398969411849976,,,,,,,,,,,,
41,,,144139,,,,,,,,,,,0.037382859736680984,,,,,,,,,,,,
41,,,144159,,,,,,,,,,,0.0667770653963089,,,,,,,,,,,,
41,,,144179,,,,,,,,,,,0.002602248452603817,,,,,,,,,,,,
41,,,144199,,,,,,,,,,,0.011421878822147846,,,,,,,,,,,,
41,,,144219,,,,,,,,,,,0.0004295195685699582,,,,,,,,,,,,
41,,,144239,,,,,,,,,,,0.0011011123424395919,,,,,,,,,,,,
41,,,144259,,,,,,,,,,,0.10232478380203247,,,,,,,,,,,,
41,,,144279,,,,,,,,,,,0.0015685204416513443,,,,,,,,,,,,
41,,,144299,,,,,,,,,,,0.013155268505215645,,,,,,,,,,,,
41,,,144319,,,,,,,,,,,0.04332056641578674,,,,,,,,,,,,
41,,,144339,,,,,,,,,,,0.04414643347263336,,,,,,,,,,,,
41,,,144359,,,,,,,,,,,0.02569536864757538,,,,,,,,,,,,
41,,,144379,,,,,,,,,,,0.003009355627000332,,,,,,,,,,,,
41,,,144399,,,,,,,,,,,0.0009783850982785225,,,,,,,,,,,,
41,,,144419,,,,,,,,,,,0.0035543865524232388,,,,,,,,,,,,
41,,,144439,,,,,,,,,,,0.0005377503111958504,,,,,,,,,,,,
41,,,144459,,,,,,,,,,,0.003067356999963522,,,,,,,,,,,,
41,,,144479,,,,,,,,,,,0.00016557401977479458,,,,,,,,,,,,
41,,,144499,,,,,,,,,,,0.009096180088818073,,,,,,,,,,,,
41,,,144519,,,,,,,,,,,0.012448767200112343,,,,,,,,,,,,
41,,,144539,,,,,,,,,,,0.11706161499023438,,,,,,,,,,,,
41,,,144559,,,,,,,,,,,0.04818228632211685,,,,,,,,,,,,
41,,,144579,,,,,,,,,,,0.27086955308914185,,,,,,,,,,,,
41,,,144599,,,,,,,,,,,0.008100942708551884,,,,,,,,,,,,
41,,,144619,,,,,,,,,,,0.14154784381389618,,,,,,,,,,,,
41,,,144639,,,,,,,,,,,0.043125491589307785,,,,,,,,,,,,
41,,,144659,,,,,,,,,,,0.0373232401907444,,,,,,,,,,,,
41,,,144679,,,,,,,,,,,0.06699535250663757,,,,,,,,,,,,
41,,,144699,,,,,,,,,,,0.0014206948690116405,,,,,,,,,,,,
41,,,144719,,,,,,,,,,,0.10429495573043823,,,,,,,,,,,,
41,,,144739,,,,,,,,,,,0.002588671864941716,,,,,,,,,,,,
41,,,144759,,,,,,,,,,,0.016911081969738007,,,,,,,,,,,,
41,,,144779,,,,,,,,,,,0.01987498067319393,,,,,,,,,,,,
41,,,144799,,,,,,,,,,,0.0022942351642996073,,,,,,,,,,,,
41,,,144819,,,,,,,,,,,0.0011521819978952408,,,,,,,,,,,,
41,,,144839,,,,,,,,,,,0.0006165610975585878,,,,,,,,,,,,
41,,,144859,,,,,,,,,,,0.004629325587302446,,,,,,,,,,,,
41,,,144879,,,,,,,,,,,0.058472368866205215,,,,,,,,,,,,
41,,,144899,,,,,,,,,,,0.05639530345797539,,,,,,,,,,,,
41,,,144919,,,,,,,,,,,0.0005839023506268859,,,,,,,,,,,,
41,,,144939,,,,,,,,,,,0.0014841274823993444,,,,,,,,,,,,
41,,,144959,,,,,,,,,,,0.0007979502552188933,,,,,,,,,,,,
41,,,144979,,,,,,,,,,,0.30446764826774597,,,,,,,,,,,,
41,,,144999,,,,,,,,,,,0.0049695768393576145,,,,,,,,,,,,
41,,,145019,,,,,,,,,,,0.0005236919969320297,,,,,,,,,,,,
41,,,145039,,,,,,,,,,,0.06305766850709915,,,,,,,,,,,,
41,,,145059,,,,,,,,,,,0.04326941445469856,,,,,,,,,,,,
41,,,145079,,,,,,,,,,,0.00021984547493048012,,,,,,,,,,,,
41,,,145099,,,,,,,,,,,0.0018301683012396097,,,,,,,,,,,,
41,,,145119,,,,,,,,,,,0.42881253361701965,,,,,,,,,,,,
41,,,145139,,,,,,,,,,,0.0014897816581651568,,,,,,,,,,,,
41,,,145159,,,,,,,,,,,0.12159024924039841,,,,,,,,,,,,
41,,,145179,,,,,,,,,,,0.017787449061870575,,,,,,,,,,,,
41,,,145199,,,,,,,,,,,0.002243650611490011,,,,,,,,,,,,
41,,,145219,,,,,,,,,,,0.08163458853960037,,,,,,,,,,,,
41,,,145239,,,,,,,,,,,0.011398127302527428,,,,,,,,,,,,
41,,,145259,,,,,,,,,,,0.0264740027487278,,,,,,,,,,,,
41,,,145279,,,,,,,,,,,0.0003424347669351846,,,,,,,,,,,,
41,,,145299,,,,,,,,,,,0.010323823429644108,,,,,,,,,,,,
41,,,145319,,,,,,,,,,,0.1642349660396576,,,,,,,,,,,,
41,,,145339,,,,,,,,,,,0.061190493404865265,,,,,,,,,,,,
41,,,145359,,,,,,,,,,,0.0018881376599892974,,,,,,,,,,,,
41,,,145379,,,,,,,,,,,0.13302451372146606,,,,,,,,,,,,
41,,,145399,,,,,,,,,,,0.1048538014292717,,,,,,,,,,,,
41,,,145419,,,,,,,,,,,0.2259659767150879,,,,,,,,,,,,
41,,,145439,,,,,,,,,,,0.0014273107517510653,,,,,,,,,,,,
41,,,145459,,,,,,,,,,,0.14726223051548004,,,,,,,,,,,,
41,,,145479,,,,,,,,,,,0.00020819056953769177,,,,,,,,,,,,
41,,,145499,,,,,,,,,,,0.17426596581935883,,,,,,,,,,,,
41,,,145519,,,,,,,,,,,0.06791716814041138,,,,,,,,,,,,
41,,,145539,,,,,,,,,,,0.08790217339992523,,,,,,,,,,,,
41,,,145559,,,,,,,,,,,0.009915493428707123,,,,,,,,,,,,
41,,,145579,,,,,,,,,,,0.10020101070404053,,,,,,,,,,,,
41,,,145599,,,,,,,,,,,0.08437053114175797,,,,,,,,,,,,
41,,,145619,,,,,,,,,,,0.2607308030128479,,,,,,,,,,,,
41,,,145639,,,,,,,,,,,0.18145403265953064,,,,,,,,,,,,
41,,,145659,,,,,,,,,,,0.02774122916162014,,,,,,,,,,,,
41,,,145679,,,,,,,,,,,0.00032121792901307344,,,,,,,,,,,,
41,,,145699,,,,,,,,,,,0.03978825733065605,,,,,,,,,,,,
41,,,145719,,,,,,,,,,,0.016285624355077744,,,,,,,,,,,,
41,,,145739,,,,,,,,,,,0.0014821796212345362,,,,,,,,,,,,
41,,,145759,,,,,,,,,,,0.03872567415237427,,,,,,,,,,,,
41,,,145779,,,,,,,,,,,0.030413374304771423,,,,,,,,,,,,
41,,,145799,,,,,,,,,,,0.04273495823144913,,,,,,,,,,,,
41,,,145819,,,,,,,,,,,0.10132959485054016,,,,,,,,,,,,
41,,,145839,,,,,,,,,,,0.17015209794044495,,,,,,,,,,,,
41,,,145859,,,,,,,,,,,0.003523866180330515,,,,,,,,,,,,
41,,,145879,,,,,,,,,,,0.0007858502212911844,,,,,,,,,,,,
41,,,145899,,,,,,,,,,,0.1082913726568222,,,,,,,,,,,,
41,,,145919,,,,,,,,,,,0.0002302381326444447,,,,,,,,,,,,
41,,,145939,,,,,,,,,,,0.0036767502315342426,,,,,,,,,,,,
41,,,145959,,,,,,,,,,,0.11090795695781708,,,,,,,,,,,,
41,,,145979,,,,,,,,,,,0.03268652781844139,,,,,,,,,,,,
41,,,145999,,,,,,,,,,,0.00796565692871809,,,,,,,,,,,,
41,,,146019,,,,,,,,,,,0.0007537500932812691,,,,,,,,,,,,
41,,,146039,,,,,,,,,,,0.0004312380333431065,,,,,,,,,,,,
41,,,146059,,,,,,,,,,,0.000618533231317997,,,,,,,,,,,,
41,,,146079,,,,,,,,,,,0.0008924391586333513,,,,,,,,,,,,
41,,,146099,,,,,,,,,,,0.021832268685102463,,,,,,,,,,,,
41,,,146119,,,,,,,,,,,0.006298409774899483,,,,,,,,,,,,
41,,,146139,,,,,,,,,,,0.1590617448091507,,,,,,,,,,,,
41,,,146159,,,,,,,,,,,0.01840347610414028,,,,,,,,,,,,
41,,,146179,,,,,,,,,,,9.344462159788236e-05,,,,,,,,,,,,
41,,,146199,,,,,,,,,,,0.013995487242937088,,,,,,,,,,,,
41,,,146219,,,,,,,,,,,0.019768565893173218,,,,,,,,,,,,
41,,,146239,,,,,,,,,,,0.07574456185102463,,,,,,,,,,,,
41,,,146243,,,,,,,,,,,,0.627818763256073,0.8872449398040771,0.6367650032043457,3.089677095413208,0.6982240676879883,0.5785545706748962,0.6929973363876343,0.7190159559249878,0.6077980399131775,0.7933744788169861,0.6727079153060913,0.627818763256073
41,,,146243,,,,,,,,,0.9758402705192566,0.044317882508039474,,,,,,,,,,,,,
,8.02915241934347e-05,8.02915241934347e-05,146244,,,,,,,,,,,,,,,,,,,,,,,
42,,,146259,,,,,,,,,,,0.018259812146425247,,,,,,,,,,,,
42,,,146279,,,,,,,,,,,0.23391501605510712,,,,,,,,,,,,
42,,,146299,,,,,,,,,,,0.0005953223444521427,,,,,,,,,,,,
42,,,146319,,,,,,,,,,,0.0019583795219659805,,,,,,,,,,,,
42,,,146339,,,,,,,,,,,0.10566236823797226,,,,,,,,,,,,
42,,,146359,,,,,,,,,,,0.00039115166873671114,,,,,,,,,,,,
42,,,146379,,,,,,,,,,,0.0006513012340292335,,,,,,,,,,,,
42,,,146399,,,,,,,,,,,0.05835678055882454,,,,,,,,,,,,
42,,,146419,,,,,,,,,,,0.021510491147637367,,,,,,,,,,,,
42,,,146439,,,,,,,,,,,0.001725128386169672,,,,,,,,,,,,
42,,,146459,,,,,,,,,,,0.0013540928484871984,,,,,,,,,,,,
42,,,146479,,,,,,,,,,,0.18067914247512817,,,,,,,,,,,,
42,,,146499,,,,,,,,,,,0.00024174548161681741,,,,,,,,,,,,
42,,,146519,,,,,,,,,,,0.006678495090454817,,,,,,,,,,,,
42,,,146539,,,,,,,,,,,0.0005159058491699398,,,,,,,,,,,,
42,,,146559,,,,,,,,,,,0.006417864002287388,,,,,,,,,,,,
42,,,146579,,,,,,,,,,,0.12330121546983719,,,,,,,,,,,,
42,,,146599,,,,,,,,,,,0.00011332426220178604,,,,,,,,,,,,
42,,,146619,,,,,,,,,,,0.038080595433712006,,,,,,,,,,,,
42,,,146639,,,,,,,,,,,0.14542312920093536,,,,,,,,,,,,
42,,,146659,,,,,,,,,,,0.22910013794898987,,,,,,,,,,,,
42,,,146679,,,,,,,,,,,0.0003431102668400854,,,,,,,,,,,,
42,,,146699,,,,,,,,,,,0.11260530352592468,,,,,,,,,,,,
42,,,146719,,,,,,,,,,,0.0013750490033999085,,,,,,,,,,,,
42,,,146739,,,,,,,,,,,0.0018833719659596682,,,,,,,,,,,,
42,,,146759,,,,,,,,,,,0.01888658106327057,,,,,,,,,,,,
42,,,146779,,,,,,,,,,,0.1432666778564453,,,,,,,,,,,,
42,,,146799,,,,,,,,,,,0.11956211179494858,,,,,,,,,,,,
42,,,146819,,,,,,,,,,,0.0003551770350895822,,,,,,,,,,,,
42,,,146839,,,,,,,,,,,0.004072787240147591,,,,,,,,,,,,
42,,,146859,,,,,,,,,,,0.04088316485285759,,,,,,,,,,,,
42,,,146879,,,,,,,,,,,0.11574560403823853,,,,,,,,,,,,
42,,,146899,,,,,,,,,,,0.00034764272277243435,,,,,,,,,,,,
42,,,146919,,,,,,,,,,,0.06741444766521454,,,,,,,,,,,,
42,,,146939,,,,,,,,,,,0.0007094199536368251,,,,,,,,,,,,
42,,,146959,,,,,,,,,,,0.0014672352699562907,,,,,,,,,,,,
42,,,146979,,,,,,,,,,,0.0583227276802063,,,,,,,,,,,,
42,,,146999,,,,,,,,,,,0.25039783120155334,,,,,,,,,,,,
42,,,147019,,,,,,,,,,,0.039204493165016174,,,,,,,,,,,,
42,,,147039,,,,,,,,,,,0.0017635824624449015,,,,,,,,,,,,
42,,,147059,,,,,,,,,,,0.0035294024273753166,,,,,,,,,,,,
42,,,147079,,,,,,,,,,,0.10404843091964722,,,,,,,,,,,,
42,,,147099,,,,,,,,,,,0.018518947064876556,,,,,,,,,,,,
42,,,147119,,,,,,,,,,,0.011880073696374893,,,,,,,,,,,,
42,,,147139,,,,,,,,,,,0.01011950895190239,,,,,,,,,,,,
42,,,147159,,,,,,,,,,,0.09258377552032471,,,,,,,,,,,,
42,,,147179,,,,,,,,,,,0.0009326495928689837,,,,,,,,,,,,
42,,,147199,,,,,,,,,,,0.0016275474335998297,,,,,,,,,,,,
42,,,147219,,,,,,,,,,,0.0007458338513970375,,,,,,,,,,,,
42,,,147239,,,,,,,,,,,0.015747621655464172,,,,,,,,,,,,
42,,,147259,,,,,,,,,,,0.09909991174936295,,,,,,,,,,,,
42,,,147279,,,,,,,,,,,0.0032034222967922688,,,,,,,,,,,,
42,,,147299,,,,,,,,,,,0.007640153169631958,,,,,,,,,,,,
42,,,147319,,,,,,,,,,,0.011068216525018215,,,,,,,,,,,,
42,,,147339,,,,,,,,,,,0.0005825126427225769,,,,,,,,,,,,
42,,,147359,,,,,,,,,,,0.013552416115999222,,,,,,,,,,,,
42,,,147379,,,,,,,,,,,0.03715980425477028,,,,,,,,,,,,
42,,,147399,,,,,,,,,,,0.0003270234155934304,,,,,,,,,,,,
42,,,147419,,,,,,,,,,,0.10599695891141891,,,,,,,,,,,,
42,,,147439,,,,,,,,,,,0.003588717430830002,,,,,,,,,,,,
42,,,147459,,,,,,,,,,,0.0031860971357673407,,,,,,,,,,,,
42,,,147479,,,,,,,,,,,0.12111706286668777,,,,,,,,,,,,
42,,,147499,,,,,,,,,,,0.0003228949790354818,,,,,,,,,,,,
42,,,147519,,,,,,,,,,,0.00642295740544796,,,,,,,,,,,,
42,,,147539,,,,,,,,,,,0.0008846153505146503,,,,,,,,,,,,
42,,,147559,,,,,,,,,,,0.0004459335468709469,,,,,,,,,,,,
42,,,147579,,,,,,,,,,,0.009611517190933228,,,,,,,,,,,,
42,,,147599,,,,,,,,,,,0.06466697156429291,,,,,,,,,,,,
42,,,147619,,,,,,,,,,,0.13736245036125183,,,,,,,,,,,,
42,,,147639,,,,,,,,,,,0.035422563552856445,,,,,,,,,,,,
42,,,147659,,,,,,,,,,,0.021361539140343666,,,,,,,,,,,,
42,,,147679,,,,,,,,,,,0.007654654793441296,,,,,,,,,,,,
42,,,147699,,,,,,,,,,,0.021346615627408028,,,,,,,,,,,,
42,,,147719,,,,,,,,,,,0.0008214637055061758,,,,,,,,,,,,
42,,,147739,,,,,,,,,,,0.008106124587357044,,,,,,,,,,,,
42,,,147759,,,,,,,,,,,0.001012264983728528,,,,,,,,,,,,
42,,,147779,,,,,,,,,,,0.0021712121088057756,,,,,,,,,,,,
42,,,147799,,,,,,,,,,,0.25160640478134155,,,,,,,,,,,,
42,,,147819,,,,,,,,,,,0.004913301672786474,,,,,,,,,,,,
42,,,147839,,,,,,,,,,,0.07378875464200974,,,,,,,,,,,,
42,,,147859,,,,,,,,,,,0.0003346555167809129,,,,,,,,,,,,
42,,,147879,,,,,,,,,,,0.2860075831413269,,,,,,,,,,,,
42,,,147899,,,,,,,,,,,0.012487955391407013,,,,,,,,,,,,
42,,,147919,,,,,,,,,,,0.002232980215921998,,,,,,,,,,,,
42,,,147939,,,,,,,,,,,0.0008991717477329075,,,,,,,,,,,,
42,,,147959,,,,,,,,,,,0.002503718249499798,,,,,,,,,,,,
42,,,147979,,,,,,,,,,,0.025498846545815468,,,,,,,,,,,,
42,,,147999,,,,,,,,,,,0.0009281853563152254,,,,,,,,,,,,
42,,,148019,,,,,,,,,,,0.0032760691829025745,,,,,,,,,,,,
42,,,148039,,,,,,,,,,,0.07574884593486786,,,,,,,,,,,,
42,,,148059,,,,,,,,,,,0.00032263953471556306,,,,,,,,,,,,
42,,,148079,,,,,,,,,,,0.15669319033622742,,,,,,,,,,,,
42,,,148099,,,,,,,,,,,0.0006941431201994419,,,,,,,,,,,,
42,,,148119,,,,,,,,,,,0.003621291369199753,,,,,,,,,,,,
42,,,148139,,,,,,,,,,,0.00032198699773289263,,,,,,,,,,,,
42,,,148159,,,,,,,,,,,0.00021340034436434507,,,,,,,,,,,,
42,,,148179,,,,,,,,,,,0.0007758232532069087,,,,,,,,,,,,
42,,,148199,,,,,,,,,,,0.13269691169261932,,,,,,,,,,,,
42,,,148219,,,,,,,,,,,0.00952339917421341,,,,,,,,,,,,
42,,,148239,,,,,,,,,,,0.12340791523456573,,,,,,,,,,,,
42,,,148259,,,,,,,,,,,0.032486435025930405,,,,,,,,,,,,
42,,,148279,,,,,,,,,,,0.006879376247525215,,,,,,,,,,,,
42,,,148299,,,,,,,,,,,0.00847348477691412,,,,,,,,,,,,
42,,,148319,,,,,,,,,,,0.006279877386987209,,,,,,,,,,,,
42,,,148339,,,,,,,,,,,0.030110694468021393,,,,,,,,,,,,
42,,,148359,,,,,,,,,,,0.08202939480543137,,,,,,,,,,,,
42,,,148379,,,,,,,,,,,0.000501636415719986,,,,,,,,,,,,
42,,,148399,,,,,,,,,,,0.0037904689088463783,,,,,,,,,,,,
42,,,148419,,,,,,,,,,,0.002932226750999689,,,,,,,,,,,,
42,,,148439,,,,,,,,,,,0.003611721796914935,,,,,,,,,,,,
42,,,148459,,,,,,,,,,,0.005766231566667557,,,,,,,,,,,,
42,,,148479,,,,,,,,,,,0.12787219882011414,,,,,,,,,,,,
42,,,148499,,,,,,,,,,,0.0014205798506736755,,,,,,,,,,,,
42,,,148519,,,,,,,,,,,0.007797726429998875,,,,,,,,,,,,
42,,,148539,,,,,,,,,,,0.0011871263850480318,,,,,,,,,,,,
42,,,148559,,,,,,,,,,,0.0009597118478268385,,,,,,,,,,,,
42,,,148579,,,,,,,,,,,0.0008103497675620019,,,,,,,,,,,,
42,,,148599,,,,,,,,,,,0.12525592744350433,,,,,,,,,,,,
42,,,148619,,,,,,,,,,,0.1769482046365738,,,,,,,,,,,,
42,,,148639,,,,,,,,,,,0.03283526748418808,,,,,,,,,,,,
42,,,148659,,,,,,,,,,,0.010742926970124245,,,,,,,,,,,,
42,,,148679,,,,,,,,,,,0.3162945806980133,,,,,,,,,,,,
42,,,148699,,,,,,,,,,,0.1446731686592102,,,,,,,,,,,,
42,,,148719,,,,,,,,,,,0.02652226947247982,,,,,,,,,,,,
42,,,148739,,,,,,,,,,,0.000567946583032608,,,,,,,,,,,,
42,,,148759,,,,,,,,,,,0.000635374803096056,,,,,,,,,,,,
42,,,148779,,,,,,,,,,,0.0004341902968008071,,,,,,,,,,,,
42,,,148799,,,,,,,,,,,0.008653182536363602,,,,,,,,,,,,
42,,,148819,,,,,,,,,,,0.0015991968102753162,,,,,,,,,,,,
42,,,148839,,,,,,,,,,,0.006621589418500662,,,,,,,,,,,,
42,,,148859,,,,,,,,,,,0.022875439375638962,,,,,,,,,,,,
42,,,148879,,,,,,,,,,,0.00020482667605392635,,,,,,,,,,,,
42,,,148899,,,,,,,,,,,0.00036323684616945684,,,,,,,,,,,,
42,,,148919,,,,,,,,,,,0.19405649602413177,,,,,,,,,,,,
42,,,148939,,,,,,,,,,,0.0005709906108677387,,,,,,,,,,,,
42,,,148959,,,,,,,,,,,0.0009699222864583135,,,,,,,,,,,,
42,,,148979,,,,,,,,,,,0.0008101216517388821,,,,,,,,,,,,
42,,,148999,,,,,,,,,,,0.10058728605508804,,,,,,,,,,,,
42,,,149019,,,,,,,,,,,0.036651235073804855,,,,,,,,,,,,
42,,,149039,,,,,,,,,,,0.002333555370569229,,,,,,,,,,,,
42,,,149059,,,,,,,,,,,0.0030750716105103493,,,,,,,,,,,,
42,,,149079,,,,,,,,,,,0.02204945683479309,,,,,,,,,,,,
42,,,149099,,,,,,,,,,,0.0014987695030868053,,,,,,,,,,,,
42,,,149119,,,,,,,,,,,0.006213444750756025,,,,,,,,,,,,
42,,,149139,,,,,,,,,,,0.07532156258821487,,,,,,,,,,,,
42,,,149159,,,,,,,,,,,0.04075057804584503,,,,,,,,,,,,
42,,,149179,,,,,,,,,,,0.020941955968737602,,,,,,,,,,,,
42,,,149199,,,,,,,,,,,0.0014727249508723617,,,,,,,,,,,,
42,,,149219,,,,,,,,,,,0.00012371386401355267,,,,,,,,,,,,
42,,,149239,,,,,,,,,,,0.06378553062677383,,,,,,,,,,,,
42,,,149259,,,,,,,,,,,0.0006158885080367327,,,,,,,,,,,,
42,,,149279,,,,,,,,,,,0.005614457651972771,,,,,,,,,,,,
42,,,149299,,,,,,,,,,,0.022184614092111588,,,,,,,,,,,,
42,,,149319,,,,,,,,,,,0.0003200032515451312,,,,,,,,,,,,
42,,,149339,,,,,,,,,,,0.00012527663784567267,,,,,,,,,,,,
42,,,149359,,,,,,,,,,,0.02312316559255123,,,,,,,,,,,,
42,,,149379,,,,,,,,,,,0.07056298851966858,,,,,,,,,,,,
42,,,149399,,,,,,,,,,,0.03478548675775528,,,,,,,,,,,,
42,,,149419,,,,,,,,,,,0.1338503658771515,,,,,,,,,,,,
42,,,149439,,,,,,,,,,,0.09828094393014908,,,,,,,,,,,,
42,,,149459,,,,,,,,,,,0.002692315960302949,,,,,,,,,,,,
42,,,149479,,,,,,,,,,,0.00038030065479688346,,,,,,,,,,,,
42,,,149499,,,,,,,,,,,0.0006416363175958395,,,,,,,,,,,,
42,,,149519,,,,,,,,,,,0.16204729676246643,,,,,,,,,,,,
42,,,149539,,,,,,,,,,,0.0024352087639272213,,,,,,,,,,,,
42,,,149559,,,,,,,,,,,0.03136226907372475,,,,,,,,,,,,
42,,,149579,,,,,,,,,,,0.034734535962343216,,,,,,,,,,,,
42,,,149599,,,,,,,,,,,0.0031580599024891853,,,,,,,,,,,,
42,,,149619,,,,,,,,,,,0.004401344805955887,,,,,,,,,,,,
42,,,149639,,,,,,,,,,,0.019977377727627754,,,,,,,,,,,,
42,,,149659,,,,,,,,,,,0.0006433797534555197,,,,,,,,,,,,
42,,,149679,,,,,,,,,,,0.08578633517026901,,,,,,,,,,,,
42,,,149699,,,,,,,,,,,0.00022276342497207224,,,,,,,,,,,,
42,,,149719,,,,,,,,,,,0.10624585300683975,,,,,,,,,,,,
42,,,149725,,,,,,,,,,,,0.6360377073287964,0.892198383808136,0.642426073551178,2.8516502380371094,0.6729761958122253,0.5806030035018921,0.6967213153839111,0.6685017347335815,0.6438336372375488,0.8202217817306519,0.5593476295471191,0.6360377073287964
42,,,149725,,,,,,,,,0.9773029088973999,0.04258330911397934,,,,,,,,,,,,,
,7.239932787335146e-05,7.239932787335146e-05,149726,,,,,,,,,,,,,,,,,,,,,,,
43,,,149739,,,,,,,,,,,0.0023527166340500116,,,,,,,,,,,,
43,,,149759,,,,,,,,,,,0.06951171904802322,,,,,,,,,,,,
43,,,149779,,,,,,,,,,,0.012286629527807236,,,,,,,,,,,,
43,,,149799,,,,,,,,,,,0.1617511659860611,,,,,,,,,,,,
43,,,149819,,,,,,,,,,,0.0008713165880180895,,,,,,,,,,,,
43,,,149839,,,,,,,,,,,0.007409893907606602,,,,,,,,,,,,
43,,,149859,,,,,,,,,,,0.020441381260752678,,,,,,,,,,,,
43,,,149879,,,,,,,,,,,0.0032827691175043583,,,,,,,,,,,,
43,,,149899,,,,,,,,,,,0.1284300684928894,,,,,,,,,,,,
43,,,149919,,,,,,,,,,,0.032599687576293945,,,,,,,,,,,,
43,,,149939,,,,,,,,,,,0.00019269846961833537,,,,,,,,,,,,
43,,,149959,,,,,,,,,,,0.008713449351489544,,,,,,,,,,,,
43,,,149979,,,,,,,,,,,0.17788571119308472,,,,,,,,,,,,
43,,,149999,,,,,,,,,,,0.0029357399325817823,,,,,,,,,,,,
43,,,150019,,,,,,,,,,,0.000357875251211226,,,,,,,,,,,,
43,,,150039,,,,,,,,,,,0.04713377356529236,,,,,,,,,,,,
43,,,150059,,,,,,,,,,,0.005305059254169464,,,,,,,,,,,,
43,,,150079,,,,,,,,,,,0.13996317982673645,,,,,,,,,,,,
43,,,150099,,,,,,,,,,,0.0061906748451292515,,,,,,,,,,,,
43,,,150119,,,,,,,,,,,0.0011339886114001274,,,,,,,,,,,,
43,,,150139,,,,,,,,,,,0.0007300538709387183,,,,,,,,,,,,
43,,,150159,,,,,,,,,,,0.005270061083137989,,,,,,,,,,,,
43,,,150179,,,,,,,,,,,0.005768672097474337,,,,,,,,,,,,
43,,,150199,,,,,,,,,,,0.0007183093694038689,,,,,,,,,,,,
43,,,150219,,,,,,,,,,,0.022042738273739815,,,,,,,,,,,,
43,,,150239,,,,,,,,,,,0.00020270777167752385,,,,,,,,,,,,
43,,,150259,,,,,,,,,,,0.00031619047513231635,,,,,,,,,,,,
43,,,150279,,,,,,,,,,,0.032990701496601105,,,,,,,,,,,,
43,,,150299,,,,,,,,,,,0.00036826025461778045,,,,,,,,,,,,
43,,,150319,,,,,,,,,,,0.05461496487259865,,,,,,,,,,,,
43,,,150339,,,,,,,,,,,0.01912718638777733,,,,,,,,,,,,
43,,,150359,,,,,,,,,,,0.005315051414072514,,,,,,,,,,,,
43,,,150379,,,,,,,,,,,0.0014727283269166946,,,,,,,,,,,,
43,,,150399,,,,,,,,,,,0.007503814995288849,,,,,,,,,,,,
43,,,150419,,,,,,,,,,,0.0346769317984581,,,,,,,,,,,,
43,,,150439,,,,,,,,,,,0.0003360608243383467,,,,,,,,,,,,
43,,,150459,,,,,,,,,,,0.08557460457086563,,,,,,,,,,,,
43,,,150479,,,,,,,,,,,0.0003241422527935356,,,,,,,,,,,,
43,,,150499,,,,,,,,,,,0.03823509439826012,,,,,,,,,,,,
43,,,150519,,,,,,,,,,,0.2908652424812317,,,,,,,,,,,,
43,,,150539,,,,,,,,,,,0.024365277960896492,,,,,,,,,,,,
43,,,150559,,,,,,,,,,,0.026670990511775017,,,,,,,,,,,,
43,,,150579,,,,,,,,,,,4.839658140554093e-05,,,,,,,,,,,,
43,,,150599,,,,,,,,,,,0.0005368327838368714,,,,,,,,,,,,
43,,,150619,,,,,,,,,,,0.0004524776595644653,,,,,,,,,,,,
43,,,150639,,,,,,,,,,,0.00037738916580565274,,,,,,,,,,,,
43,,,150659,,,,,,,,,,,0.04112974554300308,,,,,,,,,,,,
43,,,150679,,,,,,,,,,,0.023271732032299042,,,,,,,,,,,,
43,,,150699,,,,,,,,,,,0.009612464345991611,,,,,,,,,,,,
43,,,150719,,,,,,,,,,,0.0016472043935209513,,,,,,,,,,,,
43,,,150739,,,,,,,,,,,0.1441298872232437,,,,,,,,,,,,
43,,,150759,,,,,,,,,,,0.0008413571049459279,,,,,,,,,,,,
43,,,150779,,,,,,,,,,,0.09615152329206467,,,,,,,,,,,,
43,,,150799,,,,,,,,,,,8.137992699630558e-05,,,,,,,,,,,,
43,,,150819,,,,,,,,,,,0.011605479754507542,,,,,,,,,,,,
43,,,150839,,,,,,,,,,,0.0005626126076094806,,,,,,,,,,,,
43,,,150859,,,,,,,,,,,7.916451431810856e-05,,,,,,,,,,,,
43,,,150879,,,,,,,,,,,0.0005606997292488813,,,,,,,,,,,,
43,,,150899,,,,,,,,,,,0.030329886823892593,,,,,,,,,,,,
43,,,150919,,,,,,,,,,,0.000897074700333178,,,,,,,,,,,,
43,,,150939,,,,,,,,,,,0.04839510843157768,,,,,,,,,,,,
43,,,150959,,,,,,,,,,,0.05196954309940338,,,,,,,,,,,,
43,,,150979,,,,,,,,,,,0.06124202162027359,,,,,,,,,,,,
43,,,150999,,,,,,,,,,,0.0031386064365506172,,,,,,,,,,,,
43,,,151019,,,,,,,,,,,0.061831388622522354,,,,,,,,,,,,
43,,,151039,,,,,,,,,,,0.0001502392697148025,,,,,,,,,,,,
43,,,151059,,,,,,,,,,,0.08605232834815979,,,,,,,,,,,,
43,,,151079,,,,,,,,,,,3.453375757089816e-05,,,,,,,,,,,,
43,,,151099,,,,,,,,,,,0.012161476537585258,,,,,,,,,,,,
43,,,151119,,,,,,,,,,,0.011182200163602829,,,,,,,,,,,,
43,,,151139,,,,,,,,,,,0.04737931862473488,,,,,,,,,,,,
43,,,151159,,,,,,,,,,,0.00038651368231512606,,,,,,,,,,,,
43,,,151179,,,,,,,,,,,0.07815813273191452,,,,,,,,,,,,
43,,,151199,,,,,,,,,,,0.11718707531690598,,,,,,,,,,,,
43,,,151219,,,,,,,,,,,0.0005024702986702323,,,,,,,,,,,,
43,,,151239,,,,,,,,,,,0.1371251791715622,,,,,,,,,,,,
43,,,151259,,,,,,,,,,,0.028798658400774002,,,,,,,,,,,,
43,,,151279,,,,,,,,,,,0.0006322966073639691,,,,,,,,,,,,
43,,,151299,,,,,,,,,,,0.00027401457191444933,,,,,,,,,,,,
43,,,151319,,,,,,,,,,,0.0004900253843516111,,,,,,,,,,,,
43,,,151339,,,,,,,,,,,0.0005253625568002462,,,,,,,,,,,,
43,,,151359,,,,,,,,,,,0.1263430416584015,,,,,,,,,,,,
43,,,151379,,,,,,,,,,,0.07401831448078156,,,,,,,,,,,,
43,,,151399,,,,,,,,,,,0.011559422127902508,,,,,,,,,,,,
43,,,151419,,,,,,,,,,,0.06547164171934128,,,,,,,,,,,,
43,,,151439,,,,,,,,,,,0.08601552248001099,,,,,,,,,,,,
43,,,151459,,,,,,,,,,,0.09151647239923477,,,,,,,,,,,,
43,,,151479,,,,,,,,,,,0.00041167897870764136,,,,,,,,,,,,
43,,,151499,,,,,,,,,,,0.00016262904682662338,,,,,,,,,,,,
43,,,151519,,,,,,,,,,,0.025942858308553696,,,,,,,,,,,,
43,,,151539,,,,,,,,,,,0.19581317901611328,,,,,,,,,,,,
43,,,151559,,,,,,,,,,,8.853397594066337e-05,,,,,,,,,,,,
43,,,151579,,,,,,,,,,,0.006592378951609135,,,,,,,,,,,,
43,,,151599,,,,,,,,,,,0.0005000925157219172,,,,,,,,,,,,
43,,,151619,,,,,,,,,,,0.0024823134299367666,,,,,,,,,,,,
43,,,151639,,,,,,,,,,,0.00034445192432031035,,,,,,,,,,,,
43,,,151659,,,,,,,,,,,0.0012920575682073832,,,,,,,,,,,,
43,,,151679,,,,,,,,,,,0.00021110250963829458,,,,,,,,,,,,
43,,,151699,,,,,,,,,,,0.0064468421041965485,,,,,,,,,,,,
43,,,151719,,,,,,,,,,,0.0010670018382370472,,,,,,,,,,,,
43,,,151739,,,,,,,,,,,0.005099824629724026,,,,,,,,,,,,
43,,,151759,,,,,,,,,,,0.10132117569446564,,,,,,,,,,,,
43,,,151779,,,,,,,,,,,0.018736466765403748,,,,,,,,,,,,
43,,,151799,,,,,,,,,,,0.0004547059361357242,,,,,,,,,,,,
43,,,151819,,,,,,,,,,,0.002284948481246829,,,,,,,,,,,,
43,,,151839,,,,,,,,,,,0.1412215679883957,,,,,,,,,,,,
43,,,151859,,,,,,,,,,,0.0006169748958200216,,,,,,,,,,,,
43,,,151879,,,,,,,,,,,0.0006068833754397929,,,,,,,,,,,,
43,,,151899,,,,,,,,,,,0.002066262299194932,,,,,,,,,,,,
43,,,151919,,,,,,,,,,,0.029134633019566536,,,,,,,,,,,,
43,,,151939,,,,,,,,,,,0.07844283431768417,,,,,,,,,,,,
43,,,151959,,,,,,,,,,,0.1856028288602829,,,,,,,,,,,,
43,,,151979,,,,,,,,,,,0.0010525909019634128,,,,,,,,,,,,
43,,,151999,,,,,,,,,,,0.00582300266250968,,,,,,,,,,,,
43,,,152019,,,,,,,,,,,0.08496169745922089,,,,,,,,,,,,
43,,,152039,,,,,,,,,,,0.10878988355398178,,,,,,,,,,,,
43,,,152059,,,,,,,,,,,0.0003058581496588886,,,,,,,,,,,,
43,,,152079,,,,,,,,,,,0.3847849369049072,,,,,,,,,,,,
43,,,152099,,,,,,,,,,,0.2011307030916214,,,,,,,,,,,,
43,,,152119,,,,,,,,,,,0.0006716074422001839,,,,,,,,,,,,
43,,,152139,,,,,,,,,,,0.038143057376146317,,,,,,,,,,,,
43,,,152159,,,,,,,,,,,0.0008567764889448881,,,,,,,,,,,,
43,,,152179,,,,,,,,,,,0.0017042073886841536,,,,,,,,,,,,
43,,,152199,,,,,,,,,,,0.000638250436168164,,,,,,,,,,,,
43,,,152219,,,,,,,,,,,0.0004915556055493653,,,,,,,,,,,,
43,,,152239,,,,,,,,,,,0.0006077036960050464,,,,,,,,,,,,
43,,,152259,,,,,,,,,,,0.07625378668308258,,,,,,,,,,,,
43,,,152279,,,,,,,,,,,0.0014016302302479744,,,,,,,,,,,,
43,,,152299,,,,,,,,,,,0.0757790133357048,,,,,,,,,,,,
43,,,152319,,,,,,,,,,,0.02957976795732975,,,,,,,,,,,,
43,,,152339,,,,,,,,,,,0.10310262441635132,,,,,,,,,,,,
43,,,152359,,,,,,,,,,,0.017478685826063156,,,,,,,,,,,,
43,,,152379,,,,,,,,,,,0.02228108048439026,,,,,,,,,,,,
43,,,152399,,,,,,,,,,,0.0004196954541839659,,,,,,,,,,,,
43,,,152419,,,,,,,,,,,0.0002547886979300529,,,,,,,,,,,,
43,,,152439,,,,,,,,,,,0.10796860605478287,,,,,,,,,,,,
43,,,152459,,,,,,,,,,,0.01531707588583231,,,,,,,,,,,,
43,,,152479,,,,,,,,,,,0.16085810959339142,,,,,,,,,,,,
43,,,152499,,,,,,,,,,,0.0006283463444560766,,,,,,,,,,,,
43,,,152519,,,,,,,,,,,0.00030505683389492333,,,,,,,,,,,,
43,,,152539,,,,,,,,,,,0.015698809176683426,,,,,,,,,,,,
43,,,152559,,,,,,,,,,,0.00467138085514307,,,,,,,,,,,,
43,,,152579,,,,,,,,,,,0.1773797869682312,,,,,,,,,,,,
43,,,152599,,,,,,,,,,,0.12271295487880707,,,,,,,,,,,,
43,,,152619,,,,,,,,,,,0.010910730808973312,,,,,,,,,,,,
43,,,152639,,,,,,,,,,,0.002142318058758974,,,,,,,,,,,,
43,,,152659,,,,,,,,,,,0.0005022197146899998,,,,,,,,,,,,
43,,,152679,,,,,,,,,,,0.0008869922603480518,,,,,,,,,,,,
43,,,152699,,,,,,,,,,,0.0021759981755167246,,,,,,,,,,,,
43,,,152719,,,,,,,,,,,0.0007328482461161911,,,,,,,,,,,,
43,,,152739,,,,,,,,,,,0.03609780594706535,,,,,,,,,,,,
43,,,152759,,,,,,,,,,,0.0004097734927199781,,,,,,,,,,,,
43,,,152779,,,,,,,,,,,0.04334871843457222,,,,,,,,,,,,
43,,,152799,,,,,,,,,,,0.09556671977043152,,,,,,,,,,,,
43,,,152819,,,,,,,,,,,0.003921148367226124,,,,,,,,,,,,
43,,,152839,,,,,,,,,,,0.03965939208865166,,,,,,,,,,,,
43,,,152859,,,,,,,,,,,0.0009186979150399566,,,,,,,,,,,,
43,,,152879,,,,,,,,,,,0.00048466998850926757,,,,,,,,,,,,
43,,,152899,,,,,,,,,,,0.011273645795881748,,,,,,,,,,,,
43,,,152919,,,,,,,,,,,0.00012270112347323447,,,,,,,,,,,,
43,,,152939,,,,,,,,,,,0.03269057348370552,,,,,,,,,,,,
43,,,152959,,,,,,,,,,,0.1289352923631668,,,,,,,,,,,,
43,,,152979,,,,,,,,,,,0.19439800083637238,,,,,,,,,,,,
43,,,152999,,,,,,,,,,,0.05279872193932533,,,,,,,,,,,,
43,,,153019,,,,,,,,,,,0.0003407087060622871,,,,,,,,,,,,
43,,,153039,,,,,,,,,,,0.07176236808300018,,,,,,,,,,,,
43,,,153059,,,,,,,,,,,0.04109859839081764,,,,,,,,,,,,
43,,,153079,,,,,,,,,,,0.0010030174162238836,,,,,,,,,,,,
43,,,153099,,,,,,,,,,,0.0003250790177844465,,,,,,,,,,,,
43,,,153119,,,,,,,,,,,0.006141272373497486,,,,,,,,,,,,
43,,,153139,,,,,,,,,,,0.32091689109802246,,,,,,,,,,,,
43,,,153159,,,,,,,,,,,0.0008640006417408586,,,,,,,,,,,,
43,,,153179,,,,,,,,,,,0.005759826395660639,,,,,,,,,,,,
43,,,153199,,,,,,,,,,,0.005094108171761036,,,,,,,,,,,,
43,,,153207,,,,,,,,,,,,0.6734557747840881,0.9006435871124268,0.6835018992424011,2.5186100006103516,0.7096742391586304,0.6243272423744202,0.7313997745513916,0.6996936798095703,0.7174087166786194,0.7820729613304138,0.6395216584205627,0.6734557747840881
43,,,153207,,,,,,,,,0.9779843091964722,0.040267594158649445,,,,,,,,,,,,,
44,,,153208,0.6306419968605042,0.8563798666000366,0.618801474571228,2.615178108215332,0.6243451833724976,0.5018409490585327,0.6339386105537415,0.6306419968605042,,,,,,,,,,,,,,,
