epoch,lr-AdamW/pg1,lr-AdamW/pg2,step,test/acc,test/auroc,test/f1,test/loss,test/macro_precision,test/mcc,test/recall,train/acc,train/loss_epoch,train/loss_step,val/acc,val/auroc,val/f1,val/loss,val/macro_precision,val/mcc,val/precision_c0,val/precision_c1,val/recall
,3.75e-05,3.75e-05,0,,,,,,,,,,,,,,,,,,,
0,,,19,,,,,,,,,,0.7355392575263977,,,,,,,,,
0,,,39,,,,,,,,,,0.551751434803009,,,,,,,,,
0,,,59,,,,,,,,,,0.5139899849891663,,,,,,,,,
0,,,79,,,,,,,,,,0.4710663855075836,,,,,,,,,
0,,,99,,,,,,,,,,0.38026145100593567,,,,,,,,,
0,,,119,,,,,,,,,,0.47889944911003113,,,,,,,,,
0,,,139,,,,,,,,,,0.4464852809906006,,,,,,,,,
0,,,159,,,,,,,,,,0.38654348254203796,,,,,,,,,
0,,,179,,,,,,,,,,0.32540956139564514,,,,,,,,,
0,,,199,,,,,,,,,,0.6137765645980835,,,,,,,,,
0,,,219,,,,,,,,,,0.3138023614883423,,,,,,,,,
0,,,239,,,,,,,,,,0.30411583185195923,,,,,,,,,
0,,,259,,,,,,,,,,0.29317033290863037,,,,,,,,,
0,,,279,,,,,,,,,,0.44837626814842224,,,,,,,,,
0,,,299,,,,,,,,,,0.2830507755279541,,,,,,,,,
0,,,319,,,,,,,,,,0.4237077236175537,,,,,,,,,
0,,,339,,,,,,,,,,0.45844584703445435,,,,,,,,,
0,,,359,,,,,,,,,,0.4753357172012329,,,,,,,,,
0,,,379,,,,,,,,,,0.3686539828777313,,,,,,,,,
0,,,399,,,,,,,,,,0.4594739079475403,,,,,,,,,
0,,,419,,,,,,,,,,0.3759455680847168,,,,,,,,,
0,,,439,,,,,,,,,,0.5660543441772461,,,,,,,,,
0,,,459,,,,,,,,,,0.5148826837539673,,,,,,,,,
0,,,479,,,,,,,,,,0.39022955298423767,,,,,,,,,
0,,,499,,,,,,,,,,0.4400365352630615,,,,,,,,,
0,,,519,,,,,,,,,,0.4400094449520111,,,,,,,,,
0,,,539,,,,,,,,,,0.41751861572265625,,,,,,,,,
0,,,559,,,,,,,,,,0.3060259222984314,,,,,,,,,
0,,,579,,,,,,,,,,0.28526315093040466,,,,,,,,,
0,,,599,,,,,,,,,,0.37308159470558167,,,,,,,,,
0,,,619,,,,,,,,,,0.3751160800457001,,,,,,,,,
0,,,639,,,,,,,,,,0.183387890458107,,,,,,,,,
0,,,659,,,,,,,,,,0.4489901661872864,,,,,,,,,
0,,,679,,,,,,,,,,0.33814698457717896,,,,,,,,,
0,,,699,,,,,,,,,,0.2824356257915497,,,,,,,,,
0,,,719,,,,,,,,,,0.4218446910381317,,,,,,,,,
0,,,739,,,,,,,,,,0.4178028106689453,,,,,,,,,
0,,,759,,,,,,,,,,0.28267166018486023,,,,,,,,,
0,,,779,,,,,,,,,,0.3788594603538513,,,,,,,,,
0,,,799,,,,,,,,,,0.3639482259750366,,,,,,,,,
0,,,819,,,,,,,,,,0.34324654936790466,,,,,,,,,
0,,,839,,,,,,,,,,0.3434804677963257,,,,,,,,,
0,,,859,,,,,,,,,,0.49660128355026245,,,,,,,,,
0,,,879,,,,,,,,,,0.30040377378463745,,,,,,,,,
0,,,899,,,,,,,,,,0.3408735394477844,,,,,,,,,
0,,,919,,,,,,,,,,0.3368833363056183,,,,,,,,,
0,,,939,,,,,,,,,,0.318541944026947,,,,,,,,,
0,,,959,,,,,,,,,,0.3653874397277832,,,,,,,,,
0,,,979,,,,,,,,,,0.4047835171222687,,,,,,,,,
0,,,999,,,,,,,,,,0.37123242020606995,,,,,,,,,
0,,,1019,,,,,,,,,,0.44213545322418213,,,,,,,,,
0,,,1039,,,,,,,,,,0.4177483320236206,,,,,,,,,
0,,,1059,,,,,,,,,,0.2825618386268616,,,,,,,,,
0,,,1079,,,,,,,,,,0.3683624565601349,,,,,,,,,
0,,,1099,,,,,,,,,,0.2867000699043274,,,,,,,,,
0,,,1119,,,,,,,,,,0.3195916712284088,,,,,,,,,
0,,,1139,,,,,,,,,,0.3287038207054138,,,,,,,,,
0,,,1159,,,,,,,,,,0.3663659393787384,,,,,,,,,
0,,,1179,,,,,,,,,,0.32209134101867676,,,,,,,,,
0,,,1199,,,,,,,,,,0.34861645102500916,,,,,,,,,
0,,,1219,,,,,,,,,,0.21969136595726013,,,,,,,,,
0,,,1239,,,,,,,,,,0.2556461691856384,,,,,,,,,
0,,,1259,,,,,,,,,,0.41419780254364014,,,,,,,,,
0,,,1279,,,,,,,,,,0.38172638416290283,,,,,,,,,
0,,,1299,,,,,,,,,,0.35631346702575684,,,,,,,,,
0,,,1319,,,,,,,,,,0.2961795926094055,,,,,,,,,
0,,,1339,,,,,,,,,,0.3229838013648987,,,,,,,,,
0,,,1359,,,,,,,,,,0.34170693159103394,,,,,,,,,
0,,,1379,,,,,,,,,,0.44884976744651794,,,,,,,,,
0,,,1399,,,,,,,,,,0.4073752760887146,,,,,,,,,
0,,,1419,,,,,,,,,,0.26800814270973206,,,,,,,,,
0,,,1439,,,,,,,,,,0.36305585503578186,,,,,,,,,
0,,,1459,,,,,,,,,,0.1757725477218628,,,,,,,,,
0,,,1479,,,,,,,,,,0.39314088225364685,,,,,,,,,
0,,,1499,,,,,,,,,,0.3689252734184265,,,,,,,,,
0,,,1519,,,,,,,,,,0.30917200446128845,,,,,,,,,
0,,,1539,,,,,,,,,,0.39894044399261475,,,,,,,,,
0,,,1559,,,,,,,,,,0.31530559062957764,,,,,,,,,
0,,,1579,,,,,,,,,,0.2925799489021301,,,,,,,,,
0,,,1599,,,,,,,,,,0.34915870428085327,,,,,,,,,
0,,,1619,,,,,,,,,,0.35944682359695435,,,,,,,,,
0,,,1639,,,,,,,,,,0.2758081257343292,,,,,,,,,
0,,,1659,,,,,,,,,,0.39000892639160156,,,,,,,,,
0,,,1679,,,,,,,,,,0.33501604199409485,,,,,,,,,
0,,,1699,,,,,,,,,,0.30870676040649414,,,,,,,,,
0,,,1719,,,,,,,,,,0.2759077847003937,,,,,,,,,
0,,,1739,,,,,,,,,,0.3875499963760376,,,,,,,,,
0,,,1759,,,,,,,,,,0.26705843210220337,,,,,,,,,
0,,,1779,,,,,,,,,,0.3764837682247162,,,,,,,,,
0,,,1799,,,,,,,,,,0.2672841548919678,,,,,,,,,
0,,,1819,,,,,,,,,,0.3052673935890198,,,,,,,,,
0,,,1839,,,,,,,,,,0.32430657744407654,,,,,,,,,
0,,,1859,,,,,,,,,,0.36847418546676636,,,,,,,,,
0,,,1879,,,,,,,,,,0.3802003562450409,,,,,,,,,
0,,,1899,,,,,,,,,,0.4252853989601135,,,,,,,,,
0,,,1919,,,,,,,,,,0.2938753366470337,,,,,,,,,
0,,,1939,,,,,,,,,,0.3249915540218353,,,,,,,,,
0,,,1959,,,,,,,,,,0.22181080281734467,,,,,,,,,
0,,,1979,,,,,,,,,,0.30700668692588806,,,,,,,,,
0,,,1999,,,,,,,,,,0.2642599940299988,,,,,,,,,
0,,,2019,,,,,,,,,,0.29015815258026123,,,,,,,,,
0,,,2039,,,,,,,,,,0.44967201352119446,,,,,,,,,
0,,,2059,,,,,,,,,,0.30794450640678406,,,,,,,,,
0,,,2079,,,,,,,,,,0.28161418437957764,,,,,,,,,
0,,,2099,,,,,,,,,,0.2819159924983978,,,,,,,,,
0,,,2119,,,,,,,,,,0.3323118984699249,,,,,,,,,
0,,,2139,,,,,,,,,,0.3011228144168854,,,,,,,,,
0,,,2159,,,,,,,,,,0.24768288433551788,,,,,,,,,
0,,,2179,,,,,,,,,,0.3855549693107605,,,,,,,,,
0,,,2199,,,,,,,,,,0.2906053364276886,,,,,,,,,
0,,,2219,,,,,,,,,,0.3242657780647278,,,,,,,,,
0,,,2239,,,,,,,,,,0.31961512565612793,,,,,,,,,
0,,,2259,,,,,,,,,,0.2692785859107971,,,,,,,,,
0,,,2279,,,,,,,,,,0.3391282558441162,,,,,,,,,
0,,,2299,,,,,,,,,,0.2509230971336365,,,,,,,,,
0,,,2319,,,,,,,,,,0.26982229948043823,,,,,,,,,
0,,,2339,,,,,,,,,,0.2394385188817978,,,,,,,,,
0,,,2359,,,,,,,,,,0.2825969159603119,,,,,,,,,
0,,,2379,,,,,,,,,,0.2949087917804718,,,,,,,,,
0,,,2399,,,,,,,,,,0.2985803186893463,,,,,,,,,
0,,,2419,,,,,,,,,,0.38852304220199585,,,,,,,,,
0,,,2439,,,,,,,,,,0.3086230754852295,,,,,,,,,
0,,,2459,,,,,,,,,,0.3738821744918823,,,,,,,,,
0,,,2479,,,,,,,,,,0.35477179288864136,,,,,,,,,
0,,,2499,,,,,,,,,,0.25453096628189087,,,,,,,,,
0,,,2519,,,,,,,,,,0.2850768268108368,,,,,,,,,
0,,,2539,,,,,,,,,,0.2599240243434906,,,,,,,,,
0,,,2559,,,,,,,,,,0.3169134855270386,,,,,,,,,
0,,,2579,,,,,,,,,,0.2587565779685974,,,,,,,,,
0,,,2599,,,,,,,,,,0.3370407819747925,,,,,,,,,
0,,,2619,,,,,,,,,,0.2213640660047531,,,,,,,,,
0,,,2639,,,,,,,,,,0.34586822986602783,,,,,,,,,
0,,,2659,,,,,,,,,,0.3232008218765259,,,,,,,,,
0,,,2679,,,,,,,,,,0.32305002212524414,,,,,,,,,
0,,,2699,,,,,,,,,,0.3096280097961426,,,,,,,,,
0,,,2719,,,,,,,,,,0.40404021739959717,,,,,,,,,
0,,,2739,,,,,,,,,,0.28799930214881897,,,,,,,,,
0,,,2759,,,,,,,,,,0.27705150842666626,,,,,,,,,
0,,,2779,,,,,,,,,,0.2893372178077698,,,,,,,,,
0,,,2799,,,,,,,,,,0.34739071130752563,,,,,,,,,
0,,,2819,,,,,,,,,,0.39337974786758423,,,,,,,,,
0,,,2839,,,,,,,,,,0.45157837867736816,,,,,,,,,
0,,,2859,,,,,,,,,,0.4340106248855591,,,,,,,,,
0,,,2879,,,,,,,,,,0.30546432733535767,,,,,,,,,
0,,,2899,,,,,,,,,,0.36562466621398926,,,,,,,,,
0,,,2919,,,,,,,,,,0.2748625874519348,,,,,,,,,
0,,,2939,,,,,,,,,,0.2673031985759735,,,,,,,,,
0,,,2959,,,,,,,,,,0.5105387568473816,,,,,,,,,
0,,,2979,,,,,,,,,,0.49439483880996704,,,,,,,,,
0,,,2999,,,,,,,,,,0.3054662346839905,,,,,,,,,
0,,,3019,,,,,,,,,,0.25497522950172424,,,,,,,,,
0,,,3039,,,,,,,,,,0.395624577999115,,,,,,,,,
0,,,3059,,,,,,,,,,0.34993231296539307,,,,,,,,,
0,,,3079,,,,,,,,,,0.3809424042701721,,,,,,,,,
0,,,3099,,,,,,,,,,0.3028232455253601,,,,,,,,,
0,,,3119,,,,,,,,,,0.27654099464416504,,,,,,,,,
0,,,3139,,,,,,,,,,0.26970818638801575,,,,,,,,,
0,,,3159,,,,,,,,,,0.29442381858825684,,,,,,,,,
0,,,3179,,,,,,,,,,0.3717087507247925,,,,,,,,,
0,,,3199,,,,,,,,,,0.24069538712501526,,,,,,,,,
0,,,3219,,,,,,,,,,0.30193737149238586,,,,,,,,,
0,,,3239,,,,,,,,,,0.22640778124332428,,,,,,,,,
0,,,3259,,,,,,,,,,0.24382305145263672,,,,,,,,,
0,,,3279,,,,,,,,,,0.4053335189819336,,,,,,,,,
0,,,3299,,,,,,,,,,0.3777860701084137,,,,,,,,,
0,,,3319,,,,,,,,,,0.3129318356513977,,,,,,,,,
0,,,3339,,,,,,,,,,0.28339436650276184,,,,,,,,,
0,,,3359,,,,,,,,,,0.39876386523246765,,,,,,,,,
0,,,3379,,,,,,,,,,0.5586395263671875,,,,,,,,,
0,,,3399,,,,,,,,,,0.17685085535049438,,,,,,,,,
0,,,3419,,,,,,,,,,0.4367310106754303,,,,,,,,,
0,,,3439,,,,,,,,,,0.4434444010257721,,,,,,,,,
0,,,3459,,,,,,,,,,0.35961511731147766,,,,,,,,,
0,,,3479,,,,,,,,,,0.29127195477485657,,,,,,,,,
0,,,3499,,,,,,,,,,0.3093099296092987,,,,,,,,,
0,,,3519,,,,,,,,,,0.24903276562690735,,,,,,,,,
0,,,3535,,,,,,,,,,,0.7458856105804443,0.847097635269165,0.7131887078285217,0.535699188709259,0.7097387313842773,0.45418816804885864,0.5372657775878906,0.8822116255760193,0.7458856105804443
0,,,3535,,,,,,,,0.8137229681015015,0.35489824414253235,,,,,,,,,,
,7.5e-05,7.5e-05,3536,,,,,,,,,,,,,,,,,,,
1,,,3539,,,,,,,,,,0.22660481929779053,,,,,,,,,
1,,,3559,,,,,,,,,,0.2828729450702667,,,,,,,,,
1,,,3579,,,,,,,,,,0.3478618860244751,,,,,,,,,
1,,,3599,,,,,,,,,,0.3714337944984436,,,,,,,,,
1,,,3619,,,,,,,,,,0.302921861410141,,,,,,,,,
1,,,3639,,,,,,,,,,0.36028575897216797,,,,,,,,,
1,,,3659,,,,,,,,,,0.24233563244342804,,,,,,,,,
1,,,3679,,,,,,,,,,0.34095096588134766,,,,,,,,,
1,,,3699,,,,,,,,,,0.2542422413825989,,,,,,,,,
1,,,3719,,,,,,,,,,0.2424391359090805,,,,,,,,,
1,,,3739,,,,,,,,,,0.4057905972003937,,,,,,,,,
1,,,3759,,,,,,,,,,0.14720910787582397,,,,,,,,,
1,,,3779,,,,,,,,,,0.2569844424724579,,,,,,,,,
1,,,3799,,,,,,,,,,0.2540035545825958,,,,,,,,,
1,,,3819,,,,,,,,,,0.3246206045150757,,,,,,,,,
1,,,3839,,,,,,,,,,0.2905529737472534,,,,,,,,,
1,,,3859,,,,,,,,,,0.2630789875984192,,,,,,,,,
1,,,3879,,,,,,,,,,0.4231322407722473,,,,,,,,,
1,,,3899,,,,,,,,,,0.4167543947696686,,,,,,,,,
1,,,3919,,,,,,,,,,0.22772330045700073,,,,,,,,,
1,,,3939,,,,,,,,,,0.2873769998550415,,,,,,,,,
1,,,3959,,,,,,,,,,0.2561468780040741,,,,,,,,,
1,,,3979,,,,,,,,,,0.2815856635570526,,,,,,,,,
1,,,3999,,,,,,,,,,0.2452465444803238,,,,,,,,,
1,,,4019,,,,,,,,,,0.238185852766037,,,,,,,,,
1,,,4039,,,,,,,,,,0.27861616015434265,,,,,,,,,
1,,,4059,,,,,,,,,,0.5054884552955627,,,,,,,,,
1,,,4079,,,,,,,,,,0.29195138812065125,,,,,,,,,
1,,,4099,,,,,,,,,,0.33134356141090393,,,,,,,,,
1,,,4119,,,,,,,,,,0.37205982208251953,,,,,,,,,
1,,,4139,,,,,,,,,,0.2648434042930603,,,,,,,,,
1,,,4159,,,,,,,,,,0.3293400704860687,,,,,,,,,
1,,,4179,,,,,,,,,,0.4052162766456604,,,,,,,,,
1,,,4199,,,,,,,,,,0.3242407739162445,,,,,,,,,
1,,,4219,,,,,,,,,,0.29992952942848206,,,,,,,,,
1,,,4239,,,,,,,,,,0.38547638058662415,,,,,,,,,
1,,,4259,,,,,,,,,,0.2879115045070648,,,,,,,,,
1,,,4279,,,,,,,,,,0.3987686038017273,,,,,,,,,
1,,,4299,,,,,,,,,,0.30214542150497437,,,,,,,,,
1,,,4319,,,,,,,,,,0.28577929735183716,,,,,,,,,
1,,,4339,,,,,,,,,,0.19690805673599243,,,,,,,,,
1,,,4359,,,,,,,,,,0.32237523794174194,,,,,,,,,
1,,,4379,,,,,,,,,,0.34267574548721313,,,,,,,,,
1,,,4399,,,,,,,,,,0.28640270233154297,,,,,,,,,
1,,,4419,,,,,,,,,,0.4502650499343872,,,,,,,,,
1,,,4439,,,,,,,,,,0.32868561148643494,,,,,,,,,
1,,,4459,,,,,,,,,,0.24908597767353058,,,,,,,,,
1,,,4479,,,,,,,,,,0.2631652355194092,,,,,,,,,
1,,,4499,,,,,,,,,,0.3273334205150604,,,,,,,,,
1,,,4519,,,,,,,,,,0.24038013815879822,,,,,,,,,
1,,,4539,,,,,,,,,,0.3281072974205017,,,,,,,,,
1,,,4559,,,,,,,,,,0.260770708322525,,,,,,,,,
1,,,4579,,,,,,,,,,0.18804022669792175,,,,,,,,,
1,,,4599,,,,,,,,,,0.3621521592140198,,,,,,,,,
1,,,4619,,,,,,,,,,0.3482411503791809,,,,,,,,,
1,,,4639,,,,,,,,,,0.2665979564189911,,,,,,,,,
1,,,4659,,,,,,,,,,0.2988034784793854,,,,,,,,,
1,,,4679,,,,,,,,,,0.22029933333396912,,,,,,,,,
1,,,4699,,,,,,,,,,0.24431107938289642,,,,,,,,,
1,,,4719,,,,,,,,,,0.39200258255004883,,,,,,,,,
1,,,4739,,,,,,,,,,0.4167942702770233,,,,,,,,,
1,,,4759,,,,,,,,,,0.22155340015888214,,,,,,,,,
1,,,4779,,,,,,,,,,0.34653475880622864,,,,,,,,,
1,,,4799,,,,,,,,,,0.2206083983182907,,,,,,,,,
1,,,4819,,,,,,,,,,0.40325993299484253,,,,,,,,,
1,,,4839,,,,,,,,,,0.29733285307884216,,,,,,,,,
1,,,4859,,,,,,,,,,0.37687352299690247,,,,,,,,,
1,,,4879,,,,,,,,,,0.32969680428504944,,,,,,,,,
1,,,4899,,,,,,,,,,0.33557796478271484,,,,,,,,,
1,,,4919,,,,,,,,,,0.26665905117988586,,,,,,,,,
1,,,4939,,,,,,,,,,0.2836712896823883,,,,,,,,,
1,,,4959,,,,,,,,,,0.30402785539627075,,,,,,,,,
1,,,4979,,,,,,,,,,0.3443964123725891,,,,,,,,,
1,,,4999,,,,,,,,,,0.1972188949584961,,,,,,,,,
1,,,5019,,,,,,,,,,0.26456764340400696,,,,,,,,,
1,,,5039,,,,,,,,,,0.3217615485191345,,,,,,,,,
1,,,5059,,,,,,,,,,0.18654610216617584,,,,,,,,,
1,,,5079,,,,,,,,,,0.34948909282684326,,,,,,,,,
1,,,5099,,,,,,,,,,0.30034616589546204,,,,,,,,,
1,,,5119,,,,,,,,,,0.26704907417297363,,,,,,,,,
1,,,5139,,,,,,,,,,0.1950518786907196,,,,,,,,,
1,,,5159,,,,,,,,,,0.24299074709415436,,,,,,,,,
1,,,5179,,,,,,,,,,0.32482415437698364,,,,,,,,,
1,,,5199,,,,,,,,,,0.5021617412567139,,,,,,,,,
1,,,5219,,,,,,,,,,0.26224663853645325,,,,,,,,,
1,,,5239,,,,,,,,,,0.3380393087863922,,,,,,,,,
1,,,5259,,,,,,,,,,0.28162699937820435,,,,,,,,,
1,,,5279,,,,,,,,,,0.27621838450431824,,,,,,,,,
1,,,5299,,,,,,,,,,0.26398181915283203,,,,,,,,,
1,,,5319,,,,,,,,,,0.2886400818824768,,,,,,,,,
1,,,5339,,,,,,,,,,0.24473409354686737,,,,,,,,,
1,,,5359,,,,,,,,,,0.2790268063545227,,,,,,,,,
1,,,5379,,,,,,,,,,0.24430739879608154,,,,,,,,,
1,,,5399,,,,,,,,,,0.2670334279537201,,,,,,,,,
1,,,5419,,,,,,,,,,0.28338441252708435,,,,,,,,,
1,,,5439,,,,,,,,,,0.29694294929504395,,,,,,,,,
1,,,5459,,,,,,,,,,0.22741243243217468,,,,,,,,,
1,,,5479,,,,,,,,,,0.21641585230827332,,,,,,,,,
1,,,5499,,,,,,,,,,0.1690049022436142,,,,,,,,,
1,,,5519,,,,,,,,,,0.3270992934703827,,,,,,,,,
1,,,5539,,,,,,,,,,0.26935020089149475,,,,,,,,,
1,,,5559,,,,,,,,,,0.2881019413471222,,,,,,,,,
1,,,5579,,,,,,,,,,0.18879398703575134,,,,,,,,,
1,,,5599,,,,,,,,,,0.2567189633846283,,,,,,,,,
1,,,5619,,,,,,,,,,0.2485056221485138,,,,,,,,,
1,,,5639,,,,,,,,,,0.2480987310409546,,,,,,,,,
1,,,5659,,,,,,,,,,0.27082133293151855,,,,,,,,,
1,,,5679,,,,,,,,,,0.23269015550613403,,,,,,,,,
1,,,5699,,,,,,,,,,0.2305462658405304,,,,,,,,,
1,,,5719,,,,,,,,,,0.26622942090034485,,,,,,,,,
1,,,5739,,,,,,,,,,0.42808979749679565,,,,,,,,,
1,,,5759,,,,,,,,,,0.281729519367218,,,,,,,,,
1,,,5779,,,,,,,,,,0.35815325379371643,,,,,,,,,
1,,,5799,,,,,,,,,,0.23635533452033997,,,,,,,,,
1,,,5819,,,,,,,,,,0.21319307386875153,,,,,,,,,
1,,,5839,,,,,,,,,,0.3357947766780853,,,,,,,,,
1,,,5859,,,,,,,,,,0.2734110653400421,,,,,,,,,
1,,,5879,,,,,,,,,,0.3331526219844818,,,,,,,,,
1,,,5899,,,,,,,,,,0.24773328006267548,,,,,,,,,
1,,,5919,,,,,,,,,,0.2241002917289734,,,,,,,,,
1,,,5939,,,,,,,,,,0.20454660058021545,,,,,,,,,
1,,,5959,,,,,,,,,,0.2796858251094818,,,,,,,,,
1,,,5979,,,,,,,,,,0.25244224071502686,,,,,,,,,
1,,,5999,,,,,,,,,,0.4075606167316437,,,,,,,,,
1,,,6019,,,,,,,,,,0.29067477583885193,,,,,,,,,
1,,,6039,,,,,,,,,,0.2208615243434906,,,,,,,,,
1,,,6059,,,,,,,,,,0.2858566343784332,,,,,,,,,
1,,,6079,,,,,,,,,,0.3214322626590729,,,,,,,,,
1,,,6099,,,,,,,,,,0.3927706480026245,,,,,,,,,
1,,,6119,,,,,,,,,,0.3009597957134247,,,,,,,,,
1,,,6139,,,,,,,,,,0.2664666175842285,,,,,,,,,
1,,,6159,,,,,,,,,,0.21418294310569763,,,,,,,,,
1,,,6179,,,,,,,,,,0.2499697357416153,,,,,,,,,
1,,,6199,,,,,,,,,,0.32181793451309204,,,,,,,,,
1,,,6219,,,,,,,,,,0.40129172801971436,,,,,,,,,
1,,,6239,,,,,,,,,,0.3173052966594696,,,,,,,,,
1,,,6259,,,,,,,,,,0.2417980432510376,,,,,,,,,
1,,,6279,,,,,,,,,,0.3640398383140564,,,,,,,,,
1,,,6299,,,,,,,,,,0.2713887095451355,,,,,,,,,
1,,,6319,,,,,,,,,,0.29586952924728394,,,,,,,,,
1,,,6339,,,,,,,,,,0.27431586384773254,,,,,,,,,
1,,,6359,,,,,,,,,,0.2235887497663498,,,,,,,,,
1,,,6379,,,,,,,,,,0.39112573862075806,,,,,,,,,
1,,,6399,,,,,,,,,,0.3184729814529419,,,,,,,,,
1,,,6419,,,,,,,,,,0.2696317136287689,,,,,,,,,
1,,,6439,,,,,,,,,,0.31241375207901,,,,,,,,,
1,,,6459,,,,,,,,,,0.24690547585487366,,,,,,,,,
1,,,6479,,,,,,,,,,0.35826578736305237,,,,,,,,,
1,,,6499,,,,,,,,,,0.36953049898147583,,,,,,,,,
1,,,6519,,,,,,,,,,0.26154664158821106,,,,,,,,,
1,,,6539,,,,,,,,,,0.3393862843513489,,,,,,,,,
1,,,6559,,,,,,,,,,0.3589797914028168,,,,,,,,,
1,,,6579,,,,,,,,,,0.16288357973098755,,,,,,,,,
1,,,6599,,,,,,,,,,0.26377376914024353,,,,,,,,,
1,,,6619,,,,,,,,,,0.38189181685447693,,,,,,,,,
1,,,6639,,,,,,,,,,0.35175248980522156,,,,,,,,,
1,,,6659,,,,,,,,,,0.28033721446990967,,,,,,,,,
1,,,6679,,,,,,,,,,0.19946697354316711,,,,,,,,,
1,,,6699,,,,,,,,,,0.23215323686599731,,,,,,,,,
1,,,6719,,,,,,,,,,0.3426838219165802,,,,,,,,,
1,,,6739,,,,,,,,,,0.28196391463279724,,,,,,,,,
1,,,6759,,,,,,,,,,0.35790109634399414,,,,,,,,,
1,,,6779,,,,,,,,,,0.32398608326911926,,,,,,,,,
1,,,6799,,,,,,,,,,0.35975998640060425,,,,,,,,,
1,,,6819,,,,,,,,,,0.18890178203582764,,,,,,,,,
1,,,6839,,,,,,,,,,0.28863275051116943,,,,,,,,,
1,,,6859,,,,,,,,,,0.2502646744251251,,,,,,,,,
1,,,6879,,,,,,,,,,0.3082132339477539,,,,,,,,,
1,,,6899,,,,,,,,,,0.2849869132041931,,,,,,,,,
1,,,6919,,,,,,,,,,0.23116715252399445,,,,,,,,,
1,,,6939,,,,,,,,,,0.24909886717796326,,,,,,,,,
1,,,6959,,,,,,,,,,0.2561306655406952,,,,,,,,,
1,,,6979,,,,,,,,,,0.25040262937545776,,,,,,,,,
1,,,6999,,,,,,,,,,0.30368006229400635,,,,,,,,,
1,,,7019,,,,,,,,,,0.2595210671424866,,,,,,,,,
1,,,7039,,,,,,,,,,0.3004257380962372,,,,,,,,,
1,,,7059,,,,,,,,,,0.21295785903930664,,,,,,,,,
1,,,7071,,,,,,,,,,,0.7478886246681213,0.8702536225318909,0.6701450943946838,0.7288795113563538,0.7118369340896606,0.4583098292350769,0.47562140226364136,0.9480525255203247,0.7478886246681213
1,,,7071,,,,,,,,0.8567517995834351,0.28785914182662964,,,,,,,,,,
,0.0001125,0.0001125,7072,,,,,,,,,,,,,,,,,,,
2,,,7079,,,,,,,,,,0.3034203350543976,,,,,,,,,
2,,,7099,,,,,,,,,,0.18249063193798065,,,,,,,,,
2,,,7119,,,,,,,,,,0.21877704560756683,,,,,,,,,
2,,,7139,,,,,,,,,,0.26783791184425354,,,,,,,,,
2,,,7159,,,,,,,,,,0.1826174408197403,,,,,,,,,
2,,,7179,,,,,,,,,,0.4194464385509491,,,,,,,,,
2,,,7199,,,,,,,,,,0.20962905883789062,,,,,,,,,
2,,,7219,,,,,,,,,,0.3765755593776703,,,,,,,,,
2,,,7239,,,,,,,,,,0.26496899127960205,,,,,,,,,
2,,,7259,,,,,,,,,,0.24976295232772827,,,,,,,,,
2,,,7279,,,,,,,,,,0.31658297777175903,,,,,,,,,
2,,,7299,,,,,,,,,,0.3808594346046448,,,,,,,,,
2,,,7319,,,,,,,,,,0.2554120421409607,,,,,,,,,
2,,,7339,,,,,,,,,,0.4220447540283203,,,,,,,,,
2,,,7359,,,,,,,,,,0.27254337072372437,,,,,,,,,
2,,,7379,,,,,,,,,,0.25088897347450256,,,,,,,,,
2,,,7399,,,,,,,,,,0.4158703684806824,,,,,,,,,
2,,,7419,,,,,,,,,,0.3688281774520874,,,,,,,,,
2,,,7439,,,,,,,,,,0.18181826174259186,,,,,,,,,
2,,,7459,,,,,,,,,,0.21921299397945404,,,,,,,,,
2,,,7479,,,,,,,,,,0.2685549557209015,,,,,,,,,
2,,,7499,,,,,,,,,,0.259941041469574,,,,,,,,,
2,,,7519,,,,,,,,,,0.2318582385778427,,,,,,,,,
2,,,7539,,,,,,,,,,0.21221567690372467,,,,,,,,,
2,,,7559,,,,,,,,,,0.23829850554466248,,,,,,,,,
2,,,7579,,,,,,,,,,0.38833388686180115,,,,,,,,,
2,,,7599,,,,,,,,,,0.24943318963050842,,,,,,,,,
2,,,7619,,,,,,,,,,0.32806164026260376,,,,,,,,,
2,,,7639,,,,,,,,,,0.26880404353141785,,,,,,,,,
2,,,7659,,,,,,,,,,0.3022448718547821,,,,,,,,,
2,,,7679,,,,,,,,,,0.217555433511734,,,,,,,,,
2,,,7699,,,,,,,,,,0.3404940664768219,,,,,,,,,
2,,,7719,,,,,,,,,,0.25363296270370483,,,,,,,,,
2,,,7739,,,,,,,,,,0.2399192899465561,,,,,,,,,
2,,,7759,,,,,,,,,,0.2980045676231384,,,,,,,,,
2,,,7779,,,,,,,,,,0.4196765720844269,,,,,,,,,
2,,,7799,,,,,,,,,,0.29410600662231445,,,,,,,,,
2,,,7819,,,,,,,,,,0.1816662698984146,,,,,,,,,
2,,,7839,,,,,,,,,,0.29390084743499756,,,,,,,,,
2,,,7859,,,,,,,,,,0.18593159317970276,,,,,,,,,
2,,,7879,,,,,,,,,,0.18631646037101746,,,,,,,,,
2,,,7899,,,,,,,,,,0.22530415654182434,,,,,,,,,
2,,,7919,,,,,,,,,,0.3641606867313385,,,,,,,,,
2,,,7939,,,,,,,,,,0.23533804714679718,,,,,,,,,
2,,,7959,,,,,,,,,,0.19733881950378418,,,,,,,,,
2,,,7979,,,,,,,,,,0.22922393679618835,,,,,,,,,
2,,,7999,,,,,,,,,,0.25782158970832825,,,,,,,,,
2,,,8019,,,,,,,,,,0.2298159897327423,,,,,,,,,
2,,,8039,,,,,,,,,,0.2749596834182739,,,,,,,,,
2,,,8059,,,,,,,,,,0.2692924737930298,,,,,,,,,
2,,,8079,,,,,,,,,,0.2669805586338043,,,,,,,,,
2,,,8099,,,,,,,,,,0.26884400844573975,,,,,,,,,
2,,,8119,,,,,,,,,,0.15801787376403809,,,,,,,,,
2,,,8139,,,,,,,,,,0.2413812279701233,,,,,,,,,
2,,,8159,,,,,,,,,,0.2993982434272766,,,,,,,,,
2,,,8179,,,,,,,,,,0.17643412947654724,,,,,,,,,
2,,,8199,,,,,,,,,,0.1834007352590561,,,,,,,,,
2,,,8219,,,,,,,,,,0.16913267970085144,,,,,,,,,
2,,,8239,,,,,,,,,,0.20033080875873566,,,,,,,,,
2,,,8259,,,,,,,,,,0.25943994522094727,,,,,,,,,
2,,,8279,,,,,,,,,,0.47204890847206116,,,,,,,,,
2,,,8299,,,,,,,,,,0.13630492985248566,,,,,,,,,
2,,,8319,,,,,,,,,,0.25067251920700073,,,,,,,,,
2,,,8339,,,,,,,,,,0.20140978693962097,,,,,,,,,
2,,,8359,,,,,,,,,,0.2532956600189209,,,,,,,,,
2,,,8379,,,,,,,,,,0.20049500465393066,,,,,,,,,
2,,,8399,,,,,,,,,,0.36647018790245056,,,,,,,,,
2,,,8419,,,,,,,,,,0.2153039425611496,,,,,,,,,
2,,,8439,,,,,,,,,,0.28255853056907654,,,,,,,,,
2,,,8459,,,,,,,,,,0.33370763063430786,,,,,,,,,
2,,,8479,,,,,,,,,,0.3399217128753662,,,,,,,,,
2,,,8499,,,,,,,,,,0.2882433533668518,,,,,,,,,
2,,,8519,,,,,,,,,,0.11418063193559647,,,,,,,,,
2,,,8539,,,,,,,,,,0.24214112758636475,,,,,,,,,
2,,,8559,,,,,,,,,,0.2545951306819916,,,,,,,,,
2,,,8579,,,,,,,,,,0.14045211672782898,,,,,,,,,
2,,,8599,,,,,,,,,,0.29715803265571594,,,,,,,,,
2,,,8619,,,,,,,,,,0.2878462076187134,,,,,,,,,
2,,,8639,,,,,,,,,,0.23579047620296478,,,,,,,,,
2,,,8659,,,,,,,,,,0.22745443880558014,,,,,,,,,
2,,,8679,,,,,,,,,,0.22456692159175873,,,,,,,,,
2,,,8699,,,,,,,,,,0.23982369899749756,,,,,,,,,
2,,,8719,,,,,,,,,,0.35814613103866577,,,,,,,,,
2,,,8739,,,,,,,,,,0.34620630741119385,,,,,,,,,
2,,,8759,,,,,,,,,,0.28812041878700256,,,,,,,,,
2,,,8779,,,,,,,,,,0.2648913264274597,,,,,,,,,
2,,,8799,,,,,,,,,,0.16754403710365295,,,,,,,,,
2,,,8819,,,,,,,,,,0.1543891876935959,,,,,,,,,
2,,,8839,,,,,,,,,,0.21102437376976013,,,,,,,,,
2,,,8859,,,,,,,,,,0.29134461283683777,,,,,,,,,
2,,,8879,,,,,,,,,,0.20129647850990295,,,,,,,,,
2,,,8899,,,,,,,,,,0.265023410320282,,,,,,,,,
2,,,8919,,,,,,,,,,0.27542683482170105,,,,,,,,,
2,,,8939,,,,,,,,,,0.19586944580078125,,,,,,,,,
2,,,8959,,,,,,,,,,0.22124117612838745,,,,,,,,,
2,,,8979,,,,,,,,,,0.1555997133255005,,,,,,,,,
2,,,8999,,,,,,,,,,0.3028913736343384,,,,,,,,,
2,,,9019,,,,,,,,,,0.2579687535762787,,,,,,,,,
2,,,9039,,,,,,,,,,0.21839016675949097,,,,,,,,,
2,,,9059,,,,,,,,,,0.1505042314529419,,,,,,,,,
2,,,9079,,,,,,,,,,0.17966389656066895,,,,,,,,,
2,,,9099,,,,,,,,,,0.42696037888526917,,,,,,,,,
2,,,9119,,,,,,,,,,0.2880346477031708,,,,,,,,,
2,,,9139,,,,,,,,,,0.2569449543952942,,,,,,,,,
2,,,9159,,,,,,,,,,0.29383212327957153,,,,,,,,,
2,,,9179,,,,,,,,,,0.16750477254390717,,,,,,,,,
2,,,9199,,,,,,,,,,0.0797324925661087,,,,,,,,,
2,,,9219,,,,,,,,,,0.1458815634250641,,,,,,,,,
2,,,9239,,,,,,,,,,0.34315481781959534,,,,,,,,,
2,,,9259,,,,,,,,,,0.20358969271183014,,,,,,,,,
2,,,9279,,,,,,,,,,0.2091919630765915,,,,,,,,,
2,,,9299,,,,,,,,,,0.2113915979862213,,,,,,,,,
2,,,9319,,,,,,,,,,0.33403927087783813,,,,,,,,,
2,,,9339,,,,,,,,,,0.28562241792678833,,,,,,,,,
2,,,9359,,,,,,,,,,0.25659140944480896,,,,,,,,,
2,,,9379,,,,,,,,,,0.25397780537605286,,,,,,,,,
2,,,9399,,,,,,,,,,0.23744168877601624,,,,,,,,,
2,,,9419,,,,,,,,,,0.25541064143180847,,,,,,,,,
2,,,9439,,,,,,,,,,0.30226463079452515,,,,,,,,,
2,,,9459,,,,,,,,,,0.28831398487091064,,,,,,,,,
2,,,9479,,,,,,,,,,0.17020373046398163,,,,,,,,,
2,,,9499,,,,,,,,,,0.15872424840927124,,,,,,,,,
2,,,9519,,,,,,,,,,0.21783532202243805,,,,,,,,,
2,,,9539,,,,,,,,,,0.23201805353164673,,,,,,,,,
2,,,9559,,,,,,,,,,0.18285106122493744,,,,,,,,,
2,,,9579,,,,,,,,,,0.2664479613304138,,,,,,,,,
2,,,9599,,,,,,,,,,0.2498127967119217,,,,,,,,,
2,,,9619,,,,,,,,,,0.15408340096473694,,,,,,,,,
2,,,9639,,,,,,,,,,0.24622371792793274,,,,,,,,,
2,,,9659,,,,,,,,,,0.29938969016075134,,,,,,,,,
2,,,9679,,,,,,,,,,0.3435680866241455,,,,,,,,,
2,,,9699,,,,,,,,,,0.22990424931049347,,,,,,,,,
2,,,9719,,,,,,,,,,0.2066778838634491,,,,,,,,,
2,,,9739,,,,,,,,,,0.2808089852333069,,,,,,,,,
2,,,9759,,,,,,,,,,0.15951579809188843,,,,,,,,,
2,,,9779,,,,,,,,,,0.17832256853580475,,,,,,,,,
2,,,9799,,,,,,,,,,0.33614128828048706,,,,,,,,,
2,,,9819,,,,,,,,,,0.26890257000923157,,,,,,,,,
2,,,9839,,,,,,,,,,0.21756255626678467,,,,,,,,,
2,,,9859,,,,,,,,,,0.16560250520706177,,,,,,,,,
2,,,9879,,,,,,,,,,0.1677350550889969,,,,,,,,,
2,,,9899,,,,,,,,,,0.23012487590312958,,,,,,,,,
2,,,9919,,,,,,,,,,0.16244971752166748,,,,,,,,,
2,,,9939,,,,,,,,,,0.22679811716079712,,,,,,,,,
2,,,9959,,,,,,,,,,0.14333733916282654,,,,,,,,,
2,,,9979,,,,,,,,,,0.2718352973461151,,,,,,,,,
2,,,9999,,,,,,,,,,0.4338763356208801,,,,,,,,,
2,,,10019,,,,,,,,,,0.28464269638061523,,,,,,,,,
2,,,10039,,,,,,,,,,0.2506334185600281,,,,,,,,,
2,,,10059,,,,,,,,,,0.22137871384620667,,,,,,,,,
2,,,10079,,,,,,,,,,0.2291755974292755,,,,,,,,,
2,,,10099,,,,,,,,,,0.2360406368970871,,,,,,,,,
2,,,10119,,,,,,,,,,0.18542733788490295,,,,,,,,,
2,,,10139,,,,,,,,,,0.2699423134326935,,,,,,,,,
2,,,10159,,,,,,,,,,0.1368081420660019,,,,,,,,,
2,,,10179,,,,,,,,,,0.2216108739376068,,,,,,,,,
2,,,10199,,,,,,,,,,0.36353880167007446,,,,,,,,,
2,,,10219,,,,,,,,,,0.22452124953269958,,,,,,,,,
2,,,10239,,,,,,,,,,0.18798241019248962,,,,,,,,,
2,,,10259,,,,,,,,,,0.26777884364128113,,,,,,,,,
2,,,10279,,,,,,,,,,0.17449627816677094,,,,,,,,,
2,,,10299,,,,,,,,,,0.2392355054616928,,,,,,,,,
2,,,10319,,,,,,,,,,0.17232127487659454,,,,,,,,,
2,,,10339,,,,,,,,,,0.3554397225379944,,,,,,,,,
2,,,10359,,,,,,,,,,0.18643026053905487,,,,,,,,,
2,,,10379,,,,,,,,,,0.40627068281173706,,,,,,,,,
2,,,10399,,,,,,,,,,0.19819402694702148,,,,,,,,,
2,,,10419,,,,,,,,,,0.2582710087299347,,,,,,,,,
2,,,10439,,,,,,,,,,0.31969910860061646,,,,,,,,,
2,,,10459,,,,,,,,,,0.18674643337726593,,,,,,,,,
2,,,10479,,,,,,,,,,0.2076273262500763,,,,,,,,,
2,,,10499,,,,,,,,,,0.15526749193668365,,,,,,,,,
2,,,10519,,,,,,,,,,0.24932686984539032,,,,,,,,,
2,,,10539,,,,,,,,,,0.23229804635047913,,,,,,,,,
2,,,10559,,,,,,,,,,0.3175566494464874,,,,,,,,,
2,,,10579,,,,,,,,,,0.34632837772369385,,,,,,,,,
2,,,10599,,,,,,,,,,0.11964484304189682,,,,,,,,,
2,,,10607,,,,,,,,,,,0.7537904977798462,0.8344124555587769,0.7368457317352295,0.722549557685852,0.7287520170211792,0.48189255595207214,0.5876009464263916,0.8699030876159668,0.7537904977798462
2,,,10607,,,,,,,,0.8822361826896667,0.24437615275382996,,,,,,,,,,
,0.00015,0.00015,10608,,,,,,,,,,,,,,,,,,,
3,,,10619,,,,,,,,,,0.25337353348731995,,,,,,,,,
3,,,10639,,,,,,,,,,0.404560923576355,,,,,,,,,
3,,,10659,,,,,,,,,,0.2515702247619629,,,,,,,,,
3,,,10679,,,,,,,,,,0.1859963983297348,,,,,,,,,
3,,,10699,,,,,,,,,,0.24820460379123688,,,,,,,,,
3,,,10719,,,,,,,,,,0.1518220603466034,,,,,,,,,
3,,,10739,,,,,,,,,,0.33956417441368103,,,,,,,,,
3,,,10759,,,,,,,,,,0.16481108963489532,,,,,,,,,
3,,,10779,,,,,,,,,,0.11615858972072601,,,,,,,,,
3,,,10799,,,,,,,,,,0.36145952343940735,,,,,,,,,
3,,,10819,,,,,,,,,,0.2639979124069214,,,,,,,,,
3,,,10839,,,,,,,,,,0.25944027304649353,,,,,,,,,
3,,,10859,,,,,,,,,,0.11781685054302216,,,,,,,,,
3,,,10879,,,,,,,,,,0.15832850337028503,,,,,,,,,
3,,,10899,,,,,,,,,,0.1765291541814804,,,,,,,,,
3,,,10919,,,,,,,,,,0.20913222432136536,,,,,,,,,
3,,,10939,,,,,,,,,,0.26909202337265015,,,,,,,,,
3,,,10959,,,,,,,,,,0.16284814476966858,,,,,,,,,
3,,,10979,,,,,,,,,,0.20120827853679657,,,,,,,,,
3,,,10999,,,,,,,,,,0.1634872555732727,,,,,,,,,
3,,,11019,,,,,,,,,,0.27009543776512146,,,,,,,,,
3,,,11039,,,,,,,,,,0.2512677311897278,,,,,,,,,
3,,,11059,,,,,,,,,,0.20523767173290253,,,,,,,,,
3,,,11079,,,,,,,,,,0.2601894736289978,,,,,,,,,
3,,,11099,,,,,,,,,,0.15039311349391937,,,,,,,,,
3,,,11119,,,,,,,,,,0.4429112374782562,,,,,,,,,
3,,,11139,,,,,,,,,,0.3823900818824768,,,,,,,,,
3,,,11159,,,,,,,,,,0.3047811985015869,,,,,,,,,
3,,,11179,,,,,,,,,,0.15983203053474426,,,,,,,,,
3,,,11199,,,,,,,,,,0.35369449853897095,,,,,,,,,
3,,,11219,,,,,,,,,,0.25534549355506897,,,,,,,,,
3,,,11239,,,,,,,,,,0.19824402034282684,,,,,,,,,
3,,,11259,,,,,,,,,,0.12374849617481232,,,,,,,,,
3,,,11279,,,,,,,,,,0.1810823678970337,,,,,,,,,
3,,,11299,,,,,,,,,,0.16175684332847595,,,,,,,,,
3,,,11319,,,,,,,,,,0.22474142909049988,,,,,,,,,
3,,,11339,,,,,,,,,,0.3612750172615051,,,,,,,,,
3,,,11359,,,,,,,,,,0.1879953145980835,,,,,,,,,
3,,,11379,,,,,,,,,,0.2119646668434143,,,,,,,,,
3,,,11399,,,,,,,,,,0.12139070779085159,,,,,,,,,
3,,,11419,,,,,,,,,,0.4052322506904602,,,,,,,,,
3,,,11439,,,,,,,,,,0.1999574601650238,,,,,,,,,
3,,,11459,,,,,,,,,,0.41510364413261414,,,,,,,,,
3,,,11479,,,,,,,,,,0.17418847978115082,,,,,,,,,
3,,,11499,,,,,,,,,,0.22520378232002258,,,,,,,,,
3,,,11519,,,,,,,,,,0.20439781248569489,,,,,,,,,
3,,,11539,,,,,,,,,,0.36999741196632385,,,,,,,,,
3,,,11559,,,,,,,,,,0.29430633783340454,,,,,,,,,
3,,,11579,,,,,,,,,,0.26202479004859924,,,,,,,,,
3,,,11599,,,,,,,,,,0.10301796346902847,,,,,,,,,
3,,,11619,,,,,,,,,,0.1878664344549179,,,,,,,,,
3,,,11639,,,,,,,,,,0.30109715461730957,,,,,,,,,
3,,,11659,,,,,,,,,,0.21727164089679718,,,,,,,,,
3,,,11679,,,,,,,,,,0.2201448529958725,,,,,,,,,
3,,,11699,,,,,,,,,,0.2640695869922638,,,,,,,,,
3,,,11719,,,,,,,,,,0.27734795212745667,,,,,,,,,
3,,,11739,,,,,,,,,,0.2676388621330261,,,,,,,,,
3,,,11759,,,,,,,,,,0.2010362595319748,,,,,,,,,
3,,,11779,,,,,,,,,,0.23252762854099274,,,,,,,,,
3,,,11799,,,,,,,,,,0.1788865625858307,,,,,,,,,
3,,,11819,,,,,,,,,,0.1939379870891571,,,,,,,,,
3,,,11839,,,,,,,,,,0.1295744776725769,,,,,,,,,
3,,,11859,,,,,,,,,,0.35354211926460266,,,,,,,,,
3,,,11879,,,,,,,,,,0.30772051215171814,,,,,,,,,
3,,,11899,,,,,,,,,,0.15743505954742432,,,,,,,,,
3,,,11919,,,,,,,,,,0.19457921385765076,,,,,,,,,
3,,,11939,,,,,,,,,,0.30725806951522827,,,,,,,,,
3,,,11959,,,,,,,,,,0.2553139626979828,,,,,,,,,
3,,,11979,,,,,,,,,,0.2886240482330322,,,,,,,,,
3,,,11999,,,,,,,,,,0.20623137056827545,,,,,,,,,
3,,,12019,,,,,,,,,,0.13743716478347778,,,,,,,,,
3,,,12039,,,,,,,,,,0.21092741191387177,,,,,,,,,
3,,,12059,,,,,,,,,,0.2407650351524353,,,,,,,,,
3,,,12079,,,,,,,,,,0.21295122802257538,,,,,,,,,
3,,,12099,,,,,,,,,,0.17569109797477722,,,,,,,,,
3,,,12119,,,,,,,,,,0.2687227725982666,,,,,,,,,
3,,,12139,,,,,,,,,,0.17911212146282196,,,,,,,,,
3,,,12159,,,,,,,,,,0.15653468668460846,,,,,,,,,
3,,,12179,,,,,,,,,,0.12135183066129684,,,,,,,,,
3,,,12199,,,,,,,,,,0.2575378715991974,,,,,,,,,
3,,,12219,,,,,,,,,,0.23651184141635895,,,,,,,,,
3,,,12239,,,,,,,,,,0.24251195788383484,,,,,,,,,
3,,,12259,,,,,,,,,,0.25064805150032043,,,,,,,,,
3,,,12279,,,,,,,,,,0.24869070947170258,,,,,,,,,
3,,,12299,,,,,,,,,,0.2371406853199005,,,,,,,,,
3,,,12319,,,,,,,,,,0.2194068431854248,,,,,,,,,
3,,,12339,,,,,,,,,,0.30089083313941956,,,,,,,,,
3,,,12359,,,,,,,,,,0.16634437441825867,,,,,,,,,
3,,,12379,,,,,,,,,,0.18114149570465088,,,,,,,,,
3,,,12399,,,,,,,,,,0.11735031008720398,,,,,,,,,
3,,,12419,,,,,,,,,,0.30587977170944214,,,,,,,,,
3,,,12439,,,,,,,,,,0.22552178800106049,,,,,,,,,
3,,,12459,,,,,,,,,,0.28390464186668396,,,,,,,,,
3,,,12479,,,,,,,,,,0.11442795395851135,,,,,,,,,
3,,,12499,,,,,,,,,,0.2055184245109558,,,,,,,,,
3,,,12519,,,,,,,,,,0.16331599652767181,,,,,,,,,
3,,,12539,,,,,,,,,,0.16738872230052948,,,,,,,,,
3,,,12559,,,,,,,,,,0.4322078824043274,,,,,,,,,
3,,,12579,,,,,,,,,,0.14973977208137512,,,,,,,,,
3,,,12599,,,,,,,,,,0.20080718398094177,,,,,,,,,
3,,,12619,,,,,,,,,,0.2581337094306946,,,,,,,,,
3,,,12639,,,,,,,,,,0.174044668674469,,,,,,,,,
3,,,12659,,,,,,,,,,0.19829390943050385,,,,,,,,,
3,,,12679,,,,,,,,,,0.16057267785072327,,,,,,,,,
3,,,12699,,,,,,,,,,0.19198371469974518,,,,,,,,,
3,,,12719,,,,,,,,,,0.24323633313179016,,,,,,,,,
3,,,12739,,,,,,,,,,0.28684085607528687,,,,,,,,,
3,,,12759,,,,,,,,,,0.2977348268032074,,,,,,,,,
3,,,12779,,,,,,,,,,0.21804113686084747,,,,,,,,,
3,,,12799,,,,,,,,,,0.32268258929252625,,,,,,,,,
3,,,12819,,,,,,,,,,0.11734917014837265,,,,,,,,,
3,,,12839,,,,,,,,,,0.2674277722835541,,,,,,,,,
3,,,12859,,,,,,,,,,0.19471414387226105,,,,,,,,,
3,,,12879,,,,,,,,,,0.22157450020313263,,,,,,,,,
3,,,12899,,,,,,,,,,0.15424492955207825,,,,,,,,,
3,,,12919,,,,,,,,,,0.12827467918395996,,,,,,,,,
3,,,12939,,,,,,,,,,0.22474780678749084,,,,,,,,,
3,,,12959,,,,,,,,,,0.20715947449207306,,,,,,,,,
3,,,12979,,,,,,,,,,0.14355698227882385,,,,,,,,,
3,,,12999,,,,,,,,,,0.23261186480522156,,,,,,,,,
3,,,13019,,,,,,,,,,0.0776142030954361,,,,,,,,,
3,,,13039,,,,,,,,,,0.1355583667755127,,,,,,,,,
3,,,13059,,,,,,,,,,0.36423459649086,,,,,,,,,
3,,,13079,,,,,,,,,,0.31335723400115967,,,,,,,,,
3,,,13099,,,,,,,,,,0.2054157257080078,,,,,,,,,
3,,,13119,,,,,,,,,,0.08633819967508316,,,,,,,,,
3,,,13139,,,,,,,,,,0.21468400955200195,,,,,,,,,
3,,,13159,,,,,,,,,,0.1972445547580719,,,,,,,,,
3,,,13179,,,,,,,,,,0.15498754382133484,,,,,,,,,
3,,,13199,,,,,,,,,,0.2056359350681305,,,,,,,,,
3,,,13219,,,,,,,,,,0.16538573801517487,,,,,,,,,
3,,,13239,,,,,,,,,,0.2943847179412842,,,,,,,,,
3,,,13259,,,,,,,,,,0.27834299206733704,,,,,,,,,
3,,,13279,,,,,,,,,,0.12282420694828033,,,,,,,,,
3,,,13299,,,,,,,,,,0.20659804344177246,,,,,,,,,
3,,,13319,,,,,,,,,,0.20282916724681854,,,,,,,,,
3,,,13339,,,,,,,,,,0.25019586086273193,,,,,,,,,
3,,,13359,,,,,,,,,,0.16710925102233887,,,,,,,,,
3,,,13379,,,,,,,,,,0.1909860372543335,,,,,,,,,
3,,,13399,,,,,,,,,,0.33188238739967346,,,,,,,,,
3,,,13419,,,,,,,,,,0.2485920786857605,,,,,,,,,
3,,,13439,,,,,,,,,,0.2290082722902298,,,,,,,,,
3,,,13459,,,,,,,,,,0.19181762635707855,,,,,,,,,
3,,,13479,,,,,,,,,,0.3143731951713562,,,,,,,,,
3,,,13499,,,,,,,,,,0.13963362574577332,,,,,,,,,
3,,,13519,,,,,,,,,,0.2181631326675415,,,,,,,,,
3,,,13539,,,,,,,,,,0.2566893994808197,,,,,,,,,
3,,,13559,,,,,,,,,,0.3742061257362366,,,,,,,,,
3,,,13579,,,,,,,,,,0.10148914903402328,,,,,,,,,
3,,,13599,,,,,,,,,,0.16842049360275269,,,,,,,,,
3,,,13619,,,,,,,,,,0.17298823595046997,,,,,,,,,
3,,,13639,,,,,,,,,,0.19299285113811493,,,,,,,,,
3,,,13659,,,,,,,,,,0.2541056275367737,,,,,,,,,
3,,,13679,,,,,,,,,,0.24841979146003723,,,,,,,,,
3,,,13699,,,,,,,,,,0.2388378083705902,,,,,,,,,
3,,,13719,,,,,,,,,,0.09714517742395401,,,,,,,,,
3,,,13739,,,,,,,,,,0.10357765853404999,,,,,,,,,
3,,,13759,,,,,,,,,,0.19823840260505676,,,,,,,,,
3,,,13779,,,,,,,,,,0.2660626471042633,,,,,,,,,
3,,,13799,,,,,,,,,,0.16874141991138458,,,,,,,,,
3,,,13819,,,,,,,,,,0.22445344924926758,,,,,,,,,
3,,,13839,,,,,,,,,,0.11168509721755981,,,,,,,,,
3,,,13859,,,,,,,,,,0.15671449899673462,,,,,,,,,
3,,,13879,,,,,,,,,,0.1284250020980835,,,,,,,,,
3,,,13899,,,,,,,,,,0.13498225808143616,,,,,,,,,
3,,,13919,,,,,,,,,,0.16843420267105103,,,,,,,,,
3,,,13939,,,,,,,,,,0.14326517283916473,,,,,,,,,
3,,,13959,,,,,,,,,,0.3544618785381317,,,,,,,,,
3,,,13979,,,,,,,,,,0.2695554196834564,,,,,,,,,
3,,,13999,,,,,,,,,,0.1917179822921753,,,,,,,,,
3,,,14019,,,,,,,,,,0.1160830408334732,,,,,,,,,
3,,,14039,,,,,,,,,,0.20910689234733582,,,,,,,,,
3,,,14059,,,,,,,,,,0.41126859188079834,,,,,,,,,
3,,,14079,,,,,,,,,,0.17263880372047424,,,,,,,,,
3,,,14099,,,,,,,,,,0.20185071229934692,,,,,,,,,
3,,,14119,,,,,,,,,,0.17773281037807465,,,,,,,,,
3,,,14139,,,,,,,,,,0.21175801753997803,,,,,,,,,
3,,,14143,,,,,,,,,,,0.7222764492034912,0.8320343494415283,0.6422668695449829,1.016824722290039,0.6925081610679626,0.41371506452560425,0.45205026865005493,0.9329660534858704,0.7222764492034912
3,,,14143,,,,,,,,0.8972148895263672,0.21967577934265137,,,,,,,,,,
,0.00018749999999999998,0.00018749999999999998,14144,,,,,,,,,,,,,,,,,,,
4,,,14159,,,,,,,,,,0.1680159866809845,,,,,,,,,
4,,,14179,,,,,,,,,,0.24913327395915985,,,,,,,,,
4,,,14199,,,,,,,,,,0.28396090865135193,,,,,,,,,
4,,,14219,,,,,,,,,,0.18456825613975525,,,,,,,,,
4,,,14239,,,,,,,,,,0.21503964066505432,,,,,,,,,
4,,,14259,,,,,,,,,,0.13808107376098633,,,,,,,,,
4,,,14279,,,,,,,,,,0.29872167110443115,,,,,,,,,
4,,,14299,,,,,,,,,,0.3748282194137573,,,,,,,,,
4,,,14319,,,,,,,,,,0.21796025335788727,,,,,,,,,
4,,,14339,,,,,,,,,,0.21139554679393768,,,,,,,,,
4,,,14359,,,,,,,,,,0.19940032064914703,,,,,,,,,
4,,,14379,,,,,,,,,,0.3183661997318268,,,,,,,,,
4,,,14399,,,,,,,,,,0.2555828094482422,,,,,,,,,
4,,,14419,,,,,,,,,,0.14734381437301636,,,,,,,,,
4,,,14439,,,,,,,,,,0.12694190442562103,,,,,,,,,
4,,,14459,,,,,,,,,,0.1494576334953308,,,,,,,,,
4,,,14479,,,,,,,,,,0.2145063430070877,,,,,,,,,
4,,,14499,,,,,,,,,,0.19771882891654968,,,,,,,,,
4,,,14519,,,,,,,,,,0.162638321518898,,,,,,,,,
4,,,14539,,,,,,,,,,0.364083468914032,,,,,,,,,
4,,,14559,,,,,,,,,,0.19471168518066406,,,,,,,,,
4,,,14579,,,,,,,,,,0.1881214827299118,,,,,,,,,
4,,,14599,,,,,,,,,,0.24949711561203003,,,,,,,,,
4,,,14619,,,,,,,,,,0.17404285073280334,,,,,,,,,
4,,,14639,,,,,,,,,,0.24817608296871185,,,,,,,,,
4,,,14659,,,,,,,,,,0.22280864417552948,,,,,,,,,
4,,,14679,,,,,,,,,,0.22428950667381287,,,,,,,,,
4,,,14699,,,,,,,,,,0.2963353395462036,,,,,,,,,
4,,,14719,,,,,,,,,,0.3932174742221832,,,,,,,,,
4,,,14739,,,,,,,,,,0.24828004837036133,,,,,,,,,
4,,,14759,,,,,,,,,,0.1461929827928543,,,,,,,,,
4,,,14779,,,,,,,,,,0.2647137939929962,,,,,,,,,
4,,,14799,,,,,,,,,,0.20570388436317444,,,,,,,,,
4,,,14819,,,,,,,,,,0.13693004846572876,,,,,,,,,
4,,,14839,,,,,,,,,,0.20741716027259827,,,,,,,,,
4,,,14859,,,,,,,,,,0.30299144983291626,,,,,,,,,
4,,,14879,,,,,,,,,,0.1768198162317276,,,,,,,,,
4,,,14899,,,,,,,,,,0.12428055703639984,,,,,,,,,
4,,,14919,,,,,,,,,,0.1276092380285263,,,,,,,,,
4,,,14939,,,,,,,,,,0.19554446637630463,,,,,,,,,
4,,,14959,,,,,,,,,,0.18356837332248688,,,,,,,,,
4,,,14979,,,,,,,,,,0.3084791600704193,,,,,,,,,
4,,,14999,,,,,,,,,,0.31668174266815186,,,,,,,,,
4,,,15019,,,,,,,,,,0.2766757905483246,,,,,,,,,
4,,,15039,,,,,,,,,,0.19746480882167816,,,,,,,,,
4,,,15059,,,,,,,,,,0.20446094870567322,,,,,,,,,
4,,,15079,,,,,,,,,,0.07947331666946411,,,,,,,,,
4,,,15099,,,,,,,,,,0.19668827950954437,,,,,,,,,
4,,,15119,,,,,,,,,,0.22813810408115387,,,,,,,,,
4,,,15139,,,,,,,,,,0.12060034275054932,,,,,,,,,
4,,,15159,,,,,,,,,,0.1689407229423523,,,,,,,,,
4,,,15179,,,,,,,,,,0.23353050649166107,,,,,,,,,
4,,,15199,,,,,,,,,,0.18834243714809418,,,,,,,,,
4,,,15219,,,,,,,,,,0.11431736499071121,,,,,,,,,
4,,,15239,,,,,,,,,,0.3192242383956909,,,,,,,,,
4,,,15259,,,,,,,,,,0.1730388104915619,,,,,,,,,
4,,,15279,,,,,,,,,,0.08059368282556534,,,,,,,,,
4,,,15299,,,,,,,,,,0.16407670080661774,,,,,,,,,
4,,,15319,,,,,,,,,,0.24920833110809326,,,,,,,,,
4,,,15339,,,,,,,,,,0.2868955135345459,,,,,,,,,
4,,,15359,,,,,,,,,,0.2911008298397064,,,,,,,,,
4,,,15379,,,,,,,,,,0.22518962621688843,,,,,,,,,
4,,,15399,,,,,,,,,,0.22755679488182068,,,,,,,,,
4,,,15419,,,,,,,,,,0.19602501392364502,,,,,,,,,
4,,,15439,,,,,,,,,,0.1661296933889389,,,,,,,,,
4,,,15459,,,,,,,,,,0.22001802921295166,,,,,,,,,
4,,,15479,,,,,,,,,,0.21778883039951324,,,,,,,,,
4,,,15499,,,,,,,,,,0.1997603476047516,,,,,,,,,
4,,,15519,,,,,,,,,,0.12732964754104614,,,,,,,,,
4,,,15539,,,,,,,,,,0.3198888599872589,,,,,,,,,
4,,,15559,,,,,,,,,,0.29442140460014343,,,,,,,,,
4,,,15579,,,,,,,,,,0.24036334455013275,,,,,,,,,
4,,,15599,,,,,,,,,,0.07516895234584808,,,,,,,,,
4,,,15619,,,,,,,,,,0.22976082563400269,,,,,,,,,
4,,,15639,,,,,,,,,,0.27185285091400146,,,,,,,,,
4,,,15659,,,,,,,,,,0.22644686698913574,,,,,,,,,
4,,,15679,,,,,,,,,,0.2683109939098358,,,,,,,,,
4,,,15699,,,,,,,,,,0.11688937246799469,,,,,,,,,
4,,,15719,,,,,,,,,,0.15614107251167297,,,,,,,,,
4,,,15739,,,,,,,,,,0.1304703801870346,,,,,,,,,
4,,,15759,,,,,,,,,,0.25638073682785034,,,,,,,,,
4,,,15779,,,,,,,,,,0.1627797782421112,,,,,,,,,
4,,,15799,,,,,,,,,,0.2533198297023773,,,,,,,,,
4,,,15819,,,,,,,,,,0.14766143262386322,,,,,,,,,
4,,,15839,,,,,,,,,,0.2504316568374634,,,,,,,,,
4,,,15859,,,,,,,,,,0.14382024109363556,,,,,,,,,
4,,,15879,,,,,,,,,,0.30870819091796875,,,,,,,,,
4,,,15899,,,,,,,,,,0.1808861494064331,,,,,,,,,
4,,,15919,,,,,,,,,,0.23072472214698792,,,,,,,,,
4,,,15939,,,,,,,,,,0.16986286640167236,,,,,,,,,
4,,,15959,,,,,,,,,,0.10219507664442062,,,,,,,,,
4,,,15979,,,,,,,,,,0.17063848674297333,,,,,,,,,
4,,,15999,,,,,,,,,,0.12098973244428635,,,,,,,,,
4,,,16019,,,,,,,,,,0.406283974647522,,,,,,,,,
4,,,16039,,,,,,,,,,0.3333994448184967,,,,,,,,,
4,,,16059,,,,,,,,,,0.2655203938484192,,,,,,,,,
4,,,16079,,,,,,,,,,0.32726147770881653,,,,,,,,,
4,,,16099,,,,,,,,,,0.11902522295713425,,,,,,,,,
4,,,16119,,,,,,,,,,0.2916446328163147,,,,,,,,,
4,,,16139,,,,,,,,,,0.1379127949476242,,,,,,,,,
4,,,16159,,,,,,,,,,0.29746294021606445,,,,,,,,,
4,,,16179,,,,,,,,,,0.1890631914138794,,,,,,,,,
4,,,16199,,,,,,,,,,0.289067804813385,,,,,,,,,
4,,,16219,,,,,,,,,,0.18756341934204102,,,,,,,,,
4,,,16239,,,,,,,,,,0.24675987660884857,,,,,,,,,
4,,,16259,,,,,,,,,,0.16637668013572693,,,,,,,,,
4,,,16279,,,,,,,,,,0.1686258614063263,,,,,,,,,
4,,,16299,,,,,,,,,,0.3547355532646179,,,,,,,,,
4,,,16319,,,,,,,,,,0.2531799376010895,,,,,,,,,
4,,,16339,,,,,,,,,,0.21672217547893524,,,,,,,,,
4,,,16359,,,,,,,,,,0.1906709372997284,,,,,,,,,
4,,,16379,,,,,,,,,,0.25529614090919495,,,,,,,,,
4,,,16399,,,,,,,,,,0.23660603165626526,,,,,,,,,
4,,,16419,,,,,,,,,,0.06937681883573532,,,,,,,,,
4,,,16439,,,,,,,,,,0.2609250247478485,,,,,,,,,
4,,,16459,,,,,,,,,,0.3082648515701294,,,,,,,,,
4,,,16479,,,,,,,,,,0.23260453343391418,,,,,,,,,
4,,,16499,,,,,,,,,,0.0917535349726677,,,,,,,,,
4,,,16519,,,,,,,,,,0.21361999213695526,,,,,,,,,
4,,,16539,,,,,,,,,,0.28149518370628357,,,,,,,,,
4,,,16559,,,,,,,,,,0.19952578842639923,,,,,,,,,
4,,,16579,,,,,,,,,,0.210251122713089,,,,,,,,,
4,,,16599,,,,,,,,,,0.10595760494470596,,,,,,,,,
4,,,16619,,,,,,,,,,0.22216513752937317,,,,,,,,,
4,,,16639,,,,,,,,,,0.17766740918159485,,,,,,,,,
4,,,16659,,,,,,,,,,0.1636534333229065,,,,,,,,,
4,,,16679,,,,,,,,,,0.2755500376224518,,,,,,,,,
4,,,16699,,,,,,,,,,0.21265006065368652,,,,,,,,,
4,,,16719,,,,,,,,,,0.20933914184570312,,,,,,,,,
4,,,16739,,,,,,,,,,0.2341596931219101,,,,,,,,,
4,,,16759,,,,,,,,,,0.14941458404064178,,,,,,,,,
4,,,16779,,,,,,,,,,0.21637177467346191,,,,,,,,,
4,,,16799,,,,,,,,,,0.10402914136648178,,,,,,,,,
4,,,16819,,,,,,,,,,0.132614865899086,,,,,,,,,
4,,,16839,,,,,,,,,,0.18286654353141785,,,,,,,,,
4,,,16859,,,,,,,,,,0.12375090271234512,,,,,,,,,
4,,,16879,,,,,,,,,,0.1871025264263153,,,,,,,,,
4,,,16899,,,,,,,,,,0.19996453821659088,,,,,,,,,
4,,,16919,,,,,,,,,,0.2308759093284607,,,,,,,,,
4,,,16939,,,,,,,,,,0.1336391717195511,,,,,,,,,
4,,,16959,,,,,,,,,,0.13000884652137756,,,,,,,,,
4,,,16979,,,,,,,,,,0.09753602743148804,,,,,,,,,
4,,,16999,,,,,,,,,,0.22226980328559875,,,,,,,,,
4,,,17019,,,,,,,,,,0.3784767687320709,,,,,,,,,
4,,,17039,,,,,,,,,,0.21382461488246918,,,,,,,,,
4,,,17059,,,,,,,,,,0.12327834218740463,,,,,,,,,
4,,,17079,,,,,,,,,,0.13555899262428284,,,,,,,,,
4,,,17099,,,,,,,,,,0.20222973823547363,,,,,,,,,
4,,,17119,,,,,,,,,,0.20999811589717865,,,,,,,,,
4,,,17139,,,,,,,,,,0.1513984203338623,,,,,,,,,
4,,,17159,,,,,,,,,,0.16873887181282043,,,,,,,,,
4,,,17179,,,,,,,,,,0.11715549230575562,,,,,,,,,
4,,,17199,,,,,,,,,,0.19198109209537506,,,,,,,,,
4,,,17219,,,,,,,,,,0.27066975831985474,,,,,,,,,
4,,,17239,,,,,,,,,,0.30237868428230286,,,,,,,,,
4,,,17259,,,,,,,,,,0.2627776265144348,,,,,,,,,
4,,,17279,,,,,,,,,,0.4678283631801605,,,,,,,,,
4,,,17299,,,,,,,,,,0.2602587640285492,,,,,,,,,
4,,,17319,,,,,,,,,,0.11694079637527466,,,,,,,,,
4,,,17339,,,,,,,,,,0.1665891855955124,,,,,,,,,
4,,,17359,,,,,,,,,,0.15943102538585663,,,,,,,,,
4,,,17379,,,,,,,,,,0.12365370988845825,,,,,,,,,
4,,,17399,,,,,,,,,,0.41486936807632446,,,,,,,,,
4,,,17419,,,,,,,,,,0.10686805844306946,,,,,,,,,
4,,,17439,,,,,,,,,,0.1710016429424286,,,,,,,,,
4,,,17459,,,,,,,,,,0.14421726763248444,,,,,,,,,
4,,,17479,,,,,,,,,,0.10772772878408432,,,,,,,,,
4,,,17499,,,,,,,,,,0.20379258692264557,,,,,,,,,
4,,,17519,,,,,,,,,,0.26546749472618103,,,,,,,,,
4,,,17539,,,,,,,,,,0.23622220754623413,,,,,,,,,
4,,,17559,,,,,,,,,,0.15630249679088593,,,,,,,,,
4,,,17579,,,,,,,,,,0.23303423821926117,,,,,,,,,
4,,,17599,,,,,,,,,,0.07697431743144989,,,,,,,,,
4,,,17619,,,,,,,,,,0.1720600128173828,,,,,,,,,
4,,,17639,,,,,,,,,,0.15843431651592255,,,,,,,,,
4,,,17659,,,,,,,,,,0.10389387607574463,,,,,,,,,
4,,,17679,,,,,,,,,,0.14159946143627167,,,,,,,,,
4,,,17679,,,,,,,,,,,0.7499680519104004,0.8445956707000732,0.7384575605392456,0.649985671043396,0.7313531637191772,0.48096123337745667,0.6004480719566345,0.8622581958770752,0.7499680519104004
4,,,17679,,,,,,,,0.904708981513977,0.20643721520900726,,,,,,,,,,
,0.000225,0.000225,17680,,,,,,,,,,,,,,,,,,,
5,,,17699,,,,,,,,,,0.18518240749835968,,,,,,,,,
5,,,17719,,,,,,,,,,0.196080282330513,,,,,,,,,
5,,,17739,,,,,,,,,,0.04134547710418701,,,,,,,,,
5,,,17759,,,,,,,,,,0.17246752977371216,,,,,,,,,
5,,,17779,,,,,,,,,,0.20325370132923126,,,,,,,,,
5,,,17799,,,,,,,,,,0.11292466521263123,,,,,,,,,
5,,,17819,,,,,,,,,,0.13715822994709015,,,,,,,,,
5,,,17839,,,,,,,,,,0.184464693069458,,,,,,,,,
5,,,17859,,,,,,,,,,0.176103875041008,,,,,,,,,
5,,,17879,,,,,,,,,,0.26413965225219727,,,,,,,,,
5,,,17899,,,,,,,,,,0.15050522983074188,,,,,,,,,
5,,,17919,,,,,,,,,,0.14611835777759552,,,,,,,,,
5,,,17939,,,,,,,,,,0.2123410999774933,,,,,,,,,
5,,,17959,,,,,,,,,,0.1849585473537445,,,,,,,,,
5,,,17979,,,,,,,,,,0.15989375114440918,,,,,,,,,
5,,,17999,,,,,,,,,,0.16150811314582825,,,,,,,,,
5,,,18019,,,,,,,,,,0.2486693263053894,,,,,,,,,
5,,,18039,,,,,,,,,,0.10680355876684189,,,,,,,,,
5,,,18059,,,,,,,,,,0.21001629531383514,,,,,,,,,
5,,,18079,,,,,,,,,,0.316101610660553,,,,,,,,,
5,,,18099,,,,,,,,,,0.10819360613822937,,,,,,,,,
5,,,18119,,,,,,,,,,0.21063748002052307,,,,,,,,,
5,,,18139,,,,,,,,,,0.15405087172985077,,,,,,,,,
5,,,18159,,,,,,,,,,0.25291916728019714,,,,,,,,,
5,,,18179,,,,,,,,,,0.13988220691680908,,,,,,,,,
5,,,18199,,,,,,,,,,0.15827862918376923,,,,,,,,,
5,,,18219,,,,,,,,,,0.15222957730293274,,,,,,,,,
5,,,18239,,,,,,,,,,0.11389437317848206,,,,,,,,,
5,,,18259,,,,,,,,,,0.17480842769145966,,,,,,,,,
5,,,18279,,,,,,,,,,0.1271800398826599,,,,,,,,,
5,,,18299,,,,,,,,,,0.20868617296218872,,,,,,,,,
5,,,18319,,,,,,,,,,0.2798314392566681,,,,,,,,,
5,,,18339,,,,,,,,,,0.2226342260837555,,,,,,,,,
5,,,18359,,,,,,,,,,0.12464377284049988,,,,,,,,,
5,,,18379,,,,,,,,,,0.3288211524486542,,,,,,,,,
5,,,18399,,,,,,,,,,0.16730870306491852,,,,,,,,,
5,,,18419,,,,,,,,,,0.1616578996181488,,,,,,,,,
5,,,18439,,,,,,,,,,0.20870931446552277,,,,,,,,,
5,,,18459,,,,,,,,,,0.1656378209590912,,,,,,,,,
5,,,18479,,,,,,,,,,0.17294012010097504,,,,,,,,,
5,,,18499,,,,,,,,,,0.1432470679283142,,,,,,,,,
5,,,18519,,,,,,,,,,0.2198101282119751,,,,,,,,,
5,,,18539,,,,,,,,,,0.43654775619506836,,,,,,,,,
5,,,18559,,,,,,,,,,0.1557336002588272,,,,,,,,,
5,,,18579,,,,,,,,,,0.11347807198762894,,,,,,,,,
5,,,18599,,,,,,,,,,0.1713295578956604,,,,,,,,,
5,,,18619,,,,,,,,,,0.22682441771030426,,,,,,,,,
5,,,18639,,,,,,,,,,0.2793571949005127,,,,,,,,,
5,,,18659,,,,,,,,,,0.16442133486270905,,,,,,,,,
5,,,18679,,,,,,,,,,0.14937011897563934,,,,,,,,,
5,,,18699,,,,,,,,,,0.23794125020503998,,,,,,,,,
5,,,18719,,,,,,,,,,0.16191276907920837,,,,,,,,,
5,,,18739,,,,,,,,,,0.255392462015152,,,,,,,,,
5,,,18759,,,,,,,,,,0.15923240780830383,,,,,,,,,
5,,,18779,,,,,,,,,,0.25963225960731506,,,,,,,,,
5,,,18799,,,,,,,,,,0.11294498294591904,,,,,,,,,
5,,,18819,,,,,,,,,,0.10011094808578491,,,,,,,,,
5,,,18839,,,,,,,,,,0.1781192272901535,,,,,,,,,
5,,,18859,,,,,,,,,,0.13849814236164093,,,,,,,,,
5,,,18879,,,,,,,,,,0.34210482239723206,,,,,,,,,
5,,,18899,,,,,,,,,,0.18487657606601715,,,,,,,,,
5,,,18919,,,,,,,,,,0.14525282382965088,,,,,,,,,
5,,,18939,,,,,,,,,,0.20774072408676147,,,,,,,,,
5,,,18959,,,,,,,,,,0.17570188641548157,,,,,,,,,
5,,,18979,,,,,,,,,,0.21901097893714905,,,,,,,,,
5,,,18999,,,,,,,,,,0.278205007314682,,,,,,,,,
5,,,19019,,,,,,,,,,0.10785017162561417,,,,,,,,,
5,,,19039,,,,,,,,,,0.21165889501571655,,,,,,,,,
5,,,19059,,,,,,,,,,0.19913579523563385,,,,,,,,,
5,,,19079,,,,,,,,,,0.1552737057209015,,,,,,,,,
5,,,19099,,,,,,,,,,0.20204360783100128,,,,,,,,,
5,,,19119,,,,,,,,,,0.18245796859264374,,,,,,,,,
5,,,19139,,,,,,,,,,0.1479227989912033,,,,,,,,,
5,,,19159,,,,,,,,,,0.1819179207086563,,,,,,,,,
5,,,19179,,,,,,,,,,0.1825607717037201,,,,,,,,,
5,,,19199,,,,,,,,,,0.1783679872751236,,,,,,,,,
5,,,19219,,,,,,,,,,0.10982170701026917,,,,,,,,,
5,,,19239,,,,,,,,,,0.16440120339393616,,,,,,,,,
5,,,19259,,,,,,,,,,0.0946122258901596,,,,,,,,,
5,,,19279,,,,,,,,,,0.14794127643108368,,,,,,,,,
5,,,19299,,,,,,,,,,0.20609071850776672,,,,,,,,,
5,,,19319,,,,,,,,,,0.27844908833503723,,,,,,,,,
5,,,19339,,,,,,,,,,0.16936767101287842,,,,,,,,,
5,,,19359,,,,,,,,,,0.11636187881231308,,,,,,,,,
5,,,19379,,,,,,,,,,0.10756353288888931,,,,,,,,,
5,,,19399,,,,,,,,,,0.12033645063638687,,,,,,,,,
5,,,19419,,,,,,,,,,0.14792105555534363,,,,,,,,,
5,,,19439,,,,,,,,,,0.19854184985160828,,,,,,,,,
5,,,19459,,,,,,,,,,0.16223354637622833,,,,,,,,,
5,,,19479,,,,,,,,,,0.29146328568458557,,,,,,,,,
5,,,19499,,,,,,,,,,0.15726207196712494,,,,,,,,,
5,,,19519,,,,,,,,,,0.07913900166749954,,,,,,,,,
5,,,19539,,,,,,,,,,0.1685425043106079,,,,,,,,,
5,,,19559,,,,,,,,,,0.2711210250854492,,,,,,,,,
5,,,19579,,,,,,,,,,0.18474732339382172,,,,,,,,,
5,,,19599,,,,,,,,,,0.34653809666633606,,,,,,,,,
5,,,19619,,,,,,,,,,0.11209616810083389,,,,,,,,,
5,,,19639,,,,,,,,,,0.3115801215171814,,,,,,,,,
5,,,19659,,,,,,,,,,0.143716499209404,,,,,,,,,
5,,,19679,,,,,,,,,,0.41108912229537964,,,,,,,,,
5,,,19699,,,,,,,,,,0.12644362449645996,,,,,,,,,
5,,,19719,,,,,,,,,,0.2504003643989563,,,,,,,,,
5,,,19739,,,,,,,,,,0.12933892011642456,,,,,,,,,
5,,,19759,,,,,,,,,,0.2417539358139038,,,,,,,,,
5,,,19779,,,,,,,,,,0.10405884683132172,,,,,,,,,
5,,,19799,,,,,,,,,,0.18342888355255127,,,,,,,,,
5,,,19819,,,,,,,,,,0.1877439022064209,,,,,,,,,
5,,,19839,,,,,,,,,,0.26650023460388184,,,,,,,,,
5,,,19859,,,,,,,,,,0.1340264528989792,,,,,,,,,
5,,,19879,,,,,,,,,,0.22051984071731567,,,,,,,,,
5,,,19899,,,,,,,,,,0.19582173228263855,,,,,,,,,
5,,,19919,,,,,,,,,,0.12598668038845062,,,,,,,,,
5,,,19939,,,,,,,,,,0.09690964967012405,,,,,,,,,
5,,,19959,,,,,,,,,,0.20456190407276154,,,,,,,,,
5,,,19979,,,,,,,,,,0.19395886361598969,,,,,,,,,
5,,,19999,,,,,,,,,,0.066517673432827,,,,,,,,,
5,,,20019,,,,,,,,,,0.24848151206970215,,,,,,,,,
5,,,20039,,,,,,,,,,0.13597360253334045,,,,,,,,,
5,,,20059,,,,,,,,,,0.08793506771326065,,,,,,,,,
5,,,20079,,,,,,,,,,0.17944854497909546,,,,,,,,,
5,,,20099,,,,,,,,,,0.22270792722702026,,,,,,,,,
5,,,20119,,,,,,,,,,0.20671594142913818,,,,,,,,,
5,,,20139,,,,,,,,,,0.10722619295120239,,,,,,,,,
5,,,20159,,,,,,,,,,0.10917666554450989,,,,,,,,,
5,,,20179,,,,,,,,,,0.24260422587394714,,,,,,,,,
5,,,20199,,,,,,,,,,0.07301733642816544,,,,,,,,,
5,,,20219,,,,,,,,,,0.1648101657629013,,,,,,,,,
5,,,20239,,,,,,,,,,0.10990875214338303,,,,,,,,,
5,,,20259,,,,,,,,,,0.2055281698703766,,,,,,,,,
5,,,20279,,,,,,,,,,0.247409850358963,,,,,,,,,
5,,,20299,,,,,,,,,,0.11962274461984634,,,,,,,,,
5,,,20319,,,,,,,,,,0.22908073663711548,,,,,,,,,
5,,,20339,,,,,,,,,,0.05429686978459358,,,,,,,,,
5,,,20359,,,,,,,,,,0.20805832743644714,,,,,,,,,
5,,,20379,,,,,,,,,,0.2143797129392624,,,,,,,,,
5,,,20399,,,,,,,,,,0.2534232437610626,,,,,,,,,
5,,,20419,,,,,,,,,,0.161981001496315,,,,,,,,,
5,,,20439,,,,,,,,,,0.14636452496051788,,,,,,,,,
5,,,20459,,,,,,,,,,0.2563367486000061,,,,,,,,,
5,,,20479,,,,,,,,,,0.2691984474658966,,,,,,,,,
5,,,20499,,,,,,,,,,0.2349834442138672,,,,,,,,,
5,,,20519,,,,,,,,,,0.14368177950382233,,,,,,,,,
5,,,20539,,,,,,,,,,0.12244576215744019,,,,,,,,,
5,,,20559,,,,,,,,,,0.14676205813884735,,,,,,,,,
5,,,20579,,,,,,,,,,0.36122265458106995,,,,,,,,,
5,,,20599,,,,,,,,,,0.08484888076782227,,,,,,,,,
5,,,20619,,,,,,,,,,0.17342022061347961,,,,,,,,,
5,,,20639,,,,,,,,,,0.2534871995449066,,,,,,,,,
5,,,20659,,,,,,,,,,0.29654112458229065,,,,,,,,,
5,,,20679,,,,,,,,,,0.18696941435337067,,,,,,,,,
5,,,20699,,,,,,,,,,0.22040438652038574,,,,,,,,,
5,,,20719,,,,,,,,,,0.12406682223081589,,,,,,,,,
5,,,20739,,,,,,,,,,0.13457706570625305,,,,,,,,,
5,,,20759,,,,,,,,,,0.2447023242712021,,,,,,,,,
5,,,20779,,,,,,,,,,0.10115914791822433,,,,,,,,,
5,,,20799,,,,,,,,,,0.1287245750427246,,,,,,,,,
5,,,20819,,,,,,,,,,0.08026022464036942,,,,,,,,,
5,,,20839,,,,,,,,,,0.10875126719474792,,,,,,,,,
5,,,20859,,,,,,,,,,0.10547514259815216,,,,,,,,,
5,,,20879,,,,,,,,,,0.1562073826789856,,,,,,,,,
5,,,20899,,,,,,,,,,0.17356431484222412,,,,,,,,,
5,,,20919,,,,,,,,,,0.2084321677684784,,,,,,,,,
5,,,20939,,,,,,,,,,0.2434118539094925,,,,,,,,,
5,,,20959,,,,,,,,,,0.27743759751319885,,,,,,,,,
5,,,20979,,,,,,,,,,0.20503303408622742,,,,,,,,,
5,,,20999,,,,,,,,,,0.25603801012039185,,,,,,,,,
5,,,21019,,,,,,,,,,0.1386788785457611,,,,,,,,,
5,,,21039,,,,,,,,,,0.24012142419815063,,,,,,,,,
5,,,21059,,,,,,,,,,0.301876038312912,,,,,,,,,
5,,,21079,,,,,,,,,,0.3059394359588623,,,,,,,,,
5,,,21099,,,,,,,,,,0.1684551239013672,,,,,,,,,
5,,,21119,,,,,,,,,,0.15526309609413147,,,,,,,,,
5,,,21139,,,,,,,,,,0.13622477650642395,,,,,,,,,
5,,,21159,,,,,,,,,,0.19893957674503326,,,,,,,,,
5,,,21179,,,,,,,,,,0.15310347080230713,,,,,,,,,
5,,,21199,,,,,,,,,,0.0739888995885849,,,,,,,,,
5,,,21215,,,,,,,,,,,0.7608228921890259,0.852027416229248,0.7019795775413513,0.8625812530517578,0.7177039384841919,0.4765801727771759,0.5092296600341797,0.9261782765388489,0.7608228921890259
5,,,21215,,,,,,,,0.9126034379005432,0.18961122632026672,,,,,,,,,,
,0.0002625,0.0002625,21216,,,,,,,,,,,,,,,,,,,
6,,,21219,,,,,,,,,,0.143329456448555,,,,,,,,,
6,,,21239,,,,,,,,,,0.1195157840847969,,,,,,,,,
6,,,21259,,,,,,,,,,0.17110002040863037,,,,,,,,,
6,,,21279,,,,,,,,,,0.32159796357154846,,,,,,,,,
6,,,21299,,,,,,,,,,0.12164918333292007,,,,,,,,,
6,,,21319,,,,,,,,,,0.15763065218925476,,,,,,,,,
6,,,21339,,,,,,,,,,0.23706570267677307,,,,,,,,,
6,,,21359,,,,,,,,,,0.19300015270709991,,,,,,,,,
6,,,21379,,,,,,,,,,0.14465929567813873,,,,,,,,,
6,,,21399,,,,,,,,,,0.12325465679168701,,,,,,,,,
6,,,21419,,,,,,,,,,0.23393385112285614,,,,,,,,,
6,,,21439,,,,,,,,,,0.2551877796649933,,,,,,,,,
6,,,21459,,,,,,,,,,0.22313830256462097,,,,,,,,,
6,,,21479,,,,,,,,,,0.08093228936195374,,,,,,,,,
6,,,21499,,,,,,,,,,0.24036163091659546,,,,,,,,,
6,,,21519,,,,,,,,,,0.18550653755664825,,,,,,,,,
6,,,21539,,,,,,,,,,0.17986242473125458,,,,,,,,,
6,,,21559,,,,,,,,,,0.14743055403232574,,,,,,,,,
6,,,21579,,,,,,,,,,0.2395487278699875,,,,,,,,,
6,,,21599,,,,,,,,,,0.10087277740240097,,,,,,,,,
6,,,21619,,,,,,,,,,0.18779221177101135,,,,,,,,,
6,,,21639,,,,,,,,,,0.3624435067176819,,,,,,,,,
6,,,21659,,,,,,,,,,0.12350264191627502,,,,,,,,,
6,,,21679,,,,,,,,,,0.27561891078948975,,,,,,,,,
6,,,21699,,,,,,,,,,0.15070393681526184,,,,,,,,,
6,,,21719,,,,,,,,,,0.14148327708244324,,,,,,,,,
6,,,21739,,,,,,,,,,0.1266791969537735,,,,,,,,,
6,,,21759,,,,,,,,,,0.23020808398723602,,,,,,,,,
6,,,21779,,,,,,,,,,0.2300945520401001,,,,,,,,,
6,,,21799,,,,,,,,,,0.2738901376724243,,,,,,,,,
6,,,21819,,,,,,,,,,0.22497425973415375,,,,,,,,,
6,,,21839,,,,,,,,,,0.1150682121515274,,,,,,,,,
6,,,21859,,,,,,,,,,0.2368457019329071,,,,,,,,,
6,,,21879,,,,,,,,,,0.21562014520168304,,,,,,,,,
6,,,21899,,,,,,,,,,0.14598582684993744,,,,,,,,,
6,,,21919,,,,,,,,,,0.2411586195230484,,,,,,,,,
6,,,21939,,,,,,,,,,0.24835549294948578,,,,,,,,,
6,,,21959,,,,,,,,,,0.14837002754211426,,,,,,,,,
6,,,21979,,,,,,,,,,0.10800096392631531,,,,,,,,,
6,,,21999,,,,,,,,,,0.24874021112918854,,,,,,,,,
6,,,22019,,,,,,,,,,0.22599470615386963,,,,,,,,,
6,,,22039,,,,,,,,,,0.08018717914819717,,,,,,,,,
6,,,22059,,,,,,,,,,0.3167172968387604,,,,,,,,,
6,,,22079,,,,,,,,,,0.35856691002845764,,,,,,,,,
6,,,22099,,,,,,,,,,0.411577433347702,,,,,,,,,
6,,,22119,,,,,,,,,,0.2356870025396347,,,,,,,,,
6,,,22139,,,,,,,,,,0.16024987399578094,,,,,,,,,
6,,,22159,,,,,,,,,,0.11703632771968842,,,,,,,,,
6,,,22179,,,,,,,,,,0.16694213449954987,,,,,,,,,
6,,,22199,,,,,,,,,,0.36068427562713623,,,,,,,,,
6,,,22219,,,,,,,,,,0.1316734105348587,,,,,,,,,
6,,,22239,,,,,,,,,,0.05776040256023407,,,,,,,,,
6,,,22259,,,,,,,,,,0.1469750553369522,,,,,,,,,
6,,,22279,,,,,,,,,,0.24615205824375153,,,,,,,,,
6,,,22299,,,,,,,,,,0.1380271017551422,,,,,,,,,
6,,,22319,,,,,,,,,,0.1348438858985901,,,,,,,,,
6,,,22339,,,,,,,,,,0.15044373273849487,,,,,,,,,
6,,,22359,,,,,,,,,,0.34076231718063354,,,,,,,,,
6,,,22379,,,,,,,,,,0.08455317467451096,,,,,,,,,
6,,,22399,,,,,,,,,,0.18907225131988525,,,,,,,,,
6,,,22419,,,,,,,,,,0.2824118435382843,,,,,,,,,
6,,,22439,,,,,,,,,,0.14426684379577637,,,,,,,,,
6,,,22459,,,,,,,,,,0.2588188052177429,,,,,,,,,
6,,,22479,,,,,,,,,,0.1673552244901657,,,,,,,,,
6,,,22499,,,,,,,,,,0.21495527029037476,,,,,,,,,
6,,,22519,,,,,,,,,,0.14020918309688568,,,,,,,,,
6,,,22539,,,,,,,,,,0.20277026295661926,,,,,,,,,
6,,,22559,,,,,,,,,,0.2484399676322937,,,,,,,,,
6,,,22579,,,,,,,,,,0.22965848445892334,,,,,,,,,
6,,,22599,,,,,,,,,,0.1179991215467453,,,,,,,,,
6,,,22619,,,,,,,,,,0.33011069893836975,,,,,,,,,
6,,,22639,,,,,,,,,,0.10321828722953796,,,,,,,,,
6,,,22659,,,,,,,,,,0.20732265710830688,,,,,,,,,
6,,,22679,,,,,,,,,,0.196797713637352,,,,,,,,,
6,,,22699,,,,,,,,,,0.18737410008907318,,,,,,,,,
6,,,22719,,,,,,,,,,0.20038747787475586,,,,,,,,,
6,,,22739,,,,,,,,,,0.09186781197786331,,,,,,,,,
6,,,22759,,,,,,,,,,0.15739335119724274,,,,,,,,,
6,,,22779,,,,,,,,,,0.2944021224975586,,,,,,,,,
6,,,22799,,,,,,,,,,0.19420483708381653,,,,,,,,,
6,,,22819,,,,,,,,,,0.05545835942029953,,,,,,,,,
6,,,22839,,,,,,,,,,0.10238049924373627,,,,,,,,,
6,,,22859,,,,,,,,,,0.197139173746109,,,,,,,,,
6,,,22879,,,,,,,,,,0.31249332427978516,,,,,,,,,
6,,,22899,,,,,,,,,,0.07276290655136108,,,,,,,,,
6,,,22919,,,,,,,,,,0.2197837382555008,,,,,,,,,
6,,,22939,,,,,,,,,,0.22631123661994934,,,,,,,,,
6,,,22959,,,,,,,,,,0.10716785490512848,,,,,,,,,
6,,,22979,,,,,,,,,,0.29804855585098267,,,,,,,,,
6,,,22999,,,,,,,,,,0.14633777737617493,,,,,,,,,
6,,,23019,,,,,,,,,,0.10415847599506378,,,,,,,,,
6,,,23039,,,,,,,,,,0.34035736322402954,,,,,,,,,
6,,,23059,,,,,,,,,,0.2563443183898926,,,,,,,,,
6,,,23079,,,,,,,,,,0.23439255356788635,,,,,,,,,
6,,,23099,,,,,,,,,,0.11012745648622513,,,,,,,,,
6,,,23119,,,,,,,,,,0.28136569261550903,,,,,,,,,
6,,,23139,,,,,,,,,,0.24148757755756378,,,,,,,,,
6,,,23159,,,,,,,,,,0.28863009810447693,,,,,,,,,
6,,,23179,,,,,,,,,,0.24569709599018097,,,,,,,,,
6,,,23199,,,,,,,,,,0.17400066554546356,,,,,,,,,
6,,,23219,,,,,,,,,,0.2587001621723175,,,,,,,,,
6,,,23239,,,,,,,,,,0.12186416238546371,,,,,,,,,
6,,,23259,,,,,,,,,,0.12006998062133789,,,,,,,,,
6,,,23279,,,,,,,,,,0.2793932855129242,,,,,,,,,
6,,,23299,,,,,,,,,,0.2101554125547409,,,,,,,,,
6,,,23319,,,,,,,,,,0.07944266498088837,,,,,,,,,
6,,,23339,,,,,,,,,,0.11569050699472427,,,,,,,,,
6,,,23359,,,,,,,,,,0.14073815941810608,,,,,,,,,
6,,,23379,,,,,,,,,,0.30388137698173523,,,,,,,,,
6,,,23399,,,,,,,,,,0.1247764378786087,,,,,,,,,
6,,,23419,,,,,,,,,,0.24800772964954376,,,,,,,,,
6,,,23439,,,,,,,,,,0.09830603748559952,,,,,,,,,
6,,,23459,,,,,,,,,,0.10371553152799606,,,,,,,,,
6,,,23479,,,,,,,,,,0.12962689995765686,,,,,,,,,
6,,,23499,,,,,,,,,,0.1471974402666092,,,,,,,,,
6,,,23519,,,,,,,,,,0.09470072388648987,,,,,,,,,
6,,,23539,,,,,,,,,,0.26435258984565735,,,,,,,,,
6,,,23559,,,,,,,,,,0.20773975551128387,,,,,,,,,
6,,,23579,,,,,,,,,,0.10441063344478607,,,,,,,,,
6,,,23599,,,,,,,,,,0.12395244091749191,,,,,,,,,
6,,,23619,,,,,,,,,,0.19499123096466064,,,,,,,,,
6,,,23639,,,,,,,,,,0.19203880429267883,,,,,,,,,
6,,,23659,,,,,,,,,,0.09255103766918182,,,,,,,,,
6,,,23679,,,,,,,,,,0.15835048258304596,,,,,,,,,
6,,,23699,,,,,,,,,,0.09631837904453278,,,,,,,,,
6,,,23719,,,,,,,,,,0.19066593050956726,,,,,,,,,
6,,,23739,,,,,,,,,,0.057395026087760925,,,,,,,,,
6,,,23759,,,,,,,,,,0.09674225002527237,,,,,,,,,
6,,,23779,,,,,,,,,,0.17358295619487762,,,,,,,,,
6,,,23799,,,,,,,,,,0.1860082745552063,,,,,,,,,
6,,,23819,,,,,,,,,,0.20829400420188904,,,,,,,,,
6,,,23839,,,,,,,,,,0.14560656249523163,,,,,,,,,
6,,,23859,,,,,,,,,,0.19151227176189423,,,,,,,,,
6,,,23879,,,,,,,,,,0.1825210005044937,,,,,,,,,
6,,,23899,,,,,,,,,,0.0849931463599205,,,,,,,,,
6,,,23919,,,,,,,,,,0.10633088648319244,,,,,,,,,
6,,,23939,,,,,,,,,,0.15277960896492004,,,,,,,,,
6,,,23959,,,,,,,,,,0.13357511162757874,,,,,,,,,
6,,,23979,,,,,,,,,,0.08712461590766907,,,,,,,,,
6,,,23999,,,,,,,,,,0.1923617124557495,,,,,,,,,
6,,,24019,,,,,,,,,,0.09024640172719955,,,,,,,,,
6,,,24039,,,,,,,,,,0.1190585121512413,,,,,,,,,
6,,,24059,,,,,,,,,,0.09484655410051346,,,,,,,,,
6,,,24079,,,,,,,,,,0.23006367683410645,,,,,,,,,
6,,,24099,,,,,,,,,,0.1363600641489029,,,,,,,,,
6,,,24119,,,,,,,,,,0.12403283268213272,,,,,,,,,
6,,,24139,,,,,,,,,,0.18453343212604523,,,,,,,,,
6,,,24159,,,,,,,,,,0.1433824598789215,,,,,,,,,
6,,,24179,,,,,,,,,,0.12384837865829468,,,,,,,,,
6,,,24199,,,,,,,,,,0.13746002316474915,,,,,,,,,
6,,,24219,,,,,,,,,,0.16981466114521027,,,,,,,,,
6,,,24239,,,,,,,,,,0.20396241545677185,,,,,,,,,
6,,,24259,,,,,,,,,,0.1537838876247406,,,,,,,,,
6,,,24279,,,,,,,,,,0.12158848345279694,,,,,,,,,
6,,,24299,,,,,,,,,,0.18156678974628448,,,,,,,,,
6,,,24319,,,,,,,,,,0.11338815838098526,,,,,,,,,
6,,,24339,,,,,,,,,,0.22929735481739044,,,,,,,,,
6,,,24359,,,,,,,,,,0.13568106293678284,,,,,,,,,
6,,,24379,,,,,,,,,,0.10929906368255615,,,,,,,,,
6,,,24399,,,,,,,,,,0.0851355791091919,,,,,,,,,
6,,,24419,,,,,,,,,,0.20381537079811096,,,,,,,,,
6,,,24439,,,,,,,,,,0.16900748014450073,,,,,,,,,
6,,,24459,,,,,,,,,,0.14681747555732727,,,,,,,,,
6,,,24479,,,,,,,,,,0.2206687033176422,,,,,,,,,
6,,,24499,,,,,,,,,,0.1057204008102417,,,,,,,,,
6,,,24519,,,,,,,,,,0.15691186487674713,,,,,,,,,
6,,,24539,,,,,,,,,,0.23170053958892822,,,,,,,,,
6,,,24559,,,,,,,,,,0.17435994744300842,,,,,,,,,
6,,,24579,,,,,,,,,,0.10176077485084534,,,,,,,,,
6,,,24599,,,,,,,,,,0.12196226418018341,,,,,,,,,
6,,,24619,,,,,,,,,,0.24246284365653992,,,,,,,,,
6,,,24639,,,,,,,,,,0.1119556725025177,,,,,,,,,
6,,,24659,,,,,,,,,,0.31363487243652344,,,,,,,,,
6,,,24679,,,,,,,,,,0.17780637741088867,,,,,,,,,
6,,,24699,,,,,,,,,,0.08012349903583527,,,,,,,,,
6,,,24719,,,,,,,,,,0.06398852169513702,,,,,,,,,
6,,,24739,,,,,,,,,,0.17045287787914276,,,,,,,,,
6,,,24751,,,,,,,,,,,0.7637625932693481,0.8602977991104126,0.7696837782859802,0.9569264054298401,0.7769300937652588,0.5405324101448059,0.6988828778266907,0.8549773693084717,0.7637625932693481
6,,,24751,,,,,,,,0.9220896363258362,0.1720687448978424,,,,,,,,,,
,0.0003,0.0003,24752,,,,,,,,,,,,,,,,,,,
7,,,24759,,,,,,,,,,0.10603190213441849,,,,,,,,,
7,,,24779,,,,,,,,,,0.1404026299715042,,,,,,,,,
7,,,24799,,,,,,,,,,0.221727654337883,,,,,,,,,
7,,,24819,,,,,,,,,,0.08683908730745316,,,,,,,,,
7,,,24839,,,,,,,,,,0.16442424058914185,,,,,,,,,
7,,,24859,,,,,,,,,,0.20427151024341583,,,,,,,,,
7,,,24879,,,,,,,,,,0.09844125807285309,,,,,,,,,
7,,,24899,,,,,,,,,,0.09550827741622925,,,,,,,,,
7,,,24919,,,,,,,,,,0.1627509593963623,,,,,,,,,
7,,,24939,,,,,,,,,,0.2216787487268448,,,,,,,,,
7,,,24959,,,,,,,,,,0.2855881154537201,,,,,,,,,
7,,,24979,,,,,,,,,,0.1798674762248993,,,,,,,,,
7,,,24999,,,,,,,,,,0.19985105097293854,,,,,,,,,
7,,,25019,,,,,,,,,,0.08976607024669647,,,,,,,,,
7,,,25039,,,,,,,,,,0.219866544008255,,,,,,,,,
7,,,25059,,,,,,,,,,0.10224340856075287,,,,,,,,,
7,,,25079,,,,,,,,,,0.14280837774276733,,,,,,,,,
7,,,25099,,,,,,,,,,0.19066208600997925,,,,,,,,,
7,,,25119,,,,,,,,,,0.05783824622631073,,,,,,,,,
7,,,25139,,,,,,,,,,0.08160985261201859,,,,,,,,,
7,,,25159,,,,,,,,,,0.12418822944164276,,,,,,,,,
7,,,25179,,,,,,,,,,0.12259913235902786,,,,,,,,,
7,,,25199,,,,,,,,,,0.18415924906730652,,,,,,,,,
7,,,25219,,,,,,,,,,0.26262757182121277,,,,,,,,,
7,,,25239,,,,,,,,,,0.22065795958042145,,,,,,,,,
7,,,25259,,,,,,,,,,0.20181617140769958,,,,,,,,,
7,,,25279,,,,,,,,,,0.08961042761802673,,,,,,,,,
7,,,25299,,,,,,,,,,0.16365331411361694,,,,,,,,,
7,,,25319,,,,,,,,,,0.26653608679771423,,,,,,,,,
7,,,25339,,,,,,,,,,0.20140251517295837,,,,,,,,,
7,,,25359,,,,,,,,,,0.14019539952278137,,,,,,,,,
7,,,25379,,,,,,,,,,0.13142670691013336,,,,,,,,,
7,,,25399,,,,,,,,,,0.1595035046339035,,,,,,,,,
7,,,25419,,,,,,,,,,0.04060623422265053,,,,,,,,,
7,,,25439,,,,,,,,,,0.24779529869556427,,,,,,,,,
7,,,25459,,,,,,,,,,0.18312323093414307,,,,,,,,,
7,,,25479,,,,,,,,,,0.10736538469791412,,,,,,,,,
7,,,25499,,,,,,,,,,0.192340686917305,,,,,,,,,
7,,,25519,,,,,,,,,,0.09331768751144409,,,,,,,,,
7,,,25539,,,,,,,,,,0.16539818048477173,,,,,,,,,
7,,,25559,,,,,,,,,,0.14742285013198853,,,,,,,,,
7,,,25579,,,,,,,,,,0.108151875436306,,,,,,,,,
7,,,25599,,,,,,,,,,0.08073583245277405,,,,,,,,,
7,,,25619,,,,,,,,,,0.07968737185001373,,,,,,,,,
7,,,25639,,,,,,,,,,0.2861754894256592,,,,,,,,,
7,,,25659,,,,,,,,,,0.0767177864909172,,,,,,,,,
7,,,25679,,,,,,,,,,0.19198013842105865,,,,,,,,,
7,,,25699,,,,,,,,,,0.09278766810894012,,,,,,,,,
7,,,25719,,,,,,,,,,0.2227657437324524,,,,,,,,,
7,,,25739,,,,,,,,,,0.14268742501735687,,,,,,,,,
7,,,25759,,,,,,,,,,0.117845818400383,,,,,,,,,
7,,,25779,,,,,,,,,,0.1395355463027954,,,,,,,,,
7,,,25799,,,,,,,,,,0.058195482939481735,,,,,,,,,
7,,,25819,,,,,,,,,,0.12844687700271606,,,,,,,,,
7,,,25839,,,,,,,,,,0.1567976474761963,,,,,,,,,
7,,,25859,,,,,,,,,,0.23320946097373962,,,,,,,,,
7,,,25879,,,,,,,,,,0.06592018902301788,,,,,,,,,
7,,,25899,,,,,,,,,,0.05488578975200653,,,,,,,,,
7,,,25919,,,,,,,,,,0.09802879393100739,,,,,,,,,
7,,,25939,,,,,,,,,,0.2693916857242584,,,,,,,,,
7,,,25959,,,,,,,,,,0.14776627719402313,,,,,,,,,
7,,,25979,,,,,,,,,,0.2602260708808899,,,,,,,,,
7,,,25999,,,,,,,,,,0.22464361786842346,,,,,,,,,
7,,,26019,,,,,,,,,,0.27509555220603943,,,,,,,,,
7,,,26039,,,,,,,,,,0.25081321597099304,,,,,,,,,
7,,,26059,,,,,,,,,,0.21317213773727417,,,,,,,,,
7,,,26079,,,,,,,,,,0.16985957324504852,,,,,,,,,
7,,,26099,,,,,,,,,,0.12294378131628036,,,,,,,,,
7,,,26119,,,,,,,,,,0.16728898882865906,,,,,,,,,
7,,,26139,,,,,,,,,,0.1952648162841797,,,,,,,,,
7,,,26159,,,,,,,,,,0.1711561232805252,,,,,,,,,
7,,,26179,,,,,,,,,,0.16403937339782715,,,,,,,,,
7,,,26199,,,,,,,,,,0.1075059324502945,,,,,,,,,
7,,,26219,,,,,,,,,,0.11246886104345322,,,,,,,,,
7,,,26239,,,,,,,,,,0.10799810290336609,,,,,,,,,
7,,,26259,,,,,,,,,,0.12586219608783722,,,,,,,,,
7,,,26279,,,,,,,,,,0.24476942420005798,,,,,,,,,
7,,,26299,,,,,,,,,,0.054685935378074646,,,,,,,,,
7,,,26319,,,,,,,,,,0.09476610273122787,,,,,,,,,
7,,,26339,,,,,,,,,,0.2282596081495285,,,,,,,,,
7,,,26359,,,,,,,,,,0.08388135582208633,,,,,,,,,
7,,,26379,,,,,,,,,,0.13203442096710205,,,,,,,,,
7,,,26399,,,,,,,,,,0.18547789752483368,,,,,,,,,
7,,,26419,,,,,,,,,,0.36194345355033875,,,,,,,,,
7,,,26439,,,,,,,,,,0.084963858127594,,,,,,,,,
7,,,26459,,,,,,,,,,0.25692498683929443,,,,,,,,,
7,,,26479,,,,,,,,,,0.24256101250648499,,,,,,,,,
7,,,26499,,,,,,,,,,0.16414056718349457,,,,,,,,,
7,,,26519,,,,,,,,,,0.07088065892457962,,,,,,,,,
7,,,26539,,,,,,,,,,0.14264227449893951,,,,,,,,,
7,,,26559,,,,,,,,,,0.17600946128368378,,,,,,,,,
7,,,26579,,,,,,,,,,0.03410767763853073,,,,,,,,,
7,,,26599,,,,,,,,,,0.308691143989563,,,,,,,,,
7,,,26619,,,,,,,,,,0.14498941600322723,,,,,,,,,
7,,,26639,,,,,,,,,,0.12951165437698364,,,,,,,,,
7,,,26659,,,,,,,,,,0.05720629170536995,,,,,,,,,
7,,,26679,,,,,,,,,,0.10502465069293976,,,,,,,,,
7,,,26699,,,,,,,,,,0.16478294134140015,,,,,,,,,
7,,,26719,,,,,,,,,,0.1764836609363556,,,,,,,,,
7,,,26739,,,,,,,,,,0.1013251468539238,,,,,,,,,
7,,,26759,,,,,,,,,,0.16052107512950897,,,,,,,,,
7,,,26779,,,,,,,,,,0.10986995697021484,,,,,,,,,
7,,,26799,,,,,,,,,,0.06078020855784416,,,,,,,,,
7,,,26819,,,,,,,,,,0.20572635531425476,,,,,,,,,
7,,,26839,,,,,,,,,,0.3161947429180145,,,,,,,,,
7,,,26859,,,,,,,,,,0.13753753900527954,,,,,,,,,
7,,,26879,,,,,,,,,,0.14673815667629242,,,,,,,,,
7,,,26899,,,,,,,,,,0.08699707686901093,,,,,,,,,
7,,,26919,,,,,,,,,,0.16786710917949677,,,,,,,,,
7,,,26939,,,,,,,,,,0.1042381078004837,,,,,,,,,
7,,,26959,,,,,,,,,,0.13644824922084808,,,,,,,,,
7,,,26979,,,,,,,,,,0.27147620916366577,,,,,,,,,
7,,,26999,,,,,,,,,,0.14120975136756897,,,,,,,,,
7,,,27019,,,,,,,,,,0.13905975222587585,,,,,,,,,
7,,,27039,,,,,,,,,,0.055341146886348724,,,,,,,,,
7,,,27059,,,,,,,,,,0.11338579654693604,,,,,,,,,
7,,,27079,,,,,,,,,,0.09527666866779327,,,,,,,,,
7,,,27099,,,,,,,,,,0.06114283576607704,,,,,,,,,
7,,,27119,,,,,,,,,,0.1269848644733429,,,,,,,,,
7,,,27139,,,,,,,,,,0.11664750427007675,,,,,,,,,
7,,,27159,,,,,,,,,,0.10646828263998032,,,,,,,,,
7,,,27179,,,,,,,,,,0.0876772478222847,,,,,,,,,
7,,,27199,,,,,,,,,,0.10196523368358612,,,,,,,,,
7,,,27219,,,,,,,,,,0.2517722547054291,,,,,,,,,
7,,,27239,,,,,,,,,,0.1543911099433899,,,,,,,,,
7,,,27259,,,,,,,,,,0.2629792094230652,,,,,,,,,
7,,,27279,,,,,,,,,,0.1345733255147934,,,,,,,,,
7,,,27299,,,,,,,,,,0.12765510380268097,,,,,,,,,
7,,,27319,,,,,,,,,,0.05702197924256325,,,,,,,,,
7,,,27339,,,,,,,,,,0.1756276786327362,,,,,,,,,
7,,,27359,,,,,,,,,,0.09148943424224854,,,,,,,,,
7,,,27379,,,,,,,,,,0.24667564034461975,,,,,,,,,
7,,,27399,,,,,,,,,,0.15214481949806213,,,,,,,,,
7,,,27419,,,,,,,,,,0.12035953253507614,,,,,,,,,
7,,,27439,,,,,,,,,,0.2727840840816498,,,,,,,,,
7,,,27459,,,,,,,,,,0.17517544329166412,,,,,,,,,
7,,,27479,,,,,,,,,,0.08472626656293869,,,,,,,,,
7,,,27499,,,,,,,,,,0.08901748806238174,,,,,,,,,
7,,,27519,,,,,,,,,,0.14722228050231934,,,,,,,,,
7,,,27539,,,,,,,,,,0.06002332642674446,,,,,,,,,
7,,,27559,,,,,,,,,,0.10372861474752426,,,,,,,,,
7,,,27579,,,,,,,,,,0.14678607881069183,,,,,,,,,
7,,,27599,,,,,,,,,,0.09212338924407959,,,,,,,,,
7,,,27619,,,,,,,,,,0.08314076066017151,,,,,,,,,
7,,,27639,,,,,,,,,,0.2970220744609833,,,,,,,,,
7,,,27659,,,,,,,,,,0.16694621741771698,,,,,,,,,
7,,,27679,,,,,,,,,,0.18811163306236267,,,,,,,,,
7,,,27699,,,,,,,,,,0.08642788231372833,,,,,,,,,
7,,,27719,,,,,,,,,,0.16711726784706116,,,,,,,,,
7,,,27739,,,,,,,,,,0.13970895111560822,,,,,,,,,
7,,,27759,,,,,,,,,,0.06577441096305847,,,,,,,,,
7,,,27779,,,,,,,,,,0.10050198435783386,,,,,,,,,
7,,,27799,,,,,,,,,,0.188121035695076,,,,,,,,,
7,,,27819,,,,,,,,,,0.1381092518568039,,,,,,,,,
7,,,27839,,,,,,,,,,0.20402780175209045,,,,,,,,,
7,,,27859,,,,,,,,,,0.17309440672397614,,,,,,,,,
7,,,27879,,,,,,,,,,0.10637681186199188,,,,,,,,,
7,,,27899,,,,,,,,,,0.09312094748020172,,,,,,,,,
7,,,27919,,,,,,,,,,0.058832697570323944,,,,,,,,,
7,,,27939,,,,,,,,,,0.12167470902204514,,,,,,,,,
7,,,27959,,,,,,,,,,0.06307995319366455,,,,,,,,,
7,,,27979,,,,,,,,,,0.04182146489620209,,,,,,,,,
7,,,27999,,,,,,,,,,0.27266576886177063,,,,,,,,,
7,,,28019,,,,,,,,,,0.24721094965934753,,,,,,,,,
7,,,28039,,,,,,,,,,0.17057868838310242,,,,,,,,,
7,,,28059,,,,,,,,,,0.16188201308250427,,,,,,,,,
7,,,28079,,,,,,,,,,0.09914515912532806,,,,,,,,,
7,,,28099,,,,,,,,,,0.08870378881692886,,,,,,,,,
7,,,28119,,,,,,,,,,0.10924078524112701,,,,,,,,,
7,,,28139,,,,,,,,,,0.13047553598880768,,,,,,,,,
7,,,28159,,,,,,,,,,0.07308977097272873,,,,,,,,,
7,,,28179,,,,,,,,,,0.09980794787406921,,,,,,,,,
7,,,28199,,,,,,,,,,0.09204068779945374,,,,,,,,,
7,,,28219,,,,,,,,,,0.21067115664482117,,,,,,,,,
7,,,28239,,,,,,,,,,0.18885362148284912,,,,,,,,,
7,,,28259,,,,,,,,,,0.25829583406448364,,,,,,,,,
7,,,28279,,,,,,,,,,0.1756669133901596,,,,,,,,,
7,,,28287,,,,,,,,,,,0.7673731446266174,0.8448444604873657,0.7138977646827698,0.9806410074234009,0.723135769367218,0.4885100722312927,0.5237540602684021,0.9225174784660339,0.7673731446266174
7,,,28287,,,,,,,,0.9309273958206177,0.15762998163700104,,,,,,,,,,
,0.0003,0.0003,28288,,,,,,,,,,,,,,,,,,,
8,,,28299,,,,,,,,,,0.1118258535861969,,,,,,,,,
8,,,28319,,,,,,,,,,0.11291928589344025,,,,,,,,,
8,,,28339,,,,,,,,,,0.32362738251686096,,,,,,,,,
8,,,28359,,,,,,,,,,0.11343619972467422,,,,,,,,,
8,,,28379,,,,,,,,,,0.14013272523880005,,,,,,,,,
8,,,28399,,,,,,,,,,0.23698973655700684,,,,,,,,,
8,,,28419,,,,,,,,,,0.22633416950702667,,,,,,,,,
8,,,28439,,,,,,,,,,0.19972391426563263,,,,,,,,,
8,,,28459,,,,,,,,,,0.07852430641651154,,,,,,,,,
8,,,28479,,,,,,,,,,0.08360368013381958,,,,,,,,,
8,,,28499,,,,,,,,,,0.19164347648620605,,,,,,,,,
8,,,28519,,,,,,,,,,0.09941479563713074,,,,,,,,,
8,,,28539,,,,,,,,,,0.153461754322052,,,,,,,,,
8,,,28559,,,,,,,,,,0.08257445693016052,,,,,,,,,
8,,,28579,,,,,,,,,,0.19839543104171753,,,,,,,,,
8,,,28599,,,,,,,,,,0.10515490174293518,,,,,,,,,
8,,,28619,,,,,,,,,,0.05969960242509842,,,,,,,,,
8,,,28639,,,,,,,,,,0.0851801186800003,,,,,,,,,
8,,,28659,,,,,,,,,,0.12326313555240631,,,,,,,,,
8,,,28679,,,,,,,,,,0.05416201427578926,,,,,,,,,
8,,,28699,,,,,,,,,,0.1974809616804123,,,,,,,,,
8,,,28719,,,,,,,,,,0.060025278478860855,,,,,,,,,
8,,,28739,,,,,,,,,,0.16384167969226837,,,,,,,,,
8,,,28759,,,,,,,,,,0.13424046337604523,,,,,,,,,
8,,,28779,,,,,,,,,,0.15755486488342285,,,,,,,,,
8,,,28799,,,,,,,,,,0.22258815169334412,,,,,,,,,
8,,,28819,,,,,,,,,,0.08997096121311188,,,,,,,,,
8,,,28839,,,,,,,,,,0.15428763628005981,,,,,,,,,
8,,,28859,,,,,,,,,,0.25834524631500244,,,,,,,,,
8,,,28879,,,,,,,,,,0.042307741940021515,,,,,,,,,
8,,,28899,,,,,,,,,,0.0882493108510971,,,,,,,,,
8,,,28919,,,,,,,,,,0.33727484941482544,,,,,,,,,
8,,,28939,,,,,,,,,,0.20382235944271088,,,,,,,,,
8,,,28959,,,,,,,,,,0.034450460225343704,,,,,,,,,
8,,,28979,,,,,,,,,,0.10729414224624634,,,,,,,,,
8,,,28999,,,,,,,,,,0.07630012184381485,,,,,,,,,
8,,,29019,,,,,,,,,,0.19156715273857117,,,,,,,,,
8,,,29039,,,,,,,,,,0.14309477806091309,,,,,,,,,
8,,,29059,,,,,,,,,,0.2578895390033722,,,,,,,,,
8,,,29079,,,,,,,,,,0.1059608906507492,,,,,,,,,
8,,,29099,,,,,,,,,,0.0999089777469635,,,,,,,,,
8,,,29119,,,,,,,,,,0.05800511687994003,,,,,,,,,
8,,,29139,,,,,,,,,,0.06375259160995483,,,,,,,,,
8,,,29159,,,,,,,,,,0.25189292430877686,,,,,,,,,
8,,,29179,,,,,,,,,,0.10868197679519653,,,,,,,,,
8,,,29199,,,,,,,,,,0.06392446160316467,,,,,,,,,
8,,,29219,,,,,,,,,,0.05840568244457245,,,,,,,,,
8,,,29239,,,,,,,,,,0.3021690845489502,,,,,,,,,
8,,,29259,,,,,,,,,,0.19499921798706055,,,,,,,,,
8,,,29279,,,,,,,,,,0.1401061713695526,,,,,,,,,
8,,,29299,,,,,,,,,,0.09531781822443008,,,,,,,,,
8,,,29319,,,,,,,,,,0.14278586208820343,,,,,,,,,
8,,,29339,,,,,,,,,,0.14701873064041138,,,,,,,,,
8,,,29359,,,,,,,,,,0.10072502493858337,,,,,,,,,
8,,,29379,,,,,,,,,,0.1161997839808464,,,,,,,,,
8,,,29399,,,,,,,,,,0.11964499205350876,,,,,,,,,
8,,,29419,,,,,,,,,,0.19228366017341614,,,,,,,,,
8,,,29439,,,,,,,,,,0.09069415181875229,,,,,,,,,
8,,,29459,,,,,,,,,,0.1330825388431549,,,,,,,,,
8,,,29479,,,,,,,,,,0.13757622241973877,,,,,,,,,
8,,,29499,,,,,,,,,,0.09961864352226257,,,,,,,,,
8,,,29519,,,,,,,,,,0.19977769255638123,,,,,,,,,
8,,,29539,,,,,,,,,,0.05978484824299812,,,,,,,,,
8,,,29559,,,,,,,,,,0.1517046093940735,,,,,,,,,
8,,,29579,,,,,,,,,,0.08281680196523666,,,,,,,,,
8,,,29599,,,,,,,,,,0.23164109885692596,,,,,,,,,
8,,,29619,,,,,,,,,,0.06681370735168457,,,,,,,,,
8,,,29639,,,,,,,,,,0.09095936268568039,,,,,,,,,
8,,,29659,,,,,,,,,,0.05901983752846718,,,,,,,,,
8,,,29679,,,,,,,,,,0.1331157088279724,,,,,,,,,
8,,,29699,,,,,,,,,,0.37205448746681213,,,,,,,,,
8,,,29719,,,,,,,,,,0.03590387478470802,,,,,,,,,
8,,,29739,,,,,,,,,,0.19591589272022247,,,,,,,,,
8,,,29759,,,,,,,,,,0.22477026283740997,,,,,,,,,
8,,,29779,,,,,,,,,,0.15118318796157837,,,,,,,,,
8,,,29799,,,,,,,,,,0.25749844312667847,,,,,,,,,
8,,,29819,,,,,,,,,,0.23682403564453125,,,,,,,,,
8,,,29839,,,,,,,,,,0.22999632358551025,,,,,,,,,
8,,,29859,,,,,,,,,,0.15827332437038422,,,,,,,,,
8,,,29879,,,,,,,,,,0.18924644589424133,,,,,,,,,
8,,,29899,,,,,,,,,,0.09768294543027878,,,,,,,,,
8,,,29919,,,,,,,,,,0.06486301124095917,,,,,,,,,
8,,,29939,,,,,,,,,,0.06275674700737,,,,,,,,,
8,,,29959,,,,,,,,,,0.24708864092826843,,,,,,,,,
8,,,29979,,,,,,,,,,0.2767634987831116,,,,,,,,,
8,,,29999,,,,,,,,,,0.09690579771995544,,,,,,,,,
8,,,30019,,,,,,,,,,0.09514328092336655,,,,,,,,,
8,,,30039,,,,,,,,,,0.1571098417043686,,,,,,,,,
8,,,30059,,,,,,,,,,0.058631736785173416,,,,,,,,,
8,,,30079,,,,,,,,,,0.24822063744068146,,,,,,,,,
8,,,30099,,,,,,,,,,0.10753332078456879,,,,,,,,,
8,,,30119,,,,,,,,,,0.06790638715028763,,,,,,,,,
8,,,30139,,,,,,,,,,0.16955076158046722,,,,,,,,,
8,,,30159,,,,,,,,,,0.05316460505127907,,,,,,,,,
8,,,30179,,,,,,,,,,0.07293204963207245,,,,,,,,,
8,,,30199,,,,,,,,,,0.06767542660236359,,,,,,,,,
8,,,30219,,,,,,,,,,0.06742365658283234,,,,,,,,,
8,,,30239,,,,,,,,,,0.09776516258716583,,,,,,,,,
8,,,30259,,,,,,,,,,0.0394846573472023,,,,,,,,,
8,,,30279,,,,,,,,,,0.1671452820301056,,,,,,,,,
8,,,30299,,,,,,,,,,0.0468466617166996,,,,,,,,,
8,,,30319,,,,,,,,,,0.09341277927160263,,,,,,,,,
8,,,30339,,,,,,,,,,0.20162490010261536,,,,,,,,,
8,,,30359,,,,,,,,,,0.15836873650550842,,,,,,,,,
8,,,30379,,,,,,,,,,0.22875386476516724,,,,,,,,,
8,,,30399,,,,,,,,,,0.10669362545013428,,,,,,,,,
8,,,30419,,,,,,,,,,0.11914686858654022,,,,,,,,,
8,,,30439,,,,,,,,,,0.11783963441848755,,,,,,,,,
8,,,30459,,,,,,,,,,0.17866438627243042,,,,,,,,,
8,,,30479,,,,,,,,,,0.1306048482656479,,,,,,,,,
8,,,30499,,,,,,,,,,0.15330544114112854,,,,,,,,,
8,,,30519,,,,,,,,,,0.27206751704216003,,,,,,,,,
8,,,30539,,,,,,,,,,0.14899328351020813,,,,,,,,,
8,,,30559,,,,,,,,,,0.2564827799797058,,,,,,,,,
8,,,30579,,,,,,,,,,0.10109690576791763,,,,,,,,,
8,,,30599,,,,,,,,,,0.10048920661211014,,,,,,,,,
8,,,30619,,,,,,,,,,0.19223980605602264,,,,,,,,,
8,,,30639,,,,,,,,,,0.2255716323852539,,,,,,,,,
8,,,30659,,,,,,,,,,0.2332063913345337,,,,,,,,,
8,,,30679,,,,,,,,,,0.17650195956230164,,,,,,,,,
8,,,30699,,,,,,,,,,0.15097735822200775,,,,,,,,,
8,,,30719,,,,,,,,,,0.13242383301258087,,,,,,,,,
8,,,30739,,,,,,,,,,0.10003651678562164,,,,,,,,,
8,,,30759,,,,,,,,,,0.1147887259721756,,,,,,,,,
8,,,30779,,,,,,,,,,0.1544979065656662,,,,,,,,,
8,,,30799,,,,,,,,,,0.08944295346736908,,,,,,,,,
8,,,30819,,,,,,,,,,0.09175275266170502,,,,,,,,,
8,,,30839,,,,,,,,,,0.11551487445831299,,,,,,,,,
8,,,30859,,,,,,,,,,0.06957068294286728,,,,,,,,,
8,,,30879,,,,,,,,,,0.1304866522550583,,,,,,,,,
8,,,30899,,,,,,,,,,0.15315216779708862,,,,,,,,,
8,,,30919,,,,,,,,,,0.12314462661743164,,,,,,,,,
8,,,30939,,,,,,,,,,0.11561468243598938,,,,,,,,,
8,,,30959,,,,,,,,,,0.12371945381164551,,,,,,,,,
8,,,30979,,,,,,,,,,0.06758739054203033,,,,,,,,,
8,,,30999,,,,,,,,,,0.17005214095115662,,,,,,,,,
8,,,31019,,,,,,,,,,0.16691695153713226,,,,,,,,,
8,,,31039,,,,,,,,,,0.09017764776945114,,,,,,,,,
8,,,31059,,,,,,,,,,0.17639023065567017,,,,,,,,,
8,,,31079,,,,,,,,,,0.08433103561401367,,,,,,,,,
8,,,31099,,,,,,,,,,0.15697097778320312,,,,,,,,,
8,,,31119,,,,,,,,,,0.18990571796894073,,,,,,,,,
8,,,31139,,,,,,,,,,0.06936795264482498,,,,,,,,,
8,,,31159,,,,,,,,,,0.22722764313220978,,,,,,,,,
8,,,31179,,,,,,,,,,0.05145997554063797,,,,,,,,,
8,,,31199,,,,,,,,,,0.08839007467031479,,,,,,,,,
8,,,31219,,,,,,,,,,0.13608905673027039,,,,,,,,,
8,,,31239,,,,,,,,,,0.28035831451416016,,,,,,,,,
8,,,31259,,,,,,,,,,0.08582852780818939,,,,,,,,,
8,,,31279,,,,,,,,,,0.1143084168434143,,,,,,,,,
8,,,31299,,,,,,,,,,0.1277230978012085,,,,,,,,,
8,,,31319,,,,,,,,,,0.17281800508499146,,,,,,,,,
8,,,31339,,,,,,,,,,0.04633944109082222,,,,,,,,,
8,,,31359,,,,,,,,,,0.19590458273887634,,,,,,,,,
8,,,31379,,,,,,,,,,0.09015782177448273,,,,,,,,,
8,,,31399,,,,,,,,,,0.12965181469917297,,,,,,,,,
8,,,31419,,,,,,,,,,0.1382036805152893,,,,,,,,,
8,,,31439,,,,,,,,,,0.03147043287754059,,,,,,,,,
8,,,31459,,,,,,,,,,0.10176128894090652,,,,,,,,,
8,,,31479,,,,,,,,,,0.08335510641336441,,,,,,,,,
8,,,31499,,,,,,,,,,0.16499671339988708,,,,,,,,,
8,,,31519,,,,,,,,,,0.060717739164829254,,,,,,,,,
8,,,31539,,,,,,,,,,0.04200192540884018,,,,,,,,,
8,,,31559,,,,,,,,,,0.10541608929634094,,,,,,,,,
8,,,31579,,,,,,,,,,0.10903838276863098,,,,,,,,,
8,,,31599,,,,,,,,,,0.14970487356185913,,,,,,,,,
8,,,31619,,,,,,,,,,0.08353950828313828,,,,,,,,,
8,,,31639,,,,,,,,,,0.1635698676109314,,,,,,,,,
8,,,31659,,,,,,,,,,0.04013793542981148,,,,,,,,,
8,,,31679,,,,,,,,,,0.09792874753475189,,,,,,,,,
8,,,31699,,,,,,,,,,0.16319134831428528,,,,,,,,,
8,,,31719,,,,,,,,,,0.10474640876054764,,,,,,,,,
8,,,31739,,,,,,,,,,0.2681789994239807,,,,,,,,,
8,,,31759,,,,,,,,,,0.042721837759017944,,,,,,,,,
8,,,31779,,,,,,,,,,0.04868929460644722,,,,,,,,,
8,,,31799,,,,,,,,,,0.060917459428310394,,,,,,,,,
8,,,31819,,,,,,,,,,0.11030440777540207,,,,,,,,,
8,,,31823,,,,,,,,,,,0.8136255145072937,0.8919167518615723,0.795103907585144,0.8275023102760315,0.7847527265548706,0.5976813435554504,0.6623133420944214,0.9071921706199646,0.8136255145072937
8,,,31823,,,,,,,,0.9411393404006958,0.13688549399375916,,,,,,,,,,
,0.00029927770900082954,0.00029927770900082954,31824,,,,,,,,,,,,,,,,,,,
9,,,31839,,,,,,,,,,0.26115280389785767,,,,,,,,,
9,,,31859,,,,,,,,,,0.11687539517879486,,,,,,,,,
9,,,31879,,,,,,,,,,0.1402551382780075,,,,,,,,,
9,,,31899,,,,,,,,,,0.21870368719100952,,,,,,,,,
9,,,31919,,,,,,,,,,0.1081547737121582,,,,,,,,,
9,,,31939,,,,,,,,,,0.07927628606557846,,,,,,,,,
9,,,31959,,,,,,,,,,0.2324899286031723,,,,,,,,,
9,,,31979,,,,,,,,,,0.18808606266975403,,,,,,,,,
9,,,31999,,,,,,,,,,0.1275453418493271,,,,,,,,,
9,,,32019,,,,,,,,,,0.1537264883518219,,,,,,,,,
9,,,32039,,,,,,,,,,0.05746179446578026,,,,,,,,,
9,,,32059,,,,,,,,,,0.0490943118929863,,,,,,,,,
9,,,32079,,,,,,,,,,0.11338753998279572,,,,,,,,,
9,,,32099,,,,,,,,,,0.1269071102142334,,,,,,,,,
9,,,32119,,,,,,,,,,0.12293536961078644,,,,,,,,,
9,,,32139,,,,,,,,,,0.1360107958316803,,,,,,,,,
9,,,32159,,,,,,,,,,0.0833047553896904,,,,,,,,,
9,,,32179,,,,,,,,,,0.06706007570028305,,,,,,,,,
9,,,32199,,,,,,,,,,0.15633045136928558,,,,,,,,,
9,,,32219,,,,,,,,,,0.22823594510555267,,,,,,,,,
9,,,32239,,,,,,,,,,0.08998972177505493,,,,,,,,,
9,,,32259,,,,,,,,,,0.07307571172714233,,,,,,,,,
9,,,32279,,,,,,,,,,0.05044201388955116,,,,,,,,,
9,,,32299,,,,,,,,,,0.12138217687606812,,,,,,,,,
9,,,32319,,,,,,,,,,0.25145667791366577,,,,,,,,,
9,,,32339,,,,,,,,,,0.13905322551727295,,,,,,,,,
9,,,32359,,,,,,,,,,0.19893380999565125,,,,,,,,,
9,,,32379,,,,,,,,,,0.06709931790828705,,,,,,,,,
9,,,32399,,,,,,,,,,0.2704313099384308,,,,,,,,,
9,,,32419,,,,,,,,,,0.060832418501377106,,,,,,,,,
9,,,32439,,,,,,,,,,0.11699183285236359,,,,,,,,,
9,,,32459,,,,,,,,,,0.10999038815498352,,,,,,,,,
9,,,32479,,,,,,,,,,0.21903015673160553,,,,,,,,,
9,,,32499,,,,,,,,,,0.1119355857372284,,,,,,,,,
9,,,32519,,,,,,,,,,0.15542873740196228,,,,,,,,,
9,,,32539,,,,,,,,,,0.22771945595741272,,,,,,,,,
9,,,32559,,,,,,,,,,0.22510984539985657,,,,,,,,,
9,,,32579,,,,,,,,,,0.08535400778055191,,,,,,,,,
9,,,32599,,,,,,,,,,0.13525143265724182,,,,,,,,,
9,,,32619,,,,,,,,,,0.04574800282716751,,,,,,,,,
9,,,32639,,,,,,,,,,0.14040738344192505,,,,,,,,,
9,,,32659,,,,,,,,,,0.04253881424665451,,,,,,,,,
9,,,32679,,,,,,,,,,0.04787018522620201,,,,,,,,,
9,,,32699,,,,,,,,,,0.09061974287033081,,,,,,,,,
9,,,32719,,,,,,,,,,0.2781234383583069,,,,,,,,,
9,,,32739,,,,,,,,,,0.07582107931375504,,,,,,,,,
9,,,32759,,,,,,,,,,0.06513254344463348,,,,,,,,,
9,,,32779,,,,,,,,,,0.06145905703306198,,,,,,,,,
9,,,32799,,,,,,,,,,0.34015363454818726,,,,,,,,,
9,,,32819,,,,,,,,,,0.11334593594074249,,,,,,,,,
9,,,32839,,,,,,,,,,0.03605104237794876,,,,,,,,,
9,,,32859,,,,,,,,,,0.21082240343093872,,,,,,,,,
9,,,32879,,,,,,,,,,0.360967218875885,,,,,,,,,
9,,,32899,,,,,,,,,,0.09498441219329834,,,,,,,,,
9,,,32919,,,,,,,,,,0.10537354648113251,,,,,,,,,
9,,,32939,,,,,,,,,,0.2391429990530014,,,,,,,,,
9,,,32959,,,,,,,,,,0.04644796997308731,,,,,,,,,
9,,,32979,,,,,,,,,,0.07243703305721283,,,,,,,,,
9,,,32999,,,,,,,,,,0.09911608695983887,,,,,,,,,
9,,,33019,,,,,,,,,,0.25405800342559814,,,,,,,,,
9,,,33039,,,,,,,,,,0.0839434266090393,,,,,,,,,
9,,,33059,,,,,,,,,,0.29398202896118164,,,,,,,,,
9,,,33079,,,,,,,,,,0.052650026977062225,,,,,,,,,
9,,,33099,,,,,,,,,,0.3056563436985016,,,,,,,,,
9,,,33119,,,,,,,,,,0.0733625739812851,,,,,,,,,
9,,,33139,,,,,,,,,,0.10541262477636337,,,,,,,,,
9,,,33159,,,,,,,,,,0.07799042016267776,,,,,,,,,
9,,,33179,,,,,,,,,,0.0809837207198143,,,,,,,,,
9,,,33199,,,,,,,,,,0.10056392103433609,,,,,,,,,
9,,,33219,,,,,,,,,,0.08240540325641632,,,,,,,,,
9,,,33239,,,,,,,,,,0.12638986110687256,,,,,,,,,
9,,,33259,,,,,,,,,,0.12034265697002411,,,,,,,,,
9,,,33279,,,,,,,,,,0.08799188584089279,,,,,,,,,
9,,,33299,,,,,,,,,,0.13173508644104004,,,,,,,,,
9,,,33319,,,,,,,,,,0.16561798751354218,,,,,,,,,
9,,,33339,,,,,,,,,,0.1091143786907196,,,,,,,,,
9,,,33359,,,,,,,,,,0.11220686137676239,,,,,,,,,
9,,,33379,,,,,,,,,,0.18722325563430786,,,,,,,,,
9,,,33399,,,,,,,,,,0.05920156463980675,,,,,,,,,
9,,,33419,,,,,,,,,,0.08983523398637772,,,,,,,,,
9,,,33439,,,,,,,,,,0.13615189492702484,,,,,,,,,
9,,,33459,,,,,,,,,,0.1444820910692215,,,,,,,,,
9,,,33479,,,,,,,,,,0.2115412950515747,,,,,,,,,
9,,,33499,,,,,,,,,,0.09191687405109406,,,,,,,,,
9,,,33519,,,,,,,,,,0.04261625558137894,,,,,,,,,
9,,,33539,,,,,,,,,,0.3657049536705017,,,,,,,,,
9,,,33559,,,,,,,,,,0.10509935021400452,,,,,,,,,
9,,,33579,,,,,,,,,,0.16323848068714142,,,,,,,,,
9,,,33599,,,,,,,,,,0.17446285486221313,,,,,,,,,
9,,,33619,,,,,,,,,,0.16676725447177887,,,,,,,,,
9,,,33639,,,,,,,,,,0.13349229097366333,,,,,,,,,
9,,,33659,,,,,,,,,,0.08887332677841187,,,,,,,,,
9,,,33679,,,,,,,,,,0.08526049554347992,,,,,,,,,
9,,,33699,,,,,,,,,,0.12139196693897247,,,,,,,,,
9,,,33719,,,,,,,,,,0.03672873601317406,,,,,,,,,
9,,,33739,,,,,,,,,,0.2890641391277313,,,,,,,,,
9,,,33759,,,,,,,,,,0.09855872392654419,,,,,,,,,
9,,,33779,,,,,,,,,,0.03489983081817627,,,,,,,,,
9,,,33799,,,,,,,,,,0.1263434886932373,,,,,,,,,
9,,,33819,,,,,,,,,,0.07283172756433487,,,,,,,,,
9,,,33839,,,,,,,,,,0.07435143738985062,,,,,,,,,
9,,,33859,,,,,,,,,,0.12062647938728333,,,,,,,,,
9,,,33879,,,,,,,,,,0.07482735812664032,,,,,,,,,
9,,,33899,,,,,,,,,,0.0756354108452797,,,,,,,,,
9,,,33919,,,,,,,,,,0.18904051184654236,,,,,,,,,
9,,,33939,,,,,,,,,,0.10560919344425201,,,,,,,,,
9,,,33959,,,,,,,,,,0.10101290792226791,,,,,,,,,
9,,,33979,,,,,,,,,,0.2059931457042694,,,,,,,,,
9,,,33999,,,,,,,,,,0.1333526223897934,,,,,,,,,
9,,,34019,,,,,,,,,,0.07804209738969803,,,,,,,,,
9,,,34039,,,,,,,,,,0.06615502387285233,,,,,,,,,
9,,,34059,,,,,,,,,,0.14117902517318726,,,,,,,,,
9,,,34079,,,,,,,,,,0.08677715063095093,,,,,,,,,
9,,,34099,,,,,,,,,,0.12512236833572388,,,,,,,,,
9,,,34119,,,,,,,,,,0.15728197991847992,,,,,,,,,
9,,,34139,,,,,,,,,,0.10157328844070435,,,,,,,,,
9,,,34159,,,,,,,,,,0.06054484844207764,,,,,,,,,
9,,,34179,,,,,,,,,,0.08121494203805923,,,,,,,,,
9,,,34199,,,,,,,,,,0.14404842257499695,,,,,,,,,
9,,,34219,,,,,,,,,,0.040347035974264145,,,,,,,,,
9,,,34239,,,,,,,,,,0.11109861731529236,,,,,,,,,
9,,,34259,,,,,,,,,,0.040531549602746964,,,,,,,,,
9,,,34279,,,,,,,,,,0.13724841177463531,,,,,,,,,
9,,,34299,,,,,,,,,,0.11339277029037476,,,,,,,,,
9,,,34319,,,,,,,,,,0.07637975364923477,,,,,,,,,
9,,,34339,,,,,,,,,,0.21697260439395905,,,,,,,,,
9,,,34359,,,,,,,,,,0.08989490568637848,,,,,,,,,
9,,,34379,,,,,,,,,,0.20573043823242188,,,,,,,,,
9,,,34399,,,,,,,,,,0.11497339606285095,,,,,,,,,
9,,,34419,,,,,,,,,,0.11236071586608887,,,,,,,,,
9,,,34439,,,,,,,,,,0.21994012594223022,,,,,,,,,
9,,,34459,,,,,,,,,,0.07187487185001373,,,,,,,,,
9,,,34479,,,,,,,,,,0.05971255153417587,,,,,,,,,
9,,,34499,,,,,,,,,,0.2109030932188034,,,,,,,,,
9,,,34519,,,,,,,,,,0.16789227724075317,,,,,,,,,
9,,,34539,,,,,,,,,,0.09251753985881805,,,,,,,,,
9,,,34559,,,,,,,,,,0.07450827956199646,,,,,,,,,
9,,,34579,,,,,,,,,,0.1748512089252472,,,,,,,,,
9,,,34599,,,,,,,,,,0.05826041102409363,,,,,,,,,
9,,,34619,,,,,,,,,,0.1271219104528427,,,,,,,,,
9,,,34639,,,,,,,,,,0.08542124181985855,,,,,,,,,
9,,,34659,,,,,,,,,,0.21841606497764587,,,,,,,,,
9,,,34679,,,,,,,,,,0.04271034896373749,,,,,,,,,
9,,,34699,,,,,,,,,,0.2803228795528412,,,,,,,,,
9,,,34719,,,,,,,,,,0.31945499777793884,,,,,,,,,
9,,,34739,,,,,,,,,,0.19317281246185303,,,,,,,,,
9,,,34759,,,,,,,,,,0.166508749127388,,,,,,,,,
9,,,34779,,,,,,,,,,0.05303554981946945,,,,,,,,,
9,,,34799,,,,,,,,,,0.14468742907047272,,,,,,,,,
9,,,34819,,,,,,,,,,0.06875541806221008,,,,,,,,,
9,,,34839,,,,,,,,,,0.06973719596862793,,,,,,,,,
9,,,34859,,,,,,,,,,0.01425766758620739,,,,,,,,,
9,,,34879,,,,,,,,,,0.09485791623592377,,,,,,,,,
9,,,34899,,,,,,,,,,0.0777209922671318,,,,,,,,,
9,,,34919,,,,,,,,,,0.07592447102069855,,,,,,,,,
9,,,34939,,,,,,,,,,0.11079943180084229,,,,,,,,,
9,,,34959,,,,,,,,,,0.13175620138645172,,,,,,,,,
9,,,34979,,,,,,,,,,0.04428338259458542,,,,,,,,,
9,,,34999,,,,,,,,,,0.18180976808071136,,,,,,,,,
9,,,35019,,,,,,,,,,0.07151816040277481,,,,,,,,,
9,,,35039,,,,,,,,,,0.04603318125009537,,,,,,,,,
9,,,35059,,,,,,,,,,0.1736435443162918,,,,,,,,,
9,,,35079,,,,,,,,,,0.2648909389972687,,,,,,,,,
9,,,35099,,,,,,,,,,0.2736889719963074,,,,,,,,,
9,,,35119,,,,,,,,,,0.11810635030269623,,,,,,,,,
9,,,35139,,,,,,,,,,0.035737406462430954,,,,,,,,,
9,,,35159,,,,,,,,,,0.08863727003335953,,,,,,,,,
9,,,35179,,,,,,,,,,0.15240485966205597,,,,,,,,,
9,,,35199,,,,,,,,,,0.06857814639806747,,,,,,,,,
9,,,35219,,,,,,,,,,0.07268504053354263,,,,,,,,,
9,,,35239,,,,,,,,,,0.11335373669862747,,,,,,,,,
9,,,35259,,,,,,,,,,0.10526692867279053,,,,,,,,,
9,,,35279,,,,,,,,,,0.18647657334804535,,,,,,,,,
9,,,35299,,,,,,,,,,0.24237662553787231,,,,,,,,,
9,,,35319,,,,,,,,,,0.06595231592655182,,,,,,,,,
9,,,35339,,,,,,,,,,0.12289847433567047,,,,,,,,,
9,,,35359,,,,,,,,,,0.028894741088151932,,,,,,,,,
9,,,35359,,,,,,,,,,,0.7925395965576172,0.8882938623428345,0.7929390668869019,0.8226264715194702,0.7933434247970581,0.5858823657035828,0.710030734539032,0.8766560554504395,0.7925395965576172
9,,,35359,,,,,,,,0.9478310346603394,0.12293691188097,,,,,,,,,,
,0.00029711779206048454,0.00029711779206048454,35360,,,,,,,,,,,,,,,,,,,
10,,,35379,,,,,,,,,,0.06157108023762703,,,,,,,,,
10,,,35399,,,,,,,,,,0.05985838547348976,,,,,,,,,
10,,,35419,,,,,,,,,,0.15282244980335236,,,,,,,,,
10,,,35439,,,,,,,,,,0.08885796368122101,,,,,,,,,
10,,,35459,,,,,,,,,,0.16894200444221497,,,,,,,,,
10,,,35479,,,,,,,,,,0.20103225111961365,,,,,,,,,
10,,,35499,,,,,,,,,,0.10016975551843643,,,,,,,,,
10,,,35519,,,,,,,,,,0.11959828436374664,,,,,,,,,
10,,,35539,,,,,,,,,,0.21275004744529724,,,,,,,,,
10,,,35559,,,,,,,,,,0.1415829360485077,,,,,,,,,
10,,,35579,,,,,,,,,,0.08160598576068878,,,,,,,,,
10,,,35599,,,,,,,,,,0.0720381811261177,,,,,,,,,
10,,,35619,,,,,,,,,,0.061252571642398834,,,,,,,,,
10,,,35639,,,,,,,,,,0.0639636218547821,,,,,,,,,
10,,,35659,,,,,,,,,,0.1346275359392166,,,,,,,,,
10,,,35679,,,,,,,,,,0.15642932057380676,,,,,,,,,
10,,,35699,,,,,,,,,,0.048476263880729675,,,,,,,,,
10,,,35719,,,,,,,,,,0.11120475828647614,,,,,,,,,
10,,,35739,,,,,,,,,,0.11273905634880066,,,,,,,,,
10,,,35759,,,,,,,,,,0.011710875667631626,,,,,,,,,
10,,,35779,,,,,,,,,,0.16949254274368286,,,,,,,,,
10,,,35799,,,,,,,,,,0.025036344304680824,,,,,,,,,
10,,,35819,,,,,,,,,,0.10676631331443787,,,,,,,,,
10,,,35839,,,,,,,,,,0.07559103518724442,,,,,,,,,
10,,,35859,,,,,,,,,,0.10322888940572739,,,,,,,,,
10,,,35879,,,,,,,,,,0.14886754751205444,,,,,,,,,
10,,,35899,,,,,,,,,,0.012157941237092018,,,,,,,,,
10,,,35919,,,,,,,,,,0.2460135817527771,,,,,,,,,
10,,,35939,,,,,,,,,,0.11038579046726227,,,,,,,,,
10,,,35959,,,,,,,,,,0.060652244836091995,,,,,,,,,
10,,,35979,,,,,,,,,,0.11693008244037628,,,,,,,,,
10,,,35999,,,,,,,,,,0.22257930040359497,,,,,,,,,
10,,,36019,,,,,,,,,,0.018017545342445374,,,,,,,,,
10,,,36039,,,,,,,,,,0.03641210496425629,,,,,,,,,
10,,,36059,,,,,,,,,,0.03238305449485779,,,,,,,,,
10,,,36079,,,,,,,,,,0.23106874525547028,,,,,,,,,
10,,,36099,,,,,,,,,,0.17603109776973724,,,,,,,,,
10,,,36119,,,,,,,,,,0.060361020267009735,,,,,,,,,
10,,,36139,,,,,,,,,,0.11420843005180359,,,,,,,,,
10,,,36159,,,,,,,,,,0.030550256371498108,,,,,,,,,
10,,,36179,,,,,,,,,,0.10524868965148926,,,,,,,,,
10,,,36199,,,,,,,,,,0.10645222663879395,,,,,,,,,
10,,,36219,,,,,,,,,,0.09824952483177185,,,,,,,,,
10,,,36239,,,,,,,,,,0.125590518116951,,,,,,,,,
10,,,36259,,,,,,,,,,0.19380047917366028,,,,,,,,,
10,,,36279,,,,,,,,,,0.17609721422195435,,,,,,,,,
10,,,36299,,,,,,,,,,0.19591683149337769,,,,,,,,,
10,,,36319,,,,,,,,,,0.05823074281215668,,,,,,,,,
10,,,36339,,,,,,,,,,0.1682029813528061,,,,,,,,,
10,,,36359,,,,,,,,,,0.13178500533103943,,,,,,,,,
10,,,36379,,,,,,,,,,0.10586559772491455,,,,,,,,,
10,,,36399,,,,,,,,,,0.06931664049625397,,,,,,,,,
10,,,36419,,,,,,,,,,0.07086677104234695,,,,,,,,,
10,,,36439,,,,,,,,,,0.10389725863933563,,,,,,,,,
10,,,36459,,,,,,,,,,0.03193674236536026,,,,,,,,,
10,,,36479,,,,,,,,,,0.16300690174102783,,,,,,,,,
10,,,36499,,,,,,,,,,0.06997273862361908,,,,,,,,,
10,,,36519,,,,,,,,,,0.03230055049061775,,,,,,,,,
10,,,36539,,,,,,,,,,0.0820460245013237,,,,,,,,,
10,,,36559,,,,,,,,,,0.1577233374118805,,,,,,,,,
10,,,36579,,,,,,,,,,0.09321656823158264,,,,,,,,,
10,,,36599,,,,,,,,,,0.10770181566476822,,,,,,,,,
10,,,36619,,,,,,,,,,0.040428079664707184,,,,,,,,,
10,,,36639,,,,,,,,,,0.021026097238063812,,,,,,,,,
10,,,36659,,,,,,,,,,0.08786143362522125,,,,,,,,,
10,,,36679,,,,,,,,,,0.12621493637561798,,,,,,,,,
10,,,36699,,,,,,,,,,0.05151931196451187,,,,,,,,,
10,,,36719,,,,,,,,,,0.03815925866365433,,,,,,,,,
10,,,36739,,,,,,,,,,0.06468674540519714,,,,,,,,,
10,,,36759,,,,,,,,,,0.08440358936786652,,,,,,,,,
10,,,36779,,,,,,,,,,0.031224902719259262,,,,,,,,,
10,,,36799,,,,,,,,,,0.015605524182319641,,,,,,,,,
10,,,36819,,,,,,,,,,0.006138362921774387,,,,,,,,,
10,,,36839,,,,,,,,,,0.08225218951702118,,,,,,,,,
10,,,36859,,,,,,,,,,0.03199052810668945,,,,,,,,,
10,,,36879,,,,,,,,,,0.13732199370861053,,,,,,,,,
10,,,36899,,,,,,,,,,0.11948966979980469,,,,,,,,,
10,,,36919,,,,,,,,,,0.21670176088809967,,,,,,,,,
10,,,36939,,,,,,,,,,0.050528183579444885,,,,,,,,,
10,,,36959,,,,,,,,,,0.09545010328292847,,,,,,,,,
10,,,36979,,,,,,,,,,0.011882933788001537,,,,,,,,,
10,,,36999,,,,,,,,,,0.088517926633358,,,,,,,,,
10,,,37019,,,,,,,,,,0.18205828964710236,,,,,,,,,
10,,,37039,,,,,,,,,,0.15459097921848297,,,,,,,,,
10,,,37059,,,,,,,,,,0.07476650178432465,,,,,,,,,
10,,,37079,,,,,,,,,,0.15707914531230927,,,,,,,,,
10,,,37099,,,,,,,,,,0.08062870800495148,,,,,,,,,
10,,,37119,,,,,,,,,,0.10013961791992188,,,,,,,,,
10,,,37139,,,,,,,,,,0.10753145068883896,,,,,,,,,
10,,,37159,,,,,,,,,,0.09780820459127426,,,,,,,,,
10,,,37179,,,,,,,,,,0.08086715638637543,,,,,,,,,
10,,,37199,,,,,,,,,,0.1572934240102768,,,,,,,,,
10,,,37219,,,,,,,,,,0.18628869950771332,,,,,,,,,
10,,,37239,,,,,,,,,,0.1568613350391388,,,,,,,,,
10,,,37259,,,,,,,,,,0.17105041444301605,,,,,,,,,
10,,,37279,,,,,,,,,,0.13704346120357513,,,,,,,,,
10,,,37299,,,,,,,,,,0.10468517988920212,,,,,,,,,
10,,,37319,,,,,,,,,,0.09328925609588623,,,,,,,,,
10,,,37339,,,,,,,,,,0.17604920268058777,,,,,,,,,
10,,,37359,,,,,,,,,,0.09112190455198288,,,,,,,,,
10,,,37379,,,,,,,,,,0.11510148644447327,,,,,,,,,
10,,,37399,,,,,,,,,,0.110660620033741,,,,,,,,,
10,,,37419,,,,,,,,,,0.04858522117137909,,,,,,,,,
10,,,37439,,,,,,,,,,0.01934303529560566,,,,,,,,,
10,,,37459,,,,,,,,,,0.08503515273332596,,,,,,,,,
10,,,37479,,,,,,,,,,0.1533213108778,,,,,,,,,
10,,,37499,,,,,,,,,,0.1491432785987854,,,,,,,,,
10,,,37519,,,,,,,,,,0.08651065826416016,,,,,,,,,
10,,,37539,,,,,,,,,,0.013753920793533325,,,,,,,,,
10,,,37559,,,,,,,,,,0.17412713170051575,,,,,,,,,
10,,,37579,,,,,,,,,,0.11599893122911453,,,,,,,,,
10,,,37599,,,,,,,,,,0.08046609908342361,,,,,,,,,
10,,,37619,,,,,,,,,,0.076505646109581,,,,,,,,,
10,,,37639,,,,,,,,,,0.1129259541630745,,,,,,,,,
10,,,37659,,,,,,,,,,0.06802140921354294,,,,,,,,,
10,,,37679,,,,,,,,,,0.11832290887832642,,,,,,,,,
10,,,37699,,,,,,,,,,0.14285410940647125,,,,,,,,,
10,,,37719,,,,,,,,,,0.18597032129764557,,,,,,,,,
10,,,37739,,,,,,,,,,0.07997424155473709,,,,,,,,,
10,,,37759,,,,,,,,,,0.04584445804357529,,,,,,,,,
10,,,37779,,,,,,,,,,0.04815160483121872,,,,,,,,,
10,,,37799,,,,,,,,,,0.2234230488538742,,,,,,,,,
10,,,37819,,,,,,,,,,0.08590970188379288,,,,,,,,,
10,,,37839,,,,,,,,,,0.04725456237792969,,,,,,,,,
10,,,37859,,,,,,,,,,0.08521951735019684,,,,,,,,,
10,,,37879,,,,,,,,,,0.18528956174850464,,,,,,,,,
10,,,37899,,,,,,,,,,0.013438815250992775,,,,,,,,,
10,,,37919,,,,,,,,,,0.10925418138504028,,,,,,,,,
10,,,37939,,,,,,,,,,0.038686297833919525,,,,,,,,,
10,,,37959,,,,,,,,,,0.09256391227245331,,,,,,,,,
10,,,37979,,,,,,,,,,0.09243399649858475,,,,,,,,,
10,,,37999,,,,,,,,,,0.045183535665273666,,,,,,,,,
10,,,38019,,,,,,,,,,0.11986104398965836,,,,,,,,,
10,,,38039,,,,,,,,,,0.08049313724040985,,,,,,,,,
10,,,38059,,,,,,,,,,0.06242353841662407,,,,,,,,,
10,,,38079,,,,,,,,,,0.02584500052034855,,,,,,,,,
10,,,38099,,,,,,,,,,0.060987308621406555,,,,,,,,,
10,,,38119,,,,,,,,,,0.1591404378414154,,,,,,,,,
10,,,38139,,,,,,,,,,0.08723273873329163,,,,,,,,,
10,,,38159,,,,,,,,,,0.0702531486749649,,,,,,,,,
10,,,38179,,,,,,,,,,0.12571071088314056,,,,,,,,,
10,,,38199,,,,,,,,,,0.011670583859086037,,,,,,,,,
10,,,38219,,,,,,,,,,0.02608785778284073,,,,,,,,,
10,,,38239,,,,,,,,,,0.10137024521827698,,,,,,,,,
10,,,38259,,,,,,,,,,0.059462860226631165,,,,,,,,,
10,,,38279,,,,,,,,,,0.2301403284072876,,,,,,,,,
10,,,38299,,,,,,,,,,0.3384585380554199,,,,,,,,,
10,,,38319,,,,,,,,,,0.06404361128807068,,,,,,,,,
10,,,38339,,,,,,,,,,0.05076220631599426,,,,,,,,,
10,,,38359,,,,,,,,,,0.11729158461093903,,,,,,,,,
10,,,38379,,,,,,,,,,0.019810751080513,,,,,,,,,
10,,,38399,,,,,,,,,,0.23226284980773926,,,,,,,,,
10,,,38419,,,,,,,,,,0.11177793145179749,,,,,,,,,
10,,,38439,,,,,,,,,,0.12003013491630554,,,,,,,,,
10,,,38459,,,,,,,,,,0.03583674877882004,,,,,,,,,
10,,,38479,,,,,,,,,,0.15069250762462616,,,,,,,,,
10,,,38499,,,,,,,,,,0.13271492719650269,,,,,,,,,
10,,,38519,,,,,,,,,,0.07811805605888367,,,,,,,,,
10,,,38539,,,,,,,,,,0.07798071205615997,,,,,,,,,
10,,,38559,,,,,,,,,,0.07992126047611237,,,,,,,,,
10,,,38579,,,,,,,,,,0.10779014229774475,,,,,,,,,
10,,,38599,,,,,,,,,,0.13154593110084534,,,,,,,,,
10,,,38619,,,,,,,,,,0.12518921494483948,,,,,,,,,
10,,,38639,,,,,,,,,,0.0961761474609375,,,,,,,,,
10,,,38659,,,,,,,,,,0.09813226014375687,,,,,,,,,
10,,,38679,,,,,,,,,,0.16807368397712708,,,,,,,,,
10,,,38699,,,,,,,,,,0.09378417581319809,,,,,,,,,
10,,,38719,,,,,,,,,,0.2868573069572449,,,,,,,,,
10,,,38739,,,,,,,,,,0.1129152774810791,,,,,,,,,
10,,,38759,,,,,,,,,,0.16501718759536743,,,,,,,,,
10,,,38779,,,,,,,,,,0.1203906238079071,,,,,,,,,
10,,,38799,,,,,,,,,,0.10158214718103409,,,,,,,,,
10,,,38819,,,,,,,,,,0.10771675407886505,,,,,,,,,
10,,,38839,,,,,,,,,,0.07946153730154037,,,,,,,,,
10,,,38859,,,,,,,,,,0.055357035249471664,,,,,,,,,
10,,,38879,,,,,,,,,,0.10591045022010803,,,,,,,,,
10,,,38895,,,,,,,,,,,0.7864524126052856,0.8601556420326233,0.7551365494728088,1.1942435503005981,0.7474188208580017,0.5324422121047974,0.5895688533782959,0.9052687883377075,0.7864524126052856
10,,,38895,,,,,,,,0.953668475151062,0.11160574108362198,,,,,,,,,,
,0.0002935410503598313,0.0002935410503598313,38896,,,,,,,,,,,,,,,,,,,
11,,,38899,,,,,,,,,,0.0755501240491867,,,,,,,,,
11,,,38919,,,,,,,,,,0.08013057708740234,,,,,,,,,
11,,,38939,,,,,,,,,,0.03583153709769249,,,,,,,,,
11,,,38959,,,,,,,,,,0.11084101349115372,,,,,,,,,
11,,,38979,,,,,,,,,,0.04569791629910469,,,,,,,,,
11,,,38999,,,,,,,,,,0.22182592749595642,,,,,,,,,
11,,,39019,,,,,,,,,,0.057412900030612946,,,,,,,,,
11,,,39039,,,,,,,,,,0.021084235981106758,,,,,,,,,
11,,,39059,,,,,,,,,,0.06594380736351013,,,,,,,,,
11,,,39079,,,,,,,,,,0.00631716288626194,,,,,,,,,
11,,,39099,,,,,,,,,,0.11316616833209991,,,,,,,,,
11,,,39119,,,,,,,,,,0.05829460173845291,,,,,,,,,
11,,,39139,,,,,,,,,,0.09306294471025467,,,,,,,,,
11,,,39159,,,,,,,,,,0.04009619727730751,,,,,,,,,
11,,,39179,,,,,,,,,,0.022417880594730377,,,,,,,,,
11,,,39199,,,,,,,,,,0.053249284625053406,,,,,,,,,
11,,,39219,,,,,,,,,,0.021556299179792404,,,,,,,,,
11,,,39239,,,,,,,,,,0.08009371161460876,,,,,,,,,
11,,,39259,,,,,,,,,,0.1277143359184265,,,,,,,,,
11,,,39279,,,,,,,,,,0.02956332266330719,,,,,,,,,
11,,,39299,,,,,,,,,,0.18782998621463776,,,,,,,,,
11,,,39319,,,,,,,,,,0.09323412925004959,,,,,,,,,
11,,,39339,,,,,,,,,,0.2037021368741989,,,,,,,,,
11,,,39359,,,,,,,,,,0.09069129079580307,,,,,,,,,
11,,,39379,,,,,,,,,,0.07862358540296555,,,,,,,,,
11,,,39399,,,,,,,,,,0.051014337688684464,,,,,,,,,
11,,,39419,,,,,,,,,,0.09297522902488708,,,,,,,,,
11,,,39439,,,,,,,,,,0.0767083391547203,,,,,,,,,
11,,,39459,,,,,,,,,,0.20167560875415802,,,,,,,,,
11,,,39479,,,,,,,,,,0.07177402079105377,,,,,,,,,
11,,,39499,,,,,,,,,,0.04118600860238075,,,,,,,,,
11,,,39519,,,,,,,,,,0.07145317643880844,,,,,,,,,
11,,,39539,,,,,,,,,,0.07806563377380371,,,,,,,,,
11,,,39559,,,,,,,,,,0.04277397692203522,,,,,,,,,
11,,,39579,,,,,,,,,,0.0821247547864914,,,,,,,,,
11,,,39599,,,,,,,,,,0.1176331415772438,,,,,,,,,
11,,,39619,,,,,,,,,,0.17517630755901337,,,,,,,,,
11,,,39639,,,,,,,,,,0.08119719475507736,,,,,,,,,
11,,,39659,,,,,,,,,,0.1256711333990097,,,,,,,,,
11,,,39679,,,,,,,,,,0.05469988286495209,,,,,,,,,
11,,,39699,,,,,,,,,,0.058186206966638565,,,,,,,,,
11,,,39719,,,,,,,,,,0.14547696709632874,,,,,,,,,
11,,,39739,,,,,,,,,,0.1489814668893814,,,,,,,,,
11,,,39759,,,,,,,,,,0.09508369117975235,,,,,,,,,
11,,,39779,,,,,,,,,,0.059162791818380356,,,,,,,,,
11,,,39799,,,,,,,,,,0.15080180764198303,,,,,,,,,
11,,,39819,,,,,,,,,,0.1262986809015274,,,,,,,,,
11,,,39839,,,,,,,,,,0.026594774797558784,,,,,,,,,
11,,,39859,,,,,,,,,,0.3038618266582489,,,,,,,,,
11,,,39879,,,,,,,,,,0.2294112741947174,,,,,,,,,
11,,,39899,,,,,,,,,,0.012568546459078789,,,,,,,,,
11,,,39919,,,,,,,,,,0.07757238298654556,,,,,,,,,
11,,,39939,,,,,,,,,,0.10971232503652573,,,,,,,,,
11,,,39959,,,,,,,,,,0.15709100663661957,,,,,,,,,
11,,,39979,,,,,,,,,,0.11481313407421112,,,,,,,,,
11,,,39999,,,,,,,,,,0.08422224223613739,,,,,,,,,
11,,,40019,,,,,,,,,,0.1566164642572403,,,,,,,,,
11,,,40039,,,,,,,,,,0.08715346455574036,,,,,,,,,
11,,,40059,,,,,,,,,,0.07879006862640381,,,,,,,,,
11,,,40079,,,,,,,,,,0.12496906518936157,,,,,,,,,
11,,,40099,,,,,,,,,,0.18146823346614838,,,,,,,,,
11,,,40119,,,,,,,,,,0.045484431087970734,,,,,,,,,
11,,,40139,,,,,,,,,,0.10129845887422562,,,,,,,,,
11,,,40159,,,,,,,,,,0.1891324669122696,,,,,,,,,
11,,,40179,,,,,,,,,,0.12483976781368256,,,,,,,,,
11,,,40199,,,,,,,,,,0.06273110955953598,,,,,,,,,
11,,,40219,,,,,,,,,,0.2461836338043213,,,,,,,,,
11,,,40239,,,,,,,,,,0.08696559816598892,,,,,,,,,
11,,,40259,,,,,,,,,,0.00834679789841175,,,,,,,,,
11,,,40279,,,,,,,,,,0.2806313931941986,,,,,,,,,
11,,,40299,,,,,,,,,,0.030609000474214554,,,,,,,,,
11,,,40319,,,,,,,,,,0.09897694736719131,,,,,,,,,
11,,,40339,,,,,,,,,,0.07798673957586288,,,,,,,,,
11,,,40359,,,,,,,,,,0.10239728540182114,,,,,,,,,
11,,,40379,,,,,,,,,,0.19134832918643951,,,,,,,,,
11,,,40399,,,,,,,,,,0.07450776547193527,,,,,,,,,
11,,,40419,,,,,,,,,,0.10623530298471451,,,,,,,,,
11,,,40439,,,,,,,,,,0.06933535635471344,,,,,,,,,
11,,,40459,,,,,,,,,,0.16000832617282867,,,,,,,,,
11,,,40479,,,,,,,,,,0.18958744406700134,,,,,,,,,
11,,,40499,,,,,,,,,,0.016808098182082176,,,,,,,,,
11,,,40519,,,,,,,,,,0.08412179350852966,,,,,,,,,
11,,,40539,,,,,,,,,,0.016431841999292374,,,,,,,,,
11,,,40559,,,,,,,,,,0.13630281388759613,,,,,,,,,
11,,,40579,,,,,,,,,,0.1261465847492218,,,,,,,,,
11,,,40599,,,,,,,,,,0.03355642408132553,,,,,,,,,
11,,,40619,,,,,,,,,,0.02137570083141327,,,,,,,,,
11,,,40639,,,,,,,,,,0.05986824631690979,,,,,,,,,
11,,,40659,,,,,,,,,,0.02223087102174759,,,,,,,,,
11,,,40679,,,,,,,,,,0.004435318056493998,,,,,,,,,
11,,,40699,,,,,,,,,,0.13165313005447388,,,,,,,,,
11,,,40719,,,,,,,,,,0.11437579989433289,,,,,,,,,
11,,,40739,,,,,,,,,,0.11633771657943726,,,,,,,,,
11,,,40759,,,,,,,,,,0.047375068068504333,,,,,,,,,
11,,,40779,,,,,,,,,,0.04404444992542267,,,,,,,,,
11,,,40799,,,,,,,,,,0.06093432009220123,,,,,,,,,
11,,,40819,,,,,,,,,,0.02524203434586525,,,,,,,,,
11,,,40839,,,,,,,,,,0.1583581417798996,,,,,,,,,
11,,,40859,,,,,,,,,,0.055156558752059937,,,,,,,,,
11,,,40879,,,,,,,,,,0.09277137368917465,,,,,,,,,
11,,,40899,,,,,,,,,,0.08062240481376648,,,,,,,,,
11,,,40919,,,,,,,,,,0.20263835787773132,,,,,,,,,
11,,,40939,,,,,,,,,,0.10451271384954453,,,,,,,,,
11,,,40959,,,,,,,,,,0.23926536738872528,,,,,,,,,
11,,,40979,,,,,,,,,,0.030232951045036316,,,,,,,,,
11,,,40999,,,,,,,,,,0.17765605449676514,,,,,,,,,
11,,,41019,,,,,,,,,,0.09451035410165787,,,,,,,,,
11,,,41039,,,,,,,,,,0.1191796213388443,,,,,,,,,
11,,,41059,,,,,,,,,,0.09246790409088135,,,,,,,,,
11,,,41079,,,,,,,,,,0.11472354829311371,,,,,,,,,
11,,,41099,,,,,,,,,,0.12861569225788116,,,,,,,,,
11,,,41119,,,,,,,,,,0.1369842141866684,,,,,,,,,
11,,,41139,,,,,,,,,,0.2373763620853424,,,,,,,,,
11,,,41159,,,,,,,,,,0.14826948940753937,,,,,,,,,
11,,,41179,,,,,,,,,,0.04457595571875572,,,,,,,,,
11,,,41199,,,,,,,,,,0.030480248853564262,,,,,,,,,
11,,,41219,,,,,,,,,,0.16248640418052673,,,,,,,,,
11,,,41239,,,,,,,,,,0.0148151945322752,,,,,,,,,
11,,,41259,,,,,,,,,,0.009975668042898178,,,,,,,,,
11,,,41279,,,,,,,,,,0.04875127598643303,,,,,,,,,
11,,,41299,,,,,,,,,,0.17068159580230713,,,,,,,,,
11,,,41319,,,,,,,,,,0.04979044198989868,,,,,,,,,
11,,,41339,,,,,,,,,,0.08747856318950653,,,,,,,,,
11,,,41359,,,,,,,,,,0.030866891145706177,,,,,,,,,
11,,,41379,,,,,,,,,,0.035267628729343414,,,,,,,,,
11,,,41399,,,,,,,,,,0.044054482132196426,,,,,,,,,
11,,,41419,,,,,,,,,,0.02997361496090889,,,,,,,,,
11,,,41439,,,,,,,,,,0.06471094489097595,,,,,,,,,
11,,,41459,,,,,,,,,,0.04746422916650772,,,,,,,,,
11,,,41479,,,,,,,,,,0.060329046100378036,,,,,,,,,
11,,,41499,,,,,,,,,,0.08632801473140717,,,,,,,,,
11,,,41519,,,,,,,,,,0.0928000658750534,,,,,,,,,
11,,,41539,,,,,,,,,,0.05058460682630539,,,,,,,,,
11,,,41559,,,,,,,,,,0.038279563188552856,,,,,,,,,
11,,,41579,,,,,,,,,,0.04422808066010475,,,,,,,,,
11,,,41599,,,,,,,,,,0.04160164296627045,,,,,,,,,
11,,,41619,,,,,,,,,,0.126433327794075,,,,,,,,,
11,,,41639,,,,,,,,,,0.23227092623710632,,,,,,,,,
11,,,41659,,,,,,,,,,0.055323973298072815,,,,,,,,,
11,,,41679,,,,,,,,,,0.08871569484472275,,,,,,,,,
11,,,41699,,,,,,,,,,0.032094381749629974,,,,,,,,,
11,,,41719,,,,,,,,,,0.12748584151268005,,,,,,,,,
11,,,41739,,,,,,,,,,0.10485100001096725,,,,,,,,,
11,,,41759,,,,,,,,,,0.14951975643634796,,,,,,,,,
11,,,41779,,,,,,,,,,0.19641214609146118,,,,,,,,,
11,,,41799,,,,,,,,,,0.11032436043024063,,,,,,,,,
11,,,41819,,,,,,,,,,0.021020999178290367,,,,,,,,,
11,,,41839,,,,,,,,,,0.016797466203570366,,,,,,,,,
11,,,41859,,,,,,,,,,0.07017941027879715,,,,,,,,,
11,,,41879,,,,,,,,,,0.19667355716228485,,,,,,,,,
11,,,41899,,,,,,,,,,0.1314450055360794,,,,,,,,,
11,,,41919,,,,,,,,,,0.02683613821864128,,,,,,,,,
11,,,41939,,,,,,,,,,0.13231498003005981,,,,,,,,,
11,,,41959,,,,,,,,,,0.044389549642801285,,,,,,,,,
11,,,41979,,,,,,,,,,0.07997526973485947,,,,,,,,,
11,,,41999,,,,,,,,,,0.05857643857598305,,,,,,,,,
11,,,42019,,,,,,,,,,0.049755796790122986,,,,,,,,,
11,,,42039,,,,,,,,,,0.1695881336927414,,,,,,,,,
11,,,42059,,,,,,,,,,0.14663992822170258,,,,,,,,,
11,,,42079,,,,,,,,,,0.12450484186410904,,,,,,,,,
11,,,42099,,,,,,,,,,0.06651948392391205,,,,,,,,,
11,,,42119,,,,,,,,,,0.09413713216781616,,,,,,,,,
11,,,42139,,,,,,,,,,0.13429349660873413,,,,,,,,,
11,,,42159,,,,,,,,,,0.06649567931890488,,,,,,,,,
11,,,42179,,,,,,,,,,0.07396506518125534,,,,,,,,,
11,,,42199,,,,,,,,,,0.06946374475955963,,,,,,,,,
11,,,42219,,,,,,,,,,0.054408200085163116,,,,,,,,,
11,,,42239,,,,,,,,,,0.09671641886234283,,,,,,,,,
11,,,42259,,,,,,,,,,0.1351163685321808,,,,,,,,,
11,,,42279,,,,,,,,,,0.006165520288050175,,,,,,,,,
11,,,42299,,,,,,,,,,0.017262520268559456,,,,,,,,,
11,,,42319,,,,,,,,,,0.0670529156923294,,,,,,,,,
11,,,42339,,,,,,,,,,0.09914276748895645,,,,,,,,,
11,,,42359,,,,,,,,,,0.1633269339799881,,,,,,,,,
11,,,42379,,,,,,,,,,0.02717515639960766,,,,,,,,,
11,,,42399,,,,,,,,,,0.1474566012620926,,,,,,,,,
11,,,42419,,,,,,,,,,0.022754155099391937,,,,,,,,,
11,,,42431,,,,,,,,,,,0.7671159505844116,0.8760623335838318,0.7780258655548096,1.0718419551849365,0.7936229705810547,0.5601120591163635,0.7342262268066406,0.8530197143554688,0.7671159505844116
11,,,42431,,,,,,,,0.9579465985298157,0.10104610025882721,,,,,,,,,,
,0.000288581929876693,0.000288581929876693,42432,,,,,,,,,,,,,,,,,,,
12,,,42439,,,,,,,,,,0.042182374745607376,,,,,,,,,
12,,,42459,,,,,,,,,,0.04802365228533745,,,,,,,,,
12,,,42479,,,,,,,,,,0.2273223102092743,,,,,,,,,
12,,,42499,,,,,,,,,,0.10497844964265823,,,,,,,,,
12,,,42519,,,,,,,,,,0.0718044638633728,,,,,,,,,
12,,,42539,,,,,,,,,,0.16627541184425354,,,,,,,,,
12,,,42559,,,,,,,,,,0.09085462242364883,,,,,,,,,
12,,,42579,,,,,,,,,,0.1492912769317627,,,,,,,,,
12,,,42599,,,,,,,,,,0.05798562988638878,,,,,,,,,
12,,,42619,,,,,,,,,,0.04938759654760361,,,,,,,,,
12,,,42639,,,,,,,,,,0.17747730016708374,,,,,,,,,
12,,,42659,,,,,,,,,,0.07128855586051941,,,,,,,,,
12,,,42679,,,,,,,,,,0.0031059174798429012,,,,,,,,,
12,,,42699,,,,,,,,,,0.009008148685097694,,,,,,,,,
12,,,42719,,,,,,,,,,0.20836655795574188,,,,,,,,,
12,,,42739,,,,,,,,,,0.11350870877504349,,,,,,,,,
12,,,42759,,,,,,,,,,0.026107821613550186,,,,,,,,,
12,,,42779,,,,,,,,,,0.18772104382514954,,,,,,,,,
12,,,42799,,,,,,,,,,0.08693820983171463,,,,,,,,,
12,,,42819,,,,,,,,,,0.0835367739200592,,,,,,,,,
12,,,42839,,,,,,,,,,0.12568961083889008,,,,,,,,,
12,,,42859,,,,,,,,,,0.06957883387804031,,,,,,,,,
12,,,42879,,,,,,,,,,0.09604427963495255,,,,,,,,,
12,,,42899,,,,,,,,,,0.09166291356086731,,,,,,,,,
12,,,42919,,,,,,,,,,0.04398251697421074,,,,,,,,,
12,,,42939,,,,,,,,,,0.03262403979897499,,,,,,,,,
12,,,42959,,,,,,,,,,0.13908769190311432,,,,,,,,,
12,,,42979,,,,,,,,,,0.02077125944197178,,,,,,,,,
12,,,42999,,,,,,,,,,0.19612406194210052,,,,,,,,,
12,,,43019,,,,,,,,,,0.03276523947715759,,,,,,,,,
12,,,43039,,,,,,,,,,0.08864473551511765,,,,,,,,,
12,,,43059,,,,,,,,,,0.01959635689854622,,,,,,,,,
12,,,43079,,,,,,,,,,0.023717015981674194,,,,,,,,,
12,,,43099,,,,,,,,,,0.08976711332798004,,,,,,,,,
12,,,43119,,,,,,,,,,0.0373414009809494,,,,,,,,,
12,,,43139,,,,,,,,,,0.06395108997821808,,,,,,,,,
12,,,43159,,,,,,,,,,0.09730495512485504,,,,,,,,,
12,,,43179,,,,,,,,,,0.06419041007757187,,,,,,,,,
12,,,43199,,,,,,,,,,0.05220424383878708,,,,,,,,,
12,,,43219,,,,,,,,,,0.040827758610248566,,,,,,,,,
12,,,43239,,,,,,,,,,0.07920844852924347,,,,,,,,,
12,,,43259,,,,,,,,,,0.024350957944989204,,,,,,,,,
12,,,43279,,,,,,,,,,0.023025717586278915,,,,,,,,,
12,,,43299,,,,,,,,,,0.040456924587488174,,,,,,,,,
12,,,43319,,,,,,,,,,0.15265534818172455,,,,,,,,,
12,,,43339,,,,,,,,,,0.2350277304649353,,,,,,,,,
12,,,43359,,,,,,,,,,0.23305442929267883,,,,,,,,,
12,,,43379,,,,,,,,,,0.03331433981657028,,,,,,,,,
12,,,43399,,,,,,,,,,0.1884339153766632,,,,,,,,,
12,,,43419,,,,,,,,,,0.0066497791558504105,,,,,,,,,
12,,,43439,,,,,,,,,,0.028005167841911316,,,,,,,,,
12,,,43459,,,,,,,,,,0.10846787691116333,,,,,,,,,
12,,,43479,,,,,,,,,,0.11365104466676712,,,,,,,,,
12,,,43499,,,,,,,,,,0.1428103744983673,,,,,,,,,
12,,,43519,,,,,,,,,,0.07386122643947601,,,,,,,,,
12,,,43539,,,,,,,,,,0.02521047741174698,,,,,,,,,
12,,,43559,,,,,,,,,,0.08047764748334885,,,,,,,,,
12,,,43579,,,,,,,,,,0.04383077844977379,,,,,,,,,
12,,,43599,,,,,,,,,,0.0574401319026947,,,,,,,,,
12,,,43619,,,,,,,,,,0.07393132895231247,,,,,,,,,
12,,,43639,,,,,,,,,,0.1852222979068756,,,,,,,,,
12,,,43659,,,,,,,,,,0.046798281371593475,,,,,,,,,
12,,,43679,,,,,,,,,,0.028950773179531097,,,,,,,,,
12,,,43699,,,,,,,,,,0.05535697937011719,,,,,,,,,
12,,,43719,,,,,,,,,,0.026507440954446793,,,,,,,,,
12,,,43739,,,,,,,,,,0.09796114265918732,,,,,,,,,
12,,,43759,,,,,,,,,,0.011025366373360157,,,,,,,,,
12,,,43779,,,,,,,,,,0.2614508867263794,,,,,,,,,
12,,,43799,,,,,,,,,,0.09054787456989288,,,,,,,,,
12,,,43819,,,,,,,,,,0.11974451690912247,,,,,,,,,
12,,,43839,,,,,,,,,,0.05934702977538109,,,,,,,,,
12,,,43859,,,,,,,,,,0.02307044342160225,,,,,,,,,
12,,,43879,,,,,,,,,,0.017680829390883446,,,,,,,,,
12,,,43899,,,,,,,,,,0.18099822103977203,,,,,,,,,
12,,,43919,,,,,,,,,,0.03514866530895233,,,,,,,,,
12,,,43939,,,,,,,,,,0.05517153441905975,,,,,,,,,
12,,,43959,,,,,,,,,,0.10088898986577988,,,,,,,,,
12,,,43979,,,,,,,,,,0.2318885177373886,,,,,,,,,
12,,,43999,,,,,,,,,,0.06804566085338593,,,,,,,,,
12,,,44019,,,,,,,,,,0.04334212839603424,,,,,,,,,
12,,,44039,,,,,,,,,,0.03386436402797699,,,,,,,,,
12,,,44059,,,,,,,,,,0.052838169038295746,,,,,,,,,
12,,,44079,,,,,,,,,,0.14661796391010284,,,,,,,,,
12,,,44099,,,,,,,,,,0.17395946383476257,,,,,,,,,
12,,,44119,,,,,,,,,,0.15574459731578827,,,,,,,,,
12,,,44139,,,,,,,,,,0.15503278374671936,,,,,,,,,
12,,,44159,,,,,,,,,,0.1816444844007492,,,,,,,,,
12,,,44179,,,,,,,,,,0.04809185117483139,,,,,,,,,
12,,,44199,,,,,,,,,,0.08529725670814514,,,,,,,,,
12,,,44219,,,,,,,,,,0.042637117207050323,,,,,,,,,
12,,,44239,,,,,,,,,,0.0455302819609642,,,,,,,,,
12,,,44259,,,,,,,,,,0.22744248807430267,,,,,,,,,
12,,,44279,,,,,,,,,,0.08524452149868011,,,,,,,,,
12,,,44299,,,,,,,,,,0.09867730736732483,,,,,,,,,
12,,,44319,,,,,,,,,,0.11273975670337677,,,,,,,,,
12,,,44339,,,,,,,,,,0.050745442509651184,,,,,,,,,
12,,,44359,,,,,,,,,,0.16170252859592438,,,,,,,,,
12,,,44379,,,,,,,,,,0.03703286126255989,,,,,,,,,
12,,,44399,,,,,,,,,,0.18510888516902924,,,,,,,,,
12,,,44419,,,,,,,,,,0.13443470001220703,,,,,,,,,
12,,,44439,,,,,,,,,,0.14080029726028442,,,,,,,,,
12,,,44459,,,,,,,,,,0.07546302676200867,,,,,,,,,
12,,,44479,,,,,,,,,,0.013751433230936527,,,,,,,,,
12,,,44499,,,,,,,,,,0.016166597604751587,,,,,,,,,
12,,,44519,,,,,,,,,,0.036963146179914474,,,,,,,,,
12,,,44539,,,,,,,,,,0.05524185672402382,,,,,,,,,
12,,,44559,,,,,,,,,,0.018990900367498398,,,,,,,,,
12,,,44579,,,,,,,,,,0.2618458867073059,,,,,,,,,
12,,,44599,,,,,,,,,,0.08469372242689133,,,,,,,,,
12,,,44619,,,,,,,,,,0.06313219666481018,,,,,,,,,
12,,,44639,,,,,,,,,,0.046173010021448135,,,,,,,,,
12,,,44659,,,,,,,,,,0.04837176948785782,,,,,,,,,
12,,,44679,,,,,,,,,,0.03245790675282478,,,,,,,,,
12,,,44699,,,,,,,,,,0.021646440029144287,,,,,,,,,
12,,,44719,,,,,,,,,,0.029674842953681946,,,,,,,,,
12,,,44739,,,,,,,,,,0.11510784178972244,,,,,,,,,
12,,,44759,,,,,,,,,,0.08712930232286453,,,,,,,,,
12,,,44779,,,,,,,,,,0.0320451520383358,,,,,,,,,
12,,,44799,,,,,,,,,,0.16971860826015472,,,,,,,,,
12,,,44819,,,,,,,,,,0.010041717439889908,,,,,,,,,
12,,,44839,,,,,,,,,,0.022359032183885574,,,,,,,,,
12,,,44859,,,,,,,,,,0.05359167605638504,,,,,,,,,
12,,,44879,,,,,,,,,,0.045831311494112015,,,,,,,,,
12,,,44899,,,,,,,,,,0.012683885172009468,,,,,,,,,
12,,,44919,,,,,,,,,,0.05746658891439438,,,,,,,,,
12,,,44939,,,,,,,,,,0.06674562394618988,,,,,,,,,
12,,,44959,,,,,,,,,,0.00956273078918457,,,,,,,,,
12,,,44979,,,,,,,,,,0.29958683252334595,,,,,,,,,
12,,,44999,,,,,,,,,,0.06602264195680618,,,,,,,,,
12,,,45019,,,,,,,,,,0.14589712023735046,,,,,,,,,
12,,,45039,,,,,,,,,,0.12070202827453613,,,,,,,,,
12,,,45059,,,,,,,,,,0.06880193203687668,,,,,,,,,
12,,,45079,,,,,,,,,,0.004873247817158699,,,,,,,,,
12,,,45099,,,,,,,,,,0.06298448145389557,,,,,,,,,
12,,,45119,,,,,,,,,,0.018266601487994194,,,,,,,,,
12,,,45139,,,,,,,,,,0.1109662726521492,,,,,,,,,
12,,,45159,,,,,,,,,,0.02419917657971382,,,,,,,,,
12,,,45179,,,,,,,,,,0.019527185708284378,,,,,,,,,
12,,,45199,,,,,,,,,,0.06095440313220024,,,,,,,,,
12,,,45219,,,,,,,,,,0.03590044379234314,,,,,,,,,
12,,,45239,,,,,,,,,,0.3810270428657532,,,,,,,,,
12,,,45259,,,,,,,,,,0.05894283205270767,,,,,,,,,
12,,,45279,,,,,,,,,,0.10284612327814102,,,,,,,,,
12,,,45299,,,,,,,,,,0.06048506125807762,,,,,,,,,
12,,,45319,,,,,,,,,,0.049833424389362335,,,,,,,,,
12,,,45339,,,,,,,,,,0.2413904219865799,,,,,,,,,
12,,,45359,,,,,,,,,,0.012365439906716347,,,,,,,,,
12,,,45379,,,,,,,,,,0.17233210802078247,,,,,,,,,
12,,,45399,,,,,,,,,,0.31022754311561584,,,,,,,,,
12,,,45419,,,,,,,,,,0.044107016175985336,,,,,,,,,
12,,,45439,,,,,,,,,,0.14078183472156525,,,,,,,,,
12,,,45459,,,,,,,,,,0.06575420498847961,,,,,,,,,
12,,,45479,,,,,,,,,,0.12509560585021973,,,,,,,,,
12,,,45499,,,,,,,,,,0.03709995374083519,,,,,,,,,
12,,,45519,,,,,,,,,,0.020722154527902603,,,,,,,,,
12,,,45539,,,,,,,,,,0.19678620994091034,,,,,,,,,
12,,,45559,,,,,,,,,,0.09233099222183228,,,,,,,,,
12,,,45579,,,,,,,,,,0.01685912534594536,,,,,,,,,
12,,,45599,,,,,,,,,,0.15119020640850067,,,,,,,,,
12,,,45619,,,,,,,,,,0.057825785130262375,,,,,,,,,
12,,,45639,,,,,,,,,,0.04972769320011139,,,,,,,,,
12,,,45659,,,,,,,,,,0.09234055131673813,,,,,,,,,
12,,,45679,,,,,,,,,,0.07529041171073914,,,,,,,,,
12,,,45699,,,,,,,,,,0.1324499547481537,,,,,,,,,
12,,,45719,,,,,,,,,,0.06619267165660858,,,,,,,,,
12,,,45739,,,,,,,,,,0.0411798320710659,,,,,,,,,
12,,,45759,,,,,,,,,,0.06513983756303787,,,,,,,,,
12,,,45779,,,,,,,,,,0.1845252364873886,,,,,,,,,
12,,,45799,,,,,,,,,,0.10637024790048599,,,,,,,,,
12,,,45819,,,,,,,,,,0.04533824697136879,,,,,,,,,
12,,,45839,,,,,,,,,,0.09394766390323639,,,,,,,,,
12,,,45859,,,,,,,,,,0.013543341308832169,,,,,,,,,
12,,,45879,,,,,,,,,,0.18079286813735962,,,,,,,,,
12,,,45899,,,,,,,,,,0.15599429607391357,,,,,,,,,
12,,,45919,,,,,,,,,,0.08945282548666,,,,,,,,,
12,,,45939,,,,,,,,,,0.02745441533625126,,,,,,,,,
12,,,45959,,,,,,,,,,0.16309665143489838,,,,,,,,,
12,,,45967,,,,,,,,,,,0.7963224649429321,0.8727912902832031,0.7681240439414978,1.0427099466323853,0.7588253617286682,0.5538800954818726,0.6100999712944031,0.9075507521629333,0.7963224649429321
12,,,45967,,,,,,,,0.961225152015686,0.09401234239339828,,,,,,,,,,
,0.0002822881896522532,0.0002822881896522532,45968,,,,,,,,,,,,,,,,,,,
13,,,45979,,,,,,,,,,0.3354933261871338,,,,,,,,,
13,,,45999,,,,,,,,,,0.04619636386632919,,,,,,,,,
13,,,46019,,,,,,,,,,0.09755614399909973,,,,,,,,,
13,,,46039,,,,,,,,,,0.07205009460449219,,,,,,,,,
13,,,46059,,,,,,,,,,0.00920506939291954,,,,,,,,,
13,,,46079,,,,,,,,,,0.09050464630126953,,,,,,,,,
13,,,46099,,,,,,,,,,0.08053001016378403,,,,,,,,,
13,,,46119,,,,,,,,,,0.10526393353939056,,,,,,,,,
13,,,46139,,,,,,,,,,0.009400444105267525,,,,,,,,,
13,,,46159,,,,,,,,,,0.07284025102853775,,,,,,,,,
13,,,46179,,,,,,,,,,0.22741377353668213,,,,,,,,,
13,,,46199,,,,,,,,,,0.021372565999627113,,,,,,,,,
13,,,46219,,,,,,,,,,0.06332290172576904,,,,,,,,,
13,,,46239,,,,,,,,,,0.03982545807957649,,,,,,,,,
13,,,46259,,,,,,,,,,0.019262637943029404,,,,,,,,,
13,,,46279,,,,,,,,,,0.034409817308187485,,,,,,,,,
13,,,46299,,,,,,,,,,0.0402330607175827,,,,,,,,,
13,,,46319,,,,,,,,,,0.12589788436889648,,,,,,,,,
13,,,46339,,,,,,,,,,0.020350880920886993,,,,,,,,,
13,,,46359,,,,,,,,,,0.15679119527339935,,,,,,,,,
13,,,46379,,,,,,,,,,0.04670143872499466,,,,,,,,,
13,,,46399,,,,,,,,,,0.0643698126077652,,,,,,,,,
13,,,46419,,,,,,,,,,0.1560104936361313,,,,,,,,,
13,,,46439,,,,,,,,,,0.09307104349136353,,,,,,,,,
13,,,46459,,,,,,,,,,0.06075696647167206,,,,,,,,,
13,,,46479,,,,,,,,,,0.02302681840956211,,,,,,,,,
13,,,46499,,,,,,,,,,0.1903940588235855,,,,,,,,,
13,,,46519,,,,,,,,,,0.11846775561571121,,,,,,,,,
13,,,46539,,,,,,,,,,0.26761144399642944,,,,,,,,,
13,,,46559,,,,,,,,,,0.06461071223020554,,,,,,,,,
13,,,46579,,,,,,,,,,0.005404646508395672,,,,,,,,,
13,,,46599,,,,,,,,,,0.013702305033802986,,,,,,,,,
13,,,46619,,,,,,,,,,0.0831456333398819,,,,,,,,,
13,,,46639,,,,,,,,,,0.18098746240139008,,,,,,,,,
13,,,46659,,,,,,,,,,0.05161285027861595,,,,,,,,,
13,,,46679,,,,,,,,,,0.049255311489105225,,,,,,,,,
13,,,46699,,,,,,,,,,0.28964248299598694,,,,,,,,,
13,,,46719,,,,,,,,,,0.0043921442702412605,,,,,,,,,
13,,,46739,,,,,,,,,,0.11954589188098907,,,,,,,,,
13,,,46759,,,,,,,,,,0.12503623962402344,,,,,,,,,
13,,,46779,,,,,,,,,,0.16622793674468994,,,,,,,,,
13,,,46799,,,,,,,,,,0.1280621588230133,,,,,,,,,
13,,,46819,,,,,,,,,,0.02864958345890045,,,,,,,,,
13,,,46839,,,,,,,,,,0.16597454249858856,,,,,,,,,
13,,,46859,,,,,,,,,,0.12899306416511536,,,,,,,,,
13,,,46879,,,,,,,,,,0.0027880817651748657,,,,,,,,,
13,,,46899,,,,,,,,,,0.03764423727989197,,,,,,,,,
13,,,46919,,,,,,,,,,0.11155486851930618,,,,,,,,,
13,,,46939,,,,,,,,,,0.0470568872988224,,,,,,,,,
13,,,46959,,,,,,,,,,0.08044083416461945,,,,,,,,,
13,,,46979,,,,,,,,,,0.25288277864456177,,,,,,,,,
13,,,46999,,,,,,,,,,0.04828863963484764,,,,,,,,,
13,,,47019,,,,,,,,,,0.003795420518144965,,,,,,,,,
13,,,47039,,,,,,,,,,0.027410559356212616,,,,,,,,,
13,,,47059,,,,,,,,,,0.19672240316867828,,,,,,,,,
13,,,47079,,,,,,,,,,0.27490484714508057,,,,,,,,,
13,,,47099,,,,,,,,,,0.0035481066443026066,,,,,,,,,
13,,,47119,,,,,,,,,,0.12692970037460327,,,,,,,,,
13,,,47139,,,,,,,,,,0.041080109775066376,,,,,,,,,
13,,,47159,,,,,,,,,,0.13936881721019745,,,,,,,,,
13,,,47179,,,,,,,,,,0.018799858167767525,,,,,,,,,
13,,,47199,,,,,,,,,,0.1494094431400299,,,,,,,,,
13,,,47219,,,,,,,,,,0.04588065296411514,,,,,,,,,
13,,,47239,,,,,,,,,,0.2758501470088959,,,,,,,,,
13,,,47259,,,,,,,,,,0.10184076428413391,,,,,,,,,
13,,,47279,,,,,,,,,,0.05054480582475662,,,,,,,,,
13,,,47299,,,,,,,,,,0.14424797892570496,,,,,,,,,
13,,,47319,,,,,,,,,,0.028831135481595993,,,,,,,,,
13,,,47339,,,,,,,,,,0.07755851000547409,,,,,,,,,
13,,,47359,,,,,,,,,,0.09078628569841385,,,,,,,,,
13,,,47379,,,,,,,,,,0.05449499189853668,,,,,,,,,
13,,,47399,,,,,,,,,,0.10061716288328171,,,,,,,,,
13,,,47419,,,,,,,,,,0.13808521628379822,,,,,,,,,
13,,,47439,,,,,,,,,,0.21577784419059753,,,,,,,,,
13,,,47459,,,,,,,,,,0.014360032044351101,,,,,,,,,
13,,,47479,,,,,,,,,,0.2688010632991791,,,,,,,,,
13,,,47499,,,,,,,,,,0.13210754096508026,,,,,,,,,
13,,,47519,,,,,,,,,,0.057577721774578094,,,,,,,,,
13,,,47539,,,,,,,,,,0.14979691803455353,,,,,,,,,
13,,,47559,,,,,,,,,,0.08418092131614685,,,,,,,,,
13,,,47579,,,,,,,,,,0.016013124957680702,,,,,,,,,
13,,,47599,,,,,,,,,,0.007878805510699749,,,,,,,,,
13,,,47619,,,,,,,,,,0.08229833096265793,,,,,,,,,
13,,,47639,,,,,,,,,,0.17659369111061096,,,,,,,,,
13,,,47659,,,,,,,,,,0.028383925557136536,,,,,,,,,
13,,,47679,,,,,,,,,,0.016549427062273026,,,,,,,,,
13,,,47699,,,,,,,,,,0.08807747066020966,,,,,,,,,
13,,,47719,,,,,,,,,,0.08129763603210449,,,,,,,,,
13,,,47739,,,,,,,,,,0.030910534784197807,,,,,,,,,
13,,,47759,,,,,,,,,,0.02340525947511196,,,,,,,,,
13,,,47779,,,,,,,,,,0.1072239950299263,,,,,,,,,
13,,,47799,,,,,,,,,,0.0073335058987140656,,,,,,,,,
13,,,47819,,,,,,,,,,0.13774020969867706,,,,,,,,,
13,,,47839,,,,,,,,,,0.046648308634757996,,,,,,,,,
13,,,47859,,,,,,,,,,0.06352680921554565,,,,,,,,,
13,,,47879,,,,,,,,,,0.10130611807107925,,,,,,,,,
13,,,47899,,,,,,,,,,0.21062511205673218,,,,,,,,,
13,,,47919,,,,,,,,,,0.13043618202209473,,,,,,,,,
13,,,47939,,,,,,,,,,0.09767717868089676,,,,,,,,,
13,,,47959,,,,,,,,,,0.039816346019506454,,,,,,,,,
13,,,47979,,,,,,,,,,0.12661346793174744,,,,,,,,,
13,,,47999,,,,,,,,,,0.008596047759056091,,,,,,,,,
13,,,48019,,,,,,,,,,0.019620364531874657,,,,,,,,,
13,,,48039,,,,,,,,,,0.0674397423863411,,,,,,,,,
13,,,48059,,,,,,,,,,0.03482797369360924,,,,,,,,,
13,,,48079,,,,,,,,,,0.11375358700752258,,,,,,,,,
13,,,48099,,,,,,,,,,0.054898589849472046,,,,,,,,,
13,,,48119,,,,,,,,,,0.12676191329956055,,,,,,,,,
13,,,48139,,,,,,,,,,0.024755200371146202,,,,,,,,,
13,,,48159,,,,,,,,,,0.006175012793391943,,,,,,,,,
13,,,48179,,,,,,,,,,0.16621559858322144,,,,,,,,,
13,,,48199,,,,,,,,,,0.1459437757730484,,,,,,,,,
13,,,48219,,,,,,,,,,0.1281128078699112,,,,,,,,,
13,,,48239,,,,,,,,,,0.09540989249944687,,,,,,,,,
13,,,48259,,,,,,,,,,0.009448474273085594,,,,,,,,,
13,,,48279,,,,,,,,,,0.04323353245854378,,,,,,,,,
13,,,48299,,,,,,,,,,0.056150443851947784,,,,,,,,,
13,,,48319,,,,,,,,,,0.0043213870376348495,,,,,,,,,
13,,,48339,,,,,,,,,,0.03423039987683296,,,,,,,,,
13,,,48359,,,,,,,,,,0.03821367397904396,,,,,,,,,
13,,,48379,,,,,,,,,,0.12139566987752914,,,,,,,,,
13,,,48399,,,,,,,,,,0.05900712311267853,,,,,,,,,
13,,,48419,,,,,,,,,,0.07714077830314636,,,,,,,,,
13,,,48439,,,,,,,,,,0.19543498754501343,,,,,,,,,
13,,,48459,,,,,,,,,,0.047298431396484375,,,,,,,,,
13,,,48479,,,,,,,,,,0.27472227811813354,,,,,,,,,
13,,,48499,,,,,,,,,,0.0590348020195961,,,,,,,,,
13,,,48519,,,,,,,,,,0.037159860134124756,,,,,,,,,
13,,,48539,,,,,,,,,,0.09516306221485138,,,,,,,,,
13,,,48559,,,,,,,,,,0.14921757578849792,,,,,,,,,
13,,,48579,,,,,,,,,,0.3392156958580017,,,,,,,,,
13,,,48599,,,,,,,,,,0.02213766612112522,,,,,,,,,
13,,,48619,,,,,,,,,,0.059139151126146317,,,,,,,,,
13,,,48639,,,,,,,,,,0.1269269734621048,,,,,,,,,
13,,,48659,,,,,,,,,,0.08960998803377151,,,,,,,,,
13,,,48679,,,,,,,,,,0.4020337462425232,,,,,,,,,
13,,,48699,,,,,,,,,,0.01727098785340786,,,,,,,,,
13,,,48719,,,,,,,,,,0.13964295387268066,,,,,,,,,
13,,,48739,,,,,,,,,,0.07383345067501068,,,,,,,,,
13,,,48759,,,,,,,,,,0.0066206082701683044,,,,,,,,,
13,,,48779,,,,,,,,,,0.10928227007389069,,,,,,,,,
13,,,48799,,,,,,,,,,0.09381555765867233,,,,,,,,,
13,,,48819,,,,,,,,,,0.01962471380829811,,,,,,,,,
13,,,48839,,,,,,,,,,0.146316796541214,,,,,,,,,
13,,,48859,,,,,,,,,,0.10425879061222076,,,,,,,,,
13,,,48879,,,,,,,,,,0.003917972557246685,,,,,,,,,
13,,,48899,,,,,,,,,,0.11933539807796478,,,,,,,,,
13,,,48919,,,,,,,,,,0.21110379695892334,,,,,,,,,
13,,,48939,,,,,,,,,,0.18641340732574463,,,,,,,,,
13,,,48959,,,,,,,,,,0.09292291849851608,,,,,,,,,
13,,,48979,,,,,,,,,,0.0633600652217865,,,,,,,,,
13,,,48999,,,,,,,,,,0.2249402105808258,,,,,,,,,
13,,,49019,,,,,,,,,,0.08558269590139389,,,,,,,,,
13,,,49039,,,,,,,,,,0.13352657854557037,,,,,,,,,
13,,,49059,,,,,,,,,,0.05214698240160942,,,,,,,,,
13,,,49079,,,,,,,,,,0.16849732398986816,,,,,,,,,
13,,,49099,,,,,,,,,,0.06743915379047394,,,,,,,,,
13,,,49119,,,,,,,,,,0.016378315165638924,,,,,,,,,
13,,,49139,,,,,,,,,,0.023853598162531853,,,,,,,,,
13,,,49159,,,,,,,,,,0.06189734861254692,,,,,,,,,
13,,,49179,,,,,,,,,,0.03478138521313667,,,,,,,,,
13,,,49199,,,,,,,,,,0.09712684154510498,,,,,,,,,
13,,,49219,,,,,,,,,,0.004008571617305279,,,,,,,,,
13,,,49239,,,,,,,,,,0.10153672844171524,,,,,,,,,
13,,,49259,,,,,,,,,,0.26332420110702515,,,,,,,,,
13,,,49279,,,,,,,,,,0.027939176186919212,,,,,,,,,
13,,,49299,,,,,,,,,,0.10709841549396515,,,,,,,,,
13,,,49319,,,,,,,,,,0.021773889660835266,,,,,,,,,
13,,,49339,,,,,,,,,,0.0075630322098731995,,,,,,,,,
13,,,49359,,,,,,,,,,0.12674802541732788,,,,,,,,,
13,,,49379,,,,,,,,,,0.07182100415229797,,,,,,,,,
13,,,49399,,,,,,,,,,0.046633340418338776,,,,,,,,,
13,,,49419,,,,,,,,,,0.10477142035961151,,,,,,,,,
13,,,49439,,,,,,,,,,0.11520782113075256,,,,,,,,,
13,,,49459,,,,,,,,,,0.03690693527460098,,,,,,,,,
13,,,49479,,,,,,,,,,0.048286072909832,,,,,,,,,
13,,,49499,,,,,,,,,,0.11695555597543716,,,,,,,,,
13,,,49503,,,,,,,,,,,0.7951436042785645,0.8718780279159546,0.7672884464263916,1.0615723133087158,0.7579949498176575,0.5518897771835327,0.6095409989356995,0.9064489006996155,0.7951436042785645
13,,,49503,,,,,,,,0.9649752378463745,0.08616650104522705,,,,,,,,,,
,0.0002747204418453818,0.0002747204418453818,49504,,,,,,,,,,,,,,,,,,,
14,,,49519,,,,,,,,,,0.15242889523506165,,,,,,,,,
14,,,49539,,,,,,,,,,0.06029980257153511,,,,,,,,,
14,,,49559,,,,,,,,,,0.07065916061401367,,,,,,,,,
14,,,49579,,,,,,,,,,0.12674546241760254,,,,,,,,,
14,,,49599,,,,,,,,,,0.03908262401819229,,,,,,,,,
14,,,49619,,,,,,,,,,0.05046604573726654,,,,,,,,,
14,,,49639,,,,,,,,,,0.08066081255674362,,,,,,,,,
14,,,49659,,,,,,,,,,0.13715103268623352,,,,,,,,,
14,,,49679,,,,,,,,,,0.0621805414557457,,,,,,,,,
14,,,49699,,,,,,,,,,0.14387044310569763,,,,,,,,,
14,,,49719,,,,,,,,,,0.15463097393512726,,,,,,,,,
14,,,49739,,,,,,,,,,0.012126363813877106,,,,,,,,,
14,,,49759,,,,,,,,,,0.07750033587217331,,,,,,,,,
14,,,49779,,,,,,,,,,0.17244663834571838,,,,,,,,,
14,,,49799,,,,,,,,,,0.11743441224098206,,,,,,,,,
14,,,49819,,,,,,,,,,0.10698553174734116,,,,,,,,,
14,,,49839,,,,,,,,,,0.20197726786136627,,,,,,,,,
14,,,49859,,,,,,,,,,0.025954004377126694,,,,,,,,,
14,,,49879,,,,,,,,,,0.039345212280750275,,,,,,,,,
14,,,49899,,,,,,,,,,0.009915082715451717,,,,,,,,,
14,,,49919,,,,,,,,,,0.03734187036752701,,,,,,,,,
14,,,49939,,,,,,,,,,0.08274712413549423,,,,,,,,,
14,,,49959,,,,,,,,,,0.07647521793842316,,,,,,,,,
14,,,49979,,,,,,,,,,0.03826434165239334,,,,,,,,,
14,,,49999,,,,,,,,,,0.02970213070511818,,,,,,,,,
14,,,50019,,,,,,,,,,0.2016051858663559,,,,,,,,,
14,,,50039,,,,,,,,,,0.07835055142641068,,,,,,,,,
14,,,50059,,,,,,,,,,0.020229743793606758,,,,,,,,,
14,,,50079,,,,,,,,,,0.039171647280454636,,,,,,,,,
14,,,50099,,,,,,,,,,0.11660859733819962,,,,,,,,,
14,,,50119,,,,,,,,,,0.02509336918592453,,,,,,,,,
14,,,50139,,,,,,,,,,0.04440714418888092,,,,,,,,,
14,,,50159,,,,,,,,,,0.03656705468893051,,,,,,,,,
14,,,50179,,,,,,,,,,0.10782268643379211,,,,,,,,,
14,,,50199,,,,,,,,,,0.05494063347578049,,,,,,,,,
14,,,50219,,,,,,,,,,0.10358796268701553,,,,,,,,,
14,,,50239,,,,,,,,,,0.059757642447948456,,,,,,,,,
14,,,50259,,,,,,,,,,0.02218346670269966,,,,,,,,,
14,,,50279,,,,,,,,,,0.11635711044073105,,,,,,,,,
14,,,50299,,,,,,,,,,0.10829468071460724,,,,,,,,,
14,,,50319,,,,,,,,,,0.21582554280757904,,,,,,,,,
14,,,50339,,,,,,,,,,0.09130080044269562,,,,,,,,,
14,,,50359,,,,,,,,,,0.0412081778049469,,,,,,,,,
14,,,50379,,,,,,,,,,0.01585571840405464,,,,,,,,,
14,,,50399,,,,,,,,,,0.010646059177815914,,,,,,,,,
14,,,50419,,,,,,,,,,0.08226487785577774,,,,,,,,,
14,,,50439,,,,,,,,,,0.019957266747951508,,,,,,,,,
14,,,50459,,,,,,,,,,0.04422629997134209,,,,,,,,,
14,,,50479,,,,,,,,,,0.06661264598369598,,,,,,,,,
14,,,50499,,,,,,,,,,0.10577142238616943,,,,,,,,,
14,,,50519,,,,,,,,,,0.09289199113845825,,,,,,,,,
14,,,50539,,,,,,,,,,0.12904120981693268,,,,,,,,,
14,,,50559,,,,,,,,,,0.11517637968063354,,,,,,,,,
14,,,50579,,,,,,,,,,0.11688467115163803,,,,,,,,,
14,,,50599,,,,,,,,,,0.02498181164264679,,,,,,,,,
14,,,50619,,,,,,,,,,0.2725818455219269,,,,,,,,,
14,,,50639,,,,,,,,,,0.02643613889813423,,,,,,,,,
14,,,50659,,,,,,,,,,0.054093752056360245,,,,,,,,,
14,,,50679,,,,,,,,,,0.06314609944820404,,,,,,,,,
14,,,50699,,,,,,,,,,0.13717935979366302,,,,,,,,,
14,,,50719,,,,,,,,,,0.16212347149848938,,,,,,,,,
14,,,50739,,,,,,,,,,0.10854324698448181,,,,,,,,,
14,,,50759,,,,,,,,,,0.10628087818622589,,,,,,,,,
14,,,50779,,,,,,,,,,0.019820334389805794,,,,,,,,,
14,,,50799,,,,,,,,,,0.24254080653190613,,,,,,,,,
14,,,50819,,,,,,,,,,0.04371275752782822,,,,,,,,,
14,,,50839,,,,,,,,,,0.05071298032999039,,,,,,,,,
14,,,50859,,,,,,,,,,0.01730555295944214,,,,,,,,,
14,,,50879,,,,,,,,,,0.027539169415831566,,,,,,,,,
14,,,50899,,,,,,,,,,0.03667556121945381,,,,,,,,,
14,,,50919,,,,,,,,,,0.055076390504837036,,,,,,,,,
14,,,50939,,,,,,,,,,0.18820658326148987,,,,,,,,,
14,,,50959,,,,,,,,,,0.08599236607551575,,,,,,,,,
14,,,50979,,,,,,,,,,0.005787000060081482,,,,,,,,,
14,,,50999,,,,,,,,,,0.19923900067806244,,,,,,,,,
14,,,51019,,,,,,,,,,0.00999924261122942,,,,,,,,,
14,,,51039,,,,,,,,,,0.1784610152244568,,,,,,,,,
14,,,51059,,,,,,,,,,0.015588220208883286,,,,,,,,,
14,,,51079,,,,,,,,,,0.16177372634410858,,,,,,,,,
14,,,51099,,,,,,,,,,0.01253366656601429,,,,,,,,,
14,,,51119,,,,,,,,,,0.014229968190193176,,,,,,,,,
14,,,51139,,,,,,,,,,0.05473320931196213,,,,,,,,,
14,,,51159,,,,,,,,,,0.008127491921186447,,,,,,,,,
14,,,51179,,,,,,,,,,0.03235099837183952,,,,,,,,,
14,,,51199,,,,,,,,,,0.09450709819793701,,,,,,,,,
14,,,51219,,,,,,,,,,0.030499212443828583,,,,,,,,,
14,,,51239,,,,,,,,,,0.039510030299425125,,,,,,,,,
14,,,51259,,,,,,,,,,0.014262834563851357,,,,,,,,,
14,,,51279,,,,,,,,,,0.09234613925218582,,,,,,,,,
14,,,51299,,,,,,,,,,0.03790030628442764,,,,,,,,,
14,,,51319,,,,,,,,,,0.09734513610601425,,,,,,,,,
14,,,51339,,,,,,,,,,0.047907400876283646,,,,,,,,,
14,,,51359,,,,,,,,,,0.2367343157529831,,,,,,,,,
14,,,51379,,,,,,,,,,0.04285333678126335,,,,,,,,,
14,,,51399,,,,,,,,,,0.2630390524864197,,,,,,,,,
14,,,51419,,,,,,,,,,0.0306780394166708,,,,,,,,,
14,,,51439,,,,,,,,,,0.01291665155440569,,,,,,,,,
14,,,51459,,,,,,,,,,0.10952070355415344,,,,,,,,,
14,,,51479,,,,,,,,,,0.003633486572653055,,,,,,,,,
14,,,51499,,,,,,,,,,0.05180031806230545,,,,,,,,,
14,,,51519,,,,,,,,,,0.05169742926955223,,,,,,,,,
14,,,51539,,,,,,,,,,0.1402953565120697,,,,,,,,,
14,,,51559,,,,,,,,,,0.05371730029582977,,,,,,,,,
14,,,51579,,,,,,,,,,0.19639423489570618,,,,,,,,,
14,,,51599,,,,,,,,,,0.08244547992944717,,,,,,,,,
14,,,51619,,,,,,,,,,0.11475137621164322,,,,,,,,,
14,,,51639,,,,,,,,,,0.03136298805475235,,,,,,,,,
14,,,51659,,,,,,,,,,0.3507121205329895,,,,,,,,,
14,,,51679,,,,,,,,,,0.07841764390468597,,,,,,,,,
14,,,51699,,,,,,,,,,0.18620647490024567,,,,,,,,,
14,,,51719,,,,,,,,,,0.005505786277353764,,,,,,,,,
14,,,51739,,,,,,,,,,0.22876448929309845,,,,,,,,,
14,,,51759,,,,,,,,,,0.09506532549858093,,,,,,,,,
14,,,51779,,,,,,,,,,0.15503551065921783,,,,,,,,,
14,,,51799,,,,,,,,,,0.03879589959979057,,,,,,,,,
14,,,51819,,,,,,,,,,0.009533067233860493,,,,,,,,,
14,,,51839,,,,,,,,,,0.08673073351383209,,,,,,,,,
14,,,51859,,,,,,,,,,0.044071391224861145,,,,,,,,,
14,,,51879,,,,,,,,,,0.025032704696059227,,,,,,,,,
14,,,51899,,,,,,,,,,0.20506924390792847,,,,,,,,,
14,,,51919,,,,,,,,,,0.12498589605093002,,,,,,,,,
14,,,51939,,,,,,,,,,0.0833902359008789,,,,,,,,,
14,,,51959,,,,,,,,,,0.028532082214951515,,,,,,,,,
14,,,51979,,,,,,,,,,0.04726394638419151,,,,,,,,,
14,,,51999,,,,,,,,,,0.14398060739040375,,,,,,,,,
14,,,52019,,,,,,,,,,0.12967059016227722,,,,,,,,,
14,,,52039,,,,,,,,,,0.07487071305513382,,,,,,,,,
14,,,52059,,,,,,,,,,0.03715607151389122,,,,,,,,,
14,,,52079,,,,,,,,,,0.07610920816659927,,,,,,,,,
14,,,52099,,,,,,,,,,0.08666525781154633,,,,,,,,,
14,,,52119,,,,,,,,,,0.050563547760248184,,,,,,,,,
14,,,52139,,,,,,,,,,0.10468824207782745,,,,,,,,,
14,,,52159,,,,,,,,,,0.23006649315357208,,,,,,,,,
14,,,52179,,,,,,,,,,0.11293315887451172,,,,,,,,,
14,,,52199,,,,,,,,,,0.12153170257806778,,,,,,,,,
14,,,52219,,,,,,,,,,0.11673261225223541,,,,,,,,,
14,,,52239,,,,,,,,,,0.00949857011437416,,,,,,,,,
14,,,52259,,,,,,,,,,0.08174185454845428,,,,,,,,,
14,,,52279,,,,,,,,,,0.06530152261257172,,,,,,,,,
14,,,52299,,,,,,,,,,0.12359116226434708,,,,,,,,,
14,,,52319,,,,,,,,,,0.06348002701997757,,,,,,,,,
14,,,52339,,,,,,,,,,0.034618716686964035,,,,,,,,,
14,,,52359,,,,,,,,,,0.17184647917747498,,,,,,,,,
14,,,52379,,,,,,,,,,0.04034629091620445,,,,,,,,,
14,,,52399,,,,,,,,,,0.048611029982566833,,,,,,,,,
14,,,52419,,,,,,,,,,0.06204806640744209,,,,,,,,,
14,,,52439,,,,,,,,,,0.10742069035768509,,,,,,,,,
14,,,52459,,,,,,,,,,0.0011859273072332144,,,,,,,,,
14,,,52479,,,,,,,,,,0.07316523045301437,,,,,,,,,
14,,,52499,,,,,,,,,,0.32129791378974915,,,,,,,,,
14,,,52519,,,,,,,,,,0.16785955429077148,,,,,,,,,
14,,,52539,,,,,,,,,,0.07487823069095612,,,,,,,,,
14,,,52559,,,,,,,,,,0.0209141056984663,,,,,,,,,
14,,,52579,,,,,,,,,,0.152361661195755,,,,,,,,,
14,,,52599,,,,,,,,,,0.10980101674795151,,,,,,,,,
14,,,52619,,,,,,,,,,0.20877957344055176,,,,,,,,,
14,,,52639,,,,,,,,,,0.06263087689876556,,,,,,,,,
14,,,52659,,,,,,,,,,0.020806340500712395,,,,,,,,,
14,,,52679,,,,,,,,,,0.05141577497124672,,,,,,,,,
14,,,52699,,,,,,,,,,0.10475821793079376,,,,,,,,,
14,,,52719,,,,,,,,,,0.08925044536590576,,,,,,,,,
14,,,52739,,,,,,,,,,0.22122427821159363,,,,,,,,,
14,,,52759,,,,,,,,,,0.053646285086870193,,,,,,,,,
14,,,52779,,,,,,,,,,0.03614886850118637,,,,,,,,,
14,,,52799,,,,,,,,,,0.12073313444852829,,,,,,,,,
14,,,52819,,,,,,,,,,0.03147218003869057,,,,,,,,,
14,,,52839,,,,,,,,,,0.06236395239830017,,,,,,,,,
14,,,52859,,,,,,,,,,0.19004550576210022,,,,,,,,,
14,,,52879,,,,,,,,,,0.11196357011795044,,,,,,,,,
14,,,52899,,,,,,,,,,0.11554786562919617,,,,,,,,,
14,,,52919,,,,,,,,,,0.09136180579662323,,,,,,,,,
14,,,52939,,,,,,,,,,0.15191903710365295,,,,,,,,,
14,,,52959,,,,,,,,,,0.03369610011577606,,,,,,,,,
14,,,52979,,,,,,,,,,0.15126891434192657,,,,,,,,,
14,,,52999,,,,,,,,,,0.12971967458724976,,,,,,,,,
14,,,53019,,,,,,,,,,0.016960538923740387,,,,,,,,,
14,,,53039,,,,,,,,,,0.0036472792271524668,,,,,,,,,
14,,,53039,,,,,,,,,,,0.7651951313018799,0.835634708404541,0.7266256809234619,1.34805428981781,0.7244511842727661,0.4879482090473175,0.5477373600006104,0.9011650681495667,0.7651951313018799
14,,,53039,,,,,,,,0.9670222401618958,0.08058074116706848,,,,,,,,,,
,0.0002659515680044105,0.0002659515680044105,53040,,,,,,,,,,,,,,,,,,,
15,,,53059,,,,,,,,,,0.005308359395712614,,,,,,,,,
15,,,53079,,,,,,,,,,0.03841083496809006,,,,,,,,,
15,,,53099,,,,,,,,,,0.02508966624736786,,,,,,,,,
15,,,53119,,,,,,,,,,0.2531556189060211,,,,,,,,,
15,,,53139,,,,,,,,,,0.2725021541118622,,,,,,,,,
15,,,53159,,,,,,,,,,0.18629565834999084,,,,,,,,,
15,,,53179,,,,,,,,,,0.04626419022679329,,,,,,,,,
15,,,53199,,,,,,,,,,0.008594119921326637,,,,,,,,,
15,,,53219,,,,,,,,,,0.0013360721059143543,,,,,,,,,
15,,,53239,,,,,,,,,,0.10402772575616837,,,,,,,,,
15,,,53259,,,,,,,,,,0.012317054904997349,,,,,,,,,
15,,,53279,,,,,,,,,,0.029269373044371605,,,,,,,,,
15,,,53299,,,,,,,,,,0.22027488052845,,,,,,,,,
15,,,53319,,,,,,,,,,0.09386640787124634,,,,,,,,,
15,,,53339,,,,,,,,,,0.055651694536209106,,,,,,,,,
15,,,53359,,,,,,,,,,0.06175139546394348,,,,,,,,,
15,,,53379,,,,,,,,,,0.06461180001497269,,,,,,,,,
15,,,53399,,,,,,,,,,0.0584416538476944,,,,,,,,,
15,,,53419,,,,,,,,,,0.02540792152285576,,,,,,,,,
15,,,53439,,,,,,,,,,0.13790693879127502,,,,,,,,,
15,,,53459,,,,,,,,,,0.05754544958472252,,,,,,,,,
15,,,53479,,,,,,,,,,0.006720576900988817,,,,,,,,,
15,,,53499,,,,,,,,,,0.1328117698431015,,,,,,,,,
15,,,53519,,,,,,,,,,0.054375361651182175,,,,,,,,,
15,,,53539,,,,,,,,,,0.04043160751461983,,,,,,,,,
15,,,53559,,,,,,,,,,0.08774043619632721,,,,,,,,,
15,,,53579,,,,,,,,,,0.07465922832489014,,,,,,,,,
15,,,53599,,,,,,,,,,0.16537556052207947,,,,,,,,,
15,,,53619,,,,,,,,,,0.008221132680773735,,,,,,,,,
15,,,53639,,,,,,,,,,0.06856588274240494,,,,,,,,,
15,,,53659,,,,,,,,,,0.028163136914372444,,,,,,,,,
15,,,53679,,,,,,,,,,0.02978973463177681,,,,,,,,,
15,,,53699,,,,,,,,,,0.17953543365001678,,,,,,,,,
15,,,53719,,,,,,,,,,0.04122542589902878,,,,,,,,,
15,,,53739,,,,,,,,,,0.06428313255310059,,,,,,,,,
15,,,53759,,,,,,,,,,0.14082959294319153,,,,,,,,,
15,,,53779,,,,,,,,,,0.16197596490383148,,,,,,,,,
15,,,53799,,,,,,,,,,0.08821572363376617,,,,,,,,,
15,,,53819,,,,,,,,,,0.014383576810359955,,,,,,,,,
15,,,53839,,,,,,,,,,0.09028720110654831,,,,,,,,,
15,,,53859,,,,,,,,,,0.08871734887361526,,,,,,,,,
15,,,53879,,,,,,,,,,0.06876948475837708,,,,,,,,,
15,,,53899,,,,,,,,,,0.14652511477470398,,,,,,,,,
15,,,53919,,,,,,,,,,0.03670910745859146,,,,,,,,,
15,,,53939,,,,,,,,,,0.01142954546958208,,,,,,,,,
15,,,53959,,,,,,,,,,0.023903602734208107,,,,,,,,,
15,,,53979,,,,,,,,,,0.05624052882194519,,,,,,,,,
15,,,53999,,,,,,,,,,0.027895640581846237,,,,,,,,,
15,,,54019,,,,,,,,,,0.22290392220020294,,,,,,,,,
15,,,54039,,,,,,,,,,0.1074090227484703,,,,,,,,,
15,,,54059,,,,,,,,,,0.10843660682439804,,,,,,,,,
15,,,54079,,,,,,,,,,0.15848594903945923,,,,,,,,,
15,,,54099,,,,,,,,,,0.028584521263837814,,,,,,,,,
15,,,54119,,,,,,,,,,0.10341930389404297,,,,,,,,,
15,,,54139,,,,,,,,,,0.04965272173285484,,,,,,,,,
15,,,54159,,,,,,,,,,0.1707228124141693,,,,,,,,,
15,,,54179,,,,,,,,,,0.050150588154792786,,,,,,,,,
15,,,54199,,,,,,,,,,0.0832349956035614,,,,,,,,,
15,,,54219,,,,,,,,,,0.14267700910568237,,,,,,,,,
15,,,54239,,,,,,,,,,0.004272398538887501,,,,,,,,,
15,,,54259,,,,,,,,,,0.0857188031077385,,,,,,,,,
15,,,54279,,,,,,,,,,0.035189226269721985,,,,,,,,,
15,,,54299,,,,,,,,,,0.1271127164363861,,,,,,,,,
15,,,54319,,,,,,,,,,0.08856502175331116,,,,,,,,,
15,,,54339,,,,,,,,,,0.11104651540517807,,,,,,,,,
15,,,54359,,,,,,,,,,0.11832378804683685,,,,,,,,,
15,,,54379,,,,,,,,,,0.1371787190437317,,,,,,,,,
15,,,54399,,,,,,,,,,0.027184542268514633,,,,,,,,,
15,,,54419,,,,,,,,,,0.10215352475643158,,,,,,,,,
15,,,54439,,,,,,,,,,0.12628372013568878,,,,,,,,,
15,,,54459,,,,,,,,,,0.022989172488451004,,,,,,,,,
15,,,54479,,,,,,,,,,0.08791224658489227,,,,,,,,,
15,,,54499,,,,,,,,,,0.04301639273762703,,,,,,,,,
15,,,54519,,,,,,,,,,0.07561150193214417,,,,,,,,,
15,,,54539,,,,,,,,,,0.0611862875521183,,,,,,,,,
15,,,54559,,,,,,,,,,0.030651375651359558,,,,,,,,,
15,,,54579,,,,,,,,,,0.22546027600765228,,,,,,,,,
15,,,54599,,,,,,,,,,0.07124877721071243,,,,,,,,,
15,,,54619,,,,,,,,,,0.02881050296127796,,,,,,,,,
15,,,54639,,,,,,,,,,0.03065486252307892,,,,,,,,,
15,,,54659,,,,,,,,,,0.09205281734466553,,,,,,,,,
15,,,54679,,,,,,,,,,0.014445532113313675,,,,,,,,,
15,,,54699,,,,,,,,,,0.12527218461036682,,,,,,,,,
15,,,54719,,,,,,,,,,0.11098635196685791,,,,,,,,,
15,,,54739,,,,,,,,,,0.002480862895026803,,,,,,,,,
15,,,54759,,,,,,,,,,0.07869265973567963,,,,,,,,,
15,,,54779,,,,,,,,,,0.08359207212924957,,,,,,,,,
15,,,54799,,,,,,,,,,0.03794960677623749,,,,,,,,,
15,,,54819,,,,,,,,,,0.04463685303926468,,,,,,,,,
15,,,54839,,,,,,,,,,0.03151893615722656,,,,,,,,,
15,,,54859,,,,,,,,,,0.03928161785006523,,,,,,,,,
15,,,54879,,,,,,,,,,0.010987195186316967,,,,,,,,,
15,,,54899,,,,,,,,,,0.18483860790729523,,,,,,,,,
15,,,54919,,,,,,,,,,0.05787719041109085,,,,,,,,,
15,,,54939,,,,,,,,,,0.23294657468795776,,,,,,,,,
15,,,54959,,,,,,,,,,0.02424032986164093,,,,,,,,,
15,,,54979,,,,,,,,,,0.016450626775622368,,,,,,,,,
15,,,54999,,,,,,,,,,0.05356895923614502,,,,,,,,,
15,,,55019,,,,,,,,,,0.028724031522870064,,,,,,,,,
15,,,55039,,,,,,,,,,0.03500457853078842,,,,,,,,,
15,,,55059,,,,,,,,,,0.08342897146940231,,,,,,,,,
15,,,55079,,,,,,,,,,0.08317134529352188,,,,,,,,,
15,,,55099,,,,,,,,,,0.10600455850362778,,,,,,,,,
15,,,55119,,,,,,,,,,0.028143294155597687,,,,,,,,,
15,,,55139,,,,,,,,,,0.04262802377343178,,,,,,,,,
15,,,55159,,,,,,,,,,0.057477615773677826,,,,,,,,,
15,,,55179,,,,,,,,,,0.12761400640010834,,,,,,,,,
15,,,55199,,,,,,,,,,0.12538637220859528,,,,,,,,,
15,,,55219,,,,,,,,,,0.005954251624643803,,,,,,,,,
15,,,55239,,,,,,,,,,0.030373016372323036,,,,,,,,,
15,,,55259,,,,,,,,,,0.03215882182121277,,,,,,,,,
15,,,55279,,,,,,,,,,0.08947761356830597,,,,,,,,,
15,,,55299,,,,,,,,,,0.26526153087615967,,,,,,,,,
15,,,55319,,,,,,,,,,0.034493446350097656,,,,,,,,,
15,,,55339,,,,,,,,,,0.056206703186035156,,,,,,,,,
15,,,55359,,,,,,,,,,0.046598855406045914,,,,,,,,,
15,,,55379,,,,,,,,,,0.008329175412654877,,,,,,,,,
15,,,55399,,,,,,,,,,0.1921268105506897,,,,,,,,,
15,,,55419,,,,,,,,,,0.09429676830768585,,,,,,,,,
15,,,55439,,,,,,,,,,0.005225158296525478,,,,,,,,,
15,,,55459,,,,,,,,,,0.01770678535103798,,,,,,,,,
15,,,55479,,,,,,,,,,0.0605071596801281,,,,,,,,,
15,,,55499,,,,,,,,,,0.04068787395954132,,,,,,,,,
15,,,55519,,,,,,,,,,0.16298674046993256,,,,,,,,,
15,,,55539,,,,,,,,,,0.07294929772615433,,,,,,,,,
15,,,55559,,,,,,,,,,0.07445713132619858,,,,,,,,,
15,,,55579,,,,,,,,,,0.01545793004333973,,,,,,,,,
15,,,55599,,,,,,,,,,0.1409703940153122,,,,,,,,,
15,,,55619,,,,,,,,,,0.2982814311981201,,,,,,,,,
15,,,55639,,,,,,,,,,0.16111449897289276,,,,,,,,,
15,,,55659,,,,,,,,,,0.03433186188340187,,,,,,,,,
15,,,55679,,,,,,,,,,0.05856664851307869,,,,,,,,,
15,,,55699,,,,,,,,,,0.08345247060060501,,,,,,,,,
15,,,55719,,,,,,,,,,0.11415436863899231,,,,,,,,,
15,,,55739,,,,,,,,,,0.21511125564575195,,,,,,,,,
15,,,55759,,,,,,,,,,0.08851354569196701,,,,,,,,,
15,,,55779,,,,,,,,,,0.07471869885921478,,,,,,,,,
15,,,55799,,,,,,,,,,0.07854140549898148,,,,,,,,,
15,,,55819,,,,,,,,,,0.04631819948554039,,,,,,,,,
15,,,55839,,,,,,,,,,0.039984654635190964,,,,,,,,,
15,,,55859,,,,,,,,,,0.08669963479042053,,,,,,,,,
15,,,55879,,,,,,,,,,0.1533004641532898,,,,,,,,,
15,,,55899,,,,,,,,,,0.015630191192030907,,,,,,,,,
15,,,55919,,,,,,,,,,0.05049886554479599,,,,,,,,,
15,,,55939,,,,,,,,,,0.009244323708117008,,,,,,,,,
15,,,55959,,,,,,,,,,0.007899048738181591,,,,,,,,,
15,,,55979,,,,,,,,,,0.07614825665950775,,,,,,,,,
15,,,55999,,,,,,,,,,0.04091567173600197,,,,,,,,,
15,,,56019,,,,,,,,,,0.041256144642829895,,,,,,,,,
15,,,56039,,,,,,,,,,0.05534652993083,,,,,,,,,
15,,,56059,,,,,,,,,,0.1565014272928238,,,,,,,,,
15,,,56079,,,,,,,,,,0.05616696551442146,,,,,,,,,
15,,,56099,,,,,,,,,,0.02940274588763714,,,,,,,,,
15,,,56119,,,,,,,,,,0.0527803897857666,,,,,,,,,
15,,,56139,,,,,,,,,,0.09726624190807343,,,,,,,,,
15,,,56159,,,,,,,,,,0.06887713819742203,,,,,,,,,
15,,,56179,,,,,,,,,,0.12500478327274323,,,,,,,,,
15,,,56199,,,,,,,,,,0.02001793310046196,,,,,,,,,
15,,,56219,,,,,,,,,,0.015020458027720451,,,,,,,,,
15,,,56239,,,,,,,,,,0.06304170936346054,,,,,,,,,
15,,,56259,,,,,,,,,,0.013244393281638622,,,,,,,,,
15,,,56279,,,,,,,,,,0.03904213383793831,,,,,,,,,
15,,,56299,,,,,,,,,,0.029203088954091072,,,,,,,,,
15,,,56319,,,,,,,,,,0.12623301148414612,,,,,,,,,
15,,,56339,,,,,,,,,,0.05517428368330002,,,,,,,,,
15,,,56359,,,,,,,,,,0.03235718607902527,,,,,,,,,
15,,,56379,,,,,,,,,,0.01668519899249077,,,,,,,,,
15,,,56399,,,,,,,,,,0.04393647611141205,,,,,,,,,
15,,,56419,,,,,,,,,,0.009530559182167053,,,,,,,,,
15,,,56439,,,,,,,,,,0.04026143625378609,,,,,,,,,
15,,,56459,,,,,,,,,,0.025717277079820633,,,,,,,,,
15,,,56479,,,,,,,,,,0.003783995285630226,,,,,,,,,
15,,,56499,,,,,,,,,,0.01597880758345127,,,,,,,,,
15,,,56519,,,,,,,,,,0.09984731674194336,,,,,,,,,
15,,,56539,,,,,,,,,,0.36919698119163513,,,,,,,,,
15,,,56559,,,,,,,,,,0.19310452044010162,,,,,,,,,
15,,,56575,,,,,,,,,,,0.7827397584915161,0.8686885833740234,0.7824570536613464,1.2778499126434326,0.7821768522262573,0.5649163722991943,0.692919135093689,0.8714345693588257,0.7827397584915161
15,,,56575,,,,,,,,0.9692096710205078,0.07619038224220276,,,,,,,,,,
,0.00025606601717798207,0.00025606601717798207,56576,,,,,,,,,,,,,,,,,,,
16,,,56579,,,,,,,,,,0.11372247338294983,,,,,,,,,
16,,,56599,,,,,,,,,,0.011045309714972973,,,,,,,,,
16,,,56619,,,,,,,,,,0.033051714301109314,,,,,,,,,
16,,,56639,,,,,,,,,,0.09302624315023422,,,,,,,,,
16,,,56659,,,,,,,,,,0.07503220438957214,,,,,,,,,
16,,,56679,,,,,,,,,,0.03199395909905434,,,,,,,,,
16,,,56699,,,,,,,,,,0.004672730341553688,,,,,,,,,
16,,,56719,,,,,,,,,,0.021396417170763016,,,,,,,,,
16,,,56739,,,,,,,,,,0.020648617297410965,,,,,,,,,
16,,,56759,,,,,,,,,,0.027792494744062424,,,,,,,,,
16,,,56779,,,,,,,,,,0.03054206818342209,,,,,,,,,
16,,,56799,,,,,,,,,,0.10200216621160507,,,,,,,,,
16,,,56819,,,,,,,,,,0.08079946786165237,,,,,,,,,
16,,,56839,,,,,,,,,,0.044992201030254364,,,,,,,,,
16,,,56859,,,,,,,,,,0.009807700291275978,,,,,,,,,
16,,,56879,,,,,,,,,,0.051901523023843765,,,,,,,,,
16,,,56899,,,,,,,,,,0.05677543580532074,,,,,,,,,
16,,,56919,,,,,,,,,,0.10499599575996399,,,,,,,,,
16,,,56939,,,,,,,,,,0.00908322911709547,,,,,,,,,
16,,,56959,,,,,,,,,,0.032222919166088104,,,,,,,,,
16,,,56979,,,,,,,,,,0.019429273903369904,,,,,,,,,
16,,,56999,,,,,,,,,,0.00960298627614975,,,,,,,,,
16,,,57019,,,,,,,,,,0.028136108070611954,,,,,,,,,
16,,,57039,,,,,,,,,,0.04135596379637718,,,,,,,,,
16,,,57059,,,,,,,,,,0.010882742702960968,,,,,,,,,
16,,,57079,,,,,,,,,,0.1202496811747551,,,,,,,,,
16,,,57099,,,,,,,,,,0.032885488122701645,,,,,,,,,
16,,,57119,,,,,,,,,,0.059918470680713654,,,,,,,,,
16,,,57139,,,,,,,,,,0.03460970148444176,,,,,,,,,
16,,,57159,,,,,,,,,,0.036180660128593445,,,,,,,,,
16,,,57179,,,,,,,,,,0.09733359515666962,,,,,,,,,
16,,,57199,,,,,,,,,,0.048537276685237885,,,,,,,,,
16,,,57219,,,,,,,,,,0.06618639826774597,,,,,,,,,
16,,,57239,,,,,,,,,,0.02643529511988163,,,,,,,,,
16,,,57259,,,,,,,,,,0.012058218009769917,,,,,,,,,
16,,,57279,,,,,,,,,,0.201938658952713,,,,,,,,,
16,,,57299,,,,,,,,,,0.029782766476273537,,,,,,,,,
16,,,57319,,,,,,,,,,0.2736035883426666,,,,,,,,,
16,,,57339,,,,,,,,,,0.05868370085954666,,,,,,,,,
16,,,57359,,,,,,,,,,0.012498553842306137,,,,,,,,,
16,,,57379,,,,,,,,,,0.09363842010498047,,,,,,,,,
16,,,57399,,,,,,,,,,0.022017711773514748,,,,,,,,,
16,,,57419,,,,,,,,,,0.05022187530994415,,,,,,,,,
16,,,57439,,,,,,,,,,0.010434288531541824,,,,,,,,,
16,,,57459,,,,,,,,,,0.16749629378318787,,,,,,,,,
16,,,57479,,,,,,,,,,0.03733614459633827,,,,,,,,,
16,,,57499,,,,,,,,,,0.05881199985742569,,,,,,,,,
16,,,57519,,,,,,,,,,0.0531625933945179,,,,,,,,,
16,,,57539,,,,,,,,,,0.07144814729690552,,,,,,,,,
16,,,57559,,,,,,,,,,0.05758530646562576,,,,,,,,,
16,,,57579,,,,,,,,,,0.04132761433720589,,,,,,,,,
16,,,57599,,,,,,,,,,0.07031039893627167,,,,,,,,,
16,,,57619,,,,,,,,,,0.03060605376958847,,,,,,,,,
16,,,57639,,,,,,,,,,0.009770672768354416,,,,,,,,,
16,,,57659,,,,,,,,,,0.02355370670557022,,,,,,,,,
16,,,57679,,,,,,,,,,0.18759779632091522,,,,,,,,,
16,,,57699,,,,,,,,,,0.07882066071033478,,,,,,,,,
16,,,57719,,,,,,,,,,0.01729010045528412,,,,,,,,,
16,,,57739,,,,,,,,,,0.014984114095568657,,,,,,,,,
16,,,57759,,,,,,,,,,0.07745467871427536,,,,,,,,,
16,,,57779,,,,,,,,,,0.003816160373389721,,,,,,,,,
16,,,57799,,,,,,,,,,0.019453121349215508,,,,,,,,,
16,,,57819,,,,,,,,,,0.008532044477760792,,,,,,,,,
16,,,57839,,,,,,,,,,0.07287123799324036,,,,,,,,,
16,,,57859,,,,,,,,,,0.1119057759642601,,,,,,,,,
16,,,57879,,,,,,,,,,0.005724720656871796,,,,,,,,,
16,,,57899,,,,,,,,,,0.05038051679730415,,,,,,,,,
16,,,57919,,,,,,,,,,0.17004340887069702,,,,,,,,,
16,,,57939,,,,,,,,,,0.007542026229202747,,,,,,,,,
16,,,57959,,,,,,,,,,0.06965360790491104,,,,,,,,,
16,,,57979,,,,,,,,,,0.13380566239356995,,,,,,,,,
16,,,57999,,,,,,,,,,0.18574562668800354,,,,,,,,,
16,,,58019,,,,,,,,,,0.053400419652462006,,,,,,,,,
16,,,58039,,,,,,,,,,0.0396939292550087,,,,,,,,,
16,,,58059,,,,,,,,,,0.15081585943698883,,,,,,,,,
16,,,58079,,,,,,,,,,0.09962920099496841,,,,,,,,,
16,,,58099,,,,,,,,,,0.004174661822617054,,,,,,,,,
16,,,58119,,,,,,,,,,0.012794099748134613,,,,,,,,,
16,,,58139,,,,,,,,,,0.04759540036320686,,,,,,,,,
16,,,58159,,,,,,,,,,0.037885382771492004,,,,,,,,,
16,,,58179,,,,,,,,,,0.03602106124162674,,,,,,,,,
16,,,58199,,,,,,,,,,0.023127608001232147,,,,,,,,,
16,,,58219,,,,,,,,,,0.09852046519517899,,,,,,,,,
16,,,58239,,,,,,,,,,0.05689028277993202,,,,,,,,,
16,,,58259,,,,,,,,,,0.12891913950443268,,,,,,,,,
16,,,58279,,,,,,,,,,0.06472457945346832,,,,,,,,,
16,,,58299,,,,,,,,,,0.015086844563484192,,,,,,,,,
16,,,58319,,,,,,,,,,0.034065958112478256,,,,,,,,,
16,,,58339,,,,,,,,,,0.05870953947305679,,,,,,,,,
16,,,58359,,,,,,,,,,0.11922606825828552,,,,,,,,,
16,,,58379,,,,,,,,,,0.1317097246646881,,,,,,,,,
16,,,58399,,,,,,,,,,0.058066580444574356,,,,,,,,,
16,,,58419,,,,,,,,,,0.08192271739244461,,,,,,,,,
16,,,58439,,,,,,,,,,0.022008946165442467,,,,,,,,,
16,,,58459,,,,,,,,,,0.16875018179416656,,,,,,,,,
16,,,58479,,,,,,,,,,0.044360093772411346,,,,,,,,,
16,,,58499,,,,,,,,,,0.027237216010689735,,,,,,,,,
16,,,58519,,,,,,,,,,0.14873763918876648,,,,,,,,,
16,,,58539,,,,,,,,,,0.027050059288740158,,,,,,,,,
16,,,58559,,,,,,,,,,0.05926742032170296,,,,,,,,,
16,,,58579,,,,,,,,,,0.09486961364746094,,,,,,,,,
16,,,58599,,,,,,,,,,0.08243732899427414,,,,,,,,,
16,,,58619,,,,,,,,,,0.12525440752506256,,,,,,,,,
16,,,58639,,,,,,,,,,0.00520259840413928,,,,,,,,,
16,,,58659,,,,,,,,,,0.018126215785741806,,,,,,,,,
16,,,58679,,,,,,,,,,0.0853782668709755,,,,,,,,,
16,,,58699,,,,,,,,,,0.05214938893914223,,,,,,,,,
16,,,58719,,,,,,,,,,0.1872856765985489,,,,,,,,,
16,,,58739,,,,,,,,,,0.2273527979850769,,,,,,,,,
16,,,58759,,,,,,,,,,0.006737890653312206,,,,,,,,,
16,,,58779,,,,,,,,,,0.0749298483133316,,,,,,,,,
16,,,58799,,,,,,,,,,0.03600553423166275,,,,,,,,,
16,,,58819,,,,,,,,,,0.011933332309126854,,,,,,,,,
16,,,58839,,,,,,,,,,0.019497541710734367,,,,,,,,,
16,,,58859,,,,,,,,,,0.06283269077539444,,,,,,,,,
16,,,58879,,,,,,,,,,0.15142139792442322,,,,,,,,,
16,,,58899,,,,,,,,,,0.10134880989789963,,,,,,,,,
16,,,58919,,,,,,,,,,0.11371467262506485,,,,,,,,,
16,,,58939,,,,,,,,,,0.06197031959891319,,,,,,,,,
16,,,58959,,,,,,,,,,0.16418276727199554,,,,,,,,,
16,,,58979,,,,,,,,,,0.09264378249645233,,,,,,,,,
16,,,58999,,,,,,,,,,0.12564687430858612,,,,,,,,,
16,,,59019,,,,,,,,,,0.09255921095609665,,,,,,,,,
16,,,59039,,,,,,,,,,0.003321631345897913,,,,,,,,,
16,,,59059,,,,,,,,,,0.03470808267593384,,,,,,,,,
16,,,59079,,,,,,,,,,0.046597257256507874,,,,,,,,,
16,,,59099,,,,,,,,,,0.02796787954866886,,,,,,,,,
16,,,59119,,,,,,,,,,0.039422351866960526,,,,,,,,,
16,,,59139,,,,,,,,,,0.05490235611796379,,,,,,,,,
16,,,59159,,,,,,,,,,0.040785931050777435,,,,,,,,,
16,,,59179,,,,,,,,,,0.06752955168485641,,,,,,,,,
16,,,59199,,,,,,,,,,0.00424932362511754,,,,,,,,,
16,,,59219,,,,,,,,,,0.013472337275743484,,,,,,,,,
16,,,59239,,,,,,,,,,0.027442151680588722,,,,,,,,,
16,,,59259,,,,,,,,,,0.02169637754559517,,,,,,,,,
16,,,59279,,,,,,,,,,0.08267326653003693,,,,,,,,,
16,,,59299,,,,,,,,,,0.04558650776743889,,,,,,,,,
16,,,59319,,,,,,,,,,0.01362781785428524,,,,,,,,,
16,,,59339,,,,,,,,,,0.09680207073688507,,,,,,,,,
16,,,59359,,,,,,,,,,0.12777312099933624,,,,,,,,,
16,,,59379,,,,,,,,,,0.050282932817935944,,,,,,,,,
16,,,59399,,,,,,,,,,0.0314011424779892,,,,,,,,,
16,,,59419,,,,,,,,,,0.08915175497531891,,,,,,,,,
16,,,59439,,,,,,,,,,0.1089286133646965,,,,,,,,,
16,,,59459,,,,,,,,,,0.01273302175104618,,,,,,,,,
16,,,59479,,,,,,,,,,0.022886693477630615,,,,,,,,,
16,,,59499,,,,,,,,,,0.14767180383205414,,,,,,,,,
16,,,59519,,,,,,,,,,0.028712837025523186,,,,,,,,,
16,,,59539,,,,,,,,,,0.06049196049571037,,,,,,,,,
16,,,59559,,,,,,,,,,0.03822534903883934,,,,,,,,,
16,,,59579,,,,,,,,,,0.23616033792495728,,,,,,,,,
16,,,59599,,,,,,,,,,0.022340353578329086,,,,,,,,,
16,,,59619,,,,,,,,,,0.004404345527291298,,,,,,,,,
16,,,59639,,,,,,,,,,0.17032314836978912,,,,,,,,,
16,,,59659,,,,,,,,,,0.05016176775097847,,,,,,,,,
16,,,59679,,,,,,,,,,0.10196086019277573,,,,,,,,,
16,,,59699,,,,,,,,,,0.26559484004974365,,,,,,,,,
16,,,59719,,,,,,,,,,0.029270214959979057,,,,,,,,,
16,,,59739,,,,,,,,,,0.06260794401168823,,,,,,,,,
16,,,59759,,,,,,,,,,0.048186637461185455,,,,,,,,,
16,,,59779,,,,,,,,,,0.08597131073474884,,,,,,,,,
16,,,59799,,,,,,,,,,0.006511656567454338,,,,,,,,,
16,,,59819,,,,,,,,,,0.03159043937921524,,,,,,,,,
16,,,59839,,,,,,,,,,0.014591190963983536,,,,,,,,,
16,,,59859,,,,,,,,,,0.06909828633069992,,,,,,,,,
16,,,59879,,,,,,,,,,0.1508912295103073,,,,,,,,,
16,,,59899,,,,,,,,,,0.019310269504785538,,,,,,,,,
16,,,59919,,,,,,,,,,0.028772026300430298,,,,,,,,,
16,,,59939,,,,,,,,,,0.02239350974559784,,,,,,,,,
16,,,59959,,,,,,,,,,0.014986719004809856,,,,,,,,,
16,,,59979,,,,,,,,,,0.18111348152160645,,,,,,,,,
16,,,59999,,,,,,,,,,0.015140301547944546,,,,,,,,,
16,,,60019,,,,,,,,,,0.14730674028396606,,,,,,,,,
16,,,60039,,,,,,,,,,0.003706403076648712,,,,,,,,,
16,,,60059,,,,,,,,,,0.06763524562120438,,,,,,,,,
16,,,60079,,,,,,,,,,0.030057597905397415,,,,,,,,,
16,,,60099,,,,,,,,,,0.014854036271572113,,,,,,,,,
16,,,60111,,,,,,,,,,,0.78581702709198,0.8656727075576782,0.7471058368682861,1.3120639324188232,0.7427538633346558,0.5268138647079468,0.5715389847755432,0.9139688014984131,0.78581702709198
16,,,60111,,,,,,,,0.970808744430542,0.07193005830049515,,,,,,,,,,
,0.0002451589926245468,0.0002451589926245468,60112,,,,,,,,,,,,,,,,,,,
17,,,60119,,,,,,,,,,0.020789621397852898,,,,,,,,,
17,,,60139,,,,,,,,,,0.10670940577983856,,,,,,,,,
17,,,60159,,,,,,,,,,0.13682571053504944,,,,,,,,,
17,,,60179,,,,,,,,,,0.022429585456848145,,,,,,,,,
17,,,60199,,,,,,,,,,0.10334393382072449,,,,,,,,,
17,,,60219,,,,,,,,,,0.005882280878722668,,,,,,,,,
17,,,60239,,,,,,,,,,0.015379371121525764,,,,,,,,,
17,,,60259,,,,,,,,,,0.20653896033763885,,,,,,,,,
17,,,60279,,,,,,,,,,0.038833171129226685,,,,,,,,,
17,,,60299,,,,,,,,,,0.000587195681873709,,,,,,,,,
17,,,60319,,,,,,,,,,0.041521307080984116,,,,,,,,,
17,,,60339,,,,,,,,,,0.05358213186264038,,,,,,,,,
17,,,60359,,,,,,,,,,0.07120521366596222,,,,,,,,,
17,,,60379,,,,,,,,,,0.004111763089895248,,,,,,,,,
17,,,60399,,,,,,,,,,0.0010564466938376427,,,,,,,,,
17,,,60419,,,,,,,,,,0.09587115049362183,,,,,,,,,
17,,,60439,,,,,,,,,,0.005697718355804682,,,,,,,,,
17,,,60459,,,,,,,,,,0.00825603399425745,,,,,,,,,
17,,,60479,,,,,,,,,,0.013045795261859894,,,,,,,,,
17,,,60499,,,,,,,,,,0.12343677133321762,,,,,,,,,
17,,,60519,,,,,,,,,,0.07366281747817993,,,,,,,,,
17,,,60539,,,,,,,,,,0.08329956233501434,,,,,,,,,
17,,,60559,,,,,,,,,,0.15972845256328583,,,,,,,,,
17,,,60579,,,,,,,,,,0.019618498161435127,,,,,,,,,
17,,,60599,,,,,,,,,,0.008822398260235786,,,,,,,,,
17,,,60619,,,,,,,,,,0.01814395934343338,,,,,,,,,
17,,,60639,,,,,,,,,,0.0686577782034874,,,,,,,,,
17,,,60659,,,,,,,,,,0.044533584266901016,,,,,,,,,
17,,,60679,,,,,,,,,,0.04725436121225357,,,,,,,,,
17,,,60699,,,,,,,,,,0.12689559161663055,,,,,,,,,
17,,,60719,,,,,,,,,,0.11927105486392975,,,,,,,,,
17,,,60739,,,,,,,,,,0.004566775634884834,,,,,,,,,
17,,,60759,,,,,,,,,,0.20831799507141113,,,,,,,,,
17,,,60779,,,,,,,,,,0.020862581208348274,,,,,,,,,
17,,,60799,,,,,,,,,,0.06183987483382225,,,,,,,,,
17,,,60819,,,,,,,,,,0.016686415299773216,,,,,,,,,
17,,,60839,,,,,,,,,,0.07889833301305771,,,,,,,,,
17,,,60859,,,,,,,,,,0.07587211579084396,,,,,,,,,
17,,,60879,,,,,,,,,,0.020832423120737076,,,,,,,,,
17,,,60899,,,,,,,,,,0.007526007480919361,,,,,,,,,
17,,,60919,,,,,,,,,,0.026126086711883545,,,,,,,,,
17,,,60939,,,,,,,,,,0.06172187998890877,,,,,,,,,
17,,,60959,,,,,,,,,,0.25377127528190613,,,,,,,,,
17,,,60979,,,,,,,,,,0.022441158071160316,,,,,,,,,
17,,,60999,,,,,,,,,,0.03171515837311745,,,,,,,,,
17,,,61019,,,,,,,,,,0.19792328774929047,,,,,,,,,
17,,,61039,,,,,,,,,,0.021534191444516182,,,,,,,,,
17,,,61059,,,,,,,,,,0.07911853492259979,,,,,,,,,
17,,,61079,,,,,,,,,,0.08411949872970581,,,,,,,,,
17,,,61099,,,,,,,,,,0.14481449127197266,,,,,,,,,
17,,,61119,,,,,,,,,,0.20884184539318085,,,,,,,,,
17,,,61139,,,,,,,,,,0.17671282589435577,,,,,,,,,
17,,,61159,,,,,,,,,,0.0359857976436615,,,,,,,,,
17,,,61179,,,,,,,,,,0.05082421004772186,,,,,,,,,
17,,,61199,,,,,,,,,,0.07714647799730301,,,,,,,,,
17,,,61219,,,,,,,,,,0.009135059081017971,,,,,,,,,
17,,,61239,,,,,,,,,,0.06817170977592468,,,,,,,,,
17,,,61259,,,,,,,,,,0.021793466061353683,,,,,,,,,
17,,,61279,,,,,,,,,,0.1130405142903328,,,,,,,,,
17,,,61299,,,,,,,,,,0.043359629809856415,,,,,,,,,
17,,,61319,,,,,,,,,,0.03882762789726257,,,,,,,,,
17,,,61339,,,,,,,,,,0.03825081139802933,,,,,,,,,
17,,,61359,,,,,,,,,,0.04199039191007614,,,,,,,,,
17,,,61379,,,,,,,,,,0.2579018473625183,,,,,,,,,
17,,,61399,,,,,,,,,,0.03218627721071243,,,,,,,,,
17,,,61419,,,,,,,,,,0.24337822198867798,,,,,,,,,
17,,,61439,,,,,,,,,,0.06880376487970352,,,,,,,,,
17,,,61459,,,,,,,,,,0.038297608494758606,,,,,,,,,
17,,,61479,,,,,,,,,,0.05564742535352707,,,,,,,,,
17,,,61499,,,,,,,,,,0.06717228144407272,,,,,,,,,
17,,,61519,,,,,,,,,,0.005139055661857128,,,,,,,,,
17,,,61539,,,,,,,,,,0.040685273706912994,,,,,,,,,
17,,,61559,,,,,,,,,,0.04071788862347603,,,,,,,,,
17,,,61579,,,,,,,,,,0.03807747736573219,,,,,,,,,
17,,,61599,,,,,,,,,,0.011400006711483002,,,,,,,,,
17,,,61619,,,,,,,,,,0.19322580099105835,,,,,,,,,
17,,,61639,,,,,,,,,,0.01167234405875206,,,,,,,,,
17,,,61659,,,,,,,,,,0.02338060550391674,,,,,,,,,
17,,,61679,,,,,,,,,,0.029061727225780487,,,,,,,,,
17,,,61699,,,,,,,,,,0.2035289704799652,,,,,,,,,
17,,,61719,,,,,,,,,,0.008340395987033844,,,,,,,,,
17,,,61739,,,,,,,,,,0.07109346985816956,,,,,,,,,
17,,,61759,,,,,,,,,,0.003849647007882595,,,,,,,,,
17,,,61779,,,,,,,,,,0.006375179626047611,,,,,,,,,
17,,,61799,,,,,,,,,,0.07623753696680069,,,,,,,,,
17,,,61819,,,,,,,,,,0.2008773386478424,,,,,,,,,
17,,,61839,,,,,,,,,,0.1208990141749382,,,,,,,,,
17,,,61859,,,,,,,,,,0.1313110589981079,,,,,,,,,
17,,,61879,,,,,,,,,,0.005020699463784695,,,,,,,,,
17,,,61899,,,,,,,,,,0.4269096255302429,,,,,,,,,
17,,,61919,,,,,,,,,,0.028191661462187767,,,,,,,,,
17,,,61939,,,,,,,,,,0.02186180278658867,,,,,,,,,
17,,,61959,,,,,,,,,,0.024578727781772614,,,,,,,,,
17,,,61979,,,,,,,,,,0.048643894493579865,,,,,,,,,
17,,,61999,,,,,,,,,,0.17113633453845978,,,,,,,,,
17,,,62019,,,,,,,,,,0.02115177921950817,,,,,,,,,
17,,,62039,,,,,,,,,,0.13316966593265533,,,,,,,,,
17,,,62059,,,,,,,,,,0.06653425097465515,,,,,,,,,
17,,,62079,,,,,,,,,,0.1788322627544403,,,,,,,,,
17,,,62099,,,,,,,,,,0.27584749460220337,,,,,,,,,
17,,,62119,,,,,,,,,,0.010736003518104553,,,,,,,,,
17,,,62139,,,,,,,,,,0.04099155217409134,,,,,,,,,
17,,,62159,,,,,,,,,,0.03860093653202057,,,,,,,,,
17,,,62179,,,,,,,,,,0.08474818617105484,,,,,,,,,
17,,,62199,,,,,,,,,,0.0674859955906868,,,,,,,,,
17,,,62219,,,,,,,,,,0.053676314651966095,,,,,,,,,
17,,,62239,,,,,,,,,,0.025114288553595543,,,,,,,,,
17,,,62259,,,,,,,,,,0.005038734525442123,,,,,,,,,
17,,,62279,,,,,,,,,,0.0024715536274015903,,,,,,,,,
17,,,62299,,,,,,,,,,0.05718068778514862,,,,,,,,,
17,,,62319,,,,,,,,,,0.056634869426488876,,,,,,,,,
17,,,62339,,,,,,,,,,0.006845839321613312,,,,,,,,,
17,,,62359,,,,,,,,,,0.000977681833319366,,,,,,,,,
17,,,62379,,,,,,,,,,0.11109364032745361,,,,,,,,,
17,,,62399,,,,,,,,,,0.030544841662049294,,,,,,,,,
17,,,62419,,,,,,,,,,0.07355089485645294,,,,,,,,,
17,,,62439,,,,,,,,,,0.0041352929547429085,,,,,,,,,
17,,,62459,,,,,,,,,,0.1258765608072281,,,,,,,,,
17,,,62479,,,,,,,,,,0.18577639758586884,,,,,,,,,
17,,,62499,,,,,,,,,,0.07017187774181366,,,,,,,,,
17,,,62519,,,,,,,,,,0.007011825684458017,,,,,,,,,
17,,,62539,,,,,,,,,,0.012555084191262722,,,,,,,,,
17,,,62559,,,,,,,,,,0.040898822247982025,,,,,,,,,
17,,,62579,,,,,,,,,,0.16683898866176605,,,,,,,,,
17,,,62599,,,,,,,,,,0.06455602496862411,,,,,,,,,
17,,,62619,,,,,,,,,,0.024785319343209267,,,,,,,,,
17,,,62639,,,,,,,,,,0.00612806249409914,,,,,,,,,
17,,,62659,,,,,,,,,,0.10264787077903748,,,,,,,,,
17,,,62679,,,,,,,,,,0.037358105182647705,,,,,,,,,
17,,,62699,,,,,,,,,,0.028808601200580597,,,,,,,,,
17,,,62719,,,,,,,,,,0.07306887954473495,,,,,,,,,
17,,,62739,,,,,,,,,,0.10755273699760437,,,,,,,,,
17,,,62759,,,,,,,,,,0.02262367680668831,,,,,,,,,
17,,,62779,,,,,,,,,,0.02870633639395237,,,,,,,,,
17,,,62799,,,,,,,,,,0.0015482876915484667,,,,,,,,,
17,,,62819,,,,,,,,,,0.11932694166898727,,,,,,,,,
17,,,62839,,,,,,,,,,0.11696912348270416,,,,,,,,,
17,,,62859,,,,,,,,,,0.10493876039981842,,,,,,,,,
17,,,62879,,,,,,,,,,0.029906461015343666,,,,,,,,,
17,,,62899,,,,,,,,,,0.09826034307479858,,,,,,,,,
17,,,62919,,,,,,,,,,0.02330104261636734,,,,,,,,,
17,,,62939,,,,,,,,,,0.13320285081863403,,,,,,,,,
17,,,62959,,,,,,,,,,0.01736014522612095,,,,,,,,,
17,,,62979,,,,,,,,,,0.1388867199420929,,,,,,,,,
17,,,62999,,,,,,,,,,0.0764731839299202,,,,,,,,,
17,,,63019,,,,,,,,,,0.005859603174030781,,,,,,,,,
17,,,63039,,,,,,,,,,0.0076277777552604675,,,,,,,,,
17,,,63059,,,,,,,,,,0.13054174184799194,,,,,,,,,
17,,,63079,,,,,,,,,,0.13167701661586761,,,,,,,,,
17,,,63099,,,,,,,,,,0.024111783131957054,,,,,,,,,
17,,,63119,,,,,,,,,,0.18545293807983398,,,,,,,,,
17,,,63139,,,,,,,,,,0.002434296766296029,,,,,,,,,
17,,,63159,,,,,,,,,,0.07942641526460648,,,,,,,,,
17,,,63179,,,,,,,,,,0.14880259335041046,,,,,,,,,
17,,,63199,,,,,,,,,,0.10801346600055695,,,,,,,,,
17,,,63219,,,,,,,,,,0.012315325438976288,,,,,,,,,
17,,,63239,,,,,,,,,,0.19050055742263794,,,,,,,,,
17,,,63259,,,,,,,,,,0.0055598728358745575,,,,,,,,,
17,,,63279,,,,,,,,,,0.03782784193754196,,,,,,,,,
17,,,63299,,,,,,,,,,0.06634034216403961,,,,,,,,,
17,,,63319,,,,,,,,,,0.12090887129306793,,,,,,,,,
17,,,63339,,,,,,,,,,0.001943835522979498,,,,,,,,,
17,,,63359,,,,,,,,,,0.024563441053032875,,,,,,,,,
17,,,63379,,,,,,,,,,0.0286044180393219,,,,,,,,,
17,,,63399,,,,,,,,,,0.1262255609035492,,,,,,,,,
17,,,63419,,,,,,,,,,0.0985136404633522,,,,,,,,,
17,,,63439,,,,,,,,,,0.0413421131670475,,,,,,,,,
17,,,63459,,,,,,,,,,0.10781334340572357,,,,,,,,,
17,,,63479,,,,,,,,,,0.10316231101751328,,,,,,,,,
17,,,63499,,,,,,,,,,0.09022624790668488,,,,,,,,,
17,,,63519,,,,,,,,,,0.0010076063917949796,,,,,,,,,
17,,,63539,,,,,,,,,,0.0025119027122855186,,,,,,,,,
17,,,63559,,,,,,,,,,0.023041393607854843,,,,,,,,,
17,,,63579,,,,,,,,,,0.09998833388090134,,,,,,,,,
17,,,63599,,,,,,,,,,0.2590899169445038,,,,,,,,,
17,,,63619,,,,,,,,,,0.003943001385778189,,,,,,,,,
17,,,63639,,,,,,,,,,0.040407486259937286,,,,,,,,,
17,,,63647,,,,,,,,,,,0.8001209497451782,0.8761734962463379,0.7614448070526123,1.233770728111267,0.755608081817627,0.5539433360099792,0.5886139869689941,0.9226022362709045,0.8001209497451782
17,,,63647,,,,,,,,0.9735307693481445,0.06573711335659027,,,,,,,,,,
,0.0002333355349529403,0.0002333355349529403,63648,,,,,,,,,,,,,,,,,,,
18,,,63659,,,,,,,,,,0.01760052889585495,,,,,,,,,
18,,,63679,,,,,,,,,,0.028697293251752853,,,,,,,,,
18,,,63699,,,,,,,,,,0.10404076427221298,,,,,,,,,
18,,,63719,,,,,,,,,,0.24756239354610443,,,,,,,,,
18,,,63739,,,,,,,,,,0.0061788419261574745,,,,,,,,,
18,,,63759,,,,,,,,,,0.05997135490179062,,,,,,,,,
18,,,63779,,,,,,,,,,0.00646068574860692,,,,,,,,,
18,,,63799,,,,,,,,,,0.10286695510149002,,,,,,,,,
18,,,63819,,,,,,,,,,0.014577721245586872,,,,,,,,,
18,,,63839,,,,,,,,,,0.016446242108941078,,,,,,,,,
18,,,63859,,,,,,,,,,0.11338513344526291,,,,,,,,,
18,,,63879,,,,,,,,,,0.006248282268643379,,,,,,,,,
18,,,63899,,,,,,,,,,0.040145184844732285,,,,,,,,,
18,,,63919,,,,,,,,,,0.15874217450618744,,,,,,,,,
18,,,63939,,,,,,,,,,0.08376462012529373,,,,,,,,,
18,,,63959,,,,,,,,,,0.056298717856407166,,,,,,,,,
18,,,63979,,,,,,,,,,0.04938481003046036,,,,,,,,,
18,,,63999,,,,,,,,,,0.0027321132365614176,,,,,,,,,
18,,,64019,,,,,,,,,,0.1275555044412613,,,,,,,,,
18,,,64039,,,,,,,,,,0.024782391265034676,,,,,,,,,
18,,,64059,,,,,,,,,,0.01149391196668148,,,,,,,,,
18,,,64079,,,,,,,,,,0.002913522534072399,,,,,,,,,
18,,,64099,,,,,,,,,,0.30886268615722656,,,,,,,,,
18,,,64119,,,,,,,,,,0.2143363058567047,,,,,,,,,
18,,,64139,,,,,,,,,,0.007080056704580784,,,,,,,,,
18,,,64159,,,,,,,,,,0.10293251276016235,,,,,,,,,
18,,,64179,,,,,,,,,,0.027756042778491974,,,,,,,,,
18,,,64199,,,,,,,,,,0.08956047892570496,,,,,,,,,
18,,,64219,,,,,,,,,,0.10437440872192383,,,,,,,,,
18,,,64239,,,,,,,,,,0.009998029097914696,,,,,,,,,
18,,,64259,,,,,,,,,,0.03766395524144173,,,,,,,,,
18,,,64279,,,,,,,,,,0.04205198585987091,,,,,,,,,
18,,,64299,,,,,,,,,,0.08937670290470123,,,,,,,,,
18,,,64319,,,,,,,,,,0.10779360681772232,,,,,,,,,
18,,,64339,,,,,,,,,,0.000933827948756516,,,,,,,,,
18,,,64359,,,,,,,,,,0.0031884892378002405,,,,,,,,,
18,,,64379,,,,,,,,,,0.001974725164473057,,,,,,,,,
18,,,64399,,,,,,,,,,0.025027483701705933,,,,,,,,,
18,,,64419,,,,,,,,,,0.04846943914890289,,,,,,,,,
18,,,64439,,,,,,,,,,0.09246358275413513,,,,,,,,,
18,,,64459,,,,,,,,,,0.07345011830329895,,,,,,,,,
18,,,64479,,,,,,,,,,0.013529776595532894,,,,,,,,,
18,,,64499,,,,,,,,,,0.028443556278944016,,,,,,,,,
18,,,64519,,,,,,,,,,0.27931755781173706,,,,,,,,,
18,,,64539,,,,,,,,,,0.15712687373161316,,,,,,,,,
18,,,64559,,,,,,,,,,0.0007627343293279409,,,,,,,,,
18,,,64579,,,,,,,,,,0.006900714710354805,,,,,,,,,
18,,,64599,,,,,,,,,,0.05565500259399414,,,,,,,,,
18,,,64619,,,,,,,,,,0.07229585945606232,,,,,,,,,
18,,,64639,,,,,,,,,,0.03105718269944191,,,,,,,,,
18,,,64659,,,,,,,,,,0.019027650356292725,,,,,,,,,
18,,,64679,,,,,,,,,,0.15645265579223633,,,,,,,,,
18,,,64699,,,,,,,,,,0.04077829793095589,,,,,,,,,
18,,,64719,,,,,,,,,,0.0936950296163559,,,,,,,,,
18,,,64739,,,,,,,,,,0.017596133053302765,,,,,,,,,
18,,,64759,,,,,,,,,,0.0018601971678435802,,,,,,,,,
18,,,64779,,,,,,,,,,0.04738980531692505,,,,,,,,,
18,,,64799,,,,,,,,,,0.1317353993654251,,,,,,,,,
18,,,64819,,,,,,,,,,0.02256755717098713,,,,,,,,,
18,,,64839,,,,,,,,,,0.1937243938446045,,,,,,,,,
18,,,64859,,,,,,,,,,0.06199086457490921,,,,,,,,,
18,,,64879,,,,,,,,,,0.002930816262960434,,,,,,,,,
18,,,64899,,,,,,,,,,0.1431398242712021,,,,,,,,,
18,,,64919,,,,,,,,,,0.002035341691225767,,,,,,,,,
18,,,64939,,,,,,,,,,0.23336702585220337,,,,,,,,,
18,,,64959,,,,,,,,,,0.16980604827404022,,,,,,,,,
18,,,64979,,,,,,,,,,0.06502071022987366,,,,,,,,,
18,,,64999,,,,,,,,,,0.04446499049663544,,,,,,,,,
18,,,65019,,,,,,,,,,0.0520661398768425,,,,,,,,,
18,,,65039,,,,,,,,,,0.020921053364872932,,,,,,,,,
18,,,65059,,,,,,,,,,0.03458704799413681,,,,,,,,,
18,,,65079,,,,,,,,,,0.0018387313466519117,,,,,,,,,
18,,,65099,,,,,,,,,,0.0011830921284854412,,,,,,,,,
18,,,65119,,,,,,,,,,0.0012677425984293222,,,,,,,,,
18,,,65139,,,,,,,,,,0.050586383789777756,,,,,,,,,
18,,,65159,,,,,,,,,,0.01660589687526226,,,,,,,,,
18,,,65179,,,,,,,,,,0.017680928111076355,,,,,,,,,
18,,,65199,,,,,,,,,,0.08713740110397339,,,,,,,,,
18,,,65219,,,,,,,,,,0.05425948649644852,,,,,,,,,
18,,,65239,,,,,,,,,,0.048819124698638916,,,,,,,,,
18,,,65259,,,,,,,,,,0.022265160456299782,,,,,,,,,
18,,,65279,,,,,,,,,,0.15623696148395538,,,,,,,,,
18,,,65299,,,,,,,,,,0.04983224347233772,,,,,,,,,
18,,,65319,,,,,,,,,,0.07065460830926895,,,,,,,,,
18,,,65339,,,,,,,,,,0.007511542644351721,,,,,,,,,
18,,,65359,,,,,,,,,,0.06640639901161194,,,,,,,,,
18,,,65379,,,,,,,,,,0.1005680039525032,,,,,,,,,
18,,,65399,,,,,,,,,,0.06990958005189896,,,,,,,,,
18,,,65419,,,,,,,,,,0.026460302993655205,,,,,,,,,
18,,,65439,,,,,,,,,,0.001383767812512815,,,,,,,,,
18,,,65459,,,,,,,,,,0.024547584354877472,,,,,,,,,
18,,,65479,,,,,,,,,,0.05857810378074646,,,,,,,,,
18,,,65499,,,,,,,,,,0.08612237125635147,,,,,,,,,
18,,,65519,,,,,,,,,,0.004222409334033728,,,,,,,,,
18,,,65539,,,,,,,,,,0.09867795556783676,,,,,,,,,
18,,,65559,,,,,,,,,,0.003602714277803898,,,,,,,,,
18,,,65579,,,,,,,,,,0.05276382714509964,,,,,,,,,
18,,,65599,,,,,,,,,,0.0015895781107246876,,,,,,,,,
18,,,65619,,,,,,,,,,0.0021079247817397118,,,,,,,,,
18,,,65639,,,,,,,,,,0.14279527962207794,,,,,,,,,
18,,,65659,,,,,,,,,,0.010398396290838718,,,,,,,,,
18,,,65679,,,,,,,,,,0.02258329838514328,,,,,,,,,
18,,,65699,,,,,,,,,,0.021317951381206512,,,,,,,,,
18,,,65719,,,,,,,,,,0.12684603035449982,,,,,,,,,
18,,,65739,,,,,,,,,,0.0714438259601593,,,,,,,,,
18,,,65759,,,,,,,,,,0.08622029423713684,,,,,,,,,
18,,,65779,,,,,,,,,,0.006905589252710342,,,,,,,,,
18,,,65799,,,,,,,,,,0.15953229367733002,,,,,,,,,
18,,,65819,,,,,,,,,,0.018000371754169464,,,,,,,,,
18,,,65839,,,,,,,,,,0.1640452742576599,,,,,,,,,
18,,,65859,,,,,,,,,,0.046433527022600174,,,,,,,,,
18,,,65879,,,,,,,,,,0.25973257422447205,,,,,,,,,
18,,,65899,,,,,,,,,,0.3379882872104645,,,,,,,,,
18,,,65919,,,,,,,,,,0.017773304134607315,,,,,,,,,
18,,,65939,,,,,,,,,,0.014764662832021713,,,,,,,,,
18,,,65959,,,,,,,,,,0.02790825441479683,,,,,,,,,
18,,,65979,,,,,,,,,,0.1683683842420578,,,,,,,,,
18,,,65999,,,,,,,,,,0.01121196337044239,,,,,,,,,
18,,,66019,,,,,,,,,,0.04522308334708214,,,,,,,,,
18,,,66039,,,,,,,,,,0.038585349917411804,,,,,,,,,
18,,,66059,,,,,,,,,,0.041872408241033554,,,,,,,,,
18,,,66079,,,,,,,,,,0.042922720313072205,,,,,,,,,
18,,,66099,,,,,,,,,,0.057703740894794464,,,,,,,,,
18,,,66119,,,,,,,,,,0.06473535299301147,,,,,,,,,
18,,,66139,,,,,,,,,,0.19960102438926697,,,,,,,,,
18,,,66159,,,,,,,,,,0.12261040508747101,,,,,,,,,
18,,,66179,,,,,,,,,,0.2145063281059265,,,,,,,,,
18,,,66199,,,,,,,,,,0.10142268240451813,,,,,,,,,
18,,,66219,,,,,,,,,,0.03224378451704979,,,,,,,,,
18,,,66239,,,,,,,,,,0.027684560045599937,,,,,,,,,
18,,,66259,,,,,,,,,,0.016522642225027084,,,,,,,,,
18,,,66279,,,,,,,,,,0.13136625289916992,,,,,,,,,
18,,,66299,,,,,,,,,,0.06869237124919891,,,,,,,,,
18,,,66319,,,,,,,,,,0.06507468968629837,,,,,,,,,
18,,,66339,,,,,,,,,,0.11036038398742676,,,,,,,,,
18,,,66359,,,,,,,,,,0.026304034516215324,,,,,,,,,
18,,,66379,,,,,,,,,,0.0008294973522424698,,,,,,,,,
18,,,66399,,,,,,,,,,0.13645419478416443,,,,,,,,,
18,,,66419,,,,,,,,,,0.11524690687656403,,,,,,,,,
18,,,66439,,,,,,,,,,0.0911199226975441,,,,,,,,,
18,,,66459,,,,,,,,,,0.10705222189426422,,,,,,,,,
18,,,66479,,,,,,,,,,0.005967166740447283,,,,,,,,,
18,,,66499,,,,,,,,,,0.0015657208859920502,,,,,,,,,
18,,,66519,,,,,,,,,,0.00460016168653965,,,,,,,,,
18,,,66539,,,,,,,,,,0.06856101751327515,,,,,,,,,
18,,,66559,,,,,,,,,,0.23278488218784332,,,,,,,,,
18,,,66579,,,,,,,,,,0.04461219906806946,,,,,,,,,
18,,,66599,,,,,,,,,,0.06272774189710617,,,,,,,,,
18,,,66619,,,,,,,,,,0.1742774248123169,,,,,,,,,
18,,,66639,,,,,,,,,,0.0048310644924640656,,,,,,,,,
18,,,66659,,,,,,,,,,0.004881931468844414,,,,,,,,,
18,,,66679,,,,,,,,,,0.032943643629550934,,,,,,,,,
18,,,66699,,,,,,,,,,0.06925620138645172,,,,,,,,,
18,,,66719,,,,,,,,,,0.004658652003854513,,,,,,,,,
18,,,66739,,,,,,,,,,0.06127913296222687,,,,,,,,,
18,,,66759,,,,,,,,,,0.059473078697919846,,,,,,,,,
18,,,66779,,,,,,,,,,0.002767012920230627,,,,,,,,,
18,,,66799,,,,,,,,,,0.15424008667469025,,,,,,,,,
18,,,66819,,,,,,,,,,0.13498227298259735,,,,,,,,,
18,,,66839,,,,,,,,,,0.11319517344236374,,,,,,,,,
18,,,66859,,,,,,,,,,0.08900358527898788,,,,,,,,,
18,,,66879,,,,,,,,,,0.006150512956082821,,,,,,,,,
18,,,66899,,,,,,,,,,0.05658097565174103,,,,,,,,,
18,,,66919,,,,,,,,,,0.07055113464593887,,,,,,,,,
18,,,66939,,,,,,,,,,0.04825923964381218,,,,,,,,,
18,,,66959,,,,,,,,,,0.0009832808282226324,,,,,,,,,
18,,,66979,,,,,,,,,,0.05789821222424507,,,,,,,,,
18,,,66999,,,,,,,,,,0.027878666296601295,,,,,,,,,
18,,,67019,,,,,,,,,,0.04186651483178139,,,,,,,,,
18,,,67039,,,,,,,,,,0.0877922922372818,,,,,,,,,
18,,,67059,,,,,,,,,,0.06067889183759689,,,,,,,,,
18,,,67079,,,,,,,,,,0.4269970655441284,,,,,,,,,
18,,,67099,,,,,,,,,,0.006344780325889587,,,,,,,,,
18,,,67119,,,,,,,,,,0.002495772670954466,,,,,,,,,
18,,,67139,,,,,,,,,,0.1454901546239853,,,,,,,,,
18,,,67159,,,,,,,,,,0.0953756645321846,,,,,,,,,
18,,,67179,,,,,,,,,,0.03927937150001526,,,,,,,,,
18,,,67183,,,,,,,,,,,0.7978789806365967,0.8927180171012878,0.7807514667510986,1.0688042640686035,0.771122932434082,0.5683726072311401,0.6458691358566284,0.8963767290115356,0.7978789806365967
18,,,67183,,,,,,,,0.974595844745636,0.06330455839633942,,,,,,,,,,
,0.00022070951052389966,0.00022070951052389966,67184,,,,,,,,,,,,,,,,,,,
19,,,67199,,,,,,,,,,0.1163344532251358,,,,,,,,,
19,,,67219,,,,,,,,,,0.037690967321395874,,,,,,,,,
19,,,67239,,,,,,,,,,0.03835485503077507,,,,,,,,,
19,,,67259,,,,,,,,,,0.0409340038895607,,,,,,,,,
19,,,67279,,,,,,,,,,0.04926561936736107,,,,,,,,,
19,,,67299,,,,,,,,,,0.08894219249486923,,,,,,,,,
19,,,67319,,,,,,,,,,0.04512644559144974,,,,,,,,,
19,,,67339,,,,,,,,,,0.10673953592777252,,,,,,,,,
19,,,67359,,,,,,,,,,0.052892643958330154,,,,,,,,,
19,,,67379,,,,,,,,,,0.06654417514801025,,,,,,,,,
19,,,67399,,,,,,,,,,0.030509207397699356,,,,,,,,,
19,,,67419,,,,,,,,,,0.05300880968570709,,,,,,,,,
19,,,67439,,,,,,,,,,0.009318641386926174,,,,,,,,,
19,,,67459,,,,,,,,,,0.0583127997815609,,,,,,,,,
19,,,67479,,,,,,,,,,0.08097437024116516,,,,,,,,,
19,,,67499,,,,,,,,,,0.023658037185668945,,,,,,,,,
19,,,67519,,,,,,,,,,0.09305232018232346,,,,,,,,,
19,,,67539,,,,,,,,,,0.048946820199489594,,,,,,,,,
19,,,67559,,,,,,,,,,0.01718645915389061,,,,,,,,,
19,,,67579,,,,,,,,,,0.038322411477565765,,,,,,,,,
19,,,67599,,,,,,,,,,0.0955430343747139,,,,,,,,,
19,,,67619,,,,,,,,,,0.011247658170759678,,,,,,,,,
19,,,67639,,,,,,,,,,0.08034521341323853,,,,,,,,,
19,,,67659,,,,,,,,,,0.13950175046920776,,,,,,,,,
19,,,67679,,,,,,,,,,0.011840437538921833,,,,,,,,,
19,,,67699,,,,,,,,,,0.00815073773264885,,,,,,,,,
19,,,67719,,,,,,,,,,0.033282577991485596,,,,,,,,,
19,,,67739,,,,,,,,,,0.03761710971593857,,,,,,,,,
19,,,67759,,,,,,,,,,0.015117008239030838,,,,,,,,,
19,,,67779,,,,,,,,,,0.06624063104391098,,,,,,,,,
19,,,67799,,,,,,,,,,0.13599438965320587,,,,,,,,,
19,,,67819,,,,,,,,,,0.0741778314113617,,,,,,,,,
19,,,67839,,,,,,,,,,0.16655424237251282,,,,,,,,,
19,,,67859,,,,,,,,,,0.07318194955587387,,,,,,,,,
19,,,67879,,,,,,,,,,0.02155575528740883,,,,,,,,,
19,,,67899,,,,,,,,,,0.09295913577079773,,,,,,,,,
19,,,67919,,,,,,,,,,0.01998909004032612,,,,,,,,,
19,,,67939,,,,,,,,,,0.04077566787600517,,,,,,,,,
19,,,67959,,,,,,,,,,0.04084941744804382,,,,,,,,,
19,,,67979,,,,,,,,,,0.18689922988414764,,,,,,,,,
19,,,67999,,,,,,,,,,0.013049570843577385,,,,,,,,,
19,,,68019,,,,,,,,,,0.0715222954750061,,,,,,,,,
19,,,68039,,,,,,,,,,0.06622831523418427,,,,,,,,,
19,,,68059,,,,,,,,,,0.023931754752993584,,,,,,,,,
19,,,68079,,,,,,,,,,0.040408894419670105,,,,,,,,,
19,,,68099,,,,,,,,,,0.08333718776702881,,,,,,,,,
19,,,68119,,,,,,,,,,0.006468787789344788,,,,,,,,,
19,,,68139,,,,,,,,,,0.016848653554916382,,,,,,,,,
19,,,68159,,,,,,,,,,0.030005915090441704,,,,,,,,,
19,,,68179,,,,,,,,,,0.06699749082326889,,,,,,,,,
19,,,68199,,,,,,,,,,0.005132563412189484,,,,,,,,,
19,,,68219,,,,,,,,,,0.006007302552461624,,,,,,,,,
19,,,68239,,,,,,,,,,0.04172134026885033,,,,,,,,,
19,,,68259,,,,,,,,,,0.13093902170658112,,,,,,,,,
19,,,68279,,,,,,,,,,0.0030765573028475046,,,,,,,,,
19,,,68299,,,,,,,,,,0.020283643156290054,,,,,,,,,
19,,,68319,,,,,,,,,,0.178270623087883,,,,,,,,,
19,,,68339,,,,,,,,,,0.02509395219385624,,,,,,,,,
19,,,68359,,,,,,,,,,0.019210264086723328,,,,,,,,,
19,,,68379,,,,,,,,,,0.04629848152399063,,,,,,,,,
19,,,68399,,,,,,,,,,0.17669135332107544,,,,,,,,,
19,,,68419,,,,,,,,,,0.0077439905144274235,,,,,,,,,
19,,,68439,,,,,,,,,,0.1488044261932373,,,,,,,,,
19,,,68459,,,,,,,,,,0.012196463532745838,,,,,,,,,
19,,,68479,,,,,,,,,,0.017814040184020996,,,,,,,,,
19,,,68499,,,,,,,,,,0.335940420627594,,,,,,,,,
19,,,68519,,,,,,,,,,0.15834352374076843,,,,,,,,,
19,,,68539,,,,,,,,,,0.02784307673573494,,,,,,,,,
19,,,68559,,,,,,,,,,0.0019827764481306076,,,,,,,,,
19,,,68579,,,,,,,,,,0.0011616238625720143,,,,,,,,,
19,,,68599,,,,,,,,,,0.09334921836853027,,,,,,,,,
19,,,68619,,,,,,,,,,0.0022137935739010572,,,,,,,,,
19,,,68639,,,,,,,,,,0.0016403059707954526,,,,,,,,,
19,,,68659,,,,,,,,,,0.0035575460642576218,,,,,,,,,
19,,,68679,,,,,,,,,,0.1775962859392166,,,,,,,,,
19,,,68699,,,,,,,,,,0.00958495307713747,,,,,,,,,
19,,,68719,,,,,,,,,,0.042505815625190735,,,,,,,,,
19,,,68739,,,,,,,,,,0.08545282483100891,,,,,,,,,
19,,,68759,,,,,,,,,,0.05909600853919983,,,,,,,,,
19,,,68779,,,,,,,,,,0.018419669941067696,,,,,,,,,
19,,,68799,,,,,,,,,,0.03785095363855362,,,,,,,,,
19,,,68819,,,,,,,,,,0.012070507742464542,,,,,,,,,
19,,,68839,,,,,,,,,,0.03425443544983864,,,,,,,,,
19,,,68859,,,,,,,,,,0.0026572360657155514,,,,,,,,,
19,,,68879,,,,,,,,,,0.0008109159534797072,,,,,,,,,
19,,,68899,,,,,,,,,,0.07034708559513092,,,,,,,,,
19,,,68919,,,,,,,,,,0.2547512352466583,,,,,,,,,
19,,,68939,,,,,,,,,,0.01806250400841236,,,,,,,,,
19,,,68959,,,,,,,,,,0.007315106224268675,,,,,,,,,
19,,,68979,,,,,,,,,,0.12055294215679169,,,,,,,,,
19,,,68999,,,,,,,,,,0.168566033244133,,,,,,,,,
19,,,69019,,,,,,,,,,0.013744724914431572,,,,,,,,,
19,,,69039,,,,,,,,,,0.008988583460450172,,,,,,,,,
19,,,69059,,,,,,,,,,0.1291412115097046,,,,,,,,,
19,,,69079,,,,,,,,,,0.025515690445899963,,,,,,,,,
19,,,69099,,,,,,,,,,0.04798118770122528,,,,,,,,,
19,,,69119,,,,,,,,,,0.01460941880941391,,,,,,,,,
19,,,69139,,,,,,,,,,0.11286751180887222,,,,,,,,,
19,,,69159,,,,,,,,,,0.055664777755737305,,,,,,,,,
19,,,69179,,,,,,,,,,0.06874041259288788,,,,,,,,,
19,,,69199,,,,,,,,,,0.2044212818145752,,,,,,,,,
19,,,69219,,,,,,,,,,0.019128840416669846,,,,,,,,,
19,,,69239,,,,,,,,,,0.0008745226077735424,,,,,,,,,
19,,,69259,,,,,,,,,,0.12729069590568542,,,,,,,,,
19,,,69279,,,,,,,,,,0.028132379055023193,,,,,,,,,
19,,,69299,,,,,,,,,,0.029920073226094246,,,,,,,,,
19,,,69319,,,,,,,,,,0.008388563990592957,,,,,,,,,
19,,,69339,,,,,,,,,,0.08343704789876938,,,,,,,,,
19,,,69359,,,,,,,,,,0.07995355129241943,,,,,,,,,
19,,,69379,,,,,,,,,,0.003758546896278858,,,,,,,,,
19,,,69399,,,,,,,,,,0.034213464707136154,,,,,,,,,
19,,,69419,,,,,,,,,,0.000851371034514159,,,,,,,,,
19,,,69439,,,,,,,,,,0.008901914581656456,,,,,,,,,
19,,,69459,,,,,,,,,,0.18382224440574646,,,,,,,,,
19,,,69479,,,,,,,,,,0.004022736102342606,,,,,,,,,
19,,,69499,,,,,,,,,,0.039319299161434174,,,,,,,,,
19,,,69519,,,,,,,,,,0.0011625566985458136,,,,,,,,,
19,,,69539,,,,,,,,,,0.012555478140711784,,,,,,,,,
19,,,69559,,,,,,,,,,0.11326448619365692,,,,,,,,,
19,,,69579,,,,,,,,,,0.01084863394498825,,,,,,,,,
19,,,69599,,,,,,,,,,0.08242480456829071,,,,,,,,,
19,,,69619,,,,,,,,,,0.024394840002059937,,,,,,,,,
19,,,69639,,,,,,,,,,0.0110246567055583,,,,,,,,,
19,,,69659,,,,,,,,,,0.014491138979792595,,,,,,,,,
19,,,69679,,,,,,,,,,0.22119298577308655,,,,,,,,,
19,,,69699,,,,,,,,,,0.2723458409309387,,,,,,,,,
19,,,69719,,,,,,,,,,0.00765334814786911,,,,,,,,,
19,,,69739,,,,,,,,,,0.13077616691589355,,,,,,,,,
19,,,69759,,,,,,,,,,0.01625639572739601,,,,,,,,,
19,,,69779,,,,,,,,,,0.19491079449653625,,,,,,,,,
19,,,69799,,,,,,,,,,0.026244429871439934,,,,,,,,,
19,,,69819,,,,,,,,,,0.0010752506786957383,,,,,,,,,
19,,,69839,,,,,,,,,,0.04096532240509987,,,,,,,,,
19,,,69859,,,,,,,,,,0.0883449986577034,,,,,,,,,
19,,,69879,,,,,,,,,,0.13180960714817047,,,,,,,,,
19,,,69899,,,,,,,,,,0.10601820796728134,,,,,,,,,
19,,,69919,,,,,,,,,,0.01161959208548069,,,,,,,,,
19,,,69939,,,,,,,,,,0.028181452304124832,,,,,,,,,
19,,,69959,,,,,,,,,,0.038371823728084564,,,,,,,,,
19,,,69979,,,,,,,,,,0.0005971362115815282,,,,,,,,,
19,,,69999,,,,,,,,,,0.03269615024328232,,,,,,,,,
19,,,70019,,,,,,,,,,0.0044838907197117805,,,,,,,,,
19,,,70039,,,,,,,,,,0.008748019114136696,,,,,,,,,
19,,,70059,,,,,,,,,,0.00451510027050972,,,,,,,,,
19,,,70079,,,,,,,,,,0.05757467821240425,,,,,,,,,
19,,,70099,,,,,,,,,,0.07568007707595825,,,,,,,,,
19,,,70119,,,,,,,,,,0.00387360411696136,,,,,,,,,
19,,,70139,,,,,,,,,,0.14911054074764252,,,,,,,,,
19,,,70159,,,,,,,,,,0.06846747547388077,,,,,,,,,
19,,,70179,,,,,,,,,,0.02104111574590206,,,,,,,,,
19,,,70199,,,,,,,,,,0.1479632556438446,,,,,,,,,
19,,,70219,,,,,,,,,,0.004540770314633846,,,,,,,,,
19,,,70239,,,,,,,,,,0.18351136147975922,,,,,,,,,
19,,,70259,,,,,,,,,,0.06311380863189697,,,,,,,,,
19,,,70279,,,,,,,,,,0.08722277730703354,,,,,,,,,
19,,,70299,,,,,,,,,,0.061883434653282166,,,,,,,,,
19,,,70319,,,,,,,,,,0.0015628898981958628,,,,,,,,,
19,,,70339,,,,,,,,,,0.01569468155503273,,,,,,,,,
19,,,70359,,,,,,,,,,0.015989020466804504,,,,,,,,,
19,,,70379,,,,,,,,,,0.00815888773649931,,,,,,,,,
19,,,70399,,,,,,,,,,0.013192176818847656,,,,,,,,,
19,,,70419,,,,,,,,,,0.12976327538490295,,,,,,,,,
19,,,70439,,,,,,,,,,0.03768964111804962,,,,,,,,,
19,,,70459,,,,,,,,,,0.06650638580322266,,,,,,,,,
19,,,70479,,,,,,,,,,0.16107311844825745,,,,,,,,,
19,,,70499,,,,,,,,,,0.0030553489923477173,,,,,,,,,
19,,,70519,,,,,,,,,,0.026871833950281143,,,,,,,,,
19,,,70539,,,,,,,,,,0.001177098834887147,,,,,,,,,
19,,,70559,,,,,,,,,,0.015119951218366623,,,,,,,,,
19,,,70579,,,,,,,,,,0.0040526436641812325,,,,,,,,,
19,,,70599,,,,,,,,,,0.11470556259155273,,,,,,,,,
19,,,70619,,,,,,,,,,0.005584644619375467,,,,,,,,,
19,,,70639,,,,,,,,,,0.004636069294065237,,,,,,,,,
19,,,70659,,,,,,,,,,0.007011614739894867,,,,,,,,,
19,,,70679,,,,,,,,,,0.004832953680306673,,,,,,,,,
19,,,70699,,,,,,,,,,0.010340326465666294,,,,,,,,,
19,,,70719,,,,,,,,,,0.00533790560439229,,,,,,,,,
19,,,70719,,,,,,,,,,,0.8052947521209717,0.899975061416626,0.8008910417556763,1.056646466255188,0.7970167994499207,0.6022545695304871,0.70557701587677,0.8884565830230713,0.8052947521209717
19,,,70719,,,,,,,,0.9756659269332886,0.06014324724674225,,,,,,,,,,
,0.00020740251485476345,0.00020740251485476345,70720,,,,,,,,,,,,,,,,,,,
20,,,70739,,,,,,,,,,0.12231516093015671,,,,,,,,,
20,,,70759,,,,,,,,,,0.0337696298956871,,,,,,,,,
20,,,70779,,,,,,,,,,0.00040614965837448835,,,,,,,,,
20,,,70799,,,,,,,,,,0.057804301381111145,,,,,,,,,
20,,,70819,,,,,,,,,,0.15121079981327057,,,,,,,,,
20,,,70839,,,,,,,,,,0.0010116933844983578,,,,,,,,,
20,,,70859,,,,,,,,,,0.04053825885057449,,,,,,,,,
20,,,70879,,,,,,,,,,0.16191500425338745,,,,,,,,,
20,,,70899,,,,,,,,,,0.011330160312354565,,,,,,,,,
20,,,70919,,,,,,,,,,0.032615188509225845,,,,,,,,,
20,,,70939,,,,,,,,,,0.005283183418214321,,,,,,,,,
20,,,70959,,,,,,,,,,0.15827099978923798,,,,,,,,,
20,,,70979,,,,,,,,,,0.08896297216415405,,,,,,,,,
20,,,70999,,,,,,,,,,0.0057722944766283035,,,,,,,,,
20,,,71019,,,,,,,,,,0.06291573494672775,,,,,,,,,
20,,,71039,,,,,,,,,,0.021190468221902847,,,,,,,,,
20,,,71059,,,,,,,,,,0.00097907695453614,,,,,,,,,
20,,,71079,,,,,,,,,,0.1957806497812271,,,,,,,,,
20,,,71099,,,,,,,,,,0.0036342493258416653,,,,,,,,,
20,,,71119,,,,,,,,,,0.005104267969727516,,,,,,,,,
20,,,71139,,,,,,,,,,0.03643503412604332,,,,,,,,,
20,,,71159,,,,,,,,,,0.21318943798542023,,,,,,,,,
20,,,71179,,,,,,,,,,0.019510643556714058,,,,,,,,,
20,,,71199,,,,,,,,,,0.008318743668496609,,,,,,,,,
20,,,71219,,,,,,,,,,0.038675058633089066,,,,,,,,,
20,,,71239,,,,,,,,,,0.12787997722625732,,,,,,,,,
20,,,71259,,,,,,,,,,0.20582473278045654,,,,,,,,,
20,,,71279,,,,,,,,,,0.009128219448029995,,,,,,,,,
20,,,71299,,,,,,,,,,0.0349387489259243,,,,,,,,,
20,,,71319,,,,,,,,,,0.048004399985075,,,,,,,,,
20,,,71339,,,,,,,,,,0.024818871170282364,,,,,,,,,
20,,,71359,,,,,,,,,,0.018542349338531494,,,,,,,,,
20,,,71379,,,,,,,,,,0.11246269941329956,,,,,,,,,
20,,,71399,,,,,,,,,,0.015468094497919083,,,,,,,,,
20,,,71419,,,,,,,,,,0.08926142007112503,,,,,,,,,
20,,,71439,,,,,,,,,,0.003487240057438612,,,,,,,,,
20,,,71459,,,,,,,,,,0.006179127376526594,,,,,,,,,
20,,,71479,,,,,,,,,,0.14194630086421967,,,,,,,,,
20,,,71499,,,,,,,,,,0.07455865293741226,,,,,,,,,
20,,,71519,,,,,,,,,,0.01750751957297325,,,,,,,,,
20,,,71539,,,,,,,,,,0.012529169209301472,,,,,,,,,
20,,,71559,,,,,,,,,,0.040793415158987045,,,,,,,,,
20,,,71579,,,,,,,,,,0.02510061115026474,,,,,,,,,
20,,,71599,,,,,,,,,,0.11168061196804047,,,,,,,,,
20,,,71619,,,,,,,,,,0.020213134586811066,,,,,,,,,
20,,,71639,,,,,,,,,,0.0045301346108317375,,,,,,,,,
20,,,71659,,,,,,,,,,0.07339765131473541,,,,,,,,,
20,,,71679,,,,,,,,,,0.011548338457942009,,,,,,,,,
20,,,71699,,,,,,,,,,0.016724450513720512,,,,,,,,,
20,,,71719,,,,,,,,,,0.0002314969024155289,,,,,,,,,
20,,,71739,,,,,,,,,,0.00495496578514576,,,,,,,,,
20,,,71759,,,,,,,,,,0.0016238896641880274,,,,,,,,,
20,,,71779,,,,,,,,,,0.08560217171907425,,,,,,,,,
20,,,71799,,,,,,,,,,0.017273420467972755,,,,,,,,,
20,,,71819,,,,,,,,,,0.05172783136367798,,,,,,,,,
20,,,71839,,,,,,,,,,0.04830487444996834,,,,,,,,,
20,,,71859,,,,,,,,,,0.051975417882204056,,,,,,,,,
20,,,71879,,,,,,,,,,0.04114948585629463,,,,,,,,,
20,,,71899,,,,,,,,,,0.0019501042552292347,,,,,,,,,
20,,,71919,,,,,,,,,,0.02317996695637703,,,,,,,,,
20,,,71939,,,,,,,,,,0.03917640447616577,,,,,,,,,
20,,,71959,,,,,,,,,,0.027419008314609528,,,,,,,,,
20,,,71979,,,,,,,,,,0.06858597695827484,,,,,,,,,
20,,,71999,,,,,,,,,,0.002896057441830635,,,,,,,,,
20,,,72019,,,,,,,,,,0.0029600579291582108,,,,,,,,,
20,,,72039,,,,,,,,,,0.1513601839542389,,,,,,,,,
20,,,72059,,,,,,,,,,0.125265970826149,,,,,,,,,
20,,,72079,,,,,,,,,,0.005160301923751831,,,,,,,,,
20,,,72099,,,,,,,,,,0.17872953414916992,,,,,,,,,
20,,,72119,,,,,,,,,,0.024613888934254646,,,,,,,,,
20,,,72139,,,,,,,,,,0.0015092164976522326,,,,,,,,,
20,,,72159,,,,,,,,,,0.21705789864063263,,,,,,,,,
20,,,72179,,,,,,,,,,0.03199965879321098,,,,,,,,,
20,,,72199,,,,,,,,,,0.002186491619795561,,,,,,,,,
20,,,72219,,,,,,,,,,0.021646974608302116,,,,,,,,,
20,,,72239,,,,,,,,,,0.022755641490221024,,,,,,,,,
20,,,72259,,,,,,,,,,0.03132599964737892,,,,,,,,,
20,,,72279,,,,,,,,,,0.16797517240047455,,,,,,,,,
20,,,72299,,,,,,,,,,0.19284780323505402,,,,,,,,,
20,,,72319,,,,,,,,,,0.15825051069259644,,,,,,,,,
20,,,72339,,,,,,,,,,0.19622789323329926,,,,,,,,,
20,,,72359,,,,,,,,,,0.03253014385700226,,,,,,,,,
20,,,72379,,,,,,,,,,0.04671458527445793,,,,,,,,,
20,,,72399,,,,,,,,,,0.0026347830425947905,,,,,,,,,
20,,,72419,,,,,,,,,,0.18149597942829132,,,,,,,,,
20,,,72439,,,,,,,,,,0.022821474820375443,,,,,,,,,
20,,,72459,,,,,,,,,,0.017501870170235634,,,,,,,,,
20,,,72479,,,,,,,,,,0.011781848967075348,,,,,,,,,
20,,,72499,,,,,,,,,,0.01678389497101307,,,,,,,,,
20,,,72519,,,,,,,,,,0.02508884109556675,,,,,,,,,
20,,,72539,,,,,,,,,,0.00996005441993475,,,,,,,,,
20,,,72559,,,,,,,,,,0.04405658692121506,,,,,,,,,
20,,,72579,,,,,,,,,,0.0012439328711479902,,,,,,,,,
20,,,72599,,,,,,,,,,0.03108234331011772,,,,,,,,,
20,,,72619,,,,,,,,,,0.013279355131089687,,,,,,,,,
20,,,72639,,,,,,,,,,0.12333878129720688,,,,,,,,,
20,,,72659,,,,,,,,,,0.014254014939069748,,,,,,,,,
20,,,72679,,,,,,,,,,0.0033275322057306767,,,,,,,,,
20,,,72699,,,,,,,,,,0.10082943737506866,,,,,,,,,
20,,,72719,,,,,,,,,,0.038701534271240234,,,,,,,,,
20,,,72739,,,,,,,,,,0.0271610077470541,,,,,,,,,
20,,,72759,,,,,,,,,,0.04588969796895981,,,,,,,,,
20,,,72779,,,,,,,,,,0.16455823183059692,,,,,,,,,
20,,,72799,,,,,,,,,,0.0042967479676008224,,,,,,,,,
20,,,72819,,,,,,,,,,0.002557625761255622,,,,,,,,,
20,,,72839,,,,,,,,,,0.0009971229592338204,,,,,,,,,
20,,,72859,,,,,,,,,,0.022759925574064255,,,,,,,,,
20,,,72879,,,,,,,,,,0.021097583696246147,,,,,,,,,
20,,,72899,,,,,,,,,,0.09226569533348083,,,,,,,,,
20,,,72919,,,,,,,,,,0.001287834020331502,,,,,,,,,
20,,,72939,,,,,,,,,,0.12524695694446564,,,,,,,,,
20,,,72959,,,,,,,,,,0.04247555509209633,,,,,,,,,
20,,,72979,,,,,,,,,,0.12867653369903564,,,,,,,,,
20,,,72999,,,,,,,,,,0.0016222710255533457,,,,,,,,,
20,,,73019,,,,,,,,,,0.009254597127437592,,,,,,,,,
20,,,73039,,,,,,,,,,0.005763411521911621,,,,,,,,,
20,,,73059,,,,,,,,,,0.04056830704212189,,,,,,,,,
20,,,73079,,,,,,,,,,0.02221289463341236,,,,,,,,,
20,,,73099,,,,,,,,,,0.011750799603760242,,,,,,,,,
20,,,73119,,,,,,,,,,0.015513916499912739,,,,,,,,,
20,,,73139,,,,,,,,,,0.027188194915652275,,,,,,,,,
20,,,73159,,,,,,,,,,0.01119142584502697,,,,,,,,,
20,,,73179,,,,,,,,,,0.0914740115404129,,,,,,,,,
20,,,73199,,,,,,,,,,0.11974618583917618,,,,,,,,,
20,,,73219,,,,,,,,,,0.0017615369288250804,,,,,,,,,
20,,,73239,,,,,,,,,,0.003459217958152294,,,,,,,,,
20,,,73259,,,,,,,,,,0.05228806659579277,,,,,,,,,
20,,,73279,,,,,,,,,,0.0014183553867042065,,,,,,,,,
20,,,73299,,,,,,,,,,0.032182998955249786,,,,,,,,,
20,,,73319,,,,,,,,,,0.03874334692955017,,,,,,,,,
20,,,73339,,,,,,,,,,0.11455290019512177,,,,,,,,,
20,,,73359,,,,,,,,,,0.05272781848907471,,,,,,,,,
20,,,73379,,,,,,,,,,0.04252283647656441,,,,,,,,,
20,,,73399,,,,,,,,,,0.021470094099640846,,,,,,,,,
20,,,73419,,,,,,,,,,0.08997068554162979,,,,,,,,,
20,,,73439,,,,,,,,,,0.011109620332717896,,,,,,,,,
20,,,73459,,,,,,,,,,0.008314409293234348,,,,,,,,,
20,,,73479,,,,,,,,,,0.11381864547729492,,,,,,,,,
20,,,73499,,,,,,,,,,0.10533419996500015,,,,,,,,,
20,,,73519,,,,,,,,,,0.01601635105907917,,,,,,,,,
20,,,73539,,,,,,,,,,0.007891307584941387,,,,,,,,,
20,,,73559,,,,,,,,,,0.01132254395633936,,,,,,,,,
20,,,73579,,,,,,,,,,0.016431115567684174,,,,,,,,,
20,,,73599,,,,,,,,,,0.05739516764879227,,,,,,,,,
20,,,73619,,,,,,,,,,0.03820141777396202,,,,,,,,,
20,,,73639,,,,,,,,,,0.020872434601187706,,,,,,,,,
20,,,73659,,,,,,,,,,0.01930703967809677,,,,,,,,,
20,,,73679,,,,,,,,,,0.004407315980643034,,,,,,,,,
20,,,73699,,,,,,,,,,0.0659431740641594,,,,,,,,,
20,,,73719,,,,,,,,,,0.04649513587355614,,,,,,,,,
20,,,73739,,,,,,,,,,0.091994509100914,,,,,,,,,
20,,,73759,,,,,,,,,,0.008753979578614235,,,,,,,,,
20,,,73779,,,,,,,,,,0.027781322598457336,,,,,,,,,
20,,,73799,,,,,,,,,,0.06072840839624405,,,,,,,,,
20,,,73819,,,,,,,,,,0.05723949521780014,,,,,,,,,
20,,,73839,,,,,,,,,,0.004627287853509188,,,,,,,,,
20,,,73859,,,,,,,,,,0.036441829055547714,,,,,,,,,
20,,,73879,,,,,,,,,,0.04734861105680466,,,,,,,,,
20,,,73899,,,,,,,,,,0.06391195207834244,,,,,,,,,
20,,,73919,,,,,,,,,,0.05822855979204178,,,,,,,,,
20,,,73939,,,,,,,,,,0.10630323737859726,,,,,,,,,
20,,,73959,,,,,,,,,,0.06865406036376953,,,,,,,,,
20,,,73979,,,,,,,,,,0.07278957962989807,,,,,,,,,
20,,,73999,,,,,,,,,,0.02326967753469944,,,,,,,,,
20,,,74019,,,,,,,,,,0.0030590237583965063,,,,,,,,,
20,,,74039,,,,,,,,,,0.0186290480196476,,,,,,,,,
20,,,74059,,,,,,,,,,0.015493365004658699,,,,,,,,,
20,,,74079,,,,,,,,,,0.06871730834245682,,,,,,,,,
20,,,74099,,,,,,,,,,0.05479806661605835,,,,,,,,,
20,,,74119,,,,,,,,,,0.045464519411325455,,,,,,,,,
20,,,74139,,,,,,,,,,0.133864164352417,,,,,,,,,
20,,,74159,,,,,,,,,,0.029290398582816124,,,,,,,,,
20,,,74179,,,,,,,,,,0.00484688114374876,,,,,,,,,
20,,,74199,,,,,,,,,,0.06263107061386108,,,,,,,,,
20,,,74219,,,,,,,,,,0.015526548959314823,,,,,,,,,
20,,,74239,,,,,,,,,,0.049457889050245285,,,,,,,,,
20,,,74255,,,,,,,,,,,0.7938136458396912,0.8697293400764465,0.7539931535720825,1.4109272956848145,0.7494054436683655,0.5414009690284729,0.5785558819770813,0.9202550053596497,0.7938136458396912
20,,,74255,,,,,,,,0.9773443937301636,0.05621664598584175,,,,,,,,,,
,0.0001935427015881693,0.0001935427015881693,74256,,,,,,,,,,,,,,,,,,,
21,,,74259,,,,,,,,,,0.010631085373461246,,,,,,,,,
21,,,74279,,,,,,,,,,0.09401737153530121,,,,,,,,,
21,,,74299,,,,,,,,,,0.05165818706154823,,,,,,,,,
21,,,74319,,,,,,,,,,0.10612532496452332,,,,,,,,,
21,,,74339,,,,,,,,,,0.004554889164865017,,,,,,,,,
21,,,74359,,,,,,,,,,0.1100432425737381,,,,,,,,,
21,,,74379,,,,,,,,,,0.18227726221084595,,,,,,,,,
21,,,74399,,,,,,,,,,0.003460257314145565,,,,,,,,,
21,,,74419,,,,,,,,,,0.16283942759037018,,,,,,,,,
21,,,74439,,,,,,,,,,0.06874016672372818,,,,,,,,,
21,,,74459,,,,,,,,,,0.02667796052992344,,,,,,,,,
21,,,74479,,,,,,,,,,0.05774908512830734,,,,,,,,,
21,,,74499,,,,,,,,,,0.003712246660143137,,,,,,,,,
21,,,74519,,,,,,,,,,0.092861607670784,,,,,,,,,
21,,,74539,,,,,,,,,,0.07886864989995956,,,,,,,,,
21,,,74559,,,,,,,,,,0.15224440395832062,,,,,,,,,
21,,,74579,,,,,,,,,,0.21594621241092682,,,,,,,,,
21,,,74599,,,,,,,,,,0.08035135269165039,,,,,,,,,
21,,,74619,,,,,,,,,,0.003153049387037754,,,,,,,,,
21,,,74639,,,,,,,,,,0.008748549968004227,,,,,,,,,
21,,,74659,,,,,,,,,,0.006290498189628124,,,,,,,,,
21,,,74679,,,,,,,,,,0.005039335694164038,,,,,,,,,
21,,,74699,,,,,,,,,,0.003703715279698372,,,,,,,,,
21,,,74719,,,,,,,,,,0.05927572399377823,,,,,,,,,
21,,,74739,,,,,,,,,,0.0027460253331810236,,,,,,,,,
21,,,74759,,,,,,,,,,0.05557122826576233,,,,,,,,,
21,,,74779,,,,,,,,,,0.016452522948384285,,,,,,,,,
21,,,74799,,,,,,,,,,0.1347562074661255,,,,,,,,,
21,,,74819,,,,,,,,,,0.0050624702125787735,,,,,,,,,
21,,,74839,,,,,,,,,,0.006022825837135315,,,,,,,,,
21,,,74859,,,,,,,,,,0.0020970506593585014,,,,,,,,,
21,,,74879,,,,,,,,,,0.0688859149813652,,,,,,,,,
21,,,74899,,,,,,,,,,0.0009326156578026712,,,,,,,,,
21,,,74919,,,,,,,,,,0.049430277198553085,,,,,,,,,
21,,,74939,,,,,,,,,,0.07294774055480957,,,,,,,,,
21,,,74959,,,,,,,,,,0.12941387295722961,,,,,,,,,
21,,,74979,,,,,,,,,,0.01751050353050232,,,,,,,,,
21,,,74999,,,,,,,,,,0.043377459049224854,,,,,,,,,
21,,,75019,,,,,,,,,,0.20358240604400635,,,,,,,,,
21,,,75039,,,,,,,,,,0.06240977346897125,,,,,,,,,
21,,,75059,,,,,,,,,,0.0004441558266989887,,,,,,,,,
21,,,75079,,,,,,,,,,0.14612771570682526,,,,,,,,,
21,,,75099,,,,,,,,,,0.08433926105499268,,,,,,,,,
21,,,75119,,,,,,,,,,0.06720788776874542,,,,,,,,,
21,,,75139,,,,,,,,,,0.03721999377012253,,,,,,,,,
21,,,75159,,,,,,,,,,0.034252557903528214,,,,,,,,,
21,,,75179,,,,,,,,,,0.00024199351901188493,,,,,,,,,
21,,,75199,,,,,,,,,,0.09805889427661896,,,,,,,,,
21,,,75219,,,,,,,,,,0.005306403152644634,,,,,,,,,
21,,,75239,,,,,,,,,,0.06189000979065895,,,,,,,,,
21,,,75259,,,,,,,,,,0.002328072674572468,,,,,,,,,
21,,,75279,,,,,,,,,,0.03153622895479202,,,,,,,,,
21,,,75299,,,,,,,,,,0.2454545795917511,,,,,,,,,
21,,,75319,,,,,,,,,,0.08180615305900574,,,,,,,,,
21,,,75339,,,,,,,,,,0.006214434746652842,,,,,,,,,
21,,,75359,,,,,,,,,,0.0011292879935353994,,,,,,,,,
21,,,75379,,,,,,,,,,0.05091111361980438,,,,,,,,,
21,,,75399,,,,,,,,,,0.0013969086576253176,,,,,,,,,
21,,,75419,,,,,,,,,,0.005311889108270407,,,,,,,,,
21,,,75439,,,,,,,,,,0.11739098280668259,,,,,,,,,
21,,,75459,,,,,,,,,,0.0359124094247818,,,,,,,,,
21,,,75479,,,,,,,,,,0.04455311968922615,,,,,,,,,
21,,,75499,,,,,,,,,,0.022209398448467255,,,,,,,,,
21,,,75519,,,,,,,,,,0.0637378990650177,,,,,,,,,
21,,,75539,,,,,,,,,,0.06399879604578018,,,,,,,,,
21,,,75559,,,,,,,,,,0.31013596057891846,,,,,,,,,
21,,,75579,,,,,,,,,,0.007523801643401384,,,,,,,,,
21,,,75599,,,,,,,,,,0.15291693806648254,,,,,,,,,
21,,,75619,,,,,,,,,,0.007868625223636627,,,,,,,,,
21,,,75639,,,,,,,,,,0.012995187193155289,,,,,,,,,
21,,,75659,,,,,,,,,,0.0020964541472494602,,,,,,,,,
21,,,75679,,,,,,,,,,0.02453014813363552,,,,,,,,,
21,,,75699,,,,,,,,,,0.0034991917200386524,,,,,,,,,
21,,,75719,,,,,,,,,,0.013141470029950142,,,,,,,,,
21,,,75739,,,,,,,,,,0.0024343675468117,,,,,,,,,
21,,,75759,,,,,,,,,,0.008478249423205853,,,,,,,,,
21,,,75779,,,,,,,,,,0.11780950427055359,,,,,,,,,
21,,,75799,,,,,,,,,,0.06342189013957977,,,,,,,,,
21,,,75819,,,,,,,,,,0.18534347414970398,,,,,,,,,
21,,,75839,,,,,,,,,,0.09025603532791138,,,,,,,,,
21,,,75859,,,,,,,,,,0.018507998436689377,,,,,,,,,
21,,,75879,,,,,,,,,,0.007289208471775055,,,,,,,,,
21,,,75899,,,,,,,,,,0.025651969015598297,,,,,,,,,
21,,,75919,,,,,,,,,,0.016529949381947517,,,,,,,,,
21,,,75939,,,,,,,,,,0.16937445104122162,,,,,,,,,
21,,,75959,,,,,,,,,,0.013925325125455856,,,,,,,,,
21,,,75979,,,,,,,,,,0.051874712109565735,,,,,,,,,
21,,,75999,,,,,,,,,,0.1899000108242035,,,,,,,,,
21,,,76019,,,,,,,,,,0.0005647605867125094,,,,,,,,,
21,,,76039,,,,,,,,,,0.34458020329475403,,,,,,,,,
21,,,76059,,,,,,,,,,0.0025879053864628077,,,,,,,,,
21,,,76079,,,,,,,,,,0.09232821315526962,,,,,,,,,
21,,,76099,,,,,,,,,,0.0010157559299841523,,,,,,,,,
21,,,76119,,,,,,,,,,0.07056446373462677,,,,,,,,,
21,,,76139,,,,,,,,,,0.031726036220788956,,,,,,,,,
21,,,76159,,,,,,,,,,0.007860210724174976,,,,,,,,,
21,,,76179,,,,,,,,,,0.0008320648921653628,,,,,,,,,
21,,,76199,,,,,,,,,,0.09544418752193451,,,,,,,,,
21,,,76219,,,,,,,,,,0.009533007629215717,,,,,,,,,
21,,,76239,,,,,,,,,,0.039722174406051636,,,,,,,,,
21,,,76259,,,,,,,,,,0.005165832582861185,,,,,,,,,
21,,,76279,,,,,,,,,,0.140106663107872,,,,,,,,,
21,,,76299,,,,,,,,,,0.05791318416595459,,,,,,,,,
21,,,76319,,,,,,,,,,0.20719246566295624,,,,,,,,,
21,,,76339,,,,,,,,,,0.1447216421365738,,,,,,,,,
21,,,76359,,,,,,,,,,0.010483934544026852,,,,,,,,,
21,,,76379,,,,,,,,,,0.07873425632715225,,,,,,,,,
21,,,76399,,,,,,,,,,0.035912320017814636,,,,,,,,,
21,,,76419,,,,,,,,,,0.030044671148061752,,,,,,,,,
21,,,76439,,,,,,,,,,0.09272649139165878,,,,,,,,,
21,,,76459,,,,,,,,,,0.027452751994132996,,,,,,,,,
21,,,76479,,,,,,,,,,0.019675737246870995,,,,,,,,,
21,,,76499,,,,,,,,,,0.0867433249950409,,,,,,,,,
21,,,76519,,,,,,,,,,0.09079470485448837,,,,,,,,,
21,,,76539,,,,,,,,,,0.16316477954387665,,,,,,,,,
21,,,76559,,,,,,,,,,0.021218596026301384,,,,,,,,,
21,,,76579,,,,,,,,,,0.1417451947927475,,,,,,,,,
21,,,76599,,,,,,,,,,0.03234608471393585,,,,,,,,,
21,,,76619,,,,,,,,,,0.0008777804905548692,,,,,,,,,
21,,,76639,,,,,,,,,,0.13137219846248627,,,,,,,,,
21,,,76659,,,,,,,,,,0.035257305949926376,,,,,,,,,
21,,,76679,,,,,,,,,,0.0060610403306782246,,,,,,,,,
21,,,76699,,,,,,,,,,0.027606835588812828,,,,,,,,,
21,,,76719,,,,,,,,,,0.10355459898710251,,,,,,,,,
21,,,76739,,,,,,,,,,0.00607462739571929,,,,,,,,,
21,,,76759,,,,,,,,,,0.0018978258594870567,,,,,,,,,
21,,,76779,,,,,,,,,,0.06630807369947433,,,,,,,,,
21,,,76799,,,,,,,,,,0.2041165977716446,,,,,,,,,
21,,,76819,,,,,,,,,,0.16528455913066864,,,,,,,,,
21,,,76839,,,,,,,,,,0.002056651283055544,,,,,,,,,
21,,,76859,,,,,,,,,,0.0011881138198077679,,,,,,,,,
21,,,76879,,,,,,,,,,0.0645502433180809,,,,,,,,,
21,,,76899,,,,,,,,,,0.0669638067483902,,,,,,,,,
21,,,76919,,,,,,,,,,0.014069363474845886,,,,,,,,,
21,,,76939,,,,,,,,,,0.10119911283254623,,,,,,,,,
21,,,76959,,,,,,,,,,0.08916039019823074,,,,,,,,,
21,,,76979,,,,,,,,,,0.06270454078912735,,,,,,,,,
21,,,76999,,,,,,,,,,0.0069095054641366005,,,,,,,,,
21,,,77019,,,,,,,,,,0.0014624414034187794,,,,,,,,,
21,,,77039,,,,,,,,,,0.0350310355424881,,,,,,,,,
21,,,77059,,,,,,,,,,0.045778147876262665,,,,,,,,,
21,,,77079,,,,,,,,,,0.04054626449942589,,,,,,,,,
21,,,77099,,,,,,,,,,0.1447778344154358,,,,,,,,,
21,,,77119,,,,,,,,,,0.07994205504655838,,,,,,,,,
21,,,77139,,,,,,,,,,0.139207124710083,,,,,,,,,
21,,,77159,,,,,,,,,,0.06858579814434052,,,,,,,,,
21,,,77179,,,,,,,,,,0.042838774621486664,,,,,,,,,
21,,,77199,,,,,,,,,,0.0027300575748085976,,,,,,,,,
21,,,77219,,,,,,,,,,0.006867491640150547,,,,,,,,,
21,,,77239,,,,,,,,,,0.03679658845067024,,,,,,,,,
21,,,77259,,,,,,,,,,0.044444840401411057,,,,,,,,,
21,,,77279,,,,,,,,,,0.03048151731491089,,,,,,,,,
21,,,77299,,,,,,,,,,0.0005847902502864599,,,,,,,,,
21,,,77319,,,,,,,,,,0.19645825028419495,,,,,,,,,
21,,,77339,,,,,,,,,,0.030769281089305878,,,,,,,,,
21,,,77359,,,,,,,,,,0.01836254447698593,,,,,,,,,
21,,,77379,,,,,,,,,,0.0328105092048645,,,,,,,,,
21,,,77399,,,,,,,,,,0.036231521517038345,,,,,,,,,
21,,,77419,,,,,,,,,,0.049970682710409164,,,,,,,,,
21,,,77439,,,,,,,,,,0.10444386303424835,,,,,,,,,
21,,,77459,,,,,,,,,,0.018102766945958138,,,,,,,,,
21,,,77479,,,,,,,,,,0.062211960554122925,,,,,,,,,
21,,,77499,,,,,,,,,,0.06386874616146088,,,,,,,,,
21,,,77519,,,,,,,,,,0.051091521978378296,,,,,,,,,
21,,,77539,,,,,,,,,,0.1998165249824524,,,,,,,,,
21,,,77559,,,,,,,,,,0.15601159632205963,,,,,,,,,
21,,,77579,,,,,,,,,,0.06581546366214752,,,,,,,,,
21,,,77599,,,,,,,,,,0.10370586812496185,,,,,,,,,
21,,,77619,,,,,,,,,,0.019127922132611275,,,,,,,,,
21,,,77639,,,,,,,,,,0.07654015719890594,,,,,,,,,
21,,,77659,,,,,,,,,,0.10558012127876282,,,,,,,,,
21,,,77679,,,,,,,,,,0.0011634118854999542,,,,,,,,,
21,,,77699,,,,,,,,,,0.09453252702951431,,,,,,,,,
21,,,77719,,,,,,,,,,0.0067631835117936134,,,,,,,,,
21,,,77739,,,,,,,,,,0.017166562378406525,,,,,,,,,
21,,,77759,,,,,,,,,,0.07968292385339737,,,,,,,,,
21,,,77779,,,,,,,,,,0.1798795610666275,,,,,,,,,
21,,,77791,,,,,,,,,,,0.8083930015563965,0.8864302635192871,0.7783761024475098,1.1900649070739746,0.7686737775802612,0.5756981372833252,0.6204466223716736,0.9169008731842041,0.8083930015563965
21,,,77791,,,,,,,,0.9790058135986328,0.05215160548686981,,,,,,,,,,
,0.00017926354830241924,0.00017926354830241924,77792,,,,,,,,,,,,,,,,,,,
22,,,77799,,,,,,,,,,0.07173516601324081,,,,,,,,,
22,,,77819,,,,,,,,,,0.020588546991348267,,,,,,,,,
22,,,77839,,,,,,,,,,0.022500760853290558,,,,,,,,,
22,,,77859,,,,,,,,,,0.003829050110653043,,,,,,,,,
22,,,77879,,,,,,,,,,0.08180096000432968,,,,,,,,,
22,,,77899,,,,,,,,,,0.07270818203687668,,,,,,,,,
22,,,77919,,,,,,,,,,0.026303566992282867,,,,,,,,,
22,,,77939,,,,,,,,,,0.19188939034938812,,,,,,,,,
22,,,77959,,,,,,,,,,0.006250242702662945,,,,,,,,,
22,,,77979,,,,,,,,,,0.030165409669280052,,,,,,,,,
22,,,77999,,,,,,,,,,0.11555355787277222,,,,,,,,,
22,,,78019,,,,,,,,,,0.1514354795217514,,,,,,,,,
22,,,78039,,,,,,,,,,0.009417400695383549,,,,,,,,,
22,,,78059,,,,,,,,,,0.0020534456707537174,,,,,,,,,
22,,,78079,,,,,,,,,,0.06432580947875977,,,,,,,,,
22,,,78099,,,,,,,,,,0.18154051899909973,,,,,,,,,
22,,,78119,,,,,,,,,,0.050447456538677216,,,,,,,,,
22,,,78139,,,,,,,,,,0.15127964317798615,,,,,,,,,
22,,,78159,,,,,,,,,,0.13113915920257568,,,,,,,,,
22,,,78179,,,,,,,,,,0.0003002723678946495,,,,,,,,,
22,,,78199,,,,,,,,,,0.013793231919407845,,,,,,,,,
22,,,78219,,,,,,,,,,0.019698023796081543,,,,,,,,,
22,,,78239,,,,,,,,,,0.010389262810349464,,,,,,,,,
22,,,78259,,,,,,,,,,0.000910445349290967,,,,,,,,,
22,,,78279,,,,,,,,,,0.046006012707948685,,,,,,,,,
22,,,78299,,,,,,,,,,0.1210830956697464,,,,,,,,,
22,,,78319,,,,,,,,,,0.030521295964717865,,,,,,,,,
22,,,78339,,,,,,,,,,0.03316561505198479,,,,,,,,,
22,,,78359,,,,,,,,,,0.0021976896096020937,,,,,,,,,
22,,,78379,,,,,,,,,,0.0012361286208033562,,,,,,,,,
22,,,78399,,,,,,,,,,0.0010324468603357673,,,,,,,,,
22,,,78419,,,,,,,,,,0.011037512682378292,,,,,,,,,
22,,,78439,,,,,,,,,,0.012579512782394886,,,,,,,,,
22,,,78459,,,,,,,,,,0.037308983504772186,,,,,,,,,
22,,,78479,,,,,,,,,,0.08045155555009842,,,,,,,,,
22,,,78499,,,,,,,,,,0.042326491326093674,,,,,,,,,
22,,,78519,,,,,,,,,,0.02598331682384014,,,,,,,,,
22,,,78539,,,,,,,,,,0.010162608698010445,,,,,,,,,
22,,,78559,,,,,,,,,,0.0015081714373081923,,,,,,,,,
22,,,78579,,,,,,,,,,0.01038486696779728,,,,,,,,,
22,,,78599,,,,,,,,,,0.0006661083898507059,,,,,,,,,
22,,,78619,,,,,,,,,,0.10386267304420471,,,,,,,,,
22,,,78639,,,,,,,,,,0.009186133742332458,,,,,,,,,
22,,,78659,,,,,,,,,,0.0002431343455100432,,,,,,,,,
22,,,78679,,,,,,,,,,0.007850085385143757,,,,,,,,,
22,,,78699,,,,,,,,,,0.0023808516561985016,,,,,,,,,
22,,,78719,,,,,,,,,,0.07312062382698059,,,,,,,,,
22,,,78739,,,,,,,,,,0.0006246106349863112,,,,,,,,,
22,,,78759,,,,,,,,,,0.07710976898670197,,,,,,,,,
22,,,78779,,,,,,,,,,0.06366641074419022,,,,,,,,,
22,,,78799,,,,,,,,,,0.12365680187940598,,,,,,,,,
22,,,78819,,,,,,,,,,0.04484117031097412,,,,,,,,,
22,,,78839,,,,,,,,,,0.0006386362365446985,,,,,,,,,
22,,,78859,,,,,,,,,,0.09785401821136475,,,,,,,,,
22,,,78879,,,,,,,,,,0.0004651517083402723,,,,,,,,,
22,,,78899,,,,,,,,,,0.07463060319423676,,,,,,,,,
22,,,78919,,,,,,,,,,0.0004456641327124089,,,,,,,,,
22,,,78939,,,,,,,,,,0.004557491280138493,,,,,,,,,
22,,,78959,,,,,,,,,,0.012164049781858921,,,,,,,,,
22,,,78979,,,,,,,,,,0.04127701371908188,,,,,,,,,
22,,,78999,,,,,,,,,,0.16977079212665558,,,,,,,,,
22,,,79019,,,,,,,,,,0.05034111440181732,,,,,,,,,
22,,,79039,,,,,,,,,,0.02550424262881279,,,,,,,,,
22,,,79059,,,,,,,,,,0.005245665088295937,,,,,,,,,
22,,,79079,,,,,,,,,,0.0038901567459106445,,,,,,,,,
22,,,79099,,,,,,,,,,0.012029659003019333,,,,,,,,,
22,,,79119,,,,,,,,,,0.018244661390781403,,,,,,,,,
22,,,79139,,,,,,,,,,0.0008884600829333067,,,,,,,,,
22,,,79159,,,,,,,,,,0.07280716300010681,,,,,,,,,
22,,,79179,,,,,,,,,,0.09127558022737503,,,,,,,,,
22,,,79199,,,,,,,,,,0.2982638478279114,,,,,,,,,
22,,,79219,,,,,,,,,,0.03146498650312424,,,,,,,,,
22,,,79239,,,,,,,,,,0.03713793307542801,,,,,,,,,
22,,,79259,,,,,,,,,,0.05712779611349106,,,,,,,,,
22,,,79279,,,,,,,,,,0.010196400806307793,,,,,,,,,
22,,,79299,,,,,,,,,,0.03927672654390335,,,,,,,,,
22,,,79319,,,,,,,,,,0.11730334907770157,,,,,,,,,
22,,,79339,,,,,,,,,,0.023146148771047592,,,,,,,,,
22,,,79359,,,,,,,,,,0.08671467006206512,,,,,,,,,
22,,,79379,,,,,,,,,,0.061384931206703186,,,,,,,,,
22,,,79399,,,,,,,,,,0.11637967824935913,,,,,,,,,
22,,,79419,,,,,,,,,,0.14950940012931824,,,,,,,,,
22,,,79439,,,,,,,,,,0.018562737852334976,,,,,,,,,
22,,,79459,,,,,,,,,,0.03395490720868111,,,,,,,,,
22,,,79479,,,,,,,,,,0.024022752419114113,,,,,,,,,
22,,,79499,,,,,,,,,,0.004367074929177761,,,,,,,,,
22,,,79519,,,,,,,,,,0.001012669992633164,,,,,,,,,
22,,,79539,,,,,,,,,,0.0168350450694561,,,,,,,,,
22,,,79559,,,,,,,,,,0.05763160437345505,,,,,,,,,
22,,,79579,,,,,,,,,,0.16605538129806519,,,,,,,,,
22,,,79599,,,,,,,,,,0.1966521143913269,,,,,,,,,
22,,,79619,,,,,,,,,,0.10446810722351074,,,,,,,,,
22,,,79639,,,,,,,,,,0.09878852963447571,,,,,,,,,
22,,,79659,,,,,,,,,,0.028802769258618355,,,,,,,,,
22,,,79679,,,,,,,,,,0.13000956177711487,,,,,,,,,
22,,,79699,,,,,,,,,,0.09679213166236877,,,,,,,,,
22,,,79719,,,,,,,,,,0.07504254579544067,,,,,,,,,
22,,,79739,,,,,,,,,,0.010245566256344318,,,,,,,,,
22,,,79759,,,,,,,,,,0.019725268706679344,,,,,,,,,
22,,,79779,,,,,,,,,,0.004763915669173002,,,,,,,,,
22,,,79799,,,,,,,,,,0.00011373588495189324,,,,,,,,,
22,,,79819,,,,,,,,,,0.1726026087999344,,,,,,,,,
22,,,79839,,,,,,,,,,0.0020925248973071575,,,,,,,,,
22,,,79859,,,,,,,,,,0.10312627255916595,,,,,,,,,
22,,,79879,,,,,,,,,,0.017189908772706985,,,,,,,,,
22,,,79899,,,,,,,,,,0.01063400786370039,,,,,,,,,
22,,,79919,,,,,,,,,,0.00215375074185431,,,,,,,,,
22,,,79939,,,,,,,,,,0.07807202637195587,,,,,,,,,
22,,,79959,,,,,,,,,,0.09610623866319656,,,,,,,,,
22,,,79979,,,,,,,,,,0.004957817029207945,,,,,,,,,
22,,,79999,,,,,,,,,,0.02462846413254738,,,,,,,,,
22,,,80019,,,,,,,,,,0.011811986565589905,,,,,,,,,
22,,,80039,,,,,,,,,,0.014295961707830429,,,,,,,,,
22,,,80059,,,,,,,,,,0.04438583552837372,,,,,,,,,
22,,,80079,,,,,,,,,,0.11187770217657089,,,,,,,,,
22,,,80099,,,,,,,,,,0.08036039024591446,,,,,,,,,
22,,,80119,,,,,,,,,,0.1339474767446518,,,,,,,,,
22,,,80139,,,,,,,,,,0.02999093383550644,,,,,,,,,
22,,,80159,,,,,,,,,,0.0342874713242054,,,,,,,,,
22,,,80179,,,,,,,,,,0.06455491483211517,,,,,,,,,
22,,,80199,,,,,,,,,,0.004027286544442177,,,,,,,,,
22,,,80219,,,,,,,,,,0.008449527435004711,,,,,,,,,
22,,,80239,,,,,,,,,,0.1875545233488083,,,,,,,,,
22,,,80259,,,,,,,,,,0.07958883792161942,,,,,,,,,
22,,,80279,,,,,,,,,,0.054234109818935394,,,,,,,,,
22,,,80299,,,,,,,,,,0.0053756991401314735,,,,,,,,,
22,,,80319,,,,,,,,,,0.006773303262889385,,,,,,,,,
22,,,80339,,,,,,,,,,0.008690551854670048,,,,,,,,,
22,,,80359,,,,,,,,,,0.10507391393184662,,,,,,,,,
22,,,80379,,,,,,,,,,0.1833849549293518,,,,,,,,,
22,,,80399,,,,,,,,,,0.01177457720041275,,,,,,,,,
22,,,80419,,,,,,,,,,0.015394482761621475,,,,,,,,,
22,,,80439,,,,,,,,,,0.030818138271570206,,,,,,,,,
22,,,80459,,,,,,,,,,0.0008232646505348384,,,,,,,,,
22,,,80479,,,,,,,,,,0.009662325493991375,,,,,,,,,
22,,,80499,,,,,,,,,,0.07669085264205933,,,,,,,,,
22,,,80519,,,,,,,,,,0.0049956864677369595,,,,,,,,,
22,,,80539,,,,,,,,,,0.01857578195631504,,,,,,,,,
22,,,80559,,,,,,,,,,0.010135636664927006,,,,,,,,,
22,,,80579,,,,,,,,,,0.09609624743461609,,,,,,,,,
22,,,80599,,,,,,,,,,0.010560806840658188,,,,,,,,,
22,,,80619,,,,,,,,,,2.5387447749380954e-05,,,,,,,,,
22,,,80639,,,,,,,,,,0.003900316543877125,,,,,,,,,
22,,,80659,,,,,,,,,,0.06827712059020996,,,,,,,,,
22,,,80679,,,,,,,,,,0.029206104576587677,,,,,,,,,
22,,,80699,,,,,,,,,,0.01621839590370655,,,,,,,,,
22,,,80719,,,,,,,,,,0.00021854335500393063,,,,,,,,,
22,,,80739,,,,,,,,,,0.08644089847803116,,,,,,,,,
22,,,80759,,,,,,,,,,0.03145722672343254,,,,,,,,,
22,,,80779,,,,,,,,,,0.010033232159912586,,,,,,,,,
22,,,80799,,,,,,,,,,0.0627671331167221,,,,,,,,,
22,,,80819,,,,,,,,,,0.07334437221288681,,,,,,,,,
22,,,80839,,,,,,,,,,0.08121152967214584,,,,,,,,,
22,,,80859,,,,,,,,,,0.015490837395191193,,,,,,,,,
22,,,80879,,,,,,,,,,0.09856831282377243,,,,,,,,,
22,,,80899,,,,,,,,,,0.0010522513184696436,,,,,,,,,
22,,,80919,,,,,,,,,,0.04142405837774277,,,,,,,,,
22,,,80939,,,,,,,,,,0.001176734222099185,,,,,,,,,
22,,,80959,,,,,,,,,,0.12415711581707001,,,,,,,,,
22,,,80979,,,,,,,,,,0.024922652170062065,,,,,,,,,
22,,,80999,,,,,,,,,,0.045076657086610794,,,,,,,,,
22,,,81019,,,,,,,,,,0.04411992058157921,,,,,,,,,
22,,,81039,,,,,,,,,,0.001388142118230462,,,,,,,,,
22,,,81059,,,,,,,,,,0.17578355967998505,,,,,,,,,
22,,,81079,,,,,,,,,,0.11158912628889084,,,,,,,,,
22,,,81099,,,,,,,,,,0.03179360553622246,,,,,,,,,
22,,,81119,,,,,,,,,,0.0021627366077154875,,,,,,,,,
22,,,81139,,,,,,,,,,0.005982221104204655,,,,,,,,,
22,,,81159,,,,,,,,,,0.04586195945739746,,,,,,,,,
22,,,81179,,,,,,,,,,0.010766278952360153,,,,,,,,,
22,,,81199,,,,,,,,,,0.002739489544183016,,,,,,,,,
22,,,81219,,,,,,,,,,0.0006149520631879568,,,,,,,,,
22,,,81239,,,,,,,,,,0.0011115851812064648,,,,,,,,,
22,,,81259,,,,,,,,,,0.012800237163901329,,,,,,,,,
22,,,81279,,,,,,,,,,0.21826131641864777,,,,,,,,,
22,,,81299,,,,,,,,,,0.054659370332956314,,,,,,,,,
22,,,81319,,,,,,,,,,0.09125062823295593,,,,,,,,,
22,,,81327,,,,,,,,,,,0.7977163791656494,0.886539101600647,0.7719813585281372,1.2495906352996826,0.7621768116950989,0.5587642192840576,0.618779718875885,0.9055739045143127,0.7977163791656494
22,,,81327,,,,,,,,0.9792623519897461,0.05080558359622955,,,,,,,,,,
,0.0001647025710494341,0.0001647025710494341,81328,,,,,,,,,,,,,,,,,,,
23,,,81339,,,,,,,,,,0.0075746262446045876,,,,,,,,,
23,,,81359,,,,,,,,,,0.028979402035474777,,,,,,,,,
23,,,81379,,,,,,,,,,0.04592570662498474,,,,,,,,,
23,,,81399,,,,,,,,,,0.04249591380357742,,,,,,,,,
23,,,81419,,,,,,,,,,0.04556908458471298,,,,,,,,,
23,,,81439,,,,,,,,,,0.09517760574817657,,,,,,,,,
23,,,81459,,,,,,,,,,0.039979252964258194,,,,,,,,,
23,,,81479,,,,,,,,,,0.07009702920913696,,,,,,,,,
23,,,81499,,,,,,,,,,0.1054341048002243,,,,,,,,,
23,,,81519,,,,,,,,,,0.018466845154762268,,,,,,,,,
23,,,81539,,,,,,,,,,0.00024358509108424187,,,,,,,,,
23,,,81559,,,,,,,,,,0.0014862578827887774,,,,,,,,,
23,,,81579,,,,,,,,,,0.02985110506415367,,,,,,,,,
23,,,81599,,,,,,,,,,0.0007159634260460734,,,,,,,,,
23,,,81619,,,,,,,,,,0.036971140652894974,,,,,,,,,
23,,,81639,,,,,,,,,,0.09851992130279541,,,,,,,,,
23,,,81659,,,,,,,,,,0.03867930918931961,,,,,,,,,
23,,,81679,,,,,,,,,,0.09457901120185852,,,,,,,,,
23,,,81699,,,,,,,,,,0.0630195140838623,,,,,,,,,
23,,,81719,,,,,,,,,,0.009932558983564377,,,,,,,,,
23,,,81739,,,,,,,,,,0.0034915071446448565,,,,,,,,,
23,,,81759,,,,,,,,,,0.005842604674398899,,,,,,,,,
23,,,81779,,,,,,,,,,0.0016328811179846525,,,,,,,,,
23,,,81799,,,,,,,,,,0.03031991794705391,,,,,,,,,
23,,,81819,,,,,,,,,,0.037846580147743225,,,,,,,,,
23,,,81839,,,,,,,,,,0.001067333621904254,,,,,,,,,
23,,,81859,,,,,,,,,,0.0234073419123888,,,,,,,,,
23,,,81879,,,,,,,,,,0.04791295900940895,,,,,,,,,
23,,,81899,,,,,,,,,,0.082083560526371,,,,,,,,,
23,,,81919,,,,,,,,,,0.06817453354597092,,,,,,,,,
23,,,81939,,,,,,,,,,0.11951269209384918,,,,,,,,,
23,,,81959,,,,,,,,,,0.003003209363669157,,,,,,,,,
23,,,81979,,,,,,,,,,0.016616998240351677,,,,,,,,,
23,,,81999,,,,,,,,,,0.06946317851543427,,,,,,,,,
23,,,82019,,,,,,,,,,0.0500958226621151,,,,,,,,,
23,,,82039,,,,,,,,,,0.004298493266105652,,,,,,,,,
23,,,82059,,,,,,,,,,0.03516679257154465,,,,,,,,,
23,,,82079,,,,,,,,,,0.0011757382890209556,,,,,,,,,
23,,,82099,,,,,,,,,,0.023892153054475784,,,,,,,,,
23,,,82119,,,,,,,,,,0.0022101127542555332,,,,,,,,,
23,,,82139,,,,,,,,,,0.09137847274541855,,,,,,,,,
23,,,82159,,,,,,,,,,0.046496860682964325,,,,,,,,,
23,,,82179,,,,,,,,,,0.019584938883781433,,,,,,,,,
23,,,82199,,,,,,,,,,0.08199789375066757,,,,,,,,,
23,,,82219,,,,,,,,,,0.1353544443845749,,,,,,,,,
23,,,82239,,,,,,,,,,0.031657226383686066,,,,,,,,,
23,,,82259,,,,,,,,,,0.08220469951629639,,,,,,,,,
23,,,82279,,,,,,,,,,0.11162538826465607,,,,,,,,,
23,,,82299,,,,,,,,,,0.033157676458358765,,,,,,,,,
23,,,82319,,,,,,,,,,0.15078355371952057,,,,,,,,,
23,,,82339,,,,,,,,,,0.019679399207234383,,,,,,,,,
23,,,82359,,,,,,,,,,0.020596658810973167,,,,,,,,,
23,,,82379,,,,,,,,,,0.01840992458164692,,,,,,,,,
23,,,82399,,,,,,,,,,0.015007523819804192,,,,,,,,,
23,,,82419,,,,,,,,,,0.00046837274567224085,,,,,,,,,
23,,,82439,,,,,,,,,,0.04566788673400879,,,,,,,,,
23,,,82459,,,,,,,,,,0.10586987435817719,,,,,,,,,
23,,,82479,,,,,,,,,,0.03133704885840416,,,,,,,,,
23,,,82499,,,,,,,,,,0.046920113265514374,,,,,,,,,
23,,,82519,,,,,,,,,,0.06323510408401489,,,,,,,,,
23,,,82539,,,,,,,,,,0.02864379808306694,,,,,,,,,
23,,,82559,,,,,,,,,,0.15686845779418945,,,,,,,,,
23,,,82579,,,,,,,,,,0.0004057415935676545,,,,,,,,,
23,,,82599,,,,,,,,,,0.00027594363200478256,,,,,,,,,
23,,,82619,,,,,,,,,,0.20507393777370453,,,,,,,,,
23,,,82639,,,,,,,,,,0.013713065534830093,,,,,,,,,
23,,,82659,,,,,,,,,,0.06757131963968277,,,,,,,,,
23,,,82679,,,,,,,,,,0.004907992202788591,,,,,,,,,
23,,,82699,,,,,,,,,,0.046495385468006134,,,,,,,,,
23,,,82719,,,,,,,,,,0.11284667998552322,,,,,,,,,
23,,,82739,,,,,,,,,,0.02352341264486313,,,,,,,,,
23,,,82759,,,,,,,,,,0.005156094208359718,,,,,,,,,
23,,,82779,,,,,,,,,,0.0005669045494869351,,,,,,,,,
23,,,82799,,,,,,,,,,0.178671732544899,,,,,,,,,
23,,,82819,,,,,,,,,,0.12311121821403503,,,,,,,,,
23,,,82839,,,,,,,,,,0.18562224507331848,,,,,,,,,
23,,,82859,,,,,,,,,,0.10953951627016068,,,,,,,,,
23,,,82879,,,,,,,,,,0.21680286526679993,,,,,,,,,
23,,,82899,,,,,,,,,,0.0008246988872997463,,,,,,,,,
23,,,82919,,,,,,,,,,0.01596212573349476,,,,,,,,,
23,,,82939,,,,,,,,,,0.01567111350595951,,,,,,,,,
23,,,82959,,,,,,,,,,0.05902797728776932,,,,,,,,,
23,,,82979,,,,,,,,,,0.04999726638197899,,,,,,,,,
23,,,82999,,,,,,,,,,0.007470451295375824,,,,,,,,,
23,,,83019,,,,,,,,,,0.0005892644403502345,,,,,,,,,
23,,,83039,,,,,,,,,,0.01745910570025444,,,,,,,,,
23,,,83059,,,,,,,,,,0.35727426409721375,,,,,,,,,
23,,,83079,,,,,,,,,,0.030723797157406807,,,,,,,,,
23,,,83099,,,,,,,,,,0.04530283808708191,,,,,,,,,
23,,,83119,,,,,,,,,,0.07991552352905273,,,,,,,,,
23,,,83139,,,,,,,,,,0.019374199211597443,,,,,,,,,
23,,,83159,,,,,,,,,,0.0004029411938972771,,,,,,,,,
23,,,83179,,,,,,,,,,0.013297341763973236,,,,,,,,,
23,,,83199,,,,,,,,,,0.0026307781226933002,,,,,,,,,
23,,,83219,,,,,,,,,,0.028263263404369354,,,,,,,,,
23,,,83239,,,,,,,,,,0.014077416621148586,,,,,,,,,
23,,,83259,,,,,,,,,,0.1455209106206894,,,,,,,,,
23,,,83279,,,,,,,,,,0.18029768764972687,,,,,,,,,
23,,,83299,,,,,,,,,,0.05438722297549248,,,,,,,,,
23,,,83319,,,,,,,,,,0.0044639501720666885,,,,,,,,,
23,,,83339,,,,,,,,,,0.04108479619026184,,,,,,,,,
23,,,83359,,,,,,,,,,0.0017665503546595573,,,,,,,,,
23,,,83379,,,,,,,,,,0.0005724818911403418,,,,,,,,,
23,,,83399,,,,,,,,,,0.08722271025180817,,,,,,,,,
23,,,83419,,,,,,,,,,0.002107391133904457,,,,,,,,,
23,,,83439,,,,,,,,,,0.008629120886325836,,,,,,,,,
23,,,83459,,,,,,,,,,0.141815185546875,,,,,,,,,
23,,,83479,,,,,,,,,,0.1450512558221817,,,,,,,,,
23,,,83499,,,,,,,,,,0.004175849724560976,,,,,,,,,
23,,,83519,,,,,,,,,,0.0450906939804554,,,,,,,,,
23,,,83539,,,,,,,,,,0.00793022383004427,,,,,,,,,
23,,,83559,,,,,,,,,,0.0050979964435100555,,,,,,,,,
23,,,83579,,,,,,,,,,0.00786581076681614,,,,,,,,,
23,,,83599,,,,,,,,,,0.09821899235248566,,,,,,,,,
23,,,83619,,,,,,,,,,0.01926800236105919,,,,,,,,,
23,,,83639,,,,,,,,,,0.003118121298030019,,,,,,,,,
23,,,83659,,,,,,,,,,0.11961977183818817,,,,,,,,,
23,,,83679,,,,,,,,,,0.005722283385694027,,,,,,,,,
23,,,83699,,,,,,,,,,0.05316925793886185,,,,,,,,,
23,,,83719,,,,,,,,,,0.003754501696676016,,,,,,,,,
23,,,83739,,,,,,,,,,0.04053669422864914,,,,,,,,,
23,,,83759,,,,,,,,,,0.11157100647687912,,,,,,,,,
23,,,83779,,,,,,,,,,0.08099281787872314,,,,,,,,,
23,,,83799,,,,,,,,,,0.021726412698626518,,,,,,,,,
23,,,83819,,,,,,,,,,0.02177911065518856,,,,,,,,,
23,,,83839,,,,,,,,,,0.20809975266456604,,,,,,,,,
23,,,83859,,,,,,,,,,0.05056764930486679,,,,,,,,,
23,,,83879,,,,,,,,,,0.032418251037597656,,,,,,,,,
23,,,83899,,,,,,,,,,0.026905013248324394,,,,,,,,,
23,,,83919,,,,,,,,,,0.03058071807026863,,,,,,,,,
23,,,83939,,,,,,,,,,0.006484507583081722,,,,,,,,,
23,,,83959,,,,,,,,,,0.15289130806922913,,,,,,,,,
23,,,83979,,,,,,,,,,0.12584152817726135,,,,,,,,,
23,,,83999,,,,,,,,,,0.0007529890863224864,,,,,,,,,
23,,,84019,,,,,,,,,,0.1843884438276291,,,,,,,,,
23,,,84039,,,,,,,,,,0.0013313435483723879,,,,,,,,,
23,,,84059,,,,,,,,,,0.0020959170069545507,,,,,,,,,
23,,,84079,,,,,,,,,,0.0023591178469359875,,,,,,,,,
23,,,84099,,,,,,,,,,0.0017023071413859725,,,,,,,,,
23,,,84119,,,,,,,,,,0.2129790484905243,,,,,,,,,
23,,,84139,,,,,,,,,,0.0010176317300647497,,,,,,,,,
23,,,84159,,,,,,,,,,0.0009257389465346932,,,,,,,,,
23,,,84179,,,,,,,,,,0.0006029636133462191,,,,,,,,,
23,,,84199,,,,,,,,,,0.039081454277038574,,,,,,,,,
23,,,84219,,,,,,,,,,0.012300563044846058,,,,,,,,,
23,,,84239,,,,,,,,,,0.03119656629860401,,,,,,,,,
23,,,84259,,,,,,,,,,0.06996183842420578,,,,,,,,,
23,,,84279,,,,,,,,,,0.06126474589109421,,,,,,,,,
23,,,84299,,,,,,,,,,0.05182207375764847,,,,,,,,,
23,,,84319,,,,,,,,,,0.04151606187224388,,,,,,,,,
23,,,84339,,,,,,,,,,0.057618990540504456,,,,,,,,,
23,,,84359,,,,,,,,,,0.017354346811771393,,,,,,,,,
23,,,84379,,,,,,,,,,0.0011498245876282454,,,,,,,,,
23,,,84399,,,,,,,,,,0.017158029600977898,,,,,,,,,
23,,,84419,,,,,,,,,,0.011972883716225624,,,,,,,,,
23,,,84439,,,,,,,,,,0.0010035826126113534,,,,,,,,,
23,,,84459,,,,,,,,,,0.0024221118073910475,,,,,,,,,
23,,,84479,,,,,,,,,,0.05617735534906387,,,,,,,,,
23,,,84499,,,,,,,,,,0.0807226225733757,,,,,,,,,
23,,,84519,,,,,,,,,,0.001210611779242754,,,,,,,,,
23,,,84539,,,,,,,,,,0.0961279422044754,,,,,,,,,
23,,,84559,,,,,,,,,,0.0035767126828432083,,,,,,,,,
23,,,84579,,,,,,,,,,0.0008132380899041891,,,,,,,,,
23,,,84599,,,,,,,,,,0.15366685390472412,,,,,,,,,
23,,,84619,,,,,,,,,,0.018160227686166763,,,,,,,,,
23,,,84639,,,,,,,,,,0.11401482671499252,,,,,,,,,
23,,,84659,,,,,,,,,,0.13413266837596893,,,,,,,,,
23,,,84679,,,,,,,,,,0.0006386183085851371,,,,,,,,,
23,,,84699,,,,,,,,,,0.040801968425512314,,,,,,,,,
23,,,84719,,,,,,,,,,0.01108197309076786,,,,,,,,,
23,,,84739,,,,,,,,,,0.05509449169039726,,,,,,,,,
23,,,84759,,,,,,,,,,0.028842318803071976,,,,,,,,,
23,,,84779,,,,,,,,,,0.023022722452878952,,,,,,,,,
23,,,84799,,,,,,,,,,0.0036222878843545914,,,,,,,,,
23,,,84819,,,,,,,,,,0.0031245106365531683,,,,,,,,,
23,,,84839,,,,,,,,,,0.03583011031150818,,,,,,,,,
23,,,84859,,,,,,,,,,0.005662795156240463,,,,,,,,,
23,,,84863,,,,,,,,,,,0.7700629234313965,0.866633951663971,0.765803337097168,1.408919334411621,0.762133002281189,0.5321367979049683,0.6568330526351929,0.8674329519271851,0.7700629234313965
23,,,84863,,,,,,,,0.9809414148330688,0.04725341126322746,,,,,,,,,,
,0.00015,0.00015,84864,,,,,,,,,,,,,,,,,,,
24,,,84879,,,,,,,,,,0.0012177135795354843,,,,,,,,,
24,,,84899,,,,,,,,,,0.020620005205273628,,,,,,,,,
24,,,84919,,,,,,,,,,0.003780266037210822,,,,,,,,,
24,,,84939,,,,,,,,,,0.01483007799834013,,,,,,,,,
24,,,84959,,,,,,,,,,0.0855378732085228,,,,,,,,,
24,,,84979,,,,,,,,,,0.00019432416593190283,,,,,,,,,
24,,,84999,,,,,,,,,,0.10992264002561569,,,,,,,,,
24,,,85019,,,,,,,,,,0.014859220013022423,,,,,,,,,
24,,,85039,,,,,,,,,,0.18161068856716156,,,,,,,,,
24,,,85059,,,,,,,,,,0.17708294093608856,,,,,,,,,
24,,,85079,,,,,,,,,,0.11451565474271774,,,,,,,,,
24,,,85099,,,,,,,,,,0.00403573177754879,,,,,,,,,
24,,,85119,,,,,,,,,,0.046979986131191254,,,,,,,,,
24,,,85139,,,,,,,,,,0.11659930646419525,,,,,,,,,
24,,,85159,,,,,,,,,,0.0164721067994833,,,,,,,,,
24,,,85179,,,,,,,,,,0.020349711179733276,,,,,,,,,
24,,,85199,,,,,,,,,,0.03973810374736786,,,,,,,,,
24,,,85219,,,,,,,,,,0.01600349135696888,,,,,,,,,
24,,,85239,,,,,,,,,,0.07918708026409149,,,,,,,,,
24,,,85259,,,,,,,,,,0.02031637728214264,,,,,,,,,
24,,,85279,,,,,,,,,,0.06155574321746826,,,,,,,,,
24,,,85299,,,,,,,,,,0.01286581251770258,,,,,,,,,
24,,,85319,,,,,,,,,,0.005631008185446262,,,,,,,,,
24,,,85339,,,,,,,,,,0.0617511123418808,,,,,,,,,
24,,,85359,,,,,,,,,,0.021166780963540077,,,,,,,,,
24,,,85379,,,,,,,,,,0.13008259236812592,,,,,,,,,
24,,,85399,,,,,,,,,,0.009143940173089504,,,,,,,,,
24,,,85419,,,,,,,,,,0.0013481014175340533,,,,,,,,,
24,,,85439,,,,,,,,,,0.11293154209852219,,,,,,,,,
24,,,85459,,,,,,,,,,0.022551115602254868,,,,,,,,,
24,,,85479,,,,,,,,,,0.010722586885094643,,,,,,,,,
24,,,85499,,,,,,,,,,0.021383389830589294,,,,,,,,,
24,,,85519,,,,,,,,,,0.10282032936811447,,,,,,,,,
24,,,85539,,,,,,,,,,0.00045090296771377325,,,,,,,,,
24,,,85559,,,,,,,,,,0.005277590826153755,,,,,,,,,
24,,,85579,,,,,,,,,,0.009032079949975014,,,,,,,,,
24,,,85599,,,,,,,,,,0.0007632411434315145,,,,,,,,,
24,,,85619,,,,,,,,,,0.0027668862603604794,,,,,,,,,
24,,,85639,,,,,,,,,,0.0028257304802536964,,,,,,,,,
24,,,85659,,,,,,,,,,0.03202417120337486,,,,,,,,,
24,,,85679,,,,,,,,,,0.006050695199519396,,,,,,,,,
24,,,85699,,,,,,,,,,0.029256759211421013,,,,,,,,,
24,,,85719,,,,,,,,,,0.18600866198539734,,,,,,,,,
24,,,85739,,,,,,,,,,0.027537139132618904,,,,,,,,,
24,,,85759,,,,,,,,,,0.00458599254488945,,,,,,,,,
24,,,85779,,,,,,,,,,0.04581036418676376,,,,,,,,,
24,,,85799,,,,,,,,,,0.0007636543596163392,,,,,,,,,
24,,,85819,,,,,,,,,,0.00035991944605484605,,,,,,,,,
24,,,85839,,,,,,,,,,0.060245465487241745,,,,,,,,,
24,,,85859,,,,,,,,,,0.08010289072990417,,,,,,,,,
24,,,85879,,,,,,,,,,0.0319281741976738,,,,,,,,,
24,,,85899,,,,,,,,,,0.17071834206581116,,,,,,,,,
24,,,85919,,,,,,,,,,0.001621984993107617,,,,,,,,,
24,,,85939,,,,,,,,,,0.026270132511854172,,,,,,,,,
24,,,85959,,,,,,,,,,0.007417891174554825,,,,,,,,,
24,,,85979,,,,,,,,,,0.05212884396314621,,,,,,,,,
24,,,85999,,,,,,,,,,0.01896742358803749,,,,,,,,,
24,,,86019,,,,,,,,,,0.00044859133777208626,,,,,,,,,
24,,,86039,,,,,,,,,,0.07996225357055664,,,,,,,,,
24,,,86059,,,,,,,,,,0.06625740230083466,,,,,,,,,
24,,,86079,,,,,,,,,,0.06384991109371185,,,,,,,,,
24,,,86099,,,,,,,,,,0.042236488312482834,,,,,,,,,
24,,,86119,,,,,,,,,,0.01756657287478447,,,,,,,,,
24,,,86139,,,,,,,,,,0.027438610792160034,,,,,,,,,
24,,,86159,,,,,,,,,,0.04563935473561287,,,,,,,,,
24,,,86179,,,,,,,,,,0.0711904987692833,,,,,,,,,
24,,,86199,,,,,,,,,,0.00016159191727638245,,,,,,,,,
24,,,86219,,,,,,,,,,0.005951602477580309,,,,,,,,,
24,,,86239,,,,,,,,,,0.0033921711146831512,,,,,,,,,
24,,,86259,,,,,,,,,,0.009110147133469582,,,,,,,,,
24,,,86279,,,,,,,,,,0.08563803881406784,,,,,,,,,
24,,,86299,,,,,,,,,,0.00039854960050433874,,,,,,,,,
24,,,86319,,,,,,,,,,0.06050756573677063,,,,,,,,,
24,,,86339,,,,,,,,,,0.0015275769401341677,,,,,,,,,
24,,,86359,,,,,,,,,,0.030604535713791847,,,,,,,,,
24,,,86379,,,,,,,,,,0.026562221348285675,,,,,,,,,
24,,,86399,,,,,,,,,,0.016381997615098953,,,,,,,,,
24,,,86419,,,,,,,,,,0.029320204630494118,,,,,,,,,
24,,,86439,,,,,,,,,,0.1025867834687233,,,,,,,,,
24,,,86459,,,,,,,,,,0.09334268420934677,,,,,,,,,
24,,,86479,,,,,,,,,,0.0001703377638477832,,,,,,,,,
24,,,86499,,,,,,,,,,0.08037467300891876,,,,,,,,,
24,,,86519,,,,,,,,,,0.000855766236782074,,,,,,,,,
24,,,86539,,,,,,,,,,0.008897722698748112,,,,,,,,,
24,,,86559,,,,,,,,,,0.01405160129070282,,,,,,,,,
24,,,86579,,,,,,,,,,0.21452242136001587,,,,,,,,,
24,,,86599,,,,,,,,,,0.0742330476641655,,,,,,,,,
24,,,86619,,,,,,,,,,0.008328616619110107,,,,,,,,,
24,,,86639,,,,,,,,,,0.0038529550656676292,,,,,,,,,
24,,,86659,,,,,,,,,,0.023077208548784256,,,,,,,,,
24,,,86679,,,,,,,,,,0.00426687765866518,,,,,,,,,
24,,,86699,,,,,,,,,,0.036674484610557556,,,,,,,,,
24,,,86719,,,,,,,,,,0.0002688330423552543,,,,,,,,,
24,,,86739,,,,,,,,,,0.0023794504813849926,,,,,,,,,
24,,,86759,,,,,,,,,,0.05985704064369202,,,,,,,,,
24,,,86779,,,,,,,,,,0.08988888561725616,,,,,,,,,
24,,,86799,,,,,,,,,,0.06527795642614365,,,,,,,,,
24,,,86819,,,,,,,,,,0.00029135949444025755,,,,,,,,,
24,,,86839,,,,,,,,,,0.10517515242099762,,,,,,,,,
24,,,86859,,,,,,,,,,0.0007252651848830283,,,,,,,,,
24,,,86879,,,,,,,,,,0.0006361287087202072,,,,,,,,,
24,,,86899,,,,,,,,,,0.022799769416451454,,,,,,,,,
24,,,86919,,,,,,,,,,0.021211158484220505,,,,,,,,,
24,,,86939,,,,,,,,,,0.0005440082168206573,,,,,,,,,
24,,,86959,,,,,,,,,,0.03236614912748337,,,,,,,,,
24,,,86979,,,,,,,,,,0.38703396916389465,,,,,,,,,
24,,,86999,,,,,,,,,,0.12575119733810425,,,,,,,,,
24,,,87019,,,,,,,,,,0.0006476117996498942,,,,,,,,,
24,,,87039,,,,,,,,,,0.008219826966524124,,,,,,,,,
24,,,87059,,,,,,,,,,0.03232389688491821,,,,,,,,,
24,,,87079,,,,,,,,,,0.04619918391108513,,,,,,,,,
24,,,87099,,,,,,,,,,0.00021758429647888988,,,,,,,,,
24,,,87119,,,,,,,,,,0.11232221871614456,,,,,,,,,
24,,,87139,,,,,,,,,,0.06685870885848999,,,,,,,,,
24,,,87159,,,,,,,,,,0.010621740482747555,,,,,,,,,
24,,,87179,,,,,,,,,,0.08593514561653137,,,,,,,,,
24,,,87199,,,,,,,,,,0.04022137075662613,,,,,,,,,
24,,,87219,,,,,,,,,,0.0002760512288659811,,,,,,,,,
24,,,87239,,,,,,,,,,0.020365646108984947,,,,,,,,,
24,,,87259,,,,,,,,,,0.1629037708044052,,,,,,,,,
24,,,87279,,,,,,,,,,0.005620133131742477,,,,,,,,,
24,,,87299,,,,,,,,,,0.08648654073476791,,,,,,,,,
24,,,87319,,,,,,,,,,0.004559861496090889,,,,,,,,,
24,,,87339,,,,,,,,,,0.04326149821281433,,,,,,,,,
24,,,87359,,,,,,,,,,0.039512600749731064,,,,,,,,,
24,,,87379,,,,,,,,,,0.002561191562563181,,,,,,,,,
24,,,87399,,,,,,,,,,0.00029515547794289887,,,,,,,,,
24,,,87419,,,,,,,,,,0.04779202491044998,,,,,,,,,
24,,,87439,,,,,,,,,,0.010592231526970863,,,,,,,,,
24,,,87459,,,,,,,,,,0.0006774939829483628,,,,,,,,,
24,,,87479,,,,,,,,,,0.0006278470391407609,,,,,,,,,
24,,,87499,,,,,,,,,,0.0010607916628941894,,,,,,,,,
24,,,87519,,,,,,,,,,0.010896128602325916,,,,,,,,,
24,,,87539,,,,,,,,,,0.007207130081951618,,,,,,,,,
24,,,87559,,,,,,,,,,0.03961558640003204,,,,,,,,,
24,,,87579,,,,,,,,,,0.013817241415381432,,,,,,,,,
24,,,87599,,,,,,,,,,0.06588529795408249,,,,,,,,,
24,,,87619,,,,,,,,,,0.0003384478623047471,,,,,,,,,
24,,,87639,,,,,,,,,,0.0006066705682314932,,,,,,,,,
24,,,87659,,,,,,,,,,0.0001660772250033915,,,,,,,,,
24,,,87679,,,,,,,,,,0.0028262806590646505,,,,,,,,,
24,,,87699,,,,,,,,,,0.08130756765604019,,,,,,,,,
24,,,87719,,,,,,,,,,0.05276546627283096,,,,,,,,,
24,,,87739,,,,,,,,,,0.025028740987181664,,,,,,,,,
24,,,87759,,,,,,,,,,0.08365574479103088,,,,,,,,,
24,,,87779,,,,,,,,,,0.03454187884926796,,,,,,,,,
24,,,87799,,,,,,,,,,0.12406210601329803,,,,,,,,,
24,,,87819,,,,,,,,,,0.011259503662586212,,,,,,,,,
24,,,87839,,,,,,,,,,0.003996670711785555,,,,,,,,,
24,,,87859,,,,,,,,,,0.14434067904949188,,,,,,,,,
24,,,87879,,,,,,,,,,0.06717965006828308,,,,,,,,,
24,,,87899,,,,,,,,,,0.030715294182300568,,,,,,,,,
24,,,87919,,,,,,,,,,0.009133044630289078,,,,,,,,,
24,,,87939,,,,,,,,,,0.10308074951171875,,,,,,,,,
24,,,87959,,,,,,,,,,0.006456730887293816,,,,,,,,,
24,,,87979,,,,,,,,,,0.1733810156583786,,,,,,,,,
24,,,87999,,,,,,,,,,0.07114578783512115,,,,,,,,,
24,,,88019,,,,,,,,,,0.003320843679830432,,,,,,,,,
24,,,88039,,,,,,,,,,0.061428047716617584,,,,,,,,,
24,,,88059,,,,,,,,,,0.032213665544986725,,,,,,,,,
24,,,88079,,,,,,,,,,0.041853167116642,,,,,,,,,
24,,,88099,,,,,,,,,,0.056458860635757446,,,,,,,,,
24,,,88119,,,,,,,,,,0.0006513257976621389,,,,,,,,,
24,,,88139,,,,,,,,,,0.007170440163463354,,,,,,,,,
24,,,88159,,,,,,,,,,0.007621262688189745,,,,,,,,,
24,,,88179,,,,,,,,,,0.14432218670845032,,,,,,,,,
24,,,88199,,,,,,,,,,0.05237763002514839,,,,,,,,,
24,,,88219,,,,,,,,,,0.060647908598184586,,,,,,,,,
24,,,88239,,,,,,,,,,0.0016688716132193804,,,,,,,,,
24,,,88259,,,,,,,,,,0.014626683667302132,,,,,,,,,
24,,,88279,,,,,,,,,,0.19527068734169006,,,,,,,,,
24,,,88299,,,,,,,,,,0.005899009294807911,,,,,,,,,
24,,,88319,,,,,,,,,,0.0740811824798584,,,,,,,,,
24,,,88339,,,,,,,,,,0.0028986306861042976,,,,,,,,,
24,,,88359,,,,,,,,,,0.0015705334953963757,,,,,,,,,
24,,,88379,,,,,,,,,,0.0004494556924328208,,,,,,,,,
24,,,88399,,,,,,,,,,0.00021932936215307564,,,,,,,,,
24,,,88399,,,,,,,,,,,0.797428548336029,0.8922955393791199,0.788379430770874,1.0747907161712646,0.7815624475479126,0.5787733793258667,0.6750240325927734,0.888100802898407,0.797428548336029
24,,,88399,,,,,,,,0.9815154075622559,0.04518363997340202,,,,,,,,,,
,0.0001352974289505659,0.0001352974289505659,88400,,,,,,,,,,,,,,,,,,,
25,,,88419,,,,,,,,,,0.0007294018287211657,,,,,,,,,
25,,,88439,,,,,,,,,,0.011162927374243736,,,,,,,,,
25,,,88459,,,,,,,,,,0.0029360447078943253,,,,,,,,,
25,,,88479,,,,,,,,,,0.014669476076960564,,,,,,,,,
25,,,88499,,,,,,,,,,0.012717191129922867,,,,,,,,,
25,,,88519,,,,,,,,,,0.05826004594564438,,,,,,,,,
25,,,88539,,,,,,,,,,0.04167706146836281,,,,,,,,,
25,,,88559,,,,,,,,,,0.018649596720933914,,,,,,,,,
25,,,88579,,,,,,,,,,0.03777926415205002,,,,,,,,,
25,,,88599,,,,,,,,,,0.16089387238025665,,,,,,,,,
25,,,88619,,,,,,,,,,0.012023823335766792,,,,,,,,,
25,,,88639,,,,,,,,,,0.0008878167136572301,,,,,,,,,
25,,,88659,,,,,,,,,,0.24130085110664368,,,,,,,,,
25,,,88679,,,,,,,,,,0.05188826844096184,,,,,,,,,
25,,,88699,,,,,,,,,,0.09664878994226456,,,,,,,,,
25,,,88719,,,,,,,,,,0.02206571027636528,,,,,,,,,
25,,,88739,,,,,,,,,,0.030598687008023262,,,,,,,,,
25,,,88759,,,,,,,,,,0.03679647669196129,,,,,,,,,
25,,,88779,,,,,,,,,,0.07701817154884338,,,,,,,,,
25,,,88799,,,,,,,,,,0.0006970645627006888,,,,,,,,,
25,,,88819,,,,,,,,,,0.059427618980407715,,,,,,,,,
25,,,88839,,,,,,,,,,0.02932565286755562,,,,,,,,,
25,,,88859,,,,,,,,,,0.0011464782292023301,,,,,,,,,
25,,,88879,,,,,,,,,,0.0014840001240372658,,,,,,,,,
25,,,88899,,,,,,,,,,0.0012730887392535806,,,,,,,,,
25,,,88919,,,,,,,,,,0.1129475086927414,,,,,,,,,
25,,,88939,,,,,,,,,,0.08467583358287811,,,,,,,,,
25,,,88959,,,,,,,,,,0.02183997631072998,,,,,,,,,
25,,,88979,,,,,,,,,,0.05875402316451073,,,,,,,,,
25,,,88999,,,,,,,,,,0.0698922723531723,,,,,,,,,
25,,,89019,,,,,,,,,,0.12572330236434937,,,,,,,,,
25,,,89039,,,,,,,,,,0.12888550758361816,,,,,,,,,
25,,,89059,,,,,,,,,,0.0008964395383372903,,,,,,,,,
25,,,89079,,,,,,,,,,0.15216441452503204,,,,,,,,,
25,,,89099,,,,,,,,,,0.007568906061351299,,,,,,,,,
25,,,89119,,,,,,,,,,0.000498478242661804,,,,,,,,,
25,,,89139,,,,,,,,,,0.0018908295314759016,,,,,,,,,
25,,,89159,,,,,,,,,,0.012550685554742813,,,,,,,,,
25,,,89179,,,,,,,,,,9.454324754187837e-05,,,,,,,,,
25,,,89199,,,,,,,,,,0.021833103150129318,,,,,,,,,
25,,,89219,,,,,,,,,,0.006052656564861536,,,,,,,,,
25,,,89239,,,,,,,,,,0.0019582214299589396,,,,,,,,,
25,,,89259,,,,,,,,,,0.0015423735603690147,,,,,,,,,
25,,,89279,,,,,,,,,,0.010376794263720512,,,,,,,,,
25,,,89299,,,,,,,,,,0.016466805711388588,,,,,,,,,
25,,,89319,,,,,,,,,,0.0008001620881259441,,,,,,,,,
25,,,89339,,,,,,,,,,0.11302933841943741,,,,,,,,,
25,,,89359,,,,,,,,,,0.03911997005343437,,,,,,,,,
25,,,89379,,,,,,,,,,0.00851425714790821,,,,,,,,,
25,,,89399,,,,,,,,,,0.057857319712638855,,,,,,,,,
25,,,89419,,,,,,,,,,0.10891593247652054,,,,,,,,,
25,,,89439,,,,,,,,,,0.0036979978904128075,,,,,,,,,
25,,,89459,,,,,,,,,,0.08894774317741394,,,,,,,,,
25,,,89479,,,,,,,,,,0.00047463588998652995,,,,,,,,,
25,,,89499,,,,,,,,,,0.09781435877084732,,,,,,,,,
25,,,89519,,,,,,,,,,0.07904864102602005,,,,,,,,,
25,,,89539,,,,,,,,,,0.0011637655552476645,,,,,,,,,
25,,,89559,,,,,,,,,,0.00291995145380497,,,,,,,,,
25,,,89579,,,,,,,,,,0.021735981106758118,,,,,,,,,
25,,,89599,,,,,,,,,,0.01364560704678297,,,,,,,,,
25,,,89619,,,,,,,,,,0.001138113671913743,,,,,,,,,
25,,,89639,,,,,,,,,,0.004205150064080954,,,,,,,,,
25,,,89659,,,,,,,,,,0.21682564914226532,,,,,,,,,
25,,,89679,,,,,,,,,,0.10740717500448227,,,,,,,,,
25,,,89699,,,,,,,,,,0.005802896339446306,,,,,,,,,
25,,,89719,,,,,,,,,,0.0005061954725533724,,,,,,,,,
25,,,89739,,,,,,,,,,0.0404241569340229,,,,,,,,,
25,,,89759,,,,,,,,,,0.11472530663013458,,,,,,,,,
25,,,89779,,,,,,,,,,0.004134822636842728,,,,,,,,,
25,,,89799,,,,,,,,,,0.0835351049900055,,,,,,,,,
25,,,89819,,,,,,,,,,0.09835803508758545,,,,,,,,,
25,,,89839,,,,,,,,,,0.03909452632069588,,,,,,,,,
25,,,89859,,,,,,,,,,0.06982863694429398,,,,,,,,,
25,,,89879,,,,,,,,,,0.0016719968989491463,,,,,,,,,
25,,,89899,,,,,,,,,,0.08925269544124603,,,,,,,,,
25,,,89919,,,,,,,,,,0.030114855617284775,,,,,,,,,
25,,,89939,,,,,,,,,,0.0007111598388291895,,,,,,,,,
25,,,89959,,,,,,,,,,0.15074150264263153,,,,,,,,,
25,,,89979,,,,,,,,,,0.0003713039041031152,,,,,,,,,
25,,,89999,,,,,,,,,,0.0012197464238852262,,,,,,,,,
25,,,90019,,,,,,,,,,0.015319470316171646,,,,,,,,,
25,,,90039,,,,,,,,,,0.01941942423582077,,,,,,,,,
25,,,90059,,,,,,,,,,0.002870501484721899,,,,,,,,,
25,,,90079,,,,,,,,,,0.0016243176069110632,,,,,,,,,
25,,,90099,,,,,,,,,,0.004695591051131487,,,,,,,,,
25,,,90119,,,,,,,,,,0.02478787489235401,,,,,,,,,
25,,,90139,,,,,,,,,,0.20890386402606964,,,,,,,,,
25,,,90159,,,,,,,,,,0.002925334731116891,,,,,,,,,
25,,,90179,,,,,,,,,,0.044865984469652176,,,,,,,,,
25,,,90199,,,,,,,,,,0.00320201413705945,,,,,,,,,
25,,,90219,,,,,,,,,,0.0753781720995903,,,,,,,,,
25,,,90239,,,,,,,,,,0.02663162536919117,,,,,,,,,
25,,,90259,,,,,,,,,,0.004026586189866066,,,,,,,,,
25,,,90279,,,,,,,,,,0.1388992965221405,,,,,,,,,
25,,,90299,,,,,,,,,,0.09009426087141037,,,,,,,,,
25,,,90319,,,,,,,,,,0.01003049686551094,,,,,,,,,
25,,,90339,,,,,,,,,,0.004141862504184246,,,,,,,,,
25,,,90359,,,,,,,,,,0.0006509835366159678,,,,,,,,,
25,,,90379,,,,,,,,,,0.005251321475952864,,,,,,,,,
25,,,90399,,,,,,,,,,0.0005538621335290372,,,,,,,,,
25,,,90419,,,,,,,,,,0.042702917009592056,,,,,,,,,
25,,,90439,,,,,,,,,,0.0004519845824688673,,,,,,,,,
25,,,90459,,,,,,,,,,0.10283417254686356,,,,,,,,,
25,,,90479,,,,,,,,,,0.0004400372563395649,,,,,,,,,
25,,,90499,,,,,,,,,,0.15693773329257965,,,,,,,,,
25,,,90519,,,,,,,,,,0.020208096131682396,,,,,,,,,
25,,,90539,,,,,,,,,,0.0033602374605834484,,,,,,,,,
25,,,90559,,,,,,,,,,0.0005565430037677288,,,,,,,,,
25,,,90579,,,,,,,,,,0.0017591587966307998,,,,,,,,,
25,,,90599,,,,,,,,,,0.0013342704623937607,,,,,,,,,
25,,,90619,,,,,,,,,,0.003669986966997385,,,,,,,,,
25,,,90639,,,,,,,,,,0.004833560436964035,,,,,,,,,
25,,,90659,,,,,,,,,,0.002022017724812031,,,,,,,,,
25,,,90679,,,,,,,,,,0.11005333065986633,,,,,,,,,
25,,,90699,,,,,,,,,,0.00400635227560997,,,,,,,,,
25,,,90719,,,,,,,,,,0.05817573517560959,,,,,,,,,
25,,,90739,,,,,,,,,,0.00010647562157828361,,,,,,,,,
25,,,90759,,,,,,,,,,0.005788617767393589,,,,,,,,,
25,,,90779,,,,,,,,,,0.015326643362641335,,,,,,,,,
25,,,90799,,,,,,,,,,0.00548705505207181,,,,,,,,,
25,,,90819,,,,,,,,,,0.0003418576961848885,,,,,,,,,
25,,,90839,,,,,,,,,,0.006437833420932293,,,,,,,,,
25,,,90859,,,,,,,,,,0.009389304555952549,,,,,,,,,
25,,,90879,,,,,,,,,,0.061965037137269974,,,,,,,,,
25,,,90899,,,,,,,,,,0.010075866244733334,,,,,,,,,
25,,,90919,,,,,,,,,,0.026181723922491074,,,,,,,,,
25,,,90939,,,,,,,,,,0.002176686655730009,,,,,,,,,
25,,,90959,,,,,,,,,,0.0006080538150854409,,,,,,,,,
25,,,90979,,,,,,,,,,0.008781172335147858,,,,,,,,,
25,,,90999,,,,,,,,,,0.03659585118293762,,,,,,,,,
25,,,91019,,,,,,,,,,0.005487265530973673,,,,,,,,,
25,,,91039,,,,,,,,,,0.03521958366036415,,,,,,,,,
25,,,91059,,,,,,,,,,0.044760338962078094,,,,,,,,,
25,,,91079,,,,,,,,,,0.05561419203877449,,,,,,,,,
25,,,91099,,,,,,,,,,0.06667506694793701,,,,,,,,,
25,,,91119,,,,,,,,,,0.007988205179572105,,,,,,,,,
25,,,91139,,,,,,,,,,0.0025573770981281996,,,,,,,,,
25,,,91159,,,,,,,,,,0.000664232240524143,,,,,,,,,
25,,,91179,,,,,,,,,,0.0008638461586087942,,,,,,,,,
25,,,91199,,,,,,,,,,0.007492353208363056,,,,,,,,,
25,,,91219,,,,,,,,,,0.013370604254305363,,,,,,,,,
25,,,91239,,,,,,,,,,0.018432294949889183,,,,,,,,,
25,,,91259,,,,,,,,,,0.0003968871315009892,,,,,,,,,
25,,,91279,,,,,,,,,,0.0006982062477618456,,,,,,,,,
25,,,91299,,,,,,,,,,0.01907239854335785,,,,,,,,,
25,,,91319,,,,,,,,,,0.014623909257352352,,,,,,,,,
25,,,91339,,,,,,,,,,3.790213668253273e-05,,,,,,,,,
25,,,91359,,,,,,,,,,0.05880655720829964,,,,,,,,,
25,,,91379,,,,,,,,,,0.04040827602148056,,,,,,,,,
25,,,91399,,,,,,,,,,0.049842409789562225,,,,,,,,,
25,,,91419,,,,,,,,,,0.06200956180691719,,,,,,,,,
25,,,91439,,,,,,,,,,0.09063488245010376,,,,,,,,,
25,,,91459,,,,,,,,,,0.0022401779424399137,,,,,,,,,
25,,,91479,,,,,,,,,,0.004300190135836601,,,,,,,,,
25,,,91499,,,,,,,,,,0.0011955120135098696,,,,,,,,,
25,,,91519,,,,,,,,,,0.0012281216913834214,,,,,,,,,
25,,,91539,,,,,,,,,,0.01872105523943901,,,,,,,,,
25,,,91559,,,,,,,,,,0.15331290662288666,,,,,,,,,
25,,,91579,,,,,,,,,,0.0007345373160205781,,,,,,,,,
25,,,91599,,,,,,,,,,0.09741581976413727,,,,,,,,,
25,,,91619,,,,,,,,,,0.04848286136984825,,,,,,,,,
25,,,91639,,,,,,,,,,0.0022904020734131336,,,,,,,,,
25,,,91659,,,,,,,,,,0.04271245747804642,,,,,,,,,
25,,,91679,,,,,,,,,,0.03537720441818237,,,,,,,,,
25,,,91699,,,,,,,,,,0.004472366534173489,,,,,,,,,
25,,,91719,,,,,,,,,,0.0005741958157159388,,,,,,,,,
25,,,91739,,,,,,,,,,0.006489550229161978,,,,,,,,,
25,,,91759,,,,,,,,,,0.0009081831085495651,,,,,,,,,
25,,,91779,,,,,,,,,,0.07446148991584778,,,,,,,,,
25,,,91799,,,,,,,,,,0.005359901115298271,,,,,,,,,
25,,,91819,,,,,,,,,,0.004690536297857761,,,,,,,,,
25,,,91839,,,,,,,,,,0.030607283115386963,,,,,,,,,
25,,,91859,,,,,,,,,,0.047784630209207535,,,,,,,,,
25,,,91879,,,,,,,,,,0.000824231596197933,,,,,,,,,
25,,,91899,,,,,,,,,,0.03530373424291611,,,,,,,,,
25,,,91919,,,,,,,,,,0.04430720582604408,,,,,,,,,
25,,,91935,,,,,,,,,,,0.7758386731147766,0.8701603412628174,0.766594648361206,1.6601954698562622,0.7599173784255981,0.5355193018913269,0.6443637013435364,0.8754710555076599,0.7758386731147766
25,,,91935,,,,,,,,0.983309805393219,0.041491881012916565,,,,,,,,,,
,0.00012073645169758076,0.00012073645169758076,91936,,,,,,,,,,,,,,,,,,,
26,,,91939,,,,,,,,,,0.06519744545221329,,,,,,,,,
26,,,91959,,,,,,,,,,0.031215213239192963,,,,,,,,,
26,,,91979,,,,,,,,,,0.00783710740506649,,,,,,,,,
26,,,91999,,,,,,,,,,0.0008083790307864547,,,,,,,,,
26,,,92019,,,,,,,,,,0.10812077671289444,,,,,,,,,
26,,,92039,,,,,,,,,,0.06413139402866364,,,,,,,,,
26,,,92059,,,,,,,,,,9.555520227877423e-05,,,,,,,,,
26,,,92079,,,,,,,,,,0.016423674300312996,,,,,,,,,
26,,,92099,,,,,,,,,,0.06590138375759125,,,,,,,,,
26,,,92119,,,,,,,,,,0.002023829845711589,,,,,,,,,
26,,,92139,,,,,,,,,,0.010371925309300423,,,,,,,,,
26,,,92159,,,,,,,,,,0.0012681857915595174,,,,,,,,,
26,,,92179,,,,,,,,,,0.022052565589547157,,,,,,,,,
26,,,92199,,,,,,,,,,0.01333108451217413,,,,,,,,,
26,,,92219,,,,,,,,,,0.14596769213676453,,,,,,,,,
26,,,92239,,,,,,,,,,0.0019824279006570578,,,,,,,,,
26,,,92259,,,,,,,,,,0.06909086555242538,,,,,,,,,
26,,,92279,,,,,,,,,,0.009210329502820969,,,,,,,,,
26,,,92299,,,,,,,,,,0.08763129264116287,,,,,,,,,
26,,,92319,,,,,,,,,,0.20720304548740387,,,,,,,,,
26,,,92339,,,,,,,,,,0.00060578144621104,,,,,,,,,
26,,,92359,,,,,,,,,,0.20500269532203674,,,,,,,,,
26,,,92379,,,,,,,,,,0.00020934366330038756,,,,,,,,,
26,,,92399,,,,,,,,,,0.002382982522249222,,,,,,,,,
26,,,92419,,,,,,,,,,0.21133852005004883,,,,,,,,,
26,,,92439,,,,,,,,,,0.03981846198439598,,,,,,,,,
26,,,92459,,,,,,,,,,0.0003897780261468142,,,,,,,,,
26,,,92479,,,,,,,,,,0.17948277294635773,,,,,,,,,
26,,,92499,,,,,,,,,,0.026024632155895233,,,,,,,,,
26,,,92519,,,,,,,,,,0.042809657752513885,,,,,,,,,
26,,,92539,,,,,,,,,,0.015245768241584301,,,,,,,,,
26,,,92559,,,,,,,,,,0.04991646856069565,,,,,,,,,
26,,,92579,,,,,,,,,,0.04255763441324234,,,,,,,,,
26,,,92599,,,,,,,,,,0.00017742483760230243,,,,,,,,,
26,,,92619,,,,,,,,,,0.03609217703342438,,,,,,,,,
26,,,92639,,,,,,,,,,0.01030183956027031,,,,,,,,,
26,,,92659,,,,,,,,,,0.018165627494454384,,,,,,,,,
26,,,92679,,,,,,,,,,0.0024432416539639235,,,,,,,,,
26,,,92699,,,,,,,,,,0.0033085241448134184,,,,,,,,,
26,,,92719,,,,,,,,,,0.000513305829372257,,,,,,,,,
26,,,92739,,,,,,,,,,0.03865547478199005,,,,,,,,,
26,,,92759,,,,,,,,,,0.009577606804668903,,,,,,,,,
26,,,92779,,,,,,,,,,0.0004606024012900889,,,,,,,,,
26,,,92799,,,,,,,,,,0.01947985403239727,,,,,,,,,
26,,,92819,,,,,,,,,,0.18698418140411377,,,,,,,,,
26,,,92839,,,,,,,,,,0.0060698408633470535,,,,,,,,,
26,,,92859,,,,,,,,,,0.004517882596701384,,,,,,,,,
26,,,92879,,,,,,,,,,0.0699702799320221,,,,,,,,,
26,,,92899,,,,,,,,,,0.00035353924613445997,,,,,,,,,
26,,,92919,,,,,,,,,,0.004575096070766449,,,,,,,,,
26,,,92939,,,,,,,,,,0.00015667897241655737,,,,,,,,,
26,,,92959,,,,,,,,,,0.11455338448286057,,,,,,,,,
26,,,92979,,,,,,,,,,0.0016819416778162122,,,,,,,,,
26,,,92999,,,,,,,,,,4.539206202025525e-05,,,,,,,,,
26,,,93019,,,,,,,,,,0.044960230588912964,,,,,,,,,
26,,,93039,,,,,,,,,,0.019769154489040375,,,,,,,,,
26,,,93059,,,,,,,,,,0.0004495563334785402,,,,,,,,,
26,,,93079,,,,,,,,,,0.005158056505024433,,,,,,,,,
26,,,93099,,,,,,,,,,0.0009296431671828032,,,,,,,,,
26,,,93119,,,,,,,,,,0.0017039644299075007,,,,,,,,,
26,,,93139,,,,,,,,,,0.0004982939572073519,,,,,,,,,
26,,,93159,,,,,,,,,,0.015325827524065971,,,,,,,,,
26,,,93179,,,,,,,,,,0.08967890590429306,,,,,,,,,
26,,,93199,,,,,,,,,,0.00013509558630175889,,,,,,,,,
26,,,93219,,,,,,,,,,0.0009980766335502267,,,,,,,,,
26,,,93239,,,,,,,,,,0.007740258704870939,,,,,,,,,
26,,,93259,,,,,,,,,,0.09191560000181198,,,,,,,,,
26,,,93279,,,,,,,,,,0.004737227223813534,,,,,,,,,
26,,,93299,,,,,,,,,,0.023157652467489243,,,,,,,,,
26,,,93319,,,,,,,,,,0.199381023645401,,,,,,,,,
26,,,93339,,,,,,,,,,0.0024934415705502033,,,,,,,,,
26,,,93359,,,,,,,,,,0.0002025756548391655,,,,,,,,,
26,,,93379,,,,,,,,,,0.042462024837732315,,,,,,,,,
26,,,93399,,,,,,,,,,0.07681994885206223,,,,,,,,,
26,,,93419,,,,,,,,,,0.13433903455734253,,,,,,,,,
26,,,93439,,,,,,,,,,0.02933177538216114,,,,,,,,,
26,,,93459,,,,,,,,,,0.005544792395085096,,,,,,,,,
26,,,93479,,,,,,,,,,0.056537289172410965,,,,,,,,,
26,,,93499,,,,,,,,,,0.05451438948512077,,,,,,,,,
26,,,93519,,,,,,,,,,0.013883236795663834,,,,,,,,,
26,,,93539,,,,,,,,,,0.08146374672651291,,,,,,,,,
26,,,93559,,,,,,,,,,0.08446899056434631,,,,,,,,,
26,,,93579,,,,,,,,,,0.05363696068525314,,,,,,,,,
26,,,93599,,,,,,,,,,0.0069519877433776855,,,,,,,,,
26,,,93619,,,,,,,,,,0.10789116472005844,,,,,,,,,
26,,,93639,,,,,,,,,,0.00048354192404076457,,,,,,,,,
26,,,93659,,,,,,,,,,0.000509434612467885,,,,,,,,,
26,,,93679,,,,,,,,,,0.00021298768115229905,,,,,,,,,
26,,,93699,,,,,,,,,,0.04379868507385254,,,,,,,,,
26,,,93719,,,,,,,,,,0.004164279904216528,,,,,,,,,
26,,,93739,,,,,,,,,,0.0012557406444102526,,,,,,,,,
26,,,93759,,,,,,,,,,0.04657351225614548,,,,,,,,,
26,,,93779,,,,,,,,,,5.79774277866818e-05,,,,,,,,,
26,,,93799,,,,,,,,,,0.0006515076383948326,,,,,,,,,
26,,,93819,,,,,,,,,,0.021968331187963486,,,,,,,,,
26,,,93839,,,,,,,,,,0.15417611598968506,,,,,,,,,
26,,,93859,,,,,,,,,,0.20062685012817383,,,,,,,,,
26,,,93879,,,,,,,,,,0.0802060216665268,,,,,,,,,
26,,,93899,,,,,,,,,,0.0010265092132613063,,,,,,,,,
26,,,93919,,,,,,,,,,0.00019429884559940547,,,,,,,,,
26,,,93939,,,,,,,,,,0.047347694635391235,,,,,,,,,
26,,,93959,,,,,,,,,,0.0023322701454162598,,,,,,,,,
26,,,93979,,,,,,,,,,0.020633233711123466,,,,,,,,,
26,,,93999,,,,,,,,,,0.023450832813978195,,,,,,,,,
26,,,94019,,,,,,,,,,0.0013047803658992052,,,,,,,,,
26,,,94039,,,,,,,,,,0.0018837266834452748,,,,,,,,,
26,,,94059,,,,,,,,,,0.0002804238465614617,,,,,,,,,
26,,,94079,,,,,,,,,,0.011513231322169304,,,,,,,,,
26,,,94099,,,,,,,,,,0.122177854180336,,,,,,,,,
26,,,94119,,,,,,,,,,0.00010530484723858535,,,,,,,,,
26,,,94139,,,,,,,,,,0.06582897156476974,,,,,,,,,
26,,,94159,,,,,,,,,,0.05360846966505051,,,,,,,,,
26,,,94179,,,,,,,,,,0.03695103898644447,,,,,,,,,
26,,,94199,,,,,,,,,,0.0811726301908493,,,,,,,,,
26,,,94219,,,,,,,,,,0.014893066138029099,,,,,,,,,
26,,,94239,,,,,,,,,,0.11902544647455215,,,,,,,,,
26,,,94259,,,,,,,,,,0.001091844285838306,,,,,,,,,
26,,,94279,,,,,,,,,,0.004648833069950342,,,,,,,,,
26,,,94299,,,,,,,,,,0.14754629135131836,,,,,,,,,
26,,,94319,,,,,,,,,,6.69293076498434e-05,,,,,,,,,
26,,,94339,,,,,,,,,,0.06912975758314133,,,,,,,,,
26,,,94359,,,,,,,,,,0.008809239603579044,,,,,,,,,
26,,,94379,,,,,,,,,,0.0075018564239144325,,,,,,,,,
26,,,94399,,,,,,,,,,0.009837090969085693,,,,,,,,,
26,,,94419,,,,,,,,,,0.001269618864171207,,,,,,,,,
26,,,94439,,,,,,,,,,0.05961542949080467,,,,,,,,,
26,,,94459,,,,,,,,,,0.2669815123081207,,,,,,,,,
26,,,94479,,,,,,,,,,0.026830509305000305,,,,,,,,,
26,,,94499,,,,,,,,,,0.04712182283401489,,,,,,,,,
26,,,94519,,,,,,,,,,0.0033668424002826214,,,,,,,,,
26,,,94539,,,,,,,,,,0.09676002711057663,,,,,,,,,
26,,,94559,,,,,,,,,,0.023289067670702934,,,,,,,,,
26,,,94579,,,,,,,,,,0.0028252063784748316,,,,,,,,,
26,,,94599,,,,,,,,,,0.0031629547011107206,,,,,,,,,
26,,,94619,,,,,,,,,,0.03313057869672775,,,,,,,,,
26,,,94639,,,,,,,,,,0.007631155662238598,,,,,,,,,
26,,,94659,,,,,,,,,,0.13354890048503876,,,,,,,,,
26,,,94679,,,,,,,,,,0.011621387675404549,,,,,,,,,
26,,,94699,,,,,,,,,,0.0004441497439984232,,,,,,,,,
26,,,94719,,,,,,,,,,0.012654900550842285,,,,,,,,,
26,,,94739,,,,,,,,,,0.012061511166393757,,,,,,,,,
26,,,94759,,,,,,,,,,0.003272936213761568,,,,,,,,,
26,,,94779,,,,,,,,,,0.006353549659252167,,,,,,,,,
26,,,94799,,,,,,,,,,0.004614878445863724,,,,,,,,,
26,,,94819,,,,,,,,,,0.10385993868112564,,,,,,,,,
26,,,94839,,,,,,,,,,0.00026036720373667777,,,,,,,,,
26,,,94859,,,,,,,,,,0.00024339380615856498,,,,,,,,,
26,,,94879,,,,,,,,,,0.025889582931995392,,,,,,,,,
26,,,94899,,,,,,,,,,0.0006845147581771016,,,,,,,,,
26,,,94919,,,,,,,,,,0.10265813767910004,,,,,,,,,
26,,,94939,,,,,,,,,,0.002300029620528221,,,,,,,,,
26,,,94959,,,,,,,,,,0.04493913799524307,,,,,,,,,
26,,,94979,,,,,,,,,,0.049317292869091034,,,,,,,,,
26,,,94999,,,,,,,,,,0.0318741500377655,,,,,,,,,
26,,,95019,,,,,,,,,,0.015033396892249584,,,,,,,,,
26,,,95039,,,,,,,,,,0.00048245981452055275,,,,,,,,,
26,,,95059,,,,,,,,,,0.031180359423160553,,,,,,,,,
26,,,95079,,,,,,,,,,0.02033062092959881,,,,,,,,,
26,,,95099,,,,,,,,,,0.006560244131833315,,,,,,,,,
26,,,95119,,,,,,,,,,0.02776409313082695,,,,,,,,,
26,,,95139,,,,,,,,,,0.02434750832617283,,,,,,,,,
26,,,95159,,,,,,,,,,0.0030065823812037706,,,,,,,,,
26,,,95179,,,,,,,,,,0.03938434645533562,,,,,,,,,
26,,,95199,,,,,,,,,,0.06855468451976776,,,,,,,,,
26,,,95219,,,,,,,,,,0.008224667981266975,,,,,,,,,
26,,,95239,,,,,,,,,,0.0346737876534462,,,,,,,,,
26,,,95259,,,,,,,,,,0.0006733672926202416,,,,,,,,,
26,,,95279,,,,,,,,,,9.574677824275568e-05,,,,,,,,,
26,,,95299,,,,,,,,,,0.048879556357860565,,,,,,,,,
26,,,95319,,,,,,,,,,0.06048877164721489,,,,,,,,,
26,,,95339,,,,,,,,,,0.0006267279386520386,,,,,,,,,
26,,,95359,,,,,,,,,,0.08035197854042053,,,,,,,,,
26,,,95379,,,,,,,,,,0.0029396635945886374,,,,,,,,,
26,,,95399,,,,,,,,,,0.007092935033142567,,,,,,,,,
26,,,95419,,,,,,,,,,0.04509502649307251,,,,,,,,,
26,,,95439,,,,,,,,,,0.027359500527381897,,,,,,,,,
26,,,95459,,,,,,,,,,0.0824773982167244,,,,,,,,,
26,,,95471,,,,,,,,,,,0.7957919836044312,0.8854736685752869,0.7789010405540466,1.4769856929779053,0.7693774700164795,0.5645517706871033,0.6438637375831604,0.8948912024497986,0.7957919836044312
26,,,95471,,,,,,,,0.9846621155738831,0.03861313685774803,,,,,,,,,,
,0.00010645729841183066,0.00010645729841183066,95472,,,,,,,,,,,,,,,,,,,
27,,,95479,,,,,,,,,,0.012077405117452145,,,,,,,,,
27,,,95499,,,,,,,,,,0.07186157256364822,,,,,,,,,
27,,,95519,,,,,,,,,,0.123032346367836,,,,,,,,,
27,,,95539,,,,,,,,,,0.020218929275870323,,,,,,,,,
27,,,95559,,,,,,,,,,0.003653764957562089,,,,,,,,,
27,,,95579,,,,,,,,,,0.04824216663837433,,,,,,,,,
27,,,95599,,,,,,,,,,0.0007377680158242583,,,,,,,,,
27,,,95619,,,,,,,,,,0.041786208748817444,,,,,,,,,
27,,,95639,,,,,,,,,,0.0018879068084061146,,,,,,,,,
27,,,95659,,,,,,,,,,0.05765178054571152,,,,,,,,,
27,,,95679,,,,,,,,,,0.0007100739167071879,,,,,,,,,
27,,,95699,,,,,,,,,,0.1282559037208557,,,,,,,,,
27,,,95719,,,,,,,,,,0.0033679900225251913,,,,,,,,,
27,,,95739,,,,,,,,,,0.00043877496500499547,,,,,,,,,
27,,,95759,,,,,,,,,,0.016375361010432243,,,,,,,,,
27,,,95779,,,,,,,,,,0.1124720647931099,,,,,,,,,
27,,,95799,,,,,,,,,,0.02762715518474579,,,,,,,,,
27,,,95819,,,,,,,,,,0.029429487884044647,,,,,,,,,
27,,,95839,,,,,,,,,,0.007672288920730352,,,,,,,,,
27,,,95859,,,,,,,,,,0.015034981071949005,,,,,,,,,
27,,,95879,,,,,,,,,,0.021024003624916077,,,,,,,,,
27,,,95899,,,,,,,,,,0.0007625800208188593,,,,,,,,,
27,,,95919,,,,,,,,,,0.0008872741600498557,,,,,,,,,
27,,,95939,,,,,,,,,,0.00031274862703867257,,,,,,,,,
27,,,95959,,,,,,,,,,0.0008379487553611398,,,,,,,,,
27,,,95979,,,,,,,,,,0.016499565914273262,,,,,,,,,
27,,,95999,,,,,,,,,,0.23559050261974335,,,,,,,,,
27,,,96019,,,,,,,,,,0.008572247810661793,,,,,,,,,
27,,,96039,,,,,,,,,,0.0385078601539135,,,,,,,,,
27,,,96059,,,,,,,,,,0.009775476530194283,,,,,,,,,
27,,,96079,,,,,,,,,,0.04500432312488556,,,,,,,,,
27,,,96099,,,,,,,,,,0.029043186455965042,,,,,,,,,
27,,,96119,,,,,,,,,,0.05007966235280037,,,,,,,,,
27,,,96139,,,,,,,,,,0.022743918001651764,,,,,,,,,
27,,,96159,,,,,,,,,,0.00029935783823020756,,,,,,,,,
27,,,96179,,,,,,,,,,0.011304549872875214,,,,,,,,,
27,,,96199,,,,,,,,,,0.00044571288162842393,,,,,,,,,
27,,,96219,,,,,,,,,,0.05544794723391533,,,,,,,,,
27,,,96239,,,,,,,,,,0.008896494284272194,,,,,,,,,
27,,,96259,,,,,,,,,,0.006306944880634546,,,,,,,,,
27,,,96279,,,,,,,,,,0.01715976931154728,,,,,,,,,
27,,,96299,,,,,,,,,,0.007607591804116964,,,,,,,,,
27,,,96319,,,,,,,,,,0.0013407205697149038,,,,,,,,,
27,,,96339,,,,,,,,,,0.02791118249297142,,,,,,,,,
27,,,96359,,,,,,,,,,0.04566846415400505,,,,,,,,,
27,,,96379,,,,,,,,,,0.0031978264451026917,,,,,,,,,
27,,,96399,,,,,,,,,,0.0038602587301284075,,,,,,,,,
27,,,96419,,,,,,,,,,0.16045689582824707,,,,,,,,,
27,,,96439,,,,,,,,,,0.020494647324085236,,,,,,,,,
27,,,96459,,,,,,,,,,0.001357033383101225,,,,,,,,,
27,,,96479,,,,,,,,,,0.011555122211575508,,,,,,,,,
27,,,96499,,,,,,,,,,0.01113227941095829,,,,,,,,,
27,,,96519,,,,,,,,,,0.041199006140232086,,,,,,,,,
27,,,96539,,,,,,,,,,0.0002578409621492028,,,,,,,,,
27,,,96559,,,,,,,,,,0.04761151224374771,,,,,,,,,
27,,,96579,,,,,,,,,,0.0016864698845893145,,,,,,,,,
27,,,96599,,,,,,,,,,0.1634465456008911,,,,,,,,,
27,,,96619,,,,,,,,,,0.009355243295431137,,,,,,,,,
27,,,96639,,,,,,,,,,0.015673216432332993,,,,,,,,,
27,,,96659,,,,,,,,,,0.069691963493824,,,,,,,,,
27,,,96679,,,,,,,,,,0.14653433859348297,,,,,,,,,
27,,,96699,,,,,,,,,,0.02870992198586464,,,,,,,,,
27,,,96719,,,,,,,,,,0.0311549324542284,,,,,,,,,
27,,,96739,,,,,,,,,,0.03489554673433304,,,,,,,,,
27,,,96759,,,,,,,,,,0.0026660284493118525,,,,,,,,,
27,,,96779,,,,,,,,,,0.006219731643795967,,,,,,,,,
27,,,96799,,,,,,,,,,0.023427926003932953,,,,,,,,,
27,,,96819,,,,,,,,,,0.04861269146203995,,,,,,,,,
27,,,96839,,,,,,,,,,6.956994184292853e-05,,,,,,,,,
27,,,96859,,,,,,,,,,0.09069132059812546,,,,,,,,,
27,,,96879,,,,,,,,,,0.0016037856694310904,,,,,,,,,
27,,,96899,,,,,,,,,,0.0008873520419001579,,,,,,,,,
27,,,96919,,,,,,,,,,0.012873872183263302,,,,,,,,,
27,,,96939,,,,,,,,,,0.0001606528094271198,,,,,,,,,
27,,,96959,,,,,,,,,,0.013425292447209358,,,,,,,,,
27,,,96979,,,,,,,,,,0.09260859340429306,,,,,,,,,
27,,,96999,,,,,,,,,,0.11265378445386887,,,,,,,,,
27,,,97019,,,,,,,,,,0.24781222641468048,,,,,,,,,
27,,,97039,,,,,,,,,,0.10181082040071487,,,,,,,,,
27,,,97059,,,,,,,,,,0.0013253898359835148,,,,,,,,,
27,,,97079,,,,,,,,,,0.015865540131926537,,,,,,,,,
27,,,97099,,,,,,,,,,0.007371670100837946,,,,,,,,,
27,,,97119,,,,,,,,,,0.020920448005199432,,,,,,,,,
27,,,97139,,,,,,,,,,0.12878522276878357,,,,,,,,,
27,,,97159,,,,,,,,,,0.019471507519483566,,,,,,,,,
27,,,97179,,,,,,,,,,0.04308518022298813,,,,,,,,,
27,,,97199,,,,,,,,,,0.00011637547868303955,,,,,,,,,
27,,,97219,,,,,,,,,,0.005909190513193607,,,,,,,,,
27,,,97239,,,,,,,,,,2.3392323782900348e-05,,,,,,,,,
27,,,97259,,,,,,,,,,0.0005193943507038057,,,,,,,,,
27,,,97279,,,,,,,,,,0.033611495047807693,,,,,,,,,
27,,,97299,,,,,,,,,,0.03558076173067093,,,,,,,,,
27,,,97319,,,,,,,,,,0.04993211477994919,,,,,,,,,
27,,,97339,,,,,,,,,,0.006181594915688038,,,,,,,,,
27,,,97359,,,,,,,,,,0.0013338777935132384,,,,,,,,,
27,,,97379,,,,,,,,,,0.0017541166162118316,,,,,,,,,
27,,,97399,,,,,,,,,,0.051210008561611176,,,,,,,,,
27,,,97419,,,,,,,,,,0.00046987939276732504,,,,,,,,,
27,,,97439,,,,,,,,,,0.006179939955472946,,,,,,,,,
27,,,97459,,,,,,,,,,0.0018228072440251708,,,,,,,,,
27,,,97479,,,,,,,,,,0.0002617246354930103,,,,,,,,,
27,,,97499,,,,,,,,,,0.00014695647405460477,,,,,,,,,
27,,,97519,,,,,,,,,,0.08670247346162796,,,,,,,,,
27,,,97539,,,,,,,,,,0.036116957664489746,,,,,,,,,
27,,,97559,,,,,,,,,,0.033187977969646454,,,,,,,,,
27,,,97579,,,,,,,,,,0.044552095234394073,,,,,,,,,
27,,,97599,,,,,,,,,,0.00018044450553134084,,,,,,,,,
27,,,97619,,,,,,,,,,0.0329456701874733,,,,,,,,,
27,,,97639,,,,,,,,,,0.18664687871932983,,,,,,,,,
27,,,97659,,,,,,,,,,0.023562675341963768,,,,,,,,,
27,,,97679,,,,,,,,,,0.050905562937259674,,,,,,,,,
27,,,97699,,,,,,,,,,0.025365520268678665,,,,,,,,,
27,,,97719,,,,,,,,,,0.06594794243574142,,,,,,,,,
27,,,97739,,,,,,,,,,0.0008560572750866413,,,,,,,,,
27,,,97759,,,,,,,,,,0.008408852852880955,,,,,,,,,
27,,,97779,,,,,,,,,,0.08849306404590607,,,,,,,,,
27,,,97799,,,,,,,,,,0.008300584740936756,,,,,,,,,
27,,,97819,,,,,,,,,,0.0008170108776539564,,,,,,,,,
27,,,97839,,,,,,,,,,0.016743682324886322,,,,,,,,,
27,,,97859,,,,,,,,,,0.10179538279771805,,,,,,,,,
27,,,97879,,,,,,,,,,0.08971662819385529,,,,,,,,,
27,,,97899,,,,,,,,,,0.006349905394017696,,,,,,,,,
27,,,97919,,,,,,,,,,0.0008790029096417129,,,,,,,,,
27,,,97939,,,,,,,,,,6.356924859574065e-05,,,,,,,,,
27,,,97959,,,,,,,,,,0.01421691570430994,,,,,,,,,
27,,,97979,,,,,,,,,,0.013738453388214111,,,,,,,,,
27,,,97999,,,,,,,,,,0.030179709196090698,,,,,,,,,
27,,,98019,,,,,,,,,,0.0013168754521757364,,,,,,,,,
27,,,98039,,,,,,,,,,0.029888976365327835,,,,,,,,,
27,,,98059,,,,,,,,,,0.010604670271277428,,,,,,,,,
27,,,98079,,,,,,,,,,0.052178751677274704,,,,,,,,,
27,,,98099,,,,,,,,,,0.06042327359318733,,,,,,,,,
27,,,98119,,,,,,,,,,0.016720173880457878,,,,,,,,,
27,,,98139,,,,,,,,,,0.0011468750890344381,,,,,,,,,
27,,,98159,,,,,,,,,,0.09641643613576889,,,,,,,,,
27,,,98179,,,,,,,,,,0.017426742240786552,,,,,,,,,
27,,,98199,,,,,,,,,,0.0016114257741719484,,,,,,,,,
27,,,98219,,,,,,,,,,0.025550764054059982,,,,,,,,,
27,,,98239,,,,,,,,,,8.273683488368988e-05,,,,,,,,,
27,,,98259,,,,,,,,,,0.01647774688899517,,,,,,,,,
27,,,98279,,,,,,,,,,0.007779705338180065,,,,,,,,,
27,,,98299,,,,,,,,,,4.704020466306247e-05,,,,,,,,,
27,,,98319,,,,,,,,,,0.00025963771622627974,,,,,,,,,
27,,,98339,,,,,,,,,,0.05409347265958786,,,,,,,,,
27,,,98359,,,,,,,,,,0.008236936293542385,,,,,,,,,
27,,,98379,,,,,,,,,,7.808421651134267e-05,,,,,,,,,
27,,,98399,,,,,,,,,,0.06633730977773666,,,,,,,,,
27,,,98419,,,,,,,,,,0.022171689197421074,,,,,,,,,
27,,,98439,,,,,,,,,,0.27385610342025757,,,,,,,,,
27,,,98459,,,,,,,,,,0.04240422323346138,,,,,,,,,
27,,,98479,,,,,,,,,,0.0016261478886008263,,,,,,,,,
27,,,98499,,,,,,,,,,0.24116243422031403,,,,,,,,,
27,,,98519,,,,,,,,,,0.11033157259225845,,,,,,,,,
27,,,98539,,,,,,,,,,0.03329870104789734,,,,,,,,,
27,,,98559,,,,,,,,,,0.006303319241851568,,,,,,,,,
27,,,98579,,,,,,,,,,0.0001578291557962075,,,,,,,,,
27,,,98599,,,,,,,,,,0.09243486076593399,,,,,,,,,
27,,,98619,,,,,,,,,,0.07096686959266663,,,,,,,,,
27,,,98639,,,,,,,,,,0.0015330086462199688,,,,,,,,,
27,,,98659,,,,,,,,,,0.058531131595373154,,,,,,,,,
27,,,98679,,,,,,,,,,0.00149539893027395,,,,,,,,,
27,,,98699,,,,,,,,,,0.010076693259179592,,,,,,,,,
27,,,98719,,,,,,,,,,0.0008415087359026074,,,,,,,,,
27,,,98739,,,,,,,,,,0.08346611261367798,,,,,,,,,
27,,,98759,,,,,,,,,,0.0010763173922896385,,,,,,,,,
27,,,98779,,,,,,,,,,0.009821430779993534,,,,,,,,,
27,,,98799,,,,,,,,,,0.024916997179389,,,,,,,,,
27,,,98819,,,,,,,,,,0.189981609582901,,,,,,,,,
27,,,98839,,,,,,,,,,0.07523327320814133,,,,,,,,,
27,,,98859,,,,,,,,,,0.0012422180734574795,,,,,,,,,
27,,,98879,,,,,,,,,,0.17854507267475128,,,,,,,,,
27,,,98899,,,,,,,,,,0.0011736160377040505,,,,,,,,,
27,,,98919,,,,,,,,,,0.06913195550441742,,,,,,,,,
27,,,98939,,,,,,,,,,0.017008256167173386,,,,,,,,,
27,,,98959,,,,,,,,,,0.0009465367766097188,,,,,,,,,
27,,,98979,,,,,,,,,,0.0021548247896134853,,,,,,,,,
27,,,98999,,,,,,,,,,0.010675923898816109,,,,,,,,,
27,,,99007,,,,,,,,,,,0.7680633068084717,0.8538820743560791,0.7437891364097595,1.834612250328064,0.7355118989944458,0.5025221109390259,0.584845244884491,0.8861786127090454,0.7680633068084717
27,,,99007,,,,,,,,0.9851263761520386,0.037244636565446854,,,,,,,,,,
28,,,99008,0.8057260513305664,0.9053505659103394,0.8146293759346008,0.9993762969970703,0.8255081176757812,0.6309242248535156,0.8057260513305664,,,,,,,,,,,,
