epoch,lr-AdamW/pg1,lr-AdamW/pg2,lr-AdamW/pg3,step,test/acc,test/auroc,test/f1,test/loss,test/macro_precision,test/mcc,test/micro_precision,test/recall,train/acc,train/cons_epoch,train/cons_lam_epoch,train/cons_lam_step,train/cons_step,train/loss_epoch,train/loss_step,train/supcon_epoch,train/supcon_step,val/acc,val/auroc,val/f1,val/f1_p_score,val/loss,val/macro_precision,val/mcc,val/micro_precision,val/precision_c0,val/precision_c1,val/precision_c2,val/precision_c3,val/recall
,5.9999999999999995e-05,5.9999999999999995e-05,6e-06,0,,,,,,,,,,,,,,,,,,,,,,,,,,,,,,
0,,,,19,,,,,,,,,,,,0.03792908787727356,0.05043904483318329,,1.1408159732818604,,4.142764568328857,,,,,,,,,,,,,
0,,,,39,,,,,,,,,,,,0.03792908787727356,0.06743787229061127,,1.1173737049102783,,4.1523118019104,,,,,,,,,,,,,
0,,,,59,,,,,,,,,,,,0.03792908787727356,0.06656428426504135,,0.9987945556640625,,4.160211563110352,,,,,,,,,,,,,
0,,,,79,,,,,,,,,,,,0.03792908787727356,0.05942664295434952,,1.1451146602630615,,4.132985591888428,,,,,,,,,,,,,
0,,,,99,,,,,,,,,,,,0.03792908787727356,0.09329091012477875,,0.7744965553283691,,4.200532913208008,,,,,,,,,,,,,
0,,,,119,,,,,,,,,,,,0.03792908787727356,0.06706544756889343,,1.1161421537399292,,4.16095495223999,,,,,,,,,,,,,
0,,,,139,,,,,,,,,,,,0.03792908787727356,0.07362151145935059,,1.23704993724823,,4.172966003417969,,,,,,,,,,,,,
0,,,,159,,,,,,,,,,,,0.03792908787727356,0.08914907276630402,,0.7584033012390137,,4.198958396911621,,,,,,,,,,,,,
0,,,,179,,,,,,,,,,,,0.03792908787727356,0.09141838550567627,,0.7026578187942505,,4.250598907470703,,,,,,,,,,,,,
0,,,,199,,,,,,,,,,,,0.03792908787727356,0.08511830866336823,,0.6715356707572937,,4.172645568847656,,,,,,,,,,,,,
0,,,,219,,,,,,,,,,,,0.03792908787727356,0.07661812007427216,,0.6550132036209106,,3.853816032409668,,,,,,,,,,,,,
0,,,,239,,,,,,,,,,,,0.03792908787727356,0.07961170375347137,,1.0130798816680908,,3.951662063598633,,,,,,,,,,,,,
0,,,,259,,,,,,,,,,,,0.03792908787727356,0.06904956698417664,,1.2070465087890625,,4.198686599731445,,,,,,,,,,,,,
0,,,,279,,,,,,,,,,,,0.03792908787727356,0.08023891597986221,,0.6390540599822998,,3.7975223064422607,,,,,,,,,,,,,
0,,,,299,,,,,,,,,,,,0.03792908787727356,0.08703963458538055,,0.817750871181488,,4.303847312927246,,,,,,,,,,,,,
0,,,,319,,,,,,,,,,,,0.03792908787727356,0.07556033134460449,,1.3168487548828125,,4.0211029052734375,,,,,,,,,,,,,
0,,,,339,,,,,,,,,,,,0.03792908787727356,0.08004117012023926,,0.7131596803665161,,3.861933469772339,,,,,,,,,,,,,
0,,,,359,,,,,,,,,,,,0.03792908787727356,0.08836416900157928,,0.6448606252670288,,4.313352584838867,,,,,,,,,,,,,
0,,,,379,,,,,,,,,,,,0.03792908787727356,0.08605453372001648,,0.527046799659729,,3.668107032775879,,,,,,,,,,,,,
0,,,,399,,,,,,,,,,,,0.03792908787727356,0.09795069694519043,,0.7778537273406982,,4.332395553588867,,,,,,,,,,,,,
0,,,,419,,,,,,,,,,,,0.03792908787727356,0.08771026134490967,,0.8329280614852905,,4.243167877197266,,,,,,,,,,,,,
0,,,,439,,,,,,,,,,,,0.03792908787727356,0.08836634457111359,,0.6359336376190186,,3.783363103866577,,,,,,,,,,,,,
0,,,,459,,,,,,,,,,,,0.03792908787727356,0.08666808903217316,,0.7752977609634399,,4.245068550109863,,,,,,,,,,,,,
0,,,,479,,,,,,,,,,,,0.03792908787727356,0.08114248514175415,,0.6484128832817078,,3.7796590328216553,,,,,,,,,,,,,
0,,,,499,,,,,,,,,,,,0.03792908787727356,0.07542765140533447,,0.839013934135437,,3.7781381607055664,,,,,,,,,,,,,
0,,,,519,,,,,,,,,,,,0.03792908787727356,0.08864860236644745,,0.5718340277671814,,3.711021900177002,,,,,,,,,,,,,
0,,,,539,,,,,,,,,,,,0.03792908787727356,0.0931316390633583,,0.6587791442871094,,3.7303712368011475,,,,,,,,,,,,,
0,,,,559,,,,,,,,,,,,0.03792908787727356,0.0894429087638855,,0.6242206692695618,,3.7330260276794434,,,,,,,,,,,,,
0,,,,579,,,,,,,,,,,,0.03792908787727356,0.08817550539970398,,0.4970543086528778,,3.5982749462127686,,,,,,,,,,,,,
0,,,,599,,,,,,,,,,,,0.03792908787727356,0.09444540739059448,,0.6570775508880615,,3.7627053260803223,,,,,,,,,,,,,
0,,,,619,,,,,,,,,,,,0.03792908787727356,0.09667746722698212,,0.8219700455665588,,4.291520118713379,,,,,,,,,,,,,
0,,,,639,,,,,,,,,,,,0.03792908787727356,0.09644343703985214,,0.6720420718193054,,4.159814834594727,,,,,,,,,,,,,
0,,,,659,,,,,,,,,,,,0.03792908787727356,0.10251031816005707,,0.6295216083526611,,3.766770839691162,,,,,,,,,,,,,
0,,,,679,,,,,,,,,,,,0.03792908787727356,0.11371193826198578,,0.5495495200157166,,4.265442848205566,,,,,,,,,,,,,
0,,,,699,,,,,,,,,,,,0.03792908787727356,0.08837393671274185,,0.6156060695648193,,4.273309707641602,,,,,,,,,,,,,
0,,,,719,,,,,,,,,,,,0.03792908787727356,0.10200803726911545,,0.5418112277984619,,3.7005717754364014,,,,,,,,,,,,,
0,,,,739,,,,,,,,,,,,0.03792908787727356,0.08426036685705185,,1.1264235973358154,,4.186230659484863,,,,,,,,,,,,,
0,,,,759,,,,,,,,,,,,0.03792908787727356,0.1001647412776947,,0.7096388936042786,,4.302231311798096,,,,,,,,,,,,,
0,,,,779,,,,,,,,,,,,0.03792908787727356,0.0968891978263855,,0.7063777446746826,,3.657592535018921,,,,,,,,,,,,,
0,,,,799,,,,,,,,,,,,0.03792908787727356,0.10465845465660095,,0.636416494846344,,4.32064151763916,,,,,,,,,,,,,
0,,,,819,,,,,,,,,,,,0.03792908787727356,0.1059606596827507,,0.6262011528015137,,3.7338218688964844,,,,,,,,,,,,,
0,,,,839,,,,,,,,,,,,0.03792908787727356,0.11902281641960144,,0.604030966758728,,4.4314165115356445,,,,,,,,,,,,,
0,,,,859,,,,,,,,,,,,0.03792908787727356,0.11371670663356781,,0.8959798216819763,,4.293931007385254,,,,,,,,,,,,,
0,,,,879,,,,,,,,,,,,0.03792908787727356,0.0886736735701561,,0.5957197546958923,,3.773752450942993,,,,,,,,,,,,,
0,,,,899,,,,,,,,,,,,0.03792908787727356,0.11363931000232697,,0.8483448028564453,,3.662515163421631,,,,,,,,,,,,,
0,,,,919,,,,,,,,,,,,0.03792908787727356,0.10298456996679306,,0.5240211486816406,,3.5653111934661865,,,,,,,,,,,,,
0,,,,939,,,,,,,,,,,,0.03792908787727356,0.11279218643903732,,0.6817474961280823,,4.281817436218262,,,,,,,,,,,,,
0,,,,959,,,,,,,,,,,,0.03792908787727356,0.09132833778858185,,1.340508222579956,,3.9809446334838867,,,,,,,,,,,,,
0,,,,979,,,,,,,,,,,,0.03792908787727356,0.10095970332622528,,0.5800538659095764,,3.610351324081421,,,,,,,,,,,,,
0,,,,999,,,,,,,,,,,,0.03792908787727356,0.1188431829214096,,0.6381993293762207,,4.378960132598877,,,,,,,,,,,,,
0,,,,1019,,,,,,,,,,,,0.03792908787727356,0.09619881957769394,,1.2194299697875977,,4.214809417724609,,,,,,,,,,,,,
0,,,,1039,,,,,,,,,,,,0.03792908787727356,0.12062477320432663,,0.5680453181266785,,4.353652477264404,,,,,,,,,,,,,
0,,,,1059,,,,,,,,,,,,0.03792908787727356,0.1014619916677475,,0.5789892673492432,,3.6887054443359375,,,,,,,,,,,,,
0,,,,1079,,,,,,,,,,,,0.03792908787727356,0.10434497892856598,,0.9833827614784241,,3.7619330883026123,,,,,,,,,,,,,
0,,,,1099,,,,,,,,,,,,0.03792908787727356,0.10413063317537308,,0.5500195026397705,,3.681727409362793,,,,,,,,,,,,,
0,,,,1119,,,,,,,,,,,,0.03792908787727356,0.11394605785608292,,0.9000460505485535,,4.214323043823242,,,,,,,,,,,,,
0,,,,1139,,,,,,,,,,,,0.03792908787727356,0.11835560202598572,,0.614226758480072,,4.243492126464844,,,,,,,,,,,,,
0,,,,1159,,,,,,,,,,,,0.03792908787727356,0.10725994408130646,,0.6929054260253906,,4.236309051513672,,,,,,,,,,,,,
0,,,,1179,,,,,,,,,,,,0.03792908787727356,0.10116387903690338,,1.3938333988189697,,4.13789701461792,,,,,,,,,,,,,
0,,,,1199,,,,,,,,,,,,0.03792908787727356,0.11200021207332611,,0.8227320313453674,,4.266753673553467,,,,,,,,,,,,,
0,,,,1219,,,,,,,,,,,,0.03792908787727356,0.1063409149646759,,0.522068202495575,,3.6508078575134277,,,,,,,,,,,,,
0,,,,1239,,,,,,,,,,,,0.03792908787727356,0.13514485955238342,,0.5504505634307861,,4.341421127319336,,,,,,,,,,,,,
0,,,,1259,,,,,,,,,,,,0.03792908787727356,0.10903462022542953,,0.47155341506004333,,3.535341739654541,,,,,,,,,,,,,
0,,,,1279,,,,,,,,,,,,0.03792908787727356,0.11431446671485901,,0.5581464171409607,,3.547024726867676,,,,,,,,,,,,,
0,,,,1299,,,,,,,,,,,,0.03792908787727356,0.11377613246440887,,0.6157351732254028,,4.289638519287109,,,,,,,,,,,,,
0,,,,1319,,,,,,,,,,,,0.03792908787727356,0.12185019254684448,,0.45301738381385803,,3.479553461074829,,,,,,,,,,,,,
0,,,,1339,,,,,,,,,,,,0.03792908787727356,0.11761516332626343,,0.6702576279640198,,4.3392744064331055,,,,,,,,,,,,,
0,,,,1359,,,,,,,,,,,,0.03792908787727356,0.1103188619017601,,0.8190814256668091,,4.287579536437988,,,,,,,,,,,,,
0,,,,1379,,,,,,,,,,,,0.03792908787727356,0.09637069702148438,,0.8348958492279053,,4.2438201904296875,,,,,,,,,,,,,
0,,,,1399,,,,,,,,,,,,0.03792908787727356,0.10504947602748871,,0.5065551996231079,,3.650979995727539,,,,,,,,,,,,,
0,,,,1419,,,,,,,,,,,,0.03792908787727356,0.12036245316267014,,0.6348069906234741,,3.7199859619140625,,,,,,,,,,,,,
0,,,,1439,,,,,,,,,,,,0.03792908787727356,0.10400912165641785,,0.8718423247337341,,3.7007908821105957,,,,,,,,,,,,,
0,,,,1459,,,,,,,,,,,,0.03792908787727356,0.09362423419952393,,1.005047082901001,,3.8365018367767334,,,,,,,,,,,,,
0,,,,1479,,,,,,,,,,,,0.03792908787727356,0.10163481533527374,,1.1781761646270752,,4.203326225280762,,,,,,,,,,,,,
0,,,,1499,,,,,,,,,,,,0.03792908787727356,0.10042563080787659,,0.7560771107673645,,4.280905723571777,,,,,,,,,,,,,
0,,,,1519,,,,,,,,,,,,0.03792908787727356,0.09963244199752808,,1.2046191692352295,,4.036502838134766,,,,,,,,,,,,,
0,,,,1539,,,,,,,,,,,,0.03792908787727356,0.13564437627792358,,0.6206563115119934,,4.367780685424805,,,,,,,,,,,,,
0,,,,1559,,,,,,,,,,,,0.03792908787727356,0.10565418004989624,,0.5041073560714722,,3.638439655303955,,,,,,,,,,,,,
0,,,,1579,,,,,,,,,,,,0.03792908787727356,0.08130552619695663,,1.1088896989822388,,4.193271636962891,,,,,,,,,,,,,
0,,,,1599,,,,,,,,,,,,0.03792908787727356,0.10926790535449982,,0.49917376041412354,,3.5208487510681152,,,,,,,,,,,,,
0,,,,1619,,,,,,,,,,,,0.03792908787727356,0.11045154929161072,,1.2584744691848755,,4.210697174072266,,,,,,,,,,,,,
0,,,,1639,,,,,,,,,,,,0.03792908787727356,0.11041457206010818,,0.6140942573547363,,3.5930957794189453,,,,,,,,,,,,,
0,,,,1659,,,,,,,,,,,,0.03792908787727356,0.100777767598629,,0.4855361878871918,,3.5341005325317383,,,,,,,,,,,,,
0,,,,1679,,,,,,,,,,,,0.03792908787727356,0.09718966484069824,,0.5023654699325562,,3.582213878631592,,,,,,,,,,,,,
0,,,,1699,,,,,,,,,,,,0.03792908787727356,0.11276981234550476,,1.0076030492782593,,4.260341644287109,,,,,,,,,,,,,
0,,,,1719,,,,,,,,,,,,0.03792908787727356,0.09102653712034225,,1.119783639907837,,3.8992421627044678,,,,,,,,,,,,,
0,,,,1739,,,,,,,,,,,,0.03792908787727356,0.10862063616514206,,0.8931947946548462,,4.268174171447754,,,,,,,,,,,,,
0,,,,1759,,,,,,,,,,,,0.03792908787727356,0.094763845205307,,0.47116318345069885,,3.5011792182922363,,,,,,,,,,,,,
0,,,,1779,,,,,,,,,,,,0.03792908787727356,0.12332899868488312,,0.5229015350341797,,3.44482421875,,,,,,,,,,,,,
0,,,,1799,,,,,,,,,,,,0.03792908787727356,0.10466262698173523,,0.634479820728302,,4.393584728240967,,,,,,,,,,,,,
0,,,,1819,,,,,,,,,,,,0.03792908787727356,0.11177687346935272,,1.155316948890686,,4.1924943923950195,,,,,,,,,,,,,
0,,,,1839,,,,,,,,,,,,0.03792908787727356,0.12874475121498108,,0.6186760663986206,,4.305419921875,,,,,,,,,,,,,
0,,,,1859,,,,,,,,,,,,0.03792908787727356,0.12338770180940628,,0.7050531506538391,,4.225717544555664,,,,,,,,,,,,,
0,,,,1879,,,,,,,,,,,,0.03792908787727356,0.1298871487379074,,0.9490240216255188,,4.404203414916992,,,,,,,,,,,,,
0,,,,1899,,,,,,,,,,,,0.03792908787727356,0.10793497413396835,,0.447129487991333,,3.500615119934082,,,,,,,,,,,,,
0,,,,1919,,,,,,,,,,,,0.03792908787727356,0.09807761758565903,,1.374485731124878,,4.007942199707031,,,,,,,,,,,,,
0,,,,1939,,,,,,,,,,,,0.03792908787727356,0.10575394332408905,,0.785836935043335,,3.674823522567749,,,,,,,,,,,,,
0,,,,1959,,,,,,,,,,,,0.03792908787727356,0.14473339915275574,,0.629603922367096,,4.381295204162598,,,,,,,,,,,,,
0,,,,1979,,,,,,,,,,,,0.03792908787727356,0.11390962451696396,,0.60141521692276,,4.324031829833984,,,,,,,,,,,,,
0,,,,1999,,,,,,,,,,,,0.03792908787727356,0.12378530204296112,,0.6071034073829651,,4.25959587097168,,,,,,,,,,,,,
0,,,,2019,,,,,,,,,,,,0.03792908787727356,0.09492985904216766,,1.3680596351623535,,4.014264106750488,,,,,,,,,,,,,
0,,,,2039,,,,,,,,,,,,0.03792908787727356,0.10250227153301239,,1.158187985420227,,4.1469573974609375,,,,,,,,,,,,,
0,,,,2059,,,,,,,,,,,,0.03792908787727356,0.12481813132762909,,0.479486346244812,,3.602370023727417,,,,,,,,,,,,,
0,,,,2079,,,,,,,,,,,,0.03792908787727356,0.13881802558898926,,0.5554499626159668,,4.383908271789551,,,,,,,,,,,,,
0,,,,2099,,,,,,,,,,,,0.03792908787727356,0.1147489994764328,,1.0238178968429565,,4.267868995666504,,,,,,,,,,,,,
0,,,,2119,,,,,,,,,,,,0.03792908787727356,0.15691106021404266,,0.7415787577629089,,4.410304069519043,,,,,,,,,,,,,
0,,,,2139,,,,,,,,,,,,0.03792908787727356,0.11758483201265335,,1.067356824874878,,4.220502853393555,,,,,,,,,,,,,
0,,,,2159,,,,,,,,,,,,0.03792908787727356,0.11479978263378143,,0.8054814338684082,,3.7568650245666504,,,,,,,,,,,,,
0,,,,2179,,,,,,,,,,,,0.03792908787727356,0.1341533660888672,,0.6806373000144958,,4.325750350952148,,,,,,,,,,,,,
0,,,,2199,,,,,,,,,,,,0.03792908787727356,0.11196884512901306,,0.5178870558738708,,3.478996992111206,,,,,,,,,,,,,
0,,,,2219,,,,,,,,,,,,0.03792908787727356,0.10769136250019073,,1.1224111318588257,,4.173686504364014,,,,,,,,,,,,,
0,,,,2239,,,,,,,,,,,,0.03792908787727356,0.11546412110328674,,0.5870126485824585,,3.507493495941162,,,,,,,,,,,,,
0,,,,2259,,,,,,,,,,,,0.03792908787727356,0.10266484320163727,,0.5221004486083984,,3.482992649078369,,,,,,,,,,,,,
0,,,,2279,,,,,,,,,,,,0.03792908787727356,0.13129881024360657,,0.6044567227363586,,4.329434394836426,,,,,,,,,,,,,
0,,,,2299,,,,,,,,,,,,0.03792908787727356,0.11887551099061966,,0.5366724729537964,,3.535173177719116,,,,,,,,,,,,,
0,,,,2319,,,,,,,,,,,,0.03792908787727356,0.11519879102706909,,0.4950648546218872,,3.5118794441223145,,,,,,,,,,,,,
0,,,,2339,,,,,,,,,,,,0.03792908787727356,0.11688737571239471,,0.6559996008872986,,4.2684783935546875,,,,,,,,,,,,,
0,,,,2359,,,,,,,,,,,,0.03792908787727356,0.11903929710388184,,0.4372519254684448,,3.4026172161102295,,,,,,,,,,,,,
0,,,,2379,,,,,,,,,,,,0.03792908787727356,0.13203321397304535,,0.5723772644996643,,4.380578517913818,,,,,,,,,,,,,
0,,,,2399,,,,,,,,,,,,0.03792908787727356,0.12418395280838013,,0.7265518307685852,,3.6336355209350586,,,,,,,,,,,,,
0,,,,2419,,,,,,,,,,,,0.03792908787727356,0.09312117099761963,,1.0236965417861938,,3.6961376667022705,,,,,,,,,,,,,
0,,,,2439,,,,,,,,,,,,0.03792908787727356,0.09452979266643524,,1.1941007375717163,,3.9018707275390625,,,,,,,,,,,,,
0,,,,2459,,,,,,,,,,,,0.03792908787727356,0.1379232257604599,,0.5713570713996887,,4.410647869110107,,,,,,,,,,,,,
0,,,,2479,,,,,,,,,,,,0.03792908787727356,0.08886520564556122,,0.8362119793891907,,3.6737706661224365,,,,,,,,,,,,,
0,,,,2499,,,,,,,,,,,,0.03792908787727356,0.13574743270874023,,0.4134179353713989,,3.3755600452423096,,,,,,,,,,,,,
0,,,,2519,,,,,,,,,,,,0.03792908787727356,0.08861681818962097,,1.1711548566818237,,3.795760154724121,,,,,,,,,,,,,
0,,,,2539,,,,,,,,,,,,0.03792908787727356,0.10455634444952011,,0.46508145332336426,,3.4714574813842773,,,,,,,,,,,,,
0,,,,2559,,,,,,,,,,,,0.03792908787727356,0.11944516003131866,,0.5477901101112366,,4.249937057495117,,,,,,,,,,,,,
0,,,,2579,,,,,,,,,,,,0.03792908787727356,0.12749317288398743,,0.5325008034706116,,3.509307384490967,,,,,,,,,,,,,
0,,,,2599,,,,,,,,,,,,0.03792908787727356,0.10555437207221985,,1.1006193161010742,,3.998324394226074,,,,,,,,,,,,,
0,,,,2619,,,,,,,,,,,,0.03792908787727356,0.15265610814094543,,0.5083998441696167,,4.281652450561523,,,,,,,,,,,,,
0,,,,2639,,,,,,,,,,,,0.03792908787727356,0.10924080014228821,,0.45306745171546936,,3.5324881076812744,,,,,,,,,,,,,
0,,,,2659,,,,,,,,,,,,0.03792908787727356,0.10127192735671997,,1.1038981676101685,,3.8813960552215576,,,,,,,,,,,,,
0,,,,2679,,,,,,,,,,,,0.03792908787727356,0.10234057903289795,,0.5316271781921387,,3.516183376312256,,,,,,,,,,,,,
0,,,,2699,,,,,,,,,,,,0.03792908787727356,0.09837818890810013,,1.2034785747528076,,4.098793983459473,,,,,,,,,,,,,
0,,,,2719,,,,,,,,,,,,0.03792908787727356,0.13420340418815613,,0.6095055341720581,,4.335457801818848,,,,,,,,,,,,,
0,,,,2739,,,,,,,,,,,,0.03792908787727356,0.11385194957256317,,0.7366600036621094,,4.259102821350098,,,,,,,,,,,,,
0,,,,2759,,,,,,,,,,,,0.03792908787727356,0.09519828855991364,,0.5893539786338806,,3.7078311443328857,,,,,,,,,,,,,
0,,,,2779,,,,,,,,,,,,0.03792908787727356,0.14320391416549683,,0.5240786075592041,,4.271177291870117,,,,,,,,,,,,,
0,,,,2799,,,,,,,,,,,,0.03792908787727356,0.13275668025016785,,0.7825027108192444,,4.252413272857666,,,,,,,,,,,,,
0,,,,2819,,,,,,,,,,,,0.03792908787727356,0.10403462499380112,,0.6529932022094727,,3.695849895477295,,,,,,,,,,,,,
0,,,,2839,,,,,,,,,,,,0.03792908787727356,0.12513872981071472,,0.6483936905860901,,4.346996784210205,,,,,,,,,,,,,
0,,,,2859,,,,,,,,,,,,0.03792908787727356,0.14557552337646484,,0.5812562704086304,,4.323921203613281,,,,,,,,,,,,,
0,,,,2879,,,,,,,,,,,,0.03792908787727356,0.12320505827665329,,0.41670045256614685,,3.294416666030884,,,,,,,,,,,,,
0,,,,2899,,,,,,,,,,,,0.03792908787727356,0.10809078067541122,,0.5651116371154785,,4.340363025665283,,,,,,,,,,,,,
0,,,,2919,,,,,,,,,,,,0.03792908787727356,0.1011340394616127,,1.0544743537902832,,3.9343254566192627,,,,,,,,,,,,,
0,,,,2939,,,,,,,,,,,,0.03792908787727356,0.11604709178209305,,0.43989211320877075,,3.4563465118408203,,,,,,,,,,,,,
0,,,,2959,,,,,,,,,,,,0.03792908787727356,0.11740672588348389,,0.8055065870285034,,4.349396705627441,,,,,,,,,,,,,
0,,,,2979,,,,,,,,,,,,0.03792908787727356,0.13612234592437744,,0.5515421628952026,,4.34343147277832,,,,,,,,,,,,,
0,,,,2999,,,,,,,,,,,,0.03792908787727356,0.13097888231277466,,0.555535078048706,,4.357762336730957,,,,,,,,,,,,,
0,,,,3019,,,,,,,,,,,,0.03792908787727356,0.1304875612258911,,0.4962904453277588,,3.6127777099609375,,,,,,,,,,,,,
0,,,,3039,,,,,,,,,,,,0.03792908787727356,0.11684206873178482,,0.7222194075584412,,3.5895094871520996,,,,,,,,,,,,,
0,,,,3059,,,,,,,,,,,,0.03792908787727356,0.14082571864128113,,0.6652951240539551,,4.35714054107666,,,,,,,,,,,,,
0,,,,3079,,,,,,,,,,,,0.03792908787727356,0.12750676274299622,,0.5391636490821838,,4.241278648376465,,,,,,,,,,,,,
0,,,,3099,,,,,,,,,,,,0.03792908787727356,0.12423299252986908,,0.8431808948516846,,4.2195916175842285,,,,,,,,,,,,,
0,,,,3119,,,,,,,,,,,,0.03792908787727356,0.09450509399175644,,1.0971386432647705,,3.9507312774658203,,,,,,,,,,,,,
0,,,,3139,,,,,,,,,,,,0.03792908787727356,0.1230265349149704,,0.9756778478622437,,3.653541088104248,,,,,,,,,,,,,
0,,,,3159,,,,,,,,,,,,0.03792908787727356,0.1354626566171646,,0.6470515727996826,,3.4910600185394287,,,,,,,,,,,,,
0,,,,3179,,,,,,,,,,,,0.03792908787727356,0.1143350601196289,,0.8251388072967529,,3.6505510807037354,,,,,,,,,,,,,
0,,,,3199,,,,,,,,,,,,0.03792908787727356,0.09270177781581879,,1.0347415208816528,,3.665134906768799,,,,,,,,,,,,,
0,,,,3219,,,,,,,,,,,,0.03792908787727356,0.12938833236694336,,0.45304086804389954,,3.4371490478515625,,,,,,,,,,,,,
0,,,,3239,,,,,,,,,,,,0.03792908787727356,0.14923366904258728,,0.7611609697341919,,4.358800888061523,,,,,,,,,,,,,
0,,,,3259,,,,,,,,,,,,0.03792908787727356,0.13822484016418457,,0.679785430431366,,4.353662490844727,,,,,,,,,,,,,
0,,,,3279,,,,,,,,,,,,0.03792908787727356,0.1357792317867279,,0.5596686601638794,,4.4254279136657715,,,,,,,,,,,,,
0,,,,3299,,,,,,,,,,,,0.03792908787727356,0.11045372486114502,,0.5120559334754944,,3.571690559387207,,,,,,,,,,,,,
0,,,,3319,,,,,,,,,,,,0.03792908787727356,0.09864446520805359,,1.096266269683838,,4.194119453430176,,,,,,,,,,,,,
0,,,,3339,,,,,,,,,,,,0.03792908787727356,0.09292399883270264,,1.1405867338180542,,4.140815734863281,,,,,,,,,,,,,
0,,,,3359,,,,,,,,,,,,0.03792908787727356,0.12994976341724396,,0.5498095154762268,,4.30224609375,,,,,,,,,,,,,
0,,,,3379,,,,,,,,,,,,0.03792908787727356,0.13808178901672363,,0.5491060018539429,,3.498992919921875,,,,,,,,,,,,,
0,,,,3399,,,,,,,,,,,,0.03792908787727356,0.1341431587934494,,0.5809991359710693,,4.582108974456787,,,,,,,,,,,,,
0,,,,3419,,,,,,,,,,,,0.03792908787727356,0.1063719093799591,,0.6115484833717346,,3.457205295562744,,,,,,,,,,,,,
0,,,,3439,,,,,,,,,,,,0.03792908787727356,0.1203388199210167,,1.0655653476715088,,4.338316917419434,,,,,,,,,,,,,
0,,,,3459,,,,,,,,,,,,0.03792908787727356,0.11890583485364914,,0.41784846782684326,,3.4603965282440186,,,,,,,,,,,,,
0,,,,3479,,,,,,,,,,,,0.03792908787727356,0.13993655145168304,,0.4384058117866516,,3.493227958679199,,,,,,,,,,,,,
0,,,,3481,,,,,,,,,,,,,,,,,,0.7073190212249756,0.9001059532165527,0.6845263838768005,0.6864292025566101,0.46069639921188354,0.6883320212364197,0.6023082137107849,0.702573299407959,0.6202292442321777,0.7959302663803101,0.8513883948326111,0.48578017950057983,0.7073190212249756
0,,,,3481,,,,,,,,,0.5588713884353638,0.10844310373067856,0.0379277765750885,,,0.7396290302276611,,3.9845540523529053,,,,,,,,,,,,,,
,0.00011999999999999999,0.00011999999999999999,1.2e-05,3482,,,,,,,,,,,,,,,,,,,,,,,,,,,,,,
1,,,,3499,,,,,,,,,,,,0.05960145965218544,0.1427755355834961,,0.5863056182861328,,4.25002908706665,,,,,,,,,,,,,
1,,,,3519,,,,,,,,,,,,0.05960145965218544,0.14520400762557983,,0.5343160033226013,,3.4993338584899902,,,,,,,,,,,,,
1,,,,3539,,,,,,,,,,,,0.05960145965218544,0.13167200982570648,,0.5905951857566833,,4.274151802062988,,,,,,,,,,,,,
1,,,,3559,,,,,,,,,,,,0.05960145965218544,0.10371576994657516,,0.7993558645248413,,3.614356756210327,,,,,,,,,,,,,
1,,,,3579,,,,,,,,,,,,0.05960145965218544,0.13709916174411774,,1.2135865688323975,,4.257236003875732,,,,,,,,,,,,,
1,,,,3599,,,,,,,,,,,,0.05960145965218544,0.1259925365447998,,0.572877049446106,,3.4860706329345703,,,,,,,,,,,,,
1,,,,3619,,,,,,,,,,,,0.05960145965218544,0.11982785165309906,,0.6215255260467529,,4.39687967300415,,,,,,,,,,,,,
1,,,,3639,,,,,,,,,,,,0.05960145965218544,0.12299083173274994,,0.4724494516849518,,3.4828357696533203,,,,,,,,,,,,,
1,,,,3659,,,,,,,,,,,,0.05960145965218544,0.12890319526195526,,0.5629186034202576,,4.403907775878906,,,,,,,,,,,,,
1,,,,3679,,,,,,,,,,,,0.05960145965218544,0.12998907268047333,,0.5308859348297119,,3.4467480182647705,,,,,,,,,,,,,
1,,,,3699,,,,,,,,,,,,0.05960145965218544,0.11644864082336426,,0.6034026741981506,,3.704106092453003,,,,,,,,,,,,,
1,,,,3719,,,,,,,,,,,,0.05960145965218544,0.10643011331558228,,0.9854772090911865,,3.793541193008423,,,,,,,,,,,,,
1,,,,3739,,,,,,,,,,,,0.05960145965218544,0.15412959456443787,,0.8779081702232361,,4.336083889007568,,,,,,,,,,,,,
1,,,,3759,,,,,,,,,,,,0.05960145965218544,0.11129482090473175,,1.1370935440063477,,3.7041330337524414,,,,,,,,,,,,,
1,,,,3779,,,,,,,,,,,,0.05960145965218544,0.09246830642223358,,0.9666987657546997,,4.204748153686523,,,,,,,,,,,,,
1,,,,3799,,,,,,,,,,,,0.05960145965218544,0.12219201028347015,,0.6589887738227844,,4.274277210235596,,,,,,,,,,,,,
1,,,,3819,,,,,,,,,,,,0.05960145965218544,0.12418657541275024,,0.43828874826431274,,3.529081344604492,,,,,,,,,,,,,
1,,,,3839,,,,,,,,,,,,0.05960145965218544,0.1440000683069229,,0.5852762460708618,,4.379116058349609,,,,,,,,,,,,,
1,,,,3859,,,,,,,,,,,,0.05960145965218544,0.13219942152500153,,0.5633236765861511,,4.349160671234131,,,,,,,,,,,,,
1,,,,3879,,,,,,,,,,,,0.05960145965218544,0.13209493458271027,,0.7262184619903564,,4.224931716918945,,,,,,,,,,,,,
1,,,,3899,,,,,,,,,,,,0.05960145965218544,0.13077062368392944,,0.5611001253128052,,4.220819473266602,,,,,,,,,,,,,
1,,,,3919,,,,,,,,,,,,0.05960145965218544,0.12773030996322632,,1.1572365760803223,,3.823863983154297,,,,,,,,,,,,,
1,,,,3939,,,,,,,,,,,,0.05960145965218544,0.10966379940509796,,1.023089051246643,,3.809464454650879,,,,,,,,,,,,,
1,,,,3959,,,,,,,,,,,,0.05960145965218544,0.1467340886592865,,0.5820488929748535,,4.423364162445068,,,,,,,,,,,,,
1,,,,3979,,,,,,,,,,,,0.05960145965218544,0.11927066743373871,,0.6481921672821045,,3.417548179626465,,,,,,,,,,,,,
1,,,,3999,,,,,,,,,,,,0.05960145965218544,0.11138855665922165,,0.923179030418396,,3.4725635051727295,,,,,,,,,,,,,
1,,,,4019,,,,,,,,,,,,0.05960145965218544,0.1266745626926422,,0.8973592519760132,,3.5711207389831543,,,,,,,,,,,,,
1,,,,4039,,,,,,,,,,,,0.05960145965218544,0.1326696276664734,,0.685023307800293,,4.372032165527344,,,,,,,,,,,,,
1,,,,4059,,,,,,,,,,,,0.05960145965218544,0.13726580142974854,,0.530888020992279,,3.4178123474121094,,,,,,,,,,,,,
1,,,,4079,,,,,,,,,,,,0.05960145965218544,0.12133273482322693,,0.5180238485336304,,3.4181642532348633,,,,,,,,,,,,,
1,,,,4099,,,,,,,,,,,,0.05960145965218544,0.11229341477155685,,0.531682550907135,,3.3896641731262207,,,,,,,,,,,,,
1,,,,4119,,,,,,,,,,,,0.05960145965218544,0.13260164856910706,,0.5606363415718079,,4.4156646728515625,,,,,,,,,,,,,
1,,,,4139,,,,,,,,,,,,0.05960145965218544,0.12554162740707397,,0.5352301001548767,,4.329279899597168,,,,,,,,,,,,,
1,,,,4159,,,,,,,,,,,,0.05960145965218544,0.14463843405246735,,0.5499099493026733,,4.463915824890137,,,,,,,,,,,,,
1,,,,4179,,,,,,,,,,,,0.05960145965218544,0.13676899671554565,,0.4782712161540985,,3.4922983646392822,,,,,,,,,,,,,
1,,,,4199,,,,,,,,,,,,0.05960145965218544,0.13354115188121796,,0.4434281587600708,,3.5254440307617188,,,,,,,,,,,,,
1,,,,4219,,,,,,,,,,,,0.05960145965218544,0.13190239667892456,,0.4552586078643799,,3.45796537399292,,,,,,,,,,,,,
1,,,,4239,,,,,,,,,,,,0.05960145965218544,0.11796775460243225,,0.438816636800766,,3.5031919479370117,,,,,,,,,,,,,
1,,,,4259,,,,,,,,,,,,0.05960145965218544,0.1257638931274414,,0.7667722105979919,,4.286298751831055,,,,,,,,,,,,,
1,,,,4279,,,,,,,,,,,,0.05960145965218544,0.12870782613754272,,0.4034772217273712,,3.4454774856567383,,,,,,,,,,,,,
1,,,,4299,,,,,,,,,,,,0.05960145965218544,0.1625954508781433,,0.6339726448059082,,4.339435577392578,,,,,,,,,,,,,
1,,,,4319,,,,,,,,,,,,0.05960145965218544,0.12936566770076752,,0.4660167694091797,,3.3136544227600098,,,,,,,,,,,,,
1,,,,4339,,,,,,,,,,,,0.05960145965218544,0.12192542105913162,,0.4660738408565521,,3.3280391693115234,,,,,,,,,,,,,
1,,,,4359,,,,,,,,,,,,0.05960145965218544,0.12421467155218124,,1.1823058128356934,,4.176039695739746,,,,,,,,,,,,,
1,,,,4379,,,,,,,,,,,,0.05960145965218544,0.11481306701898575,,0.9445204138755798,,3.5620040893554688,,,,,,,,,,,,,
1,,,,4399,,,,,,,,,,,,0.05960145965218544,0.11928173899650574,,0.44207414984703064,,3.3763790130615234,,,,,,,,,,,,,
1,,,,4419,,,,,,,,,,,,0.05960145965218544,0.12037065625190735,,0.47815555334091187,,3.505486488342285,,,,,,,,,,,,,
1,,,,4439,,,,,,,,,,,,0.05960145965218544,0.12744776904582977,,0.9372163414955139,,3.620120048522949,,,,,,,,,,,,,
1,,,,4459,,,,,,,,,,,,0.05960145965218544,0.14184078574180603,,0.4560815989971161,,3.4201853275299072,,,,,,,,,,,,,
1,,,,4479,,,,,,,,,,,,0.05960145965218544,0.1224450170993805,,0.46852535009384155,,3.3986215591430664,,,,,,,,,,,,,
1,,,,4499,,,,,,,,,,,,0.05960145965218544,0.11072511225938797,,0.5218843221664429,,3.4665870666503906,,,,,,,,,,,,,
1,,,,4519,,,,,,,,,,,,0.05960145965218544,0.13826331496238708,,0.47029387950897217,,3.508096933364868,,,,,,,,,,,,,
1,,,,4539,,,,,,,,,,,,0.05960145965218544,0.1348383128643036,,0.5682396292686462,,4.438334941864014,,,,,,,,,,,,,
1,,,,4559,,,,,,,,,,,,0.05960145965218544,0.11948570609092712,,1.0365595817565918,,4.144223690032959,,,,,,,,,,,,,
1,,,,4579,,,,,,,,,,,,0.05960145965218544,0.12391313910484314,,1.039442539215088,,4.200350761413574,,,,,,,,,,,,,
1,,,,4599,,,,,,,,,,,,0.05960145965218544,0.11198175698518753,,0.5621294379234314,,3.6789968013763428,,,,,,,,,,,,,
1,,,,4619,,,,,,,,,,,,0.05960145965218544,0.128970667719841,,0.42959126830101013,,3.4601471424102783,,,,,,,,,,,,,
1,,,,4639,,,,,,,,,,,,0.05960145965218544,0.14483821392059326,,0.5449221134185791,,4.348076820373535,,,,,,,,,,,,,
1,,,,4659,,,,,,,,,,,,0.05960145965218544,0.13924117386341095,,0.431453675031662,,3.4026472568511963,,,,,,,,,,,,,
1,,,,4679,,,,,,,,,,,,0.05960145965218544,0.14913082122802734,,0.3891025483608246,,3.2543411254882812,,,,,,,,,,,,,
1,,,,4699,,,,,,,,,,,,0.05960145965218544,0.16302868723869324,,0.598631739616394,,4.550329208374023,,,,,,,,,,,,,
1,,,,4719,,,,,,,,,,,,0.05960145965218544,0.14422611892223358,,0.6204991936683655,,4.426171779632568,,,,,,,,,,,,,
1,,,,4739,,,,,,,,,,,,0.05960145965218544,0.12829925119876862,,0.6779053211212158,,3.5610485076904297,,,,,,,,,,,,,
1,,,,4759,,,,,,,,,,,,0.05960145965218544,0.11236351728439331,,0.49800750613212585,,3.6053271293640137,,,,,,,,,,,,,
1,,,,4779,,,,,,,,,,,,0.05960145965218544,0.14356565475463867,,0.4771175682544708,,3.475052833557129,,,,,,,,,,,,,
1,,,,4799,,,,,,,,,,,,0.05960145965218544,0.12952466309070587,,0.4268217086791992,,3.486013889312744,,,,,,,,,,,,,
1,,,,4819,,,,,,,,,,,,0.05960145965218544,0.10128439962863922,,1.1573535203933716,,3.835353374481201,,,,,,,,,,,,,
1,,,,4839,,,,,,,,,,,,0.05960145965218544,0.09359706938266754,,0.8370136618614197,,3.5559206008911133,,,,,,,,,,,,,
1,,,,4859,,,,,,,,,,,,0.05960145965218544,0.1189667209982872,,1.1883376836776733,,4.218646049499512,,,,,,,,,,,,,
1,,,,4879,,,,,,,,,,,,0.05960145965218544,0.10367462038993835,,0.5931660532951355,,3.6713671684265137,,,,,,,,,,,,,
1,,,,4899,,,,,,,,,,,,0.05960145965218544,0.12066330760717392,,1.0749248266220093,,4.195355415344238,,,,,,,,,,,,,
1,,,,4919,,,,,,,,,,,,0.05960145965218544,0.1521485298871994,,0.6401607394218445,,4.277406215667725,,,,,,,,,,,,,
1,,,,4939,,,,,,,,,,,,0.05960145965218544,0.12667249143123627,,0.4913989007472992,,3.5751962661743164,,,,,,,,,,,,,
1,,,,4959,,,,,,,,,,,,0.05960145965218544,0.1312049925327301,,0.42450106143951416,,3.3628151416778564,,,,,,,,,,,,,
1,,,,4979,,,,,,,,,,,,0.05960145965218544,0.09227719157934189,,0.48173898458480835,,3.4432997703552246,,,,,,,,,,,,,
1,,,,4999,,,,,,,,,,,,0.05960145965218544,0.13158977031707764,,0.5027034282684326,,3.4828853607177734,,,,,,,,,,,,,
1,,,,5019,,,,,,,,,,,,0.05960145965218544,0.11836909502744675,,1.0225398540496826,,4.342720031738281,,,,,,,,,,,,,
1,,,,5039,,,,,,,,,,,,0.05960145965218544,0.09263890236616135,,0.5115797519683838,,3.5125045776367188,,,,,,,,,,,,,
1,,,,5059,,,,,,,,,,,,0.05960145965218544,0.12810561060905457,,0.4234030842781067,,3.419877290725708,,,,,,,,,,,,,
1,,,,5079,,,,,,,,,,,,0.05960145965218544,0.13127394020557404,,0.4420185089111328,,3.383349895477295,,,,,,,,,,,,,
1,,,,5099,,,,,,,,,,,,0.05960145965218544,0.12155850231647491,,0.4688515067100525,,3.386162042617798,,,,,,,,,,,,,
1,,,,5119,,,,,,,,,,,,0.05960145965218544,0.13847175240516663,,0.4150908887386322,,3.386871814727783,,,,,,,,,,,,,
1,,,,5139,,,,,,,,,,,,0.05960145965218544,0.12622635066509247,,0.5267428755760193,,3.515381336212158,,,,,,,,,,,,,
1,,,,5159,,,,,,,,,,,,0.05960145965218544,0.13225924968719482,,1.1783266067504883,,4.388423442840576,,,,,,,,,,,,,
1,,,,5179,,,,,,,,,,,,0.05960145965218544,0.10440511256456375,,0.8446452617645264,,4.3277435302734375,,,,,,,,,,,,,
1,,,,5199,,,,,,,,,,,,0.05960145965218544,0.11683665961027145,,0.5046268105506897,,3.5548462867736816,,,,,,,,,,,,,
1,,,,5219,,,,,,,,,,,,0.05960145965218544,0.10806389153003693,,1.055046558380127,,3.7216527462005615,,,,,,,,,,,,,
1,,,,5239,,,,,,,,,,,,0.05960145965218544,0.1274256408214569,,1.0564932823181152,,3.772655963897705,,,,,,,,,,,,,
1,,,,5259,,,,,,,,,,,,0.05960145965218544,0.13117997348308563,,0.5963951945304871,,4.309334754943848,,,,,,,,,,,,,
1,,,,5279,,,,,,,,,,,,0.05960145965218544,0.13960085809230804,,0.5732551217079163,,3.485333204269409,,,,,,,,,,,,,
1,,,,5299,,,,,,,,,,,,0.05960145965218544,0.14393678307533264,,0.7359188199043274,,4.251368522644043,,,,,,,,,,,,,
1,,,,5319,,,,,,,,,,,,0.05960145965218544,0.14703087508678436,,0.4248124957084656,,3.433673858642578,,,,,,,,,,,,,
1,,,,5339,,,,,,,,,,,,0.05960145965218544,0.11396029591560364,,1.0549838542938232,,4.278781890869141,,,,,,,,,,,,,
1,,,,5359,,,,,,,,,,,,0.05960145965218544,0.1062721461057663,,1.0538508892059326,,3.9449820518493652,,,,,,,,,,,,,
1,,,,5379,,,,,,,,,,,,0.05960145965218544,0.12449552118778229,,0.4295925498008728,,3.4725077152252197,,,,,,,,,,,,,
1,,,,5399,,,,,,,,,,,,0.05960145965218544,0.14899134635925293,,0.4468846917152405,,3.468777656555176,,,,,,,,,,,,,
1,,,,5419,,,,,,,,,,,,0.05960145965218544,0.14689868688583374,,0.5559567809104919,,4.469391822814941,,,,,,,,,,,,,
1,,,,5439,,,,,,,,,,,,0.05960145965218544,0.1434420645236969,,0.6378927230834961,,4.5240478515625,,,,,,,,,,,,,
1,,,,5459,,,,,,,,,,,,0.05960145965218544,0.11923153698444366,,0.6331757307052612,,3.419078826904297,,,,,,,,,,,,,
1,,,,5479,,,,,,,,,,,,0.05960145965218544,0.1268007755279541,,0.675267219543457,,3.3785314559936523,,,,,,,,,,,,,
1,,,,5499,,,,,,,,,,,,0.05960145965218544,0.155157208442688,,0.5642922520637512,,4.544110298156738,,,,,,,,,,,,,
1,,,,5519,,,,,,,,,,,,0.05960145965218544,0.1275487244129181,,0.4989217519760132,,3.5807833671569824,,,,,,,,,,,,,
1,,,,5539,,,,,,,,,,,,0.05960145965218544,0.12855397164821625,,0.9108104109764099,,4.176835060119629,,,,,,,,,,,,,
1,,,,5559,,,,,,,,,,,,0.05960145965218544,0.15036888420581818,,0.49921759963035583,,4.301514625549316,,,,,,,,,,,,,
1,,,,5579,,,,,,,,,,,,0.05960145965218544,0.1645619422197342,,0.595115065574646,,4.276574611663818,,,,,,,,,,,,,
1,,,,5599,,,,,,,,,,,,0.05960145965218544,0.1486041247844696,,0.6374494433403015,,4.291089057922363,,,,,,,,,,,,,
1,,,,5619,,,,,,,,,,,,0.05960145965218544,0.12170520424842834,,0.6022542119026184,,3.610598087310791,,,,,,,,,,,,,
1,,,,5639,,,,,,,,,,,,0.05960145965218544,0.108949676156044,,1.04220712184906,,3.679080009460449,,,,,,,,,,,,,
1,,,,5659,,,,,,,,,,,,0.05960145965218544,0.1373966932296753,,0.42143529653549194,,3.474536895751953,,,,,,,,,,,,,
1,,,,5679,,,,,,,,,,,,0.05960145965218544,0.13824136555194855,,0.6357154846191406,,4.326082229614258,,,,,,,,,,,,,
1,,,,5699,,,,,,,,,,,,0.05960145965218544,0.1262737661600113,,0.44313928484916687,,3.4092190265655518,,,,,,,,,,,,,
1,,,,5719,,,,,,,,,,,,0.05960145965218544,0.13870646059513092,,0.5422860980033875,,3.429835796356201,,,,,,,,,,,,,
1,,,,5739,,,,,,,,,,,,0.05960145965218544,0.14650362730026245,,0.4253697693347931,,3.2675466537475586,,,,,,,,,,,,,
1,,,,5759,,,,,,,,,,,,0.05960145965218544,0.13011518120765686,,0.6660438776016235,,3.411719799041748,,,,,,,,,,,,,
1,,,,5779,,,,,,,,,,,,0.05960145965218544,0.08149453997612,,0.7921816110610962,,3.650571823120117,,,,,,,,,,,,,
1,,,,5799,,,,,,,,,,,,0.05960145965218544,0.15790940821170807,,0.5745183229446411,,4.360802173614502,,,,,,,,,,,,,
1,,,,5819,,,,,,,,,,,,0.05960145965218544,0.13422292470932007,,0.8976049423217773,,4.244958400726318,,,,,,,,,,,,,
1,,,,5839,,,,,,,,,,,,0.05960145965218544,0.1248396709561348,,0.471532940864563,,3.524123191833496,,,,,,,,,,,,,
1,,,,5859,,,,,,,,,,,,0.05960145965218544,0.13241267204284668,,0.540290117263794,,3.5661473274230957,,,,,,,,,,,,,
1,,,,5879,,,,,,,,,,,,0.05960145965218544,0.11746478080749512,,0.7126520872116089,,3.639463424682617,,,,,,,,,,,,,
1,,,,5899,,,,,,,,,,,,0.05960145965218544,0.10304592549800873,,0.9446279406547546,,3.8273561000823975,,,,,,,,,,,,,
1,,,,5919,,,,,,,,,,,,0.05960145965218544,0.1736610382795334,,0.5050436854362488,,4.30832576751709,,,,,,,,,,,,,
1,,,,5939,,,,,,,,,,,,0.05960145965218544,0.10468563437461853,,0.8574182987213135,,4.230023384094238,,,,,,,,,,,,,
1,,,,5959,,,,,,,,,,,,0.05960145965218544,0.16529817879199982,,0.5520454049110413,,4.40003776550293,,,,,,,,,,,,,
1,,,,5979,,,,,,,,,,,,0.05960145965218544,0.13294512033462524,,0.8155544996261597,,3.5183706283569336,,,,,,,,,,,,,
1,,,,5999,,,,,,,,,,,,0.05960145965218544,0.15295985341072083,,0.41118454933166504,,3.2633423805236816,,,,,,,,,,,,,
1,,,,6019,,,,,,,,,,,,0.05960145965218544,0.14081233739852905,,0.5668118596076965,,4.350320339202881,,,,,,,,,,,,,
1,,,,6039,,,,,,,,,,,,0.05960145965218544,0.13618555665016174,,0.7811201810836792,,4.25351619720459,,,,,,,,,,,,,
1,,,,6059,,,,,,,,,,,,0.05960145965218544,0.14905625581741333,,0.9777106046676636,,3.6036088466644287,,,,,,,,,,,,,
1,,,,6079,,,,,,,,,,,,0.05960145965218544,0.15830940008163452,,0.8719289302825928,,4.372027397155762,,,,,,,,,,,,,
1,,,,6099,,,,,,,,,,,,0.05960145965218544,0.12709298729896545,,0.5010144710540771,,3.619683265686035,,,,,,,,,,,,,
1,,,,6119,,,,,,,,,,,,0.05960145965218544,0.15143126249313354,,0.5061114430427551,,4.291136741638184,,,,,,,,,,,,,
1,,,,6139,,,,,,,,,,,,0.05960145965218544,0.15769793093204498,,0.504767656326294,,4.266687870025635,,,,,,,,,,,,,
1,,,,6159,,,,,,,,,,,,0.05960145965218544,0.12064291536808014,,0.5576755404472351,,3.473457098007202,,,,,,,,,,,,,
1,,,,6179,,,,,,,,,,,,0.05960145965218544,0.12632252275943756,,0.7526834607124329,,3.4998953342437744,,,,,,,,,,,,,
1,,,,6199,,,,,,,,,,,,0.05960145965218544,0.11762097477912903,,0.5618509650230408,,3.578739643096924,,,,,,,,,,,,,
1,,,,6219,,,,,,,,,,,,0.05960145965218544,0.1430419683456421,,0.6685857176780701,,4.335022926330566,,,,,,,,,,,,,
1,,,,6239,,,,,,,,,,,,0.05960145965218544,0.12031395733356476,,0.542978823184967,,3.493511915206909,,,,,,,,,,,,,
1,,,,6259,,,,,,,,,,,,0.05960145965218544,0.0910242348909378,,0.8006699085235596,,3.623196840286255,,,,,,,,,,,,,
1,,,,6279,,,,,,,,,,,,0.05960145965218544,0.1392710655927658,,0.6234480142593384,,3.631929874420166,,,,,,,,,,,,,
1,,,,6299,,,,,,,,,,,,0.05960145965218544,0.13588963449001312,,0.435541570186615,,3.4083404541015625,,,,,,,,,,,,,
1,,,,6319,,,,,,,,,,,,0.05960145965218544,0.10089602321386337,,1.0498607158660889,,4.2810773849487305,,,,,,,,,,,,,
1,,,,6339,,,,,,,,,,,,0.05960145965218544,0.13972750306129456,,0.7487590312957764,,4.288775444030762,,,,,,,,,,,,,
1,,,,6359,,,,,,,,,,,,0.05960145965218544,0.16114160418510437,,0.6204507946968079,,4.276484489440918,,,,,,,,,,,,,
1,,,,6379,,,,,,,,,,,,0.05960145965218544,0.12695690989494324,,0.6408058404922485,,3.5096781253814697,,,,,,,,,,,,,
1,,,,6399,,,,,,,,,,,,0.05960145965218544,0.09617933630943298,,1.0975161790847778,,3.9987871646881104,,,,,,,,,,,,,
1,,,,6419,,,,,,,,,,,,0.05960145965218544,0.1318330615758896,,0.4528490900993347,,3.370148181915283,,,,,,,,,,,,,
1,,,,6439,,,,,,,,,,,,0.05960145965218544,0.1386045217514038,,0.6576161980628967,,3.393505573272705,,,,,,,,,,,,,
1,,,,6459,,,,,,,,,,,,0.05960145965218544,0.15486939251422882,,0.5346739292144775,,4.509671211242676,,,,,,,,,,,,,
1,,,,6479,,,,,,,,,,,,0.05960145965218544,0.17522567510604858,,0.5667127370834351,,3.443667411804199,,,,,,,,,,,,,
1,,,,6499,,,,,,,,,,,,0.05960145965218544,0.1419040411710739,,0.5961614847183228,,4.368710994720459,,,,,,,,,,,,,
1,,,,6519,,,,,,,,,,,,0.05960145965218544,0.10953471064567566,,1.0247864723205566,,3.8352909088134766,,,,,,,,,,,,,
1,,,,6539,,,,,,,,,,,,0.05960145965218544,0.11942993104457855,,0.6705375909805298,,3.393819570541382,,,,,,,,,,,,,
1,,,,6559,,,,,,,,,,,,0.05960145965218544,0.1263529360294342,,1.0723227262496948,,4.172743320465088,,,,,,,,,,,,,
1,,,,6579,,,,,,,,,,,,0.05960145965218544,0.13275006413459778,,0.9745175838470459,,4.414072513580322,,,,,,,,,,,,,
1,,,,6599,,,,,,,,,,,,0.05960145965218544,0.12197013944387436,,0.5941605567932129,,3.461209774017334,,,,,,,,,,,,,
1,,,,6619,,,,,,,,,,,,0.05960145965218544,0.1500232219696045,,0.7391265034675598,,4.3459792137146,,,,,,,,,,,,,
1,,,,6639,,,,,,,,,,,,0.05960145965218544,0.1427372246980667,,0.6160110235214233,,4.353557586669922,,,,,,,,,,,,,
1,,,,6659,,,,,,,,,,,,0.05960145965218544,0.15624861419200897,,0.5122297406196594,,4.372198581695557,,,,,,,,,,,,,
1,,,,6679,,,,,,,,,,,,0.05960145965218544,0.08983661234378815,,1.0457611083984375,,3.9850854873657227,,,,,,,,,,,,,
1,,,,6699,,,,,,,,,,,,0.05960145965218544,0.1701785922050476,,0.846949577331543,,4.344372749328613,,,,,,,,,,,,,
1,,,,6719,,,,,,,,,,,,0.05960145965218544,0.1591798961162567,,0.4593909978866577,,3.3458237648010254,,,,,,,,,,,,,
1,,,,6739,,,,,,,,,,,,0.05960145965218544,0.1345512419939041,,1.0301092863082886,,4.23345947265625,,,,,,,,,,,,,
1,,,,6759,,,,,,,,,,,,0.05960145965218544,0.15035732090473175,,0.5711698532104492,,4.277245998382568,,,,,,,,,,,,,
1,,,,6779,,,,,,,,,,,,0.05960145965218544,0.11182023584842682,,0.9618892669677734,,3.7317357063293457,,,,,,,,,,,,,
1,,,,6799,,,,,,,,,,,,0.05960145965218544,0.11639404296875,,1.13296377658844,,4.202898979187012,,,,,,,,,,,,,
1,,,,6819,,,,,,,,,,,,0.05960145965218544,0.13170225918293,,1.0431358814239502,,4.174842834472656,,,,,,,,,,,,,
1,,,,6839,,,,,,,,,,,,0.05960145965218544,0.16150590777397156,,0.6793856024742126,,4.249800682067871,,,,,,,,,,,,,
1,,,,6859,,,,,,,,,,,,0.05960145965218544,0.1448119580745697,,0.4920234978199005,,3.4533767700195312,,,,,,,,,,,,,
1,,,,6879,,,,,,,,,,,,0.05960145965218544,0.12252794206142426,,0.5473859906196594,,3.3506879806518555,,,,,,,,,,,,,
1,,,,6899,,,,,,,,,,,,0.05960145965218544,0.1312289983034134,,0.44390034675598145,,3.284311056137085,,,,,,,,,,,,,
1,,,,6919,,,,,,,,,,,,0.05960145965218544,0.11004628986120224,,1.2006022930145264,,4.245326995849609,,,,,,,,,,,,,
1,,,,6939,,,,,,,,,,,,0.05960145965218544,0.11728852987289429,,0.9758949279785156,,3.594313383102417,,,,,,,,,,,,,
1,,,,6959,,,,,,,,,,,,0.05960145965218544,0.11682166159152985,,1.0650922060012817,,3.670471429824829,,,,,,,,,,,,,
1,,,,6963,,,,,,,,,,,,,,,,,,0.6732057332992554,0.8840986490249634,0.6421257257461548,0.6493369936943054,0.4893944561481476,0.656548261642456,0.5592297911643982,0.6640920639038086,0.6463079452514648,0.7748792171478271,0.8625463247299194,0.34245947003364563,0.6732057332992554
1,,,,6963,,,,,,,,,0.5872695446014404,0.13251718878746033,0.059600889682769775,,,0.6804909706115723,,3.934800386428833,,,,,,,,,,,,,,
,0.00017999999999999998,0.00017999999999999998,1.7999999999999997e-05,6964,,,,,,,,,,,,,,,,,,,,,,,,,,,,,,
2,,,,6979,,,,,,,,,,,,0.09121276438236237,0.1338065266609192,,0.5356012582778931,,4.3534650802612305,,,,,,,,,,,,,
2,,,,6999,,,,,,,,,,,,0.09121276438236237,0.12300339341163635,,0.581934928894043,,3.5373005867004395,,,,,,,,,,,,,
2,,,,7019,,,,,,,,,,,,0.09121276438236237,0.10997609794139862,,0.4397033751010895,,3.4068350791931152,,,,,,,,,,,,,
2,,,,7039,,,,,,,,,,,,0.09121276438236237,0.12027468532323837,,0.8571727275848389,,3.5675230026245117,,,,,,,,,,,,,
2,,,,7059,,,,,,,,,,,,0.09121276438236237,0.1564350426197052,,0.5231012105941772,,4.274283409118652,,,,,,,,,,,,,
2,,,,7079,,,,,,,,,,,,0.09121276438236237,0.11845451593399048,,1.3114255666732788,,4.152630805969238,,,,,,,,,,,,,
2,,,,7099,,,,,,,,,,,,0.09121276438236237,0.1046680212020874,,1.0954734086990356,,4.086308479309082,,,,,,,,,,,,,
2,,,,7119,,,,,,,,,,,,0.09121276438236237,0.13866987824440002,,0.6013957262039185,,4.498716354370117,,,,,,,,,,,,,
2,,,,7139,,,,,,,,,,,,0.09121276438236237,0.13050000369548798,,0.5351485013961792,,4.325078010559082,,,,,,,,,,,,,
2,,,,7159,,,,,,,,,,,,0.09121276438236237,0.14660139381885529,,0.5399109721183777,,4.399412155151367,,,,,,,,,,,,,
2,,,,7179,,,,,,,,,,,,0.09121276438236237,0.13806463778018951,,0.43802934885025024,,3.3132224082946777,,,,,,,,,,,,,
2,,,,7199,,,,,,,,,,,,0.09121276438236237,0.14290452003479004,,0.4755550026893616,,3.2802464962005615,,,,,,,,,,,,,
2,,,,7219,,,,,,,,,,,,0.09121276438236237,0.1391276717185974,,0.3951205015182495,,3.3143458366394043,,,,,,,,,,,,,
2,,,,7239,,,,,,,,,,,,0.09121276438236237,0.10102131962776184,,1.0848674774169922,,3.8821768760681152,,,,,,,,,,,,,
2,,,,7259,,,,,,,,,,,,0.09121276438236237,0.1517023891210556,,0.6009656190872192,,4.712560653686523,,,,,,,,,,,,,
2,,,,7279,,,,,,,,,,,,0.09121276438236237,0.15061958134174347,,0.5419162511825562,,4.501567840576172,,,,,,,,,,,,,
2,,,,7299,,,,,,,,,,,,0.09121276438236237,0.12688270211219788,,0.6119769215583801,,3.539778709411621,,,,,,,,,,,,,
2,,,,7319,,,,,,,,,,,,0.09121276438236237,0.11392681300640106,,1.2577357292175293,,3.9917726516723633,,,,,,,,,,,,,
2,,,,7339,,,,,,,,,,,,0.09121276438236237,0.1188797652721405,,0.4325203001499176,,3.4600534439086914,,,,,,,,,,,,,
2,,,,7359,,,,,,,,,,,,0.09121276438236237,0.13821852207183838,,0.5538495779037476,,4.293497085571289,,,,,,,,,,,,,
2,,,,7379,,,,,,,,,,,,0.09121276438236237,0.1046718880534172,,0.9921874403953552,,4.124330520629883,,,,,,,,,,,,,
2,,,,7399,,,,,,,,,,,,0.09121276438236237,0.12988106906414032,,0.7002202868461609,,4.297640800476074,,,,,,,,,,,,,
2,,,,7419,,,,,,,,,,,,0.09121276438236237,0.11053153872489929,,0.4435195326805115,,3.3640575408935547,,,,,,,,,,,,,
2,,,,7439,,,,,,,,,,,,0.09121276438236237,0.12603694200515747,,1.185911774635315,,4.377236366271973,,,,,,,,,,,,,
2,,,,7459,,,,,,,,,,,,0.09121276438236237,0.08950166404247284,,0.9490823745727539,,3.660151481628418,,,,,,,,,,,,,
2,,,,7479,,,,,,,,,,,,0.09121276438236237,0.14014080166816711,,0.7834640741348267,,4.337176322937012,,,,,,,,,,,,,
2,,,,7499,,,,,,,,,,,,0.09121276438236237,0.15158836543560028,,0.5234795212745667,,4.303158760070801,,,,,,,,,,,,,
2,,,,7519,,,,,,,,,,,,0.09121276438236237,0.13705988228321075,,0.8320770263671875,,4.272078514099121,,,,,,,,,,,,,
2,,,,7539,,,,,,,,,,,,0.09121276438236237,0.1402883529663086,,0.7803318500518799,,4.240945816040039,,,,,,,,,,,,,
2,,,,7559,,,,,,,,,,,,0.09121276438236237,0.09875977784395218,,1.0690497159957886,,3.9791922569274902,,,,,,,,,,,,,
2,,,,7579,,,,,,,,,,,,0.09121276438236237,0.09503582864999771,,1.1367441415786743,,4.036018371582031,,,,,,,,,,,,,
2,,,,7599,,,,,,,,,,,,0.09121276438236237,0.1761457473039627,,0.5325222015380859,,4.40749454498291,,,,,,,,,,,,,
2,,,,7619,,,,,,,,,,,,0.09121276438236237,0.1410403847694397,,0.4241822361946106,,3.418940544128418,,,,,,,,,,,,,
2,,,,7639,,,,,,,,,,,,0.09121276438236237,0.13904203474521637,,0.5137913227081299,,4.2868852615356445,,,,,,,,,,,,,
2,,,,7659,,,,,,,,,,,,0.09121276438236237,0.1303466260433197,,0.7488201856613159,,4.296013832092285,,,,,,,,,,,,,
2,,,,7679,,,,,,,,,,,,0.09121276438236237,0.12589943408966064,,0.4352872371673584,,3.4615824222564697,,,,,,,,,,,,,
2,,,,7699,,,,,,,,,,,,0.09121276438236237,0.09401923418045044,,0.9169723391532898,,3.4846417903900146,,,,,,,,,,,,,
2,,,,7719,,,,,,,,,,,,0.09121276438236237,0.1259450614452362,,0.41691750288009644,,3.1718850135803223,,,,,,,,,,,,,
2,,,,7739,,,,,,,,,,,,0.09121276438236237,0.13829711079597473,,0.5427422523498535,,3.187340021133423,,,,,,,,,,,,,
2,,,,7759,,,,,,,,,,,,0.09121276438236237,0.13255442678928375,,0.47145581245422363,,3.4841761589050293,,,,,,,,,,,,,
2,,,,7779,,,,,,,,,,,,0.09121276438236237,0.126170814037323,,0.7253269553184509,,4.294910430908203,,,,,,,,,,,,,
2,,,,7799,,,,,,,,,,,,0.09121276438236237,0.16049659252166748,,0.5672568082809448,,4.3452839851379395,,,,,,,,,,,,,
2,,,,7819,,,,,,,,,,,,0.09121276438236237,0.11035984754562378,,0.5853273272514343,,3.621983051300049,,,,,,,,,,,,,
2,,,,7839,,,,,,,,,,,,0.09121276438236237,0.12899699807167053,,0.39726847410202026,,3.3099379539489746,,,,,,,,,,,,,
2,,,,7859,,,,,,,,,,,,0.09121276438236237,0.1214958131313324,,0.5117879509925842,,3.2316412925720215,,,,,,,,,,,,,
2,,,,7879,,,,,,,,,,,,0.09121276438236237,0.11855518817901611,,0.4676066040992737,,3.3161115646362305,,,,,,,,,,,,,
2,,,,7899,,,,,,,,,,,,0.09121276438236237,0.11937505006790161,,0.49626702070236206,,3.4804420471191406,,,,,,,,,,,,,
2,,,,7919,,,,,,,,,,,,0.09121276438236237,0.14697638154029846,,0.8658511638641357,,4.320545196533203,,,,,,,,,,,,,
2,,,,7939,,,,,,,,,,,,0.09121276438236237,0.11804738640785217,,0.9145510196685791,,3.4154419898986816,,,,,,,,,,,,,
2,,,,7959,,,,,,,,,,,,0.09121276438236237,0.13063660264015198,,0.5432790517807007,,4.374385833740234,,,,,,,,,,,,,
2,,,,7979,,,,,,,,,,,,0.09121276438236237,0.09065994620323181,,0.7116819024085999,,3.4650676250457764,,,,,,,,,,,,,
2,,,,7999,,,,,,,,,,,,0.09121276438236237,0.1621960550546646,,0.5343174934387207,,4.658348560333252,,,,,,,,,,,,,
2,,,,8019,,,,,,,,,,,,0.09121276438236237,0.12496324628591537,,0.43589767813682556,,3.3183484077453613,,,,,,,,,,,,,
2,,,,8039,,,,,,,,,,,,0.09121276438236237,0.15645644068717957,,0.5235000252723694,,4.485082626342773,,,,,,,,,,,,,
2,,,,8059,,,,,,,,,,,,0.09121276438236237,0.125077024102211,,0.40492647886276245,,3.2870707511901855,,,,,,,,,,,,,
2,,,,8079,,,,,,,,,,,,0.09121276438236237,0.14673158526420593,,0.5642094612121582,,4.630370616912842,,,,,,,,,,,,,
2,,,,8099,,,,,,,,,,,,0.09121276438236237,0.1410873532295227,,0.5912384390830994,,4.438791751861572,,,,,,,,,,,,,
2,,,,8119,,,,,,,,,,,,0.09121276438236237,0.12497489154338837,,0.9217730164527893,,4.226199150085449,,,,,,,,,,,,,
2,,,,8139,,,,,,,,,,,,0.09121276438236237,0.1352718323469162,,0.39624491333961487,,3.248595714569092,,,,,,,,,,,,,
2,,,,8159,,,,,,,,,,,,0.09121276438236237,0.10730984807014465,,1.086228609085083,,3.7068753242492676,,,,,,,,,,,,,
2,,,,8179,,,,,,,,,,,,0.09121276438236237,0.1201123520731926,,0.8663399815559387,,3.6323509216308594,,,,,,,,,,,,,
2,,,,8199,,,,,,,,,,,,0.09121276438236237,0.15335524082183838,,0.5664656758308411,,4.220470428466797,,,,,,,,,,,,,
2,,,,8219,,,,,,,,,,,,0.09121276438236237,0.12334510684013367,,0.5516483187675476,,3.539639949798584,,,,,,,,,,,,,
2,,,,8239,,,,,,,,,,,,0.09121276438236237,0.10745809972286224,,1.1643438339233398,,4.1934428215026855,,,,,,,,,,,,,
2,,,,8259,,,,,,,,,,,,0.09121276438236237,0.1350807398557663,,0.8021851778030396,,3.5675740242004395,,,,,,,,,,,,,
2,,,,8279,,,,,,,,,,,,0.09121276438236237,0.14002828299999237,,0.41178256273269653,,3.4419169425964355,,,,,,,,,,,,,
2,,,,8299,,,,,,,,,,,,0.09121276438236237,0.1587056815624237,,0.5362999439239502,,4.506782531738281,,,,,,,,,,,,,
2,,,,8319,,,,,,,,,,,,0.09121276438236237,0.1301209032535553,,0.4053015112876892,,3.302612781524658,,,,,,,,,,,,,
2,,,,8339,,,,,,,,,,,,0.09121276438236237,0.20496685802936554,,0.8537634611129761,,4.496279239654541,,,,,,,,,,,,,
2,,,,8359,,,,,,,,,,,,0.09121276438236237,0.11811178922653198,,0.5028337240219116,,3.411468982696533,,,,,,,,,,,,,
2,,,,8379,,,,,,,,,,,,0.09121276438236237,0.1563720852136612,,0.7365447282791138,,3.414416790008545,,,,,,,,,,,,,
2,,,,8399,,,,,,,,,,,,0.09121276438236237,0.16547435522079468,,0.7118843197822571,,4.581857681274414,,,,,,,,,,,,,
2,,,,8419,,,,,,,,,,,,0.09121276438236237,0.15498334169387817,,0.5784461498260498,,4.353140354156494,,,,,,,,,,,,,
2,,,,8439,,,,,,,,,,,,0.09121276438236237,0.11390846967697144,,0.46418794989585876,,3.5875983238220215,,,,,,,,,,,,,
2,,,,8459,,,,,,,,,,,,0.09121276438236237,0.14600664377212524,,0.5048249959945679,,4.3012003898620605,,,,,,,,,,,,,
2,,,,8479,,,,,,,,,,,,0.09121276438236237,0.16068847477436066,,0.6801435351371765,,4.3744096755981445,,,,,,,,,,,,,
2,,,,8499,,,,,,,,,,,,0.09121276438236237,0.1754666268825531,,0.5061609745025635,,4.387364387512207,,,,,,,,,,,,,
2,,,,8519,,,,,,,,,,,,0.09121276438236237,0.10476034134626389,,0.49773332476615906,,3.398754596710205,,,,,,,,,,,,,
2,,,,8539,,,,,,,,,,,,0.09121276438236237,0.14031967520713806,,0.996846616268158,,4.436212539672852,,,,,,,,,,,,,
2,,,,8559,,,,,,,,,,,,0.09121276438236237,0.13064807653427124,,0.5667527914047241,,3.4689273834228516,,,,,,,,,,,,,
2,,,,8579,,,,,,,,,,,,0.09121276438236237,0.09477446973323822,,1.0583833456039429,,4.085454940795898,,,,,,,,,,,,,
2,,,,8599,,,,,,,,,,,,0.09121276438236237,0.15479151904582977,,0.3924172520637512,,3.3396739959716797,,,,,,,,,,,,,
2,,,,8619,,,,,,,,,,,,0.09121276438236237,0.15385273098945618,,0.6739956140518188,,4.413578987121582,,,,,,,,,,,,,
2,,,,8639,,,,,,,,,,,,0.09121276438236237,0.1345740109682083,,0.6029044389724731,,4.479941368103027,,,,,,,,,,,,,
2,,,,8659,,,,,,,,,,,,0.09121276438236237,0.12493262439966202,,0.7532029151916504,,3.5951507091522217,,,,,,,,,,,,,
2,,,,8679,,,,,,,,,,,,0.09121276438236237,0.1473751962184906,,0.544331967830658,,4.482671737670898,,,,,,,,,,,,,
2,,,,8699,,,,,,,,,,,,0.09121276438236237,0.12928543984889984,,1.1278849840164185,,4.299856185913086,,,,,,,,,,,,,
2,,,,8719,,,,,,,,,,,,0.09121276438236237,0.1293729543685913,,0.5111720561981201,,4.351149559020996,,,,,,,,,,,,,
2,,,,8739,,,,,,,,,,,,0.09121276438236237,0.10023282468318939,,0.963260293006897,,3.7930526733398438,,,,,,,,,,,,,
2,,,,8759,,,,,,,,,,,,0.09121276438236237,0.14232394099235535,,0.5571252107620239,,4.475920677185059,,,,,,,,,,,,,
2,,,,8779,,,,,,,,,,,,0.09121276438236237,0.11153799295425415,,1.0633587837219238,,3.6646816730499268,,,,,,,,,,,,,
2,,,,8799,,,,,,,,,,,,0.09121276438236237,0.1247335895895958,,0.8218503594398499,,3.387726306915283,,,,,,,,,,,,,
2,,,,8819,,,,,,,,,,,,0.09121276438236237,0.13569092750549316,,0.4494421184062958,,3.2756829261779785,,,,,,,,,,,,,
2,,,,8839,,,,,,,,,,,,0.09121276438236237,0.1413889080286026,,0.5019688606262207,,3.338646411895752,,,,,,,,,,,,,
2,,,,8859,,,,,,,,,,,,0.09121276438236237,0.12519799172878265,,0.9001262187957764,,3.4555723667144775,,,,,,,,,,,,,
2,,,,8879,,,,,,,,,,,,0.09121276438236237,0.1612238883972168,,0.5688984394073486,,4.40382194519043,,,,,,,,,,,,,
2,,,,8899,,,,,,,,,,,,0.09121276438236237,0.17052678763866425,,0.5492249727249146,,4.340579032897949,,,,,,,,,,,,,
2,,,,8919,,,,,,,,,,,,0.09121276438236237,0.1484900414943695,,0.6645015478134155,,3.512205123901367,,,,,,,,,,,,,
2,,,,8939,,,,,,,,,,,,0.09121276438236237,0.16115522384643555,,0.5506423115730286,,4.3443379402160645,,,,,,,,,,,,,
2,,,,8959,,,,,,,,,,,,0.09121276438236237,0.133439302444458,,0.5731700658798218,,4.302250862121582,,,,,,,,,,,,,
2,,,,8979,,,,,,,,,,,,0.09121276438236237,0.1339702010154724,,0.9711385369300842,,4.334161281585693,,,,,,,,,,,,,
2,,,,8999,,,,,,,,,,,,0.09121276438236237,0.1694038361310959,,0.6516567468643188,,4.562383651733398,,,,,,,,,,,,,
2,,,,9019,,,,,,,,,,,,0.09121276438236237,0.10737977921962738,,0.5254693031311035,,3.5377798080444336,,,,,,,,,,,,,
2,,,,9039,,,,,,,,,,,,0.09121276438236237,0.12390343844890594,,0.5775439143180847,,4.344074249267578,,,,,,,,,,,,,
2,,,,9059,,,,,,,,,,,,0.09121276438236237,0.1753520518541336,,0.8204512000083923,,4.919100761413574,,,,,,,,,,,,,
2,,,,9079,,,,,,,,,,,,0.09121276438236237,0.1132858619093895,,0.6881259679794312,,3.3531408309936523,,,,,,,,,,,,,
2,,,,9099,,,,,,,,,,,,0.09121276438236237,0.11045171320438385,,0.43292805552482605,,3.163513660430908,,,,,,,,,,,,,
2,,,,9119,,,,,,,,,,,,0.09121276438236237,0.11099343001842499,,0.6111509203910828,,4.4885382652282715,,,,,,,,,,,,,
2,,,,9139,,,,,,,,,,,,0.09121276438236237,0.12182340025901794,,0.470120906829834,,3.357124090194702,,,,,,,,,,,,,
2,,,,9159,,,,,,,,,,,,0.09121276438236237,0.1279897689819336,,1.0228241682052612,,4.449781894683838,,,,,,,,,,,,,
2,,,,9179,,,,,,,,,,,,0.09121276438236237,0.12878747284412384,,1.0218791961669922,,4.493224143981934,,,,,,,,,,,,,
2,,,,9199,,,,,,,,,,,,0.09121276438236237,0.13755422830581665,,0.5642867088317871,,4.419829368591309,,,,,,,,,,,,,
2,,,,9219,,,,,,,,,,,,0.09121276438236237,0.11995986104011536,,1.087990641593933,,4.234963893890381,,,,,,,,,,,,,
2,,,,9239,,,,,,,,,,,,0.09121276438236237,0.13681989908218384,,0.4359675347805023,,3.3710837364196777,,,,,,,,,,,,,
2,,,,9259,,,,,,,,,,,,0.09121276438236237,0.1114763393998146,,0.5503265857696533,,3.4741876125335693,,,,,,,,,,,,,
2,,,,9279,,,,,,,,,,,,0.09121276438236237,0.11101943254470825,,1.0086642503738403,,3.6334269046783447,,,,,,,,,,,,,
2,,,,9299,,,,,,,,,,,,0.09121276438236237,0.11334513872861862,,0.8352774381637573,,3.4795258045196533,,,,,,,,,,,,,
2,,,,9319,,,,,,,,,,,,0.09121276438236237,0.14067202806472778,,0.570668637752533,,4.340041160583496,,,,,,,,,,,,,
2,,,,9339,,,,,,,,,,,,0.09121276438236237,0.15660303831100464,,0.41941601037979126,,3.346747875213623,,,,,,,,,,,,,
2,,,,9359,,,,,,,,,,,,0.09121276438236237,0.1651884913444519,,0.7841574549674988,,4.403728485107422,,,,,,,,,,,,,
2,,,,9379,,,,,,,,,,,,0.09121276438236237,0.1500048190355301,,0.5333071947097778,,4.309816360473633,,,,,,,,,,,,,
2,,,,9399,,,,,,,,,,,,0.09121276438236237,0.11015353351831436,,0.5365330576896667,,3.4409961700439453,,,,,,,,,,,,,
2,,,,9419,,,,,,,,,,,,0.09121276438236237,0.14923566579818726,,0.6166653037071228,,4.426504611968994,,,,,,,,,,,,,
2,,,,9439,,,,,,,,,,,,0.09121276438236237,0.15157806873321533,,0.5606311559677124,,4.526072025299072,,,,,,,,,,,,,
2,,,,9459,,,,,,,,,,,,0.09121276438236237,0.10822837054729462,,1.0042535066604614,,3.9368252754211426,,,,,,,,,,,,,
2,,,,9479,,,,,,,,,,,,0.09121276438236237,0.16311879456043243,,0.5124147534370422,,4.436339855194092,,,,,,,,,,,,,
2,,,,9499,,,,,,,,,,,,0.09121276438236237,0.11924969404935837,,0.46210023760795593,,3.3450355529785156,,,,,,,,,,,,,
2,,,,9519,,,,,,,,,,,,0.09121276438236237,0.12803718447685242,,0.8583828806877136,,4.508991241455078,,,,,,,,,,,,,
2,,,,9539,,,,,,,,,,,,0.09121276438236237,0.11399638652801514,,0.45485401153564453,,3.3373546600341797,,,,,,,,,,,,,
2,,,,9559,,,,,,,,,,,,0.09121276438236237,0.16304746270179749,,0.6117069125175476,,4.356327056884766,,,,,,,,,,,,,
2,,,,9579,,,,,,,,,,,,0.09121276438236237,0.1646163910627365,,0.5091264843940735,,4.389352798461914,,,,,,,,,,,,,
2,,,,9599,,,,,,,,,,,,0.09121276438236237,0.13176366686820984,,0.562286376953125,,3.407358169555664,,,,,,,,,,,,,
2,,,,9619,,,,,,,,,,,,0.09121276438236237,0.11172910034656525,,0.4006016254425049,,3.3118271827697754,,,,,,,,,,,,,
2,,,,9639,,,,,,,,,,,,0.09121276438236237,0.1072055920958519,,0.418369323015213,,3.4425833225250244,,,,,,,,,,,,,
2,,,,9659,,,,,,,,,,,,0.09121276438236237,0.1306091845035553,,0.7889476418495178,,4.257848262786865,,,,,,,,,,,,,
2,,,,9679,,,,,,,,,,,,0.09121276438236237,0.09545814245939255,,1.1038938760757446,,4.045134544372559,,,,,,,,,,,,,
2,,,,9699,,,,,,,,,,,,0.09121276438236237,0.10071411728858948,,0.909500241279602,,3.693251848220825,,,,,,,,,,,,,
2,,,,9719,,,,,,,,,,,,0.09121276438236237,0.17491213977336884,,0.5029746294021606,,4.356051445007324,,,,,,,,,,,,,
2,,,,9739,,,,,,,,,,,,0.09121276438236237,0.1205262616276741,,0.9281536340713501,,3.5226261615753174,,,,,,,,,,,,,
2,,,,9759,,,,,,,,,,,,0.09121276438236237,0.15103121101856232,,0.4052201807498932,,3.336942672729492,,,,,,,,,,,,,
2,,,,9779,,,,,,,,,,,,0.09121276438236237,0.13324075937271118,,0.6931236982345581,,3.4790163040161133,,,,,,,,,,,,,
2,,,,9799,,,,,,,,,,,,0.09121276438236237,0.13619688153266907,,0.5695160627365112,,4.297896862030029,,,,,,,,,,,,,
2,,,,9819,,,,,,,,,,,,0.09121276438236237,0.09759373962879181,,0.5019078254699707,,3.479170799255371,,,,,,,,,,,,,
2,,,,9839,,,,,,,,,,,,0.09121276438236237,0.10092590749263763,,1.0367504358291626,,4.098566055297852,,,,,,,,,,,,,
2,,,,9859,,,,,,,,,,,,0.09121276438236237,0.11685808002948761,,0.4711434841156006,,3.43233060836792,,,,,,,,,,,,,
2,,,,9879,,,,,,,,,,,,0.09121276438236237,0.11734842509031296,,0.9608327150344849,,4.310075283050537,,,,,,,,,,,,,
2,,,,9899,,,,,,,,,,,,0.09121276438236237,0.122278593480587,,0.736762523651123,,3.3563232421875,,,,,,,,,,,,,
2,,,,9919,,,,,,,,,,,,0.09121276438236237,0.0890221893787384,,0.8657602071762085,,3.4814791679382324,,,,,,,,,,,,,
2,,,,9939,,,,,,,,,,,,0.09121276438236237,0.13869667053222656,,0.5967714190483093,,4.332182884216309,,,,,,,,,,,,,
2,,,,9959,,,,,,,,,,,,0.09121276438236237,0.10374727845191956,,1.1495126485824585,,4.202513694763184,,,,,,,,,,,,,
2,,,,9979,,,,,,,,,,,,0.09121276438236237,0.10116322338581085,,0.4258791506290436,,3.3502984046936035,,,,,,,,,,,,,
2,,,,9999,,,,,,,,,,,,0.09121276438236237,0.12601488828659058,,0.38299715518951416,,3.1893725395202637,,,,,,,,,,,,,
2,,,,10019,,,,,,,,,,,,0.09121276438236237,0.09299077093601227,,0.9133128523826599,,3.9179255962371826,,,,,,,,,,,,,
2,,,,10039,,,,,,,,,,,,0.09121276438236237,0.10568302124738693,,0.43954670429229736,,3.4440512657165527,,,,,,,,,,,,,
2,,,,10059,,,,,,,,,,,,0.09121276438236237,0.10456658899784088,,0.9922080039978027,,4.227878570556641,,,,,,,,,,,,,
2,,,,10079,,,,,,,,,,,,0.09121276438236237,0.11994995176792145,,0.6470914483070374,,3.3879361152648926,,,,,,,,,,,,,
2,,,,10099,,,,,,,,,,,,0.09121276438236237,0.09085477888584137,,0.6853420734405518,,3.4770584106445312,,,,,,,,,,,,,
2,,,,10119,,,,,,,,,,,,0.09121276438236237,0.06802964210510254,,1.0481891632080078,,3.8167285919189453,,,,,,,,,,,,,
2,,,,10139,,,,,,,,,,,,0.09121276438236237,0.17061147093772888,,0.6352710723876953,,4.34804630279541,,,,,,,,,,,,,
2,,,,10159,,,,,,,,,,,,0.09121276438236237,0.1484592705965042,,0.5557959675788879,,4.581331253051758,,,,,,,,,,,,,
2,,,,10179,,,,,,,,,,,,0.09121276438236237,0.10203142464160919,,1.0501044988632202,,3.9326343536376953,,,,,,,,,,,,,
2,,,,10199,,,,,,,,,,,,0.09121276438236237,0.1392422318458557,,0.523523211479187,,4.461795806884766,,,,,,,,,,,,,
2,,,,10219,,,,,,,,,,,,0.09121276438236237,0.13093100488185883,,0.40080878138542175,,3.167872905731201,,,,,,,,,,,,,
2,,,,10239,,,,,,,,,,,,0.09121276438236237,0.11490574479103088,,0.45552924275398254,,3.310894250869751,,,,,,,,,,,,,
2,,,,10259,,,,,,,,,,,,0.09121276438236237,0.12051377445459366,,0.41834044456481934,,3.2722620964050293,,,,,,,,,,,,,
2,,,,10279,,,,,,,,,,,,0.09121276438236237,0.08127859234809875,,0.438874751329422,,3.2976250648498535,,,,,,,,,,,,,
2,,,,10299,,,,,,,,,,,,0.09121276438236237,0.09900739789009094,,1.083398461341858,,4.151494979858398,,,,,,,,,,,,,
2,,,,10319,,,,,,,,,,,,0.09121276438236237,0.1340845227241516,,0.5853279232978821,,4.307146072387695,,,,,,,,,,,,,
2,,,,10339,,,,,,,,,,,,0.09121276438236237,0.18302905559539795,,0.48734256625175476,,4.256174087524414,,,,,,,,,,,,,
2,,,,10359,,,,,,,,,,,,0.09121276438236237,0.17540553212165833,,0.5152596831321716,,4.25314474105835,,,,,,,,,,,,,
2,,,,10379,,,,,,,,,,,,0.09121276438236237,0.08952988684177399,,0.936788022518158,,3.6528615951538086,,,,,,,,,,,,,
2,,,,10399,,,,,,,,,,,,0.09121276438236237,0.10614216327667236,,0.43396079540252686,,3.161086320877075,,,,,,,,,,,,,
2,,,,10419,,,,,,,,,,,,0.09121276438236237,0.09351764619350433,,1.059081792831421,,3.9805893898010254,,,,,,,,,,,,,
2,,,,10439,,,,,,,,,,,,0.09121276438236237,0.1429879367351532,,0.5198372006416321,,4.511754989624023,,,,,,,,,,,,,
2,,,,10445,,,,,,,,,,,,,,,,,,0.6887287497520447,0.8836504220962524,0.6734705567359924,0.6802045106887817,0.5087260007858276,0.6869385242462158,0.5928348302841187,0.6939430832862854,0.5768588781356812,0.8324289321899414,0.8509076237678528,0.4875585436820984,0.6887287497520447
2,,,,10445,,,,,,,,,0.6073059439659119,0.13006828725337982,0.09121471643447876,,,0.6605512499809265,,3.8981173038482666,,,,,,,,,,,,,,
,0.00023999999999999998,0.00023999999999999998,2.4e-05,10446,,,,,,,,,,,,,,,,,,,,,,,,,,,,,,
3,,,,10459,,,,,,,,,,,,0.13447071611881256,0.13981284201145172,,0.5475791692733765,,4.307730674743652,,,,,,,,,,,,,
3,,,,10479,,,,,,,,,,,,0.13447071611881256,0.1169276013970375,,0.8834763765335083,,4.257551670074463,,,,,,,,,,,,,
3,,,,10499,,,,,,,,,,,,0.13447071611881256,0.14992445707321167,,0.6191574931144714,,4.425874710083008,,,,,,,,,,,,,
3,,,,10519,,,,,,,,,,,,0.13447071611881256,0.113863505423069,,0.4517734944820404,,3.185272693634033,,,,,,,,,,,,,
3,,,,10539,,,,,,,,,,,,0.13447071611881256,0.09372704476118088,,1.1330652236938477,,4.285187721252441,,,,,,,,,,,,,
3,,,,10559,,,,,,,,,,,,0.13447071611881256,0.10908296704292297,,0.7205392122268677,,3.236042022705078,,,,,,,,,,,,,
3,,,,10579,,,,,,,,,,,,0.13447071611881256,0.12391623854637146,,0.626059353351593,,4.382701873779297,,,,,,,,,,,,,
3,,,,10599,,,,,,,,,,,,0.13447071611881256,0.12439849227666855,,0.8817429542541504,,4.3210954666137695,,,,,,,,,,,,,
3,,,,10619,,,,,,,,,,,,0.13447071611881256,0.17573639750480652,,0.5691232681274414,,4.5596537590026855,,,,,,,,,,,,,
3,,,,10639,,,,,,,,,,,,0.13447071611881256,0.13935095071792603,,0.4411821961402893,,3.311431407928467,,,,,,,,,,,,,
3,,,,10659,,,,,,,,,,,,0.13447071611881256,0.09266341477632523,,1.0660258531570435,,4.186445236206055,,,,,,,,,,,,,
3,,,,10679,,,,,,,,,,,,0.13447071611881256,0.11234839260578156,,0.3812795579433441,,3.1829235553741455,,,,,,,,,,,,,
3,,,,10699,,,,,,,,,,,,0.13447071611881256,0.16769510507583618,,0.6763046383857727,,4.523965358734131,,,,,,,,,,,,,
3,,,,10719,,,,,,,,,,,,0.13447071611881256,0.11562452465295792,,0.4390681982040405,,3.5295209884643555,,,,,,,,,,,,,
3,,,,10739,,,,,,,,,,,,0.13447071611881256,0.15471407771110535,,0.6193902492523193,,4.2667765617370605,,,,,,,,,,,,,
3,,,,10759,,,,,,,,,,,,0.13447071611881256,0.13915328681468964,,0.7154719233512878,,4.327302932739258,,,,,,,,,,,,,
3,,,,10779,,,,,,,,,,,,0.13447071611881256,0.14484144747257233,,0.6528623700141907,,4.515271186828613,,,,,,,,,,,,,
3,,,,10799,,,,,,,,,,,,0.13447071611881256,0.13219143450260162,,0.6423813104629517,,4.356258392333984,,,,,,,,,,,,,
3,,,,10819,,,,,,,,,,,,0.13447071611881256,0.12085835635662079,,0.5474549531936646,,4.312431335449219,,,,,,,,,,,,,
3,,,,10839,,,,,,,,,,,,0.13447071611881256,0.10557562857866287,,0.6152529120445251,,3.4310812950134277,,,,,,,,,,,,,
3,,,,10859,,,,,,,,,,,,0.13447071611881256,0.1538943350315094,,0.5385125279426575,,4.56257438659668,,,,,,,,,,,,,
3,,,,10879,,,,,,,,,,,,0.13447071611881256,0.17218123376369476,,0.5279493927955627,,4.310044288635254,,,,,,,,,,,,,
3,,,,10899,,,,,,,,,,,,0.13447071611881256,0.1151299849152565,,0.8536829948425293,,4.230269908905029,,,,,,,,,,,,,
3,,,,10919,,,,,,,,,,,,0.13447071611881256,0.09920305013656616,,0.4737125337123871,,3.573446273803711,,,,,,,,,,,,,
3,,,,10939,,,,,,,,,,,,0.13447071611881256,0.10506005585193634,,0.9049303531646729,,3.598944664001465,,,,,,,,,,,,,
3,,,,10959,,,,,,,,,,,,0.13447071611881256,0.09374917298555374,,0.9107630848884583,,3.620455265045166,,,,,,,,,,,,,
3,,,,10979,,,,,,,,,,,,0.13447071611881256,0.10997556895017624,,0.6748680472373962,,4.412901878356934,,,,,,,,,,,,,
3,,,,10999,,,,,,,,,,,,0.13447071611881256,0.10253696143627167,,0.5035784840583801,,3.589099168777466,,,,,,,,,,,,,
3,,,,11019,,,,,,,,,,,,0.13447071611881256,0.11988192796707153,,0.5480757355690002,,3.532749652862549,,,,,,,,,,,,,
3,,,,11039,,,,,,,,,,,,0.13447071611881256,0.10488352179527283,,0.9045895338058472,,3.7456555366516113,,,,,,,,,,,,,
3,,,,11059,,,,,,,,,,,,0.13447071611881256,0.13482120633125305,,0.4700934588909149,,3.353555202484131,,,,,,,,,,,,,
3,,,,11079,,,,,,,,,,,,0.13447071611881256,0.10788343846797943,,1.0556062459945679,,3.6828365325927734,,,,,,,,,,,,,
3,,,,11099,,,,,,,,,,,,0.13447071611881256,0.11615143716335297,,0.4241861402988434,,3.3723487854003906,,,,,,,,,,,,,
3,,,,11119,,,,,,,,,,,,0.13447071611881256,0.12551908195018768,,0.4193761348724365,,3.2685680389404297,,,,,,,,,,,,,
3,,,,11139,,,,,,,,,,,,0.13447071611881256,0.11093579232692719,,0.4730603098869324,,3.2916853427886963,,,,,,,,,,,,,
3,,,,11159,,,,,,,,,,,,0.13447071611881256,0.13091346621513367,,0.4482567310333252,,3.437284469604492,,,,,,,,,,,,,
3,,,,11179,,,,,,,,,,,,0.13447071611881256,0.10895766317844391,,0.4653799831867218,,3.381850004196167,,,,,,,,,,,,,
3,,,,11199,,,,,,,,,,,,0.13447071611881256,0.08750911056995392,,0.8787223100662231,,3.4836575984954834,,,,,,,,,,,,,
3,,,,11219,,,,,,,,,,,,0.13447071611881256,0.12581875920295715,,0.5723121762275696,,3.337876796722412,,,,,,,,,,,,,
3,,,,11239,,,,,,,,,,,,0.13447071611881256,0.10978710651397705,,0.8311944603919983,,3.4623584747314453,,,,,,,,,,,,,
3,,,,11259,,,,,,,,,,,,0.13447071611881256,0.14808864891529083,,0.4451644718647003,,3.2810401916503906,,,,,,,,,,,,,
3,,,,11279,,,,,,,,,,,,0.13447071611881256,0.08151678740978241,,0.8496066331863403,,3.5128016471862793,,,,,,,,,,,,,
3,,,,11299,,,,,,,,,,,,0.13447071611881256,0.12723496556282043,,0.39790135622024536,,3.1947340965270996,,,,,,,,,,,,,
3,,,,11319,,,,,,,,,,,,0.13447071611881256,0.11890437453985214,,1.1201027631759644,,4.254500865936279,,,,,,,,,,,,,
3,,,,11339,,,,,,,,,,,,0.13447071611881256,0.16802245378494263,,0.650719165802002,,4.457247257232666,,,,,,,,,,,,,
3,,,,11359,,,,,,,,,,,,0.13447071611881256,0.1559758484363556,,0.508977472782135,,4.395965099334717,,,,,,,,,,,,,
3,,,,11379,,,,,,,,,,,,0.13447071611881256,0.14940986037254333,,0.593208909034729,,4.254807472229004,,,,,,,,,,,,,
3,,,,11399,,,,,,,,,,,,0.13447071611881256,0.15684247016906738,,0.4354662597179413,,3.5298941135406494,,,,,,,,,,,,,
3,,,,11419,,,,,,,,,,,,0.13447071611881256,0.12073610723018646,,0.6475502252578735,,4.2092084884643555,,,,,,,,,,,,,
3,,,,11439,,,,,,,,,,,,0.13447071611881256,0.16631945967674255,,0.7701162695884705,,4.266363143920898,,,,,,,,,,,,,
3,,,,11459,,,,,,,,,,,,0.13447071611881256,0.1671006679534912,,0.5277391672134399,,4.382025718688965,,,,,,,,,,,,,
3,,,,11479,,,,,,,,,,,,0.13447071611881256,0.10255398601293564,,0.42361530661582947,,3.3012287616729736,,,,,,,,,,,,,
3,,,,11499,,,,,,,,,,,,0.13447071611881256,0.13765276968479156,,0.578083336353302,,4.537405967712402,,,,,,,,,,,,,
3,,,,11519,,,,,,,,,,,,0.13447071611881256,0.1279592216014862,,0.5859516859054565,,4.402909278869629,,,,,,,,,,,,,
3,,,,11539,,,,,,,,,,,,0.13447071611881256,0.15989325940608978,,0.5374858975410461,,4.7155914306640625,,,,,,,,,,,,,
3,,,,11559,,,,,,,,,,,,0.13447071611881256,0.09779965877532959,,0.4944271445274353,,3.489849805831909,,,,,,,,,,,,,
3,,,,11579,,,,,,,,,,,,0.13447071611881256,0.12834963202476501,,0.9936085343360901,,4.372100830078125,,,,,,,,,,,,,
3,,,,11599,,,,,,,,,,,,0.13447071611881256,0.13553817570209503,,0.5565599203109741,,4.515321254730225,,,,,,,,,,,,,
3,,,,11619,,,,,,,,,,,,0.13447071611881256,0.1256793886423111,,0.4613306522369385,,3.410656690597534,,,,,,,,,,,,,
3,,,,11639,,,,,,,,,,,,0.13447071611881256,0.13723230361938477,,0.4528336524963379,,3.402646541595459,,,,,,,,,,,,,
3,,,,11659,,,,,,,,,,,,0.13447071611881256,0.13285250961780548,,0.7609465718269348,,4.421075820922852,,,,,,,,,,,,,
3,,,,11679,,,,,,,,,,,,0.13447071611881256,0.13370168209075928,,0.7657983303070068,,4.367975234985352,,,,,,,,,,,,,
3,,,,11699,,,,,,,,,,,,0.13447071611881256,0.13655507564544678,,0.526769757270813,,4.270479679107666,,,,,,,,,,,,,
3,,,,11719,,,,,,,,,,,,0.13447071611881256,0.11968891322612762,,0.4575992226600647,,3.4905598163604736,,,,,,,,,,,,,
3,,,,11739,,,,,,,,,,,,0.13447071611881256,0.15282665193080902,,0.5163476467132568,,4.431967258453369,,,,,,,,,,,,,
3,,,,11759,,,,,,,,,,,,0.13447071611881256,0.12516987323760986,,0.9514665007591248,,4.378637790679932,,,,,,,,,,,,,
3,,,,11779,,,,,,,,,,,,0.13447071611881256,0.09962894767522812,,0.7406471371650696,,3.37510085105896,,,,,,,,,,,,,
3,,,,11799,,,,,,,,,,,,0.13447071611881256,0.07173778116703033,,0.9073761701583862,,3.6987080574035645,,,,,,,,,,,,,
3,,,,11819,,,,,,,,,,,,0.13447071611881256,0.13291005790233612,,0.42719584703445435,,3.282093048095703,,,,,,,,,,,,,
3,,,,11839,,,,,,,,,,,,0.13447071611881256,0.1505187749862671,,0.39641398191452026,,3.2199478149414062,,,,,,,,,,,,,
3,,,,11859,,,,,,,,,,,,0.13447071611881256,0.1072884202003479,,0.839805543422699,,4.312132358551025,,,,,,,,,,,,,
3,,,,11879,,,,,,,,,,,,0.13447071611881256,0.16838160157203674,,0.5521014332771301,,4.369235992431641,,,,,,,,,,,,,
3,,,,11899,,,,,,,,,,,,0.13447071611881256,0.14875395596027374,,0.5703326463699341,,4.3395891189575195,,,,,,,,,,,,,
3,,,,11919,,,,,,,,,,,,0.13447071611881256,0.14003223180770874,,0.5268622636795044,,4.3855390548706055,,,,,,,,,,,,,
3,,,,11939,,,,,,,,,,,,0.13447071611881256,0.1295500546693802,,0.5777952075004578,,3.232151985168457,,,,,,,,,,,,,
3,,,,11959,,,,,,,,,,,,0.13447071611881256,0.11452122032642365,,0.40193262696266174,,3.235938549041748,,,,,,,,,,,,,
3,,,,11979,,,,,,,,,,,,0.13447071611881256,0.10225053131580353,,1.1291208267211914,,4.289660453796387,,,,,,,,,,,,,
3,,,,11999,,,,,,,,,,,,0.13447071611881256,0.11831802129745483,,1.134830117225647,,4.263656139373779,,,,,,,,,,,,,
3,,,,12019,,,,,,,,,,,,0.13447071611881256,0.12821610271930695,,0.9032245874404907,,4.295134544372559,,,,,,,,,,,,,
3,,,,12039,,,,,,,,,,,,0.13447071611881256,0.08266143500804901,,0.47360506653785706,,3.518404960632324,,,,,,,,,,,,,
3,,,,12059,,,,,,,,,,,,0.13447071611881256,0.18985562026500702,,0.5490801334381104,,4.385597229003906,,,,,,,,,,,,,
3,,,,12079,,,,,,,,,,,,0.13447071611881256,0.14981579780578613,,0.7804228663444519,,4.517658233642578,,,,,,,,,,,,,
3,,,,12099,,,,,,,,,,,,0.13447071611881256,0.14280934631824493,,0.3867512047290802,,3.241983652114868,,,,,,,,,,,,,
3,,,,12119,,,,,,,,,,,,0.13447071611881256,0.12131200730800629,,0.5568867921829224,,4.30026388168335,,,,,,,,,,,,,
3,,,,12139,,,,,,,,,,,,0.13447071611881256,0.14948606491088867,,0.5619853138923645,,4.469180583953857,,,,,,,,,,,,,
3,,,,12159,,,,,,,,,,,,0.13447071611881256,0.15405318140983582,,0.5114739537239075,,4.366083145141602,,,,,,,,,,,,,
3,,,,12179,,,,,,,,,,,,0.13447071611881256,0.12340384721755981,,0.5125380158424377,,3.205310344696045,,,,,,,,,,,,,
3,,,,12199,,,,,,,,,,,,0.13447071611881256,0.1528668850660324,,0.6721397638320923,,4.646224498748779,,,,,,,,,,,,,
3,,,,12219,,,,,,,,,,,,0.13447071611881256,0.1491466462612152,,0.48449796438217163,,3.2384159564971924,,,,,,,,,,,,,
3,,,,12239,,,,,,,,,,,,0.13447071611881256,0.16204719245433807,,0.5788392424583435,,4.438345909118652,,,,,,,,,,,,,
3,,,,12259,,,,,,,,,,,,0.13447071611881256,0.10511765629053116,,0.4920787513256073,,3.385460376739502,,,,,,,,,,,,,
3,,,,12279,,,,,,,,,,,,0.13447071611881256,0.16602987051010132,,0.5534515380859375,,4.582164764404297,,,,,,,,,,,,,
3,,,,12299,,,,,,,,,,,,0.13447071611881256,0.1617947816848755,,0.564017653465271,,4.440889358520508,,,,,,,,,,,,,
3,,,,12319,,,,,,,,,,,,0.13447071611881256,0.09010083973407745,,0.8910638689994812,,3.8486928939819336,,,,,,,,,,,,,
3,,,,12339,,,,,,,,,,,,0.13447071611881256,0.0982990562915802,,0.9979384541511536,,4.158614635467529,,,,,,,,,,,,,
3,,,,12359,,,,,,,,,,,,0.13447071611881256,0.06309027224779129,,0.6205394268035889,,3.2757997512817383,,,,,,,,,,,,,
3,,,,12379,,,,,,,,,,,,0.13447071611881256,0.15537311136722565,,0.50263512134552,,3.377349376678467,,,,,,,,,,,,,
3,,,,12399,,,,,,,,,,,,0.13447071611881256,0.14332452416419983,,0.5272654891014099,,4.504977226257324,,,,,,,,,,,,,
3,,,,12419,,,,,,,,,,,,0.13447071611881256,0.13653463125228882,,0.5587711334228516,,4.3844709396362305,,,,,,,,,,,,,
3,,,,12439,,,,,,,,,,,,0.13447071611881256,0.1617419421672821,,0.40209734439849854,,3.346599578857422,,,,,,,,,,,,,
3,,,,12459,,,,,,,,,,,,0.13447071611881256,0.10280890762805939,,0.9227461218833923,,3.5405960083007812,,,,,,,,,,,,,
3,,,,12479,,,,,,,,,,,,0.13447071611881256,0.1506042331457138,,0.5703086256980896,,4.366518020629883,,,,,,,,,,,,,
3,,,,12499,,,,,,,,,,,,0.13447071611881256,0.1159549206495285,,0.45281949639320374,,3.4455559253692627,,,,,,,,,,,,,
3,,,,12519,,,,,,,,,,,,0.13447071611881256,0.07821562886238098,,0.8554276823997498,,3.4806971549987793,,,,,,,,,,,,,
3,,,,12539,,,,,,,,,,,,0.13447071611881256,0.12692156434059143,,0.4708057641983032,,3.478886127471924,,,,,,,,,,,,,
3,,,,12559,,,,,,,,,,,,0.13447071611881256,0.14543516933918,,0.5974475145339966,,4.420488357543945,,,,,,,,,,,,,
3,,,,12579,,,,,,,,,,,,0.13447071611881256,0.09571289271116257,,1.099162220954895,,4.444738388061523,,,,,,,,,,,,,
3,,,,12599,,,,,,,,,,,,0.13447071611881256,0.10281819850206375,,0.5875295400619507,,3.3687949180603027,,,,,,,,,,,,,
3,,,,12619,,,,,,,,,,,,0.13447071611881256,0.09382607042789459,,0.7191242575645447,,3.4808664321899414,,,,,,,,,,,,,
3,,,,12639,,,,,,,,,,,,0.13447071611881256,0.13161700963974,,0.7035764455795288,,4.362318515777588,,,,,,,,,,,,,
3,,,,12659,,,,,,,,,,,,0.13447071611881256,0.15697374939918518,,0.5645910501480103,,4.341463088989258,,,,,,,,,,,,,
3,,,,12679,,,,,,,,,,,,0.13447071611881256,0.09645548462867737,,0.48291653394699097,,3.561915397644043,,,,,,,,,,,,,
3,,,,12699,,,,,,,,,,,,0.13447071611881256,0.13644441962242126,,0.5065157413482666,,4.333735466003418,,,,,,,,,,,,,
3,,,,12719,,,,,,,,,,,,0.13447071611881256,0.08592338114976883,,1.1642019748687744,,3.9332356452941895,,,,,,,,,,,,,
3,,,,12739,,,,,,,,,,,,0.13447071611881256,0.1178889125585556,,0.5527186393737793,,4.2711944580078125,,,,,,,,,,,,,
3,,,,12759,,,,,,,,,,,,0.13447071611881256,0.11276374012231827,,0.5218698978424072,,3.5720162391662598,,,,,,,,,,,,,
3,,,,12779,,,,,,,,,,,,0.13447071611881256,0.17993968725204468,,0.4983765482902527,,4.3487548828125,,,,,,,,,,,,,
3,,,,12799,,,,,,,,,,,,0.13447071611881256,0.17173509299755096,,0.5247026681900024,,4.276057243347168,,,,,,,,,,,,,
3,,,,12819,,,,,,,,,,,,0.13447071611881256,0.15703627467155457,,0.5001976490020752,,4.28839111328125,,,,,,,,,,,,,
3,,,,12839,,,,,,,,,,,,0.13447071611881256,0.15919376909732819,,0.7176028490066528,,4.370113372802734,,,,,,,,,,,,,
3,,,,12859,,,,,,,,,,,,0.13447071611881256,0.1357635110616684,,0.6036578416824341,,4.413967132568359,,,,,,,,,,,,,
3,,,,12879,,,,,,,,,,,,0.13447071611881256,0.13903169333934784,,0.6789944171905518,,4.420496463775635,,,,,,,,,,,,,
3,,,,12899,,,,,,,,,,,,0.13447071611881256,0.08388090878725052,,0.9642209410667419,,4.0383782386779785,,,,,,,,,,,,,
3,,,,12919,,,,,,,,,,,,0.13447071611881256,0.13123546540737152,,0.52189701795578,,4.437535285949707,,,,,,,,,,,,,
3,,,,12939,,,,,,,,,,,,0.13447071611881256,0.09557636082172394,,0.505709171295166,,3.4969699382781982,,,,,,,,,,,,,
3,,,,12959,,,,,,,,,,,,0.13447071611881256,0.09344170987606049,,0.7849109768867493,,3.5330893993377686,,,,,,,,,,,,,
3,,,,12979,,,,,,,,,,,,0.13447071611881256,0.07586193084716797,,0.9825084209442139,,3.8552138805389404,,,,,,,,,,,,,
3,,,,12999,,,,,,,,,,,,0.13447071611881256,0.13860511779785156,,0.5276744365692139,,4.292876720428467,,,,,,,,,,,,,
3,,,,13019,,,,,,,,,,,,0.13447071611881256,0.10986238718032837,,0.5198379755020142,,3.45913028717041,,,,,,,,,,,,,
3,,,,13039,,,,,,,,,,,,0.13447071611881256,0.11814325302839279,,0.8880470991134644,,4.371744632720947,,,,,,,,,,,,,
3,,,,13059,,,,,,,,,,,,0.13447071611881256,0.09727431833744049,,0.4241630434989929,,3.280559539794922,,,,,,,,,,,,,
3,,,,13079,,,,,,,,,,,,0.13447071611881256,0.1671726107597351,,0.5268473029136658,,4.382132530212402,,,,,,,,,,,,,
3,,,,13099,,,,,,,,,,,,0.13447071611881256,0.08371064811944962,,1.01711106300354,,3.9048633575439453,,,,,,,,,,,,,
3,,,,13119,,,,,,,,,,,,0.13447071611881256,0.1165275052189827,,0.4465214014053345,,3.3834104537963867,,,,,,,,,,,,,
3,,,,13139,,,,,,,,,,,,0.13447071611881256,0.16264988481998444,,0.6462284922599792,,4.321743965148926,,,,,,,,,,,,,
3,,,,13159,,,,,,,,,,,,0.13447071611881256,0.1255614161491394,,0.4388391375541687,,3.38252592086792,,,,,,,,,,,,,
3,,,,13179,,,,,,,,,,,,0.13447071611881256,0.16279178857803345,,0.6579103469848633,,4.316849708557129,,,,,,,,,,,,,
3,,,,13199,,,,,,,,,,,,0.13447071611881256,0.11388060450553894,,0.4339692294597626,,3.415022850036621,,,,,,,,,,,,,
3,,,,13219,,,,,,,,,,,,0.13447071611881256,0.13450050354003906,,0.5830945372581482,,4.352025985717773,,,,,,,,,,,,,
3,,,,13239,,,,,,,,,,,,0.13447071611881256,0.12728455662727356,,0.3932388126850128,,3.3626277446746826,,,,,,,,,,,,,
3,,,,13259,,,,,,,,,,,,0.13447071611881256,0.09782472252845764,,0.8569590449333191,,3.4696290493011475,,,,,,,,,,,,,
3,,,,13279,,,,,,,,,,,,0.13447071611881256,0.11698415875434875,,0.9395106434822083,,4.727127552032471,,,,,,,,,,,,,
3,,,,13299,,,,,,,,,,,,0.13447071611881256,0.1672072410583496,,0.5164815187454224,,3.320835590362549,,,,,,,,,,,,,
3,,,,13319,,,,,,,,,,,,0.13447071611881256,0.13983695209026337,,0.9217800498008728,,4.4672017097473145,,,,,,,,,,,,,
3,,,,13339,,,,,,,,,,,,0.13447071611881256,0.11698776483535767,,0.5141825079917908,,3.4651994705200195,,,,,,,,,,,,,
3,,,,13359,,,,,,,,,,,,0.13447071611881256,0.12013609707355499,,0.4647725522518158,,3.413161039352417,,,,,,,,,,,,,
3,,,,13379,,,,,,,,,,,,0.13447071611881256,0.11792121082544327,,0.4888986647129059,,3.344602584838867,,,,,,,,,,,,,
3,,,,13399,,,,,,,,,,,,0.13447071611881256,0.1079753041267395,,0.7420050501823425,,3.2954611778259277,,,,,,,,,,,,,
3,,,,13419,,,,,,,,,,,,0.13447071611881256,0.11131645739078522,,1.0897396802902222,,4.1497015953063965,,,,,,,,,,,,,
3,,,,13439,,,,,,,,,,,,0.13447071611881256,0.14832890033721924,,0.5063526034355164,,4.330142974853516,,,,,,,,,,,,,
3,,,,13459,,,,,,,,,,,,0.13447071611881256,0.10841106623411179,,0.5448291301727295,,3.5056729316711426,,,,,,,,,,,,,
3,,,,13479,,,,,,,,,,,,0.13447071611881256,0.08750470727682114,,0.7762377858161926,,3.5063600540161133,,,,,,,,,,,,,
3,,,,13499,,,,,,,,,,,,0.13447071611881256,0.10574682801961899,,0.3982641398906708,,3.2640795707702637,,,,,,,,,,,,,
3,,,,13519,,,,,,,,,,,,0.13447071611881256,0.0871143788099289,,0.9517812132835388,,3.434783697128296,,,,,,,,,,,,,
3,,,,13539,,,,,,,,,,,,0.13447071611881256,0.11608569324016571,,0.46776464581489563,,3.169048547744751,,,,,,,,,,,,,
3,,,,13559,,,,,,,,,,,,0.13447071611881256,0.15095576643943787,,0.5035759210586548,,4.39239501953125,,,,,,,,,,,,,
3,,,,13579,,,,,,,,,,,,0.13447071611881256,0.1319829225540161,,0.6619229316711426,,3.4644901752471924,,,,,,,,,,,,,
3,,,,13599,,,,,,,,,,,,0.13447071611881256,0.15185609459877014,,0.49876073002815247,,3.4730563163757324,,,,,,,,,,,,,
3,,,,13619,,,,,,,,,,,,0.13447071611881256,0.16169261932373047,,0.8487613797187805,,4.299163341522217,,,,,,,,,,,,,
3,,,,13639,,,,,,,,,,,,0.13447071611881256,0.15785124897956848,,0.48186948895454407,,4.303951263427734,,,,,,,,,,,,,
3,,,,13659,,,,,,,,,,,,0.13447071611881256,0.1368514597415924,,0.5324469208717346,,4.319910526275635,,,,,,,,,,,,,
3,,,,13679,,,,,,,,,,,,0.13447071611881256,0.1733301728963852,,0.49735477566719055,,4.268711090087891,,,,,,,,,,,,,
3,,,,13699,,,,,,,,,,,,0.13447071611881256,0.11497694998979568,,0.4191659688949585,,3.447575092315674,,,,,,,,,,,,,
3,,,,13719,,,,,,,,,,,,0.13447071611881256,0.1279897391796112,,0.46919873356819153,,3.3311736583709717,,,,,,,,,,,,,
3,,,,13739,,,,,,,,,,,,0.13447071611881256,0.16961053013801575,,0.5139051079750061,,4.37742805480957,,,,,,,,,,,,,
3,,,,13759,,,,,,,,,,,,0.13447071611881256,0.09005435556173325,,0.6711191534996033,,3.2162280082702637,,,,,,,,,,,,,
3,,,,13779,,,,,,,,,,,,0.13447071611881256,0.1332905888557434,,0.39933404326438904,,3.0698680877685547,,,,,,,,,,,,,
3,,,,13799,,,,,,,,,,,,0.13447071611881256,0.11043116450309753,,0.9391738772392273,,3.6772549152374268,,,,,,,,,,,,,
3,,,,13819,,,,,,,,,,,,0.13447071611881256,0.1396976113319397,,0.605812668800354,,3.3931679725646973,,,,,,,,,,,,,
3,,,,13839,,,,,,,,,,,,0.13447071611881256,0.1346932351589203,,0.6252464056015015,,3.4008636474609375,,,,,,,,,,,,,
3,,,,13859,,,,,,,,,,,,0.13447071611881256,0.09256266802549362,,1.003149390220642,,4.231561183929443,,,,,,,,,,,,,
3,,,,13879,,,,,,,,,,,,0.13447071611881256,0.12903669476509094,,0.8691788911819458,,4.4072771072387695,,,,,,,,,,,,,
3,,,,13899,,,,,,,,,,,,0.13447071611881256,0.16729363799095154,,0.5178293585777283,,4.543010711669922,,,,,,,,,,,,,
3,,,,13919,,,,,,,,,,,,0.13447071611881256,0.13670241832733154,,0.8876462578773499,,4.2311015129089355,,,,,,,,,,,,,
3,,,,13927,,,,,,,,,,,,,,,,,,0.7157840728759766,0.8825116157531738,0.6946989297866821,0.6941222548484802,0.4935491979122162,0.6935455799102783,0.6161975264549255,0.7171342968940735,0.6879083514213562,0.8371146321296692,0.777597963809967,0.47156140208244324,0.7157840728759766
3,,,,13927,,,,,,,,,0.6015496253967285,0.12701499462127686,0.13446712493896484,,,0.6501070857048035,,3.8992815017700195,,,,,,,,,,,,,,
,0.0003,0.0003,2.9999999999999997e-05,13928,,,,,,,,,,,,,,,,,,,,,,,,,,,,,,
4,,,,13939,,,,,,,,,,,,0.1887703388929367,0.1571231335401535,,0.5005884170532227,,4.241091251373291,,,,,,,,,,,,,
4,,,,13959,,,,,,,,,,,,0.1887703388929367,0.12140420079231262,,0.4607546329498291,,3.3081464767456055,,,,,,,,,,,,,
4,,,,13979,,,,,,,,,,,,0.1887703388929367,0.14016501605510712,,0.4838472902774811,,3.402879238128662,,,,,,,,,,,,,
4,,,,13999,,,,,,,,,,,,0.1887703388929367,0.10490553081035614,,0.4638378620147705,,3.3655142784118652,,,,,,,,,,,,,
4,,,,14019,,,,,,,,,,,,0.1887703388929367,0.109786257147789,,0.7161309719085693,,3.3142738342285156,,,,,,,,,,,,,
4,,,,14039,,,,,,,,,,,,0.1887703388929367,0.16817183792591095,,0.6249370574951172,,4.518270969390869,,,,,,,,,,,,,
4,,,,14059,,,,,,,,,,,,0.1887703388929367,0.12069347500801086,,0.45607465505599976,,3.529358148574829,,,,,,,,,,,,,
4,,,,14079,,,,,,,,,,,,0.1887703388929367,0.18976649641990662,,0.7476022243499756,,4.2284321784973145,,,,,,,,,,,,,
4,,,,14099,,,,,,,,,,,,0.1887703388929367,0.14440378546714783,,0.4312262535095215,,3.4882755279541016,,,,,,,,,,,,,
4,,,,14119,,,,,,,,,,,,0.1887703388929367,0.12641717493534088,,0.5426574945449829,,3.461167335510254,,,,,,,,,,,,,
4,,,,14139,,,,,,,,,,,,0.1887703388929367,0.15387842059135437,,0.5540776252746582,,4.597079277038574,,,,,,,,,,,,,
4,,,,14159,,,,,,,,,,,,0.1887703388929367,0.1518007516860962,,0.4745978116989136,,3.2526581287384033,,,,,,,,,,,,,
4,,,,14179,,,,,,,,,,,,0.1887703388929367,0.12797319889068604,,0.8890763521194458,,4.397439956665039,,,,,,,,,,,,,
4,,,,14199,,,,,,,,,,,,0.1887703388929367,0.17096711695194244,,0.5408802032470703,,4.332705020904541,,,,,,,,,,,,,
4,,,,14219,,,,,,,,,,,,0.1887703388929367,0.14259684085845947,,0.4690132737159729,,3.5052895545959473,,,,,,,,,,,,,
4,,,,14239,,,,,,,,,,,,0.1887703388929367,0.14650338888168335,,0.5768979787826538,,4.2751898765563965,,,,,,,,,,,,,
4,,,,14259,,,,,,,,,,,,0.1887703388929367,0.09512879699468613,,1.0201444625854492,,4.173365592956543,,,,,,,,,,,,,
4,,,,14279,,,,,,,,,,,,0.1887703388929367,0.08901605755090714,,1.0283334255218506,,3.8402862548828125,,,,,,,,,,,,,
4,,,,14299,,,,,,,,,,,,0.1887703388929367,0.09173105657100677,,0.4426812529563904,,3.3180041313171387,,,,,,,,,,,,,
4,,,,14319,,,,,,,,,,,,0.1887703388929367,0.12947553396224976,,0.5594335794448853,,3.398135185241699,,,,,,,,,,,,,
4,,,,14339,,,,,,,,,,,,0.1887703388929367,0.10247589647769928,,0.4662187993526459,,3.4532270431518555,,,,,,,,,,,,,
4,,,,14359,,,,,,,,,,,,0.1887703388929367,0.16221219301223755,,0.7425231337547302,,4.493595123291016,,,,,,,,,,,,,
4,,,,14379,,,,,,,,,,,,0.1887703388929367,0.10061078518629074,,1.150876760482788,,3.856311082839966,,,,,,,,,,,,,
4,,,,14399,,,,,,,,,,,,0.1887703388929367,0.10087954998016357,,0.9651271104812622,,4.3456645011901855,,,,,,,,,,,,,
4,,,,14419,,,,,,,,,,,,0.1887703388929367,0.14340953528881073,,0.44750261306762695,,3.3416171073913574,,,,,,,,,,,,,
4,,,,14439,,,,,,,,,,,,0.1887703388929367,0.1293787956237793,,0.5437058210372925,,4.297990798950195,,,,,,,,,,,,,
4,,,,14459,,,,,,,,,,,,0.1887703388929367,0.15664425492286682,,0.5218663811683655,,4.230300426483154,,,,,,,,,,,,,
4,,,,14479,,,,,,,,,,,,0.1887703388929367,0.10928000509738922,,0.5016323328018188,,3.404937267303467,,,,,,,,,,,,,
4,,,,14499,,,,,,,,,,,,0.1887703388929367,0.11995893716812134,,0.42751389741897583,,3.296013832092285,,,,,,,,,,,,,
4,,,,14519,,,,,,,,,,,,0.1887703388929367,0.07255640625953674,,0.6912525296211243,,3.4171957969665527,,,,,,,,,,,,,
4,,,,14539,,,,,,,,,,,,0.1887703388929367,0.06976497173309326,,1.0878037214279175,,3.919764280319214,,,,,,,,,,,,,
4,,,,14559,,,,,,,,,,,,0.1887703388929367,0.12706512212753296,,0.6759750247001648,,3.405637741088867,,,,,,,,,,,,,
4,,,,14579,,,,,,,,,,,,0.1887703388929367,0.08728649467229843,,0.47065186500549316,,3.2739739418029785,,,,,,,,,,,,,
4,,,,14599,,,,,,,,,,,,0.1887703388929367,0.11016222089529037,,0.40626901388168335,,3.232131004333496,,,,,,,,,,,,,
4,,,,14619,,,,,,,,,,,,0.1887703388929367,0.09718900918960571,,1.0074213743209839,,4.310137748718262,,,,,,,,,,,,,
4,,,,14639,,,,,,,,,,,,0.1887703388929367,0.13859499990940094,,0.5331235527992249,,4.317798137664795,,,,,,,,,,,,,
4,,,,14659,,,,,,,,,,,,0.1887703388929367,0.13256868720054626,,0.5149115920066833,,3.442397117614746,,,,,,,,,,,,,
4,,,,14679,,,,,,,,,,,,0.1887703388929367,0.12649992108345032,,0.5658010840415955,,4.518460750579834,,,,,,,,,,,,,
4,,,,14699,,,,,,,,,,,,0.1887703388929367,0.14472801983356476,,0.6922674179077148,,4.278204917907715,,,,,,,,,,,,,
4,,,,14719,,,,,,,,,,,,0.1887703388929367,0.10317642241716385,,0.4510820508003235,,3.3708481788635254,,,,,,,,,,,,,
4,,,,14739,,,,,,,,,,,,0.1887703388929367,0.0729876458644867,,0.7619238495826721,,3.4715895652770996,,,,,,,,,,,,,
4,,,,14759,,,,,,,,,,,,0.1887703388929367,0.14945778250694275,,0.5407371520996094,,4.3260602951049805,,,,,,,,,,,,,
4,,,,14779,,,,,,,,,,,,0.1887703388929367,0.11696188896894455,,0.845430850982666,,4.38047456741333,,,,,,,,,,,,,
4,,,,14799,,,,,,,,,,,,0.1887703388929367,0.15210582315921783,,0.5749871730804443,,4.3087921142578125,,,,,,,,,,,,,
4,,,,14819,,,,,,,,,,,,0.1887703388929367,0.15926231443881989,,0.5183512568473816,,4.250981330871582,,,,,,,,,,,,,
4,,,,14839,,,,,,,,,,,,0.1887703388929367,0.12620528042316437,,0.6835110783576965,,4.277263641357422,,,,,,,,,,,,,
4,,,,14859,,,,,,,,,,,,0.1887703388929367,0.1466003954410553,,0.5208085775375366,,4.438826560974121,,,,,,,,,,,,,
4,,,,14879,,,,,,,,,,,,0.1887703388929367,0.07511810958385468,,0.5277456045150757,,3.273557662963867,,,,,,,,,,,,,
4,,,,14899,,,,,,,,,,,,0.1887703388929367,0.10202215611934662,,0.7888796925544739,,3.5321474075317383,,,,,,,,,,,,,
4,,,,14919,,,,,,,,,,,,0.1887703388929367,0.13714227080345154,,0.496163547039032,,3.394047737121582,,,,,,,,,,,,,
4,,,,14939,,,,,,,,,,,,0.1887703388929367,0.10398323833942413,,0.7203294634819031,,3.2723538875579834,,,,,,,,,,,,,
4,,,,14959,,,,,,,,,,,,0.1887703388929367,0.11917734146118164,,0.4149991571903229,,3.3014817237854004,,,,,,,,,,,,,
4,,,,14979,,,,,,,,,,,,0.1887703388929367,0.1259051263332367,,0.42570093274116516,,3.2861948013305664,,,,,,,,,,,,,
4,,,,14999,,,,,,,,,,,,0.1887703388929367,0.10042932629585266,,0.40106746554374695,,3.3315820693969727,,,,,,,,,,,,,
4,,,,15019,,,,,,,,,,,,0.1887703388929367,0.11345835030078888,,0.6018667817115784,,4.302516937255859,,,,,,,,,,,,,
4,,,,15039,,,,,,,,,,,,0.1887703388929367,0.15349912643432617,,0.5744211077690125,,4.369327545166016,,,,,,,,,,,,,
4,,,,15059,,,,,,,,,,,,0.1887703388929367,0.08111640810966492,,1.1613818407058716,,4.0359721183776855,,,,,,,,,,,,,
4,,,,15079,,,,,,,,,,,,0.1887703388929367,0.1246284693479538,,0.47393372654914856,,3.5887787342071533,,,,,,,,,,,,,
4,,,,15099,,,,,,,,,,,,0.1887703388929367,0.1223466768860817,,0.7681242227554321,,4.486608982086182,,,,,,,,,,,,,
4,,,,15119,,,,,,,,,,,,0.1887703388929367,0.11466150730848312,,0.4731306731700897,,3.400418996810913,,,,,,,,,,,,,
4,,,,15139,,,,,,,,,,,,0.1887703388929367,0.17540410161018372,,0.5149232149124146,,4.468894958496094,,,,,,,,,,,,,
4,,,,15159,,,,,,,,,,,,0.1887703388929367,0.09909237176179886,,0.9487544298171997,,4.306593418121338,,,,,,,,,,,,,
4,,,,15179,,,,,,,,,,,,0.1887703388929367,0.14227305352687836,,0.5701771378517151,,4.515192985534668,,,,,,,,,,,,,
4,,,,15199,,,,,,,,,,,,0.1887703388929367,0.10512685030698776,,0.4749241769313812,,3.3360047340393066,,,,,,,,,,,,,
4,,,,15219,,,,,,,,,,,,0.1887703388929367,0.08638929575681686,,0.7712780237197876,,3.5936403274536133,,,,,,,,,,,,,
4,,,,15239,,,,,,,,,,,,0.1887703388929367,0.13040512800216675,,0.5185272693634033,,4.342662811279297,,,,,,,,,,,,,
4,,,,15259,,,,,,,,,,,,0.1887703388929367,0.12818796932697296,,0.42437657713890076,,3.427896022796631,,,,,,,,,,,,,
4,,,,15279,,,,,,,,,,,,0.1887703388929367,0.14351703226566315,,0.5285162329673767,,4.346742630004883,,,,,,,,,,,,,
4,,,,15299,,,,,,,,,,,,0.1887703388929367,0.1483231633901596,,0.6872111558914185,,4.447890281677246,,,,,,,,,,,,,
4,,,,15319,,,,,,,,,,,,0.1887703388929367,0.11547590792179108,,0.5736105442047119,,3.508998394012451,,,,,,,,,,,,,
4,,,,15339,,,,,,,,,,,,0.1887703388929367,0.14672650396823883,,0.527263343334198,,4.336055278778076,,,,,,,,,,,,,
4,,,,15359,,,,,,,,,,,,0.1887703388929367,0.13676097989082336,,0.419097363948822,,3.3203771114349365,,,,,,,,,,,,,
4,,,,15379,,,,,,,,,,,,0.1887703388929367,0.06148679926991463,,1.0121532678604126,,3.954908847808838,,,,,,,,,,,,,
4,,,,15399,,,,,,,,,,,,0.1887703388929367,0.13878756761550903,,0.5319960713386536,,4.498039722442627,,,,,,,,,,,,,
4,,,,15419,,,,,,,,,,,,0.1887703388929367,0.14731335639953613,,0.5139318704605103,,4.384788513183594,,,,,,,,,,,,,
4,,,,15439,,,,,,,,,,,,0.1887703388929367,0.09441593289375305,,0.4605942368507385,,3.29592227935791,,,,,,,,,,,,,
4,,,,15459,,,,,,,,,,,,0.1887703388929367,0.1032550185918808,,0.6176331043243408,,4.315560340881348,,,,,,,,,,,,,
4,,,,15479,,,,,,,,,,,,0.1887703388929367,0.11423683166503906,,0.4000711143016815,,3.3118133544921875,,,,,,,,,,,,,
4,,,,15499,,,,,,,,,,,,0.1887703388929367,0.10292535275220871,,0.9717739820480347,,4.374589920043945,,,,,,,,,,,,,
4,,,,15519,,,,,,,,,,,,0.1887703388929367,0.15152446925640106,,0.533994734287262,,4.354974746704102,,,,,,,,,,,,,
4,,,,15539,,,,,,,,,,,,0.1887703388929367,0.0856875330209732,,0.49216702580451965,,3.539942741394043,,,,,,,,,,,,,
4,,,,15559,,,,,,,,,,,,0.1887703388929367,0.16580599546432495,,0.5717542767524719,,4.394325256347656,,,,,,,,,,,,,
4,,,,15579,,,,,,,,,,,,0.1887703388929367,0.16162371635437012,,0.5640568733215332,,4.404068946838379,,,,,,,,,,,,,
4,,,,15599,,,,,,,,,,,,0.1887703388929367,0.1096295714378357,,0.47086378931999207,,3.4015984535217285,,,,,,,,,,,,,
4,,,,15619,,,,,,,,,,,,0.1887703388929367,0.10332096368074417,,0.45593345165252686,,3.3439908027648926,,,,,,,,,,,,,
4,,,,15639,,,,,,,,,,,,0.1887703388929367,0.13359874486923218,,0.559738039970398,,4.309804439544678,,,,,,,,,,,,,
4,,,,15659,,,,,,,,,,,,0.1887703388929367,0.11203049123287201,,0.5684176087379456,,4.364914894104004,,,,,,,,,,,,,
4,,,,15679,,,,,,,,,,,,0.1887703388929367,0.09990034997463226,,0.4949064552783966,,3.3279082775115967,,,,,,,,,,,,,
4,,,,15699,,,,,,,,,,,,0.1887703388929367,0.15738487243652344,,0.5531342625617981,,4.408402919769287,,,,,,,,,,,,,
4,,,,15719,,,,,,,,,,,,0.1887703388929367,0.16498449444770813,,0.5018065571784973,,4.248598575592041,,,,,,,,,,,,,
4,,,,15739,,,,,,,,,,,,0.1887703388929367,0.05188077315688133,,1.0256041288375854,,4.084918022155762,,,,,,,,,,,,,
4,,,,15759,,,,,,,,,,,,0.1887703388929367,0.0651935338973999,,0.4741317629814148,,3.371541738510132,,,,,,,,,,,,,
4,,,,15779,,,,,,,,,,,,0.1887703388929367,0.06045802682638168,,1.0078675746917725,,3.867419481277466,,,,,,,,,,,,,
4,,,,15799,,,,,,,,,,,,0.1887703388929367,0.13383080065250397,,0.5444970726966858,,4.45339822769165,,,,,,,,,,,,,
4,,,,15819,,,,,,,,,,,,0.1887703388929367,0.12850545346736908,,0.5585837364196777,,4.411149024963379,,,,,,,,,,,,,
4,,,,15839,,,,,,,,,,,,0.1887703388929367,0.07320351898670197,,0.7209811806678772,,3.349642276763916,,,,,,,,,,,,,
4,,,,15859,,,,,,,,,,,,0.1887703388929367,0.15509559214115143,,0.6381247639656067,,4.438042640686035,,,,,,,,,,,,,
4,,,,15879,,,,,,,,,,,,0.1887703388929367,0.10923127830028534,,0.3979184925556183,,3.2744593620300293,,,,,,,,,,,,,
4,,,,15899,,,,,,,,,,,,0.1887703388929367,0.12597332894802094,,0.41282063722610474,,3.3261024951934814,,,,,,,,,,,,,
4,,,,15919,,,,,,,,,,,,0.1887703388929367,0.13085637986660004,,0.6532459259033203,,4.55654764175415,,,,,,,,,,,,,
4,,,,15939,,,,,,,,,,,,0.1887703388929367,0.08110230416059494,,0.9166222810745239,,4.468360900878906,,,,,,,,,,,,,
4,,,,15959,,,,,,,,,,,,0.1887703388929367,0.11693710833787918,,0.6292358040809631,,4.501376152038574,,,,,,,,,,,,,
4,,,,15979,,,,,,,,,,,,0.1887703388929367,0.07664921134710312,,1.020000696182251,,4.354536056518555,,,,,,,,,,,,,
4,,,,15999,,,,,,,,,,,,0.1887703388929367,0.054424725472927094,,1.0576746463775635,,3.8380608558654785,,,,,,,,,,,,,
4,,,,16019,,,,,,,,,,,,0.1887703388929367,0.09275975823402405,,0.4506319761276245,,3.3807384967803955,,,,,,,,,,,,,
4,,,,16039,,,,,,,,,,,,0.1887703388929367,0.08064346015453339,,0.4545997381210327,,3.2294821739196777,,,,,,,,,,,,,
4,,,,16059,,,,,,,,,,,,0.1887703388929367,0.1481885313987732,,0.5457414984703064,,4.559331893920898,,,,,,,,,,,,,
4,,,,16079,,,,,,,,,,,,0.1887703388929367,0.0664496123790741,,1.002467393875122,,4.1766557693481445,,,,,,,,,,,,,
4,,,,16099,,,,,,,,,,,,0.1887703388929367,0.07336962223052979,,1.1949304342269897,,4.108728885650635,,,,,,,,,,,,,
4,,,,16119,,,,,,,,,,,,0.1887703388929367,0.08592766523361206,,0.4286935031414032,,3.526331901550293,,,,,,,,,,,,,
4,,,,16139,,,,,,,,,,,,0.1887703388929367,0.09246955066919327,,0.48834604024887085,,3.298656940460205,,,,,,,,,,,,,
4,,,,16159,,,,,,,,,,,,0.1887703388929367,0.07890591025352478,,0.5222291350364685,,3.387991428375244,,,,,,,,,,,,,
4,,,,16179,,,,,,,,,,,,0.1887703388929367,0.11172989755868912,,0.396210253238678,,3.1640501022338867,,,,,,,,,,,,,
4,,,,16199,,,,,,,,,,,,0.1887703388929367,0.05986159294843674,,1.0113502740859985,,4.419190406799316,,,,,,,,,,,,,
4,,,,16219,,,,,,,,,,,,0.1887703388929367,0.0704323947429657,,1.0000165700912476,,4.25758171081543,,,,,,,,,,,,,
4,,,,16239,,,,,,,,,,,,0.1887703388929367,0.1480914205312729,,0.5767804980278015,,4.48048210144043,,,,,,,,,,,,,
4,,,,16259,,,,,,,,,,,,0.1887703388929367,0.11279518902301788,,0.41031187772750854,,3.3186442852020264,,,,,,,,,,,,,
4,,,,16279,,,,,,,,,,,,0.1887703388929367,0.10684750974178314,,0.41217324137687683,,3.298548698425293,,,,,,,,,,,,,
4,,,,16299,,,,,,,,,,,,0.1887703388929367,0.11616687476634979,,0.4835367202758789,,3.288022041320801,,,,,,,,,,,,,
4,,,,16319,,,,,,,,,,,,0.1887703388929367,0.11606736481189728,,0.7686830759048462,,4.629698753356934,,,,,,,,,,,,,
4,,,,16339,,,,,,,,,,,,0.1887703388929367,0.12342521548271179,,0.5585309863090515,,4.657214641571045,,,,,,,,,,,,,
4,,,,16359,,,,,,,,,,,,0.1887703388929367,0.14906907081604004,,0.5556209087371826,,4.431624889373779,,,,,,,,,,,,,
4,,,,16379,,,,,,,,,,,,0.1887703388929367,0.14446137845516205,,0.776228129863739,,4.314225196838379,,,,,,,,,,,,,
4,,,,16399,,,,,,,,,,,,0.1887703388929367,0.12111485749483109,,0.5230822563171387,,4.351715087890625,,,,,,,,,,,,,
4,,,,16419,,,,,,,,,,,,0.1887703388929367,0.10157908499240875,,0.40727120637893677,,3.4868721961975098,,,,,,,,,,,,,
4,,,,16439,,,,,,,,,,,,0.1887703388929367,0.07520802319049835,,0.897185742855072,,4.175687789916992,,,,,,,,,,,,,
4,,,,16459,,,,,,,,,,,,0.1887703388929367,0.11133857071399689,,0.47393620014190674,,3.36369252204895,,,,,,,,,,,,,
4,,,,16479,,,,,,,,,,,,0.1887703388929367,0.13807888329029083,,0.7945180535316467,,4.398764610290527,,,,,,,,,,,,,
4,,,,16499,,,,,,,,,,,,0.1887703388929367,0.16054075956344604,,0.522663950920105,,4.352985382080078,,,,,,,,,,,,,
4,,,,16519,,,,,,,,,,,,0.1887703388929367,0.07734856754541397,,1.0383046865463257,,4.290623188018799,,,,,,,,,,,,,
4,,,,16539,,,,,,,,,,,,0.1887703388929367,0.12718045711517334,,0.5665825009346008,,4.456459999084473,,,,,,,,,,,,,
4,,,,16559,,,,,,,,,,,,0.1887703388929367,0.13160549104213715,,0.5412286520004272,,4.338903427124023,,,,,,,,,,,,,
4,,,,16579,,,,,,,,,,,,0.1887703388929367,0.16230399906635284,,0.5267421007156372,,4.436886787414551,,,,,,,,,,,,,
4,,,,16599,,,,,,,,,,,,0.1887703388929367,0.10616917163133621,,0.8969331979751587,,4.246623992919922,,,,,,,,,,,,,
4,,,,16619,,,,,,,,,,,,0.1887703388929367,0.11188498884439468,,0.6364509463310242,,4.404182434082031,,,,,,,,,,,,,
4,,,,16639,,,,,,,,,,,,0.1887703388929367,0.08065856993198395,,0.4460109770298004,,3.2716102600097656,,,,,,,,,,,,,
4,,,,16659,,,,,,,,,,,,0.1887703388929367,0.08239603042602539,,0.9290851354598999,,4.407528877258301,,,,,,,,,,,,,
4,,,,16679,,,,,,,,,,,,0.1887703388929367,0.14395347237586975,,0.7194759845733643,,4.38654899597168,,,,,,,,,,,,,
4,,,,16699,,,,,,,,,,,,0.1887703388929367,0.1339646875858307,,0.5888547301292419,,4.413005828857422,,,,,,,,,,,,,
4,,,,16719,,,,,,,,,,,,0.1887703388929367,0.15938463807106018,,0.5196450352668762,,4.490705490112305,,,,,,,,,,,,,
4,,,,16739,,,,,,,,,,,,0.1887703388929367,0.08172477781772614,,0.744087278842926,,3.5004425048828125,,,,,,,,,,,,,
4,,,,16759,,,,,,,,,,,,0.1887703388929367,0.14379355311393738,,0.5325157046318054,,4.295231819152832,,,,,,,,,,,,,
4,,,,16779,,,,,,,,,,,,0.1887703388929367,0.08807606995105743,,0.7628626823425293,,4.265847206115723,,,,,,,,,,,,,
4,,,,16799,,,,,,,,,,,,0.1887703388929367,0.1307460367679596,,0.5183493494987488,,4.3951263427734375,,,,,,,,,,,,,
4,,,,16819,,,,,,,,,,,,0.1887703388929367,0.11444948613643646,,0.38467511534690857,,3.287590503692627,,,,,,,,,,,,,
4,,,,16839,,,,,,,,,,,,0.1887703388929367,0.1267576813697815,,0.41845035552978516,,3.3087282180786133,,,,,,,,,,,,,
4,,,,16859,,,,,,,,,,,,0.1887703388929367,0.10226579755544662,,0.6196451187133789,,3.2588469982147217,,,,,,,,,,,,,
4,,,,16879,,,,,,,,,,,,0.1887703388929367,0.11827308684587479,,0.43324118852615356,,3.3200392723083496,,,,,,,,,,,,,
4,,,,16899,,,,,,,,,,,,0.1887703388929367,0.10844690352678299,,0.4448124170303345,,3.3378381729125977,,,,,,,,,,,,,
4,,,,16919,,,,,,,,,,,,0.1887703388929367,0.10483375191688538,,0.4245780110359192,,3.2985663414001465,,,,,,,,,,,,,
4,,,,16939,,,,,,,,,,,,0.1887703388929367,0.112578846514225,,0.6389392614364624,,3.4212844371795654,,,,,,,,,,,,,
4,,,,16959,,,,,,,,,,,,0.1887703388929367,0.11419963836669922,,0.5763384699821472,,3.308398723602295,,,,,,,,,,,,,
4,,,,16979,,,,,,,,,,,,0.1887703388929367,0.12570933997631073,,0.45612552762031555,,3.3623061180114746,,,,,,,,,,,,,
4,,,,16999,,,,,,,,,,,,0.1887703388929367,0.13330687582492828,,0.5656702518463135,,4.539775371551514,,,,,,,,,,,,,
4,,,,17019,,,,,,,,,,,,0.1887703388929367,0.14159730076789856,,0.5630526542663574,,4.511488914489746,,,,,,,,,,,,,
4,,,,17039,,,,,,,,,,,,0.1887703388929367,0.14924056828022003,,0.5314805507659912,,4.466474533081055,,,,,,,,,,,,,
4,,,,17059,,,,,,,,,,,,0.1887703388929367,0.09586986899375916,,0.6393113136291504,,3.316321849822998,,,,,,,,,,,,,
4,,,,17079,,,,,,,,,,,,0.1887703388929367,0.1304817646741867,,0.5136007070541382,,4.299476623535156,,,,,,,,,,,,,
4,,,,17099,,,,,,,,,,,,0.1887703388929367,0.14303918182849884,,0.5396813154220581,,4.324295520782471,,,,,,,,,,,,,
4,,,,17119,,,,,,,,,,,,0.1887703388929367,0.04709803685545921,,0.9147189855575562,,3.7137465476989746,,,,,,,,,,,,,
4,,,,17139,,,,,,,,,,,,0.1887703388929367,0.0696960985660553,,0.9908459186553955,,4.016369342803955,,,,,,,,,,,,,
4,,,,17159,,,,,,,,,,,,0.1887703388929367,0.0825747475028038,,0.9157735109329224,,4.418654441833496,,,,,,,,,,,,,
4,,,,17179,,,,,,,,,,,,0.1887703388929367,0.11382009834051132,,0.4358031153678894,,3.2949318885803223,,,,,,,,,,,,,
4,,,,17199,,,,,,,,,,,,0.1887703388929367,0.1492958962917328,,0.5499723553657532,,4.425434112548828,,,,,,,,,,,,,
4,,,,17219,,,,,,,,,,,,0.1887703388929367,0.13658681511878967,,0.5332751274108887,,4.380783557891846,,,,,,,,,,,,,
4,,,,17239,,,,,,,,,,,,0.1887703388929367,0.11445769667625427,,0.41783416271209717,,3.327237606048584,,,,,,,,,,,,,
4,,,,17259,,,,,,,,,,,,0.1887703388929367,0.14114277064800262,,0.5717882513999939,,4.417078018188477,,,,,,,,,,,,,
4,,,,17279,,,,,,,,,,,,0.1887703388929367,0.16850894689559937,,0.4976370632648468,,4.3348894119262695,,,,,,,,,,,,,
4,,,,17299,,,,,,,,,,,,0.1887703388929367,0.12042781710624695,,0.7231354117393494,,4.344025135040283,,,,,,,,,,,,,
4,,,,17319,,,,,,,,,,,,0.1887703388929367,0.1438940018415451,,0.6461182832717896,,4.269608497619629,,,,,,,,,,,,,
4,,,,17339,,,,,,,,,,,,0.1887703388929367,0.10604400932788849,,0.4058837890625,,3.288672685623169,,,,,,,,,,,,,
4,,,,17359,,,,,,,,,,,,0.1887703388929367,0.14302311837673187,,0.40677034854888916,,3.2707133293151855,,,,,,,,,,,,,
4,,,,17379,,,,,,,,,,,,0.1887703388929367,0.1329759806394577,,0.6084979176521301,,4.421191215515137,,,,,,,,,,,,,
4,,,,17399,,,,,,,,,,,,0.1887703388929367,0.11454997211694717,,0.42661258578300476,,3.3255550861358643,,,,,,,,,,,,,
4,,,,17409,,,,,,,,,,,,,,,,,,0.6981457471847534,0.8833631277084351,0.6871112585067749,0.685127854347229,0.5026243925094604,0.6831443905830383,0.6178766489028931,0.7210159301757812,0.6859583258628845,0.7848679423332214,0.8267785906791687,0.4349726736545563,0.6981457471847534
4,,,,17409,,,,,,,,,0.5934424996376038,0.1149342805147171,0.188776895403862,,,0.6428695321083069,,3.9063544273376465,,,,,,,,,,,,,,
,0.0003,0.0003,2.9999999999999997e-05,17410,,,,,,,,,,,,,,,,,,,,,,,,,,,,,,
5,,,,17419,,,,,,,,,,,,0.25,0.10302670300006866,,0.4246751666069031,,3.3411924839019775,,,,,,,,,,,,,
5,,,,17439,,,,,,,,,,,,0.25,0.13498353958129883,,0.4832053780555725,,3.2955713272094727,,,,,,,,,,,,,
5,,,,17459,,,,,,,,,,,,0.25,0.13116732239723206,,0.6813942193984985,,4.691047191619873,,,,,,,,,,,,,
5,,,,17479,,,,,,,,,,,,0.25,0.14897817373275757,,0.537665843963623,,4.344922065734863,,,,,,,,,,,,,
5,,,,17499,,,,,,,,,,,,0.25,0.10963656008243561,,0.4378388822078705,,3.4291157722473145,,,,,,,,,,,,,
5,,,,17519,,,,,,,,,,,,0.25,0.12092360854148865,,0.8624016046524048,,4.439765930175781,,,,,,,,,,,,,
5,,,,17539,,,,,,,,,,,,0.25,0.1615881770849228,,0.6053646802902222,,4.421464443206787,,,,,,,,,,,,,
5,,,,17559,,,,,,,,,,,,0.25,0.10582887381315231,,0.4608645737171173,,3.2335586547851562,,,,,,,,,,,,,
5,,,,17579,,,,,,,,,,,,0.25,0.14222270250320435,,0.5489501953125,,4.4693450927734375,,,,,,,,,,,,,
5,,,,17599,,,,,,,,,,,,0.25,0.05530443415045738,,0.8728041648864746,,3.616398334503174,,,,,,,,,,,,,
5,,,,17619,,,,,,,,,,,,0.25,0.06317614018917084,,0.89190673828125,,3.565463066101074,,,,,,,,,,,,,
5,,,,17639,,,,,,,,,,,,0.25,0.13643446564674377,,0.6290179491043091,,4.464266300201416,,,,,,,,,,,,,
5,,,,17659,,,,,,,,,,,,0.25,0.1516534686088562,,0.5638384819030762,,4.350119590759277,,,,,,,,,,,,,
5,,,,17679,,,,,,,,,,,,0.25,0.15335965156555176,,0.5327925682067871,,4.385645866394043,,,,,,,,,,,,,
5,,,,17699,,,,,,,,,,,,0.25,0.0682113990187645,,0.513034462928772,,3.4501848220825195,,,,,,,,,,,,,
5,,,,17719,,,,,,,,,,,,0.25,0.08471886813640594,,0.5351560115814209,,3.568514347076416,,,,,,,,,,,,,
5,,,,17739,,,,,,,,,,,,0.25,0.16441264748573303,,0.5215775966644287,,4.345429420471191,,,,,,,,,,,,,
5,,,,17759,,,,,,,,,,,,0.25,0.1147255226969719,,0.5962976217269897,,4.296955585479736,,,,,,,,,,,,,
5,,,,17779,,,,,,,,,,,,0.25,0.07596872746944427,,0.8814883232116699,,3.6251142024993896,,,,,,,,,,,,,
5,,,,17799,,,,,,,,,,,,0.25,0.10754258930683136,,0.5497578382492065,,4.508823871612549,,,,,,,,,,,,,
5,,,,17819,,,,,,,,,,,,0.25,0.15527808666229248,,0.5185527801513672,,4.362590789794922,,,,,,,,,,,,,
5,,,,17839,,,,,,,,,,,,0.25,0.08725723624229431,,0.5301419496536255,,3.323681354522705,,,,,,,,,,,,,
5,,,,17859,,,,,,,,,,,,0.25,0.1172766387462616,,0.3985919952392578,,3.238010883331299,,,,,,,,,,,,,
5,,,,17879,,,,,,,,,,,,0.25,0.12180328369140625,,0.5000787973403931,,3.339071273803711,,,,,,,,,,,,,
5,,,,17899,,,,,,,,,,,,0.25,0.13904578983783722,,0.5594524145126343,,4.353176116943359,,,,,,,,,,,,,
5,,,,17919,,,,,,,,,,,,0.25,0.13974064588546753,,0.5581478476524353,,4.354685306549072,,,,,,,,,,,,,
5,,,,17939,,,,,,,,,,,,0.25,0.13752682507038116,,0.5808413624763489,,4.489960670471191,,,,,,,,,,,,,
5,,,,17959,,,,,,,,,,,,0.25,0.0445038303732872,,1.0205899477005005,,4.208521366119385,,,,,,,,,,,,,
5,,,,17979,,,,,,,,,,,,0.25,0.08431614935398102,,0.42759332060813904,,3.333645820617676,,,,,,,,,,,,,
5,,,,17999,,,,,,,,,,,,0.25,0.10540229082107544,,0.7788888812065125,,4.438464164733887,,,,,,,,,,,,,
5,,,,18019,,,,,,,,,,,,0.25,0.08155032992362976,,0.3997703492641449,,3.1862215995788574,,,,,,,,,,,,,
5,,,,18039,,,,,,,,,,,,0.25,0.13737034797668457,,0.544623076915741,,4.538010597229004,,,,,,,,,,,,,
5,,,,18059,,,,,,,,,,,,0.25,0.13558363914489746,,0.5654337406158447,,4.573917388916016,,,,,,,,,,,,,
5,,,,18079,,,,,,,,,,,,0.25,0.13517054915428162,,0.6147904396057129,,4.356991291046143,,,,,,,,,,,,,
5,,,,18099,,,,,,,,,,,,0.25,0.06661251187324524,,0.9314422011375427,,3.695328712463379,,,,,,,,,,,,,
5,,,,18119,,,,,,,,,,,,0.25,0.11206585168838501,,0.45404595136642456,,3.341278076171875,,,,,,,,,,,,,
5,,,,18139,,,,,,,,,,,,0.25,0.1599266529083252,,0.5287085771560669,,4.388443946838379,,,,,,,,,,,,,
5,,,,18159,,,,,,,,,,,,0.25,0.13487954437732697,,0.567154049873352,,4.448762893676758,,,,,,,,,,,,,
5,,,,18179,,,,,,,,,,,,0.25,0.12812727689743042,,0.5632883906364441,,4.52337121963501,,,,,,,,,,,,,
5,,,,18199,,,,,,,,,,,,0.25,0.11173352599143982,,0.4622895121574402,,3.382951259613037,,,,,,,,,,,,,
5,,,,18219,,,,,,,,,,,,0.25,0.1269710659980774,,0.5425388813018799,,4.560746669769287,,,,,,,,,,,,,
5,,,,18239,,,,,,,,,,,,0.25,0.1118043065071106,,0.3941212296485901,,3.149073600769043,,,,,,,,,,,,,
5,,,,18259,,,,,,,,,,,,0.25,0.15564624965190887,,0.6617063283920288,,4.42588996887207,,,,,,,,,,,,,
5,,,,18279,,,,,,,,,,,,0.25,0.11776691675186157,,0.45167219638824463,,3.468583106994629,,,,,,,,,,,,,
5,,,,18299,,,,,,,,,,,,0.25,0.15452198684215546,,0.5284945964813232,,4.305412292480469,,,,,,,,,,,,,
5,,,,18319,,,,,,,,,,,,0.25,0.10661685466766357,,0.5180163979530334,,4.334522247314453,,,,,,,,,,,,,
5,,,,18339,,,,,,,,,,,,0.25,0.1144261583685875,,0.47801363468170166,,3.305920124053955,,,,,,,,,,,,,
5,,,,18359,,,,,,,,,,,,0.25,0.10399292409420013,,0.4216906428337097,,3.3489699363708496,,,,,,,,,,,,,
5,,,,18379,,,,,,,,,,,,0.25,0.12243643403053284,,0.5797937512397766,,4.479525566101074,,,,,,,,,,,,,
5,,,,18399,,,,,,,,,,,,0.25,0.04098953306674957,,1.1060467958450317,,4.047730445861816,,,,,,,,,,,,,
5,,,,18419,,,,,,,,,,,,0.25,0.07266268134117126,,0.8824265599250793,,4.27336311340332,,,,,,,,,,,,,
5,,,,18439,,,,,,,,,,,,0.25,0.13651242852210999,,0.44273409247398376,,3.4275221824645996,,,,,,,,,,,,,
5,,,,18459,,,,,,,,,,,,0.25,0.056088708341121674,,0.8460660576820374,,3.585810661315918,,,,,,,,,,,,,
5,,,,18479,,,,,,,,,,,,0.25,0.14809995889663696,,0.9709452986717224,,4.392866611480713,,,,,,,,,,,,,
5,,,,18499,,,,,,,,,,,,0.25,0.10701686143875122,,0.5509307384490967,,4.444846153259277,,,,,,,,,,,,,
5,,,,18519,,,,,,,,,,,,0.25,0.12334565073251724,,0.4396609663963318,,3.348562717437744,,,,,,,,,,,,,
5,,,,18539,,,,,,,,,,,,0.25,0.14597761631011963,,0.5340381860733032,,4.4008941650390625,,,,,,,,,,,,,
5,,,,18559,,,,,,,,,,,,0.25,0.11704616248607635,,0.42378154397010803,,3.1822495460510254,,,,,,,,,,,,,
5,,,,18579,,,,,,,,,,,,0.25,0.05941459909081459,,0.9732668995857239,,3.552805185317993,,,,,,,,,,,,,
5,,,,18599,,,,,,,,,,,,0.25,0.14398989081382751,,0.6316869854927063,,4.614652633666992,,,,,,,,,,,,,
5,,,,18619,,,,,,,,,,,,0.25,0.13416582345962524,,0.4300055503845215,,3.387350559234619,,,,,,,,,,,,,
5,,,,18639,,,,,,,,,,,,0.25,0.09731099009513855,,0.41867172718048096,,3.3177385330200195,,,,,,,,,,,,,
5,,,,18659,,,,,,,,,,,,0.25,0.1262192577123642,,0.41782039403915405,,3.3282570838928223,,,,,,,,,,,,,
5,,,,18679,,,,,,,,,,,,0.25,0.1040327325463295,,0.7394199371337891,,4.37432336807251,,,,,,,,,,,,,
5,,,,18699,,,,,,,,,,,,0.25,0.15694929659366608,,0.5357424020767212,,4.387034893035889,,,,,,,,,,,,,
5,,,,18719,,,,,,,,,,,,0.25,0.11592380702495575,,0.438969224691391,,3.3196449279785156,,,,,,,,,,,,,
5,,,,18739,,,,,,,,,,,,0.25,0.0566740557551384,,0.9858487248420715,,3.6644248962402344,,,,,,,,,,,,,
5,,,,18759,,,,,,,,,,,,0.25,0.12235496193170547,,0.5347914695739746,,4.345617294311523,,,,,,,,,,,,,
5,,,,18779,,,,,,,,,,,,0.25,0.11778777092695236,,0.5518998503684998,,4.331782341003418,,,,,,,,,,,,,
5,,,,18799,,,,,,,,,,,,0.25,0.12956637144088745,,0.6025394797325134,,4.429043292999268,,,,,,,,,,,,,
5,,,,18819,,,,,,,,,,,,0.25,0.05495178699493408,,1.033074140548706,,3.7933874130249023,,,,,,,,,,,,,
5,,,,18839,,,,,,,,,,,,0.25,0.13391941785812378,,0.6453225612640381,,4.322749614715576,,,,,,,,,,,,,
5,,,,18859,,,,,,,,,,,,0.25,0.08590564131736755,,0.7337580919265747,,3.511664867401123,,,,,,,,,,,,,
5,,,,18879,,,,,,,,,,,,0.25,0.09775877743959427,,0.6731523275375366,,4.349696636199951,,,,,,,,,,,,,
5,,,,18899,,,,,,,,,,,,0.25,0.06307052075862885,,0.8311064839363098,,3.481358766555786,,,,,,,,,,,,,
5,,,,18919,,,,,,,,,,,,0.25,0.09487996995449066,,0.7982216477394104,,4.487435340881348,,,,,,,,,,,,,
5,,,,18939,,,,,,,,,,,,0.25,0.11445032060146332,,0.42686861753463745,,3.160043239593506,,,,,,,,,,,,,
5,,,,18959,,,,,,,,,,,,0.25,0.12906576693058014,,0.6080085635185242,,4.745738506317139,,,,,,,,,,,,,
5,,,,18979,,,,,,,,,,,,0.25,0.12576982378959656,,0.5160655379295349,,4.482587814331055,,,,,,,,,,,,,
5,,,,18999,,,,,,,,,,,,0.25,0.1316739320755005,,0.520618200302124,,4.481856346130371,,,,,,,,,,,,,
5,,,,19019,,,,,,,,,,,,0.25,0.09872590005397797,,0.4857638478279114,,3.4424147605895996,,,,,,,,,,,,,
5,,,,19039,,,,,,,,,,,,0.25,0.10822223126888275,,0.40880951285362244,,3.359254837036133,,,,,,,,,,,,,
5,,,,19059,,,,,,,,,,,,0.25,0.15128368139266968,,0.5146231651306152,,4.296133041381836,,,,,,,,,,,,,
5,,,,19079,,,,,,,,,,,,0.25,0.09756564348936081,,0.4091288447380066,,3.415980100631714,,,,,,,,,,,,,
5,,,,19099,,,,,,,,,,,,0.25,0.11143808811903,,0.5085984468460083,,3.3791637420654297,,,,,,,,,,,,,
5,,,,19119,,,,,,,,,,,,0.25,0.10048487037420273,,0.4367026090621948,,3.394517421722412,,,,,,,,,,,,,
5,,,,19139,,,,,,,,,,,,0.25,0.06562752276659012,,1.037667155265808,,4.205068111419678,,,,,,,,,,,,,
5,,,,19159,,,,,,,,,,,,0.25,0.13590103387832642,,0.6926940679550171,,4.368636131286621,,,,,,,,,,,,,
5,,,,19179,,,,,,,,,,,,0.25,0.055265314877033234,,0.8833081126213074,,3.545253276824951,,,,,,,,,,,,,
5,,,,19199,,,,,,,,,,,,0.25,0.05328550934791565,,1.041463017463684,,3.8763418197631836,,,,,,,,,,,,,
5,,,,19219,,,,,,,,,,,,0.25,0.1492038071155548,,0.5217065215110779,,4.355066776275635,,,,,,,,,,,,,
5,,,,19239,,,,,,,,,,,,0.25,0.11009515076875687,,0.9033553004264832,,4.395969867706299,,,,,,,,,,,,,
5,,,,19259,,,,,,,,,,,,0.25,0.11556614935398102,,0.511080801486969,,4.3718953132629395,,,,,,,,,,,,,
5,,,,19279,,,,,,,,,,,,0.25,0.1137252151966095,,0.5690867900848389,,3.3802151679992676,,,,,,,,,,,,,
5,,,,19299,,,,,,,,,,,,0.25,0.059609875082969666,,1.003344178199768,,4.30142879486084,,,,,,,,,,,,,
5,,,,19319,,,,,,,,,,,,0.25,0.042658865451812744,,0.807345449924469,,3.3227877616882324,,,,,,,,,,,,,
5,,,,19339,,,,,,,,,,,,0.25,0.10720782727003098,,0.4778010845184326,,3.435044765472412,,,,,,,,,,,,,
5,,,,19359,,,,,,,,,,,,0.25,0.058168333023786545,,1.0068919658660889,,4.175613880157471,,,,,,,,,,,,,
5,,,,19379,,,,,,,,,,,,0.25,0.09485721588134766,,0.8303757309913635,,4.476193428039551,,,,,,,,,,,,,
5,,,,19399,,,,,,,,,,,,0.25,0.1075386330485344,,0.44818830490112305,,3.2614259719848633,,,,,,,,,,,,,
5,,,,19419,,,,,,,,,,,,0.25,0.1104101836681366,,0.42577069997787476,,3.297274589538574,,,,,,,,,,,,,
5,,,,19439,,,,,,,,,,,,0.25,0.11019852757453918,,0.5643835067749023,,4.383884429931641,,,,,,,,,,,,,
5,,,,19459,,,,,,,,,,,,0.25,0.13174116611480713,,0.5427634716033936,,4.402379512786865,,,,,,,,,,,,,
5,,,,19479,,,,,,,,,,,,0.25,0.0757712572813034,,0.5306941866874695,,3.265451431274414,,,,,,,,,,,,,
5,,,,19499,,,,,,,,,,,,0.25,0.09622407704591751,,0.4771164655685425,,3.2976088523864746,,,,,,,,,,,,,
5,,,,19519,,,,,,,,,,,,0.25,0.1071811243891716,,0.6162737607955933,,3.3274145126342773,,,,,,,,,,,,,
5,,,,19539,,,,,,,,,,,,0.25,0.12528255581855774,,0.5658619999885559,,4.540124416351318,,,,,,,,,,,,,
5,,,,19559,,,,,,,,,,,,0.25,0.1530947983264923,,0.5281650424003601,,4.430346488952637,,,,,,,,,,,,,
5,,,,19579,,,,,,,,,,,,0.25,0.06563494354486465,,0.9170936346054077,,3.3737950325012207,,,,,,,,,,,,,
5,,,,19599,,,,,,,,,,,,0.25,0.06610024720430374,,0.6674429774284363,,3.3133325576782227,,,,,,,,,,,,,
5,,,,19619,,,,,,,,,,,,0.25,0.15598192811012268,,0.5469346046447754,,4.396944999694824,,,,,,,,,,,,,
5,,,,19639,,,,,,,,,,,,0.25,0.04272696003317833,,0.853286623954773,,3.664605140686035,,,,,,,,,,,,,
5,,,,19659,,,,,,,,,,,,0.25,0.10911473631858826,,0.530543863773346,,4.444947242736816,,,,,,,,,,,,,
5,,,,19679,,,,,,,,,,,,0.25,0.07966199517250061,,0.9496015906333923,,4.258691310882568,,,,,,,,,,,,,
5,,,,19699,,,,,,,,,,,,0.25,0.1294996440410614,,0.5907891988754272,,4.349339962005615,,,,,,,,,,,,,
5,,,,19719,,,,,,,,,,,,0.25,0.10675008594989777,,0.44249269366264343,,3.4958138465881348,,,,,,,,,,,,,
5,,,,19739,,,,,,,,,,,,0.25,0.08682747185230255,,0.4430926442146301,,3.45975923538208,,,,,,,,,,,,,
5,,,,19759,,,,,,,,,,,,0.25,0.12168405205011368,,0.6112081408500671,,4.488290786743164,,,,,,,,,,,,,
5,,,,19779,,,,,,,,,,,,0.25,0.11443154513835907,,0.5581095218658447,,4.556277275085449,,,,,,,,,,,,,
5,,,,19799,,,,,,,,,,,,0.25,0.11959034204483032,,0.6662474870681763,,4.3601484298706055,,,,,,,,,,,,,
5,,,,19819,,,,,,,,,,,,0.25,0.15171177685260773,,0.5884745121002197,,4.3459367752075195,,,,,,,,,,,,,
5,,,,19839,,,,,,,,,,,,0.25,0.12498848140239716,,0.638332724571228,,4.3598432540893555,,,,,,,,,,,,,
5,,,,19859,,,,,,,,,,,,0.25,0.1145787239074707,,0.5617567896842957,,4.376723289489746,,,,,,,,,,,,,
5,,,,19879,,,,,,,,,,,,0.25,0.15537923574447632,,0.5909286737442017,,4.304208278656006,,,,,,,,,,,,,
5,,,,19899,,,,,,,,,,,,0.25,0.15443935990333557,,0.546570897102356,,4.350144386291504,,,,,,,,,,,,,
5,,,,19919,,,,,,,,,,,,0.25,0.08860708028078079,,0.9686604142189026,,4.437893867492676,,,,,,,,,,,,,
5,,,,19939,,,,,,,,,,,,0.25,0.04013744369149208,,1.0840730667114258,,3.910283327102661,,,,,,,,,,,,,
5,,,,19959,,,,,,,,,,,,0.25,0.04165776073932648,,0.9195677638053894,,3.802640199661255,,,,,,,,,,,,,
5,,,,19979,,,,,,,,,,,,0.25,0.11208581924438477,,0.43638113141059875,,3.3141181468963623,,,,,,,,,,,,,
5,,,,19999,,,,,,,,,,,,0.25,0.09586569666862488,,0.4841461479663849,,3.3469934463500977,,,,,,,,,,,,,
5,,,,20019,,,,,,,,,,,,0.25,0.1127786636352539,,0.5773546695709229,,4.583134651184082,,,,,,,,,,,,,
5,,,,20039,,,,,,,,,,,,0.25,0.09856036305427551,,0.37533333897590637,,3.1239333152770996,,,,,,,,,,,,,
5,,,,20059,,,,,,,,,,,,0.25,0.12578988075256348,,0.5200365781784058,,4.428408622741699,,,,,,,,,,,,,
5,,,,20079,,,,,,,,,,,,0.25,0.08241507411003113,,0.5298112630844116,,3.6098012924194336,,,,,,,,,,,,,
5,,,,20099,,,,,,,,,,,,0.25,0.046024590730667114,,0.9748846888542175,,4.131519317626953,,,,,,,,,,,,,
5,,,,20119,,,,,,,,,,,,0.25,0.08187518268823624,,0.40774625539779663,,3.2958521842956543,,,,,,,,,,,,,
5,,,,20139,,,,,,,,,,,,0.25,0.10999298095703125,,0.418016254901886,,3.2203660011291504,,,,,,,,,,,,,
5,,,,20159,,,,,,,,,,,,0.25,0.13681480288505554,,0.5062717795372009,,4.41348934173584,,,,,,,,,,,,,
5,,,,20179,,,,,,,,,,,,0.25,0.09044213593006134,,0.4124870300292969,,3.358940601348877,,,,,,,,,,,,,
5,,,,20199,,,,,,,,,,,,0.25,0.09626805782318115,,0.4094976484775543,,3.405489444732666,,,,,,,,,,,,,
5,,,,20219,,,,,,,,,,,,0.25,0.12271470576524734,,0.5759111046791077,,4.301009178161621,,,,,,,,,,,,,
5,,,,20239,,,,,,,,,,,,0.25,0.10226264595985413,,0.6810417771339417,,4.369234085083008,,,,,,,,,,,,,
5,,,,20259,,,,,,,,,,,,0.25,0.12277849018573761,,0.5660938024520874,,4.385683059692383,,,,,,,,,,,,,
5,,,,20279,,,,,,,,,,,,0.25,0.07656554877758026,,0.4066900610923767,,3.2477450370788574,,,,,,,,,,,,,
5,,,,20299,,,,,,,,,,,,0.25,0.08533786237239838,,0.4151526689529419,,3.1867518424987793,,,,,,,,,,,,,
5,,,,20319,,,,,,,,,,,,0.25,0.1028686910867691,,0.39686062932014465,,3.3271243572235107,,,,,,,,,,,,,
5,,,,20339,,,,,,,,,,,,0.25,0.08802894502878189,,0.4467373192310333,,3.299381732940674,,,,,,,,,,,,,
5,,,,20359,,,,,,,,,,,,0.25,0.13946092128753662,,0.5497159957885742,,4.475578308105469,,,,,,,,,,,,,
5,,,,20379,,,,,,,,,,,,0.25,0.1458057165145874,,0.5347892045974731,,4.457992076873779,,,,,,,,,,,,,
5,,,,20399,,,,,,,,,,,,0.25,0.12722499668598175,,0.5632180571556091,,4.336626052856445,,,,,,,,,,,,,
5,,,,20419,,,,,,,,,,,,0.25,0.04290415346622467,,0.9185182452201843,,4.194583415985107,,,,,,,,,,,,,
5,,,,20439,,,,,,,,,,,,0.25,0.12219056487083435,,0.7392099499702454,,4.558022975921631,,,,,,,,,,,,,
5,,,,20459,,,,,,,,,,,,0.25,0.111087366938591,,0.7036433219909668,,4.46537971496582,,,,,,,,,,,,,
5,,,,20479,,,,,,,,,,,,0.25,0.13591264188289642,,0.5862399935722351,,4.312399864196777,,,,,,,,,,,,,
5,,,,20499,,,,,,,,,,,,0.25,0.09331810474395752,,0.49263593554496765,,3.3055500984191895,,,,,,,,,,,,,
5,,,,20519,,,,,,,,,,,,0.25,0.08547750115394592,,0.6380868554115295,,4.443515777587891,,,,,,,,,,,,,
5,,,,20539,,,,,,,,,,,,0.25,0.07414314150810242,,0.6923935413360596,,3.366832971572876,,,,,,,,,,,,,
5,,,,20559,,,,,,,,,,,,0.25,0.048678502440452576,,0.9105861783027649,,3.7651424407958984,,,,,,,,,,,,,
5,,,,20579,,,,,,,,,,,,0.25,0.14638033509254456,,0.51202791929245,,4.37440299987793,,,,,,,,,,,,,
5,,,,20599,,,,,,,,,,,,0.25,0.07106918841600418,,1.0080513954162598,,4.32500696182251,,,,,,,,,,,,,
5,,,,20619,,,,,,,,,,,,0.25,0.04088760167360306,,0.903946578502655,,3.685539722442627,,,,,,,,,,,,,
5,,,,20639,,,,,,,,,,,,0.25,0.08205470442771912,,0.7321803569793701,,3.4109761714935303,,,,,,,,,,,,,
5,,,,20659,,,,,,,,,,,,0.25,0.09006503224372864,,0.4646795392036438,,3.308044195175171,,,,,,,,,,,,,
5,,,,20679,,,,,,,,,,,,0.25,0.1423758566379547,,0.5131250023841858,,4.298315048217773,,,,,,,,,,,,,
5,,,,20699,,,,,,,,,,,,0.25,0.09194433689117432,,0.3876878619194031,,3.3617403507232666,,,,,,,,,,,,,
5,,,,20719,,,,,,,,,,,,0.25,0.042090293020009995,,0.9104486703872681,,3.767768144607544,,,,,,,,,,,,,
5,,,,20739,,,,,,,,,,,,0.25,0.08459644019603729,,0.4286929666996002,,3.2971763610839844,,,,,,,,,,,,,
5,,,,20759,,,,,,,,,,,,0.25,0.12381894886493683,,0.5729283690452576,,4.568513870239258,,,,,,,,,,,,,
5,,,,20779,,,,,,,,,,,,0.25,0.08418959379196167,,0.37935757637023926,,3.3038265705108643,,,,,,,,,,,,,
5,,,,20799,,,,,,,,,,,,0.25,0.13750898838043213,,0.5235384702682495,,4.2646331787109375,,,,,,,,,,,,,
5,,,,20819,,,,,,,,,,,,0.25,0.05633966997265816,,0.9178844690322876,,4.1808929443359375,,,,,,,,,,,,,
5,,,,20839,,,,,,,,,,,,0.25,0.13090325891971588,,0.5751822590827942,,4.48040246963501,,,,,,,,,,,,,
5,,,,20859,,,,,,,,,,,,0.25,0.09644509851932526,,0.4057385325431824,,3.317535877227783,,,,,,,,,,,,,
5,,,,20879,,,,,,,,,,,,0.25,0.05106905847787857,,0.994810163974762,,4.277200222015381,,,,,,,,,,,,,
5,,,,20891,,,,,,,,,,,,,,,,,,0.7027096748352051,0.8756908178329468,0.6873136162757874,0.6869521141052246,0.5059564113616943,0.6865905523300171,0.6140918731689453,0.7162870168685913,0.6580958962440491,0.8334717154502869,0.8108468651771545,0.4439479112625122,0.7027096748352051
5,,,,20891,,,,,,,,,0.599910318851471,0.1030752882361412,0.25,,,0.6332824230194092,,3.8875300884246826,,,,,,,,,,,,,,
,0.00029986842451482874,0.00029986842451482874,2.9986842451482873e-05,20892,,,,,,,,,,,,,,,,,,,,,,,,,,,,,,
6,,,,20899,,,,,,,,,,,,0.3112296760082245,0.0779777318239212,,0.4666192829608917,,3.173156261444092,,,,,,,,,,,,,
6,,,,20919,,,,,,,,,,,,0.3112296760082245,0.13428756594657898,,0.55522221326828,,4.690405368804932,,,,,,,,,,,,,
6,,,,20939,,,,,,,,,,,,0.3112296760082245,0.07817179709672928,,0.4854196608066559,,3.3390491008758545,,,,,,,,,,,,,
6,,,,20959,,,,,,,,,,,,0.3112296760082245,0.07714998722076416,,0.43581098318099976,,3.2549586296081543,,,,,,,,,,,,,
6,,,,20979,,,,,,,,,,,,0.3112296760082245,0.08776558935642242,,0.4030781388282776,,3.301854372024536,,,,,,,,,,,,,
6,,,,20999,,,,,,,,,,,,0.3112296760082245,0.12855207920074463,,0.5259709358215332,,4.4283647537231445,,,,,,,,,,,,,
6,,,,21019,,,,,,,,,,,,0.3112296760082245,0.09322299808263779,,0.4431244134902954,,3.3968734741210938,,,,,,,,,,,,,
6,,,,21039,,,,,,,,,,,,0.3112296760082245,0.13472633063793182,,0.5190199613571167,,4.428987503051758,,,,,,,,,,,,,
6,,,,21059,,,,,,,,,,,,0.3112296760082245,0.13061994314193726,,0.7130792737007141,,4.331097602844238,,,,,,,,,,,,,
6,,,,21079,,,,,,,,,,,,0.3112296760082245,0.06835600733757019,,1.0235837697982788,,4.266412734985352,,,,,,,,,,,,,
6,,,,21099,,,,,,,,,,,,0.3112296760082245,0.04384014010429382,,1.028260350227356,,4.009469985961914,,,,,,,,,,,,,
6,,,,21119,,,,,,,,,,,,0.3112296760082245,0.057008907198905945,,0.8414386510848999,,3.383969783782959,,,,,,,,,,,,,
6,,,,21139,,,,,,,,,,,,0.3112296760082245,0.14054016768932343,,0.5756198763847351,,4.541170120239258,,,,,,,,,,,,,
6,,,,21159,,,,,,,,,,,,0.3112296760082245,0.05160403996706009,,0.947925329208374,,3.974848747253418,,,,,,,,,,,,,
6,,,,21179,,,,,,,,,,,,0.3112296760082245,0.1480393409729004,,0.5207222700119019,,4.347402572631836,,,,,,,,,,,,,
6,,,,21199,,,,,,,,,,,,0.3112296760082245,0.1261473000049591,,0.5328472256660461,,4.336943626403809,,,,,,,,,,,,,
6,,,,21219,,,,,,,,,,,,0.3112296760082245,0.12856681644916534,,0.5141250491142273,,4.319626808166504,,,,,,,,,,,,,
6,,,,21239,,,,,,,,,,,,0.3112296760082245,0.03598633036017418,,0.9458284974098206,,3.9124624729156494,,,,,,,,,,,,,
6,,,,21259,,,,,,,,,,,,0.3112296760082245,0.11899667978286743,,0.5362411737442017,,4.372758388519287,,,,,,,,,,,,,
6,,,,21279,,,,,,,,,,,,0.3112296760082245,0.07552026212215424,,0.4021209478378296,,3.3764071464538574,,,,,,,,,,,,,
6,,,,21299,,,,,,,,,,,,0.3112296760082245,0.06043769419193268,,0.9253146648406982,,3.6424176692962646,,,,,,,,,,,,,
6,,,,21319,,,,,,,,,,,,0.3112296760082245,0.04488571733236313,,0.9116269946098328,,3.7083630561828613,,,,,,,,,,,,,
6,,,,21339,,,,,,,,,,,,0.3112296760082245,0.10979680716991425,,0.9141624569892883,,4.449120998382568,,,,,,,,,,,,,
6,,,,21359,,,,,,,,,,,,0.3112296760082245,0.0867834985256195,,0.5527210235595703,,3.2959625720977783,,,,,,,,,,,,,
6,,,,21379,,,,,,,,,,,,0.3112296760082245,0.1017342209815979,,0.38470351696014404,,3.23734974861145,,,,,,,,,,,,,
6,,,,21399,,,,,,,,,,,,0.3112296760082245,0.0828423798084259,,0.4999098777770996,,3.143435001373291,,,,,,,,,,,,,
6,,,,21419,,,,,,,,,,,,0.3112296760082245,0.03470740094780922,,1.0296831130981445,,3.9342522621154785,,,,,,,,,,,,,
6,,,,21439,,,,,,,,,,,,0.3112296760082245,0.1180150955915451,,0.48133450746536255,,3.405552387237549,,,,,,,,,,,,,
6,,,,21459,,,,,,,,,,,,0.3112296760082245,0.04808603972196579,,1.0034722089767456,,4.115621089935303,,,,,,,,,,,,,
6,,,,21479,,,,,,,,,,,,0.3112296760082245,0.07456494867801666,,0.3924770951271057,,3.2744498252868652,,,,,,,,,,,,,
6,,,,21499,,,,,,,,,,,,0.3112296760082245,0.1412125676870346,,0.5126826167106628,,4.369797706604004,,,,,,,,,,,,,
6,,,,21519,,,,,,,,,,,,0.3112296760082245,0.09893420338630676,,0.5360815525054932,,4.373213768005371,,,,,,,,,,,,,
6,,,,21539,,,,,,,,,,,,0.3112296760082245,0.08182479441165924,,1.0142008066177368,,4.417242050170898,,,,,,,,,,,,,
6,,,,21559,,,,,,,,,,,,0.3112296760082245,0.09146122634410858,,0.4183807075023651,,3.4478659629821777,,,,,,,,,,,,,
6,,,,21579,,,,,,,,,,,,0.3112296760082245,0.1261671632528305,,0.5092442631721497,,4.382904529571533,,,,,,,,,,,,,
6,,,,21599,,,,,,,,,,,,0.3112296760082245,0.08574830740690231,,0.8474228978157043,,4.406504154205322,,,,,,,,,,,,,
6,,,,21619,,,,,,,,,,,,0.3112296760082245,0.13170254230499268,,0.8005965948104858,,4.446545600891113,,,,,,,,,,,,,
6,,,,21639,,,,,,,,,,,,0.3112296760082245,0.12714600563049316,,0.634036123752594,,4.395515441894531,,,,,,,,,,,,,
6,,,,21659,,,,,,,,,,,,0.3112296760082245,0.08801772445440292,,0.44586601853370667,,3.352445363998413,,,,,,,,,,,,,
6,,,,21679,,,,,,,,,,,,0.3112296760082245,0.12544086575508118,,0.5632044672966003,,4.545609474182129,,,,,,,,,,,,,
6,,,,21699,,,,,,,,,,,,0.3112296760082245,0.03969123214483261,,0.8233109712600708,,3.8154520988464355,,,,,,,,,,,,,
6,,,,21719,,,,,,,,,,,,0.3112296760082245,0.1259182244539261,,0.5997239351272583,,4.644097328186035,,,,,,,,,,,,,
6,,,,21739,,,,,,,,,,,,0.3112296760082245,0.1425880789756775,,0.5740928053855896,,4.519123077392578,,,,,,,,,,,,,
6,,,,21759,,,,,,,,,,,,0.3112296760082245,0.0439191609621048,,1.0564733743667603,,3.782144069671631,,,,,,,,,,,,,
6,,,,21779,,,,,,,,,,,,0.3112296760082245,0.1508849859237671,,0.5547011494636536,,4.619230270385742,,,,,,,,,,,,,
6,,,,21799,,,,,,,,,,,,0.3112296760082245,0.11300914734601974,,0.4261992275714874,,3.252872943878174,,,,,,,,,,,,,
6,,,,21819,,,,,,,,,,,,0.3112296760082245,0.07995078712701797,,0.5853127241134644,,3.2993063926696777,,,,,,,,,,,,,
6,,,,21839,,,,,,,,,,,,0.3112296760082245,0.10718122124671936,,0.5862730741500854,,4.500339984893799,,,,,,,,,,,,,
6,,,,21859,,,,,,,,,,,,0.3112296760082245,0.13229286670684814,,0.7075071930885315,,4.366697311401367,,,,,,,,,,,,,
6,,,,21879,,,,,,,,,,,,0.3112296760082245,0.12275951355695724,,0.5673941969871521,,4.417075157165527,,,,,,,,,,,,,
6,,,,21899,,,,,,,,,,,,0.3112296760082245,0.12861871719360352,,0.6221411824226379,,4.447335243225098,,,,,,,,,,,,,
6,,,,21919,,,,,,,,,,,,0.3112296760082245,0.07962588965892792,,0.40148723125457764,,3.284574031829834,,,,,,,,,,,,,
6,,,,21939,,,,,,,,,,,,0.3112296760082245,0.0897180438041687,,0.4104118049144745,,3.3356761932373047,,,,,,,,,,,,,
6,,,,21959,,,,,,,,,,,,0.3112296760082245,0.11765936017036438,,0.5253682732582092,,4.397837162017822,,,,,,,,,,,,,
6,,,,21979,,,,,,,,,,,,0.3112296760082245,0.08920583128929138,,0.406529039144516,,3.250507354736328,,,,,,,,,,,,,
6,,,,21999,,,,,,,,,,,,0.3112296760082245,0.04459778964519501,,0.8365156650543213,,3.496145725250244,,,,,,,,,,,,,
6,,,,22019,,,,,,,,,,,,0.3112296760082245,0.12159347534179688,,0.5512246489524841,,4.521227836608887,,,,,,,,,,,,,
6,,,,22039,,,,,,,,,,,,0.3112296760082245,0.08033764362335205,,0.43912258744239807,,3.3383684158325195,,,,,,,,,,,,,
6,,,,22059,,,,,,,,,,,,0.3112296760082245,0.08452551066875458,,0.42157211899757385,,3.265296220779419,,,,,,,,,,,,,
6,,,,22079,,,,,,,,,,,,0.3112296760082245,0.046727776527404785,,0.8999289870262146,,4.14751672744751,,,,,,,,,,,,,
6,,,,22099,,,,,,,,,,,,0.3112296760082245,0.12528547644615173,,0.4089210629463196,,3.255796194076538,,,,,,,,,,,,,
6,,,,22119,,,,,,,,,,,,0.3112296760082245,0.04252306744456291,,0.9774061441421509,,3.8222031593322754,,,,,,,,,,,,,
6,,,,22139,,,,,,,,,,,,0.3112296760082245,0.13038378953933716,,0.5854505300521851,,4.390683174133301,,,,,,,,,,,,,
6,,,,22159,,,,,,,,,,,,0.3112296760082245,0.1441326141357422,,0.6028937697410583,,4.330639839172363,,,,,,,,,,,,,
6,,,,22179,,,,,,,,,,,,0.3112296760082245,0.052473656833171844,,0.982525110244751,,4.040396690368652,,,,,,,,,,,,,
6,,,,22199,,,,,,,,,,,,0.3112296760082245,0.10462108254432678,,0.4593609571456909,,3.3213095664978027,,,,,,,,,,,,,
6,,,,22219,,,,,,,,,,,,0.3112296760082245,0.10149307548999786,,0.38770803809165955,,3.171760082244873,,,,,,,,,,,,,
6,,,,22239,,,,,,,,,,,,0.3112296760082245,0.11996942013502121,,0.5469741821289062,,4.439966201782227,,,,,,,,,,,,,
6,,,,22259,,,,,,,,,,,,0.3112296760082245,0.1434924602508545,,0.5237734913825989,,4.368338584899902,,,,,,,,,,,,,
6,,,,22279,,,,,,,,,,,,0.3112296760082245,0.0873401015996933,,0.7713927030563354,,4.365023612976074,,,,,,,,,,,,,
6,,,,22299,,,,,,,,,,,,0.3112296760082245,0.044852115213871,,0.9955577850341797,,4.003619194030762,,,,,,,,,,,,,
6,,,,22319,,,,,,,,,,,,0.3112296760082245,0.15060029923915863,,0.50783371925354,,4.310095310211182,,,,,,,,,,,,,
6,,,,22339,,,,,,,,,,,,0.3112296760082245,0.06845677644014359,,0.42652323842048645,,3.4709277153015137,,,,,,,,,,,,,
6,,,,22359,,,,,,,,,,,,0.3112296760082245,0.14032495021820068,,0.5366581678390503,,4.480277061462402,,,,,,,,,,,,,
6,,,,22379,,,,,,,,,,,,0.3112296760082245,0.12097539752721786,,0.5755710601806641,,4.624119758605957,,,,,,,,,,,,,
6,,,,22399,,,,,,,,,,,,0.3112296760082245,0.0857042595744133,,0.3718743622303009,,3.1522178649902344,,,,,,,,,,,,,
6,,,,22419,,,,,,,,,,,,0.3112296760082245,0.038648221641778946,,1.0447678565979004,,3.8639276027679443,,,,,,,,,,,,,
6,,,,22439,,,,,,,,,,,,0.3112296760082245,0.0720829889178276,,0.4293082356452942,,3.3519699573516846,,,,,,,,,,,,,
6,,,,22459,,,,,,,,,,,,0.3112296760082245,0.07936841249465942,,0.3868664503097534,,3.2453551292419434,,,,,,,,,,,,,
6,,,,22479,,,,,,,,,,,,0.3112296760082245,0.10757423937320709,,0.4417557716369629,,3.1870322227478027,,,,,,,,,,,,,
6,,,,22499,,,,,,,,,,,,0.3112296760082245,0.0353727824985981,,0.8389713168144226,,3.3805582523345947,,,,,,,,,,,,,
6,,,,22519,,,,,,,,,,,,0.3112296760082245,0.1288573443889618,,0.6336618661880493,,4.35599422454834,,,,,,,,,,,,,
6,,,,22539,,,,,,,,,,,,0.3112296760082245,0.10841470956802368,,0.5092393755912781,,4.311374187469482,,,,,,,,,,,,,
6,,,,22559,,,,,,,,,,,,0.3112296760082245,0.10394170880317688,,0.4019771218299866,,3.33756160736084,,,,,,,,,,,,,
6,,,,22579,,,,,,,,,,,,0.3112296760082245,0.11241894960403442,,0.6081406474113464,,4.487766265869141,,,,,,,,,,,,,
6,,,,22599,,,,,,,,,,,,0.3112296760082245,0.10368494689464569,,0.7996114492416382,,4.3931684494018555,,,,,,,,,,,,,
6,,,,22619,,,,,,,,,,,,0.3112296760082245,0.1163959950208664,,0.40822073817253113,,3.300661563873291,,,,,,,,,,,,,
6,,,,22639,,,,,,,,,,,,0.3112296760082245,0.060158852487802505,,0.9725420475006104,,4.336367607116699,,,,,,,,,,,,,
6,,,,22659,,,,,,,,,,,,0.3112296760082245,0.07012227177619934,,0.4610062837600708,,3.3875160217285156,,,,,,,,,,,,,
6,,,,22679,,,,,,,,,,,,0.3112296760082245,0.07941553741693497,,0.6785989999771118,,4.313020706176758,,,,,,,,,,,,,
6,,,,22699,,,,,,,,,,,,0.3112296760082245,0.14090852439403534,,0.5815768837928772,,4.367249965667725,,,,,,,,,,,,,
6,,,,22719,,,,,,,,,,,,0.3112296760082245,0.07515726238489151,,0.40016818046569824,,3.330073118209839,,,,,,,,,,,,,
6,,,,22739,,,,,,,,,,,,0.3112296760082245,0.08349289000034332,,0.5196451544761658,,3.431326150894165,,,,,,,,,,,,,
6,,,,22759,,,,,,,,,,,,0.3112296760082245,0.08818244934082031,,0.3947700262069702,,3.2542738914489746,,,,,,,,,,,,,
6,,,,22779,,,,,,,,,,,,0.3112296760082245,0.036100275814533234,,0.9770209789276123,,3.9253523349761963,,,,,,,,,,,,,
6,,,,22799,,,,,,,,,,,,0.3112296760082245,0.1289791464805603,,0.5581480860710144,,4.4513139724731445,,,,,,,,,,,,,
6,,,,22819,,,,,,,,,,,,0.3112296760082245,0.09074506163597107,,0.3950957953929901,,3.309814214706421,,,,,,,,,,,,,
6,,,,22839,,,,,,,,,,,,0.3112296760082245,0.12417139112949371,,0.5144973397254944,,4.3449482917785645,,,,,,,,,,,,,
6,,,,22859,,,,,,,,,,,,0.3112296760082245,0.14218637347221375,,0.5202042460441589,,4.321718215942383,,,,,,,,,,,,,
6,,,,22879,,,,,,,,,,,,0.3112296760082245,0.08212041854858398,,0.4192478656768799,,3.2821192741394043,,,,,,,,,,,,,
6,,,,22899,,,,,,,,,,,,0.3112296760082245,0.08161535859107971,,0.38770386576652527,,3.1178629398345947,,,,,,,,,,,,,
6,,,,22919,,,,,,,,,,,,0.3112296760082245,0.07903467118740082,,1.0097626447677612,,4.6294097900390625,,,,,,,,,,,,,
6,,,,22939,,,,,,,,,,,,0.3112296760082245,0.09120216965675354,,0.3656832277774811,,2.9840493202209473,,,,,,,,,,,,,
6,,,,22959,,,,,,,,,,,,0.3112296760082245,0.035552121698856354,,0.9673936367034912,,3.7835845947265625,,,,,,,,,,,,,
6,,,,22979,,,,,,,,,,,,0.3112296760082245,0.08614792674779892,,0.425315260887146,,3.275378704071045,,,,,,,,,,,,,
6,,,,22999,,,,,,,,,,,,0.3112296760082245,0.09323585033416748,,0.9095574021339417,,4.333151340484619,,,,,,,,,,,,,
6,,,,23019,,,,,,,,,,,,0.3112296760082245,0.09868128597736359,,0.48376327753067017,,3.386538028717041,,,,,,,,,,,,,
6,,,,23039,,,,,,,,,,,,0.3112296760082245,0.09570483863353729,,0.41651028394699097,,3.280069589614868,,,,,,,,,,,,,
6,,,,23059,,,,,,,,,,,,0.3112296760082245,0.09522371739149094,,0.759092390537262,,4.433838367462158,,,,,,,,,,,,,
6,,,,23079,,,,,,,,,,,,0.3112296760082245,0.12808939814567566,,0.540656566619873,,4.2891082763671875,,,,,,,,,,,,,
6,,,,23099,,,,,,,,,,,,0.3112296760082245,0.14534378051757812,,0.5209832191467285,,4.42641544342041,,,,,,,,,,,,,
6,,,,23119,,,,,,,,,,,,0.3112296760082245,0.0983227863907814,,0.4447523355484009,,3.2980690002441406,,,,,,,,,,,,,
6,,,,23139,,,,,,,,,,,,0.3112296760082245,0.06505495309829712,,1.0728015899658203,,4.318155288696289,,,,,,,,,,,,,
6,,,,23159,,,,,,,,,,,,0.3112296760082245,0.07743554562330246,,0.7722809910774231,,4.30377721786499,,,,,,,,,,,,,
6,,,,23179,,,,,,,,,,,,0.3112296760082245,0.09462721645832062,,0.9252222776412964,,4.32090950012207,,,,,,,,,,,,,
6,,,,23199,,,,,,,,,,,,0.3112296760082245,0.07833603024482727,,0.6777629256248474,,3.363539695739746,,,,,,,,,,,,,
6,,,,23219,,,,,,,,,,,,0.3112296760082245,0.06235446408390999,,0.5360400080680847,,3.345057487487793,,,,,,,,,,,,,
6,,,,23239,,,,,,,,,,,,0.3112296760082245,0.08659915626049042,,0.4805893003940582,,3.2972114086151123,,,,,,,,,,,,,
6,,,,23259,,,,,,,,,,,,0.3112296760082245,0.1051386296749115,,0.5199965834617615,,4.394442558288574,,,,,,,,,,,,,
6,,,,23279,,,,,,,,,,,,0.3112296760082245,0.06703738123178482,,0.5346907377243042,,3.320342779159546,,,,,,,,,,,,,
6,,,,23299,,,,,,,,,,,,0.3112296760082245,0.05197235196828842,,0.7888125777244568,,3.421607255935669,,,,,,,,,,,,,
6,,,,23319,,,,,,,,,,,,0.3112296760082245,0.13670317828655243,,0.5848870277404785,,4.368912696838379,,,,,,,,,,,,,
6,,,,23339,,,,,,,,,,,,0.3112296760082245,0.09777980297803879,,0.9301033020019531,,4.291935920715332,,,,,,,,,,,,,
6,,,,23359,,,,,,,,,,,,0.3112296760082245,0.11644686758518219,,0.5524025559425354,,4.293432235717773,,,,,,,,,,,,,
6,,,,23379,,,,,,,,,,,,0.3112296760082245,0.10605800151824951,,0.6412105560302734,,4.516493320465088,,,,,,,,,,,,,
6,,,,23399,,,,,,,,,,,,0.3112296760082245,0.1511024832725525,,0.5290428996086121,,4.4495344161987305,,,,,,,,,,,,,
6,,,,23419,,,,,,,,,,,,0.3112296760082245,0.13563907146453857,,0.50919508934021,,4.374818801879883,,,,,,,,,,,,,
6,,,,23439,,,,,,,,,,,,0.3112296760082245,0.055385179817676544,,0.9854968190193176,,4.299738883972168,,,,,,,,,,,,,
6,,,,23459,,,,,,,,,,,,0.3112296760082245,0.11010001599788666,,0.5653350353240967,,4.593155860900879,,,,,,,,,,,,,
6,,,,23479,,,,,,,,,,,,0.3112296760082245,0.08196065574884415,,0.4548538625240326,,3.2756505012512207,,,,,,,,,,,,,
6,,,,23499,,,,,,,,,,,,0.3112296760082245,0.10065671801567078,,0.37844017148017883,,3.1825993061065674,,,,,,,,,,,,,
6,,,,23519,,,,,,,,,,,,0.3112296760082245,0.04984261095523834,,1.0280722379684448,,4.200361251831055,,,,,,,,,,,,,
6,,,,23539,,,,,,,,,,,,0.3112296760082245,0.07794199138879776,,0.4504801034927368,,3.2787280082702637,,,,,,,,,,,,,
6,,,,23559,,,,,,,,,,,,0.3112296760082245,0.03309688717126846,,1.0171781778335571,,3.717127799987793,,,,,,,,,,,,,
6,,,,23579,,,,,,,,,,,,0.3112296760082245,0.10568195581436157,,0.7097523212432861,,4.441012382507324,,,,,,,,,,,,,
6,,,,23599,,,,,,,,,,,,0.3112296760082245,0.12482330948114395,,0.5210097432136536,,4.353063583374023,,,,,,,,,,,,,
6,,,,23619,,,,,,,,,,,,0.3112296760082245,0.14095622301101685,,0.5403516292572021,,4.432602882385254,,,,,,,,,,,,,
6,,,,23639,,,,,,,,,,,,0.3112296760082245,0.045972730964422226,,0.9354785084724426,,3.945918083190918,,,,,,,,,,,,,
6,,,,23659,,,,,,,,,,,,0.3112296760082245,0.08688340336084366,,0.4304667115211487,,3.3035330772399902,,,,,,,,,,,,,
6,,,,23679,,,,,,,,,,,,0.3112296760082245,0.058446869254112244,,1.0327092409133911,,4.2681965827941895,,,,,,,,,,,,,
6,,,,23699,,,,,,,,,,,,0.3112296760082245,0.13942177593708038,,0.5522555708885193,,4.54802942276001,,,,,,,,,,,,,
6,,,,23719,,,,,,,,,,,,0.3112296760082245,0.03748823702335358,,0.9421237111091614,,3.6413774490356445,,,,,,,,,,,,,
6,,,,23739,,,,,,,,,,,,0.3112296760082245,0.0829688087105751,,0.5905240178108215,,3.265611171722412,,,,,,,,,,,,,
6,,,,23759,,,,,,,,,,,,0.3112296760082245,0.044404856860637665,,0.7044793963432312,,3.284397602081299,,,,,,,,,,,,,
6,,,,23779,,,,,,,,,,,,0.3112296760082245,0.08859467506408691,,0.41219812631607056,,3.279139518737793,,,,,,,,,,,,,
6,,,,23799,,,,,,,,,,,,0.3112296760082245,0.12116141617298126,,0.5517761707305908,,4.394132614135742,,,,,,,,,,,,,
6,,,,23819,,,,,,,,,,,,0.3112296760082245,0.12277774512767792,,0.5445501208305359,,4.409313201904297,,,,,,,,,,,,,
6,,,,23839,,,,,,,,,,,,0.3112296760082245,0.11462263017892838,,0.6575517058372498,,4.3741984367370605,,,,,,,,,,,,,
6,,,,23859,,,,,,,,,,,,0.3112296760082245,0.03669748082756996,,1.0112674236297607,,3.8361568450927734,,,,,,,,,,,,,
6,,,,23879,,,,,,,,,,,,0.3112296760082245,0.10865959525108337,,0.5812186002731323,,4.466333389282227,,,,,,,,,,,,,
6,,,,23899,,,,,,,,,,,,0.3112296760082245,0.06752721965312958,,0.6624025702476501,,3.2663402557373047,,,,,,,,,,,,,
6,,,,23919,,,,,,,,,,,,0.3112296760082245,0.08328219503164291,,0.8264379501342773,,4.592049598693848,,,,,,,,,,,,,
6,,,,23939,,,,,,,,,,,,0.3112296760082245,0.05679814890027046,,0.6499682068824768,,3.3018147945404053,,,,,,,,,,,,,
6,,,,23959,,,,,,,,,,,,0.3112296760082245,0.057798776775598526,,0.6791645288467407,,3.3079257011413574,,,,,,,,,,,,,
6,,,,23979,,,,,,,,,,,,0.3112296760082245,0.11888357251882553,,0.6902092099189758,,4.547313690185547,,,,,,,,,,,,,
6,,,,23999,,,,,,,,,,,,0.3112296760082245,0.10689336061477661,,0.5428952574729919,,4.567620754241943,,,,,,,,,,,,,
6,,,,24019,,,,,,,,,,,,0.3112296760082245,0.07482382655143738,,0.5570828914642334,,3.166721820831299,,,,,,,,,,,,,
6,,,,24039,,,,,,,,,,,,0.3112296760082245,0.12243117392063141,,0.5685179829597473,,4.462654113769531,,,,,,,,,,,,,
6,,,,24059,,,,,,,,,,,,0.3112296760082245,0.1256301999092102,,0.6946759223937988,,4.481006622314453,,,,,,,,,,,,,
6,,,,24079,,,,,,,,,,,,0.3112296760082245,0.09121878445148468,,0.3939318060874939,,3.294198989868164,,,,,,,,,,,,,
6,,,,24099,,,,,,,,,,,,0.3112296760082245,0.041750989854335785,,0.8848384618759155,,3.5671401023864746,,,,,,,,,,,,,
6,,,,24119,,,,,,,,,,,,0.3112296760082245,0.09720776975154877,,0.9791714549064636,,4.367570400238037,,,,,,,,,,,,,
6,,,,24139,,,,,,,,,,,,0.3112296760082245,0.13646963238716125,,0.5259596109390259,,4.373187065124512,,,,,,,,,,,,,
6,,,,24159,,,,,,,,,,,,0.3112296760082245,0.06931351870298386,,0.5818859338760376,,3.411064624786377,,,,,,,,,,,,,
6,,,,24179,,,,,,,,,,,,0.3112296760082245,0.08870876580476761,,0.47856569290161133,,3.3961217403411865,,,,,,,,,,,,,
6,,,,24199,,,,,,,,,,,,0.3112296760082245,0.05171596258878708,,0.933108389377594,,4.043200492858887,,,,,,,,,,,,,
6,,,,24219,,,,,,,,,,,,0.3112296760082245,0.04505451023578644,,0.7730576395988464,,3.4043145179748535,,,,,,,,,,,,,
6,,,,24239,,,,,,,,,,,,0.3112296760082245,0.08472002297639847,,0.4178462624549866,,3.291813611984253,,,,,,,,,,,,,
6,,,,24259,,,,,,,,,,,,0.3112296760082245,0.13304539024829865,,0.5220353603363037,,4.366785526275635,,,,,,,,,,,,,
6,,,,24279,,,,,,,,,,,,0.3112296760082245,0.09289100766181946,,0.9250226616859436,,4.3666157722473145,,,,,,,,,,,,,
6,,,,24299,,,,,,,,,,,,0.3112296760082245,0.06190958619117737,,0.7690606713294983,,3.43278431892395,,,,,,,,,,,,,
6,,,,24319,,,,,,,,,,,,0.3112296760082245,0.08749479055404663,,0.9104149341583252,,4.429691791534424,,,,,,,,,,,,,
6,,,,24339,,,,,,,,,,,,0.3112296760082245,0.11935940384864807,,0.5316994786262512,,4.4664306640625,,,,,,,,,,,,,
6,,,,24359,,,,,,,,,,,,0.3112296760082245,0.14584071934223175,,0.5117824077606201,,4.348542213439941,,,,,,,,,,,,,
6,,,,24373,,,,,,,,,,,,,,,,,,0.716453492641449,0.889312744140625,0.705878734588623,0.7037390470504761,0.48588141798973083,0.7015992999076843,0.6339252591133118,0.7334686517715454,0.679823637008667,0.8236627578735352,0.8031994104385376,0.49971139430999756,0.716453492641449
6,,,,24373,,,,,,,,,0.6055485606193542,0.09039153903722763,0.3112245500087738,,,0.6238075494766235,,3.876262664794922,,,,,,,,,,,,,,
,0.0002994739288874256,0.0002994739288874256,2.9947392888742563e-05,24374,,,,,,,,,,,,,,,,,,,,,,,,,,,,,,
7,,,,24379,,,,,,,,,,,,0.36552929878234863,0.09228263050317764,,0.8010269999504089,,4.442440986633301,,,,,,,,,,,,,
7,,,,24399,,,,,,,,,,,,0.36552929878234863,0.04568055272102356,,0.8975607752799988,,3.4284873008728027,,,,,,,,,,,,,
7,,,,24419,,,,,,,,,,,,0.36552929878234863,0.07250867784023285,,0.8781884908676147,,4.427846908569336,,,,,,,,,,,,,
7,,,,24439,,,,,,,,,,,,0.36552929878234863,0.09647690504789352,,0.3871651291847229,,3.1907851696014404,,,,,,,,,,,,,
7,,,,24459,,,,,,,,,,,,0.36552929878234863,0.12055158615112305,,0.6229371428489685,,4.392745494842529,,,,,,,,,,,,,
7,,,,24479,,,,,,,,,,,,0.36552929878234863,0.09822913259267807,,0.6485428810119629,,4.2940144538879395,,,,,,,,,,,,,
7,,,,24499,,,,,,,,,,,,0.36552929878234863,0.07096679508686066,,0.4064681828022003,,3.217433452606201,,,,,,,,,,,,,
7,,,,24519,,,,,,,,,,,,0.36552929878234863,0.07872691005468369,,0.3785249888896942,,3.1264419555664062,,,,,,,,,,,,,
7,,,,24539,,,,,,,,,,,,0.36552929878234863,0.09867191314697266,,0.7154830098152161,,4.501707553863525,,,,,,,,,,,,,
7,,,,24559,,,,,,,,,,,,0.36552929878234863,0.11791002750396729,,0.5355362892150879,,4.564061164855957,,,,,,,,,,,,,
7,,,,24579,,,,,,,,,,,,0.36552929878234863,0.0492682158946991,,0.8762483596801758,,3.3910937309265137,,,,,,,,,,,,,
7,,,,24599,,,,,,,,,,,,0.36552929878234863,0.12440407276153564,,0.6885948777198792,,4.466204643249512,,,,,,,,,,,,,
7,,,,24619,,,,,,,,,,,,0.36552929878234863,0.08849134296178818,,0.7882241606712341,,4.314611911773682,,,,,,,,,,,,,
7,,,,24639,,,,,,,,,,,,0.36552929878234863,0.06932742893695831,,0.6828787922859192,,3.353905200958252,,,,,,,,,,,,,
7,,,,24659,,,,,,,,,,,,0.36552929878234863,0.0654836967587471,,0.6411271095275879,,3.3012847900390625,,,,,,,,,,,,,
7,,,,24679,,,,,,,,,,,,0.36552929878234863,0.11517247557640076,,0.5214918255805969,,4.4039740562438965,,,,,,,,,,,,,
7,,,,24699,,,,,,,,,,,,0.36552929878234863,0.14638717472553253,,0.5553635954856873,,4.33201789855957,,,,,,,,,,,,,
7,,,,24719,,,,,,,,,,,,0.36552929878234863,0.07669585198163986,,0.3811749219894409,,3.1821556091308594,,,,,,,,,,,,,
7,,,,24739,,,,,,,,,,,,0.36552929878234863,0.056810181587934494,,0.9791659116744995,,4.275727272033691,,,,,,,,,,,,,
7,,,,24759,,,,,,,,,,,,0.36552929878234863,0.09495443850755692,,0.40670648217201233,,3.2667346000671387,,,,,,,,,,,,,
7,,,,24779,,,,,,,,,,,,0.36552929878234863,0.06602074205875397,,0.786199688911438,,3.23882794380188,,,,,,,,,,,,,
7,,,,24799,,,,,,,,,,,,0.36552929878234863,0.07537849247455597,,0.8387400507926941,,4.444611549377441,,,,,,,,,,,,,
7,,,,24819,,,,,,,,,,,,0.36552929878234863,0.1282014399766922,,0.5968447923660278,,4.462704658508301,,,,,,,,,,,,,
7,,,,24839,,,,,,,,,,,,0.36552929878234863,0.07626842707395554,,0.4745062291622162,,3.399052143096924,,,,,,,,,,,,,
7,,,,24859,,,,,,,,,,,,0.36552929878234863,0.07309199869632721,,0.5031552314758301,,3.249208450317383,,,,,,,,,,,,,
7,,,,24879,,,,,,,,,,,,0.36552929878234863,0.0422770231962204,,0.9116238951683044,,3.668948173522949,,,,,,,,,,,,,
7,,,,24899,,,,,,,,,,,,0.36552929878234863,0.03732713311910629,,0.9965032935142517,,3.877577304840088,,,,,,,,,,,,,
7,,,,24919,,,,,,,,,,,,0.36552929878234863,0.12462208420038223,,0.7021269202232361,,4.378591537475586,,,,,,,,,,,,,
7,,,,24939,,,,,,,,,,,,0.36552929878234863,0.04335086792707443,,0.8346269130706787,,3.5149123668670654,,,,,,,,,,,,,
7,,,,24959,,,,,,,,,,,,0.36552929878234863,0.12799376249313354,,0.5635924339294434,,4.50847864151001,,,,,,,,,,,,,
7,,,,24979,,,,,,,,,,,,0.36552929878234863,0.1066647619009018,,0.39481088519096375,,3.298743724822998,,,,,,,,,,,,,
7,,,,24999,,,,,,,,,,,,0.36552929878234863,0.09505890309810638,,0.3949272632598877,,3.2172915935516357,,,,,,,,,,,,,
7,,,,25019,,,,,,,,,,,,0.36552929878234863,0.08134996891021729,,0.3933468163013458,,3.098785877227783,,,,,,,,,,,,,
7,,,,25039,,,,,,,,,,,,0.36552929878234863,0.108328677713871,,0.6717211008071899,,4.482089996337891,,,,,,,,,,,,,
7,,,,25059,,,,,,,,,,,,0.36552929878234863,0.02880811132490635,,1.0109624862670898,,3.957522392272949,,,,,,,,,,,,,
7,,,,25079,,,,,,,,,,,,0.36552929878234863,0.05992121994495392,,0.7474617958068848,,3.281886100769043,,,,,,,,,,,,,
7,,,,25099,,,,,,,,,,,,0.36552929878234863,0.046942584216594696,,0.6241180896759033,,3.330399513244629,,,,,,,,,,,,,
7,,,,25119,,,,,,,,,,,,0.36552929878234863,0.12515538930892944,,0.5622896552085876,,4.3393096923828125,,,,,,,,,,,,,
7,,,,25139,,,,,,,,,,,,0.36552929878234863,0.05423665791749954,,1.0367504358291626,,4.297074317932129,,,,,,,,,,,,,
7,,,,25159,,,,,,,,,,,,0.36552929878234863,0.03929578512907028,,0.8825308084487915,,3.5880942344665527,,,,,,,,,,,,,
7,,,,25179,,,,,,,,,,,,0.36552929878234863,0.11050209403038025,,0.6417887806892395,,4.4183526039123535,,,,,,,,,,,,,
7,,,,25199,,,,,,,,,,,,0.36552929878234863,0.06527996063232422,,0.5036301016807556,,3.240708827972412,,,,,,,,,,,,,
7,,,,25219,,,,,,,,,,,,0.36552929878234863,0.1342020183801651,,0.5404622554779053,,4.507358551025391,,,,,,,,,,,,,
7,,,,25239,,,,,,,,,,,,0.36552929878234863,0.12397802621126175,,0.6455270648002625,,4.384147644042969,,,,,,,,,,,,,
7,,,,25259,,,,,,,,,,,,0.36552929878234863,0.1292271614074707,,0.5126322507858276,,4.323444366455078,,,,,,,,,,,,,
7,,,,25279,,,,,,,,,,,,0.36552929878234863,0.04176861047744751,,0.8657355308532715,,3.372176170349121,,,,,,,,,,,,,
7,,,,25299,,,,,,,,,,,,0.36552929878234863,0.07477439939975739,,0.6196840405464172,,3.3393335342407227,,,,,,,,,,,,,
7,,,,25319,,,,,,,,,,,,0.36552929878234863,0.07359962910413742,,0.7381134033203125,,3.3208394050598145,,,,,,,,,,,,,
7,,,,25339,,,,,,,,,,,,0.36552929878234863,0.11088322103023529,,0.6318776607513428,,4.532875061035156,,,,,,,,,,,,,
7,,,,25359,,,,,,,,,,,,0.36552929878234863,0.11579756438732147,,0.5623936057090759,,4.693764686584473,,,,,,,,,,,,,
7,,,,25379,,,,,,,,,,,,0.36552929878234863,0.11940210312604904,,0.7860209941864014,,4.589646339416504,,,,,,,,,,,,,
7,,,,25399,,,,,,,,,,,,0.36552929878234863,0.10591863840818405,,0.7259200215339661,,4.343001842498779,,,,,,,,,,,,,
7,,,,25419,,,,,,,,,,,,0.36552929878234863,0.06946408748626709,,0.40964242815971375,,3.257730722427368,,,,,,,,,,,,,
7,,,,25439,,,,,,,,,,,,0.36552929878234863,0.07699774205684662,,0.39291176199913025,,3.1892523765563965,,,,,,,,,,,,,
7,,,,25459,,,,,,,,,,,,0.36552929878234863,0.07740068435668945,,0.4095942974090576,,3.331501007080078,,,,,,,,,,,,,
7,,,,25479,,,,,,,,,,,,0.36552929878234863,0.08059518039226532,,0.9409658312797546,,4.406108856201172,,,,,,,,,,,,,
7,,,,25499,,,,,,,,,,,,0.36552929878234863,0.08109188079833984,,0.4366861581802368,,3.161881446838379,,,,,,,,,,,,,
7,,,,25519,,,,,,,,,,,,0.36552929878234863,0.13809259235858917,,0.6458553075790405,,4.633081912994385,,,,,,,,,,,,,
7,,,,25539,,,,,,,,,,,,0.36552929878234863,0.08905808627605438,,0.39253416657447815,,3.229616641998291,,,,,,,,,,,,,
7,,,,25559,,,,,,,,,,,,0.36552929878234863,0.0796552300453186,,0.5248579382896423,,3.3246259689331055,,,,,,,,,,,,,
7,,,,25579,,,,,,,,,,,,0.36552929878234863,0.04622143879532814,,0.9135377407073975,,3.88154935836792,,,,,,,,,,,,,
7,,,,25599,,,,,,,,,,,,0.36552929878234863,0.08778494596481323,,0.4182375967502594,,3.3942642211914062,,,,,,,,,,,,,
7,,,,25619,,,,,,,,,,,,0.36552929878234863,0.10021646320819855,,0.419550359249115,,3.314499616622925,,,,,,,,,,,,,
7,,,,25639,,,,,,,,,,,,0.36552929878234863,0.11852695792913437,,0.5762419104576111,,4.535754203796387,,,,,,,,,,,,,
7,,,,25659,,,,,,,,,,,,0.36552929878234863,0.04424957185983658,,0.8808767199516296,,3.5721137523651123,,,,,,,,,,,,,
7,,,,25679,,,,,,,,,,,,0.36552929878234863,0.03336416929960251,,0.853431224822998,,3.3891444206237793,,,,,,,,,,,,,
7,,,,25699,,,,,,,,,,,,0.36552929878234863,0.12446509301662445,,0.5701690912246704,,4.471196174621582,,,,,,,,,,,,,
7,,,,25719,,,,,,,,,,,,0.36552929878234863,0.05781111493706703,,0.8242189884185791,,3.4902024269104004,,,,,,,,,,,,,
7,,,,25739,,,,,,,,,,,,0.36552929878234863,0.13561640679836273,,0.5267372131347656,,4.348082542419434,,,,,,,,,,,,,
7,,,,25759,,,,,,,,,,,,0.36552929878234863,0.1305447220802307,,0.5276017785072327,,4.368381023406982,,,,,,,,,,,,,
7,,,,25779,,,,,,,,,,,,0.36552929878234863,0.11316174268722534,,0.5565903782844543,,4.3343505859375,,,,,,,,,,,,,
7,,,,25799,,,,,,,,,,,,0.36552929878234863,0.08012397587299347,,0.45404377579689026,,3.415998935699463,,,,,,,,,,,,,
7,,,,25819,,,,,,,,,,,,0.36552929878234863,0.07344500720500946,,0.426350474357605,,3.332221269607544,,,,,,,,,,,,,
7,,,,25839,,,,,,,,,,,,0.36552929878234863,0.11354648321866989,,0.5258342027664185,,4.408873081207275,,,,,,,,,,,,,
7,,,,25859,,,,,,,,,,,,0.36552929878234863,0.045892879366874695,,0.6742408871650696,,3.3383376598358154,,,,,,,,,,,,,
7,,,,25879,,,,,,,,,,,,0.36552929878234863,0.06409621983766556,,1.0300216674804688,,4.218653202056885,,,,,,,,,,,,,
7,,,,25899,,,,,,,,,,,,0.36552929878234863,0.0993206575512886,,0.42763975262641907,,3.182070255279541,,,,,,,,,,,,,
7,,,,25919,,,,,,,,,,,,0.36552929878234863,0.0663716197013855,,0.49873480200767517,,3.0553338527679443,,,,,,,,,,,,,
7,,,,25939,,,,,,,,,,,,0.36552929878234863,0.13768666982650757,,0.6029800176620483,,4.550583362579346,,,,,,,,,,,,,
7,,,,25959,,,,,,,,,,,,0.36552929878234863,0.05105920508503914,,0.9714674353599548,,4.288197040557861,,,,,,,,,,,,,
7,,,,25979,,,,,,,,,,,,0.36552929878234863,0.10559818893671036,,0.731765627861023,,4.261565208435059,,,,,,,,,,,,,
7,,,,25999,,,,,,,,,,,,0.36552929878234863,0.08591451495885849,,0.43981069326400757,,3.41707444190979,,,,,,,,,,,,,
7,,,,26019,,,,,,,,,,,,0.36552929878234863,0.11541487276554108,,0.5133151412010193,,4.298208236694336,,,,,,,,,,,,,
7,,,,26039,,,,,,,,,,,,0.36552929878234863,0.062142930924892426,,0.6913233995437622,,3.3850817680358887,,,,,,,,,,,,,
7,,,,26059,,,,,,,,,,,,0.36552929878234863,0.044570911675691605,,0.8089233040809631,,3.4040138721466064,,,,,,,,,,,,,
7,,,,26079,,,,,,,,,,,,0.36552929878234863,0.03133951872587204,,0.8102535605430603,,3.3609025478363037,,,,,,,,,,,,,
7,,,,26099,,,,,,,,,,,,0.36552929878234863,0.041418902575969696,,0.9384868144989014,,4.299882888793945,,,,,,,,,,,,,
7,,,,26119,,,,,,,,,,,,0.36552929878234863,0.05450102686882019,,0.8781490325927734,,3.358123779296875,,,,,,,,,,,,,
7,,,,26139,,,,,,,,,,,,0.36552929878234863,0.07639698684215546,,0.5327821969985962,,3.1984615325927734,,,,,,,,,,,,,
7,,,,26159,,,,,,,,,,,,0.36552929878234863,0.09250917285680771,,0.8071525692939758,,4.394143104553223,,,,,,,,,,,,,
7,,,,26179,,,,,,,,,,,,0.36552929878234863,0.0888170599937439,,0.42282500863075256,,3.3200628757476807,,,,,,,,,,,,,
7,,,,26199,,,,,,,,,,,,0.36552929878234863,0.12939700484275818,,0.5593120455741882,,4.444064140319824,,,,,,,,,,,,,
7,,,,26219,,,,,,,,,,,,0.36552929878234863,0.13967809081077576,,0.5417864918708801,,4.43966007232666,,,,,,,,,,,,,
7,,,,26239,,,,,,,,,,,,0.36552929878234863,0.10111062973737717,,0.6664220690727234,,4.449372291564941,,,,,,,,,,,,,
7,,,,26259,,,,,,,,,,,,0.36552929878234863,0.1347692459821701,,0.5167185664176941,,4.290626525878906,,,,,,,,,,,,,
7,,,,26279,,,,,,,,,,,,0.36552929878234863,0.11851564049720764,,0.5907533764839172,,4.310192108154297,,,,,,,,,,,,,
7,,,,26299,,,,,,,,,,,,0.36552929878234863,0.08621537685394287,,0.951684832572937,,4.260534286499023,,,,,,,,,,,,,
7,,,,26319,,,,,,,,,,,,0.36552929878234863,0.05828923359513283,,0.4252537786960602,,3.4455246925354004,,,,,,,,,,,,,
7,,,,26339,,,,,,,,,,,,0.36552929878234863,0.13215915858745575,,0.5812872648239136,,4.420909881591797,,,,,,,,,,,,,
7,,,,26359,,,,,,,,,,,,0.36552929878234863,0.0433473214507103,,0.6672179102897644,,3.2861595153808594,,,,,,,,,,,,,
7,,,,26379,,,,,,,,,,,,0.36552929878234863,0.07346651703119278,,0.3831445574760437,,3.243906021118164,,,,,,,,,,,,,
7,,,,26399,,,,,,,,,,,,0.36552929878234863,0.06140360236167908,,0.3996999263763428,,3.233870029449463,,,,,,,,,,,,,
7,,,,26419,,,,,,,,,,,,0.36552929878234863,0.08536683768033981,,0.4304473400115967,,3.3441877365112305,,,,,,,,,,,,,
7,,,,26439,,,,,,,,,,,,0.36552929878234863,0.13276974856853485,,0.5241391658782959,,4.361008167266846,,,,,,,,,,,,,
7,,,,26459,,,,,,,,,,,,0.36552929878234863,0.08132361620664597,,0.42134323716163635,,3.3855693340301514,,,,,,,,,,,,,
7,,,,26479,,,,,,,,,,,,0.36552929878234863,0.07355726510286331,,0.3742043077945709,,3.131978750228882,,,,,,,,,,,,,
7,,,,26499,,,,,,,,,,,,0.36552929878234863,0.12897120416164398,,0.5781064033508301,,4.613419532775879,,,,,,,,,,,,,
7,,,,26519,,,,,,,,,,,,0.36552929878234863,0.08253760635852814,,0.40633267164230347,,3.226637363433838,,,,,,,,,,,,,
7,,,,26539,,,,,,,,,,,,0.36552929878234863,0.11334606260061264,,0.533462643623352,,4.28221321105957,,,,,,,,,,,,,
7,,,,26559,,,,,,,,,,,,0.36552929878234863,0.048457711935043335,,1.0453025102615356,,4.266185760498047,,,,,,,,,,,,,
7,,,,26579,,,,,,,,,,,,0.36552929878234863,0.09997667372226715,,0.6854156851768494,,4.362209320068359,,,,,,,,,,,,,
7,,,,26599,,,,,,,,,,,,0.36552929878234863,0.12800022959709167,,0.7995498180389404,,4.432024002075195,,,,,,,,,,,,,
7,,,,26619,,,,,,,,,,,,0.36552929878234863,0.05559077113866806,,0.7895921468734741,,3.3778882026672363,,,,,,,,,,,,,
7,,,,26639,,,,,,,,,,,,0.36552929878234863,0.04350929334759712,,0.7555768489837646,,3.447843313217163,,,,,,,,,,,,,
7,,,,26659,,,,,,,,,,,,0.36552929878234863,0.11858641356229782,,0.54912269115448,,4.389701843261719,,,,,,,,,,,,,
7,,,,26679,,,,,,,,,,,,0.36552929878234863,0.07374785095453262,,0.5676586031913757,,3.2963051795959473,,,,,,,,,,,,,
7,,,,26699,,,,,,,,,,,,0.36552929878234863,0.04415912181138992,,1.0343002080917358,,4.07862663269043,,,,,,,,,,,,,
7,,,,26719,,,,,,,,,,,,0.36552929878234863,0.08512425422668457,,0.4125295877456665,,3.395991325378418,,,,,,,,,,,,,
7,,,,26739,,,,,,,,,,,,0.36552929878234863,0.0426337756216526,,0.8223543167114258,,3.375519275665283,,,,,,,,,,,,,
7,,,,26759,,,,,,,,,,,,0.36552929878234863,0.0878070592880249,,0.3766700327396393,,3.086320400238037,,,,,,,,,,,,,
7,,,,26779,,,,,,,,,,,,0.36552929878234863,0.046892695128917694,,0.6716413497924805,,3.238846778869629,,,,,,,,,,,,,
7,,,,26799,,,,,,,,,,,,0.36552929878234863,0.0896412655711174,,0.3907598853111267,,3.186675786972046,,,,,,,,,,,,,
7,,,,26819,,,,,,,,,,,,0.36552929878234863,0.07296349853277206,,0.5630789399147034,,3.2651519775390625,,,,,,,,,,,,,
7,,,,26839,,,,,,,,,,,,0.36552929878234863,0.06259975582361221,,0.8029791116714478,,3.3674001693725586,,,,,,,,,,,,,
7,,,,26859,,,,,,,,,,,,0.36552929878234863,0.10642344504594803,,0.5652048587799072,,4.545192718505859,,,,,,,,,,,,,
7,,,,26879,,,,,,,,,,,,0.36552929878234863,0.09359459578990936,,0.8519428372383118,,4.486863613128662,,,,,,,,,,,,,
7,,,,26899,,,,,,,,,,,,0.36552929878234863,0.08114461600780487,,0.4032154381275177,,3.2519538402557373,,,,,,,,,,,,,
7,,,,26919,,,,,,,,,,,,0.36552929878234863,0.06853029876947403,,1.020134687423706,,4.392392158508301,,,,,,,,,,,,,
7,,,,26939,,,,,,,,,,,,0.36552929878234863,0.08020526170730591,,0.4180552661418915,,3.319392681121826,,,,,,,,,,,,,
7,,,,26959,,,,,,,,,,,,0.36552929878234863,0.13979965448379517,,0.5263538956642151,,4.353853225708008,,,,,,,,,,,,,
7,,,,26979,,,,,,,,,,,,0.36552929878234863,0.13259954750537872,,0.5234372019767761,,4.3036723136901855,,,,,,,,,,,,,
7,,,,26999,,,,,,,,,,,,0.36552929878234863,0.13271024823188782,,0.5138247609138489,,4.317316055297852,,,,,,,,,,,,,
7,,,,27019,,,,,,,,,,,,0.36552929878234863,0.12741807103157043,,0.5402231216430664,,4.275092124938965,,,,,,,,,,,,,
7,,,,27039,,,,,,,,,,,,0.36552929878234863,0.13517796993255615,,0.5399214625358582,,4.322511196136475,,,,,,,,,,,,,
7,,,,27059,,,,,,,,,,,,0.36552929878234863,0.15333911776542664,,0.5224467515945435,,4.3762102127075195,,,,,,,,,,,,,
7,,,,27079,,,,,,,,,,,,0.36552929878234863,0.08363071084022522,,0.38684162497520447,,3.2171103954315186,,,,,,,,,,,,,
7,,,,27099,,,,,,,,,,,,0.36552929878234863,0.05686495453119278,,0.38849949836730957,,3.1612017154693604,,,,,,,,,,,,,
7,,,,27119,,,,,,,,,,,,0.36552929878234863,0.09756902605295181,,0.3970673382282257,,3.2342922687530518,,,,,,,,,,,,,
7,,,,27139,,,,,,,,,,,,0.36552929878234863,0.13916991651058197,,0.627153754234314,,4.473025321960449,,,,,,,,,,,,,
7,,,,27159,,,,,,,,,,,,0.36552929878234863,0.11842311918735504,,0.7186306118965149,,4.43679141998291,,,,,,,,,,,,,
7,,,,27179,,,,,,,,,,,,0.36552929878234863,0.0762016624212265,,0.8254805207252502,,4.394376277923584,,,,,,,,,,,,,
7,,,,27199,,,,,,,,,,,,0.36552929878234863,0.09260450303554535,,0.5307424068450928,,4.3984222412109375,,,,,,,,,,,,,
7,,,,27219,,,,,,,,,,,,0.36552929878234863,0.07401912659406662,,0.48464035987854004,,3.3201475143432617,,,,,,,,,,,,,
7,,,,27239,,,,,,,,,,,,0.36552929878234863,0.07793507725000381,,0.7631678581237793,,4.3945512771606445,,,,,,,,,,,,,
7,,,,27259,,,,,,,,,,,,0.36552929878234863,0.037531062960624695,,1.0335381031036377,,4.2215576171875,,,,,,,,,,,,,
7,,,,27279,,,,,,,,,,,,0.36552929878234863,0.09501740336418152,,0.3828238844871521,,3.1704225540161133,,,,,,,,,,,,,
7,,,,27299,,,,,,,,,,,,0.36552929878234863,0.1216030865907669,,0.596471905708313,,4.339323043823242,,,,,,,,,,,,,
7,,,,27319,,,,,,,,,,,,0.36552929878234863,0.041077204048633575,,0.9707606434822083,,3.8929309844970703,,,,,,,,,,,,,
7,,,,27339,,,,,,,,,,,,0.36552929878234863,0.068067267537117,,0.8330462574958801,,4.291001319885254,,,,,,,,,,,,,
7,,,,27359,,,,,,,,,,,,0.36552929878234863,0.0876057967543602,,0.45004332065582275,,3.3185970783233643,,,,,,,,,,,,,
7,,,,27379,,,,,,,,,,,,0.36552929878234863,0.11373218148946762,,0.5391217470169067,,4.4054460525512695,,,,,,,,,,,,,
7,,,,27399,,,,,,,,,,,,0.36552929878234863,0.12226176261901855,,0.521375298500061,,4.405644416809082,,,,,,,,,,,,,
7,,,,27419,,,,,,,,,,,,0.36552929878234863,0.09566666185855865,,0.5092600584030151,,3.3466062545776367,,,,,,,,,,,,,
7,,,,27439,,,,,,,,,,,,0.36552929878234863,0.10481399297714233,,0.5482560396194458,,4.547252655029297,,,,,,,,,,,,,
7,,,,27459,,,,,,,,,,,,0.36552929878234863,0.10790883004665375,,0.5803406238555908,,4.718775749206543,,,,,,,,,,,,,
7,,,,27479,,,,,,,,,,,,0.36552929878234863,0.13981473445892334,,0.5792608857154846,,4.550281524658203,,,,,,,,,,,,,
7,,,,27499,,,,,,,,,,,,0.36552929878234863,0.12567144632339478,,0.8430057168006897,,4.487799644470215,,,,,,,,,,,,,
7,,,,27519,,,,,,,,,,,,0.36552929878234863,0.06632523238658905,,0.7930437326431274,,4.396247863769531,,,,,,,,,,,,,
7,,,,27539,,,,,,,,,,,,0.36552929878234863,0.09640951454639435,,0.40869125723838806,,3.2993836402893066,,,,,,,,,,,,,
7,,,,27559,,,,,,,,,,,,0.36552929878234863,0.08886507153511047,,0.7922266125679016,,4.354593276977539,,,,,,,,,,,,,
7,,,,27579,,,,,,,,,,,,0.36552929878234863,0.08105869591236115,,0.6410250663757324,,3.2400639057159424,,,,,,,,,,,,,
7,,,,27599,,,,,,,,,,,,0.36552929878234863,0.07366838306188583,,0.4179770052433014,,3.2265541553497314,,,,,,,,,,,,,
7,,,,27619,,,,,,,,,,,,0.36552929878234863,0.12234443426132202,,0.5341302156448364,,4.352991104125977,,,,,,,,,,,,,
7,,,,27639,,,,,,,,,,,,0.36552929878234863,0.045219868421554565,,0.992434024810791,,4.260733604431152,,,,,,,,,,,,,
7,,,,27659,,,,,,,,,,,,0.36552929878234863,0.13445211946964264,,0.5312868356704712,,4.466457366943359,,,,,,,,,,,,,
7,,,,27679,,,,,,,,,,,,0.36552929878234863,0.12165279686450958,,0.5469105839729309,,4.517446517944336,,,,,,,,,,,,,
7,,,,27699,,,,,,,,,,,,0.36552929878234863,0.05489722639322281,,0.7089524865150452,,3.3857431411743164,,,,,,,,,,,,,
7,,,,27719,,,,,,,,,,,,0.36552929878234863,0.08812162280082703,,0.4255935847759247,,3.296902894973755,,,,,,,,,,,,,
7,,,,27739,,,,,,,,,,,,0.36552929878234863,0.06484246253967285,,0.8478570580482483,,4.315825462341309,,,,,,,,,,,,,
7,,,,27759,,,,,,,,,,,,0.36552929878234863,0.13445943593978882,,0.5450577735900879,,4.4146528244018555,,,,,,,,,,,,,
7,,,,27779,,,,,,,,,,,,0.36552929878234863,0.09180214256048203,,0.7551028728485107,,4.364063739776611,,,,,,,,,,,,,
7,,,,27799,,,,,,,,,,,,0.36552929878234863,0.06682243198156357,,0.4656601548194885,,3.374579906463623,,,,,,,,,,,,,
7,,,,27819,,,,,,,,,,,,0.36552929878234863,0.07910265028476715,,0.4027760922908783,,3.3241419792175293,,,,,,,,,,,,,
7,,,,27839,,,,,,,,,,,,0.36552929878234863,0.07632491737604141,,0.6306833028793335,,3.3475394248962402,,,,,,,,,,,,,
7,,,,27855,,,,,,,,,,,,,,,,,,0.7217788696289062,0.8834797143936157,0.7058981657028198,0.703300952911377,0.49531683325767517,0.7007037401199341,0.6277421712875366,0.7270846366882324,0.6581751108169556,0.8119162321090698,0.8232973217964172,0.5094262957572937,0.7217788696289062
7,,,,27855,,,,,,,,,0.6080242395401001,0.08599241822957993,0.36552518606185913,,,0.6267475485801697,,3.869821548461914,,,,,,,,,,,,,,
,0.0002988172051971717,0.0002988172051971717,2.9881720519717167e-05,27856,,,,,,,,,,,,,,,,,,,,,,,,,,,,,,
8,,,,27859,,,,,,,,,,,,0.40878722071647644,0.06672663241624832,,0.5711177587509155,,3.3344027996063232,,,,,,,,,,,,,
8,,,,27879,,,,,,,,,,,,0.40878722071647644,0.06688736379146576,,0.5319296717643738,,3.328441619873047,,,,,,,,,,,,,
8,,,,27899,,,,,,,,,,,,0.40878722071647644,0.11542490124702454,,0.577914834022522,,4.404098033905029,,,,,,,,,,,,,
8,,,,27919,,,,,,,,,,,,0.40878722071647644,0.1436593234539032,,0.5686089396476746,,4.515353202819824,,,,,,,,,,,,,
8,,,,27939,,,,,,,,,,,,0.40878722071647644,0.09768934547901154,,0.38635489344596863,,3.0392651557922363,,,,,,,,,,,,,
8,,,,27959,,,,,,,,,,,,0.40878722071647644,0.06277187168598175,,0.3939482569694519,,3.112804412841797,,,,,,,,,,,,,
8,,,,27979,,,,,,,,,,,,0.40878722071647644,0.04024514555931091,,0.8642947673797607,,3.9081826210021973,,,,,,,,,,,,,
8,,,,27999,,,,,,,,,,,,0.40878722071647644,0.12283746153116226,,0.5203842520713806,,4.406343460083008,,,,,,,,,,,,,
8,,,,28019,,,,,,,,,,,,0.40878722071647644,0.04881728067994118,,0.8910769820213318,,4.3603363037109375,,,,,,,,,,,,,
8,,,,28039,,,,,,,,,,,,0.40878722071647644,0.11469819396734238,,0.5495900511741638,,4.393429279327393,,,,,,,,,,,,,
8,,,,28059,,,,,,,,,,,,0.40878722071647644,0.12456710636615753,,0.530458927154541,,4.403841495513916,,,,,,,,,,,,,
8,,,,28079,,,,,,,,,,,,0.40878722071647644,0.0959203839302063,,0.6805941462516785,,4.417909622192383,,,,,,,,,,,,,
8,,,,28099,,,,,,,,,,,,0.40878722071647644,0.04421644285321236,,1.0293024778366089,,4.045100212097168,,,,,,,,,,,,,
8,,,,28119,,,,,,,,,,,,0.40878722071647644,0.1152910590171814,,0.64000004529953,,4.31552791595459,,,,,,,,,,,,,
8,,,,28139,,,,,,,,,,,,0.40878722071647644,0.07341976463794708,,0.8189863562583923,,4.425703048706055,,,,,,,,,,,,,
8,,,,28159,,,,,,,,,,,,0.40878722071647644,0.05010763555765152,,0.6802850961685181,,3.2504940032958984,,,,,,,,,,,,,
8,,,,28179,,,,,,,,,,,,0.40878722071647644,0.08613565564155579,,0.5167004466056824,,3.1488544940948486,,,,,,,,,,,,,
8,,,,28199,,,,,,,,,,,,0.40878722071647644,0.04604388028383255,,1.0147122144699097,,4.346880912780762,,,,,,,,,,,,,
8,,,,28219,,,,,,,,,,,,0.40878722071647644,0.12542033195495605,,0.5334137082099915,,4.36440372467041,,,,,,,,,,,,,
8,,,,28239,,,,,,,,,,,,0.40878722071647644,0.0445762537419796,,0.9464057683944702,,3.8347651958465576,,,,,,,,,,,,,
8,,,,28259,,,,,,,,,,,,0.40878722071647644,0.08287326991558075,,0.45533308386802673,,3.4002726078033447,,,,,,,,,,,,,
8,,,,28279,,,,,,,,,,,,0.40878722071647644,0.07825502008199692,,0.4150509536266327,,3.3561348915100098,,,,,,,,,,,,,
8,,,,28299,,,,,,,,,,,,0.40878722071647644,0.0803399309515953,,0.7525431513786316,,4.554496765136719,,,,,,,,,,,,,
8,,,,28319,,,,,,,,,,,,0.40878722071647644,0.09931609779596329,,0.39286160469055176,,3.190270185470581,,,,,,,,,,,,,
8,,,,28339,,,,,,,,,,,,0.40878722071647644,0.10105647146701813,,0.654640257358551,,4.651882171630859,,,,,,,,,,,,,
8,,,,28359,,,,,,,,,,,,0.40878722071647644,0.10130106657743454,,0.5012121796607971,,3.3285388946533203,,,,,,,,,,,,,
8,,,,28379,,,,,,,,,,,,0.40878722071647644,0.04963994026184082,,0.6661156415939331,,3.3340630531311035,,,,,,,,,,,,,
8,,,,28399,,,,,,,,,,,,0.40878722071647644,0.05271732062101364,,0.9685730934143066,,4.302272319793701,,,,,,,,,,,,,
8,,,,28419,,,,,,,,,,,,0.40878722071647644,0.03853505104780197,,0.9685830473899841,,3.991461992263794,,,,,,,,,,,,,
8,,,,28439,,,,,,,,,,,,0.40878722071647644,0.03520098328590393,,0.8006128668785095,,3.4801864624023438,,,,,,,,,,,,,
8,,,,28459,,,,,,,,,,,,0.40878722071647644,0.05655885487794876,,0.9023427963256836,,4.304333686828613,,,,,,,,,,,,,
8,,,,28479,,,,,,,,,,,,0.40878722071647644,0.04220963642001152,,0.8132722973823547,,3.307685136795044,,,,,,,,,,,,,
8,,,,28499,,,,,,,,,,,,0.40878722071647644,0.06577325612306595,,0.6450952887535095,,3.228020668029785,,,,,,,,,,,,,
8,,,,28519,,,,,,,,,,,,0.40878722071647644,0.08446203917264938,,0.3983469605445862,,3.2558584213256836,,,,,,,,,,,,,
8,,,,28539,,,,,,,,,,,,0.40878722071647644,0.07172837853431702,,0.43738478422164917,,3.337948799133301,,,,,,,,,,,,,
8,,,,28559,,,,,,,,,,,,0.40878722071647644,0.12207017093896866,,0.6622455716133118,,4.35073709487915,,,,,,,,,,,,,
8,,,,28579,,,,,,,,,,,,0.40878722071647644,0.06613781303167343,,0.4448983073234558,,3.387467622756958,,,,,,,,,,,,,
8,,,,28599,,,,,,,,,,,,0.40878722071647644,0.0706251934170723,,0.41777941584587097,,3.3756837844848633,,,,,,,,,,,,,
8,,,,28619,,,,,,,,,,,,0.40878722071647644,0.03342711552977562,,0.8445110321044922,,3.5569958686828613,,,,,,,,,,,,,
8,,,,28639,,,,,,,,,,,,0.40878722071647644,0.06964865326881409,,0.39027661085128784,,3.236013174057007,,,,,,,,,,,,,
8,,,,28659,,,,,,,,,,,,0.40878722071647644,0.04068136587738991,,0.7964197993278503,,3.374939441680908,,,,,,,,,,,,,
8,,,,28679,,,,,,,,,,,,0.40878722071647644,0.10354716330766678,,0.5671859383583069,,4.502321720123291,,,,,,,,,,,,,
8,,,,28699,,,,,,,,,,,,0.40878722071647644,0.05004299432039261,,0.882330060005188,,4.048253059387207,,,,,,,,,,,,,
8,,,,28719,,,,,,,,,,,,0.40878722071647644,0.06130097806453705,,1.0381553173065186,,4.451996803283691,,,,,,,,,,,,,
8,,,,28739,,,,,,,,,,,,0.40878722071647644,0.13261713087558746,,0.5726451873779297,,4.420413017272949,,,,,,,,,,,,,
8,,,,28759,,,,,,,,,,,,0.40878722071647644,0.09591182321310043,,0.575692355632782,,4.50852108001709,,,,,,,,,,,,,
8,,,,28779,,,,,,,,,,,,0.40878722071647644,0.05987554043531418,,0.5885215401649475,,3.243114471435547,,,,,,,,,,,,,
8,,,,28799,,,,,,,,,,,,0.40878722071647644,0.06739302724599838,,0.40335485339164734,,3.330627918243408,,,,,,,,,,,,,
8,,,,28819,,,,,,,,,,,,0.40878722071647644,0.08613445609807968,,0.5634207725524902,,3.2505970001220703,,,,,,,,,,,,,
8,,,,28839,,,,,,,,,,,,0.40878722071647644,0.08126035332679749,,0.37130919098854065,,3.0730092525482178,,,,,,,,,,,,,
8,,,,28859,,,,,,,,,,,,0.40878722071647644,0.05722121521830559,,0.4121761918067932,,3.2547004222869873,,,,,,,,,,,,,
8,,,,28879,,,,,,,,,,,,0.40878722071647644,0.033831819891929626,,0.9435110092163086,,3.9419381618499756,,,,,,,,,,,,,
8,,,,28899,,,,,,,,,,,,0.40878722071647644,0.13859763741493225,,0.5288094282150269,,4.324398994445801,,,,,,,,,,,,,
8,,,,28919,,,,,,,,,,,,0.40878722071647644,0.11545731127262115,,0.5341451168060303,,4.448136329650879,,,,,,,,,,,,,
8,,,,28939,,,,,,,,,,,,0.40878722071647644,0.10009732842445374,,0.7313750386238098,,4.479760646820068,,,,,,,,,,,,,
8,,,,28959,,,,,,,,,,,,0.40878722071647644,0.11110889911651611,,0.6803492903709412,,4.494202613830566,,,,,,,,,,,,,
8,,,,28979,,,,,,,,,,,,0.40878722071647644,0.09179922938346863,,0.6216728687286377,,4.454999923706055,,,,,,,,,,,,,
8,,,,28999,,,,,,,,,,,,0.40878722071647644,0.06522195041179657,,0.6900607347488403,,3.4206011295318604,,,,,,,,,,,,,
8,,,,29019,,,,,,,,,,,,0.40878722071647644,0.07701711356639862,,0.39765840768814087,,3.381211280822754,,,,,,,,,,,,,
8,,,,29039,,,,,,,,,,,,0.40878722071647644,0.039662331342697144,,0.915171205997467,,3.74312162399292,,,,,,,,,,,,,
8,,,,29059,,,,,,,,,,,,0.40878722071647644,0.09473469108343124,,0.40442806482315063,,3.2843222618103027,,,,,,,,,,,,,
8,,,,29079,,,,,,,,,,,,0.40878722071647644,0.03761063516139984,,0.8950833082199097,,3.4722952842712402,,,,,,,,,,,,,
8,,,,29099,,,,,,,,,,,,0.40878722071647644,0.07922597229480743,,0.7566742897033691,,4.501216888427734,,,,,,,,,,,,,
8,,,,29119,,,,,,,,,,,,0.40878722071647644,0.05146818980574608,,0.7037531733512878,,3.3751330375671387,,,,,,,,,,,,,
8,,,,29139,,,,,,,,,,,,0.40878722071647644,0.10678685456514359,,0.7087967395782471,,4.4286298751831055,,,,,,,,,,,,,
8,,,,29159,,,,,,,,,,,,0.40878722071647644,0.0948610007762909,,0.4310902953147888,,3.333263874053955,,,,,,,,,,,,,
8,,,,29179,,,,,,,,,,,,0.40878722071647644,0.09226295351982117,,0.557629406452179,,3.3823306560516357,,,,,,,,,,,,,
8,,,,29199,,,,,,,,,,,,0.40878722071647644,0.09470471739768982,,0.8947526216506958,,4.352102279663086,,,,,,,,,,,,,
8,,,,29219,,,,,,,,,,,,0.40878722071647644,0.08989176899194717,,0.44682013988494873,,3.2358295917510986,,,,,,,,,,,,,
8,,,,29239,,,,,,,,,,,,0.40878722071647644,0.044721707701683044,,1.0227575302124023,,4.326454162597656,,,,,,,,,,,,,
8,,,,29259,,,,,,,,,,,,0.40878722071647644,0.11559303849935532,,0.5872401595115662,,4.507551193237305,,,,,,,,,,,,,
8,,,,29279,,,,,,,,,,,,0.40878722071647644,0.0639512836933136,,0.8525869846343994,,4.384979248046875,,,,,,,,,,,,,
8,,,,29299,,,,,,,,,,,,0.40878722071647644,0.12594833970069885,,0.5327580571174622,,4.480964660644531,,,,,,,,,,,,,
8,,,,29319,,,,,,,,,,,,0.40878722071647644,0.12712889909744263,,0.5493441820144653,,4.617298126220703,,,,,,,,,,,,,
8,,,,29339,,,,,,,,,,,,0.40878722071647644,0.10470709204673767,,0.55162113904953,,4.426239013671875,,,,,,,,,,,,,
8,,,,29359,,,,,,,,,,,,0.40878722071647644,0.07755906879901886,,0.4223712086677551,,3.2282495498657227,,,,,,,,,,,,,
8,,,,29379,,,,,,,,,,,,0.40878722071647644,0.06660202145576477,,0.638681173324585,,3.201749324798584,,,,,,,,,,,,,
8,,,,29399,,,,,,,,,,,,0.40878722071647644,0.07403623312711716,,0.4621552526950836,,3.2151169776916504,,,,,,,,,,,,,
8,,,,29419,,,,,,,,,,,,0.40878722071647644,0.12305837869644165,,0.5752488970756531,,4.442605972290039,,,,,,,,,,,,,
8,,,,29439,,,,,,,,,,,,0.40878722071647644,0.08361552655696869,,0.4033880829811096,,3.2078170776367188,,,,,,,,,,,,,
8,,,,29459,,,,,,,,,,,,0.40878722071647644,0.05318598449230194,,0.8256759643554688,,4.41571044921875,,,,,,,,,,,,,
8,,,,29479,,,,,,,,,,,,0.40878722071647644,0.03998031094670296,,0.949909508228302,,4.038326263427734,,,,,,,,,,,,,
8,,,,29499,,,,,,,,,,,,0.40878722071647644,0.056158993393182755,,0.6429483890533447,,3.264218807220459,,,,,,,,,,,,,
8,,,,29519,,,,,,,,,,,,0.40878722071647644,0.10853362828493118,,0.6248324513435364,,4.535236358642578,,,,,,,,,,,,,
8,,,,29539,,,,,,,,,,,,0.40878722071647644,0.07187470048666,,0.4005880355834961,,3.1591806411743164,,,,,,,,,,,,,
8,,,,29559,,,,,,,,,,,,0.40878722071647644,0.04283148795366287,,0.7469661235809326,,3.3269457817077637,,,,,,,,,,,,,
8,,,,29579,,,,,,,,,,,,0.40878722071647644,0.10087190568447113,,0.5393744111061096,,4.496938228607178,,,,,,,,,,,,,
8,,,,29599,,,,,,,,,,,,0.40878722071647644,0.08215684443712234,,0.4186880588531494,,3.2065482139587402,,,,,,,,,,,,,
8,,,,29619,,,,,,,,,,,,0.40878722071647644,0.09513578563928604,,0.711763322353363,,4.438236236572266,,,,,,,,,,,,,
8,,,,29639,,,,,,,,,,,,0.40878722071647644,0.11342126876115799,,0.5901951789855957,,4.27315092086792,,,,,,,,,,,,,
8,,,,29659,,,,,,,,,,,,0.40878722071647644,0.038217607885599136,,0.7474746704101562,,3.5064210891723633,,,,,,,,,,,,,
8,,,,29679,,,,,,,,,,,,0.40878722071647644,0.05986794829368591,,0.727739691734314,,3.3751556873321533,,,,,,,,,,,,,
8,,,,29699,,,,,,,,,,,,0.40878722071647644,0.03322511911392212,,0.8533334732055664,,3.63023042678833,,,,,,,,,,,,,
8,,,,29719,,,,,,,,,,,,0.40878722071647644,0.11800359934568405,,0.528300940990448,,4.430375576019287,,,,,,,,,,,,,
8,,,,29739,,,,,,,,,,,,0.40878722071647644,0.06687796860933304,,0.8838480710983276,,4.367414474487305,,,,,,,,,,,,,
8,,,,29759,,,,,,,,,,,,0.40878722071647644,0.03627344220876694,,1.0573290586471558,,3.584733009338379,,,,,,,,,,,,,
8,,,,29779,,,,,,,,,,,,0.40878722071647644,0.09788792580366135,,0.7496613264083862,,4.461248874664307,,,,,,,,,,,,,
8,,,,29799,,,,,,,,,,,,0.40878722071647644,0.07251700758934021,,0.5265073776245117,,3.300976276397705,,,,,,,,,,,,,
8,,,,29819,,,,,,,,,,,,0.40878722071647644,0.09298844635486603,,0.7022137641906738,,4.399299621582031,,,,,,,,,,,,,
8,,,,29839,,,,,,,,,,,,0.40878722071647644,0.0309649296104908,,1.0360251665115356,,3.771441698074341,,,,,,,,,,,,,
8,,,,29859,,,,,,,,,,,,0.40878722071647644,0.042015787214040756,,0.9318380355834961,,3.7942259311676025,,,,,,,,,,,,,
8,,,,29879,,,,,,,,,,,,0.40878722071647644,0.0655103549361229,,0.9673671722412109,,4.352708339691162,,,,,,,,,,,,,
8,,,,29899,,,,,,,,,,,,0.40878722071647644,0.0453888401389122,,0.6654394865036011,,3.3123714923858643,,,,,,,,,,,,,
8,,,,29919,,,,,,,,,,,,0.40878722071647644,0.11508333683013916,,0.5889126658439636,,4.321446418762207,,,,,,,,,,,,,
8,,,,29939,,,,,,,,,,,,0.40878722071647644,0.07852660119533539,,0.4305407404899597,,3.3646774291992188,,,,,,,,,,,,,
8,,,,29959,,,,,,,,,,,,0.40878722071647644,0.09385499358177185,,0.8676737546920776,,4.44317102432251,,,,,,,,,,,,,
8,,,,29979,,,,,,,,,,,,0.40878722071647644,0.10939677804708481,,0.7145145535469055,,4.469042778015137,,,,,,,,,,,,,
8,,,,29999,,,,,,,,,,,,0.40878722071647644,0.06216759234666824,,0.4061402976512909,,3.2535595893859863,,,,,,,,,,,,,
8,,,,30019,,,,,,,,,,,,0.40878722071647644,0.08531665802001953,,0.4268946051597595,,3.2614803314208984,,,,,,,,,,,,,
8,,,,30039,,,,,,,,,,,,0.40878722071647644,0.05743887275457382,,0.5843888521194458,,3.2335617542266846,,,,,,,,,,,,,
8,,,,30059,,,,,,,,,,,,0.40878722071647644,0.13832664489746094,,0.5447092652320862,,4.401383399963379,,,,,,,,,,,,,
8,,,,30079,,,,,,,,,,,,0.40878722071647644,0.12072154134511948,,0.5234639048576355,,4.342325210571289,,,,,,,,,,,,,
8,,,,30099,,,,,,,,,,,,0.40878722071647644,0.05096781253814697,,0.7041165232658386,,3.411993980407715,,,,,,,,,,,,,
8,,,,30119,,,,,,,,,,,,0.40878722071647644,0.046470850706100464,,0.7620421648025513,,3.493844509124756,,,,,,,,,,,,,
8,,,,30139,,,,,,,,,,,,0.40878722071647644,0.03185172379016876,,0.9338789582252502,,3.839478015899658,,,,,,,,,,,,,
8,,,,30159,,,,,,,,,,,,0.40878722071647644,0.04139668121933937,,0.896090567111969,,4.095890045166016,,,,,,,,,,,,,
8,,,,30179,,,,,,,,,,,,0.40878722071647644,0.04464472830295563,,0.6585871577262878,,3.2444138526916504,,,,,,,,,,,,,
8,,,,30199,,,,,,,,,,,,0.40878722071647644,0.09316809475421906,,0.42480194568634033,,3.3577141761779785,,,,,,,,,,,,,
8,,,,30219,,,,,,,,,,,,0.40878722071647644,0.0671476274728775,,0.8875346779823303,,4.4840240478515625,,,,,,,,,,,,,
8,,,,30239,,,,,,,,,,,,0.40878722071647644,0.13212326169013977,,0.5930125713348389,,4.51036262512207,,,,,,,,,,,,,
8,,,,30259,,,,,,,,,,,,0.40878722071647644,0.11453105509281158,,0.5519375801086426,,4.441883087158203,,,,,,,,,,,,,
8,,,,30279,,,,,,,,,,,,0.40878722071647644,0.09319333732128143,,0.44072625041007996,,3.392353057861328,,,,,,,,,,,,,
8,,,,30299,,,,,,,,,,,,0.40878722071647644,0.10547929257154465,,0.7830449342727661,,4.41438102722168,,,,,,,,,,,,,
8,,,,30319,,,,,,,,,,,,0.40878722071647644,0.10774852335453033,,0.5320914387702942,,4.444205284118652,,,,,,,,,,,,,
8,,,,30339,,,,,,,,,,,,0.40878722071647644,0.11432376503944397,,0.6329764127731323,,4.367508888244629,,,,,,,,,,,,,
8,,,,30359,,,,,,,,,,,,0.40878722071647644,0.06375445425510406,,0.3966650068759918,,3.2775893211364746,,,,,,,,,,,,,
8,,,,30379,,,,,,,,,,,,0.40878722071647644,0.10566237568855286,,0.623294472694397,,4.535433292388916,,,,,,,,,,,,,
8,,,,30399,,,,,,,,,,,,0.40878722071647644,0.06612935662269592,,0.4082833528518677,,3.2286176681518555,,,,,,,,,,,,,
8,,,,30419,,,,,,,,,,,,0.40878722071647644,0.10285491496324539,,0.5867443680763245,,4.422047138214111,,,,,,,,,,,,,
8,,,,30439,,,,,,,,,,,,0.40878722071647644,0.0739782303571701,,0.40927398204803467,,3.4369125366210938,,,,,,,,,,,,,
8,,,,30459,,,,,,,,,,,,0.40878722071647644,0.049278128892183304,,0.8557091951370239,,4.213205337524414,,,,,,,,,,,,,
8,,,,30479,,,,,,,,,,,,0.40878722071647644,0.06581142544746399,,0.5708070397377014,,3.377349615097046,,,,,,,,,,,,,
8,,,,30499,,,,,,,,,,,,0.40878722071647644,0.07743746787309647,,0.46731942892074585,,3.1226162910461426,,,,,,,,,,,,,
8,,,,30519,,,,,,,,,,,,0.40878722071647644,0.07362522184848785,,0.5845553278923035,,3.27224063873291,,,,,,,,,,,,,
8,,,,30539,,,,,,,,,,,,0.40878722071647644,0.03895190730690956,,0.9516733288764954,,3.6755423545837402,,,,,,,,,,,,,
8,,,,30559,,,,,,,,,,,,0.40878722071647644,0.037846483290195465,,0.9583776593208313,,4.206508159637451,,,,,,,,,,,,,
8,,,,30579,,,,,,,,,,,,0.40878722071647644,0.07409912347793579,,0.886808454990387,,4.386064529418945,,,,,,,,,,,,,
8,,,,30599,,,,,,,,,,,,0.40878722071647644,0.11224821209907532,,0.5300657153129578,,4.406392574310303,,,,,,,,,,,,,
8,,,,30619,,,,,,,,,,,,0.40878722071647644,0.08688245713710785,,0.47805821895599365,,3.1803126335144043,,,,,,,,,,,,,
8,,,,30639,,,,,,,,,,,,0.40878722071647644,0.10478058457374573,,0.5439451336860657,,4.469561576843262,,,,,,,,,,,,,
8,,,,30659,,,,,,,,,,,,0.40878722071647644,0.10974694043397903,,0.5258342623710632,,4.448202133178711,,,,,,,,,,,,,
8,,,,30679,,,,,,,,,,,,0.40878722071647644,0.06547896564006805,,0.7703059315681458,,4.497226715087891,,,,,,,,,,,,,
8,,,,30699,,,,,,,,,,,,0.40878722071647644,0.04016585648059845,,1.0260132551193237,,4.153438091278076,,,,,,,,,,,,,
8,,,,30719,,,,,,,,,,,,0.40878722071647644,0.08865159004926682,,0.5590277314186096,,4.518255233764648,,,,,,,,,,,,,
8,,,,30739,,,,,,,,,,,,0.40878722071647644,0.054737456142902374,,0.3865925371646881,,3.091736078262329,,,,,,,,,,,,,
8,,,,30759,,,,,,,,,,,,0.40878722071647644,0.034204211086034775,,0.900689423084259,,3.7136788368225098,,,,,,,,,,,,,
8,,,,30779,,,,,,,,,,,,0.40878722071647644,0.11507643759250641,,0.6201328039169312,,4.396976947784424,,,,,,,,,,,,,
8,,,,30799,,,,,,,,,,,,0.40878722071647644,0.0914355218410492,,0.4266889691352844,,3.3039188385009766,,,,,,,,,,,,,
8,,,,30819,,,,,,,,,,,,0.40878722071647644,0.036033764481544495,,0.9277781248092651,,4.251253604888916,,,,,,,,,,,,,
8,,,,30839,,,,,,,,,,,,0.40878722071647644,0.04136122390627861,,1.082924246788025,,4.179083347320557,,,,,,,,,,,,,
8,,,,30859,,,,,,,,,,,,0.40878722071647644,0.09594786912202835,,0.6432842016220093,,4.367346286773682,,,,,,,,,,,,,
8,,,,30879,,,,,,,,,,,,0.40878722071647644,0.0390668548643589,,0.7775959372520447,,3.4531147480010986,,,,,,,,,,,,,
8,,,,30899,,,,,,,,,,,,0.40878722071647644,0.07522374391555786,,0.47926193475723267,,3.2339868545532227,,,,,,,,,,,,,
8,,,,30919,,,,,,,,,,,,0.40878722071647644,0.061788611114025116,,0.4875609278678894,,3.25881290435791,,,,,,,,,,,,,
8,,,,30939,,,,,,,,,,,,0.40878722071647644,0.08430887758731842,,0.39710038900375366,,3.121408224105835,,,,,,,,,,,,,
8,,,,30959,,,,,,,,,,,,0.40878722071647644,0.1280072033405304,,0.698396623134613,,4.489126682281494,,,,,,,,,,,,,
8,,,,30979,,,,,,,,,,,,0.40878722071647644,0.08491136133670807,,0.7896229028701782,,4.559940338134766,,,,,,,,,,,,,
8,,,,30999,,,,,,,,,,,,0.40878722071647644,0.11133810877799988,,0.5505528450012207,,4.65208101272583,,,,,,,,,,,,,
8,,,,31019,,,,,,,,,,,,0.40878722071647644,0.12438513338565826,,0.5369967818260193,,4.450564384460449,,,,,,,,,,,,,
8,,,,31039,,,,,,,,,,,,0.40878722071647644,0.08796148747205734,,0.5326011776924133,,4.342226505279541,,,,,,,,,,,,,
8,,,,31059,,,,,,,,,,,,0.40878722071647644,0.04403439536690712,,1.0133939981460571,,4.157597541809082,,,,,,,,,,,,,
8,,,,31079,,,,,,,,,,,,0.40878722071647644,0.048280466347932816,,0.5880861282348633,,3.247407913208008,,,,,,,,,,,,,
8,,,,31099,,,,,,,,,,,,0.40878722071647644,0.11755552887916565,,0.5682543516159058,,4.436738967895508,,,,,,,,,,,,,
8,,,,31119,,,,,,,,,,,,0.40878722071647644,0.03171361982822418,,0.7697756290435791,,3.3915205001831055,,,,,,,,,,,,,
8,,,,31139,,,,,,,,,,,,0.40878722071647644,0.0689912885427475,,0.8313359022140503,,4.461503028869629,,,,,,,,,,,,,
8,,,,31159,,,,,,,,,,,,0.40878722071647644,0.072550468146801,,0.8687669634819031,,4.34013032913208,,,,,,,,,,,,,
8,,,,31179,,,,,,,,,,,,0.40878722071647644,0.07584375143051147,,0.4290098547935486,,3.371263027191162,,,,,,,,,,,,,
8,,,,31199,,,,,,,,,,,,0.40878722071647644,0.0864296406507492,,0.42652037739753723,,3.359729051589966,,,,,,,,,,,,,
8,,,,31219,,,,,,,,,,,,0.40878722071647644,0.08353149890899658,,0.9059247970581055,,4.454031467437744,,,,,,,,,,,,,
8,,,,31239,,,,,,,,,,,,0.40878722071647644,0.07418646663427353,,0.38175168633461,,3.2361302375793457,,,,,,,,,,,,,
8,,,,31259,,,,,,,,,,,,0.40878722071647644,0.10542823374271393,,0.5395206809043884,,4.412257194519043,,,,,,,,,,,,,
8,,,,31279,,,,,,,,,,,,0.40878722071647644,0.05277078226208687,,0.6397407650947571,,3.4100639820098877,,,,,,,,,,,,,
8,,,,31299,,,,,,,,,,,,0.40878722071647644,0.048125579953193665,,0.6635069847106934,,3.3173346519470215,,,,,,,,,,,,,
8,,,,31319,,,,,,,,,,,,0.40878722071647644,0.06509903073310852,,0.4274066090583801,,3.264791965484619,,,,,,,,,,,,,
8,,,,31337,,,,,,,,,,,,,,,,,,0.7040800452232361,0.8652259707450867,0.6935992240905762,0.6919890642166138,0.5453202724456787,0.6903789639472961,0.6261950731277466,0.7279319167137146,0.7419217824935913,0.7695099711418152,0.8035087585449219,0.4465753436088562,0.7040800452232361
8,,,,31337,,,,,,,,,0.6064257621765137,0.07994147390127182,0.40880298614501953,,,0.6296689510345459,,3.870370388031006,,,,,,,,,,,,,,
,0.0002978994055605757,0.0002978994055605757,2.978994055605757e-05,31338,,,,,,,,,,,,,,,,,,,,,,,,,,,,,,
9,,,,31339,,,,,,,,,,,,0.44039851427078247,0.08814385533332825,,0.3866342008113861,,3.17472767829895,,,,,,,,,,,,,
9,,,,31359,,,,,,,,,,,,0.44039851427078247,0.07551219314336777,,0.3920166492462158,,3.2739243507385254,,,,,,,,,,,,,
9,,,,31379,,,,,,,,,,,,0.44039851427078247,0.04208200424909592,,0.8185067176818848,,3.4298949241638184,,,,,,,,,,,,,
9,,,,31399,,,,,,,,,,,,0.44039851427078247,0.07688756287097931,,0.4129033386707306,,3.3703083992004395,,,,,,,,,,,,,
9,,,,31419,,,,,,,,,,,,0.44039851427078247,0.11997587978839874,,0.5212498307228088,,4.34901237487793,,,,,,,,,,,,,
9,,,,31439,,,,,,,,,,,,0.44039851427078247,0.05350227653980255,,0.46160000562667847,,3.437150001525879,,,,,,,,,,,,,
9,,,,31459,,,,,,,,,,,,0.44039851427078247,0.03526608645915985,,0.7797102332115173,,3.4785242080688477,,,,,,,,,,,,,
9,,,,31479,,,,,,,,,,,,0.44039851427078247,0.027704056352376938,,0.8409194946289062,,3.398003578186035,,,,,,,,,,,,,
9,,,,31499,,,,,,,,,,,,0.44039851427078247,0.12031504511833191,,0.5668929815292358,,4.462377071380615,,,,,,,,,,,,,
9,,,,31519,,,,,,,,,,,,0.44039851427078247,0.13894835114479065,,0.5334593653678894,,4.416484832763672,,,,,,,,,,,,,
9,,,,31539,,,,,,,,,,,,0.44039851427078247,0.11460737884044647,,0.6104041337966919,,4.437422752380371,,,,,,,,,,,,,
9,,,,31559,,,,,,,,,,,,0.44039851427078247,0.03432951495051384,,0.8087028861045837,,3.441293716430664,,,,,,,,,,,,,
9,,,,31579,,,,,,,,,,,,0.44039851427078247,0.05185746029019356,,0.8766001462936401,,4.370937347412109,,,,,,,,,,,,,
9,,,,31599,,,,,,,,,,,,0.44039851427078247,0.05399017781019211,,0.42277881503105164,,3.320791006088257,,,,,,,,,,,,,
9,,,,31619,,,,,,,,,,,,0.44039851427078247,0.06576753407716751,,0.5282651782035828,,3.293869733810425,,,,,,,,,,,,,
9,,,,31639,,,,,,,,,,,,0.44039851427078247,0.07007702440023422,,0.40024903416633606,,3.1934783458709717,,,,,,,,,,,,,
9,,,,31659,,,,,,,,,,,,0.44039851427078247,0.12237007170915604,,0.5314445495605469,,4.356959819793701,,,,,,,,,,,,,
9,,,,31679,,,,,,,,,,,,0.44039851427078247,0.07608948647975922,,0.4983879029750824,,3.371401309967041,,,,,,,,,,,,,
9,,,,31699,,,,,,,,,,,,0.44039851427078247,0.06419474631547928,,0.7261032462120056,,3.281981945037842,,,,,,,,,,,,,
9,,,,31719,,,,,,,,,,,,0.44039851427078247,0.0632706880569458,,0.44324991106987,,3.265479564666748,,,,,,,,,,,,,
9,,,,31739,,,,,,,,,,,,0.44039851427078247,0.05972279608249664,,0.41097211837768555,,3.2593436241149902,,,,,,,,,,,,,
9,,,,31759,,,,,,,,,,,,0.44039851427078247,0.09710730612277985,,0.6007404327392578,,4.347195625305176,,,,,,,,,,,,,
9,,,,31779,,,,,,,,,,,,0.44039851427078247,0.08039666712284088,,0.41712749004364014,,3.3944733142852783,,,,,,,,,,,,,
9,,,,31799,,,,,,,,,,,,0.44039851427078247,0.03316721320152283,,0.8290915489196777,,3.4556989669799805,,,,,,,,,,,,,
9,,,,31819,,,,,,,,,,,,0.44039851427078247,0.1059722825884819,,0.5434651970863342,,4.472092628479004,,,,,,,,,,,,,
9,,,,31839,,,,,,,,,,,,0.44039851427078247,0.047367967665195465,,0.9224894046783447,,4.328042984008789,,,,,,,,,,,,,
9,,,,31859,,,,,,,,,,,,0.44039851427078247,0.08706241846084595,,0.40914222598075867,,3.3081254959106445,,,,,,,,,,,,,
9,,,,31879,,,,,,,,,,,,0.44039851427078247,0.055692777037620544,,0.9131597876548767,,4.338885307312012,,,,,,,,,,,,,
9,,,,31899,,,,,,,,,,,,0.44039851427078247,0.10091517865657806,,0.602053701877594,,4.414340972900391,,,,,,,,,,,,,
9,,,,31919,,,,,,,,,,,,0.44039851427078247,0.05546252802014351,,0.6227602958679199,,3.2739548683166504,,,,,,,,,,,,,
9,,,,31939,,,,,,,,,,,,0.44039851427078247,0.1069260835647583,,0.5485756397247314,,4.445805549621582,,,,,,,,,,,,,
9,,,,31959,,,,,,,,,,,,0.44039851427078247,0.05512620508670807,,0.482683926820755,,3.1284589767456055,,,,,,,,,,,,,
9,,,,31979,,,,,,,,,,,,0.44039851427078247,0.028881067410111427,,0.9974350333213806,,4.054043769836426,,,,,,,,,,,,,
9,,,,31999,,,,,,,,,,,,0.44039851427078247,0.07430695742368698,,0.40930989384651184,,3.3237764835357666,,,,,,,,,,,,,
9,,,,32019,,,,,,,,,,,,0.44039851427078247,0.1051601767539978,,0.5295633673667908,,4.437953948974609,,,,,,,,,,,,,
9,,,,32039,,,,,,,,,,,,0.44039851427078247,0.03457534685730934,,0.920114278793335,,3.584527015686035,,,,,,,,,,,,,
9,,,,32059,,,,,,,,,,,,0.44039851427078247,0.02979090064764023,,0.8493353724479675,,3.8409180641174316,,,,,,,,,,,,,
9,,,,32079,,,,,,,,,,,,0.44039851427078247,0.1259893923997879,,0.5301224589347839,,4.449386119842529,,,,,,,,,,,,,
9,,,,32099,,,,,,,,,,,,0.44039851427078247,0.049914583563804626,,0.7781140804290771,,4.280930042266846,,,,,,,,,,,,,
9,,,,32119,,,,,,,,,,,,0.44039851427078247,0.05830232799053192,,0.6703586578369141,,3.4272916316986084,,,,,,,,,,,,,
9,,,,32139,,,,,,,,,,,,0.44039851427078247,0.09768401086330414,,0.7658854722976685,,4.380306243896484,,,,,,,,,,,,,
9,,,,32159,,,,,,,,,,,,0.44039851427078247,0.1252133995294571,,0.5278422832489014,,4.389760971069336,,,,,,,,,,,,,
9,,,,32179,,,,,,,,,,,,0.44039851427078247,0.06900595128536224,,0.6088845133781433,,3.2711710929870605,,,,,,,,,,,,,
9,,,,32199,,,,,,,,,,,,0.44039851427078247,0.03387011960148811,,1.0656713247299194,,4.174983978271484,,,,,,,,,,,,,
9,,,,32219,,,,,,,,,,,,0.44039851427078247,0.02666633203625679,,0.8893489837646484,,3.7243289947509766,,,,,,,,,,,,,
9,,,,32239,,,,,,,,,,,,0.44039851427078247,0.12535738945007324,,0.6671783328056335,,4.5274481773376465,,,,,,,,,,,,,
9,,,,32259,,,,,,,,,,,,0.44039851427078247,0.11475422233343124,,0.5447496771812439,,4.371373176574707,,,,,,,,,,,,,
9,,,,32279,,,,,,,,,,,,0.44039851427078247,0.025430181995034218,,0.8743095397949219,,3.6441760063171387,,,,,,,,,,,,,
9,,,,32299,,,,,,,,,,,,0.44039851427078247,0.06958673894405365,,0.8868545889854431,,4.316635608673096,,,,,,,,,,,,,
9,,,,32319,,,,,,,,,,,,0.44039851427078247,0.0975688174366951,,0.420066773891449,,3.3479385375976562,,,,,,,,,,,,,
9,,,,32339,,,,,,,,,,,,0.44039851427078247,0.10109923034906387,,0.6033013463020325,,4.348704814910889,,,,,,,,,,,,,
9,,,,32359,,,,,,,,,,,,0.44039851427078247,0.11160045862197876,,0.5481905937194824,,4.391355037689209,,,,,,,,,,,,,
9,,,,32379,,,,,,,,,,,,0.44039851427078247,0.04906802996993065,,1.0162663459777832,,4.30515193939209,,,,,,,,,,,,,
9,,,,32399,,,,,,,,,,,,0.44039851427078247,0.021573366597294807,,0.9000499248504639,,3.587413787841797,,,,,,,,,,,,,
9,,,,32419,,,,,,,,,,,,0.44039851427078247,0.06546345353126526,,0.8599008917808533,,4.539303779602051,,,,,,,,,,,,,
9,,,,32439,,,,,,,,,,,,0.44039851427078247,0.047546375542879105,,0.5759378671646118,,3.1294684410095215,,,,,,,,,,,,,
9,,,,32459,,,,,,,,,,,,0.44039851427078247,0.11519631743431091,,0.5410902500152588,,4.471598148345947,,,,,,,,,,,,,
9,,,,32479,,,,,,,,,,,,0.44039851427078247,0.03930740803480148,,0.7215954065322876,,3.200946807861328,,,,,,,,,,,,,
9,,,,32499,,,,,,,,,,,,0.44039851427078247,0.11041156947612762,,0.5204885005950928,,4.427905082702637,,,,,,,,,,,,,
9,,,,32519,,,,,,,,,,,,0.44039851427078247,0.07131822407245636,,0.45723044872283936,,3.187059164047241,,,,,,,,,,,,,
9,,,,32539,,,,,,,,,,,,0.44039851427078247,0.05955880135297775,,0.5711058378219604,,3.3125009536743164,,,,,,,,,,,,,
9,,,,32559,,,,,,,,,,,,0.44039851427078247,0.10111062228679657,,0.6593520641326904,,4.40937614440918,,,,,,,,,,,,,
9,,,,32579,,,,,,,,,,,,0.44039851427078247,0.07527963072061539,,0.9509570002555847,,4.468564033508301,,,,,,,,,,,,,
9,,,,32599,,,,,,,,,,,,0.44039851427078247,0.031175242736935616,,0.943972647190094,,4.019434928894043,,,,,,,,,,,,,
9,,,,32619,,,,,,,,,,,,0.44039851427078247,0.08034810423851013,,0.7437317967414856,,4.433698654174805,,,,,,,,,,,,,
9,,,,32639,,,,,,,,,,,,0.44039851427078247,0.029551228508353233,,0.9332799911499023,,3.8979392051696777,,,,,,,,,,,,,
9,,,,32659,,,,,,,,,,,,0.44039851427078247,0.09926603734493256,,0.5646968483924866,,4.383228302001953,,,,,,,,,,,,,
9,,,,32679,,,,,,,,,,,,0.44039851427078247,0.04272192716598511,,1.2255032062530518,,4.165761947631836,,,,,,,,,,,,,
9,,,,32699,,,,,,,,,,,,0.44039851427078247,0.08067460358142853,,0.4013354182243347,,3.2080743312835693,,,,,,,,,,,,,
9,,,,32719,,,,,,,,,,,,0.44039851427078247,0.06353982537984848,,0.8117467164993286,,4.600320339202881,,,,,,,,,,,,,
9,,,,32739,,,,,,,,,,,,0.44039851427078247,0.05679105967283249,,0.4378061890602112,,3.2554140090942383,,,,,,,,,,,,,
9,,,,32759,,,,,,,,,,,,0.44039851427078247,0.0746518224477768,,0.4405187666416168,,3.3334414958953857,,,,,,,,,,,,,
9,,,,32779,,,,,,,,,,,,0.44039851427078247,0.07691894471645355,,0.634600818157196,,4.287726402282715,,,,,,,,,,,,,
9,,,,32799,,,,,,,,,,,,0.44039851427078247,0.06680262088775635,,0.4596240520477295,,3.5615689754486084,,,,,,,,,,,,,
9,,,,32819,,,,,,,,,,,,0.44039851427078247,0.0743817687034607,,0.47804123163223267,,3.478193998336792,,,,,,,,,,,,,
9,,,,32839,,,,,,,,,,,,0.44039851427078247,0.11487574875354767,,0.523432731628418,,4.406669616699219,,,,,,,,,,,,,
9,,,,32859,,,,,,,,,,,,0.44039851427078247,0.05397595465183258,,0.5526262521743774,,3.254054546356201,,,,,,,,,,,,,
9,,,,32879,,,,,,,,,,,,0.44039851427078247,0.11904305219650269,,0.5625274181365967,,4.398514747619629,,,,,,,,,,,,,
9,,,,32899,,,,,,,,,,,,0.44039851427078247,0.09340056031942368,,0.567130982875824,,4.360473155975342,,,,,,,,,,,,,
9,,,,32919,,,,,,,,,,,,0.44039851427078247,0.03409680724143982,,0.6852359771728516,,3.447101593017578,,,,,,,,,,,,,
9,,,,32939,,,,,,,,,,,,0.44039851427078247,0.06308276206254959,,0.4063195586204529,,3.418623924255371,,,,,,,,,,,,,
9,,,,32959,,,,,,,,,,,,0.44039851427078247,0.11806732416152954,,0.5174827575683594,,4.323897838592529,,,,,,,,,,,,,
9,,,,32979,,,,,,,,,,,,0.44039851427078247,0.05082155019044876,,0.9916328191757202,,4.279110908508301,,,,,,,,,,,,,
9,,,,32999,,,,,,,,,,,,0.44039851427078247,0.05857015401124954,,0.3993768095970154,,3.2858808040618896,,,,,,,,,,,,,
9,,,,33019,,,,,,,,,,,,0.44039851427078247,0.08261171728372574,,0.3931981921195984,,3.2283377647399902,,,,,,,,,,,,,
9,,,,33039,,,,,,,,,,,,0.44039851427078247,0.04858466982841492,,0.9160606861114502,,4.289314270019531,,,,,,,,,,,,,
9,,,,33059,,,,,,,,,,,,0.44039851427078247,0.068672776222229,,0.414571076631546,,3.3211917877197266,,,,,,,,,,,,,
9,,,,33079,,,,,,,,,,,,0.44039851427078247,0.03433198109269142,,1.0286355018615723,,3.956886053085327,,,,,,,,,,,,,
9,,,,33099,,,,,,,,,,,,0.44039851427078247,0.035454440861940384,,0.9374114274978638,,3.6023049354553223,,,,,,,,,,,,,
9,,,,33119,,,,,,,,,,,,0.44039851427078247,0.10959218442440033,,0.6060118675231934,,4.396050453186035,,,,,,,,,,,,,
9,,,,33139,,,,,,,,,,,,0.44039851427078247,0.10773385316133499,,0.519044816493988,,4.311478614807129,,,,,,,,,,,,,
9,,,,33159,,,,,,,,,,,,0.44039851427078247,0.06818675994873047,,0.7702058553695679,,4.309167861938477,,,,,,,,,,,,,
9,,,,33179,,,,,,,,,,,,0.44039851427078247,0.10970291495323181,,0.5747179985046387,,4.372857570648193,,,,,,,,,,,,,
9,,,,33199,,,,,,,,,,,,0.44039851427078247,0.11477518081665039,,0.5300188064575195,,4.380697250366211,,,,,,,,,,,,,
9,,,,33219,,,,,,,,,,,,0.44039851427078247,0.11132851243019104,,0.5101637840270996,,4.296591281890869,,,,,,,,,,,,,
9,,,,33239,,,,,,,,,,,,0.44039851427078247,0.029842769727110863,,0.9040790796279907,,3.768383741378784,,,,,,,,,,,,,
9,,,,33259,,,,,,,,,,,,0.44039851427078247,0.03155307099223137,,0.9224374890327454,,4.0642619132995605,,,,,,,,,,,,,
9,,,,33279,,,,,,,,,,,,0.44039851427078247,0.09005319327116013,,0.5963212251663208,,4.397960186004639,,,,,,,,,,,,,
9,,,,33299,,,,,,,,,,,,0.44039851427078247,0.10025344789028168,,0.58303302526474,,4.461972236633301,,,,,,,,,,,,,
9,,,,33319,,,,,,,,,,,,0.44039851427078247,0.06735651195049286,,0.4399818181991577,,3.340949296951294,,,,,,,,,,,,,
9,,,,33339,,,,,,,,,,,,0.44039851427078247,0.03764297813177109,,0.6408498883247375,,3.394456624984741,,,,,,,,,,,,,
9,,,,33359,,,,,,,,,,,,0.44039851427078247,0.07440423220396042,,0.40176162123680115,,3.3686470985412598,,,,,,,,,,,,,
9,,,,33379,,,,,,,,,,,,0.44039851427078247,0.06523498147726059,,0.8331946730613708,,4.326862335205078,,,,,,,,,,,,,
9,,,,33399,,,,,,,,,,,,0.44039851427078247,0.03629566356539726,,1.0297391414642334,,4.093180179595947,,,,,,,,,,,,,
9,,,,33419,,,,,,,,,,,,0.44039851427078247,0.06077444553375244,,0.4014118015766144,,3.272768497467041,,,,,,,,,,,,,
9,,,,33439,,,,,,,,,,,,0.44039851427078247,0.09532038122415543,,0.5248391628265381,,4.328974723815918,,,,,,,,,,,,,
9,,,,33459,,,,,,,,,,,,0.44039851427078247,0.0410994291305542,,0.8971518278121948,,4.154323577880859,,,,,,,,,,,,,
9,,,,33479,,,,,,,,,,,,0.44039851427078247,0.07532238960266113,,0.4674176573753357,,3.3531484603881836,,,,,,,,,,,,,
9,,,,33499,,,,,,,,,,,,0.44039851427078247,0.048014942556619644,,0.6291036605834961,,3.3147897720336914,,,,,,,,,,,,,
9,,,,33519,,,,,,,,,,,,0.44039851427078247,0.06228058040142059,,0.4543178379535675,,3.2595975399017334,,,,,,,,,,,,,
9,,,,33539,,,,,,,,,,,,0.44039851427078247,0.09642709791660309,,0.5208451747894287,,4.428447723388672,,,,,,,,,,,,,
9,,,,33559,,,,,,,,,,,,0.44039851427078247,0.04548639431595802,,0.8999509811401367,,4.203619956970215,,,,,,,,,,,,,
9,,,,33579,,,,,,,,,,,,0.44039851427078247,0.10461164265871048,,0.5662814974784851,,4.420994281768799,,,,,,,,,,,,,
9,,,,33599,,,,,,,,,,,,0.44039851427078247,0.06910344958305359,,0.4081759452819824,,3.251220464706421,,,,,,,,,,,,,
9,,,,33619,,,,,,,,,,,,0.44039851427078247,0.06927596777677536,,0.3754960894584656,,3.09771728515625,,,,,,,,,,,,,
9,,,,33639,,,,,,,,,,,,0.44039851427078247,0.08628004789352417,,0.5265712738037109,,4.405133247375488,,,,,,,,,,,,,
9,,,,33659,,,,,,,,,,,,0.44039851427078247,0.06809656322002411,,0.7810042500495911,,4.313210487365723,,,,,,,,,,,,,
9,,,,33679,,,,,,,,,,,,0.44039851427078247,0.047629594802856445,,0.904961109161377,,4.280468940734863,,,,,,,,,,,,,
9,,,,33699,,,,,,,,,,,,0.44039851427078247,0.061824630945920944,,0.4168984889984131,,3.2890782356262207,,,,,,,,,,,,,
9,,,,33719,,,,,,,,,,,,0.44039851427078247,0.06074407696723938,,0.9381316304206848,,4.31416654586792,,,,,,,,,,,,,
9,,,,33739,,,,,,,,,,,,0.44039851427078247,0.033640794456005096,,0.9869019985198975,,4.046388626098633,,,,,,,,,,,,,
9,,,,33759,,,,,,,,,,,,0.44039851427078247,0.06391845643520355,,0.44247034192085266,,3.3853559494018555,,,,,,,,,,,,,
9,,,,33779,,,,,,,,,,,,0.44039851427078247,0.047117672860622406,,0.9834880828857422,,4.18234395980835,,,,,,,,,,,,,
9,,,,33799,,,,,,,,,,,,0.44039851427078247,0.035820819437503815,,1.008437156677246,,4.1406474113464355,,,,,,,,,,,,,
9,,,,33819,,,,,,,,,,,,0.44039851427078247,0.04545524716377258,,0.6568067669868469,,3.2995550632476807,,,,,,,,,,,,,
9,,,,33839,,,,,,,,,,,,0.44039851427078247,0.1057058572769165,,0.5363953709602356,,4.380424499511719,,,,,,,,,,,,,
9,,,,33859,,,,,,,,,,,,0.44039851427078247,0.070234015583992,,0.6800170540809631,,4.353553771972656,,,,,,,,,,,,,
9,,,,33879,,,,,,,,,,,,0.44039851427078247,0.0762612372636795,,0.627903401851654,,4.31965970993042,,,,,,,,,,,,,
9,,,,33899,,,,,,,,,,,,0.44039851427078247,0.09395107626914978,,0.5392556190490723,,4.421356678009033,,,,,,,,,,,,,
9,,,,33919,,,,,,,,,,,,0.44039851427078247,0.04413837194442749,,0.9760498404502869,,4.227643966674805,,,,,,,,,,,,,
9,,,,33939,,,,,,,,,,,,0.44039851427078247,0.08821377158164978,,0.6721204519271851,,4.412978172302246,,,,,,,,,,,,,
9,,,,33959,,,,,,,,,,,,0.44039851427078247,0.059551481157541275,,0.4026988446712494,,3.3157529830932617,,,,,,,,,,,,,
9,,,,33979,,,,,,,,,,,,0.44039851427078247,0.06850069761276245,,0.4562947452068329,,3.378912925720215,,,,,,,,,,,,,
9,,,,33999,,,,,,,,,,,,0.44039851427078247,0.061311863362789154,,0.4058849811553955,,3.2837092876434326,,,,,,,,,,,,,
9,,,,34019,,,,,,,,,,,,0.44039851427078247,0.10439422726631165,,0.5413835644721985,,4.48640251159668,,,,,,,,,,,,,
9,,,,34039,,,,,,,,,,,,0.44039851427078247,0.0882897675037384,,0.6829686164855957,,4.371704578399658,,,,,,,,,,,,,
9,,,,34059,,,,,,,,,,,,0.44039851427078247,0.034229978919029236,,0.908574104309082,,3.9217467308044434,,,,,,,,,,,,,
9,,,,34079,,,,,,,,,,,,0.44039851427078247,0.061172857880592346,,0.39377424120903015,,3.2024331092834473,,,,,,,,,,,,,
9,,,,34099,,,,,,,,,,,,0.44039851427078247,0.08266280591487885,,0.43569961190223694,,3.2757866382598877,,,,,,,,,,,,,
9,,,,34119,,,,,,,,,,,,0.44039851427078247,0.1049424558877945,,0.6647647023200989,,4.422214031219482,,,,,,,,,,,,,
9,,,,34139,,,,,,,,,,,,0.44039851427078247,0.11014777421951294,,0.5179473757743835,,4.339425563812256,,,,,,,,,,,,,
9,,,,34159,,,,,,,,,,,,0.44039851427078247,0.06791278719902039,,0.6359228491783142,,3.279963970184326,,,,,,,,,,,,,
9,,,,34179,,,,,,,,,,,,0.44039851427078247,0.03967710956931114,,0.9325408339500427,,4.024230480194092,,,,,,,,,,,,,
9,,,,34199,,,,,,,,,,,,0.44039851427078247,0.03605823963880539,,0.7841334342956543,,3.5452682971954346,,,,,,,,,,,,,
9,,,,34219,,,,,,,,,,,,0.44039851427078247,0.11435571312904358,,0.5465314984321594,,4.562320232391357,,,,,,,,,,,,,
9,,,,34239,,,,,,,,,,,,0.44039851427078247,0.10057961940765381,,0.5225722193717957,,4.48412561416626,,,,,,,,,,,,,
9,,,,34259,,,,,,,,,,,,0.44039851427078247,0.06637664139270782,,0.3978879153728485,,3.1978001594543457,,,,,,,,,,,,,
9,,,,34279,,,,,,,,,,,,0.44039851427078247,0.10117677599191666,,0.5591999292373657,,4.473028182983398,,,,,,,,,,,,,
9,,,,34299,,,,,,,,,,,,0.44039851427078247,0.05874413996934891,,0.7922260165214539,,4.436901569366455,,,,,,,,,,,,,
9,,,,34319,,,,,,,,,,,,0.44039851427078247,0.07014252990484238,,0.444004088640213,,3.380293369293213,,,,,,,,,,,,,
9,,,,34339,,,,,,,,,,,,0.44039851427078247,0.03976631164550781,,0.9467007517814636,,4.176700592041016,,,,,,,,,,,,,
9,,,,34359,,,,,,,,,,,,0.44039851427078247,0.12932774424552917,,0.5229862332344055,,4.379359245300293,,,,,,,,,,,,,
9,,,,34379,,,,,,,,,,,,0.44039851427078247,0.10439296066761017,,0.5688670873641968,,4.355831623077393,,,,,,,,,,,,,
9,,,,34399,,,,,,,,,,,,0.44039851427078247,0.03268224000930786,,0.7557291984558105,,3.4166131019592285,,,,,,,,,,,,,
9,,,,34419,,,,,,,,,,,,0.44039851427078247,0.05936716869473457,,0.550370991230011,,3.2794432640075684,,,,,,,,,,,,,
9,,,,34439,,,,,,,,,,,,0.44039851427078247,0.061359696090221405,,0.3916521370410919,,3.337055206298828,,,,,,,,,,,,,
9,,,,34459,,,,,,,,,,,,0.44039851427078247,0.11440442502498627,,0.534916341304779,,4.50373649597168,,,,,,,,,,,,,
9,,,,34479,,,,,,,,,,,,0.44039851427078247,0.029725980013608932,,0.9060357809066772,,3.6650829315185547,,,,,,,,,,,,,
9,,,,34499,,,,,,,,,,,,0.44039851427078247,0.06289754062891006,,0.612654983997345,,3.322974920272827,,,,,,,,,,,,,
9,,,,34519,,,,,,,,,,,,0.44039851427078247,0.07259683310985565,,0.43890950083732605,,3.293734073638916,,,,,,,,,,,,,
9,,,,34539,,,,,,,,,,,,0.44039851427078247,0.06836031377315521,,0.38245689868927,,3.1491150856018066,,,,,,,,,,,,,
9,,,,34559,,,,,,,,,,,,0.44039851427078247,0.08205239474773407,,0.8381481170654297,,4.4978742599487305,,,,,,,,,,,,,
9,,,,34579,,,,,,,,,,,,0.44039851427078247,0.04184944927692413,,0.9371481537818909,,4.290265083312988,,,,,,,,,,,,,
9,,,,34599,,,,,,,,,,,,0.44039851427078247,0.06767794489860535,,0.4189709722995758,,3.4213619232177734,,,,,,,,,,,,,
9,,,,34619,,,,,,,,,,,,0.44039851427078247,0.04872937500476837,,0.9287654757499695,,4.263139724731445,,,,,,,,,,,,,
9,,,,34639,,,,,,,,,,,,0.44039851427078247,0.10985203087329865,,0.6543516516685486,,4.350630760192871,,,,,,,,,,,,,
9,,,,34659,,,,,,,,,,,,0.44039851427078247,0.125416100025177,,0.5439955592155457,,4.33126163482666,,,,,,,,,,,,,
9,,,,34679,,,,,,,,,,,,0.44039851427078247,0.03930278122425079,,0.5450387001037598,,3.353262424468994,,,,,,,,,,,,,
9,,,,34699,,,,,,,,,,,,0.44039851427078247,0.07380524277687073,,0.7687393426895142,,4.453588008880615,,,,,,,,,,,,,
9,,,,34719,,,,,,,,,,,,0.44039851427078247,0.07653246074914932,,0.4184694290161133,,3.179431438446045,,,,,,,,,,,,,
9,,,,34739,,,,,,,,,,,,0.44039851427078247,0.04163756221532822,,0.43416422605514526,,3.1800756454467773,,,,,,,,,,,,,
9,,,,34759,,,,,,,,,,,,0.44039851427078247,0.09754939377307892,,0.5472033619880676,,4.388345718383789,,,,,,,,,,,,,
9,,,,34779,,,,,,,,,,,,0.44039851427078247,0.036649271845817566,,0.9632593989372253,,3.952096462249756,,,,,,,,,,,,,
9,,,,34799,,,,,,,,,,,,0.44039851427078247,0.03878585249185562,,0.9259551763534546,,4.070992469787598,,,,,,,,,,,,,
9,,,,34819,,,,,,,,,,,,0.44039851427078247,0.07881371676921844,,0.8426221609115601,,4.244292259216309,,,,,,,,,,,,,
9,,,,34819,,,,,,,,,,,,,,,,,,0.7091207504272461,0.8653801083564758,0.7042889595031738,0.7028241157531738,0.5283359885215759,0.7013592720031738,0.6374179720878601,0.7379610538482666,0.7137540578842163,0.795118510723114,0.7929477691650391,0.5036168098449707,0.7091207504272461
9,,,,34819,,,,,,,,,0.5894020795822144,0.07508665323257446,0.4403991103172302,,,0.6269320845603943,,3.897881269454956,,,,,,,,,,,,,,
,0.0002967221401100708,0.0002967221401100708,2.9672214011007083e-05,34820,,,,,,,,,,,,,,,,,,,,,,,,,,,,,,
10,,,,34839,,,,,,,,,,,,0.46207091212272644,0.12468477338552475,,0.5232267379760742,,4.3140788078308105,,,,,,,,,,,,,
10,,,,34859,,,,,,,,,,,,0.46207091212272644,0.1134156808257103,,0.526839554309845,,4.296414375305176,,,,,,,,,,,,,
10,,,,34879,,,,,,,,,,,,0.46207091212272644,0.08495379239320755,,0.43953806161880493,,3.396304130554199,,,,,,,,,,,,,
10,,,,34899,,,,,,,,,,,,0.46207091212272644,0.05001696199178696,,0.8601989150047302,,4.261422157287598,,,,,,,,,,,,,
10,,,,34919,,,,,,,,,,,,0.46207091212272644,0.04183786362409592,,0.8114966750144958,,3.4991044998168945,,,,,,,,,,,,,
10,,,,34939,,,,,,,,,,,,0.46207091212272644,0.06840553134679794,,0.41881468892097473,,3.3415584564208984,,,,,,,,,,,,,
10,,,,34959,,,,,,,,,,,,0.46207091212272644,0.0737331435084343,,0.4013257622718811,,3.2436907291412354,,,,,,,,,,,,,
10,,,,34979,,,,,,,,,,,,0.46207091212272644,0.03172328323125839,,0.9686610102653503,,3.981921672821045,,,,,,,,,,,,,
10,,,,34999,,,,,,,,,,,,0.46207091212272644,0.0761319249868393,,0.3900209069252014,,3.1528618335723877,,,,,,,,,,,,,
10,,,,35019,,,,,,,,,,,,0.46207091212272644,0.03904813528060913,,0.617592990398407,,3.2278995513916016,,,,,,,,,,,,,
10,,,,35039,,,,,,,,,,,,0.46207091212272644,0.05571164935827255,,0.42069631814956665,,3.3529367446899414,,,,,,,,,,,,,
10,,,,35059,,,,,,,,,,,,0.46207091212272644,0.05650869756937027,,0.6829695701599121,,3.3575778007507324,,,,,,,,,,,,,
10,,,,35079,,,,,,,,,,,,0.46207091212272644,0.09770631790161133,,0.576785683631897,,4.352429389953613,,,,,,,,,,,,,
10,,,,35099,,,,,,,,,,,,0.46207091212272644,0.12289448082447052,,0.5411179661750793,,4.396670341491699,,,,,,,,,,,,,
10,,,,35119,,,,,,,,,,,,0.46207091212272644,0.1157800555229187,,0.5321672558784485,,4.3570990562438965,,,,,,,,,,,,,
10,,,,35139,,,,,,,,,,,,0.46207091212272644,0.02873345836997032,,0.8000016808509827,,3.64908504486084,,,,,,,,,,,,,
10,,,,35159,,,,,,,,,,,,0.46207091212272644,0.10850812494754791,,0.5686509609222412,,4.34583854675293,,,,,,,,,,,,,
10,,,,35179,,,,,,,,,,,,0.46207091212272644,0.10057908296585083,,0.5249574780464172,,4.3358283042907715,,,,,,,,,,,,,
10,,,,35199,,,,,,,,,,,,0.46207091212272644,0.06843715161085129,,0.49583443999290466,,3.3919029235839844,,,,,,,,,,,,,
10,,,,35219,,,,,,,,,,,,0.46207091212272644,0.03333001583814621,,0.9901435971260071,,3.9391980171203613,,,,,,,,,,,,,
10,,,,35239,,,,,,,,,,,,0.46207091212272644,0.030086297541856766,,0.9408249258995056,,3.8448407649993896,,,,,,,,,,,,,
10,,,,35259,,,,,,,,,,,,0.46207091212272644,0.03907401114702225,,0.9234674572944641,,3.7418949604034424,,,,,,,,,,,,,
10,,,,35279,,,,,,,,,,,,0.46207091212272644,0.057350534945726395,,0.49827733635902405,,3.2498936653137207,,,,,,,,,,,,,
10,,,,35299,,,,,,,,,,,,0.46207091212272644,0.12629427015781403,,0.5400735139846802,,4.398520469665527,,,,,,,,,,,,,
10,,,,35319,,,,,,,,,,,,0.46207091212272644,0.1102953851222992,,0.5482993721961975,,4.454940319061279,,,,,,,,,,,,,
10,,,,35339,,,,,,,,,,,,0.46207091212272644,0.111421599984169,,0.5375916957855225,,4.326590538024902,,,,,,,,,,,,,
10,,,,35359,,,,,,,,,,,,0.46207091212272644,0.06104769557714462,,0.4081275761127472,,3.332753896713257,,,,,,,,,,,,,
10,,,,35379,,,,,,,,,,,,0.46207091212272644,0.07681651413440704,,0.4100675582885742,,3.3015222549438477,,,,,,,,,,,,,
10,,,,35399,,,,,,,,,,,,0.46207091212272644,0.0587020143866539,,0.6203303933143616,,3.3320369720458984,,,,,,,,,,,,,
10,,,,35419,,,,,,,,,,,,0.46207091212272644,0.09806299209594727,,0.5310187935829163,,4.428953170776367,,,,,,,,,,,,,
10,,,,35439,,,,,,,,,,,,0.46207091212272644,0.03618874028325081,,0.909076452255249,,3.693300485610962,,,,,,,,,,,,,
10,,,,35459,,,,,,,,,,,,0.46207091212272644,0.03405725955963135,,0.8413870930671692,,3.744859218597412,,,,,,,,,,,,,
10,,,,35479,,,,,,,,,,,,0.46207091212272644,0.10770341008901596,,0.6333809494972229,,4.35289192199707,,,,,,,,,,,,,
10,,,,35499,,,,,,,,,,,,0.46207091212272644,0.06816257536411285,,0.7585101127624512,,4.351393699645996,,,,,,,,,,,,,
10,,,,35519,,,,,,,,,,,,0.46207091212272644,0.07858188450336456,,0.6386747360229492,,4.376601696014404,,,,,,,,,,,,,
10,,,,35539,,,,,,,,,,,,0.46207091212272644,0.07301415503025055,,0.41800129413604736,,3.292020797729492,,,,,,,,,,,,,
10,,,,35559,,,,,,,,,,,,0.46207091212272644,0.030603155493736267,,0.9785633087158203,,3.942361831665039,,,,,,,,,,,,,
10,,,,35579,,,,,,,,,,,,0.46207091212272644,0.07715603709220886,,0.3876620829105377,,3.2609505653381348,,,,,,,,,,,,,
10,,,,35599,,,,,,,,,,,,0.46207091212272644,0.0764833390712738,,0.7399934530258179,,4.397369384765625,,,,,,,,,,,,,
10,,,,35619,,,,,,,,,,,,0.46207091212272644,0.10753165930509567,,0.6103742718696594,,4.487875938415527,,,,,,,,,,,,,
10,,,,35639,,,,,,,,,,,,0.46207091212272644,0.08897009491920471,,0.6459898948669434,,4.460906982421875,,,,,,,,,,,,,
10,,,,35659,,,,,,,,,,,,0.46207091212272644,0.09122991561889648,,0.5704863667488098,,4.401037216186523,,,,,,,,,,,,,
10,,,,35679,,,,,,,,,,,,0.46207091212272644,0.07304907590150833,,0.7921910285949707,,4.372519493103027,,,,,,,,,,,,,
10,,,,35699,,,,,,,,,,,,0.46207091212272644,0.0437663234770298,,0.9362611770629883,,4.23145866394043,,,,,,,,,,,,,
10,,,,35719,,,,,,,,,,,,0.46207091212272644,0.06811542809009552,,0.396396279335022,,3.120720386505127,,,,,,,,,,,,,
10,,,,35739,,,,,,,,,,,,0.46207091212272644,0.07663537561893463,,0.403245747089386,,3.24627947807312,,,,,,,,,,,,,
10,,,,35759,,,,,,,,,,,,0.46207091212272644,0.07096748054027557,,0.6747932434082031,,3.356471061706543,,,,,,,,,,,,,
10,,,,35779,,,,,,,,,,,,0.46207091212272644,0.05645157769322395,,0.8322594165802002,,4.30980110168457,,,,,,,,,,,,,
10,,,,35799,,,,,,,,,,,,0.46207091212272644,0.04753043130040169,,0.8800815343856812,,4.27168607711792,,,,,,,,,,,,,
10,,,,35819,,,,,,,,,,,,0.46207091212272644,0.039903443306684494,,0.729719877243042,,3.4135797023773193,,,,,,,,,,,,,
10,,,,35839,,,,,,,,,,,,0.46207091212272644,0.0729110985994339,,0.42053598165512085,,3.394888162612915,,,,,,,,,,,,,
10,,,,35859,,,,,,,,,,,,0.46207091212272644,0.0350937657058239,,0.8797526359558105,,3.6589484214782715,,,,,,,,,,,,,
10,,,,35879,,,,,,,,,,,,0.46207091212272644,0.1047709733247757,,0.5266817808151245,,4.380058288574219,,,,,,,,,,,,,
10,,,,35899,,,,,,,,,,,,0.46207091212272644,0.08139762282371521,,0.4010395407676697,,3.284743309020996,,,,,,,,,,,,,
10,,,,35919,,,,,,,,,,,,0.46207091212272644,0.05601164698600769,,0.5686875581741333,,3.2876269817352295,,,,,,,,,,,,,
10,,,,35939,,,,,,,,,,,,0.46207091212272644,0.07062452286481857,,0.44106119871139526,,3.232731342315674,,,,,,,,,,,,,
10,,,,35959,,,,,,,,,,,,0.46207091212272644,0.03889835625886917,,0.9129499793052673,,3.740194320678711,,,,,,,,,,,,,
10,,,,35979,,,,,,,,,,,,0.46207091212272644,0.11704900115728378,,0.5367228388786316,,4.553137302398682,,,,,,,,,,,,,
10,,,,35999,,,,,,,,,,,,0.46207091212272644,0.07170765101909637,,0.4593110978603363,,3.24387526512146,,,,,,,,,,,,,
10,,,,36019,,,,,,,,,,,,0.46207091212272644,0.08594824373722076,,0.6590694189071655,,4.4464826583862305,,,,,,,,,,,,,
10,,,,36039,,,,,,,,,,,,0.46207091212272644,0.11279034614562988,,0.5797754526138306,,4.46267557144165,,,,,,,,,,,,,
10,,,,36059,,,,,,,,,,,,0.46207091212272644,0.07314151525497437,,0.485843688249588,,3.1801319122314453,,,,,,,,,,,,,
10,,,,36079,,,,,,,,,,,,0.46207091212272644,0.08712011575698853,,0.5456225275993347,,4.327716827392578,,,,,,,,,,,,,
10,,,,36099,,,,,,,,,,,,0.46207091212272644,0.1006508395075798,,0.5187371969223022,,4.33173942565918,,,,,,,,,,,,,
10,,,,36119,,,,,,,,,,,,0.46207091212272644,0.10957808792591095,,0.5424533486366272,,4.313926696777344,,,,,,,,,,,,,
10,,,,36139,,,,,,,,,,,,0.46207091212272644,0.050125960260629654,,0.9582666158676147,,4.210942268371582,,,,,,,,,,,,,
10,,,,36159,,,,,,,,,,,,0.46207091212272644,0.057490162551403046,,0.688401997089386,,3.3315229415893555,,,,,,,,,,,,,
10,,,,36179,,,,,,,,,,,,0.46207091212272644,0.053439561277627945,,0.42981472611427307,,3.3163833618164062,,,,,,,,,,,,,
10,,,,36199,,,,,,,,,,,,0.46207091212272644,0.07682459056377411,,0.39548346400260925,,3.299821376800537,,,,,,,,,,,,,
10,,,,36219,,,,,,,,,,,,0.46207091212272644,0.08318198472261429,,0.41959744691848755,,3.3525924682617188,,,,,,,,,,,,,
10,,,,36239,,,,,,,,,,,,0.46207091212272644,0.06711754947900772,,0.5083910822868347,,3.173109292984009,,,,,,,,,,,,,
10,,,,36259,,,,,,,,,,,,0.46207091212272644,0.11538656055927277,,0.5362414121627808,,4.499798774719238,,,,,,,,,,,,,
10,,,,36279,,,,,,,,,,,,0.46207091212272644,0.07479343563318253,,0.4831276535987854,,3.1685924530029297,,,,,,,,,,,,,
10,,,,36299,,,,,,,,,,,,0.46207091212272644,0.033945247530937195,,0.8426350355148315,,3.623713970184326,,,,,,,,,,,,,
10,,,,36319,,,,,,,,,,,,0.46207091212272644,0.08286058157682419,,0.39618632197380066,,3.222567319869995,,,,,,,,,,,,,
10,,,,36339,,,,,,,,,,,,0.46207091212272644,0.07589823752641678,,0.48968935012817383,,3.24758243560791,,,,,,,,,,,,,
10,,,,36359,,,,,,,,,,,,0.46207091212272644,0.06965070217847824,,0.4365305006504059,,3.387017011642456,,,,,,,,,,,,,
10,,,,36379,,,,,,,,,,,,0.46207091212272644,0.07457447052001953,,0.8550048470497131,,4.239992141723633,,,,,,,,,,,,,
10,,,,36399,,,,,,,,,,,,0.46207091212272644,0.13352379202842712,,0.5134744048118591,,4.233303070068359,,,,,,,,,,,,,
10,,,,36419,,,,,,,,,,,,0.46207091212272644,0.11722087860107422,,0.5305242538452148,,4.305798530578613,,,,,,,,,,,,,
10,,,,36439,,,,,,,,,,,,0.46207091212272644,0.06502947211265564,,0.3998520076274872,,3.3213815689086914,,,,,,,,,,,,,
10,,,,36459,,,,,,,,,,,,0.46207091212272644,0.07157444208860397,,0.5332742929458618,,3.310321092605591,,,,,,,,,,,,,
10,,,,36479,,,,,,,,,,,,0.46207091212272644,0.07801887392997742,,0.3945452868938446,,3.2394330501556396,,,,,,,,,,,,,
10,,,,36499,,,,,,,,,,,,0.46207091212272644,0.07749257236719131,,0.37391409277915955,,3.083921194076538,,,,,,,,,,,,,
10,,,,36519,,,,,,,,,,,,0.46207091212272644,0.04895254969596863,,0.8863233923912048,,4.45089054107666,,,,,,,,,,,,,
10,,,,36539,,,,,,,,,,,,0.46207091212272644,0.03231792151927948,,0.6401800513267517,,3.180084705352783,,,,,,,,,,,,,
10,,,,36559,,,,,,,,,,,,0.46207091212272644,0.1084112673997879,,0.574296236038208,,4.4110283851623535,,,,,,,,,,,,,
10,,,,36579,,,,,,,,,,,,0.46207091212272644,0.06894417107105255,,0.42741164565086365,,3.1964550018310547,,,,,,,,,,,,,
10,,,,36599,,,,,,,,,,,,0.46207091212272644,0.0668063759803772,,0.9458934664726257,,4.37762975692749,,,,,,,,,,,,,
10,,,,36619,,,,,,,,,,,,0.46207091212272644,0.045402783900499344,,0.9159502983093262,,4.237517356872559,,,,,,,,,,,,,
10,,,,36639,,,,,,,,,,,,0.46207091212272644,0.13111920654773712,,0.5419389009475708,,4.425479412078857,,,,,,,,,,,,,
10,,,,36659,,,,,,,,,,,,0.46207091212272644,0.08337269723415375,,0.42354661226272583,,3.243572235107422,,,,,,,,,,,,,
10,,,,36679,,,,,,,,,,,,0.46207091212272644,0.09362955391407013,,0.7447398900985718,,4.572290420532227,,,,,,,,,,,,,
10,,,,36699,,,,,,,,,,,,0.46207091212272644,0.03280315175652504,,0.9446458220481873,,3.789354085922241,,,,,,,,,,,,,
10,,,,36719,,,,,,,,,,,,0.46207091212272644,0.08852876722812653,,0.38650065660476685,,3.1334855556488037,,,,,,,,,,,,,
10,,,,36739,,,,,,,,,,,,0.46207091212272644,0.032634057104587555,,1.0073091983795166,,4.309714317321777,,,,,,,,,,,,,
10,,,,36759,,,,,,,,,,,,0.46207091212272644,0.10342756658792496,,0.7700138092041016,,4.613400459289551,,,,,,,,,,,,,
10,,,,36779,,,,,,,,,,,,0.46207091212272644,0.08174754679203033,,0.3883261978626251,,3.184441328048706,,,,,,,,,,,,,
10,,,,36799,,,,,,,,,,,,0.46207091212272644,0.04193637892603874,,0.8485685586929321,,4.001524448394775,,,,,,,,,,,,,
10,,,,36819,,,,,,,,,,,,0.46207091212272644,0.07666163891553879,,0.3823055028915405,,3.162353515625,,,,,,,,,,,,,
10,,,,36839,,,,,,,,,,,,0.46207091212272644,0.05479859560728073,,0.9986637234687805,,4.375378131866455,,,,,,,,,,,,,
10,,,,36859,,,,,,,,,,,,0.46207091212272644,0.08505602926015854,,0.555148184299469,,4.414734840393066,,,,,,,,,,,,,
10,,,,36879,,,,,,,,,,,,0.46207091212272644,0.07971759140491486,,0.38424962759017944,,3.217766284942627,,,,,,,,,,,,,
10,,,,36899,,,,,,,,,,,,0.46207091212272644,0.0453149750828743,,0.8521410226821899,,3.5409774780273438,,,,,,,,,,,,,
10,,,,36919,,,,,,,,,,,,0.46207091212272644,0.08027094602584839,,0.6124749183654785,,4.350656986236572,,,,,,,,,,,,,
10,,,,36939,,,,,,,,,,,,0.46207091212272644,0.08729635924100876,,0.4042128324508667,,3.276108741760254,,,,,,,,,,,,,
10,,,,36959,,,,,,,,,,,,0.46207091212272644,0.10884261131286621,,0.5257760286331177,,4.402388572692871,,,,,,,,,,,,,
10,,,,36979,,,,,,,,,,,,0.46207091212272644,0.05666762590408325,,1.0686696767807007,,4.189774036407471,,,,,,,,,,,,,
10,,,,36999,,,,,,,,,,,,0.46207091212272644,0.11530507355928421,,0.5870944857597351,,4.2872490882873535,,,,,,,,,,,,,
10,,,,37019,,,,,,,,,,,,0.46207091212272644,0.10823609679937363,,0.5302374362945557,,4.277216911315918,,,,,,,,,,,,,
10,,,,37039,,,,,,,,,,,,0.46207091212272644,0.10548946261405945,,0.5566051006317139,,4.381020545959473,,,,,,,,,,,,,
10,,,,37059,,,,,,,,,,,,0.46207091212272644,0.11649827659130096,,0.5286121368408203,,4.425575256347656,,,,,,,,,,,,,
10,,,,37079,,,,,,,,,,,,0.46207091212272644,0.07538135349750519,,0.39962032437324524,,3.2411587238311768,,,,,,,,,,,,,
10,,,,37099,,,,,,,,,,,,0.46207091212272644,0.062046512961387634,,0.3892856538295746,,3.1055595874786377,,,,,,,,,,,,,
10,,,,37119,,,,,,,,,,,,0.46207091212272644,0.03530541807413101,,0.9417474865913391,,3.844780683517456,,,,,,,,,,,,,
10,,,,37139,,,,,,,,,,,,0.46207091212272644,0.0749267116189003,,0.407947301864624,,3.2578940391540527,,,,,,,,,,,,,
10,,,,37159,,,,,,,,,,,,0.46207091212272644,0.09844299405813217,,0.5307912826538086,,4.47199821472168,,,,,,,,,,,,,
10,,,,37179,,,,,,,,,,,,0.46207091212272644,0.11665937304496765,,0.6470334529876709,,4.310800552368164,,,,,,,,,,,,,
10,,,,37199,,,,,,,,,,,,0.46207091212272644,0.12867149710655212,,0.5399495959281921,,4.351989269256592,,,,,,,,,,,,,
10,,,,37219,,,,,,,,,,,,0.46207091212272644,0.06140753999352455,,0.4104233980178833,,3.2298269271850586,,,,,,,,,,,,,
10,,,,37239,,,,,,,,,,,,0.46207091212272644,0.11697769165039062,,0.539992094039917,,4.461970806121826,,,,,,,,,,,,,
10,,,,37259,,,,,,,,,,,,0.46207091212272644,0.08069750666618347,,0.6810465455055237,,4.361480236053467,,,,,,,,,,,,,
10,,,,37279,,,,,,,,,,,,0.46207091212272644,0.10081255435943604,,0.5968019962310791,,4.388813018798828,,,,,,,,,,,,,
10,,,,37299,,,,,,,,,,,,0.46207091212272644,0.11145998537540436,,0.5263828635215759,,4.38930606842041,,,,,,,,,,,,,
10,,,,37319,,,,,,,,,,,,0.46207091212272644,0.08110857754945755,,0.8073884844779968,,4.331099510192871,,,,,,,,,,,,,
10,,,,37339,,,,,,,,,,,,0.46207091212272644,0.07208497822284698,,0.4551379084587097,,3.38336181640625,,,,,,,,,,,,,
10,,,,37359,,,,,,,,,,,,0.46207091212272644,0.033228855580091476,,0.9369801878929138,,3.906893491744995,,,,,,,,,,,,,
10,,,,37379,,,,,,,,,,,,0.46207091212272644,0.10660964995622635,,0.5461113452911377,,4.342104911804199,,,,,,,,,,,,,
10,,,,37399,,,,,,,,,,,,0.46207091212272644,0.03942761942744255,,0.9845847487449646,,4.021599292755127,,,,,,,,,,,,,
10,,,,37419,,,,,,,,,,,,0.46207091212272644,0.03838241100311279,,0.7313829064369202,,3.389312267303467,,,,,,,,,,,,,
10,,,,37439,,,,,,,,,,,,0.46207091212272644,0.06632834672927856,,0.39173442125320435,,3.290631055831909,,,,,,,,,,,,,
10,,,,37459,,,,,,,,,,,,0.46207091212272644,0.11141941696405411,,0.609753429889679,,4.372467994689941,,,,,,,,,,,,,
10,,,,37479,,,,,,,,,,,,0.46207091212272644,0.10468947887420654,,0.5204057693481445,,4.367165565490723,,,,,,,,,,,,,
10,,,,37499,,,,,,,,,,,,0.46207091212272644,0.02463431842625141,,0.7498384714126587,,3.401854991912842,,,,,,,,,,,,,
10,,,,37519,,,,,,,,,,,,0.46207091212272644,0.04010140150785446,,0.8373059630393982,,3.501831531524658,,,,,,,,,,,,,
10,,,,37539,,,,,,,,,,,,0.46207091212272644,0.06825149059295654,,0.526556670665741,,3.303576707839966,,,,,,,,,,,,,
10,,,,37559,,,,,,,,,,,,0.46207091212272644,0.10404469072818756,,0.5712565779685974,,4.508728981018066,,,,,,,,,,,,,
10,,,,37579,,,,,,,,,,,,0.46207091212272644,0.06441788375377655,,0.41236943006515503,,3.2211358547210693,,,,,,,,,,,,,
10,,,,37599,,,,,,,,,,,,0.46207091212272644,0.09906511008739471,,0.6413285732269287,,4.410256862640381,,,,,,,,,,,,,
10,,,,37619,,,,,,,,,,,,0.46207091212272644,0.0633111447095871,,0.4886247217655182,,3.3966500759124756,,,,,,,,,,,,,
10,,,,37639,,,,,,,,,,,,0.46207091212272644,0.07133889198303223,,0.42169633507728577,,3.181180238723755,,,,,,,,,,,,,
10,,,,37659,,,,,,,,,,,,0.46207091212272644,0.08505168557167053,,0.8307777643203735,,4.688011646270752,,,,,,,,,,,,,
10,,,,37679,,,,,,,,,,,,0.46207091212272644,0.1179237812757492,,0.5355756282806396,,4.5168938636779785,,,,,,,,,,,,,
10,,,,37699,,,,,,,,,,,,0.46207091212272644,0.042817048728466034,,0.8996395468711853,,4.147459506988525,,,,,,,,,,,,,
10,,,,37719,,,,,,,,,,,,0.46207091212272644,0.06645727902650833,,0.5866045951843262,,3.2529187202453613,,,,,,,,,,,,,
10,,,,37739,,,,,,,,,,,,0.46207091212272644,0.07846930623054504,,0.7869104146957397,,4.4527482986450195,,,,,,,,,,,,,
10,,,,37759,,,,,,,,,,,,0.46207091212272644,0.06559790670871735,,0.4249870181083679,,3.276299476623535,,,,,,,,,,,,,
10,,,,37779,,,,,,,,,,,,0.46207091212272644,0.11942645907402039,,0.5730868577957153,,4.532777309417725,,,,,,,,,,,,,
10,,,,37799,,,,,,,,,,,,0.46207091212272644,0.07579271495342255,,0.3843109905719757,,3.182068347930908,,,,,,,,,,,,,
10,,,,37819,,,,,,,,,,,,0.46207091212272644,0.0368751585483551,,0.9425100088119507,,3.703629732131958,,,,,,,,,,,,,
10,,,,37839,,,,,,,,,,,,0.46207091212272644,0.04596276953816414,,0.6282258033752441,,3.304379463195801,,,,,,,,,,,,,
10,,,,37859,,,,,,,,,,,,0.46207091212272644,0.13583645224571228,,0.5507171154022217,,4.398678779602051,,,,,,,,,,,,,
10,,,,37879,,,,,,,,,,,,0.46207091212272644,0.11544649302959442,,0.7012577056884766,,4.348971366882324,,,,,,,,,,,,,
10,,,,37899,,,,,,,,,,,,0.46207091212272644,0.07374440878629684,,0.4062230587005615,,3.324031114578247,,,,,,,,,,,,,
10,,,,37919,,,,,,,,,,,,0.46207091212272644,0.1189752072095871,,0.5217618346214294,,4.359249114990234,,,,,,,,,,,,,
10,,,,37939,,,,,,,,,,,,0.46207091212272644,0.0811205580830574,,0.39923468232154846,,3.315901041030884,,,,,,,,,,,,,
10,,,,37959,,,,,,,,,,,,0.46207091212272644,0.04847962409257889,,0.7476332187652588,,3.3377513885498047,,,,,,,,,,,,,
10,,,,37979,,,,,,,,,,,,0.46207091212272644,0.09208658337593079,,0.40704643726348877,,3.216322422027588,,,,,,,,,,,,,
10,,,,37999,,,,,,,,,,,,0.46207091212272644,0.12515422701835632,,0.6037717461585999,,4.49940299987793,,,,,,,,,,,,,
10,,,,38019,,,,,,,,,,,,0.46207091212272644,0.12123776972293854,,0.5681256651878357,,4.57707405090332,,,,,,,,,,,,,
10,,,,38039,,,,,,,,,,,,0.46207091212272644,0.06867959350347519,,0.8501182198524475,,4.389603614807129,,,,,,,,,,,,,
10,,,,38059,,,,,,,,,,,,0.46207091212272644,0.07696649432182312,,0.4588666260242462,,3.336216926574707,,,,,,,,,,,,,
10,,,,38079,,,,,,,,,,,,0.46207091212272644,0.10212402045726776,,0.5457007884979248,,4.394342422485352,,,,,,,,,,,,,
10,,,,38099,,,,,,,,,,,,0.46207091212272644,0.03786842152476311,,0.9543726444244385,,4.019585609436035,,,,,,,,,,,,,
10,,,,38119,,,,,,,,,,,,0.46207091212272644,0.08218322694301605,,0.4707452654838562,,3.3027305603027344,,,,,,,,,,,,,
10,,,,38139,,,,,,,,,,,,0.46207091212272644,0.06268001347780228,,0.4800277352333069,,3.3112759590148926,,,,,,,,,,,,,
10,,,,38159,,,,,,,,,,,,0.46207091212272644,0.056275755167007446,,0.7995321154594421,,4.321628093719482,,,,,,,,,,,,,
10,,,,38179,,,,,,,,,,,,0.46207091212272644,0.037455931305885315,,0.8249644637107849,,3.5232298374176025,,,,,,,,,,,,,
10,,,,38199,,,,,,,,,,,,0.46207091212272644,0.07762394100427628,,0.40956956148147583,,3.3628673553466797,,,,,,,,,,,,,
10,,,,38219,,,,,,,,,,,,0.46207091212272644,0.11226112395524979,,0.6731358766555786,,4.440500259399414,,,,,,,,,,,,,
10,,,,38239,,,,,,,,,,,,0.46207091212272644,0.04230981320142746,,0.9259600043296814,,4.188782691955566,,,,,,,,,,,,,
10,,,,38259,,,,,,,,,,,,0.46207091212272644,0.05712723731994629,,0.9408410787582397,,4.377071380615234,,,,,,,,,,,,,
10,,,,38279,,,,,,,,,,,,0.46207091212272644,0.07014858722686768,,0.42894884943962097,,3.278855800628662,,,,,,,,,,,,,
10,,,,38299,,,,,,,,,,,,0.46207091212272644,0.05713431537151337,,0.4730498492717743,,3.229612112045288,,,,,,,,,,,,,
10,,,,38301,,,,,,,,,,,,,,,,,,0.6512492299079895,0.8711218237876892,0.6216597557067871,0.6352318525314331,0.5047321319580078,0.6488040089607239,0.5380285382270813,0.6425953507423401,0.6613790392875671,0.8069687485694885,0.8452778458595276,0.28159040212631226,0.6512492299079895
10,,,,38301,,,,,,,,,0.5998057723045349,0.07706832885742188,0.462065726518631,,,0.6200663447380066,,3.8807973861694336,,,,,,,,,,,,,,
,0.00029528747416929463,0.00029528747416929463,2.9528747416929464e-05,38302,,,,,,,,,,,,,,,,,,,,,,,,,,,,,,
11,,,,38319,,,,,,,,,,,,0.46207091212272644,0.10435232520103455,,0.5457251071929932,,4.521355628967285,,,,,,,,,,,,,
11,,,,38339,,,,,,,,,,,,0.46207091212272644,0.06093321740627289,,0.4468332827091217,,3.2981104850769043,,,,,,,,,,,,,
11,,,,38359,,,,,,,,,,,,0.46207091212272644,0.0465543270111084,,0.7549424767494202,,3.357499361038208,,,,,,,,,,,,,
11,,,,38379,,,,,,,,,,,,0.46207091212272644,0.07400611788034439,,0.4221871495246887,,3.208225727081299,,,,,,,,,,,,,
11,,,,38399,,,,,,,,,,,,0.46207091212272644,0.033431217074394226,,0.6897859573364258,,3.132591962814331,,,,,,,,,,,,,
11,,,,38419,,,,,,,,,,,,0.46207091212272644,0.11763132363557816,,0.561775803565979,,4.716736316680908,,,,,,,,,,,,,
11,,,,38439,,,,,,,,,,,,0.46207091212272644,0.09566543251276016,,0.6423948407173157,,4.546567916870117,,,,,,,,,,,,,
11,,,,38459,,,,,,,,,,,,0.46207091212272644,0.03628160059452057,,0.8592599034309387,,3.7060294151306152,,,,,,,,,,,,,
11,,,,38479,,,,,,,,,,,,0.46207091212272644,0.07919676601886749,,0.4770243167877197,,3.437494993209839,,,,,,,,,,,,,
11,,,,38499,,,,,,,,,,,,0.46207091212272644,0.07737025618553162,,0.8414488434791565,,4.375475883483887,,,,,,,,,,,,,
11,,,,38519,,,,,,,,,,,,0.46207091212272644,0.06326387822628021,,0.4131401777267456,,3.267263412475586,,,,,,,,,,,,,
11,,,,38539,,,,,,,,,,,,0.46207091212272644,0.08628053218126297,,0.39944878220558167,,3.2109224796295166,,,,,,,,,,,,,
11,,,,38559,,,,,,,,,,,,0.46207091212272644,0.10988755524158478,,0.5790975093841553,,4.4182233810424805,,,,,,,,,,,,,
11,,,,38579,,,,,,,,,,,,0.46207091212272644,0.11809906363487244,,0.5596761703491211,,4.438729763031006,,,,,,,,,,,,,
11,,,,38599,,,,,,,,,,,,0.46207091212272644,0.06732189655303955,,1.0415287017822266,,4.318007469177246,,,,,,,,,,,,,
11,,,,38619,,,,,,,,,,,,0.46207091212272644,0.05552743747830391,,0.8850159049034119,,4.337777137756348,,,,,,,,,,,,,
11,,,,38639,,,,,,,,,,,,0.46207091212272644,0.08060190081596375,,0.39896494150161743,,3.3383007049560547,,,,,,,,,,,,,
11,,,,38659,,,,,,,,,,,,0.46207091212272644,0.08035526424646378,,0.4631585478782654,,3.248793601989746,,,,,,,,,,,,,
11,,,,38679,,,,,,,,,,,,0.46207091212272644,0.11284580081701279,,0.5545085668563843,,4.344814300537109,,,,,,,,,,,,,
11,,,,38699,,,,,,,,,,,,0.46207091212272644,0.0814516618847847,,0.7426281571388245,,4.343273162841797,,,,,,,,,,,,,
11,,,,38719,,,,,,,,,,,,0.46207091212272644,0.08748248219490051,,0.7772156596183777,,4.283115386962891,,,,,,,,,,,,,
11,,,,38739,,,,,,,,,,,,0.46207091212272644,0.10630221664905548,,0.5499967932701111,,4.323810577392578,,,,,,,,,,,,,
11,,,,38759,,,,,,,,,,,,0.46207091212272644,0.08364100754261017,,0.4712566137313843,,3.3283047676086426,,,,,,,,,,,,,
11,,,,38779,,,,,,,,,,,,0.46207091212272644,0.07839944958686829,,0.43088141083717346,,3.3885645866394043,,,,,,,,,,,,,
11,,,,38799,,,,,,,,,,,,0.46207091212272644,0.036190569400787354,,0.9585410952568054,,3.5900983810424805,,,,,,,,,,,,,
11,,,,38819,,,,,,,,,,,,0.46207091212272644,0.10875453054904938,,0.549562394618988,,4.535055160522461,,,,,,,,,,,,,
11,,,,38839,,,,,,,,,,,,0.46207091212272644,0.07345221936702728,,0.46818825602531433,,3.090240240097046,,,,,,,,,,,,,
11,,,,38859,,,,,,,,,,,,0.46207091212272644,0.11218451708555222,,0.5645288825035095,,4.458292007446289,,,,,,,,,,,,,
11,,,,38879,,,,,,,,,,,,0.46207091212272644,0.1066322922706604,,0.8394647836685181,,4.346595764160156,,,,,,,,,,,,,
11,,,,38899,,,,,,,,,,,,0.46207091212272644,0.07820678502321243,,0.43533438444137573,,3.239978790283203,,,,,,,,,,,,,
11,,,,38919,,,,,,,,,,,,0.46207091212272644,0.05344877764582634,,0.6021559238433838,,3.182779312133789,,,,,,,,,,,,,
11,,,,38939,,,,,,,,,,,,0.46207091212272644,0.07513358443975449,,0.432763010263443,,3.226881504058838,,,,,,,,,,,,,
11,,,,38959,,,,,,,,,,,,0.46207091212272644,0.057565730065107346,,0.43902602791786194,,3.267608642578125,,,,,,,,,,,,,
11,,,,38979,,,,,,,,,,,,0.46207091212272644,0.07259216159582138,,0.39254072308540344,,3.258902072906494,,,,,,,,,,,,,
11,,,,38999,,,,,,,,,,,,0.46207091212272644,0.08846993744373322,,0.6932746767997742,,4.442548751831055,,,,,,,,,,,,,
11,,,,39019,,,,,,,,,,,,0.46207091212272644,0.06231279671192169,,0.47012263536453247,,3.238097906112671,,,,,,,,,,,,,
11,,,,39039,,,,,,,,,,,,0.46207091212272644,0.07022339105606079,,0.4194902777671814,,3.168804168701172,,,,,,,,,,,,,
11,,,,39059,,,,,,,,,,,,0.46207091212272644,0.11870688199996948,,0.5463805198669434,,4.539086818695068,,,,,,,,,,,,,
11,,,,39079,,,,,,,,,,,,0.46207091212272644,0.06324337422847748,,0.8846078515052795,,4.481762886047363,,,,,,,,,,,,,
11,,,,39099,,,,,,,,,,,,0.46207091212272644,0.10337086766958237,,0.5380391478538513,,4.511988639831543,,,,,,,,,,,,,
11,,,,39119,,,,,,,,,,,,0.46207091212272644,0.10914314538240433,,0.5686335563659668,,4.4219560623168945,,,,,,,,,,,,,
11,,,,39139,,,,,,,,,,,,0.46207091212272644,0.13438795506954193,,0.5368397831916809,,4.423305988311768,,,,,,,,,,,,,
11,,,,39159,,,,,,,,,,,,0.46207091212272644,0.07460208982229233,,0.8375138640403748,,4.480689525604248,,,,,,,,,,,,,
11,,,,39179,,,,,,,,,,,,0.46207091212272644,0.06416566669940948,,0.9112405180931091,,4.499515533447266,,,,,,,,,,,,,
11,,,,39199,,,,,,,,,,,,0.46207091212272644,0.04674016684293747,,0.9511760473251343,,4.2725677490234375,,,,,,,,,,,,,
11,,,,39219,,,,,,,,,,,,0.46207091212272644,0.038402531296014786,,0.831076443195343,,3.22520112991333,,,,,,,,,,,,,
11,,,,39239,,,,,,,,,,,,0.46207091212272644,0.03943907469511032,,0.9016631841659546,,4.058245658874512,,,,,,,,,,,,,
11,,,,39259,,,,,,,,,,,,0.46207091212272644,0.09049518406391144,,0.6479760408401489,,4.622885227203369,,,,,,,,,,,,,
11,,,,39279,,,,,,,,,,,,0.46207091212272644,0.07426436245441437,,0.4148655831813812,,3.248694896697998,,,,,,,,,,,,,
11,,,,39299,,,,,,,,,,,,0.46207091212272644,0.07238726317882538,,0.443928062915802,,3.247138738632202,,,,,,,,,,,,,
11,,,,39319,,,,,,,,,,,,0.46207091212272644,0.041724301874637604,,0.7164338827133179,,3.2908694744110107,,,,,,,,,,,,,
11,,,,39339,,,,,,,,,,,,0.46207091212272644,0.04021663963794708,,0.851568877696991,,3.6600840091705322,,,,,,,,,,,,,
11,,,,39359,,,,,,,,,,,,0.46207091212272644,0.03221913054585457,,0.7885145545005798,,3.3147008419036865,,,,,,,,,,,,,
11,,,,39379,,,,,,,,,,,,0.46207091212272644,0.06891115754842758,,0.47769322991371155,,3.270015239715576,,,,,,,,,,,,,
11,,,,39399,,,,,,,,,,,,0.46207091212272644,0.1067749559879303,,0.5303203463554382,,4.407761096954346,,,,,,,,,,,,,
11,,,,39419,,,,,,,,,,,,0.46207091212272644,0.12144458293914795,,0.611097514629364,,4.384466648101807,,,,,,,,,,,,,
11,,,,39439,,,,,,,,,,,,0.46207091212272644,0.04436168074607849,,0.6139411330223083,,3.355485677719116,,,,,,,,,,,,,
11,,,,39459,,,,,,,,,,,,0.46207091212272644,0.07600133121013641,,0.4220401346683502,,3.2388956546783447,,,,,,,,,,,,,
11,,,,39479,,,,,,,,,,,,0.46207091212272644,0.07059867680072784,,0.4083442986011505,,3.1967239379882812,,,,,,,,,,,,,
11,,,,39499,,,,,,,,,,,,0.46207091212272644,0.07385294139385223,,0.4038061797618866,,3.2819833755493164,,,,,,,,,,,,,
11,,,,39519,,,,,,,,,,,,0.46207091212272644,0.1068439781665802,,0.5566055178642273,,4.396152019500732,,,,,,,,,,,,,
11,,,,39539,,,,,,,,,,,,0.46207091212272644,0.12052984535694122,,0.5321965217590332,,4.440054416656494,,,,,,,,,,,,,
11,,,,39559,,,,,,,,,,,,0.46207091212272644,0.04571249336004257,,0.6957942843437195,,3.25807523727417,,,,,,,,,,,,,
11,,,,39579,,,,,,,,,,,,0.46207091212272644,0.05074579268693924,,0.966998279094696,,4.394499778747559,,,,,,,,,,,,,
11,,,,39599,,,,,,,,,,,,0.46207091212272644,0.05662429332733154,,0.4463537931442261,,3.436903953552246,,,,,,,,,,,,,
11,,,,39619,,,,,,,,,,,,0.46207091212272644,0.10401801764965057,,0.5293616056442261,,4.388158798217773,,,,,,,,,,,,,
11,,,,39639,,,,,,,,,,,,0.46207091212272644,0.09830664843320847,,0.5239371061325073,,4.420255661010742,,,,,,,,,,,,,
11,,,,39659,,,,,,,,,,,,0.46207091212272644,0.06695915013551712,,0.8828383684158325,,4.468774318695068,,,,,,,,,,,,,
11,,,,39679,,,,,,,,,,,,0.46207091212272644,0.05968229100108147,,0.7970989346504211,,4.44427490234375,,,,,,,,,,,,,
11,,,,39699,,,,,,,,,,,,0.46207091212272644,0.04888693243265152,,0.7635889649391174,,3.290919303894043,,,,,,,,,,,,,
11,,,,39719,,,,,,,,,,,,0.46207091212272644,0.06894207000732422,,0.390659898519516,,3.132148265838623,,,,,,,,,,,,,
11,,,,39739,,,,,,,,,,,,0.46207091212272644,0.10806208848953247,,0.5529825687408447,,4.492171287536621,,,,,,,,,,,,,
11,,,,39759,,,,,,,,,,,,0.46207091212272644,0.07974520325660706,,0.39457523822784424,,3.203920841217041,,,,,,,,,,,,,
11,,,,39779,,,,,,,,,,,,0.46207091212272644,0.055206313729286194,,0.9986479878425598,,4.334984302520752,,,,,,,,,,,,,
11,,,,39799,,,,,,,,,,,,0.46207091212272644,0.09609018266201019,,0.5416425466537476,,4.506962299346924,,,,,,,,,,,,,
11,,,,39819,,,,,,,,,,,,0.46207091212272644,0.09120022505521774,,0.41264843940734863,,3.1710264682769775,,,,,,,,,,,,,
11,,,,39839,,,,,,,,,,,,0.46207091212272644,0.12461388856172562,,0.6344070434570312,,4.663006782531738,,,,,,,,,,,,,
11,,,,39859,,,,,,,,,,,,0.46207091212272644,0.04047510772943497,,0.8672720193862915,,3.3557960987091064,,,,,,,,,,,,,
11,,,,39879,,,,,,,,,,,,0.46207091212272644,0.0956352949142456,,0.5421236753463745,,4.411417007446289,,,,,,,,,,,,,
11,,,,39899,,,,,,,,,,,,0.46207091212272644,0.08528058975934982,,0.4296349883079529,,3.3502724170684814,,,,,,,,,,,,,
11,,,,39919,,,,,,,,,,,,0.46207091212272644,0.045994434505701065,,0.7099564671516418,,3.315943717956543,,,,,,,,,,,,,
11,,,,39939,,,,,,,,,,,,0.46207091212272644,0.038737162947654724,,0.9289268851280212,,3.73337721824646,,,,,,,,,,,,,
11,,,,39959,,,,,,,,,,,,0.46207091212272644,0.08041363954544067,,0.7085636258125305,,4.406627655029297,,,,,,,,,,,,,
11,,,,39979,,,,,,,,,,,,0.46207091212272644,0.09020986407995224,,0.4595644474029541,,3.215158700942993,,,,,,,,,,,,,
11,,,,39999,,,,,,,,,,,,0.46207091212272644,0.053828321397304535,,0.4455421268939972,,3.245150566101074,,,,,,,,,,,,,
11,,,,40019,,,,,,,,,,,,0.46207091212272644,0.07887469977140427,,0.6758444905281067,,3.090402364730835,,,,,,,,,,,,,
11,,,,40039,,,,,,,,,,,,0.46207091212272644,0.06683197617530823,,0.41302916407585144,,3.1542935371398926,,,,,,,,,,,,,
11,,,,40059,,,,,,,,,,,,0.46207091212272644,0.03858589753508568,,0.8097671270370483,,3.287668228149414,,,,,,,,,,,,,
11,,,,40079,,,,,,,,,,,,0.46207091212272644,0.08980503678321838,,0.38777419924736023,,3.171739101409912,,,,,,,,,,,,,
11,,,,40099,,,,,,,,,,,,0.46207091212272644,0.1257610321044922,,0.5414576530456543,,4.415339469909668,,,,,,,,,,,,,
11,,,,40119,,,,,,,,,,,,0.46207091212272644,0.12619653344154358,,0.5219141840934753,,4.335023403167725,,,,,,,,,,,,,
11,,,,40139,,,,,,,,,,,,0.46207091212272644,0.09540945291519165,,0.6652421355247498,,4.401012420654297,,,,,,,,,,,,,
11,,,,40159,,,,,,,,,,,,0.46207091212272644,0.06905661523342133,,0.7922601699829102,,4.503810405731201,,,,,,,,,,,,,
11,,,,40179,,,,,,,,,,,,0.46207091212272644,0.12341618537902832,,0.5375839471817017,,4.467609405517578,,,,,,,,,,,,,
11,,,,40199,,,,,,,,,,,,0.46207091212272644,0.04490265995264053,,0.8578847050666809,,3.4258556365966797,,,,,,,,,,,,,
11,,,,40219,,,,,,,,,,,,0.46207091212272644,0.042638327926397324,,0.7383211851119995,,3.3063530921936035,,,,,,,,,,,,,
11,,,,40239,,,,,,,,,,,,0.46207091212272644,0.042757682502269745,,0.7106779217720032,,3.2371485233306885,,,,,,,,,,,,,
11,,,,40259,,,,,,,,,,,,0.46207091212272644,0.04627642035484314,,0.9759631752967834,,4.404280662536621,,,,,,,,,,,,,
11,,,,40279,,,,,,,,,,,,0.46207091212272644,0.08601345121860504,,0.4779435694217682,,3.2081570625305176,,,,,,,,,,,,,
11,,,,40299,,,,,,,,,,,,0.46207091212272644,0.06681232154369354,,0.6535328030586243,,3.345731019973755,,,,,,,,,,,,,
11,,,,40319,,,,,,,,,,,,0.46207091212272644,0.08080272376537323,,0.41154956817626953,,3.358407974243164,,,,,,,,,,,,,
11,,,,40339,,,,,,,,,,,,0.46207091212272644,0.0909062922000885,,0.4470054507255554,,3.288297176361084,,,,,,,,,,,,,
11,,,,40359,,,,,,,,,,,,0.46207091212272644,0.09465469419956207,,0.6437606811523438,,4.427364826202393,,,,,,,,,,,,,
11,,,,40379,,,,,,,,,,,,0.46207091212272644,0.10519973933696747,,0.5343984961509705,,4.362818717956543,,,,,,,,,,,,,
11,,,,40399,,,,,,,,,,,,0.46207091212272644,0.08222681283950806,,0.3982582092285156,,3.255765199661255,,,,,,,,,,,,,
11,,,,40419,,,,,,,,,,,,0.46207091212272644,0.05774785950779915,,0.642508327960968,,3.248957633972168,,,,,,,,,,,,,
11,,,,40439,,,,,,,,,,,,0.46207091212272644,0.10987122356891632,,0.5667164325714111,,4.390278339385986,,,,,,,,,,,,,
11,,,,40459,,,,,,,,,,,,0.46207091212272644,0.10899125039577484,,0.6110486388206482,,4.341897487640381,,,,,,,,,,,,,
11,,,,40479,,,,,,,,,,,,0.46207091212272644,0.0692242980003357,,0.4075638949871063,,3.351663112640381,,,,,,,,,,,,,
11,,,,40499,,,,,,,,,,,,0.46207091212272644,0.08760243654251099,,0.40184515714645386,,3.3470468521118164,,,,,,,,,,,,,
11,,,,40519,,,,,,,,,,,,0.46207091212272644,0.11548124253749847,,0.5268207788467407,,4.37932825088501,,,,,,,,,,,,,
11,,,,40539,,,,,,,,,,,,0.46207091212272644,0.07938532531261444,,0.7110390663146973,,4.375737190246582,,,,,,,,,,,,,
11,,,,40559,,,,,,,,,,,,0.46207091212272644,0.08128057420253754,,0.410511314868927,,3.3098702430725098,,,,,,,,,,,,,
11,,,,40579,,,,,,,,,,,,0.46207091212272644,0.08578573167324066,,0.4406431019306183,,3.153151512145996,,,,,,,,,,,,,
11,,,,40599,,,,,,,,,,,,0.46207091212272644,0.03894239664077759,,0.8927097320556641,,3.735866069793701,,,,,,,,,,,,,
11,,,,40619,,,,,,,,,,,,0.46207091212272644,0.06903599947690964,,0.936352550983429,,4.535865783691406,,,,,,,,,,,,,
11,,,,40639,,,,,,,,,,,,0.46207091212272644,0.04240129142999649,,0.9542514085769653,,4.241405963897705,,,,,,,,,,,,,
11,,,,40659,,,,,,,,,,,,0.46207091212272644,0.11191260069608688,,0.560991108417511,,4.444108963012695,,,,,,,,,,,,,
11,,,,40679,,,,,,,,,,,,0.46207091212272644,0.08753176778554916,,0.6613520979881287,,4.336918830871582,,,,,,,,,,,,,
11,,,,40699,,,,,,,,,,,,0.46207091212272644,0.045738156884908676,,0.6580706834793091,,3.452732801437378,,,,,,,,,,,,,
11,,,,40719,,,,,,,,,,,,0.46207091212272644,0.059786319732666016,,0.601813793182373,,3.422471046447754,,,,,,,,,,,,,
11,,,,40739,,,,,,,,,,,,0.46207091212272644,0.09476634860038757,,0.5227915644645691,,4.396377086639404,,,,,,,,,,,,,
11,,,,40759,,,,,,,,,,,,0.46207091212272644,0.08175390958786011,,0.4086645245552063,,3.228219985961914,,,,,,,,,,,,,
11,,,,40779,,,,,,,,,,,,0.46207091212272644,0.07427841424942017,,0.8237258195877075,,3.248189926147461,,,,,,,,,,,,,
11,,,,40799,,,,,,,,,,,,0.46207091212272644,0.043934982270002365,,0.897647500038147,,3.619459867477417,,,,,,,,,,,,,
11,,,,40819,,,,,,,,,,,,0.46207091212272644,0.11591966450214386,,0.5265323519706726,,4.407665252685547,,,,,,,,,,,,,
11,,,,40839,,,,,,,,,,,,0.46207091212272644,0.10032801330089569,,0.5121555328369141,,4.326587677001953,,,,,,,,,,,,,
11,,,,40859,,,,,,,,,,,,0.46207091212272644,0.06347529590129852,,0.7231698632240295,,4.309446334838867,,,,,,,,,,,,,
11,,,,40879,,,,,,,,,,,,0.46207091212272644,0.044652059674263,,1.0011451244354248,,3.9698801040649414,,,,,,,,,,,,,
11,,,,40899,,,,,,,,,,,,0.46207091212272644,0.07321998476982117,,0.41566863656044006,,3.406369209289551,,,,,,,,,,,,,
11,,,,40919,,,,,,,,,,,,0.46207091212272644,0.06499533355236053,,0.413765013217926,,3.278337001800537,,,,,,,,,,,,,
11,,,,40939,,,,,,,,,,,,0.46207091212272644,0.07861840724945068,,0.48403283953666687,,3.1527345180511475,,,,,,,,,,,,,
11,,,,40959,,,,,,,,,,,,0.46207091212272644,0.08629097044467926,,0.3982773721218109,,3.1834166049957275,,,,,,,,,,,,,
11,,,,40979,,,,,,,,,,,,0.46207091212272644,0.09236560761928558,,0.39548587799072266,,3.2326302528381348,,,,,,,,,,,,,
11,,,,40999,,,,,,,,,,,,0.46207091212272644,0.08252821862697601,,0.40851160883903503,,3.297934055328369,,,,,,,,,,,,,
11,,,,41019,,,,,,,,,,,,0.46207091212272644,0.07749906927347183,,0.40816450119018555,,3.312889575958252,,,,,,,,,,,,,
11,,,,41039,,,,,,,,,,,,0.46207091212272644,0.11324180662631989,,0.5399711728096008,,4.355993270874023,,,,,,,,,,,,,
11,,,,41059,,,,,,,,,,,,0.46207091212272644,0.043534331023693085,,0.6781980395317078,,3.2910571098327637,,,,,,,,,,,,,
11,,,,41079,,,,,,,,,,,,0.46207091212272644,0.09501637518405914,,0.41707900166511536,,3.1666226387023926,,,,,,,,,,,,,
11,,,,41099,,,,,,,,,,,,0.46207091212272644,0.08018173277378082,,0.40743565559387207,,3.024235248565674,,,,,,,,,,,,,
11,,,,41119,,,,,,,,,,,,0.46207091212272644,0.11453954130411148,,0.5396527647972107,,4.568814754486084,,,,,,,,,,,,,
11,,,,41139,,,,,,,,,,,,0.46207091212272644,0.04003974795341492,,0.9689270853996277,,4.186834335327148,,,,,,,,,,,,,
11,,,,41159,,,,,,,,,,,,0.46207091212272644,0.09293349832296371,,0.3965279459953308,,3.2283525466918945,,,,,,,,,,,,,
11,,,,41179,,,,,,,,,,,,0.46207091212272644,0.12664516270160675,,0.5336574912071228,,4.505124092102051,,,,,,,,,,,,,
11,,,,41199,,,,,,,,,,,,0.46207091212272644,0.06846906989812851,,0.5833714008331299,,3.2701687812805176,,,,,,,,,,,,,
11,,,,41219,,,,,,,,,,,,0.46207091212272644,0.047994859516620636,,0.9673333764076233,,4.073383331298828,,,,,,,,,,,,,
11,,,,41239,,,,,,,,,,,,0.46207091212272644,0.060170359909534454,,0.6454033851623535,,3.2889809608459473,,,,,,,,,,,,,
11,,,,41259,,,,,,,,,,,,0.46207091212272644,0.11233396828174591,,0.5322704315185547,,4.502825736999512,,,,,,,,,,,,,
11,,,,41279,,,,,,,,,,,,0.46207091212272644,0.11176150292158127,,0.5336178541183472,,4.406617641448975,,,,,,,,,,,,,
11,,,,41299,,,,,,,,,,,,0.46207091212272644,0.08531926572322845,,0.7074441909790039,,4.318767547607422,,,,,,,,,,,,,
11,,,,41319,,,,,,,,,,,,0.46207091212272644,0.07413849234580994,,0.49381572008132935,,3.353408098220825,,,,,,,,,,,,,
11,,,,41339,,,,,,,,,,,,0.46207091212272644,0.0962529331445694,,0.7398713827133179,,4.366034507751465,,,,,,,,,,,,,
11,,,,41359,,,,,,,,,,,,0.46207091212272644,0.10228165984153748,,0.5717124938964844,,4.442135810852051,,,,,,,,,,,,,
11,,,,41379,,,,,,,,,,,,0.46207091212272644,0.08862225711345673,,0.616951048374176,,4.4057464599609375,,,,,,,,,,,,,
11,,,,41399,,,,,,,,,,,,0.46207091212272644,0.11339211463928223,,0.5425271987915039,,4.377028942108154,,,,,,,,,,,,,
11,,,,41419,,,,,,,,,,,,0.46207091212272644,0.08017847687005997,,0.4338371157646179,,3.3648476600646973,,,,,,,,,,,,,
11,,,,41439,,,,,,,,,,,,0.46207091212272644,0.07824651151895523,,0.395691841840744,,3.2699341773986816,,,,,,,,,,,,,
11,,,,41459,,,,,,,,,,,,0.46207091212272644,0.04220477119088173,,0.8662488460540771,,3.6906516551971436,,,,,,,,,,,,,
11,,,,41479,,,,,,,,,,,,0.46207091212272644,0.0641842931509018,,0.8300936222076416,,4.482597351074219,,,,,,,,,,,,,
11,,,,41499,,,,,,,,,,,,0.46207091212272644,0.08327561616897583,,0.39456772804260254,,3.269595146179199,,,,,,,,,,,,,
11,,,,41519,,,,,,,,,,,,0.46207091212272644,0.0894349068403244,,0.5549822449684143,,3.3247485160827637,,,,,,,,,,,,,
11,,,,41539,,,,,,,,,,,,0.46207091212272644,0.0801226794719696,,0.835623025894165,,4.5479350090026855,,,,,,,,,,,,,
11,,,,41559,,,,,,,,,,,,0.46207091212272644,0.10284705460071564,,0.5344682335853577,,4.415027618408203,,,,,,,,,,,,,
11,,,,41579,,,,,,,,,,,,0.46207091212272644,0.08196039497852325,,0.5453822016716003,,3.302748203277588,,,,,,,,,,,,,
11,,,,41599,,,,,,,,,,,,0.46207091212272644,0.07975460588932037,,0.5552399158477783,,4.430899620056152,,,,,,,,,,,,,
11,,,,41619,,,,,,,,,,,,0.46207091212272644,0.09075342863798141,,0.5961995124816895,,4.463608741760254,,,,,,,,,,,,,
11,,,,41639,,,,,,,,,,,,0.46207091212272644,0.0987139567732811,,0.5427196621894836,,4.40470027923584,,,,,,,,,,,,,
11,,,,41659,,,,,,,,,,,,0.46207091212272644,0.10674070566892624,,0.5510574579238892,,4.453084945678711,,,,,,,,,,,,,
11,,,,41679,,,,,,,,,,,,0.46207091212272644,0.09184367954730988,,0.46902596950531006,,3.267709493637085,,,,,,,,,,,,,
11,,,,41699,,,,,,,,,,,,0.46207091212272644,0.09399207681417465,,0.7372520565986633,,4.484867095947266,,,,,,,,,,,,,
11,,,,41719,,,,,,,,,,,,0.46207091212272644,0.058031849563121796,,0.5684413313865662,,3.2239809036254883,,,,,,,,,,,,,
11,,,,41739,,,,,,,,,,,,0.46207091212272644,0.08650949597358704,,0.37779349088668823,,3.0775086879730225,,,,,,,,,,,,,
11,,,,41759,,,,,,,,,,,,0.46207091212272644,0.0577145516872406,,0.8338566422462463,,4.422001361846924,,,,,,,,,,,,,
11,,,,41779,,,,,,,,,,,,0.46207091212272644,0.04322325810790062,,0.8984816074371338,,3.6683030128479004,,,,,,,,,,,,,
11,,,,41783,,,,,,,,,,,,,,,,,,0.6993236541748047,0.8561304807662964,0.6987488269805908,0.699434757232666,0.5475797057151794,0.7001206278800964,0.6317092180252075,0.734138548374176,0.6631920337677002,0.8134245276451111,0.7973479628562927,0.526517927646637,0.6993236541748047
11,,,,41783,,,,,,,,,0.6179671287536621,0.0786699503660202,0.462065726518631,,,0.6102645397186279,,3.8493247032165527,,,,,,,,,,,,,,
,0.00029359792462981004,0.00029359792462981004,2.9359792462981004e-05,41784,,,,,,,,,,,,,,,,,,,,,,,,,,,,,,
12,,,,41799,,,,,,,,,,,,0.46207091212272644,0.08679014444351196,,0.434330016374588,,3.1729142665863037,,,,,,,,,,,,,
12,,,,41819,,,,,,,,,,,,0.46207091212272644,0.06521671265363693,,0.8521829843521118,,4.3693928718566895,,,,,,,,,,,,,
12,,,,41839,,,,,,,,,,,,0.46207091212272644,0.10808065533638,,0.6044551134109497,,4.398005485534668,,,,,,,,,,,,,
12,,,,41859,,,,,,,,,,,,0.46207091212272644,0.11389381438493729,,0.556669294834137,,4.434959411621094,,,,,,,,,,,,,
12,,,,41879,,,,,,,,,,,,0.46207091212272644,0.10237628221511841,,0.6310994029045105,,4.340610027313232,,,,,,,,,,,,,
12,,,,41899,,,,,,,,,,,,0.46207091212272644,0.08282618224620819,,0.42408475279808044,,3.4129583835601807,,,,,,,,,,,,,
12,,,,41919,,,,,,,,,,,,0.46207091212272644,0.04241284355521202,,0.8442709445953369,,3.8710625171661377,,,,,,,,,,,,,
12,,,,41939,,,,,,,,,,,,0.46207091212272644,0.1085943728685379,,0.5356225371360779,,4.416065216064453,,,,,,,,,,,,,
12,,,,41959,,,,,,,,,,,,0.46207091212272644,0.04276766628026962,,0.8904434442520142,,3.9325077533721924,,,,,,,,,,,,,
12,,,,41979,,,,,,,,,,,,0.46207091212272644,0.04977157711982727,,0.916854739189148,,4.399600982666016,,,,,,,,,,,,,
12,,,,41999,,,,,,,,,,,,0.46207091212272644,0.0834241509437561,,0.3939514756202698,,3.2119827270507812,,,,,,,,,,,,,
12,,,,42019,,,,,,,,,,,,0.46207091212272644,0.09220487624406815,,0.45027831196784973,,3.221458911895752,,,,,,,,,,,,,
12,,,,42039,,,,,,,,,,,,0.46207091212272644,0.1087661013007164,,0.5540429353713989,,4.3682355880737305,,,,,,,,,,,,,
12,,,,42059,,,,,,,,,,,,0.46207091212272644,0.04402770847082138,,0.9120398163795471,,4.389291286468506,,,,,,,,,,,,,
12,,,,42079,,,,,,,,,,,,0.46207091212272644,0.08809951692819595,,0.6386414766311646,,4.570865631103516,,,,,,,,,,,,,
12,,,,42099,,,,,,,,,,,,0.46207091212272644,0.033063553273677826,,1.0275331735610962,,3.7563161849975586,,,,,,,,,,,,,
12,,,,42119,,,,,,,,,,,,0.46207091212272644,0.09330917149782181,,0.5337678790092468,,4.42252254486084,,,,,,,,,,,,,
12,,,,42139,,,,,,,,,,,,0.46207091212272644,0.0782058984041214,,0.3943593502044678,,3.2097043991088867,,,,,,,,,,,,,
12,,,,42159,,,,,,,,,,,,0.46207091212272644,0.04532589763402939,,0.9842711091041565,,4.196634769439697,,,,,,,,,,,,,
12,,,,42179,,,,,,,,,,,,0.46207091212272644,0.08360590040683746,,0.41493067145347595,,3.262484550476074,,,,,,,,,,,,,
12,,,,42199,,,,,,,,,,,,0.46207091212272644,0.09634805470705032,,0.5344334840774536,,4.4323039054870605,,,,,,,,,,,,,
12,,,,42219,,,,,,,,,,,,0.46207091212272644,0.1154937669634819,,0.5563167929649353,,4.452775001525879,,,,,,,,,,,,,
12,,,,42239,,,,,,,,,,,,0.46207091212272644,0.10328751802444458,,0.618395209312439,,4.438721179962158,,,,,,,,,,,,,
12,,,,42259,,,,,,,,,,,,0.46207091212272644,0.11894658207893372,,0.5409454107284546,,4.285346031188965,,,,,,,,,,,,,
12,,,,42279,,,,,,,,,,,,0.46207091212272644,0.11330154538154602,,0.5111019611358643,,4.26265811920166,,,,,,,,,,,,,
12,,,,42299,,,,,,,,,,,,0.46207091212272644,0.11767217516899109,,0.5283315777778625,,4.3216657638549805,,,,,,,,,,,,,
12,,,,42319,,,,,,,,,,,,0.46207091212272644,0.07652584463357925,,0.4162205457687378,,3.394239664077759,,,,,,,,,,,,,
12,,,,42339,,,,,,,,,,,,0.46207091212272644,0.07322824001312256,,0.4579536020755768,,3.363564968109131,,,,,,,,,,,,,
12,,,,42359,,,,,,,,,,,,0.46207091212272644,0.09108810126781464,,0.38914915919303894,,3.1926217079162598,,,,,,,,,,,,,
12,,,,42379,,,,,,,,,,,,0.46207091212272644,0.08737799525260925,,0.5634980201721191,,4.529385089874268,,,,,,,,,,,,,
12,,,,42399,,,,,,,,,,,,0.46207091212272644,0.10100105404853821,,0.5315170884132385,,4.411261558532715,,,,,,,,,,,,,
12,,,,42419,,,,,,,,,,,,0.46207091212272644,0.09981855750083923,,0.5713419318199158,,4.448599338531494,,,,,,,,,,,,,
12,,,,42439,,,,,,,,,,,,0.46207091212272644,0.03646991401910782,,0.8953884840011597,,3.901423215866089,,,,,,,,,,,,,
12,,,,42459,,,,,,,,,,,,0.46207091212272644,0.05370910465717316,,0.9515483379364014,,4.341009616851807,,,,,,,,,,,,,
12,,,,42479,,,,,,,,,,,,0.46207091212272644,0.08809711039066315,,0.4249049425125122,,3.301196575164795,,,,,,,,,,,,,
12,,,,42499,,,,,,,,,,,,0.46207091212272644,0.11582648754119873,,0.5432615280151367,,4.461146354675293,,,,,,,,,,,,,
12,,,,42519,,,,,,,,,,,,0.46207091212272644,0.103482685983181,,0.5832727551460266,,4.370476722717285,,,,,,,,,,,,,
12,,,,42539,,,,,,,,,,,,0.46207091212272644,0.11146359145641327,,0.5199331045150757,,4.399106025695801,,,,,,,,,,,,,
12,,,,42559,,,,,,,,,,,,0.46207091212272644,0.09757302701473236,,0.5225920677185059,,4.397809028625488,,,,,,,,,,,,,
12,,,,42579,,,,,,,,,,,,0.46207091212272644,0.1010255292057991,,0.5253502726554871,,4.375744819641113,,,,,,,,,,,,,
12,,,,42599,,,,,,,,,,,,0.46207091212272644,0.08030244708061218,,0.4025595784187317,,3.2821927070617676,,,,,,,,,,,,,
12,,,,42619,,,,,,,,,,,,0.46207091212272644,0.043951984494924545,,0.9136351943016052,,3.684542417526245,,,,,,,,,,,,,
12,,,,42639,,,,,,,,,,,,0.46207091212272644,0.03644823282957077,,0.9574073553085327,,3.6910037994384766,,,,,,,,,,,,,
12,,,,42659,,,,,,,,,,,,0.46207091212272644,0.08720511943101883,,0.4442581534385681,,3.295344352722168,,,,,,,,,,,,,
12,,,,42679,,,,,,,,,,,,0.46207091212272644,0.11094236373901367,,0.7674946784973145,,4.355249404907227,,,,,,,,,,,,,
12,,,,42699,,,,,,,,,,,,0.46207091212272644,0.06868432462215424,,0.4440367519855499,,3.3872525691986084,,,,,,,,,,,,,
12,,,,42719,,,,,,,,,,,,0.46207091212272644,0.08480434119701385,,0.40296471118927,,3.1634879112243652,,,,,,,,,,,,,
12,,,,42739,,,,,,,,,,,,0.46207091212272644,0.048433780670166016,,1.0238196849822998,,4.331908226013184,,,,,,,,,,,,,
12,,,,42759,,,,,,,,,,,,0.46207091212272644,0.10362601280212402,,0.6290123462677002,,4.505247116088867,,,,,,,,,,,,,
12,,,,42779,,,,,,,,,,,,0.46207091212272644,0.08278563618659973,,0.42986878752708435,,3.1508398056030273,,,,,,,,,,,,,
12,,,,42799,,,,,,,,,,,,0.46207091212272644,0.08375487476587296,,0.4065346121788025,,3.1969447135925293,,,,,,,,,,,,,
12,,,,42819,,,,,,,,,,,,0.46207091212272644,0.08797687292098999,,0.4053356647491455,,3.23284912109375,,,,,,,,,,,,,
12,,,,42839,,,,,,,,,,,,0.46207091212272644,0.11946368217468262,,0.5377320647239685,,4.436629295349121,,,,,,,,,,,,,
12,,,,42859,,,,,,,,,,,,0.46207091212272644,0.1207713857293129,,0.5227898955345154,,4.378619194030762,,,,,,,,,,,,,
12,,,,42879,,,,,,,,,,,,0.46207091212272644,0.0673203319311142,,0.7122128009796143,,4.396628379821777,,,,,,,,,,,,,
12,,,,42899,,,,,,,,,,,,0.46207091212272644,0.04005526006221771,,0.8226707577705383,,3.4473118782043457,,,,,,,,,,,,,
12,,,,42919,,,,,,,,,,,,0.46207091212272644,0.05097139626741409,,0.94076007604599,,4.139583110809326,,,,,,,,,,,,,
12,,,,42939,,,,,,,,,,,,0.46207091212272644,0.04451087862253189,,0.8719596862792969,,4.043953895568848,,,,,,,,,,,,,
12,,,,42959,,,,,,,,,,,,0.46207091212272644,0.10737870633602142,,0.52536940574646,,4.451071739196777,,,,,,,,,,,,,
12,,,,42979,,,,,,,,,,,,0.46207091212272644,0.06024196743965149,,0.8748869895935059,,4.4825921058654785,,,,,,,,,,,,,
12,,,,42999,,,,,,,,,,,,0.46207091212272644,0.09458073228597641,,0.7004373669624329,,4.457730770111084,,,,,,,,,,,,,
12,,,,43019,,,,,,,,,,,,0.46207091212272644,0.04828096926212311,,0.9195371270179749,,4.212093353271484,,,,,,,,,,,,,
12,,,,43039,,,,,,,,,,,,0.46207091212272644,0.08716952055692673,,0.4177512526512146,,3.300992012023926,,,,,,,,,,,,,
12,,,,43059,,,,,,,,,,,,0.46207091212272644,0.08478640019893646,,0.4551524817943573,,3.167774200439453,,,,,,,,,,,,,
12,,,,43079,,,,,,,,,,,,0.46207091212272644,0.0861218273639679,,0.3891852796077728,,3.205803155899048,,,,,,,,,,,,,
12,,,,43099,,,,,,,,,,,,0.46207091212272644,0.09852482378482819,,0.5454162359237671,,4.501099586486816,,,,,,,,,,,,,
12,,,,43119,,,,,,,,,,,,0.46207091212272644,0.09081851691007614,,0.39657723903656006,,3.230341672897339,,,,,,,,,,,,,
12,,,,43139,,,,,,,,,,,,0.46207091212272644,0.10694050788879395,,0.5191690325737,,4.364101409912109,,,,,,,,,,,,,
12,,,,43159,,,,,,,,,,,,0.46207091212272644,0.03593460097908974,,0.8502892255783081,,3.6152729988098145,,,,,,,,,,,,,
12,,,,43179,,,,,,,,,,,,0.46207091212272644,0.07433141022920609,,0.7576926946640015,,4.421639919281006,,,,,,,,,,,,,
12,,,,43199,,,,,,,,,,,,0.46207091212272644,0.08686316013336182,,0.40258359909057617,,3.26644229888916,,,,,,,,,,,,,
12,,,,43219,,,,,,,,,,,,0.46207091212272644,0.0880487933754921,,0.5408576130867004,,4.304765701293945,,,,,,,,,,,,,
12,,,,43239,,,,,,,,,,,,0.46207091212272644,0.05252384766936302,,0.5977113842964172,,3.3613510131835938,,,,,,,,,,,,,
12,,,,43259,,,,,,,,,,,,0.46207091212272644,0.06165998429059982,,0.4378407299518585,,3.3961517810821533,,,,,,,,,,,,,
12,,,,43279,,,,,,,,,,,,0.46207091212272644,0.11584541201591492,,0.5287309885025024,,4.3301286697387695,,,,,,,,,,,,,
12,,,,43299,,,,,,,,,,,,0.46207091212272644,0.08265995979309082,,0.4360833466053009,,3.42673921585083,,,,,,,,,,,,,
12,,,,43319,,,,,,,,,,,,0.46207091212272644,0.1202457994222641,,0.5625301003456116,,4.298682689666748,,,,,,,,,,,,,
12,,,,43339,,,,,,,,,,,,0.46207091212272644,0.042799897491931915,,0.6208526492118835,,3.3463246822357178,,,,,,,,,,,,,
12,,,,43359,,,,,,,,,,,,0.46207091212272644,0.10993986576795578,,0.6714464426040649,,4.393190860748291,,,,,,,,,,,,,
12,,,,43379,,,,,,,,,,,,0.46207091212272644,0.09657169878482819,,0.4035918116569519,,3.3062212467193604,,,,,,,,,,,,,
12,,,,43399,,,,,,,,,,,,0.46207091212272644,0.05856620520353317,,0.911276638507843,,4.322184085845947,,,,,,,,,,,,,
12,,,,43419,,,,,,,,,,,,0.46207091212272644,0.050774164497852325,,0.8532108664512634,,3.5164122581481934,,,,,,,,,,,,,
12,,,,43439,,,,,,,,,,,,0.46207091212272644,0.06531912833452225,,0.5927476286888123,,3.198941230773926,,,,,,,,,,,,,
12,,,,43459,,,,,,,,,,,,0.46207091212272644,0.0965782105922699,,0.6012468934059143,,4.452610969543457,,,,,,,,,,,,,
12,,,,43479,,,,,,,,,,,,0.46207091212272644,0.06806628406047821,,0.9102354645729065,,4.372881889343262,,,,,,,,,,,,,
12,,,,43499,,,,,,,,,,,,0.46207091212272644,0.11579708755016327,,0.5165563225746155,,4.364696502685547,,,,,,,,,,,,,
12,,,,43519,,,,,,,,,,,,0.46207091212272644,0.05125664547085762,,0.5253432393074036,,3.280047655105591,,,,,,,,,,,,,
12,,,,43539,,,,,,,,,,,,0.46207091212272644,0.057296451181173325,,0.7591357827186584,,3.402292490005493,,,,,,,,,,,,,
12,,,,43559,,,,,,,,,,,,0.46207091212272644,0.0911724716424942,,0.5679234862327576,,4.499841213226318,,,,,,,,,,,,,
12,,,,43579,,,,,,,,,,,,0.46207091212272644,0.06024622917175293,,0.8076869249343872,,4.466800689697266,,,,,,,,,,,,,
12,,,,43599,,,,,,,,,,,,0.46207091212272644,0.05160071700811386,,0.7469800710678101,,3.3004236221313477,,,,,,,,,,,,,
12,,,,43619,,,,,,,,,,,,0.46207091212272644,0.1024070680141449,,0.48078349232673645,,3.117373466491699,,,,,,,,,,,,,
12,,,,43639,,,,,,,,,,,,0.46207091212272644,0.043715253472328186,,0.6713367700576782,,3.351754665374756,,,,,,,,,,,,,
12,,,,43659,,,,,,,,,,,,0.46207091212272644,0.04461430758237839,,0.9158333539962769,,4.282941818237305,,,,,,,,,,,,,
12,,,,43679,,,,,,,,,,,,0.46207091212272644,0.04087620973587036,,0.6979417204856873,,3.3396658897399902,,,,,,,,,,,,,
12,,,,43699,,,,,,,,,,,,0.46207091212272644,0.10232356190681458,,0.6391960978507996,,4.424386024475098,,,,,,,,,,,,,
12,,,,43719,,,,,,,,,,,,0.46207091212272644,0.0863923728466034,,0.45403409004211426,,3.233086109161377,,,,,,,,,,,,,
12,,,,43739,,,,,,,,,,,,0.46207091212272644,0.1072624921798706,,0.5414576530456543,,4.497197151184082,,,,,,,,,,,,,
12,,,,43759,,,,,,,,,,,,0.46207091212272644,0.07604478299617767,,0.6146029233932495,,3.211679458618164,,,,,,,,,,,,,
12,,,,43779,,,,,,,,,,,,0.46207091212272644,0.07296325266361237,,0.4690593183040619,,3.185332775115967,,,,,,,,,,,,,
12,,,,43799,,,,,,,,,,,,0.46207091212272644,0.04158999025821686,,0.7445408701896667,,3.286581516265869,,,,,,,,,,,,,
12,,,,43819,,,,,,,,,,,,0.46207091212272644,0.11026237159967422,,0.5751674175262451,,4.641366958618164,,,,,,,,,,,,,
12,,,,43839,,,,,,,,,,,,0.46207091212272644,0.10377570986747742,,0.5524611473083496,,4.4991302490234375,,,,,,,,,,,,,
12,,,,43859,,,,,,,,,,,,0.46207091212272644,0.07522577047348022,,0.49729034304618835,,3.156536340713501,,,,,,,,,,,,,
12,,,,43879,,,,,,,,,,,,0.46207091212272644,0.0708993524312973,,0.9054699540138245,,4.532499313354492,,,,,,,,,,,,,
12,,,,43899,,,,,,,,,,,,0.46207091212272644,0.11196938157081604,,0.5527684688568115,,4.591139793395996,,,,,,,,,,,,,
12,,,,43919,,,,,,,,,,,,0.46207091212272644,0.0487838089466095,,1.0239228010177612,,4.084758281707764,,,,,,,,,,,,,
12,,,,43939,,,,,,,,,,,,0.46207091212272644,0.04999292641878128,,0.9865080118179321,,4.251377105712891,,,,,,,,,,,,,
12,,,,43959,,,,,,,,,,,,0.46207091212272644,0.09135502576828003,,0.4541497826576233,,3.205623149871826,,,,,,,,,,,,,
12,,,,43979,,,,,,,,,,,,0.46207091212272644,0.08325482904911041,,0.4592631161212921,,3.1293463706970215,,,,,,,,,,,,,
12,,,,43999,,,,,,,,,,,,0.46207091212272644,0.11341053247451782,,0.5405494570732117,,4.523937702178955,,,,,,,,,,,,,
12,,,,44019,,,,,,,,,,,,0.46207091212272644,0.05217890441417694,,0.8218539357185364,,3.5258398056030273,,,,,,,,,,,,,
12,,,,44039,,,,,,,,,,,,0.46207091212272644,0.06405627727508545,,0.8382900357246399,,4.306118011474609,,,,,,,,,,,,,
12,,,,44059,,,,,,,,,,,,0.46207091212272644,0.045218270272016525,,0.8923237323760986,,3.6988577842712402,,,,,,,,,,,,,
12,,,,44079,,,,,,,,,,,,0.46207091212272644,0.09550996124744415,,0.5211480259895325,,4.396245002746582,,,,,,,,,,,,,
12,,,,44099,,,,,,,,,,,,0.46207091212272644,0.04522408917546272,,0.9936280846595764,,4.006099224090576,,,,,,,,,,,,,
12,,,,44119,,,,,,,,,,,,0.46207091212272644,0.10950589179992676,,0.5538207292556763,,4.63177490234375,,,,,,,,,,,,,
12,,,,44139,,,,,,,,,,,,0.46207091212272644,0.10377119481563568,,0.5193398594856262,,4.389204025268555,,,,,,,,,,,,,
12,,,,44159,,,,,,,,,,,,0.46207091212272644,0.0479867160320282,,0.9824806451797485,,4.285090923309326,,,,,,,,,,,,,
12,,,,44179,,,,,,,,,,,,0.46207091212272644,0.10804466903209686,,0.51776522397995,,4.371237754821777,,,,,,,,,,,,,
12,,,,44199,,,,,,,,,,,,0.46207091212272644,0.09384426474571228,,0.7717791795730591,,4.509429931640625,,,,,,,,,,,,,
12,,,,44219,,,,,,,,,,,,0.46207091212272644,0.03804144263267517,,0.7847992181777954,,3.3961024284362793,,,,,,,,,,,,,
12,,,,44239,,,,,,,,,,,,0.46207091212272644,0.0714813768863678,,0.5533238649368286,,3.108503818511963,,,,,,,,,,,,,
12,,,,44259,,,,,,,,,,,,0.46207091212272644,0.0859924703836441,,0.39125528931617737,,3.1390175819396973,,,,,,,,,,,,,
12,,,,44279,,,,,,,,,,,,0.46207091212272644,0.06314883381128311,,0.7205448150634766,,4.4302287101745605,,,,,,,,,,,,,
12,,,,44299,,,,,,,,,,,,0.46207091212272644,0.08826002478599548,,0.5472487807273865,,3.2208433151245117,,,,,,,,,,,,,
12,,,,44319,,,,,,,,,,,,0.46207091212272644,0.06372125446796417,,0.831052303314209,,4.457583904266357,,,,,,,,,,,,,
12,,,,44339,,,,,,,,,,,,0.46207091212272644,0.08916157484054565,,0.39037248492240906,,3.1756815910339355,,,,,,,,,,,,,
12,,,,44359,,,,,,,,,,,,0.46207091212272644,0.048023566603660583,,0.9924189448356628,,4.007809162139893,,,,,,,,,,,,,
12,,,,44379,,,,,,,,,,,,0.46207091212272644,0.09555599093437195,,0.4007519483566284,,3.1654300689697266,,,,,,,,,,,,,
12,,,,44399,,,,,,,,,,,,0.46207091212272644,0.07917636632919312,,0.3880395293235779,,3.14866304397583,,,,,,,,,,,,,
12,,,,44419,,,,,,,,,,,,0.46207091212272644,0.08310498297214508,,0.4053487777709961,,3.1228456497192383,,,,,,,,,,,,,
12,,,,44439,,,,,,,,,,,,0.46207091212272644,0.0884111225605011,,0.5732899904251099,,3.2058653831481934,,,,,,,,,,,,,
12,,,,44459,,,,,,,,,,,,0.46207091212272644,0.11011619865894318,,0.4304638206958771,,3.3391356468200684,,,,,,,,,,,,,
12,,,,44479,,,,,,,,,,,,0.46207091212272644,0.06809550523757935,,0.8269397020339966,,4.35817813873291,,,,,,,,,,,,,
12,,,,44499,,,,,,,,,,,,0.46207091212272644,0.08226367831230164,,0.5651050806045532,,3.2804043292999268,,,,,,,,,,,,,
12,,,,44519,,,,,,,,,,,,0.46207091212272644,0.11477307975292206,,0.5343188047409058,,4.497986793518066,,,,,,,,,,,,,
12,,,,44539,,,,,,,,,,,,0.46207091212272644,0.09250370413064957,,0.6440998911857605,,4.487932205200195,,,,,,,,,,,,,
12,,,,44559,,,,,,,,,,,,0.46207091212272644,0.09039181470870972,,0.41799411177635193,,3.226830244064331,,,,,,,,,,,,,
12,,,,44579,,,,,,,,,,,,0.46207091212272644,0.06449506431818008,,0.5926900506019592,,3.2581276893615723,,,,,,,,,,,,,
12,,,,44599,,,,,,,,,,,,0.46207091212272644,0.044264040887355804,,0.7839438915252686,,3.481889247894287,,,,,,,,,,,,,
12,,,,44619,,,,,,,,,,,,0.46207091212272644,0.08092516660690308,,0.46119847893714905,,3.250170946121216,,,,,,,,,,,,,
12,,,,44639,,,,,,,,,,,,0.46207091212272644,0.06700576096773148,,0.8674870729446411,,4.31476354598999,,,,,,,,,,,,,
12,,,,44659,,,,,,,,,,,,0.46207091212272644,0.045943018049001694,,0.7757648229598999,,3.490720272064209,,,,,,,,,,,,,
12,,,,44679,,,,,,,,,,,,0.46207091212272644,0.05147193744778633,,0.8842428922653198,,3.499972343444824,,,,,,,,,,,,,
12,,,,44699,,,,,,,,,,,,0.46207091212272644,0.08258306980133057,,0.39795786142349243,,3.2261807918548584,,,,,,,,,,,,,
12,,,,44719,,,,,,,,,,,,0.46207091212272644,0.10628657788038254,,0.5545000433921814,,4.512430191040039,,,,,,,,,,,,,
12,,,,44739,,,,,,,,,,,,0.46207091212272644,0.11452658474445343,,0.5551692247390747,,4.384183883666992,,,,,,,,,,,,,
12,,,,44759,,,,,,,,,,,,0.46207091212272644,0.07075736671686172,,0.4119530916213989,,3.2423834800720215,,,,,,,,,,,,,
12,,,,44779,,,,,,,,,,,,0.46207091212272644,0.06907770782709122,,0.40130293369293213,,3.1970179080963135,,,,,,,,,,,,,
12,,,,44799,,,,,,,,,,,,0.46207091212272644,0.10623863339424133,,0.5365437269210815,,4.566612243652344,,,,,,,,,,,,,
12,,,,44819,,,,,,,,,,,,0.46207091212272644,0.08664801716804504,,0.49948859214782715,,3.1996257305145264,,,,,,,,,,,,,
12,,,,44839,,,,,,,,,,,,0.46207091212272644,0.08374336361885071,,0.3893197774887085,,3.1961450576782227,,,,,,,,,,,,,
12,,,,44859,,,,,,,,,,,,0.46207091212272644,0.08258359134197235,,0.3949733376502991,,3.1835713386535645,,,,,,,,,,,,,
12,,,,44879,,,,,,,,,,,,0.46207091212272644,0.08748872578144073,,0.3854164779186249,,3.1534247398376465,,,,,,,,,,,,,
12,,,,44899,,,,,,,,,,,,0.46207091212272644,0.05192115157842636,,0.759765088558197,,4.429740905761719,,,,,,,,,,,,,
12,,,,44919,,,,,,,,,,,,0.46207091212272644,0.0910743772983551,,0.41835618019104004,,3.2293701171875,,,,,,,,,,,,,
12,,,,44939,,,,,,,,,,,,0.46207091212272644,0.048742420971393585,,0.847874641418457,,3.7185933589935303,,,,,,,,,,,,,
12,,,,44959,,,,,,,,,,,,0.46207091212272644,0.08312863111495972,,0.4111427664756775,,3.311002731323242,,,,,,,,,,,,,
12,,,,44979,,,,,,,,,,,,0.46207091212272644,0.09065806865692139,,0.41944414377212524,,3.211758613586426,,,,,,,,,,,,,
12,,,,44999,,,,,,,,,,,,0.46207091212272644,0.09336138516664505,,0.564811110496521,,4.436145782470703,,,,,,,,,,,,,
12,,,,45019,,,,,,,,,,,,0.46207091212272644,0.07259432971477509,,0.49483853578567505,,3.1849584579467773,,,,,,,,,,,,,
12,,,,45039,,,,,,,,,,,,0.46207091212272644,0.05969708785414696,,0.6042989492416382,,3.1945083141326904,,,,,,,,,,,,,
12,,,,45059,,,,,,,,,,,,0.46207091212272644,0.048471011221408844,,0.9075739979743958,,4.208471775054932,,,,,,,,,,,,,
12,,,,45079,,,,,,,,,,,,0.46207091212272644,0.05747397616505623,,0.5364285707473755,,3.231295108795166,,,,,,,,,,,,,
12,,,,45099,,,,,,,,,,,,0.46207091212272644,0.07647711038589478,,0.4221705198287964,,3.262664794921875,,,,,,,,,,,,,
12,,,,45119,,,,,,,,,,,,0.46207091212272644,0.08274413645267487,,0.38839632272720337,,3.1687350273132324,,,,,,,,,,,,,
12,,,,45139,,,,,,,,,,,,0.46207091212272644,0.05965441092848778,,0.8106570839881897,,3.2894463539123535,,,,,,,,,,,,,
12,,,,45159,,,,,,,,,,,,0.46207091212272644,0.10458029061555862,,0.5311738848686218,,4.536720275878906,,,,,,,,,,,,,
12,,,,45179,,,,,,,,,,,,0.46207091212272644,0.07900934666395187,,0.5332682132720947,,3.328713893890381,,,,,,,,,,,,,
12,,,,45199,,,,,,,,,,,,0.46207091212272644,0.11359874904155731,,0.5233114361763,,4.411750316619873,,,,,,,,,,,,,
12,,,,45219,,,,,,,,,,,,0.46207091212272644,0.08779291063547134,,0.6532505750656128,,3.178354501724243,,,,,,,,,,,,,
12,,,,45239,,,,,,,,,,,,0.46207091212272644,0.06672872602939606,,0.8006108403205872,,4.418603897094727,,,,,,,,,,,,,
12,,,,45259,,,,,,,,,,,,0.46207091212272644,0.10672934353351593,,0.5608479380607605,,4.42671537399292,,,,,,,,,,,,,
12,,,,45265,,,,,,,,,,,,,,,,,,0.7025266289710999,0.8611058592796326,0.6912779211997986,0.6918540596961975,0.5449467897415161,0.6924301981925964,0.6169681549072266,0.7183164954185486,0.6329424977302551,0.8290618658065796,0.8252102136611938,0.4825062155723572,0.7025266289710999
12,,,,45265,,,,,,,,,0.6078006625175476,0.0798230841755867,0.462065726518631,,,0.6191473603248596,,3.868460178375244,,,,,,,,,,,,,,
,0.00029165645553562214,0.00029165645553562214,2.916564555356221e-05,45266,,,,,,,,,,,,,,,,,,,,,,,,,,,,,,
13,,,,45279,,,,,,,,,,,,0.46207091212272644,0.042860813438892365,,0.6801309585571289,,3.261432409286499,,,,,,,,,,,,,
13,,,,45299,,,,,,,,,,,,0.46207091212272644,0.10346674919128418,,0.5669065713882446,,4.5304718017578125,,,,,,,,,,,,,
13,,,,45319,,,,,,,,,,,,0.46207091212272644,0.09871718287467957,,0.6372438073158264,,4.485256195068359,,,,,,,,,,,,,
13,,,,45339,,,,,,,,,,,,0.46207091212272644,0.0785529688000679,,0.7195003628730774,,4.483499526977539,,,,,,,,,,,,,
13,,,,45359,,,,,,,,,,,,0.46207091212272644,0.10125746577978134,,0.4288956820964813,,3.3943092823028564,,,,,,,,,,,,,
13,,,,45379,,,,,,,,,,,,0.46207091212272644,0.054403237998485565,,0.763182520866394,,3.5044636726379395,,,,,,,,,,,,,
13,,,,45399,,,,,,,,,,,,0.46207091212272644,0.07355672866106033,,0.40744084119796753,,3.4001388549804688,,,,,,,,,,,,,
13,,,,45419,,,,,,,,,,,,0.46207091212272644,0.08112621307373047,,0.4360920786857605,,3.289699077606201,,,,,,,,,,,,,
13,,,,45439,,,,,,,,,,,,0.46207091212272644,0.10701430588960648,,0.5869109034538269,,4.4243268966674805,,,,,,,,,,,,,
13,,,,45459,,,,,,,,,,,,0.46207091212272644,0.12345772981643677,,0.5222787857055664,,4.397770404815674,,,,,,,,,,,,,
13,,,,45479,,,,,,,,,,,,0.46207091212272644,0.09690429270267487,,0.42209333181381226,,3.250535488128662,,,,,,,,,,,,,
13,,,,45499,,,,,,,,,,,,0.46207091212272644,0.11500856280326843,,0.5561684370040894,,4.494879245758057,,,,,,,,,,,,,
13,,,,45519,,,,,,,,,,,,0.46207091212272644,0.06513070315122604,,0.6260137557983398,,3.24410080909729,,,,,,,,,,,,,
13,,,,45539,,,,,,,,,,,,0.46207091212272644,0.04639587923884392,,0.8730887770652771,,3.734549045562744,,,,,,,,,,,,,
13,,,,45559,,,,,,,,,,,,0.46207091212272644,0.04824213683605194,,0.7196515798568726,,3.369070053100586,,,,,,,,,,,,,
13,,,,45579,,,,,,,,,,,,0.46207091212272644,0.07511187344789505,,0.3969929814338684,,3.2123734951019287,,,,,,,,,,,,,
13,,,,45599,,,,,,,,,,,,0.46207091212272644,0.0827535092830658,,0.666867733001709,,3.2411184310913086,,,,,,,,,,,,,
13,,,,45619,,,,,,,,,,,,0.46207091212272644,0.10469232499599457,,0.5334330797195435,,4.4589338302612305,,,,,,,,,,,,,
13,,,,45639,,,,,,,,,,,,0.46207091212272644,0.11290408670902252,,0.5213204622268677,,4.393926620483398,,,,,,,,,,,,,
13,,,,45659,,,,,,,,,,,,0.46207091212272644,0.10848560929298401,,0.5234864354133606,,4.403979301452637,,,,,,,,,,,,,
13,,,,45679,,,,,,,,,,,,0.46207091212272644,0.05225840210914612,,0.9510525465011597,,4.255011558532715,,,,,,,,,,,,,
13,,,,45699,,,,,,,,,,,,0.46207091212272644,0.0396399050951004,,0.7318688631057739,,3.305504083633423,,,,,,,,,,,,,
13,,,,45719,,,,,,,,,,,,0.46207091212272644,0.10204733163118362,,0.398440957069397,,3.2469420433044434,,,,,,,,,,,,,
13,,,,45739,,,,,,,,,,,,0.46207091212272644,0.10960264503955841,,0.5241761207580566,,4.412374496459961,,,,,,,,,,,,,
13,,,,45759,,,,,,,,,,,,0.46207091212272644,0.11909997463226318,,0.5556164979934692,,4.444294452667236,,,,,,,,,,,,,
13,,,,45779,,,,,,,,,,,,0.46207091212272644,0.08277222514152527,,0.4396204948425293,,3.23964262008667,,,,,,,,,,,,,
13,,,,45799,,,,,,,,,,,,0.46207091212272644,0.08252723515033722,,0.506207287311554,,3.377955436706543,,,,,,,,,,,,,
13,,,,45819,,,,,,,,,,,,0.46207091212272644,0.08937147259712219,,0.531670868396759,,4.4381279945373535,,,,,,,,,,,,,
13,,,,45839,,,,,,,,,,,,0.46207091212272644,0.09840784966945648,,0.6319133043289185,,4.353188514709473,,,,,,,,,,,,,
13,,,,45859,,,,,,,,,,,,0.46207091212272644,0.0866285115480423,,0.4470531940460205,,3.3074522018432617,,,,,,,,,,,,,
13,,,,45879,,,,,,,,,,,,0.46207091212272644,0.10394340008497238,,0.41807231307029724,,3.332761526107788,,,,,,,,,,,,,
13,,,,45899,,,,,,,,,,,,0.46207091212272644,0.07966978847980499,,0.43669435381889343,,3.296656608581543,,,,,,,,,,,,,
13,,,,45919,,,,,,,,,,,,0.46207091212272644,0.09145195037126541,,0.392760306596756,,3.227933168411255,,,,,,,,,,,,,
13,,,,45939,,,,,,,,,,,,0.46207091212272644,0.0452180877327919,,0.8232000470161438,,3.645139455795288,,,,,,,,,,,,,
13,,,,45959,,,,,,,,,,,,0.46207091212272644,0.07561124861240387,,0.43114998936653137,,3.207409620285034,,,,,,,,,,,,,
13,,,,45979,,,,,,,,,,,,0.46207091212272644,0.0633048340678215,,0.637410044670105,,3.2401509284973145,,,,,,,,,,,,,
13,,,,45999,,,,,,,,,,,,0.46207091212272644,0.11656641960144043,,0.6051310896873474,,4.404397010803223,,,,,,,,,,,,,
13,,,,46019,,,,,,,,,,,,0.46207091212272644,0.08169884979724884,,0.5253358483314514,,3.253020763397217,,,,,,,,,,,,,
13,,,,46039,,,,,,,,,,,,0.46207091212272644,0.09733385592699051,,0.39941874146461487,,3.2336268424987793,,,,,,,,,,,,,
13,,,,46059,,,,,,,,,,,,0.46207091212272644,0.10802891105413437,,0.5274919867515564,,4.4928436279296875,,,,,,,,,,,,,
13,,,,46079,,,,,,,,,,,,0.46207091212272644,0.08838003128767014,,0.3970717191696167,,3.2355570793151855,,,,,,,,,,,,,
13,,,,46099,,,,,,,,,,,,0.46207091212272644,0.059305012226104736,,0.8704516887664795,,4.424767971038818,,,,,,,,,,,,,
13,,,,46119,,,,,,,,,,,,0.46207091212272644,0.05375778675079346,,0.7987812757492065,,4.391147613525391,,,,,,,,,,,,,
13,,,,46139,,,,,,,,,,,,0.46207091212272644,0.09959205240011215,,0.5771808624267578,,4.417292594909668,,,,,,,,,,,,,
13,,,,46159,,,,,,,,,,,,0.46207091212272644,0.08641950786113739,,0.6592345237731934,,4.378929138183594,,,,,,,,,,,,,
13,,,,46179,,,,,,,,,,,,0.46207091212272644,0.0945405662059784,,0.40951022505760193,,3.3317275047302246,,,,,,,,,,,,,
13,,,,46199,,,,,,,,,,,,0.46207091212272644,0.09591441601514816,,0.450082927942276,,3.2412357330322266,,,,,,,,,,,,,
13,,,,46219,,,,,,,,,,,,0.46207091212272644,0.09601974487304688,,0.42815476655960083,,3.2653069496154785,,,,,,,,,,,,,
13,,,,46239,,,,,,,,,,,,0.46207091212272644,0.05726649612188339,,0.730514407157898,,3.3018267154693604,,,,,,,,,,,,,
13,,,,46259,,,,,,,,,,,,0.46207091212272644,0.09916684031486511,,0.5631067752838135,,4.530888557434082,,,,,,,,,,,,,
13,,,,46279,,,,,,,,,,,,0.46207091212272644,0.08104594796895981,,0.5948101282119751,,3.2668800354003906,,,,,,,,,,,,,
13,,,,46299,,,,,,,,,,,,0.46207091212272644,0.11195945739746094,,0.5265985727310181,,4.443791389465332,,,,,,,,,,,,,
13,,,,46319,,,,,,,,,,,,0.46207091212272644,0.04418269544839859,,0.9380241632461548,,4.346989631652832,,,,,,,,,,,,,
13,,,,46339,,,,,,,,,,,,0.46207091212272644,0.043854303658008575,,0.8796975612640381,,4.045041084289551,,,,,,,,,,,,,
13,,,,46359,,,,,,,,,,,,0.46207091212272644,0.07707204669713974,,0.4191325902938843,,3.4139556884765625,,,,,,,,,,,,,
13,,,,46379,,,,,,,,,,,,0.46207091212272644,0.07793346047401428,,0.8336198925971985,,4.397002220153809,,,,,,,,,,,,,
13,,,,46399,,,,,,,,,,,,0.46207091212272644,0.06374194473028183,,0.8166903853416443,,4.383687496185303,,,,,,,,,,,,,
13,,,,46419,,,,,,,,,,,,0.46207091212272644,0.10386666655540466,,0.5503755807876587,,4.379125595092773,,,,,,,,,,,,,
13,,,,46439,,,,,,,,,,,,0.46207091212272644,0.0545649453997612,,0.5334533452987671,,3.255695104598999,,,,,,,,,,,,,
13,,,,46459,,,,,,,,,,,,0.46207091212272644,0.09398007392883301,,0.4202648103237152,,3.2420520782470703,,,,,,,,,,,,,
13,,,,46479,,,,,,,,,,,,0.46207091212272644,0.07123932242393494,,0.40905094146728516,,3.2491016387939453,,,,,,,,,,,,,
13,,,,46499,,,,,,,,,,,,0.46207091212272644,0.04253944009542465,,0.8356861472129822,,3.621311664581299,,,,,,,,,,,,,
13,,,,46519,,,,,,,,,,,,0.46207091212272644,0.0980537086725235,,0.4176469147205353,,3.3888392448425293,,,,,,,,,,,,,
13,,,,46539,,,,,,,,,,,,0.46207091212272644,0.0854911357164383,,0.40330126881599426,,3.2831578254699707,,,,,,,,,,,,,
13,,,,46559,,,,,,,,,,,,0.46207091212272644,0.07825596630573273,,0.408697247505188,,3.266836643218994,,,,,,,,,,,,,
13,,,,46579,,,,,,,,,,,,0.46207091212272644,0.12103071808815002,,0.5261396169662476,,4.437793254852295,,,,,,,,,,,,,
13,,,,46599,,,,,,,,,,,,0.46207091212272644,0.06109883263707161,,0.9314444065093994,,4.4588727951049805,,,,,,,,,,,,,
13,,,,46619,,,,,,,,,,,,0.46207091212272644,0.08942681550979614,,0.39212334156036377,,3.1331772804260254,,,,,,,,,,,,,
13,,,,46639,,,,,,,,,,,,0.46207091212272644,0.059934139251708984,,0.8207705616950989,,4.453980445861816,,,,,,,,,,,,,
13,,,,46659,,,,,,,,,,,,0.46207091212272644,0.07762812823057175,,0.4947963356971741,,3.247159004211426,,,,,,,,,,,,,
13,,,,46679,,,,,,,,,,,,0.46207091212272644,0.04587191343307495,,0.7853712439537048,,3.4052000045776367,,,,,,,,,,,,,
13,,,,46699,,,,,,,,,,,,0.46207091212272644,0.061297789216041565,,0.8540521264076233,,4.742465019226074,,,,,,,,,,,,,
13,,,,46719,,,,,,,,,,,,0.46207091212272644,0.05926474183797836,,0.9116816520690918,,4.3039069175720215,,,,,,,,,,,,,
13,,,,46739,,,,,,,,,,,,0.46207091212272644,0.06434118747711182,,0.8552229404449463,,4.5416975021362305,,,,,,,,,,,,,
13,,,,46759,,,,,,,,,,,,0.46207091212272644,0.0969436764717102,,0.39911597967147827,,3.153280735015869,,,,,,,,,,,,,
13,,,,46779,,,,,,,,,,,,0.46207091212272644,0.06413255631923676,,0.9374499320983887,,3.793325424194336,,,,,,,,,,,,,
13,,,,46799,,,,,,,,,,,,0.46207091212272644,0.06018320471048355,,0.547640323638916,,3.1578478813171387,,,,,,,,,,,,,
13,,,,46819,,,,,,,,,,,,0.46207091212272644,0.051500558853149414,,0.8103915452957153,,3.3316102027893066,,,,,,,,,,,,,
13,,,,46839,,,,,,,,,,,,0.46207091212272644,0.09805677086114883,,0.674993097782135,,4.464106559753418,,,,,,,,,,,,,
13,,,,46859,,,,,,,,,,,,0.46207091212272644,0.08959265053272247,,0.6650210618972778,,4.434183120727539,,,,,,,,,,,,,
13,,,,46879,,,,,,,,,,,,0.46207091212272644,0.08652859926223755,,0.4831266701221466,,3.314420700073242,,,,,,,,,,,,,
13,,,,46899,,,,,,,,,,,,0.46207091212272644,0.07642616331577301,,0.4771093726158142,,3.2392945289611816,,,,,,,,,,,,,
13,,,,46919,,,,,,,,,,,,0.46207091212272644,0.05738237872719765,,0.8131318688392639,,4.410794258117676,,,,,,,,,,,,,
13,,,,46939,,,,,,,,,,,,0.46207091212272644,0.05309569835662842,,0.8484888672828674,,4.238209247589111,,,,,,,,,,,,,
13,,,,46959,,,,,,,,,,,,0.46207091212272644,0.0963885486125946,,0.4026162028312683,,3.3097407817840576,,,,,,,,,,,,,
13,,,,46979,,,,,,,,,,,,0.46207091212272644,0.10976934432983398,,0.5303710103034973,,4.433328151702881,,,,,,,,,,,,,
13,,,,46999,,,,,,,,,,,,0.46207091212272644,0.0738968551158905,,0.4916878342628479,,3.3242359161376953,,,,,,,,,,,,,
13,,,,47019,,,,,,,,,,,,0.46207091212272644,0.09093860536813736,,0.5537078976631165,,4.507157325744629,,,,,,,,,,,,,
13,,,,47039,,,,,,,,,,,,0.46207091212272644,0.10431807488203049,,0.5885792374610901,,4.504190444946289,,,,,,,,,,,,,
13,,,,47059,,,,,,,,,,,,0.46207091212272644,0.10021824389696121,,0.41887056827545166,,3.2761502265930176,,,,,,,,,,,,,
13,,,,47079,,,,,,,,,,,,0.46207091212272644,0.07598406076431274,,0.6308749914169312,,3.2353873252868652,,,,,,,,,,,,,
13,,,,47099,,,,,,,,,,,,0.46207091212272644,0.11133576929569244,,0.5417662858963013,,4.497981548309326,,,,,,,,,,,,,
13,,,,47119,,,,,,,,,,,,0.46207091212272644,0.04725116863846779,,0.8705514669418335,,3.737128257751465,,,,,,,,,,,,,
13,,,,47139,,,,,,,,,,,,0.46207091212272644,0.04285218194127083,,0.9761541485786438,,3.985213041305542,,,,,,,,,,,,,
13,,,,47159,,,,,,,,,,,,0.46207091212272644,0.0687081590294838,,0.559990406036377,,3.203273296356201,,,,,,,,,,,,,
13,,,,47179,,,,,,,,,,,,0.46207091212272644,0.10544346272945404,,0.5637460947036743,,4.4681525230407715,,,,,,,,,,,,,
13,,,,47199,,,,,,,,,,,,0.46207091212272644,0.09108664095401764,,0.4846295416355133,,3.2948765754699707,,,,,,,,,,,,,
13,,,,47219,,,,,,,,,,,,0.46207091212272644,0.09443719685077667,,0.48144739866256714,,3.291337490081787,,,,,,,,,,,,,
13,,,,47239,,,,,,,,,,,,0.46207091212272644,0.08133648335933685,,0.427043080329895,,3.3309261798858643,,,,,,,,,,,,,
13,,,,47259,,,,,,,,,,,,0.46207091212272644,0.09456104040145874,,0.41237035393714905,,3.3118762969970703,,,,,,,,,,,,,
13,,,,47279,,,,,,,,,,,,0.46207091212272644,0.08886349946260452,,0.3879856467247009,,3.1617603302001953,,,,,,,,,,,,,
13,,,,47299,,,,,,,,,,,,0.46207091212272644,0.044655948877334595,,0.7610852122306824,,3.4015755653381348,,,,,,,,,,,,,
13,,,,47319,,,,,,,,,,,,0.46207091212272644,0.1049179807305336,,0.5764865279197693,,4.45897102355957,,,,,,,,,,,,,
13,,,,47339,,,,,,,,,,,,0.46207091212272644,0.09331375360488892,,0.6324753165245056,,4.454342842102051,,,,,,,,,,,,,
13,,,,47359,,,,,,,,,,,,0.46207091212272644,0.09407125413417816,,0.4460124671459198,,3.2623252868652344,,,,,,,,,,,,,
13,,,,47379,,,,,,,,,,,,0.46207091212272644,0.07255861908197403,,0.5853922963142395,,3.22914719581604,,,,,,,,,,,,,
13,,,,47399,,,,,,,,,,,,0.46207091212272644,0.09757024794816971,,0.47473716735839844,,3.2533535957336426,,,,,,,,,,,,,
13,,,,47419,,,,,,,,,,,,0.46207091212272644,0.10715851187705994,,0.5679892301559448,,4.520594596862793,,,,,,,,,,,,,
13,,,,47439,,,,,,,,,,,,0.46207091212272644,0.06334704160690308,,0.4411037266254425,,3.302454710006714,,,,,,,,,,,,,
13,,,,47459,,,,,,,,,,,,0.46207091212272644,0.05260027199983597,,0.8920252919197083,,4.431685447692871,,,,,,,,,,,,,
13,,,,47479,,,,,,,,,,,,0.46207091212272644,0.09380786120891571,,0.40827512741088867,,3.2104835510253906,,,,,,,,,,,,,
13,,,,47499,,,,,,,,,,,,0.46207091212272644,0.12108340859413147,,0.5325229167938232,,4.479458808898926,,,,,,,,,,,,,
13,,,,47519,,,,,,,,,,,,0.46207091212272644,0.058211714029312134,,0.942324697971344,,4.324970245361328,,,,,,,,,,,,,
13,,,,47539,,,,,,,,,,,,0.46207091212272644,0.048528652638196945,,0.6845595240592957,,3.4186975955963135,,,,,,,,,,,,,
13,,,,47559,,,,,,,,,,,,0.46207091212272644,0.08808779716491699,,0.40699028968811035,,3.33819580078125,,,,,,,,,,,,,
13,,,,47579,,,,,,,,,,,,0.46207091212272644,0.06463196128606796,,0.8542541265487671,,4.255768299102783,,,,,,,,,,,,,
13,,,,47599,,,,,,,,,,,,0.46207091212272644,0.04858562350273132,,0.8799907565116882,,3.8608832359313965,,,,,,,,,,,,,
13,,,,47619,,,,,,,,,,,,0.46207091212272644,0.0811069905757904,,0.579729437828064,,4.329217910766602,,,,,,,,,,,,,
13,,,,47639,,,,,,,,,,,,0.46207091212272644,0.05370742827653885,,1.0072275400161743,,3.732415199279785,,,,,,,,,,,,,
13,,,,47659,,,,,,,,,,,,0.46207091212272644,0.09285186976194382,,0.41490569710731506,,3.1620731353759766,,,,,,,,,,,,,
13,,,,47679,,,,,,,,,,,,0.46207091212272644,0.05211540311574936,,0.621773362159729,,3.0318479537963867,,,,,,,,,,,,,
13,,,,47699,,,,,,,,,,,,0.46207091212272644,0.09581966698169708,,0.5076379179954529,,3.205625534057617,,,,,,,,,,,,,
13,,,,47719,,,,,,,,,,,,0.46207091212272644,0.040496956557035446,,0.9108389019966125,,4.046060562133789,,,,,,,,,,,,,
13,,,,47739,,,,,,,,,,,,0.46207091212272644,0.05064896121621132,,0.7225599884986877,,3.3290743827819824,,,,,,,,,,,,,
13,,,,47759,,,,,,,,,,,,0.46207091212272644,0.06566864252090454,,0.7436421513557434,,3.2179994583129883,,,,,,,,,,,,,
13,,,,47779,,,,,,,,,,,,0.46207091212272644,0.10500435531139374,,0.5242176055908203,,4.398359775543213,,,,,,,,,,,,,
13,,,,47799,,,,,,,,,,,,0.46207091212272644,0.11485794186592102,,0.5340009927749634,,4.402288436889648,,,,,,,,,,,,,
13,,,,47819,,,,,,,,,,,,0.46207091212272644,0.08232259750366211,,0.5623634457588196,,4.437248229980469,,,,,,,,,,,,,
13,,,,47839,,,,,,,,,,,,0.46207091212272644,0.06537061184644699,,0.5264148712158203,,3.2809600830078125,,,,,,,,,,,,,
13,,,,47859,,,,,,,,,,,,0.46207091212272644,0.044297538697719574,,0.8088866472244263,,3.512993812561035,,,,,,,,,,,,,
13,,,,47879,,,,,,,,,,,,0.46207091212272644,0.052289821207523346,,0.7801060676574707,,3.4994893074035645,,,,,,,,,,,,,
13,,,,47899,,,,,,,,,,,,0.46207091212272644,0.08161043375730515,,0.586774468421936,,4.497554779052734,,,,,,,,,,,,,
13,,,,47919,,,,,,,,,,,,0.46207091212272644,0.10365228354930878,,0.5312036275863647,,4.4384660720825195,,,,,,,,,,,,,
13,,,,47939,,,,,,,,,,,,0.46207091212272644,0.08212436735630035,,0.6160176992416382,,4.43329381942749,,,,,,,,,,,,,
13,,,,47959,,,,,,,,,,,,0.46207091212272644,0.08660322427749634,,0.5918642282485962,,4.368185997009277,,,,,,,,,,,,,
13,,,,47979,,,,,,,,,,,,0.46207091212272644,0.11209120601415634,,0.5396112203598022,,4.501699447631836,,,,,,,,,,,,,
13,,,,47999,,,,,,,,,,,,0.46207091212272644,0.048757150769233704,,0.9809784889221191,,4.14505672454834,,,,,,,,,,,,,
13,,,,48019,,,,,,,,,,,,0.46207091212272644,0.09159673750400543,,0.4069467782974243,,3.321291446685791,,,,,,,,,,,,,
13,,,,48039,,,,,,,,,,,,0.46207091212272644,0.04843869432806969,,0.865418553352356,,3.64284348487854,,,,,,,,,,,,,
13,,,,48059,,,,,,,,,,,,0.46207091212272644,0.08900372684001923,,0.42358914017677307,,3.162271738052368,,,,,,,,,,,,,
13,,,,48079,,,,,,,,,,,,0.46207091212272644,0.08710088580846786,,0.40839725732803345,,3.2535266876220703,,,,,,,,,,,,,
13,,,,48099,,,,,,,,,,,,0.46207091212272644,0.08883063495159149,,0.4086345136165619,,3.2528910636901855,,,,,,,,,,,,,
13,,,,48119,,,,,,,,,,,,0.46207091212272644,0.100735604763031,,0.3959331512451172,,3.202953338623047,,,,,,,,,,,,,
13,,,,48139,,,,,,,,,,,,0.46207091212272644,0.05139361321926117,,0.786223828792572,,4.288774013519287,,,,,,,,,,,,,
13,,,,48159,,,,,,,,,,,,0.46207091212272644,0.08990127593278885,,0.41120749711990356,,3.2535524368286133,,,,,,,,,,,,,
13,,,,48179,,,,,,,,,,,,0.46207091212272644,0.06106875464320183,,0.8190789818763733,,4.421824932098389,,,,,,,,,,,,,
13,,,,48199,,,,,,,,,,,,0.46207091212272644,0.05072484910488129,,0.7133679389953613,,3.278935432434082,,,,,,,,,,,,,
13,,,,48219,,,,,,,,,,,,0.46207091212272644,0.10842005163431168,,0.5396798849105835,,4.58405876159668,,,,,,,,,,,,,
13,,,,48239,,,,,,,,,,,,0.46207091212272644,0.061293262988328934,,0.7477967739105225,,4.499834060668945,,,,,,,,,,,,,
13,,,,48259,,,,,,,,,,,,0.46207091212272644,0.09108203649520874,,0.45710325241088867,,3.241832971572876,,,,,,,,,,,,,
13,,,,48279,,,,,,,,,,,,0.46207091212272644,0.04846265912055969,,0.9130343198776245,,4.185699462890625,,,,,,,,,,,,,
13,,,,48299,,,,,,,,,,,,0.46207091212272644,0.07161317765712738,,0.5655802488327026,,3.281043291091919,,,,,,,,,,,,,
13,,,,48319,,,,,,,,,,,,0.46207091212272644,0.11007813364267349,,0.521902859210968,,4.33378791809082,,,,,,,,,,,,,
13,,,,48339,,,,,,,,,,,,0.46207091212272644,0.09312548488378525,,0.4174031913280487,,3.365532636642456,,,,,,,,,,,,,
13,,,,48359,,,,,,,,,,,,0.46207091212272644,0.05508965253829956,,0.813446044921875,,3.4906973838806152,,,,,,,,,,,,,
13,,,,48379,,,,,,,,,,,,0.46207091212272644,0.11493591964244843,,0.5281840562820435,,4.382002830505371,,,,,,,,,,,,,
13,,,,48399,,,,,,,,,,,,0.46207091212272644,0.04542022943496704,,0.7496591806411743,,3.362842082977295,,,,,,,,,,,,,
13,,,,48419,,,,,,,,,,,,0.46207091212272644,0.09612652659416199,,0.5283522009849548,,4.432989120483398,,,,,,,,,,,,,
13,,,,48439,,,,,,,,,,,,0.46207091212272644,0.09052680432796478,,0.4519056975841522,,3.2784805297851562,,,,,,,,,,,,,
13,,,,48459,,,,,,,,,,,,0.46207091212272644,0.08157017827033997,,0.5149874687194824,,3.1673779487609863,,,,,,,,,,,,,
13,,,,48479,,,,,,,,,,,,0.46207091212272644,0.08904311805963516,,0.5470465421676636,,4.520937442779541,,,,,,,,,,,,,
13,,,,48499,,,,,,,,,,,,0.46207091212272644,0.0875229761004448,,0.39879053831100464,,3.234182357788086,,,,,,,,,,,,,
13,,,,48519,,,,,,,,,,,,0.46207091212272644,0.11590719223022461,,0.5216851234436035,,4.388380527496338,,,,,,,,,,,,,
13,,,,48539,,,,,,,,,,,,0.46207091212272644,0.08237913995981216,,0.41413769125938416,,3.1837732791900635,,,,,,,,,,,,,
13,,,,48559,,,,,,,,,,,,0.46207091212272644,0.09004585444927216,,0.39215901494026184,,3.186650276184082,,,,,,,,,,,,,
13,,,,48579,,,,,,,,,,,,0.46207091212272644,0.08733705431222916,,0.7754232883453369,,4.486525535583496,,,,,,,,,,,,,
13,,,,48599,,,,,,,,,,,,0.46207091212272644,0.09960365295410156,,0.39509153366088867,,3.165613889694214,,,,,,,,,,,,,
13,,,,48619,,,,,,,,,,,,0.46207091212272644,0.0702488049864769,,0.42179232835769653,,3.218140125274658,,,,,,,,,,,,,
13,,,,48639,,,,,,,,,,,,0.46207091212272644,0.08201390504837036,,0.42790862917900085,,3.270597457885742,,,,,,,,,,,,,
13,,,,48659,,,,,,,,,,,,0.46207091212272644,0.09820938110351562,,0.42482274770736694,,3.3027238845825195,,,,,,,,,,,,,
13,,,,48679,,,,,,,,,,,,0.46207091212272644,0.053447358310222626,,0.873665452003479,,4.314467430114746,,,,,,,,,,,,,
13,,,,48699,,,,,,,,,,,,0.46207091212272644,0.09745746105909348,,0.40535232424736023,,3.225186824798584,,,,,,,,,,,,,
13,,,,48719,,,,,,,,,,,,0.46207091212272644,0.05867394804954529,,0.6645759344100952,,3.287062168121338,,,,,,,,,,,,,
13,,,,48739,,,,,,,,,,,,0.46207091212272644,0.05453634634613991,,0.7203992009162903,,3.2967982292175293,,,,,,,,,,,,,
13,,,,48747,,,,,,,,,,,,,,,,,,0.6952431201934814,0.8497985005378723,0.700366735458374,0.7047760486602783,0.5826003551483154,0.7091853618621826,0.6470803618431091,0.7471035718917847,0.7223762273788452,0.7484592199325562,0.8137180805206299,0.5521878004074097,0.6952431201934814
13,,,,48747,,,,,,,,,0.6109875440597534,0.08179581165313721,0.462065726518631,,,0.6151455640792847,,3.8630576133728027,,,,,,,,,,,,,,
,0.00028946647288323766,0.00028946647288323766,2.8946647288323768e-05,48748,,,,,,,,,,,,,,,,,,,,,,,,,,,,,,
14,,,,48759,,,,,,,,,,,,0.46207091212272644,0.08060285449028015,,0.6561757922172546,,4.464787483215332,,,,,,,,,,,,,
14,,,,48779,,,,,,,,,,,,0.46207091212272644,0.04265253245830536,,0.8609522581100464,,3.5424575805664062,,,,,,,,,,,,,
14,,,,48799,,,,,,,,,,,,0.46207091212272644,0.06671535968780518,,0.631886899471283,,4.4714436531066895,,,,,,,,,,,,,
14,,,,48819,,,,,,,,,,,,0.46207091212272644,0.052613042294979095,,0.8869650363922119,,3.767116069793701,,,,,,,,,,,,,
14,,,,48839,,,,,,,,,,,,0.46207091212272644,0.04533954709768295,,0.7410034537315369,,3.3427352905273438,,,,,,,,,,,,,
14,,,,48859,,,,,,,,,,,,0.46207091212272644,0.04826659709215164,,1.055058479309082,,4.177797317504883,,,,,,,,,,,,,
14,,,,48879,,,,,,,,,,,,0.46207091212272644,0.09949085116386414,,0.567645251750946,,4.5391740798950195,,,,,,,,,,,,,
14,,,,48899,,,,,,,,,,,,0.46207091212272644,0.08864089846611023,,0.4038877785205841,,3.2123777866363525,,,,,,,,,,,,,
14,,,,48919,,,,,,,,,,,,0.46207091212272644,0.10669315606355667,,0.5142950415611267,,4.381729602813721,,,,,,,,,,,,,
14,,,,48939,,,,,,,,,,,,0.46207091212272644,0.07647557556629181,,0.7234973311424255,,4.396860122680664,,,,,,,,,,,,,
14,,,,48959,,,,,,,,,,,,0.46207091212272644,0.09845538437366486,,0.5229207277297974,,4.3880205154418945,,,,,,,,,,,,,
14,,,,48979,,,,,,,,,,,,0.46207091212272644,0.092946857213974,,0.6753907203674316,,4.292006492614746,,,,,,,,,,,,,
14,,,,48999,,,,,,,,,,,,0.46207091212272644,0.07231366634368896,,0.7379640936851501,,4.377258777618408,,,,,,,,,,,,,
14,,,,49019,,,,,,,,,,,,0.46207091212272644,0.044994860887527466,,0.7503687143325806,,3.401299476623535,,,,,,,,,,,,,
14,,,,49039,,,,,,,,,,,,0.46207091212272644,0.051201120018959045,,0.9804678559303284,,4.279173851013184,,,,,,,,,,,,,
14,,,,49059,,,,,,,,,,,,0.46207091212272644,0.09628179669380188,,0.62746262550354,,4.390403747558594,,,,,,,,,,,,,
14,,,,49079,,,,,,,,,,,,0.46207091212272644,0.10630256682634354,,0.531123161315918,,4.35545015335083,,,,,,,,,,,,,
14,,,,49099,,,,,,,,,,,,0.46207091212272644,0.11360721290111542,,0.5214911103248596,,4.381684303283691,,,,,,,,,,,,,
14,,,,49119,,,,,,,,,,,,0.46207091212272644,0.09168113768100739,,0.44137248396873474,,3.298466444015503,,,,,,,,,,,,,
14,,,,49139,,,,,,,,,,,,0.46207091212272644,0.04659806191921234,,0.8960582613945007,,4.013545513153076,,,,,,,,,,,,,
14,,,,49159,,,,,,,,,,,,0.46207091212272644,0.07472163438796997,,0.7664417028427124,,4.35291862487793,,,,,,,,,,,,,
14,,,,49179,,,,,,,,,,,,0.46207091212272644,0.10905668139457703,,0.5345278978347778,,4.296991348266602,,,,,,,,,,,,,
14,,,,49199,,,,,,,,,,,,0.46207091212272644,0.08932087570428848,,0.48046278953552246,,3.3624610900878906,,,,,,,,,,,,,
14,,,,49219,,,,,,,,,,,,0.46207091212272644,0.09396640211343765,,0.40143072605133057,,3.280125856399536,,,,,,,,,,,,,
14,,,,49239,,,,,,,,,,,,0.46207091212272644,0.048366885632276535,,0.9435302019119263,,3.6272995471954346,,,,,,,,,,,,,
14,,,,49259,,,,,,,,,,,,0.46207091212272644,0.0879439264535904,,0.4399009644985199,,3.236830711364746,,,,,,,,,,,,,
14,,,,49279,,,,,,,,,,,,0.46207091212272644,0.06117955595254898,,0.8182718753814697,,4.387228488922119,,,,,,,,,,,,,
14,,,,49299,,,,,,,,,,,,0.46207091212272644,0.04211097210645676,,0.8702204823493958,,4.239355087280273,,,,,,,,,,,,,
14,,,,49319,,,,,,,,,,,,0.46207091212272644,0.10520309954881668,,0.5107699632644653,,4.316913604736328,,,,,,,,,,,,,
14,,,,49339,,,,,,,,,,,,0.46207091212272644,0.09884841740131378,,0.4035460650920868,,3.2839648723602295,,,,,,,,,,,,,
14,,,,49359,,,,,,,,,,,,0.46207091212272644,0.07899285852909088,,0.718578040599823,,4.345090866088867,,,,,,,,,,,,,
14,,,,49379,,,,,,,,,,,,0.46207091212272644,0.06541740894317627,,0.7415160536766052,,4.349392414093018,,,,,,,,,,,,,
14,,,,49399,,,,,,,,,,,,0.46207091212272644,0.08857565373182297,,0.40047842264175415,,3.2782833576202393,,,,,,,,,,,,,
14,,,,49419,,,,,,,,,,,,0.46207091212272644,0.09406343102455139,,0.4170692265033722,,3.274674415588379,,,,,,,,,,,,,
14,,,,49439,,,,,,,,,,,,0.46207091212272644,0.051769886165857315,,0.6665287613868713,,3.1820764541625977,,,,,,,,,,,,,
14,,,,49459,,,,,,,,,,,,0.46207091212272644,0.08789865672588348,,0.4958511292934418,,3.206310510635376,,,,,,,,,,,,,
14,,,,49479,,,,,,,,,,,,0.46207091212272644,0.06738610565662384,,0.43774792551994324,,3.2323527336120605,,,,,,,,,,,,,
14,,,,49499,,,,,,,,,,,,0.46207091212272644,0.07676722854375839,,0.7118880152702332,,4.408339977264404,,,,,,,,,,,,,
14,,,,49519,,,,,,,,,,,,0.46207091212272644,0.10599587857723236,,0.5916352272033691,,4.359043121337891,,,,,,,,,,,,,
14,,,,49539,,,,,,,,,,,,0.46207091212272644,0.07412735372781754,,0.5254923701286316,,3.322225570678711,,,,,,,,,,,,,
14,,,,49559,,,,,,,,,,,,0.46207091212272644,0.06381502002477646,,0.6121310591697693,,3.315833568572998,,,,,,,,,,,,,
14,,,,49579,,,,,,,,,,,,0.46207091212272644,0.04871869832277298,,0.8419575095176697,,4.317030906677246,,,,,,,,,,,,,
14,,,,49599,,,,,,,,,,,,0.46207091212272644,0.10533633828163147,,0.5251713395118713,,4.393191814422607,,,,,,,,,,,,,
14,,,,49619,,,,,,,,,,,,0.46207091212272644,0.11247120797634125,,0.5236214399337769,,4.412234306335449,,,,,,,,,,,,,
14,,,,49639,,,,,,,,,,,,0.46207091212272644,0.0904337614774704,,0.4129757583141327,,3.2646291255950928,,,,,,,,,,,,,
14,,,,49659,,,,,,,,,,,,0.46207091212272644,0.10410601645708084,,0.5980624556541443,,4.46677827835083,,,,,,,,,,,,,
14,,,,49679,,,,,,,,,,,,0.46207091212272644,0.08900108933448792,,0.771847665309906,,4.470241546630859,,,,,,,,,,,,,
14,,,,49699,,,,,,,,,,,,0.46207091212272644,0.10608510673046112,,0.5280032157897949,,4.397867679595947,,,,,,,,,,,,,
14,,,,49719,,,,,,,,,,,,0.46207091212272644,0.09611786156892776,,0.4305892288684845,,3.3178977966308594,,,,,,,,,,,,,
14,,,,49739,,,,,,,,,,,,0.46207091212272644,0.10283459722995758,,0.4007037580013275,,3.2143025398254395,,,,,,,,,,,,,
14,,,,49759,,,,,,,,,,,,0.46207091212272644,0.057044148445129395,,0.7837645411491394,,3.35270094871521,,,,,,,,,,,,,
14,,,,49779,,,,,,,,,,,,0.46207091212272644,0.09012006223201752,,0.3806866407394409,,3.118300199508667,,,,,,,,,,,,,
14,,,,49799,,,,,,,,,,,,0.46207091212272644,0.09110575914382935,,0.47495806217193604,,3.1731057167053223,,,,,,,,,,,,,
14,,,,49819,,,,,,,,,,,,0.46207091212272644,0.08300954103469849,,0.5910183787345886,,4.516035079956055,,,,,,,,,,,,,
14,,,,49839,,,,,,,,,,,,0.46207091212272644,0.08129853010177612,,0.757601797580719,,4.522747039794922,,,,,,,,,,,,,
14,,,,49859,,,,,,,,,,,,0.46207091212272644,0.11198413372039795,,0.5538686513900757,,4.542764663696289,,,,,,,,,,,,,
14,,,,49879,,,,,,,,,,,,0.46207091212272644,0.04276915639638901,,0.9055032730102539,,4.2370147705078125,,,,,,,,,,,,,
14,,,,49899,,,,,,,,,,,,0.46207091212272644,0.05648608133196831,,0.5810532569885254,,3.2222230434417725,,,,,,,,,,,,,
14,,,,49919,,,,,,,,,,,,0.46207091212272644,0.08075490593910217,,0.43287166953086853,,3.259406089782715,,,,,,,,,,,,,
14,,,,49939,,,,,,,,,,,,0.46207091212272644,0.06119401380419731,,0.8910654783248901,,4.542265892028809,,,,,,,,,,,,,
14,,,,49959,,,,,,,,,,,,0.46207091212272644,0.08930639922618866,,0.46356505155563354,,3.1397976875305176,,,,,,,,,,,,,
14,,,,49979,,,,,,,,,,,,0.46207091212272644,0.09900809824466705,,0.5359689593315125,,4.485321998596191,,,,,,,,,,,,,
14,,,,49999,,,,,,,,,,,,0.46207091212272644,0.09786964952945709,,0.395704984664917,,3.130403518676758,,,,,,,,,,,,,
14,,,,50019,,,,,,,,,,,,0.46207091212272644,0.10048039257526398,,0.4171254336833954,,3.1635444164276123,,,,,,,,,,,,,
14,,,,50039,,,,,,,,,,,,0.46207091212272644,0.08259230852127075,,0.4564221203327179,,3.119478940963745,,,,,,,,,,,,,
14,,,,50059,,,,,,,,,,,,0.46207091212272644,0.08300156891345978,,0.5079672336578369,,3.181468963623047,,,,,,,,,,,,,
14,,,,50079,,,,,,,,,,,,0.46207091212272644,0.04186799377202988,,0.9071580171585083,,4.068775177001953,,,,,,,,,,,,,
14,,,,50099,,,,,,,,,,,,0.46207091212272644,0.08268008381128311,,0.39452028274536133,,3.1409912109375,,,,,,,,,,,,,
14,,,,50119,,,,,,,,,,,,0.46207091212272644,0.10405614972114563,,0.560670793056488,,4.577810287475586,,,,,,,,,,,,,
14,,,,50139,,,,,,,,,,,,0.46207091212272644,0.0974254310131073,,0.6257100105285645,,4.454468727111816,,,,,,,,,,,,,
14,,,,50159,,,,,,,,,,,,0.46207091212272644,0.11121150851249695,,0.5242710113525391,,4.363637924194336,,,,,,,,,,,,,
14,,,,50179,,,,,,,,,,,,0.46207091212272644,0.06252841651439667,,0.6369814872741699,,3.245366096496582,,,,,,,,,,,,,
14,,,,50199,,,,,,,,,,,,0.46207091212272644,0.11013606935739517,,0.5275298953056335,,4.420654773712158,,,,,,,,,,,,,
14,,,,50219,,,,,,,,,,,,0.46207091212272644,0.07073181867599487,,0.6248483657836914,,4.413804054260254,,,,,,,,,,,,,
14,,,,50239,,,,,,,,,,,,0.46207091212272644,0.0879841223359108,,0.5524230599403381,,4.399776458740234,,,,,,,,,,,,,
14,,,,50259,,,,,,,,,,,,0.46207091212272644,0.10249646753072739,,0.516783595085144,,4.396169185638428,,,,,,,,,,,,,
14,,,,50279,,,,,,,,,,,,0.46207091212272644,0.07272826135158539,,0.39895835518836975,,3.232011556625366,,,,,,,,,,,,,
14,,,,50299,,,,,,,,,,,,0.46207091212272644,0.10620478540658951,,0.4640038311481476,,3.250720500946045,,,,,,,,,,,,,
14,,,,50319,,,,,,,,,,,,0.46207091212272644,0.08816511183977127,,0.40053367614746094,,3.21514630317688,,,,,,,,,,,,,
14,,,,50339,,,,,,,,,,,,0.46207091212272644,0.08569341897964478,,0.4268707036972046,,3.3241429328918457,,,,,,,,,,,,,
14,,,,50359,,,,,,,,,,,,0.46207091212272644,0.10745754837989807,,0.523270845413208,,4.292417526245117,,,,,,,,,,,,,
14,,,,50379,,,,,,,,,,,,0.46207091212272644,0.0383656844496727,,0.8337906002998352,,3.4902291297912598,,,,,,,,,,,,,
14,,,,50399,,,,,,,,,,,,0.46207091212272644,0.052658602595329285,,0.818967878818512,,3.44706130027771,,,,,,,,,,,,,
14,,,,50419,,,,,,,,,,,,0.46207091212272644,0.059525664895772934,,0.9273869395256042,,4.473518371582031,,,,,,,,,,,,,
14,,,,50439,,,,,,,,,,,,0.46207091212272644,0.06961358338594437,,0.4848826229572296,,3.261291027069092,,,,,,,,,,,,,
14,,,,50459,,,,,,,,,,,,0.46207091212272644,0.10877475887537003,,0.5367346405982971,,4.461802959442139,,,,,,,,,,,,,
14,,,,50479,,,,,,,,,,,,0.46207091212272644,0.10864599794149399,,0.5453509092330933,,4.413736343383789,,,,,,,,,,,,,
14,,,,50499,,,,,,,,,,,,0.46207091212272644,0.089570552110672,,0.43543562293052673,,3.2537145614624023,,,,,,,,,,,,,
14,,,,50519,,,,,,,,,,,,0.46207091212272644,0.08142413198947906,,0.6252242922782898,,4.525464057922363,,,,,,,,,,,,,
14,,,,50539,,,,,,,,,,,,0.46207091212272644,0.04333440959453583,,0.9033060073852539,,3.901184320449829,,,,,,,,,,,,,
14,,,,50559,,,,,,,,,,,,0.46207091212272644,0.1048286110162735,,0.5180233716964722,,4.386186599731445,,,,,,,,,,,,,
14,,,,50579,,,,,,,,,,,,0.46207091212272644,0.09178544580936432,,0.42599737644195557,,3.4011917114257812,,,,,,,,,,,,,
14,,,,50599,,,,,,,,,,,,0.46207091212272644,0.055146489292383194,,0.7632014155387878,,3.3273186683654785,,,,,,,,,,,,,
14,,,,50619,,,,,,,,,,,,0.46207091212272644,0.08900238573551178,,0.40492287278175354,,3.342172145843506,,,,,,,,,,,,,
14,,,,50639,,,,,,,,,,,,0.46207091212272644,0.05303659290075302,,0.6262279748916626,,3.272115707397461,,,,,,,,,,,,,
14,,,,50659,,,,,,,,,,,,0.46207091212272644,0.04477520287036896,,0.918474555015564,,3.9343063831329346,,,,,,,,,,,,,
14,,,,50679,,,,,,,,,,,,0.46207091212272644,0.10522259771823883,,0.5926904082298279,,4.367873191833496,,,,,,,,,,,,,
14,,,,50699,,,,,,,,,,,,0.46207091212272644,0.07226861268281937,,0.4260108172893524,,3.415332317352295,,,,,,,,,,,,,
14,,,,50719,,,,,,,,,,,,0.46207091212272644,0.08786820620298386,,0.5291663408279419,,3.381775379180908,,,,,,,,,,,,,
14,,,,50739,,,,,,,,,,,,0.46207091212272644,0.07293879985809326,,0.6506218314170837,,4.472509384155273,,,,,,,,,,,,,
14,,,,50759,,,,,,,,,,,,0.46207091212272644,0.10922136157751083,,0.5206890106201172,,4.413093566894531,,,,,,,,,,,,,
14,,,,50779,,,,,,,,,,,,0.46207091212272644,0.05303642153739929,,0.8095368146896362,,4.388628005981445,,,,,,,,,,,,,
14,,,,50799,,,,,,,,,,,,0.46207091212272644,0.04748139530420303,,0.8240225315093994,,4.384912014007568,,,,,,,,,,,,,
14,,,,50819,,,,,,,,,,,,0.46207091212272644,0.07643520832061768,,0.40138697624206543,,3.259702205657959,,,,,,,,,,,,,
14,,,,50839,,,,,,,,,,,,0.46207091212272644,0.10795456171035767,,0.5666176676750183,,4.432145118713379,,,,,,,,,,,,,
14,,,,50859,,,,,,,,,,,,0.46207091212272644,0.04663626849651337,,0.911824643611908,,4.407873630523682,,,,,,,,,,,,,
14,,,,50879,,,,,,,,,,,,0.46207091212272644,0.040704987943172455,,1.1259409189224243,,4.196302890777588,,,,,,,,,,,,,
14,,,,50899,,,,,,,,,,,,0.46207091212272644,0.039054401218891144,,0.8844375610351562,,3.635836124420166,,,,,,,,,,,,,
14,,,,50919,,,,,,,,,,,,0.46207091212272644,0.05467202514410019,,0.5858764052391052,,3.135833740234375,,,,,,,,,,,,,
14,,,,50939,,,,,,,,,,,,0.46207091212272644,0.062332943081855774,,0.4792007505893707,,3.236541509628296,,,,,,,,,,,,,
14,,,,50959,,,,,,,,,,,,0.46207091212272644,0.09651105105876923,,0.5988150238990784,,4.485957145690918,,,,,,,,,,,,,
14,,,,50979,,,,,,,,,,,,0.46207091212272644,0.10296371579170227,,0.3987771272659302,,3.240039825439453,,,,,,,,,,,,,
14,,,,50999,,,,,,,,,,,,0.46207091212272644,0.08205311000347137,,0.43837782740592957,,3.176978588104248,,,,,,,,,,,,,
14,,,,51019,,,,,,,,,,,,0.46207091212272644,0.09812475740909576,,0.40021011233329773,,3.148808479309082,,,,,,,,,,,,,
14,,,,51039,,,,,,,,,,,,0.46207091212272644,0.1006341427564621,,0.6147180199623108,,4.462009906768799,,,,,,,,,,,,,
14,,,,51059,,,,,,,,,,,,0.46207091212272644,0.07322122156620026,,0.3874897062778473,,3.1078453063964844,,,,,,,,,,,,,
14,,,,51079,,,,,,,,,,,,0.46207091212272644,0.10315419733524323,,0.5220059156417847,,4.428781509399414,,,,,,,,,,,,,
14,,,,51099,,,,,,,,,,,,0.46207091212272644,0.04310434311628342,,0.8838710784912109,,4.448866367340088,,,,,,,,,,,,,
14,,,,51119,,,,,,,,,,,,0.46207091212272644,0.09115965664386749,,0.3908687233924866,,3.1840014457702637,,,,,,,,,,,,,
14,,,,51139,,,,,,,,,,,,0.46207091212272644,0.10743020474910736,,0.5273481011390686,,4.476383686065674,,,,,,,,,,,,,
14,,,,51159,,,,,,,,,,,,0.46207091212272644,0.08327574282884598,,0.7262310981750488,,4.468678951263428,,,,,,,,,,,,,
14,,,,51179,,,,,,,,,,,,0.46207091212272644,0.10763033479452133,,0.5242897272109985,,4.404111862182617,,,,,,,,,,,,,
14,,,,51199,,,,,,,,,,,,0.46207091212272644,0.0872766375541687,,0.3917596936225891,,3.2081217765808105,,,,,,,,,,,,,
14,,,,51219,,,,,,,,,,,,0.46207091212272644,0.0604935958981514,,0.47833719849586487,,3.190232038497925,,,,,,,,,,,,,
14,,,,51239,,,,,,,,,,,,0.46207091212272644,0.08451341092586517,,0.5610289573669434,,3.2954506874084473,,,,,,,,,,,,,
14,,,,51259,,,,,,,,,,,,0.46207091212272644,0.08506555110216141,,0.6247257590293884,,4.468223571777344,,,,,,,,,,,,,
14,,,,51279,,,,,,,,,,,,0.46207091212272644,0.07644322514533997,,0.6886874437332153,,4.481348037719727,,,,,,,,,,,,,
14,,,,51299,,,,,,,,,,,,0.46207091212272644,0.04345019534230232,,0.8662753701210022,,3.6133012771606445,,,,,,,,,,,,,
14,,,,51319,,,,,,,,,,,,0.46207091212272644,0.08558104932308197,,0.3979293406009674,,3.2650885581970215,,,,,,,,,,,,,
14,,,,51339,,,,,,,,,,,,0.46207091212272644,0.07240694016218185,,0.44032666087150574,,3.3670105934143066,,,,,,,,,,,,,
14,,,,51359,,,,,,,,,,,,0.46207091212272644,0.09848026931285858,,0.6072604656219482,,4.354294300079346,,,,,,,,,,,,,
14,,,,51379,,,,,,,,,,,,0.46207091212272644,0.03690631687641144,,0.8757420778274536,,3.74039363861084,,,,,,,,,,,,,
14,,,,51399,,,,,,,,,,,,0.46207091212272644,0.04845592752099037,,0.6869481205940247,,3.2471301555633545,,,,,,,,,,,,,
14,,,,51419,,,,,,,,,,,,0.46207091212272644,0.06386315822601318,,0.6698611974716187,,3.2704672813415527,,,,,,,,,,,,,
14,,,,51439,,,,,,,,,,,,0.46207091212272644,0.09007114917039871,,0.5890457630157471,,4.299373626708984,,,,,,,,,,,,,
14,,,,51459,,,,,,,,,,,,0.46207091212272644,0.052889637649059296,,0.9451785087585449,,4.150404930114746,,,,,,,,,,,,,
14,,,,51479,,,,,,,,,,,,0.46207091212272644,0.0830666571855545,,0.5158560872077942,,4.324728012084961,,,,,,,,,,,,,
14,,,,51499,,,,,,,,,,,,0.46207091212272644,0.08732970803976059,,0.42856505513191223,,3.3167738914489746,,,,,,,,,,,,,
14,,,,51519,,,,,,,,,,,,0.46207091212272644,0.08045533299446106,,0.4066416919231415,,3.2910256385803223,,,,,,,,,,,,,
14,,,,51539,,,,,,,,,,,,0.46207091212272644,0.10128415375947952,,0.5295297503471375,,4.399542331695557,,,,,,,,,,,,,
14,,,,51559,,,,,,,,,,,,0.46207091212272644,0.06401986628770828,,0.7017860412597656,,4.388283729553223,,,,,,,,,,,,,
14,,,,51579,,,,,,,,,,,,0.46207091212272644,0.09746383875608444,,0.5294502377510071,,4.375970840454102,,,,,,,,,,,,,
14,,,,51599,,,,,,,,,,,,0.46207091212272644,0.0990898609161377,,0.5252723693847656,,4.426053524017334,,,,,,,,,,,,,
14,,,,51619,,,,,,,,,,,,0.46207091212272644,0.10915575176477432,,0.5175681710243225,,4.366043567657471,,,,,,,,,,,,,
14,,,,51639,,,,,,,,,,,,0.46207091212272644,0.043215446174144745,,1.0273185968399048,,4.270437240600586,,,,,,,,,,,,,
14,,,,51659,,,,,,,,,,,,0.46207091212272644,0.11297853291034698,,0.5237301588058472,,4.411658763885498,,,,,,,,,,,,,
14,,,,51679,,,,,,,,,,,,0.46207091212272644,0.08955995738506317,,0.4621580243110657,,3.3648273944854736,,,,,,,,,,,,,
14,,,,51699,,,,,,,,,,,,0.46207091212272644,0.0774872824549675,,0.5142882466316223,,3.259953498840332,,,,,,,,,,,,,
14,,,,51719,,,,,,,,,,,,0.46207091212272644,0.09052939713001251,,0.4066879153251648,,3.231478452682495,,,,,,,,,,,,,
14,,,,51739,,,,,,,,,,,,0.46207091212272644,0.09706690907478333,,0.406707763671875,,3.2839465141296387,,,,,,,,,,,,,
14,,,,51759,,,,,,,,,,,,0.46207091212272644,0.043462544679641724,,0.9386966824531555,,4.121756553649902,,,,,,,,,,,,,
14,,,,51779,,,,,,,,,,,,0.46207091212272644,0.0830146074295044,,0.42090746760368347,,3.2919788360595703,,,,,,,,,,,,,
14,,,,51799,,,,,,,,,,,,0.46207091212272644,0.08608757704496384,,0.4606347978115082,,3.339946746826172,,,,,,,,,,,,,
14,,,,51819,,,,,,,,,,,,0.46207091212272644,0.08713743090629578,,0.4166942536830902,,3.3660433292388916,,,,,,,,,,,,,
14,,,,51839,,,,,,,,,,,,0.46207091212272644,0.04034760594367981,,0.8026307225227356,,3.7305850982666016,,,,,,,,,,,,,
14,,,,51859,,,,,,,,,,,,0.46207091212272644,0.07634221017360687,,0.5029551982879639,,3.207113265991211,,,,,,,,,,,,,
14,,,,51879,,,,,,,,,,,,0.46207091212272644,0.10220260918140411,,0.42226412892341614,,3.2020223140716553,,,,,,,,,,,,,
14,,,,51899,,,,,,,,,,,,0.46207091212272644,0.09231111407279968,,0.5411512851715088,,4.488684177398682,,,,,,,,,,,,,
14,,,,51919,,,,,,,,,,,,0.46207091212272644,0.04347588121891022,,0.8774696588516235,,4.20164155960083,,,,,,,,,,,,,
14,,,,51939,,,,,,,,,,,,0.46207091212272644,0.04327165335416794,,0.82332843542099,,3.993124485015869,,,,,,,,,,,,,
14,,,,51959,,,,,,,,,,,,0.46207091212272644,0.108665831387043,,0.5331721305847168,,4.352828502655029,,,,,,,,,,,,,
14,,,,51979,,,,,,,,,,,,0.46207091212272644,0.09931235760450363,,0.5472794771194458,,4.385796546936035,,,,,,,,,,,,,
14,,,,51999,,,,,,,,,,,,0.46207091212272644,0.04005999118089676,,0.9504022598266602,,4.153173446655273,,,,,,,,,,,,,
14,,,,52019,,,,,,,,,,,,0.46207091212272644,0.09602753072977066,,0.40413957834243774,,3.336239814758301,,,,,,,,,,,,,
14,,,,52039,,,,,,,,,,,,0.46207091212272644,0.08847322314977646,,0.5299487709999084,,4.372684478759766,,,,,,,,,,,,,
14,,,,52059,,,,,,,,,,,,0.46207091212272644,0.04121808335185051,,0.7205452919006348,,3.2919607162475586,,,,,,,,,,,,,
14,,,,52079,,,,,,,,,,,,0.46207091212272644,0.09046719968318939,,0.497541218996048,,3.2691919803619385,,,,,,,,,,,,,
14,,,,52099,,,,,,,,,,,,0.46207091212272644,0.04169176518917084,,0.7618981599807739,,3.4391493797302246,,,,,,,,,,,,,
14,,,,52119,,,,,,,,,,,,0.46207091212272644,0.11094176769256592,,0.5200812816619873,,4.408845901489258,,,,,,,,,,,,,
14,,,,52139,,,,,,,,,,,,0.46207091212272644,0.09940831363201141,,0.4028598964214325,,3.3018341064453125,,,,,,,,,,,,,
14,,,,52159,,,,,,,,,,,,0.46207091212272644,0.08262019604444504,,0.4170054793357849,,3.2986350059509277,,,,,,,,,,,,,
14,,,,52179,,,,,,,,,,,,0.46207091212272644,0.08275993913412094,,0.4125383198261261,,3.3164634704589844,,,,,,,,,,,,,
14,,,,52199,,,,,,,,,,,,0.46207091212272644,0.07999374717473984,,0.45602038502693176,,3.3219094276428223,,,,,,,,,,,,,
14,,,,52219,,,,,,,,,,,,0.46207091212272644,0.10180982947349548,,0.5733175873756409,,4.5163116455078125,,,,,,,,,,,,,
14,,,,52229,,,,,,,,,,,,,,,,,,0.7016230821609497,0.8574314117431641,0.7072590589523315,0.7120652198791504,0.5534470081329346,0.7168713808059692,0.6396756172180176,0.7412121891975403,0.6912288069725037,0.7467203736305237,0.8115280270576477,0.6180081963539124,0.7016230821609497
14,,,,52229,,,,,,,,,0.6059620380401611,0.07872197031974792,0.462065726518631,,,0.6122578382492065,,3.8670270442962646,,,,,,,,,,,,,,
,0.0002870318186463901,0.0002870318186463901,2.870318186463901e-05,52230,,,,,,,,,,,,,,,,,,,,,,,,,,,,,,
15,,,,52239,,,,,,,,,,,,0.46207091212272644,0.09808647632598877,,0.5299898386001587,,4.396500587463379,,,,,,,,,,,,,
15,,,,52259,,,,,,,,,,,,0.46207091212272644,0.1013830304145813,,0.5641313195228577,,4.448367118835449,,,,,,,,,,,,,
15,,,,52279,,,,,,,,,,,,0.46207091212272644,0.05956259369850159,,0.6665218472480774,,4.5049519538879395,,,,,,,,,,,,,
15,,,,52299,,,,,,,,,,,,0.46207091212272644,0.11492197960615158,,0.5230689644813538,,4.4353742599487305,,,,,,,,,,,,,
15,,,,52319,,,,,,,,,,,,0.46207091212272644,0.09210826456546783,,0.40449678897857666,,3.2468295097351074,,,,,,,,,,,,,
15,,,,52339,,,,,,,,,,,,0.46207091212272644,0.09402169287204742,,0.5205438733100891,,4.432216644287109,,,,,,,,,,,,,
15,,,,52359,,,,,,,,,,,,0.46207091212272644,0.0814962387084961,,0.7069428563117981,,4.434518814086914,,,,,,,,,,,,,
15,,,,52379,,,,,,,,,,,,0.46207091212272644,0.09788087010383606,,0.526755154132843,,4.489696979522705,,,,,,,,,,,,,
15,,,,52399,,,,,,,,,,,,0.46207091212272644,0.08580020815134048,,0.40768346190452576,,3.295382022857666,,,,,,,,,,,,,
15,,,,52419,,,,,,,,,,,,0.46207091212272644,0.09492865949869156,,0.3936302661895752,,3.1915807723999023,,,,,,,,,,,,,
15,,,,52439,,,,,,,,,,,,0.46207091212272644,0.051656391471624374,,0.9090003967285156,,4.432982444763184,,,,,,,,,,,,,
15,,,,52459,,,,,,,,,,,,0.46207091212272644,0.05818863958120346,,0.40449413657188416,,3.0959033966064453,,,,,,,,,,,,,
15,,,,52479,,,,,,,,,,,,0.46207091212272644,0.039168745279312134,,0.8398528099060059,,3.7061686515808105,,,,,,,,,,,,,
15,,,,52499,,,,,,,,,,,,0.46207091212272644,0.08295312523841858,,0.4278002083301544,,3.1874186992645264,,,,,,,,,,,,,
15,,,,52519,,,,,,,,,,,,0.46207091212272644,0.047186922281980515,,1.0278993844985962,,4.4189348220825195,,,,,,,,,,,,,
15,,,,52539,,,,,,,,,,,,0.46207091212272644,0.036415211856365204,,0.9332544803619385,,4.1655192375183105,,,,,,,,,,,,,
15,,,,52559,,,,,,,,,,,,0.46207091212272644,0.04480954632163048,,0.9140564203262329,,3.8745038509368896,,,,,,,,,,,,,
15,,,,52579,,,,,,,,,,,,0.46207091212272644,0.09939038753509521,,0.3857573866844177,,3.1186444759368896,,,,,,,,,,,,,
15,,,,52599,,,,,,,,,,,,0.46207091212272644,0.0844021886587143,,0.40607407689094543,,3.2577123641967773,,,,,,,,,,,,,
15,,,,52619,,,,,,,,,,,,0.46207091212272644,0.050587400794029236,,0.8481466174125671,,4.39799690246582,,,,,,,,,,,,,
15,,,,52639,,,,,,,,,,,,0.46207091212272644,0.09888358414173126,,0.540247917175293,,4.461869239807129,,,,,,,,,,,,,
15,,,,52659,,,,,,,,,,,,0.46207091212272644,0.11133092641830444,,0.5164703726768494,,4.390676021575928,,,,,,,,,,,,,
15,,,,52679,,,,,,,,,,,,0.46207091212272644,0.08558118343353271,,0.5543155670166016,,4.400373458862305,,,,,,,,,,,,,
15,,,,52699,,,,,,,,,,,,0.46207091212272644,0.09095065295696259,,0.4007933437824249,,3.2810370922088623,,,,,,,,,,,,,
15,,,,52719,,,,,,,,,,,,0.46207091212272644,0.06630746275186539,,0.6659253239631653,,4.394828796386719,,,,,,,,,,,,,
15,,,,52739,,,,,,,,,,,,0.46207091212272644,0.09414062649011612,,0.4135492444038391,,3.2865123748779297,,,,,,,,,,,,,
15,,,,52759,,,,,,,,,,,,0.46207091212272644,0.09412163496017456,,0.40515264868736267,,3.20802640914917,,,,,,,,,,,,,
15,,,,52779,,,,,,,,,,,,0.46207091212272644,0.10355380177497864,,0.39913102984428406,,3.235445976257324,,,,,,,,,,,,,
15,,,,52799,,,,,,,,,,,,0.46207091212272644,0.07488878816366196,,0.4275085926055908,,3.291652202606201,,,,,,,,,,,,,
15,,,,52819,,,,,,,,,,,,0.46207091212272644,0.08281052112579346,,0.5422035455703735,,4.487084865570068,,,,,,,,,,,,,
15,,,,52839,,,,,,,,,,,,0.46207091212272644,0.08580851554870605,,0.5216206908226013,,3.220569133758545,,,,,,,,,,,,,
15,,,,52859,,,,,,,,,,,,0.46207091212272644,0.05278252810239792,,0.6885517835617065,,3.2608470916748047,,,,,,,,,,,,,
15,,,,52879,,,,,,,,,,,,0.46207091212272644,0.0697779655456543,,0.6029219627380371,,4.350196361541748,,,,,,,,,,,,,
15,,,,52899,,,,,,,,,,,,0.46207091212272644,0.051455140113830566,,0.6348364353179932,,3.2943596839904785,,,,,,,,,,,,,
15,,,,52919,,,,,,,,,,,,0.46207091212272644,0.09519344568252563,,0.4116003215312958,,3.2618887424468994,,,,,,,,,,,,,
15,,,,52939,,,,,,,,,,,,0.46207091212272644,0.08690950274467468,,0.4441353380680084,,3.2705118656158447,,,,,,,,,,,,,
15,,,,52959,,,,,,,,,,,,0.46207091212272644,0.05374068021774292,,0.7642391920089722,,4.498597621917725,,,,,,,,,,,,,
15,,,,52979,,,,,,,,,,,,0.46207091212272644,0.046566396951675415,,0.8840464949607849,,4.431956768035889,,,,,,,,,,,,,
15,,,,52999,,,,,,,,,,,,0.46207091212272644,0.09026529639959335,,0.49452582001686096,,3.291374921798706,,,,,,,,,,,,,
15,,,,53019,,,,,,,,,,,,0.46207091212272644,0.06334839761257172,,0.565976619720459,,3.26638126373291,,,,,,,,,,,,,
15,,,,53039,,,,,,,,,,,,0.46207091212272644,0.09169034659862518,,0.40319734811782837,,3.266474723815918,,,,,,,,,,,,,
15,,,,53059,,,,,,,,,,,,0.46207091212272644,0.04485172778367996,,0.7993848919868469,,3.3880696296691895,,,,,,,,,,,,,
15,,,,53079,,,,,,,,,,,,0.46207091212272644,0.10457819700241089,,0.5268376469612122,,4.359930992126465,,,,,,,,,,,,,
15,,,,53099,,,,,,,,,,,,0.46207091212272644,0.05017881095409393,,0.8664237856864929,,4.352823734283447,,,,,,,,,,,,,
15,,,,53119,,,,,,,,,,,,0.46207091212272644,0.08594898879528046,,0.4180558919906616,,3.3916401863098145,,,,,,,,,,,,,
15,,,,53139,,,,,,,,,,,,0.46207091212272644,0.081397145986557,,0.5148419737815857,,3.418100118637085,,,,,,,,,,,,,
15,,,,53159,,,,,,,,,,,,0.46207091212272644,0.08582624793052673,,0.4796994626522064,,3.4279255867004395,,,,,,,,,,,,,
15,,,,53179,,,,,,,,,,,,0.46207091212272644,0.05239960551261902,,0.7085673213005066,,4.378877639770508,,,,,,,,,,,,,
15,,,,53199,,,,,,,,,,,,0.46207091212272644,0.05117054656147957,,0.8264130353927612,,4.368995666503906,,,,,,,,,,,,,
15,,,,53219,,,,,,,,,,,,0.46207091212272644,0.08648353815078735,,0.5679906606674194,,4.406943321228027,,,,,,,,,,,,,
15,,,,53239,,,,,,,,,,,,0.46207091212272644,0.08447377383708954,,0.40340131521224976,,3.129410982131958,,,,,,,,,,,,,
15,,,,53259,,,,,,,,,,,,0.46207091212272644,0.03696177154779434,,0.8806969523429871,,4.360899925231934,,,,,,,,,,,,,
15,,,,53279,,,,,,,,,,,,0.46207091212272644,0.08747641742229462,,0.39528822898864746,,3.228602409362793,,,,,,,,,,,,,
15,,,,53299,,,,,,,,,,,,0.46207091212272644,0.040779583156108856,,0.8033049702644348,,3.390428066253662,,,,,,,,,,,,,
15,,,,53319,,,,,,,,,,,,0.46207091212272644,0.06441666930913925,,0.6000965237617493,,3.026754856109619,,,,,,,,,,,,,
15,,,,53339,,,,,,,,,,,,0.46207091212272644,0.0553629994392395,,0.8396242260932922,,4.70961856842041,,,,,,,,,,,,,
15,,,,53359,,,,,,,,,,,,0.46207091212272644,0.08916022628545761,,0.4209849536418915,,3.2251365184783936,,,,,,,,,,,,,
15,,,,53379,,,,,,,,,,,,0.46207091212272644,0.04286088049411774,,0.9065938591957092,,4.2428131103515625,,,,,,,,,,,,,
15,,,,53399,,,,,,,,,,,,0.46207091212272644,0.050826698541641235,,0.7636357545852661,,3.3781468868255615,,,,,,,,,,,,,
15,,,,53419,,,,,,,,,,,,0.46207091212272644,0.04489179700613022,,0.810001015663147,,3.6792194843292236,,,,,,,,,,,,,
15,,,,53439,,,,,,,,,,,,0.46207091212272644,0.09871422499418259,,0.5610853433609009,,4.56368350982666,,,,,,,,,,,,,
15,,,,53459,,,,,,,,,,,,0.46207091212272644,0.08593028783798218,,0.4166219234466553,,3.202763080596924,,,,,,,,,,,,,
15,,,,53479,,,,,,,,,,,,0.46207091212272644,0.08521784096956253,,0.6308134198188782,,4.554400444030762,,,,,,,,,,,,,
15,,,,53499,,,,,,,,,,,,0.46207091212272644,0.03873174265027046,,0.8975960612297058,,3.7461705207824707,,,,,,,,,,,,,
15,,,,53519,,,,,,,,,,,,0.46207091212272644,0.10420415550470352,,0.4081997275352478,,3.1815247535705566,,,,,,,,,,,,,
15,,,,53539,,,,,,,,,,,,0.46207091212272644,0.040591172873973846,,0.94261234998703,,4.327675819396973,,,,,,,,,,,,,
15,,,,53559,,,,,,,,,,,,0.46207091212272644,0.07573902606964111,,0.4088186025619507,,3.1663506031036377,,,,,,,,,,,,,
15,,,,53579,,,,,,,,,,,,0.46207091212272644,0.0806480273604393,,0.4020735025405884,,3.219761610031128,,,,,,,,,,,,,
15,,,,53599,,,,,,,,,,,,0.46207091212272644,0.09103932976722717,,0.5332134366035461,,4.393957138061523,,,,,,,,,,,,,
15,,,,53619,,,,,,,,,,,,0.46207091212272644,0.09380635619163513,,0.5484700202941895,,4.380040645599365,,,,,,,,,,,,,
15,,,,53639,,,,,,,,,,,,0.46207091212272644,0.07608222216367722,,0.44310861825942993,,3.2865848541259766,,,,,,,,,,,,,
15,,,,53659,,,,,,,,,,,,0.46207091212272644,0.09316018223762512,,0.42091768980026245,,3.3028717041015625,,,,,,,,,,,,,
15,,,,53679,,,,,,,,,,,,0.46207091212272644,0.10586079955101013,,0.5388669967651367,,4.398744106292725,,,,,,,,,,,,,
15,,,,53699,,,,,,,,,,,,0.46207091212272644,0.09152977913618088,,0.4279062747955322,,3.22343111038208,,,,,,,,,,,,,
15,,,,53719,,,,,,,,,,,,0.46207091212272644,0.03604903444647789,,0.8214113116264343,,3.465787649154663,,,,,,,,,,,,,
15,,,,53739,,,,,,,,,,,,0.46207091212272644,0.05228240042924881,,0.7151066660881042,,3.1518774032592773,,,,,,,,,,,,,
15,,,,53759,,,,,,,,,,,,0.46207091212272644,0.10146206617355347,,0.5363699197769165,,4.597954750061035,,,,,,,,,,,,,
15,,,,53779,,,,,,,,,,,,0.46207091212272644,0.07649070769548416,,0.544651985168457,,3.1908867359161377,,,,,,,,,,,,,
15,,,,53799,,,,,,,,,,,,0.46207091212272644,0.08300387114286423,,0.5364096760749817,,4.517505168914795,,,,,,,,,,,,,
15,,,,53819,,,,,,,,,,,,0.46207091212272644,0.09273281693458557,,0.5866242051124573,,4.3466315269470215,,,,,,,,,,,,,
15,,,,53839,,,,,,,,,,,,0.46207091212272644,0.09140755981206894,,0.4137527048587799,,3.422800064086914,,,,,,,,,,,,,
15,,,,53859,,,,,,,,,,,,0.46207091212272644,0.10054627060890198,,0.5908852815628052,,4.3459248542785645,,,,,,,,,,,,,
15,,,,53879,,,,,,,,,,,,0.46207091212272644,0.10344661772251129,,0.5526502728462219,,4.527358055114746,,,,,,,,,,,,,
15,,,,53899,,,,,,,,,,,,0.46207091212272644,0.10623999685049057,,0.5402998328208923,,4.471108436584473,,,,,,,,,,,,,
15,,,,53919,,,,,,,,,,,,0.46207091212272644,0.046286460012197495,,0.6309575438499451,,3.150270462036133,,,,,,,,,,,,,
15,,,,53939,,,,,,,,,,,,0.46207091212272644,0.10146559774875641,,0.5342592597007751,,4.45140266418457,,,,,,,,,,,,,
15,,,,53959,,,,,,,,,,,,0.46207091212272644,0.04479715973138809,,0.8617280721664429,,3.8808798789978027,,,,,,,,,,,,,
15,,,,53979,,,,,,,,,,,,0.46207091212272644,0.0931006371974945,,0.4118705689907074,,3.265120506286621,,,,,,,,,,,,,
15,,,,53999,,,,,,,,,,,,0.46207091212272644,0.09737110137939453,,0.5847005844116211,,4.3863043785095215,,,,,,,,,,,,,
15,,,,54019,,,,,,,,,,,,0.46207091212272644,0.0834025889635086,,0.7490275502204895,,4.4302825927734375,,,,,,,,,,,,,
15,,,,54039,,,,,,,,,,,,0.46207091212272644,0.09485609829425812,,0.5154582858085632,,4.401684761047363,,,,,,,,,,,,,
15,,,,54059,,,,,,,,,,,,0.46207091212272644,0.08859609067440033,,0.39697206020355225,,3.2634496688842773,,,,,,,,,,,,,
15,,,,54079,,,,,,,,,,,,0.46207091212272644,0.10446803271770477,,0.5655644536018372,,4.448626518249512,,,,,,,,,,,,,
15,,,,54099,,,,,,,,,,,,0.46207091212272644,0.11185562610626221,,0.5240566730499268,,4.4441986083984375,,,,,,,,,,,,,
15,,,,54119,,,,,,,,,,,,0.46207091212272644,0.059019774198532104,,0.8574239015579224,,4.464234352111816,,,,,,,,,,,,,
15,,,,54139,,,,,,,,,,,,0.46207091212272644,0.09841383248567581,,0.5214475989341736,,4.368979454040527,,,,,,,,,,,,,
15,,,,54159,,,,,,,,,,,,0.46207091212272644,0.05027894675731659,,0.6575839519500732,,3.2780063152313232,,,,,,,,,,,,,
15,,,,54179,,,,,,,,,,,,0.46207091212272644,0.04827766865491867,,0.8007228970527649,,3.2946410179138184,,,,,,,,,,,,,
15,,,,54199,,,,,,,,,,,,0.46207091212272644,0.08397581428289413,,0.3962614834308624,,3.1767160892486572,,,,,,,,,,,,,
15,,,,54219,,,,,,,,,,,,0.46207091212272644,0.04649297520518303,,0.7884785532951355,,3.3712573051452637,,,,,,,,,,,,,
15,,,,54239,,,,,,,,,,,,0.46207091212272644,0.05604339390993118,,0.6891260743141174,,4.52556037902832,,,,,,,,,,,,,
15,,,,54259,,,,,,,,,,,,0.46207091212272644,0.08852683007717133,,0.41553810238838196,,3.2915966510772705,,,,,,,,,,,,,
15,,,,54279,,,,,,,,,,,,0.46207091212272644,0.08709868788719177,,0.42723387479782104,,3.3064513206481934,,,,,,,,,,,,,
15,,,,54299,,,,,,,,,,,,0.46207091212272644,0.09089644253253937,,0.5858833193778992,,4.522113800048828,,,,,,,,,,,,,
15,,,,54319,,,,,,,,,,,,0.46207091212272644,0.10309337079524994,,0.5210180282592773,,4.3998870849609375,,,,,,,,,,,,,
15,,,,54339,,,,,,,,,,,,0.46207091212272644,0.09379096329212189,,0.525794267654419,,4.420499801635742,,,,,,,,,,,,,
15,,,,54359,,,,,,,,,,,,0.46207091212272644,0.0872146338224411,,0.40783536434173584,,3.281212329864502,,,,,,,,,,,,,
15,,,,54379,,,,,,,,,,,,0.46207091212272644,0.08727958053350449,,0.5391687750816345,,3.198596477508545,,,,,,,,,,,,,
15,,,,54399,,,,,,,,,,,,0.46207091212272644,0.08803360164165497,,0.4178400933742523,,3.0992822647094727,,,,,,,,,,,,,
15,,,,54419,,,,,,,,,,,,0.46207091212272644,0.06868357956409454,,0.4691607356071472,,3.1301462650299072,,,,,,,,,,,,,
15,,,,54439,,,,,,,,,,,,0.46207091212272644,0.05707930773496628,,0.8187310695648193,,3.232394218444824,,,,,,,,,,,,,
15,,,,54459,,,,,,,,,,,,0.46207091212272644,0.07188884913921356,,0.6731589436531067,,3.204831123352051,,,,,,,,,,,,,
15,,,,54479,,,,,,,,,,,,0.46207091212272644,0.10212437063455582,,0.5272248983383179,,4.354328632354736,,,,,,,,,,,,,
15,,,,54499,,,,,,,,,,,,0.46207091212272644,0.036603204905986786,,0.849374532699585,,3.511049747467041,,,,,,,,,,,,,
15,,,,54519,,,,,,,,,,,,0.46207091212272644,0.08324860036373138,,0.42494097352027893,,3.339750289916992,,,,,,,,,,,,,
15,,,,54539,,,,,,,,,,,,0.46207091212272644,0.07196641713380814,,0.5216753482818604,,3.259157180786133,,,,,,,,,,,,,
15,,,,54559,,,,,,,,,,,,0.46207091212272644,0.0893068015575409,,0.4414551854133606,,3.3320202827453613,,,,,,,,,,,,,
15,,,,54579,,,,,,,,,,,,0.46207091212272644,0.08118404448032379,,0.607318639755249,,4.352938652038574,,,,,,,,,,,,,
15,,,,54599,,,,,,,,,,,,0.46207091212272644,0.09221586585044861,,0.5129683017730713,,4.290930271148682,,,,,,,,,,,,,
15,,,,54619,,,,,,,,,,,,0.46207091212272644,0.045565757900476456,,0.8949847221374512,,4.0166401863098145,,,,,,,,,,,,,
15,,,,54639,,,,,,,,,,,,0.46207091212272644,0.0940377488732338,,0.5385746955871582,,4.501821517944336,,,,,,,,,,,,,
15,,,,54659,,,,,,,,,,,,0.46207091212272644,0.10409446060657501,,0.5362261533737183,,4.568769931793213,,,,,,,,,,,,,
15,,,,54679,,,,,,,,,,,,0.46207091212272644,0.08352053165435791,,0.5319048166275024,,4.420916557312012,,,,,,,,,,,,,
15,,,,54699,,,,,,,,,,,,0.46207091212272644,0.04161049798130989,,0.8982001543045044,,3.800590991973877,,,,,,,,,,,,,
15,,,,54719,,,,,,,,,,,,0.46207091212272644,0.07158073782920837,,0.6222105622291565,,3.3343234062194824,,,,,,,,,,,,,
15,,,,54739,,,,,,,,,,,,0.46207091212272644,0.0470547080039978,,0.8887143135070801,,4.201684951782227,,,,,,,,,,,,,
15,,,,54759,,,,,,,,,,,,0.46207091212272644,0.06476927548646927,,0.6494780778884888,,4.520846366882324,,,,,,,,,,,,,
15,,,,54779,,,,,,,,,,,,0.46207091212272644,0.09570791572332382,,0.3994676172733307,,3.249998092651367,,,,,,,,,,,,,
15,,,,54799,,,,,,,,,,,,0.46207091212272644,0.094322569668293,,0.39812979102134705,,3.2486159801483154,,,,,,,,,,,,,
15,,,,54819,,,,,,,,,,,,0.46207091212272644,0.10212437063455582,,0.5250864028930664,,4.364355564117432,,,,,,,,,,,,,
15,,,,54839,,,,,,,,,,,,0.46207091212272644,0.10116445273160934,,0.40979674458503723,,3.3437180519104004,,,,,,,,,,,,,
15,,,,54859,,,,,,,,,,,,0.46207091212272644,0.10189120471477509,,0.5074291229248047,,4.275504112243652,,,,,,,,,,,,,
15,,,,54879,,,,,,,,,,,,0.46207091212272644,0.050092510879039764,,0.9338111877441406,,4.1567702293396,,,,,,,,,,,,,
15,,,,54899,,,,,,,,,,,,0.46207091212272644,0.08117573708295822,,0.5564296245574951,,4.587596893310547,,,,,,,,,,,,,
15,,,,54919,,,,,,,,,,,,0.46207091212272644,0.0923030823469162,,0.6465274691581726,,4.62380838394165,,,,,,,,,,,,,
15,,,,54939,,,,,,,,,,,,0.46207091212272644,0.11266890168190002,,0.538617730140686,,4.481845855712891,,,,,,,,,,,,,
15,,,,54959,,,,,,,,,,,,0.46207091212272644,0.08908354490995407,,0.3894934356212616,,3.1538023948669434,,,,,,,,,,,,,
15,,,,54979,,,,,,,,,,,,0.46207091212272644,0.0878843292593956,,0.39351925253868103,,3.1109695434570312,,,,,,,,,,,,,
15,,,,54999,,,,,,,,,,,,0.46207091212272644,0.09977726638317108,,0.38754546642303467,,3.1711297035217285,,,,,,,,,,,,,
15,,,,55019,,,,,,,,,,,,0.46207091212272644,0.06442819535732269,,0.5172932744026184,,3.29384183883667,,,,,,,,,,,,,
15,,,,55039,,,,,,,,,,,,0.46207091212272644,0.09729582071304321,,0.4037260413169861,,3.2028350830078125,,,,,,,,,,,,,
15,,,,55059,,,,,,,,,,,,0.46207091212272644,0.045009952038526535,,0.7458686828613281,,3.2427759170532227,,,,,,,,,,,,,
15,,,,55079,,,,,,,,,,,,0.46207091212272644,0.07540957629680634,,0.41236934065818787,,3.1449830532073975,,,,,,,,,,,,,
15,,,,55099,,,,,,,,,,,,0.46207091212272644,0.03924833610653877,,0.8901163935661316,,3.4954028129577637,,,,,,,,,,,,,
15,,,,55119,,,,,,,,,,,,0.46207091212272644,0.0410592183470726,,0.7996882200241089,,3.456483840942383,,,,,,,,,,,,,
15,,,,55139,,,,,,,,,,,,0.46207091212272644,0.10147416591644287,,0.41702666878700256,,3.188000202178955,,,,,,,,,,,,,
15,,,,55159,,,,,,,,,,,,0.46207091212272644,0.08703379333019257,,0.534752368927002,,4.468802452087402,,,,,,,,,,,,,
15,,,,55179,,,,,,,,,,,,0.46207091212272644,0.09312718361616135,,0.6080002784729004,,4.469359397888184,,,,,,,,,,,,,
15,,,,55199,,,,,,,,,,,,0.46207091212272644,0.04325248301029205,,0.851115882396698,,4.50849723815918,,,,,,,,,,,,,
15,,,,55219,,,,,,,,,,,,0.46207091212272644,0.07741464674472809,,0.6919623613357544,,4.61262321472168,,,,,,,,,,,,,
15,,,,55239,,,,,,,,,,,,0.46207091212272644,0.09633217006921768,,0.5420509576797485,,4.587417125701904,,,,,,,,,,,,,
15,,,,55259,,,,,,,,,,,,0.46207091212272644,0.06523992121219635,,0.5163295865058899,,3.246330499649048,,,,,,,,,,,,,
15,,,,55279,,,,,,,,,,,,0.46207091212272644,0.08585017919540405,,0.4318874180316925,,3.3137569427490234,,,,,,,,,,,,,
15,,,,55299,,,,,,,,,,,,0.46207091212272644,0.1006249412894249,,0.513855516910553,,4.33533239364624,,,,,,,,,,,,,
15,,,,55319,,,,,,,,,,,,0.46207091212272644,0.042797788977622986,,0.9096193313598633,,4.276453018188477,,,,,,,,,,,,,
15,,,,55339,,,,,,,,,,,,0.46207091212272644,0.09999217838048935,,0.5327014327049255,,4.465604782104492,,,,,,,,,,,,,
15,,,,55359,,,,,,,,,,,,0.46207091212272644,0.09520868211984634,,0.6877449154853821,,4.410032272338867,,,,,,,,,,,,,
15,,,,55379,,,,,,,,,,,,0.46207091212272644,0.09878823161125183,,0.5456454157829285,,4.500616550445557,,,,,,,,,,,,,
15,,,,55399,,,,,,,,,,,,0.46207091212272644,0.11015674471855164,,0.5359745025634766,,4.503321170806885,,,,,,,,,,,,,
15,,,,55419,,,,,,,,,,,,0.46207091212272644,0.0504269078373909,,0.8813971281051636,,4.378060340881348,,,,,,,,,,,,,
15,,,,55439,,,,,,,,,,,,0.46207091212272644,0.0682309940457344,,0.42297568917274475,,3.3594861030578613,,,,,,,,,,,,,
15,,,,55459,,,,,,,,,,,,0.46207091212272644,0.10621006786823273,,0.5207130908966064,,4.355691432952881,,,,,,,,,,,,,
15,,,,55479,,,,,,,,,,,,0.46207091212272644,0.0722743347287178,,0.7057693004608154,,4.4410176277160645,,,,,,,,,,,,,
15,,,,55499,,,,,,,,,,,,0.46207091212272644,0.09953732788562775,,0.5277743339538574,,4.421503067016602,,,,,,,,,,,,,
15,,,,55519,,,,,,,,,,,,0.46207091212272644,0.04516390711069107,,0.8851333856582642,,4.281978607177734,,,,,,,,,,,,,
15,,,,55539,,,,,,,,,,,,0.46207091212272644,0.109498992562294,,0.5414422154426575,,4.359234809875488,,,,,,,,,,,,,
15,,,,55559,,,,,,,,,,,,0.46207091212272644,0.08748936653137207,,0.4043264091014862,,3.2323434352874756,,,,,,,,,,,,,
15,,,,55579,,,,,,,,,,,,0.46207091212272644,0.09238514304161072,,0.3921547830104828,,3.1669046878814697,,,,,,,,,,,,,
15,,,,55599,,,,,,,,,,,,0.46207091212272644,0.09999696165323257,,0.5254062414169312,,4.460017204284668,,,,,,,,,,,,,
15,,,,55619,,,,,,,,,,,,0.46207091212272644,0.10092464089393616,,0.5201777219772339,,4.406198501586914,,,,,,,,,,,,,
15,,,,55639,,,,,,,,,,,,0.46207091212272644,0.07648342102766037,,0.4338303506374359,,3.2918176651000977,,,,,,,,,,,,,
15,,,,55659,,,,,,,,,,,,0.46207091212272644,0.0380234494805336,,0.9298992156982422,,4.070359706878662,,,,,,,,,,,,,
15,,,,55679,,,,,,,,,,,,0.46207091212272644,0.03923267871141434,,0.8989291191101074,,3.651677131652832,,,,,,,,,,,,,
15,,,,55699,,,,,,,,,,,,0.46207091212272644,0.10447010397911072,,0.38613200187683105,,3.1204843521118164,,,,,,,,,,,,,
15,,,,55711,,,,,,,,,,,,,,,,,,0.7105002999305725,0.8627849817276001,0.7017526626586914,0.6999505758285522,0.535618007183075,0.6981484889984131,0.6368554830551147,0.7361483573913574,0.7037516236305237,0.8088889122009277,0.8104498982429504,0.46950334310531616,0.7105002999305725
15,,,,55711,,,,,,,,,0.6176294088363647,0.07670944929122925,0.462065726518631,,,0.6124427914619446,,3.8484604358673096,,,,,,,,,,,,,,
,0.0002843567640359119,0.0002843567640359119,2.843567640359119e-05,55712,,,,,,,,,,,,,,,,,,,,,,,,,,,,,,
16,,,,55719,,,,,,,,,,,,0.46207091212272644,0.06054586544632912,,0.6987872123718262,,4.528977870941162,,,,,,,,,,,,,
16,,,,55739,,,,,,,,,,,,0.46207091212272644,0.08408306539058685,,0.42580699920654297,,3.309006452560425,,,,,,,,,,,,,
16,,,,55759,,,,,,,,,,,,0.46207091212272644,0.06181081384420395,,0.7590469121932983,,4.382486343383789,,,,,,,,,,,,,
16,,,,55779,,,,,,,,,,,,0.46207091212272644,0.08943618834018707,,0.42288556694984436,,3.2777061462402344,,,,,,,,,,,,,
16,,,,55799,,,,,,,,,,,,0.46207091212272644,0.04832351207733154,,0.8503291010856628,,4.339301109313965,,,,,,,,,,,,,
16,,,,55819,,,,,,,,,,,,0.46207091212272644,0.037144310772418976,,0.9459571838378906,,4.123074531555176,,,,,,,,,,,,,
16,,,,55839,,,,,,,,,,,,0.46207091212272644,0.05812915787100792,,0.6461082100868225,,3.278254985809326,,,,,,,,,,,,,
16,,,,55859,,,,,,,,,,,,0.46207091212272644,0.048336125910282135,,0.5823505520820618,,3.18190336227417,,,,,,,,,,,,,
16,,,,55879,,,,,,,,,,,,0.46207091212272644,0.04873354360461235,,0.7355892658233643,,3.2647085189819336,,,,,,,,,,,,,
16,,,,55899,,,,,,,,,,,,0.46207091212272644,0.0900263786315918,,0.4623468220233917,,3.2528176307678223,,,,,,,,,,,,,
16,,,,55919,,,,,,,,,,,,0.46207091212272644,0.09587033092975616,,0.5470868349075317,,4.458727836608887,,,,,,,,,,,,,
16,,,,55939,,,,,,,,,,,,0.46207091212272644,0.09798053652048111,,0.516371488571167,,4.402400493621826,,,,,,,,,,,,,
16,,,,55959,,,,,,,,,,,,0.46207091212272644,0.0779319480061531,,0.41406920552253723,,3.275843858718872,,,,,,,,,,,,,
16,,,,55979,,,,,,,,,,,,0.46207091212272644,0.10215655714273453,,0.39528098702430725,,3.1600565910339355,,,,,,,,,,,,,
16,,,,55999,,,,,,,,,,,,0.46207091212272644,0.08608527481555939,,0.41456669569015503,,3.2019619941711426,,,,,,,,,,,,,
16,,,,56019,,,,,,,,,,,,0.46207091212272644,0.03951010853052139,,0.8869395852088928,,3.772346258163452,,,,,,,,,,,,,
16,,,,56039,,,,,,,,,,,,0.46207091212272644,0.04079359769821167,,0.9308248162269592,,3.9471683502197266,,,,,,,,,,,,,
16,,,,56059,,,,,,,,,,,,0.46207091212272644,0.0905565619468689,,0.6357995867729187,,4.348040580749512,,,,,,,,,,,,,
16,,,,56079,,,,,,,,,,,,0.46207091212272644,0.08834067732095718,,0.40953418612480164,,3.2923359870910645,,,,,,,,,,,,,
16,,,,56099,,,,,,,,,,,,0.46207091212272644,0.0660443902015686,,0.47904226183891296,,3.2202725410461426,,,,,,,,,,,,,
16,,,,56119,,,,,,,,,,,,0.46207091212272644,0.1018725335597992,,0.3909453749656677,,3.195784568786621,,,,,,,,,,,,,
16,,,,56139,,,,,,,,,,,,0.46207091212272644,0.06381935626268387,,0.6084995269775391,,3.1399192810058594,,,,,,,,,,,,,
16,,,,56159,,,,,,,,,,,,0.46207091212272644,0.052338890731334686,,0.8248822093009949,,4.3856892585754395,,,,,,,,,,,,,
16,,,,56179,,,,,,,,,,,,0.46207091212272644,0.10248962044715881,,0.5280032157897949,,4.514217376708984,,,,,,,,,,,,,
16,,,,56199,,,,,,,,,,,,0.46207091212272644,0.09168176352977753,,0.4042895436286926,,3.174983024597168,,,,,,,,,,,,,
16,,,,56219,,,,,,,,,,,,0.46207091212272644,0.10628215223550797,,0.3907022476196289,,3.1633076667785645,,,,,,,,,,,,,
16,,,,56239,,,,,,,,,,,,0.46207091212272644,0.10634686052799225,,0.5419967770576477,,4.56329870223999,,,,,,,,,,,,,
16,,,,56259,,,,,,,,,,,,0.46207091212272644,0.09910406172275543,,0.4178105592727661,,3.145021438598633,,,,,,,,,,,,,
16,,,,56279,,,,,,,,,,,,0.46207091212272644,0.09692929685115814,,0.5237208604812622,,4.4685258865356445,,,,,,,,,,,,,
16,,,,56299,,,,,,,,,,,,0.46207091212272644,0.09156602621078491,,0.42051810026168823,,3.2952566146850586,,,,,,,,,,,,,
16,,,,56319,,,,,,,,,,,,0.46207091212272644,0.09381048381328583,,0.40552952885627747,,3.310739040374756,,,,,,,,,,,,,
16,,,,56339,,,,,,,,,,,,0.46207091212272644,0.101802296936512,,0.5199886560440063,,4.404606819152832,,,,,,,,,,,,,
16,,,,56359,,,,,,,,,,,,0.46207091212272644,0.09578202664852142,,0.5229487419128418,,4.435420036315918,,,,,,,,,,,,,
16,,,,56379,,,,,,,,,,,,0.46207091212272644,0.10583049803972244,,0.5339644551277161,,4.431304454803467,,,,,,,,,,,,,
16,,,,56399,,,,,,,,,,,,0.46207091212272644,0.044051822274923325,,0.8456965088844299,,4.403391361236572,,,,,,,,,,,,,
16,,,,56419,,,,,,,,,,,,0.46207091212272644,0.05378975719213486,,0.5866995453834534,,3.3065364360809326,,,,,,,,,,,,,
16,,,,56439,,,,,,,,,,,,0.46207091212272644,0.09544916450977325,,0.44996097683906555,,3.2808783054351807,,,,,,,,,,,,,
16,,,,56459,,,,,,,,,,,,0.46207091212272644,0.10246804356575012,,0.5195380449295044,,4.413209438323975,,,,,,,,,,,,,
16,,,,56479,,,,,,,,,,,,0.46207091212272644,0.08215712010860443,,0.7630491256713867,,3.4141557216644287,,,,,,,,,,,,,
16,,,,56499,,,,,,,,,,,,0.46207091212272644,0.09566903114318848,,0.3964179754257202,,3.2459359169006348,,,,,,,,,,,,,
16,,,,56519,,,,,,,,,,,,0.46207091212272644,0.04562896490097046,,0.8986333608627319,,3.8704721927642822,,,,,,,,,,,,,
16,,,,56539,,,,,,,,,,,,0.46207091212272644,0.08573105931282043,,0.562244176864624,,3.241328001022339,,,,,,,,,,,,,
16,,,,56559,,,,,,,,,,,,0.46207091212272644,0.04185043275356293,,0.9430667757987976,,3.976304531097412,,,,,,,,,,,,,
16,,,,56579,,,,,,,,,,,,0.46207091212272644,0.08409252762794495,,0.45392099022865295,,3.2003142833709717,,,,,,,,,,,,,
16,,,,56599,,,,,,,,,,,,0.46207091212272644,0.04662191495299339,,0.8382388949394226,,4.375720024108887,,,,,,,,,,,,,
16,,,,56619,,,,,,,,,,,,0.46207091212272644,0.1070418506860733,,0.5595517158508301,,4.469650745391846,,,,,,,,,,,,,
16,,,,56639,,,,,,,,,,,,0.46207091212272644,0.09608694911003113,,0.3949759602546692,,3.2069051265716553,,,,,,,,,,,,,
16,,,,56659,,,,,,,,,,,,0.46207091212272644,0.09958931803703308,,0.3882733881473541,,3.13482928276062,,,,,,,,,,,,,
16,,,,56679,,,,,,,,,,,,0.46207091212272644,0.04390028864145279,,0.9325215816497803,,4.187145709991455,,,,,,,,,,,,,
16,,,,56699,,,,,,,,,,,,0.46207091212272644,0.10431478917598724,,0.5115687251091003,,4.36702823638916,,,,,,,,,,,,,
16,,,,56719,,,,,,,,,,,,0.46207091212272644,0.10366740822792053,,0.5425745844841003,,4.376874923706055,,,,,,,,,,,,,
16,,,,56739,,,,,,,,,,,,0.46207091212272644,0.04033350944519043,,0.9383949041366577,,4.017244815826416,,,,,,,,,,,,,
16,,,,56759,,,,,,,,,,,,0.46207091212272644,0.07823135703802109,,0.617451548576355,,4.3632049560546875,,,,,,,,,,,,,
16,,,,56779,,,,,,,,,,,,0.46207091212272644,0.09742377698421478,,0.45160147547721863,,3.263603925704956,,,,,,,,,,,,,
16,,,,56799,,,,,,,,,,,,0.46207091212272644,0.04547378420829773,,0.8852975964546204,,4.131426811218262,,,,,,,,,,,,,
16,,,,56819,,,,,,,,,,,,0.46207091212272644,0.08195546269416809,,0.7171773910522461,,4.4976301193237305,,,,,,,,,,,,,
16,,,,56839,,,,,,,,,,,,0.46207091212272644,0.04919047653675079,,0.7347921133041382,,3.332760810852051,,,,,,,,,,,,,
16,,,,56859,,,,,,,,,,,,0.46207091212272644,0.09370769560337067,,0.3977453112602234,,3.2469847202301025,,,,,,,,,,,,,
16,,,,56879,,,,,,,,,,,,0.46207091212272644,0.0553768128156662,,0.5858350992202759,,3.2597246170043945,,,,,,,,,,,,,
16,,,,56899,,,,,,,,,,,,0.46207091212272644,0.09766523540019989,,0.5514888167381287,,4.43976354598999,,,,,,,,,,,,,
16,,,,56919,,,,,,,,,,,,0.46207091212272644,0.06807206571102142,,0.5383497476577759,,3.2168400287628174,,,,,,,,,,,,,
16,,,,56939,,,,,,,,,,,,0.46207091212272644,0.0549418181180954,,0.7153457403182983,,4.400911808013916,,,,,,,,,,,,,
16,,,,56959,,,,,,,,,,,,0.46207091212272644,0.10704192519187927,,0.5753703117370605,,4.351396560668945,,,,,,,,,,,,,
16,,,,56979,,,,,,,,,,,,0.46207091212272644,0.049106039106845856,,0.8030493855476379,,3.5732228755950928,,,,,,,,,,,,,
16,,,,56999,,,,,,,,,,,,0.46207091212272644,0.041864246129989624,,0.9182421565055847,,3.730607032775879,,,,,,,,,,,,,
16,,,,57019,,,,,,,,,,,,0.46207091212272644,0.09347061812877655,,0.4326227009296417,,3.33221435546875,,,,,,,,,,,,,
16,,,,57039,,,,,,,,,,,,0.46207091212272644,0.08184072375297546,,0.40869399905204773,,3.266423463821411,,,,,,,,,,,,,
16,,,,57059,,,,,,,,,,,,0.46207091212272644,0.04959810525178909,,0.6547778844833374,,3.251640796661377,,,,,,,,,,,,,
16,,,,57079,,,,,,,,,,,,0.46207091212272644,0.10469283908605576,,0.5112072229385376,,4.325616836547852,,,,,,,,,,,,,
16,,,,57099,,,,,,,,,,,,0.46207091212272644,0.09917250275611877,,0.40585753321647644,,3.283229112625122,,,,,,,,,,,,,
16,,,,57119,,,,,,,,,,,,0.46207091212272644,0.10157623142004013,,0.5884143114089966,,4.39671516418457,,,,,,,,,,,,,
16,,,,57139,,,,,,,,,,,,0.46207091212272644,0.10327085852622986,,0.5150895714759827,,4.359334945678711,,,,,,,,,,,,,
16,,,,57159,,,,,,,,,,,,0.46207091212272644,0.09591563045978546,,0.5641749501228333,,4.379968166351318,,,,,,,,,,,,,
16,,,,57179,,,,,,,,,,,,0.46207091212272644,0.04439778998494148,,0.8801043033599854,,3.565013885498047,,,,,,,,,,,,,
16,,,,57199,,,,,,,,,,,,0.46207091212272644,0.1053754985332489,,0.5384292602539062,,4.385860443115234,,,,,,,,,,,,,
16,,,,57219,,,,,,,,,,,,0.46207091212272644,0.0858682319521904,,0.6561654210090637,,4.406313896179199,,,,,,,,,,,,,
16,,,,57239,,,,,,,,,,,,0.46207091212272644,0.04214334487915039,,0.8777655959129333,,3.775599718093872,,,,,,,,,,,,,
16,,,,57259,,,,,,,,,,,,0.46207091212272644,0.04704362526535988,,0.9210532307624817,,3.6338744163513184,,,,,,,,,,,,,
16,,,,57279,,,,,,,,,,,,0.46207091212272644,0.04277794808149338,,0.8085916042327881,,3.7334141731262207,,,,,,,,,,,,,
16,,,,57299,,,,,,,,,,,,0.46207091212272644,0.04935097694396973,,0.6967918872833252,,3.323550224304199,,,,,,,,,,,,,
16,,,,57319,,,,,,,,,,,,0.46207091212272644,0.040540147572755814,,0.8724853992462158,,3.9233360290527344,,,,,,,,,,,,,
16,,,,57339,,,,,,,,,,,,0.46207091212272644,0.11493922770023346,,0.5156276226043701,,4.361196517944336,,,,,,,,,,,,,
16,,,,57359,,,,,,,,,,,,0.46207091212272644,0.042389847338199615,,0.7768500447273254,,3.2793641090393066,,,,,,,,,,,,,
16,,,,57379,,,,,,,,,,,,0.46207091212272644,0.06328706443309784,,0.6058716773986816,,3.159175395965576,,,,,,,,,,,,,
16,,,,57399,,,,,,,,,,,,0.46207091212272644,0.04136987775564194,,0.7866089344024658,,3.595205783843994,,,,,,,,,,,,,
16,,,,57419,,,,,,,,,,,,0.46207091212272644,0.04336047172546387,,1.140038013458252,,4.182065963745117,,,,,,,,,,,,,
16,,,,57439,,,,,,,,,,,,0.46207091212272644,0.10026045888662338,,0.43627309799194336,,3.3418450355529785,,,,,,,,,,,,,
16,,,,57459,,,,,,,,,,,,0.46207091212272644,0.10546739399433136,,0.5305099487304688,,4.3018341064453125,,,,,,,,,,,,,
16,,,,57479,,,,,,,,,,,,0.46207091212272644,0.09525421261787415,,0.5321058034896851,,4.277749061584473,,,,,,,,,,,,,
16,,,,57499,,,,,,,,,,,,0.46207091212272644,0.09235737472772598,,0.6597017645835876,,4.320646286010742,,,,,,,,,,,,,
16,,,,57519,,,,,,,,,,,,0.46207091212272644,0.09555096179246902,,0.4215555191040039,,3.4582395553588867,,,,,,,,,,,,,
16,,,,57539,,,,,,,,,,,,0.46207091212272644,0.04250824823975563,,0.8519482016563416,,3.7778401374816895,,,,,,,,,,,,,
16,,,,57559,,,,,,,,,,,,0.46207091212272644,0.08580130338668823,,0.5589391589164734,,4.385504722595215,,,,,,,,,,,,,
16,,,,57579,,,,,,,,,,,,0.46207091212272644,0.10851229727268219,,0.5313518047332764,,4.357351779937744,,,,,,,,,,,,,
16,,,,57599,,,,,,,,,,,,0.46207091212272644,0.06114741414785385,,0.9384581446647644,,4.385034561157227,,,,,,,,,,,,,
16,,,,57619,,,,,,,,,,,,0.46207091212272644,0.09699323773384094,,0.4145335853099823,,3.2811381816864014,,,,,,,,,,,,,
16,,,,57639,,,,,,,,,,,,0.46207091212272644,0.09910613298416138,,0.40823498368263245,,3.139932870864868,,,,,,,,,,,,,
16,,,,57659,,,,,,,,,,,,0.46207091212272644,0.09888757765293121,,0.3940778970718384,,3.1548221111297607,,,,,,,,,,,,,
16,,,,57679,,,,,,,,,,,,0.46207091212272644,0.11430605500936508,,0.5327555537223816,,4.525111198425293,,,,,,,,,,,,,
16,,,,57699,,,,,,,,,,,,0.46207091212272644,0.09526306390762329,,0.39785781502723694,,3.239672899246216,,,,,,,,,,,,,
16,,,,57719,,,,,,,,,,,,0.46207091212272644,0.05050387606024742,,0.8201186060905457,,3.641880512237549,,,,,,,,,,,,,
16,,,,57739,,,,,,,,,,,,0.46207091212272644,0.0701533704996109,,0.5978980660438538,,4.452544212341309,,,,,,,,,,,,,
16,,,,57759,,,,,,,,,,,,0.46207091212272644,0.04717506840825081,,0.8985733985900879,,4.223432540893555,,,,,,,,,,,,,
16,,,,57779,,,,,,,,,,,,0.46207091212272644,0.05584965646266937,,0.8242480158805847,,4.56601619720459,,,,,,,,,,,,,
16,,,,57799,,,,,,,,,,,,0.46207091212272644,0.08722566068172455,,0.3870294988155365,,3.131920576095581,,,,,,,,,,,,,
16,,,,57819,,,,,,,,,,,,0.46207091212272644,0.09796658903360367,,0.3965839147567749,,3.195517063140869,,,,,,,,,,,,,
16,,,,57839,,,,,,,,,,,,0.46207091212272644,0.10746420919895172,,0.5346132516860962,,4.480561256408691,,,,,,,,,,,,,
16,,,,57859,,,,,,,,,,,,0.46207091212272644,0.06186966598033905,,0.6051411628723145,,3.2345824241638184,,,,,,,,,,,,,
16,,,,57879,,,,,,,,,,,,0.46207091212272644,0.09258230030536652,,0.533388614654541,,4.472962379455566,,,,,,,,,,,,,
16,,,,57899,,,,,,,,,,,,0.46207091212272644,0.09193512797355652,,0.4038916528224945,,3.1004791259765625,,,,,,,,,,,,,
16,,,,57919,,,,,,,,,,,,0.46207091212272644,0.09442727267742157,,0.40145954489707947,,3.0631673336029053,,,,,,,,,,,,,
16,,,,57939,,,,,,,,,,,,0.46207091212272644,0.10435020923614502,,0.5268704295158386,,4.521445274353027,,,,,,,,,,,,,
16,,,,57959,,,,,,,,,,,,0.46207091212272644,0.09956847131252289,,0.518627405166626,,4.4630208015441895,,,,,,,,,,,,,
16,,,,57979,,,,,,,,,,,,0.46207091212272644,0.10057021677494049,,0.39963769912719727,,3.181492805480957,,,,,,,,,,,,,
16,,,,57999,,,,,,,,,,,,0.46207091212272644,0.09899469465017319,,0.4312152564525604,,3.2167139053344727,,,,,,,,,,,,,
16,,,,58019,,,,,,,,,,,,0.46207091212272644,0.07873886078596115,,0.5914806127548218,,4.398279666900635,,,,,,,,,,,,,
16,,,,58039,,,,,,,,,,,,0.46207091212272644,0.10986620932817459,,0.5337282419204712,,4.433353900909424,,,,,,,,,,,,,
16,,,,58059,,,,,,,,,,,,0.46207091212272644,0.10233986377716064,,0.5354092121124268,,4.349462509155273,,,,,,,,,,,,,
16,,,,58079,,,,,,,,,,,,0.46207091212272644,0.09532743692398071,,0.4153347611427307,,3.310945987701416,,,,,,,,,,,,,
16,,,,58099,,,,,,,,,,,,0.46207091212272644,0.08483176678419113,,0.5373824834823608,,4.453103065490723,,,,,,,,,,,,,
16,,,,58119,,,,,,,,,,,,0.46207091212272644,0.10368867218494415,,0.4134904742240906,,3.2087626457214355,,,,,,,,,,,,,
16,,,,58139,,,,,,,,,,,,0.46207091212272644,0.08419188857078552,,0.5234647989273071,,3.2047367095947266,,,,,,,,,,,,,
16,,,,58159,,,,,,,,,,,,0.46207091212272644,0.08771561086177826,,0.4866025745868683,,3.095123052597046,,,,,,,,,,,,,
16,,,,58179,,,,,,,,,,,,0.46207091212272644,0.06827159225940704,,0.55208420753479,,3.1225786209106445,,,,,,,,,,,,,
16,,,,58199,,,,,,,,,,,,0.46207091212272644,0.09915395081043243,,0.3898809850215912,,3.1576552391052246,,,,,,,,,,,,,
16,,,,58219,,,,,,,,,,,,0.46207091212272644,0.07095803320407867,,0.6167591214179993,,3.1965994834899902,,,,,,,,,,,,,
16,,,,58239,,,,,,,,,,,,0.46207091212272644,0.08440984785556793,,0.5125880241394043,,3.3066177368164062,,,,,,,,,,,,,
16,,,,58259,,,,,,,,,,,,0.46207091212272644,0.08836142718791962,,0.5905424952507019,,4.432165145874023,,,,,,,,,,,,,
16,,,,58279,,,,,,,,,,,,0.46207091212272644,0.04899486526846886,,0.9646211266517639,,4.133091926574707,,,,,,,,,,,,,
16,,,,58299,,,,,,,,,,,,0.46207091212272644,0.08022651076316833,,0.6531688570976257,,4.446499824523926,,,,,,,,,,,,,
16,,,,58319,,,,,,,,,,,,0.46207091212272644,0.04195115715265274,,0.9886504411697388,,4.1359100341796875,,,,,,,,,,,,,
16,,,,58339,,,,,,,,,,,,0.46207091212272644,0.043236877769231796,,0.7552565336227417,,3.3690547943115234,,,,,,,,,,,,,
16,,,,58359,,,,,,,,,,,,0.46207091212272644,0.1102643683552742,,0.5377572774887085,,4.410551071166992,,,,,,,,,,,,,
16,,,,58379,,,,,,,,,,,,0.46207091212272644,0.09186948835849762,,0.4043799042701721,,3.1707379817962646,,,,,,,,,,,,,
16,,,,58399,,,,,,,,,,,,0.46207091212272644,0.10644246637821198,,0.39745235443115234,,3.2332561016082764,,,,,,,,,,,,,
16,,,,58419,,,,,,,,,,,,0.46207091212272644,0.06699001789093018,,0.43563294410705566,,3.2859771251678467,,,,,,,,,,,,,
16,,,,58439,,,,,,,,,,,,0.46207091212272644,0.06519415974617004,,0.5729740858078003,,3.245769739151001,,,,,,,,,,,,,
16,,,,58459,,,,,,,,,,,,0.46207091212272644,0.08509513735771179,,0.5590944290161133,,4.3818488121032715,,,,,,,,,,,,,
16,,,,58479,,,,,,,,,,,,0.46207091212272644,0.04524002596735954,,0.8702576160430908,,4.311514854431152,,,,,,,,,,,,,
16,,,,58499,,,,,,,,,,,,0.46207091212272644,0.08773728460073471,,0.4316842257976532,,3.2578797340393066,,,,,,,,,,,,,
16,,,,58519,,,,,,,,,,,,0.46207091212272644,0.09264395385980606,,0.5238584876060486,,4.463400840759277,,,,,,,,,,,,,
16,,,,58539,,,,,,,,,,,,0.46207091212272644,0.0790858343243599,,0.6769591569900513,,4.456193923950195,,,,,,,,,,,,,
16,,,,58559,,,,,,,,,,,,0.46207091212272644,0.046009693294763565,,0.9179322123527527,,4.366684913635254,,,,,,,,,,,,,
16,,,,58579,,,,,,,,,,,,0.46207091212272644,0.08916912972927094,,0.39668166637420654,,3.2296833992004395,,,,,,,,,,,,,
16,,,,58599,,,,,,,,,,,,0.46207091212272644,0.09835121035575867,,0.5856112241744995,,4.45440149307251,,,,,,,,,,,,,
16,,,,58619,,,,,,,,,,,,0.46207091212272644,0.0906776636838913,,0.5490493774414062,,4.394140720367432,,,,,,,,,,,,,
16,,,,58639,,,,,,,,,,,,0.46207091212272644,0.0487736314535141,,0.9846760034561157,,4.124414920806885,,,,,,,,,,,,,
16,,,,58659,,,,,,,,,,,,0.46207091212272644,0.10399623215198517,,0.5208479762077332,,4.361320972442627,,,,,,,,,,,,,
16,,,,58679,,,,,,,,,,,,0.46207091212272644,0.09593448042869568,,0.5422505140304565,,4.4039130210876465,,,,,,,,,,,,,
16,,,,58699,,,,,,,,,,,,0.46207091212272644,0.04980513080954552,,0.8999595642089844,,4.168403148651123,,,,,,,,,,,,,
16,,,,58719,,,,,,,,,,,,0.46207091212272644,0.09676378965377808,,0.4554728865623474,,3.39011549949646,,,,,,,,,,,,,
16,,,,58739,,,,,,,,,,,,0.46207091212272644,0.07185377925634384,,0.6907880306243896,,4.454689979553223,,,,,,,,,,,,,
16,,,,58759,,,,,,,,,,,,0.46207091212272644,0.04000769183039665,,0.9871494770050049,,4.305659294128418,,,,,,,,,,,,,
16,,,,58779,,,,,,,,,,,,0.46207091212272644,0.08227121829986572,,0.45284175872802734,,3.347055435180664,,,,,,,,,,,,,
16,,,,58799,,,,,,,,,,,,0.46207091212272644,0.07995124906301498,,0.4891589879989624,,3.2943146228790283,,,,,,,,,,,,,
16,,,,58819,,,,,,,,,,,,0.46207091212272644,0.07864490896463394,,0.667340099811554,,3.251607656478882,,,,,,,,,,,,,
16,,,,58839,,,,,,,,,,,,0.46207091212272644,0.09061671048402786,,0.5383347868919373,,4.575604438781738,,,,,,,,,,,,,
16,,,,58859,,,,,,,,,,,,0.46207091212272644,0.11516770720481873,,0.536318838596344,,4.558233261108398,,,,,,,,,,,,,
16,,,,58879,,,,,,,,,,,,0.46207091212272644,0.05475575476884842,,0.7230401635169983,,4.494353771209717,,,,,,,,,,,,,
16,,,,58899,,,,,,,,,,,,0.46207091212272644,0.04407639056444168,,0.9810385704040527,,3.849038600921631,,,,,,,,,,,,,
16,,,,58919,,,,,,,,,,,,0.46207091212272644,0.06975995004177094,,0.756700873374939,,4.364820957183838,,,,,,,,,,,,,
16,,,,58939,,,,,,,,,,,,0.46207091212272644,0.10201816260814667,,0.5342273712158203,,4.3223066329956055,,,,,,,,,,,,,
16,,,,58959,,,,,,,,,,,,0.46207091212272644,0.09266777336597443,,0.5534605383872986,,4.44138240814209,,,,,,,,,,,,,
16,,,,58979,,,,,,,,,,,,0.46207091212272644,0.05377139896154404,,0.8595260381698608,,4.30020809173584,,,,,,,,,,,,,
16,,,,58999,,,,,,,,,,,,0.46207091212272644,0.09458319842815399,,0.4032289981842041,,3.218780517578125,,,,,,,,,,,,,
16,,,,59019,,,,,,,,,,,,0.46207091212272644,0.04854767024517059,,0.9599450826644897,,4.348248481750488,,,,,,,,,,,,,
16,,,,59039,,,,,,,,,,,,0.46207091212272644,0.09118306636810303,,0.5493441820144653,,4.4986958503723145,,,,,,,,,,,,,
16,,,,59059,,,,,,,,,,,,0.46207091212272644,0.08372074365615845,,0.4762333035469055,,3.2920045852661133,,,,,,,,,,,,,
16,,,,59079,,,,,,,,,,,,0.46207091212272644,0.10313281416893005,,0.42039066553115845,,3.37109637260437,,,,,,,,,,,,,
16,,,,59099,,,,,,,,,,,,0.46207091212272644,0.11019369959831238,,0.5076864957809448,,4.278082847595215,,,,,,,,,,,,,
16,,,,59119,,,,,,,,,,,,0.46207091212272644,0.09926437586545944,,0.51469486951828,,4.379125118255615,,,,,,,,,,,,,
16,,,,59139,,,,,,,,,,,,0.46207091212272644,0.07310651242733002,,0.7386295199394226,,3.3750686645507812,,,,,,,,,,,,,
16,,,,59159,,,,,,,,,,,,0.46207091212272644,0.07867017388343811,,0.6310799717903137,,4.45969295501709,,,,,,,,,,,,,
16,,,,59179,,,,,,,,,,,,0.46207091212272644,0.10081499814987183,,0.39817696809768677,,3.232769012451172,,,,,,,,,,,,,
16,,,,59193,,,,,,,,,,,,,,,,,,0.7082637548446655,0.865455150604248,0.708799421787262,0.7093290090560913,0.5412567853927612,0.7098585963249207,0.6437262296676636,0.7438918948173523,0.73555988073349,0.7570270895957947,0.7977477312088013,0.5490996837615967,0.7082637548446655
16,,,,59193,,,,,,,,,0.6051698923110962,0.07885318994522095,0.462065726518631,,,0.6115877628326416,,3.8693575859069824,,,,,,,,,,,,,,
,0.0002814460020065795,0.0002814460020065795,2.814460020065795e-05,59194,,,,,,,,,,,,,,,,,,,,,,,,,,,,,,
17,,,,59199,,,,,,,,,,,,0.46207091212272644,0.05466504767537117,,0.8162778615951538,,4.428991317749023,,,,,,,,,,,,,
17,,,,59219,,,,,,,,,,,,0.46207091212272644,0.1069200336933136,,0.5603470802307129,,4.417680740356445,,,,,,,,,,,,,
17,,,,59239,,,,,,,,,,,,0.46207091212272644,0.04889180511236191,,0.7743650674819946,,3.3130831718444824,,,,,,,,,,,,,
17,,,,59259,,,,,,,,,,,,0.46207091212272644,0.10685272514820099,,0.5353223085403442,,4.558597087860107,,,,,,,,,,,,,
17,,,,59279,,,,,,,,,,,,0.46207091212272644,0.09786804020404816,,0.5690388679504395,,4.470119953155518,,,,,,,,,,,,,
17,,,,59299,,,,,,,,,,,,0.46207091212272644,0.10445969551801682,,0.5741636157035828,,4.529826641082764,,,,,,,,,,,,,
17,,,,59319,,,,,,,,,,,,0.46207091212272644,0.08508293330669403,,0.6803317666053772,,4.539834022521973,,,,,,,,,,,,,
17,,,,59339,,,,,,,,,,,,0.46207091212272644,0.048151418566703796,,0.7142966985702515,,3.300619125366211,,,,,,,,,,,,,
17,,,,59359,,,,,,,,,,,,0.46207091212272644,0.07789468765258789,,0.48814326524734497,,3.1222710609436035,,,,,,,,,,,,,
17,,,,59379,,,,,,,,,,,,0.46207091212272644,0.08463877439498901,,0.4524204134941101,,3.0800743103027344,,,,,,,,,,,,,
17,,,,59399,,,,,,,,,,,,0.46207091212272644,0.07910507172346115,,0.5455586910247803,,4.531413555145264,,,,,,,,,,,,,
17,,,,59419,,,,,,,,,,,,0.46207091212272644,0.10697614401578903,,0.5174541473388672,,4.400228500366211,,,,,,,,,,,,,
17,,,,59439,,,,,,,,,,,,0.46207091212272644,0.10822523385286331,,0.5192654132843018,,4.42176628112793,,,,,,,,,,,,,
17,,,,59459,,,,,,,,,,,,0.46207091212272644,0.09387306869029999,,0.40035122632980347,,3.285268783569336,,,,,,,,,,,,,
17,,,,59479,,,,,,,,,,,,0.46207091212272644,0.10154034197330475,,0.3994615972042084,,3.2141571044921875,,,,,,,,,,,,,
17,,,,59499,,,,,,,,,,,,0.46207091212272644,0.07889832556247711,,0.536832332611084,,4.519587993621826,,,,,,,,,,,,,
17,,,,59519,,,,,,,,,,,,0.46207091212272644,0.10078456997871399,,0.5480754375457764,,4.51987361907959,,,,,,,,,,,,,
17,,,,59539,,,,,,,,,,,,0.46207091212272644,0.11007516086101532,,0.5394012928009033,,4.502430438995361,,,,,,,,,,,,,
17,,,,59559,,,,,,,,,,,,0.46207091212272644,0.09814879298210144,,0.3977086842060089,,3.2257537841796875,,,,,,,,,,,,,
17,,,,59579,,,,,,,,,,,,0.46207091212272644,0.08244600892066956,,0.6044234037399292,,4.411255836486816,,,,,,,,,,,,,
17,,,,59599,,,,,,,,,,,,0.46207091212272644,0.045043520629405975,,0.9041556119918823,,3.684821605682373,,,,,,,,,,,,,
17,,,,59619,,,,,,,,,,,,0.46207091212272644,0.0548587292432785,,0.7738407254219055,,4.421187400817871,,,,,,,,,,,,,
17,,,,59639,,,,,,,,,,,,0.46207091212272644,0.05646723508834839,,0.5794128179550171,,3.182715892791748,,,,,,,,,,,,,
17,,,,59659,,,,,,,,,,,,0.46207091212272644,0.10024162381887436,,0.5501796007156372,,4.436990261077881,,,,,,,,,,,,,
17,,,,59679,,,,,,,,,,,,0.46207091212272644,0.11142558604478836,,0.5323536396026611,,4.3885178565979,,,,,,,,,,,,,
17,,,,59699,,,,,,,,,,,,0.46207091212272644,0.04220948740839958,,0.9489977955818176,,4.257761001586914,,,,,,,,,,,,,
17,,,,59719,,,,,,,,,,,,0.46207091212272644,0.09863315522670746,,0.521664559841156,,4.3786115646362305,,,,,,,,,,,,,
17,,,,59739,,,,,,,,,,,,0.46207091212272644,0.05251530557870865,,0.6612812280654907,,3.3782758712768555,,,,,,,,,,,,,
17,,,,59759,,,,,,,,,,,,0.46207091212272644,0.05129413306713104,,0.90772944688797,,3.867222785949707,,,,,,,,,,,,,
17,,,,59779,,,,,,,,,,,,0.46207091212272644,0.10370402038097382,,0.4126085638999939,,3.2679741382598877,,,,,,,,,,,,,
17,,,,59799,,,,,,,,,,,,0.46207091212272644,0.07921840250492096,,0.7011721134185791,,3.226860523223877,,,,,,,,,,,,,
17,,,,59819,,,,,,,,,,,,0.46207091212272644,0.09822628647089005,,0.39410555362701416,,3.1654834747314453,,,,,,,,,,,,,
17,,,,59839,,,,,,,,,,,,0.46207091212272644,0.09903106093406677,,0.5415884852409363,,4.5655517578125,,,,,,,,,,,,,
17,,,,59859,,,,,,,,,,,,0.46207091212272644,0.09852669388055801,,0.5321757197380066,,4.473084449768066,,,,,,,,,,,,,
17,,,,59879,,,,,,,,,,,,0.46207091212272644,0.04830584675073624,,0.9466196894645691,,3.9154088497161865,,,,,,,,,,,,,
17,,,,59899,,,,,,,,,,,,0.46207091212272644,0.1055212914943695,,0.5386101603507996,,4.448031902313232,,,,,,,,,,,,,
17,,,,59919,,,,,,,,,,,,0.46207091212272644,0.09665943682193756,,0.6727415919303894,,4.446561336517334,,,,,,,,,,,,,
17,,,,59939,,,,,,,,,,,,0.46207091212272644,0.044802047312259674,,0.8314952254295349,,3.7182881832122803,,,,,,,,,,,,,
17,,,,59959,,,,,,,,,,,,0.46207091212272644,0.05220084637403488,,0.7858805656433105,,4.334275245666504,,,,,,,,,,,,,
17,,,,59979,,,,,,,,,,,,0.46207091212272644,0.05517891049385071,,0.7480584979057312,,4.315095901489258,,,,,,,,,,,,,
17,,,,59999,,,,,,,,,,,,0.46207091212272644,0.04368235915899277,,0.9835279583930969,,3.617335796356201,,,,,,,,,,,,,
17,,,,60019,,,,,,,,,,,,0.46207091212272644,0.07609646767377853,,0.510618269443512,,3.108905792236328,,,,,,,,,,,,,
17,,,,60039,,,,,,,,,,,,0.46207091212272644,0.05667354539036751,,0.6277506351470947,,3.102839231491089,,,,,,,,,,,,,
17,,,,60059,,,,,,,,,,,,0.46207091212272644,0.10199601203203201,,0.4021603763103485,,3.163667678833008,,,,,,,,,,,,,
17,,,,60079,,,,,,,,,,,,0.46207091212272644,0.08960991352796555,,0.5716246366500854,,4.520583629608154,,,,,,,,,,,,,
17,,,,60099,,,,,,,,,,,,0.46207091212272644,0.10479097068309784,,0.40420642495155334,,3.1135220527648926,,,,,,,,,,,,,
17,,,,60119,,,,,,,,,,,,0.46207091212272644,0.06588108092546463,,0.771176815032959,,4.548403739929199,,,,,,,,,,,,,
17,,,,60139,,,,,,,,,,,,0.46207091212272644,0.06440738588571548,,0.5481477379798889,,3.2184998989105225,,,,,,,,,,,,,
17,,,,60159,,,,,,,,,,,,0.46207091212272644,0.09604296833276749,,0.6544414758682251,,4.359221458435059,,,,,,,,,,,,,
17,,,,60179,,,,,,,,,,,,0.46207091212272644,0.0872664749622345,,0.4342154562473297,,3.154047966003418,,,,,,,,,,,,,
17,,,,60199,,,,,,,,,,,,0.46207091212272644,0.04943912476301193,,0.8350893259048462,,3.4202489852905273,,,,,,,,,,,,,
17,,,,60219,,,,,,,,,,,,0.46207091212272644,0.09140148758888245,,0.3969912528991699,,3.1815736293792725,,,,,,,,,,,,,
17,,,,60239,,,,,,,,,,,,0.46207091212272644,0.07322707772254944,,0.6299120187759399,,3.140812397003174,,,,,,,,,,,,,
17,,,,60259,,,,,,,,,,,,0.46207091212272644,0.09764882922172546,,0.39674702286720276,,3.1598124504089355,,,,,,,,,,,,,
17,,,,60279,,,,,,,,,,,,0.46207091212272644,0.04696381837129593,,0.6331087350845337,,3.1848535537719727,,,,,,,,,,,,,
17,,,,60299,,,,,,,,,,,,0.46207091212272644,0.09822401404380798,,0.5594844818115234,,4.5806684494018555,,,,,,,,,,,,,
17,,,,60319,,,,,,,,,,,,0.46207091212272644,0.050382696092128754,,0.8607847690582275,,3.619027853012085,,,,,,,,,,,,,
17,,,,60339,,,,,,,,,,,,0.46207091212272644,0.06945478916168213,,0.7437068223953247,,4.493439674377441,,,,,,,,,,,,,
17,,,,60359,,,,,,,,,,,,0.46207091212272644,0.0744263082742691,,0.5165089964866638,,3.2090463638305664,,,,,,,,,,,,,
17,,,,60379,,,,,,,,,,,,0.46207091212272644,0.044995903968811035,,0.912379801273346,,3.941814422607422,,,,,,,,,,,,,
17,,,,60399,,,,,,,,,,,,0.46207091212272644,0.049877312034368515,,0.7515534162521362,,3.2925617694854736,,,,,,,,,,,,,
17,,,,60419,,,,,,,,,,,,0.46207091212272644,0.06545796990394592,,0.5810484290122986,,3.1479315757751465,,,,,,,,,,,,,
17,,,,60439,,,,,,,,,,,,0.46207091212272644,0.07434302568435669,,0.533820629119873,,3.1568291187286377,,,,,,,,,,,,,
17,,,,60459,,,,,,,,,,,,0.46207091212272644,0.08844161033630371,,0.5213696360588074,,3.1482126712799072,,,,,,,,,,,,,
17,,,,60479,,,,,,,,,,,,0.46207091212272644,0.04774733632802963,,0.8491790890693665,,4.530193328857422,,,,,,,,,,,,,
17,,,,60499,,,,,,,,,,,,0.46207091212272644,0.043217360973358154,,0.8399752378463745,,3.4345974922180176,,,,,,,,,,,,,
17,,,,60519,,,,,,,,,,,,0.46207091212272644,0.0949254035949707,,0.408902645111084,,3.3458385467529297,,,,,,,,,,,,,
17,,,,60539,,,,,,,,,,,,0.46207091212272644,0.04870127886533737,,0.8061730265617371,,4.304322242736816,,,,,,,,,,,,,
17,,,,60559,,,,,,,,,,,,0.46207091212272644,0.07294899970293045,,0.7472767233848572,,4.401216506958008,,,,,,,,,,,,,
17,,,,60579,,,,,,,,,,,,0.46207091212272644,0.06758758425712585,,0.771266758441925,,4.4783148765563965,,,,,,,,,,,,,
17,,,,60599,,,,,,,,,,,,0.46207091212272644,0.10417284071445465,,0.5303166508674622,,4.4082536697387695,,,,,,,,,,,,,
17,,,,60619,,,,,,,,,,,,0.46207091212272644,0.07106994837522507,,0.5528643131256104,,3.257354974746704,,,,,,,,,,,,,
17,,,,60639,,,,,,,,,,,,0.46207091212272644,0.04561997950077057,,0.789467990398407,,3.4158971309661865,,,,,,,,,,,,,
17,,,,60659,,,,,,,,,,,,0.46207091212272644,0.10233667492866516,,0.5469879508018494,,4.416172981262207,,,,,,,,,,,,,
17,,,,60679,,,,,,,,,,,,0.46207091212272644,0.1063460111618042,,0.5449472069740295,,4.563970565795898,,,,,,,,,,,,,
17,,,,60699,,,,,,,,,,,,0.46207091212272644,0.10030565410852432,,0.41986221075057983,,3.090928316116333,,,,,,,,,,,,,
17,,,,60719,,,,,,,,,,,,0.46207091212272644,0.0504179522395134,,0.8586228489875793,,4.451529502868652,,,,,,,,,,,,,
17,,,,60739,,,,,,,,,,,,0.46207091212272644,0.045274004340171814,,0.9168897867202759,,4.443541526794434,,,,,,,,,,,,,
17,,,,60759,,,,,,,,,,,,0.46207091212272644,0.05186549574136734,,0.9689842462539673,,4.347493648529053,,,,,,,,,,,,,
17,,,,60779,,,,,,,,,,,,0.46207091212272644,0.09343253076076508,,0.6891028881072998,,4.425495624542236,,,,,,,,,,,,,
17,,,,60799,,,,,,,,,,,,0.46207091212272644,0.0989217534661293,,0.5159710049629211,,4.3979105949401855,,,,,,,,,,,,,
17,,,,60819,,,,,,,,,,,,0.46207091212272644,0.08292250335216522,,0.425050288438797,,3.2462868690490723,,,,,,,,,,,,,
17,,,,60839,,,,,,,,,,,,0.46207091212272644,0.04289919510483742,,0.8681647777557373,,4.369705677032471,,,,,,,,,,,,,
17,,,,60859,,,,,,,,,,,,0.46207091212272644,0.07730335742235184,,0.6577690243721008,,4.418642520904541,,,,,,,,,,,,,
17,,,,60879,,,,,,,,,,,,0.46207091212272644,0.09172610938549042,,0.5595104694366455,,4.46204948425293,,,,,,,,,,,,,
17,,,,60899,,,,,,,,,,,,0.46207091212272644,0.04376289248466492,,0.970757782459259,,3.9990015029907227,,,,,,,,,,,,,
17,,,,60919,,,,,,,,,,,,0.46207091212272644,0.046449966728687286,,0.9033151865005493,,4.29786491394043,,,,,,,,,,,,,
17,,,,60939,,,,,,,,,,,,0.46207091212272644,0.04334826394915581,,0.8924570679664612,,3.9549951553344727,,,,,,,,,,,,,
17,,,,60959,,,,,,,,,,,,0.46207091212272644,0.0982896238565445,,0.39853256940841675,,3.2245709896087646,,,,,,,,,,,,,
17,,,,60979,,,,,,,,,,,,0.46207091212272644,0.049523912370204926,,0.8366585969924927,,3.530038595199585,,,,,,,,,,,,,
17,,,,60999,,,,,,,,,,,,0.46207091212272644,0.0831322968006134,,0.5901463031768799,,4.442739009857178,,,,,,,,,,,,,
17,,,,61019,,,,,,,,,,,,0.46207091212272644,0.10524645447731018,,0.5219954252243042,,4.443730354309082,,,,,,,,,,,,,
17,,,,61039,,,,,,,,,,,,0.46207091212272644,0.04777338355779648,,0.9719839096069336,,4.298259735107422,,,,,,,,,,,,,
17,,,,61059,,,,,,,,,,,,0.46207091212272644,0.10058055818080902,,0.39858144521713257,,3.26567006111145,,,,,,,,,,,,,
17,,,,61079,,,,,,,,,,,,0.46207091212272644,0.0934552252292633,,0.4491077959537506,,3.3492326736450195,,,,,,,,,,,,,
17,,,,61099,,,,,,,,,,,,0.46207091212272644,0.0932532325387001,,0.4710909128189087,,3.2889599800109863,,,,,,,,,,,,,
17,,,,61119,,,,,,,,,,,,0.46207091212272644,0.055446598678827286,,0.7864528298377991,,4.4025702476501465,,,,,,,,,,,,,
17,,,,61139,,,,,,,,,,,,0.46207091212272644,0.10358980298042297,,0.530848503112793,,4.399954795837402,,,,,,,,,,,,,
17,,,,61159,,,,,,,,,,,,0.46207091212272644,0.1038222536444664,,0.5264845490455627,,4.400209426879883,,,,,,,,,,,,,
17,,,,61179,,,,,,,,,,,,0.46207091212272644,0.09037812054157257,,0.5204411745071411,,4.351226806640625,,,,,,,,,,,,,
17,,,,61199,,,,,,,,,,,,0.46207091212272644,0.08492347598075867,,0.5758375525474548,,4.364043235778809,,,,,,,,,,,,,
17,,,,61219,,,,,,,,,,,,0.46207091212272644,0.09596164524555206,,0.42065879702568054,,3.3242759704589844,,,,,,,,,,,,,
17,,,,61239,,,,,,,,,,,,0.46207091212272644,0.05119845271110535,,0.8429351449012756,,4.338493347167969,,,,,,,,,,,,,
17,,,,61259,,,,,,,,,,,,0.46207091212272644,0.09775441884994507,,0.42224419116973877,,3.350376844406128,,,,,,,,,,,,,
17,,,,61279,,,,,,,,,,,,0.46207091212272644,0.04506755620241165,,0.8587756156921387,,4.137884140014648,,,,,,,,,,,,,
17,,,,61299,,,,,,,,,,,,0.46207091212272644,0.04344134032726288,,0.9249055981636047,,3.8417627811431885,,,,,,,,,,,,,
17,,,,61319,,,,,,,,,,,,0.46207091212272644,0.08969669789075851,,0.42247310280799866,,3.2122883796691895,,,,,,,,,,,,,
17,,,,61339,,,,,,,,,,,,0.46207091212272644,0.10399457067251205,,0.5632273554801941,,4.5698466300964355,,,,,,,,,,,,,
17,,,,61359,,,,,,,,,,,,0.46207091212272644,0.048248473554849625,,0.8069988489151001,,3.4122774600982666,,,,,,,,,,,,,
17,,,,61379,,,,,,,,,,,,0.46207091212272644,0.08661125600337982,,0.44680988788604736,,3.2655091285705566,,,,,,,,,,,,,
17,,,,61399,,,,,,,,,,,,0.46207091212272644,0.04328141361474991,,0.867922842502594,,3.8675050735473633,,,,,,,,,,,,,
17,,,,61419,,,,,,,,,,,,0.46207091212272644,0.05924374982714653,,0.9104146957397461,,4.342309951782227,,,,,,,,,,,,,
17,,,,61439,,,,,,,,,,,,0.46207091212272644,0.04670679196715355,,0.9414797425270081,,4.064239501953125,,,,,,,,,,,,,
17,,,,61459,,,,,,,,,,,,0.46207091212272644,0.054740458726882935,,0.8408887386322021,,4.2750630378723145,,,,,,,,,,,,,
17,,,,61479,,,,,,,,,,,,0.46207091212272644,0.07970606535673141,,0.44051191210746765,,3.150233745574951,,,,,,,,,,,,,
17,,,,61499,,,,,,,,,,,,0.46207091212272644,0.11026643216609955,,0.5397257804870605,,4.584233283996582,,,,,,,,,,,,,
17,,,,61519,,,,,,,,,,,,0.46207091212272644,0.115292027592659,,0.5492566823959351,,4.58219051361084,,,,,,,,,,,,,
17,,,,61539,,,,,,,,,,,,0.46207091212272644,0.09278398752212524,,0.44832509756088257,,3.2741682529449463,,,,,,,,,,,,,
17,,,,61559,,,,,,,,,,,,0.46207091212272644,0.10997557640075684,,0.520418643951416,,4.390574932098389,,,,,,,,,,,,,
17,,,,61579,,,,,,,,,,,,0.46207091212272644,0.08999693393707275,,0.40769898891448975,,3.3158957958221436,,,,,,,,,,,,,
17,,,,61599,,,,,,,,,,,,0.46207091212272644,0.06551459431648254,,0.5959946513175964,,3.346628427505493,,,,,,,,,,,,,
17,,,,61619,,,,,,,,,,,,0.46207091212272644,0.09044408798217773,,0.6218843460083008,,4.36824893951416,,,,,,,,,,,,,
17,,,,61639,,,,,,,,,,,,0.46207091212272644,0.09501782804727554,,0.6367636919021606,,4.374776840209961,,,,,,,,,,,,,
17,,,,61659,,,,,,,,,,,,0.46207091212272644,0.05189346522092819,,0.8294179439544678,,3.5103025436401367,,,,,,,,,,,,,
17,,,,61679,,,,,,,,,,,,0.46207091212272644,0.0628591999411583,,0.677459716796875,,4.378574848175049,,,,,,,,,,,,,
17,,,,61699,,,,,,,,,,,,0.46207091212272644,0.10020321607589722,,0.5242990851402283,,4.438048362731934,,,,,,,,,,,,,
17,,,,61719,,,,,,,,,,,,0.46207091212272644,0.10484286397695541,,0.5269231796264648,,4.49024772644043,,,,,,,,,,,,,
17,,,,61739,,,,,,,,,,,,0.46207091212272644,0.09860555827617645,,0.43564707040786743,,3.2996487617492676,,,,,,,,,,,,,
17,,,,61759,,,,,,,,,,,,0.46207091212272644,0.09073804318904877,,0.404247522354126,,3.2459139823913574,,,,,,,,,,,,,
17,,,,61779,,,,,,,,,,,,0.46207091212272644,0.09861000627279282,,0.5126354694366455,,4.330804824829102,,,,,,,,,,,,,
17,,,,61799,,,,,,,,,,,,0.46207091212272644,0.04560746252536774,,0.9696995615959167,,4.004127502441406,,,,,,,,,,,,,
17,,,,61819,,,,,,,,,,,,0.46207091212272644,0.09711907804012299,,0.4064493477344513,,3.3107314109802246,,,,,,,,,,,,,
17,,,,61839,,,,,,,,,,,,0.46207091212272644,0.10665025562047958,,0.42009127140045166,,3.3876259326934814,,,,,,,,,,,,,
17,,,,61859,,,,,,,,,,,,0.46207091212272644,0.04335086792707443,,0.8169931769371033,,3.5097193717956543,,,,,,,,,,,,,
17,,,,61879,,,,,,,,,,,,0.46207091212272644,0.07647064328193665,,0.5530595183372498,,3.081263542175293,,,,,,,,,,,,,
17,,,,61899,,,,,,,,,,,,0.46207091212272644,0.08529067784547806,,0.3956243097782135,,3.098970413208008,,,,,,,,,,,,,
17,,,,61919,,,,,,,,,,,,0.46207091212272644,0.045804575085639954,,0.9477087259292603,,4.402924537658691,,,,,,,,,,,,,
17,,,,61939,,,,,,,,,,,,0.46207091212272644,0.08625005185604095,,0.5316252112388611,,4.40325927734375,,,,,,,,,,,,,
17,,,,61959,,,,,,,,,,,,0.46207091212272644,0.06742309033870697,,0.7389889359474182,,4.433073997497559,,,,,,,,,,,,,
17,,,,61979,,,,,,,,,,,,0.46207091212272644,0.09408286958932877,,0.5305799841880798,,4.385161876678467,,,,,,,,,,,,,
17,,,,61999,,,,,,,,,,,,0.46207091212272644,0.1133117526769638,,0.5078253149986267,,4.317160129547119,,,,,,,,,,,,,
17,,,,62019,,,,,,,,,,,,0.46207091212272644,0.0972900390625,,0.521536111831665,,3.2298531532287598,,,,,,,,,,,,,
17,,,,62039,,,,,,,,,,,,0.46207091212272644,0.04049431532621384,,0.7659206986427307,,3.4263861179351807,,,,,,,,,,,,,
17,,,,62059,,,,,,,,,,,,0.46207091212272644,0.09016979485750198,,0.398762583732605,,3.16188383102417,,,,,,,,,,,,,
17,,,,62079,,,,,,,,,,,,0.46207091212272644,0.060366373509168625,,0.9203646183013916,,4.36522912979126,,,,,,,,,,,,,
17,,,,62099,,,,,,,,,,,,0.46207091212272644,0.113131083548069,,0.5524070858955383,,4.411765098571777,,,,,,,,,,,,,
17,,,,62119,,,,,,,,,,,,0.46207091212272644,0.10288169980049133,,0.533048689365387,,4.460975646972656,,,,,,,,,,,,,
17,,,,62139,,,,,,,,,,,,0.46207091212272644,0.05990452691912651,,0.7615786194801331,,4.424615383148193,,,,,,,,,,,,,
17,,,,62159,,,,,,,,,,,,0.46207091212272644,0.10832133889198303,,0.3961693346500397,,3.183216094970703,,,,,,,,,,,,,
17,,,,62179,,,,,,,,,,,,0.46207091212272644,0.10121220350265503,,0.3919563293457031,,3.144900321960449,,,,,,,,,,,,,
17,,,,62199,,,,,,,,,,,,0.46207091212272644,0.08943591266870499,,0.5954235196113586,,3.0852737426757812,,,,,,,,,,,,,
17,,,,62219,,,,,,,,,,,,0.46207091212272644,0.10023541003465652,,0.5518081188201904,,4.727059364318848,,,,,,,,,,,,,
17,,,,62239,,,,,,,,,,,,0.46207091212272644,0.0981311947107315,,0.38869163393974304,,3.126328229904175,,,,,,,,,,,,,
17,,,,62259,,,,,,,,,,,,0.46207091212272644,0.11192315816879272,,0.5206094980239868,,4.448607921600342,,,,,,,,,,,,,
17,,,,62279,,,,,,,,,,,,0.46207091212272644,0.08220234513282776,,0.651659369468689,,4.441871166229248,,,,,,,,,,,,,
17,,,,62299,,,,,,,,,,,,0.46207091212272644,0.04896900802850723,,0.6684635877609253,,3.211258888244629,,,,,,,,,,,,,
17,,,,62319,,,,,,,,,,,,0.46207091212272644,0.09102262556552887,,0.44493749737739563,,3.238290786743164,,,,,,,,,,,,,
17,,,,62339,,,,,,,,,,,,0.46207091212272644,0.11053045839071274,,0.5443645119667053,,4.447646141052246,,,,,,,,,,,,,
17,,,,62359,,,,,,,,,,,,0.46207091212272644,0.04930894076824188,,0.7930204272270203,,3.481004476547241,,,,,,,,,,,,,
17,,,,62379,,,,,,,,,,,,0.46207091212272644,0.05744588375091553,,0.6130130290985107,,3.3150243759155273,,,,,,,,,,,,,
17,,,,62399,,,,,,,,,,,,0.46207091212272644,0.08586239814758301,,0.6226731538772583,,4.376898765563965,,,,,,,,,,,,,
17,,,,62419,,,,,,,,,,,,0.46207091212272644,0.10082453489303589,,0.4038866460323334,,3.2353100776672363,,,,,,,,,,,,,
17,,,,62439,,,,,,,,,,,,0.46207091212272644,0.08466684818267822,,0.4967602789402008,,3.1966934204101562,,,,,,,,,,,,,
17,,,,62459,,,,,,,,,,,,0.46207091212272644,0.09177085757255554,,0.5430660247802734,,4.679362773895264,,,,,,,,,,,,,
17,,,,62479,,,,,,,,,,,,0.46207091212272644,0.04590380936861038,,0.9282896518707275,,3.7177629470825195,,,,,,,,,,,,,
17,,,,62499,,,,,,,,,,,,0.46207091212272644,0.11223658919334412,,0.535370945930481,,4.51030158996582,,,,,,,,,,,,,
17,,,,62519,,,,,,,,,,,,0.46207091212272644,0.10523790121078491,,0.552688479423523,,4.620724678039551,,,,,,,,,,,,,
17,,,,62539,,,,,,,,,,,,0.46207091212272644,0.10511481016874313,,0.5572008490562439,,4.46031379699707,,,,,,,,,,,,,
17,,,,62559,,,,,,,,,,,,0.46207091212272644,0.07941551506519318,,0.6744158267974854,,4.473993301391602,,,,,,,,,,,,,
17,,,,62579,,,,,,,,,,,,0.46207091212272644,0.09291946887969971,,0.4045681357383728,,3.2328476905822754,,,,,,,,,,,,,
17,,,,62599,,,,,,,,,,,,0.46207091212272644,0.0970856100320816,,0.524979293346405,,4.391676902770996,,,,,,,,,,,,,
17,,,,62619,,,,,,,,,,,,0.46207091212272644,0.04641608148813248,,0.8046219944953918,,4.375222206115723,,,,,,,,,,,,,
17,,,,62639,,,,,,,,,,,,0.46207091212272644,0.1046844869852066,,0.40629684925079346,,3.242459774017334,,,,,,,,,,,,,
17,,,,62659,,,,,,,,,,,,0.46207091212272644,0.05969579890370369,,0.6438233256340027,,3.1929831504821777,,,,,,,,,,,,,
17,,,,62675,,,,,,,,,,,,,,,,,,0.6981133222579956,0.8410661220550537,0.7022404670715332,0.7053537964820862,0.5770039558410645,0.7084671258926392,0.6369010806083679,0.7397146821022034,0.7159880995750427,0.7481698393821716,0.7909271121025085,0.5787834525108337,0.6981133222579956
17,,,,62675,,,,,,,,,0.617559552192688,0.08059606701135635,0.462065726518631,,,0.6068039536476135,,3.8450849056243896,,,,,,,,,,,,,,
,0.000278304639024076,0.000278304639024076,2.7830463902407597e-05,62676,,,,,,,,,,,,,,,,,,,,,,,,,,,,,,
18,,,,62679,,,,,,,,,,,,0.46207091212272644,0.10663237422704697,,0.5271671414375305,,4.498810768127441,,,,,,,,,,,,,
18,,,,62699,,,,,,,,,,,,0.46207091212272644,0.08612458407878876,,0.4077838659286499,,3.2816390991210938,,,,,,,,,,,,,
18,,,,62719,,,,,,,,,,,,0.46207091212272644,0.046999212354421616,,0.8872717022895813,,3.8402538299560547,,,,,,,,,,,,,
18,,,,62739,,,,,,,,,,,,0.46207091212272644,0.1028561145067215,,0.394635409116745,,3.205420732498169,,,,,,,,,,,,,
18,,,,62759,,,,,,,,,,,,0.46207091212272644,0.10771656036376953,,0.5440152883529663,,4.475851058959961,,,,,,,,,,,,,
18,,,,62779,,,,,,,,,,,,0.46207091212272644,0.04578278213739395,,0.9327781200408936,,4.223860263824463,,,,,,,,,,,,,
18,,,,62799,,,,,,,,,,,,0.46207091212272644,0.07872376590967178,,0.6666058897972107,,3.347621440887451,,,,,,,,,,,,,
18,,,,62819,,,,,,,,,,,,0.46207091212272644,0.06697111576795578,,0.5502789616584778,,3.2638792991638184,,,,,,,,,,,,,
18,,,,62839,,,,,,,,,,,,0.46207091212272644,0.0980580747127533,,0.46580734848976135,,3.181473731994629,,,,,,,,,,,,,
18,,,,62859,,,,,,,,,,,,0.46207091212272644,0.09365855902433395,,0.5563595294952393,,4.479916572570801,,,,,,,,,,,,,
18,,,,62879,,,,,,,,,,,,0.46207091212272644,0.10143780708312988,,0.5776209235191345,,4.444339752197266,,,,,,,,,,,,,
18,,,,62899,,,,,,,,,,,,0.46207091212272644,0.10179793834686279,,0.5175192952156067,,4.41639518737793,,,,,,,,,,,,,
18,,,,62919,,,,,,,,,,,,0.46207091212272644,0.101288802921772,,0.5247000455856323,,4.434590816497803,,,,,,,,,,,,,
18,,,,62939,,,,,,,,,,,,0.46207091212272644,0.051455918699502945,,0.6307249069213867,,3.2360496520996094,,,,,,,,,,,,,
18,,,,62959,,,,,,,,,,,,0.46207091212272644,0.048877470195293427,,0.7016651630401611,,3.3165454864501953,,,,,,,,,,,,,
18,,,,62979,,,,,,,,,,,,0.46207091212272644,0.04862069711089134,,0.8275885581970215,,3.467799425125122,,,,,,,,,,,,,
18,,,,62999,,,,,,,,,,,,0.46207091212272644,0.1118100956082344,,0.5463183522224426,,4.391332626342773,,,,,,,,,,,,,
18,,,,63019,,,,,,,,,,,,0.46207091212272644,0.09476013481616974,,0.5894513130187988,,4.408901214599609,,,,,,,,,,,,,
18,,,,63039,,,,,,,,,,,,0.46207091212272644,0.09613652527332306,,0.4254188537597656,,3.3774261474609375,,,,,,,,,,,,,
18,,,,63059,,,,,,,,,,,,0.46207091212272644,0.09682134538888931,,0.5199512839317322,,4.333135604858398,,,,,,,,,,,,,
18,,,,63079,,,,,,,,,,,,0.46207091212272644,0.09846557676792145,,0.4050765037536621,,3.2984933853149414,,,,,,,,,,,,,
18,,,,63099,,,,,,,,,,,,0.46207091212272644,0.10040200501680374,,0.4033561050891876,,3.2371573448181152,,,,,,,,,,,,,
18,,,,63119,,,,,,,,,,,,0.46207091212272644,0.10412506014108658,,0.5385926365852356,,4.387120723724365,,,,,,,,,,,,,
18,,,,63139,,,,,,,,,,,,0.46207091212272644,0.08279670774936676,,0.49344950914382935,,3.3295626640319824,,,,,,,,,,,,,
18,,,,63159,,,,,,,,,,,,0.46207091212272644,0.09734044224023819,,0.4222371578216553,,3.2278294563293457,,,,,,,,,,,,,
18,,,,63179,,,,,,,,,,,,0.46207091212272644,0.047335073351860046,,0.9462147951126099,,3.715623140335083,,,,,,,,,,,,,
18,,,,63199,,,,,,,,,,,,0.46207091212272644,0.0893394872546196,,0.41888612508773804,,3.2754456996917725,,,,,,,,,,,,,
18,,,,63219,,,,,,,,,,,,0.46207091212272644,0.0839504674077034,,0.6150237917900085,,3.3048906326293945,,,,,,,,,,,,,
18,,,,63239,,,,,,,,,,,,0.46207091212272644,0.09224724769592285,,0.4294981062412262,,3.2436506748199463,,,,,,,,,,,,,
18,,,,63259,,,,,,,,,,,,0.46207091212272644,0.1051374152302742,,0.535456120967865,,4.355602741241455,,,,,,,,,,,,,
18,,,,63279,,,,,,,,,,,,0.46207091212272644,0.08547191321849823,,0.5364424586296082,,4.366459846496582,,,,,,,,,,,,,
18,,,,63299,,,,,,,,,,,,0.46207091212272644,0.06564779579639435,,0.8739628195762634,,4.308737754821777,,,,,,,,,,,,,
18,,,,63319,,,,,,,,,,,,0.46207091212272644,0.05181799829006195,,0.9238831400871277,,4.299206256866455,,,,,,,,,,,,,
18,,,,63339,,,,,,,,,,,,0.46207091212272644,0.10079725086688995,,0.4163200259208679,,3.28155517578125,,,,,,,,,,,,,
18,,,,63359,,,,,,,,,,,,0.46207091212272644,0.09677788615226746,,0.4085635244846344,,3.3052926063537598,,,,,,,,,,,,,
18,,,,63379,,,,,,,,,,,,0.46207091212272644,0.0522175133228302,,0.805027961730957,,4.521254539489746,,,,,,,,,,,,,
18,,,,63399,,,,,,,,,,,,0.46207091212272644,0.10951858013868332,,0.5491973161697388,,4.538269996643066,,,,,,,,,,,,,
18,,,,63419,,,,,,,,,,,,0.46207091212272644,0.10135939717292786,,0.3839704990386963,,3.0820789337158203,,,,,,,,,,,,,
18,,,,63439,,,,,,,,,,,,0.46207091212272644,0.04193755239248276,,0.9681404829025269,,4.13942813873291,,,,,,,,,,,,,
18,,,,63459,,,,,,,,,,,,0.46207091212272644,0.0450163260102272,,0.7680797576904297,,3.359853744506836,,,,,,,,,,,,,
18,,,,63479,,,,,,,,,,,,0.46207091212272644,0.10026158392429352,,0.5177571177482605,,4.386638641357422,,,,,,,,,,,,,
18,,,,63499,,,,,,,,,,,,0.46207091212272644,0.09438957273960114,,0.41846877336502075,,3.2193641662597656,,,,,,,,,,,,,
18,,,,63519,,,,,,,,,,,,0.46207091212272644,0.10998204350471497,,0.5384194254875183,,4.418639183044434,,,,,,,,,,,,,
18,,,,63539,,,,,,,,,,,,0.46207091212272644,0.08294913172721863,,0.6334915161132812,,3.2862699031829834,,,,,,,,,,,,,
18,,,,63559,,,,,,,,,,,,0.46207091212272644,0.10420878231525421,,0.5405412316322327,,4.425583839416504,,,,,,,,,,,,,
18,,,,63579,,,,,,,,,,,,0.46207091212272644,0.0635419562458992,,0.6013619899749756,,3.218695640563965,,,,,,,,,,,,,
18,,,,63599,,,,,,,,,,,,0.46207091212272644,0.10636796802282333,,0.5061269402503967,,4.325837135314941,,,,,,,,,,,,,
18,,,,63619,,,,,,,,,,,,0.46207091212272644,0.06835858523845673,,0.5584639310836792,,3.216641902923584,,,,,,,,,,,,,
18,,,,63639,,,,,,,,,,,,0.46207091212272644,0.05858919024467468,,0.6187440752983093,,3.2763352394104004,,,,,,,,,,,,,
18,,,,63659,,,,,,,,,,,,0.46207091212272644,0.07482512295246124,,0.699633777141571,,4.404022693634033,,,,,,,,,,,,,
18,,,,63679,,,,,,,,,,,,0.46207091212272644,0.048944585025310516,,0.8353025913238525,,3.416717052459717,,,,,,,,,,,,,
18,,,,63699,,,,,,,,,,,,0.46207091212272644,0.09870846569538116,,0.39406299591064453,,3.1988513469696045,,,,,,,,,,,,,
18,,,,63719,,,,,,,,,,,,0.46207091212272644,0.11327040195465088,,0.5246149301528931,,4.457230091094971,,,,,,,,,,,,,
18,,,,63739,,,,,,,,,,,,0.46207091212272644,0.07804910838603973,,0.7255136370658875,,4.3780035972595215,,,,,,,,,,,,,
18,,,,63759,,,,,,,,,,,,0.46207091212272644,0.09627732634544373,,0.4046630263328552,,3.2570581436157227,,,,,,,,,,,,,
18,,,,63779,,,,,,,,,,,,0.46207091212272644,0.04806607961654663,,0.8436627984046936,,3.714247226715088,,,,,,,,,,,,,
18,,,,63799,,,,,,,,,,,,0.46207091212272644,0.04453226178884506,,0.8103485107421875,,3.6068358421325684,,,,,,,,,,,,,
18,,,,63819,,,,,,,,,,,,0.46207091212272644,0.10366536676883698,,0.5213701725006104,,4.391083717346191,,,,,,,,,,,,,
18,,,,63839,,,,,,,,,,,,0.46207091212272644,0.06862978637218475,,0.6554332971572876,,3.3881120681762695,,,,,,,,,,,,,
18,,,,63859,,,,,,,,,,,,0.46207091212272644,0.10497407615184784,,0.5235915184020996,,4.373164176940918,,,,,,,,,,,,,
18,,,,63879,,,,,,,,,,,,0.46207091212272644,0.06927621364593506,,0.6400891542434692,,4.439181327819824,,,,,,,,,,,,,
18,,,,63899,,,,,,,,,,,,0.46207091212272644,0.10260032117366791,,0.5172156691551208,,4.41192626953125,,,,,,,,,,,,,
18,,,,63919,,,,,,,,,,,,0.46207091212272644,0.07042834162712097,,0.7224043011665344,,4.362120151519775,,,,,,,,,,,,,
18,,,,63939,,,,,,,,,,,,0.46207091212272644,0.046012040227651596,,0.9504002928733826,,3.708953857421875,,,,,,,,,,,,,
18,,,,63959,,,,,,,,,,,,0.46207091212272644,0.0618414431810379,,0.5140490531921387,,3.2271485328674316,,,,,,,,,,,,,
18,,,,63979,,,,,,,,,,,,0.46207091212272644,0.1035611480474472,,0.5352243185043335,,4.492549896240234,,,,,,,,,,,,,
18,,,,63999,,,,,,,,,,,,0.46207091212272644,0.08432351052761078,,0.6062964200973511,,4.452677249908447,,,,,,,,,,,,,
18,,,,64019,,,,,,,,,,,,0.46207091212272644,0.078444704413414,,0.595300555229187,,4.4596052169799805,,,,,,,,,,,,,
18,,,,64039,,,,,,,,,,,,0.46207091212272644,0.0906827300786972,,0.41739770770072937,,3.2705397605895996,,,,,,,,,,,,,
18,,,,64059,,,,,,,,,,,,0.46207091212272644,0.048254501074552536,,0.8978266716003418,,4.080591678619385,,,,,,,,,,,,,
18,,,,64079,,,,,,,,,,,,0.46207091212272644,0.09744451940059662,,0.6777838468551636,,4.493374824523926,,,,,,,,,,,,,
18,,,,64099,,,,,,,,,,,,0.46207091212272644,0.09969314187765121,,0.3907228708267212,,3.1800451278686523,,,,,,,,,,,,,
18,,,,64119,,,,,,,,,,,,0.46207091212272644,0.08030232787132263,,0.42711660265922546,,3.2343688011169434,,,,,,,,,,,,,
18,,,,64139,,,,,,,,,,,,0.46207091212272644,0.08746538311243057,,0.4084889590740204,,3.234267234802246,,,,,,,,,,,,,
18,,,,64159,,,,,,,,,,,,0.46207091212272644,0.10415525734424591,,0.5269007682800293,,4.431743621826172,,,,,,,,,,,,,
18,,,,64179,,,,,,,,,,,,0.46207091212272644,0.04851272702217102,,0.745807409286499,,3.265770673751831,,,,,,,,,,,,,
18,,,,64199,,,,,,,,,,,,0.46207091212272644,0.051602963358163834,,0.8718535900115967,,3.953110456466675,,,,,,,,,,,,,
18,,,,64219,,,,,,,,,,,,0.46207091212272644,0.09153707325458527,,0.5395087003707886,,4.404980182647705,,,,,,,,,,,,,
18,,,,64239,,,,,,,,,,,,0.46207091212272644,0.1048690527677536,,0.40369337797164917,,3.294574499130249,,,,,,,,,,,,,
18,,,,64259,,,,,,,,,,,,0.46207091212272644,0.09927523136138916,,0.699714720249176,,4.454678535461426,,,,,,,,,,,,,
18,,,,64279,,,,,,,,,,,,0.46207091212272644,0.08763855695724487,,0.3921441435813904,,3.1829795837402344,,,,,,,,,,,,,
18,,,,64299,,,,,,,,,,,,0.46207091212272644,0.06634442508220673,,0.5514678359031677,,3.25787091255188,,,,,,,,,,,,,
18,,,,64319,,,,,,,,,,,,0.46207091212272644,0.043820884078741074,,0.878329336643219,,4.31285285949707,,,,,,,,,,,,,
18,,,,64339,,,,,,,,,,,,0.46207091212272644,0.09839009493589401,,0.5285735130310059,,4.381513595581055,,,,,,,,,,,,,
18,,,,64359,,,,,,,,,,,,0.46207091212272644,0.04731304943561554,,0.7887572646141052,,3.410719871520996,,,,,,,,,,,,,
18,,,,64379,,,,,,,,,,,,0.46207091212272644,0.044278621673583984,,0.9319685697555542,,4.322210311889648,,,,,,,,,,,,,
18,,,,64399,,,,,,,,,,,,0.46207091212272644,0.07944469153881073,,0.5130816102027893,,3.2464473247528076,,,,,,,,,,,,,
18,,,,64419,,,,,,,,,,,,0.46207091212272644,0.04885133355855942,,0.9438786506652832,,4.2457685470581055,,,,,,,,,,,,,
18,,,,64439,,,,,,,,,,,,0.46207091212272644,0.0793248862028122,,0.4955083429813385,,3.1115942001342773,,,,,,,,,,,,,
18,,,,64459,,,,,,,,,,,,0.46207091212272644,0.046680748462677,,1.017783522605896,,4.243485450744629,,,,,,,,,,,,,
18,,,,64479,,,,,,,,,,,,0.46207091212272644,0.04901424050331116,,0.810583770275116,,4.324981212615967,,,,,,,,,,,,,
18,,,,64499,,,,,,,,,,,,0.46207091212272644,0.09976425766944885,,0.3878907263278961,,3.1436409950256348,,,,,,,,,,,,,
18,,,,64519,,,,,,,,,,,,0.46207091212272644,0.05132906883955002,,0.8146998882293701,,3.7095208168029785,,,,,,,,,,,,,
18,,,,64539,,,,,,,,,,,,0.46207091212272644,0.060442835092544556,,0.8829776048660278,,4.500654220581055,,,,,,,,,,,,,
18,,,,64559,,,,,,,,,,,,0.46207091212272644,0.09487714618444443,,0.6133715510368347,,4.510234355926514,,,,,,,,,,,,,
18,,,,64579,,,,,,,,,,,,0.46207091212272644,0.07401654124259949,,0.6688001751899719,,3.1487064361572266,,,,,,,,,,,,,
18,,,,64599,,,,,,,,,,,,0.46207091212272644,0.06273701041936874,,0.4888964295387268,,3.2459137439727783,,,,,,,,,,,,,
18,,,,64619,,,,,,,,,,,,0.46207091212272644,0.0706067755818367,,0.5491666793823242,,3.3221912384033203,,,,,,,,,,,,,
18,,,,64639,,,,,,,,,,,,0.46207091212272644,0.10220242291688919,,0.5345272421836853,,4.3770904541015625,,,,,,,,,,,,,
18,,,,64659,,,,,,,,,,,,0.46207091212272644,0.10569451749324799,,0.6552698612213135,,4.377656936645508,,,,,,,,,,,,,
18,,,,64679,,,,,,,,,,,,0.46207091212272644,0.0434698611497879,,1.0005284547805786,,4.009706974029541,,,,,,,,,,,,,
18,,,,64699,,,,,,,,,,,,0.46207091212272644,0.05071176588535309,,0.8826437592506409,,3.8942971229553223,,,,,,,,,,,,,
18,,,,64719,,,,,,,,,,,,0.46207091212272644,0.05908075347542763,,0.6747932434082031,,4.396597862243652,,,,,,,,,,,,,
18,,,,64739,,,,,,,,,,,,0.46207091212272644,0.054271697998046875,,0.6639798879623413,,4.395292282104492,,,,,,,,,,,,,
18,,,,64759,,,,,,,,,,,,0.46207091212272644,0.10861266404390335,,0.5145639181137085,,4.342382431030273,,,,,,,,,,,,,
18,,,,64779,,,,,,,,,,,,0.46207091212272644,0.03916061669588089,,0.899768054485321,,3.680938243865967,,,,,,,,,,,,,
18,,,,64799,,,,,,,,,,,,0.46207091212272644,0.10558120906352997,,0.5110645294189453,,4.358585357666016,,,,,,,,,,,,,
18,,,,64819,,,,,,,,,,,,0.46207091212272644,0.08572207391262054,,0.449040949344635,,3.3436641693115234,,,,,,,,,,,,,
18,,,,64839,,,,,,,,,,,,0.46207091212272644,0.06211806833744049,,0.6122182607650757,,3.2558670043945312,,,,,,,,,,,,,
18,,,,64859,,,,,,,,,,,,0.46207091212272644,0.09634573757648468,,0.5109858512878418,,4.369314670562744,,,,,,,,,,,,,
18,,,,64879,,,,,,,,,,,,0.46207091212272644,0.08186934143304825,,0.6365274786949158,,3.2553462982177734,,,,,,,,,,,,,
18,,,,64899,,,,,,,,,,,,0.46207091212272644,0.09103758633136749,,0.5930989384651184,,4.4703593254089355,,,,,,,,,,,,,
18,,,,64919,,,,,,,,,,,,0.46207091212272644,0.10761366039514542,,0.5154845118522644,,4.386232852935791,,,,,,,,,,,,,
18,,,,64939,,,,,,,,,,,,0.46207091212272644,0.09064945578575134,,0.8129110336303711,,4.339418411254883,,,,,,,,,,,,,
18,,,,64959,,,,,,,,,,,,0.46207091212272644,0.08970651030540466,,0.42261847853660583,,3.398970127105713,,,,,,,,,,,,,
18,,,,64979,,,,,,,,,,,,0.46207091212272644,0.0507444366812706,,0.679556131362915,,3.276463270187378,,,,,,,,,,,,,
18,,,,64999,,,,,,,,,,,,0.46207091212272644,0.09133679419755936,,0.52200847864151,,4.39739990234375,,,,,,,,,,,,,
18,,,,65019,,,,,,,,,,,,0.46207091212272644,0.10412591695785522,,0.5244958400726318,,4.358141899108887,,,,,,,,,,,,,
18,,,,65039,,,,,,,,,,,,0.46207091212272644,0.07024206221103668,,0.5297910571098328,,3.2994396686553955,,,,,,,,,,,,,
18,,,,65059,,,,,,,,,,,,0.46207091212272644,0.10469947755336761,,0.5180211663246155,,4.367431640625,,,,,,,,,,,,,
18,,,,65079,,,,,,,,,,,,0.46207091212272644,0.10453511774539948,,0.5192040205001831,,4.39192533493042,,,,,,,,,,,,,
18,,,,65099,,,,,,,,,,,,0.46207091212272644,0.08734162151813507,,0.4271935820579529,,3.3148152828216553,,,,,,,,,,,,,
18,,,,65119,,,,,,,,,,,,0.46207091212272644,0.10015072673559189,,0.4010770618915558,,3.2251226902008057,,,,,,,,,,,,,
18,,,,65139,,,,,,,,,,,,0.46207091212272644,0.1146828681230545,,0.5288980603218079,,4.401156425476074,,,,,,,,,,,,,
18,,,,65159,,,,,,,,,,,,0.46207091212272644,0.09917102754116058,,0.4157416522502899,,3.346653699874878,,,,,,,,,,,,,
18,,,,65179,,,,,,,,,,,,0.46207091212272644,0.08606576919555664,,0.4097253978252411,,3.268150806427002,,,,,,,,,,,,,
18,,,,65199,,,,,,,,,,,,0.46207091212272644,0.048287540674209595,,0.8622194528579712,,4.372344970703125,,,,,,,,,,,,,
18,,,,65219,,,,,,,,,,,,0.46207091212272644,0.09868524968624115,,0.5246660709381104,,4.513625144958496,,,,,,,,,,,,,
18,,,,65239,,,,,,,,,,,,0.46207091212272644,0.1100199967622757,,0.5177361965179443,,4.420283794403076,,,,,,,,,,,,,
18,,,,65259,,,,,,,,,,,,0.46207091212272644,0.06324423849582672,,0.5601543188095093,,3.2573399543762207,,,,,,,,,,,,,
18,,,,65279,,,,,,,,,,,,0.46207091212272644,0.0776640921831131,,0.4219617247581482,,3.302234649658203,,,,,,,,,,,,,
18,,,,65299,,,,,,,,,,,,0.46207091212272644,0.04686467722058296,,0.9681599736213684,,3.629171371459961,,,,,,,,,,,,,
18,,,,65319,,,,,,,,,,,,0.46207091212272644,0.10088251531124115,,0.5146911144256592,,4.377431392669678,,,,,,,,,,,,,
18,,,,65339,,,,,,,,,,,,0.46207091212272644,0.05564061552286148,,0.5992299318313599,,3.2575511932373047,,,,,,,,,,,,,
18,,,,65359,,,,,,,,,,,,0.46207091212272644,0.05272755026817322,,0.8747053146362305,,4.411589622497559,,,,,,,,,,,,,
18,,,,65379,,,,,,,,,,,,0.46207091212272644,0.10556700825691223,,0.39822447299957275,,3.118971586227417,,,,,,,,,,,,,
18,,,,65399,,,,,,,,,,,,0.46207091212272644,0.1059822216629982,,0.5377771854400635,,4.567904472351074,,,,,,,,,,,,,
18,,,,65419,,,,,,,,,,,,0.46207091212272644,0.04581324756145477,,0.835263192653656,,4.485516548156738,,,,,,,,,,,,,
18,,,,65439,,,,,,,,,,,,0.46207091212272644,0.0647854134440422,,0.9069851636886597,,4.584298610687256,,,,,,,,,,,,,
18,,,,65459,,,,,,,,,,,,0.46207091212272644,0.05995436757802963,,0.7904040217399597,,4.642902374267578,,,,,,,,,,,,,
18,,,,65479,,,,,,,,,,,,0.46207091212272644,0.0962844118475914,,0.5687142610549927,,4.565067291259766,,,,,,,,,,,,,
18,,,,65499,,,,,,,,,,,,0.46207091212272644,0.04587773233652115,,0.7861289978027344,,3.3897488117218018,,,,,,,,,,,,,
18,,,,65519,,,,,,,,,,,,0.46207091212272644,0.09568777680397034,,0.43093299865722656,,3.2095189094543457,,,,,,,,,,,,,
18,,,,65539,,,,,,,,,,,,0.46207091212272644,0.09343036264181137,,0.38875919580459595,,3.187012195587158,,,,,,,,,,,,,
18,,,,65559,,,,,,,,,,,,0.46207091212272644,0.038949884474277496,,0.954119086265564,,4.126405239105225,,,,,,,,,,,,,
18,,,,65579,,,,,,,,,,,,0.46207091212272644,0.07049574702978134,,0.5961610078811646,,3.302614450454712,,,,,,,,,,,,,
18,,,,65599,,,,,,,,,,,,0.46207091212272644,0.10895803570747375,,0.5687811970710754,,4.396241188049316,,,,,,,,,,,,,
18,,,,65619,,,,,,,,,,,,0.46207091212272644,0.05441351234912872,,0.8932639360427856,,4.361266136169434,,,,,,,,,,,,,
18,,,,65639,,,,,,,,,,,,0.46207091212272644,0.10677175223827362,,0.5255845189094543,,4.400742530822754,,,,,,,,,,,,,
18,,,,65659,,,,,,,,,,,,0.46207091212272644,0.04997444152832031,,0.851727306842804,,4.172996520996094,,,,,,,,,,,,,
18,,,,65679,,,,,,,,,,,,0.46207091212272644,0.06570249795913696,,0.7059599757194519,,4.4740519523620605,,,,,,,,,,,,,
18,,,,65699,,,,,,,,,,,,0.46207091212272644,0.09593422710895538,,0.40152058005332947,,3.2144341468811035,,,,,,,,,,,,,
18,,,,65719,,,,,,,,,,,,0.46207091212272644,0.10056529939174652,,0.42131659388542175,,3.2360448837280273,,,,,,,,,,,,,
18,,,,65739,,,,,,,,,,,,0.46207091212272644,0.0933123230934143,,0.571054995059967,,4.407876491546631,,,,,,,,,,,,,
18,,,,65759,,,,,,,,,,,,0.46207091212272644,0.04386134445667267,,0.8964762687683105,,3.589590072631836,,,,,,,,,,,,,
18,,,,65779,,,,,,,,,,,,0.46207091212272644,0.0972733348608017,,0.40408802032470703,,3.2721025943756104,,,,,,,,,,,,,
18,,,,65799,,,,,,,,,,,,0.46207091212272644,0.10760419070720673,,0.5323154926300049,,4.394101142883301,,,,,,,,,,,,,
18,,,,65819,,,,,,,,,,,,0.46207091212272644,0.08273803442716599,,0.5033465027809143,,3.323406934738159,,,,,,,,,,,,,
18,,,,65839,,,,,,,,,,,,0.46207091212272644,0.08350314944982529,,0.6210098266601562,,4.328696250915527,,,,,,,,,,,,,
18,,,,65859,,,,,,,,,,,,0.46207091212272644,0.08231247961521149,,0.4102765619754791,,3.2326772212982178,,,,,,,,,,,,,
18,,,,65879,,,,,,,,,,,,0.46207091212272644,0.04337681829929352,,0.8743601441383362,,3.7513532638549805,,,,,,,,,,,,,
18,,,,65899,,,,,,,,,,,,0.46207091212272644,0.09268328547477722,,0.4026142358779907,,3.2113165855407715,,,,,,,,,,,,,
18,,,,65919,,,,,,,,,,,,0.46207091212272644,0.04446779191493988,,0.8524554967880249,,3.8309974670410156,,,,,,,,,,,,,
18,,,,65939,,,,,,,,,,,,0.46207091212272644,0.0920601412653923,,0.3921334743499756,,3.1557841300964355,,,,,,,,,,,,,
18,,,,65959,,,,,,,,,,,,0.46207091212272644,0.0906347706913948,,0.38699230551719666,,3.1266825199127197,,,,,,,,,,,,,
18,,,,65979,,,,,,,,,,,,0.46207091212272644,0.09005491435527802,,0.5278877019882202,,4.488284587860107,,,,,,,,,,,,,
18,,,,65999,,,,,,,,,,,,0.46207091212272644,0.05762292817234993,,0.7891747951507568,,3.492924690246582,,,,,,,,,,,,,
18,,,,66019,,,,,,,,,,,,0.46207091212272644,0.10323932766914368,,0.4099353849887848,,3.3170151710510254,,,,,,,,,,,,,
18,,,,66039,,,,,,,,,,,,0.46207091212272644,0.036174334585666656,,0.8478019833564758,,3.517130136489868,,,,,,,,,,,,,
18,,,,66059,,,,,,,,,,,,0.46207091212272644,0.04966791719198227,,0.9059943556785583,,4.4308881759643555,,,,,,,,,,,,,
18,,,,66079,,,,,,,,,,,,0.46207091212272644,0.09929821640253067,,0.4880453944206238,,3.174323081970215,,,,,,,,,,,,,
18,,,,66099,,,,,,,,,,,,0.46207091212272644,0.06013008579611778,,0.5783445835113525,,3.211918592453003,,,,,,,,,,,,,
18,,,,66119,,,,,,,,,,,,0.46207091212272644,0.09368757903575897,,0.40909191966056824,,3.250009536743164,,,,,,,,,,,,,
18,,,,66139,,,,,,,,,,,,0.46207091212272644,0.10231657326221466,,0.40098896622657776,,3.2092020511627197,,,,,,,,,,,,,
18,,,,66157,,,,,,,,,,,,,,,,,,0.7217069864273071,0.8579842448234558,0.7232527136802673,0.7241209149360657,0.5237607955932617,0.724989116191864,0.6620585322380066,0.7571130394935608,0.7081350684165955,0.7975401878356934,0.813011884689331,0.5812693238258362,0.7217069864273071
18,,,,66157,,,,,,,,,0.608167290687561,0.08034909516572952,0.462065726518631,,,0.6058551669120789,,3.862264633178711,,,,,,,,,,,,,,
,0.00027493818610651487,0.00027493818610651487,2.749381861065149e-05,66158,,,,,,,,,,,,,,,,,,,,,,,,,,,,,,
19,,,,66159,,,,,,,,,,,,0.46207091212272644,0.09547927975654602,,0.5288432240486145,,4.504921913146973,,,,,,,,,,,,,
19,,,,66179,,,,,,,,,,,,0.46207091212272644,0.055033229291439056,,0.8351500034332275,,4.335115909576416,,,,,,,,,,,,,
19,,,,66199,,,,,,,,,,,,0.46207091212272644,0.06869859993457794,,0.43548259139060974,,3.160836696624756,,,,,,,,,,,,,
19,,,,66219,,,,,,,,,,,,0.46207091212272644,0.045192964375019073,,0.8196322917938232,,3.490490436553955,,,,,,,,,,,,,
19,,,,66239,,,,,,,,,,,,0.46207091212272644,0.0934658870100975,,0.42395180463790894,,3.217583656311035,,,,,,,,,,,,,
19,,,,66259,,,,,,,,,,,,0.46207091212272644,0.102712482213974,,0.4543634057044983,,3.191429853439331,,,,,,,,,,,,,
19,,,,66279,,,,,,,,,,,,0.46207091212272644,0.050388969480991364,,0.8613543510437012,,4.304569244384766,,,,,,,,,,,,,
19,,,,66299,,,,,,,,,,,,0.46207091212272644,0.09415377676486969,,0.4187348186969757,,3.2638869285583496,,,,,,,,,,,,,
19,,,,66319,,,,,,,,,,,,0.46207091212272644,0.04678229242563248,,0.8909772038459778,,4.09308385848999,,,,,,,,,,,,,
19,,,,66339,,,,,,,,,,,,0.46207091212272644,0.10726048797369003,,0.5351269841194153,,4.432740211486816,,,,,,,,,,,,,
19,,,,66359,,,,,,,,,,,,0.46207091212272644,0.04452091455459595,,0.9138797521591187,,3.680685520172119,,,,,,,,,,,,,
19,,,,66379,,,,,,,,,,,,0.46207091212272644,0.04466526210308075,,0.9364559054374695,,4.3380961418151855,,,,,,,,,,,,,
19,,,,66399,,,,,,,,,,,,0.46207091212272644,0.09035592526197433,,0.404630571603775,,3.0998215675354004,,,,,,,,,,,,,
19,,,,66419,,,,,,,,,,,,0.46207091212272644,0.09771417826414108,,0.4008590281009674,,3.0586023330688477,,,,,,,,,,,,,
19,,,,66439,,,,,,,,,,,,0.46207091212272644,0.044035620987415314,,0.6850764751434326,,3.271688938140869,,,,,,,,,,,,,
19,,,,66459,,,,,,,,,,,,0.46207091212272644,0.06911104917526245,,0.7094024419784546,,4.476186752319336,,,,,,,,,,,,,
19,,,,66479,,,,,,,,,,,,0.46207091212272644,0.08286148309707642,,0.6277170181274414,,4.42640495300293,,,,,,,,,,,,,
19,,,,66499,,,,,,,,,,,,0.46207091212272644,0.09839737415313721,,0.5408633947372437,,4.39894962310791,,,,,,,,,,,,,
19,,,,66519,,,,,,,,,,,,0.46207091212272644,0.10802090167999268,,0.5528311729431152,,4.478880405426025,,,,,,,,,,,,,
19,,,,66539,,,,,,,,,,,,0.46207091212272644,0.06567887961864471,,0.6931509375572205,,4.512338161468506,,,,,,,,,,,,,
19,,,,66559,,,,,,,,,,,,0.46207091212272644,0.11063073575496674,,0.5279520153999329,,4.51760196685791,,,,,,,,,,,,,
19,,,,66579,,,,,,,,,,,,0.46207091212272644,0.04672534763813019,,0.6592583060264587,,3.225543737411499,,,,,,,,,,,,,
19,,,,66599,,,,,,,,,,,,0.46207091212272644,0.1074381172657013,,0.5284441113471985,,4.462421417236328,,,,,,,,,,,,,
19,,,,66619,,,,,,,,,,,,0.46207091212272644,0.09158124029636383,,0.5585706830024719,,4.547651290893555,,,,,,,,,,,,,
19,,,,66639,,,,,,,,,,,,0.46207091212272644,0.06543842703104019,,0.6981266736984253,,4.577243804931641,,,,,,,,,,,,,
19,,,,66659,,,,,,,,,,,,0.46207091212272644,0.10056699812412262,,0.5589508414268494,,4.4233784675598145,,,,,,,,,,,,,
19,,,,66679,,,,,,,,,,,,0.46207091212272644,0.09651044011116028,,0.5325208306312561,,4.443771839141846,,,,,,,,,,,,,
19,,,,66699,,,,,,,,,,,,0.46207091212272644,0.04792695492506027,,0.7572689652442932,,3.3018181324005127,,,,,,,,,,,,,
19,,,,66719,,,,,,,,,,,,0.46207091212272644,0.096963070333004,,0.5151704549789429,,4.3815412521362305,,,,,,,,,,,,,
19,,,,66739,,,,,,,,,,,,0.46207091212272644,0.049702517688274384,,0.889702558517456,,3.511033535003662,,,,,,,,,,,,,
19,,,,66759,,,,,,,,,,,,0.46207091212272644,0.04067034274339676,,0.9539437890052795,,4.213995456695557,,,,,,,,,,,,,
19,,,,66779,,,,,,,,,,,,0.46207091212272644,0.03746218979358673,,0.9870100617408752,,4.013266086578369,,,,,,,,,,,,,
19,,,,66799,,,,,,,,,,,,0.46207091212272644,0.08726280927658081,,0.5214337706565857,,4.336522579193115,,,,,,,,,,,,,
19,,,,66819,,,,,,,,,,,,0.46207091212272644,0.03925608843564987,,1.0133190155029297,,3.87695574760437,,,,,,,,,,,,,
19,,,,66839,,,,,,,,,,,,0.46207091212272644,0.09140360355377197,,0.40641942620277405,,3.3196890354156494,,,,,,,,,,,,,
19,,,,66859,,,,,,,,,,,,0.46207091212272644,0.09934626519680023,,0.5192993879318237,,4.361164093017578,,,,,,,,,,,,,
19,,,,66879,,,,,,,,,,,,0.46207091212272644,0.08696042001247406,,0.40811002254486084,,3.2759110927581787,,,,,,,,,,,,,
19,,,,66899,,,,,,,,,,,,0.46207091212272644,0.10460522770881653,,0.5187154412269592,,4.414506912231445,,,,,,,,,,,,,
19,,,,66919,,,,,,,,,,,,0.46207091212272644,0.07467466592788696,,0.4008004367351532,,3.165440320968628,,,,,,,,,,,,,
19,,,,66939,,,,,,,,,,,,0.46207091212272644,0.08669258654117584,,0.47239845991134644,,3.070845365524292,,,,,,,,,,,,,
19,,,,66959,,,,,,,,,,,,0.46207091212272644,0.10718007385730743,,0.40403640270233154,,3.1040422916412354,,,,,,,,,,,,,
19,,,,66979,,,,,,,,,,,,0.46207091212272644,0.05009718984365463,,0.7119846343994141,,3.223079204559326,,,,,,,,,,,,,
19,,,,66999,,,,,,,,,,,,0.46207091212272644,0.11184108257293701,,0.5389692187309265,,4.582014083862305,,,,,,,,,,,,,
19,,,,67019,,,,,,,,,,,,0.46207091212272644,0.07909810543060303,,0.5022891759872437,,3.3000283241271973,,,,,,,,,,,,,
19,,,,67039,,,,,,,,,,,,0.46207091212272644,0.08529800176620483,,0.45065510272979736,,3.261065721511841,,,,,,,,,,,,,
19,,,,67059,,,,,,,,,,,,0.46207091212272644,0.08757480978965759,,0.54144287109375,,4.465590953826904,,,,,,,,,,,,,
19,,,,67079,,,,,,,,,,,,0.46207091212272644,0.039766233414411545,,0.9464432001113892,,4.345478057861328,,,,,,,,,,,,,
19,,,,67099,,,,,,,,,,,,0.46207091212272644,0.10481174290180206,,0.5252965688705444,,4.40685510635376,,,,,,,,,,,,,
19,,,,67119,,,,,,,,,,,,0.46207091212272644,0.0955924391746521,,0.40227210521698,,3.213707447052002,,,,,,,,,,,,,
19,,,,67139,,,,,,,,,,,,0.46207091212272644,0.04440857470035553,,0.8938042521476746,,3.748725414276123,,,,,,,,,,,,,
19,,,,67159,,,,,,,,,,,,0.46207091212272644,0.08747424185276031,,0.5366551876068115,,4.476227760314941,,,,,,,,,,,,,
19,,,,67179,,,,,,,,,,,,0.46207091212272644,0.10662714391946793,,0.5335046052932739,,4.569340705871582,,,,,,,,,,,,,
19,,,,67199,,,,,,,,,,,,0.46207091212272644,0.062477074563503265,,0.7595970034599304,,4.444880485534668,,,,,,,,,,,,,
19,,,,67219,,,,,,,,,,,,0.46207091212272644,0.04253178462386131,,0.7671722173690796,,4.537893295288086,,,,,,,,,,,,,
19,,,,67239,,,,,,,,,,,,0.46207091212272644,0.10260529816150665,,0.39359161257743835,,3.197944164276123,,,,,,,,,,,,,
19,,,,67259,,,,,,,,,,,,0.46207091212272644,0.044388122856616974,,0.9195306301116943,,4.007400989532471,,,,,,,,,,,,,
19,,,,67279,,,,,,,,,,,,0.46207091212272644,0.04699847847223282,,0.8508902192115784,,3.4892208576202393,,,,,,,,,,,,,
19,,,,67299,,,,,,,,,,,,0.46207091212272644,0.10891379415988922,,0.5466080904006958,,4.594782829284668,,,,,,,,,,,,,
19,,,,67319,,,,,,,,,,,,0.46207091212272644,0.07035166770219803,,0.41240301728248596,,3.160928964614868,,,,,,,,,,,,,
19,,,,67339,,,,,,,,,,,,0.46207091212272644,0.058273494243621826,,0.7175515294075012,,3.2272653579711914,,,,,,,,,,,,,
19,,,,67359,,,,,,,,,,,,0.46207091212272644,0.1049460843205452,,0.5289332866668701,,4.543331146240234,,,,,,,,,,,,,
19,,,,67379,,,,,,,,,,,,0.46207091212272644,0.05033146217465401,,0.8616096377372742,,3.4820375442504883,,,,,,,,,,,,,
19,,,,67399,,,,,,,,,,,,0.46207091212272644,0.050226710736751556,,0.7080735564231873,,3.2670164108276367,,,,,,,,,,,,,
19,,,,67419,,,,,,,,,,,,0.46207091212272644,0.10742763429880142,,0.3926032483577728,,3.152792453765869,,,,,,,,,,,,,
19,,,,67439,,,,,,,,,,,,0.46207091212272644,0.11210453510284424,,0.5343396663665771,,4.424528121948242,,,,,,,,,,,,,
19,,,,67459,,,,,,,,,,,,0.46207091212272644,0.1011202335357666,,0.39633139967918396,,3.204284906387329,,,,,,,,,,,,,
19,,,,67479,,,,,,,,,,,,0.46207091212272644,0.07298363745212555,,0.6972581148147583,,3.2317593097686768,,,,,,,,,,,,,
19,,,,67499,,,,,,,,,,,,0.46207091212272644,0.04237787052989006,,0.812158465385437,,4.252540588378906,,,,,,,,,,,,,
19,,,,67519,,,,,,,,,,,,0.46207091212272644,0.1112271323800087,,0.533285915851593,,4.489585876464844,,,,,,,,,,,,,
19,,,,67539,,,,,,,,,,,,0.46207091212272644,0.09754599630832672,,0.41062241792678833,,3.137378692626953,,,,,,,,,,,,,
19,,,,67559,,,,,,,,,,,,0.46207091212272644,0.09156185388565063,,0.40320882201194763,,3.169466495513916,,,,,,,,,,,,,
19,,,,67579,,,,,,,,,,,,0.46207091212272644,0.09139222651720047,,0.48109620809555054,,3.167891263961792,,,,,,,,,,,,,
19,,,,67599,,,,,,,,,,,,0.46207091212272644,0.09478604048490524,,0.5266722440719604,,4.46507453918457,,,,,,,,,,,,,
19,,,,67619,,,,,,,,,,,,0.46207091212272644,0.042309049516916275,,0.7143070101737976,,3.2764546871185303,,,,,,,,,,,,,
19,,,,67639,,,,,,,,,,,,0.46207091212272644,0.09886893630027771,,0.39826640486717224,,3.26395845413208,,,,,,,,,,,,,
19,,,,67659,,,,,,,,,,,,0.46207091212272644,0.10437195748090744,,0.5149444937705994,,4.373073577880859,,,,,,,,,,,,,
19,,,,67679,,,,,,,,,,,,0.46207091212272644,0.10604915022850037,,0.5676144361495972,,4.322664737701416,,,,,,,,,,,,,
19,,,,67699,,,,,,,,,,,,0.46207091212272644,0.07903438806533813,,0.5210857391357422,,4.32815408706665,,,,,,,,,,,,,
19,,,,67719,,,,,,,,,,,,0.46207091212272644,0.0985831618309021,,0.39935553073883057,,3.1926770210266113,,,,,,,,,,,,,
19,,,,67739,,,,,,,,,,,,0.46207091212272644,0.10360550880432129,,0.5207332968711853,,4.409706115722656,,,,,,,,,,,,,
19,,,,67759,,,,,,,,,,,,0.46207091212272644,0.061381205916404724,,0.712834894657135,,4.345935821533203,,,,,,,,,,,,,
19,,,,67779,,,,,,,,,,,,0.46207091212272644,0.09559786319732666,,0.3938221335411072,,3.2192845344543457,,,,,,,,,,,,,
19,,,,67799,,,,,,,,,,,,0.46207091212272644,0.05146625265479088,,0.5429357290267944,,3.2342214584350586,,,,,,,,,,,,,
19,,,,67819,,,,,,,,,,,,0.46207091212272644,0.0586061105132103,,0.7724894285202026,,4.381336212158203,,,,,,,,,,,,,
19,,,,67839,,,,,,,,,,,,0.46207091212272644,0.10618630051612854,,0.4061586558818817,,3.236240863800049,,,,,,,,,,,,,
19,,,,67859,,,,,,,,,,,,0.46207091212272644,0.103326715528965,,0.45115068554878235,,3.2316155433654785,,,,,,,,,,,,,
19,,,,67879,,,,,,,,,,,,0.46207091212272644,0.10158966481685638,,0.5779199004173279,,4.565762042999268,,,,,,,,,,,,,
19,,,,67899,,,,,,,,,,,,0.46207091212272644,0.05570133030414581,,0.5885623097419739,,3.168440103530884,,,,,,,,,,,,,
19,,,,67919,,,,,,,,,,,,0.46207091212272644,0.050475865602493286,,0.8438650369644165,,4.56037712097168,,,,,,,,,,,,,
19,,,,67939,,,,,,,,,,,,0.46207091212272644,0.08197756856679916,,0.6031584739685059,,4.424363136291504,,,,,,,,,,,,,
19,,,,67959,,,,,,,,,,,,0.46207091212272644,0.09673240035772324,,0.39672189950942993,,3.1508870124816895,,,,,,,,,,,,,
19,,,,67979,,,,,,,,,,,,0.46207091212272644,0.10295003652572632,,0.4108419418334961,,3.1588339805603027,,,,,,,,,,,,,
19,,,,67999,,,,,,,,,,,,0.46207091212272644,0.04557022452354431,,0.8009333610534668,,3.415031909942627,,,,,,,,,,,,,
19,,,,68019,,,,,,,,,,,,0.46207091212272644,0.09895806014537811,,0.4042089581489563,,3.1975760459899902,,,,,,,,,,,,,
19,,,,68039,,,,,,,,,,,,0.46207091212272644,0.055988192558288574,,0.5569770932197571,,3.2256617546081543,,,,,,,,,,,,,
19,,,,68059,,,,,,,,,,,,0.46207091212272644,0.046786900609731674,,0.8768976926803589,,4.297664642333984,,,,,,,,,,,,,
19,,,,68079,,,,,,,,,,,,0.46207091212272644,0.04770830273628235,,0.9311173558235168,,4.1564836502075195,,,,,,,,,,,,,
19,,,,68099,,,,,,,,,,,,0.46207091212272644,0.07744603604078293,,0.577412486076355,,4.542497634887695,,,,,,,,,,,,,
19,,,,68119,,,,,,,,,,,,0.46207091212272644,0.0953628346323967,,0.5301878452301025,,4.536289215087891,,,,,,,,,,,,,
19,,,,68139,,,,,,,,,,,,0.46207091212272644,0.10311933606863022,,0.4173572063446045,,3.215390682220459,,,,,,,,,,,,,
19,,,,68159,,,,,,,,,,,,0.46207091212272644,0.05578061565756798,,0.6463194489479065,,3.189314603805542,,,,,,,,,,,,,
19,,,,68179,,,,,,,,,,,,0.46207091212272644,0.050333477556705475,,0.8418350219726562,,3.4499547481536865,,,,,,,,,,,,,
19,,,,68199,,,,,,,,,,,,0.46207091212272644,0.0823269784450531,,0.554313063621521,,3.0948734283447266,,,,,,,,,,,,,
19,,,,68219,,,,,,,,,,,,0.46207091212272644,0.04931667074561119,,0.7243714332580566,,3.250265121459961,,,,,,,,,,,,,
19,,,,68239,,,,,,,,,,,,0.46207091212272644,0.07361066341400146,,0.516684353351593,,3.0772671699523926,,,,,,,,,,,,,
19,,,,68259,,,,,,,,,,,,0.46207091212272644,0.08621636778116226,,0.41037148237228394,,3.0859854221343994,,,,,,,,,,,,,
19,,,,68279,,,,,,,,,,,,0.46207091212272644,0.10490912199020386,,0.548170804977417,,4.657074928283691,,,,,,,,,,,,,
19,,,,68299,,,,,,,,,,,,0.46207091212272644,0.09678053110837936,,0.42616263031959534,,3.129671096801758,,,,,,,,,,,,,
19,,,,68319,,,,,,,,,,,,0.46207091212272644,0.05496295541524887,,0.8194032311439514,,4.492437362670898,,,,,,,,,,,,,
19,,,,68339,,,,,,,,,,,,0.46207091212272644,0.0379583016037941,,0.9628320932388306,,4.024689197540283,,,,,,,,,,,,,
19,,,,68359,,,,,,,,,,,,0.46207091212272644,0.10288926959037781,,0.41591978073120117,,3.222052812576294,,,,,,,,,,,,,
19,,,,68379,,,,,,,,,,,,0.46207091212272644,0.10920514166355133,,0.5427828431129456,,4.499110221862793,,,,,,,,,,,,,
19,,,,68399,,,,,,,,,,,,0.46207091212272644,0.09424926340579987,,0.5654045343399048,,4.402101039886475,,,,,,,,,,,,,
19,,,,68419,,,,,,,,,,,,0.46207091212272644,0.0877196192741394,,0.42130306363105774,,3.2713537216186523,,,,,,,,,,,,,
19,,,,68439,,,,,,,,,,,,0.46207091212272644,0.08694560825824738,,0.4110293984413147,,3.285034656524658,,,,,,,,,,,,,
19,,,,68459,,,,,,,,,,,,0.46207091212272644,0.03840382769703865,,0.8030774593353271,,3.4389231204986572,,,,,,,,,,,,,
19,,,,68479,,,,,,,,,,,,0.46207091212272644,0.09273861348628998,,0.52632075548172,,4.425753116607666,,,,,,,,,,,,,
19,,,,68499,,,,,,,,,,,,0.46207091212272644,0.09593776613473892,,0.5414279103279114,,4.417556285858154,,,,,,,,,,,,,
19,,,,68519,,,,,,,,,,,,0.46207091212272644,0.08664491027593613,,0.5381352305412292,,4.408130645751953,,,,,,,,,,,,,
19,,,,68539,,,,,,,,,,,,0.46207091212272644,0.08404700458049774,,0.4499029517173767,,3.258139133453369,,,,,,,,,,,,,
19,,,,68559,,,,,,,,,,,,0.46207091212272644,0.1028783917427063,,0.40113696455955505,,3.2614502906799316,,,,,,,,,,,,,
19,,,,68579,,,,,,,,,,,,0.46207091212272644,0.10518694669008255,,0.5272071361541748,,4.322691440582275,,,,,,,,,,,,,
19,,,,68599,,,,,,,,,,,,0.46207091212272644,0.061016183346509933,,0.7165523767471313,,4.438593864440918,,,,,,,,,,,,,
19,,,,68619,,,,,,,,,,,,0.46207091212272644,0.05425935983657837,,0.8077592253684998,,4.289732456207275,,,,,,,,,,,,,
19,,,,68639,,,,,,,,,,,,0.46207091212272644,0.1033000648021698,,0.4103294312953949,,3.2820935249328613,,,,,,,,,,,,,
19,,,,68659,,,,,,,,,,,,0.46207091212272644,0.09565707296133041,,0.5215070247650146,,4.383508205413818,,,,,,,,,,,,,
19,,,,68679,,,,,,,,,,,,0.46207091212272644,0.04529228061437607,,0.9171613454818726,,4.0757670402526855,,,,,,,,,,,,,
19,,,,68699,,,,,,,,,,,,0.46207091212272644,0.0969475582242012,,0.6165962815284729,,4.353106498718262,,,,,,,,,,,,,
19,,,,68719,,,,,,,,,,,,0.46207091212272644,0.05288538709282875,,0.6811875700950623,,3.358895778656006,,,,,,,,,,,,,
19,,,,68739,,,,,,,,,,,,0.46207091212272644,0.037929072976112366,,0.8078166246414185,,3.48111629486084,,,,,,,,,,,,,
19,,,,68759,,,,,,,,,,,,0.46207091212272644,0.049584150314331055,,0.9004940986633301,,4.346578121185303,,,,,,,,,,,,,
19,,,,68779,,,,,,,,,,,,0.46207091212272644,0.0577101856470108,,0.8237953782081604,,4.41507625579834,,,,,,,,,,,,,
19,,,,68799,,,,,,,,,,,,0.46207091212272644,0.04994693398475647,,0.7341163754463196,,3.3188939094543457,,,,,,,,,,,,,
19,,,,68819,,,,,,,,,,,,0.46207091212272644,0.07747537642717361,,0.6569052338600159,,4.492171764373779,,,,,,,,,,,,,
19,,,,68839,,,,,,,,,,,,0.46207091212272644,0.08989158272743225,,0.3955867886543274,,3.2157936096191406,,,,,,,,,,,,,
19,,,,68859,,,,,,,,,,,,0.46207091212272644,0.06360302865505219,,0.6816829442977905,,3.293117046356201,,,,,,,,,,,,,
19,,,,68879,,,,,,,,,,,,0.46207091212272644,0.09464338421821594,,0.5631411671638489,,4.426182746887207,,,,,,,,,,,,,
19,,,,68899,,,,,,,,,,,,0.46207091212272644,0.1020064428448677,,0.51137375831604,,4.360196113586426,,,,,,,,,,,,,
19,,,,68919,,,,,,,,,,,,0.46207091212272644,0.04791082814335823,,0.6954793930053711,,3.2991461753845215,,,,,,,,,,,,,
19,,,,68939,,,,,,,,,,,,0.46207091212272644,0.047306180000305176,,0.9092357754707336,,4.348855018615723,,,,,,,,,,,,,
19,,,,68959,,,,,,,,,,,,0.46207091212272644,0.09727603197097778,,0.3984069228172302,,3.279905319213867,,,,,,,,,,,,,
19,,,,68979,,,,,,,,,,,,0.46207091212272644,0.0791526734828949,,0.4560370445251465,,3.330700397491455,,,,,,,,,,,,,
19,,,,68999,,,,,,,,,,,,0.46207091212272644,0.09385687112808228,,0.5804437398910522,,4.454104423522949,,,,,,,,,,,,,
19,,,,69019,,,,,,,,,,,,0.46207091212272644,0.09956257045269012,,0.5546523332595825,,4.468627452850342,,,,,,,,,,,,,
19,,,,69039,,,,,,,,,,,,0.46207091212272644,0.04329982399940491,,0.7178715467453003,,3.3217713832855225,,,,,,,,,,,,,
19,,,,69059,,,,,,,,,,,,0.46207091212272644,0.10165822505950928,,0.5194240212440491,,4.427519798278809,,,,,,,,,,,,,
19,,,,69079,,,,,,,,,,,,0.46207091212272644,0.07182428240776062,,0.4733045697212219,,3.219694137573242,,,,,,,,,,,,,
19,,,,69099,,,,,,,,,,,,0.46207091212272644,0.042024094611406326,,0.783958375453949,,3.582448959350586,,,,,,,,,,,,,
19,,,,69119,,,,,,,,,,,,0.46207091212272644,0.050734058022499084,,0.9418401718139648,,4.283881187438965,,,,,,,,,,,,,
19,,,,69139,,,,,,,,,,,,0.46207091212272644,0.10022448003292084,,0.40374937653541565,,3.219630002975464,,,,,,,,,,,,,
19,,,,69159,,,,,,,,,,,,0.46207091212272644,0.089377760887146,,0.39724695682525635,,3.2225594520568848,,,,,,,,,,,,,
19,,,,69179,,,,,,,,,,,,0.46207091212272644,0.04528995603322983,,0.8219131231307983,,3.4607038497924805,,,,,,,,,,,,,
19,,,,69199,,,,,,,,,,,,0.46207091212272644,0.10593447089195251,,0.548940896987915,,4.4411468505859375,,,,,,,,,,,,,
19,,,,69219,,,,,,,,,,,,0.46207091212272644,0.037005115300416946,,0.9361943602561951,,3.882368564605713,,,,,,,,,,,,,
19,,,,69239,,,,,,,,,,,,0.46207091212272644,0.06164436787366867,,0.7299119830131531,,4.434484004974365,,,,,,,,,,,,,
19,,,,69259,,,,,,,,,,,,0.46207091212272644,0.04727491736412048,,0.6567394733428955,,3.2357935905456543,,,,,,,,,,,,,
19,,,,69279,,,,,,,,,,,,0.46207091212272644,0.09886091947555542,,0.5326581001281738,,4.4657745361328125,,,,,,,,,,,,,
19,,,,69299,,,,,,,,,,,,0.46207091212272644,0.1012115329504013,,0.41445842385292053,,3.2233173847198486,,,,,,,,,,,,,
19,,,,69319,,,,,,,,,,,,0.46207091212272644,0.07928398251533508,,0.40022599697113037,,3.1892004013061523,,,,,,,,,,,,,
19,,,,69339,,,,,,,,,,,,0.46207091212272644,0.052975066006183624,,0.8040039539337158,,3.388258695602417,,,,,,,,,,,,,
19,,,,69359,,,,,,,,,,,,0.46207091212272644,0.06418672204017639,,0.6473886966705322,,4.447568416595459,,,,,,,,,,,,,
19,,,,69379,,,,,,,,,,,,0.46207091212272644,0.10217007994651794,,0.3983205556869507,,3.226254940032959,,,,,,,,,,,,,
19,,,,69399,,,,,,,,,,,,0.46207091212272644,0.09982673078775406,,0.5128340125083923,,4.386805534362793,,,,,,,,,,,,,
19,,,,69419,,,,,,,,,,,,0.46207091212272644,0.04338659346103668,,0.9596453905105591,,3.7895522117614746,,,,,,,,,,,,,
19,,,,69439,,,,,,,,,,,,0.46207091212272644,0.10099684447050095,,0.4033934473991394,,3.207979202270508,,,,,,,,,,,,,
19,,,,69459,,,,,,,,,,,,0.46207091212272644,0.04465632140636444,,0.9559268951416016,,4.330435752868652,,,,,,,,,,,,,
19,,,,69479,,,,,,,,,,,,0.46207091212272644,0.069456547498703,,0.7441720366477966,,4.364500045776367,,,,,,,,,,,,,
19,,,,69499,,,,,,,,,,,,0.46207091212272644,0.10169729590415955,,0.5288451313972473,,4.440442085266113,,,,,,,,,,,,,
19,,,,69519,,,,,,,,,,,,0.46207091212272644,0.04276876524090767,,0.9747703075408936,,4.142489433288574,,,,,,,,,,,,,
19,,,,69539,,,,,,,,,,,,0.46207091212272644,0.10446880012750626,,0.5709843635559082,,4.436489582061768,,,,,,,,,,,,,
19,,,,69559,,,,,,,,,,,,0.46207091212272644,0.07495694607496262,,0.5609927773475647,,3.295316696166992,,,,,,,,,,,,,
19,,,,69579,,,,,,,,,,,,0.46207091212272644,0.07420271635055542,,0.6456785798072815,,4.391345024108887,,,,,,,,,,,,,
19,,,,69599,,,,,,,,,,,,0.46207091212272644,0.04642275720834732,,0.8845430016517639,,4.175960540771484,,,,,,,,,,,,,
19,,,,69619,,,,,,,,,,,,0.46207091212272644,0.08860684186220169,,0.5204925537109375,,3.2638282775878906,,,,,,,,,,,,,
19,,,,69639,,,,,,,,,,,,0.46207091212272644,0.09811140596866608,,0.4083218276500702,,3.2734997272491455,,,,,,,,,,,,,
19,,,,69639,,,,,,,,,,,,,,,,,,0.7069745063781738,0.8588025569915771,0.7028451561927795,0.7013384103775024,0.5437323451042175,0.6998316049575806,0.6366521716117859,0.7376260757446289,0.7125823497772217,0.7775918841362,0.8047100305557251,0.5044422745704651,0.7069745063781738
19,,,,69639,,,,,,,,,0.6211005449295044,0.07903594523668289,0.462065726518631,,,0.607206404209137,,3.837305784225464,,,,,,,,,,,,,,
,0.0002713525491562421,0.0002713525491562421,2.713525491562421e-05,69640,,,,,,,,,,,,,,,,,,,,,,,,,,,,,,
20,,,,69659,,,,,,,,,,,,0.46207091212272644,0.10298345237970352,,0.6927782893180847,,4.463898658752441,,,,,,,,,,,,,
20,,,,69679,,,,,,,,,,,,0.46207091212272644,0.04477375000715256,,0.954827070236206,,4.0792999267578125,,,,,,,,,,,,,
20,,,,69699,,,,,,,,,,,,0.46207091212272644,0.10581508278846741,,0.5351529717445374,,4.563079833984375,,,,,,,,,,,,,
20,,,,69719,,,,,,,,,,,,0.46207091212272644,0.06189912557601929,,0.5675235390663147,,3.155303478240967,,,,,,,,,,,,,
20,,,,69739,,,,,,,,,,,,0.46207091212272644,0.06080005317926407,,0.7196794748306274,,3.2643721103668213,,,,,,,,,,,,,
20,,,,69759,,,,,,,,,,,,0.46207091212272644,0.08425657451152802,,0.5618481636047363,,4.361382961273193,,,,,,,,,,,,,
20,,,,69779,,,,,,,,,,,,0.46207091212272644,0.061666909605264664,,0.6154486536979675,,3.3329877853393555,,,,,,,,,,,,,
20,,,,69799,,,,,,,,,,,,0.46207091212272644,0.09014558047056198,,0.4009016454219818,,3.2457356452941895,,,,,,,,,,,,,
20,,,,69819,,,,,,,,,,,,0.46207091212272644,0.10726989805698395,,0.5247010588645935,,4.397891044616699,,,,,,,,,,,,,
20,,,,69839,,,,,,,,,,,,0.46207091212272644,0.10117702186107635,,0.5234885811805725,,4.408188343048096,,,,,,,,,,,,,
20,,,,69859,,,,,,,,,,,,0.46207091212272644,0.04522687941789627,,0.7476486563682556,,3.379256248474121,,,,,,,,,,,,,
20,,,,69879,,,,,,,,,,,,0.46207091212272644,0.09776999056339264,,0.5559352040290833,,4.464205741882324,,,,,,,,,,,,,
20,,,,69899,,,,,,,,,,,,0.46207091212272644,0.07780396938323975,,0.5466083288192749,,3.2879691123962402,,,,,,,,,,,,,
20,,,,69919,,,,,,,,,,,,0.46207091212272644,0.10230634361505508,,0.5655047297477722,,4.511941909790039,,,,,,,,,,,,,
20,,,,69939,,,,,,,,,,,,0.46207091212272644,0.09515555202960968,,0.3926554024219513,,3.2129135131835938,,,,,,,,,,,,,
20,,,,69959,,,,,,,,,,,,0.46207091212272644,0.050306931138038635,,0.672005295753479,,3.2263712882995605,,,,,,,,,,,,,
20,,,,69979,,,,,,,,,,,,0.46207091212272644,0.0964154526591301,,0.5284563899040222,,4.453678131103516,,,,,,,,,,,,,
20,,,,69999,,,,,,,,,,,,0.46207091212272644,0.0892815887928009,,0.5870824456214905,,4.535861015319824,,,,,,,,,,,,,
20,,,,70019,,,,,,,,,,,,0.46207091212272644,0.09633474051952362,,0.5649448037147522,,4.393566131591797,,,,,,,,,,,,,
20,,,,70039,,,,,,,,,,,,0.46207091212272644,0.056714996695518494,,0.7740967273712158,,4.376184463500977,,,,,,,,,,,,,
20,,,,70059,,,,,,,,,,,,0.46207091212272644,0.045383770018815994,,0.8611322641372681,,4.285910606384277,,,,,,,,,,,,,
20,,,,70079,,,,,,,,,,,,0.46207091212272644,0.04042176157236099,,1.0046135187149048,,4.1097869873046875,,,,,,,,,,,,,
20,,,,70099,,,,,,,,,,,,0.46207091212272644,0.10517643392086029,,0.5188693404197693,,4.409909248352051,,,,,,,,,,,,,
20,,,,70119,,,,,,,,,,,,0.46207091212272644,0.050460152328014374,,0.933313250541687,,4.377545356750488,,,,,,,,,,,,,
20,,,,70139,,,,,,,,,,,,0.46207091212272644,0.04913436621427536,,0.8474375009536743,,3.9367411136627197,,,,,,,,,,,,,
20,,,,70159,,,,,,,,,,,,0.46207091212272644,0.1057513877749443,,0.5511397123336792,,4.543598175048828,,,,,,,,,,,,,
20,,,,70179,,,,,,,,,,,,0.46207091212272644,0.10337167978286743,,0.4030716121196747,,3.1331520080566406,,,,,,,,,,,,,
20,,,,70199,,,,,,,,,,,,0.46207091212272644,0.04515887051820755,,0.9300810694694519,,4.219743251800537,,,,,,,,,,,,,
20,,,,70219,,,,,,,,,,,,0.46207091212272644,0.09949029237031937,,0.5238919258117676,,4.455394744873047,,,,,,,,,,,,,
20,,,,70239,,,,,,,,,,,,0.46207091212272644,0.09473587572574615,,0.40232282876968384,,3.264164924621582,,,,,,,,,,,,,
20,,,,70259,,,,,,,,,,,,0.46207091212272644,0.09985077381134033,,0.570319414138794,,4.415165424346924,,,,,,,,,,,,,
20,,,,70279,,,,,,,,,,,,0.46207091212272644,0.05911687761545181,,0.7086102366447449,,4.366979598999023,,,,,,,,,,,,,
20,,,,70299,,,,,,,,,,,,0.46207091212272644,0.04140187427401543,,0.7934219241142273,,3.458197832107544,,,,,,,,,,,,,
20,,,,70319,,,,,,,,,,,,0.46207091212272644,0.06033811718225479,,0.834352433681488,,4.366661071777344,,,,,,,,,,,,,
20,,,,70339,,,,,,,,,,,,0.46207091212272644,0.07101771980524063,,0.4595825970172882,,3.1169400215148926,,,,,,,,,,,,,
20,,,,70359,,,,,,,,,,,,0.46207091212272644,0.08057969063520432,,0.6896064281463623,,4.586643218994141,,,,,,,,,,,,,
20,,,,70379,,,,,,,,,,,,0.46207091212272644,0.11089877039194107,,0.5326144695281982,,4.492310047149658,,,,,,,,,,,,,
20,,,,70399,,,,,,,,,,,,0.46207091212272644,0.09600881487131119,,0.39474716782569885,,3.220061779022217,,,,,,,,,,,,,
20,,,,70419,,,,,,,,,,,,0.46207091212272644,0.09224492311477661,,0.5316777229309082,,4.49678897857666,,,,,,,,,,,,,
20,,,,70439,,,,,,,,,,,,0.46207091212272644,0.047622013837099075,,0.873534619808197,,3.5089950561523438,,,,,,,,,,,,,
20,,,,70459,,,,,,,,,,,,0.46207091212272644,0.04883479326963425,,0.8322079181671143,,4.16519832611084,,,,,,,,,,,,,
20,,,,70479,,,,,,,,,,,,0.46207091212272644,0.09310146421194077,,0.4079796075820923,,3.290452480316162,,,,,,,,,,,,,
20,,,,70499,,,,,,,,,,,,0.46207091212272644,0.10383842885494232,,0.41570860147476196,,3.3012731075286865,,,,,,,,,,,,,
20,,,,70519,,,,,,,,,,,,0.46207091212272644,0.04625499248504639,,0.8239021301269531,,4.110093116760254,,,,,,,,,,,,,
20,,,,70539,,,,,,,,,,,,0.46207091212272644,0.05169142037630081,,0.6434550285339355,,3.2012226581573486,,,,,,,,,,,,,
20,,,,70559,,,,,,,,,,,,0.46207091212272644,0.058706626296043396,,0.5732726454734802,,3.2009851932525635,,,,,,,,,,,,,
20,,,,70579,,,,,,,,,,,,0.46207091212272644,0.03938114643096924,,0.8215426206588745,,3.4277780055999756,,,,,,,,,,,,,
20,,,,70599,,,,,,,,,,,,0.46207091212272644,0.0765654668211937,,0.44585537910461426,,3.2805843353271484,,,,,,,,,,,,,
20,,,,70619,,,,,,,,,,,,0.46207091212272644,0.10154785215854645,,0.5092151165008545,,4.328843593597412,,,,,,,,,,,,,
20,,,,70639,,,,,,,,,,,,0.46207091212272644,0.07337149232625961,,0.7189157605171204,,4.279707431793213,,,,,,,,,,,,,
20,,,,70659,,,,,,,,,,,,0.46207091212272644,0.04898605868220329,,0.7535678744316101,,3.359198570251465,,,,,,,,,,,,,
20,,,,70679,,,,,,,,,,,,0.46207091212272644,0.1009763851761818,,0.3987671434879303,,3.2493350505828857,,,,,,,,,,,,,
20,,,,70699,,,,,,,,,,,,0.46207091212272644,0.07536394894123077,,0.6632415652275085,,4.406479835510254,,,,,,,,,,,,,
20,,,,70719,,,,,,,,,,,,0.46207091212272644,0.0997874066233635,,0.5141439437866211,,4.375861644744873,,,,,,,,,,,,,
20,,,,70739,,,,,,,,,,,,0.46207091212272644,0.10763727128505707,,0.5386377573013306,,4.350849151611328,,,,,,,,,,,,,
20,,,,70759,,,,,,,,,,,,0.46207091212272644,0.07610782980918884,,0.5409707427024841,,4.390496730804443,,,,,,,,,,,,,
20,,,,70779,,,,,,,,,,,,0.46207091212272644,0.10161325335502625,,0.39982959628105164,,3.2331278324127197,,,,,,,,,,,,,
20,,,,70799,,,,,,,,,,,,0.46207091212272644,0.10173578560352325,,0.5771772265434265,,4.4859232902526855,,,,,,,,,,,,,
20,,,,70819,,,,,,,,,,,,0.46207091212272644,0.09027163684368134,,0.5952571630477905,,4.4775238037109375,,,,,,,,,,,,,
20,,,,70839,,,,,,,,,,,,0.46207091212272644,0.10369350016117096,,0.40120506286621094,,3.249176025390625,,,,,,,,,,,,,
20,,,,70859,,,,,,,,,,,,0.46207091212272644,0.04660939425230026,,0.7396920919418335,,3.3617992401123047,,,,,,,,,,,,,
20,,,,70879,,,,,,,,,,,,0.46207091212272644,0.09588626027107239,,0.40920108556747437,,3.219512939453125,,,,,,,,,,,,,
20,,,,70899,,,,,,,,,,,,0.46207091212272644,0.057799048721790314,,0.643016517162323,,3.2146215438842773,,,,,,,,,,,,,
20,,,,70919,,,,,,,,,,,,0.46207091212272644,0.08152773231267929,,0.5754239559173584,,4.41163444519043,,,,,,,,,,,,,
20,,,,70939,,,,,,,,,,,,0.46207091212272644,0.10078811645507812,,0.5270144939422607,,4.524782180786133,,,,,,,,,,,,,
20,,,,70959,,,,,,,,,,,,0.46207091212272644,0.08625372499227524,,0.4745655357837677,,3.1689059734344482,,,,,,,,,,,,,
20,,,,70979,,,,,,,,,,,,0.46207091212272644,0.09924939274787903,,0.5282044410705566,,4.483640670776367,,,,,,,,,,,,,
20,,,,70999,,,,,,,,,,,,0.46207091212272644,0.0932510644197464,,0.5331401824951172,,3.2161121368408203,,,,,,,,,,,,,
20,,,,71019,,,,,,,,,,,,0.46207091212272644,0.0542488694190979,,0.6042966842651367,,4.402083396911621,,,,,,,,,,,,,
20,,,,71039,,,,,,,,,,,,0.46207091212272644,0.1036846935749054,,0.4650079607963562,,3.2654731273651123,,,,,,,,,,,,,
20,,,,71059,,,,,,,,,,,,0.46207091212272644,0.06886644661426544,,0.4951070547103882,,3.168134927749634,,,,,,,,,,,,,
20,,,,71079,,,,,,,,,,,,0.46207091212272644,0.10092449188232422,,0.38896793127059937,,3.124521255493164,,,,,,,,,,,,,
20,,,,71099,,,,,,,,,,,,0.46207091212272644,0.0814867615699768,,0.6333036422729492,,4.623333930969238,,,,,,,,,,,,,
20,,,,71119,,,,,,,,,,,,0.46207091212272644,0.10182126611471176,,0.40177640318870544,,3.090116024017334,,,,,,,,,,,,,
20,,,,71139,,,,,,,,,,,,0.46207091212272644,0.043780792504549026,,0.8446769714355469,,3.741837501525879,,,,,,,,,,,,,
20,,,,71159,,,,,,,,,,,,0.46207091212272644,0.10947772860527039,,0.5264663696289062,,4.453719139099121,,,,,,,,,,,,,
20,,,,71179,,,,,,,,,,,,0.46207091212272644,0.059710703790187836,,0.5845473408699036,,3.2488808631896973,,,,,,,,,,,,,
20,,,,71199,,,,,,,,,,,,0.46207091212272644,0.04315970093011856,,0.892750084400177,,3.7129669189453125,,,,,,,,,,,,,
20,,,,71219,,,,,,,,,,,,0.46207091212272644,0.0913022831082344,,0.5796393156051636,,4.551217555999756,,,,,,,,,,,,,
20,,,,71239,,,,,,,,,,,,0.46207091212272644,0.04218076914548874,,0.800011157989502,,3.3597514629364014,,,,,,,,,,,,,
20,,,,71259,,,,,,,,,,,,0.46207091212272644,0.059101179242134094,,0.7814421653747559,,4.474313735961914,,,,,,,,,,,,,
20,,,,71279,,,,,,,,,,,,0.46207091212272644,0.07620321214199066,,0.587823212146759,,3.1787033081054688,,,,,,,,,,,,,
20,,,,71299,,,,,,,,,,,,0.46207091212272644,0.05485866963863373,,0.5362284779548645,,3.1459102630615234,,,,,,,,,,,,,
20,,,,71319,,,,,,,,,,,,0.46207091212272644,0.09246059507131577,,0.5574398636817932,,4.639853477478027,,,,,,,,,,,,,
20,,,,71339,,,,,,,,,,,,0.46207091212272644,0.040341950953006744,,0.787381112575531,,3.282449960708618,,,,,,,,,,,,,
20,,,,71359,,,,,,,,,,,,0.46207091212272644,0.09234392642974854,,0.5513927936553955,,4.382538318634033,,,,,,,,,,,,,
20,,,,71379,,,,,,,,,,,,0.46207091212272644,0.0515245646238327,,0.9325801134109497,,4.103349208831787,,,,,,,,,,,,,
20,,,,71399,,,,,,,,,,,,0.46207091212272644,0.09504065662622452,,0.40641430020332336,,3.2994940280914307,,,,,,,,,,,,,
20,,,,71419,,,,,,,,,,,,0.46207091212272644,0.08012498170137405,,0.48407405614852905,,3.3063266277313232,,,,,,,,,,,,,
20,,,,71439,,,,,,,,,,,,0.46207091212272644,0.06382489204406738,,0.6351847052574158,,3.3345870971679688,,,,,,,,,,,,,
20,,,,71459,,,,,,,,,,,,0.46207091212272644,0.09909670054912567,,0.5166333317756653,,4.338284015655518,,,,,,,,,,,,,
20,,,,71479,,,,,,,,,,,,0.46207091212272644,0.10781621932983398,,0.5078176259994507,,4.312684535980225,,,,,,,,,,,,,
20,,,,71499,,,,,,,,,,,,0.46207091212272644,0.09004651755094528,,0.597218930721283,,4.332202911376953,,,,,,,,,,,,,
20,,,,71519,,,,,,,,,,,,0.46207091212272644,0.10071401298046112,,0.4416256248950958,,3.296506643295288,,,,,,,,,,,,,
20,,,,71539,,,,,,,,,,,,0.46207091212272644,0.0930129736661911,,0.3981984853744507,,3.2349677085876465,,,,,,,,,,,,,
20,,,,71559,,,,,,,,,,,,0.46207091212272644,0.11323946714401245,,0.5309923887252808,,4.455448150634766,,,,,,,,,,,,,
20,,,,71579,,,,,,,,,,,,0.46207091212272644,0.10436832904815674,,0.4033832550048828,,3.2363228797912598,,,,,,,,,,,,,
20,,,,71599,,,,,,,,,,,,0.46207091212272644,0.10245288163423538,,0.4043418765068054,,3.2559473514556885,,,,,,,,,,,,,
20,,,,71619,,,,,,,,,,,,0.46207091212272644,0.10794907063245773,,0.5277022123336792,,4.438912391662598,,,,,,,,,,,,,
20,,,,71639,,,,,,,,,,,,0.46207091212272644,0.11081865429878235,,0.40231189131736755,,3.250121593475342,,,,,,,,,,,,,
20,,,,71659,,,,,,,,,,,,0.46207091212272644,0.1027810126543045,,0.5223907232284546,,4.425600051879883,,,,,,,,,,,,,
20,,,,71679,,,,,,,,,,,,0.46207091212272644,0.11305207759141922,,0.5299801230430603,,4.434067249298096,,,,,,,,,,,,,
20,,,,71699,,,,,,,,,,,,0.46207091212272644,0.05176679417490959,,0.8873111009597778,,3.4571239948272705,,,,,,,,,,,,,
20,,,,71719,,,,,,,,,,,,0.46207091212272644,0.10257588326931,,0.411960244178772,,3.265573024749756,,,,,,,,,,,,,
20,,,,71739,,,,,,,,,,,,0.46207091212272644,0.09305810183286667,,0.5866006016731262,,4.44732666015625,,,,,,,,,,,,,
20,,,,71759,,,,,,,,,,,,0.46207091212272644,0.11933113634586334,,0.5459686517715454,,4.3887224197387695,,,,,,,,,,,,,
20,,,,71779,,,,,,,,,,,,0.46207091212272644,0.08435909450054169,,0.4340766668319702,,3.254279375076294,,,,,,,,,,,,,
20,,,,71799,,,,,,,,,,,,0.46207091212272644,0.08977480232715607,,0.40028634667396545,,3.1834306716918945,,,,,,,,,,,,,
20,,,,71819,,,,,,,,,,,,0.46207091212272644,0.038666583597660065,,0.9260430335998535,,3.9994099140167236,,,,,,,,,,,,,
20,,,,71839,,,,,,,,,,,,0.46207091212272644,0.038740601390600204,,0.8862380385398865,,3.9520316123962402,,,,,,,,,,,,,
20,,,,71859,,,,,,,,,,,,0.46207091212272644,0.09585295617580414,,0.40719661116600037,,3.296665668487549,,,,,,,,,,,,,
20,,,,71879,,,,,,,,,,,,0.46207091212272644,0.07728347182273865,,0.6452115178108215,,4.413575172424316,,,,,,,,,,,,,
20,,,,71899,,,,,,,,,,,,0.46207091212272644,0.053366392850875854,,0.8487939834594727,,4.404884338378906,,,,,,,,,,,,,
20,,,,71919,,,,,,,,,,,,0.46207091212272644,0.09795493632555008,,0.5348921418190002,,4.366768836975098,,,,,,,,,,,,,
20,,,,71939,,,,,,,,,,,,0.46207091212272644,0.042055729776620865,,0.8127803206443787,,3.4615120887756348,,,,,,,,,,,,,
20,,,,71959,,,,,,,,,,,,0.46207091212272644,0.04925330728292465,,0.832310140132904,,4.252242088317871,,,,,,,,,,,,,
20,,,,71979,,,,,,,,,,,,0.46207091212272644,0.04166795313358307,,0.9338014721870422,,4.2507734298706055,,,,,,,,,,,,,
20,,,,71999,,,,,,,,,,,,0.46207091212272644,0.10246738791465759,,0.515325665473938,,4.3495635986328125,,,,,,,,,,,,,
20,,,,72019,,,,,,,,,,,,0.46207091212272644,0.09010237455368042,,0.40523961186408997,,3.2715516090393066,,,,,,,,,,,,,
20,,,,72039,,,,,,,,,,,,0.46207091212272644,0.07701554894447327,,0.6646538972854614,,3.274723768234253,,,,,,,,,,,,,
20,,,,72059,,,,,,,,,,,,0.46207091212272644,0.09617100656032562,,0.530698835849762,,4.408806324005127,,,,,,,,,,,,,
20,,,,72079,,,,,,,,,,,,0.46207091212272644,0.10423115640878677,,0.4028488099575043,,3.2680063247680664,,,,,,,,,,,,,
20,,,,72099,,,,,,,,,,,,0.46207091212272644,0.10799543559551239,,0.521919846534729,,4.400860786437988,,,,,,,,,,,,,
20,,,,72119,,,,,,,,,,,,0.46207091212272644,0.08184951543807983,,0.5127689242362976,,3.2706844806671143,,,,,,,,,,,,,
20,,,,72139,,,,,,,,,,,,0.46207091212272644,0.10895005613565445,,0.3924606144428253,,3.1472461223602295,,,,,,,,,,,,,
20,,,,72159,,,,,,,,,,,,0.46207091212272644,0.08896669745445251,,0.5886871218681335,,4.592108726501465,,,,,,,,,,,,,
20,,,,72179,,,,,,,,,,,,0.46207091212272644,0.10807996243238449,,0.5315344929695129,,4.5208845138549805,,,,,,,,,,,,,
20,,,,72199,,,,,,,,,,,,0.46207091212272644,0.04167588800191879,,0.8432295322418213,,3.5054285526275635,,,,,,,,,,,,,
20,,,,72219,,,,,,,,,,,,0.46207091212272644,0.04979340732097626,,0.7806517481803894,,4.498842239379883,,,,,,,,,,,,,
20,,,,72239,,,,,,,,,,,,0.46207091212272644,0.06275925040245056,,0.5373630523681641,,3.2469520568847656,,,,,,,,,,,,,
20,,,,72259,,,,,,,,,,,,0.46207091212272644,0.05000905320048332,,0.9355631470680237,,4.139631271362305,,,,,,,,,,,,,
20,,,,72279,,,,,,,,,,,,0.46207091212272644,0.07728944718837738,,0.6405977010726929,,4.527083396911621,,,,,,,,,,,,,
20,,,,72299,,,,,,,,,,,,0.46207091212272644,0.08319810032844543,,0.6801669597625732,,4.521470546722412,,,,,,,,,,,,,
20,,,,72319,,,,,,,,,,,,0.46207091212272644,0.10267473757266998,,0.6505882143974304,,4.476664066314697,,,,,,,,,,,,,
20,,,,72339,,,,,,,,,,,,0.46207091212272644,0.043509889394044876,,0.8782404661178589,,3.5990233421325684,,,,,,,,,,,,,
20,,,,72359,,,,,,,,,,,,0.46207091212272644,0.09238418936729431,,0.5619954466819763,,4.434333801269531,,,,,,,,,,,,,
20,,,,72379,,,,,,,,,,,,0.46207091212272644,0.08315873146057129,,0.4026409685611725,,3.222791910171509,,,,,,,,,,,,,
20,,,,72399,,,,,,,,,,,,0.46207091212272644,0.05020556598901749,,0.779546320438385,,4.445258617401123,,,,,,,,,,,,,
20,,,,72419,,,,,,,,,,,,0.46207091212272644,0.050032272934913635,,0.6754987239837646,,3.280447244644165,,,,,,,,,,,,,
20,,,,72439,,,,,,,,,,,,0.46207091212272644,0.10945846140384674,,0.40664157271385193,,3.2643465995788574,,,,,,,,,,,,,
20,,,,72459,,,,,,,,,,,,0.46207091212272644,0.055830392986536026,,0.8001201152801514,,4.413873195648193,,,,,,,,,,,,,
20,,,,72479,,,,,,,,,,,,0.46207091212272644,0.10034731030464172,,0.5114497542381287,,4.348434925079346,,,,,,,,,,,,,
20,,,,72499,,,,,,,,,,,,0.46207091212272644,0.04747661575675011,,0.8889790177345276,,4.056066989898682,,,,,,,,,,,,,
20,,,,72519,,,,,,,,,,,,0.46207091212272644,0.046146027743816376,,0.8846418857574463,,4.026861190795898,,,,,,,,,,,,,
20,,,,72539,,,,,,,,,,,,0.46207091212272644,0.10133890807628632,,0.44674092531204224,,3.3530831336975098,,,,,,,,,,,,,
20,,,,72559,,,,,,,,,,,,0.46207091212272644,0.1077096164226532,,0.5302683711051941,,4.49013090133667,,,,,,,,,,,,,
20,,,,72579,,,,,,,,,,,,0.46207091212272644,0.10938692837953568,,0.40141990780830383,,3.19354510307312,,,,,,,,,,,,,
20,,,,72599,,,,,,,,,,,,0.46207091212272644,0.0906142070889473,,0.39885079860687256,,3.226658821105957,,,,,,,,,,,,,
20,,,,72619,,,,,,,,,,,,0.46207091212272644,0.058847084641456604,,0.6819059252738953,,3.277017593383789,,,,,,,,,,,,,
20,,,,72639,,,,,,,,,,,,0.46207091212272644,0.05296017974615097,,0.747324526309967,,3.627509832382202,,,,,,,,,,,,,
20,,,,72659,,,,,,,,,,,,0.46207091212272644,0.050872012972831726,,0.7487881779670715,,3.6829781532287598,,,,,,,,,,,,,
20,,,,72679,,,,,,,,,,,,0.46207091212272644,0.04610207676887512,,0.8573958277702332,,3.3810782432556152,,,,,,,,,,,,,
20,,,,72699,,,,,,,,,,,,0.46207091212272644,0.045351020991802216,,0.7622947096824646,,3.3123512268066406,,,,,,,,,,,,,
20,,,,72719,,,,,,,,,,,,0.46207091212272644,0.048950910568237305,,0.8665629625320435,,3.946070671081543,,,,,,,,,,,,,
20,,,,72739,,,,,,,,,,,,0.46207091212272644,0.1069134771823883,,0.5135321617126465,,4.353350639343262,,,,,,,,,,,,,
20,,,,72759,,,,,,,,,,,,0.46207091212272644,0.04176896810531616,,0.9189661741256714,,4.239924907684326,,,,,,,,,,,,,
20,,,,72779,,,,,,,,,,,,0.46207091212272644,0.04942119121551514,,0.8956932425498962,,4.287312030792236,,,,,,,,,,,,,
20,,,,72799,,,,,,,,,,,,0.46207091212272644,0.047566965222358704,,0.7945289611816406,,3.593083620071411,,,,,,,,,,,,,
20,,,,72819,,,,,,,,,,,,0.46207091212272644,0.10103536397218704,,0.40115875005722046,,3.244218349456787,,,,,,,,,,,,,
20,,,,72839,,,,,,,,,,,,0.46207091212272644,0.1059679239988327,,0.5269985198974609,,4.4157915115356445,,,,,,,,,,,,,
20,,,,72859,,,,,,,,,,,,0.46207091212272644,0.04024513065814972,,0.8310494422912598,,3.430192470550537,,,,,,,,,,,,,
20,,,,72879,,,,,,,,,,,,0.46207091212272644,0.04541674256324768,,0.8429481983184814,,3.934316635131836,,,,,,,,,,,,,
20,,,,72899,,,,,,,,,,,,0.46207091212272644,0.07184422016143799,,0.6746565103530884,,4.597219944000244,,,,,,,,,,,,,
20,,,,72919,,,,,,,,,,,,0.46207091212272644,0.04805035889148712,,0.9172864556312561,,3.788349151611328,,,,,,,,,,,,,
20,,,,72939,,,,,,,,,,,,0.46207091212272644,0.08801759779453278,,0.40193256735801697,,3.1626923084259033,,,,,,,,,,,,,
20,,,,72959,,,,,,,,,,,,0.46207091212272644,0.11117804050445557,,0.5243129134178162,,4.472358226776123,,,,,,,,,,,,,
20,,,,72979,,,,,,,,,,,,0.46207091212272644,0.09166841208934784,,0.39581429958343506,,3.252450466156006,,,,,,,,,,,,,
20,,,,72999,,,,,,,,,,,,0.46207091212272644,0.04060984402894974,,0.931592583656311,,4.010564804077148,,,,,,,,,,,,,
20,,,,73019,,,,,,,,,,,,0.46207091212272644,0.09193666279315948,,0.5971984267234802,,3.3104286193847656,,,,,,,,,,,,,
20,,,,73039,,,,,,,,,,,,0.46207091212272644,0.10333412885665894,,0.4128783643245697,,3.281890630722046,,,,,,,,,,,,,
20,,,,73059,,,,,,,,,,,,0.46207091212272644,0.10236433148384094,,0.3979490399360657,,3.214204788208008,,,,,,,,,,,,,
20,,,,73079,,,,,,,,,,,,0.46207091212272644,0.09438040852546692,,0.6394975185394287,,4.363766670227051,,,,,,,,,,,,,
20,,,,73099,,,,,,,,,,,,0.46207091212272644,0.09891487658023834,,0.39606285095214844,,3.2105281352996826,,,,,,,,,,,,,
20,,,,73119,,,,,,,,,,,,0.46207091212272644,0.049254994839429855,,0.8125994205474854,,4.261092185974121,,,,,,,,,,,,,
20,,,,73121,,,,,,,,,,,,,,,,,,0.7009254693984985,0.8616279363632202,0.6844365000724792,0.6828564405441284,0.5312768220901489,0.6812764406204224,0.6100341081619263,0.7131738662719727,0.6926155090332031,0.805125892162323,0.8042734265327454,0.4230911135673523,0.7009254693984985
20,,,,73121,,,,,,,,,0.61029052734375,0.07970098406076431,0.462065726518631,,,0.6059038639068604,,3.8552303314208984,,,,,,,,,,,,,,
,0.00026755401859887595,0.00026755401859887595,2.6755401859887595e-05,73122,,,,,,,,,,,,,,,,,,,,,,,,,,,,,,
21,,,,73139,,,,,,,,,,,,0.46207091212272644,0.10889396071434021,,0.5288742780685425,,4.4194769859313965,,,,,,,,,,,,,
21,,,,73159,,,,,,,,,,,,0.46207091212272644,0.09190653264522552,,0.42278048396110535,,3.286144256591797,,,,,,,,,,,,,
21,,,,73179,,,,,,,,,,,,0.46207091212272644,0.10158227384090424,,0.5945143103599548,,4.436287879943848,,,,,,,,,,,,,
21,,,,73199,,,,,,,,,,,,0.46207091212272644,0.08884017169475555,,0.47374632954597473,,3.29757022857666,,,,,,,,,,,,,
21,,,,73219,,,,,,,,,,,,0.46207091212272644,0.10788299143314362,,0.538582980632782,,4.407651424407959,,,,,,,,,,,,,
21,,,,73239,,,,,,,,,,,,0.46207091212272644,0.0940614864230156,,0.42180052399635315,,3.342482566833496,,,,,,,,,,,,,
21,,,,73259,,,,,,,,,,,,0.46207091212272644,0.041537798941135406,,0.8782355785369873,,3.7126526832580566,,,,,,,,,,,,,
21,,,,73279,,,,,,,,,,,,0.46207091212272644,0.06265126913785934,,0.5383811593055725,,3.1889288425445557,,,,,,,,,,,,,
21,,,,73299,,,,,,,,,,,,0.46207091212272644,0.046576209366321564,,0.9614571928977966,,4.372491836547852,,,,,,,,,,,,,
21,,,,73319,,,,,,,,,,,,0.46207091212272644,0.057081062346696854,,0.719419538974762,,4.438097953796387,,,,,,,,,,,,,
21,,,,73339,,,,,,,,,,,,0.46207091212272644,0.09793524444103241,,0.3995301425457001,,3.266643524169922,,,,,,,,,,,,,
21,,,,73359,,,,,,,,,,,,0.46207091212272644,0.043695542961359024,,0.9343176484107971,,3.7002487182617188,,,,,,,,,,,,,
21,,,,73379,,,,,,,,,,,,0.46207091212272644,0.049456074833869934,,0.8386982679367065,,3.6422464847564697,,,,,,,,,,,,,
21,,,,73399,,,,,,,,,,,,0.46207091212272644,0.09958692640066147,,0.5391520261764526,,4.495936870574951,,,,,,,,,,,,,
21,,,,73419,,,,,,,,,,,,0.46207091212272644,0.05286913365125656,,0.8353613615036011,,4.17898416519165,,,,,,,,,,,,,
21,,,,73439,,,,,,,,,,,,0.46207091212272644,0.095186248421669,,0.4010533392429352,,3.253206253051758,,,,,,,,,,,,,
21,,,,73459,,,,,,,,,,,,0.46207091212272644,0.09925442934036255,,0.39858734607696533,,3.287170171737671,,,,,,,,,,,,,
21,,,,73479,,,,,,,,,,,,0.46207091212272644,0.06023802608251572,,0.511688768863678,,3.312001943588257,,,,,,,,,,,,,
21,,,,73499,,,,,,,,,,,,0.46207091212272644,0.05139588564634323,,0.7036236524581909,,3.30003023147583,,,,,,,,,,,,,
21,,,,73519,,,,,,,,,,,,0.46207091212272644,0.04076410457491875,,0.98420250415802,,3.808011531829834,,,,,,,,,,,,,
21,,,,73539,,,,,,,,,,,,0.46207091212272644,0.0820220410823822,,0.7908128499984741,,4.542038917541504,,,,,,,,,,,,,
21,,,,73559,,,,,,,,,,,,0.46207091212272644,0.0985269546508789,,0.3904646039009094,,3.150574207305908,,,,,,,,,,,,,
21,,,,73579,,,,,,,,,,,,0.46207091212272644,0.10267724096775055,,0.39425256848335266,,3.186997890472412,,,,,,,,,,,,,
21,,,,73599,,,,,,,,,,,,0.46207091212272644,0.10971260070800781,,0.39975282549858093,,3.208739757537842,,,,,,,,,,,,,
21,,,,73619,,,,,,,,,,,,0.46207091212272644,0.09162554889917374,,0.4272010624408722,,3.3088884353637695,,,,,,,,,,,,,
21,,,,73639,,,,,,,,,,,,0.46207091212272644,0.07421013712882996,,0.7681854963302612,,4.457261562347412,,,,,,,,,,,,,
21,,,,73659,,,,,,,,,,,,0.46207091212272644,0.09570728242397308,,0.3985952138900757,,3.228309392929077,,,,,,,,,,,,,
21,,,,73679,,,,,,,,,,,,0.46207091212272644,0.08953675627708435,,0.5031757354736328,,3.2236413955688477,,,,,,,,,,,,,
21,,,,73699,,,,,,,,,,,,0.46207091212272644,0.046657562255859375,,0.7864282131195068,,4.344799995422363,,,,,,,,,,,,,
21,,,,73719,,,,,,,,,,,,0.46207091212272644,0.09816785156726837,,0.40364211797714233,,3.3024191856384277,,,,,,,,,,,,,
21,,,,73739,,,,,,,,,,,,0.46207091212272644,0.04679495468735695,,0.749936044216156,,3.3858237266540527,,,,,,,,,,,,,
21,,,,73759,,,,,,,,,,,,0.46207091212272644,0.10140682756900787,,0.4034269452095032,,3.2749807834625244,,,,,,,,,,,,,
21,,,,73779,,,,,,,,,,,,0.46207091212272644,0.11138365417718887,,0.5205644965171814,,4.410947799682617,,,,,,,,,,,,,
21,,,,73799,,,,,,,,,,,,0.46207091212272644,0.10098806023597717,,0.43313831090927124,,3.2535805702209473,,,,,,,,,,,,,
21,,,,73819,,,,,,,,,,,,0.46207091212272644,0.09752804785966873,,0.39938080310821533,,3.249511480331421,,,,,,,,,,,,,
21,,,,73839,,,,,,,,,,,,0.46207091212272644,0.10142725706100464,,0.5262252688407898,,4.4620747566223145,,,,,,,,,,,,,
21,,,,73859,,,,,,,,,,,,0.46207091212272644,0.09931474179029465,,0.47670456767082214,,3.2844362258911133,,,,,,,,,,,,,
21,,,,73879,,,,,,,,,,,,0.46207091212272644,0.09575658291578293,,0.5825411081314087,,4.302477836608887,,,,,,,,,,,,,
21,,,,73899,,,,,,,,,,,,0.46207091212272644,0.0669107437133789,,0.6725005507469177,,4.303755760192871,,,,,,,,,,,,,
21,,,,73919,,,,,,,,,,,,0.46207091212272644,0.09244126081466675,,0.4176466166973114,,3.417093276977539,,,,,,,,,,,,,
21,,,,73939,,,,,,,,,,,,0.46207091212272644,0.037697724997997284,,0.9884527325630188,,3.7918989658355713,,,,,,,,,,,,,
21,,,,73959,,,,,,,,,,,,0.46207091212272644,0.09698951244354248,,0.4472883343696594,,3.4850971698760986,,,,,,,,,,,,,
21,,,,73979,,,,,,,,,,,,0.46207091212272644,0.07135553658008575,,0.5361343026161194,,4.293095588684082,,,,,,,,,,,,,
21,,,,73999,,,,,,,,,,,,0.46207091212272644,0.08926334232091904,,0.5374553203582764,,4.375996112823486,,,,,,,,,,,,,
21,,,,74019,,,,,,,,,,,,0.46207091212272644,0.04797351732850075,,0.8597552180290222,,4.228477478027344,,,,,,,,,,,,,
21,,,,74039,,,,,,,,,,,,0.46207091212272644,0.05495951324701309,,0.6869892477989197,,3.2374491691589355,,,,,,,,,,,,,
21,,,,74059,,,,,,,,,,,,0.46207091212272644,0.08986077457666397,,0.6004930734634399,,4.41643762588501,,,,,,,,,,,,,
21,,,,74079,,,,,,,,,,,,0.46207091212272644,0.0959000363945961,,0.3935590982437134,,3.1786861419677734,,,,,,,,,,,,,
21,,,,74099,,,,,,,,,,,,0.46207091212272644,0.043320804834365845,,1.093360185623169,,4.119449615478516,,,,,,,,,,,,,
21,,,,74119,,,,,,,,,,,,0.46207091212272644,0.09915100038051605,,0.409990519285202,,3.185441017150879,,,,,,,,,,,,,
21,,,,74139,,,,,,,,,,,,0.46207091212272644,0.085945263504982,,0.4711361825466156,,3.1940221786499023,,,,,,,,,,,,,
21,,,,74159,,,,,,,,,,,,0.46207091212272644,0.09720491617918015,,0.3886711895465851,,3.1470947265625,,,,,,,,,,,,,
21,,,,74179,,,,,,,,,,,,0.46207091212272644,0.09400654584169388,,0.5384924411773682,,4.623590469360352,,,,,,,,,,,,,
21,,,,74199,,,,,,,,,,,,0.46207091212272644,0.10534948110580444,,0.3813479542732239,,3.050807476043701,,,,,,,,,,,,,
21,,,,74219,,,,,,,,,,,,0.46207091212272644,0.049096617847681046,,0.8521280288696289,,4.098695755004883,,,,,,,,,,,,,
21,,,,74239,,,,,,,,,,,,0.46207091212272644,0.04528644308447838,,1.0079212188720703,,4.337922096252441,,,,,,,,,,,,,
21,,,,74259,,,,,,,,,,,,0.46207091212272644,0.046562112867832184,,0.9122412204742432,,3.9331765174865723,,,,,,,,,,,,,
21,,,,74279,,,,,,,,,,,,0.46207091212272644,0.10411552339792252,,0.5205467343330383,,4.368268966674805,,,,,,,,,,,,,
21,,,,74299,,,,,,,,,,,,0.46207091212272644,0.0877530574798584,,0.5843673944473267,,4.340629577636719,,,,,,,,,,,,,
21,,,,74319,,,,,,,,,,,,0.46207091212272644,0.07798026502132416,,0.4123134911060333,,3.2756175994873047,,,,,,,,,,,,,
21,,,,74339,,,,,,,,,,,,0.46207091212272644,0.09452411532402039,,0.567070722579956,,4.422908306121826,,,,,,,,,,,,,
21,,,,74359,,,,,,,,,,,,0.46207091212272644,0.10357784479856491,,0.5527715086936951,,4.515143394470215,,,,,,,,,,,,,
21,,,,74379,,,,,,,,,,,,0.46207091212272644,0.054832544177770615,,0.8127236366271973,,4.376917839050293,,,,,,,,,,,,,
21,,,,74399,,,,,,,,,,,,0.46207091212272644,0.10015791654586792,,0.5143000483512878,,4.372793674468994,,,,,,,,,,,,,
21,,,,74419,,,,,,,,,,,,0.46207091212272644,0.07878255844116211,,0.4149676561355591,,3.2050890922546387,,,,,,,,,,,,,
21,,,,74439,,,,,,,,,,,,0.46207091212272644,0.10267876088619232,,0.39002835750579834,,3.1150667667388916,,,,,,,,,,,,,
21,,,,74459,,,,,,,,,,,,0.46207091212272644,0.052798546850681305,,0.6291097402572632,,3.1028366088867188,,,,,,,,,,,,,
21,,,,74479,,,,,,,,,,,,0.46207091212272644,0.056700170040130615,,0.7993787527084351,,4.467944145202637,,,,,,,,,,,,,
21,,,,74499,,,,,,,,,,,,0.46207091212272644,0.09905488789081573,,0.3891802132129669,,3.159202814102173,,,,,,,,,,,,,
21,,,,74519,,,,,,,,,,,,0.46207091212272644,0.0463334321975708,,0.7291879057884216,,3.284017562866211,,,,,,,,,,,,,
21,,,,74539,,,,,,,,,,,,0.46207091212272644,0.04077063500881195,,0.9265949726104736,,3.804460048675537,,,,,,,,,,,,,
21,,,,74559,,,,,,,,,,,,0.46207091212272644,0.10440687835216522,,0.41034775972366333,,3.219223737716675,,,,,,,,,,,,,
21,,,,74579,,,,,,,,,,,,0.46207091212272644,0.08728478848934174,,0.6626227498054504,,3.2324304580688477,,,,,,,,,,,,,
21,,,,74599,,,,,,,,,,,,0.46207091212272644,0.0654207095503807,,0.4963741600513458,,3.1490421295166016,,,,,,,,,,,,,
21,,,,74619,,,,,,,,,,,,0.46207091212272644,0.043547455221414566,,0.975040853023529,,4.349875450134277,,,,,,,,,,,,,
21,,,,74639,,,,,,,,,,,,0.46207091212272644,0.1082780659198761,,0.39382773637771606,,3.1553702354431152,,,,,,,,,,,,,
21,,,,74659,,,,,,,,,,,,0.46207091212272644,0.0464150533080101,,0.954540491104126,,4.353900909423828,,,,,,,,,,,,,
21,,,,74679,,,,,,,,,,,,0.46207091212272644,0.04550740867853165,,0.9310960173606873,,3.6619338989257812,,,,,,,,,,,,,
21,,,,74699,,,,,,,,,,,,0.46207091212272644,0.0776325911283493,,0.5371221303939819,,3.1614327430725098,,,,,,,,,,,,,
21,,,,74719,,,,,,,,,,,,0.46207091212272644,0.09834539890289307,,0.5163736343383789,,4.436896800994873,,,,,,,,,,,,,
21,,,,74739,,,,,,,,,,,,0.46207091212272644,0.0430271252989769,,0.6838234663009644,,3.382495403289795,,,,,,,,,,,,,
21,,,,74759,,,,,,,,,,,,0.46207091212272644,0.10698394477367401,,0.5381503105163574,,4.387624740600586,,,,,,,,,,,,,
21,,,,74779,,,,,,,,,,,,0.46207091212272644,0.0887189507484436,,0.46652868390083313,,3.2561397552490234,,,,,,,,,,,,,
21,,,,74799,,,,,,,,,,,,0.46207091212272644,0.04883855953812599,,0.7998067736625671,,3.443659543991089,,,,,,,,,,,,,
21,,,,74819,,,,,,,,,,,,0.46207091212272644,0.04714461788535118,,0.7665228843688965,,4.512725830078125,,,,,,,,,,,,,
21,,,,74839,,,,,,,,,,,,0.46207091212272644,0.10120755434036255,,0.5156226754188538,,4.376565933227539,,,,,,,,,,,,,
21,,,,74859,,,,,,,,,,,,0.46207091212272644,0.10216126590967178,,0.4253913462162018,,3.2912704944610596,,,,,,,,,,,,,
21,,,,74879,,,,,,,,,,,,0.46207091212272644,0.04990512877702713,,0.8620649576187134,,4.154472351074219,,,,,,,,,,,,,
21,,,,74899,,,,,,,,,,,,0.46207091212272644,0.04353666305541992,,0.9541407823562622,,3.9980831146240234,,,,,,,,,,,,,
21,,,,74919,,,,,,,,,,,,0.46207091212272644,0.04405776411294937,,0.8194199204444885,,3.475592613220215,,,,,,,,,,,,,
21,,,,74939,,,,,,,,,,,,0.46207091212272644,0.05126431956887245,,0.8368382453918457,,4.473566055297852,,,,,,,,,,,,,
21,,,,74959,,,,,,,,,,,,0.46207091212272644,0.09106449782848358,,0.5504476428031921,,4.40683650970459,,,,,,,,,,,,,
21,,,,74979,,,,,,,,,,,,0.46207091212272644,0.05675888806581497,,0.7332894802093506,,4.387050628662109,,,,,,,,,,,,,
21,,,,74999,,,,,,,,,,,,0.46207091212272644,0.043989866971969604,,0.6885718703269958,,3.377351760864258,,,,,,,,,,,,,
21,,,,75019,,,,,,,,,,,,0.46207091212272644,0.08760792016983032,,0.4578952491283417,,3.2483935356140137,,,,,,,,,,,,,
21,,,,75039,,,,,,,,,,,,0.46207091212272644,0.09126479178667068,,0.5064403414726257,,3.2722606658935547,,,,,,,,,,,,,
21,,,,75059,,,,,,,,,,,,0.46207091212272644,0.058967508375644684,,0.7066841125488281,,4.423933506011963,,,,,,,,,,,,,
21,,,,75079,,,,,,,,,,,,0.46207091212272644,0.09258696436882019,,0.5189831852912903,,4.380706310272217,,,,,,,,,,,,,
21,,,,75099,,,,,,,,,,,,0.46207091212272644,0.09432882070541382,,0.445490300655365,,3.282064199447632,,,,,,,,,,,,,
21,,,,75119,,,,,,,,,,,,0.46207091212272644,0.046842992305755615,,0.9575610160827637,,3.959634780883789,,,,,,,,,,,,,
21,,,,75139,,,,,,,,,,,,0.46207091212272644,0.06777714192867279,,0.7991247177124023,,4.459932327270508,,,,,,,,,,,,,
21,,,,75159,,,,,,,,,,,,0.46207091212272644,0.10054057836532593,,0.39576688408851624,,3.2426226139068604,,,,,,,,,,,,,
21,,,,75179,,,,,,,,,,,,0.46207091212272644,0.09201213717460632,,0.5483948588371277,,4.380583763122559,,,,,,,,,,,,,
21,,,,75199,,,,,,,,,,,,0.46207091212272644,0.06481659412384033,,0.5435096621513367,,3.1402528285980225,,,,,,,,,,,,,
21,,,,75219,,,,,,,,,,,,0.46207091212272644,0.1096477210521698,,0.5376009941101074,,4.591952323913574,,,,,,,,,,,,,
21,,,,75239,,,,,,,,,,,,0.46207091212272644,0.048907265067100525,,0.8873525261878967,,4.565617084503174,,,,,,,,,,,,,
21,,,,75259,,,,,,,,,,,,0.46207091212272644,0.0462699756026268,,0.7766387462615967,,3.296283483505249,,,,,,,,,,,,,
21,,,,75279,,,,,,,,,,,,0.46207091212272644,0.09692001342773438,,0.39690354466438293,,3.165970802307129,,,,,,,,,,,,,
21,,,,75299,,,,,,,,,,,,0.46207091212272644,0.05004185438156128,,0.8906306028366089,,4.298555374145508,,,,,,,,,,,,,
21,,,,75319,,,,,,,,,,,,0.46207091212272644,0.10438573360443115,,0.3884621262550354,,3.115868091583252,,,,,,,,,,,,,
21,,,,75339,,,,,,,,,,,,0.46207091212272644,0.0969584658741951,,0.5296738743782043,,3.1423122882843018,,,,,,,,,,,,,
21,,,,75359,,,,,,,,,,,,0.46207091212272644,0.10184715688228607,,0.39752689003944397,,3.181671619415283,,,,,,,,,,,,,
21,,,,75379,,,,,,,,,,,,0.46207091212272644,0.09441253542900085,,0.4662010073661804,,3.2289843559265137,,,,,,,,,,,,,
21,,,,75399,,,,,,,,,,,,0.46207091212272644,0.0994952991604805,,0.39931702613830566,,3.2130706310272217,,,,,,,,,,,,,
21,,,,75419,,,,,,,,,,,,0.46207091212272644,0.08560514450073242,,0.6001684665679932,,3.1823766231536865,,,,,,,,,,,,,
21,,,,75439,,,,,,,,,,,,0.46207091212272644,0.046751923859119415,,0.8192952275276184,,3.5136327743530273,,,,,,,,,,,,,
21,,,,75459,,,,,,,,,,,,0.46207091212272644,0.04964698106050491,,0.7991798520088196,,3.425405502319336,,,,,,,,,,,,,
21,,,,75479,,,,,,,,,,,,0.46207091212272644,0.09956492483615875,,0.39330342411994934,,3.173823595046997,,,,,,,,,,,,,
21,,,,75499,,,,,,,,,,,,0.46207091212272644,0.04398755729198456,,0.8135403394699097,,3.3330631256103516,,,,,,,,,,,,,
21,,,,75519,,,,,,,,,,,,0.46207091212272644,0.10167735069990158,,0.39127904176712036,,3.1694650650024414,,,,,,,,,,,,,
21,,,,75539,,,,,,,,,,,,0.46207091212272644,0.10242016613483429,,0.5186481475830078,,4.363805770874023,,,,,,,,,,,,,
21,,,,75559,,,,,,,,,,,,0.46207091212272644,0.05900314450263977,,0.7449371814727783,,4.341011047363281,,,,,,,,,,,,,
21,,,,75579,,,,,,,,,,,,0.46207091212272644,0.09034822881221771,,0.5909903645515442,,4.352523326873779,,,,,,,,,,,,,
21,,,,75599,,,,,,,,,,,,0.46207091212272644,0.04767289757728577,,0.8665081262588501,,3.6617374420166016,,,,,,,,,,,,,
21,,,,75619,,,,,,,,,,,,0.46207091212272644,0.10698456317186356,,0.41005831956863403,,3.353945732116699,,,,,,,,,,,,,
21,,,,75639,,,,,,,,,,,,0.46207091212272644,0.095196932554245,,0.4067349135875702,,3.232144355773926,,,,,,,,,,,,,
21,,,,75659,,,,,,,,,,,,0.46207091212272644,0.045604411512613297,,0.9136113524436951,,4.321019172668457,,,,,,,,,,,,,
21,,,,75679,,,,,,,,,,,,0.46207091212272644,0.10180928558111191,,0.39767587184906006,,3.2145562171936035,,,,,,,,,,,,,
21,,,,75699,,,,,,,,,,,,0.46207091212272644,0.09824754297733307,,0.4052395522594452,,3.207699775695801,,,,,,,,,,,,,
21,,,,75719,,,,,,,,,,,,0.46207091212272644,0.09959585964679718,,0.5301153063774109,,4.551024913787842,,,,,,,,,,,,,
21,,,,75739,,,,,,,,,,,,0.46207091212272644,0.07789438217878342,,0.4082412123680115,,3.193981170654297,,,,,,,,,,,,,
21,,,,75759,,,,,,,,,,,,0.46207091212272644,0.042156655341386795,,0.8328332901000977,,3.5916025638580322,,,,,,,,,,,,,
21,,,,75779,,,,,,,,,,,,0.46207091212272644,0.10208741575479507,,0.42525485157966614,,3.1796910762786865,,,,,,,,,,,,,
21,,,,75799,,,,,,,,,,,,0.46207091212272644,0.07915644347667694,,0.6488776206970215,,4.555966854095459,,,,,,,,,,,,,
21,,,,75819,,,,,,,,,,,,0.46207091212272644,0.09986910969018936,,0.5238035321235657,,4.461701393127441,,,,,,,,,,,,,
21,,,,75839,,,,,,,,,,,,0.46207091212272644,0.07565939426422119,,0.510847806930542,,3.267878532409668,,,,,,,,,,,,,
21,,,,75859,,,,,,,,,,,,0.46207091212272644,0.08498018980026245,,0.5937294960021973,,3.357272148132324,,,,,,,,,,,,,
21,,,,75879,,,,,,,,,,,,0.46207091212272644,0.044119782745838165,,0.9250383377075195,,4.0324225425720215,,,,,,,,,,,,,
21,,,,75899,,,,,,,,,,,,0.46207091212272644,0.09803134202957153,,0.4256742000579834,,3.3121471405029297,,,,,,,,,,,,,
21,,,,75919,,,,,,,,,,,,0.46207091212272644,0.10980464518070221,,0.5233584046363831,,4.365750312805176,,,,,,,,,,,,,
21,,,,75939,,,,,,,,,,,,0.46207091212272644,0.09080029278993607,,0.5221747159957886,,4.424576759338379,,,,,,,,,,,,,
21,,,,75959,,,,,,,,,,,,0.46207091212272644,0.04878783971071243,,0.8639243245124817,,4.125580787658691,,,,,,,,,,,,,
21,,,,75979,,,,,,,,,,,,0.46207091212272644,0.08189822733402252,,0.9013299345970154,,4.368175029754639,,,,,,,,,,,,,
21,,,,75999,,,,,,,,,,,,0.46207091212272644,0.05260305851697922,,0.7611156105995178,,4.385296821594238,,,,,,,,,,,,,
21,,,,76019,,,,,,,,,,,,0.46207091212272644,0.07726529240608215,,0.5710745453834534,,4.301518440246582,,,,,,,,,,,,,
21,,,,76039,,,,,,,,,,,,0.46207091212272644,0.09924153983592987,,0.4833422601222992,,3.300572395324707,,,,,,,,,,,,,
21,,,,76059,,,,,,,,,,,,0.46207091212272644,0.07268457859754562,,0.5691527128219604,,3.315143585205078,,,,,,,,,,,,,
21,,,,76079,,,,,,,,,,,,0.46207091212272644,0.0585050955414772,,0.7010562419891357,,4.362005710601807,,,,,,,,,,,,,
21,,,,76099,,,,,,,,,,,,0.46207091212272644,0.046452149748802185,,0.9639083743095398,,3.9959194660186768,,,,,,,,,,,,,
21,,,,76119,,,,,,,,,,,,0.46207091212272644,0.11070258170366287,,0.5297483801841736,,4.47161865234375,,,,,,,,,,,,,
21,,,,76139,,,,,,,,,,,,0.46207091212272644,0.08310891687870026,,0.5720275640487671,,4.491323471069336,,,,,,,,,,,,,
21,,,,76159,,,,,,,,,,,,0.46207091212272644,0.08006701618432999,,0.5943228602409363,,4.469049453735352,,,,,,,,,,,,,
21,,,,76179,,,,,,,,,,,,0.46207091212272644,0.09484665095806122,,0.48606163263320923,,3.2044358253479004,,,,,,,,,,,,,
21,,,,76199,,,,,,,,,,,,0.46207091212272644,0.09445159137248993,,0.4029982388019562,,3.2007460594177246,,,,,,,,,,,,,
21,,,,76219,,,,,,,,,,,,0.46207091212272644,0.09948126971721649,,0.3935982882976532,,3.1794464588165283,,,,,,,,,,,,,
21,,,,76239,,,,,,,,,,,,0.46207091212272644,0.049630746245384216,,0.8201168179512024,,3.6721184253692627,,,,,,,,,,,,,
21,,,,76259,,,,,,,,,,,,0.46207091212272644,0.06508880853652954,,0.6701170802116394,,4.479406356811523,,,,,,,,,,,,,
21,,,,76279,,,,,,,,,,,,0.46207091212272644,0.07401448488235474,,0.6758545637130737,,4.399014949798584,,,,,,,,,,,,,
21,,,,76299,,,,,,,,,,,,0.46207091212272644,0.08035247027873993,,0.537659764289856,,3.3895411491394043,,,,,,,,,,,,,
21,,,,76319,,,,,,,,,,,,0.46207091212272644,0.0924820527434349,,0.40306591987609863,,3.2430882453918457,,,,,,,,,,,,,
21,,,,76339,,,,,,,,,,,,0.46207091212272644,0.051706720143556595,,0.7807070016860962,,4.343026161193848,,,,,,,,,,,,,
21,,,,76359,,,,,,,,,,,,0.46207091212272644,0.077769435942173,,0.6646259427070618,,4.409377098083496,,,,,,,,,,,,,
21,,,,76379,,,,,,,,,,,,0.46207091212272644,0.09520129859447479,,0.40488338470458984,,3.282679796218872,,,,,,,,,,,,,
21,,,,76399,,,,,,,,,,,,0.46207091212272644,0.10143732279539108,,0.525348961353302,,4.389235496520996,,,,,,,,,,,,,
21,,,,76419,,,,,,,,,,,,0.46207091212272644,0.05032935366034508,,0.9015296101570129,,4.324851989746094,,,,,,,,,,,,,
21,,,,76439,,,,,,,,,,,,0.46207091212272644,0.04943548142910004,,0.9090322852134705,,4.278975009918213,,,,,,,,,,,,,
21,,,,76459,,,,,,,,,,,,0.46207091212272644,0.08949078619480133,,0.5608998537063599,,4.388086318969727,,,,,,,,,,,,,
21,,,,76479,,,,,,,,,,,,0.46207091212272644,0.08560943603515625,,0.4320877194404602,,3.249657154083252,,,,,,,,,,,,,
21,,,,76499,,,,,,,,,,,,0.46207091212272644,0.05505271255970001,,0.8028475046157837,,4.4164228439331055,,,,,,,,,,,,,
21,,,,76519,,,,,,,,,,,,0.46207091212272644,0.10263901948928833,,0.40647584199905396,,3.280155658721924,,,,,,,,,,,,,
21,,,,76539,,,,,,,,,,,,0.46207091212272644,0.09877476096153259,,0.4077918827533722,,3.3220088481903076,,,,,,,,,,,,,
21,,,,76559,,,,,,,,,,,,0.46207091212272644,0.05359327793121338,,0.7167870402336121,,3.379000186920166,,,,,,,,,,,,,
21,,,,76579,,,,,,,,,,,,0.46207091212272644,0.10472704470157623,,0.40526553988456726,,3.304485321044922,,,,,,,,,,,,,
21,,,,76599,,,,,,,,,,,,0.46207091212272644,0.04383547604084015,,0.8763246536254883,,4.36977481842041,,,,,,,,,,,,,
21,,,,76603,,,,,,,,,,,,,,,,,,0.7101256847381592,0.8569031357765198,0.710760772228241,0.7115607261657715,0.5369355082511902,0.7123606204986572,0.6477442979812622,0.7461183667182922,0.6843892931938171,0.7873151898384094,0.8237936496734619,0.5539442896842957,0.7101256847381592
21,,,,76603,,,,,,,,,0.6084674000740051,0.07993292808532715,0.462065726518631,,,0.6057309508323669,,3.858978033065796,,,,,,,,,,,,,,
,0.00026354925834776345,0.00026354925834776345,2.6354925834776342e-05,76604,,,,,,,,,,,,,,,,,,,,,,,,,,,,,,
22,,,,76619,,,,,,,,,,,,0.46207091212272644,0.09350886940956116,,0.5305458307266235,,4.497894287109375,,,,,,,,,,,,,
22,,,,76639,,,,,,,,,,,,0.46207091212272644,0.10690221190452576,,0.5526872277259827,,4.486496925354004,,,,,,,,,,,,,
22,,,,76659,,,,,,,,,,,,0.46207091212272644,0.061316706240177155,,0.6318469643592834,,3.238741397857666,,,,,,,,,,,,,
22,,,,76679,,,,,,,,,,,,0.46207091212272644,0.046536657959222794,,0.8830819725990295,,4.473360061645508,,,,,,,,,,,,,
22,,,,76699,,,,,,,,,,,,0.46207091212272644,0.10732275247573853,,0.5344701409339905,,4.559866905212402,,,,,,,,,,,,,
22,,,,76719,,,,,,,,,,,,0.46207091212272644,0.10698406398296356,,0.5287750959396362,,4.524686813354492,,,,,,,,,,,,,
22,,,,76739,,,,,,,,,,,,0.46207091212272644,0.06706830859184265,,0.7235915660858154,,4.42725944519043,,,,,,,,,,,,,
22,,,,76759,,,,,,,,,,,,0.46207091212272644,0.04201042652130127,,0.9253718852996826,,4.340829849243164,,,,,,,,,,,,,
22,,,,76779,,,,,,,,,,,,0.46207091212272644,0.06831660866737366,,0.744739294052124,,4.372074127197266,,,,,,,,,,,,,
22,,,,76799,,,,,,,,,,,,0.46207091212272644,0.09439632296562195,,0.40576499700546265,,3.2298600673675537,,,,,,,,,,,,,
22,,,,76819,,,,,,,,,,,,0.46207091212272644,0.04148642718791962,,0.8417301774024963,,3.6312222480773926,,,,,,,,,,,,,
22,,,,76839,,,,,,,,,,,,0.46207091212272644,0.08611834049224854,,0.4106038510799408,,3.245821952819824,,,,,,,,,,,,,
22,,,,76859,,,,,,,,,,,,0.46207091212272644,0.05217936635017395,,0.9658892154693604,,4.409178733825684,,,,,,,,,,,,,
22,,,,76879,,,,,,,,,,,,0.46207091212272644,0.08941813558340073,,0.5226830840110779,,4.427863121032715,,,,,,,,,,,,,
22,,,,76899,,,,,,,,,,,,0.46207091212272644,0.0994766503572464,,0.39929327368736267,,3.244722843170166,,,,,,,,,,,,,
22,,,,76919,,,,,,,,,,,,0.46207091212272644,0.10240590572357178,,0.4173370897769928,,3.3160552978515625,,,,,,,,,,,,,
22,,,,76939,,,,,,,,,,,,0.46207091212272644,0.06049513816833496,,0.7070375084877014,,4.392736434936523,,,,,,,,,,,,,
22,,,,76959,,,,,,,,,,,,0.46207091212272644,0.10516363382339478,,0.5134674906730652,,4.378783226013184,,,,,,,,,,,,,
22,,,,76979,,,,,,,,,,,,0.46207091212272644,0.09668951481580734,,0.5227653980255127,,4.322617530822754,,,,,,,,,,,,,
22,,,,76999,,,,,,,,,,,,0.46207091212272644,0.05135731399059296,,0.7377169728279114,,4.397173881530762,,,,,,,,,,,,,
22,,,,77019,,,,,,,,,,,,0.46207091212272644,0.05015774071216583,,0.8128874897956848,,4.350147247314453,,,,,,,,,,,,,
22,,,,77039,,,,,,,,,,,,0.46207091212272644,0.09622649848461151,,0.5204400420188904,,4.4330902099609375,,,,,,,,,,,,,
22,,,,77059,,,,,,,,,,,,0.46207091212272644,0.054144486784935,,0.7292294502258301,,3.3290789127349854,,,,,,,,,,,,,
22,,,,77079,,,,,,,,,,,,0.46207091212272644,0.07595759630203247,,0.7692376375198364,,4.451235771179199,,,,,,,,,,,,,
22,,,,77099,,,,,,,,,,,,0.46207091212272644,0.10273375362157822,,0.44145357608795166,,3.297200918197632,,,,,,,,,,,,,
22,,,,77119,,,,,,,,,,,,0.46207091212272644,0.06512953341007233,,0.6489408612251282,,4.4427490234375,,,,,,,,,,,,,
22,,,,77139,,,,,,,,,,,,0.46207091212272644,0.05680140107870102,,0.6076213717460632,,3.2517926692962646,,,,,,,,,,,,,
22,,,,77159,,,,,,,,,,,,0.46207091212272644,0.0955083817243576,,0.6449875831604004,,4.446873664855957,,,,,,,,,,,,,
22,,,,77179,,,,,,,,,,,,0.46207091212272644,0.08344385027885437,,0.650405764579773,,4.456368923187256,,,,,,,,,,,,,
22,,,,77199,,,,,,,,,,,,0.46207091212272644,0.087249755859375,,0.6493228077888489,,3.3815650939941406,,,,,,,,,,,,,
22,,,,77219,,,,,,,,,,,,0.46207091212272644,0.0643780305981636,,0.7304763793945312,,4.424798488616943,,,,,,,,,,,,,
22,,,,77239,,,,,,,,,,,,0.46207091212272644,0.10639528930187225,,0.40389391779899597,,3.2421319484710693,,,,,,,,,,,,,
22,,,,77259,,,,,,,,,,,,0.46207091212272644,0.05130188167095184,,0.6894030570983887,,3.272864580154419,,,,,,,,,,,,,
22,,,,77279,,,,,,,,,,,,0.46207091212272644,0.043577924370765686,,0.731836199760437,,3.459369659423828,,,,,,,,,,,,,
22,,,,77299,,,,,,,,,,,,0.46207091212272644,0.09313839673995972,,0.4441330134868622,,3.223836660385132,,,,,,,,,,,,,
22,,,,77319,,,,,,,,,,,,0.46207091212272644,0.10180824995040894,,0.40119221806526184,,3.2428083419799805,,,,,,,,,,,,,
22,,,,77339,,,,,,,,,,,,0.46207091212272644,0.04887497052550316,,0.8625115156173706,,3.6932692527770996,,,,,,,,,,,,,
22,,,,77359,,,,,,,,,,,,0.46207091212272644,0.048894599080085754,,0.776284396648407,,3.3592000007629395,,,,,,,,,,,,,
22,,,,77379,,,,,,,,,,,,0.46207091212272644,0.050069067627191544,,0.8625289797782898,,3.4805192947387695,,,,,,,,,,,,,
22,,,,77399,,,,,,,,,,,,0.46207091212272644,0.0938558578491211,,0.5215933322906494,,4.379303932189941,,,,,,,,,,,,,
22,,,,77419,,,,,,,,,,,,0.46207091212272644,0.04946249723434448,,0.8527002930641174,,3.628164529800415,,,,,,,,,,,,,
22,,,,77439,,,,,,,,,,,,0.46207091212272644,0.09918192028999329,,0.3936753571033478,,3.2051844596862793,,,,,,,,,,,,,
22,,,,77459,,,,,,,,,,,,0.46207091212272644,0.11121851205825806,,0.3999488651752472,,3.214603900909424,,,,,,,,,,,,,
22,,,,77479,,,,,,,,,,,,0.46207091212272644,0.07287418842315674,,0.4958912134170532,,3.2392048835754395,,,,,,,,,,,,,
22,,,,77499,,,,,,,,,,,,0.46207091212272644,0.09418828785419464,,0.5917748212814331,,4.351076602935791,,,,,,,,,,,,,
22,,,,77519,,,,,,,,,,,,0.46207091212272644,0.04886788874864578,,0.9517757296562195,,4.289194583892822,,,,,,,,,,,,,
22,,,,77539,,,,,,,,,,,,0.46207091212272644,0.06723596155643463,,0.6624683737754822,,4.312449932098389,,,,,,,,,,,,,
22,,,,77559,,,,,,,,,,,,0.46207091212272644,0.09436952322721481,,0.5142216086387634,,4.3155646324157715,,,,,,,,,,,,,
22,,,,77579,,,,,,,,,,,,0.46207091212272644,0.10121578723192215,,0.4198714792728424,,3.352334976196289,,,,,,,,,,,,,
22,,,,77599,,,,,,,,,,,,0.46207091212272644,0.09066863358020782,,0.40388110280036926,,3.320115566253662,,,,,,,,,,,,,
22,,,,77619,,,,,,,,,,,,0.46207091212272644,0.06779181212186813,,0.5687611103057861,,3.3350603580474854,,,,,,,,,,,,,
22,,,,77639,,,,,,,,,,,,0.46207091212272644,0.10987705737352371,,0.5259442329406738,,4.429473876953125,,,,,,,,,,,,,
22,,,,77659,,,,,,,,,,,,0.46207091212272644,0.10430950671434402,,0.5412083864212036,,4.4335832595825195,,,,,,,,,,,,,
22,,,,77679,,,,,,,,,,,,0.46207091212272644,0.08139590919017792,,0.7415876984596252,,3.319744110107422,,,,,,,,,,,,,
22,,,,77699,,,,,,,,,,,,0.46207091212272644,0.053314562886953354,,0.794694185256958,,3.4358649253845215,,,,,,,,,,,,,
22,,,,77719,,,,,,,,,,,,0.46207091212272644,0.10399014502763748,,0.5271236896514893,,4.466187000274658,,,,,,,,,,,,,
22,,,,77739,,,,,,,,,,,,0.46207091212272644,0.07256751507520676,,0.6269407272338867,,3.251365900039673,,,,,,,,,,,,,
22,,,,77759,,,,,,,,,,,,0.46207091212272644,0.05676285922527313,,0.8475603461265564,,4.394182205200195,,,,,,,,,,,,,
22,,,,77779,,,,,,,,,,,,0.46207091212272644,0.10706884413957596,,0.512946367263794,,4.311688423156738,,,,,,,,,,,,,
22,,,,77799,,,,,,,,,,,,0.46207091212272644,0.09951841831207275,,0.4397405683994293,,3.365774393081665,,,,,,,,,,,,,
22,,,,77819,,,,,,,,,,,,0.46207091212272644,0.07386831939220428,,0.6387807130813599,,4.3260087966918945,,,,,,,,,,,,,
22,,,,77839,,,,,,,,,,,,0.46207091212272644,0.0442403182387352,,0.7900500297546387,,3.4908928871154785,,,,,,,,,,,,,
22,,,,77859,,,,,,,,,,,,0.46207091212272644,0.040110740810632706,,0.8797125220298767,,3.990568161010742,,,,,,,,,,,,,
22,,,,77879,,,,,,,,,,,,0.46207091212272644,0.10480890423059464,,0.4302758574485779,,3.319519519805908,,,,,,,,,,,,,
22,,,,77899,,,,,,,,,,,,0.46207091212272644,0.043514177203178406,,0.8462262749671936,,3.446716547012329,,,,,,,,,,,,,
22,,,,77919,,,,,,,,,,,,0.46207091212272644,0.043895572423934937,,0.7018767595291138,,3.1908586025238037,,,,,,,,,,,,,
22,,,,77939,,,,,,,,,,,,0.46207091212272644,0.0914735198020935,,0.39455145597457886,,3.1642539501190186,,,,,,,,,,,,,
22,,,,77959,,,,,,,,,,,,0.46207091212272644,0.10092264413833618,,0.4164707064628601,,3.143266201019287,,,,,,,,,,,,,
22,,,,77979,,,,,,,,,,,,0.46207091212272644,0.08808267116546631,,0.3876626491546631,,3.1317591667175293,,,,,,,,,,,,,
22,,,,77999,,,,,,,,,,,,0.46207091212272644,0.0640103667974472,,0.5770730376243591,,3.2425131797790527,,,,,,,,,,,,,
22,,,,78019,,,,,,,,,,,,0.46207091212272644,0.09647436439990997,,0.3968673050403595,,3.109415054321289,,,,,,,,,,,,,
22,,,,78039,,,,,,,,,,,,0.46207091212272644,0.09797695279121399,,0.40808260440826416,,3.1840875148773193,,,,,,,,,,,,,
22,,,,78059,,,,,,,,,,,,0.46207091212272644,0.09733685851097107,,0.6410263180732727,,4.377254962921143,,,,,,,,,,,,,
22,,,,78079,,,,,,,,,,,,0.46207091212272644,0.10392589867115021,,0.5297701358795166,,4.3116302490234375,,,,,,,,,,,,,
22,,,,78099,,,,,,,,,,,,0.46207091212272644,0.0996515303850174,,0.5244739651679993,,4.338228225708008,,,,,,,,,,,,,
22,,,,78119,,,,,,,,,,,,0.46207091212272644,0.1074950248003006,,0.6374770402908325,,4.409123420715332,,,,,,,,,,,,,
22,,,,78139,,,,,,,,,,,,0.46207091212272644,0.04462415724992752,,0.7569934129714966,,3.349334955215454,,,,,,,,,,,,,
22,,,,78159,,,,,,,,,,,,0.46207091212272644,0.10175574570894241,,0.5306286215782166,,4.410634517669678,,,,,,,,,,,,,
22,,,,78179,,,,,,,,,,,,0.46207091212272644,0.10488854348659515,,0.5278651714324951,,4.456198692321777,,,,,,,,,,,,,
22,,,,78199,,,,,,,,,,,,0.46207091212272644,0.08985410630702972,,0.3932982385158539,,3.256606101989746,,,,,,,,,,,,,
22,,,,78219,,,,,,,,,,,,0.46207091212272644,0.04784875735640526,,0.8660972714424133,,4.3362812995910645,,,,,,,,,,,,,
22,,,,78239,,,,,,,,,,,,0.46207091212272644,0.04344479367136955,,0.9205775260925293,,4.196866035461426,,,,,,,,,,,,,
22,,,,78259,,,,,,,,,,,,0.46207091212272644,0.09094732999801636,,0.4135027229785919,,3.285496711730957,,,,,,,,,,,,,
22,,,,78279,,,,,,,,,,,,0.46207091212272644,0.0627179890871048,,0.7830206751823425,,4.432393550872803,,,,,,,,,,,,,
22,,,,78299,,,,,,,,,,,,0.46207091212272644,0.08853255957365036,,0.41042715311050415,,3.328230142593384,,,,,,,,,,,,,
22,,,,78319,,,,,,,,,,,,0.46207091212272644,0.055567417293787,,0.8322834372520447,,4.322917938232422,,,,,,,,,,,,,
22,,,,78339,,,,,,,,,,,,0.46207091212272644,0.050191063433885574,,0.8784593343734741,,4.363324165344238,,,,,,,,,,,,,
22,,,,78359,,,,,,,,,,,,0.46207091212272644,0.11595538258552551,,0.563076913356781,,4.510672569274902,,,,,,,,,,,,,
22,,,,78379,,,,,,,,,,,,0.46207091212272644,0.11150587350130081,,0.4004777669906616,,3.1998815536499023,,,,,,,,,,,,,
22,,,,78399,,,,,,,,,,,,0.46207091212272644,0.04701972007751465,,0.926354169845581,,3.95317006111145,,,,,,,,,,,,,
22,,,,78419,,,,,,,,,,,,0.46207091212272644,0.08372199535369873,,0.5486138463020325,,3.1884500980377197,,,,,,,,,,,,,
22,,,,78439,,,,,,,,,,,,0.46207091212272644,0.04477985203266144,,0.8821921944618225,,3.7579057216644287,,,,,,,,,,,,,
22,,,,78459,,,,,,,,,,,,0.46207091212272644,0.10164638608694077,,0.5800139307975769,,4.590010643005371,,,,,,,,,,,,,
22,,,,78479,,,,,,,,,,,,0.46207091212272644,0.08729302138090134,,0.5457103252410889,,4.604765892028809,,,,,,,,,,,,,
22,,,,78499,,,,,,,,,,,,0.46207091212272644,0.04820048063993454,,0.89753258228302,,4.563269138336182,,,,,,,,,,,,,
22,,,,78519,,,,,,,,,,,,0.46207091212272644,0.0559711754322052,,0.7321987748146057,,4.601183891296387,,,,,,,,,,,,,
22,,,,78539,,,,,,,,,,,,0.46207091212272644,0.045931797474622726,,0.8606777787208557,,3.3924753665924072,,,,,,,,,,,,,
22,,,,78559,,,,,,,,,,,,0.46207091212272644,0.09640328586101532,,0.38597556948661804,,3.098544120788574,,,,,,,,,,,,,
22,,,,78579,,,,,,,,,,,,0.46207091212272644,0.08968433737754822,,0.40871164202690125,,3.070028305053711,,,,,,,,,,,,,
22,,,,78599,,,,,,,,,,,,0.46207091212272644,0.06282316893339157,,0.5948312282562256,,3.1701819896698,,,,,,,,,,,,,
22,,,,78619,,,,,,,,,,,,0.46207091212272644,0.10092028975486755,,0.5367386341094971,,4.471470832824707,,,,,,,,,,,,,
22,,,,78639,,,,,,,,,,,,0.46207091212272644,0.05499068275094032,,0.6283838748931885,,3.3054592609405518,,,,,,,,,,,,,
22,,,,78659,,,,,,,,,,,,0.46207091212272644,0.045421503484249115,,0.8766211867332458,,4.279923915863037,,,,,,,,,,,,,
22,,,,78679,,,,,,,,,,,,0.46207091212272644,0.04616435617208481,,0.8783655762672424,,4.194171905517578,,,,,,,,,,,,,
22,,,,78699,,,,,,,,,,,,0.46207091212272644,0.08722079545259476,,0.45606207847595215,,3.361325979232788,,,,,,,,,,,,,
22,,,,78719,,,,,,,,,,,,0.46207091212272644,0.04874301701784134,,0.8520167469978333,,3.5997262001037598,,,,,,,,,,,,,
22,,,,78739,,,,,,,,,,,,0.46207091212272644,0.10412804782390594,,0.5455002784729004,,4.401069641113281,,,,,,,,,,,,,
22,,,,78759,,,,,,,,,,,,0.46207091212272644,0.10213496536016464,,0.5500944256782532,,4.387092113494873,,,,,,,,,,,,,
22,,,,78779,,,,,,,,,,,,0.46207091212272644,0.10375414788722992,,0.5502669811248779,,4.493344306945801,,,,,,,,,,,,,
22,,,,78799,,,,,,,,,,,,0.46207091212272644,0.10706585645675659,,0.407792329788208,,3.234260082244873,,,,,,,,,,,,,
22,,,,78819,,,,,,,,,,,,0.46207091212272644,0.1025143414735794,,0.521048367023468,,4.458399772644043,,,,,,,,,,,,,
22,,,,78839,,,,,,,,,,,,0.46207091212272644,0.05348249152302742,,0.8502923250198364,,3.9096736907958984,,,,,,,,,,,,,
22,,,,78859,,,,,,,,,,,,0.46207091212272644,0.10104802250862122,,0.5719402432441711,,4.423820972442627,,,,,,,,,,,,,
22,,,,78879,,,,,,,,,,,,0.46207091212272644,0.0410987064242363,,0.8324302434921265,,3.5697221755981445,,,,,,,,,,,,,
22,,,,78899,,,,,,,,,,,,0.46207091212272644,0.10419951379299164,,0.40281373262405396,,3.2403125762939453,,,,,,,,,,,,,
22,,,,78919,,,,,,,,,,,,0.46207091212272644,0.09337417036294937,,0.5739590525627136,,4.478817939758301,,,,,,,,,,,,,
22,,,,78939,,,,,,,,,,,,0.46207091212272644,0.06212522089481354,,0.5663744807243347,,3.1780529022216797,,,,,,,,,,,,,
22,,,,78959,,,,,,,,,,,,0.46207091212272644,0.05467858538031578,,0.5496432781219482,,3.2266321182250977,,,,,,,,,,,,,
22,,,,78979,,,,,,,,,,,,0.46207091212272644,0.09273522347211838,,0.5315576195716858,,4.423990726470947,,,,,,,,,,,,,
22,,,,78999,,,,,,,,,,,,0.46207091212272644,0.05325789749622345,,0.8348822593688965,,3.4356021881103516,,,,,,,,,,,,,
22,,,,79019,,,,,,,,,,,,0.46207091212272644,0.05100313946604729,,0.6342389583587646,,3.1068999767303467,,,,,,,,,,,,,
22,,,,79039,,,,,,,,,,,,0.46207091212272644,0.03638012707233429,,0.9407088756561279,,3.6164445877075195,,,,,,,,,,,,,
22,,,,79059,,,,,,,,,,,,0.46207091212272644,0.03922398015856743,,0.8197113275527954,,3.6196224689483643,,,,,,,,,,,,,
22,,,,79079,,,,,,,,,,,,0.46207091212272644,0.08329735696315765,,0.6037779450416565,,4.446619033813477,,,,,,,,,,,,,
22,,,,79099,,,,,,,,,,,,0.46207091212272644,0.0583658441901207,,0.621895432472229,,3.2366373538970947,,,,,,,,,,,,,
22,,,,79119,,,,,,,,,,,,0.46207091212272644,0.10328512638807297,,0.569304347038269,,4.440609455108643,,,,,,,,,,,,,
22,,,,79139,,,,,,,,,,,,0.46207091212272644,0.04109741374850273,,0.9919186234474182,,4.280881881713867,,,,,,,,,,,,,
22,,,,79159,,,,,,,,,,,,0.46207091212272644,0.10200122743844986,,0.40340402722358704,,3.2595090866088867,,,,,,,,,,,,,
22,,,,79179,,,,,,,,,,,,0.46207091212272644,0.09318974614143372,,0.6016951203346252,,4.471588134765625,,,,,,,,,,,,,
22,,,,79199,,,,,,,,,,,,0.46207091212272644,0.09233033657073975,,0.39655351638793945,,3.234928607940674,,,,,,,,,,,,,
22,,,,79219,,,,,,,,,,,,0.46207091212272644,0.046672530472278595,,0.8001816272735596,,3.5556654930114746,,,,,,,,,,,,,
22,,,,79239,,,,,,,,,,,,0.46207091212272644,0.10151664912700653,,0.5311337113380432,,4.431473255157471,,,,,,,,,,,,,
22,,,,79259,,,,,,,,,,,,0.46207091212272644,0.07615366578102112,,0.4545685350894928,,3.2731399536132812,,,,,,,,,,,,,
22,,,,79279,,,,,,,,,,,,0.46207091212272644,0.10629357397556305,,0.5265423655509949,,4.388978958129883,,,,,,,,,,,,,
22,,,,79299,,,,,,,,,,,,0.46207091212272644,0.09500440955162048,,0.611099123954773,,4.363649368286133,,,,,,,,,,,,,
22,,,,79319,,,,,,,,,,,,0.46207091212272644,0.048734746873378754,,0.834700882434845,,4.3466081619262695,,,,,,,,,,,,,
22,,,,79339,,,,,,,,,,,,0.46207091212272644,0.09691189229488373,,0.4209674894809723,,3.3162810802459717,,,,,,,,,,,,,
22,,,,79359,,,,,,,,,,,,0.46207091212272644,0.0980180948972702,,0.519773006439209,,4.386385917663574,,,,,,,,,,,,,
22,,,,79379,,,,,,,,,,,,0.46207091212272644,0.09953030943870544,,0.3971148729324341,,3.237269878387451,,,,,,,,,,,,,
22,,,,79399,,,,,,,,,,,,0.46207091212272644,0.10179492831230164,,0.4322836697101593,,3.188978433609009,,,,,,,,,,,,,
22,,,,79419,,,,,,,,,,,,0.46207091212272644,0.10074584186077118,,0.5458319187164307,,4.575355529785156,,,,,,,,,,,,,
22,,,,79439,,,,,,,,,,,,0.46207091212272644,0.07468004524707794,,0.5625959038734436,,4.455053329467773,,,,,,,,,,,,,
22,,,,79459,,,,,,,,,,,,0.46207091212272644,0.11023180186748505,,0.5231935977935791,,4.4117560386657715,,,,,,,,,,,,,
22,,,,79479,,,,,,,,,,,,0.46207091212272644,0.09533694386482239,,0.5200632810592651,,4.369078636169434,,,,,,,,,,,,,
22,,,,79499,,,,,,,,,,,,0.46207091212272644,0.09446720033884048,,0.5884289741516113,,4.373053550720215,,,,,,,,,,,,,
22,,,,79519,,,,,,,,,,,,0.46207091212272644,0.053103573620319366,,0.8582490086555481,,4.062358379364014,,,,,,,,,,,,,
22,,,,79539,,,,,,,,,,,,0.46207091212272644,0.09649348258972168,,0.44265514612197876,,3.249624729156494,,,,,,,,,,,,,
22,,,,79559,,,,,,,,,,,,0.46207091212272644,0.050087861716747284,,0.7931051254272461,,4.3583526611328125,,,,,,,,,,,,,
22,,,,79579,,,,,,,,,,,,0.46207091212272644,0.09254512190818787,,0.4270075857639313,,3.2073898315429688,,,,,,,,,,,,,
22,,,,79599,,,,,,,,,,,,0.46207091212272644,0.10675519704818726,,0.397235244512558,,3.1971499919891357,,,,,,,,,,,,,
22,,,,79619,,,,,,,,,,,,0.46207091212272644,0.11152124404907227,,0.3989729881286621,,3.195018768310547,,,,,,,,,,,,,
22,,,,79639,,,,,,,,,,,,0.46207091212272644,0.06437382102012634,,0.6226728558540344,,3.289475679397583,,,,,,,,,,,,,
22,,,,79659,,,,,,,,,,,,0.46207091212272644,0.10284344851970673,,0.4018680155277252,,3.2424869537353516,,,,,,,,,,,,,
22,,,,79679,,,,,,,,,,,,0.46207091212272644,0.04726056754589081,,0.8570619821548462,,3.57818865776062,,,,,,,,,,,,,
22,,,,79699,,,,,,,,,,,,0.46207091212272644,0.1056508868932724,,0.5157943367958069,,4.3907599449157715,,,,,,,,,,,,,
22,,,,79719,,,,,,,,,,,,0.46207091212272644,0.09670448303222656,,0.39653846621513367,,3.2525923252105713,,,,,,,,,,,,,
22,,,,79739,,,,,,,,,,,,0.46207091212272644,0.0866672694683075,,0.4214388430118561,,3.220423698425293,,,,,,,,,,,,,
22,,,,79759,,,,,,,,,,,,0.46207091212272644,0.10590627789497375,,0.39184531569480896,,3.1313114166259766,,,,,,,,,,,,,
22,,,,79779,,,,,,,,,,,,0.46207091212272644,0.09527069330215454,,0.4459826648235321,,3.1021947860717773,,,,,,,,,,,,,
22,,,,79799,,,,,,,,,,,,0.46207091212272644,0.08536463975906372,,0.68707275390625,,4.5130815505981445,,,,,,,,,,,,,
22,,,,79819,,,,,,,,,,,,0.46207091212272644,0.09610456228256226,,0.3981597423553467,,3.1617743968963623,,,,,,,,,,,,,
22,,,,79839,,,,,,,,,,,,0.46207091212272644,0.09915822744369507,,0.5300228595733643,,4.3967485427856445,,,,,,,,,,,,,
22,,,,79859,,,,,,,,,,,,0.46207091212272644,0.05297474563121796,,0.8955999612808228,,3.921962022781372,,,,,,,,,,,,,
22,,,,79879,,,,,,,,,,,,0.46207091212272644,0.0542311891913414,,0.8394384384155273,,3.9396090507507324,,,,,,,,,,,,,
22,,,,79899,,,,,,,,,,,,0.46207091212272644,0.11058065295219421,,0.3918697237968445,,3.123469829559326,,,,,,,,,,,,,
22,,,,79919,,,,,,,,,,,,0.46207091212272644,0.10612915456295013,,0.5363362431526184,,4.584237098693848,,,,,,,,,,,,,
22,,,,79939,,,,,,,,,,,,0.46207091212272644,0.0842500627040863,,0.43125978112220764,,3.255131244659424,,,,,,,,,,,,,
22,,,,79959,,,,,,,,,,,,0.46207091212272644,0.09225475043058395,,0.5250830054283142,,4.411509990692139,,,,,,,,,,,,,
22,,,,79979,,,,,,,,,,,,0.46207091212272644,0.05926131084561348,,0.5464394092559814,,4.375153541564941,,,,,,,,,,,,,
22,,,,79999,,,,,,,,,,,,0.46207091212272644,0.10508456826210022,,0.5245041251182556,,4.393782138824463,,,,,,,,,,,,,
22,,,,80019,,,,,,,,,,,,0.46207091212272644,0.09348667412996292,,0.4745458960533142,,3.217154026031494,,,,,,,,,,,,,
22,,,,80039,,,,,,,,,,,,0.46207091212272644,0.10470893979072571,,0.42250189185142517,,3.289754867553711,,,,,,,,,,,,,
22,,,,80059,,,,,,,,,,,,0.46207091212272644,0.042790818959474564,,0.9018478393554688,,3.5664727687835693,,,,,,,,,,,,,
22,,,,80079,,,,,,,,,,,,0.46207091212272644,0.054036855697631836,,0.7288933992385864,,3.375743865966797,,,,,,,,,,,,,
22,,,,80085,,,,,,,,,,,,,,,,,,0.6885457038879395,0.8480533361434937,0.6925203204154968,0.695370614528656,0.5640396475791931,0.6982209086418152,0.6299431324005127,0.7345523238182068,0.6815426349639893,0.7655916810035706,0.8002355098724365,0.5455138087272644,0.6885457038879395
22,,,,80085,,,,,,,,,0.6098843216896057,0.08155743032693863,0.462065726518631,,,0.6022540330886841,,3.857111930847168,,,,,,,,,,,,,,
,0.0002593452941132117,0.0002593452941132117,2.593452941132117e-05,80086,,,,,,,,,,,,,,,,,,,,,,,,,,,,,,
23,,,,80099,,,,,,,,,,,,0.46207091212272644,0.0425453707575798,,0.85532146692276,,3.479193687438965,,,,,,,,,,,,,
23,,,,80119,,,,,,,,,,,,0.46207091212272644,0.04753916338086128,,0.8341094851493835,,3.3642148971557617,,,,,,,,,,,,,
23,,,,80139,,,,,,,,,,,,0.46207091212272644,0.05643997713923454,,0.6463541388511658,,4.507510185241699,,,,,,,,,,,,,
23,,,,80159,,,,,,,,,,,,0.46207091212272644,0.103220134973526,,0.5284087657928467,,4.515775680541992,,,,,,,,,,,,,
23,,,,80179,,,,,,,,,,,,0.46207091212272644,0.05008631572127342,,0.8828379511833191,,4.526378631591797,,,,,,,,,,,,,
23,,,,80199,,,,,,,,,,,,0.46207091212272644,0.10391368716955185,,0.39865347743034363,,3.165982723236084,,,,,,,,,,,,,
23,,,,80219,,,,,,,,,,,,0.46207091212272644,0.04775508865714073,,0.9232674837112427,,4.116501331329346,,,,,,,,,,,,,
23,,,,80239,,,,,,,,,,,,0.46207091212272644,0.09986677020788193,,0.41411545872688293,,3.2736477851867676,,,,,,,,,,,,,
23,,,,80259,,,,,,,,,,,,0.46207091212272644,0.04931185021996498,,0.8539537191390991,,4.322253227233887,,,,,,,,,,,,,
23,,,,80279,,,,,,,,,,,,0.46207091212272644,0.04783568158745766,,0.7613688111305237,,3.423487663269043,,,,,,,,,,,,,
23,,,,80299,,,,,,,,,,,,0.46207091212272644,0.11356194317340851,,0.5253706574440002,,4.4719343185424805,,,,,,,,,,,,,
23,,,,80319,,,,,,,,,,,,0.46207091212272644,0.10492920875549316,,0.518274188041687,,4.391607284545898,,,,,,,,,,,,,
23,,,,80339,,,,,,,,,,,,0.46207091212272644,0.09509003162384033,,0.39724108576774597,,3.259246826171875,,,,,,,,,,,,,
23,,,,80359,,,,,,,,,,,,0.46207091212272644,0.08854368329048157,,0.503399133682251,,3.190122604370117,,,,,,,,,,,,,
23,,,,80379,,,,,,,,,,,,0.46207091212272644,0.04978625103831291,,0.862763524055481,,4.131771087646484,,,,,,,,,,,,,
23,,,,80399,,,,,,,,,,,,0.46207091212272644,0.10219304263591766,,0.5608875751495361,,4.498974323272705,,,,,,,,,,,,,
23,,,,80419,,,,,,,,,,,,0.46207091212272644,0.08831951022148132,,0.5105695724487305,,3.2147250175476074,,,,,,,,,,,,,
23,,,,80439,,,,,,,,,,,,0.46207091212272644,0.10004258900880814,,0.44796887040138245,,3.234238624572754,,,,,,,,,,,,,
23,,,,80459,,,,,,,,,,,,0.46207091212272644,0.09584121406078339,,0.4250103533267975,,3.22786545753479,,,,,,,,,,,,,
23,,,,80479,,,,,,,,,,,,0.46207091212272644,0.0899890810251236,,0.4389260709285736,,3.27555251121521,,,,,,,,,,,,,
23,,,,80499,,,,,,,,,,,,0.46207091212272644,0.052982911467552185,,0.8580752611160278,,4.291452407836914,,,,,,,,,,,,,
23,,,,80519,,,,,,,,,,,,0.46207091212272644,0.043542660772800446,,0.907408595085144,,4.187766075134277,,,,,,,,,,,,,
23,,,,80539,,,,,,,,,,,,0.46207091212272644,0.10632570087909698,,0.5870252847671509,,4.391993522644043,,,,,,,,,,,,,
23,,,,80559,,,,,,,,,,,,0.46207091212272644,0.10632480680942535,,0.5514359474182129,,4.461881637573242,,,,,,,,,,,,,
23,,,,80579,,,,,,,,,,,,0.46207091212272644,0.08587870001792908,,0.5994031429290771,,4.5539960861206055,,,,,,,,,,,,,
23,,,,80599,,,,,,,,,,,,0.46207091212272644,0.11010050773620605,,0.5349494218826294,,4.478353500366211,,,,,,,,,,,,,
23,,,,80619,,,,,,,,,,,,0.46207091212272644,0.05139731615781784,,0.8762403726577759,,4.291292190551758,,,,,,,,,,,,,
23,,,,80639,,,,,,,,,,,,0.46207091212272644,0.09604431688785553,,0.6273106336593628,,4.520352363586426,,,,,,,,,,,,,
23,,,,80659,,,,,,,,,,,,0.46207091212272644,0.10768650472164154,,0.5499129295349121,,4.467817783355713,,,,,,,,,,,,,
23,,,,80679,,,,,,,,,,,,0.46207091212272644,0.09469976276159286,,0.5188230872154236,,4.369588851928711,,,,,,,,,,,,,
23,,,,80699,,,,,,,,,,,,0.46207091212272644,0.10190732777118683,,0.3936566412448883,,3.1361546516418457,,,,,,,,,,,,,
23,,,,80719,,,,,,,,,,,,0.46207091212272644,0.08122450113296509,,0.53754061460495,,4.491052150726318,,,,,,,,,,,,,
23,,,,80739,,,,,,,,,,,,0.46207091212272644,0.1113855391740799,,0.39408642053604126,,3.144496202468872,,,,,,,,,,,,,
23,,,,80759,,,,,,,,,,,,0.46207091212272644,0.097935751080513,,0.523856520652771,,4.441598415374756,,,,,,,,,,,,,
23,,,,80779,,,,,,,,,,,,0.46207091212272644,0.08456780016422272,,0.6217989921569824,,4.436908721923828,,,,,,,,,,,,,
23,,,,80799,,,,,,,,,,,,0.46207091212272644,0.09281879663467407,,0.4123164415359497,,3.2632365226745605,,,,,,,,,,,,,
23,,,,80819,,,,,,,,,,,,0.46207091212272644,0.07864242792129517,,0.44332003593444824,,3.325557231903076,,,,,,,,,,,,,
23,,,,80839,,,,,,,,,,,,0.46207091212272644,0.08993002027273178,,0.4247162342071533,,3.2600748538970947,,,,,,,,,,,,,
23,,,,80859,,,,,,,,,,,,0.46207091212272644,0.07985182106494904,,0.6270242929458618,,4.387924671173096,,,,,,,,,,,,,
23,,,,80879,,,,,,,,,,,,0.46207091212272644,0.10889913141727448,,0.5195357203483582,,4.3656182289123535,,,,,,,,,,,,,
23,,,,80899,,,,,,,,,,,,0.46207091212272644,0.09440728276968002,,0.5172765851020813,,4.337752342224121,,,,,,,,,,,,,
23,,,,80919,,,,,,,,,,,,0.46207091212272644,0.11226172745227814,,0.5152602791786194,,4.319544315338135,,,,,,,,,,,,,
23,,,,80939,,,,,,,,,,,,0.46207091212272644,0.05585385486483574,,0.9335473775863647,,3.930041790008545,,,,,,,,,,,,,
23,,,,80959,,,,,,,,,,,,0.46207091212272644,0.10281229764223099,,0.5476778149604797,,4.500195026397705,,,,,,,,,,,,,
23,,,,80979,,,,,,,,,,,,0.46207091212272644,0.0689382404088974,,0.8469141125679016,,4.49411678314209,,,,,,,,,,,,,
23,,,,80999,,,,,,,,,,,,0.46207091212272644,0.07826109230518341,,0.5246832966804504,,3.176708698272705,,,,,,,,,,,,,
23,,,,81019,,,,,,,,,,,,0.46207091212272644,0.05981502681970596,,0.7259994745254517,,4.5294294357299805,,,,,,,,,,,,,
23,,,,81039,,,,,,,,,,,,0.46207091212272644,0.08332236111164093,,0.44494301080703735,,3.230165958404541,,,,,,,,,,,,,
23,,,,81059,,,,,,,,,,,,0.46207091212272644,0.09645451605319977,,0.40417492389678955,,3.2204036712646484,,,,,,,,,,,,,
23,,,,81079,,,,,,,,,,,,0.46207091212272644,0.052535101771354675,,0.7067707777023315,,3.204770565032959,,,,,,,,,,,,,
23,,,,81099,,,,,,,,,,,,0.46207091212272644,0.10051588714122772,,0.42767465114593506,,3.1825461387634277,,,,,,,,,,,,,
23,,,,81119,,,,,,,,,,,,0.46207091212272644,0.062461838126182556,,0.5612248778343201,,4.449156284332275,,,,,,,,,,,,,
23,,,,81139,,,,,,,,,,,,0.46207091212272644,0.05113258957862854,,0.6790725588798523,,3.171691417694092,,,,,,,,,,,,,
23,,,,81159,,,,,,,,,,,,0.46207091212272644,0.09854603558778763,,0.5729773640632629,,4.587512969970703,,,,,,,,,,,,,
23,,,,81179,,,,,,,,,,,,0.46207091212272644,0.0592779740691185,,0.7083121538162231,,4.484234809875488,,,,,,,,,,,,,
23,,,,81199,,,,,,,,,,,,0.46207091212272644,0.10799235105514526,,0.513765275478363,,4.377651691436768,,,,,,,,,,,,,
23,,,,81219,,,,,,,,,,,,0.46207091212272644,0.09945555031299591,,0.5174069404602051,,4.403787612915039,,,,,,,,,,,,,
23,,,,81239,,,,,,,,,,,,0.46207091212272644,0.09848345816135406,,0.5950841903686523,,4.450706958770752,,,,,,,,,,,,,
23,,,,81259,,,,,,,,,,,,0.46207091212272644,0.044897474348545074,,0.9311580061912537,,4.3781232833862305,,,,,,,,,,,,,
23,,,,81279,,,,,,,,,,,,0.46207091212272644,0.1042635440826416,,0.3869776129722595,,3.093608856201172,,,,,,,,,,,,,
23,,,,81299,,,,,,,,,,,,0.46207091212272644,0.048236820846796036,,0.847772479057312,,3.9056925773620605,,,,,,,,,,,,,
23,,,,81319,,,,,,,,,,,,0.46207091212272644,0.04332513362169266,,0.8887069225311279,,3.5072524547576904,,,,,,,,,,,,,
23,,,,81339,,,,,,,,,,,,0.46207091212272644,0.10100399702787399,,0.5310978889465332,,4.500361919403076,,,,,,,,,,,,,
23,,,,81359,,,,,,,,,,,,0.46207091212272644,0.09649664908647537,,0.3934085965156555,,3.1419031620025635,,,,,,,,,,,,,
23,,,,81379,,,,,,,,,,,,0.46207091212272644,0.1063704639673233,,0.531271755695343,,4.495108604431152,,,,,,,,,,,,,
23,,,,81399,,,,,,,,,,,,0.46207091212272644,0.04538949579000473,,0.944098174571991,,4.221198081970215,,,,,,,,,,,,,
23,,,,81419,,,,,,,,,,,,0.46207091212272644,0.08224477618932724,,0.4091077148914337,,3.2139532566070557,,,,,,,,,,,,,
23,,,,81439,,,,,,,,,,,,0.46207091212272644,0.10844968259334564,,0.5346451997756958,,4.4561028480529785,,,,,,,,,,,,,
23,,,,81459,,,,,,,,,,,,0.46207091212272644,0.08543823659420013,,0.636954665184021,,4.498136043548584,,,,,,,,,,,,,
23,,,,81479,,,,,,,,,,,,0.46207091212272644,0.09885181486606598,,0.601832926273346,,4.534731388092041,,,,,,,,,,,,,
23,,,,81499,,,,,,,,,,,,0.46207091212272644,0.04514283686876297,,0.8648284077644348,,4.421194553375244,,,,,,,,,,,,,
23,,,,81519,,,,,,,,,,,,0.46207091212272644,0.04665583744645119,,0.9379080533981323,,3.68765926361084,,,,,,,,,,,,,
23,,,,81539,,,,,,,,,,,,0.46207091212272644,0.08935825526714325,,0.5016534924507141,,3.2948479652404785,,,,,,,,,,,,,
23,,,,81559,,,,,,,,,,,,0.46207091212272644,0.08799901604652405,,0.43369853496551514,,3.349022388458252,,,,,,,,,,,,,
23,,,,81579,,,,,,,,,,,,0.46207091212272644,0.0742730125784874,,0.5969730615615845,,3.1858811378479004,,,,,,,,,,,,,
23,,,,81599,,,,,,,,,,,,0.46207091212272644,0.09428468346595764,,0.524590015411377,,4.427022933959961,,,,,,,,,,,,,
23,,,,81619,,,,,,,,,,,,0.46207091212272644,0.11023230105638504,,0.5219658613204956,,4.437018871307373,,,,,,,,,,,,,
23,,,,81639,,,,,,,,,,,,0.46207091212272644,0.0529693141579628,,0.7713499069213867,,4.476888656616211,,,,,,,,,,,,,
23,,,,81659,,,,,,,,,,,,0.46207091212272644,0.09352801740169525,,0.40533310174942017,,3.202465057373047,,,,,,,,,,,,,
23,,,,81679,,,,,,,,,,,,0.46207091212272644,0.09998579323291779,,0.42522525787353516,,3.2561357021331787,,,,,,,,,,,,,
23,,,,81699,,,,,,,,,,,,0.46207091212272644,0.05528271943330765,,0.6799744963645935,,4.403369903564453,,,,,,,,,,,,,
23,,,,81719,,,,,,,,,,,,0.46207091212272644,0.10489065945148468,,0.39939069747924805,,3.1442055702209473,,,,,,,,,,,,,
23,,,,81739,,,,,,,,,,,,0.46207091212272644,0.11247657984495163,,0.547650933265686,,4.536215782165527,,,,,,,,,,,,,
23,,,,81759,,,,,,,,,,,,0.46207091212272644,0.048942457884550095,,0.890579879283905,,4.442994117736816,,,,,,,,,,,,,
23,,,,81779,,,,,,,,,,,,0.46207091212272644,0.11087337136268616,,0.41011857986450195,,3.2604002952575684,,,,,,,,,,,,,
23,,,,81799,,,,,,,,,,,,0.46207091212272644,0.0983724445104599,,0.5424963235855103,,4.374849319458008,,,,,,,,,,,,,
23,,,,81819,,,,,,,,,,,,0.46207091212272644,0.10268384218215942,,0.4025796949863434,,3.23347544670105,,,,,,,,,,,,,
23,,,,81839,,,,,,,,,,,,0.46207091212272644,0.05252303555607796,,0.799375057220459,,4.363697052001953,,,,,,,,,,,,,
23,,,,81859,,,,,,,,,,,,0.46207091212272644,0.08451417088508606,,0.45139625668525696,,3.2743067741394043,,,,,,,,,,,,,
23,,,,81879,,,,,,,,,,,,0.46207091212272644,0.0485261008143425,,0.8465975522994995,,3.7471625804901123,,,,,,,,,,,,,
23,,,,81899,,,,,,,,,,,,0.46207091212272644,0.09489555656909943,,0.3959639072418213,,3.240084648132324,,,,,,,,,,,,,
23,,,,81919,,,,,,,,,,,,0.46207091212272644,0.10616781562566757,,0.41991502046585083,,3.151742935180664,,,,,,,,,,,,,
23,,,,81939,,,,,,,,,,,,0.46207091212272644,0.06969573348760605,,0.7591748237609863,,4.410625457763672,,,,,,,,,,,,,
23,,,,81959,,,,,,,,,,,,0.46207091212272644,0.05787379667162895,,0.7421073317527771,,4.48944091796875,,,,,,,,,,,,,
23,,,,81979,,,,,,,,,,,,0.46207091212272644,0.08714576065540314,,0.5828083157539368,,3.216864585876465,,,,,,,,,,,,,
23,,,,81999,,,,,,,,,,,,0.46207091212272644,0.08626888692378998,,0.5867504477500916,,4.6045379638671875,,,,,,,,,,,,,
23,,,,82019,,,,,,,,,,,,0.46207091212272644,0.09816170483827591,,0.5505382418632507,,4.652675628662109,,,,,,,,,,,,,
23,,,,82039,,,,,,,,,,,,0.46207091212272644,0.10492502897977829,,0.5332839488983154,,4.576515197753906,,,,,,,,,,,,,
23,,,,82059,,,,,,,,,,,,0.46207091212272644,0.04029323160648346,,0.8161804676055908,,3.291274070739746,,,,,,,,,,,,,
23,,,,82079,,,,,,,,,,,,0.46207091212272644,0.10783475637435913,,0.5302416682243347,,4.454468727111816,,,,,,,,,,,,,
23,,,,82099,,,,,,,,,,,,0.46207091212272644,0.08508346974849701,,0.5487970113754272,,3.2718772888183594,,,,,,,,,,,,,
23,,,,82119,,,,,,,,,,,,0.46207091212272644,0.05166041851043701,,0.9475256204605103,,4.238038063049316,,,,,,,,,,,,,
23,,,,82139,,,,,,,,,,,,0.46207091212272644,0.04558297619223595,,0.9670146703720093,,4.1049604415893555,,,,,,,,,,,,,
23,,,,82159,,,,,,,,,,,,0.46207091212272644,0.07698242366313934,,0.6426323652267456,,4.506464958190918,,,,,,,,,,,,,
23,,,,82179,,,,,,,,,,,,0.46207091212272644,0.11006199568510056,,0.40327468514442444,,3.227450370788574,,,,,,,,,,,,,
23,,,,82199,,,,,,,,,,,,0.46207091212272644,0.10027799755334854,,0.547783374786377,,4.365683555603027,,,,,,,,,,,,,
23,,,,82219,,,,,,,,,,,,0.46207091212272644,0.11786885559558868,,0.5284283757209778,,4.362802505493164,,,,,,,,,,,,,
23,,,,82239,,,,,,,,,,,,0.46207091212272644,0.10145728290081024,,0.5698602795600891,,4.404340744018555,,,,,,,,,,,,,
23,,,,82259,,,,,,,,,,,,0.46207091212272644,0.04438511282205582,,0.8398609757423401,,3.4634199142456055,,,,,,,,,,,,,
23,,,,82279,,,,,,,,,,,,0.46207091212272644,0.10553263127803802,,0.5247471332550049,,4.443546295166016,,,,,,,,,,,,,
23,,,,82299,,,,,,,,,,,,0.46207091212272644,0.057793326675891876,,0.7033749222755432,,4.449029922485352,,,,,,,,,,,,,
23,,,,82319,,,,,,,,,,,,0.46207091212272644,0.09938960522413254,,0.4491419196128845,,3.288321018218994,,,,,,,,,,,,,
23,,,,82339,,,,,,,,,,,,0.46207091212272644,0.10302041471004486,,0.5297354459762573,,4.460539817810059,,,,,,,,,,,,,
23,,,,82359,,,,,,,,,,,,0.46207091212272644,0.1004515066742897,,0.42226067185401917,,3.3169164657592773,,,,,,,,,,,,,
23,,,,82379,,,,,,,,,,,,0.46207091212272644,0.07958981394767761,,0.6128154397010803,,3.260003089904785,,,,,,,,,,,,,
23,,,,82399,,,,,,,,,,,,0.46207091212272644,0.10360770672559738,,0.5200198888778687,,4.425162315368652,,,,,,,,,,,,,
23,,,,82419,,,,,,,,,,,,0.46207091212272644,0.046558331698179245,,0.8920114040374756,,3.789541244506836,,,,,,,,,,,,,
23,,,,82439,,,,,,,,,,,,0.46207091212272644,0.05283375084400177,,0.7145890593528748,,3.3084828853607178,,,,,,,,,,,,,
23,,,,82459,,,,,,,,,,,,0.46207091212272644,0.09522714465856552,,0.4175841510295868,,3.3048853874206543,,,,,,,,,,,,,
23,,,,82479,,,,,,,,,,,,0.46207091212272644,0.044351011514663696,,0.7335736155509949,,3.20540714263916,,,,,,,,,,,,,
23,,,,82499,,,,,,,,,,,,0.46207091212272644,0.0937320739030838,,0.5509719848632812,,4.496093273162842,,,,,,,,,,,,,
23,,,,82519,,,,,,,,,,,,0.46207091212272644,0.05689167603850365,,0.6587797999382019,,3.1717538833618164,,,,,,,,,,,,,
23,,,,82539,,,,,,,,,,,,0.46207091212272644,0.10628777742385864,,0.535423755645752,,4.564950942993164,,,,,,,,,,,,,
23,,,,82559,,,,,,,,,,,,0.46207091212272644,0.10501570999622345,,0.5325484871864319,,4.52135705947876,,,,,,,,,,,,,
23,,,,82579,,,,,,,,,,,,0.46207091212272644,0.0557149313390255,,0.6836307048797607,,3.218491554260254,,,,,,,,,,,,,
23,,,,82599,,,,,,,,,,,,0.46207091212272644,0.09437388181686401,,0.5480913519859314,,4.41489315032959,,,,,,,,,,,,,
23,,,,82619,,,,,,,,,,,,0.46207091212272644,0.10775825381278992,,0.5546553134918213,,4.354685306549072,,,,,,,,,,,,,
23,,,,82639,,,,,,,,,,,,0.46207091212272644,0.09335605800151825,,0.5844992995262146,,4.393507957458496,,,,,,,,,,,,,
23,,,,82659,,,,,,,,,,,,0.46207091212272644,0.10939408838748932,,0.41949424147605896,,3.2892699241638184,,,,,,,,,,,,,
23,,,,82679,,,,,,,,,,,,0.46207091212272644,0.09664049744606018,,0.4701988101005554,,3.261967182159424,,,,,,,,,,,,,
23,,,,82699,,,,,,,,,,,,0.46207091212272644,0.0535830482840538,,0.6258435249328613,,3.1714696884155273,,,,,,,,,,,,,
23,,,,82719,,,,,,,,,,,,0.46207091212272644,0.038809046149253845,,0.9316186308860779,,3.846456289291382,,,,,,,,,,,,,
23,,,,82739,,,,,,,,,,,,0.46207091212272644,0.09518226981163025,,0.4036250710487366,,3.1814777851104736,,,,,,,,,,,,,
23,,,,82759,,,,,,,,,,,,0.46207091212272644,0.10675007104873657,,0.5401352643966675,,4.5634894371032715,,,,,,,,,,,,,
23,,,,82779,,,,,,,,,,,,0.46207091212272644,0.0531160794198513,,0.9484217166900635,,3.8925557136535645,,,,,,,,,,,,,
23,,,,82799,,,,,,,,,,,,0.46207091212272644,0.04639321565628052,,0.779417872428894,,3.3801417350769043,,,,,,,,,,,,,
23,,,,82819,,,,,,,,,,,,0.46207091212272644,0.06529925018548965,,0.8096715807914734,,4.459503173828125,,,,,,,,,,,,,
23,,,,82839,,,,,,,,,,,,0.46207091212272644,0.059367574751377106,,0.5615139603614807,,3.1625099182128906,,,,,,,,,,,,,
23,,,,82859,,,,,,,,,,,,0.46207091212272644,0.07799512147903442,,0.567008912563324,,3.100113868713379,,,,,,,,,,,,,
23,,,,82879,,,,,,,,,,,,0.46207091212272644,0.10374817997217178,,0.5274031758308411,,4.456426620483398,,,,,,,,,,,,,
23,,,,82899,,,,,,,,,,,,0.46207091212272644,0.04431592673063278,,0.9814758896827698,,4.2934722900390625,,,,,,,,,,,,,
23,,,,82919,,,,,,,,,,,,0.46207091212272644,0.04568693786859512,,0.8838277459144592,,3.722228527069092,,,,,,,,,,,,,
23,,,,82939,,,,,,,,,,,,0.46207091212272644,0.03831227868795395,,1.0045441389083862,,4.165650367736816,,,,,,,,,,,,,
23,,,,82959,,,,,,,,,,,,0.46207091212272644,0.09562474489212036,,0.39664196968078613,,3.2526564598083496,,,,,,,,,,,,,
23,,,,82979,,,,,,,,,,,,0.46207091212272644,0.09662173688411713,,0.5806708335876465,,4.448705673217773,,,,,,,,,,,,,
23,,,,82999,,,,,,,,,,,,0.46207091212272644,0.09592834860086441,,0.45841526985168457,,3.1523239612579346,,,,,,,,,,,,,
23,,,,83019,,,,,,,,,,,,0.46207091212272644,0.1006353497505188,,0.5172568559646606,,4.449290752410889,,,,,,,,,,,,,
23,,,,83039,,,,,,,,,,,,0.46207091212272644,0.0982205718755722,,0.40465474128723145,,3.226795196533203,,,,,,,,,,,,,
23,,,,83059,,,,,,,,,,,,0.46207091212272644,0.103997603058815,,0.4007878005504608,,3.1959738731384277,,,,,,,,,,,,,
23,,,,83079,,,,,,,,,,,,0.46207091212272644,0.05993656814098358,,0.6225026845932007,,3.167645215988159,,,,,,,,,,,,,
23,,,,83099,,,,,,,,,,,,0.46207091212272644,0.05736880749464035,,0.6966587901115417,,3.088960647583008,,,,,,,,,,,,,
23,,,,83119,,,,,,,,,,,,0.46207091212272644,0.049897730350494385,,0.9036117792129517,,4.112664222717285,,,,,,,,,,,,,
23,,,,83139,,,,,,,,,,,,0.46207091212272644,0.10210493206977844,,0.5372767448425293,,4.430811405181885,,,,,,,,,,,,,
23,,,,83159,,,,,,,,,,,,0.46207091212272644,0.0729500949382782,,0.7351398468017578,,3.25150203704834,,,,,,,,,,,,,
23,,,,83179,,,,,,,,,,,,0.46207091212272644,0.09555035829544067,,0.41429078578948975,,3.257352352142334,,,,,,,,,,,,,
23,,,,83199,,,,,,,,,,,,0.46207091212272644,0.11105227470397949,,0.5315393805503845,,4.413083076477051,,,,,,,,,,,,,
23,,,,83219,,,,,,,,,,,,0.46207091212272644,0.08704325556755066,,0.5692870020866394,,4.430148601531982,,,,,,,,,,,,,
23,,,,83239,,,,,,,,,,,,0.46207091212272644,0.10155954211950302,,0.5294056534767151,,4.395919322967529,,,,,,,,,,,,,
23,,,,83259,,,,,,,,,,,,0.46207091212272644,0.09971185773611069,,0.4091114103794098,,3.324294328689575,,,,,,,,,,,,,
23,,,,83279,,,,,,,,,,,,0.46207091212272644,0.07534521818161011,,0.6369649171829224,,4.326688766479492,,,,,,,,,,,,,
23,,,,83299,,,,,,,,,,,,0.46207091212272644,0.10308542847633362,,0.5168305039405823,,4.3764495849609375,,,,,,,,,,,,,
23,,,,83319,,,,,,,,,,,,0.46207091212272644,0.10317978262901306,,0.5083196759223938,,4.315909385681152,,,,,,,,,,,,,
23,,,,83339,,,,,,,,,,,,0.46207091212272644,0.09911084920167923,,0.40027710795402527,,3.2694945335388184,,,,,,,,,,,,,
23,,,,83359,,,,,,,,,,,,0.46207091212272644,0.07724671065807343,,0.47713589668273926,,3.219180107116699,,,,,,,,,,,,,
23,,,,83379,,,,,,,,,,,,0.46207091212272644,0.10211479663848877,,0.39628878235816956,,3.1774349212646484,,,,,,,,,,,,,
23,,,,83399,,,,,,,,,,,,0.46207091212272644,0.09768835455179214,,0.5467296242713928,,4.406734466552734,,,,,,,,,,,,,
23,,,,83419,,,,,,,,,,,,0.46207091212272644,0.05245630815625191,,0.8468484282493591,,3.954732894897461,,,,,,,,,,,,,
23,,,,83439,,,,,,,,,,,,0.46207091212272644,0.10730815678834915,,0.4127238392829895,,3.241703748703003,,,,,,,,,,,,,
23,,,,83459,,,,,,,,,,,,0.46207091212272644,0.10864724963903427,,0.5243327021598816,,4.497020721435547,,,,,,,,,,,,,
23,,,,83479,,,,,,,,,,,,0.46207091212272644,0.05065704882144928,,0.7871622443199158,,4.5774126052856445,,,,,,,,,,,,,
23,,,,83499,,,,,,,,,,,,0.46207091212272644,0.04015793651342392,,0.9661889672279358,,3.972313404083252,,,,,,,,,,,,,
23,,,,83519,,,,,,,,,,,,0.46207091212272644,0.06758920103311539,,0.5345174670219421,,3.2287111282348633,,,,,,,,,,,,,
23,,,,83539,,,,,,,,,,,,0.46207091212272644,0.0880853682756424,,0.584596574306488,,4.381278038024902,,,,,,,,,,,,,
23,,,,83559,,,,,,,,,,,,0.46207091212272644,0.06311357021331787,,0.7689091563224792,,4.439486503601074,,,,,,,,,,,,,
23,,,,83567,,,,,,,,,,,,,,,,,,0.7356512546539307,0.8653427362442017,0.7298423051834106,0.7284553050994873,0.5192403197288513,0.7270682454109192,0.6660974621772766,0.7586498856544495,0.7406148910522461,0.8097997307777405,0.8012562394142151,0.5566022396087646,0.7356512546539307
23,,,,83567,,,,,,,,,0.621349573135376,0.08161334693431854,0.462065726518631,,,0.6034765839576721,,3.8378939628601074,,,,,,,,,,,,,,
,0.0002549495010770048,0.0002549495010770048,2.549495010770048e-05,83568,,,,,,,,,,,,,,,,,,,,,,,,,,,,,,
24,,,,83579,,,,,,,,,,,,0.46207091212272644,0.05918935313820839,,0.8891207575798035,,3.9466536045074463,,,,,,,,,,,,,
24,,,,83599,,,,,,,,,,,,0.46207091212272644,0.11369496583938599,,0.5211622714996338,,4.423770904541016,,,,,,,,,,,,,
24,,,,83619,,,,,,,,,,,,0.46207091212272644,0.0420953705906868,,0.8293904066085815,,3.395015239715576,,,,,,,,,,,,,
24,,,,83639,,,,,,,,,,,,0.46207091212272644,0.10662896931171417,,0.5271530747413635,,4.440695762634277,,,,,,,,,,,,,
24,,,,83659,,,,,,,,,,,,0.46207091212272644,0.07827609032392502,,0.607033908367157,,4.435381889343262,,,,,,,,,,,,,
24,,,,83679,,,,,,,,,,,,0.46207091212272644,0.06354950368404388,,0.6366506814956665,,4.385358810424805,,,,,,,,,,,,,
24,,,,83699,,,,,,,,,,,,0.46207091212272644,0.08414892852306366,,0.40730518102645874,,3.298847198486328,,,,,,,,,,,,,
24,,,,83719,,,,,,,,,,,,0.46207091212272644,0.050562553107738495,,0.8913678526878357,,3.847698211669922,,,,,,,,,,,,,
24,,,,83739,,,,,,,,,,,,0.46207091212272644,0.1015327200293541,,0.5272789001464844,,4.4464216232299805,,,,,,,,,,,,,
24,,,,83759,,,,,,,,,,,,0.46207091212272644,0.08658495545387268,,0.427334725856781,,3.2729663848876953,,,,,,,,,,,,,
24,,,,83779,,,,,,,,,,,,0.46207091212272644,0.10481071472167969,,0.591562807559967,,4.358014106750488,,,,,,,,,,,,,
24,,,,83799,,,,,,,,,,,,0.46207091212272644,0.054240599274635315,,0.6440569758415222,,3.3153209686279297,,,,,,,,,,,,,
24,,,,83819,,,,,,,,,,,,0.46207091212272644,0.06478206068277359,,0.8108761310577393,,4.3627471923828125,,,,,,,,,,,,,
24,,,,83839,,,,,,,,,,,,0.46207091212272644,0.09986162930727005,,0.522254228591919,,4.401354789733887,,,,,,,,,,,,,
24,,,,83859,,,,,,,,,,,,0.46207091212272644,0.04512491077184677,,0.8846684694290161,,4.364856719970703,,,,,,,,,,,,,
24,,,,83879,,,,,,,,,,,,0.46207091212272644,0.09548033028841019,,0.4654019773006439,,3.2583327293395996,,,,,,,,,,,,,
24,,,,83899,,,,,,,,,,,,0.46207091212272644,0.10315454006195068,,0.5128135681152344,,4.365761756896973,,,,,,,,,,,,,
24,,,,83919,,,,,,,,,,,,0.46207091212272644,0.07811641693115234,,0.45078644156455994,,3.301208019256592,,,,,,,,,,,,,
24,,,,83939,,,,,,,,,,,,0.46207091212272644,0.048621028661727905,,0.7793377041816711,,3.538280963897705,,,,,,,,,,,,,
24,,,,83959,,,,,,,,,,,,0.46207091212272644,0.07227317988872528,,0.660864531993866,,4.468197822570801,,,,,,,,,,,,,
24,,,,83979,,,,,,,,,,,,0.46207091212272644,0.08305219560861588,,0.6003330945968628,,4.48634147644043,,,,,,,,,,,,,
24,,,,83999,,,,,,,,,,,,0.46207091212272644,0.11525045335292816,,0.4002090096473694,,3.1918230056762695,,,,,,,,,,,,,
24,,,,84019,,,,,,,,,,,,0.46207091212272644,0.07403205335140228,,0.40856432914733887,,3.1839942932128906,,,,,,,,,,,,,
24,,,,84039,,,,,,,,,,,,0.46207091212272644,0.10519613325595856,,0.5636099576950073,,4.379970550537109,,,,,,,,,,,,,
24,,,,84059,,,,,,,,,,,,0.46207091212272644,0.0922405868768692,,0.40329405665397644,,3.2729544639587402,,,,,,,,,,,,,
24,,,,84079,,,,,,,,,,,,0.46207091212272644,0.06199131906032562,,0.7713531851768494,,4.444393634796143,,,,,,,,,,,,,
24,,,,84099,,,,,,,,,,,,0.46207091212272644,0.07467878609895706,,0.5793374180793762,,3.2780275344848633,,,,,,,,,,,,,
24,,,,84119,,,,,,,,,,,,0.46207091212272644,0.07635597139596939,,0.6635344624519348,,4.416815757751465,,,,,,,,,,,,,
24,,,,84139,,,,,,,,,,,,0.46207091212272644,0.05664109066128731,,0.7786269783973694,,3.312119960784912,,,,,,,,,,,,,
24,,,,84159,,,,,,,,,,,,0.46207091212272644,0.10069289803504944,,0.5227858424186707,,4.430005073547363,,,,,,,,,,,,,
24,,,,84179,,,,,,,,,,,,0.46207091212272644,0.09770716726779938,,0.540839433670044,,4.395810604095459,,,,,,,,,,,,,
24,,,,84199,,,,,,,,,,,,0.46207091212272644,0.09329724311828613,,0.4487990736961365,,3.2768707275390625,,,,,,,,,,,,,
24,,,,84219,,,,,,,,,,,,0.46207091212272644,0.05385001748800278,,0.6947523355484009,,3.238429307937622,,,,,,,,,,,,,
24,,,,84239,,,,,,,,,,,,0.46207091212272644,0.09570765495300293,,0.5215238332748413,,4.396730422973633,,,,,,,,,,,,,
24,,,,84259,,,,,,,,,,,,0.46207091212272644,0.11223576217889786,,0.533420979976654,,4.363762855529785,,,,,,,,,,,,,
24,,,,84279,,,,,,,,,,,,0.46207091212272644,0.08340846747159958,,0.49296432733535767,,3.3914010524749756,,,,,,,,,,,,,
24,,,,84299,,,,,,,,,,,,0.46207091212272644,0.1037406325340271,,0.5382004380226135,,4.380268096923828,,,,,,,,,,,,,
24,,,,84319,,,,,,,,,,,,0.46207091212272644,0.05347713083028793,,0.6268109083175659,,3.266932487487793,,,,,,,,,,,,,
24,,,,84339,,,,,,,,,,,,0.46207091212272644,0.10950039327144623,,0.5168591141700745,,4.368597984313965,,,,,,,,,,,,,
24,,,,84359,,,,,,,,,,,,0.46207091212272644,0.05195389688014984,,0.6536856889724731,,3.358269691467285,,,,,,,,,,,,,
24,,,,84379,,,,,,,,,,,,0.46207091212272644,0.10078512132167816,,0.5323489904403687,,4.381591320037842,,,,,,,,,,,,,
24,,,,84399,,,,,,,,,,,,0.46207091212272644,0.08254237473011017,,0.4883139133453369,,3.304635763168335,,,,,,,,,,,,,
24,,,,84419,,,,,,,,,,,,0.46207091212272644,0.048251405358314514,,0.8804527521133423,,3.760319471359253,,,,,,,,,,,,,
24,,,,84439,,,,,,,,,,,,0.46207091212272644,0.0433715358376503,,0.8544092178344727,,3.388733386993408,,,,,,,,,,,,,
24,,,,84459,,,,,,,,,,,,0.46207091212272644,0.04953881353139877,,0.8488637804985046,,4.1316752433776855,,,,,,,,,,,,,
24,,,,84479,,,,,,,,,,,,0.46207091212272644,0.08578182756900787,,0.4379749000072479,,3.2760136127471924,,,,,,,,,,,,,
24,,,,84499,,,,,,,,,,,,0.46207091212272644,0.08929309248924255,,0.5237707495689392,,4.409352779388428,,,,,,,,,,,,,
24,,,,84519,,,,,,,,,,,,0.46207091212272644,0.10853804647922516,,0.5365029573440552,,4.422659873962402,,,,,,,,,,,,,
24,,,,84539,,,,,,,,,,,,0.46207091212272644,0.051233626902103424,,0.8952997326850891,,3.7136921882629395,,,,,,,,,,,,,
24,,,,84559,,,,,,,,,,,,0.46207091212272644,0.11155477166175842,,0.524863600730896,,4.440464973449707,,,,,,,,,,,,,
24,,,,84579,,,,,,,,,,,,0.46207091212272644,0.10333556681871414,,0.5437827110290527,,4.441866874694824,,,,,,,,,,,,,
24,,,,84599,,,,,,,,,,,,0.46207091212272644,0.11191730201244354,,0.4104411005973816,,3.3033103942871094,,,,,,,,,,,,,
24,,,,84619,,,,,,,,,,,,0.46207091212272644,0.09051638096570969,,0.5250533819198608,,4.343334674835205,,,,,,,,,,,,,
24,,,,84639,,,,,,,,,,,,0.46207091212272644,0.10983344167470932,,0.4015806317329407,,3.224146604537964,,,,,,,,,,,,,
24,,,,84659,,,,,,,,,,,,0.46207091212272644,0.10480405390262604,,0.392775297164917,,3.1466879844665527,,,,,,,,,,,,,
24,,,,84679,,,,,,,,,,,,0.46207091212272644,0.08932022005319595,,0.530041515827179,,4.397367477416992,,,,,,,,,,,,,
24,,,,84699,,,,,,,,,,,,0.46207091212272644,0.10555996000766754,,0.4074135720729828,,3.2359490394592285,,,,,,,,,,,,,
24,,,,84719,,,,,,,,,,,,0.46207091212272644,0.051203545182943344,,0.7938439249992371,,4.265582084655762,,,,,,,,,,,,,
24,,,,84739,,,,,,,,,,,,0.46207091212272644,0.09683383256196976,,0.40061870217323303,,3.241091012954712,,,,,,,,,,,,,
24,,,,84759,,,,,,,,,,,,0.46207091212272644,0.06331295520067215,,0.622305154800415,,3.2225513458251953,,,,,,,,,,,,,
24,,,,84779,,,,,,,,,,,,0.46207091212272644,0.08617275208234787,,0.46580934524536133,,3.201350212097168,,,,,,,,,,,,,
24,,,,84799,,,,,,,,,,,,0.46207091212272644,0.06068344786763191,,0.77965247631073,,4.374510765075684,,,,,,,,,,,,,
24,,,,84819,,,,,,,,,,,,0.46207091212272644,0.10738834738731384,,0.529885470867157,,4.4547953605651855,,,,,,,,,,,,,
24,,,,84839,,,,,,,,,,,,0.46207091212272644,0.05080582574009895,,0.8905259966850281,,4.3491716384887695,,,,,,,,,,,,,
24,,,,84859,,,,,,,,,,,,0.46207091212272644,0.10353250801563263,,0.4126804769039154,,3.251707077026367,,,,,,,,,,,,,
24,,,,84879,,,,,,,,,,,,0.46207091212272644,0.06648574024438858,,0.7515502572059631,,4.450613975524902,,,,,,,,,,,,,
24,,,,84899,,,,,,,,,,,,0.46207091212272644,0.08125198632478714,,0.5352208614349365,,3.2674717903137207,,,,,,,,,,,,,
24,,,,84919,,,,,,,,,,,,0.46207091212272644,0.10104703903198242,,0.5224728584289551,,4.431735038757324,,,,,,,,,,,,,
24,,,,84939,,,,,,,,,,,,0.46207091212272644,0.1001707911491394,,0.4487466812133789,,3.1819229125976562,,,,,,,,,,,,,
24,,,,84959,,,,,,,,,,,,0.46207091212272644,0.05800952762365341,,0.8454719185829163,,4.388336181640625,,,,,,,,,,,,,
24,,,,84979,,,,,,,,,,,,0.46207091212272644,0.1074371188879013,,0.4404095709323883,,3.2103424072265625,,,,,,,,,,,,,
24,,,,84999,,,,,,,,,,,,0.46207091212272644,0.08949622511863708,,0.39654985070228577,,3.153613328933716,,,,,,,,,,,,,
24,,,,85019,,,,,,,,,,,,0.46207091212272644,0.09270694851875305,,0.6659790873527527,,4.5432353019714355,,,,,,,,,,,,,
24,,,,85039,,,,,,,,,,,,0.46207091212272644,0.05002801865339279,,0.8914804458618164,,4.276794910430908,,,,,,,,,,,,,
24,,,,85059,,,,,,,,,,,,0.46207091212272644,0.07284996658563614,,0.5511459112167358,,3.2105202674865723,,,,,,,,,,,,,
24,,,,85079,,,,,,,,,,,,0.46207091212272644,0.11148626357316971,,0.5603144764900208,,4.431875228881836,,,,,,,,,,,,,
24,,,,85099,,,,,,,,,,,,0.46207091212272644,0.05134408921003342,,0.8844785690307617,,4.196767807006836,,,,,,,,,,,,,
24,,,,85119,,,,,,,,,,,,0.46207091212272644,0.051668476313352585,,0.8015036582946777,,4.298203468322754,,,,,,,,,,,,,
24,,,,85139,,,,,,,,,,,,0.46207091212272644,0.09784875810146332,,0.4120822846889496,,3.286317825317383,,,,,,,,,,,,,
24,,,,85159,,,,,,,,,,,,0.46207091212272644,0.09808309376239777,,0.5326088666915894,,4.411603927612305,,,,,,,,,,,,,
24,,,,85179,,,,,,,,,,,,0.46207091212272644,0.1052468866109848,,0.5547707676887512,,4.41362190246582,,,,,,,,,,,,,
24,,,,85199,,,,,,,,,,,,0.46207091212272644,0.05066915974020958,,0.8446123600006104,,4.366194248199463,,,,,,,,,,,,,
24,,,,85219,,,,,,,,,,,,0.46207091212272644,0.08907396346330643,,0.5594439506530762,,4.448975563049316,,,,,,,,,,,,,
24,,,,85239,,,,,,,,,,,,0.46207091212272644,0.10564766079187393,,0.4259718358516693,,3.3059513568878174,,,,,,,,,,,,,
24,,,,85259,,,,,,,,,,,,0.46207091212272644,0.049900732934474945,,0.8811252117156982,,4.356667518615723,,,,,,,,,,,,,
24,,,,85279,,,,,,,,,,,,0.46207091212272644,0.08946504443883896,,0.5519273281097412,,4.457082271575928,,,,,,,,,,,,,
24,,,,85299,,,,,,,,,,,,0.46207091212272644,0.0994533896446228,,0.534945011138916,,4.397195339202881,,,,,,,,,,,,,
24,,,,85319,,,,,,,,,,,,0.46207091212272644,0.09907343983650208,,0.7065241932868958,,4.38252067565918,,,,,,,,,,,,,
24,,,,85339,,,,,,,,,,,,0.46207091212272644,0.047210607677698135,,0.8883805871009827,,4.090610027313232,,,,,,,,,,,,,
24,,,,85359,,,,,,,,,,,,0.46207091212272644,0.04928676784038544,,0.9321401119232178,,4.348877429962158,,,,,,,,,,,,,
24,,,,85379,,,,,,,,,,,,0.46207091212272644,0.09678951650857925,,0.4426305890083313,,3.2567527294158936,,,,,,,,,,,,,
24,,,,85399,,,,,,,,,,,,0.46207091212272644,0.051071323454380035,,0.8425095081329346,,4.280243873596191,,,,,,,,,,,,,
24,,,,85419,,,,,,,,,,,,0.46207091212272644,0.09477290511131287,,0.5207497477531433,,4.29858922958374,,,,,,,,,,,,,
24,,,,85439,,,,,,,,,,,,0.46207091212272644,0.11066041141748428,,0.5144046545028687,,4.364814758300781,,,,,,,,,,,,,
24,,,,85459,,,,,,,,,,,,0.46207091212272644,0.11082158982753754,,0.5230143666267395,,4.416284561157227,,,,,,,,,,,,,
24,,,,85479,,,,,,,,,,,,0.46207091212272644,0.11085640639066696,,0.5399859547615051,,4.453063011169434,,,,,,,,,,,,,
24,,,,85499,,,,,,,,,,,,0.46207091212272644,0.048395827412605286,,0.7756516933441162,,3.317674160003662,,,,,,,,,,,,,
24,,,,85519,,,,,,,,,,,,0.46207091212272644,0.07779446244239807,,0.47710469365119934,,3.2137246131896973,,,,,,,,,,,,,
24,,,,85539,,,,,,,,,,,,0.46207091212272644,0.04611065238714218,,0.8369611501693726,,3.644528865814209,,,,,,,,,,,,,
24,,,,85559,,,,,,,,,,,,0.46207091212272644,0.10246656090021133,,0.39553558826446533,,3.065624475479126,,,,,,,,,,,,,
24,,,,85579,,,,,,,,,,,,0.46207091212272644,0.10410773754119873,,0.5536770820617676,,4.548161029815674,,,,,,,,,,,,,
24,,,,85599,,,,,,,,,,,,0.46207091212272644,0.10175230354070663,,0.3894089162349701,,3.1288952827453613,,,,,,,,,,,,,
24,,,,85619,,,,,,,,,,,,0.46207091212272644,0.09377510100603104,,0.5171976685523987,,4.377655506134033,,,,,,,,,,,,,
24,,,,85639,,,,,,,,,,,,0.46207091212272644,0.10895520448684692,,0.5351362824440002,,4.361495018005371,,,,,,,,,,,,,
24,,,,85659,,,,,,,,,,,,0.46207091212272644,0.06441617757081985,,0.6861919164657593,,4.373027801513672,,,,,,,,,,,,,
24,,,,85679,,,,,,,,,,,,0.46207091212272644,0.10706745088100433,,0.5101634860038757,,4.349823951721191,,,,,,,,,,,,,
24,,,,85699,,,,,,,,,,,,0.46207091212272644,0.10253645479679108,,0.5135738253593445,,4.349818706512451,,,,,,,,,,,,,
24,,,,85719,,,,,,,,,,,,0.46207091212272644,0.11355587095022202,,0.5284335017204285,,4.334344863891602,,,,,,,,,,,,,
24,,,,85739,,,,,,,,,,,,0.46207091212272644,0.10260947048664093,,0.42744991183280945,,3.3765971660614014,,,,,,,,,,,,,
24,,,,85759,,,,,,,,,,,,0.46207091212272644,0.046246305108070374,,0.7298399209976196,,3.2751259803771973,,,,,,,,,,,,,
24,,,,85779,,,,,,,,,,,,0.46207091212272644,0.05914222449064255,,0.7912992238998413,,4.427552223205566,,,,,,,,,,,,,
24,,,,85799,,,,,,,,,,,,0.46207091212272644,0.07408363372087479,,0.6938868165016174,,4.424530029296875,,,,,,,,,,,,,
24,,,,85819,,,,,,,,,,,,0.46207091212272644,0.09617384523153305,,0.5177679657936096,,4.408014297485352,,,,,,,,,,,,,
24,,,,85839,,,,,,,,,,,,0.46207091212272644,0.10983830690383911,,0.5146496295928955,,4.342193603515625,,,,,,,,,,,,,
24,,,,85859,,,,,,,,,,,,0.46207091212272644,0.10541371256113052,,0.528820276260376,,4.420436859130859,,,,,,,,,,,,,
24,,,,85879,,,,,,,,,,,,0.46207091212272644,0.09246384352445602,,0.6996307373046875,,4.470691680908203,,,,,,,,,,,,,
24,,,,85899,,,,,,,,,,,,0.46207091212272644,0.10292869806289673,,0.40180426836013794,,3.2379355430603027,,,,,,,,,,,,,
24,,,,85919,,,,,,,,,,,,0.46207091212272644,0.053715385496616364,,0.7250962853431702,,4.545863151550293,,,,,,,,,,,,,
24,,,,85939,,,,,,,,,,,,0.46207091212272644,0.10885629057884216,,0.4202113747596741,,3.191311836242676,,,,,,,,,,,,,
24,,,,85959,,,,,,,,,,,,0.46207091212272644,0.10500437766313553,,0.3987828493118286,,3.208920478820801,,,,,,,,,,,,,
24,,,,85979,,,,,,,,,,,,0.46207091212272644,0.08877565711736679,,0.7244968414306641,,4.432173728942871,,,,,,,,,,,,,
24,,,,85999,,,,,,,,,,,,0.46207091212272644,0.09845314919948578,,0.40840405225753784,,3.2555344104766846,,,,,,,,,,,,,
24,,,,86019,,,,,,,,,,,,0.46207091212272644,0.10725593566894531,,0.410969614982605,,3.2311654090881348,,,,,,,,,,,,,
24,,,,86039,,,,,,,,,,,,0.46207091212272644,0.07642464339733124,,0.6504474878311157,,4.4445695877075195,,,,,,,,,,,,,
24,,,,86059,,,,,,,,,,,,0.46207091212272644,0.041649229824543,,0.9886646270751953,,4.379840850830078,,,,,,,,,,,,,
24,,,,86079,,,,,,,,,,,,0.46207091212272644,0.09904523938894272,,0.4210362136363983,,3.2779810428619385,,,,,,,,,,,,,
24,,,,86099,,,,,,,,,,,,0.46207091212272644,0.08170274645090103,,0.7527055740356445,,4.408612251281738,,,,,,,,,,,,,
24,,,,86119,,,,,,,,,,,,0.46207091212272644,0.06944922357797623,,0.6537377834320068,,3.256237745285034,,,,,,,,,,,,,
24,,,,86139,,,,,,,,,,,,0.46207091212272644,0.052984923124313354,,0.8663995862007141,,4.411959648132324,,,,,,,,,,,,,
24,,,,86159,,,,,,,,,,,,0.46207091212272644,0.05890073999762535,,0.8332163095474243,,4.503149032592773,,,,,,,,,,,,,
24,,,,86179,,,,,,,,,,,,0.46207091212272644,0.10002118349075317,,0.5473361015319824,,4.501106262207031,,,,,,,,,,,,,
24,,,,86199,,,,,,,,,,,,0.46207091212272644,0.05418674647808075,,0.924667239189148,,4.281522274017334,,,,,,,,,,,,,
24,,,,86219,,,,,,,,,,,,0.46207091212272644,0.09768448770046234,,0.5269895792007446,,4.404123306274414,,,,,,,,,,,,,
24,,,,86239,,,,,,,,,,,,0.46207091212272644,0.0995982438325882,,0.5513876080513,,4.411367893218994,,,,,,,,,,,,,
24,,,,86259,,,,,,,,,,,,0.46207091212272644,0.05505053699016571,,0.8474552631378174,,4.372605800628662,,,,,,,,,,,,,
24,,,,86279,,,,,,,,,,,,0.46207091212272644,0.1053997129201889,,0.5271248817443848,,4.362801551818848,,,,,,,,,,,,,
24,,,,86299,,,,,,,,,,,,0.46207091212272644,0.0838460698723793,,0.6596900224685669,,4.4512858390808105,,,,,,,,,,,,,
24,,,,86319,,,,,,,,,,,,0.46207091212272644,0.07057748734951019,,0.8369722962379456,,4.4601359367370605,,,,,,,,,,,,,
24,,,,86339,,,,,,,,,,,,0.46207091212272644,0.10089591145515442,,0.40021756291389465,,3.245819568634033,,,,,,,,,,,,,
24,,,,86359,,,,,,,,,,,,0.46207091212272644,0.057712703943252563,,0.8321172595024109,,4.508627891540527,,,,,,,,,,,,,
24,,,,86379,,,,,,,,,,,,0.46207091212272644,0.10158420354127884,,0.5239393711090088,,4.408905982971191,,,,,,,,,,,,,
24,,,,86399,,,,,,,,,,,,0.46207091212272644,0.05287622660398483,,0.8435364961624146,,4.37554931640625,,,,,,,,,,,,,
24,,,,86419,,,,,,,,,,,,0.46207091212272644,0.10242161899805069,,0.5263289213180542,,4.365756034851074,,,,,,,,,,,,,
24,,,,86439,,,,,,,,,,,,0.46207091212272644,0.1017807126045227,,0.3990865647792816,,3.1802103519439697,,,,,,,,,,,,,
24,,,,86459,,,,,,,,,,,,0.46207091212272644,0.10386256873607635,,0.39666882157325745,,3.1730782985687256,,,,,,,,,,,,,
24,,,,86479,,,,,,,,,,,,0.46207091212272644,0.05372448265552521,,0.8520827293395996,,3.896949052810669,,,,,,,,,,,,,
24,,,,86499,,,,,,,,,,,,0.46207091212272644,0.046459514647722244,,0.8490238189697266,,4.378302574157715,,,,,,,,,,,,,
24,,,,86519,,,,,,,,,,,,0.46207091212272644,0.10006311535835266,,0.3999793231487274,,3.2355735301971436,,,,,,,,,,,,,
24,,,,86539,,,,,,,,,,,,0.46207091212272644,0.047756221145391464,,0.8544396758079529,,3.6542625427246094,,,,,,,,,,,,,
24,,,,86559,,,,,,,,,,,,0.46207091212272644,0.09582458436489105,,0.5286089777946472,,4.44002103805542,,,,,,,,,,,,,
24,,,,86579,,,,,,,,,,,,0.46207091212272644,0.11354432255029678,,0.421581894159317,,3.2311575412750244,,,,,,,,,,,,,
24,,,,86599,,,,,,,,,,,,0.46207091212272644,0.10766677558422089,,0.5494104027748108,,4.4867377281188965,,,,,,,,,,,,,
24,,,,86619,,,,,,,,,,,,0.46207091212272644,0.06661015003919601,,0.5228571891784668,,3.228118896484375,,,,,,,,,,,,,
24,,,,86639,,,,,,,,,,,,0.46207091212272644,0.051716357469558716,,0.8749880194664001,,4.450488090515137,,,,,,,,,,,,,
24,,,,86659,,,,,,,,,,,,0.46207091212272644,0.06565362215042114,,0.5601944923400879,,3.2503089904785156,,,,,,,,,,,,,
24,,,,86679,,,,,,,,,,,,0.46207091212272644,0.039594441652297974,,0.8090054392814636,,3.336711883544922,,,,,,,,,,,,,
24,,,,86699,,,,,,,,,,,,0.46207091212272644,0.05452778935432434,,0.7137170433998108,,3.259885787963867,,,,,,,,,,,,,
24,,,,86719,,,,,,,,,,,,0.46207091212272644,0.043616883456707,,0.8618531227111816,,4.296710968017578,,,,,,,,,,,,,
24,,,,86739,,,,,,,,,,,,0.46207091212272644,0.05111663043498993,,0.6915488243103027,,3.2244019508361816,,,,,,,,,,,,,
24,,,,86759,,,,,,,,,,,,0.46207091212272644,0.10478382557630539,,0.40165749192237854,,3.1426737308502197,,,,,,,,,,,,,
24,,,,86779,,,,,,,,,,,,0.46207091212272644,0.10716208070516586,,0.3985449969768524,,3.1494626998901367,,,,,,,,,,,,,
24,,,,86799,,,,,,,,,,,,0.46207091212272644,0.07593647390604019,,0.6350511312484741,,4.489236831665039,,,,,,,,,,,,,
24,,,,86819,,,,,,,,,,,,0.46207091212272644,0.04793816804885864,,0.8339860439300537,,4.1376543045043945,,,,,,,,,,,,,
24,,,,86839,,,,,,,,,,,,0.46207091212272644,0.10833492875099182,,0.5243944525718689,,4.414360046386719,,,,,,,,,,,,,
24,,,,86859,,,,,,,,,,,,0.46207091212272644,0.05330348759889603,,0.8450995683670044,,4.350728988647461,,,,,,,,,,,,,
24,,,,86879,,,,,,,,,,,,0.46207091212272644,0.0956498309969902,,0.40033069252967834,,3.2754316329956055,,,,,,,,,,,,,
24,,,,86899,,,,,,,,,,,,0.46207091212272644,0.04931032657623291,,0.8834298849105835,,4.368319511413574,,,,,,,,,,,,,
24,,,,86919,,,,,,,,,,,,0.46207091212272644,0.09691785275936127,,0.3983137011528015,,3.2544326782226562,,,,,,,,,,,,,
24,,,,86939,,,,,,,,,,,,0.46207091212272644,0.09459453821182251,,0.42901840806007385,,3.2599339485168457,,,,,,,,,,,,,
24,,,,86959,,,,,,,,,,,,0.46207091212272644,0.055690664798021317,,0.6374127268791199,,3.207000970840454,,,,,,,,,,,,,
24,,,,86979,,,,,,,,,,,,0.46207091212272644,0.10086628049612045,,0.39865416288375854,,3.1354899406433105,,,,,,,,,,,,,
24,,,,86999,,,,,,,,,,,,0.46207091212272644,0.10524538904428482,,0.5168006420135498,,4.390135765075684,,,,,,,,,,,,,
24,,,,87019,,,,,,,,,,,,0.46207091212272644,0.07905024290084839,,0.6696310043334961,,4.309798240661621,,,,,,,,,,,,,
24,,,,87039,,,,,,,,,,,,0.46207091212272644,0.05212143808603287,,0.9265051484107971,,3.8630409240722656,,,,,,,,,,,,,
24,,,,87049,,,,,,,,,,,,,,,,,,0.6759113073348999,0.871170699596405,0.6469972729682922,0.6569467186927795,0.5122808218002319,0.6668961644172668,0.5685467720031738,0.6698061227798462,0.7213602662086487,0.82997065782547,0.8085863590240479,0.30766746401786804,0.6759113073348999
24,,,,87049,,,,,,,,,0.6051382422447205,0.08145301789045334,0.462065726518631,,,0.6069595813751221,,3.864626407623291,,,,,,,,,,,,,,
,0.0002503695909538287,0.0002503695909538287,2.503695909538287e-05,87050,,,,,,,,,,,,,,,,,,,,,,,,,,,,,,
25,,,,87059,,,,,,,,,,,,0.46207091212272644,0.10654082149267197,,0.42202213406562805,,3.288844108581543,,,,,,,,,,,,,
25,,,,87079,,,,,,,,,,,,0.46207091212272644,0.10828837752342224,,0.41304534673690796,,3.3004887104034424,,,,,,,,,,,,,
25,,,,87099,,,,,,,,,,,,0.46207091212272644,0.05384228751063347,,0.636935830116272,,3.3880882263183594,,,,,,,,,,,,,
25,,,,87119,,,,,,,,,,,,0.46207091212272644,0.07747018337249756,,0.5707328915596008,,3.340799570083618,,,,,,,,,,,,,
25,,,,87139,,,,,,,,,,,,0.46207091212272644,0.048712391406297684,,0.8750255107879639,,4.305892467498779,,,,,,,,,,,,,
25,,,,87159,,,,,,,,,,,,0.46207091212272644,0.10959188640117645,,0.5235607028007507,,4.367372512817383,,,,,,,,,,,,,
25,,,,87179,,,,,,,,,,,,0.46207091212272644,0.10416662693023682,,0.5795446038246155,,4.404078960418701,,,,,,,,,,,,,
25,,,,87199,,,,,,,,,,,,0.46207091212272644,0.10296698659658432,,0.526835560798645,,4.392580032348633,,,,,,,,,,,,,
25,,,,87219,,,,,,,,,,,,0.46207091212272644,0.05919519066810608,,0.7701646685600281,,4.321303367614746,,,,,,,,,,,,,
25,,,,87239,,,,,,,,,,,,0.46207091212272644,0.10504221171140671,,0.5174296498298645,,4.333174705505371,,,,,,,,,,,,,
25,,,,87259,,,,,,,,,,,,0.46207091212272644,0.057308096438646317,,0.6059541702270508,,3.2845029830932617,,,,,,,,,,,,,
25,,,,87279,,,,,,,,,,,,0.46207091212272644,0.09631070494651794,,0.4010094702243805,,3.2624192237854004,,,,,,,,,,,,,
25,,,,87299,,,,,,,,,,,,0.46207091212272644,0.09676448255777359,,0.5911983251571655,,4.415781021118164,,,,,,,,,,,,,
25,,,,87319,,,,,,,,,,,,0.46207091212272644,0.10087884217500687,,0.5570857524871826,,4.431778907775879,,,,,,,,,,,,,
25,,,,87339,,,,,,,,,,,,0.46207091212272644,0.09776455163955688,,0.5575413107872009,,4.357815742492676,,,,,,,,,,,,,
25,,,,87359,,,,,,,,,,,,0.46207091212272644,0.06013107672333717,,0.7504568696022034,,3.467717170715332,,,,,,,,,,,,,
25,,,,87379,,,,,,,,,,,,0.46207091212272644,0.054423704743385315,,0.7054951786994934,,3.302643299102783,,,,,,,,,,,,,
25,,,,87399,,,,,,,,,,,,0.46207091212272644,0.09601888805627823,,0.5196462869644165,,4.362480163574219,,,,,,,,,,,,,
25,,,,87419,,,,,,,,,,,,0.46207091212272644,0.10520507395267487,,0.42519208788871765,,3.281986713409424,,,,,,,,,,,,,
25,,,,87439,,,,,,,,,,,,0.46207091212272644,0.04968595504760742,,0.8167954683303833,,4.220855712890625,,,,,,,,,,,,,
25,,,,87459,,,,,,,,,,,,0.46207091212272644,0.09603092074394226,,0.6249682307243347,,4.406026840209961,,,,,,,,,,,,,
25,,,,87479,,,,,,,,,,,,0.46207091212272644,0.055146560072898865,,0.7252559065818787,,4.318535327911377,,,,,,,,,,,,,
25,,,,87499,,,,,,,,,,,,0.46207091212272644,0.05433310195803642,,0.7089670300483704,,3.458643913269043,,,,,,,,,,,,,
25,,,,87519,,,,,,,,,,,,0.46207091212272644,0.1116185337305069,,0.43590474128723145,,3.3330628871917725,,,,,,,,,,,,,
25,,,,87539,,,,,,,,,,,,0.46207091212272644,0.05801263451576233,,0.749318540096283,,3.491946220397949,,,,,,,,,,,,,
25,,,,87559,,,,,,,,,,,,0.46207091212272644,0.08274368941783905,,0.4085041880607605,,3.2223849296569824,,,,,,,,,,,,,
25,,,,87579,,,,,,,,,,,,0.46207091212272644,0.0843929871916771,,0.7145771980285645,,4.450326919555664,,,,,,,,,,,,,
25,,,,87599,,,,,,,,,,,,0.46207091212272644,0.055334459990262985,,0.8119083642959595,,4.451019763946533,,,,,,,,,,,,,
25,,,,87619,,,,,,,,,,,,0.46207091212272644,0.10474631190299988,,0.546555757522583,,4.428329944610596,,,,,,,,,,,,,
25,,,,87639,,,,,,,,,,,,0.46207091212272644,0.05228063464164734,,0.903869092464447,,3.9754297733306885,,,,,,,,,,,,,
25,,,,87659,,,,,,,,,,,,0.46207091212272644,0.08532719314098358,,0.5235282778739929,,4.329038143157959,,,,,,,,,,,,,
25,,,,87679,,,,,,,,,,,,0.46207091212272644,0.08894273638725281,,0.7940388917922974,,4.365067005157471,,,,,,,,,,,,,
25,,,,87699,,,,,,,,,,,,0.46207091212272644,0.0944765955209732,,0.5599757432937622,,4.3979034423828125,,,,,,,,,,,,,
25,,,,87719,,,,,,,,,,,,0.46207091212272644,0.06258352100849152,,0.6074842214584351,,3.2928853034973145,,,,,,,,,,,,,
25,,,,87739,,,,,,,,,,,,0.46207091212272644,0.10186350345611572,,0.5143926739692688,,4.36762809753418,,,,,,,,,,,,,
25,,,,87759,,,,,,,,,,,,0.46207091212272644,0.04876657947897911,,0.5637505650520325,,3.3420026302337646,,,,,,,,,,,,,
25,,,,87779,,,,,,,,,,,,0.46207091212272644,0.07549160718917847,,0.5590291023254395,,3.2727880477905273,,,,,,,,,,,,,
25,,,,87799,,,,,,,,,,,,0.46207091212272644,0.0908343568444252,,0.45647671818733215,,3.2998695373535156,,,,,,,,,,,,,
25,,,,87819,,,,,,,,,,,,0.46207091212272644,0.05682455003261566,,0.6676266193389893,,3.215877056121826,,,,,,,,,,,,,
25,,,,87839,,,,,,,,,,,,0.46207091212272644,0.0472513809800148,,0.9322512745857239,,4.1794657707214355,,,,,,,,,,,,,
25,,,,87859,,,,,,,,,,,,0.46207091212272644,0.06487490236759186,,0.6606172919273376,,4.417929649353027,,,,,,,,,,,,,
25,,,,87879,,,,,,,,,,,,0.46207091212272644,0.0622752420604229,,0.5492476224899292,,3.1219606399536133,,,,,,,,,,,,,
25,,,,87899,,,,,,,,,,,,0.46207091212272644,0.08412513136863708,,0.445282906293869,,3.1134791374206543,,,,,,,,,,,,,
25,,,,87919,,,,,,,,,,,,0.46207091212272644,0.1015709862112999,,0.4006999433040619,,3.2263333797454834,,,,,,,,,,,,,
25,,,,87939,,,,,,,,,,,,0.46207091212272644,0.09807170927524567,,0.5135059952735901,,4.330845832824707,,,,,,,,,,,,,
25,,,,87959,,,,,,,,,,,,0.46207091212272644,0.10141603648662567,,0.5363332629203796,,4.425957202911377,,,,,,,,,,,,,
25,,,,87979,,,,,,,,,,,,0.46207091212272644,0.051457226276397705,,0.9001078605651855,,3.94254207611084,,,,,,,,,,,,,
25,,,,87999,,,,,,,,,,,,0.46207091212272644,0.10204631090164185,,0.4111657440662384,,3.3020071983337402,,,,,,,,,,,,,
25,,,,88019,,,,,,,,,,,,0.46207091212272644,0.09026448428630829,,0.451108455657959,,3.3036112785339355,,,,,,,,,,,,,
25,,,,88039,,,,,,,,,,,,0.46207091212272644,0.10662111639976501,,0.5176196098327637,,4.395688533782959,,,,,,,,,,,,,
25,,,,88059,,,,,,,,,,,,0.46207091212272644,0.044156890362501144,,0.8469361066818237,,3.6301567554473877,,,,,,,,,,,,,
25,,,,88079,,,,,,,,,,,,0.46207091212272644,0.10901230573654175,,0.5230534076690674,,4.416846752166748,,,,,,,,,,,,,
25,,,,88099,,,,,,,,,,,,0.46207091212272644,0.10430517792701721,,0.5456257462501526,,4.4360432624816895,,,,,,,,,,,,,
25,,,,88119,,,,,,,,,,,,0.46207091212272644,0.060477495193481445,,0.7599573731422424,,4.450029373168945,,,,,,,,,,,,,
25,,,,88139,,,,,,,,,,,,0.46207091212272644,0.04901883006095886,,0.858100950717926,,4.334990501403809,,,,,,,,,,,,,
25,,,,88159,,,,,,,,,,,,0.46207091212272644,0.10377538949251175,,0.435550719499588,,3.2560982704162598,,,,,,,,,,,,,
25,,,,88179,,,,,,,,,,,,0.46207091212272644,0.10300557315349579,,0.40326517820358276,,3.2228007316589355,,,,,,,,,,,,,
25,,,,88199,,,,,,,,,,,,0.46207091212272644,0.0513634979724884,,0.6113998293876648,,3.193696975708008,,,,,,,,,,,,,
25,,,,88219,,,,,,,,,,,,0.46207091212272644,0.086891308426857,,0.4888836443424225,,3.244415760040283,,,,,,,,,,,,,
25,,,,88239,,,,,,,,,,,,0.46207091212272644,0.05971384793519974,,0.72122722864151,,4.416543006896973,,,,,,,,,,,,,
25,,,,88259,,,,,,,,,,,,0.46207091212272644,0.059758998453617096,,0.8263527154922485,,4.404117107391357,,,,,,,,,,,,,
25,,,,88279,,,,,,,,,,,,0.46207091212272644,0.06561945378780365,,0.6803325414657593,,4.439105987548828,,,,,,,,,,,,,
25,,,,88299,,,,,,,,,,,,0.46207091212272644,0.10610407590866089,,0.5364474654197693,,4.459583282470703,,,,,,,,,,,,,
25,,,,88319,,,,,,,,,,,,0.46207091212272644,0.05223090201616287,,0.8080829977989197,,3.931020975112915,,,,,,,,,,,,,
25,,,,88339,,,,,,,,,,,,0.46207091212272644,0.07706154882907867,,0.5418691039085388,,3.1222543716430664,,,,,,,,,,,,,
25,,,,88359,,,,,,,,,,,,0.46207091212272644,0.1016693115234375,,0.5473401546478271,,4.61129903793335,,,,,,,,,,,,,
25,,,,88379,,,,,,,,,,,,0.46207091212272644,0.09133917838335037,,0.4688114821910858,,3.157121181488037,,,,,,,,,,,,,
25,,,,88399,,,,,,,,,,,,0.46207091212272644,0.05677016079425812,,0.71132892370224,,4.483930587768555,,,,,,,,,,,,,
25,,,,88419,,,,,,,,,,,,0.46207091212272644,0.08870849013328552,,0.7049139738082886,,4.4553375244140625,,,,,,,,,,,,,
25,,,,88439,,,,,,,,,,,,0.46207091212272644,0.06557886302471161,,0.5350468158721924,,3.219618797302246,,,,,,,,,,,,,
25,,,,88459,,,,,,,,,,,,0.46207091212272644,0.1028468981385231,,0.5451611280441284,,4.459081649780273,,,,,,,,,,,,,
25,,,,88479,,,,,,,,,,,,0.46207091212272644,0.10602574050426483,,0.5330310463905334,,4.410677909851074,,,,,,,,,,,,,
25,,,,88499,,,,,,,,,,,,0.46207091212272644,0.0508124865591526,,0.9224693775177002,,3.8325998783111572,,,,,,,,,,,,,
25,,,,88519,,,,,,,,,,,,0.46207091212272644,0.05905717611312866,,0.7720131874084473,,3.423907995223999,,,,,,,,,,,,,
25,,,,88539,,,,,,,,,,,,0.46207091212272644,0.0975557267665863,,0.4112549424171448,,3.3042635917663574,,,,,,,,,,,,,
25,,,,88559,,,,,,,,,,,,0.46207091212272644,0.11267679184675217,,0.5375669598579407,,4.37075138092041,,,,,,,,,,,,,
25,,,,88579,,,,,,,,,,,,0.46207091212272644,0.05478636175394058,,0.734262228012085,,4.3946356773376465,,,,,,,,,,,,,
25,,,,88599,,,,,,,,,,,,0.46207091212272644,0.10702782869338989,,0.4122859835624695,,3.2993288040161133,,,,,,,,,,,,,
25,,,,88619,,,,,,,,,,,,0.46207091212272644,0.09195972979068756,,0.5696492195129395,,4.3951416015625,,,,,,,,,,,,,
25,,,,88639,,,,,,,,,,,,0.46207091212272644,0.050895806401968,,0.7252185344696045,,3.3445186614990234,,,,,,,,,,,,,
25,,,,88659,,,,,,,,,,,,0.46207091212272644,0.052449848502874374,,0.8358333110809326,,4.398927688598633,,,,,,,,,,,,,
25,,,,88679,,,,,,,,,,,,0.46207091212272644,0.04871494323015213,,0.9103297591209412,,3.6438276767730713,,,,,,,,,,,,,
25,,,,88699,,,,,,,,,,,,0.46207091212272644,0.0675748735666275,,0.6841200590133667,,4.368682861328125,,,,,,,,,,,,,
25,,,,88719,,,,,,,,,,,,0.46207091212272644,0.09556631743907928,,0.5273208618164062,,4.362725734710693,,,,,,,,,,,,,
25,,,,88739,,,,,,,,,,,,0.46207091212272644,0.10553693771362305,,0.5208166241645813,,4.389975547790527,,,,,,,,,,,,,
25,,,,88759,,,,,,,,,,,,0.46207091212272644,0.1104009747505188,,0.5256754755973816,,4.421352386474609,,,,,,,,,,,,,
25,,,,88779,,,,,,,,,,,,0.46207091212272644,0.05195814371109009,,0.872582733631134,,3.662141799926758,,,,,,,,,,,,,
25,,,,88799,,,,,,,,,,,,0.46207091212272644,0.08309558033943176,,0.7780699133872986,,4.4015960693359375,,,,,,,,,,,,,
25,,,,88819,,,,,,,,,,,,0.46207091212272644,0.10881118476390839,,0.5305929183959961,,4.348888874053955,,,,,,,,,,,,,
25,,,,88839,,,,,,,,,,,,0.46207091212272644,0.08000758290290833,,0.723578691482544,,4.366390228271484,,,,,,,,,,,,,
25,,,,88859,,,,,,,,,,,,0.46207091212272644,0.07142823934555054,,0.6140928864479065,,4.368560791015625,,,,,,,,,,,,,
25,,,,88879,,,,,,,,,,,,0.46207091212272644,0.10653717815876007,,0.5122548341751099,,4.305490970611572,,,,,,,,,,,,,
25,,,,88899,,,,,,,,,,,,0.46207091212272644,0.040175117552280426,,0.9096893668174744,,3.722668170928955,,,,,,,,,,,,,
25,,,,88919,,,,,,,,,,,,0.46207091212272644,0.10312146693468094,,0.5167468786239624,,4.368404388427734,,,,,,,,,,,,,
25,,,,88939,,,,,,,,,,,,0.46207091212272644,0.055157165974378586,,0.8600644469261169,,3.556342601776123,,,,,,,,,,,,,
25,,,,88959,,,,,,,,,,,,0.46207091212272644,0.08014587312936783,,0.6930465698242188,,4.404782772064209,,,,,,,,,,,,,
25,,,,88979,,,,,,,,,,,,0.46207091212272644,0.04781225696206093,,0.9316744208335876,,4.367743492126465,,,,,,,,,,,,,
25,,,,88999,,,,,,,,,,,,0.46207091212272644,0.04678235948085785,,0.8976190686225891,,4.200500011444092,,,,,,,,,,,,,
25,,,,89019,,,,,,,,,,,,0.46207091212272644,0.05325157940387726,,0.9004579186439514,,4.263615608215332,,,,,,,,,,,,,
25,,,,89039,,,,,,,,,,,,0.46207091212272644,0.05596713721752167,,0.8157929182052612,,4.741533279418945,,,,,,,,,,,,,
25,,,,89059,,,,,,,,,,,,0.46207091212272644,0.10684114694595337,,0.5422728657722473,,4.61451530456543,,,,,,,,,,,,,
25,,,,89079,,,,,,,,,,,,0.46207091212272644,0.04694901406764984,,0.8623045086860657,,3.8368608951568604,,,,,,,,,,,,,
25,,,,89099,,,,,,,,,,,,0.46207091212272644,0.0957435667514801,,0.4003620445728302,,3.2373406887054443,,,,,,,,,,,,,
25,,,,89119,,,,,,,,,,,,0.46207091212272644,0.10967157781124115,,0.5186731815338135,,4.358978271484375,,,,,,,,,,,,,
25,,,,89139,,,,,,,,,,,,0.46207091212272644,0.10662874579429626,,0.5276601314544678,,4.436435699462891,,,,,,,,,,,,,
25,,,,89159,,,,,,,,,,,,0.46207091212272644,0.04383545368909836,,0.9378700256347656,,4.19538688659668,,,,,,,,,,,,,
25,,,,89179,,,,,,,,,,,,0.46207091212272644,0.11388620734214783,,0.5375775694847107,,4.457426071166992,,,,,,,,,,,,,
25,,,,89199,,,,,,,,,,,,0.46207091212272644,0.09166204184293747,,0.4390265643596649,,3.176030158996582,,,,,,,,,,,,,
25,,,,89219,,,,,,,,,,,,0.46207091212272644,0.09748993813991547,,0.5773704648017883,,4.554811477661133,,,,,,,,,,,,,
25,,,,89239,,,,,,,,,,,,0.46207091212272644,0.10523880273103714,,0.556150496006012,,4.520301818847656,,,,,,,,,,,,,
25,,,,89259,,,,,,,,,,,,0.46207091212272644,0.04524894803762436,,0.8519777059555054,,3.423815965652466,,,,,,,,,,,,,
25,,,,89279,,,,,,,,,,,,0.46207091212272644,0.09770217537879944,,0.3816157579421997,,3.0786643028259277,,,,,,,,,,,,,
25,,,,89299,,,,,,,,,,,,0.46207091212272644,0.09715870022773743,,0.6259750127792358,,4.545423984527588,,,,,,,,,,,,,
25,,,,89319,,,,,,,,,,,,0.46207091212272644,0.0975138396024704,,0.40780627727508545,,3.181596279144287,,,,,,,,,,,,,
25,,,,89339,,,,,,,,,,,,0.46207091212272644,0.10209746658802032,,0.524470865726471,,4.4857096672058105,,,,,,,,,,,,,
25,,,,89359,,,,,,,,,,,,0.46207091212272644,0.10678189247846603,,0.5280627012252808,,4.503667831420898,,,,,,,,,,,,,
25,,,,89379,,,,,,,,,,,,0.46207091212272644,0.094411700963974,,0.4537998139858246,,3.15855073928833,,,,,,,,,,,,,
25,,,,89399,,,,,,,,,,,,0.46207091212272644,0.10430172085762024,,0.5782107710838318,,4.403071403503418,,,,,,,,,,,,,
25,,,,89419,,,,,,,,,,,,0.46207091212272644,0.10581737756729126,,0.5324416160583496,,4.471872329711914,,,,,,,,,,,,,
25,,,,89439,,,,,,,,,,,,0.46207091212272644,0.07508715242147446,,0.4793989956378937,,3.1764862537384033,,,,,,,,,,,,,
25,,,,89459,,,,,,,,,,,,0.46207091212272644,0.04742451757192612,,0.8212679028511047,,4.125901699066162,,,,,,,,,,,,,
25,,,,89479,,,,,,,,,,,,0.46207091212272644,0.08269988000392914,,0.413769006729126,,3.1138358116149902,,,,,,,,,,,,,
25,,,,89499,,,,,,,,,,,,0.46207091212272644,0.11499881744384766,,0.5283841490745544,,4.462955474853516,,,,,,,,,,,,,
25,,,,89519,,,,,,,,,,,,0.46207091212272644,0.09620951116085052,,0.431488037109375,,3.2265872955322266,,,,,,,,,,,,,
25,,,,89539,,,,,,,,,,,,0.46207091212272644,0.0995684266090393,,0.42181092500686646,,3.237809896469116,,,,,,,,,,,,,
25,,,,89559,,,,,,,,,,,,0.46207091212272644,0.09547904133796692,,0.402794748544693,,3.1521692276000977,,,,,,,,,,,,,
25,,,,89579,,,,,,,,,,,,0.46207091212272644,0.08702926337718964,,0.42496687173843384,,3.1080660820007324,,,,,,,,,,,,,
25,,,,89599,,,,,,,,,,,,0.46207091212272644,0.09589993208646774,,0.40615329146385193,,3.116708755493164,,,,,,,,,,,,,
25,,,,89619,,,,,,,,,,,,0.46207091212272644,0.10254165530204773,,0.3900630474090576,,3.133380651473999,,,,,,,,,,,,,
25,,,,89639,,,,,,,,,,,,0.46207091212272644,0.05602410435676575,,0.6587897539138794,,3.25844407081604,,,,,,,,,,,,,
25,,,,89659,,,,,,,,,,,,0.46207091212272644,0.06601044535636902,,0.5085779428482056,,3.2966012954711914,,,,,,,,,,,,,
25,,,,89679,,,,,,,,,,,,0.46207091212272644,0.10579241812229156,,0.4141629636287689,,3.274902582168579,,,,,,,,,,,,,
25,,,,89699,,,,,,,,,,,,0.46207091212272644,0.04771217331290245,,0.8492214679718018,,4.348967552185059,,,,,,,,,,,,,
25,,,,89719,,,,,,,,,,,,0.46207091212272644,0.11190131306648254,,0.5368934869766235,,4.517210006713867,,,,,,,,,,,,,
25,,,,89739,,,,,,,,,,,,0.46207091212272644,0.10086584091186523,,0.4446994662284851,,3.230890989303589,,,,,,,,,,,,,
25,,,,89759,,,,,,,,,,,,0.46207091212272644,0.10372935980558395,,0.5267000198364258,,4.435416221618652,,,,,,,,,,,,,
25,,,,89779,,,,,,,,,,,,0.46207091212272644,0.050456881523132324,,0.7710677981376648,,4.466914176940918,,,,,,,,,,,,,
25,,,,89799,,,,,,,,,,,,0.46207091212272644,0.11811576783657074,,0.437032014131546,,3.2501068115234375,,,,,,,,,,,,,
25,,,,89819,,,,,,,,,,,,0.46207091212272644,0.09898494184017181,,0.39753472805023193,,3.1951961517333984,,,,,,,,,,,,,
25,,,,89839,,,,,,,,,,,,0.46207091212272644,0.07917578518390656,,0.6167630553245544,,4.484335899353027,,,,,,,,,,,,,
25,,,,89859,,,,,,,,,,,,0.46207091212272644,0.09522029757499695,,0.5457359552383423,,4.57994270324707,,,,,,,,,,,,,
25,,,,89879,,,,,,,,,,,,0.46207091212272644,0.04507308453321457,,0.8392797112464905,,3.447788715362549,,,,,,,,,,,,,
25,,,,89899,,,,,,,,,,,,0.46207091212272644,0.1122744083404541,,0.41579896211624146,,3.100109577178955,,,,,,,,,,,,,
25,,,,89919,,,,,,,,,,,,0.46207091212272644,0.10101273655891418,,0.5632388591766357,,4.515761852264404,,,,,,,,,,,,,
25,,,,89939,,,,,,,,,,,,0.46207091212272644,0.08439933508634567,,0.5369289517402649,,3.142225503921509,,,,,,,,,,,,,
25,,,,89959,,,,,,,,,,,,0.46207091212272644,0.09056605398654938,,0.5358246564865112,,4.488462448120117,,,,,,,,,,,,,
25,,,,89979,,,,,,,,,,,,0.46207091212272644,0.07833600044250488,,0.47167685627937317,,3.1206741333007812,,,,,,,,,,,,,
25,,,,89999,,,,,,,,,,,,0.46207091212272644,0.0983828604221344,,0.506819486618042,,3.1105527877807617,,,,,,,,,,,,,
25,,,,90019,,,,,,,,,,,,0.46207091212272644,0.0484888032078743,,0.9256223440170288,,4.557360649108887,,,,,,,,,,,,,
25,,,,90039,,,,,,,,,,,,0.46207091212272644,0.11187796294689178,,0.5472986102104187,,4.626333236694336,,,,,,,,,,,,,
25,,,,90059,,,,,,,,,,,,0.46207091212272644,0.04353831708431244,,0.8635660409927368,,4.46361780166626,,,,,,,,,,,,,
25,,,,90079,,,,,,,,,,,,0.46207091212272644,0.043528057634830475,,0.8828396201133728,,4.329777717590332,,,,,,,,,,,,,
25,,,,90099,,,,,,,,,,,,0.46207091212272644,0.09891604632139206,,0.5173618197441101,,4.412606239318848,,,,,,,,,,,,,
25,,,,90119,,,,,,,,,,,,0.46207091212272644,0.05952376127243042,,0.8319908380508423,,4.3010711669921875,,,,,,,,,,,,,
25,,,,90139,,,,,,,,,,,,0.46207091212272644,0.079930879175663,,0.6752871870994568,,4.39103364944458,,,,,,,,,,,,,
25,,,,90159,,,,,,,,,,,,0.46207091212272644,0.1040332168340683,,0.40766680240631104,,3.3012795448303223,,,,,,,,,,,,,
25,,,,90179,,,,,,,,,,,,0.46207091212272644,0.04974639043211937,,0.7521509528160095,,3.406015396118164,,,,,,,,,,,,,
25,,,,90199,,,,,,,,,,,,0.46207091212272644,0.04759201034903526,,0.8835649490356445,,3.8355777263641357,,,,,,,,,,,,,
25,,,,90219,,,,,,,,,,,,0.46207091212272644,0.10345325618982315,,0.5273690819740295,,4.391246795654297,,,,,,,,,,,,,
25,,,,90239,,,,,,,,,,,,0.46207091212272644,0.08874456584453583,,0.5659591555595398,,4.403233051300049,,,,,,,,,,,,,
25,,,,90259,,,,,,,,,,,,0.46207091212272644,0.07046371698379517,,0.5603833794593811,,3.2406532764434814,,,,,,,,,,,,,
25,,,,90279,,,,,,,,,,,,0.46207091212272644,0.10736183822154999,,0.5703101754188538,,4.401698112487793,,,,,,,,,,,,,
25,,,,90299,,,,,,,,,,,,0.46207091212272644,0.05642712116241455,,0.823798656463623,,4.342761993408203,,,,,,,,,,,,,
25,,,,90319,,,,,,,,,,,,0.46207091212272644,0.10363811254501343,,0.4016052782535553,,3.245868444442749,,,,,,,,,,,,,
25,,,,90339,,,,,,,,,,,,0.46207091212272644,0.053448621183633804,,0.9103065729141235,,4.084484577178955,,,,,,,,,,,,,
25,,,,90359,,,,,,,,,,,,0.46207091212272644,0.10946842283010483,,0.41052329540252686,,3.2315335273742676,,,,,,,,,,,,,
25,,,,90379,,,,,,,,,,,,0.46207091212272644,0.09576043486595154,,0.5734329223632812,,4.409502983093262,,,,,,,,,,,,,
25,,,,90399,,,,,,,,,,,,0.46207091212272644,0.0783262699842453,,0.5037937760353088,,3.1782214641571045,,,,,,,,,,,,,
25,,,,90419,,,,,,,,,,,,0.46207091212272644,0.10808594524860382,,0.4022705554962158,,3.2060070037841797,,,,,,,,,,,,,
25,,,,90439,,,,,,,,,,,,0.46207091212272644,0.10210804641246796,,0.3986937701702118,,3.177426815032959,,,,,,,,,,,,,
25,,,,90459,,,,,,,,,,,,0.46207091212272644,0.07033756375312805,,0.7605290412902832,,4.447627544403076,,,,,,,,,,,,,
25,,,,90479,,,,,,,,,,,,0.46207091212272644,0.09518863260746002,,0.4659197926521301,,3.255995750427246,,,,,,,,,,,,,
25,,,,90499,,,,,,,,,,,,0.46207091212272644,0.11424189060926437,,0.5477707982063293,,4.371387481689453,,,,,,,,,,,,,
25,,,,90519,,,,,,,,,,,,0.46207091212272644,0.09814463555812836,,0.5192410349845886,,4.443473815917969,,,,,,,,,,,,,
25,,,,90531,,,,,,,,,,,,,,,,,,0.6776110529899597,0.8437577486038208,0.6664137244224548,0.6660623550415039,0.5738714933395386,0.6657110452651978,0.5970868468284607,0.7046815752983093,0.7272727489471436,0.7647331953048706,0.8026070594787598,0.36823105812072754,0.6776110529899597
25,,,,90531,,,,,,,,,0.6110403537750244,0.08265595138072968,0.462065726518631,,,0.6013671159744263,,3.8532304763793945,,,,,,,,,,,,,,
,0.0002456135984623034,0.0002456135984623034,2.4561359846230342e-05,90532,,,,,,,,,,,,,,,,,,,,,,,,,,,,,,
26,,,,90539,,,,,,,,,,,,0.46207091212272644,0.10821349173784256,,0.5767054557800293,,4.346016883850098,,,,,,,,,,,,,
26,,,,90559,,,,,,,,,,,,0.46207091212272644,0.10119278728961945,,0.5274659991264343,,4.434715270996094,,,,,,,,,,,,,
26,,,,90579,,,,,,,,,,,,0.46207091212272644,0.0581512376666069,,0.9309830665588379,,4.229543685913086,,,,,,,,,,,,,
26,,,,90599,,,,,,,,,,,,0.46207091212272644,0.10907606780529022,,0.42022964358329773,,3.3502800464630127,,,,,,,,,,,,,
26,,,,90619,,,,,,,,,,,,0.46207091212272644,0.0822344720363617,,0.6659063696861267,,4.3097028732299805,,,,,,,,,,,,,
26,,,,90639,,,,,,,,,,,,0.46207091212272644,0.09258231520652771,,0.42702481150627136,,3.2871298789978027,,,,,,,,,,,,,
26,,,,90659,,,,,,,,,,,,0.46207091212272644,0.08748822659254074,,0.5751826763153076,,4.417050838470459,,,,,,,,,,,,,
26,,,,90679,,,,,,,,,,,,0.46207091212272644,0.09893447905778885,,0.5331151485443115,,4.3705902099609375,,,,,,,,,,,,,
26,,,,90699,,,,,,,,,,,,0.46207091212272644,0.04191786050796509,,0.9274377822875977,,4.115585803985596,,,,,,,,,,,,,
26,,,,90719,,,,,,,,,,,,0.46207091212272644,0.043982163071632385,,0.910850465297699,,4.060022354125977,,,,,,,,,,,,,
26,,,,90739,,,,,,,,,,,,0.46207091212272644,0.10976679623126984,,0.4582539200782776,,3.3141345977783203,,,,,,,,,,,,,
26,,,,90759,,,,,,,,,,,,0.46207091212272644,0.059332266449928284,,0.7877350449562073,,4.420124530792236,,,,,,,,,,,,,
26,,,,90779,,,,,,,,,,,,0.46207091212272644,0.05492531508207321,,0.8923139572143555,,4.249881744384766,,,,,,,,,,,,,
26,,,,90799,,,,,,,,,,,,0.46207091212272644,0.08604516088962555,,0.6399281620979309,,4.496313095092773,,,,,,,,,,,,,
26,,,,90819,,,,,,,,,,,,0.46207091212272644,0.10471244156360626,,0.4028171896934509,,3.237931489944458,,,,,,,,,,,,,
26,,,,90839,,,,,,,,,,,,0.46207091212272644,0.10828700661659241,,0.4077407419681549,,3.25683856010437,,,,,,,,,,,,,
26,,,,90859,,,,,,,,,,,,0.46207091212272644,0.07726693153381348,,0.4314507246017456,,3.358747959136963,,,,,,,,,,,,,
26,,,,90879,,,,,,,,,,,,0.46207091212272644,0.09279070794582367,,0.4729132056236267,,3.236797332763672,,,,,,,,,,,,,
26,,,,90899,,,,,,,,,,,,0.46207091212272644,0.10166424512863159,,0.5315279960632324,,4.4547624588012695,,,,,,,,,,,,,
26,,,,90919,,,,,,,,,,,,0.46207091212272644,0.10334226489067078,,0.4085978865623474,,3.2557191848754883,,,,,,,,,,,,,
26,,,,90939,,,,,,,,,,,,0.46207091212272644,0.08055675029754639,,0.4755449891090393,,3.2383947372436523,,,,,,,,,,,,,
26,,,,90959,,,,,,,,,,,,0.46207091212272644,0.10608689486980438,,0.513888955116272,,4.354840278625488,,,,,,,,,,,,,
26,,,,90979,,,,,,,,,,,,0.46207091212272644,0.10302001237869263,,0.6238411664962769,,4.421565532684326,,,,,,,,,,,,,
26,,,,90999,,,,,,,,,,,,0.46207091212272644,0.06279714405536652,,0.7344248294830322,,4.439177989959717,,,,,,,,,,,,,
26,,,,91019,,,,,,,,,,,,0.46207091212272644,0.07007018476724625,,0.7825469970703125,,3.3874640464782715,,,,,,,,,,,,,
26,,,,91039,,,,,,,,,,,,0.46207091212272644,0.04972754418849945,,0.8771471977233887,,4.25950813293457,,,,,,,,,,,,,
26,,,,91059,,,,,,,,,,,,0.46207091212272644,0.11061331629753113,,0.5270078182220459,,4.453397750854492,,,,,,,,,,,,,
26,,,,91079,,,,,,,,,,,,0.46207091212272644,0.07504349201917648,,0.5196306109428406,,3.2520017623901367,,,,,,,,,,,,,
26,,,,91099,,,,,,,,,,,,0.46207091212272644,0.0997210368514061,,0.40436452627182007,,3.23185396194458,,,,,,,,,,,,,
26,,,,91119,,,,,,,,,,,,0.46207091212272644,0.0839298814535141,,0.5983135104179382,,3.2970504760742188,,,,,,,,,,,,,
26,,,,91139,,,,,,,,,,,,0.46207091212272644,0.09359078109264374,,0.4188726842403412,,3.184337854385376,,,,,,,,,,,,,
26,,,,91159,,,,,,,,,,,,0.46207091212272644,0.10766293108463287,,0.5339621305465698,,4.564582347869873,,,,,,,,,,,,,
26,,,,91179,,,,,,,,,,,,0.46207091212272644,0.09656988084316254,,0.39190372824668884,,3.2023444175720215,,,,,,,,,,,,,
26,,,,91199,,,,,,,,,,,,0.46207091212272644,0.11038551479578018,,0.39398983120918274,,3.1509318351745605,,,,,,,,,,,,,
26,,,,91219,,,,,,,,,,,,0.46207091212272644,0.09902143478393555,,0.5840355157852173,,4.458413124084473,,,,,,,,,,,,,
26,,,,91239,,,,,,,,,,,,0.46207091212272644,0.06194373592734337,,0.7322523593902588,,3.6345486640930176,,,,,,,,,,,,,
26,,,,91259,,,,,,,,,,,,0.46207091212272644,0.04802282154560089,,0.8840034008026123,,3.9172680377960205,,,,,,,,,,,,,
26,,,,91279,,,,,,,,,,,,0.46207091212272644,0.08941692858934402,,0.6097095012664795,,4.429461479187012,,,,,,,,,,,,,
26,,,,91299,,,,,,,,,,,,0.46207091212272644,0.0645066499710083,,0.5717228055000305,,3.3372936248779297,,,,,,,,,,,,,
26,,,,91319,,,,,,,,,,,,0.46207091212272644,0.10188549757003784,,0.51656174659729,,4.363934516906738,,,,,,,,,,,,,
26,,,,91339,,,,,,,,,,,,0.46207091212272644,0.055722516030073166,,0.7905789613723755,,3.572141408920288,,,,,,,,,,,,,
26,,,,91359,,,,,,,,,,,,0.46207091212272644,0.07010672986507416,,0.7506710886955261,,4.361536502838135,,,,,,,,,,,,,
26,,,,91379,,,,,,,,,,,,0.46207091212272644,0.099871426820755,,0.40464794635772705,,3.271331787109375,,,,,,,,,,,,,
26,,,,91399,,,,,,,,,,,,0.46207091212272644,0.10546766221523285,,0.406278520822525,,3.2788376808166504,,,,,,,,,,,,,
26,,,,91419,,,,,,,,,,,,0.46207091212272644,0.10788127779960632,,0.4032137095928192,,3.235489845275879,,,,,,,,,,,,,
26,,,,91439,,,,,,,,,,,,0.46207091212272644,0.09406599402427673,,0.5056145787239075,,3.250582695007324,,,,,,,,,,,,,
26,,,,91459,,,,,,,,,,,,0.46207091212272644,0.10806627571582794,,0.4112485647201538,,3.2862777709960938,,,,,,,,,,,,,
26,,,,91479,,,,,,,,,,,,0.46207091212272644,0.10655936598777771,,0.5181887149810791,,4.334160327911377,,,,,,,,,,,,,
26,,,,91499,,,,,,,,,,,,0.46207091212272644,0.08109638094902039,,0.5764515399932861,,4.364716053009033,,,,,,,,,,,,,
26,,,,91519,,,,,,,,,,,,0.46207091212272644,0.11098206043243408,,0.5217602252960205,,4.411880016326904,,,,,,,,,,,,,
26,,,,91539,,,,,,,,,,,,0.46207091212272644,0.09663573652505875,,0.41042423248291016,,3.252591609954834,,,,,,,,,,,,,
26,,,,91559,,,,,,,,,,,,0.46207091212272644,0.088233083486557,,0.49925804138183594,,3.2583742141723633,,,,,,,,,,,,,
26,,,,91579,,,,,,,,,,,,0.46207091212272644,0.047509800642728806,,0.7307298183441162,,3.309840679168701,,,,,,,,,,,,,
26,,,,91599,,,,,,,,,,,,0.46207091212272644,0.05057045817375183,,0.897733211517334,,4.338191032409668,,,,,,,,,,,,,
26,,,,91619,,,,,,,,,,,,0.46207091212272644,0.06574170291423798,,0.5287873148918152,,3.237488269805908,,,,,,,,,,,,,
26,,,,91639,,,,,,,,,,,,0.46207091212272644,0.10609769821166992,,0.3932650089263916,,3.1864912509918213,,,,,,,,,,,,,
26,,,,91659,,,,,,,,,,,,0.46207091212272644,0.10127989202737808,,0.44420966506004333,,3.196098566055298,,,,,,,,,,,,,
26,,,,91679,,,,,,,,,,,,0.46207091212272644,0.10252112150192261,,0.4426787495613098,,3.1235170364379883,,,,,,,,,,,,,
26,,,,91699,,,,,,,,,,,,0.46207091212272644,0.055282559245824814,,0.803983747959137,,4.367685317993164,,,,,,,,,,,,,
26,,,,91719,,,,,,,,,,,,0.46207091212272644,0.07216595113277435,,0.6712535619735718,,4.572360038757324,,,,,,,,,,,,,
26,,,,91739,,,,,,,,,,,,0.46207091212272644,0.1089760810136795,,0.5328097343444824,,4.480794906616211,,,,,,,,,,,,,
26,,,,91759,,,,,,,,,,,,0.46207091212272644,0.1015583723783493,,0.5374069213867188,,4.440093040466309,,,,,,,,,,,,,
26,,,,91779,,,,,,,,,,,,0.46207091212272644,0.09186676144599915,,0.43463271856307983,,3.2347378730773926,,,,,,,,,,,,,
26,,,,91799,,,,,,,,,,,,0.46207091212272644,0.08084315806627274,,0.680812418460846,,4.559168815612793,,,,,,,,,,,,,
26,,,,91819,,,,,,,,,,,,0.46207091212272644,0.05135350674390793,,0.8588788509368896,,4.205246448516846,,,,,,,,,,,,,
26,,,,91839,,,,,,,,,,,,0.46207091212272644,0.10367406904697418,,0.44338998198509216,,3.1715147495269775,,,,,,,,,,,,,
26,,,,91859,,,,,,,,,,,,0.46207091212272644,0.0947221890091896,,0.40228912234306335,,3.1960771083831787,,,,,,,,,,,,,
26,,,,91879,,,,,,,,,,,,0.46207091212272644,0.10859642177820206,,0.537398099899292,,4.5244035720825195,,,,,,,,,,,,,
26,,,,91899,,,,,,,,,,,,0.46207091212272644,0.09685611724853516,,0.4054652750492096,,3.140819549560547,,,,,,,,,,,,,
26,,,,91919,,,,,,,,,,,,0.46207091212272644,0.09939979016780853,,0.3897972106933594,,3.153916835784912,,,,,,,,,,,,,
26,,,,91939,,,,,,,,,,,,0.46207091212272644,0.05206117779016495,,0.6382073163986206,,3.3028409481048584,,,,,,,,,,,,,
26,,,,91959,,,,,,,,,,,,0.46207091212272644,0.10353077948093414,,0.45886120200157166,,3.2129476070404053,,,,,,,,,,,,,
26,,,,91979,,,,,,,,,,,,0.46207091212272644,0.050587255507707596,,0.7648898959159851,,3.3920340538024902,,,,,,,,,,,,,
26,,,,91999,,,,,,,,,,,,0.46207091212272644,0.10521163046360016,,0.5193912982940674,,4.418722152709961,,,,,,,,,,,,,
26,,,,92019,,,,,,,,,,,,0.46207091212272644,0.0845959410071373,,0.6196842789649963,,4.400634765625,,,,,,,,,,,,,
26,,,,92039,,,,,,,,,,,,0.46207091212272644,0.11194036900997162,,0.40333104133605957,,3.2254374027252197,,,,,,,,,,,,,
26,,,,92059,,,,,,,,,,,,0.46207091212272644,0.08945250511169434,,0.4810169041156769,,3.233556032180786,,,,,,,,,,,,,
26,,,,92079,,,,,,,,,,,,0.46207091212272644,0.0974215567111969,,0.38735687732696533,,3.1383275985717773,,,,,,,,,,,,,
26,,,,92099,,,,,,,,,,,,0.46207091212272644,0.068595290184021,,0.55488520860672,,3.1653599739074707,,,,,,,,,,,,,
26,,,,92119,,,,,,,,,,,,0.46207091212272644,0.046341992914676666,,0.8824241161346436,,4.5077290534973145,,,,,,,,,,,,,
26,,,,92139,,,,,,,,,,,,0.46207091212272644,0.0525212325155735,,0.8842529058456421,,4.354037284851074,,,,,,,,,,,,,
26,,,,92159,,,,,,,,,,,,0.46207091212272644,0.10112377256155014,,0.5177909135818481,,4.453527927398682,,,,,,,,,,,,,
26,,,,92179,,,,,,,,,,,,0.46207091212272644,0.10212334245443344,,0.4610072374343872,,3.188765048980713,,,,,,,,,,,,,
26,,,,92199,,,,,,,,,,,,0.46207091212272644,0.11342248320579529,,0.5274593830108643,,4.425297737121582,,,,,,,,,,,,,
26,,,,92219,,,,,,,,,,,,0.46207091212272644,0.05117865651845932,,0.7264872193336487,,3.318169593811035,,,,,,,,,,,,,
26,,,,92239,,,,,,,,,,,,0.46207091212272644,0.10817615687847137,,0.524758517742157,,4.4184980392456055,,,,,,,,,,,,,
26,,,,92259,,,,,,,,,,,,0.46207091212272644,0.08479683101177216,,0.6144158244132996,,4.408609390258789,,,,,,,,,,,,,
26,,,,92279,,,,,,,,,,,,0.46207091212272644,0.10208684206008911,,0.41635680198669434,,3.213357925415039,,,,,,,,,,,,,
26,,,,92299,,,,,,,,,,,,0.46207091212272644,0.05215083807706833,,0.9596660733222961,,4.267160415649414,,,,,,,,,,,,,
26,,,,92319,,,,,,,,,,,,0.46207091212272644,0.08932045847177505,,0.40021950006484985,,3.178844451904297,,,,,,,,,,,,,
26,,,,92339,,,,,,,,,,,,0.46207091212272644,0.10030636936426163,,0.6496831178665161,,4.557530403137207,,,,,,,,,,,,,
26,,,,92359,,,,,,,,,,,,0.46207091212272644,0.09282508492469788,,0.4029749631881714,,3.198556423187256,,,,,,,,,,,,,
26,,,,92379,,,,,,,,,,,,0.46207091212272644,0.0562758669257164,,0.7690138220787048,,4.448515892028809,,,,,,,,,,,,,
26,,,,92399,,,,,,,,,,,,0.46207091212272644,0.052130088210105896,,0.8059033155441284,,3.596179485321045,,,,,,,,,,,,,
26,,,,92419,,,,,,,,,,,,0.46207091212272644,0.10391582548618317,,0.4003625512123108,,3.226287364959717,,,,,,,,,,,,,
26,,,,92439,,,,,,,,,,,,0.46207091212272644,0.0665058046579361,,0.7624329924583435,,4.475099563598633,,,,,,,,,,,,,
26,,,,92459,,,,,,,,,,,,0.46207091212272644,0.10285691916942596,,0.42220744490623474,,3.1846280097961426,,,,,,,,,,,,,
26,,,,92479,,,,,,,,,,,,0.46207091212272644,0.054958492517471313,,0.736334502696991,,3.26172137260437,,,,,,,,,,,,,
26,,,,92499,,,,,,,,,,,,0.46207091212272644,0.11751607805490494,,0.40885624289512634,,3.2568209171295166,,,,,,,,,,,,,
26,,,,92519,,,,,,,,,,,,0.46207091212272644,0.09365080296993256,,0.7583675384521484,,4.4690752029418945,,,,,,,,,,,,,
26,,,,92539,,,,,,,,,,,,0.46207091212272644,0.0971340760588646,,0.40673312544822693,,3.236534595489502,,,,,,,,,,,,,
26,,,,92559,,,,,,,,,,,,0.46207091212272644,0.11759378015995026,,0.5238890647888184,,4.428017616271973,,,,,,,,,,,,,
26,,,,92579,,,,,,,,,,,,0.46207091212272644,0.10458988696336746,,0.5251160860061646,,4.405016899108887,,,,,,,,,,,,,
26,,,,92599,,,,,,,,,,,,0.46207091212272644,0.05468261241912842,,0.7373226881027222,,4.304997444152832,,,,,,,,,,,,,
26,,,,92619,,,,,,,,,,,,0.46207091212272644,0.10809655487537384,,0.5243275165557861,,4.355600357055664,,,,,,,,,,,,,
26,,,,92639,,,,,,,,,,,,0.46207091212272644,0.10932975262403488,,0.5252777338027954,,4.318148612976074,,,,,,,,,,,,,
26,,,,92659,,,,,,,,,,,,0.46207091212272644,0.07282453030347824,,0.5497796535491943,,3.3088226318359375,,,,,,,,,,,,,
26,,,,92679,,,,,,,,,,,,0.46207091212272644,0.05522941052913666,,0.9680178761482239,,3.9879980087280273,,,,,,,,,,,,,
26,,,,92699,,,,,,,,,,,,0.46207091212272644,0.04946434497833252,,0.9375190138816833,,4.181352615356445,,,,,,,,,,,,,
26,,,,92719,,,,,,,,,,,,0.46207091212272644,0.04550082981586456,,0.797722578048706,,3.5096917152404785,,,,,,,,,,,,,
26,,,,92739,,,,,,,,,,,,0.46207091212272644,0.10539617389440536,,0.5366952419281006,,4.521928787231445,,,,,,,,,,,,,
26,,,,92759,,,,,,,,,,,,0.46207091212272644,0.06740067899227142,,0.6314458847045898,,3.1975960731506348,,,,,,,,,,,,,
26,,,,92779,,,,,,,,,,,,0.46207091212272644,0.11441242694854736,,0.559680163860321,,4.420126914978027,,,,,,,,,,,,,
26,,,,92799,,,,,,,,,,,,0.46207091212272644,0.08237770944833755,,0.7376667857170105,,4.389971733093262,,,,,,,,,,,,,
26,,,,92819,,,,,,,,,,,,0.46207091212272644,0.04943161457777023,,0.8604909777641296,,4.392775535583496,,,,,,,,,,,,,
26,,,,92839,,,,,,,,,,,,0.46207091212272644,0.10168424248695374,,0.7067837715148926,,4.408876419067383,,,,,,,,,,,,,
26,,,,92859,,,,,,,,,,,,0.46207091212272644,0.0507010817527771,,0.8573849201202393,,4.284211158752441,,,,,,,,,,,,,
26,,,,92879,,,,,,,,,,,,0.46207091212272644,0.047689083963632584,,0.8273794054985046,,3.568861484527588,,,,,,,,,,,,,
26,,,,92899,,,,,,,,,,,,0.46207091212272644,0.05855606496334076,,0.6439591646194458,,3.319613218307495,,,,,,,,,,,,,
26,,,,92919,,,,,,,,,,,,0.46207091212272644,0.07949042320251465,,0.7533490061759949,,4.389819622039795,,,,,,,,,,,,,
26,,,,92939,,,,,,,,,,,,0.46207091212272644,0.0996292233467102,,0.4989144802093506,,3.3103771209716797,,,,,,,,,,,,,
26,,,,92959,,,,,,,,,,,,0.46207091212272644,0.10973227769136429,,0.40040090680122375,,3.2299070358276367,,,,,,,,,,,,,
26,,,,92979,,,,,,,,,,,,0.46207091212272644,0.09577786922454834,,0.44582051038742065,,3.153031826019287,,,,,,,,,,,,,
26,,,,92999,,,,,,,,,,,,0.46207091212272644,0.10309193283319473,,0.5770760774612427,,4.436342239379883,,,,,,,,,,,,,
26,,,,93019,,,,,,,,,,,,0.46207091212272644,0.09274686127901077,,0.4927772879600525,,3.217313051223755,,,,,,,,,,,,,
26,,,,93039,,,,,,,,,,,,0.46207091212272644,0.10939210653305054,,0.3950963318347931,,3.1856865882873535,,,,,,,,,,,,,
26,,,,93059,,,,,,,,,,,,0.46207091212272644,0.09483987092971802,,0.5580311417579651,,4.370108604431152,,,,,,,,,,,,,
26,,,,93079,,,,,,,,,,,,0.46207091212272644,0.09412214159965515,,0.5351879000663757,,4.42230749130249,,,,,,,,,,,,,
26,,,,93099,,,,,,,,,,,,0.46207091212272644,0.0399010144174099,,0.9455492496490479,,4.221205711364746,,,,,,,,,,,,,
26,,,,93119,,,,,,,,,,,,0.46207091212272644,0.05796872079372406,,0.7090815901756287,,3.308765172958374,,,,,,,,,,,,,
26,,,,93139,,,,,,,,,,,,0.46207091212272644,0.04902028292417526,,0.765981912612915,,3.327125310897827,,,,,,,,,,,,,
26,,,,93159,,,,,,,,,,,,0.46207091212272644,0.10764070600271225,,0.5349529385566711,,4.552283763885498,,,,,,,,,,,,,
26,,,,93179,,,,,,,,,,,,0.46207091212272644,0.05307123810052872,,0.74298095703125,,3.3239784240722656,,,,,,,,,,,,,
26,,,,93199,,,,,,,,,,,,0.46207091212272644,0.045331358909606934,,1.0123846530914307,,3.9988937377929688,,,,,,,,,,,,,
26,,,,93219,,,,,,,,,,,,0.46207091212272644,0.04568825662136078,,0.8570918440818787,,3.9165215492248535,,,,,,,,,,,,,
26,,,,93239,,,,,,,,,,,,0.46207091212272644,0.08372840285301208,,0.7105801105499268,,4.533670425415039,,,,,,,,,,,,,
26,,,,93259,,,,,,,,,,,,0.46207091212272644,0.09638610482215881,,0.42078596353530884,,3.18202805519104,,,,,,,,,,,,,
26,,,,93279,,,,,,,,,,,,0.46207091212272644,0.09800262749195099,,0.4343594014644623,,3.2367420196533203,,,,,,,,,,,,,
26,,,,93299,,,,,,,,,,,,0.46207091212272644,0.09830297529697418,,0.4194295406341553,,3.2867445945739746,,,,,,,,,,,,,
26,,,,93319,,,,,,,,,,,,0.46207091212272644,0.047984324395656586,,0.9112041592597961,,4.141130447387695,,,,,,,,,,,,,
26,,,,93339,,,,,,,,,,,,0.46207091212272644,0.058115534484386444,,0.6917669177055359,,3.265486240386963,,,,,,,,,,,,,
26,,,,93359,,,,,,,,,,,,0.46207091212272644,0.0589137077331543,,0.7390733957290649,,3.340740442276001,,,,,,,,,,,,,
26,,,,93379,,,,,,,,,,,,0.46207091212272644,0.09952370077371597,,0.40397411584854126,,3.2462525367736816,,,,,,,,,,,,,
26,,,,93399,,,,,,,,,,,,0.46207091212272644,0.1162223070859909,,0.5221540927886963,,4.397129535675049,,,,,,,,,,,,,
26,,,,93419,,,,,,,,,,,,0.46207091212272644,0.06664662063121796,,0.6931425333023071,,4.374002933502197,,,,,,,,,,,,,
26,,,,93439,,,,,,,,,,,,0.46207091212272644,0.11338238418102264,,0.5209226608276367,,4.398277282714844,,,,,,,,,,,,,
26,,,,93459,,,,,,,,,,,,0.46207091212272644,0.045091331005096436,,0.8363304138183594,,3.5326905250549316,,,,,,,,,,,,,
26,,,,93479,,,,,,,,,,,,0.46207091212272644,0.07716701924800873,,0.5025615096092224,,3.286278247833252,,,,,,,,,,,,,
26,,,,93499,,,,,,,,,,,,0.46207091212272644,0.09874505549669266,,0.5202280879020691,,4.376797676086426,,,,,,,,,,,,,
26,,,,93519,,,,,,,,,,,,0.46207091212272644,0.09393256902694702,,0.5331747531890869,,4.377129554748535,,,,,,,,,,,,,
26,,,,93539,,,,,,,,,,,,0.46207091212272644,0.06652376055717468,,0.7484269142150879,,4.33225154876709,,,,,,,,,,,,,
26,,,,93559,,,,,,,,,,,,0.46207091212272644,0.10034468024969101,,0.4637799859046936,,3.3322134017944336,,,,,,,,,,,,,
26,,,,93579,,,,,,,,,,,,0.46207091212272644,0.05025099217891693,,0.8404719233512878,,4.249600887298584,,,,,,,,,,,,,
26,,,,93599,,,,,,,,,,,,0.46207091212272644,0.09133024513721466,,0.5450565814971924,,4.4083333015441895,,,,,,,,,,,,,
26,,,,93619,,,,,,,,,,,,0.46207091212272644,0.11323809623718262,,0.4084107279777527,,3.2603352069854736,,,,,,,,,,,,,
26,,,,93639,,,,,,,,,,,,0.46207091212272644,0.0928649753332138,,0.41105151176452637,,3.245535135269165,,,,,,,,,,,,,
26,,,,93659,,,,,,,,,,,,0.46207091212272644,0.10673193633556366,,0.4003349542617798,,3.1807336807250977,,,,,,,,,,,,,
26,,,,93679,,,,,,,,,,,,0.46207091212272644,0.10802816599607468,,0.5428864359855652,,4.598897933959961,,,,,,,,,,,,,
26,,,,93699,,,,,,,,,,,,0.46207091212272644,0.106753870844841,,0.5167335271835327,,4.3869428634643555,,,,,,,,,,,,,
26,,,,93719,,,,,,,,,,,,0.46207091212272644,0.10387271642684937,,0.5265653729438782,,4.424736976623535,,,,,,,,,,,,,
26,,,,93739,,,,,,,,,,,,0.46207091212272644,0.09730035066604614,,0.39979976415634155,,3.222379207611084,,,,,,,,,,,,,
26,,,,93759,,,,,,,,,,,,0.46207091212272644,0.09955741465091705,,0.5849447250366211,,4.506075859069824,,,,,,,,,,,,,
26,,,,93779,,,,,,,,,,,,0.46207091212272644,0.10881191492080688,,0.3898187577724457,,3.10122013092041,,,,,,,,,,,,,
26,,,,93799,,,,,,,,,,,,0.46207091212272644,0.10186220705509186,,0.3954918086528778,,3.0960865020751953,,,,,,,,,,,,,
26,,,,93819,,,,,,,,,,,,0.46207091212272644,0.057508647441864014,,0.8767235279083252,,4.415889739990234,,,,,,,,,,,,,
26,,,,93839,,,,,,,,,,,,0.46207091212272644,0.11290697753429413,,0.5237436294555664,,4.391475677490234,,,,,,,,,,,,,
26,,,,93859,,,,,,,,,,,,0.46207091212272644,0.09815141558647156,,0.6366062164306641,,4.434815406799316,,,,,,,,,,,,,
26,,,,93879,,,,,,,,,,,,0.46207091212272644,0.07650347054004669,,0.736018717288971,,4.386456489562988,,,,,,,,,,,,,
26,,,,93899,,,,,,,,,,,,0.46207091212272644,0.1123877540230751,,0.39981088042259216,,3.22196626663208,,,,,,,,,,,,,
26,,,,93919,,,,,,,,,,,,0.46207091212272644,0.108562171459198,,0.40152212977409363,,3.238438129425049,,,,,,,,,,,,,
26,,,,93939,,,,,,,,,,,,0.46207091212272644,0.05029531568288803,,0.8833688497543335,,3.734356164932251,,,,,,,,,,,,,
26,,,,93959,,,,,,,,,,,,0.46207091212272644,0.10167703777551651,,0.5593798756599426,,4.491030216217041,,,,,,,,,,,,,
26,,,,93979,,,,,,,,,,,,0.46207091212272644,0.04321537911891937,,0.8180058598518372,,3.2720742225646973,,,,,,,,,,,,,
26,,,,93999,,,,,,,,,,,,0.46207091212272644,0.05246491730213165,,0.7874103784561157,,3.2857372760772705,,,,,,,,,,,,,
26,,,,94013,,,,,,,,,,,,,,,,,,0.7261872291564941,0.8633782863616943,0.729089081287384,0.7307454347610474,0.5343298316001892,0.7324018478393555,0.6623407006263733,0.7575268149375916,0.702492356300354,0.7946233153343201,0.8055218458175659,0.6269698739051819,0.7261872291564941
26,,,,94013,,,,,,,,,0.6095748543739319,0.08434740453958511,0.462065726518631,,,0.6051777601242065,,3.8571691513061523,,,,,,,,,,,,,,
,0.00024068986722935624,0.00024068986722935624,2.4068986722935625e-05,94014,,,,,,,,,,,,,,,,,,,,,,,,,,,,,,
27,,,,94019,,,,,,,,,,,,0.46207091212272644,0.10173279047012329,,0.4030660092830658,,3.168060779571533,,,,,,,,,,,,,
27,,,,94039,,,,,,,,,,,,0.46207091212272644,0.08908484876155853,,0.5740216374397278,,4.46405553817749,,,,,,,,,,,,,
27,,,,94059,,,,,,,,,,,,0.46207091212272644,0.0656101405620575,,0.8055023550987244,,3.9461894035339355,,,,,,,,,,,,,
27,,,,94079,,,,,,,,,,,,0.46207091212272644,0.09218713641166687,,0.4602646827697754,,3.2635579109191895,,,,,,,,,,,,,
27,,,,94099,,,,,,,,,,,,0.46207091212272644,0.1027224063873291,,0.4451603293418884,,3.3069729804992676,,,,,,,,,,,,,
27,,,,94119,,,,,,,,,,,,0.46207091212272644,0.07496774941682816,,0.7299435138702393,,4.344348430633545,,,,,,,,,,,,,
27,,,,94139,,,,,,,,,,,,0.46207091212272644,0.06858140975236893,,0.617481529712677,,4.379842758178711,,,,,,,,,,,,,
27,,,,94159,,,,,,,,,,,,0.46207091212272644,0.10677341371774673,,0.4094564616680145,,3.2694027423858643,,,,,,,,,,,,,
27,,,,94179,,,,,,,,,,,,0.46207091212272644,0.10300305485725403,,0.4100286364555359,,3.266368865966797,,,,,,,,,,,,,
27,,,,94199,,,,,,,,,,,,0.46207091212272644,0.0982850044965744,,0.5096010565757751,,4.334099292755127,,,,,,,,,,,,,
27,,,,94219,,,,,,,,,,,,0.46207091212272644,0.0502617210149765,,0.8069712519645691,,3.6507680416107178,,,,,,,,,,,,,
27,,,,94239,,,,,,,,,,,,0.46207091212272644,0.05250412970781326,,0.8887054920196533,,4.32474422454834,,,,,,,,,,,,,
27,,,,94259,,,,,,,,,,,,0.46207091212272644,0.05278446152806282,,0.8678919672966003,,3.6140880584716797,,,,,,,,,,,,,
27,,,,94279,,,,,,,,,,,,0.46207091212272644,0.09898155927658081,,0.4101943373680115,,3.2666306495666504,,,,,,,,,,,,,
27,,,,94299,,,,,,,,,,,,0.46207091212272644,0.04008057713508606,,0.8770212531089783,,3.773561954498291,,,,,,,,,,,,,
27,,,,94319,,,,,,,,,,,,0.46207091212272644,0.05422797054052353,,0.8948196172714233,,3.8168082237243652,,,,,,,,,,,,,
27,,,,94339,,,,,,,,,,,,0.46207091212272644,0.08723942935466766,,0.5500821471214294,,3.2549853324890137,,,,,,,,,,,,,
27,,,,94359,,,,,,,,,,,,0.46207091212272644,0.05407401919364929,,0.6785322427749634,,3.1855807304382324,,,,,,,,,,,,,
27,,,,94379,,,,,,,,,,,,0.46207091212272644,0.11425667256116867,,0.40993452072143555,,3.2283594608306885,,,,,,,,,,,,,
27,,,,94399,,,,,,,,,,,,0.46207091212272644,0.10035528242588043,,0.5495200753211975,,4.425540447235107,,,,,,,,,,,,,
27,,,,94419,,,,,,,,,,,,0.46207091212272644,0.10854043066501617,,0.4032842516899109,,3.2495310306549072,,,,,,,,,,,,,
27,,,,94439,,,,,,,,,,,,0.46207091212272644,0.05278139188885689,,0.9479904770851135,,4.259949207305908,,,,,,,,,,,,,
27,,,,94459,,,,,,,,,,,,0.46207091212272644,0.1073165163397789,,0.5154658555984497,,4.363516807556152,,,,,,,,,,,,,
27,,,,94479,,,,,,,,,,,,0.46207091212272644,0.08967772871255875,,0.603401780128479,,4.369550704956055,,,,,,,,,,,,,
27,,,,94499,,,,,,,,,,,,0.46207091212272644,0.0789041593670845,,0.4964236915111542,,3.277193546295166,,,,,,,,,,,,,
27,,,,94519,,,,,,,,,,,,0.46207091212272644,0.07193931192159653,,0.555056095123291,,3.2023391723632812,,,,,,,,,,,,,
27,,,,94539,,,,,,,,,,,,0.46207091212272644,0.10455525666475296,,0.4007582664489746,,3.206120014190674,,,,,,,,,,,,,
27,,,,94559,,,,,,,,,,,,0.46207091212272644,0.04786150902509689,,0.8977609276771545,,4.231705188751221,,,,,,,,,,,,,
27,,,,94579,,,,,,,,,,,,0.46207091212272644,0.109897181391716,,0.40102458000183105,,3.208588123321533,,,,,,,,,,,,,
27,,,,94599,,,,,,,,,,,,0.46207091212272644,0.05113232508301735,,0.9255385994911194,,4.343053340911865,,,,,,,,,,,,,
27,,,,94619,,,,,,,,,,,,0.46207091212272644,0.09736838936805725,,0.5728235840797424,,4.447283744812012,,,,,,,,,,,,,
27,,,,94639,,,,,,,,,,,,0.46207091212272644,0.08457739651203156,,0.43427765369415283,,3.257465362548828,,,,,,,,,,,,,
27,,,,94659,,,,,,,,,,,,0.46207091212272644,0.1088680773973465,,0.45199328660964966,,3.216665267944336,,,,,,,,,,,,,
27,,,,94679,,,,,,,,,,,,0.46207091212272644,0.05724107846617699,,0.8507975339889526,,4.236706733703613,,,,,,,,,,,,,
27,,,,94699,,,,,,,,,,,,0.46207091212272644,0.09953778982162476,,0.5435265302658081,,3.2473056316375732,,,,,,,,,,,,,
27,,,,94719,,,,,,,,,,,,0.46207091212272644,0.042750634253025055,,0.8511406779289246,,4.3338398933410645,,,,,,,,,,,,,
27,,,,94739,,,,,,,,,,,,0.46207091212272644,0.054357223212718964,,0.5605031251907349,,3.148435115814209,,,,,,,,,,,,,
27,,,,94759,,,,,,,,,,,,0.46207091212272644,0.07267886400222778,,0.7226532697677612,,4.524456024169922,,,,,,,,,,,,,
27,,,,94779,,,,,,,,,,,,0.46207091212272644,0.10030660778284073,,0.563086986541748,,4.424772262573242,,,,,,,,,,,,,
27,,,,94799,,,,,,,,,,,,0.46207091212272644,0.09956622123718262,,0.4516904652118683,,3.24080753326416,,,,,,,,,,,,,
27,,,,94819,,,,,,,,,,,,0.46207091212272644,0.08227860182523727,,0.5279650688171387,,3.252765417098999,,,,,,,,,,,,,
27,,,,94839,,,,,,,,,,,,0.46207091212272644,0.057224027812480927,,0.7906321883201599,,4.38179874420166,,,,,,,,,,,,,
27,,,,94859,,,,,,,,,,,,0.46207091212272644,0.07759597897529602,,0.5800703763961792,,3.2260804176330566,,,,,,,,,,,,,
27,,,,94879,,,,,,,,,,,,0.46207091212272644,0.11604635417461395,,0.5267987251281738,,4.461620330810547,,,,,,,,,,,,,
27,,,,94899,,,,,,,,,,,,0.46207091212272644,0.08225065469741821,,0.5321270823478699,,4.482540130615234,,,,,,,,,,,,,
27,,,,94919,,,,,,,,,,,,0.46207091212272644,0.05211525410413742,,0.819629430770874,,3.5598349571228027,,,,,,,,,,,,,
27,,,,94939,,,,,,,,,,,,0.46207091212272644,0.10231003165245056,,0.4053502380847931,,3.175626277923584,,,,,,,,,,,,,
27,,,,94959,,,,,,,,,,,,0.46207091212272644,0.1044294685125351,,0.556805431842804,,4.428061485290527,,,,,,,,,,,,,
27,,,,94979,,,,,,,,,,,,0.46207091212272644,0.09334255009889603,,0.44284313917160034,,3.161736488342285,,,,,,,,,,,,,
27,,,,94999,,,,,,,,,,,,0.46207091212272644,0.04265713691711426,,0.894612729549408,,3.687044143676758,,,,,,,,,,,,,
27,,,,95019,,,,,,,,,,,,0.46207091212272644,0.05870555341243744,,0.8140198588371277,,4.3986124992370605,,,,,,,,,,,,,
27,,,,95039,,,,,,,,,,,,0.46207091212272644,0.04417824745178223,,0.863882839679718,,3.9049553871154785,,,,,,,,,,,,,
27,,,,95059,,,,,,,,,,,,0.46207091212272644,0.11177319288253784,,0.5401918888092041,,4.461125373840332,,,,,,,,,,,,,
27,,,,95079,,,,,,,,,,,,0.46207091212272644,0.10812294483184814,,0.5270251035690308,,4.402132034301758,,,,,,,,,,,,,
27,,,,95099,,,,,,,,,,,,0.46207091212272644,0.05865627899765968,,0.9000152945518494,,3.9940929412841797,,,,,,,,,,,,,
27,,,,95119,,,,,,,,,,,,0.46207091212272644,0.10530959814786911,,0.4636926054954529,,3.2958104610443115,,,,,,,,,,,,,
27,,,,95139,,,,,,,,,,,,0.46207091212272644,0.09478273242712021,,0.5965356826782227,,4.392209053039551,,,,,,,,,,,,,
27,,,,95159,,,,,,,,,,,,0.46207091212272644,0.1048693060874939,,0.3935379385948181,,3.149886131286621,,,,,,,,,,,,,
27,,,,95179,,,,,,,,,,,,0.46207091212272644,0.05270226299762726,,0.8376874923706055,,3.7507314682006836,,,,,,,,,,,,,
27,,,,95199,,,,,,,,,,,,0.46207091212272644,0.09563605487346649,,0.39833375811576843,,3.247304916381836,,,,,,,,,,,,,
27,,,,95219,,,,,,,,,,,,0.46207091212272644,0.10869564861059189,,0.5126151442527771,,4.380248069763184,,,,,,,,,,,,,
27,,,,95239,,,,,,,,,,,,0.46207091212272644,0.06110910326242447,,0.5831867456436157,,3.20766282081604,,,,,,,,,,,,,
27,,,,95259,,,,,,,,,,,,0.46207091212272644,0.1045173853635788,,0.4154575765132904,,3.269836902618408,,,,,,,,,,,,,
27,,,,95279,,,,,,,,,,,,0.46207091212272644,0.05245004594326019,,0.9506517052650452,,4.149072647094727,,,,,,,,,,,,,
27,,,,95299,,,,,,,,,,,,0.46207091212272644,0.05424050986766815,,0.7505190968513489,,3.402400255203247,,,,,,,,,,,,,
27,,,,95319,,,,,,,,,,,,0.46207091212272644,0.10998983681201935,,0.4124933183193207,,3.2556021213531494,,,,,,,,,,,,,
27,,,,95339,,,,,,,,,,,,0.46207091212272644,0.05073651671409607,,0.8677698969841003,,4.463221549987793,,,,,,,,,,,,,
27,,,,95359,,,,,,,,,,,,0.46207091212272644,0.04256616532802582,,0.9245963096618652,,4.036214351654053,,,,,,,,,,,,,
27,,,,95379,,,,,,,,,,,,0.46207091212272644,0.09624027460813522,,0.598361611366272,,4.532153606414795,,,,,,,,,,,,,
27,,,,95399,,,,,,,,,,,,0.46207091212272644,0.10998193174600601,,0.5415894985198975,,4.621695518493652,,,,,,,,,,,,,
27,,,,95419,,,,,,,,,,,,0.46207091212272644,0.05768219381570816,,0.700892448425293,,4.600770950317383,,,,,,,,,,,,,
27,,,,95439,,,,,,,,,,,,0.46207091212272644,0.057921964675188065,,0.7155066728591919,,3.2856411933898926,,,,,,,,,,,,,
27,,,,95459,,,,,,,,,,,,0.46207091212272644,0.05784144252538681,,0.856753945350647,,4.369701385498047,,,,,,,,,,,,,
27,,,,95479,,,,,,,,,,,,0.46207091212272644,0.09749729931354523,,0.5231546759605408,,4.304472923278809,,,,,,,,,,,,,
27,,,,95499,,,,,,,,,,,,0.46207091212272644,0.1027916669845581,,0.4205074608325958,,3.3213610649108887,,,,,,,,,,,,,
27,,,,95519,,,,,,,,,,,,0.46207091212272644,0.07778395712375641,,0.513358473777771,,3.22560977935791,,,,,,,,,,,,,
27,,,,95539,,,,,,,,,,,,0.46207091212272644,0.058283064514398575,,0.6410633325576782,,3.2672882080078125,,,,,,,,,,,,,
27,,,,95559,,,,,,,,,,,,0.46207091212272644,0.10690255463123322,,0.4036140441894531,,3.248500347137451,,,,,,,,,,,,,
27,,,,95579,,,,,,,,,,,,0.46207091212272644,0.10790008306503296,,0.43915659189224243,,3.2623648643493652,,,,,,,,,,,,,
27,,,,95599,,,,,,,,,,,,0.46207091212272644,0.10937768220901489,,0.40780067443847656,,3.2579543590545654,,,,,,,,,,,,,
27,,,,95619,,,,,,,,,,,,0.46207091212272644,0.04832925274968147,,0.7651174068450928,,3.5889065265655518,,,,,,,,,,,,,
27,,,,95639,,,,,,,,,,,,0.46207091212272644,0.10605974495410919,,0.39986756443977356,,3.231746196746826,,,,,,,,,,,,,
27,,,,95659,,,,,,,,,,,,0.46207091212272644,0.10661271214485168,,0.3996651768684387,,3.2261953353881836,,,,,,,,,,,,,
27,,,,95679,,,,,,,,,,,,0.46207091212272644,0.09822188317775726,,0.5320500135421753,,4.509393692016602,,,,,,,,,,,,,
27,,,,95699,,,,,,,,,,,,0.46207091212272644,0.07671009004116058,,0.6763927936553955,,4.467073440551758,,,,,,,,,,,,,
27,,,,95719,,,,,,,,,,,,0.46207091212272644,0.09260090440511703,,0.40353092551231384,,3.2804651260375977,,,,,,,,,,,,,
27,,,,95739,,,,,,,,,,,,0.46207091212272644,0.06382974982261658,,0.5732083916664124,,3.274172782897949,,,,,,,,,,,,,
27,,,,95759,,,,,,,,,,,,0.46207091212272644,0.10283863544464111,,0.4010787904262543,,3.19502592086792,,,,,,,,,,,,,
27,,,,95779,,,,,,,,,,,,0.46207091212272644,0.04870828241109848,,0.9671207070350647,,4.067155838012695,,,,,,,,,,,,,
27,,,,95799,,,,,,,,,,,,0.46207091212272644,0.05209146440029144,,0.7597094178199768,,4.491268157958984,,,,,,,,,,,,,
27,,,,95819,,,,,,,,,,,,0.46207091212272644,0.07298736274242401,,0.8591505885124207,,4.444633960723877,,,,,,,,,,,,,
27,,,,95839,,,,,,,,,,,,0.46207091212272644,0.06451449543237686,,0.8282185196876526,,4.444467544555664,,,,,,,,,,,,,
27,,,,95859,,,,,,,,,,,,0.46207091212272644,0.05961836129426956,,0.6906214356422424,,3.237119674682617,,,,,,,,,,,,,
27,,,,95879,,,,,,,,,,,,0.46207091212272644,0.05570337548851967,,0.9079723954200745,,4.3633646965026855,,,,,,,,,,,,,
27,,,,95899,,,,,,,,,,,,0.46207091212272644,0.10681583732366562,,0.42083558440208435,,3.2605175971984863,,,,,,,,,,,,,
27,,,,95919,,,,,,,,,,,,0.46207091212272644,0.10391199588775635,,0.4310523271560669,,3.2032675743103027,,,,,,,,,,,,,
27,,,,95939,,,,,,,,,,,,0.46207091212272644,0.07841388881206512,,0.7099983096122742,,4.427685737609863,,,,,,,,,,,,,
27,,,,95959,,,,,,,,,,,,0.46207091212272644,0.04323970526456833,,0.8425974249839783,,3.522188186645508,,,,,,,,,,,,,
27,,,,95979,,,,,,,,,,,,0.46207091212272644,0.0571751594543457,,0.7018296122550964,,3.2251269817352295,,,,,,,,,,,,,
27,,,,95999,,,,,,,,,,,,0.46207091212272644,0.08760479837656021,,0.4543992877006531,,3.1646809577941895,,,,,,,,,,,,,
27,,,,96019,,,,,,,,,,,,0.46207091212272644,0.047040678560733795,,0.7275408506393433,,3.3556346893310547,,,,,,,,,,,,,
27,,,,96039,,,,,,,,,,,,0.46207091212272644,0.11502181738615036,,0.4063522219657898,,3.218191385269165,,,,,,,,,,,,,
27,,,,96059,,,,,,,,,,,,0.46207091212272644,0.11050363630056381,,0.5417277812957764,,4.448814392089844,,,,,,,,,,,,,
27,,,,96079,,,,,,,,,,,,0.46207091212272644,0.11547398567199707,,0.5681003928184509,,4.381477355957031,,,,,,,,,,,,,
27,,,,96099,,,,,,,,,,,,0.46207091212272644,0.10809005051851273,,0.5322036147117615,,4.453219413757324,,,,,,,,,,,,,
27,,,,96119,,,,,,,,,,,,0.46207091212272644,0.10682018101215363,,0.5286602973937988,,4.435741424560547,,,,,,,,,,,,,
27,,,,96139,,,,,,,,,,,,0.46207091212272644,0.10527356714010239,,0.4055902659893036,,3.256455183029175,,,,,,,,,,,,,
27,,,,96159,,,,,,,,,,,,0.46207091212272644,0.04790933430194855,,0.928051233291626,,4.336835861206055,,,,,,,,,,,,,
27,,,,96179,,,,,,,,,,,,0.46207091212272644,0.060364142060279846,,0.6993305087089539,,4.4153852462768555,,,,,,,,,,,,,
27,,,,96199,,,,,,,,,,,,0.46207091212272644,0.04842456802725792,,0.9724538922309875,,4.2879319190979,,,,,,,,,,,,,
27,,,,96219,,,,,,,,,,,,0.46207091212272644,0.10797131806612015,,0.5465745329856873,,4.403129577636719,,,,,,,,,,,,,
27,,,,96239,,,,,,,,,,,,0.46207091212272644,0.08660157024860382,,0.5238810181617737,,3.2502903938293457,,,,,,,,,,,,,
27,,,,96259,,,,,,,,,,,,0.46207091212272644,0.11216866970062256,,0.4064529538154602,,3.247328281402588,,,,,,,,,,,,,
27,,,,96279,,,,,,,,,,,,0.46207091212272644,0.10282360762357712,,0.5234305262565613,,4.429774284362793,,,,,,,,,,,,,
27,,,,96299,,,,,,,,,,,,0.46207091212272644,0.0852385014295578,,0.6340850591659546,,4.425021171569824,,,,,,,,,,,,,
27,,,,96319,,,,,,,,,,,,0.46207091212272644,0.09927451610565186,,0.5244937539100647,,4.378887176513672,,,,,,,,,,,,,
27,,,,96339,,,,,,,,,,,,0.46207091212272644,0.11165405064821243,,0.5375937223434448,,4.402502059936523,,,,,,,,,,,,,
27,,,,96359,,,,,,,,,,,,0.46207091212272644,0.08878320455551147,,0.8065851926803589,,4.365540981292725,,,,,,,,,,,,,
27,,,,96379,,,,,,,,,,,,0.46207091212272644,0.06867989897727966,,0.7329720258712769,,4.315410137176514,,,,,,,,,,,,,
27,,,,96399,,,,,,,,,,,,0.46207091212272644,0.08209099620580673,,0.7686478495597839,,4.321419715881348,,,,,,,,,,,,,
27,,,,96419,,,,,,,,,,,,0.46207091212272644,0.10530687868595123,,0.5179066061973572,,4.352346897125244,,,,,,,,,,,,,
27,,,,96439,,,,,,,,,,,,0.46207091212272644,0.10166381299495697,,0.4190121591091156,,3.266580104827881,,,,,,,,,,,,,
27,,,,96459,,,,,,,,,,,,0.46207091212272644,0.08913378417491913,,0.4357176721096039,,3.2988510131835938,,,,,,,,,,,,,
27,,,,96479,,,,,,,,,,,,0.46207091212272644,0.11527084559202194,,0.47513002157211304,,3.305006265640259,,,,,,,,,,,,,
27,,,,96499,,,,,,,,,,,,0.46207091212272644,0.08328364044427872,,0.5270878672599792,,4.370809078216553,,,,,,,,,,,,,
27,,,,96519,,,,,,,,,,,,0.46207091212272644,0.10479047894477844,,0.400062620639801,,3.2518463134765625,,,,,,,,,,,,,
27,,,,96539,,,,,,,,,,,,0.46207091212272644,0.09081424027681351,,0.5853786468505859,,4.363977432250977,,,,,,,,,,,,,
27,,,,96559,,,,,,,,,,,,0.46207091212272644,0.11050723493099213,,0.40243297815322876,,3.215667724609375,,,,,,,,,,,,,
27,,,,96579,,,,,,,,,,,,0.46207091212272644,0.08081439137458801,,0.4504070281982422,,3.262376546859741,,,,,,,,,,,,,
27,,,,96599,,,,,,,,,,,,0.46207091212272644,0.07207304239273071,,0.5481029152870178,,3.171560764312744,,,,,,,,,,,,,
27,,,,96619,,,,,,,,,,,,0.46207091212272644,0.0499972403049469,,0.998798668384552,,3.8678669929504395,,,,,,,,,,,,,
27,,,,96639,,,,,,,,,,,,0.46207091212272644,0.1043785810470581,,0.5500320196151733,,4.549150466918945,,,,,,,,,,,,,
27,,,,96659,,,,,,,,,,,,0.46207091212272644,0.10839526355266571,,0.5364881157875061,,4.445446014404297,,,,,,,,,,,,,
27,,,,96679,,,,,,,,,,,,0.46207091212272644,0.10927773267030716,,0.5328936576843262,,4.504645347595215,,,,,,,,,,,,,
27,,,,96699,,,,,,,,,,,,0.46207091212272644,0.049602165818214417,,0.8250061869621277,,4.368147850036621,,,,,,,,,,,,,
27,,,,96719,,,,,,,,,,,,0.46207091212272644,0.0986049473285675,,0.5476332306861877,,4.3612751960754395,,,,,,,,,,,,,
27,,,,96739,,,,,,,,,,,,0.46207091212272644,0.10146413743495941,,0.39237725734710693,,3.1969385147094727,,,,,,,,,,,,,
27,,,,96759,,,,,,,,,,,,0.46207091212272644,0.07755886018276215,,0.5100855231285095,,3.2449324131011963,,,,,,,,,,,,,
27,,,,96779,,,,,,,,,,,,0.46207091212272644,0.05835433304309845,,0.8348839282989502,,4.447563648223877,,,,,,,,,,,,,
27,,,,96799,,,,,,,,,,,,0.46207091212272644,0.06449270993471146,,0.7841639518737793,,4.428900718688965,,,,,,,,,,,,,
27,,,,96819,,,,,,,,,,,,0.46207091212272644,0.10536549985408783,,0.4257936179637909,,3.1832008361816406,,,,,,,,,,,,,
27,,,,96839,,,,,,,,,,,,0.46207091212272644,0.11082281917333603,,0.5316120386123657,,4.5302414894104,,,,,,,,,,,,,
27,,,,96859,,,,,,,,,,,,0.46207091212272644,0.05992280691862106,,0.865323007106781,,4.482518672943115,,,,,,,,,,,,,
27,,,,96879,,,,,,,,,,,,0.46207091212272644,0.042305175215005875,,0.9254932403564453,,4.099300384521484,,,,,,,,,,,,,
27,,,,96899,,,,,,,,,,,,0.46207091212272644,0.09417818486690521,,0.5707421898841858,,4.469179153442383,,,,,,,,,,,,,
27,,,,96919,,,,,,,,,,,,0.46207091212272644,0.10376972705125809,,0.419361412525177,,3.22666597366333,,,,,,,,,,,,,
27,,,,96939,,,,,,,,,,,,0.46207091212272644,0.10719424486160278,,0.5313524603843689,,4.424464225769043,,,,,,,,,,,,,
27,,,,96959,,,,,,,,,,,,0.46207091212272644,0.049821123480796814,,0.9000225067138672,,3.6284468173980713,,,,,,,,,,,,,
27,,,,96979,,,,,,,,,,,,0.46207091212272644,0.05303293466567993,,0.7953150868415833,,3.429701566696167,,,,,,,,,,,,,
27,,,,96999,,,,,,,,,,,,0.46207091212272644,0.10502438247203827,,0.550581157207489,,4.413227558135986,,,,,,,,,,,,,
27,,,,97019,,,,,,,,,,,,0.46207091212272644,0.10978126525878906,,0.415426641702652,,3.348984479904175,,,,,,,,,,,,,
27,,,,97039,,,,,,,,,,,,0.46207091212272644,0.05952425301074982,,0.566914439201355,,3.332528591156006,,,,,,,,,,,,,
27,,,,97059,,,,,,,,,,,,0.46207091212272644,0.11330003291368484,,0.5949043035507202,,4.417791843414307,,,,,,,,,,,,,
27,,,,97079,,,,,,,,,,,,0.46207091212272644,0.04637179523706436,,0.8860311508178711,,4.081754207611084,,,,,,,,,,,,,
27,,,,97099,,,,,,,,,,,,0.46207091212272644,0.0543646477162838,,0.8876132369041443,,4.046269416809082,,,,,,,,,,,,,
27,,,,97119,,,,,,,,,,,,0.46207091212272644,0.09797410666942596,,0.39980095624923706,,3.2194712162017822,,,,,,,,,,,,,
27,,,,97139,,,,,,,,,,,,0.46207091212272644,0.047261130064725876,,0.8478058576583862,,4.358511924743652,,,,,,,,,,,,,
27,,,,97159,,,,,,,,,,,,0.46207091212272644,0.09423008561134338,,0.5619295835494995,,4.452270030975342,,,,,,,,,,,,,
27,,,,97179,,,,,,,,,,,,0.46207091212272644,0.09697142988443375,,0.4920833110809326,,3.2020230293273926,,,,,,,,,,,,,
27,,,,97199,,,,,,,,,,,,0.46207091212272644,0.0736369863152504,,0.6789829134941101,,4.4047040939331055,,,,,,,,,,,,,
27,,,,97219,,,,,,,,,,,,0.46207091212272644,0.10469605773687363,,0.5351735949516296,,4.443746566772461,,,,,,,,,,,,,
27,,,,97239,,,,,,,,,,,,0.46207091212272644,0.1074853390455246,,0.5217979550361633,,4.421753883361816,,,,,,,,,,,,,
27,,,,97259,,,,,,,,,,,,0.46207091212272644,0.08754316717386246,,0.46794459223747253,,3.2570080757141113,,,,,,,,,,,,,
27,,,,97279,,,,,,,,,,,,0.46207091212272644,0.057765886187553406,,0.7307378053665161,,3.4334890842437744,,,,,,,,,,,,,
27,,,,97299,,,,,,,,,,,,0.46207091212272644,0.099090076982975,,0.49654918909072876,,3.2446041107177734,,,,,,,,,,,,,
27,,,,97319,,,,,,,,,,,,0.46207091212272644,0.06129917502403259,,0.8106197714805603,,3.403569459915161,,,,,,,,,,,,,
27,,,,97339,,,,,,,,,,,,0.46207091212272644,0.10586553066968918,,0.40625354647636414,,3.2440848350524902,,,,,,,,,,,,,
27,,,,97359,,,,,,,,,,,,0.46207091212272644,0.05536197870969772,,0.8804163336753845,,4.29814338684082,,,,,,,,,,,,,
27,,,,97379,,,,,,,,,,,,0.46207091212272644,0.05539806932210922,,0.8227438926696777,,3.391130208969116,,,,,,,,,,,,,
27,,,,97399,,,,,,,,,,,,0.46207091212272644,0.04725681245326996,,0.9751028418540955,,3.794290542602539,,,,,,,,,,,,,
27,,,,97419,,,,,,,,,,,,0.46207091212272644,0.04307892918586731,,0.9129379987716675,,4.430954456329346,,,,,,,,,,,,,
27,,,,97439,,,,,,,,,,,,0.46207091212272644,0.10931196808815002,,0.5396278500556946,,4.582005977630615,,,,,,,,,,,,,
27,,,,97459,,,,,,,,,,,,0.46207091212272644,0.10502742230892181,,0.39420413970947266,,3.1381959915161133,,,,,,,,,,,,,
27,,,,97479,,,,,,,,,,,,0.46207091212272644,0.10078682750463486,,0.41992729902267456,,3.146890640258789,,,,,,,,,,,,,
27,,,,97495,,,,,,,,,,,,,,,,,,0.6790746450424194,0.8742576837539673,0.6536874771118164,0.6581524610519409,0.5151327252388,0.6626174449920654,0.5739718675613403,0.6788501143455505,0.6926229596138,0.8247487545013428,0.7972944378852844,0.3358035981655121,0.6790746450424194
27,,,,97495,,,,,,,,,0.6073107123374939,0.08452406525611877,0.462065726518631,,,0.6054906845092773,,3.858046531677246,,,,,,,,,,,,,,
,0.00023560703515266478,0.00023560703515266478,2.3560703515266477e-05,97496,,,,,,,,,,,,,,,,,,,,,,,,,,,,,,
28,,,,97499,,,,,,,,,,,,0.46207091212272644,0.1042483001947403,,0.38682472705841064,,3.1083273887634277,,,,,,,,,,,,,
28,,,,97519,,,,,,,,,,,,0.46207091212272644,0.0574701651930809,,0.8060017824172974,,4.4270548820495605,,,,,,,,,,,,,
28,,,,97539,,,,,,,,,,,,0.46207091212272644,0.06008986383676529,,0.9607850313186646,,4.199822902679443,,,,,,,,,,,,,
28,,,,97559,,,,,,,,,,,,0.46207091212272644,0.11444027721881866,,0.5269765853881836,,4.451076030731201,,,,,,,,,,,,,
28,,,,97579,,,,,,,,,,,,0.46207091212272644,0.06628744304180145,,0.5335085391998291,,3.1780781745910645,,,,,,,,,,,,,
28,,,,97599,,,,,,,,,,,,0.46207091212272644,0.11489825695753098,,0.5303500294685364,,4.461150646209717,,,,,,,,,,,,,
28,,,,97619,,,,,,,,,,,,0.46207091212272644,0.08195902407169342,,0.4054332971572876,,3.3023569583892822,,,,,,,,,,,,,
28,,,,97639,,,,,,,,,,,,0.46207091212272644,0.09572269022464752,,0.41572806239128113,,3.3119778633117676,,,,,,,,,,,,,
28,,,,97659,,,,,,,,,,,,0.46207091212272644,0.09802819788455963,,0.5268813371658325,,4.386641502380371,,,,,,,,,,,,,
28,,,,97679,,,,,,,,,,,,0.46207091212272644,0.10882912576198578,,0.524577260017395,,4.44036865234375,,,,,,,,,,,,,
28,,,,97699,,,,,,,,,,,,0.46207091212272644,0.06761496514081955,,0.5116499662399292,,3.1478614807128906,,,,,,,,,,,,,
28,,,,97719,,,,,,,,,,,,0.46207091212272644,0.07188577950000763,,0.5354896783828735,,3.0853686332702637,,,,,,,,,,,,,
28,,,,97739,,,,,,,,,,,,0.46207091212272644,0.050511933863162994,,0.8718169927597046,,3.4535608291625977,,,,,,,,,,,,,
28,,,,97759,,,,,,,,,,,,0.46207091212272644,0.10197027027606964,,0.3903640806674957,,3.1261143684387207,,,,,,,,,,,,,
28,,,,97779,,,,,,,,,,,,0.46207091212272644,0.06145697832107544,,0.6087533831596375,,3.177187919616699,,,,,,,,,,,,,
28,,,,97799,,,,,,,,,,,,0.46207091212272644,0.1071186438202858,,0.5405670404434204,,4.5262451171875,,,,,,,,,,,,,
28,,,,97819,,,,,,,,,,,,0.46207091212272644,0.1111009269952774,,0.39558646082878113,,3.1467227935791016,,,,,,,,,,,,,
28,,,,97839,,,,,,,,,,,,0.46207091212272644,0.09831499308347702,,0.5520612597465515,,4.514650344848633,,,,,,,,,,,,,
28,,,,97859,,,,,,,,,,,,0.46207091212272644,0.10383336246013641,,0.4140123426914215,,3.143256425857544,,,,,,,,,,,,,
28,,,,97879,,,,,,,,,,,,0.46207091212272644,0.05223894864320755,,0.9117131233215332,,4.002375602722168,,,,,,,,,,,,,
28,,,,97899,,,,,,,,,,,,0.46207091212272644,0.0722917765378952,,0.527037501335144,,3.2035017013549805,,,,,,,,,,,,,
28,,,,97919,,,,,,,,,,,,0.46207091212272644,0.09008048474788666,,0.4354994595050812,,3.169872283935547,,,,,,,,,,,,,
28,,,,97939,,,,,,,,,,,,0.46207091212272644,0.12004654854536057,,0.5399803519248962,,4.529355525970459,,,,,,,,,,,,,
28,,,,97959,,,,,,,,,,,,0.46207091212272644,0.055086180567741394,,0.9162637591362,,4.1209588050842285,,,,,,,,,,,,,
28,,,,97979,,,,,,,,,,,,0.46207091212272644,0.1035403311252594,,0.4036734104156494,,3.2174901962280273,,,,,,,,,,,,,
28,,,,97999,,,,,,,,,,,,0.46207091212272644,0.05140671879053116,,0.9016779661178589,,4.133392333984375,,,,,,,,,,,,,
28,,,,98019,,,,,,,,,,,,0.46207091212272644,0.09791526198387146,,0.5644966959953308,,4.436779499053955,,,,,,,,,,,,,
28,,,,98039,,,,,,,,,,,,0.46207091212272644,0.05209454894065857,,0.9462890028953552,,4.3061418533325195,,,,,,,,,,,,,
28,,,,98059,,,,,,,,,,,,0.46207091212272644,0.1060601994395256,,0.5484148859977722,,4.38878059387207,,,,,,,,,,,,,
28,,,,98079,,,,,,,,,,,,0.46207091212272644,0.05222947150468826,,0.8082543015480042,,3.9844443798065186,,,,,,,,,,,,,
28,,,,98099,,,,,,,,,,,,0.46207091212272644,0.06545566022396088,,0.5796689987182617,,3.336660385131836,,,,,,,,,,,,,
28,,,,98119,,,,,,,,,,,,0.46207091212272644,0.09451303631067276,,0.6342768669128418,,4.34318208694458,,,,,,,,,,,,,
28,,,,98139,,,,,,,,,,,,0.46207091212272644,0.08894605934619904,,0.5633434653282166,,4.330178737640381,,,,,,,,,,,,,
28,,,,98159,,,,,,,,,,,,0.46207091212272644,0.09309186786413193,,0.5225319266319275,,3.317199945449829,,,,,,,,,,,,,
28,,,,98179,,,,,,,,,,,,0.46207091212272644,0.094988614320755,,0.4207184910774231,,3.2637856006622314,,,,,,,,,,,,,
28,,,,98199,,,,,,,,,,,,0.46207091212272644,0.10451830923557281,,0.434130996465683,,3.212907314300537,,,,,,,,,,,,,
28,,,,98219,,,,,,,,,,,,0.46207091212272644,0.08213485032320023,,0.6898247599601746,,4.3935699462890625,,,,,,,,,,,,,
28,,,,98239,,,,,,,,,,,,0.46207091212272644,0.11072680354118347,,0.5324899554252625,,4.497774124145508,,,,,,,,,,,,,
28,,,,98259,,,,,,,,,,,,0.46207091212272644,0.07958456873893738,,0.5951792597770691,,3.209656238555908,,,,,,,,,,,,,
28,,,,98279,,,,,,,,,,,,0.46207091212272644,0.08497528731822968,,0.5020940899848938,,3.1957194805145264,,,,,,,,,,,,,
28,,,,98299,,,,,,,,,,,,0.46207091212272644,0.06282884627580643,,0.6521140336990356,,4.420036315917969,,,,,,,,,,,,,
28,,,,98319,,,,,,,,,,,,0.46207091212272644,0.09774814546108246,,0.4372703731060028,,3.185878276824951,,,,,,,,,,,,,
28,,,,98339,,,,,,,,,,,,0.46207091212272644,0.05679775029420853,,0.8699210286140442,,4.124141693115234,,,,,,,,,,,,,
28,,,,98359,,,,,,,,,,,,0.46207091212272644,0.10555273294448853,,0.5265290141105652,,4.447617053985596,,,,,,,,,,,,,
28,,,,98379,,,,,,,,,,,,0.46207091212272644,0.08934757113456726,,0.5405817031860352,,3.203641891479492,,,,,,,,,,,,,
28,,,,98399,,,,,,,,,,,,0.46207091212272644,0.0545109361410141,,0.6594209671020508,,3.341857671737671,,,,,,,,,,,,,
28,,,,98419,,,,,,,,,,,,0.46207091212272644,0.05333346873521805,,0.7776639461517334,,3.4448258876800537,,,,,,,,,,,,,
28,,,,98439,,,,,,,,,,,,0.46207091212272644,0.0521780401468277,,0.84549880027771,,3.8073015213012695,,,,,,,,,,,,,
28,,,,98459,,,,,,,,,,,,0.46207091212272644,0.05452821031212807,,0.6890684962272644,,3.2891182899475098,,,,,,,,,,,,,
28,,,,98479,,,,,,,,,,,,0.46207091212272644,0.09412995725870132,,0.4142780900001526,,3.2327382564544678,,,,,,,,,,,,,
28,,,,98499,,,,,,,,,,,,0.46207091212272644,0.11060339212417603,,0.5324537754058838,,4.542422294616699,,,,,,,,,,,,,
28,,,,98519,,,,,,,,,,,,0.46207091212272644,0.09231901913881302,,0.4512827396392822,,3.1914846897125244,,,,,,,,,,,,,
28,,,,98539,,,,,,,,,,,,0.46207091212272644,0.11093644797801971,,0.5284155607223511,,4.50459098815918,,,,,,,,,,,,,
28,,,,98559,,,,,,,,,,,,0.46207091212272644,0.05116682127118111,,0.7695719003677368,,3.2576751708984375,,,,,,,,,,,,,
28,,,,98579,,,,,,,,,,,,0.46207091212272644,0.08597991615533829,,0.5344462394714355,,4.4429426193237305,,,,,,,,,,,,,
28,,,,98599,,,,,,,,,,,,0.46207091212272644,0.10640902817249298,,0.4494187831878662,,3.2285242080688477,,,,,,,,,,,,,
28,,,,98619,,,,,,,,,,,,0.46207091212272644,0.06759394705295563,,0.5658446550369263,,3.2961361408233643,,,,,,,,,,,,,
28,,,,98639,,,,,,,,,,,,0.46207091212272644,0.1061420813202858,,0.411827951669693,,3.296177864074707,,,,,,,,,,,,,
28,,,,98659,,,,,,,,,,,,0.46207091212272644,0.10455457866191864,,0.5288612246513367,,4.372864723205566,,,,,,,,,,,,,
28,,,,98679,,,,,,,,,,,,0.46207091212272644,0.1085079088807106,,0.515791654586792,,4.322040557861328,,,,,,,,,,,,,
28,,,,98699,,,,,,,,,,,,0.46207091212272644,0.060814060270786285,,0.8694425225257874,,3.848904609680176,,,,,,,,,,,,,
28,,,,98719,,,,,,,,,,,,0.46207091212272644,0.11542871594429016,,0.5260962247848511,,4.397435188293457,,,,,,,,,,,,,
28,,,,98739,,,,,,,,,,,,0.46207091212272644,0.11355014145374298,,0.5661681294441223,,4.335733413696289,,,,,,,,,,,,,
28,,,,98759,,,,,,,,,,,,0.46207091212272644,0.09647117555141449,,0.6638356447219849,,4.369927883148193,,,,,,,,,,,,,
28,,,,98779,,,,,,,,,,,,0.46207091212272644,0.10742580890655518,,0.4198596179485321,,3.3219213485717773,,,,,,,,,,,,,
28,,,,98799,,,,,,,,,,,,0.46207091212272644,0.10020297020673752,,0.4347047209739685,,3.2508907318115234,,,,,,,,,,,,,
28,,,,98819,,,,,,,,,,,,0.46207091212272644,0.10044215619564056,,0.3997475504875183,,3.2612342834472656,,,,,,,,,,,,,
28,,,,98839,,,,,,,,,,,,0.46207091212272644,0.056011099368333817,,0.8565195202827454,,3.9978034496307373,,,,,,,,,,,,,
28,,,,98859,,,,,,,,,,,,0.46207091212272644,0.10109977424144745,,0.40835240483283997,,3.3177270889282227,,,,,,,,,,,,,
28,,,,98879,,,,,,,,,,,,0.46207091212272644,0.11418164521455765,,0.4035828113555908,,3.2338647842407227,,,,,,,,,,,,,
28,,,,98899,,,,,,,,,,,,0.46207091212272644,0.05454767867922783,,0.8295660018920898,,4.565602779388428,,,,,,,,,,,,,
28,,,,98919,,,,,,,,,,,,0.46207091212272644,0.07540491223335266,,0.46274417638778687,,3.187066078186035,,,,,,,,,,,,,
28,,,,98939,,,,,,,,,,,,0.46207091212272644,0.10575167834758759,,0.43489742279052734,,3.319944143295288,,,,,,,,,,,,,
28,,,,98959,,,,,,,,,,,,0.46207091212272644,0.08449393510818481,,0.520338237285614,,3.2431318759918213,,,,,,,,,,,,,
28,,,,98979,,,,,,,,,,,,0.46207091212272644,0.10035030543804169,,0.524293065071106,,4.372847557067871,,,,,,,,,,,,,
28,,,,98999,,,,,,,,,,,,0.46207091212272644,0.1075565367937088,,0.45733678340911865,,3.2233223915100098,,,,,,,,,,,,,
28,,,,99019,,,,,,,,,,,,0.46207091212272644,0.10014329850673676,,0.5250183939933777,,4.441838264465332,,,,,,,,,,,,,
28,,,,99039,,,,,,,,,,,,0.46207091212272644,0.08363629877567291,,0.6465837359428406,,4.476860046386719,,,,,,,,,,,,,
28,,,,99059,,,,,,,,,,,,0.46207091212272644,0.05662202835083008,,0.7785306572914124,,4.46524715423584,,,,,,,,,,,,,
28,,,,99079,,,,,,,,,,,,0.46207091212272644,0.06618189811706543,,0.7677541971206665,,4.488749027252197,,,,,,,,,,,,,
28,,,,99099,,,,,,,,,,,,0.46207091212272644,0.10562783479690552,,0.4035760462284088,,3.233248233795166,,,,,,,,,,,,,
28,,,,99119,,,,,,,,,,,,0.46207091212272644,0.04731069132685661,,0.9695283770561218,,4.365856647491455,,,,,,,,,,,,,
28,,,,99139,,,,,,,,,,,,0.46207091212272644,0.07893650978803635,,0.5191091895103455,,3.2552900314331055,,,,,,,,,,,,,
28,,,,99159,,,,,,,,,,,,0.46207091212272644,0.11403150111436844,,0.5214309692382812,,4.364549160003662,,,,,,,,,,,,,
28,,,,99179,,,,,,,,,,,,0.46207091212272644,0.05558459088206291,,0.8195440769195557,,4.385674476623535,,,,,,,,,,,,,
28,,,,99199,,,,,,,,,,,,0.46207091212272644,0.11342015117406845,,0.5241256356239319,,4.412029266357422,,,,,,,,,,,,,
28,,,,99219,,,,,,,,,,,,0.46207091212272644,0.09376321732997894,,0.4874606132507324,,3.2437257766723633,,,,,,,,,,,,,
28,,,,99239,,,,,,,,,,,,0.46207091212272644,0.10160627961158752,,0.7095800042152405,,4.384227752685547,,,,,,,,,,,,,
28,,,,99259,,,,,,,,,,,,0.46207091212272644,0.10056857764720917,,0.4002070426940918,,3.2384941577911377,,,,,,,,,,,,,
28,,,,99279,,,,,,,,,,,,0.46207091212272644,0.06025487184524536,,0.6113504767417908,,3.26480770111084,,,,,,,,,,,,,
28,,,,99299,,,,,,,,,,,,0.46207091212272644,0.09732969105243683,,0.40830978751182556,,3.2262604236602783,,,,,,,,,,,,,
28,,,,99319,,,,,,,,,,,,0.46207091212272644,0.08196629583835602,,0.4961322844028473,,3.138871669769287,,,,,,,,,,,,,
28,,,,99339,,,,,,,,,,,,0.46207091212272644,0.09099597483873367,,0.5870464444160461,,4.478513240814209,,,,,,,,,,,,,
28,,,,99359,,,,,,,,,,,,0.46207091212272644,0.07623834908008575,,0.5296879410743713,,3.1859326362609863,,,,,,,,,,,,,
28,,,,99379,,,,,,,,,,,,0.46207091212272644,0.10148791968822479,,0.5268571972846985,,4.495174407958984,,,,,,,,,,,,,
28,,,,99399,,,,,,,,,,,,0.46207091212272644,0.05983962118625641,,0.6626487970352173,,3.224565267562866,,,,,,,,,,,,,
28,,,,99419,,,,,,,,,,,,0.46207091212272644,0.04604221507906914,,0.916270911693573,,3.9932422637939453,,,,,,,,,,,,,
28,,,,99439,,,,,,,,,,,,0.46207091212272644,0.0579388402402401,,0.7888791561126709,,4.517974376678467,,,,,,,,,,,,,
28,,,,99459,,,,,,,,,,,,0.46207091212272644,0.07020504772663116,,0.7002546787261963,,4.479604244232178,,,,,,,,,,,,,
28,,,,99479,,,,,,,,,,,,0.46207091212272644,0.1066155806183815,,0.4057371914386749,,3.260434627532959,,,,,,,,,,,,,
28,,,,99499,,,,,,,,,,,,0.46207091212272644,0.09094904363155365,,0.5245203375816345,,3.2523839473724365,,,,,,,,,,,,,
28,,,,99519,,,,,,,,,,,,0.46207091212272644,0.057990141212940216,,0.8845450282096863,,4.15342903137207,,,,,,,,,,,,,
28,,,,99539,,,,,,,,,,,,0.46207091212272644,0.09890595078468323,,0.45826464891433716,,3.249767780303955,,,,,,,,,,,,,
28,,,,99559,,,,,,,,,,,,0.46207091212272644,0.04824255034327507,,0.79737788438797,,3.4265034198760986,,,,,,,,,,,,,
28,,,,99579,,,,,,,,,,,,0.46207091212272644,0.09610458463430405,,0.4135790467262268,,3.249143123626709,,,,,,,,,,,,,
28,,,,99599,,,,,,,,,,,,0.46207091212272644,0.11093676090240479,,0.535491943359375,,4.414292335510254,,,,,,,,,,,,,
28,,,,99619,,,,,,,,,,,,0.46207091212272644,0.10464247316122055,,0.5863724946975708,,4.413845539093018,,,,,,,,,,,,,
28,,,,99639,,,,,,,,,,,,0.46207091212272644,0.10328201204538345,,0.6412075757980347,,4.463606834411621,,,,,,,,,,,,,
28,,,,99659,,,,,,,,,,,,0.46207091212272644,0.10710640251636505,,0.5312032699584961,,4.4050493240356445,,,,,,,,,,,,,
28,,,,99679,,,,,,,,,,,,0.46207091212272644,0.04225461184978485,,0.7911591529846191,,3.261765718460083,,,,,,,,,,,,,
28,,,,99699,,,,,,,,,,,,0.46207091212272644,0.06135512888431549,,0.9495492577552795,,4.191346168518066,,,,,,,,,,,,,
28,,,,99719,,,,,,,,,,,,0.46207091212272644,0.10372193157672882,,0.4261937737464905,,3.3252758979797363,,,,,,,,,,,,,
28,,,,99739,,,,,,,,,,,,0.46207091212272644,0.0981835275888443,,0.6067796349525452,,4.3513593673706055,,,,,,,,,,,,,
28,,,,99759,,,,,,,,,,,,0.46207091212272644,0.060110945254564285,,0.6302715539932251,,3.2804579734802246,,,,,,,,,,,,,
28,,,,99779,,,,,,,,,,,,0.46207091212272644,0.09959318488836288,,0.39842697978019714,,3.242581367492676,,,,,,,,,,,,,
28,,,,99799,,,,,,,,,,,,0.46207091212272644,0.11428245157003403,,0.5401366949081421,,4.434302806854248,,,,,,,,,,,,,
28,,,,99819,,,,,,,,,,,,0.46207091212272644,0.06347369402647018,,0.739655077457428,,3.424825668334961,,,,,,,,,,,,,
28,,,,99839,,,,,,,,,,,,0.46207091212272644,0.10712183266878128,,0.5316793918609619,,4.399150848388672,,,,,,,,,,,,,
28,,,,99859,,,,,,,,,,,,0.46207091212272644,0.09952431172132492,,0.5744630694389343,,4.40651798248291,,,,,,,,,,,,,
28,,,,99879,,,,,,,,,,,,0.46207091212272644,0.05531318113207817,,0.8573894500732422,,4.38219690322876,,,,,,,,,,,,,
28,,,,99899,,,,,,,,,,,,0.46207091212272644,0.09784639626741409,,0.5311669111251831,,4.394902229309082,,,,,,,,,,,,,
28,,,,99919,,,,,,,,,,,,0.46207091212272644,0.10945859551429749,,0.4147079885005951,,3.2613487243652344,,,,,,,,,,,,,
28,,,,99939,,,,,,,,,,,,0.46207091212272644,0.05479760840535164,,0.8365854024887085,,4.3010993003845215,,,,,,,,,,,,,
28,,,,99959,,,,,,,,,,,,0.46207091212272644,0.09997189044952393,,0.39884239435195923,,3.2400155067443848,,,,,,,,,,,,,
28,,,,99979,,,,,,,,,,,,0.46207091212272644,0.10725677013397217,,0.5299085378646851,,4.374340057373047,,,,,,,,,,,,,
28,,,,99999,,,,,,,,,,,,0.46207091212272644,0.10236015915870667,,0.4061976671218872,,3.2288599014282227,,,,,,,,,,,,,
28,,,,100019,,,,,,,,,,,,0.46207091212272644,0.06472796201705933,,0.8562455177307129,,3.934692859649658,,,,,,,,,,,,,
28,,,,100039,,,,,,,,,,,,0.46207091212272644,0.09804924577474594,,0.5167288780212402,,4.330639839172363,,,,,,,,,,,,,
28,,,,100059,,,,,,,,,,,,0.46207091212272644,0.09973639249801636,,0.40073198080062866,,3.204982280731201,,,,,,,,,,,,,
28,,,,100079,,,,,,,,,,,,0.46207091212272644,0.10820097476243973,,0.3937225937843323,,3.1474339962005615,,,,,,,,,,,,,
28,,,,100099,,,,,,,,,,,,0.46207091212272644,0.09315170347690582,,0.40012872219085693,,3.1875112056732178,,,,,,,,,,,,,
28,,,,100119,,,,,,,,,,,,0.46207091212272644,0.11509501934051514,,0.5297312140464783,,4.451944351196289,,,,,,,,,,,,,
28,,,,100139,,,,,,,,,,,,0.46207091212272644,0.10762602835893631,,0.39369696378707886,,3.141489267349243,,,,,,,,,,,,,
28,,,,100159,,,,,,,,,,,,0.46207091212272644,0.05229136347770691,,0.8795374035835266,,4.4649505615234375,,,,,,,,,,,,,
28,,,,100179,,,,,,,,,,,,0.46207091212272644,0.10281790047883987,,0.5289790630340576,,4.469036102294922,,,,,,,,,,,,,
28,,,,100199,,,,,,,,,,,,0.46207091212272644,0.09107209742069244,,0.4484517276287079,,3.238245725631714,,,,,,,,,,,,,
28,,,,100219,,,,,,,,,,,,0.46207091212272644,0.1062842607498169,,0.42983371019363403,,3.2204794883728027,,,,,,,,,,,,,
28,,,,100239,,,,,,,,,,,,0.46207091212272644,0.09741362184286118,,0.41975781321525574,,3.200255870819092,,,,,,,,,,,,,
28,,,,100259,,,,,,,,,,,,0.46207091212272644,0.10851023346185684,,0.541875958442688,,4.384024620056152,,,,,,,,,,,,,
28,,,,100279,,,,,,,,,,,,0.46207091212272644,0.10149853676557541,,0.41483089327812195,,3.28507137298584,,,,,,,,,,,,,
28,,,,100299,,,,,,,,,,,,0.46207091212272644,0.058449484407901764,,0.7695930004119873,,3.4051787853240967,,,,,,,,,,,,,
28,,,,100319,,,,,,,,,,,,0.46207091212272644,0.10620063543319702,,0.5253013372421265,,4.441009521484375,,,,,,,,,,,,,
28,,,,100339,,,,,,,,,,,,0.46207091212272644,0.06406170129776001,,0.755672037601471,,4.4761962890625,,,,,,,,,,,,,
28,,,,100359,,,,,,,,,,,,0.46207091212272644,0.04974296689033508,,0.8408429026603699,,3.878870964050293,,,,,,,,,,,,,
28,,,,100379,,,,,,,,,,,,0.46207091212272644,0.10742891579866409,,0.4110445976257324,,3.2455334663391113,,,,,,,,,,,,,
28,,,,100399,,,,,,,,,,,,0.46207091212272644,0.09978456795215607,,0.5392045378684998,,3.1813268661499023,,,,,,,,,,,,,
28,,,,100419,,,,,,,,,,,,0.46207091212272644,0.07980860024690628,,0.5046267509460449,,3.168549060821533,,,,,,,,,,,,,
28,,,,100439,,,,,,,,,,,,0.46207091212272644,0.1154693067073822,,0.40951773524284363,,3.239227056503296,,,,,,,,,,,,,
28,,,,100459,,,,,,,,,,,,0.46207091212272644,0.1102316677570343,,0.5194959044456482,,4.358870506286621,,,,,,,,,,,,,
28,,,,100479,,,,,,,,,,,,0.46207091212272644,0.06934747099876404,,0.8204188346862793,,4.234639644622803,,,,,,,,,,,,,
28,,,,100499,,,,,,,,,,,,0.46207091212272644,0.10590284317731857,,0.5533443689346313,,4.4591474533081055,,,,,,,,,,,,,
28,,,,100519,,,,,,,,,,,,0.46207091212272644,0.055986277759075165,,0.801173210144043,,3.8126626014709473,,,,,,,,,,,,,
28,,,,100539,,,,,,,,,,,,0.46207091212272644,0.10231439769268036,,0.3966620862483978,,3.185891628265381,,,,,,,,,,,,,
28,,,,100559,,,,,,,,,,,,0.46207091212272644,0.10905037820339203,,0.5274654626846313,,4.441708564758301,,,,,,,,,,,,,
28,,,,100579,,,,,,,,,,,,0.46207091212272644,0.09359267354011536,,0.4483843445777893,,3.2572836875915527,,,,,,,,,,,,,
28,,,,100599,,,,,,,,,,,,0.46207091212272644,0.11136478185653687,,0.40318840742111206,,3.194638729095459,,,,,,,,,,,,,
28,,,,100619,,,,,,,,,,,,0.46207091212272644,0.10368501394987106,,0.5393401384353638,,4.515780448913574,,,,,,,,,,,,,
28,,,,100639,,,,,,,,,,,,0.46207091212272644,0.048043131828308105,,0.8387570977210999,,4.436583518981934,,,,,,,,,,,,,
28,,,,100659,,,,,,,,,,,,0.46207091212272644,0.09080934524536133,,0.5765135884284973,,3.2287495136260986,,,,,,,,,,,,,
28,,,,100679,,,,,,,,,,,,0.46207091212272644,0.1097506508231163,,0.5158368349075317,,4.373291969299316,,,,,,,,,,,,,
28,,,,100699,,,,,,,,,,,,0.46207091212272644,0.1035749614238739,,0.5472457408905029,,4.438722133636475,,,,,,,,,,,,,
28,,,,100719,,,,,,,,,,,,0.46207091212272644,0.10555265843868256,,0.530689537525177,,4.454708099365234,,,,,,,,,,,,,
28,,,,100739,,,,,,,,,,,,0.46207091212272644,0.10523906350135803,,0.5185143947601318,,4.377205848693848,,,,,,,,,,,,,
28,,,,100759,,,,,,,,,,,,0.46207091212272644,0.08722728490829468,,0.4930056929588318,,3.267392873764038,,,,,,,,,,,,,
28,,,,100779,,,,,,,,,,,,0.46207091212272644,0.049364060163497925,,0.7479577660560608,,3.292205333709717,,,,,,,,,,,,,
28,,,,100799,,,,,,,,,,,,0.46207091212272644,0.11888407170772552,,0.5393369793891907,,4.498452186584473,,,,,,,,,,,,,
28,,,,100819,,,,,,,,,,,,0.46207091212272644,0.09475970268249512,,0.4889061152935028,,3.2224984169006348,,,,,,,,,,,,,
28,,,,100839,,,,,,,,,,,,0.46207091212272644,0.08942213654518127,,0.5327873826026917,,4.480449199676514,,,,,,,,,,,,,
28,,,,100859,,,,,,,,,,,,0.46207091212272644,0.1095653623342514,,0.40339407324790955,,3.1734914779663086,,,,,,,,,,,,,
28,,,,100879,,,,,,,,,,,,0.46207091212272644,0.10553153604269028,,0.5435078144073486,,4.535158634185791,,,,,,,,,,,,,
28,,,,100899,,,,,,,,,,,,0.46207091212272644,0.11267323046922684,,0.5342002511024475,,4.479998588562012,,,,,,,,,,,,,
28,,,,100919,,,,,,,,,,,,0.46207091212272644,0.06385619938373566,,0.5210521221160889,,3.205775260925293,,,,,,,,,,,,,
28,,,,100939,,,,,,,,,,,,0.46207091212272644,0.09769046306610107,,0.3960464298725128,,3.204345941543579,,,,,,,,,,,,,
28,,,,100959,,,,,,,,,,,,0.46207091212272644,0.09939505159854889,,0.39973291754722595,,3.2205018997192383,,,,,,,,,,,,,
28,,,,100977,,,,,,,,,,,,,,,,,,0.7013000249862671,0.8466647267341614,0.7018548846244812,0.7022305727005005,0.5589291453361511,0.702606201171875,0.6359487175941467,0.7382566332817078,0.7088478803634644,0.7688928842544556,0.7943386435508728,0.5383455753326416,0.7013000249862671
28,,,,100977,,,,,,,,,0.6111268401145935,0.08425028622150421,0.462065726518631,,,0.6077930927276611,,3.853377103805542,,,,,,,,,,,,,,
,0.00023037401924684946,0.00023037401924684946,2.3037401924684947e-05,100978,,,,,,,,,,,,,,,,,,,,,,,,,,,,,,
29,,,,100979,,,,,,,,,,,,0.46207091212272644,0.09606155753135681,,0.4167094826698303,,3.258241891860962,,,,,,,,,,,,,
29,,,,100999,,,,,,,,,,,,0.46207091212272644,0.10978007316589355,,0.5674211978912354,,4.454431533813477,,,,,,,,,,,,,
29,,,,101019,,,,,,,,,,,,0.46207091212272644,0.10879753530025482,,0.4084543287754059,,3.26015043258667,,,,,,,,,,,,,
29,,,,101039,,,,,,,,,,,,0.46207091212272644,0.07609039545059204,,0.7682566046714783,,4.401146411895752,,,,,,,,,,,,,
29,,,,101059,,,,,,,,,,,,0.46207091212272644,0.09188443422317505,,0.41057077050209045,,3.26261568069458,,,,,,,,,,,,,
29,,,,101079,,,,,,,,,,,,0.46207091212272644,0.11452676355838776,,0.5249072313308716,,4.386034965515137,,,,,,,,,,,,,
29,,,,101099,,,,,,,,,,,,0.46207091212272644,0.1022036075592041,,0.40012773871421814,,3.2300729751586914,,,,,,,,,,,,,
29,,,,101119,,,,,,,,,,,,0.46207091212272644,0.11071965098381042,,0.40950122475624084,,3.2066659927368164,,,,,,,,,,,,,
29,,,,101139,,,,,,,,,,,,0.46207091212272644,0.09630066156387329,,0.5787530541419983,,4.476736068725586,,,,,,,,,,,,,
29,,,,101159,,,,,,,,,,,,0.46207091212272644,0.1103871688246727,,0.4013633728027344,,3.2120208740234375,,,,,,,,,,,,,
29,,,,101179,,,,,,,,,,,,0.46207091212272644,0.047752365469932556,,0.801164448261261,,3.4612889289855957,,,,,,,,,,,,,
29,,,,101199,,,,,,,,,,,,0.46207091212272644,0.1123756617307663,,0.5613257884979248,,4.555807590484619,,,,,,,,,,,,,
29,,,,101219,,,,,,,,,,,,0.46207091212272644,0.10609214007854462,,0.4095943570137024,,3.199493646621704,,,,,,,,,,,,,
29,,,,101239,,,,,,,,,,,,0.46207091212272644,0.06223927438259125,,0.8958653807640076,,4.428655624389648,,,,,,,,,,,,,
29,,,,101259,,,,,,,,,,,,0.46207091212272644,0.09075741469860077,,0.6688894033432007,,4.511407375335693,,,,,,,,,,,,,
29,,,,101279,,,,,,,,,,,,0.46207091212272644,0.05493801459670067,,0.7746978402137756,,3.409700870513916,,,,,,,,,,,,,
29,,,,101299,,,,,,,,,,,,0.46207091212272644,0.05002264678478241,,0.8312607407569885,,3.4751315116882324,,,,,,,,,,,,,
29,,,,101319,,,,,,,,,,,,0.46207091212272644,0.04134542495012283,,0.9781625866889954,,4.298849105834961,,,,,,,,,,,,,
29,,,,101339,,,,,,,,,,,,0.46207091212272644,0.10123085975646973,,0.40596824884414673,,3.2395715713500977,,,,,,,,,,,,,
29,,,,101359,,,,,,,,,,,,0.46207091212272644,0.08278295397758484,,0.5015175938606262,,3.2182836532592773,,,,,,,,,,,,,
29,,,,101379,,,,,,,,,,,,0.46207091212272644,0.0647972822189331,,0.6473108530044556,,3.1961872577667236,,,,,,,,,,,,,
29,,,,101399,,,,,,,,,,,,0.46207091212272644,0.056795183569192886,,0.7770156860351562,,3.519859790802002,,,,,,,,,,,,,
29,,,,101419,,,,,,,,,,,,0.46207091212272644,0.06180720031261444,,0.9019187092781067,,3.720667839050293,,,,,,,,,,,,,
29,,,,101439,,,,,,,,,,,,0.46207091212272644,0.05219460278749466,,0.7885412573814392,,3.4379916191101074,,,,,,,,,,,,,
29,,,,101459,,,,,,,,,,,,0.46207091212272644,0.11016974598169327,,0.4254298210144043,,3.196911334991455,,,,,,,,,,,,,
29,,,,101479,,,,,,,,,,,,0.46207091212272644,0.07277624309062958,,0.5313589572906494,,3.2831897735595703,,,,,,,,,,,,,
29,,,,101499,,,,,,,,,,,,0.46207091212272644,0.08280949294567108,,0.4960004687309265,,3.2111101150512695,,,,,,,,,,,,,
29,,,,101519,,,,,,,,,,,,0.46207091212272644,0.09461457282304764,,0.5623224377632141,,4.400289535522461,,,,,,,,,,,,,
29,,,,101539,,,,,,,,,,,,0.46207091212272644,0.07430246472358704,,0.4873848259449005,,3.245574474334717,,,,,,,,,,,,,
29,,,,101559,,,,,,,,,,,,0.46207091212272644,0.05539122223854065,,0.9135262370109558,,4.152459621429443,,,,,,,,,,,,,
29,,,,101579,,,,,,,,,,,,0.46207091212272644,0.056783340871334076,,0.8248521089553833,,3.886314630508423,,,,,,,,,,,,,
29,,,,101599,,,,,,,,,,,,0.46207091212272644,0.09819809347391129,,0.6167510747909546,,4.412446022033691,,,,,,,,,,,,,
29,,,,101619,,,,,,,,,,,,0.46207091212272644,0.09297154098749161,,0.5217714905738831,,4.403233528137207,,,,,,,,,,,,,
29,,,,101639,,,,,,,,,,,,0.46207091212272644,0.0574781708419323,,0.7990391254425049,,4.367452621459961,,,,,,,,,,,,,
29,,,,101659,,,,,,,,,,,,0.46207091212272644,0.09741570800542831,,0.4189968705177307,,3.2329201698303223,,,,,,,,,,,,,
29,,,,101679,,,,,,,,,,,,0.46207091212272644,0.08626453578472137,,0.4184872806072235,,3.2077436447143555,,,,,,,,,,,,,
29,,,,101699,,,,,,,,,,,,0.46207091212272644,0.06169293075799942,,0.8667465448379517,,4.019337177276611,,,,,,,,,,,,,
29,,,,101719,,,,,,,,,,,,0.46207091212272644,0.09172966331243515,,0.5440934896469116,,4.400667190551758,,,,,,,,,,,,,
29,,,,101739,,,,,,,,,,,,0.46207091212272644,0.10408944636583328,,0.557357668876648,,4.34188985824585,,,,,,,,,,,,,
29,,,,101759,,,,,,,,,,,,0.46207091212272644,0.04868008941411972,,0.9252214431762695,,4.345467567443848,,,,,,,,,,,,,
29,,,,101779,,,,,,,,,,,,0.46207091212272644,0.11349570751190186,,0.43674859404563904,,3.322237014770508,,,,,,,,,,,,,
29,,,,101799,,,,,,,,,,,,0.46207091212272644,0.10292254388332367,,0.5179669857025146,,4.408870220184326,,,,,,,,,,,,,
29,,,,101819,,,,,,,,,,,,0.46207091212272644,0.0556759275496006,,0.8059884309768677,,3.8531570434570312,,,,,,,,,,,,,
29,,,,101839,,,,,,,,,,,,0.46207091212272644,0.0875927060842514,,0.7075315713882446,,4.4406657218933105,,,,,,,,,,,,,
29,,,,101859,,,,,,,,,,,,0.46207091212272644,0.09132644534111023,,0.49879708886146545,,3.1977224349975586,,,,,,,,,,,,,
29,,,,101879,,,,,,,,,,,,0.46207091212272644,0.0476546511054039,,0.8094441890716553,,3.9090676307678223,,,,,,,,,,,,,
29,,,,101899,,,,,,,,,,,,0.46207091212272644,0.0889047309756279,,0.6305635571479797,,4.403079032897949,,,,,,,,,,,,,
29,,,,101919,,,,,,,,,,,,0.46207091212272644,0.0537484772503376,,0.7510653734207153,,4.428561687469482,,,,,,,,,,,,,
29,,,,101939,,,,,,,,,,,,0.46207091212272644,0.09760668128728867,,0.3990408480167389,,3.2162370681762695,,,,,,,,,,,,,
29,,,,101959,,,,,,,,,,,,0.46207091212272644,0.04840505123138428,,0.8908697962760925,,3.7726337909698486,,,,,,,,,,,,,
29,,,,101979,,,,,,,,,,,,0.46207091212272644,0.03992665559053421,,0.9014462232589722,,4.023038387298584,,,,,,,,,,,,,
29,,,,101999,,,,,,,,,,,,0.46207091212272644,0.1105576902627945,,0.5393030047416687,,4.596706867218018,,,,,,,,,,,,,
29,,,,102019,,,,,,,,,,,,0.46207091212272644,0.06337600946426392,,0.8044742941856384,,4.546538352966309,,,,,,,,,,,,,
29,,,,102039,,,,,,,,,,,,0.46207091212272644,0.07788499444723129,,0.6034956574440002,,4.48513650894165,,,,,,,,,,,,,
29,,,,102059,,,,,,,,,,,,0.46207091212272644,0.1081637442111969,,0.39502274990081787,,3.1410722732543945,,,,,,,,,,,,,
29,,,,102079,,,,,,,,,,,,0.46207091212272644,0.06573817878961563,,0.44275739789009094,,3.257730484008789,,,,,,,,,,,,,
29,,,,102099,,,,,,,,,,,,0.46207091212272644,0.10574129223823547,,0.40186023712158203,,3.2017602920532227,,,,,,,,,,,,,
29,,,,102119,,,,,,,,,,,,0.46207091212272644,0.10194426029920578,,0.7330869436264038,,4.5106892585754395,,,,,,,,,,,,,
29,,,,102139,,,,,,,,,,,,0.46207091212272644,0.052210383117198944,,0.9134551882743835,,4.1514892578125,,,,,,,,,,,,,
29,,,,102159,,,,,,,,,,,,0.46207091212272644,0.06255197525024414,,0.8621991276741028,,3.894810199737549,,,,,,,,,,,,,
29,,,,102179,,,,,,,,,,,,0.46207091212272644,0.10596129298210144,,0.5431269407272339,,4.579453468322754,,,,,,,,,,,,,
29,,,,102199,,,,,,,,,,,,0.46207091212272644,0.08829958736896515,,0.4503916800022125,,3.158123731613159,,,,,,,,,,,,,
29,,,,102219,,,,,,,,,,,,0.46207091212272644,0.0970715582370758,,0.560321569442749,,3.1667048931121826,,,,,,,,,,,,,
29,,,,102239,,,,,,,,,,,,0.46207091212272644,0.11174076795578003,,0.5418433547019958,,4.59499979019165,,,,,,,,,,,,,
29,,,,102259,,,,,,,,,,,,0.46207091212272644,0.0976829081773758,,0.5291556715965271,,4.492203712463379,,,,,,,,,,,,,
29,,,,102279,,,,,,,,,,,,0.46207091212272644,0.07621947675943375,,0.7514313459396362,,4.421334266662598,,,,,,,,,,,,,
29,,,,102299,,,,,,,,,,,,0.46207091212272644,0.10192668437957764,,0.41716986894607544,,3.220790147781372,,,,,,,,,,,,,
29,,,,102319,,,,,,,,,,,,0.46207091212272644,0.10831788927316666,,0.5460575819015503,,4.42882776260376,,,,,,,,,,,,,
29,,,,102339,,,,,,,,,,,,0.46207091212272644,0.05195797234773636,,1.0285618305206299,,4.258469104766846,,,,,,,,,,,,,
29,,,,102359,,,,,,,,,,,,0.46207091212272644,0.09495719522237778,,0.4749217927455902,,3.2745771408081055,,,,,,,,,,,,,
29,,,,102379,,,,,,,,,,,,0.46207091212272644,0.05917244032025337,,0.899368405342102,,4.024257659912109,,,,,,,,,,,,,
29,,,,102399,,,,,,,,,,,,0.46207091212272644,0.055856652557849884,,0.8914706707000732,,4.264139175415039,,,,,,,,,,,,,
29,,,,102419,,,,,,,,,,,,0.46207091212272644,0.04621642082929611,,0.9946552515029907,,4.1128950119018555,,,,,,,,,,,,,
29,,,,102439,,,,,,,,,,,,0.46207091212272644,0.10933549702167511,,0.5570411086082458,,4.404909133911133,,,,,,,,,,,,,
29,,,,102459,,,,,,,,,,,,0.46207091212272644,0.046194713562726974,,0.7862410545349121,,4.32388162612915,,,,,,,,,,,,,
29,,,,102479,,,,,,,,,,,,0.46207091212272644,0.057921238243579865,,0.86915522813797,,3.9670987129211426,,,,,,,,,,,,,
29,,,,102499,,,,,,,,,,,,0.46207091212272644,0.05918751657009125,,0.8355376720428467,,4.278378486633301,,,,,,,,,,,,,
29,,,,102519,,,,,,,,,,,,0.46207091212272644,0.10071009397506714,,0.40721237659454346,,3.26493501663208,,,,,,,,,,,,,
29,,,,102539,,,,,,,,,,,,0.46207091212272644,0.09961500763893127,,0.3948962986469269,,3.203261375427246,,,,,,,,,,,,,
29,,,,102559,,,,,,,,,,,,0.46207091212272644,0.09390203654766083,,0.3998224139213562,,3.218644618988037,,,,,,,,,,,,,
29,,,,102579,,,,,,,,,,,,0.46207091212272644,0.10759582370519638,,0.5274225473403931,,4.484915256500244,,,,,,,,,,,,,
29,,,,102599,,,,,,,,,,,,0.46207091212272644,0.10371518135070801,,0.3957175016403198,,3.2173285484313965,,,,,,,,,,,,,
29,,,,102619,,,,,,,,,,,,0.46207091212272644,0.05659833550453186,,0.7601932883262634,,3.5532164573669434,,,,,,,,,,,,,
29,,,,102639,,,,,,,,,,,,0.46207091212272644,0.05063020437955856,,0.866425096988678,,4.228128433227539,,,,,,,,,,,,,
29,,,,102659,,,,,,,,,,,,0.46207091212272644,0.10700788348913193,,0.5257373452186584,,4.471010208129883,,,,,,,,,,,,,
29,,,,102679,,,,,,,,,,,,0.46207091212272644,0.1088450476527214,,0.3940061628818512,,3.142899990081787,,,,,,,,,,,,,
29,,,,102699,,,,,,,,,,,,0.46207091212272644,0.05309920758008957,,0.5853146910667419,,3.1439297199249268,,,,,,,,,,,,,
29,,,,102719,,,,,,,,,,,,0.46207091212272644,0.055791765451431274,,0.895247220993042,,4.278377056121826,,,,,,,,,,,,,
29,,,,102739,,,,,,,,,,,,0.46207091212272644,0.06996621936559677,,0.642190158367157,,4.369344711303711,,,,,,,,,,,,,
29,,,,102759,,,,,,,,,,,,0.46207091212272644,0.07559845596551895,,0.7837784886360168,,4.356108665466309,,,,,,,,,,,,,
29,,,,102779,,,,,,,,,,,,0.46207091212272644,0.09414111077785492,,0.542336106300354,,4.426688194274902,,,,,,,,,,,,,
29,,,,102799,,,,,,,,,,,,0.46207091212272644,0.061312828212976456,,0.75055330991745,,3.403395891189575,,,,,,,,,,,,,
29,,,,102819,,,,,,,,,,,,0.46207091212272644,0.059695053845644,,0.5480012893676758,,3.310840606689453,,,,,,,,,,,,,
29,,,,102839,,,,,,,,,,,,0.46207091212272644,0.0876525342464447,,0.5370728373527527,,4.3935980796813965,,,,,,,,,,,,,
29,,,,102859,,,,,,,,,,,,0.46207091212272644,0.1031561940908432,,0.5272706747055054,,4.362521171569824,,,,,,,,,,,,,
29,,,,102879,,,,,,,,,,,,0.46207091212272644,0.10903222113847733,,0.42071959376335144,,3.273469924926758,,,,,,,,,,,,,
29,,,,102899,,,,,,,,,,,,0.46207091212272644,0.06360983103513718,,0.860306978225708,,4.177672386169434,,,,,,,,,,,,,
29,,,,102919,,,,,,,,,,,,0.46207091212272644,0.10854075103998184,,0.5184951424598694,,4.350592613220215,,,,,,,,,,,,,
29,,,,102939,,,,,,,,,,,,0.46207091212272644,0.09862053394317627,,0.5181413292884827,,4.37605094909668,,,,,,,,,,,,,
29,,,,102959,,,,,,,,,,,,0.46207091212272644,0.07557211816310883,,0.5260925889015198,,3.2971789836883545,,,,,,,,,,,,,
29,,,,102979,,,,,,,,,,,,0.46207091212272644,0.08944056928157806,,0.4770740866661072,,3.252772808074951,,,,,,,,,,,,,
29,,,,102999,,,,,,,,,,,,0.46207091212272644,0.10352939367294312,,0.5674384236335754,,4.488166332244873,,,,,,,,,,,,,
29,,,,103019,,,,,,,,,,,,0.46207091212272644,0.06004682183265686,,0.7524052262306213,,3.1497955322265625,,,,,,,,,,,,,
29,,,,103039,,,,,,,,,,,,0.46207091212272644,0.10590540617704391,,0.5416437387466431,,4.551122665405273,,,,,,,,,,,,,
29,,,,103059,,,,,,,,,,,,0.46207091212272644,0.048344530165195465,,0.893684983253479,,4.4320878982543945,,,,,,,,,,,,,
29,,,,103079,,,,,,,,,,,,0.46207091212272644,0.1025172770023346,,0.5624850392341614,,4.390337944030762,,,,,,,,,,,,,
29,,,,103099,,,,,,,,,,,,0.46207091212272644,0.10497176647186279,,0.5190200209617615,,4.412409782409668,,,,,,,,,,,,,
29,,,,103119,,,,,,,,,,,,0.46207091212272644,0.08778524398803711,,0.5315626859664917,,4.463159561157227,,,,,,,,,,,,,
29,,,,103139,,,,,,,,,,,,0.46207091212272644,0.05306769162416458,,0.8568647503852844,,4.34310245513916,,,,,,,,,,,,,
29,,,,103159,,,,,,,,,,,,0.46207091212272644,0.051310911774635315,,0.7792840003967285,,4.420933246612549,,,,,,,,,,,,,
29,,,,103179,,,,,,,,,,,,0.46207091212272644,0.1085767149925232,,0.5248854756355286,,4.394674301147461,,,,,,,,,,,,,
29,,,,103199,,,,,,,,,,,,0.46207091212272644,0.10468722879886627,,0.555901288986206,,4.4360880851745605,,,,,,,,,,,,,
29,,,,103219,,,,,,,,,,,,0.46207091212272644,0.0762595608830452,,0.737628698348999,,3.309046745300293,,,,,,,,,,,,,
29,,,,103239,,,,,,,,,,,,0.46207091212272644,0.10921945422887802,,0.39898034930229187,,3.1880764961242676,,,,,,,,,,,,,
29,,,,103259,,,,,,,,,,,,0.46207091212272644,0.07270443439483643,,0.5421255230903625,,3.213014841079712,,,,,,,,,,,,,
29,,,,103279,,,,,,,,,,,,0.46207091212272644,0.050195686519145966,,0.8150171041488647,,3.5104386806488037,,,,,,,,,,,,,
29,,,,103299,,,,,,,,,,,,0.46207091212272644,0.05157250165939331,,0.889947235584259,,3.7390341758728027,,,,,,,,,,,,,
29,,,,103319,,,,,,,,,,,,0.46207091212272644,0.09047636389732361,,0.48879891633987427,,3.2432870864868164,,,,,,,,,,,,,
29,,,,103339,,,,,,,,,,,,0.46207091212272644,0.10998585820198059,,0.40414515137672424,,3.1964521408081055,,,,,,,,,,,,,
29,,,,103359,,,,,,,,,,,,0.46207091212272644,0.05166662111878395,,0.9025118947029114,,4.2512311935424805,,,,,,,,,,,,,
29,,,,103379,,,,,,,,,,,,0.46207091212272644,0.08045697212219238,,0.6318255066871643,,4.5266289710998535,,,,,,,,,,,,,
29,,,,103399,,,,,,,,,,,,0.46207091212272644,0.08726672828197479,,0.42773035168647766,,3.2174768447875977,,,,,,,,,,,,,
29,,,,103419,,,,,,,,,,,,0.46207091212272644,0.11333371698856354,,0.3973909020423889,,3.169492244720459,,,,,,,,,,,,,
29,,,,103439,,,,,,,,,,,,0.46207091212272644,0.09575656056404114,,0.45750728249549866,,3.173684597015381,,,,,,,,,,,,,
29,,,,103459,,,,,,,,,,,,0.46207091212272644,0.09509195387363434,,0.517024040222168,,3.2080445289611816,,,,,,,,,,,,,
29,,,,103479,,,,,,,,,,,,0.46207091212272644,0.048585131764411926,,0.9066020846366882,,3.7208266258239746,,,,,,,,,,,,,
29,,,,103499,,,,,,,,,,,,0.46207091212272644,0.08299870789051056,,0.3890972435474396,,3.1369662284851074,,,,,,,,,,,,,
29,,,,103519,,,,,,,,,,,,0.46207091212272644,0.05159841105341911,,0.895048975944519,,3.915297508239746,,,,,,,,,,,,,
29,,,,103539,,,,,,,,,,,,0.46207091212272644,0.08893438428640366,,0.49083948135375977,,3.1018075942993164,,,,,,,,,,,,,
29,,,,103559,,,,,,,,,,,,0.46207091212272644,0.09791236370801926,,0.4848838150501251,,3.1557412147521973,,,,,,,,,,,,,
29,,,,103579,,,,,,,,,,,,0.46207091212272644,0.0477638840675354,,0.9172806739807129,,4.129423141479492,,,,,,,,,,,,,
29,,,,103599,,,,,,,,,,,,0.46207091212272644,0.10105820745229721,,0.38982558250427246,,3.130695343017578,,,,,,,,,,,,,
29,,,,103619,,,,,,,,,,,,0.46207091212272644,0.054297514259815216,,0.9281390905380249,,4.351876258850098,,,,,,,,,,,,,
29,,,,103639,,,,,,,,,,,,0.46207091212272644,0.10879305750131607,,0.427107572555542,,3.1675469875335693,,,,,,,,,,,,,
29,,,,103659,,,,,,,,,,,,0.46207091212272644,0.11320663243532181,,0.3940350413322449,,3.132943868637085,,,,,,,,,,,,,
29,,,,103679,,,,,,,,,,,,0.46207091212272644,0.10310396552085876,,0.39246848225593567,,3.1766371726989746,,,,,,,,,,,,,
29,,,,103699,,,,,,,,,,,,0.46207091212272644,0.08182954043149948,,0.5776993036270142,,3.21298885345459,,,,,,,,,,,,,
29,,,,103719,,,,,,,,,,,,0.46207091212272644,0.049082837998867035,,1.0042811632156372,,4.051355361938477,,,,,,,,,,,,,
29,,,,103739,,,,,,,,,,,,0.46207091212272644,0.12008792906999588,,0.5323545336723328,,4.360813617706299,,,,,,,,,,,,,
29,,,,103759,,,,,,,,,,,,0.46207091212272644,0.04952539876103401,,0.7420053482055664,,3.3698997497558594,,,,,,,,,,,,,
29,,,,103779,,,,,,,,,,,,0.46207091212272644,0.05798303335905075,,0.7771896719932556,,3.4274277687072754,,,,,,,,,,,,,
29,,,,103799,,,,,,,,,,,,0.46207091212272644,0.0691438764333725,,0.5982267260551453,,3.23789381980896,,,,,,,,,,,,,
29,,,,103819,,,,,,,,,,,,0.46207091212272644,0.0473940446972847,,0.9015334844589233,,3.9379327297210693,,,,,,,,,,,,,
29,,,,103839,,,,,,,,,,,,0.46207091212272644,0.1076866164803505,,0.5234501361846924,,4.405885696411133,,,,,,,,,,,,,
29,,,,103859,,,,,,,,,,,,0.46207091212272644,0.11708301305770874,,0.5298641920089722,,4.39886474609375,,,,,,,,,,,,,
29,,,,103879,,,,,,,,,,,,0.46207091212272644,0.10262299329042435,,0.4127430021762848,,3.3336386680603027,,,,,,,,,,,,,
29,,,,103899,,,,,,,,,,,,0.46207091212272644,0.06644174456596375,,0.7389145493507385,,4.3734331130981445,,,,,,,,,,,,,
29,,,,103919,,,,,,,,,,,,0.46207091212272644,0.09934494644403458,,0.41107553243637085,,3.3031671047210693,,,,,,,,,,,,,
29,,,,103939,,,,,,,,,,,,0.46207091212272644,0.061202265322208405,,0.7882689237594604,,3.356917142868042,,,,,,,,,,,,,
29,,,,103959,,,,,,,,,,,,0.46207091212272644,0.08253629505634308,,0.611519992351532,,4.3969550132751465,,,,,,,,,,,,,
29,,,,103979,,,,,,,,,,,,0.46207091212272644,0.0745597556233406,,0.5166133642196655,,3.2771530151367188,,,,,,,,,,,,,
29,,,,103999,,,,,,,,,,,,0.46207091212272644,0.10458706319332123,,0.4062958061695099,,3.250422477722168,,,,,,,,,,,,,
29,,,,104019,,,,,,,,,,,,0.46207091212272644,0.10790880024433136,,0.5311233997344971,,4.413346767425537,,,,,,,,,,,,,
29,,,,104039,,,,,,,,,,,,0.46207091212272644,0.1020607054233551,,0.4015099108219147,,3.237769365310669,,,,,,,,,,,,,
29,,,,104059,,,,,,,,,,,,0.46207091212272644,0.10683146119117737,,0.5500532984733582,,4.362201690673828,,,,,,,,,,,,,
29,,,,104079,,,,,,,,,,,,0.46207091212272644,0.060682281851768494,,0.8435646295547485,,4.417459964752197,,,,,,,,,,,,,
29,,,,104099,,,,,,,,,,,,0.46207091212272644,0.10770359635353088,,0.5307523608207703,,4.426300048828125,,,,,,,,,,,,,
29,,,,104119,,,,,,,,,,,,0.46207091212272644,0.09161170572042465,,0.5375819802284241,,4.51999044418335,,,,,,,,,,,,,
29,,,,104139,,,,,,,,,,,,0.46207091212272644,0.04426094889640808,,0.7633387446403503,,3.3678410053253174,,,,,,,,,,,,,
29,,,,104159,,,,,,,,,,,,0.46207091212272644,0.10525491833686829,,0.5236961245536804,,4.4727630615234375,,,,,,,,,,,,,
29,,,,104179,,,,,,,,,,,,0.46207091212272644,0.05284919589757919,,0.6989140510559082,,3.3149049282073975,,,,,,,,,,,,,
29,,,,104199,,,,,,,,,,,,0.46207091212272644,0.0934954583644867,,0.7170493006706238,,4.425817489624023,,,,,,,,,,,,,
29,,,,104219,,,,,,,,,,,,0.46207091212272644,0.10547086596488953,,0.5235238671302795,,4.389010906219482,,,,,,,,,,,,,
29,,,,104239,,,,,,,,,,,,0.46207091212272644,0.1083933636546135,,0.5295118093490601,,4.464855194091797,,,,,,,,,,,,,
29,,,,104259,,,,,,,,,,,,0.46207091212272644,0.10598093271255493,,0.4161525368690491,,3.196043014526367,,,,,,,,,,,,,
29,,,,104279,,,,,,,,,,,,0.46207091212272644,0.11084768921136856,,0.4468076825141907,,3.085320472717285,,,,,,,,,,,,,
29,,,,104299,,,,,,,,,,,,0.46207091212272644,0.09873265773057938,,0.39992550015449524,,3.1259653568267822,,,,,,,,,,,,,
29,,,,104319,,,,,,,,,,,,0.46207091212272644,0.10629872232675552,,0.5315058827400208,,4.464698314666748,,,,,,,,,,,,,
29,,,,104339,,,,,,,,,,,,0.46207091212272644,0.11610819399356842,,0.39609986543655396,,3.1453986167907715,,,,,,,,,,,,,
29,,,,104359,,,,,,,,,,,,0.46207091212272644,0.10335272550582886,,0.5317134261131287,,4.5007829666137695,,,,,,,,,,,,,
29,,,,104379,,,,,,,,,,,,0.46207091212272644,0.10939900577068329,,0.5265130400657654,,4.471244812011719,,,,,,,,,,,,,
29,,,,104399,,,,,,,,,,,,0.46207091212272644,0.1151658147573471,,0.5671464800834656,,4.4770894050598145,,,,,,,,,,,,,
29,,,,104419,,,,,,,,,,,,0.46207091212272644,0.11179175972938538,,0.40137648582458496,,3.211315631866455,,,,,,,,,,,,,
29,,,,104439,,,,,,,,,,,,0.46207091212272644,0.04595377296209335,,0.8354552984237671,,3.4215176105499268,,,,,,,,,,,,,
29,,,,104459,,,,,,,,,,,,0.46207091212272644,0.10317680239677429,,0.5388924479484558,,4.495759963989258,,,,,,,,,,,,,
29,,,,104459,,,,,,,,,,,,,,,,,,0.691554069519043,0.8363235592842102,0.6978392004966736,0.7034138441085815,0.5944506525993347,0.7089884281158447,0.6417953968048096,0.7436357140541077,0.7194103002548218,0.7467365860939026,0.7985788583755493,0.5712280869483948,0.691554069519043
29,,,,104459,,,,,,,,,0.6147732138633728,0.08514346182346344,0.462065726518631,,,0.60221266746521,,3.8429510593414307,,,,,,,,,,,,,,
,0.000225,0.000225,2.2499999999999998e-05,104460,,,,,,,,,,,,,,,,,,,,,,,,,,,,,,
30,,,,104479,,,,,,,,,,,,0.46207091212272644,0.09707646071910858,,0.5421916246414185,,4.375539779663086,,,,,,,,,,,,,
30,,,,104499,,,,,,,,,,,,0.46207091212272644,0.10447200387716293,,0.5169631242752075,,4.400805473327637,,,,,,,,,,,,,
30,,,,104519,,,,,,,,,,,,0.46207091212272644,0.061224982142448425,,0.7168223857879639,,4.399225234985352,,,,,,,,,,,,,
30,,,,104539,,,,,,,,,,,,0.46207091212272644,0.044375527650117874,,0.9285992980003357,,3.835756540298462,,,,,,,,,,,,,
30,,,,104559,,,,,,,,,,,,0.46207091212272644,0.11086704581975937,,0.5246471166610718,,4.363404750823975,,,,,,,,,,,,,
30,,,,104579,,,,,,,,,,,,0.46207091212272644,0.0938318520784378,,0.5944356322288513,,4.350490093231201,,,,,,,,,,,,,
30,,,,104599,,,,,,,,,,,,0.46207091212272644,0.0554048977792263,,0.6277448534965515,,3.244142532348633,,,,,,,,,,,,,
30,,,,104619,,,,,,,,,,,,0.46207091212272644,0.1018083393573761,,0.5191749334335327,,3.2810134887695312,,,,,,,,,,,,,
30,,,,104639,,,,,,,,,,,,0.46207091212272644,0.10262832045555115,,0.5280807018280029,,4.502714157104492,,,,,,,,,,,,,
30,,,,104659,,,,,,,,,,,,0.46207091212272644,0.10905671119689941,,0.40725579857826233,,3.1831846237182617,,,,,,,,,,,,,
30,,,,104679,,,,,,,,,,,,0.46207091212272644,0.1053248792886734,,0.40783095359802246,,3.22953462600708,,,,,,,,,,,,,
30,,,,104699,,,,,,,,,,,,0.46207091212272644,0.1126105934381485,,0.5588907599449158,,4.456542015075684,,,,,,,,,,,,,
30,,,,104719,,,,,,,,,,,,0.46207091212272644,0.07171343266963959,,0.6131223440170288,,4.278192520141602,,,,,,,,,,,,,
30,,,,104739,,,,,,,,,,,,0.46207091212272644,0.05612678825855255,,0.68027263879776,,3.2548670768737793,,,,,,,,,,,,,
30,,,,104759,,,,,,,,,,,,0.46207091212272644,0.06780341267585754,,0.6202518939971924,,3.1236000061035156,,,,,,,,,,,,,
30,,,,104779,,,,,,,,,,,,0.46207091212272644,0.10638605803251266,,0.5300105214118958,,4.486477851867676,,,,,,,,,,,,,
30,,,,104799,,,,,,,,,,,,0.46207091212272644,0.05713697522878647,,0.8692812323570251,,4.101141929626465,,,,,,,,,,,,,
30,,,,104819,,,,,,,,,,,,0.46207091212272644,0.11307677626609802,,0.43052005767822266,,3.237468957901001,,,,,,,,,,,,,
30,,,,104839,,,,,,,,,,,,0.46207091212272644,0.0992482453584671,,0.5156930685043335,,4.4142913818359375,,,,,,,,,,,,,
30,,,,104859,,,,,,,,,,,,0.46207091212272644,0.05630757659673691,,0.7742314338684082,,4.405033111572266,,,,,,,,,,,,,
30,,,,104879,,,,,,,,,,,,0.46207091212272644,0.07006946951150894,,0.5915898680686951,,4.476070404052734,,,,,,,,,,,,,
30,,,,104899,,,,,,,,,,,,0.46207091212272644,0.07126976549625397,,0.7684401273727417,,4.3701887130737305,,,,,,,,,,,,,
30,,,,104919,,,,,,,,,,,,0.46207091212272644,0.09092812240123749,,0.6747099161148071,,4.3493194580078125,,,,,,,,,,,,,
30,,,,104939,,,,,,,,,,,,0.46207091212272644,0.06983128190040588,,0.811620831489563,,3.935817241668701,,,,,,,,,,,,,
30,,,,104959,,,,,,,,,,,,0.46207091212272644,0.11268702149391174,,0.40924882888793945,,3.285879373550415,,,,,,,,,,,,,
30,,,,104979,,,,,,,,,,,,0.46207091212272644,0.10887911915779114,,0.40174728631973267,,3.239867687225342,,,,,,,,,,,,,
30,,,,104999,,,,,,,,,,,,0.46207091212272644,0.09740197658538818,,0.41160908341407776,,3.2632110118865967,,,,,,,,,,,,,
30,,,,105019,,,,,,,,,,,,0.46207091212272644,0.1070103868842125,,0.619490385055542,,4.425542831420898,,,,,,,,,,,,,
30,,,,105039,,,,,,,,,,,,0.46207091212272644,0.05509214475750923,,0.8966876864433289,,4.072449207305908,,,,,,,,,,,,,
30,,,,105059,,,,,,,,,,,,0.46207091212272644,0.0530853345990181,,0.7936407327651978,,3.444305896759033,,,,,,,,,,,,,
30,,,,105079,,,,,,,,,,,,0.46207091212272644,0.09539385139942169,,0.4029276371002197,,3.2198688983917236,,,,,,,,,,,,,
30,,,,105099,,,,,,,,,,,,0.46207091212272644,0.049375906586647034,,0.9835254549980164,,4.161158561706543,,,,,,,,,,,,,
30,,,,105119,,,,,,,,,,,,0.46207091212272644,0.11209144443273544,,0.5243660807609558,,4.449160099029541,,,,,,,,,,,,,
30,,,,105139,,,,,,,,,,,,0.46207091212272644,0.06388978660106659,,0.8519772887229919,,3.899552822113037,,,,,,,,,,,,,
30,,,,105159,,,,,,,,,,,,0.46207091212272644,0.050229512155056,,0.9682391285896301,,4.263606071472168,,,,,,,,,,,,,
30,,,,105179,,,,,,,,,,,,0.46207091212272644,0.09714988619089127,,0.462456077337265,,3.2041444778442383,,,,,,,,,,,,,
30,,,,105199,,,,,,,,,,,,0.46207091212272644,0.05095745623111725,,0.8249099254608154,,3.4572606086730957,,,,,,,,,,,,,
30,,,,105219,,,,,,,,,,,,0.46207091212272644,0.10303375869989395,,0.5180307030677795,,4.4233222007751465,,,,,,,,,,,,,
30,,,,105239,,,,,,,,,,,,0.46207091212272644,0.10595855116844177,,0.44859758019447327,,3.234262466430664,,,,,,,,,,,,,
30,,,,105259,,,,,,,,,,,,0.46207091212272644,0.05049381032586098,,0.9855474829673767,,4.084460258483887,,,,,,,,,,,,,
30,,,,105279,,,,,,,,,,,,0.46207091212272644,0.10351639986038208,,0.521161675453186,,4.408221244812012,,,,,,,,,,,,,
30,,,,105299,,,,,,,,,,,,0.46207091212272644,0.09989218413829803,,0.5250775218009949,,4.396817207336426,,,,,,,,,,,,,
30,,,,105319,,,,,,,,,,,,0.46207091212272644,0.09733029454946518,,0.43121767044067383,,3.250041961669922,,,,,,,,,,,,,
30,,,,105339,,,,,,,,,,,,0.46207091212272644,0.0871492326259613,,0.5878990292549133,,4.3771843910217285,,,,,,,,,,,,,
30,,,,105359,,,,,,,,,,,,0.46207091212272644,0.09194228798151016,,0.45243778824806213,,3.257080078125,,,,,,,,,,,,,
30,,,,105379,,,,,,,,,,,,0.46207091212272644,0.05292456969618797,,0.8664111495018005,,3.5351152420043945,,,,,,,,,,,,,
30,,,,105399,,,,,,,,,,,,0.46207091212272644,0.09847097843885422,,0.5370286703109741,,4.406332969665527,,,,,,,,,,,,,
30,,,,105419,,,,,,,,,,,,0.46207091212272644,0.058391258120536804,,0.6333314180374146,,3.2220778465270996,,,,,,,,,,,,,
30,,,,105439,,,,,,,,,,,,0.46207091212272644,0.044271133840084076,,0.6631474494934082,,3.18564772605896,,,,,,,,,,,,,
30,,,,105459,,,,,,,,,,,,0.46207091212272644,0.08095280081033707,,0.46221259236335754,,3.1040332317352295,,,,,,,,,,,,,
30,,,,105479,,,,,,,,,,,,0.46207091212272644,0.09156302362680435,,0.5928525328636169,,4.572080612182617,,,,,,,,,,,,,
30,,,,105499,,,,,,,,,,,,0.46207091212272644,0.10673190653324127,,0.530339241027832,,4.553262710571289,,,,,,,,,,,,,
30,,,,105519,,,,,,,,,,,,0.46207091212272644,0.08667726069688797,,0.39609405398368835,,3.169940710067749,,,,,,,,,,,,,
30,,,,105539,,,,,,,,,,,,0.46207091212272644,0.08817201852798462,,0.5643943548202515,,4.516489028930664,,,,,,,,,,,,,
30,,,,105559,,,,,,,,,,,,0.46207091212272644,0.11165463179349899,,0.5405981540679932,,4.512463569641113,,,,,,,,,,,,,
30,,,,105579,,,,,,,,,,,,0.46207091212272644,0.11411267518997192,,0.4043098986148834,,3.213911533355713,,,,,,,,,,,,,
30,,,,105599,,,,,,,,,,,,0.46207091212272644,0.06539057940244675,,0.693277895450592,,4.453194618225098,,,,,,,,,,,,,
30,,,,105619,,,,,,,,,,,,0.46207091212272644,0.11814858019351959,,0.5281718969345093,,4.447937965393066,,,,,,,,,,,,,
30,,,,105639,,,,,,,,,,,,0.46207091212272644,0.10487551242113113,,0.40596774220466614,,3.23167085647583,,,,,,,,,,,,,
30,,,,105659,,,,,,,,,,,,0.46207091212272644,0.059973523020744324,,0.8404518961906433,,4.440813064575195,,,,,,,,,,,,,
30,,,,105679,,,,,,,,,,,,0.46207091212272644,0.10589770972728729,,0.5987655520439148,,4.517958641052246,,,,,,,,,,,,,
30,,,,105699,,,,,,,,,,,,0.46207091212272644,0.06040939316153526,,0.5946485996246338,,3.1692726612091064,,,,,,,,,,,,,
30,,,,105719,,,,,,,,,,,,0.46207091212272644,0.10750541090965271,,0.40262341499328613,,3.199432849884033,,,,,,,,,,,,,
30,,,,105739,,,,,,,,,,,,0.46207091212272644,0.10756470263004303,,0.5396436452865601,,4.494808197021484,,,,,,,,,,,,,
30,,,,105759,,,,,,,,,,,,0.46207091212272644,0.10246496647596359,,0.39759376645088196,,3.2045352458953857,,,,,,,,,,,,,
30,,,,105779,,,,,,,,,,,,0.46207091212272644,0.11019876599311829,,0.41474995017051697,,3.261441230773926,,,,,,,,,,,,,
30,,,,105799,,,,,,,,,,,,0.46207091212272644,0.1073022186756134,,0.39137962460517883,,3.115902900695801,,,,,,,,,,,,,
30,,,,105819,,,,,,,,,,,,0.46207091212272644,0.04866471514105797,,0.8134526014328003,,3.2625904083251953,,,,,,,,,,,,,
30,,,,105839,,,,,,,,,,,,0.46207091212272644,0.048633649945259094,,0.9308251142501831,,4.351637363433838,,,,,,,,,,,,,
30,,,,105859,,,,,,,,,,,,0.46207091212272644,0.04870888963341713,,0.8913894891738892,,4.13817024230957,,,,,,,,,,,,,
30,,,,105879,,,,,,,,,,,,0.46207091212272644,0.11094594746828079,,0.5513607263565063,,4.434885025024414,,,,,,,,,,,,,
30,,,,105899,,,,,,,,,,,,0.46207091212272644,0.11503928154706955,,0.5367698669433594,,4.45916748046875,,,,,,,,,,,,,
30,,,,105919,,,,,,,,,,,,0.46207091212272644,0.0737912505865097,,0.6205162405967712,,4.4707207679748535,,,,,,,,,,,,,
30,,,,105939,,,,,,,,,,,,0.46207091212272644,0.11083284020423889,,0.4004952013492584,,3.2128560543060303,,,,,,,,,,,,,
30,,,,105959,,,,,,,,,,,,0.46207091212272644,0.0479607880115509,,0.7644848227500916,,3.3537299633026123,,,,,,,,,,,,,
30,,,,105979,,,,,,,,,,,,0.46207091212272644,0.10843080282211304,,0.5142866373062134,,4.320184230804443,,,,,,,,,,,,,
30,,,,105999,,,,,,,,,,,,0.46207091212272644,0.04545613378286362,,1.0042619705200195,,4.140544891357422,,,,,,,,,,,,,
30,,,,106019,,,,,,,,,,,,0.46207091212272644,0.0915071964263916,,0.4556123614311218,,3.286407947540283,,,,,,,,,,,,,
30,,,,106039,,,,,,,,,,,,0.46207091212272644,0.09848014265298843,,0.5982688069343567,,3.309852123260498,,,,,,,,,,,,,
30,,,,106059,,,,,,,,,,,,0.46207091212272644,0.062667116522789,,0.5824289321899414,,3.239614486694336,,,,,,,,,,,,,
30,,,,106079,,,,,,,,,,,,0.46207091212272644,0.08423438668251038,,0.4331358075141907,,3.2305290699005127,,,,,,,,,,,,,
30,,,,106099,,,,,,,,,,,,0.46207091212272644,0.04754781723022461,,0.8438747525215149,,4.440114498138428,,,,,,,,,,,,,
30,,,,106119,,,,,,,,,,,,0.46207091212272644,0.05399424955248833,,0.6905345916748047,,3.2578749656677246,,,,,,,,,,,,,
30,,,,106139,,,,,,,,,,,,0.46207091212272644,0.10622648894786835,,0.3919321894645691,,3.0839972496032715,,,,,,,,,,,,,
30,,,,106159,,,,,,,,,,,,0.46207091212272644,0.10615985095500946,,0.3851979076862335,,3.0849204063415527,,,,,,,,,,,,,
30,,,,106179,,,,,,,,,,,,0.46207091212272644,0.10216234624385834,,0.3933177888393402,,3.107990264892578,,,,,,,,,,,,,
30,,,,106199,,,,,,,,,,,,0.46207091212272644,0.08622987568378448,,0.4946229159832001,,3.1330535411834717,,,,,,,,,,,,,
30,,,,106219,,,,,,,,,,,,0.46207091212272644,0.09014472365379333,,0.4475477635860443,,3.148597240447998,,,,,,,,,,,,,
30,,,,106239,,,,,,,,,,,,0.46207091212272644,0.04580055922269821,,0.9413847923278809,,4.253235816955566,,,,,,,,,,,,,
30,,,,106259,,,,,,,,,,,,0.46207091212272644,0.11521124094724655,,0.541858434677124,,4.385341167449951,,,,,,,,,,,,,
30,,,,106279,,,,,,,,,,,,0.46207091212272644,0.10030511021614075,,0.4483734965324402,,3.19783878326416,,,,,,,,,,,,,
30,,,,106299,,,,,,,,,,,,0.46207091212272644,0.052352625876665115,,0.834432065486908,,4.29709005355835,,,,,,,,,,,,,
30,,,,106319,,,,,,,,,,,,0.46207091212272644,0.10656046867370605,,0.5195923447608948,,4.435771942138672,,,,,,,,,,,,,
30,,,,106339,,,,,,,,,,,,0.46207091212272644,0.10816439986228943,,0.5187292695045471,,4.428509712219238,,,,,,,,,,,,,
30,,,,106359,,,,,,,,,,,,0.46207091212272644,0.057084277272224426,,0.9193626642227173,,4.127752304077148,,,,,,,,,,,,,
30,,,,106379,,,,,,,,,,,,0.46207091212272644,0.09031277894973755,,0.5308375954627991,,4.459745407104492,,,,,,,,,,,,,
30,,,,106399,,,,,,,,,,,,0.46207091212272644,0.09571072459220886,,0.5134376287460327,,4.394587516784668,,,,,,,,,,,,,
30,,,,106419,,,,,,,,,,,,0.46207091212272644,0.10841704905033112,,0.5252307653427124,,4.405273914337158,,,,,,,,,,,,,
30,,,,106439,,,,,,,,,,,,0.46207091212272644,0.10583370923995972,,0.5170238018035889,,4.392022132873535,,,,,,,,,,,,,
30,,,,106459,,,,,,,,,,,,0.46207091212272644,0.04833511263132095,,0.8198738694190979,,4.376255512237549,,,,,,,,,,,,,
30,,,,106479,,,,,,,,,,,,0.46207091212272644,0.1112273707985878,,0.5365452170372009,,4.345666885375977,,,,,,,,,,,,,
30,,,,106499,,,,,,,,,,,,0.46207091212272644,0.07017005980014801,,0.52724289894104,,3.307243585586548,,,,,,,,,,,,,
30,,,,106519,,,,,,,,,,,,0.46207091212272644,0.08360617607831955,,0.5973320007324219,,4.3874969482421875,,,,,,,,,,,,,
30,,,,106539,,,,,,,,,,,,0.46207091212272644,0.08239614218473434,,0.49906125664711,,3.261969566345215,,,,,,,,,,,,,
30,,,,106559,,,,,,,,,,,,0.46207091212272644,0.09021131694316864,,0.5255559086799622,,4.368765830993652,,,,,,,,,,,,,
30,,,,106579,,,,,,,,,,,,0.46207091212272644,0.0855034738779068,,0.49583157896995544,,3.2565758228302,,,,,,,,,,,,,
30,,,,106599,,,,,,,,,,,,0.46207091212272644,0.10394231975078583,,0.5544701814651489,,4.369209289550781,,,,,,,,,,,,,
30,,,,106619,,,,,,,,,,,,0.46207091212272644,0.10506750643253326,,0.40713122487068176,,3.270444393157959,,,,,,,,,,,,,
30,,,,106639,,,,,,,,,,,,0.46207091212272644,0.10924823582172394,,0.5218771696090698,,4.392223358154297,,,,,,,,,,,,,
30,,,,106659,,,,,,,,,,,,0.46207091212272644,0.10813663899898529,,0.5469341278076172,,4.395205497741699,,,,,,,,,,,,,
30,,,,106679,,,,,,,,,,,,0.46207091212272644,0.06896605342626572,,0.5928137898445129,,3.233004570007324,,,,,,,,,,,,,
30,,,,106699,,,,,,,,,,,,0.46207091212272644,0.04869663715362549,,0.8896183371543884,,3.8528895378112793,,,,,,,,,,,,,
30,,,,106719,,,,,,,,,,,,0.46207091212272644,0.09772129356861115,,0.40497004985809326,,3.173513889312744,,,,,,,,,,,,,
30,,,,106739,,,,,,,,,,,,0.46207091212272644,0.09947703778743744,,0.385312557220459,,3.046116828918457,,,,,,,,,,,,,
30,,,,106759,,,,,,,,,,,,0.46207091212272644,0.07047676295042038,,0.5630202293395996,,3.1080353260040283,,,,,,,,,,,,,
30,,,,106779,,,,,,,,,,,,0.46207091212272644,0.06731908023357391,,0.5593213438987732,,3.157984495162964,,,,,,,,,,,,,
30,,,,106799,,,,,,,,,,,,0.46207091212272644,0.05274580419063568,,0.8331270813941956,,3.6107587814331055,,,,,,,,,,,,,
30,,,,106819,,,,,,,,,,,,0.46207091212272644,0.10870326310396194,,0.5277766585350037,,4.44273042678833,,,,,,,,,,,,,
30,,,,106839,,,,,,,,,,,,0.46207091212272644,0.10324565321207047,,0.5207034349441528,,4.398075103759766,,,,,,,,,,,,,
30,,,,106859,,,,,,,,,,,,0.46207091212272644,0.09990686178207397,,0.527367115020752,,4.465307235717773,,,,,,,,,,,,,
30,,,,106879,,,,,,,,,,,,0.46207091212272644,0.11338132619857788,,0.40707769989967346,,3.2221322059631348,,,,,,,,,,,,,
30,,,,106899,,,,,,,,,,,,0.46207091212272644,0.05238509923219681,,0.9572092294692993,,4.341152191162109,,,,,,,,,,,,,
30,,,,106919,,,,,,,,,,,,0.46207091212272644,0.0430661104619503,,0.9173130393028259,,4.457669258117676,,,,,,,,,,,,,
30,,,,106939,,,,,,,,,,,,0.46207091212272644,0.06498780101537704,,0.658213198184967,,3.187922954559326,,,,,,,,,,,,,
30,,,,106959,,,,,,,,,,,,0.46207091212272644,0.09905270487070084,,0.3959980010986328,,3.1411519050598145,,,,,,,,,,,,,
30,,,,106979,,,,,,,,,,,,0.46207091212272644,0.1146288812160492,,0.5342097282409668,,4.533449649810791,,,,,,,,,,,,,
30,,,,106999,,,,,,,,,,,,0.46207091212272644,0.11397555470466614,,0.4127218425273895,,3.220120429992676,,,,,,,,,,,,,
30,,,,107019,,,,,,,,,,,,0.46207091212272644,0.06560630351305008,,0.7585391402244568,,4.5155816078186035,,,,,,,,,,,,,
30,,,,107039,,,,,,,,,,,,0.46207091212272644,0.08734066039323807,,0.6029136180877686,,4.404209136962891,,,,,,,,,,,,,
30,,,,107059,,,,,,,,,,,,0.46207091212272644,0.08771709352731705,,0.529902458190918,,4.433403968811035,,,,,,,,,,,,,
30,,,,107079,,,,,,,,,,,,0.46207091212272644,0.05479470640420914,,0.7278270125389099,,3.2620487213134766,,,,,,,,,,,,,
30,,,,107099,,,,,,,,,,,,0.46207091212272644,0.09772953391075134,,0.4033360481262207,,3.2645621299743652,,,,,,,,,,,,,
30,,,,107119,,,,,,,,,,,,0.46207091212272644,0.11484542489051819,,0.40423092246055603,,3.252162218093872,,,,,,,,,,,,,
30,,,,107139,,,,,,,,,,,,0.46207091212272644,0.08944693207740784,,0.6569403409957886,,4.565009117126465,,,,,,,,,,,,,
30,,,,107159,,,,,,,,,,,,0.46207091212272644,0.04007938504219055,,0.8289122581481934,,3.596480131149292,,,,,,,,,,,,,
30,,,,107179,,,,,,,,,,,,0.46207091212272644,0.08650955557823181,,0.42178162932395935,,3.1948153972625732,,,,,,,,,,,,,
30,,,,107199,,,,,,,,,,,,0.46207091212272644,0.09740626066923141,,0.40401551127433777,,3.183337688446045,,,,,,,,,,,,,
30,,,,107219,,,,,,,,,,,,0.46207091212272644,0.09108588099479675,,0.42906665802001953,,3.206408977508545,,,,,,,,,,,,,
30,,,,107239,,,,,,,,,,,,0.46207091212272644,0.11388111114501953,,0.4280788004398346,,3.183842658996582,,,,,,,,,,,,,
30,,,,107259,,,,,,,,,,,,0.46207091212272644,0.04682065173983574,,0.9682114720344543,,4.142115592956543,,,,,,,,,,,,,
30,,,,107279,,,,,,,,,,,,0.46207091212272644,0.09153568744659424,,0.4202471375465393,,3.1811909675598145,,,,,,,,,,,,,
30,,,,107299,,,,,,,,,,,,0.46207091212272644,0.0966973528265953,,0.5589699149131775,,4.400074005126953,,,,,,,,,,,,,
30,,,,107319,,,,,,,,,,,,0.46207091212272644,0.052855055779218674,,0.8542996644973755,,4.388243675231934,,,,,,,,,,,,,
30,,,,107339,,,,,,,,,,,,0.46207091212272644,0.045602165162563324,,0.8922128677368164,,4.360202789306641,,,,,,,,,,,,,
30,,,,107359,,,,,,,,,,,,0.46207091212272644,0.11274352669715881,,0.4094279110431671,,3.2767813205718994,,,,,,,,,,,,,
30,,,,107379,,,,,,,,,,,,0.46207091212272644,0.0522572323679924,,0.8339639902114868,,3.5965542793273926,,,,,,,,,,,,,
30,,,,107399,,,,,,,,,,,,0.46207091212272644,0.0464397594332695,,0.8921992778778076,,4.290266036987305,,,,,,,,,,,,,
30,,,,107419,,,,,,,,,,,,0.46207091212272644,0.10139840096235275,,0.48892953991889954,,3.2455358505249023,,,,,,,,,,,,,
30,,,,107439,,,,,,,,,,,,0.46207091212272644,0.05564584210515022,,0.8242235779762268,,4.068140983581543,,,,,,,,,,,,,
30,,,,107459,,,,,,,,,,,,0.46207091212272644,0.09214560687541962,,0.4028114080429077,,3.258772850036621,,,,,,,,,,,,,
30,,,,107479,,,,,,,,,,,,0.46207091212272644,0.05680699646472931,,0.8502568602561951,,4.31719446182251,,,,,,,,,,,,,
30,,,,107499,,,,,,,,,,,,0.46207091212272644,0.05298209935426712,,0.63618403673172,,3.262594223022461,,,,,,,,,,,,,
30,,,,107519,,,,,,,,,,,,0.46207091212272644,0.05128993093967438,,0.8642628192901611,,4.360036849975586,,,,,,,,,,,,,
30,,,,107539,,,,,,,,,,,,0.46207091212272644,0.10527172684669495,,0.4171329736709595,,3.285632371902466,,,,,,,,,,,,,
30,,,,107559,,,,,,,,,,,,0.46207091212272644,0.10312264412641525,,0.42278051376342773,,3.2282016277313232,,,,,,,,,,,,,
30,,,,107579,,,,,,,,,,,,0.46207091212272644,0.09785869717597961,,0.6951454281806946,,4.370193958282471,,,,,,,,,,,,,
30,,,,107599,,,,,,,,,,,,0.46207091212272644,0.09483570605516434,,0.535516619682312,,4.312646865844727,,,,,,,,,,,,,
30,,,,107619,,,,,,,,,,,,0.46207091212272644,0.093186154961586,,0.41679009795188904,,3.302689790725708,,,,,,,,,,,,,
30,,,,107639,,,,,,,,,,,,0.46207091212272644,0.10522525012493134,,0.5303551554679871,,4.404109001159668,,,,,,,,,,,,,
30,,,,107659,,,,,,,,,,,,0.46207091212272644,0.09727923572063446,,0.4692487120628357,,3.297346353530884,,,,,,,,,,,,,
30,,,,107679,,,,,,,,,,,,0.46207091212272644,0.05637633055448532,,0.7600452899932861,,3.3323259353637695,,,,,,,,,,,,,
30,,,,107699,,,,,,,,,,,,0.46207091212272644,0.11037837713956833,,0.5239406228065491,,4.4181013107299805,,,,,,,,,,,,,
30,,,,107719,,,,,,,,,,,,0.46207091212272644,0.10691192746162415,,0.5377296209335327,,4.410036087036133,,,,,,,,,,,,,
30,,,,107739,,,,,,,,,,,,0.46207091212272644,0.10399559140205383,,0.3984660506248474,,3.1868205070495605,,,,,,,,,,,,,
30,,,,107759,,,,,,,,,,,,0.46207091212272644,0.0996723473072052,,0.5320224761962891,,4.475606918334961,,,,,,,,,,,,,
30,,,,107779,,,,,,,,,,,,0.46207091212272644,0.10637199878692627,,0.5396599769592285,,4.4541473388671875,,,,,,,,,,,,,
30,,,,107799,,,,,,,,,,,,0.46207091212272644,0.07623789459466934,,0.6389471292495728,,4.503872394561768,,,,,,,,,,,,,
30,,,,107819,,,,,,,,,,,,0.46207091212272644,0.05138710141181946,,0.7643610239028931,,3.3819408416748047,,,,,,,,,,,,,
30,,,,107839,,,,,,,,,,,,0.46207091212272644,0.07763543725013733,,0.5859440565109253,,3.259338140487671,,,,,,,,,,,,,
30,,,,107859,,,,,,,,,,,,0.46207091212272644,0.06435757875442505,,0.7894665598869324,,4.386064529418945,,,,,,,,,,,,,
30,,,,107879,,,,,,,,,,,,0.46207091212272644,0.0769873782992363,,0.6209113597869873,,4.406176567077637,,,,,,,,,,,,,
30,,,,107899,,,,,,,,,,,,0.46207091212272644,0.10785149782896042,,0.520799458026886,,4.365324020385742,,,,,,,,,,,,,
30,,,,107919,,,,,,,,,,,,0.46207091212272644,0.11056873202323914,,0.5166952013969421,,4.3597331047058105,,,,,,,,,,,,,
30,,,,107939,,,,,,,,,,,,0.46207091212272644,0.049123287200927734,,0.9666395783424377,,3.9900131225585938,,,,,,,,,,,,,
30,,,,107941,,,,,,,,,,,,,,,,,,0.6971338987350464,0.8399630188941956,0.698271632194519,0.6989474296569824,0.5703352093696594,0.6996232867240906,0.6416361331939697,0.7425520420074463,0.6872304081916809,0.7972609996795654,0.8065246939659119,0.5074769854545593,0.6971338987350464
30,,,,107941,,,,,,,,,0.6147928237915039,0.08426004648208618,0.462065726518631,,,0.6027855277061462,,3.8442320823669434,,,,,,,,,,,,,,
,0.00021949440526797926,0.00021949440526797926,2.1949440526797925e-05,107942,,,,,,,,,,,,,,,,,,,,,,,,,,,,,,
31,,,,107959,,,,,,,,,,,,0.46207091212272644,0.06820560991764069,,0.5646395683288574,,3.273488759994507,,,,,,,,,,,,,
31,,,,107979,,,,,,,,,,,,0.46207091212272644,0.08076661080121994,,0.6146515011787415,,4.397859573364258,,,,,,,,,,,,,
31,,,,107999,,,,,,,,,,,,0.46207091212272644,0.05524348095059395,,0.7671063542366028,,3.310990810394287,,,,,,,,,,,,,
31,,,,108019,,,,,,,,,,,,0.46207091212272644,0.09588982909917831,,0.46664905548095703,,3.1617884635925293,,,,,,,,,,,,,
31,,,,108039,,,,,,,,,,,,0.46207091212272644,0.10821697115898132,,0.5359013080596924,,4.527898788452148,,,,,,,,,,,,,
31,,,,108059,,,,,,,,,,,,0.46207091212272644,0.1034112200140953,,0.4823257029056549,,3.2176413536071777,,,,,,,,,,,,,
31,,,,108079,,,,,,,,,,,,0.46207091212272644,0.04386615753173828,,0.9294045567512512,,3.749685764312744,,,,,,,,,,,,,
31,,,,108099,,,,,,,,,,,,0.46207091212272644,0.0524224191904068,,0.9200166463851929,,3.797071933746338,,,,,,,,,,,,,
31,,,,108119,,,,,,,,,,,,0.46207091212272644,0.11442479491233826,,0.5331063866615295,,4.502748489379883,,,,,,,,,,,,,
31,,,,108139,,,,,,,,,,,,0.46207091212272644,0.04275708645582199,,0.8812642693519592,,3.963674545288086,,,,,,,,,,,,,
31,,,,108159,,,,,,,,,,,,0.46207091212272644,0.09999256581068039,,0.5209991335868835,,4.450844764709473,,,,,,,,,,,,,
31,,,,108179,,,,,,,,,,,,0.46207091212272644,0.05762746185064316,,0.8841491937637329,,4.462123394012451,,,,,,,,,,,,,
31,,,,108199,,,,,,,,,,,,0.46207091212272644,0.08392050862312317,,0.536720871925354,,4.452261447906494,,,,,,,,,,,,,
31,,,,108219,,,,,,,,,,,,0.46207091212272644,0.11244797706604004,,0.41527196764945984,,3.3170666694641113,,,,,,,,,,,,,
31,,,,108239,,,,,,,,,,,,0.46207091212272644,0.05990353971719742,,0.7879039645195007,,4.357741355895996,,,,,,,,,,,,,
31,,,,108259,,,,,,,,,,,,0.46207091212272644,0.11030271649360657,,0.5393537282943726,,4.379608631134033,,,,,,,,,,,,,
31,,,,108279,,,,,,,,,,,,0.46207091212272644,0.10772988945245743,,0.4098709523677826,,3.3056719303131104,,,,,,,,,,,,,
31,,,,108299,,,,,,,,,,,,0.46207091212272644,0.08368542790412903,,0.6136366128921509,,4.346997261047363,,,,,,,,,,,,,
31,,,,108319,,,,,,,,,,,,0.46207091212272644,0.09904347360134125,,0.5209913849830627,,4.401302337646484,,,,,,,,,,,,,
31,,,,108339,,,,,,,,,,,,0.46207091212272644,0.10470984876155853,,0.5216062664985657,,4.405034065246582,,,,,,,,,,,,,
31,,,,108359,,,,,,,,,,,,0.46207091212272644,0.10020142793655396,,0.5203171372413635,,4.431449890136719,,,,,,,,,,,,,
31,,,,108379,,,,,,,,,,,,0.46207091212272644,0.06667831540107727,,0.8440863490104675,,3.6095452308654785,,,,,,,,,,,,,
31,,,,108399,,,,,,,,,,,,0.46207091212272644,0.06754082441329956,,0.5582383275032043,,3.218675136566162,,,,,,,,,,,,,
31,,,,108419,,,,,,,,,,,,0.46207091212272644,0.07979696244001389,,0.7531985640525818,,4.3230695724487305,,,,,,,,,,,,,
31,,,,108439,,,,,,,,,,,,0.46207091212272644,0.11271892488002777,,0.5482057332992554,,4.375762462615967,,,,,,,,,,,,,
31,,,,108459,,,,,,,,,,,,0.46207091212272644,0.10213349759578705,,0.527966320514679,,4.3950276374816895,,,,,,,,,,,,,
31,,,,108479,,,,,,,,,,,,0.46207091212272644,0.10915608704090118,,0.42449599504470825,,3.3653554916381836,,,,,,,,,,,,,
31,,,,108499,,,,,,,,,,,,0.46207091212272644,0.04476804658770561,,0.867591381072998,,3.4980320930480957,,,,,,,,,,,,,
31,,,,108519,,,,,,,,,,,,0.46207091212272644,0.10254108905792236,,0.4177978038787842,,3.315357208251953,,,,,,,,,,,,,
31,,,,108539,,,,,,,,,,,,0.46207091212272644,0.09855245053768158,,0.4052572548389435,,3.3244926929473877,,,,,,,,,,,,,
31,,,,108559,,,,,,,,,,,,0.46207091212272644,0.09847194701433182,,0.5896857976913452,,4.375764846801758,,,,,,,,,,,,,
31,,,,108579,,,,,,,,,,,,0.46207091212272644,0.058488450944423676,,0.9225450158119202,,4.164080619812012,,,,,,,,,,,,,
31,,,,108599,,,,,,,,,,,,0.46207091212272644,0.07723699510097504,,0.7081300020217896,,4.377612590789795,,,,,,,,,,,,,
31,,,,108619,,,,,,,,,,,,0.46207091212272644,0.10873191803693771,,0.520053505897522,,4.362499237060547,,,,,,,,,,,,,
31,,,,108639,,,,,,,,,,,,0.46207091212272644,0.048546548932790756,,0.9400436282157898,,4.324390411376953,,,,,,,,,,,,,
31,,,,108659,,,,,,,,,,,,0.46207091212272644,0.1009044274687767,,0.5199318528175354,,4.397682189941406,,,,,,,,,,,,,
31,,,,108679,,,,,,,,,,,,0.46207091212272644,0.09394145011901855,,0.5076956748962402,,4.313843727111816,,,,,,,,,,,,,
31,,,,108699,,,,,,,,,,,,0.46207091212272644,0.05629955232143402,,0.8593040108680725,,3.5824880599975586,,,,,,,,,,,,,
31,,,,108719,,,,,,,,,,,,0.46207091212272644,0.10131704807281494,,0.5098416805267334,,4.279452323913574,,,,,,,,,,,,,
31,,,,108739,,,,,,,,,,,,0.46207091212272644,0.0462912954390049,,0.8930107355117798,,4.289599895477295,,,,,,,,,,,,,
31,,,,108759,,,,,,,,,,,,0.46207091212272644,0.10672067850828171,,0.6213503479957581,,4.391282081604004,,,,,,,,,,,,,
31,,,,108779,,,,,,,,,,,,0.46207091212272644,0.11092564463615417,,0.4085986018180847,,3.277613878250122,,,,,,,,,,,,,
31,,,,108799,,,,,,,,,,,,0.46207091212272644,0.09786243736743927,,0.4290282428264618,,3.3546793460845947,,,,,,,,,,,,,
31,,,,108819,,,,,,,,,,,,0.46207091212272644,0.11153121292591095,,0.41723310947418213,,3.3595471382141113,,,,,,,,,,,,,
31,,,,108839,,,,,,,,,,,,0.46207091212272644,0.10618981719017029,,0.4187438488006592,,3.410679340362549,,,,,,,,,,,,,
31,,,,108859,,,,,,,,,,,,0.46207091212272644,0.11870338022708893,,0.5168402194976807,,4.349015235900879,,,,,,,,,,,,,
31,,,,108879,,,,,,,,,,,,0.46207091212272644,0.10987724363803864,,0.5183035135269165,,4.367257118225098,,,,,,,,,,,,,
31,,,,108899,,,,,,,,,,,,0.46207091212272644,0.04979609698057175,,0.9667389988899231,,3.9556174278259277,,,,,,,,,,,,,
31,,,,108919,,,,,,,,,,,,0.46207091212272644,0.06878755986690521,,0.6806504130363464,,4.3358073234558105,,,,,,,,,,,,,
31,,,,108939,,,,,,,,,,,,0.46207091212272644,0.051261357963085175,,0.856927752494812,,3.514493942260742,,,,,,,,,,,,,
31,,,,108959,,,,,,,,,,,,0.46207091212272644,0.05417461693286896,,0.8139936923980713,,3.3507144451141357,,,,,,,,,,,,,
31,,,,108979,,,,,,,,,,,,0.46207091212272644,0.055002063512802124,,0.7476794719696045,,3.3184561729431152,,,,,,,,,,,,,
31,,,,108999,,,,,,,,,,,,0.46207091212272644,0.07845607399940491,,0.561548113822937,,3.3010029792785645,,,,,,,,,,,,,
31,,,,109019,,,,,,,,,,,,0.46207091212272644,0.048022232949733734,,0.6615503430366516,,3.291426420211792,,,,,,,,,,,,,
31,,,,109039,,,,,,,,,,,,0.46207091212272644,0.09520357847213745,,0.5696590542793274,,4.384431838989258,,,,,,,,,,,,,
31,,,,109059,,,,,,,,,,,,0.46207091212272644,0.059814125299453735,,0.8544645309448242,,3.8425731658935547,,,,,,,,,,,,,
31,,,,109079,,,,,,,,,,,,0.46207091212272644,0.09777051210403442,,0.7895167469978333,,4.424020767211914,,,,,,,,,,,,,
31,,,,109099,,,,,,,,,,,,0.46207091212272644,0.1013186126947403,,0.40754958987236023,,3.2193164825439453,,,,,,,,,,,,,
31,,,,109119,,,,,,,,,,,,0.46207091212272644,0.060068048536777496,,0.798923909664154,,4.529742240905762,,,,,,,,,,,,,
31,,,,109139,,,,,,,,,,,,0.46207091212272644,0.08865256607532501,,0.5977497100830078,,4.5620269775390625,,,,,,,,,,,,,
31,,,,109159,,,,,,,,,,,,0.46207091212272644,0.08142144978046417,,0.5338575839996338,,3.254687547683716,,,,,,,,,,,,,
31,,,,109179,,,,,,,,,,,,0.46207091212272644,0.07219910621643066,,0.5809108018875122,,3.2138614654541016,,,,,,,,,,,,,
31,,,,109199,,,,,,,,,,,,0.46207091212272644,0.09531134366989136,,0.4710066020488739,,3.1999664306640625,,,,,,,,,,,,,
31,,,,109219,,,,,,,,,,,,0.46207091212272644,0.05196481943130493,,0.7080202698707581,,3.1769115924835205,,,,,,,,,,,,,
31,,,,109239,,,,,,,,,,,,0.46207091212272644,0.11324840784072876,,0.526313304901123,,4.4502105712890625,,,,,,,,,,,,,
31,,,,109259,,,,,,,,,,,,0.46207091212272644,0.08761022239923477,,0.6087479591369629,,4.405092239379883,,,,,,,,,,,,,
31,,,,109279,,,,,,,,,,,,0.46207091212272644,0.07853659987449646,,0.7057183980941772,,4.377976894378662,,,,,,,,,,,,,
31,,,,109299,,,,,,,,,,,,0.46207091212272644,0.08693039417266846,,0.42760106921195984,,3.3324718475341797,,,,,,,,,,,,,
31,,,,109319,,,,,,,,,,,,0.46207091212272644,0.04471683129668236,,0.9296169877052307,,4.181236267089844,,,,,,,,,,,,,
31,,,,109339,,,,,,,,,,,,0.46207091212272644,0.06351129710674286,,0.6856962442398071,,4.382558345794678,,,,,,,,,,,,,
31,,,,109359,,,,,,,,,,,,0.46207091212272644,0.08371462672948837,,0.6055169701576233,,4.3879594802856445,,,,,,,,,,,,,
31,,,,109379,,,,,,,,,,,,0.46207091212272644,0.09850013256072998,,0.4841950535774231,,3.31479549407959,,,,,,,,,,,,,
31,,,,109399,,,,,,,,,,,,0.46207091212272644,0.08550241589546204,,0.6599088311195374,,4.403835773468018,,,,,,,,,,,,,
31,,,,109419,,,,,,,,,,,,0.46207091212272644,0.055856913328170776,,0.75226891040802,,3.4294028282165527,,,,,,,,,,,,,
31,,,,109439,,,,,,,,,,,,0.46207091212272644,0.10794807225465775,,0.526496171951294,,4.4306488037109375,,,,,,,,,,,,,
31,,,,109459,,,,,,,,,,,,0.46207091212272644,0.1084158644080162,,0.4096192419528961,,3.2667579650878906,,,,,,,,,,,,,
31,,,,109479,,,,,,,,,,,,0.46207091212272644,0.08330932259559631,,0.5740247964859009,,3.3150157928466797,,,,,,,,,,,,,
31,,,,109499,,,,,,,,,,,,0.46207091212272644,0.10582496225833893,,0.4399957060813904,,3.3029603958129883,,,,,,,,,,,,,
31,,,,109519,,,,,,,,,,,,0.46207091212272644,0.11286421120166779,,0.5411815643310547,,4.40074348449707,,,,,,,,,,,,,
31,,,,109539,,,,,,,,,,,,0.46207091212272644,0.10673461854457855,,0.6397401690483093,,4.3700032234191895,,,,,,,,,,,,,
31,,,,109559,,,,,,,,,,,,0.46207091212272644,0.1036071851849556,,0.5150359869003296,,4.3510565757751465,,,,,,,,,,,,,
31,,,,109579,,,,,,,,,,,,0.46207091212272644,0.06092806160449982,,0.7536622285842896,,4.302048683166504,,,,,,,,,,,,,
31,,,,109599,,,,,,,,,,,,0.46207091212272644,0.11656325310468674,,0.5204508304595947,,4.351198196411133,,,,,,,,,,,,,
31,,,,109619,,,,,,,,,,,,0.46207091212272644,0.05479402095079422,,0.8053528070449829,,3.586422920227051,,,,,,,,,,,,,
31,,,,109639,,,,,,,,,,,,0.46207091212272644,0.10352186858654022,,0.5214002132415771,,4.3423004150390625,,,,,,,,,,,,,
31,,,,109659,,,,,,,,,,,,0.46207091212272644,0.1015724167227745,,0.4296160936355591,,3.2792270183563232,,,,,,,,,,,,,
31,,,,109679,,,,,,,,,,,,0.46207091212272644,0.06390728056430817,,0.7619596719741821,,3.482858657836914,,,,,,,,,,,,,
31,,,,109699,,,,,,,,,,,,0.46207091212272644,0.04512890428304672,,0.8982141613960266,,4.227672576904297,,,,,,,,,,,,,
31,,,,109719,,,,,,,,,,,,0.46207091212272644,0.09845488518476486,,0.4018925130367279,,3.263432025909424,,,,,,,,,,,,,
31,,,,109739,,,,,,,,,,,,0.46207091212272644,0.05353260785341263,,0.8978714346885681,,3.710794448852539,,,,,,,,,,,,,
31,,,,109759,,,,,,,,,,,,0.46207091212272644,0.10172804445028305,,0.5895667672157288,,4.384609699249268,,,,,,,,,,,,,
31,,,,109779,,,,,,,,,,,,0.46207091212272644,0.10778188705444336,,0.4158473312854767,,3.273958206176758,,,,,,,,,,,,,
31,,,,109799,,,,,,,,,,,,0.46207091212272644,0.05359236150979996,,0.8795682191848755,,3.860659599304199,,,,,,,,,,,,,
31,,,,109819,,,,,,,,,,,,0.46207091212272644,0.11548395454883575,,0.5305588245391846,,4.387764930725098,,,,,,,,,,,,,
31,,,,109839,,,,,,,,,,,,0.46207091212272644,0.05490250140428543,,0.8879924416542053,,3.9298596382141113,,,,,,,,,,,,,
31,,,,109859,,,,,,,,,,,,0.46207091212272644,0.1001201644539833,,0.5456830263137817,,4.41243314743042,,,,,,,,,,,,,
31,,,,109879,,,,,,,,,,,,0.46207091212272644,0.09894532710313797,,0.4060207009315491,,3.252027988433838,,,,,,,,,,,,,
31,,,,109899,,,,,,,,,,,,0.46207091212272644,0.1136370375752449,,0.5440754294395447,,4.453925132751465,,,,,,,,,,,,,
31,,,,109919,,,,,,,,,,,,0.46207091212272644,0.10142789781093597,,0.4037128984928131,,3.173513174057007,,,,,,,,,,,,,
31,,,,109939,,,,,,,,,,,,0.46207091212272644,0.10415120422840118,,0.409528911113739,,3.174065113067627,,,,,,,,,,,,,
31,,,,109959,,,,,,,,,,,,0.46207091212272644,0.056526441127061844,,0.7348094582557678,,3.210397720336914,,,,,,,,,,,,,
31,,,,109979,,,,,,,,,,,,0.46207091212272644,0.08450290560722351,,0.7170671820640564,,4.444061279296875,,,,,,,,,,,,,
31,,,,109999,,,,,,,,,,,,0.46207091212272644,0.09382592141628265,,0.4027221202850342,,3.254854202270508,,,,,,,,,,,,,
31,,,,110019,,,,,,,,,,,,0.46207091212272644,0.05006619170308113,,0.8667404651641846,,4.208803176879883,,,,,,,,,,,,,
31,,,,110039,,,,,,,,,,,,0.46207091212272644,0.09967797994613647,,0.5296008586883545,,4.430244445800781,,,,,,,,,,,,,
31,,,,110059,,,,,,,,,,,,0.46207091212272644,0.06967863440513611,,0.6942611336708069,,3.3057477474212646,,,,,,,,,,,,,
31,,,,110079,,,,,,,,,,,,0.46207091212272644,0.09830112755298615,,0.41017383337020874,,3.277101993560791,,,,,,,,,,,,,
31,,,,110099,,,,,,,,,,,,0.46207091212272644,0.06046377867460251,,0.7179291844367981,,3.299992084503174,,,,,,,,,,,,,
31,,,,110119,,,,,,,,,,,,0.46207091212272644,0.08284523338079453,,0.6348897814750671,,4.423490524291992,,,,,,,,,,,,,
31,,,,110139,,,,,,,,,,,,0.46207091212272644,0.1043902114033699,,0.5267353057861328,,4.445660591125488,,,,,,,,,,,,,
31,,,,110159,,,,,,,,,,,,0.46207091212272644,0.0801868885755539,,0.6077944040298462,,4.454836845397949,,,,,,,,,,,,,
31,,,,110179,,,,,,,,,,,,0.46207091212272644,0.11236655712127686,,0.5257068276405334,,4.401116371154785,,,,,,,,,,,,,
31,,,,110199,,,,,,,,,,,,0.46207091212272644,0.10086071491241455,,0.5167887210845947,,4.362442970275879,,,,,,,,,,,,,
31,,,,110219,,,,,,,,,,,,0.46207091212272644,0.10876156389713287,,0.5598424673080444,,4.346718788146973,,,,,,,,,,,,,
31,,,,110239,,,,,,,,,,,,0.46207091212272644,0.054353758692741394,,0.867312490940094,,4.21378755569458,,,,,,,,,,,,,
31,,,,110259,,,,,,,,,,,,0.46207091212272644,0.05491488054394722,,0.8725599646568298,,4.348722457885742,,,,,,,,,,,,,
31,,,,110279,,,,,,,,,,,,0.46207091212272644,0.10599800944328308,,0.5423101186752319,,4.4092278480529785,,,,,,,,,,,,,
31,,,,110299,,,,,,,,,,,,0.46207091212272644,0.09071813523769379,,0.6313093304634094,,3.233440399169922,,,,,,,,,,,,,
31,,,,110319,,,,,,,,,,,,0.46207091212272644,0.052041035145521164,,0.7950328588485718,,3.3734312057495117,,,,,,,,,,,,,
31,,,,110339,,,,,,,,,,,,0.46207091212272644,0.10956791788339615,,0.5273549556732178,,4.453587532043457,,,,,,,,,,,,,
31,,,,110359,,,,,,,,,,,,0.46207091212272644,0.1005917638540268,,0.5213221311569214,,4.3487958908081055,,,,,,,,,,,,,
31,,,,110379,,,,,,,,,,,,0.46207091212272644,0.06084033101797104,,0.7129777669906616,,3.2522974014282227,,,,,,,,,,,,,
31,,,,110399,,,,,,,,,,,,0.46207091212272644,0.08567967265844345,,0.7231603264808655,,4.37062931060791,,,,,,,,,,,,,
31,,,,110419,,,,,,,,,,,,0.46207091212272644,0.05996459349989891,,0.8223091959953308,,3.8084535598754883,,,,,,,,,,,,,
31,,,,110439,,,,,,,,,,,,0.46207091212272644,0.06255179643630981,,0.8671862483024597,,4.032688617706299,,,,,,,,,,,,,
31,,,,110459,,,,,,,,,,,,0.46207091212272644,0.05969342216849327,,0.9031098484992981,,4.261783599853516,,,,,,,,,,,,,
31,,,,110479,,,,,,,,,,,,0.46207091212272644,0.07457073032855988,,0.4658205211162567,,3.1274640560150146,,,,,,,,,,,,,
31,,,,110499,,,,,,,,,,,,0.46207091212272644,0.11410057544708252,,0.5407111644744873,,4.461050987243652,,,,,,,,,,,,,
31,,,,110519,,,,,,,,,,,,0.46207091212272644,0.10002263635396957,,0.5578485727310181,,4.425144195556641,,,,,,,,,,,,,
31,,,,110539,,,,,,,,,,,,0.46207091212272644,0.11309543997049332,,0.5237849354743958,,4.4163923263549805,,,,,,,,,,,,,
31,,,,110559,,,,,,,,,,,,0.46207091212272644,0.07387737929821014,,0.6201409697532654,,3.2532410621643066,,,,,,,,,,,,,
31,,,,110579,,,,,,,,,,,,0.46207091212272644,0.05261480063199997,,0.8230094313621521,,4.408564567565918,,,,,,,,,,,,,
31,,,,110599,,,,,,,,,,,,0.46207091212272644,0.07514816522598267,,0.5621845126152039,,3.2677178382873535,,,,,,,,,,,,,
31,,,,110619,,,,,,,,,,,,0.46207091212272644,0.10719578713178635,,0.5881669521331787,,4.405706882476807,,,,,,,,,,,,,
31,,,,110639,,,,,,,,,,,,0.46207091212272644,0.10865122079849243,,0.41812804341316223,,3.272663116455078,,,,,,,,,,,,,
31,,,,110659,,,,,,,,,,,,0.46207091212272644,0.08894187957048416,,0.5470244288444519,,3.2604947090148926,,,,,,,,,,,,,
31,,,,110679,,,,,,,,,,,,0.46207091212272644,0.08580249547958374,,0.5182860493659973,,3.24961519241333,,,,,,,,,,,,,
31,,,,110699,,,,,,,,,,,,0.46207091212272644,0.10873502492904663,,0.521292507648468,,4.422333240509033,,,,,,,,,,,,,
31,,,,110719,,,,,,,,,,,,0.46207091212272644,0.07481756061315536,,0.6577556729316711,,4.444815635681152,,,,,,,,,,,,,
31,,,,110739,,,,,,,,,,,,0.46207091212272644,0.09128742665052414,,0.6091873645782471,,4.45541524887085,,,,,,,,,,,,,
31,,,,110759,,,,,,,,,,,,0.46207091212272644,0.07946136593818665,,0.545042097568512,,3.232208728790283,,,,,,,,,,,,,
31,,,,110779,,,,,,,,,,,,0.46207091212272644,0.08031122386455536,,0.5126100182533264,,3.2465429306030273,,,,,,,,,,,,,
31,,,,110799,,,,,,,,,,,,0.46207091212272644,0.09917762875556946,,0.5332592129707336,,4.507134437561035,,,,,,,,,,,,,
31,,,,110819,,,,,,,,,,,,0.46207091212272644,0.09182638674974442,,0.5857690572738647,,4.423203468322754,,,,,,,,,,,,,
31,,,,110839,,,,,,,,,,,,0.46207091212272644,0.062631756067276,,0.7245548367500305,,4.4347991943359375,,,,,,,,,,,,,
31,,,,110859,,,,,,,,,,,,0.46207091212272644,0.05391240119934082,,0.8930439352989197,,4.2790117263793945,,,,,,,,,,,,,
31,,,,110879,,,,,,,,,,,,0.46207091212272644,0.09381686896085739,,0.5803930163383484,,4.4192094802856445,,,,,,,,,,,,,
31,,,,110899,,,,,,,,,,,,0.46207091212272644,0.11005235463380814,,0.5213940739631653,,4.380523681640625,,,,,,,,,,,,,
31,,,,110919,,,,,,,,,,,,0.46207091212272644,0.05459972098469734,,0.8261652588844299,,3.4494805335998535,,,,,,,,,,,,,
31,,,,110939,,,,,,,,,,,,0.46207091212272644,0.07930521667003632,,0.7093607783317566,,4.303779125213623,,,,,,,,,,,,,
31,,,,110959,,,,,,,,,,,,0.46207091212272644,0.06188885122537613,,0.7136139273643494,,3.3278489112854004,,,,,,,,,,,,,
31,,,,110979,,,,,,,,,,,,0.46207091212272644,0.10851188749074936,,0.517559826374054,,4.4153594970703125,,,,,,,,,,,,,
31,,,,110999,,,,,,,,,,,,0.46207091212272644,0.05764787644147873,,0.8742541670799255,,4.20510196685791,,,,,,,,,,,,,
31,,,,111019,,,,,,,,,,,,0.46207091212272644,0.09442395716905594,,0.523742139339447,,4.3859357833862305,,,,,,,,,,,,,
31,,,,111039,,,,,,,,,,,,0.46207091212272644,0.06260223686695099,,0.8221446871757507,,4.121796607971191,,,,,,,,,,,,,
31,,,,111059,,,,,,,,,,,,0.46207091212272644,0.09481246024370193,,0.5146891474723816,,4.341198921203613,,,,,,,,,,,,,
31,,,,111079,,,,,,,,,,,,0.46207091212272644,0.10512317717075348,,0.45218345522880554,,3.2335448265075684,,,,,,,,,,,,,
31,,,,111099,,,,,,,,,,,,0.46207091212272644,0.05246005952358246,,0.722383975982666,,3.291738510131836,,,,,,,,,,,,,
31,,,,111119,,,,,,,,,,,,0.46207091212272644,0.11554836481809616,,0.5342479348182678,,4.375776290893555,,,,,,,,,,,,,
31,,,,111139,,,,,,,,,,,,0.46207091212272644,0.053464725613594055,,0.9220685958862305,,4.323647499084473,,,,,,,,,,,,,
31,,,,111159,,,,,,,,,,,,0.46207091212272644,0.1119583398103714,,0.5246332883834839,,4.383881092071533,,,,,,,,,,,,,
31,,,,111179,,,,,,,,,,,,0.46207091212272644,0.04789096117019653,,0.8893535733222961,,3.5603721141815186,,,,,,,,,,,,,
31,,,,111199,,,,,,,,,,,,0.46207091212272644,0.08159911632537842,,0.5548955798149109,,4.3856611251831055,,,,,,,,,,,,,
31,,,,111219,,,,,,,,,,,,0.46207091212272644,0.05080703645944595,,0.7776795625686646,,3.347372055053711,,,,,,,,,,,,,
31,,,,111239,,,,,,,,,,,,0.46207091212272644,0.06539785861968994,,0.6789305806159973,,4.429760932922363,,,,,,,,,,,,,
31,,,,111259,,,,,,,,,,,,0.46207091212272644,0.10793378949165344,,0.5421817302703857,,4.587395668029785,,,,,,,,,,,,,
31,,,,111279,,,,,,,,,,,,0.46207091212272644,0.08313543349504471,,0.5042582154273987,,3.072558879852295,,,,,,,,,,,,,
31,,,,111299,,,,,,,,,,,,0.46207091212272644,0.1091359406709671,,0.38667067885398865,,3.1044182777404785,,,,,,,,,,,,,
31,,,,111319,,,,,,,,,,,,0.46207091212272644,0.0899854376912117,,0.6103798747062683,,4.576272964477539,,,,,,,,,,,,,
31,,,,111339,,,,,,,,,,,,0.46207091212272644,0.10362641513347626,,0.4135056138038635,,3.173995018005371,,,,,,,,,,,,,
31,,,,111359,,,,,,,,,,,,0.46207091212272644,0.08238952606916428,,0.6100059151649475,,4.5120673179626465,,,,,,,,,,,,,
31,,,,111379,,,,,,,,,,,,0.46207091212272644,0.05646517872810364,,0.9446519613265991,,4.23245906829834,,,,,,,,,,,,,
31,,,,111399,,,,,,,,,,,,0.46207091212272644,0.0903334990143776,,0.578287661075592,,4.522660732269287,,,,,,,,,,,,,
31,,,,111419,,,,,,,,,,,,0.46207091212272644,0.1065901666879654,,0.5396811962127686,,4.44727087020874,,,,,,,,,,,,,
31,,,,111423,,,,,,,,,,,,,,,,,,0.7194997072219849,0.849777102470398,0.7167271375656128,0.7162076234817505,0.5642349123954773,0.7156880497932434,0.6513202786445618,0.7482463717460632,0.6985063552856445,0.8080793023109436,0.80584716796875,0.5503193736076355,0.7194997072219849
31,,,,111423,,,,,,,,,0.6005465984344482,0.08620081841945648,0.462065726518631,,,0.6043644547462463,,3.8661105632781982,,,,,,,,,,,,,,
,0.00021386689373476087,0.00021386689373476087,2.1386689373476088e-05,111424,,,,,,,,,,,,,,,,,,,,,,,,,,,,,,
32,,,,111439,,,,,,,,,,,,0.46207091212272644,0.11380539834499359,,0.540760338306427,,4.499075412750244,,,,,,,,,,,,,
32,,,,111459,,,,,,,,,,,,0.46207091212272644,0.10847137868404388,,0.51953125,,4.395792007446289,,,,,,,,,,,,,
32,,,,111479,,,,,,,,,,,,0.46207091212272644,0.102590411901474,,0.5176200866699219,,4.397453308105469,,,,,,,,,,,,,
32,,,,111499,,,,,,,,,,,,0.46207091212272644,0.055653467774391174,,0.9714715480804443,,4.24370002746582,,,,,,,,,,,,,
32,,,,111519,,,,,,,,,,,,0.46207091212272644,0.05535208433866501,,0.8968847990036011,,4.184326171875,,,,,,,,,,,,,
32,,,,111539,,,,,,,,,,,,0.46207091212272644,0.04480885714292526,,0.9016560912132263,,3.9339239597320557,,,,,,,,,,,,,
32,,,,111559,,,,,,,,,,,,0.46207091212272644,0.11752244830131531,,0.524971604347229,,4.449747085571289,,,,,,,,,,,,,
32,,,,111579,,,,,,,,,,,,0.46207091212272644,0.05820580571889877,,0.825070321559906,,4.076236248016357,,,,,,,,,,,,,
32,,,,111599,,,,,,,,,,,,0.46207091212272644,0.08154189586639404,,0.4850993752479553,,3.275517225265503,,,,,,,,,,,,,
32,,,,111619,,,,,,,,,,,,0.46207091212272644,0.09625469893217087,,0.4456491470336914,,3.2607946395874023,,,,,,,,,,,,,
32,,,,111639,,,,,,,,,,,,0.46207091212272644,0.0486687496304512,,0.714130699634552,,3.3182735443115234,,,,,,,,,,,,,
32,,,,111659,,,,,,,,,,,,0.46207091212272644,0.09588699042797089,,0.44460201263427734,,3.3718795776367188,,,,,,,,,,,,,
32,,,,111679,,,,,,,,,,,,0.46207091212272644,0.10180352628231049,,0.45246678590774536,,3.26531982421875,,,,,,,,,,,,,
32,,,,111699,,,,,,,,,,,,0.46207091212272644,0.09820124506950378,,0.40821391344070435,,3.2182912826538086,,,,,,,,,,,,,
32,,,,111719,,,,,,,,,,,,0.46207091212272644,0.04569173604249954,,0.7436339855194092,,3.3037362098693848,,,,,,,,,,,,,
32,,,,111739,,,,,,,,,,,,0.46207091212272644,0.05350324138998985,,0.9548595547676086,,4.301540374755859,,,,,,,,,,,,,
32,,,,111759,,,,,,,,,,,,0.46207091212272644,0.10032177716493607,,0.5258954167366028,,4.441852569580078,,,,,,,,,,,,,
32,,,,111779,,,,,,,,,,,,0.46207091212272644,0.04747619852423668,,0.6803977489471436,,3.1815202236175537,,,,,,,,,,,,,
32,,,,111799,,,,,,,,,,,,0.46207091212272644,0.0415307879447937,,0.9101914167404175,,4.184178352355957,,,,,,,,,,,,,
32,,,,111819,,,,,,,,,,,,0.46207091212272644,0.11980528384447098,,0.4163558781147003,,3.3046584129333496,,,,,,,,,,,,,
32,,,,111839,,,,,,,,,,,,0.46207091212272644,0.10240375995635986,,0.4066663086414337,,3.2193522453308105,,,,,,,,,,,,,
32,,,,111859,,,,,,,,,,,,0.46207091212272644,0.055181413888931274,,0.7652209997177124,,3.3853392601013184,,,,,,,,,,,,,
32,,,,111879,,,,,,,,,,,,0.46207091212272644,0.10625669360160828,,0.532399594783783,,4.501483917236328,,,,,,,,,,,,,
32,,,,111899,,,,,,,,,,,,0.46207091212272644,0.09939928352832794,,0.4149840176105499,,3.154609203338623,,,,,,,,,,,,,
32,,,,111919,,,,,,,,,,,,0.46207091212272644,0.07738186419010162,,0.7592648863792419,,4.5266547203063965,,,,,,,,,,,,,
32,,,,111939,,,,,,,,,,,,0.46207091212272644,0.10474398732185364,,0.5248768329620361,,4.439573287963867,,,,,,,,,,,,,
32,,,,111959,,,,,,,,,,,,0.46207091212272644,0.08608120679855347,,0.4776693880558014,,3.201063632965088,,,,,,,,,,,,,
32,,,,111979,,,,,,,,,,,,0.46207091212272644,0.10164995491504669,,0.5153552293777466,,4.418804168701172,,,,,,,,,,,,,
32,,,,111999,,,,,,,,,,,,0.46207091212272644,0.10462243854999542,,0.4335000514984131,,3.2257556915283203,,,,,,,,,,,,,
32,,,,112019,,,,,,,,,,,,0.46207091212272644,0.11158514022827148,,0.5296294093132019,,4.500617027282715,,,,,,,,,,,,,
32,,,,112039,,,,,,,,,,,,0.46207091212272644,0.055678173899650574,,0.796274721622467,,4.503839015960693,,,,,,,,,,,,,
32,,,,112059,,,,,,,,,,,,0.46207091212272644,0.10610999166965485,,0.5650772452354431,,4.5242462158203125,,,,,,,,,,,,,
32,,,,112079,,,,,,,,,,,,0.46207091212272644,0.11147706210613251,,0.3926946222782135,,3.122960329055786,,,,,,,,,,,,,
32,,,,112099,,,,,,,,,,,,0.46207091212272644,0.11333456635475159,,0.5341258645057678,,4.535618782043457,,,,,,,,,,,,,
32,,,,112119,,,,,,,,,,,,0.46207091212272644,0.06309184432029724,,0.70770263671875,,3.2778983116149902,,,,,,,,,,,,,
32,,,,112139,,,,,,,,,,,,0.46207091212272644,0.108070008456707,,0.5280025601387024,,4.488508224487305,,,,,,,,,,,,,
32,,,,112159,,,,,,,,,,,,0.46207091212272644,0.08836586028337479,,0.4391975402832031,,3.1974706649780273,,,,,,,,,,,,,
32,,,,112179,,,,,,,,,,,,0.46207091212272644,0.04903168976306915,,0.8355734944343567,,3.4320852756500244,,,,,,,,,,,,,
32,,,,112199,,,,,,,,,,,,0.46207091212272644,0.07450444996356964,,0.5506479740142822,,3.2800354957580566,,,,,,,,,,,,,
32,,,,112219,,,,,,,,,,,,0.46207091212272644,0.09828561544418335,,0.4759133458137512,,3.234407424926758,,,,,,,,,,,,,
32,,,,112239,,,,,,,,,,,,0.46207091212272644,0.05245324969291687,,0.836726725101471,,4.068883895874023,,,,,,,,,,,,,
32,,,,112259,,,,,,,,,,,,0.46207091212272644,0.08597967773675919,,0.6527404189109802,,4.414249420166016,,,,,,,,,,,,,
32,,,,112279,,,,,,,,,,,,0.46207091212272644,0.11266973614692688,,0.44375261664390564,,3.2474522590637207,,,,,,,,,,,,,
32,,,,112299,,,,,,,,,,,,0.46207091212272644,0.11671215295791626,,0.5306752324104309,,4.414818286895752,,,,,,,,,,,,,
32,,,,112319,,,,,,,,,,,,0.46207091212272644,0.06695953011512756,,0.6090120673179626,,3.1882529258728027,,,,,,,,,,,,,
32,,,,112339,,,,,,,,,,,,0.46207091212272644,0.10651016235351562,,0.4048939347267151,,3.229358196258545,,,,,,,,,,,,,
32,,,,112359,,,,,,,,,,,,0.46207091212272644,0.10240642726421356,,0.40165820717811584,,3.207185745239258,,,,,,,,,,,,,
32,,,,112379,,,,,,,,,,,,0.46207091212272644,0.10888862609863281,,0.5421088933944702,,4.453738212585449,,,,,,,,,,,,,
32,,,,112399,,,,,,,,,,,,0.46207091212272644,0.11053577065467834,,0.5328627824783325,,4.4393157958984375,,,,,,,,,,,,,
32,,,,112419,,,,,,,,,,,,0.46207091212272644,0.10590720176696777,,0.5218732953071594,,4.4214396476745605,,,,,,,,,,,,,
32,,,,112439,,,,,,,,,,,,0.46207091212272644,0.09686888754367828,,0.5128560066223145,,3.2652032375335693,,,,,,,,,,,,,
32,,,,112459,,,,,,,,,,,,0.46207091212272644,0.08148281276226044,,0.6494218111038208,,3.2799630165100098,,,,,,,,,,,,,
32,,,,112479,,,,,,,,,,,,0.46207091212272644,0.07746690511703491,,0.5614312887191772,,4.418034553527832,,,,,,,,,,,,,
32,,,,112499,,,,,,,,,,,,0.46207091212272644,0.10965123027563095,,0.5535894632339478,,4.348343849182129,,,,,,,,,,,,,
32,,,,112519,,,,,,,,,,,,0.46207091212272644,0.11301542818546295,,0.4242931306362152,,3.283668041229248,,,,,,,,,,,,,
32,,,,112539,,,,,,,,,,,,0.46207091212272644,0.053172264248132706,,0.7487156987190247,,3.3041465282440186,,,,,,,,,,,,,
32,,,,112559,,,,,,,,,,,,0.46207091212272644,0.10964038223028183,,0.39669185876846313,,3.126349449157715,,,,,,,,,,,,,
32,,,,112579,,,,,,,,,,,,0.46207091212272644,0.04510530084371567,,0.900126576423645,,4.129430770874023,,,,,,,,,,,,,
32,,,,112599,,,,,,,,,,,,0.46207091212272644,0.11246839165687561,,0.554707944393158,,4.495650291442871,,,,,,,,,,,,,
32,,,,112619,,,,,,,,,,,,0.46207091212272644,0.10910245031118393,,0.5323927998542786,,4.471827507019043,,,,,,,,,,,,,
32,,,,112639,,,,,,,,,,,,0.46207091212272644,0.06763531267642975,,0.6399045586585999,,3.25172758102417,,,,,,,,,,,,,
32,,,,112659,,,,,,,,,,,,0.46207091212272644,0.05550664663314819,,0.8594424724578857,,4.251764297485352,,,,,,,,,,,,,
32,,,,112679,,,,,,,,,,,,0.46207091212272644,0.057121641933918,,0.8605105876922607,,3.714003086090088,,,,,,,,,,,,,
32,,,,112699,,,,,,,,,,,,0.46207091212272644,0.08459074795246124,,0.6863868236541748,,4.443406105041504,,,,,,,,,,,,,
32,,,,112719,,,,,,,,,,,,0.46207091212272644,0.09812583774328232,,0.772138237953186,,4.451559066772461,,,,,,,,,,,,,
32,,,,112739,,,,,,,,,,,,0.46207091212272644,0.05798567831516266,,0.8046479821205139,,4.3969526290893555,,,,,,,,,,,,,
32,,,,112759,,,,,,,,,,,,0.46207091212272644,0.08500680327415466,,0.5818855166435242,,3.151399612426758,,,,,,,,,,,,,
32,,,,112779,,,,,,,,,,,,0.46207091212272644,0.06174672394990921,,0.6856080889701843,,3.130669355392456,,,,,,,,,,,,,
32,,,,112799,,,,,,,,,,,,0.46207091212272644,0.10317008197307587,,0.397010862827301,,3.1541190147399902,,,,,,,,,,,,,
32,,,,112819,,,,,,,,,,,,0.46207091212272644,0.07482008635997772,,0.5080670118331909,,3.1887519359588623,,,,,,,,,,,,,
32,,,,112839,,,,,,,,,,,,0.46207091212272644,0.07694295048713684,,0.5294787883758545,,3.1355111598968506,,,,,,,,,,,,,
32,,,,112859,,,,,,,,,,,,0.46207091212272644,0.0780797228217125,,0.7171261310577393,,4.606314182281494,,,,,,,,,,,,,
32,,,,112879,,,,,,,,,,,,0.46207091212272644,0.1062067523598671,,0.5710067749023438,,3.1915223598480225,,,,,,,,,,,,,
32,,,,112899,,,,,,,,,,,,0.46207091212272644,0.0994514524936676,,0.5240852236747742,,4.403077125549316,,,,,,,,,,,,,
32,,,,112919,,,,,,,,,,,,0.46207091212272644,0.07749268412590027,,0.5714890360832214,,3.2520010471343994,,,,,,,,,,,,,
32,,,,112939,,,,,,,,,,,,0.46207091212272644,0.08359956741333008,,0.6573647856712341,,4.459717750549316,,,,,,,,,,,,,
32,,,,112959,,,,,,,,,,,,0.46207091212272644,0.10906586050987244,,0.3940191864967346,,3.148228645324707,,,,,,,,,,,,,
32,,,,112979,,,,,,,,,,,,0.46207091212272644,0.0505589134991169,,0.8963779211044312,,3.530545234680176,,,,,,,,,,,,,
32,,,,112999,,,,,,,,,,,,0.46207091212272644,0.10123497247695923,,0.4382418394088745,,3.1324963569641113,,,,,,,,,,,,,
32,,,,113019,,,,,,,,,,,,0.46207091212272644,0.06976182758808136,,0.7123743295669556,,4.53549861907959,,,,,,,,,,,,,
32,,,,113039,,,,,,,,,,,,0.46207091212272644,0.08821868151426315,,0.5326023697853088,,4.441745281219482,,,,,,,,,,,,,
32,,,,113059,,,,,,,,,,,,0.46207091212272644,0.10291540622711182,,0.5332716703414917,,4.393083572387695,,,,,,,,,,,,,
32,,,,113079,,,,,,,,,,,,0.46207091212272644,0.0577094666659832,,0.7902057766914368,,4.316750526428223,,,,,,,,,,,,,
32,,,,113099,,,,,,,,,,,,0.46207091212272644,0.05370301380753517,,0.9458166360855103,,4.100015640258789,,,,,,,,,,,,,
32,,,,113119,,,,,,,,,,,,0.46207091212272644,0.1082371324300766,,0.520607590675354,,4.39520788192749,,,,,,,,,,,,,
32,,,,113139,,,,,,,,,,,,0.46207091212272644,0.10727934539318085,,0.5360669493675232,,4.448984146118164,,,,,,,,,,,,,
32,,,,113159,,,,,,,,,,,,0.46207091212272644,0.08194120973348618,,0.42703479528427124,,3.1741621494293213,,,,,,,,,,,,,
32,,,,113179,,,,,,,,,,,,0.46207091212272644,0.09684839844703674,,0.521906316280365,,3.1495659351348877,,,,,,,,,,,,,
32,,,,113199,,,,,,,,,,,,0.46207091212272644,0.11309629678726196,,0.4136994779109955,,3.2245240211486816,,,,,,,,,,,,,
32,,,,113219,,,,,,,,,,,,0.46207091212272644,0.10968530178070068,,0.5295395851135254,,4.498894691467285,,,,,,,,,,,,,
32,,,,113239,,,,,,,,,,,,0.46207091212272644,0.08712905645370483,,0.5979488492012024,,4.512542247772217,,,,,,,,,,,,,
32,,,,113259,,,,,,,,,,,,0.46207091212272644,0.10882256925106049,,0.5317546129226685,,4.5131683349609375,,,,,,,,,,,,,
32,,,,113279,,,,,,,,,,,,0.46207091212272644,0.05579731613397598,,0.7643457651138306,,4.453330993652344,,,,,,,,,,,,,
32,,,,113299,,,,,,,,,,,,0.46207091212272644,0.11490383744239807,,0.5393990278244019,,4.535136699676514,,,,,,,,,,,,,
32,,,,113319,,,,,,,,,,,,0.46207091212272644,0.04785117879509926,,0.7867804765701294,,3.464327335357666,,,,,,,,,,,,,
32,,,,113339,,,,,,,,,,,,0.46207091212272644,0.11159233003854752,,0.5290337800979614,,4.506650924682617,,,,,,,,,,,,,
32,,,,113359,,,,,,,,,,,,0.46207091212272644,0.10407713800668716,,0.40935707092285156,,3.2409071922302246,,,,,,,,,,,,,
32,,,,113379,,,,,,,,,,,,0.46207091212272644,0.09908681362867355,,0.6182318329811096,,4.457671165466309,,,,,,,,,,,,,
32,,,,113399,,,,,,,,,,,,0.46207091212272644,0.05518655478954315,,0.8809508681297302,,4.20238733291626,,,,,,,,,,,,,
32,,,,113419,,,,,,,,,,,,0.46207091212272644,0.11188103258609772,,0.5171828866004944,,4.32589054107666,,,,,,,,,,,,,
32,,,,113439,,,,,,,,,,,,0.46207091212272644,0.09878934174776077,,0.611840009689331,,4.418620586395264,,,,,,,,,,,,,
32,,,,113459,,,,,,,,,,,,0.46207091212272644,0.10421675443649292,,0.5403734445571899,,4.364775657653809,,,,,,,,,,,,,
32,,,,113479,,,,,,,,,,,,0.46207091212272644,0.11126112937927246,,0.41239431500434875,,3.263871192932129,,,,,,,,,,,,,
32,,,,113499,,,,,,,,,,,,0.46207091212272644,0.10637824237346649,,0.5163335204124451,,4.376477241516113,,,,,,,,,,,,,
32,,,,113519,,,,,,,,,,,,0.46207091212272644,0.06383492052555084,,0.8587774634361267,,4.097516059875488,,,,,,,,,,,,,
32,,,,113539,,,,,,,,,,,,0.46207091212272644,0.09443680942058563,,0.5749786496162415,,4.4876708984375,,,,,,,,,,,,,
32,,,,113559,,,,,,,,,,,,0.46207091212272644,0.11520625650882721,,0.401634156703949,,3.1924614906311035,,,,,,,,,,,,,
32,,,,113579,,,,,,,,,,,,0.46207091212272644,0.05531151220202446,,0.8599840998649597,,4.145118236541748,,,,,,,,,,,,,
32,,,,113599,,,,,,,,,,,,0.46207091212272644,0.06625881046056747,,0.5484421253204346,,3.2915477752685547,,,,,,,,,,,,,
32,,,,113619,,,,,,,,,,,,0.46207091212272644,0.0504310168325901,,0.8996342420578003,,4.143312931060791,,,,,,,,,,,,,
32,,,,113639,,,,,,,,,,,,0.46207091212272644,0.09899791330099106,,0.4555765390396118,,3.278261184692383,,,,,,,,,,,,,
32,,,,113659,,,,,,,,,,,,0.46207091212272644,0.08447195589542389,,0.4607338607311249,,3.195338249206543,,,,,,,,,,,,,
32,,,,113679,,,,,,,,,,,,0.46207091212272644,0.06167154014110565,,0.7343308925628662,,3.311289072036743,,,,,,,,,,,,,
32,,,,113699,,,,,,,,,,,,0.46207091212272644,0.09273705631494522,,0.4206739366054535,,3.1607093811035156,,,,,,,,,,,,,
32,,,,113719,,,,,,,,,,,,0.46207091212272644,0.04787013679742813,,0.8311818838119507,,4.402406215667725,,,,,,,,,,,,,
32,,,,113739,,,,,,,,,,,,0.46207091212272644,0.07707887142896652,,0.545635461807251,,4.495020389556885,,,,,,,,,,,,,
32,,,,113759,,,,,,,,,,,,0.46207091212272644,0.06849482655525208,,0.7349961996078491,,4.4261393547058105,,,,,,,,,,,,,
32,,,,113779,,,,,,,,,,,,0.46207091212272644,0.08876967430114746,,0.630382776260376,,3.223240613937378,,,,,,,,,,,,,
32,,,,113799,,,,,,,,,,,,0.46207091212272644,0.052531130611896515,,0.8855286240577698,,3.615696668624878,,,,,,,,,,,,,
32,,,,113819,,,,,,,,,,,,0.46207091212272644,0.0466218926012516,,0.9146861433982849,,4.290352821350098,,,,,,,,,,,,,
32,,,,113839,,,,,,,,,,,,0.46207091212272644,0.10170174390077591,,0.5434826612472534,,4.4463653564453125,,,,,,,,,,,,,
32,,,,113859,,,,,,,,,,,,0.46207091212272644,0.05379051715135574,,0.8186033964157104,,3.4631311893463135,,,,,,,,,,,,,
32,,,,113879,,,,,,,,,,,,0.46207091212272644,0.09216488152742386,,0.5000250935554504,,3.246488332748413,,,,,,,,,,,,,
32,,,,113899,,,,,,,,,,,,0.46207091212272644,0.09483130276203156,,0.5873429179191589,,4.392549991607666,,,,,,,,,,,,,
32,,,,113919,,,,,,,,,,,,0.46207091212272644,0.05427774041891098,,0.8915871977806091,,4.216303825378418,,,,,,,,,,,,,
32,,,,113939,,,,,,,,,,,,0.46207091212272644,0.056196849793195724,,0.7433755993843079,,3.361133575439453,,,,,,,,,,,,,
32,,,,113959,,,,,,,,,,,,0.46207091212272644,0.05482051521539688,,0.8397114872932434,,4.3268609046936035,,,,,,,,,,,,,
32,,,,113979,,,,,,,,,,,,0.46207091212272644,0.11822986602783203,,0.5315525531768799,,4.496526718139648,,,,,,,,,,,,,
32,,,,113999,,,,,,,,,,,,0.46207091212272644,0.08037657290697098,,0.6250712871551514,,4.441266059875488,,,,,,,,,,,,,
32,,,,114019,,,,,,,,,,,,0.46207091212272644,0.06581645458936691,,0.7431679964065552,,4.497824668884277,,,,,,,,,,,,,
32,,,,114039,,,,,,,,,,,,0.46207091212272644,0.06290747970342636,,0.60882967710495,,3.2345032691955566,,,,,,,,,,,,,
32,,,,114059,,,,,,,,,,,,0.46207091212272644,0.09777572751045227,,0.5396770238876343,,4.448535919189453,,,,,,,,,,,,,
32,,,,114079,,,,,,,,,,,,0.46207091212272644,0.05266515165567398,,0.8523749113082886,,3.6139559745788574,,,,,,,,,,,,,
32,,,,114099,,,,,,,,,,,,0.46207091212272644,0.09781287610530853,,0.4220176935195923,,3.1931681632995605,,,,,,,,,,,,,
32,,,,114119,,,,,,,,,,,,0.46207091212272644,0.049970656633377075,,0.8126331567764282,,4.526815414428711,,,,,,,,,,,,,
32,,,,114139,,,,,,,,,,,,0.46207091212272644,0.08236990123987198,,0.5206046104431152,,3.143528699874878,,,,,,,,,,,,,
32,,,,114159,,,,,,,,,,,,0.46207091212272644,0.10999783128499985,,0.5956660509109497,,4.434719085693359,,,,,,,,,,,,,
32,,,,114179,,,,,,,,,,,,0.46207091212272644,0.0964980497956276,,0.5188488960266113,,4.453401565551758,,,,,,,,,,,,,
32,,,,114199,,,,,,,,,,,,0.46207091212272644,0.08599036186933517,,0.6463623046875,,4.459039688110352,,,,,,,,,,,,,
32,,,,114219,,,,,,,,,,,,0.46207091212272644,0.06366264075040817,,0.8946201205253601,,4.01937198638916,,,,,,,,,,,,,
32,,,,114239,,,,,,,,,,,,0.46207091212272644,0.05441639572381973,,0.966339111328125,,4.259101390838623,,,,,,,,,,,,,
32,,,,114259,,,,,,,,,,,,0.46207091212272644,0.09717392176389694,,0.40406301617622375,,3.151724338531494,,,,,,,,,,,,,
32,,,,114279,,,,,,,,,,,,0.46207091212272644,0.04844069480895996,,0.7833794951438904,,3.3485476970672607,,,,,,,,,,,,,
32,,,,114299,,,,,,,,,,,,0.46207091212272644,0.09236009418964386,,0.5705093741416931,,4.429254531860352,,,,,,,,,,,,,
32,,,,114319,,,,,,,,,,,,0.46207091212272644,0.057526081800460815,,0.9086429476737976,,4.148742198944092,,,,,,,,,,,,,
32,,,,114339,,,,,,,,,,,,0.46207091212272644,0.05375293642282486,,0.8190245032310486,,4.235748291015625,,,,,,,,,,,,,
32,,,,114359,,,,,,,,,,,,0.46207091212272644,0.06085703521966934,,0.9036576747894287,,3.9994335174560547,,,,,,,,,,,,,
32,,,,114379,,,,,,,,,,,,0.46207091212272644,0.059279121458530426,,0.6878297924995422,,3.2926931381225586,,,,,,,,,,,,,
32,,,,114399,,,,,,,,,,,,0.46207091212272644,0.10204475373029709,,0.5292320847511292,,4.4815449714660645,,,,,,,,,,,,,
32,,,,114419,,,,,,,,,,,,0.46207091212272644,0.10526108741760254,,0.5613003969192505,,4.4716997146606445,,,,,,,,,,,,,
32,,,,114439,,,,,,,,,,,,0.46207091212272644,0.050572000443935394,,0.8729970455169678,,3.9227991104125977,,,,,,,,,,,,,
32,,,,114459,,,,,,,,,,,,0.46207091212272644,0.11480209231376648,,0.5567811727523804,,4.398268699645996,,,,,,,,,,,,,
32,,,,114479,,,,,,,,,,,,0.46207091212272644,0.107270747423172,,0.40734532475471497,,3.294275999069214,,,,,,,,,,,,,
32,,,,114499,,,,,,,,,,,,0.46207091212272644,0.09708639979362488,,0.40249016880989075,,3.268756628036499,,,,,,,,,,,,,
32,,,,114519,,,,,,,,,,,,0.46207091212272644,0.09051991254091263,,0.46397608518600464,,3.251310348510742,,,,,,,,,,,,,
32,,,,114539,,,,,,,,,,,,0.46207091212272644,0.10075728595256805,,0.40394270420074463,,3.2694203853607178,,,,,,,,,,,,,
32,,,,114559,,,,,,,,,,,,0.46207091212272644,0.08442682027816772,,0.6184189319610596,,4.373197555541992,,,,,,,,,,,,,
32,,,,114579,,,,,,,,,,,,0.46207091212272644,0.09465010464191437,,0.526695966720581,,4.389877796173096,,,,,,,,,,,,,
32,,,,114599,,,,,,,,,,,,0.46207091212272644,0.09948941320180893,,0.5644927024841309,,4.412450790405273,,,,,,,,,,,,,
32,,,,114619,,,,,,,,,,,,0.46207091212272644,0.08685585856437683,,0.4203304648399353,,3.2667131423950195,,,,,,,,,,,,,
32,,,,114639,,,,,,,,,,,,0.46207091212272644,0.07026706635951996,,0.7164135575294495,,4.364685535430908,,,,,,,,,,,,,
32,,,,114659,,,,,,,,,,,,0.46207091212272644,0.07518892735242844,,0.6144656538963318,,3.33577299118042,,,,,,,,,,,,,
32,,,,114679,,,,,,,,,,,,0.46207091212272644,0.05815814808011055,,0.735355794429779,,3.4017815589904785,,,,,,,,,,,,,
32,,,,114699,,,,,,,,,,,,0.46207091212272644,0.1080024242401123,,0.5654168128967285,,4.385492324829102,,,,,,,,,,,,,
32,,,,114719,,,,,,,,,,,,0.46207091212272644,0.10976125299930573,,0.4591827690601349,,3.2463388442993164,,,,,,,,,,,,,
32,,,,114739,,,,,,,,,,,,0.46207091212272644,0.08154360949993134,,0.6233736276626587,,4.378738880157471,,,,,,,,,,,,,
32,,,,114759,,,,,,,,,,,,0.46207091212272644,0.11632692068815231,,0.5540582537651062,,4.4864501953125,,,,,,,,,,,,,
32,,,,114779,,,,,,,,,,,,0.46207091212272644,0.053246352821588516,,0.8317028284072876,,4.305327892303467,,,,,,,,,,,,,
32,,,,114799,,,,,,,,,,,,0.46207091212272644,0.06190286576747894,,0.7323852181434631,,3.273977041244507,,,,,,,,,,,,,
32,,,,114819,,,,,,,,,,,,0.46207091212272644,0.07776833325624466,,0.7075749635696411,,4.433820724487305,,,,,,,,,,,,,
32,,,,114839,,,,,,,,,,,,0.46207091212272644,0.11021891981363297,,0.5996042490005493,,4.396392822265625,,,,,,,,,,,,,
32,,,,114859,,,,,,,,,,,,0.46207091212272644,0.11253805458545685,,0.4123827815055847,,3.24002742767334,,,,,,,,,,,,,
32,,,,114879,,,,,,,,,,,,0.46207091212272644,0.0540078729391098,,0.6698047518730164,,3.209306240081787,,,,,,,,,,,,,
32,,,,114899,,,,,,,,,,,,0.46207091212272644,0.10342628508806229,,0.4308316111564636,,3.2014012336730957,,,,,,,,,,,,,
32,,,,114905,,,,,,,,,,,,,,,,,,0.7251156568527222,0.857919454574585,0.7244178056716919,0.7245047688484192,0.5526394248008728,0.7245917320251465,0.6628162860870361,0.7573100328445435,0.732437789440155,0.8016022443771362,0.7985021471977234,0.5658248066902161,0.7251156568527222
32,,,,114905,,,,,,,,,0.6153024435043335,0.08590221405029297,0.462065726518631,,,0.6037358641624451,,3.8425920009613037,,,,,,,,,,,,,,
,0.00020812733796781542,0.00020812733796781542,2.0812733796781544e-05,114906,,,,,,,,,,,,,,,,,,,,,,,,,,,,,,
33,,,,114919,,,,,,,,,,,,0.46207091212272644,0.11174260079860687,,0.5579165816307068,,4.383132457733154,,,,,,,,,,,,,
33,,,,114939,,,,,,,,,,,,0.46207091212272644,0.05145621299743652,,0.8229180574417114,,3.454200506210327,,,,,,,,,,,,,
33,,,,114959,,,,,,,,,,,,0.46207091212272644,0.10268775373697281,,0.5821359157562256,,4.4264984130859375,,,,,,,,,,,,,
33,,,,114979,,,,,,,,,,,,0.46207091212272644,0.10190902650356293,,0.4041021168231964,,3.2295758724212646,,,,,,,,,,,,,
33,,,,114999,,,,,,,,,,,,0.46207091212272644,0.11200666427612305,,0.556695818901062,,4.465858459472656,,,,,,,,,,,,,
33,,,,115019,,,,,,,,,,,,0.46207091212272644,0.10629135370254517,,0.5379598736763,,4.549559593200684,,,,,,,,,,,,,
33,,,,115039,,,,,,,,,,,,0.46207091212272644,0.05764085799455643,,0.8480282425880432,,3.975825071334839,,,,,,,,,,,,,
33,,,,115059,,,,,,,,,,,,0.46207091212272644,0.11471103131771088,,0.398024320602417,,3.142216205596924,,,,,,,,,,,,,
33,,,,115079,,,,,,,,,,,,0.46207091212272644,0.1096726804971695,,0.5761227607727051,,4.531172752380371,,,,,,,,,,,,,
33,,,,115099,,,,,,,,,,,,0.46207091212272644,0.11481817066669464,,0.5401864647865295,,4.496017932891846,,,,,,,,,,,,,
33,,,,115119,,,,,,,,,,,,0.46207091212272644,0.1040753424167633,,0.39878836274147034,,3.1626813411712646,,,,,,,,,,,,,
33,,,,115139,,,,,,,,,,,,0.46207091212272644,0.04495810717344284,,0.8322498202323914,,4.22493839263916,,,,,,,,,,,,,
33,,,,115159,,,,,,,,,,,,0.46207091212272644,0.054136116057634354,,0.8606820702552795,,3.594552993774414,,,,,,,,,,,,,
33,,,,115179,,,,,,,,,,,,0.46207091212272644,0.07052027434110641,,0.546639621257782,,3.151716470718384,,,,,,,,,,,,,
33,,,,115199,,,,,,,,,,,,0.46207091212272644,0.0851304829120636,,0.6686162352561951,,4.525996208190918,,,,,,,,,,,,,
33,,,,115219,,,,,,,,,,,,0.46207091212272644,0.10425528883934021,,0.40558385848999023,,3.1539907455444336,,,,,,,,,,,,,
33,,,,115239,,,,,,,,,,,,0.46207091212272644,0.04586588591337204,,0.8762493133544922,,3.6161983013153076,,,,,,,,,,,,,
33,,,,115259,,,,,,,,,,,,0.46207091212272644,0.04378437250852585,,0.9386600852012634,,3.7736825942993164,,,,,,,,,,,,,
33,,,,115279,,,,,,,,,,,,0.46207091212272644,0.0573987178504467,,0.7947765588760376,,4.380690574645996,,,,,,,,,,,,,
33,,,,115299,,,,,,,,,,,,0.46207091212272644,0.11295747011899948,,0.5325225591659546,,4.496161460876465,,,,,,,,,,,,,
33,,,,115319,,,,,,,,,,,,0.46207091212272644,0.0597291961312294,,0.8364012241363525,,4.4556403160095215,,,,,,,,,,,,,
33,,,,115339,,,,,,,,,,,,0.46207091212272644,0.0536804161965847,,0.7533614039421082,,4.337042331695557,,,,,,,,,,,,,
33,,,,115359,,,,,,,,,,,,0.46207091212272644,0.1061762124300003,,0.4036751389503479,,3.2275850772857666,,,,,,,,,,,,,
33,,,,115379,,,,,,,,,,,,0.46207091212272644,0.11530721932649612,,0.5262565016746521,,4.364640235900879,,,,,,,,,,,,,
33,,,,115399,,,,,,,,,,,,0.46207091212272644,0.08532149344682693,,0.8067868947982788,,4.351885795593262,,,,,,,,,,,,,
33,,,,115419,,,,,,,,,,,,0.46207091212272644,0.10829442739486694,,0.4078458249568939,,3.2306509017944336,,,,,,,,,,,,,
33,,,,115439,,,,,,,,,,,,0.46207091212272644,0.10739776492118835,,0.5238394737243652,,4.438141822814941,,,,,,,,,,,,,
33,,,,115459,,,,,,,,,,,,0.46207091212272644,0.04975622147321701,,0.8962592482566833,,4.176671981811523,,,,,,,,,,,,,
33,,,,115479,,,,,,,,,,,,0.46207091212272644,0.10329486429691315,,0.42955195903778076,,3.2105038166046143,,,,,,,,,,,,,
33,,,,115499,,,,,,,,,,,,0.46207091212272644,0.09878966957330704,,0.39350947737693787,,3.1415882110595703,,,,,,,,,,,,,
33,,,,115519,,,,,,,,,,,,0.46207091212272644,0.0977291464805603,,0.5951237678527832,,4.571515083312988,,,,,,,,,,,,,
33,,,,115539,,,,,,,,,,,,0.46207091212272644,0.061542436480522156,,0.8321621417999268,,4.475896835327148,,,,,,,,,,,,,
33,,,,115559,,,,,,,,,,,,0.46207091212272644,0.07074400037527084,,0.7389705181121826,,4.452760219573975,,,,,,,,,,,,,
33,,,,115579,,,,,,,,,,,,0.46207091212272644,0.10280981659889221,,0.4138326644897461,,3.222196102142334,,,,,,,,,,,,,
33,,,,115599,,,,,,,,,,,,0.46207091212272644,0.11018376052379608,,0.5779410600662231,,4.3373918533325195,,,,,,,,,,,,,
33,,,,115619,,,,,,,,,,,,0.46207091212272644,0.05792348086833954,,0.767579197883606,,4.382428169250488,,,,,,,,,,,,,
33,,,,115639,,,,,,,,,,,,0.46207091212272644,0.09984757006168365,,0.40609121322631836,,3.2696919441223145,,,,,,,,,,,,,
33,,,,115659,,,,,,,,,,,,0.46207091212272644,0.09534602612257004,,0.41470012068748474,,3.2817978858947754,,,,,,,,,,,,,
33,,,,115679,,,,,,,,,,,,0.46207091212272644,0.05700064077973366,,0.8318971991539001,,3.5248770713806152,,,,,,,,,,,,,
33,,,,115699,,,,,,,,,,,,0.46207091212272644,0.10010960698127747,,0.40234798192977905,,3.2173585891723633,,,,,,,,,,,,,
33,,,,115719,,,,,,,,,,,,0.46207091212272644,0.11227723211050034,,0.5537874102592468,,4.393509864807129,,,,,,,,,,,,,
33,,,,115739,,,,,,,,,,,,0.46207091212272644,0.10472321510314941,,0.4054831862449646,,3.231250286102295,,,,,,,,,,,,,
33,,,,115759,,,,,,,,,,,,0.46207091212272644,0.1161763146519661,,0.543978750705719,,4.345643997192383,,,,,,,,,,,,,
33,,,,115779,,,,,,,,,,,,0.46207091212272644,0.10236042737960815,,0.5042494535446167,,4.298429489135742,,,,,,,,,,,,,
33,,,,115799,,,,,,,,,,,,0.46207091212272644,0.06027580052614212,,0.8154689073562622,,4.340047359466553,,,,,,,,,,,,,
33,,,,115819,,,,,,,,,,,,0.46207091212272644,0.06677112728357315,,0.78070467710495,,4.323200702667236,,,,,,,,,,,,,
33,,,,115839,,,,,,,,,,,,0.46207091212272644,0.04612739384174347,,0.9122203588485718,,3.7914986610412598,,,,,,,,,,,,,
33,,,,115859,,,,,,,,,,,,0.46207091212272644,0.09742079675197601,,0.4273509085178375,,3.3628270626068115,,,,,,,,,,,,,
33,,,,115879,,,,,,,,,,,,0.46207091212272644,0.09956122189760208,,0.42667871713638306,,3.3405914306640625,,,,,,,,,,,,,
33,,,,115899,,,,,,,,,,,,0.46207091212272644,0.107365183532238,,0.5168709754943848,,4.394778251647949,,,,,,,,,,,,,
33,,,,115919,,,,,,,,,,,,0.46207091212272644,0.052286066114902496,,0.8149639964103699,,4.35500431060791,,,,,,,,,,,,,
33,,,,115939,,,,,,,,,,,,0.46207091212272644,0.09948486089706421,,0.4483787417411804,,3.216667413711548,,,,,,,,,,,,,
33,,,,115959,,,,,,,,,,,,0.46207091212272644,0.05674603581428528,,0.7665671110153198,,3.499866247177124,,,,,,,,,,,,,
33,,,,115979,,,,,,,,,,,,0.46207091212272644,0.10418196022510529,,0.5366008281707764,,4.477754592895508,,,,,,,,,,,,,
33,,,,115999,,,,,,,,,,,,0.46207091212272644,0.05724489688873291,,0.8049193024635315,,3.3671317100524902,,,,,,,,,,,,,
33,,,,116019,,,,,,,,,,,,0.46207091212272644,0.08200129121541977,,0.5631952285766602,,3.191058397293091,,,,,,,,,,,,,
33,,,,116039,,,,,,,,,,,,0.46207091212272644,0.05507497116923332,,0.9884036779403687,,3.804408550262451,,,,,,,,,,,,,
33,,,,116059,,,,,,,,,,,,0.46207091212272644,0.11725863814353943,,0.4047509431838989,,3.1924495697021484,,,,,,,,,,,,,
33,,,,116079,,,,,,,,,,,,0.46207091212272644,0.10339449346065521,,0.5649169087409973,,4.510709762573242,,,,,,,,,,,,,
33,,,,116099,,,,,,,,,,,,0.46207091212272644,0.10017481446266174,,0.4023483991622925,,3.2034802436828613,,,,,,,,,,,,,
33,,,,116119,,,,,,,,,,,,0.46207091212272644,0.05536026135087013,,0.8005924820899963,,4.301458358764648,,,,,,,,,,,,,
33,,,,116139,,,,,,,,,,,,0.46207091212272644,0.12040598690509796,,0.5245043039321899,,3.204753875732422,,,,,,,,,,,,,
33,,,,116159,,,,,,,,,,,,0.46207091212272644,0.10780031979084015,,0.5533452033996582,,4.4690093994140625,,,,,,,,,,,,,
33,,,,116179,,,,,,,,,,,,0.46207091212272644,0.0608622282743454,,0.8208252191543579,,4.015237808227539,,,,,,,,,,,,,
33,,,,116199,,,,,,,,,,,,0.46207091212272644,0.053834132850170135,,0.9046730995178223,,4.397103786468506,,,,,,,,,,,,,
33,,,,116219,,,,,,,,,,,,0.46207091212272644,0.0571087971329689,,0.8409935235977173,,4.346561431884766,,,,,,,,,,,,,
33,,,,116239,,,,,,,,,,,,0.46207091212272644,0.08211478590965271,,0.5147697925567627,,3.2805685997009277,,,,,,,,,,,,,
33,,,,116259,,,,,,,,,,,,0.46207091212272644,0.05525646731257439,,0.7178793549537659,,3.2941856384277344,,,,,,,,,,,,,
33,,,,116279,,,,,,,,,,,,0.46207091212272644,0.10937388986349106,,0.4019814133644104,,3.1821465492248535,,,,,,,,,,,,,
33,,,,116299,,,,,,,,,,,,0.46207091212272644,0.10444143414497375,,0.5506484508514404,,4.4936699867248535,,,,,,,,,,,,,
33,,,,116319,,,,,,,,,,,,0.46207091212272644,0.07868476957082748,,0.7919034361839294,,4.418891429901123,,,,,,,,,,,,,
33,,,,116339,,,,,,,,,,,,0.46207091212272644,0.07531791925430298,,0.7630912661552429,,3.7340452671051025,,,,,,,,,,,,,
33,,,,116359,,,,,,,,,,,,0.46207091212272644,0.08984551578760147,,0.6140703558921814,,4.4076433181762695,,,,,,,,,,,,,
33,,,,116379,,,,,,,,,,,,0.46207091212272644,0.05151383578777313,,0.6925233006477356,,3.416337013244629,,,,,,,,,,,,,
33,,,,116399,,,,,,,,,,,,0.46207091212272644,0.10866381227970123,,0.5111744403839111,,4.31101131439209,,,,,,,,,,,,,
33,,,,116419,,,,,,,,,,,,0.46207091212272644,0.109651118516922,,0.41220518946647644,,3.251636028289795,,,,,,,,,,,,,
33,,,,116439,,,,,,,,,,,,0.46207091212272644,0.10789228975772858,,0.578917384147644,,3.227699041366577,,,,,,,,,,,,,
33,,,,116459,,,,,,,,,,,,0.46207091212272644,0.09684193134307861,,0.40249332785606384,,3.2289021015167236,,,,,,,,,,,,,
33,,,,116479,,,,,,,,,,,,0.46207091212272644,0.07023085653781891,,0.7776236534118652,,4.421292304992676,,,,,,,,,,,,,
33,,,,116499,,,,,,,,,,,,0.46207091212272644,0.053700387477874756,,0.8510444164276123,,3.536958932876587,,,,,,,,,,,,,
33,,,,116519,,,,,,,,,,,,0.46207091212272644,0.10925177484750748,,0.5494731068611145,,4.55836296081543,,,,,,,,,,,,,
33,,,,116539,,,,,,,,,,,,0.46207091212272644,0.10734881460666656,,0.546949565410614,,4.368714809417725,,,,,,,,,,,,,
33,,,,116559,,,,,,,,,,,,0.46207091212272644,0.09575611352920532,,0.46677249670028687,,3.261554002761841,,,,,,,,,,,,,
33,,,,116579,,,,,,,,,,,,0.46207091212272644,0.06923593580722809,,0.7834376096725464,,3.856318473815918,,,,,,,,,,,,,
33,,,,116599,,,,,,,,,,,,0.46207091212272644,0.11651536822319031,,0.5294309258460999,,4.405834197998047,,,,,,,,,,,,,
33,,,,116619,,,,,,,,,,,,0.46207091212272644,0.11125069856643677,,0.5216688513755798,,4.3954267501831055,,,,,,,,,,,,,
33,,,,116639,,,,,,,,,,,,0.46207091212272644,0.12281183153390884,,0.5287212133407593,,4.420677661895752,,,,,,,,,,,,,
33,,,,116659,,,,,,,,,,,,0.46207091212272644,0.07217049598693848,,0.7478963136672974,,4.391175270080566,,,,,,,,,,,,,
33,,,,116679,,,,,,,,,,,,0.46207091212272644,0.057921476662158966,,0.9328550696372986,,4.071736812591553,,,,,,,,,,,,,
33,,,,116699,,,,,,,,,,,,0.46207091212272644,0.05931192636489868,,0.9030132293701172,,3.9715194702148438,,,,,,,,,,,,,
33,,,,116719,,,,,,,,,,,,0.46207091212272644,0.0999094545841217,,0.7054079174995422,,4.327449321746826,,,,,,,,,,,,,
33,,,,116739,,,,,,,,,,,,0.46207091212272644,0.08972524106502533,,0.5357558131217957,,4.367517948150635,,,,,,,,,,,,,
33,,,,116759,,,,,,,,,,,,0.46207091212272644,0.10813164710998535,,0.41050711274147034,,3.2515454292297363,,,,,,,,,,,,,
33,,,,116779,,,,,,,,,,,,0.46207091212272644,0.05211964249610901,,0.9356371760368347,,4.202603340148926,,,,,,,,,,,,,
33,,,,116799,,,,,,,,,,,,0.46207091212272644,0.0570099875330925,,0.7823359966278076,,3.561230182647705,,,,,,,,,,,,,
33,,,,116819,,,,,,,,,,,,0.46207091212272644,0.08748479932546616,,0.5839083194732666,,4.403809547424316,,,,,,,,,,,,,
33,,,,116839,,,,,,,,,,,,0.46207091212272644,0.06765301525592804,,0.7573343515396118,,4.398305416107178,,,,,,,,,,,,,
33,,,,116859,,,,,,,,,,,,0.46207091212272644,0.09185105562210083,,0.43815407156944275,,3.328721523284912,,,,,,,,,,,,,
33,,,,116879,,,,,,,,,,,,0.46207091212272644,0.09304463118314743,,0.4141341745853424,,3.3169572353363037,,,,,,,,,,,,,
33,,,,116899,,,,,,,,,,,,0.46207091212272644,0.05890478938817978,,0.826598584651947,,4.02433967590332,,,,,,,,,,,,,
33,,,,116919,,,,,,,,,,,,0.46207091212272644,0.10667970776557922,,0.5855528712272644,,4.486011981964111,,,,,,,,,,,,,
33,,,,116939,,,,,,,,,,,,0.46207091212272644,0.052698709070682526,,0.7975616455078125,,3.3893795013427734,,,,,,,,,,,,,
33,,,,116959,,,,,,,,,,,,0.46207091212272644,0.0511033721268177,,0.9246973395347595,,4.317532539367676,,,,,,,,,,,,,
33,,,,116979,,,,,,,,,,,,0.46207091212272644,0.11308262497186661,,0.547753632068634,,4.494851112365723,,,,,,,,,,,,,
33,,,,116999,,,,,,,,,,,,0.46207091212272644,0.1152481660246849,,0.5848222970962524,,4.381115913391113,,,,,,,,,,,,,
33,,,,117019,,,,,,,,,,,,0.46207091212272644,0.12010972201824188,,0.5299174785614014,,4.375935077667236,,,,,,,,,,,,,
33,,,,117039,,,,,,,,,,,,0.46207091212272644,0.10352495312690735,,0.4511207640171051,,3.308467149734497,,,,,,,,,,,,,
33,,,,117059,,,,,,,,,,,,0.46207091212272644,0.10297992825508118,,0.4109506905078888,,3.2683444023132324,,,,,,,,,,,,,
33,,,,117079,,,,,,,,,,,,0.46207091212272644,0.06490465998649597,,0.8723351359367371,,3.851348638534546,,,,,,,,,,,,,
33,,,,117099,,,,,,,,,,,,0.46207091212272644,0.05943828821182251,,0.8467748761177063,,3.6520438194274902,,,,,,,,,,,,,
33,,,,117119,,,,,,,,,,,,0.46207091212272644,0.11920632421970367,,0.5455732345581055,,4.540378570556641,,,,,,,,,,,,,
33,,,,117139,,,,,,,,,,,,0.46207091212272644,0.043676912784576416,,0.898431658744812,,4.231081485748291,,,,,,,,,,,,,
33,,,,117159,,,,,,,,,,,,0.46207091212272644,0.053998641669750214,,0.8507601022720337,,4.3521270751953125,,,,,,,,,,,,,
33,,,,117179,,,,,,,,,,,,0.46207091212272644,0.1161082535982132,,0.5820736289024353,,4.56627082824707,,,,,,,,,,,,,
33,,,,117199,,,,,,,,,,,,0.46207091212272644,0.10681699216365814,,0.5561538934707642,,4.541855812072754,,,,,,,,,,,,,
33,,,,117219,,,,,,,,,,,,0.46207091212272644,0.09641821682453156,,0.5453193783760071,,4.427977561950684,,,,,,,,,,,,,
33,,,,117239,,,,,,,,,,,,0.46207091212272644,0.06369264423847198,,0.5754971504211426,,3.260128974914551,,,,,,,,,,,,,
33,,,,117259,,,,,,,,,,,,0.46207091212272644,0.10502934455871582,,0.5040779113769531,,3.195485830307007,,,,,,,,,,,,,
33,,,,117279,,,,,,,,,,,,0.46207091212272644,0.11506345868110657,,0.5276309847831726,,4.431910514831543,,,,,,,,,,,,,
33,,,,117299,,,,,,,,,,,,0.46207091212272644,0.09428071975708008,,0.4015892446041107,,3.1934010982513428,,,,,,,,,,,,,
33,,,,117319,,,,,,,,,,,,0.46207091212272644,0.05659051239490509,,0.8537886142730713,,3.961918830871582,,,,,,,,,,,,,
33,,,,117339,,,,,,,,,,,,0.46207091212272644,0.1108202412724495,,0.3907400965690613,,3.068679094314575,,,,,,,,,,,,,
33,,,,117359,,,,,,,,,,,,0.46207091212272644,0.11327892541885376,,0.5485966801643372,,4.588777542114258,,,,,,,,,,,,,
33,,,,117379,,,,,,,,,,,,0.46207091212272644,0.10136326402425766,,0.5487450957298279,,4.432422161102295,,,,,,,,,,,,,
33,,,,117399,,,,,,,,,,,,0.46207091212272644,0.09708791971206665,,0.39880552887916565,,3.216534376144409,,,,,,,,,,,,,
33,,,,117419,,,,,,,,,,,,0.46207091212272644,0.10844138264656067,,0.5538600087165833,,4.459563255310059,,,,,,,,,,,,,
33,,,,117439,,,,,,,,,,,,0.46207091212272644,0.06346353888511658,,0.6952296495437622,,3.2625508308410645,,,,,,,,,,,,,
33,,,,117459,,,,,,,,,,,,0.46207091212272644,0.10990047454833984,,0.5320239663124084,,4.46587610244751,,,,,,,,,,,,,
33,,,,117479,,,,,,,,,,,,0.46207091212272644,0.1088908463716507,,0.412354975938797,,3.236830949783325,,,,,,,,,,,,,
33,,,,117499,,,,,,,,,,,,0.46207091212272644,0.11273527890443802,,0.3975536525249481,,3.1523852348327637,,,,,,,,,,,,,
33,,,,117519,,,,,,,,,,,,0.46207091212272644,0.10805624723434448,,0.5774047374725342,,4.46187686920166,,,,,,,,,,,,,
33,,,,117539,,,,,,,,,,,,0.46207091212272644,0.05785952880978584,,0.7124890089035034,,3.263732433319092,,,,,,,,,,,,,
33,,,,117559,,,,,,,,,,,,0.46207091212272644,0.10939877480268478,,0.5343875288963318,,4.489360809326172,,,,,,,,,,,,,
33,,,,117579,,,,,,,,,,,,0.46207091212272644,0.10671485215425491,,0.5509317517280579,,4.439985752105713,,,,,,,,,,,,,
33,,,,117599,,,,,,,,,,,,0.46207091212272644,0.1179746687412262,,0.4172860383987427,,3.2312049865722656,,,,,,,,,,,,,
33,,,,117619,,,,,,,,,,,,0.46207091212272644,0.11300312727689743,,0.5281877517700195,,4.414517402648926,,,,,,,,,,,,,
33,,,,117639,,,,,,,,,,,,0.46207091212272644,0.062080733478069305,,0.7896873354911804,,4.3664679527282715,,,,,,,,,,,,,
33,,,,117659,,,,,,,,,,,,0.46207091212272644,0.11128158122301102,,0.5273496508598328,,4.329558372497559,,,,,,,,,,,,,
33,,,,117679,,,,,,,,,,,,0.46207091212272644,0.07259320467710495,,0.5511634945869446,,3.145092725753784,,,,,,,,,,,,,
33,,,,117699,,,,,,,,,,,,0.46207091212272644,0.060428865253925323,,0.8937020301818848,,4.206538677215576,,,,,,,,,,,,,
33,,,,117719,,,,,,,,,,,,0.46207091212272644,0.11416846513748169,,0.5429642200469971,,4.435333728790283,,,,,,,,,,,,,
33,,,,117739,,,,,,,,,,,,0.46207091212272644,0.06087666004896164,,0.8667453527450562,,4.409424781799316,,,,,,,,,,,,,
33,,,,117759,,,,,,,,,,,,0.46207091212272644,0.07853038609027863,,0.52094566822052,,3.2663683891296387,,,,,,,,,,,,,
33,,,,117779,,,,,,,,,,,,0.46207091212272644,0.10800100117921829,,0.4066498875617981,,3.259986162185669,,,,,,,,,,,,,
33,,,,117799,,,,,,,,,,,,0.46207091212272644,0.09796953946352005,,0.5274893045425415,,4.413110256195068,,,,,,,,,,,,,
33,,,,117819,,,,,,,,,,,,0.46207091212272644,0.10486854612827301,,0.5189203023910522,,4.365166664123535,,,,,,,,,,,,,
33,,,,117839,,,,,,,,,,,,0.46207091212272644,0.10845033824443817,,0.40943577885627747,,3.2886619567871094,,,,,,,,,,,,,
33,,,,117859,,,,,,,,,,,,0.46207091212272644,0.09856133162975311,,0.5717353224754333,,4.380441188812256,,,,,,,,,,,,,
33,,,,117879,,,,,,,,,,,,0.46207091212272644,0.07361635565757751,,0.8293910622596741,,3.3455448150634766,,,,,,,,,,,,,
33,,,,117899,,,,,,,,,,,,0.46207091212272644,0.0927416980266571,,0.462843656539917,,3.2535438537597656,,,,,,,,,,,,,
33,,,,117919,,,,,,,,,,,,0.46207091212272644,0.0706557184457779,,0.6229912638664246,,3.2167205810546875,,,,,,,,,,,,,
33,,,,117939,,,,,,,,,,,,0.46207091212272644,0.04194968193769455,,0.9444663524627686,,3.8221960067749023,,,,,,,,,,,,,
33,,,,117959,,,,,,,,,,,,0.46207091212272644,0.10251228511333466,,0.5546631813049316,,4.43302059173584,,,,,,,,,,,,,
33,,,,117979,,,,,,,,,,,,0.46207091212272644,0.10570315271615982,,0.5290715098381042,,4.412050247192383,,,,,,,,,,,,,
33,,,,117999,,,,,,,,,,,,0.46207091212272644,0.09104752540588379,,0.5521615743637085,,3.2836217880249023,,,,,,,,,,,,,
33,,,,118019,,,,,,,,,,,,0.46207091212272644,0.10396371781826019,,0.5380483865737915,,4.479735374450684,,,,,,,,,,,,,
33,,,,118039,,,,,,,,,,,,0.46207091212272644,0.11463309079408646,,0.40298178791999817,,3.2118277549743652,,,,,,,,,,,,,
33,,,,118059,,,,,,,,,,,,0.46207091212272644,0.11387395113706589,,0.5305508971214294,,4.458621978759766,,,,,,,,,,,,,
33,,,,118079,,,,,,,,,,,,0.46207091212272644,0.05643776059150696,,0.8551015853881836,,4.375256538391113,,,,,,,,,,,,,
33,,,,118099,,,,,,,,,,,,0.46207091212272644,0.05325485020875931,,0.6969542503356934,,3.247934341430664,,,,,,,,,,,,,
33,,,,118119,,,,,,,,,,,,0.46207091212272644,0.11997559666633606,,0.4074852168560028,,3.190481662750244,,,,,,,,,,,,,
33,,,,118139,,,,,,,,,,,,0.46207091212272644,0.1107473224401474,,0.3982018828392029,,3.171567916870117,,,,,,,,,,,,,
33,,,,118159,,,,,,,,,,,,0.46207091212272644,0.11631330102682114,,0.4011199474334717,,3.1795530319213867,,,,,,,,,,,,,
33,,,,118179,,,,,,,,,,,,0.46207091212272644,0.08682442456483841,,0.5983690023422241,,4.430294990539551,,,,,,,,,,,,,
33,,,,118199,,,,,,,,,,,,0.46207091212272644,0.10200256109237671,,0.4370294213294983,,3.2108240127563477,,,,,,,,,,,,,
33,,,,118219,,,,,,,,,,,,0.46207091212272644,0.11515025794506073,,0.5240321755409241,,4.392767906188965,,,,,,,,,,,,,
33,,,,118239,,,,,,,,,,,,0.46207091212272644,0.11744774878025055,,0.4077516198158264,,3.2403879165649414,,,,,,,,,,,,,
33,,,,118259,,,,,,,,,,,,0.46207091212272644,0.10098016262054443,,0.40317678451538086,,3.2942333221435547,,,,,,,,,,,,,
33,,,,118279,,,,,,,,,,,,0.46207091212272644,0.1070515587925911,,0.5125298500061035,,4.354185104370117,,,,,,,,,,,,,
33,,,,118299,,,,,,,,,,,,0.46207091212272644,0.11224249005317688,,0.5128170847892761,,4.326211929321289,,,,,,,,,,,,,
33,,,,118319,,,,,,,,,,,,0.46207091212272644,0.12179391086101532,,0.5232477188110352,,4.358840465545654,,,,,,,,,,,,,
33,,,,118339,,,,,,,,,,,,0.46207091212272644,0.10164425522089005,,0.5452205538749695,,4.335933685302734,,,,,,,,,,,,,
33,,,,118359,,,,,,,,,,,,0.46207091212272644,0.08703045547008514,,0.5754014849662781,,3.3072307109832764,,,,,,,,,,,,,
33,,,,118379,,,,,,,,,,,,0.46207091212272644,0.10191681236028671,,0.411744624376297,,3.2569456100463867,,,,,,,,,,,,,
33,,,,118387,,,,,,,,,,,,,,,,,,0.714828372001648,0.8720575571060181,0.6992880702018738,0.6969927549362183,0.5171955823898315,0.6946974992752075,0.6296769380569458,0.7288579940795898,0.7217751741409302,0.7950530052185059,0.8142042756080627,0.44775742292404175,0.714828372001648
33,,,,118387,,,,,,,,,0.6092644333839417,0.08831499516963959,0.462065726518631,,,0.6026002168655396,,3.849555492401123,,,,,,,,,,,,,,
,0.00020228580709827227,0.00020228580709827227,2.0228580709827227e-05,118388,,,,,,,,,,,,,,,,,,,,,,,,,,,,,,
34,,,,118399,,,,,,,,,,,,0.46207091212272644,0.10827039182186127,,0.5304619669914246,,4.468710899353027,,,,,,,,,,,,,
34,,,,118419,,,,,,,,,,,,0.46207091212272644,0.11041227728128433,,0.5356159210205078,,4.422329425811768,,,,,,,,,,,,,
34,,,,118439,,,,,,,,,,,,0.46207091212272644,0.05806320905685425,,0.7363795638084412,,3.2699763774871826,,,,,,,,,,,,,
34,,,,118459,,,,,,,,,,,,0.46207091212272644,0.06351028382778168,,0.8259226083755493,,4.456347465515137,,,,,,,,,,,,,
34,,,,118479,,,,,,,,,,,,0.46207091212272644,0.10029725730419159,,0.5618866682052612,,4.468903541564941,,,,,,,,,,,,,
34,,,,118499,,,,,,,,,,,,0.46207091212272644,0.09716904163360596,,0.4136436879634857,,3.2448320388793945,,,,,,,,,,,,,
34,,,,118519,,,,,,,,,,,,0.46207091212272644,0.05394463241100311,,0.917820394039154,,4.277349472045898,,,,,,,,,,,,,
34,,,,118539,,,,,,,,,,,,0.46207091212272644,0.10051101446151733,,0.7118943929672241,,4.428635597229004,,,,,,,,,,,,,
34,,,,118559,,,,,,,,,,,,0.46207091212272644,0.0937512218952179,,0.44172340631484985,,3.275179147720337,,,,,,,,,,,,,
34,,,,118579,,,,,,,,,,,,0.46207091212272644,0.05421379581093788,,0.7439488768577576,,3.3538084030151367,,,,,,,,,,,,,
34,,,,118599,,,,,,,,,,,,0.46207091212272644,0.11740481853485107,,0.5244130492210388,,4.407036781311035,,,,,,,,,,,,,
34,,,,118619,,,,,,,,,,,,0.46207091212272644,0.10430296510457993,,0.5890467762947083,,4.4436140060424805,,,,,,,,,,,,,
34,,,,118639,,,,,,,,,,,,0.46207091212272644,0.05368802323937416,,0.8880822658538818,,3.777747869491577,,,,,,,,,,,,,
34,,,,118659,,,,,,,,,,,,0.46207091212272644,0.11105575412511826,,0.5182310342788696,,4.374792098999023,,,,,,,,,,,,,
34,,,,118679,,,,,,,,,,,,0.46207091212272644,0.06737959384918213,,0.7496074438095093,,4.387627124786377,,,,,,,,,,,,,
34,,,,118699,,,,,,,,,,,,0.46207091212272644,0.11072565615177155,,0.5190532207489014,,4.365820407867432,,,,,,,,,,,,,
34,,,,118719,,,,,,,,,,,,0.46207091212272644,0.11141179502010345,,0.5196183323860168,,4.337723731994629,,,,,,,,,,,,,
34,,,,118739,,,,,,,,,,,,0.46207091212272644,0.11394035816192627,,0.5533961653709412,,4.293980598449707,,,,,,,,,,,,,
34,,,,118759,,,,,,,,,,,,0.46207091212272644,0.06402187049388885,,0.900516152381897,,4.197207450866699,,,,,,,,,,,,,
34,,,,118779,,,,,,,,,,,,0.46207091212272644,0.10925982147455215,,0.5281025767326355,,4.3906168937683105,,,,,,,,,,,,,
34,,,,118799,,,,,,,,,,,,0.46207091212272644,0.07084901630878448,,0.696810245513916,,4.419121742248535,,,,,,,,,,,,,
34,,,,118819,,,,,,,,,,,,0.46207091212272644,0.11627446115016937,,0.4453810453414917,,3.2441539764404297,,,,,,,,,,,,,
34,,,,118839,,,,,,,,,,,,0.46207091212272644,0.07374724745750427,,0.7374764084815979,,4.484044075012207,,,,,,,,,,,,,
34,,,,118859,,,,,,,,,,,,0.46207091212272644,0.09592679142951965,,0.5259578227996826,,4.4190497398376465,,,,,,,,,,,,,
34,,,,118879,,,,,,,,,,,,0.46207091212272644,0.1020844504237175,,0.5057410001754761,,3.2129709720611572,,,,,,,,,,,,,
34,,,,118899,,,,,,,,,,,,0.46207091212272644,0.1078866645693779,,0.538415789604187,,4.418484210968018,,,,,,,,,,,,,
34,,,,118919,,,,,,,,,,,,0.46207091212272644,0.08764781057834625,,0.4637537896633148,,3.123570203781128,,,,,,,,,,,,,
34,,,,118939,,,,,,,,,,,,0.46207091212272644,0.1116495430469513,,0.40605586767196655,,3.0884487628936768,,,,,,,,,,,,,
34,,,,118959,,,,,,,,,,,,0.46207091212272644,0.11375300586223602,,0.5346387624740601,,4.533464431762695,,,,,,,,,,,,,
34,,,,118979,,,,,,,,,,,,0.46207091212272644,0.11095870286226273,,0.5276722311973572,,4.475898742675781,,,,,,,,,,,,,
34,,,,118999,,,,,,,,,,,,0.46207091212272644,0.06704100966453552,,0.6628647446632385,,3.2568418979644775,,,,,,,,,,,,,
34,,,,119019,,,,,,,,,,,,0.46207091212272644,0.09575910866260529,,0.52373206615448,,4.449913024902344,,,,,,,,,,,,,
34,,,,119039,,,,,,,,,,,,0.46207091212272644,0.09763886779546738,,0.5383408665657043,,4.404531955718994,,,,,,,,,,,,,
34,,,,119059,,,,,,,,,,,,0.46207091212272644,0.10192664712667465,,0.4813145399093628,,3.2377283573150635,,,,,,,,,,,,,
34,,,,119079,,,,,,,,,,,,0.46207091212272644,0.09313420206308365,,0.4668084383010864,,3.2464568614959717,,,,,,,,,,,,,
34,,,,119099,,,,,,,,,,,,0.46207091212272644,0.09495434165000916,,0.5234663486480713,,4.387462139129639,,,,,,,,,,,,,
34,,,,119119,,,,,,,,,,,,0.46207091212272644,0.11384899169206619,,0.5403519868850708,,4.409176826477051,,,,,,,,,,,,,
34,,,,119139,,,,,,,,,,,,0.46207091212272644,0.11723607778549194,,0.41677942872047424,,3.264601230621338,,,,,,,,,,,,,
34,,,,119159,,,,,,,,,,,,0.46207091212272644,0.10112656652927399,,0.5386250615119934,,4.436899185180664,,,,,,,,,,,,,
34,,,,119179,,,,,,,,,,,,0.46207091212272644,0.1099296286702156,,0.4244496524333954,,3.2124876976013184,,,,,,,,,,,,,
34,,,,119199,,,,,,,,,,,,0.46207091212272644,0.09718930721282959,,0.5363312363624573,,4.583064079284668,,,,,,,,,,,,,
34,,,,119219,,,,,,,,,,,,0.46207091212272644,0.05891583859920502,,0.9207696318626404,,4.3891801834106445,,,,,,,,,,,,,
34,,,,119239,,,,,,,,,,,,0.46207091212272644,0.06117968261241913,,0.9475962519645691,,4.295087814331055,,,,,,,,,,,,,
34,,,,119259,,,,,,,,,,,,0.46207091212272644,0.055976752191782,,0.9228848814964294,,4.263563632965088,,,,,,,,,,,,,
34,,,,119279,,,,,,,,,,,,0.46207091212272644,0.10172463953495026,,0.39405083656311035,,3.201749801635742,,,,,,,,,,,,,
34,,,,119299,,,,,,,,,,,,0.46207091212272644,0.10081841796636581,,0.39382997155189514,,3.210524082183838,,,,,,,,,,,,,
34,,,,119319,,,,,,,,,,,,0.46207091212272644,0.05711505562067032,,0.7721486687660217,,3.3785758018493652,,,,,,,,,,,,,
34,,,,119339,,,,,,,,,,,,0.46207091212272644,0.09073950350284576,,0.5526579022407532,,4.460732460021973,,,,,,,,,,,,,
34,,,,119359,,,,,,,,,,,,0.46207091212272644,0.04611755162477493,,0.9386972784996033,,4.451813220977783,,,,,,,,,,,,,
34,,,,119379,,,,,,,,,,,,0.46207091212272644,0.09049957990646362,,0.7642354369163513,,4.440859317779541,,,,,,,,,,,,,
34,,,,119399,,,,,,,,,,,,0.46207091212272644,0.10135499387979507,,0.4027866721153259,,3.232881546020508,,,,,,,,,,,,,
34,,,,119419,,,,,,,,,,,,0.46207091212272644,0.06611373275518417,,0.7090564370155334,,4.499351501464844,,,,,,,,,,,,,
34,,,,119439,,,,,,,,,,,,0.46207091212272644,0.10416026413440704,,0.39355647563934326,,3.1765811443328857,,,,,,,,,,,,,
34,,,,119459,,,,,,,,,,,,0.46207091212272644,0.10191693902015686,,0.5054052472114563,,3.154898166656494,,,,,,,,,,,,,
34,,,,119479,,,,,,,,,,,,0.46207091212272644,0.1203828826546669,,0.5477696657180786,,4.617372512817383,,,,,,,,,,,,,
34,,,,119499,,,,,,,,,,,,0.46207091212272644,0.05606580525636673,,0.8494425415992737,,3.9449007511138916,,,,,,,,,,,,,
34,,,,119519,,,,,,,,,,,,0.46207091212272644,0.11522166430950165,,0.5820216536521912,,4.502993583679199,,,,,,,,,,,,,
34,,,,119539,,,,,,,,,,,,0.46207091212272644,0.07246870547533035,,0.673141360282898,,3.240108013153076,,,,,,,,,,,,,
34,,,,119559,,,,,,,,,,,,0.46207091212272644,0.09899502992630005,,0.4128689169883728,,3.2408432960510254,,,,,,,,,,,,,
34,,,,119579,,,,,,,,,,,,0.46207091212272644,0.06597928702831268,,0.5533848404884338,,3.208249568939209,,,,,,,,,,,,,
34,,,,119599,,,,,,,,,,,,0.46207091212272644,0.10970118641853333,,0.5450488328933716,,4.466802597045898,,,,,,,,,,,,,
34,,,,119619,,,,,,,,,,,,0.46207091212272644,0.08835235983133316,,0.5755429267883301,,3.2497828006744385,,,,,,,,,,,,,
34,,,,119639,,,,,,,,,,,,0.46207091212272644,0.10690797865390778,,0.5393640995025635,,4.421694278717041,,,,,,,,,,,,,
34,,,,119659,,,,,,,,,,,,0.46207091212272644,0.06722180545330048,,0.6954789757728577,,4.36002779006958,,,,,,,,,,,,,
34,,,,119679,,,,,,,,,,,,0.46207091212272644,0.06236950680613518,,0.9301096796989441,,4.120510578155518,,,,,,,,,,,,,
34,,,,119699,,,,,,,,,,,,0.46207091212272644,0.05469197779893875,,0.7850045561790466,,3.259280204772949,,,,,,,,,,,,,
34,,,,119719,,,,,,,,,,,,0.46207091212272644,0.09586969017982483,,0.404849648475647,,3.171801805496216,,,,,,,,,,,,,
34,,,,119739,,,,,,,,,,,,0.46207091212272644,0.08857785165309906,,0.4684675931930542,,3.177088737487793,,,,,,,,,,,,,
34,,,,119759,,,,,,,,,,,,0.46207091212272644,0.04704353213310242,,0.9743691682815552,,3.8543059825897217,,,,,,,,,,,,,
34,,,,119779,,,,,,,,,,,,0.46207091212272644,0.11501849442720413,,0.41202494502067566,,3.2442784309387207,,,,,,,,,,,,,
34,,,,119799,,,,,,,,,,,,0.46207091212272644,0.09470362961292267,,0.5311010479927063,,4.413200378417969,,,,,,,,,,,,,
34,,,,119819,,,,,,,,,,,,0.46207091212272644,0.0641602873802185,,0.7714636921882629,,3.7265868186950684,,,,,,,,,,,,,
34,,,,119839,,,,,,,,,,,,0.46207091212272644,0.07146933674812317,,0.7569149136543274,,4.375359535217285,,,,,,,,,,,,,
34,,,,119859,,,,,,,,,,,,0.46207091212272644,0.08831934630870819,,0.603766143321991,,4.357007026672363,,,,,,,,,,,,,
34,,,,119879,,,,,,,,,,,,0.46207091212272644,0.10876865684986115,,0.41511833667755127,,3.300886631011963,,,,,,,,,,,,,
34,,,,119899,,,,,,,,,,,,0.46207091212272644,0.08502449840307236,,0.5442689657211304,,3.36663556098938,,,,,,,,,,,,,
34,,,,119919,,,,,,,,,,,,0.46207091212272644,0.07258570194244385,,0.6675227880477905,,4.401336669921875,,,,,,,,,,,,,
34,,,,119939,,,,,,,,,,,,0.46207091212272644,0.10703827440738678,,0.5174005627632141,,4.403153419494629,,,,,,,,,,,,,
34,,,,119959,,,,,,,,,,,,0.46207091212272644,0.08785942196846008,,0.4050554633140564,,3.2777860164642334,,,,,,,,,,,,,
34,,,,119979,,,,,,,,,,,,0.46207091212272644,0.05333326756954193,,0.8562498092651367,,3.804917812347412,,,,,,,,,,,,,
34,,,,119999,,,,,,,,,,,,0.46207091212272644,0.1157902255654335,,0.4077776074409485,,3.24284029006958,,,,,,,,,,,,,
34,,,,120019,,,,,,,,,,,,0.46207091212272644,0.10644093155860901,,0.40829887986183167,,3.2280631065368652,,,,,,,,,,,,,
34,,,,120039,,,,,,,,,,,,0.46207091212272644,0.10652598738670349,,0.3972114622592926,,3.2015247344970703,,,,,,,,,,,,,
34,,,,120059,,,,,,,,,,,,0.46207091212272644,0.09488603472709656,,0.6043307781219482,,3.2150766849517822,,,,,,,,,,,,,
34,,,,120079,,,,,,,,,,,,0.46207091212272644,0.04619913548231125,,0.7797248959541321,,3.495589017868042,,,,,,,,,,,,,
34,,,,120099,,,,,,,,,,,,0.46207091212272644,0.12070201337337494,,0.5332058072090149,,4.490358352661133,,,,,,,,,,,,,
34,,,,120119,,,,,,,,,,,,0.46207091212272644,0.0525222048163414,,0.8108316659927368,,3.479487419128418,,,,,,,,,,,,,
34,,,,120139,,,,,,,,,,,,0.46207091212272644,0.12235182523727417,,0.5367535352706909,,4.509930610656738,,,,,,,,,,,,,
34,,,,120159,,,,,,,,,,,,0.46207091212272644,0.11698153614997864,,0.5345885753631592,,4.453503608703613,,,,,,,,,,,,,
34,,,,120179,,,,,,,,,,,,0.46207091212272644,0.0845135897397995,,0.397905170917511,,3.288640022277832,,,,,,,,,,,,,
34,,,,120199,,,,,,,,,,,,0.46207091212272644,0.1138513833284378,,0.5434921979904175,,4.4506611824035645,,,,,,,,,,,,,
34,,,,120219,,,,,,,,,,,,0.46207091212272644,0.051570821553468704,,0.8830835223197937,,4.402105808258057,,,,,,,,,,,,,
34,,,,120239,,,,,,,,,,,,0.46207091212272644,0.11189967393875122,,0.6859036684036255,,4.407723426818848,,,,,,,,,,,,,
34,,,,120259,,,,,,,,,,,,0.46207091212272644,0.06292345374822617,,0.6562598943710327,,3.2713465690612793,,,,,,,,,,,,,
34,,,,120279,,,,,,,,,,,,0.46207091212272644,0.10454516857862473,,0.4015807509422302,,3.2665936946868896,,,,,,,,,,,,,
34,,,,120299,,,,,,,,,,,,0.46207091212272644,0.10334764420986176,,0.40720540285110474,,3.245299816131592,,,,,,,,,,,,,
34,,,,120319,,,,,,,,,,,,0.46207091212272644,0.11067883670330048,,0.4027531147003174,,3.215301513671875,,,,,,,,,,,,,
34,,,,120339,,,,,,,,,,,,0.46207091212272644,0.10797637701034546,,0.4100068211555481,,3.220709800720215,,,,,,,,,,,,,
34,,,,120359,,,,,,,,,,,,0.46207091212272644,0.10973262041807175,,0.39792531728744507,,3.163273811340332,,,,,,,,,,,,,
34,,,,120379,,,,,,,,,,,,0.46207091212272644,0.11224494129419327,,0.40040847659111023,,3.207913398742676,,,,,,,,,,,,,
34,,,,120399,,,,,,,,,,,,0.46207091212272644,0.10495792329311371,,0.5231841802597046,,4.455414772033691,,,,,,,,,,,,,
34,,,,120419,,,,,,,,,,,,0.46207091212272644,0.05742846801877022,,0.8582839369773865,,4.338382720947266,,,,,,,,,,,,,
34,,,,120439,,,,,,,,,,,,0.46207091212272644,0.10603941977024078,,0.40513381361961365,,3.218100070953369,,,,,,,,,,,,,
34,,,,120459,,,,,,,,,,,,0.46207091212272644,0.11429331451654434,,0.5529385805130005,,4.457052707672119,,,,,,,,,,,,,
34,,,,120479,,,,,,,,,,,,0.46207091212272644,0.061642926186323166,,0.8871026635169983,,4.436641693115234,,,,,,,,,,,,,
34,,,,120499,,,,,,,,,,,,0.46207091212272644,0.10959915071725845,,0.5238513946533203,,4.451678276062012,,,,,,,,,,,,,
34,,,,120519,,,,,,,,,,,,0.46207091212272644,0.12034359574317932,,0.5539336800575256,,4.3893938064575195,,,,,,,,,,,,,
34,,,,120539,,,,,,,,,,,,0.46207091212272644,0.06369128823280334,,0.6952159404754639,,3.3063836097717285,,,,,,,,,,,,,
34,,,,120559,,,,,,,,,,,,0.46207091212272644,0.10658659785985947,,0.5371522307395935,,4.393430709838867,,,,,,,,,,,,,
34,,,,120579,,,,,,,,,,,,0.46207091212272644,0.09192219376564026,,0.5123722553253174,,4.369722366333008,,,,,,,,,,,,,
34,,,,120599,,,,,,,,,,,,0.46207091212272644,0.10835948586463928,,0.5245702266693115,,4.410919189453125,,,,,,,,,,,,,
34,,,,120619,,,,,,,,,,,,0.46207091212272644,0.10082919150590897,,0.4134989380836487,,3.262148380279541,,,,,,,,,,,,,
34,,,,120639,,,,,,,,,,,,0.46207091212272644,0.10896246880292892,,0.40853482484817505,,3.283494472503662,,,,,,,,,,,,,
34,,,,120659,,,,,,,,,,,,0.46207091212272644,0.10503721982240677,,0.4000498652458191,,3.2139835357666016,,,,,,,,,,,,,
34,,,,120679,,,,,,,,,,,,0.46207091212272644,0.1109808087348938,,0.5208465456962585,,4.392744541168213,,,,,,,,,,,,,
34,,,,120699,,,,,,,,,,,,0.46207091212272644,0.10475898534059525,,0.5281485915184021,,4.372310638427734,,,,,,,,,,,,,
34,,,,120719,,,,,,,,,,,,0.46207091212272644,0.062237583100795746,,0.7286125421524048,,3.408186912536621,,,,,,,,,,,,,
34,,,,120739,,,,,,,,,,,,0.46207091212272644,0.10220824182033539,,0.5292345285415649,,4.4020209312438965,,,,,,,,,,,,,
34,,,,120759,,,,,,,,,,,,0.46207091212272644,0.09229308366775513,,0.5672050714492798,,3.2410800457000732,,,,,,,,,,,,,
34,,,,120779,,,,,,,,,,,,0.46207091212272644,0.05472339317202568,,0.8011795878410339,,3.5158944129943848,,,,,,,,,,,,,
34,,,,120799,,,,,,,,,,,,0.46207091212272644,0.057212524116039276,,0.8322191834449768,,4.406700611114502,,,,,,,,,,,,,
34,,,,120819,,,,,,,,,,,,0.46207091212272644,0.07417283952236176,,0.5451778769493103,,3.157778739929199,,,,,,,,,,,,,
34,,,,120839,,,,,,,,,,,,0.46207091212272644,0.11257109045982361,,0.39505672454833984,,3.1490933895111084,,,,,,,,,,,,,
34,,,,120859,,,,,,,,,,,,0.46207091212272644,0.10475406050682068,,0.39155256748199463,,3.145646572113037,,,,,,,,,,,,,
34,,,,120879,,,,,,,,,,,,0.46207091212272644,0.06937585771083832,,0.8192644119262695,,4.473294734954834,,,,,,,,,,,,,
34,,,,120899,,,,,,,,,,,,0.46207091212272644,0.0933653712272644,,0.5392962694168091,,4.500005722045898,,,,,,,,,,,,,
34,,,,120919,,,,,,,,,,,,0.46207091212272644,0.08294782042503357,,0.6095661520957947,,4.414973258972168,,,,,,,,,,,,,
34,,,,120939,,,,,,,,,,,,0.46207091212272644,0.09628650546073914,,0.4471795856952667,,3.2346010208129883,,,,,,,,,,,,,
34,,,,120959,,,,,,,,,,,,0.46207091212272644,0.08956274390220642,,0.4320436716079712,,3.2000887393951416,,,,,,,,,,,,,
34,,,,120979,,,,,,,,,,,,0.46207091212272644,0.0641917735338211,,0.5833214521408081,,3.2767038345336914,,,,,,,,,,,,,
34,,,,120999,,,,,,,,,,,,0.46207091212272644,0.05351734906435013,,0.8353546857833862,,3.3581655025482178,,,,,,,,,,,,,
34,,,,121019,,,,,,,,,,,,0.46207091212272644,0.09216317534446716,,0.4299541115760803,,3.2677841186523438,,,,,,,,,,,,,
34,,,,121039,,,,,,,,,,,,0.46207091212272644,0.07366056740283966,,0.8598901033401489,,4.4784650802612305,,,,,,,,,,,,,
34,,,,121059,,,,,,,,,,,,0.46207091212272644,0.09879409521818161,,0.5374763607978821,,4.415825843811035,,,,,,,,,,,,,
34,,,,121079,,,,,,,,,,,,0.46207091212272644,0.10084470361471176,,0.43440723419189453,,3.3029613494873047,,,,,,,,,,,,,
34,,,,121099,,,,,,,,,,,,0.46207091212272644,0.1049790233373642,,0.5336396098136902,,4.417640686035156,,,,,,,,,,,,,
34,,,,121119,,,,,,,,,,,,0.46207091212272644,0.05546015873551369,,0.9548031687736511,,4.053337574005127,,,,,,,,,,,,,
34,,,,121139,,,,,,,,,,,,0.46207091212272644,0.05432310700416565,,0.8292712569236755,,3.3738250732421875,,,,,,,,,,,,,
34,,,,121159,,,,,,,,,,,,0.46207091212272644,0.11084328591823578,,0.5292195081710815,,4.455277919769287,,,,,,,,,,,,,
34,,,,121179,,,,,,,,,,,,0.46207091212272644,0.06306549161672592,,0.7223467826843262,,4.5564117431640625,,,,,,,,,,,,,
34,,,,121199,,,,,,,,,,,,0.46207091212272644,0.11498309671878815,,0.40994441509246826,,3.2301406860351562,,,,,,,,,,,,,
34,,,,121219,,,,,,,,,,,,0.46207091212272644,0.10153089463710785,,0.5250843167304993,,4.407615661621094,,,,,,,,,,,,,
34,,,,121239,,,,,,,,,,,,0.46207091212272644,0.055786266922950745,,0.8929329514503479,,4.10456657409668,,,,,,,,,,,,,
34,,,,121259,,,,,,,,,,,,0.46207091212272644,0.10421780496835709,,0.5402157306671143,,4.492582321166992,,,,,,,,,,,,,
34,,,,121279,,,,,,,,,,,,0.46207091212272644,0.11283817142248154,,0.4066431522369385,,3.2429680824279785,,,,,,,,,,,,,
34,,,,121299,,,,,,,,,,,,0.46207091212272644,0.07514363527297974,,0.7154340147972107,,4.430751323699951,,,,,,,,,,,,,
34,,,,121319,,,,,,,,,,,,0.46207091212272644,0.04716768115758896,,0.9455573558807373,,4.148642539978027,,,,,,,,,,,,,
34,,,,121339,,,,,,,,,,,,0.46207091212272644,0.10683165490627289,,0.5265111923217773,,4.379693031311035,,,,,,,,,,,,,
34,,,,121359,,,,,,,,,,,,0.46207091212272644,0.05041205510497093,,0.9439802169799805,,3.7745683193206787,,,,,,,,,,,,,
34,,,,121379,,,,,,,,,,,,0.46207091212272644,0.052549466490745544,,0.7899059653282166,,4.395907878875732,,,,,,,,,,,,,
34,,,,121399,,,,,,,,,,,,0.46207091212272644,0.06957060843706131,,0.5521711111068726,,3.2604193687438965,,,,,,,,,,,,,
34,,,,121419,,,,,,,,,,,,0.46207091212272644,0.05904090404510498,,0.7827499508857727,,3.5373573303222656,,,,,,,,,,,,,
34,,,,121439,,,,,,,,,,,,0.46207091212272644,0.10046346485614777,,0.4468328356742859,,3.2569658756256104,,,,,,,,,,,,,
34,,,,121459,,,,,,,,,,,,0.46207091212272644,0.10991792380809784,,0.41227465867996216,,3.2561113834381104,,,,,,,,,,,,,
34,,,,121479,,,,,,,,,,,,0.46207091212272644,0.10961294174194336,,0.40086886286735535,,3.198377847671509,,,,,,,,,,,,,
34,,,,121499,,,,,,,,,,,,0.46207091212272644,0.05133163183927536,,0.96058189868927,,4.271346569061279,,,,,,,,,,,,,
34,,,,121519,,,,,,,,,,,,0.46207091212272644,0.11060015857219696,,0.42548054456710815,,3.269538402557373,,,,,,,,,,,,,
34,,,,121539,,,,,,,,,,,,0.46207091212272644,0.10711239278316498,,0.528946042060852,,4.445783615112305,,,,,,,,,,,,,
34,,,,121559,,,,,,,,,,,,0.46207091212272644,0.053201206028461456,,0.9985061287879944,,4.194663047790527,,,,,,,,,,,,,
34,,,,121579,,,,,,,,,,,,0.46207091212272644,0.10360322147607803,,0.522315263748169,,4.43648624420166,,,,,,,,,,,,,
34,,,,121599,,,,,,,,,,,,0.46207091212272644,0.05242461711168289,,0.8704285025596619,,4.25098991394043,,,,,,,,,,,,,
34,,,,121619,,,,,,,,,,,,0.46207091212272644,0.09818974882364273,,0.40162062644958496,,3.2578158378601074,,,,,,,,,,,,,
34,,,,121639,,,,,,,,,,,,0.46207091212272644,0.08402648568153381,,0.5446597933769226,,3.271214008331299,,,,,,,,,,,,,
34,,,,121659,,,,,,,,,,,,0.46207091212272644,0.11311215162277222,,0.43286651372909546,,3.27418851852417,,,,,,,,,,,,,
34,,,,121679,,,,,,,,,,,,0.46207091212272644,0.07822301238775253,,0.584892988204956,,3.2485525608062744,,,,,,,,,,,,,
34,,,,121699,,,,,,,,,,,,0.46207091212272644,0.045168716460466385,,0.8047526478767395,,3.401714563369751,,,,,,,,,,,,,
34,,,,121719,,,,,,,,,,,,0.46207091212272644,0.04633800685405731,,0.8614611625671387,,4.02437162399292,,,,,,,,,,,,,
34,,,,121739,,,,,,,,,,,,0.46207091212272644,0.0486946627497673,,0.7637024521827698,,3.359248161315918,,,,,,,,,,,,,
34,,,,121759,,,,,,,,,,,,0.46207091212272644,0.09565054625272751,,0.4527789354324341,,3.2491326332092285,,,,,,,,,,,,,
34,,,,121779,,,,,,,,,,,,0.46207091212272644,0.09885262697935104,,0.4677196145057678,,3.230808734893799,,,,,,,,,,,,,
34,,,,121799,,,,,,,,,,,,0.46207091212272644,0.06995762884616852,,0.5352338552474976,,3.2478723526000977,,,,,,,,,,,,,
34,,,,121819,,,,,,,,,,,,0.46207091212272644,0.07974594086408615,,0.6949809193611145,,4.510413646697998,,,,,,,,,,,,,
34,,,,121839,,,,,,,,,,,,0.46207091212272644,0.0796392634510994,,0.7202191352844238,,4.463190078735352,,,,,,,,,,,,,
34,,,,121859,,,,,,,,,,,,0.46207091212272644,0.10491718351840973,,0.5958577394485474,,4.436884880065918,,,,,,,,,,,,,
34,,,,121869,,,,,,,,,,,,,,,,,,0.7037715315818787,0.8450331091880798,0.7083888053894043,0.7114660739898682,0.581849217414856,0.714543342590332,0.6430050134658813,0.7441677451133728,0.7170034646987915,0.7602753043174744,0.7901957631111145,0.5906986594200134,0.7037715315818787
34,,,,121869,,,,,,,,,0.6155917644500732,0.08719120919704437,0.462065726518631,,,0.6019165515899658,,3.8434903621673584,,,,,,,,,,,,,,
,0.0001963525491562421,0.0001963525491562421,1.963525491562421e-05,121870,,,,,,,,,,,,,,,,,,,,,,,,,,,,,,
35,,,,121879,,,,,,,,,,,,0.46207091212272644,0.11635272949934006,,0.5358203649520874,,4.424145698547363,,,,,,,,,,,,,
35,,,,121899,,,,,,,,,,,,0.46207091212272644,0.07802976667881012,,0.5642778873443604,,3.25823712348938,,,,,,,,,,,,,
35,,,,121919,,,,,,,,,,,,0.46207091212272644,0.09906528145074844,,0.44266724586486816,,3.269664764404297,,,,,,,,,,,,,
35,,,,121939,,,,,,,,,,,,0.46207091212272644,0.10547848045825958,,0.4132746458053589,,3.2471442222595215,,,,,,,,,,,,,
35,,,,121959,,,,,,,,,,,,0.46207091212272644,0.0574965663254261,,0.9339484572410583,,4.294215202331543,,,,,,,,,,,,,
35,,,,121979,,,,,,,,,,,,0.46207091212272644,0.054469816386699677,,0.8553060293197632,,4.376559257507324,,,,,,,,,,,,,
35,,,,121999,,,,,,,,,,,,0.46207091212272644,0.053558941930532455,,0.6437535881996155,,3.2238783836364746,,,,,,,,,,,,,
35,,,,122019,,,,,,,,,,,,0.46207091212272644,0.050193071365356445,,0.8933404684066772,,3.9936282634735107,,,,,,,,,,,,,
35,,,,122039,,,,,,,,,,,,0.46207091212272644,0.11736032366752625,,0.5439384579658508,,4.469536304473877,,,,,,,,,,,,,
35,,,,122059,,,,,,,,,,,,0.46207091212272644,0.09415044635534286,,0.4214196801185608,,3.2834901809692383,,,,,,,,,,,,,
35,,,,122079,,,,,,,,,,,,0.46207091212272644,0.08440730720758438,,0.5043416619300842,,3.214493989944458,,,,,,,,,,,,,
35,,,,122099,,,,,,,,,,,,0.46207091212272644,0.05434627830982208,,0.83450847864151,,4.411122798919678,,,,,,,,,,,,,
35,,,,122119,,,,,,,,,,,,0.46207091212272644,0.07047302275896072,,0.5958541035652161,,3.244515895843506,,,,,,,,,,,,,
35,,,,122139,,,,,,,,,,,,0.46207091212272644,0.09392738342285156,,0.5746630430221558,,4.410196304321289,,,,,,,,,,,,,
35,,,,122159,,,,,,,,,,,,0.46207091212272644,0.09044648706912994,,0.52326500415802,,4.375986099243164,,,,,,,,,,,,,
35,,,,122179,,,,,,,,,,,,0.46207091212272644,0.06841616332530975,,0.5397450923919678,,3.233952045440674,,,,,,,,,,,,,
35,,,,122199,,,,,,,,,,,,0.46207091212272644,0.11154872179031372,,0.5322638750076294,,4.446937084197998,,,,,,,,,,,,,
35,,,,122219,,,,,,,,,,,,0.46207091212272644,0.04236970841884613,,0.821006178855896,,3.6223878860473633,,,,,,,,,,,,,
35,,,,122239,,,,,,,,,,,,0.46207091212272644,0.10964174568653107,,0.4052417278289795,,3.2322134971618652,,,,,,,,,,,,,
35,,,,122259,,,,,,,,,,,,0.46207091212272644,0.08141644299030304,,0.6694697141647339,,4.58394193649292,,,,,,,,,,,,,
35,,,,122279,,,,,,,,,,,,0.46207091212272644,0.10072006285190582,,0.5415608882904053,,4.3819756507873535,,,,,,,,,,,,,
35,,,,122299,,,,,,,,,,,,0.46207091212272644,0.05974636971950531,,0.7693390846252441,,3.3988351821899414,,,,,,,,,,,,,
35,,,,122319,,,,,,,,,,,,0.46207091212272644,0.06559251993894577,,0.810049295425415,,4.427505016326904,,,,,,,,,,,,,
35,,,,122339,,,,,,,,,,,,0.46207091212272644,0.0602252297103405,,0.8633233308792114,,4.486270427703857,,,,,,,,,,,,,
35,,,,122359,,,,,,,,,,,,0.46207091212272644,0.09192891418933868,,0.5238931179046631,,3.191923141479492,,,,,,,,,,,,,
35,,,,122379,,,,,,,,,,,,0.46207091212272644,0.10489314049482346,,0.5265780091285706,,4.460421085357666,,,,,,,,,,,,,
35,,,,122399,,,,,,,,,,,,0.46207091212272644,0.11234677582979202,,0.537979006767273,,4.54590368270874,,,,,,,,,,,,,
35,,,,122419,,,,,,,,,,,,0.46207091212272644,0.05516168475151062,,0.855209231376648,,4.145060062408447,,,,,,,,,,,,,
35,,,,122439,,,,,,,,,,,,0.46207091212272644,0.10807262361049652,,0.5307971835136414,,4.518100738525391,,,,,,,,,,,,,
35,,,,122459,,,,,,,,,,,,0.46207091212272644,0.075648732483387,,0.5565486550331116,,3.1731224060058594,,,,,,,,,,,,,
35,,,,122479,,,,,,,,,,,,0.46207091212272644,0.10986940562725067,,0.5434477925300598,,4.4389753341674805,,,,,,,,,,,,,
35,,,,122499,,,,,,,,,,,,0.46207091212272644,0.08130549639463425,,0.40184542536735535,,3.142648696899414,,,,,,,,,,,,,
35,,,,122519,,,,,,,,,,,,0.46207091212272644,0.05433730408549309,,0.8918215036392212,,4.366965293884277,,,,,,,,,,,,,
35,,,,122539,,,,,,,,,,,,0.46207091212272644,0.07897354662418365,,0.5331627130508423,,3.1184802055358887,,,,,,,,,,,,,
35,,,,122559,,,,,,,,,,,,0.46207091212272644,0.11270837485790253,,0.5586794018745422,,4.564825057983398,,,,,,,,,,,,,
35,,,,122579,,,,,,,,,,,,0.46207091212272644,0.11228043586015701,,0.5408155918121338,,4.39180850982666,,,,,,,,,,,,,
35,,,,122599,,,,,,,,,,,,0.46207091212272644,0.05478879436850548,,0.8100560903549194,,3.38480281829834,,,,,,,,,,,,,
35,,,,122619,,,,,,,,,,,,0.46207091212272644,0.10405969619750977,,0.5701119899749756,,4.449540138244629,,,,,,,,,,,,,
35,,,,122639,,,,,,,,,,,,0.46207091212272644,0.07452577352523804,,0.7512115836143494,,4.490173816680908,,,,,,,,,,,,,
35,,,,122659,,,,,,,,,,,,0.46207091212272644,0.05713159590959549,,0.8745654821395874,,4.428867340087891,,,,,,,,,,,,,
35,,,,122679,,,,,,,,,,,,0.46207091212272644,0.0646345317363739,,0.8465733528137207,,4.524534225463867,,,,,,,,,,,,,
35,,,,122699,,,,,,,,,,,,0.46207091212272644,0.10335509479045868,,0.5290549993515015,,4.512815952301025,,,,,,,,,,,,,
35,,,,122719,,,,,,,,,,,,0.46207091212272644,0.06269773095846176,,0.7011335492134094,,4.492000579833984,,,,,,,,,,,,,
35,,,,122739,,,,,,,,,,,,0.46207091212272644,0.052050184458494186,,0.7597989439964294,,3.2040295600891113,,,,,,,,,,,,,
35,,,,122759,,,,,,,,,,,,0.46207091212272644,0.05815731734037399,,0.8572694659233093,,3.7335562705993652,,,,,,,,,,,,,
35,,,,122779,,,,,,,,,,,,0.46207091212272644,0.10097214579582214,,0.4086664319038391,,3.2008590698242188,,,,,,,,,,,,,
35,,,,122799,,,,,,,,,,,,0.46207091212272644,0.05005578324198723,,0.9349150061607361,,3.9872288703918457,,,,,,,,,,,,,
35,,,,122819,,,,,,,,,,,,0.46207091212272644,0.10653523355722427,,0.5925427079200745,,4.4633331298828125,,,,,,,,,,,,,
35,,,,122839,,,,,,,,,,,,0.46207091212272644,0.07884125411510468,,0.531529426574707,,3.2094104290008545,,,,,,,,,,,,,
35,,,,122859,,,,,,,,,,,,0.46207091212272644,0.06398923695087433,,0.884936511516571,,4.150589942932129,,,,,,,,,,,,,
35,,,,122879,,,,,,,,,,,,0.46207091212272644,0.06114228069782257,,0.8364834785461426,,3.489421844482422,,,,,,,,,,,,,
35,,,,122899,,,,,,,,,,,,0.46207091212272644,0.09471866488456726,,0.6636735200881958,,3.263828754425049,,,,,,,,,,,,,
35,,,,122919,,,,,,,,,,,,0.46207091212272644,0.06379972398281097,,0.8839594721794128,,4.344736099243164,,,,,,,,,,,,,
35,,,,122939,,,,,,,,,,,,0.46207091212272644,0.04978128522634506,,0.7319236993789673,,3.1925458908081055,,,,,,,,,,,,,
35,,,,122959,,,,,,,,,,,,0.46207091212272644,0.1000264510512352,,0.3958427309989929,,3.2009925842285156,,,,,,,,,,,,,
35,,,,122979,,,,,,,,,,,,0.46207091212272644,0.05967611074447632,,0.6823813319206238,,3.1732780933380127,,,,,,,,,,,,,
35,,,,122999,,,,,,,,,,,,0.46207091212272644,0.05910145863890648,,0.6854557991027832,,3.1822290420532227,,,,,,,,,,,,,
35,,,,123019,,,,,,,,,,,,0.46207091212272644,0.11124518513679504,,0.40479740500450134,,3.174034357070923,,,,,,,,,,,,,
35,,,,123039,,,,,,,,,,,,0.46207091212272644,0.095384880900383,,0.5643018484115601,,4.449165344238281,,,,,,,,,,,,,
35,,,,123059,,,,,,,,,,,,0.46207091212272644,0.05935346335172653,,0.8318544626235962,,4.311144828796387,,,,,,,,,,,,,
35,,,,123079,,,,,,,,,,,,0.46207091212272644,0.08875444531440735,,0.5095489025115967,,3.2519617080688477,,,,,,,,,,,,,
35,,,,123099,,,,,,,,,,,,0.46207091212272644,0.10376198589801788,,0.42124515771865845,,3.246298313140869,,,,,,,,,,,,,
35,,,,123119,,,,,,,,,,,,0.46207091212272644,0.10068279504776001,,0.4080393612384796,,3.2486815452575684,,,,,,,,,,,,,
35,,,,123139,,,,,,,,,,,,0.46207091212272644,0.10288062691688538,,0.44936704635620117,,3.2391979694366455,,,,,,,,,,,,,
35,,,,123159,,,,,,,,,,,,0.46207091212272644,0.11837534606456757,,0.40447425842285156,,3.202883720397949,,,,,,,,,,,,,
35,,,,123179,,,,,,,,,,,,0.46207091212272644,0.10884777456521988,,0.49052587151527405,,3.2061965465545654,,,,,,,,,,,,,
35,,,,123199,,,,,,,,,,,,0.46207091212272644,0.09724969416856766,,0.5565398931503296,,4.5044403076171875,,,,,,,,,,,,,
35,,,,123219,,,,,,,,,,,,0.46207091212272644,0.06165225803852081,,0.8998875021934509,,3.891414165496826,,,,,,,,,,,,,
35,,,,123239,,,,,,,,,,,,0.46207091212272644,0.10345111787319183,,0.3954665958881378,,3.155266523361206,,,,,,,,,,,,,
35,,,,123259,,,,,,,,,,,,0.46207091212272644,0.05828482657670975,,0.8566461801528931,,4.602510929107666,,,,,,,,,,,,,
35,,,,123279,,,,,,,,,,,,0.46207091212272644,0.10616771876811981,,0.40506911277770996,,3.208186149597168,,,,,,,,,,,,,
35,,,,123299,,,,,,,,,,,,0.46207091212272644,0.11206435412168503,,0.562140703201294,,4.4879374504089355,,,,,,,,,,,,,
35,,,,123319,,,,,,,,,,,,0.46207091212272644,0.055110566318035126,,0.8977229595184326,,4.408803939819336,,,,,,,,,,,,,
35,,,,123339,,,,,,,,,,,,0.46207091212272644,0.12018592655658722,,0.5462210178375244,,4.498654365539551,,,,,,,,,,,,,
35,,,,123359,,,,,,,,,,,,0.46207091212272644,0.10106581449508667,,0.5194328427314758,,4.416582107543945,,,,,,,,,,,,,
35,,,,123379,,,,,,,,,,,,0.46207091212272644,0.08068249374628067,,0.6675779819488525,,4.376986026763916,,,,,,,,,,,,,
35,,,,123399,,,,,,,,,,,,0.46207091212272644,0.05831782519817352,,0.8169068694114685,,4.023353576660156,,,,,,,,,,,,,
35,,,,123419,,,,,,,,,,,,0.46207091212272644,0.046080462634563446,,0.7543231248855591,,3.3052756786346436,,,,,,,,,,,,,
35,,,,123439,,,,,,,,,,,,0.46207091212272644,0.07041926681995392,,0.7579372525215149,,4.393050193786621,,,,,,,,,,,,,
35,,,,123459,,,,,,,,,,,,0.46207091212272644,0.09981762617826462,,0.4936710596084595,,3.328500986099243,,,,,,,,,,,,,
35,,,,123479,,,,,,,,,,,,0.46207091212272644,0.094281867146492,,0.46881115436553955,,3.235013484954834,,,,,,,,,,,,,
35,,,,123499,,,,,,,,,,,,0.46207091212272644,0.05726758390665054,,0.7759496569633484,,3.311889171600342,,,,,,,,,,,,,
35,,,,123519,,,,,,,,,,,,0.46207091212272644,0.10560254752635956,,0.4073929786682129,,3.3033933639526367,,,,,,,,,,,,,
35,,,,123539,,,,,,,,,,,,0.46207091212272644,0.11840435117483139,,0.5231881141662598,,4.359835624694824,,,,,,,,,,,,,
35,,,,123559,,,,,,,,,,,,0.46207091212272644,0.08761289715766907,,0.4825388193130493,,3.204360008239746,,,,,,,,,,,,,
35,,,,123579,,,,,,,,,,,,0.46207091212272644,0.10236239433288574,,0.532422661781311,,4.396745204925537,,,,,,,,,,,,,
35,,,,123599,,,,,,,,,,,,0.46207091212272644,0.1039954200387001,,0.5291075706481934,,4.402561187744141,,,,,,,,,,,,,
35,,,,123619,,,,,,,,,,,,0.46207091212272644,0.06420210748910904,,0.7746946811676025,,3.3118579387664795,,,,,,,,,,,,,
35,,,,123639,,,,,,,,,,,,0.46207091212272644,0.08884297311306,,0.4054293930530548,,3.240805149078369,,,,,,,,,,,,,
35,,,,123659,,,,,,,,,,,,0.46207091212272644,0.09993209689855576,,0.6087570190429688,,4.448448181152344,,,,,,,,,,,,,
35,,,,123679,,,,,,,,,,,,0.46207091212272644,0.1100606843829155,,0.4011770188808441,,3.187873363494873,,,,,,,,,,,,,
35,,,,123699,,,,,,,,,,,,0.46207091212272644,0.10515701770782471,,0.39858973026275635,,3.173321485519409,,,,,,,,,,,,,
35,,,,123719,,,,,,,,,,,,0.46207091212272644,0.054762400686740875,,0.8783766627311707,,4.02336311340332,,,,,,,,,,,,,
35,,,,123739,,,,,,,,,,,,0.46207091212272644,0.10392703115940094,,0.3838215470314026,,3.1065192222595215,,,,,,,,,,,,,
35,,,,123759,,,,,,,,,,,,0.46207091212272644,0.056900739669799805,,0.6122251749038696,,3.082439422607422,,,,,,,,,,,,,
35,,,,123779,,,,,,,,,,,,0.46207091212272644,0.06507305800914764,,0.9089555740356445,,4.054441928863525,,,,,,,,,,,,,
35,,,,123799,,,,,,,,,,,,0.46207091212272644,0.11150883883237839,,0.3958858549594879,,3.0821142196655273,,,,,,,,,,,,,
35,,,,123819,,,,,,,,,,,,0.46207091212272644,0.07754077762365341,,0.5591126084327698,,3.0694375038146973,,,,,,,,,,,,,
35,,,,123839,,,,,,,,,,,,0.46207091212272644,0.10729962587356567,,0.39204666018486023,,3.127100944519043,,,,,,,,,,,,,
35,,,,123859,,,,,,,,,,,,0.46207091212272644,0.056333065032958984,,0.8778625130653381,,3.608654499053955,,,,,,,,,,,,,
35,,,,123879,,,,,,,,,,,,0.46207091212272644,0.07086214423179626,,0.5947687029838562,,3.199563980102539,,,,,,,,,,,,,
35,,,,123899,,,,,,,,,,,,0.46207091212272644,0.1101251095533371,,0.5274574756622314,,4.465917110443115,,,,,,,,,,,,,
35,,,,123919,,,,,,,,,,,,0.46207091212272644,0.10315071046352386,,0.5167770385742188,,4.408904552459717,,,,,,,,,,,,,
35,,,,123939,,,,,,,,,,,,0.46207091212272644,0.10396541655063629,,0.40481889247894287,,3.3000221252441406,,,,,,,,,,,,,
35,,,,123959,,,,,,,,,,,,0.46207091212272644,0.04815974086523056,,0.8508602976799011,,3.582568645477295,,,,,,,,,,,,,
35,,,,123979,,,,,,,,,,,,0.46207091212272644,0.08760638535022736,,0.587967038154602,,4.424915790557861,,,,,,,,,,,,,
35,,,,123999,,,,,,,,,,,,0.46207091212272644,0.10907337069511414,,0.5220619440078735,,4.410981178283691,,,,,,,,,,,,,
35,,,,124019,,,,,,,,,,,,0.46207091212272644,0.060425158590078354,,0.8770468235015869,,4.028674125671387,,,,,,,,,,,,,
35,,,,124039,,,,,,,,,,,,0.46207091212272644,0.1014198362827301,,0.6646496057510376,,4.514915466308594,,,,,,,,,,,,,
35,,,,124059,,,,,,,,,,,,0.46207091212272644,0.0627480149269104,,0.6087411046028137,,3.065687894821167,,,,,,,,,,,,,
35,,,,124079,,,,,,,,,,,,0.46207091212272644,0.11374673992395401,,0.5324311852455139,,4.52398681640625,,,,,,,,,,,,,
35,,,,124099,,,,,,,,,,,,0.46207091212272644,0.06645313650369644,,0.5421240329742432,,3.1283557415008545,,,,,,,,,,,,,
35,,,,124119,,,,,,,,,,,,0.46207091212272644,0.1089058518409729,,0.5297098159790039,,4.512534141540527,,,,,,,,,,,,,
35,,,,124139,,,,,,,,,,,,0.46207091212272644,0.053024448454380035,,0.8135550022125244,,4.496895790100098,,,,,,,,,,,,,
35,,,,124159,,,,,,,,,,,,0.46207091212272644,0.055611491203308105,,0.8048339486122131,,3.4276504516601562,,,,,,,,,,,,,
35,,,,124179,,,,,,,,,,,,0.46207091212272644,0.10569308698177338,,0.3990132808685303,,3.218440055847168,,,,,,,,,,,,,
35,,,,124199,,,,,,,,,,,,0.46207091212272644,0.053086698055267334,,0.7412738800048828,,3.3314452171325684,,,,,,,,,,,,,
35,,,,124219,,,,,,,,,,,,0.46207091212272644,0.041116248816251755,,0.9679501056671143,,4.088839054107666,,,,,,,,,,,,,
35,,,,124239,,,,,,,,,,,,0.46207091212272644,0.06697320938110352,,0.6088098883628845,,3.201104164123535,,,,,,,,,,,,,
35,,,,124259,,,,,,,,,,,,0.46207091212272644,0.10365182161331177,,0.4293197989463806,,3.2723989486694336,,,,,,,,,,,,,
35,,,,124279,,,,,,,,,,,,0.46207091212272644,0.105497345328331,,0.41086357831954956,,3.3432350158691406,,,,,,,,,,,,,
35,,,,124299,,,,,,,,,,,,0.46207091212272644,0.06922050565481186,,0.8518339395523071,,4.343296527862549,,,,,,,,,,,,,
35,,,,124319,,,,,,,,,,,,0.46207091212272644,0.09630318731069565,,0.4047471582889557,,3.2775371074676514,,,,,,,,,,,,,
35,,,,124339,,,,,,,,,,,,0.46207091212272644,0.10929332673549652,,0.4276391565799713,,3.30830717086792,,,,,,,,,,,,,
35,,,,124359,,,,,,,,,,,,0.46207091212272644,0.09600549936294556,,0.6316647529602051,,4.367314338684082,,,,,,,,,,,,,
35,,,,124379,,,,,,,,,,,,0.46207091212272644,0.05734733119606972,,0.9501680135726929,,4.448362350463867,,,,,,,,,,,,,
35,,,,124399,,,,,,,,,,,,0.46207091212272644,0.11547520756721497,,0.401481032371521,,3.196315288543701,,,,,,,,,,,,,
35,,,,124419,,,,,,,,,,,,0.46207091212272644,0.09971503913402557,,0.5285131335258484,,4.507354736328125,,,,,,,,,,,,,
35,,,,124439,,,,,,,,,,,,0.46207091212272644,0.11558358371257782,,0.5353685021400452,,4.487726211547852,,,,,,,,,,,,,
35,,,,124459,,,,,,,,,,,,0.46207091212272644,0.09767237305641174,,0.504167914390564,,4.334787845611572,,,,,,,,,,,,,
35,,,,124479,,,,,,,,,,,,0.46207091212272644,0.10677830874919891,,0.519456684589386,,4.401209831237793,,,,,,,,,,,,,
35,,,,124499,,,,,,,,,,,,0.46207091212272644,0.06926784664392471,,0.8089278340339661,,4.46027135848999,,,,,,,,,,,,,
35,,,,124519,,,,,,,,,,,,0.46207091212272644,0.10109066218137741,,0.5815295577049255,,4.429357528686523,,,,,,,,,,,,,
35,,,,124539,,,,,,,,,,,,0.46207091212272644,0.060563281178474426,,0.9238017797470093,,3.759701728820801,,,,,,,,,,,,,
35,,,,124559,,,,,,,,,,,,0.46207091212272644,0.105117067694664,,0.4076659083366394,,3.2382800579071045,,,,,,,,,,,,,
35,,,,124579,,,,,,,,,,,,0.46207091212272644,0.10161695629358292,,0.40965333580970764,,3.190322160720825,,,,,,,,,,,,,
35,,,,124599,,,,,,,,,,,,0.46207091212272644,0.05340434983372688,,0.8565145134925842,,3.969233989715576,,,,,,,,,,,,,
35,,,,124619,,,,,,,,,,,,0.46207091212272644,0.08988252282142639,,0.4225771129131317,,3.082667827606201,,,,,,,,,,,,,
35,,,,124639,,,,,,,,,,,,0.46207091212272644,0.10626189410686493,,0.39442160725593567,,3.1441450119018555,,,,,,,,,,,,,
35,,,,124659,,,,,,,,,,,,0.46207091212272644,0.10712133347988129,,0.41119682788848877,,3.155747413635254,,,,,,,,,,,,,
35,,,,124679,,,,,,,,,,,,0.46207091212272644,0.1057204157114029,,0.39419522881507874,,3.1634011268615723,,,,,,,,,,,,,
35,,,,124699,,,,,,,,,,,,0.46207091212272644,0.10046829283237457,,0.5380351543426514,,4.517839431762695,,,,,,,,,,,,,
35,,,,124719,,,,,,,,,,,,0.46207091212272644,0.11108170449733734,,0.40656787157058716,,3.2008213996887207,,,,,,,,,,,,,
35,,,,124739,,,,,,,,,,,,0.46207091212272644,0.08758340030908585,,0.6126232743263245,,4.5729570388793945,,,,,,,,,,,,,
35,,,,124759,,,,,,,,,,,,0.46207091212272644,0.10471998155117035,,0.5452710390090942,,4.4798431396484375,,,,,,,,,,,,,
35,,,,124779,,,,,,,,,,,,0.46207091212272644,0.10354328900575638,,0.5214924812316895,,4.40275239944458,,,,,,,,,,,,,
35,,,,124799,,,,,,,,,,,,0.46207091212272644,0.04523016884922981,,0.9266777038574219,,4.123298645019531,,,,,,,,,,,,,
35,,,,124819,,,,,,,,,,,,0.46207091212272644,0.0784044861793518,,0.5589696168899536,,3.2067980766296387,,,,,,,,,,,,,
35,,,,124839,,,,,,,,,,,,0.46207091212272644,0.07000239193439484,,0.820038378238678,,4.5465779304504395,,,,,,,,,,,,,
35,,,,124859,,,,,,,,,,,,0.46207091212272644,0.09193200618028641,,0.624769926071167,,4.5479536056518555,,,,,,,,,,,,,
35,,,,124879,,,,,,,,,,,,0.46207091212272644,0.11665686964988708,,0.5258501172065735,,4.413963317871094,,,,,,,,,,,,,
35,,,,124899,,,,,,,,,,,,0.46207091212272644,0.06387488543987274,,0.7345660328865051,,4.4766411781311035,,,,,,,,,,,,,
35,,,,124919,,,,,,,,,,,,0.46207091212272644,0.048541732132434845,,0.7793451547622681,,3.3636858463287354,,,,,,,,,,,,,
35,,,,124939,,,,,,,,,,,,0.46207091212272644,0.10760229080915451,,0.5172434449195862,,4.3870344161987305,,,,,,,,,,,,,
35,,,,124959,,,,,,,,,,,,0.46207091212272644,0.10602004826068878,,0.4418349266052246,,3.3353681564331055,,,,,,,,,,,,,
35,,,,124979,,,,,,,,,,,,0.46207091212272644,0.06499703228473663,,0.795682430267334,,4.327634811401367,,,,,,,,,,,,,
35,,,,124999,,,,,,,,,,,,0.46207091212272644,0.053906895220279694,,0.9970225095748901,,4.013308048248291,,,,,,,,,,,,,
35,,,,125019,,,,,,,,,,,,0.46207091212272644,0.11461539566516876,,0.5291953682899475,,4.403836727142334,,,,,,,,,,,,,
35,,,,125039,,,,,,,,,,,,0.46207091212272644,0.11576537787914276,,0.5183571577072144,,4.374974727630615,,,,,,,,,,,,,
35,,,,125059,,,,,,,,,,,,0.46207091212272644,0.06112885847687721,,0.7431145310401917,,4.4516448974609375,,,,,,,,,,,,,
35,,,,125079,,,,,,,,,,,,0.46207091212272644,0.10747581720352173,,0.517596960067749,,4.391860008239746,,,,,,,,,,,,,
35,,,,125099,,,,,,,,,,,,0.46207091212272644,0.061317697167396545,,0.6443963646888733,,3.2652578353881836,,,,,,,,,,,,,
35,,,,125119,,,,,,,,,,,,0.46207091212272644,0.0985119640827179,,0.4069889187812805,,3.282402515411377,,,,,,,,,,,,,
35,,,,125139,,,,,,,,,,,,0.46207091212272644,0.12006406486034393,,0.4140428900718689,,3.2547731399536133,,,,,,,,,,,,,
35,,,,125159,,,,,,,,,,,,0.46207091212272644,0.10199092328548431,,0.41485536098480225,,3.247957706451416,,,,,,,,,,,,,
35,,,,125179,,,,,,,,,,,,0.46207091212272644,0.11011606454849243,,0.5430514812469482,,4.404939651489258,,,,,,,,,,,,,
35,,,,125199,,,,,,,,,,,,0.46207091212272644,0.11680474877357483,,0.4065466523170471,,3.2069292068481445,,,,,,,,,,,,,
35,,,,125219,,,,,,,,,,,,0.46207091212272644,0.10786035656929016,,0.39648520946502686,,3.1723570823669434,,,,,,,,,,,,,
35,,,,125239,,,,,,,,,,,,0.46207091212272644,0.11254191398620605,,0.5470296740531921,,4.454805374145508,,,,,,,,,,,,,
35,,,,125259,,,,,,,,,,,,0.46207091212272644,0.061487749218940735,,0.795920193195343,,4.520764350891113,,,,,,,,,,,,,
35,,,,125279,,,,,,,,,,,,0.46207091212272644,0.11697619408369064,,0.5480582118034363,,4.426351547241211,,,,,,,,,,,,,
35,,,,125299,,,,,,,,,,,,0.46207091212272644,0.11579577624797821,,0.5254034399986267,,4.415853023529053,,,,,,,,,,,,,
35,,,,125319,,,,,,,,,,,,0.46207091212272644,0.11007046699523926,,0.5243354439735413,,4.388489246368408,,,,,,,,,,,,,
35,,,,125339,,,,,,,,,,,,0.46207091212272644,0.09657610207796097,,0.5332002639770508,,4.30858039855957,,,,,,,,,,,,,
35,,,,125351,,,,,,,,,,,,,,,,,,0.7044918537139893,0.8440706133842468,0.7066017985343933,0.7082178592681885,0.5826089978218079,0.7098339796066284,0.6436151266098022,0.7436948418617249,0.6869896054267883,0.7888491153717041,0.8071634769439697,0.5563337802886963,0.7044918537139893
35,,,,125351,,,,,,,,,0.6216650009155273,0.08703984320163727,0.462065726518631,,,0.6006816029548645,,3.828054666519165,,,,,,,,,,,,,,
,0.00019033797309228983,0.00019033797309228983,1.9033797309228984e-05,125352,,,,,,,,,,,,,,,,,,,,,,,,,,,,,,
36,,,,125359,,,,,,,,,,,,0.46207091212272644,0.09884296357631683,,0.5234428644180298,,4.3763885498046875,,,,,,,,,,,,,
36,,,,125379,,,,,,,,,,,,0.46207091212272644,0.11427399516105652,,0.5273237228393555,,4.405823707580566,,,,,,,,,,,,,
36,,,,125399,,,,,,,,,,,,0.46207091212272644,0.10606610029935837,,0.4021659791469574,,3.260465383529663,,,,,,,,,,,,,
36,,,,125419,,,,,,,,,,,,0.46207091212272644,0.07995939254760742,,0.6626991033554077,,4.501800537109375,,,,,,,,,,,,,
36,,,,125439,,,,,,,,,,,,0.46207091212272644,0.10988369584083557,,0.5228268504142761,,4.425284385681152,,,,,,,,,,,,,
36,,,,125459,,,,,,,,,,,,0.46207091212272644,0.11746539920568466,,0.5337595343589783,,4.386993885040283,,,,,,,,,,,,,
36,,,,125479,,,,,,,,,,,,0.46207091212272644,0.07672011107206345,,0.5223360061645508,,3.1852593421936035,,,,,,,,,,,,,
36,,,,125499,,,,,,,,,,,,0.46207091212272644,0.07329074293375015,,0.6957616806030273,,4.46779727935791,,,,,,,,,,,,,
36,,,,125519,,,,,,,,,,,,0.46207091212272644,0.11693684011697769,,0.5357601046562195,,4.460260391235352,,,,,,,,,,,,,
36,,,,125539,,,,,,,,,,,,0.46207091212272644,0.11299575865268707,,0.5230063199996948,,4.429129600524902,,,,,,,,,,,,,
36,,,,125559,,,,,,,,,,,,0.46207091212272644,0.11501197516918182,,0.5302139520645142,,4.416777610778809,,,,,,,,,,,,,
36,,,,125579,,,,,,,,,,,,0.46207091212272644,0.09089319407939911,,0.5417715311050415,,3.204932928085327,,,,,,,,,,,,,
36,,,,125599,,,,,,,,,,,,0.46207091212272644,0.08255786448717117,,0.48233845829963684,,3.2009263038635254,,,,,,,,,,,,,
36,,,,125619,,,,,,,,,,,,0.46207091212272644,0.12247848510742188,,0.4098983705043793,,3.2080397605895996,,,,,,,,,,,,,
36,,,,125639,,,,,,,,,,,,0.46207091212272644,0.09791213274002075,,0.4768112897872925,,3.1431493759155273,,,,,,,,,,,,,
36,,,,125659,,,,,,,,,,,,0.46207091212272644,0.10897958278656006,,0.5324738621711731,,4.445619583129883,,,,,,,,,,,,,
36,,,,125679,,,,,,,,,,,,0.46207091212272644,0.08711422979831696,,0.6407313346862793,,4.4430766105651855,,,,,,,,,,,,,
36,,,,125699,,,,,,,,,,,,0.46207091212272644,0.04642803221940994,,0.977165699005127,,4.288622856140137,,,,,,,,,,,,,
36,,,,125719,,,,,,,,,,,,0.46207091212272644,0.10405575484037399,,0.5318451523780823,,4.478885173797607,,,,,,,,,,,,,
36,,,,125739,,,,,,,,,,,,0.46207091212272644,0.0979173481464386,,0.44900983572006226,,3.24276065826416,,,,,,,,,,,,,
36,,,,125759,,,,,,,,,,,,0.46207091212272644,0.053441137075424194,,0.9317059516906738,,4.029892444610596,,,,,,,,,,,,,
36,,,,125779,,,,,,,,,,,,0.46207091212272644,0.11219282448291779,,0.4052902162075043,,3.2279670238494873,,,,,,,,,,,,,
36,,,,125799,,,,,,,,,,,,0.46207091212272644,0.10299931466579437,,0.5863841772079468,,4.450199127197266,,,,,,,,,,,,,
36,,,,125819,,,,,,,,,,,,0.46207091212272644,0.10745908319950104,,0.40558087825775146,,3.2511329650878906,,,,,,,,,,,,,
36,,,,125839,,,,,,,,,,,,0.46207091212272644,0.06191173940896988,,0.8110891580581665,,4.388010025024414,,,,,,,,,,,,,
36,,,,125859,,,,,,,,,,,,0.46207091212272644,0.0685361996293068,,0.7948258519172668,,3.443575382232666,,,,,,,,,,,,,
36,,,,125879,,,,,,,,,,,,0.46207091212272644,0.06383682787418365,,0.8359630703926086,,4.275994777679443,,,,,,,,,,,,,
36,,,,125899,,,,,,,,,,,,0.46207091212272644,0.072879359126091,,0.765304446220398,,4.394261360168457,,,,,,,,,,,,,
36,,,,125919,,,,,,,,,,,,0.46207091212272644,0.1216176450252533,,0.44031235575675964,,3.403012275695801,,,,,,,,,,,,,
36,,,,125939,,,,,,,,,,,,0.46207091212272644,0.05806967616081238,,0.7180164456367493,,3.3806118965148926,,,,,,,,,,,,,
36,,,,125959,,,,,,,,,,,,0.46207091212272644,0.05415061116218567,,0.6615660190582275,,3.2857561111450195,,,,,,,,,,,,,
36,,,,125979,,,,,,,,,,,,0.46207091212272644,0.05811552703380585,,0.6608982682228088,,3.3102972507476807,,,,,,,,,,,,,
36,,,,125999,,,,,,,,,,,,0.46207091212272644,0.11596415936946869,,0.5656480193138123,,4.417232513427734,,,,,,,,,,,,,
36,,,,126019,,,,,,,,,,,,0.46207091212272644,0.10530266910791397,,0.4031124413013458,,3.230473041534424,,,,,,,,,,,,,
36,,,,126039,,,,,,,,,,,,0.46207091212272644,0.11822536587715149,,0.546792209148407,,4.545258522033691,,,,,,,,,,,,,
36,,,,126059,,,,,,,,,,,,0.46207091212272644,0.05335651710629463,,0.7574888467788696,,3.1480743885040283,,,,,,,,,,,,,
36,,,,126079,,,,,,,,,,,,0.46207091212272644,0.0663425624370575,,0.6442831158638,,3.115858316421509,,,,,,,,,,,,,
36,,,,126099,,,,,,,,,,,,0.46207091212272644,0.09669506549835205,,0.5312218070030212,,4.507160186767578,,,,,,,,,,,,,
36,,,,126119,,,,,,,,,,,,0.46207091212272644,0.0946536585688591,,0.45055723190307617,,3.167433023452759,,,,,,,,,,,,,
36,,,,126139,,,,,,,,,,,,0.46207091212272644,0.08696991205215454,,0.5855354070663452,,4.471136093139648,,,,,,,,,,,,,
36,,,,126159,,,,,,,,,,,,0.46207091212272644,0.06860172003507614,,0.6184701323509216,,3.1292479038238525,,,,,,,,,,,,,
36,,,,126179,,,,,,,,,,,,0.46207091212272644,0.07386402040719986,,0.5240960717201233,,3.145336866378784,,,,,,,,,,,,,
36,,,,126199,,,,,,,,,,,,0.46207091212272644,0.058383338153362274,,0.6748246550559998,,3.1527178287506104,,,,,,,,,,,,,
36,,,,126219,,,,,,,,,,,,0.46207091212272644,0.10829134285449982,,0.536449670791626,,4.589101791381836,,,,,,,,,,,,,
36,,,,126239,,,,,,,,,,,,0.46207091212272644,0.11284740269184113,,0.4068981409072876,,3.1524763107299805,,,,,,,,,,,,,
36,,,,126259,,,,,,,,,,,,0.46207091212272644,0.10475161671638489,,0.40132641792297363,,3.153663396835327,,,,,,,,,,,,,
36,,,,126279,,,,,,,,,,,,0.46207091212272644,0.11118588596582413,,0.4000736176967621,,3.175086259841919,,,,,,,,,,,,,
36,,,,126299,,,,,,,,,,,,0.46207091212272644,0.09093914926052094,,0.4847450256347656,,3.198824405670166,,,,,,,,,,,,,
36,,,,126319,,,,,,,,,,,,0.46207091212272644,0.05395447090268135,,0.861707866191864,,4.4637274742126465,,,,,,,,,,,,,
36,,,,126339,,,,,,,,,,,,0.46207091212272644,0.04640206694602966,,0.9068008065223694,,4.367950916290283,,,,,,,,,,,,,
36,,,,126359,,,,,,,,,,,,0.46207091212272644,0.10634017735719681,,0.5496288537979126,,4.486675262451172,,,,,,,,,,,,,
36,,,,126379,,,,,,,,,,,,0.46207091212272644,0.11360470205545425,,0.5402719974517822,,4.5027570724487305,,,,,,,,,,,,,
36,,,,126399,,,,,,,,,,,,0.46207091212272644,0.10927264392375946,,0.39904844760894775,,3.208763599395752,,,,,,,,,,,,,
36,,,,126419,,,,,,,,,,,,0.46207091212272644,0.09854310005903244,,0.6217455267906189,,4.53626012802124,,,,,,,,,,,,,
36,,,,126439,,,,,,,,,,,,0.46207091212272644,0.11474677920341492,,0.39578133821487427,,3.1177642345428467,,,,,,,,,,,,,
36,,,,126459,,,,,,,,,,,,0.46207091212272644,0.1201459988951683,,0.401682585477829,,3.13247013092041,,,,,,,,,,,,,
36,,,,126479,,,,,,,,,,,,0.46207091212272644,0.10783267021179199,,0.5412218570709229,,4.527594566345215,,,,,,,,,,,,,
36,,,,126499,,,,,,,,,,,,0.46207091212272644,0.06537877023220062,,0.7003534436225891,,3.0931334495544434,,,,,,,,,,,,,
36,,,,126519,,,,,,,,,,,,0.46207091212272644,0.09696565568447113,,0.39152562618255615,,3.106656312942505,,,,,,,,,,,,,
36,,,,126539,,,,,,,,,,,,0.46207091212272644,0.11202351748943329,,0.5354907512664795,,4.496143341064453,,,,,,,,,,,,,
36,,,,126559,,,,,,,,,,,,0.46207091212272644,0.08157291263341904,,0.4878319501876831,,3.1981894969940186,,,,,,,,,,,,,
36,,,,126579,,,,,,,,,,,,0.46207091212272644,0.08164288848638535,,0.6252250671386719,,3.236372947692871,,,,,,,,,,,,,
36,,,,126599,,,,,,,,,,,,0.46207091212272644,0.07770991325378418,,0.7064746022224426,,4.510353088378906,,,,,,,,,,,,,
36,,,,126619,,,,,,,,,,,,0.46207091212272644,0.08829736709594727,,0.4032430350780487,,3.173964023590088,,,,,,,,,,,,,
36,,,,126639,,,,,,,,,,,,0.46207091212272644,0.10301685333251953,,0.5447389483451843,,4.534723281860352,,,,,,,,,,,,,
36,,,,126659,,,,,,,,,,,,0.46207091212272644,0.07569097727537155,,0.5581179857254028,,3.1573588848114014,,,,,,,,,,,,,
36,,,,126679,,,,,,,,,,,,0.46207091212272644,0.062474124133586884,,0.8689064979553223,,4.492786884307861,,,,,,,,,,,,,
36,,,,126699,,,,,,,,,,,,0.46207091212272644,0.1089937835931778,,0.5273891687393188,,4.4306111335754395,,,,,,,,,,,,,
36,,,,126719,,,,,,,,,,,,0.46207091212272644,0.05886896327137947,,0.8465358018875122,,4.075968265533447,,,,,,,,,,,,,
36,,,,126739,,,,,,,,,,,,0.46207091212272644,0.10754808783531189,,0.5303672552108765,,4.441483974456787,,,,,,,,,,,,,
36,,,,126759,,,,,,,,,,,,0.46207091212272644,0.10639393329620361,,0.4064437448978424,,3.2560923099517822,,,,,,,,,,,,,
36,,,,126779,,,,,,,,,,,,0.46207091212272644,0.09402850270271301,,0.6827746629714966,,4.383979320526123,,,,,,,,,,,,,
36,,,,126799,,,,,,,,,,,,0.46207091212272644,0.10727716982364655,,0.5945075154304504,,4.420291900634766,,,,,,,,,,,,,
36,,,,126819,,,,,,,,,,,,0.46207091212272644,0.0668042004108429,,0.4964389204978943,,3.2468063831329346,,,,,,,,,,,,,
36,,,,126839,,,,,,,,,,,,0.46207091212272644,0.10125210881233215,,0.4108954668045044,,3.1987643241882324,,,,,,,,,,,,,
36,,,,126859,,,,,,,,,,,,0.46207091212272644,0.1123245507478714,,0.42122796177864075,,3.1687421798706055,,,,,,,,,,,,,
36,,,,126879,,,,,,,,,,,,0.46207091212272644,0.11293648183345795,,0.5365809202194214,,4.465325355529785,,,,,,,,,,,,,
36,,,,126899,,,,,,,,,,,,0.46207091212272644,0.05076928809285164,,0.7445914149284363,,3.214158058166504,,,,,,,,,,,,,
36,,,,126919,,,,,,,,,,,,0.46207091212272644,0.11565639078617096,,0.4085988998413086,,3.171037197113037,,,,,,,,,,,,,
36,,,,126939,,,,,,,,,,,,0.46207091212272644,0.10586385428905487,,0.39834174513816833,,3.115499496459961,,,,,,,,,,,,,
36,,,,126959,,,,,,,,,,,,0.46207091212272644,0.11321616172790527,,0.5478763580322266,,4.621914863586426,,,,,,,,,,,,,
36,,,,126979,,,,,,,,,,,,0.46207091212272644,0.09238885343074799,,0.4476426839828491,,3.12967586517334,,,,,,,,,,,,,
36,,,,126999,,,,,,,,,,,,0.46207091212272644,0.05362845957279205,,0.8893371820449829,,4.469016075134277,,,,,,,,,,,,,
36,,,,127019,,,,,,,,,,,,0.46207091212272644,0.055562496185302734,,0.8744909167289734,,3.6228644847869873,,,,,,,,,,,,,
36,,,,127039,,,,,,,,,,,,0.46207091212272644,0.05689548701047897,,0.9272133708000183,,4.360097408294678,,,,,,,,,,,,,
36,,,,127059,,,,,,,,,,,,0.46207091212272644,0.05642084777355194,,0.7585927844047546,,3.25778865814209,,,,,,,,,,,,,
36,,,,127079,,,,,,,,,,,,0.46207091212272644,0.05867471545934677,,0.6304514408111572,,3.12241530418396,,,,,,,,,,,,,
36,,,,127099,,,,,,,,,,,,0.46207091212272644,0.10193786025047302,,0.5751299858093262,,4.521178245544434,,,,,,,,,,,,,
36,,,,127119,,,,,,,,,,,,0.46207091212272644,0.10436175018548965,,0.44122380018234253,,3.183627128601074,,,,,,,,,,,,,
36,,,,127139,,,,,,,,,,,,0.46207091212272644,0.07711116969585419,,0.7738548517227173,,4.447195053100586,,,,,,,,,,,,,
36,,,,127159,,,,,,,,,,,,0.46207091212272644,0.09991705417633057,,0.6211763620376587,,4.45841121673584,,,,,,,,,,,,,
36,,,,127179,,,,,,,,,,,,0.46207091212272644,0.06094351410865784,,0.7035398483276367,,4.393214225769043,,,,,,,,,,,,,
36,,,,127199,,,,,,,,,,,,0.46207091212272644,0.0982750803232193,,0.6017203330993652,,4.383660316467285,,,,,,,,,,,,,
36,,,,127219,,,,,,,,,,,,0.46207091212272644,0.10209119319915771,,0.521972119808197,,4.449073791503906,,,,,,,,,,,,,
36,,,,127239,,,,,,,,,,,,0.46207091212272644,0.06077376753091812,,0.6029272079467773,,3.1809604167938232,,,,,,,,,,,,,
36,,,,127259,,,,,,,,,,,,0.46207091212272644,0.09670251607894897,,0.535957932472229,,4.454774856567383,,,,,,,,,,,,,
36,,,,127279,,,,,,,,,,,,0.46207091212272644,0.1061796173453331,,0.41969022154808044,,3.204291820526123,,,,,,,,,,,,,
36,,,,127299,,,,,,,,,,,,0.46207091212272644,0.07933993637561798,,0.5698230266571045,,4.4526872634887695,,,,,,,,,,,,,
36,,,,127319,,,,,,,,,,,,0.46207091212272644,0.0833272784948349,,0.4090997874736786,,3.2410523891448975,,,,,,,,,,,,,
36,,,,127339,,,,,,,,,,,,0.46207091212272644,0.09776400029659271,,0.5228286981582642,,4.397490501403809,,,,,,,,,,,,,
36,,,,127359,,,,,,,,,,,,0.46207091212272644,0.06465937197208405,,0.7631291151046753,,4.405708312988281,,,,,,,,,,,,,
36,,,,127379,,,,,,,,,,,,0.46207091212272644,0.0812654048204422,,0.6202744841575623,,3.237578868865967,,,,,,,,,,,,,
36,,,,127399,,,,,,,,,,,,0.46207091212272644,0.06573893129825592,,0.7543925642967224,,4.439936637878418,,,,,,,,,,,,,
36,,,,127419,,,,,,,,,,,,0.46207091212272644,0.09391267597675323,,0.6009399890899658,,4.480194091796875,,,,,,,,,,,,,
36,,,,127439,,,,,,,,,,,,0.46207091212272644,0.0491294227540493,,0.8274335861206055,,3.674922466278076,,,,,,,,,,,,,
36,,,,127459,,,,,,,,,,,,0.46207091212272644,0.10201776772737503,,0.567180871963501,,4.432537078857422,,,,,,,,,,,,,
36,,,,127479,,,,,,,,,,,,0.46207091212272644,0.09968054294586182,,0.5441391468048096,,4.461112022399902,,,,,,,,,,,,,
36,,,,127499,,,,,,,,,,,,0.46207091212272644,0.07465782761573792,,0.6756913065910339,,4.488042831420898,,,,,,,,,,,,,
36,,,,127519,,,,,,,,,,,,0.46207091212272644,0.05890711769461632,,0.8321628570556641,,3.5937185287475586,,,,,,,,,,,,,
36,,,,127539,,,,,,,,,,,,0.46207091212272644,0.07734756916761398,,0.5264191627502441,,3.1324996948242188,,,,,,,,,,,,,
36,,,,127559,,,,,,,,,,,,0.46207091212272644,0.10546755790710449,,0.5346421599388123,,4.526475429534912,,,,,,,,,,,,,
36,,,,127579,,,,,,,,,,,,0.46207091212272644,0.05774988979101181,,0.8085646629333496,,4.2110772132873535,,,,,,,,,,,,,
36,,,,127599,,,,,,,,,,,,0.46207091212272644,0.07751916348934174,,0.7313550114631653,,4.501363754272461,,,,,,,,,,,,,
36,,,,127619,,,,,,,,,,,,0.46207091212272644,0.11411537975072861,,0.5291956663131714,,4.469788074493408,,,,,,,,,,,,,
36,,,,127639,,,,,,,,,,,,0.46207091212272644,0.11148529499769211,,0.5295159816741943,,4.492143630981445,,,,,,,,,,,,,
36,,,,127659,,,,,,,,,,,,0.46207091212272644,0.04491524398326874,,0.831412136554718,,3.5408124923706055,,,,,,,,,,,,,
36,,,,127679,,,,,,,,,,,,0.46207091212272644,0.05714314803481102,,0.7474009394645691,,3.342829704284668,,,,,,,,,,,,,
36,,,,127699,,,,,,,,,,,,0.46207091212272644,0.10516420751810074,,0.5242142081260681,,4.445614814758301,,,,,,,,,,,,,
36,,,,127719,,,,,,,,,,,,0.46207091212272644,0.10010319203138351,,0.4101102352142334,,3.2314438819885254,,,,,,,,,,,,,
36,,,,127739,,,,,,,,,,,,0.46207091212272644,0.060527876019477844,,0.8471667766571045,,3.9389872550964355,,,,,,,,,,,,,
36,,,,127759,,,,,,,,,,,,0.46207091212272644,0.053113050758838654,,0.9421514868736267,,4.353058338165283,,,,,,,,,,,,,
36,,,,127779,,,,,,,,,,,,0.46207091212272644,0.0871199294924736,,0.526080310344696,,3.2522964477539062,,,,,,,,,,,,,
36,,,,127799,,,,,,,,,,,,0.46207091212272644,0.1031074970960617,,0.4181068241596222,,3.2662549018859863,,,,,,,,,,,,,
36,,,,127819,,,,,,,,,,,,0.46207091212272644,0.10144215822219849,,0.4518968164920807,,3.2586958408355713,,,,,,,,,,,,,
36,,,,127839,,,,,,,,,,,,0.46207091212272644,0.10901644080877304,,0.4043174982070923,,3.229191541671753,,,,,,,,,,,,,
36,,,,127859,,,,,,,,,,,,0.46207091212272644,0.10527485609054565,,0.5274628400802612,,4.481191635131836,,,,,,,,,,,,,
36,,,,127879,,,,,,,,,,,,0.46207091212272644,0.10440920293331146,,0.4154476821422577,,3.2640581130981445,,,,,,,,,,,,,
36,,,,127899,,,,,,,,,,,,0.46207091212272644,0.1064879298210144,,0.5214191675186157,,4.360839366912842,,,,,,,,,,,,,
36,,,,127919,,,,,,,,,,,,0.46207091212272644,0.06752873957157135,,0.787529468536377,,3.4356741905212402,,,,,,,,,,,,,
36,,,,127939,,,,,,,,,,,,0.46207091212272644,0.11002731323242188,,0.5255469083786011,,4.337172985076904,,,,,,,,,,,,,
36,,,,127959,,,,,,,,,,,,0.46207091212272644,0.09975189715623856,,0.5251492261886597,,4.390749454498291,,,,,,,,,,,,,
36,,,,127979,,,,,,,,,,,,0.46207091212272644,0.06694456934928894,,0.6228621602058411,,3.257868766784668,,,,,,,,,,,,,
36,,,,127999,,,,,,,,,,,,0.46207091212272644,0.0906207412481308,,0.49151623249053955,,3.225369691848755,,,,,,,,,,,,,
36,,,,128019,,,,,,,,,,,,0.46207091212272644,0.12107699364423752,,0.40950071811676025,,3.2463176250457764,,,,,,,,,,,,,
36,,,,128039,,,,,,,,,,,,0.46207091212272644,0.1105230376124382,,0.4078085124492645,,3.2324628829956055,,,,,,,,,,,,,
36,,,,128059,,,,,,,,,,,,0.46207091212272644,0.11122956871986389,,0.5282930731773376,,4.44366455078125,,,,,,,,,,,,,
36,,,,128079,,,,,,,,,,,,0.46207091212272644,0.1098540872335434,,0.6288285255432129,,4.411890029907227,,,,,,,,,,,,,
36,,,,128099,,,,,,,,,,,,0.46207091212272644,0.06979629397392273,,0.5257150530815125,,3.237673759460449,,,,,,,,,,,,,
36,,,,128119,,,,,,,,,,,,0.46207091212272644,0.09460099786520004,,0.5697746872901917,,4.342723846435547,,,,,,,,,,,,,
36,,,,128139,,,,,,,,,,,,0.46207091212272644,0.09911999106407166,,0.47875919938087463,,3.2612946033477783,,,,,,,,,,,,,
36,,,,128159,,,,,,,,,,,,0.46207091212272644,0.08306783437728882,,0.5222557783126831,,3.25067138671875,,,,,,,,,,,,,
36,,,,128179,,,,,,,,,,,,0.46207091212272644,0.1157098338007927,,0.526317298412323,,4.418883323669434,,,,,,,,,,,,,
36,,,,128199,,,,,,,,,,,,0.46207091212272644,0.09605836123228073,,0.47173380851745605,,3.292823314666748,,,,,,,,,,,,,
36,,,,128219,,,,,,,,,,,,0.46207091212272644,0.06777672469615936,,0.7661276459693909,,4.361009120941162,,,,,,,,,,,,,
36,,,,128239,,,,,,,,,,,,0.46207091212272644,0.07422483712434769,,0.5696662664413452,,3.313051223754883,,,,,,,,,,,,,
36,,,,128259,,,,,,,,,,,,0.46207091212272644,0.11032472550868988,,0.5634799599647522,,4.419918060302734,,,,,,,,,,,,,
36,,,,128279,,,,,,,,,,,,0.46207091212272644,0.11502967774868011,,0.5252635478973389,,4.38486385345459,,,,,,,,,,,,,
36,,,,128299,,,,,,,,,,,,0.46207091212272644,0.07198897004127502,,0.5533198714256287,,3.2193093299865723,,,,,,,,,,,,,
36,,,,128319,,,,,,,,,,,,0.46207091212272644,0.06690235435962677,,0.8911066651344299,,4.099485397338867,,,,,,,,,,,,,
36,,,,128339,,,,,,,,,,,,0.46207091212272644,0.08615077286958694,,0.680528998374939,,4.512673854827881,,,,,,,,,,,,,
36,,,,128359,,,,,,,,,,,,0.46207091212272644,0.11289899051189423,,0.5342957973480225,,4.488657474517822,,,,,,,,,,,,,
36,,,,128379,,,,,,,,,,,,0.46207091212272644,0.115053191781044,,0.4156683385372162,,3.2270164489746094,,,,,,,,,,,,,
36,,,,128399,,,,,,,,,,,,0.46207091212272644,0.11646655201911926,,0.532131552696228,,4.453897953033447,,,,,,,,,,,,,
36,,,,128419,,,,,,,,,,,,0.46207091212272644,0.0540529265999794,,0.8600500226020813,,4.257341384887695,,,,,,,,,,,,,
36,,,,128439,,,,,,,,,,,,0.46207091212272644,0.05835852771997452,,0.718601405620575,,3.299696445465088,,,,,,,,,,,,,
36,,,,128459,,,,,,,,,,,,0.46207091212272644,0.053675327450037,,0.7078053951263428,,3.16678786277771,,,,,,,,,,,,,
36,,,,128479,,,,,,,,,,,,0.46207091212272644,0.07793772965669632,,0.7361758351325989,,4.502275466918945,,,,,,,,,,,,,
36,,,,128499,,,,,,,,,,,,0.46207091212272644,0.10910215228796005,,0.5227566957473755,,4.417919158935547,,,,,,,,,,,,,
36,,,,128519,,,,,,,,,,,,0.46207091212272644,0.054496895521879196,,0.833136796951294,,3.5679168701171875,,,,,,,,,,,,,
36,,,,128539,,,,,,,,,,,,0.46207091212272644,0.08142971247434616,,0.4811697006225586,,3.2551655769348145,,,,,,,,,,,,,
36,,,,128559,,,,,,,,,,,,0.46207091212272644,0.09969721734523773,,0.6330519318580627,,4.410486698150635,,,,,,,,,,,,,
36,,,,128579,,,,,,,,,,,,0.46207091212272644,0.10734209418296814,,0.5403891205787659,,4.482302665710449,,,,,,,,,,,,,
36,,,,128599,,,,,,,,,,,,0.46207091212272644,0.05259135365486145,,0.7344185709953308,,3.2305054664611816,,,,,,,,,,,,,
36,,,,128619,,,,,,,,,,,,0.46207091212272644,0.07557123899459839,,0.7105947732925415,,3.1197266578674316,,,,,,,,,,,,,
36,,,,128639,,,,,,,,,,,,0.46207091212272644,0.07801617681980133,,0.5710412263870239,,3.1388344764709473,,,,,,,,,,,,,
36,,,,128659,,,,,,,,,,,,0.46207091212272644,0.11597370356321335,,0.5456094741821289,,4.553232192993164,,,,,,,,,,,,,
36,,,,128679,,,,,,,,,,,,0.46207091212272644,0.1037425845861435,,0.5619552731513977,,4.5927300453186035,,,,,,,,,,,,,
36,,,,128699,,,,,,,,,,,,0.46207091212272644,0.10095510631799698,,0.43055811524391174,,3.091740608215332,,,,,,,,,,,,,
36,,,,128719,,,,,,,,,,,,0.46207091212272644,0.050547923892736435,,0.7900536060333252,,3.2766075134277344,,,,,,,,,,,,,
36,,,,128739,,,,,,,,,,,,0.46207091212272644,0.10724978148937225,,0.4034835398197174,,3.1973090171813965,,,,,,,,,,,,,
36,,,,128759,,,,,,,,,,,,0.46207091212272644,0.08733762800693512,,0.6065666675567627,,4.4309000968933105,,,,,,,,,,,,,
36,,,,128779,,,,,,,,,,,,0.46207091212272644,0.1072114109992981,,0.4131317436695099,,3.265078067779541,,,,,,,,,,,,,
36,,,,128799,,,,,,,,,,,,0.46207091212272644,0.11080244183540344,,0.5213508605957031,,4.409472942352295,,,,,,,,,,,,,
36,,,,128819,,,,,,,,,,,,0.46207091212272644,0.11095505207777023,,0.553934633731842,,4.382696151733398,,,,,,,,,,,,,
36,,,,128833,,,,,,,,,,,,,,,,,,0.662196159362793,0.8621222972869873,0.6385868787765503,0.6479134559631348,0.5300557613372803,0.6572399735450745,0.5609406232833862,0.6646043658256531,0.7261070609092712,0.8059327006340027,0.8132311105728149,0.28368911147117615,0.662196159362793
36,,,,128833,,,,,,,,,0.6208887100219727,0.08783961832523346,0.462065726518631,,,0.6001927852630615,,3.8284690380096436,,,,,,,,,,,,,,
,0.00018425263051659836,0.00018425263051659836,1.8425263051659835e-05,128834,,,,,,,,,,,,,,,,,,,,,,,,,,,,,,
37,,,,128839,,,,,,,,,,,,0.46207091212272644,0.048628322780132294,,0.7534653544425964,,3.3055617809295654,,,,,,,,,,,,,
37,,,,128859,,,,,,,,,,,,0.46207091212272644,0.05061604082584381,,0.8652334809303284,,3.957718849182129,,,,,,,,,,,,,
37,,,,128879,,,,,,,,,,,,0.46207091212272644,0.08702412247657776,,0.6071776747703552,,4.437554359436035,,,,,,,,,,,,,
37,,,,128899,,,,,,,,,,,,0.46207091212272644,0.06880360841751099,,0.785120964050293,,4.383230686187744,,,,,,,,,,,,,
37,,,,128919,,,,,,,,,,,,0.46207091212272644,0.10128630697727203,,0.4540141820907593,,3.2690718173980713,,,,,,,,,,,,,
37,,,,128939,,,,,,,,,,,,0.46207091212272644,0.10412918776273727,,0.5238327383995056,,4.388765335083008,,,,,,,,,,,,,
37,,,,128959,,,,,,,,,,,,0.46207091212272644,0.10357282310724258,,0.42293792963027954,,3.271258592605591,,,,,,,,,,,,,
37,,,,128979,,,,,,,,,,,,0.46207091212272644,0.10204397886991501,,0.4763777554035187,,3.2469162940979004,,,,,,,,,,,,,
37,,,,128999,,,,,,,,,,,,0.46207091212272644,0.10466867685317993,,0.4060082733631134,,3.2839879989624023,,,,,,,,,,,,,
37,,,,129019,,,,,,,,,,,,0.46207091212272644,0.108667753636837,,0.4080631732940674,,3.2287914752960205,,,,,,,,,,,,,
37,,,,129039,,,,,,,,,,,,0.46207091212272644,0.09490016102790833,,0.5079380869865417,,3.2310757637023926,,,,,,,,,,,,,
37,,,,129059,,,,,,,,,,,,0.46207091212272644,0.05606962367892265,,0.6819626092910767,,3.1875884532928467,,,,,,,,,,,,,
37,,,,129079,,,,,,,,,,,,0.46207091212272644,0.11015945672988892,,0.5574016571044922,,4.480302810668945,,,,,,,,,,,,,
37,,,,129099,,,,,,,,,,,,0.46207091212272644,0.11524075269699097,,0.4044466018676758,,3.226101875305176,,,,,,,,,,,,,
37,,,,129119,,,,,,,,,,,,0.46207091212272644,0.10232055932283401,,0.40028831362724304,,3.2324750423431396,,,,,,,,,,,,,
37,,,,129139,,,,,,,,,,,,0.46207091212272644,0.10287774354219437,,0.5207240581512451,,4.433672904968262,,,,,,,,,,,,,
37,,,,129159,,,,,,,,,,,,0.46207091212272644,0.09574694186449051,,0.42195746302604675,,3.254037857055664,,,,,,,,,,,,,
37,,,,129179,,,,,,,,,,,,0.46207091212272644,0.11053140461444855,,0.40283986926078796,,3.2038486003875732,,,,,,,,,,,,,
37,,,,129199,,,,,,,,,,,,0.46207091212272644,0.07941514253616333,,0.5013468265533447,,3.1875388622283936,,,,,,,,,,,,,
37,,,,129219,,,,,,,,,,,,0.46207091212272644,0.10733036696910858,,0.5274582505226135,,4.385992050170898,,,,,,,,,,,,,
37,,,,129239,,,,,,,,,,,,0.46207091212272644,0.06456460058689117,,0.7680966854095459,,3.349255084991455,,,,,,,,,,,,,
37,,,,129259,,,,,,,,,,,,0.46207091212272644,0.06440021097660065,,0.8245304822921753,,4.48638916015625,,,,,,,,,,,,,
37,,,,129279,,,,,,,,,,,,0.46207091212272644,0.0922992080450058,,0.4117007851600647,,3.2501587867736816,,,,,,,,,,,,,
37,,,,129299,,,,,,,,,,,,0.46207091212272644,0.10119378566741943,,0.4088243246078491,,3.2679643630981445,,,,,,,,,,,,,
37,,,,129319,,,,,,,,,,,,0.46207091212272644,0.11506694555282593,,0.40895840525627136,,3.2248077392578125,,,,,,,,,,,,,
37,,,,129339,,,,,,,,,,,,0.46207091212272644,0.10584372282028198,,0.528090238571167,,4.431641101837158,,,,,,,,,,,,,
37,,,,129359,,,,,,,,,,,,0.46207091212272644,0.10540332645177841,,0.5309526920318604,,4.430456161499023,,,,,,,,,,,,,
37,,,,129379,,,,,,,,,,,,0.46207091212272644,0.12022720277309418,,0.4073200821876526,,3.221285343170166,,,,,,,,,,,,,
37,,,,129399,,,,,,,,,,,,0.46207091212272644,0.07688169181346893,,0.46855223178863525,,3.1657326221466064,,,,,,,,,,,,,
37,,,,129419,,,,,,,,,,,,0.46207091212272644,0.06229320913553238,,0.8528382778167725,,3.9849448204040527,,,,,,,,,,,,,
37,,,,129439,,,,,,,,,,,,0.46207091212272644,0.0993533730506897,,0.4145507514476776,,3.267706871032715,,,,,,,,,,,,,
37,,,,129459,,,,,,,,,,,,0.46207091212272644,0.11010987311601639,,0.41700536012649536,,3.2665514945983887,,,,,,,,,,,,,
37,,,,129479,,,,,,,,,,,,0.46207091212272644,0.049794506281614304,,0.8327422142028809,,3.435790777206421,,,,,,,,,,,,,
37,,,,129499,,,,,,,,,,,,0.46207091212272644,0.12267467379570007,,0.42090073227882385,,3.3202030658721924,,,,,,,,,,,,,
37,,,,129519,,,,,,,,,,,,0.46207091212272644,0.05971619114279747,,0.7579081058502197,,4.4297685623168945,,,,,,,,,,,,,
37,,,,129539,,,,,,,,,,,,0.46207091212272644,0.09723670035600662,,0.5425420999526978,,4.376315116882324,,,,,,,,,,,,,
37,,,,129559,,,,,,,,,,,,0.46207091212272644,0.09253458678722382,,0.5241302251815796,,4.395166397094727,,,,,,,,,,,,,
37,,,,129579,,,,,,,,,,,,0.46207091212272644,0.05591556429862976,,0.8339397311210632,,4.138131618499756,,,,,,,,,,,,,
37,,,,129599,,,,,,,,,,,,0.46207091212272644,0.06295611709356308,,0.7740229964256287,,4.370049476623535,,,,,,,,,,,,,
37,,,,129619,,,,,,,,,,,,0.46207091212272644,0.08455337584018707,,0.6428436636924744,,4.347050666809082,,,,,,,,,,,,,
37,,,,129639,,,,,,,,,,,,0.46207091212272644,0.11118817329406738,,0.4234147071838379,,3.3606603145599365,,,,,,,,,,,,,
37,,,,129659,,,,,,,,,,,,0.46207091212272644,0.09587075561285019,,0.6735805869102478,,3.360513687133789,,,,,,,,,,,,,
37,,,,129679,,,,,,,,,,,,0.46207091212272644,0.09827741980552673,,0.5613327026367188,,4.36097526550293,,,,,,,,,,,,,
37,,,,129699,,,,,,,,,,,,0.46207091212272644,0.058029890060424805,,0.8327398896217346,,3.604156017303467,,,,,,,,,,,,,
37,,,,129719,,,,,,,,,,,,0.46207091212272644,0.10299170017242432,,0.45732635259628296,,3.2458019256591797,,,,,,,,,,,,,
37,,,,129739,,,,,,,,,,,,0.46207091212272644,0.11241032183170319,,0.5276435017585754,,4.438014030456543,,,,,,,,,,,,,
37,,,,129759,,,,,,,,,,,,0.46207091212272644,0.056903112679719925,,0.8404364585876465,,3.743185043334961,,,,,,,,,,,,,
37,,,,129779,,,,,,,,,,,,0.46207091212272644,0.10906349122524261,,0.4233851134777069,,3.2731499671936035,,,,,,,,,,,,,
37,,,,129799,,,,,,,,,,,,0.46207091212272644,0.0912010595202446,,0.5220524072647095,,3.217325210571289,,,,,,,,,,,,,
37,,,,129819,,,,,,,,,,,,0.46207091212272644,0.04241662099957466,,0.9718160033226013,,3.9662883281707764,,,,,,,,,,,,,
37,,,,129839,,,,,,,,,,,,0.46207091212272644,0.12215729802846909,,0.537349283695221,,4.446928024291992,,,,,,,,,,,,,
37,,,,129859,,,,,,,,,,,,0.46207091212272644,0.11221124231815338,,0.5511611104011536,,4.446200847625732,,,,,,,,,,,,,
37,,,,129879,,,,,,,,,,,,0.46207091212272644,0.11208606511354446,,0.5323730111122131,,4.465431213378906,,,,,,,,,,,,,
37,,,,129899,,,,,,,,,,,,0.46207091212272644,0.10333001613616943,,0.5237267017364502,,4.41270112991333,,,,,,,,,,,,,
37,,,,129919,,,,,,,,,,,,0.46207091212272644,0.10282815992832184,,0.41523265838623047,,3.2557551860809326,,,,,,,,,,,,,
37,,,,129939,,,,,,,,,,,,0.46207091212272644,0.12187813222408295,,0.5305492281913757,,4.414843559265137,,,,,,,,,,,,,
37,,,,129959,,,,,,,,,,,,0.46207091212272644,0.1098339855670929,,0.5714999437332153,,4.394450664520264,,,,,,,,,,,,,
37,,,,129979,,,,,,,,,,,,0.46207091212272644,0.11405351758003235,,0.5274112820625305,,4.41863489151001,,,,,,,,,,,,,
37,,,,129999,,,,,,,,,,,,0.46207091212272644,0.09921963512897491,,0.6535765528678894,,4.383927345275879,,,,,,,,,,,,,
37,,,,130019,,,,,,,,,,,,0.46207091212272644,0.07621750980615616,,0.600770115852356,,3.2388851642608643,,,,,,,,,,,,,
37,,,,130039,,,,,,,,,,,,0.46207091212272644,0.08515408635139465,,0.7560207843780518,,4.407414436340332,,,,,,,,,,,,,
37,,,,130059,,,,,,,,,,,,0.46207091212272644,0.04756058752536774,,0.8978825211524963,,3.696413516998291,,,,,,,,,,,,,
37,,,,130079,,,,,,,,,,,,0.46207091212272644,0.11659950017929077,,0.5733230113983154,,4.417030334472656,,,,,,,,,,,,,
37,,,,130099,,,,,,,,,,,,0.46207091212272644,0.07141169905662537,,0.7178938984870911,,3.1388325691223145,,,,,,,,,,,,,
37,,,,130119,,,,,,,,,,,,0.46207091212272644,0.055459022521972656,,0.8609222769737244,,3.3417510986328125,,,,,,,,,,,,,
37,,,,130139,,,,,,,,,,,,0.46207091212272644,0.0966615378856659,,0.4362189471721649,,3.111755847930908,,,,,,,,,,,,,
37,,,,130159,,,,,,,,,,,,0.46207091212272644,0.08255352079868317,,0.7149725556373596,,4.5665998458862305,,,,,,,,,,,,,
37,,,,130179,,,,,,,,,,,,0.46207091212272644,0.11687269061803818,,0.4018669128417969,,3.187716007232666,,,,,,,,,,,,,
37,,,,130199,,,,,,,,,,,,0.46207091212272644,0.10044647008180618,,0.3993728458881378,,3.2176990509033203,,,,,,,,,,,,,
37,,,,130219,,,,,,,,,,,,0.46207091212272644,0.06019553914666176,,0.8401458263397217,,4.453268527984619,,,,,,,,,,,,,
37,,,,130239,,,,,,,,,,,,0.46207091212272644,0.09649281203746796,,0.409209281206131,,3.160623550415039,,,,,,,,,,,,,
37,,,,130259,,,,,,,,,,,,0.46207091212272644,0.11264772713184357,,0.49626097083091736,,3.2215921878814697,,,,,,,,,,,,,
37,,,,130279,,,,,,,,,,,,0.46207091212272644,0.11025238037109375,,0.5916739702224731,,4.485712051391602,,,,,,,,,,,,,
37,,,,130299,,,,,,,,,,,,0.46207091212272644,0.06556124985218048,,0.7986864447593689,,3.5059702396392822,,,,,,,,,,,,,
37,,,,130319,,,,,,,,,,,,0.46207091212272644,0.08168455958366394,,0.618523359298706,,3.225208282470703,,,,,,,,,,,,,
37,,,,130339,,,,,,,,,,,,0.46207091212272644,0.10788339376449585,,0.523655891418457,,4.446799278259277,,,,,,,,,,,,,
37,,,,130359,,,,,,,,,,,,0.46207091212272644,0.09404469281435013,,0.5302160978317261,,4.427162170410156,,,,,,,,,,,,,
37,,,,130379,,,,,,,,,,,,0.46207091212272644,0.06060412898659706,,0.7354922890663147,,3.3374061584472656,,,,,,,,,,,,,
37,,,,130399,,,,,,,,,,,,0.46207091212272644,0.10801669955253601,,0.5572705268859863,,4.4205169677734375,,,,,,,,,,,,,
37,,,,130419,,,,,,,,,,,,0.46207091212272644,0.11035563796758652,,0.4042605757713318,,3.2249364852905273,,,,,,,,,,,,,
37,,,,130439,,,,,,,,,,,,0.46207091212272644,0.05115635693073273,,0.8157497048377991,,3.279057741165161,,,,,,,,,,,,,
37,,,,130459,,,,,,,,,,,,0.46207091212272644,0.0643438994884491,,0.6747800707817078,,3.193729877471924,,,,,,,,,,,,,
37,,,,130479,,,,,,,,,,,,0.46207091212272644,0.08150659501552582,,0.7539823651313782,,4.449073791503906,,,,,,,,,,,,,
37,,,,130499,,,,,,,,,,,,0.46207091212272644,0.11796367168426514,,0.523267924785614,,4.346458435058594,,,,,,,,,,,,,
37,,,,130519,,,,,,,,,,,,0.46207091212272644,0.060941532254219055,,0.8454193472862244,,4.14615535736084,,,,,,,,,,,,,
37,,,,130539,,,,,,,,,,,,0.46207091212272644,0.1091192290186882,,0.5189544558525085,,4.3949785232543945,,,,,,,,,,,,,
37,,,,130559,,,,,,,,,,,,0.46207091212272644,0.10234172642230988,,0.562358558177948,,4.349048137664795,,,,,,,,,,,,,
37,,,,130579,,,,,,,,,,,,0.46207091212272644,0.06388581544160843,,0.8143006563186646,,4.425602912902832,,,,,,,,,,,,,
37,,,,130599,,,,,,,,,,,,0.46207091212272644,0.12013696134090424,,0.5507038831710815,,4.408376216888428,,,,,,,,,,,,,
37,,,,130619,,,,,,,,,,,,0.46207091212272644,0.09231193363666534,,0.6561962366104126,,4.406963348388672,,,,,,,,,,,,,
37,,,,130639,,,,,,,,,,,,0.46207091212272644,0.05857827514410019,,0.8269467353820801,,3.442643642425537,,,,,,,,,,,,,
37,,,,130659,,,,,,,,,,,,0.46207091212272644,0.10824969410896301,,0.5294461846351624,,4.400463104248047,,,,,,,,,,,,,
37,,,,130679,,,,,,,,,,,,0.46207091212272644,0.06880677491426468,,0.5970403552055359,,3.2142157554626465,,,,,,,,,,,,,
37,,,,130699,,,,,,,,,,,,0.46207091212272644,0.05222441256046295,,0.8137549757957458,,3.2420482635498047,,,,,,,,,,,,,
37,,,,130719,,,,,,,,,,,,0.46207091212272644,0.11205382645130157,,0.528164267539978,,4.403407573699951,,,,,,,,,,,,,
37,,,,130739,,,,,,,,,,,,0.46207091212272644,0.057518716901540756,,0.8549350500106812,,4.159109592437744,,,,,,,,,,,,,
37,,,,130759,,,,,,,,,,,,0.46207091212272644,0.05031399801373482,,0.8488958477973938,,3.5528502464294434,,,,,,,,,,,,,
37,,,,130779,,,,,,,,,,,,0.46207091212272644,0.10887879133224487,,0.4151337444782257,,3.3336098194122314,,,,,,,,,,,,,
37,,,,130799,,,,,,,,,,,,0.46207091212272644,0.10723301768302917,,0.5115596055984497,,4.302646636962891,,,,,,,,,,,,,
37,,,,130819,,,,,,,,,,,,0.46207091212272644,0.09402403980493546,,0.5787467956542969,,4.371270656585693,,,,,,,,,,,,,
37,,,,130839,,,,,,,,,,,,0.46207091212272644,0.06244188919663429,,0.8389255404472351,,3.791595458984375,,,,,,,,,,,,,
37,,,,130859,,,,,,,,,,,,0.46207091212272644,0.11803248524665833,,0.518656849861145,,4.347806930541992,,,,,,,,,,,,,
37,,,,130879,,,,,,,,,,,,0.46207091212272644,0.10908311605453491,,0.5124117136001587,,4.294740676879883,,,,,,,,,,,,,
37,,,,130899,,,,,,,,,,,,0.46207091212272644,0.10867033153772354,,0.41663628816604614,,3.329817295074463,,,,,,,,,,,,,
37,,,,130919,,,,,,,,,,,,0.46207091212272644,0.06099521368741989,,0.778236448764801,,4.304715156555176,,,,,,,,,,,,,
37,,,,130939,,,,,,,,,,,,0.46207091212272644,0.11603686213493347,,0.41925421357154846,,3.3138926029205322,,,,,,,,,,,,,
37,,,,130959,,,,,,,,,,,,0.46207091212272644,0.057928986847400665,,0.8689190745353699,,4.426222801208496,,,,,,,,,,,,,
37,,,,130979,,,,,,,,,,,,0.46207091212272644,0.11677737534046173,,0.5355273485183716,,4.397258758544922,,,,,,,,,,,,,
37,,,,130999,,,,,,,,,,,,0.46207091212272644,0.07382936775684357,,0.5338269472122192,,3.285212755203247,,,,,,,,,,,,,
37,,,,131019,,,,,,,,,,,,0.46207091212272644,0.09556657820940018,,0.5185605883598328,,4.372941017150879,,,,,,,,,,,,,
37,,,,131039,,,,,,,,,,,,0.46207091212272644,0.05084777995944023,,0.8706807494163513,,3.6345202922821045,,,,,,,,,,,,,
37,,,,131059,,,,,,,,,,,,0.46207091212272644,0.11063262820243835,,0.4127826988697052,,3.2767953872680664,,,,,,,,,,,,,
37,,,,131079,,,,,,,,,,,,0.46207091212272644,0.1157599613070488,,0.5225896239280701,,4.3800249099731445,,,,,,,,,,,,,
37,,,,131099,,,,,,,,,,,,0.46207091212272644,0.055758893489837646,,0.7166963815689087,,3.2709848880767822,,,,,,,,,,,,,
37,,,,131119,,,,,,,,,,,,0.46207091212272644,0.11646110564470291,,0.4044313132762909,,3.1909728050231934,,,,,,,,,,,,,
37,,,,131139,,,,,,,,,,,,0.46207091212272644,0.09744646400213242,,0.4010256826877594,,3.199167251586914,,,,,,,,,,,,,
37,,,,131159,,,,,,,,,,,,0.46207091212272644,0.10064637660980225,,0.43365776538848877,,3.2048356533050537,,,,,,,,,,,,,
37,,,,131179,,,,,,,,,,,,0.46207091212272644,0.10753396898508072,,0.4166169762611389,,3.2196707725524902,,,,,,,,,,,,,
37,,,,131199,,,,,,,,,,,,0.46207091212272644,0.06939616799354553,,0.5616918206214905,,3.1634364128112793,,,,,,,,,,,,,
37,,,,131219,,,,,,,,,,,,0.46207091212272644,0.09297831356525421,,0.6676335334777832,,4.458803176879883,,,,,,,,,,,,,
37,,,,131239,,,,,,,,,,,,0.46207091212272644,0.10150644183158875,,0.5225489735603333,,4.377959728240967,,,,,,,,,,,,,
37,,,,131259,,,,,,,,,,,,0.46207091212272644,0.06239393725991249,,0.8626030087471008,,4.350884437561035,,,,,,,,,,,,,
37,,,,131279,,,,,,,,,,,,0.46207091212272644,0.084727942943573,,0.4427165985107422,,3.2761378288269043,,,,,,,,,,,,,
37,,,,131299,,,,,,,,,,,,0.46207091212272644,0.06611364334821701,,0.8325122594833374,,4.4337968826293945,,,,,,,,,,,,,
37,,,,131319,,,,,,,,,,,,0.46207091212272644,0.05076746270060539,,0.7037420868873596,,3.288175106048584,,,,,,,,,,,,,
37,,,,131339,,,,,,,,,,,,0.46207091212272644,0.1091458797454834,,0.41634702682495117,,3.2318577766418457,,,,,,,,,,,,,
37,,,,131359,,,,,,,,,,,,0.46207091212272644,0.12129499018192291,,0.5259334444999695,,4.401070594787598,,,,,,,,,,,,,
37,,,,131379,,,,,,,,,,,,0.46207091212272644,0.05949370935559273,,0.8701465725898743,,4.081169128417969,,,,,,,,,,,,,
37,,,,131399,,,,,,,,,,,,0.46207091212272644,0.0991259515285492,,0.3995971977710724,,3.1704163551330566,,,,,,,,,,,,,
37,,,,131419,,,,,,,,,,,,0.46207091212272644,0.11652606725692749,,0.5400968194007874,,4.454523086547852,,,,,,,,,,,,,
37,,,,131439,,,,,,,,,,,,0.46207091212272644,0.09718436002731323,,0.5393144488334656,,4.538315296173096,,,,,,,,,,,,,
37,,,,131459,,,,,,,,,,,,0.46207091212272644,0.06383189558982849,,0.7392888069152832,,3.2608749866485596,,,,,,,,,,,,,
37,,,,131479,,,,,,,,,,,,0.46207091212272644,0.06133458763360977,,0.7386778593063354,,3.1497135162353516,,,,,,,,,,,,,
37,,,,131499,,,,,,,,,,,,0.46207091212272644,0.08926966786384583,,0.6261716485023499,,4.580355167388916,,,,,,,,,,,,,
37,,,,131519,,,,,,,,,,,,0.46207091212272644,0.11242459714412689,,0.3952729105949402,,3.16348934173584,,,,,,,,,,,,,
37,,,,131539,,,,,,,,,,,,0.46207091212272644,0.07281410694122314,,0.6064071655273438,,3.1751139163970947,,,,,,,,,,,,,
37,,,,131559,,,,,,,,,,,,0.46207091212272644,0.06618964672088623,,0.5782831311225891,,3.1201322078704834,,,,,,,,,,,,,
37,,,,131579,,,,,,,,,,,,0.46207091212272644,0.11440262198448181,,0.616253137588501,,4.541674613952637,,,,,,,,,,,,,
37,,,,131599,,,,,,,,,,,,0.46207091212272644,0.05022939294576645,,0.9183748960494995,,4.134961128234863,,,,,,,,,,,,,
37,,,,131619,,,,,,,,,,,,0.46207091212272644,0.12581075727939606,,0.5265215635299683,,4.374062538146973,,,,,,,,,,,,,
37,,,,131639,,,,,,,,,,,,0.46207091212272644,0.09813834726810455,,0.4767184555530548,,3.2578787803649902,,,,,,,,,,,,,
37,,,,131659,,,,,,,,,,,,0.46207091212272644,0.054199449717998505,,0.7640021443367004,,3.303894519805908,,,,,,,,,,,,,
37,,,,131679,,,,,,,,,,,,0.46207091212272644,0.11504098027944565,,0.4364759624004364,,3.2548422813415527,,,,,,,,,,,,,
37,,,,131699,,,,,,,,,,,,0.46207091212272644,0.06684665381908417,,0.5751511454582214,,3.216125011444092,,,,,,,,,,,,,
37,,,,131719,,,,,,,,,,,,0.46207091212272644,0.10627752542495728,,0.5617989301681519,,4.388266086578369,,,,,,,,,,,,,
37,,,,131739,,,,,,,,,,,,0.46207091212272644,0.11624439060688019,,0.52994304895401,,4.437351703643799,,,,,,,,,,,,,
37,,,,131759,,,,,,,,,,,,0.46207091212272644,0.08308877050876617,,0.5312877893447876,,3.232746124267578,,,,,,,,,,,,,
37,,,,131779,,,,,,,,,,,,0.46207091212272644,0.11592119187116623,,0.4075981676578522,,3.1903576850891113,,,,,,,,,,,,,
37,,,,131799,,,,,,,,,,,,0.46207091212272644,0.09529436379671097,,0.4030245542526245,,3.232811212539673,,,,,,,,,,,,,
37,,,,131819,,,,,,,,,,,,0.46207091212272644,0.10300341993570328,,0.397524356842041,,3.193032741546631,,,,,,,,,,,,,
37,,,,131839,,,,,,,,,,,,0.46207091212272644,0.0535774864256382,,0.8027409315109253,,4.457809925079346,,,,,,,,,,,,,
37,,,,131859,,,,,,,,,,,,0.46207091212272644,0.10957714170217514,,0.41479572653770447,,3.1852774620056152,,,,,,,,,,,,,
37,,,,131879,,,,,,,,,,,,0.46207091212272644,0.08000398427248001,,0.5413345098495483,,3.158548355102539,,,,,,,,,,,,,
37,,,,131899,,,,,,,,,,,,0.46207091212272644,0.1158013865351677,,0.5407142639160156,,4.558176040649414,,,,,,,,,,,,,
37,,,,131919,,,,,,,,,,,,0.46207091212272644,0.05574188381433487,,0.8560157418251038,,3.5572922229766846,,,,,,,,,,,,,
37,,,,131939,,,,,,,,,,,,0.46207091212272644,0.1057201400399208,,0.5401098728179932,,4.56215238571167,,,,,,,,,,,,,
37,,,,131959,,,,,,,,,,,,0.46207091212272644,0.048613157123327255,,0.8720511198043823,,4.438055038452148,,,,,,,,,,,,,
37,,,,131979,,,,,,,,,,,,0.46207091212272644,0.11807747185230255,,0.4054635465145111,,3.180182933807373,,,,,,,,,,,,,
37,,,,131999,,,,,,,,,,,,0.46207091212272644,0.1247621476650238,,0.4128865897655487,,3.1997437477111816,,,,,,,,,,,,,
37,,,,132019,,,,,,,,,,,,0.46207091212272644,0.06049111858010292,,0.6760813593864441,,3.1821627616882324,,,,,,,,,,,,,
37,,,,132039,,,,,,,,,,,,0.46207091212272644,0.06113843619823456,,0.8763239979743958,,4.467028617858887,,,,,,,,,,,,,
37,,,,132059,,,,,,,,,,,,0.46207091212272644,0.1082158237695694,,0.5505226850509644,,4.52910041809082,,,,,,,,,,,,,
37,,,,132079,,,,,,,,,,,,0.46207091212272644,0.05555156618356705,,0.7676465511322021,,3.3262600898742676,,,,,,,,,,,,,
37,,,,132099,,,,,,,,,,,,0.46207091212272644,0.11043951660394669,,0.5362702012062073,,4.510041236877441,,,,,,,,,,,,,
37,,,,132119,,,,,,,,,,,,0.46207091212272644,0.0987180545926094,,0.5460814833641052,,4.562175750732422,,,,,,,,,,,,,
37,,,,132139,,,,,,,,,,,,0.46207091212272644,0.10586610436439514,,0.41508352756500244,,3.1329989433288574,,,,,,,,,,,,,
37,,,,132159,,,,,,,,,,,,0.46207091212272644,0.10939200222492218,,0.5473692417144775,,4.623319625854492,,,,,,,,,,,,,
37,,,,132179,,,,,,,,,,,,0.46207091212272644,0.04896402359008789,,0.7995795011520386,,3.359222888946533,,,,,,,,,,,,,
37,,,,132199,,,,,,,,,,,,0.46207091212272644,0.1047641932964325,,0.5425496101379395,,4.581425666809082,,,,,,,,,,,,,
37,,,,132219,,,,,,,,,,,,0.46207091212272644,0.10260182619094849,,0.5709497928619385,,4.431011199951172,,,,,,,,,,,,,
37,,,,132239,,,,,,,,,,,,0.46207091212272644,0.0861869677901268,,0.40634405612945557,,3.1926779747009277,,,,,,,,,,,,,
37,,,,132259,,,,,,,,,,,,0.46207091212272644,0.10356573760509491,,0.5475831031799316,,4.427992820739746,,,,,,,,,,,,,
37,,,,132279,,,,,,,,,,,,0.46207091212272644,0.06599079072475433,,0.8561550974845886,,3.8017866611480713,,,,,,,,,,,,,
37,,,,132299,,,,,,,,,,,,0.46207091212272644,0.08366517722606659,,0.5312964916229248,,3.1873254776000977,,,,,,,,,,,,,
37,,,,132315,,,,,,,,,,,,,,,,,,0.7142848968505859,0.8512856960296631,0.7139261960983276,0.7142814993858337,0.5541637539863586,0.7146368026733398,0.6492082476615906,0.7472217679023743,0.6901838183403015,0.8208293914794922,0.7944278120994568,0.5531061887741089,0.7142848968505859
37,,,,132315,,,,,,,,,0.6141928434371948,0.08878690749406815,0.462065726518631,,,0.5997440218925476,,3.840740442276001,,,,,,,,,,,,,,
,0.0001781071971878587,0.0001781071971878587,1.781071971878587e-05,132316,,,,,,,,,,,,,,,,,,,,,,,,,,,,,,
38,,,,132319,,,,,,,,,,,,0.46207091212272644,0.06520811468362808,,0.8514989614486694,,4.234460830688477,,,,,,,,,,,,,
38,,,,132339,,,,,,,,,,,,0.46207091212272644,0.08534931391477585,,0.6241879463195801,,4.430665969848633,,,,,,,,,,,,,
38,,,,132359,,,,,,,,,,,,0.46207091212272644,0.1080581545829773,,0.5386775135993958,,4.485319137573242,,,,,,,,,,,,,
38,,,,132379,,,,,,,,,,,,0.46207091212272644,0.09954820573329926,,0.40040576457977295,,3.2131576538085938,,,,,,,,,,,,,
38,,,,132399,,,,,,,,,,,,0.46207091212272644,0.10429394990205765,,0.520327091217041,,4.43196439743042,,,,,,,,,,,,,
38,,,,132419,,,,,,,,,,,,0.46207091212272644,0.09787678718566895,,0.5274785161018372,,4.350639343261719,,,,,,,,,,,,,
38,,,,132439,,,,,,,,,,,,0.46207091212272644,0.06535609811544418,,0.9636555910110474,,3.999831199645996,,,,,,,,,,,,,
38,,,,132459,,,,,,,,,,,,0.46207091212272644,0.12190011888742447,,0.4436562657356262,,3.3045578002929688,,,,,,,,,,,,,
38,,,,132479,,,,,,,,,,,,0.46207091212272644,0.10272139310836792,,0.5212342143058777,,4.3760600090026855,,,,,,,,,,,,,
38,,,,132499,,,,,,,,,,,,0.46207091212272644,0.06816519796848297,,0.7273425459861755,,4.357444763183594,,,,,,,,,,,,,
38,,,,132519,,,,,,,,,,,,0.46207091212272644,0.10948844254016876,,0.40800201892852783,,3.297090768814087,,,,,,,,,,,,,
38,,,,132539,,,,,,,,,,,,0.46207091212272644,0.09145484119653702,,0.5708036422729492,,4.373671531677246,,,,,,,,,,,,,
38,,,,132559,,,,,,,,,,,,0.46207091212272644,0.11450474709272385,,0.5282847881317139,,4.454492568969727,,,,,,,,,,,,,
38,,,,132579,,,,,,,,,,,,0.46207091212272644,0.048934243619441986,,0.9495888352394104,,3.7016117572784424,,,,,,,,,,,,,
38,,,,132599,,,,,,,,,,,,0.46207091212272644,0.07141481339931488,,0.5600364208221436,,3.2184386253356934,,,,,,,,,,,,,
38,,,,132619,,,,,,,,,,,,0.46207091212272644,0.11162753403186798,,0.4167470633983612,,3.198289632797241,,,,,,,,,,,,,
38,,,,132639,,,,,,,,,,,,0.46207091212272644,0.11083798110485077,,0.5572385191917419,,4.416123390197754,,,,,,,,,,,,,
38,,,,132659,,,,,,,,,,,,0.46207091212272644,0.10904651880264282,,0.5242191553115845,,4.457293510437012,,,,,,,,,,,,,
38,,,,132679,,,,,,,,,,,,0.46207091212272644,0.056104131042957306,,0.8431406021118164,,4.393504619598389,,,,,,,,,,,,,
38,,,,132699,,,,,,,,,,,,0.46207091212272644,0.07968573272228241,,0.8246679902076721,,4.517733097076416,,,,,,,,,,,,,
38,,,,132719,,,,,,,,,,,,0.46207091212272644,0.05942608043551445,,0.7753565907478333,,3.3742895126342773,,,,,,,,,,,,,
38,,,,132739,,,,,,,,,,,,0.46207091212272644,0.0907232016324997,,0.7025992274284363,,4.430447578430176,,,,,,,,,,,,,
38,,,,132759,,,,,,,,,,,,0.46207091212272644,0.11969063431024551,,0.408494770526886,,3.223690986633301,,,,,,,,,,,,,
38,,,,132779,,,,,,,,,,,,0.46207091212272644,0.11015887558460236,,0.40353062748908997,,3.172213554382324,,,,,,,,,,,,,
38,,,,132799,,,,,,,,,,,,0.46207091212272644,0.08682012557983398,,0.6439787149429321,,4.499730110168457,,,,,,,,,,,,,
38,,,,132819,,,,,,,,,,,,0.46207091212272644,0.059460047632455826,,0.6826843619346619,,3.210317611694336,,,,,,,,,,,,,
38,,,,132839,,,,,,,,,,,,0.46207091212272644,0.07448212802410126,,0.6787152290344238,,4.489091396331787,,,,,,,,,,,,,
38,,,,132859,,,,,,,,,,,,0.46207091212272644,0.05555659532546997,,0.9138227105140686,,4.370616912841797,,,,,,,,,,,,,
38,,,,132879,,,,,,,,,,,,0.46207091212272644,0.10764981806278229,,0.5290483236312866,,4.497020244598389,,,,,,,,,,,,,
38,,,,132899,,,,,,,,,,,,0.46207091212272644,0.11236996203660965,,0.5514122247695923,,4.4609761238098145,,,,,,,,,,,,,
38,,,,132919,,,,,,,,,,,,0.46207091212272644,0.1074783056974411,,0.5230294466018677,,4.429510593414307,,,,,,,,,,,,,
38,,,,132939,,,,,,,,,,,,0.46207091212272644,0.05150017514824867,,0.8836682438850403,,3.578029155731201,,,,,,,,,,,,,
38,,,,132959,,,,,,,,,,,,0.46207091212272644,0.06352099776268005,,0.8350304365158081,,3.442737579345703,,,,,,,,,,,,,
38,,,,132979,,,,,,,,,,,,0.46207091212272644,0.09095729887485504,,0.44337454438209534,,3.2570371627807617,,,,,,,,,,,,,
38,,,,132999,,,,,,,,,,,,0.46207091212272644,0.09707669913768768,,0.5411999821662903,,4.418680191040039,,,,,,,,,,,,,
38,,,,133019,,,,,,,,,,,,0.46207091212272644,0.1036360040307045,,0.3941240906715393,,3.174243927001953,,,,,,,,,,,,,
38,,,,133039,,,,,,,,,,,,0.46207091212272644,0.0860196053981781,,0.6661508679389954,,4.502669334411621,,,,,,,,,,,,,
38,,,,133059,,,,,,,,,,,,0.46207091212272644,0.07445580512285233,,0.7374295592308044,,4.538407325744629,,,,,,,,,,,,,
38,,,,133079,,,,,,,,,,,,0.46207091212272644,0.09592344611883163,,0.5233334898948669,,3.2282629013061523,,,,,,,,,,,,,
38,,,,133099,,,,,,,,,,,,0.46207091212272644,0.10727738589048386,,0.5182358026504517,,4.40156364440918,,,,,,,,,,,,,
38,,,,133119,,,,,,,,,,,,0.46207091212272644,0.1113462746143341,,0.5315653085708618,,4.4294939041137695,,,,,,,,,,,,,
38,,,,133139,,,,,,,,,,,,0.46207091212272644,0.10249830782413483,,0.40621089935302734,,3.258584499359131,,,,,,,,,,,,,
38,,,,133159,,,,,,,,,,,,0.46207091212272644,0.11190524697303772,,0.544867753982544,,4.446420669555664,,,,,,,,,,,,,
38,,,,133179,,,,,,,,,,,,0.46207091212272644,0.09563034772872925,,0.5414786338806152,,4.424026966094971,,,,,,,,,,,,,
38,,,,133199,,,,,,,,,,,,0.46207091212272644,0.0714602917432785,,0.731767475605011,,4.440088748931885,,,,,,,,,,,,,
38,,,,133219,,,,,,,,,,,,0.46207091212272644,0.05622311308979988,,0.7420709133148193,,3.2691125869750977,,,,,,,,,,,,,
38,,,,133239,,,,,,,,,,,,0.46207091212272644,0.11293419450521469,,0.436445027589798,,3.2234244346618652,,,,,,,,,,,,,
38,,,,133259,,,,,,,,,,,,0.46207091212272644,0.052177004516124725,,0.8658066987991333,,4.354648113250732,,,,,,,,,,,,,
38,,,,133279,,,,,,,,,,,,0.46207091212272644,0.054348722100257874,,0.8728604316711426,,3.9268102645874023,,,,,,,,,,,,,
38,,,,133299,,,,,,,,,,,,0.46207091212272644,0.07707669585943222,,0.6136893630027771,,3.171715259552002,,,,,,,,,,,,,
38,,,,133319,,,,,,,,,,,,0.46207091212272644,0.06709001958370209,,0.786933183670044,,4.495360374450684,,,,,,,,,,,,,
38,,,,133339,,,,,,,,,,,,0.46207091212272644,0.11382543295621872,,0.399402916431427,,3.1402673721313477,,,,,,,,,,,,,
38,,,,133359,,,,,,,,,,,,0.46207091212272644,0.05814274400472641,,0.7700601816177368,,3.204221725463867,,,,,,,,,,,,,
38,,,,133379,,,,,,,,,,,,0.46207091212272644,0.04928816854953766,,0.9457433819770813,,4.317363739013672,,,,,,,,,,,,,
38,,,,133399,,,,,,,,,,,,0.46207091212272644,0.11100882291793823,,0.40859535336494446,,3.147141933441162,,,,,,,,,,,,,
38,,,,133419,,,,,,,,,,,,0.46207091212272644,0.11687469482421875,,0.396727979183197,,3.1295228004455566,,,,,,,,,,,,,
38,,,,133439,,,,,,,,,,,,0.46207091212272644,0.047462254762649536,,0.856381893157959,,4.151088714599609,,,,,,,,,,,,,
38,,,,133459,,,,,,,,,,,,0.46207091212272644,0.046024538576602936,,0.8324003219604492,,3.4318289756774902,,,,,,,,,,,,,
38,,,,133479,,,,,,,,,,,,0.46207091212272644,0.11374169588088989,,0.535764217376709,,4.4608235359191895,,,,,,,,,,,,,
38,,,,133499,,,,,,,,,,,,0.46207091212272644,0.06025953218340874,,0.7580100297927856,,4.419015884399414,,,,,,,,,,,,,
38,,,,133519,,,,,,,,,,,,0.46207091212272644,0.09851890802383423,,0.4122160077095032,,3.1722278594970703,,,,,,,,,,,,,
38,,,,133539,,,,,,,,,,,,0.46207091212272644,0.11268957704305649,,0.5545408725738525,,4.464204788208008,,,,,,,,,,,,,
38,,,,133559,,,,,,,,,,,,0.46207091212272644,0.1187121719121933,,0.40829402208328247,,3.22708797454834,,,,,,,,,,,,,
38,,,,133579,,,,,,,,,,,,0.46207091212272644,0.07067400217056274,,0.7000995874404907,,4.428445816040039,,,,,,,,,,,,,
38,,,,133599,,,,,,,,,,,,0.46207091212272644,0.10374918580055237,,0.4132557809352875,,3.2444677352905273,,,,,,,,,,,,,
38,,,,133619,,,,,,,,,,,,0.46207091212272644,0.11338629573583603,,0.5254168510437012,,4.451803684234619,,,,,,,,,,,,,
38,,,,133639,,,,,,,,,,,,0.46207091212272644,0.10000378638505936,,0.5302547812461853,,4.444750785827637,,,,,,,,,,,,,
38,,,,133659,,,,,,,,,,,,0.46207091212272644,0.10777318477630615,,0.5244158506393433,,4.443221092224121,,,,,,,,,,,,,
38,,,,133679,,,,,,,,,,,,0.46207091212272644,0.05650293081998825,,0.7254606485366821,,3.202246904373169,,,,,,,,,,,,,
38,,,,133699,,,,,,,,,,,,0.46207091212272644,0.0693485289812088,,0.7879140973091125,,3.534499168395996,,,,,,,,,,,,,
38,,,,133719,,,,,,,,,,,,0.46207091212272644,0.06213805451989174,,0.757239580154419,,4.409765243530273,,,,,,,,,,,,,
38,,,,133739,,,,,,,,,,,,0.46207091212272644,0.11461426317691803,,0.5283842086791992,,4.446663856506348,,,,,,,,,,,,,
38,,,,133759,,,,,,,,,,,,0.46207091212272644,0.04793344438076019,,0.9778043031692505,,4.281604766845703,,,,,,,,,,,,,
38,,,,133779,,,,,,,,,,,,0.46207091212272644,0.06490825116634369,,0.6622300744056702,,3.248533248901367,,,,,,,,,,,,,
38,,,,133799,,,,,,,,,,,,0.46207091212272644,0.079800084233284,,0.5093899369239807,,3.2202205657958984,,,,,,,,,,,,,
38,,,,133819,,,,,,,,,,,,0.46207091212272644,0.05722896009683609,,0.670392632484436,,3.278775691986084,,,,,,,,,,,,,
38,,,,133839,,,,,,,,,,,,0.46207091212272644,0.09808482974767685,,0.5265359878540039,,4.423463821411133,,,,,,,,,,,,,
38,,,,133859,,,,,,,,,,,,0.46207091212272644,0.10881972312927246,,0.40638333559036255,,3.1901698112487793,,,,,,,,,,,,,
38,,,,133879,,,,,,,,,,,,0.46207091212272644,0.05536863952875137,,0.7819887399673462,,4.320803165435791,,,,,,,,,,,,,
38,,,,133899,,,,,,,,,,,,0.46207091212272644,0.09763876348733902,,0.520900309085846,,4.420897483825684,,,,,,,,,,,,,
38,,,,133919,,,,,,,,,,,,0.46207091212272644,0.10756625235080719,,0.42393672466278076,,3.273744821548462,,,,,,,,,,,,,
38,,,,133939,,,,,,,,,,,,0.46207091212272644,0.06727395951747894,,0.6434179544448853,,3.2483980655670166,,,,,,,,,,,,,
38,,,,133959,,,,,,,,,,,,0.46207091212272644,0.05466809496283531,,0.7840130925178528,,4.36957311630249,,,,,,,,,,,,,
38,,,,133979,,,,,,,,,,,,0.46207091212272644,0.11036625504493713,,0.526678740978241,,4.443446636199951,,,,,,,,,,,,,
38,,,,133999,,,,,,,,,,,,0.46207091212272644,0.06042100116610527,,0.858199954032898,,4.1822686195373535,,,,,,,,,,,,,
38,,,,134019,,,,,,,,,,,,0.46207091212272644,0.07015548646450043,,0.6522621512413025,,4.414073944091797,,,,,,,,,,,,,
38,,,,134039,,,,,,,,,,,,0.46207091212272644,0.10586430877447128,,0.5465304255485535,,4.499188423156738,,,,,,,,,,,,,
38,,,,134059,,,,,,,,,,,,0.46207091212272644,0.05622825026512146,,0.8973838090896606,,4.254675388336182,,,,,,,,,,,,,
38,,,,134079,,,,,,,,,,,,0.46207091212272644,0.10538575798273087,,0.5476425290107727,,4.481545448303223,,,,,,,,,,,,,
38,,,,134099,,,,,,,,,,,,0.46207091212272644,0.10018400847911835,,0.6546940207481384,,4.422502517700195,,,,,,,,,,,,,
38,,,,134119,,,,,,,,,,,,0.46207091212272644,0.070682592689991,,0.6959986090660095,,4.403711318969727,,,,,,,,,,,,,
38,,,,134139,,,,,,,,,,,,0.46207091212272644,0.100555919110775,,0.436079740524292,,3.1723785400390625,,,,,,,,,,,,,
38,,,,134159,,,,,,,,,,,,0.46207091212272644,0.09722813963890076,,0.39532798528671265,,3.1802330017089844,,,,,,,,,,,,,
38,,,,134179,,,,,,,,,,,,0.46207091212272644,0.097264364361763,,0.41401493549346924,,3.229902744293213,,,,,,,,,,,,,
38,,,,134199,,,,,,,,,,,,0.46207091212272644,0.10674314200878143,,0.5246819853782654,,4.446916580200195,,,,,,,,,,,,,
38,,,,134219,,,,,,,,,,,,0.46207091212272644,0.11319802701473236,,0.5296357870101929,,4.381731986999512,,,,,,,,,,,,,
38,,,,134239,,,,,,,,,,,,0.46207091212272644,0.11892610788345337,,0.41172972321510315,,3.2464680671691895,,,,,,,,,,,,,
38,,,,134259,,,,,,,,,,,,0.46207091212272644,0.0496939979493618,,0.9082370400428772,,4.106998443603516,,,,,,,,,,,,,
38,,,,134279,,,,,,,,,,,,0.46207091212272644,0.10578909516334534,,0.4319545030593872,,3.2578511238098145,,,,,,,,,,,,,
38,,,,134299,,,,,,,,,,,,0.46207091212272644,0.04809398204088211,,0.8647041320800781,,4.083098888397217,,,,,,,,,,,,,
38,,,,134319,,,,,,,,,,,,0.46207091212272644,0.10501588881015778,,0.5058481097221375,,3.258622169494629,,,,,,,,,,,,,
38,,,,134339,,,,,,,,,,,,0.46207091212272644,0.058279864490032196,,0.9452018737792969,,3.8497369289398193,,,,,,,,,,,,,
38,,,,134359,,,,,,,,,,,,0.46207091212272644,0.05842597782611847,,0.8721042275428772,,4.358912944793701,,,,,,,,,,,,,
38,,,,134379,,,,,,,,,,,,0.46207091212272644,0.08724884688854218,,0.4863647222518921,,3.208862781524658,,,,,,,,,,,,,
38,,,,134399,,,,,,,,,,,,0.46207091212272644,0.07509636878967285,,0.6090368032455444,,3.2080776691436768,,,,,,,,,,,,,
38,,,,134419,,,,,,,,,,,,0.46207091212272644,0.094171442091465,,0.5104808211326599,,3.1768031120300293,,,,,,,,,,,,,
38,,,,134439,,,,,,,,,,,,0.46207091212272644,0.10023137927055359,,0.48133593797683716,,3.1297080516815186,,,,,,,,,,,,,
38,,,,134459,,,,,,,,,,,,0.46207091212272644,0.04925084859132767,,0.9324423670768738,,4.008858680725098,,,,,,,,,,,,,
38,,,,134479,,,,,,,,,,,,0.46207091212272644,0.051840540021657944,,0.8969271183013916,,3.9551444053649902,,,,,,,,,,,,,
38,,,,134499,,,,,,,,,,,,0.46207091212272644,0.10660358518362045,,0.498665452003479,,3.1737945079803467,,,,,,,,,,,,,
38,,,,134519,,,,,,,,,,,,0.46207091212272644,0.11437752842903137,,0.40139561891555786,,3.1615962982177734,,,,,,,,,,,,,
38,,,,134539,,,,,,,,,,,,0.46207091212272644,0.09441833198070526,,0.5259403586387634,,4.520512580871582,,,,,,,,,,,,,
38,,,,134559,,,,,,,,,,,,0.46207091212272644,0.0504126250743866,,0.8536388874053955,,4.302628517150879,,,,,,,,,,,,,
38,,,,134579,,,,,,,,,,,,0.46207091212272644,0.09712421894073486,,0.5782245993614197,,4.415030479431152,,,,,,,,,,,,,
38,,,,134599,,,,,,,,,,,,0.46207091212272644,0.06385497748851776,,0.6384779214859009,,3.280324935913086,,,,,,,,,,,,,
38,,,,134619,,,,,,,,,,,,0.46207091212272644,0.0827527716755867,,0.641117513179779,,4.394845008850098,,,,,,,,,,,,,
38,,,,134639,,,,,,,,,,,,0.46207091212272644,0.10677574574947357,,0.4071187973022461,,3.2337474822998047,,,,,,,,,,,,,
38,,,,134659,,,,,,,,,,,,0.46207091212272644,0.10311143100261688,,0.40780195593833923,,3.2128429412841797,,,,,,,,,,,,,
38,,,,134679,,,,,,,,,,,,0.46207091212272644,0.10670796036720276,,0.5287428498268127,,4.508565902709961,,,,,,,,,,,,,
38,,,,134699,,,,,,,,,,,,0.46207091212272644,0.09415578842163086,,0.5202062129974365,,4.382049560546875,,,,,,,,,,,,,
38,,,,134719,,,,,,,,,,,,0.46207091212272644,0.10494263470172882,,0.4018261432647705,,3.208301544189453,,,,,,,,,,,,,
38,,,,134739,,,,,,,,,,,,0.46207091212272644,0.08229807019233704,,0.4439196288585663,,3.214554786682129,,,,,,,,,,,,,
38,,,,134759,,,,,,,,,,,,0.46207091212272644,0.07763535529375076,,0.570911705493927,,3.250154495239258,,,,,,,,,,,,,
38,,,,134779,,,,,,,,,,,,0.46207091212272644,0.055295638740062714,,0.8875792026519775,,4.08366584777832,,,,,,,,,,,,,
38,,,,134799,,,,,,,,,,,,0.46207091212272644,0.0795520544052124,,0.5028282403945923,,3.1692209243774414,,,,,,,,,,,,,
38,,,,134819,,,,,,,,,,,,0.46207091212272644,0.1183663085103035,,0.3975461721420288,,3.125751495361328,,,,,,,,,,,,,
38,,,,134839,,,,,,,,,,,,0.46207091212272644,0.10337449610233307,,0.39557796716690063,,3.1247918605804443,,,,,,,,,,,,,
38,,,,134859,,,,,,,,,,,,0.46207091212272644,0.084540456533432,,0.6276924014091492,,4.503287315368652,,,,,,,,,,,,,
38,,,,134879,,,,,,,,,,,,0.46207091212272644,0.1096796840429306,,0.5303651094436646,,4.471798419952393,,,,,,,,,,,,,
38,,,,134899,,,,,,,,,,,,0.46207091212272644,0.11019571125507355,,0.41349536180496216,,3.156229019165039,,,,,,,,,,,,,
38,,,,134919,,,,,,,,,,,,0.46207091212272644,0.11078350245952606,,0.3939538300037384,,3.143523931503296,,,,,,,,,,,,,
38,,,,134939,,,,,,,,,,,,0.46207091212272644,0.05666347220540047,,0.8856116533279419,,4.224976539611816,,,,,,,,,,,,,
38,,,,134959,,,,,,,,,,,,0.46207091212272644,0.05431913956999779,,0.8251665234565735,,4.4457502365112305,,,,,,,,,,,,,
38,,,,134979,,,,,,,,,,,,0.46207091212272644,0.054226331412792206,,0.8916100263595581,,4.414080619812012,,,,,,,,,,,,,
38,,,,134999,,,,,,,,,,,,0.46207091212272644,0.07561413943767548,,0.7346881628036499,,3.203385591506958,,,,,,,,,,,,,
38,,,,135019,,,,,,,,,,,,0.46207091212272644,0.05700264871120453,,0.76521897315979,,4.4896416664123535,,,,,,,,,,,,,
38,,,,135039,,,,,,,,,,,,0.46207091212272644,0.1109093427658081,,0.524727463722229,,4.441102027893066,,,,,,,,,,,,,
38,,,,135059,,,,,,,,,,,,0.46207091212272644,0.1030244380235672,,0.3931424021720886,,3.1694512367248535,,,,,,,,,,,,,
38,,,,135079,,,,,,,,,,,,0.46207091212272644,0.05385079234838486,,0.832186222076416,,3.5091137886047363,,,,,,,,,,,,,
38,,,,135099,,,,,,,,,,,,0.46207091212272644,0.10011416673660278,,0.5495569109916687,,4.63713264465332,,,,,,,,,,,,,
38,,,,135119,,,,,,,,,,,,0.46207091212272644,0.10627327859401703,,0.46717318892478943,,3.1231143474578857,,,,,,,,,,,,,
38,,,,135139,,,,,,,,,,,,0.46207091212272644,0.0920974612236023,,0.42366835474967957,,3.211091995239258,,,,,,,,,,,,,
38,,,,135159,,,,,,,,,,,,0.46207091212272644,0.106530100107193,,0.39855679869651794,,3.2040905952453613,,,,,,,,,,,,,
38,,,,135179,,,,,,,,,,,,0.46207091212272644,0.1068575531244278,,0.5401036143302917,,4.516584396362305,,,,,,,,,,,,,
38,,,,135199,,,,,,,,,,,,0.46207091212272644,0.11332064867019653,,0.5319296717643738,,4.431356430053711,,,,,,,,,,,,,
38,,,,135219,,,,,,,,,,,,0.46207091212272644,0.060154445469379425,,0.8673989176750183,,4.207250595092773,,,,,,,,,,,,,
38,,,,135239,,,,,,,,,,,,0.46207091212272644,0.11975381523370743,,0.5255151987075806,,4.427955627441406,,,,,,,,,,,,,
38,,,,135259,,,,,,,,,,,,0.46207091212272644,0.06910604238510132,,0.7324848175048828,,4.411776065826416,,,,,,,,,,,,,
38,,,,135279,,,,,,,,,,,,0.46207091212272644,0.06328734010457993,,0.8369557857513428,,4.095943927764893,,,,,,,,,,,,,
38,,,,135299,,,,,,,,,,,,0.46207091212272644,0.10738635063171387,,0.5396274924278259,,4.3532891273498535,,,,,,,,,,,,,
38,,,,135319,,,,,,,,,,,,0.46207091212272644,0.10187464207410812,,0.40493547916412354,,3.255280017852783,,,,,,,,,,,,,
38,,,,135339,,,,,,,,,,,,0.46207091212272644,0.1004185602068901,,0.5198788046836853,,4.405242919921875,,,,,,,,,,,,,
38,,,,135359,,,,,,,,,,,,0.46207091212272644,0.0907815545797348,,0.40254759788513184,,3.2534427642822266,,,,,,,,,,,,,
38,,,,135379,,,,,,,,,,,,0.46207091212272644,0.10551866888999939,,0.411841481924057,,3.239323139190674,,,,,,,,,,,,,
38,,,,135399,,,,,,,,,,,,0.46207091212272644,0.06470580399036407,,0.797705888748169,,4.431953430175781,,,,,,,,,,,,,
38,,,,135419,,,,,,,,,,,,0.46207091212272644,0.05451623722910881,,0.7864540815353394,,3.460834264755249,,,,,,,,,,,,,
38,,,,135439,,,,,,,,,,,,0.46207091212272644,0.06907694786787033,,0.6927307844161987,,4.475727558135986,,,,,,,,,,,,,
38,,,,135459,,,,,,,,,,,,0.46207091212272644,0.10425861179828644,,0.5488599538803101,,4.49379825592041,,,,,,,,,,,,,
38,,,,135479,,,,,,,,,,,,0.46207091212272644,0.06667651981115341,,0.6875655651092529,,4.470548629760742,,,,,,,,,,,,,
38,,,,135499,,,,,,,,,,,,0.46207091212272644,0.098641537129879,,0.6169049739837646,,4.4239983558654785,,,,,,,,,,,,,
38,,,,135519,,,,,,,,,,,,0.46207091212272644,0.10419817268848419,,0.529108464717865,,4.475952625274658,,,,,,,,,,,,,
38,,,,135539,,,,,,,,,,,,0.46207091212272644,0.11776087433099747,,0.4066309332847595,,3.186309576034546,,,,,,,,,,,,,
38,,,,135559,,,,,,,,,,,,0.46207091212272644,0.082492396235466,,0.6514396071434021,,4.494993209838867,,,,,,,,,,,,,
38,,,,135579,,,,,,,,,,,,0.46207091212272644,0.11038041114807129,,0.39679378271102905,,3.1169748306274414,,,,,,,,,,,,,
38,,,,135599,,,,,,,,,,,,0.46207091212272644,0.11011164635419846,,0.5735210180282593,,4.556061744689941,,,,,,,,,,,,,
38,,,,135619,,,,,,,,,,,,0.46207091212272644,0.09704552590847015,,0.41363683342933655,,3.1758549213409424,,,,,,,,,,,,,
38,,,,135639,,,,,,,,,,,,0.46207091212272644,0.09790514409542084,,0.46383798122406006,,3.1783502101898193,,,,,,,,,,,,,
38,,,,135659,,,,,,,,,,,,0.46207091212272644,0.06797125935554504,,0.7847756743431091,,4.409357070922852,,,,,,,,,,,,,
38,,,,135679,,,,,,,,,,,,0.46207091212272644,0.053605057299137115,,0.8288227915763855,,3.50252628326416,,,,,,,,,,,,,
38,,,,135699,,,,,,,,,,,,0.46207091212272644,0.09656308591365814,,0.5405051708221436,,4.409056663513184,,,,,,,,,,,,,
38,,,,135719,,,,,,,,,,,,0.46207091212272644,0.10618709027767181,,0.5532256960868835,,4.443359375,,,,,,,,,,,,,
38,,,,135739,,,,,,,,,,,,0.46207091212272644,0.10391940176486969,,0.562096893787384,,4.298078536987305,,,,,,,,,,,,,
38,,,,135759,,,,,,,,,,,,0.46207091212272644,0.09721875190734863,,0.61459881067276,,4.486505508422852,,,,,,,,,,,,,
38,,,,135779,,,,,,,,,,,,0.46207091212272644,0.09951356798410416,,0.40393635630607605,,3.216890811920166,,,,,,,,,,,,,
38,,,,135797,,,,,,,,,,,,,,,,,,0.7218573093414307,0.8595904111862183,0.7242211103439331,0.7258133888244629,0.5635000467300415,0.7274056077003479,0.6598019003868103,0.7554382085800171,0.704372763633728,0.7925131916999817,0.8098741173744202,0.6028622388839722,0.7218573093414307
38,,,,135797,,,,,,,,,0.6193854212760925,0.0874941349029541,0.462065726518631,,,0.59767746925354,,3.835355281829834,,,,,,,,,,,,,,
,0.00017191245428436173,0.00017191245428436173,1.7191245428436175e-05,135798,,,,,,,,,,,,,,,,,,,,,,,,,,,,,,
39,,,,135799,,,,,,,,,,,,0.46207091212272644,0.10586847364902496,,0.4098159372806549,,3.2374649047851562,,,,,,,,,,,,,
39,,,,135819,,,,,,,,,,,,0.46207091212272644,0.10370166599750519,,0.3997231721878052,,3.2174017429351807,,,,,,,,,,,,,
39,,,,135839,,,,,,,,,,,,0.46207091212272644,0.06113717705011368,,0.7433336973190308,,3.3969764709472656,,,,,,,,,,,,,
39,,,,135859,,,,,,,,,,,,0.46207091212272644,0.08059746026992798,,0.4830232262611389,,3.2202820777893066,,,,,,,,,,,,,
39,,,,135879,,,,,,,,,,,,0.46207091212272644,0.11052581667900085,,0.5626018047332764,,4.506586074829102,,,,,,,,,,,,,
39,,,,135899,,,,,,,,,,,,0.46207091212272644,0.05016438663005829,,0.8900673985481262,,3.67012357711792,,,,,,,,,,,,,
39,,,,135919,,,,,,,,,,,,0.46207091212272644,0.06803341209888458,,0.6976180672645569,,4.470404148101807,,,,,,,,,,,,,
39,,,,135939,,,,,,,,,,,,0.46207091212272644,0.11561917513608932,,0.5316889882087708,,4.447237968444824,,,,,,,,,,,,,
39,,,,135959,,,,,,,,,,,,0.46207091212272644,0.11735173314809799,,0.5266338586807251,,4.426766395568848,,,,,,,,,,,,,
39,,,,135979,,,,,,,,,,,,0.46207091212272644,0.11639968305826187,,0.5272632241249084,,4.433496475219727,,,,,,,,,,,,,
39,,,,135999,,,,,,,,,,,,0.46207091212272644,0.10519419610500336,,0.5258930921554565,,4.489795684814453,,,,,,,,,,,,,
39,,,,136019,,,,,,,,,,,,0.46207091212272644,0.11335553228855133,,0.39935627579689026,,3.176539421081543,,,,,,,,,,,,,
39,,,,136039,,,,,,,,,,,,0.46207091212272644,0.054343290627002716,,0.6634255647659302,,3.1556203365325928,,,,,,,,,,,,,
39,,,,136059,,,,,,,,,,,,0.46207091212272644,0.0656166598200798,,0.7129061222076416,,4.573755264282227,,,,,,,,,,,,,
39,,,,136079,,,,,,,,,,,,0.46207091212272644,0.10889904201030731,,0.396484375,,3.133040189743042,,,,,,,,,,,,,
39,,,,136099,,,,,,,,,,,,0.46207091212272644,0.10328227281570435,,0.4565757215023041,,3.1344141960144043,,,,,,,,,,,,,
39,,,,136119,,,,,,,,,,,,0.46207091212272644,0.0985596776008606,,0.5339136123657227,,4.499917984008789,,,,,,,,,,,,,
39,,,,136139,,,,,,,,,,,,0.46207091212272644,0.0575370118021965,,0.8842977285385132,,4.415460586547852,,,,,,,,,,,,,
39,,,,136159,,,,,,,,,,,,0.46207091212272644,0.10693010687828064,,0.4213603436946869,,3.1639456748962402,,,,,,,,,,,,,
39,,,,136179,,,,,,,,,,,,0.46207091212272644,0.10475582629442215,,0.3962051272392273,,3.1885600090026855,,,,,,,,,,,,,
39,,,,136199,,,,,,,,,,,,0.46207091212272644,0.11203590780496597,,0.3997918665409088,,3.163121223449707,,,,,,,,,,,,,
39,,,,136219,,,,,,,,,,,,0.46207091212272644,0.10848115384578705,,0.5337725281715393,,4.477263927459717,,,,,,,,,,,,,
39,,,,136239,,,,,,,,,,,,0.46207091212272644,0.09971285611391068,,0.5216203331947327,,3.2056241035461426,,,,,,,,,,,,,
39,,,,136259,,,,,,,,,,,,0.46207091212272644,0.06631861627101898,,0.8129379749298096,,4.446772575378418,,,,,,,,,,,,,
39,,,,136279,,,,,,,,,,,,0.46207091212272644,0.061203066259622574,,0.8841122388839722,,4.157067775726318,,,,,,,,,,,,,
39,,,,136299,,,,,,,,,,,,0.46207091212272644,0.05551120266318321,,0.8645016551017761,,3.559356927871704,,,,,,,,,,,,,
39,,,,136319,,,,,,,,,,,,0.46207091212272644,0.11596936732530594,,0.410464346408844,,3.214984893798828,,,,,,,,,,,,,
39,,,,136339,,,,,,,,,,,,0.46207091212272644,0.05294547975063324,,0.9577534794807434,,4.326813220977783,,,,,,,,,,,,,
39,,,,136359,,,,,,,,,,,,0.46207091212272644,0.07131707668304443,,0.7027563452720642,,4.4528703689575195,,,,,,,,,,,,,
39,,,,136379,,,,,,,,,,,,0.46207091212272644,0.09970196336507797,,0.409323513507843,,3.2054429054260254,,,,,,,,,,,,,
39,,,,136399,,,,,,,,,,,,0.46207091212272644,0.10212251543998718,,0.4016840159893036,,3.2207374572753906,,,,,,,,,,,,,
39,,,,136419,,,,,,,,,,,,0.46207091212272644,0.05927231162786484,,0.8253186345100403,,4.461907386779785,,,,,,,,,,,,,
39,,,,136439,,,,,,,,,,,,0.46207091212272644,0.05835525691509247,,0.6565583348274231,,3.2097997665405273,,,,,,,,,,,,,
39,,,,136459,,,,,,,,,,,,0.46207091212272644,0.11031318455934525,,0.4009895622730255,,3.1352007389068604,,,,,,,,,,,,,
39,,,,136479,,,,,,,,,,,,0.46207091212272644,0.11251453310251236,,0.47309479117393494,,3.1279847621917725,,,,,,,,,,,,,
39,,,,136499,,,,,,,,,,,,0.46207091212272644,0.10211168229579926,,0.3950481414794922,,3.105966567993164,,,,,,,,,,,,,
39,,,,136519,,,,,,,,,,,,0.46207091212272644,0.12003929913043976,,0.4066404104232788,,3.156278371810913,,,,,,,,,,,,,
39,,,,136539,,,,,,,,,,,,0.46207091212272644,0.09438381344079971,,0.6597933769226074,,4.49921178817749,,,,,,,,,,,,,
39,,,,136559,,,,,,,,,,,,0.46207091212272644,0.0604298934340477,,0.7912828922271729,,4.403018951416016,,,,,,,,,,,,,
39,,,,136579,,,,,,,,,,,,0.46207091212272644,0.09816707670688629,,0.45900315046310425,,3.1434249877929688,,,,,,,,,,,,,
39,,,,136599,,,,,,,,,,,,0.46207091212272644,0.109427310526371,,0.39778533577919006,,3.1046957969665527,,,,,,,,,,,,,
39,,,,136619,,,,,,,,,,,,0.46207091212272644,0.06117095425724983,,0.9109328389167786,,3.8090267181396484,,,,,,,,,,,,,
39,,,,136639,,,,,,,,,,,,0.46207091212272644,0.04385119304060936,,0.9490939378738403,,3.9213719367980957,,,,,,,,,,,,,
39,,,,136659,,,,,,,,,,,,0.46207091212272644,0.050378091633319855,,0.9345042705535889,,4.138726234436035,,,,,,,,,,,,,
39,,,,136679,,,,,,,,,,,,0.46207091212272644,0.054106976836919785,,0.823438823223114,,3.606518268585205,,,,,,,,,,,,,
39,,,,136699,,,,,,,,,,,,0.46207091212272644,0.10180316865444183,,0.39222049713134766,,3.1822524070739746,,,,,,,,,,,,,
39,,,,136719,,,,,,,,,,,,0.46207091212272644,0.04492662847042084,,0.7432522177696228,,3.2679762840270996,,,,,,,,,,,,,
39,,,,136739,,,,,,,,,,,,0.46207091212272644,0.04742593318223953,,0.7046576738357544,,3.185823440551758,,,,,,,,,,,,,
39,,,,136759,,,,,,,,,,,,0.46207091212272644,0.10921632498502731,,0.39791226387023926,,3.146829128265381,,,,,,,,,,,,,
39,,,,136779,,,,,,,,,,,,0.46207091212272644,0.12294434010982513,,0.4310609698295593,,3.119056224822998,,,,,,,,,,,,,
39,,,,136799,,,,,,,,,,,,0.46207091212272644,0.05453436076641083,,0.8202926516532898,,3.4344258308410645,,,,,,,,,,,,,
39,,,,136819,,,,,,,,,,,,0.46207091212272644,0.10942873358726501,,0.534434974193573,,4.4798479080200195,,,,,,,,,,,,,
39,,,,136839,,,,,,,,,,,,0.46207091212272644,0.11103351414203644,,0.41910338401794434,,3.228541851043701,,,,,,,,,,,,,
39,,,,136859,,,,,,,,,,,,0.46207091212272644,0.062439605593681335,,0.7909563779830933,,4.372628211975098,,,,,,,,,,,,,
39,,,,136879,,,,,,,,,,,,0.46207091212272644,0.056204646825790405,,0.6448867321014404,,3.2940638065338135,,,,,,,,,,,,,
39,,,,136899,,,,,,,,,,,,0.46207091212272644,0.11202883720397949,,0.4103333652019501,,3.2687668800354004,,,,,,,,,,,,,
39,,,,136919,,,,,,,,,,,,0.46207091212272644,0.05576370656490326,,0.8764148354530334,,4.058502197265625,,,,,,,,,,,,,
39,,,,136939,,,,,,,,,,,,0.46207091212272644,0.10790999233722687,,0.40644511580467224,,3.216294765472412,,,,,,,,,,,,,
39,,,,136959,,,,,,,,,,,,0.46207091212272644,0.057924821972846985,,0.758242130279541,,4.330802917480469,,,,,,,,,,,,,
39,,,,136979,,,,,,,,,,,,0.46207091212272644,0.05137888714671135,,0.7597684264183044,,3.2174057960510254,,,,,,,,,,,,,
39,,,,136999,,,,,,,,,,,,0.46207091212272644,0.07069641351699829,,0.8347824215888977,,4.0185980796813965,,,,,,,,,,,,,
39,,,,137019,,,,,,,,,,,,0.46207091212272644,0.05638197809457779,,0.9521981477737427,,4.048699378967285,,,,,,,,,,,,,
39,,,,137039,,,,,,,,,,,,0.46207091212272644,0.06988249719142914,,0.6381564140319824,,3.241956949234009,,,,,,,,,,,,,
39,,,,137059,,,,,,,,,,,,0.46207091212272644,0.12169794738292694,,0.5420953035354614,,4.503633499145508,,,,,,,,,,,,,
39,,,,137079,,,,,,,,,,,,0.46207091212272644,0.08508443087339401,,0.6656308174133301,,4.447033882141113,,,,,,,,,,,,,
39,,,,137099,,,,,,,,,,,,0.46207091212272644,0.0808708667755127,,0.6304413080215454,,4.429900169372559,,,,,,,,,,,,,
39,,,,137119,,,,,,,,,,,,0.46207091212272644,0.05611602962017059,,0.7840007543563843,,4.346519947052002,,,,,,,,,,,,,
39,,,,137139,,,,,,,,,,,,0.46207091212272644,0.07399201393127441,,0.6650973558425903,,4.44481897354126,,,,,,,,,,,,,
39,,,,137159,,,,,,,,,,,,0.46207091212272644,0.10633300989866257,,0.40560224652290344,,3.1981661319732666,,,,,,,,,,,,,
39,,,,137179,,,,,,,,,,,,0.46207091212272644,0.10972155630588531,,0.41578105092048645,,3.164102554321289,,,,,,,,,,,,,
39,,,,137199,,,,,,,,,,,,0.46207091212272644,0.060619138181209564,,0.8608956933021545,,3.9088661670684814,,,,,,,,,,,,,
39,,,,137219,,,,,,,,,,,,0.46207091212272644,0.08042094111442566,,0.7248632907867432,,4.540866851806641,,,,,,,,,,,,,
39,,,,137239,,,,,,,,,,,,0.46207091212272644,0.07667000591754913,,0.5332093834877014,,3.1361591815948486,,,,,,,,,,,,,
39,,,,137259,,,,,,,,,,,,0.46207091212272644,0.05939992889761925,,0.6431993246078491,,3.2281975746154785,,,,,,,,,,,,,
39,,,,137279,,,,,,,,,,,,0.46207091212272644,0.11350885033607483,,0.5345962643623352,,4.482449531555176,,,,,,,,,,,,,
39,,,,137299,,,,,,,,,,,,0.46207091212272644,0.08853722363710403,,0.648208498954773,,4.462212562561035,,,,,,,,,,,,,
39,,,,137319,,,,,,,,,,,,0.46207091212272644,0.11523564159870148,,0.5431202054023743,,4.544948577880859,,,,,,,,,,,,,
39,,,,137339,,,,,,,,,,,,0.46207091212272644,0.11052675545215607,,0.5305294990539551,,4.490262031555176,,,,,,,,,,,,,
39,,,,137359,,,,,,,,,,,,0.46207091212272644,0.04909127205610275,,0.6058385372161865,,3.3061938285827637,,,,,,,,,,,,,
39,,,,137379,,,,,,,,,,,,0.46207091212272644,0.11355699598789215,,0.5218478441238403,,4.397652626037598,,,,,,,,,,,,,
39,,,,137399,,,,,,,,,,,,0.46207091212272644,0.10132282972335815,,0.4065934419631958,,3.2334532737731934,,,,,,,,,,,,,
39,,,,137419,,,,,,,,,,,,0.46207091212272644,0.05894482880830765,,0.8214102983474731,,4.200315952301025,,,,,,,,,,,,,
39,,,,137439,,,,,,,,,,,,0.46207091212272644,0.11044818162918091,,0.5233545303344727,,4.445465564727783,,,,,,,,,,,,,
39,,,,137459,,,,,,,,,,,,0.46207091212272644,0.06271114200353622,,0.7125491499900818,,3.3501241207122803,,,,,,,,,,,,,
39,,,,137479,,,,,,,,,,,,0.46207091212272644,0.10523118078708649,,0.5398701429367065,,4.340786457061768,,,,,,,,,,,,,
39,,,,137499,,,,,,,,,,,,0.46207091212272644,0.09895172715187073,,0.42332422733306885,,3.257622003555298,,,,,,,,,,,,,
39,,,,137519,,,,,,,,,,,,0.46207091212272644,0.10338687151670456,,0.4027225375175476,,3.2361507415771484,,,,,,,,,,,,,
39,,,,137539,,,,,,,,,,,,0.46207091212272644,0.08481630682945251,,0.41943296790122986,,3.2603659629821777,,,,,,,,,,,,,
39,,,,137559,,,,,,,,,,,,0.46207091212272644,0.057316526770591736,,0.7672805190086365,,4.2902655601501465,,,,,,,,,,,,,
39,,,,137579,,,,,,,,,,,,0.46207091212272644,0.04608725756406784,,0.8438354730606079,,4.260858535766602,,,,,,,,,,,,,
39,,,,137599,,,,,,,,,,,,0.46207091212272644,0.05290074646472931,,0.8925899863243103,,4.170888900756836,,,,,,,,,,,,,
39,,,,137619,,,,,,,,,,,,0.46207091212272644,0.10799698531627655,,0.5272721648216248,,4.472659111022949,,,,,,,,,,,,,
39,,,,137639,,,,,,,,,,,,0.46207091212272644,0.07490158081054688,,0.5428855419158936,,3.256335735321045,,,,,,,,,,,,,
39,,,,137659,,,,,,,,,,,,0.46207091212272644,0.10404492169618607,,0.5373974442481995,,4.467637062072754,,,,,,,,,,,,,
39,,,,137679,,,,,,,,,,,,0.46207091212272644,0.06737019121646881,,0.8476092219352722,,4.457699775695801,,,,,,,,,,,,,
39,,,,137699,,,,,,,,,,,,0.46207091212272644,0.11318154633045197,,0.5250621438026428,,4.452469825744629,,,,,,,,,,,,,
39,,,,137719,,,,,,,,,,,,0.46207091212272644,0.08402292430400848,,0.8175218105316162,,4.418853759765625,,,,,,,,,,,,,
39,,,,137739,,,,,,,,,,,,0.46207091212272644,0.10326050221920013,,0.396859735250473,,3.211085796356201,,,,,,,,,,,,,
39,,,,137759,,,,,,,,,,,,0.46207091212272644,0.10444939136505127,,0.40869390964508057,,3.2542548179626465,,,,,,,,,,,,,
39,,,,137779,,,,,,,,,,,,0.46207091212272644,0.1095980703830719,,0.4332638084888458,,3.1859939098358154,,,,,,,,,,,,,
39,,,,137799,,,,,,,,,,,,0.46207091212272644,0.06131310388445854,,0.6790667176246643,,3.195894718170166,,,,,,,,,,,,,
39,,,,137819,,,,,,,,,,,,0.46207091212272644,0.11041800677776337,,0.4013415277004242,,3.160851001739502,,,,,,,,,,,,,
39,,,,137839,,,,,,,,,,,,0.46207091212272644,0.10650114715099335,,0.5411009192466736,,4.45424747467041,,,,,,,,,,,,,
39,,,,137859,,,,,,,,,,,,0.46207091212272644,0.06715092062950134,,0.7090322375297546,,4.34354829788208,,,,,,,,,,,,,
39,,,,137879,,,,,,,,,,,,0.46207091212272644,0.10603123903274536,,0.5271931290626526,,4.405495643615723,,,,,,,,,,,,,
39,,,,137899,,,,,,,,,,,,0.46207091212272644,0.06082506850361824,,0.7121694684028625,,3.3651671409606934,,,,,,,,,,,,,
39,,,,137919,,,,,,,,,,,,0.46207091212272644,0.07222218811511993,,0.5459132790565491,,3.269526720046997,,,,,,,,,,,,,
39,,,,137939,,,,,,,,,,,,0.46207091212272644,0.10767573118209839,,0.4066559076309204,,3.2699952125549316,,,,,,,,,,,,,
39,,,,137959,,,,,,,,,,,,0.46207091212272644,0.06675729155540466,,0.8166615962982178,,3.5866165161132812,,,,,,,,,,,,,
39,,,,137979,,,,,,,,,,,,0.46207091212272644,0.08409999310970306,,0.5508342385292053,,3.2094054222106934,,,,,,,,,,,,,
39,,,,137999,,,,,,,,,,,,0.46207091212272644,0.06436032056808472,,0.6552704572677612,,4.435441017150879,,,,,,,,,,,,,
39,,,,138019,,,,,,,,,,,,0.46207091212272644,0.06589893996715546,,0.8026230335235596,,4.373457908630371,,,,,,,,,,,,,
39,,,,138039,,,,,,,,,,,,0.46207091212272644,0.07923614233732224,,0.6155994534492493,,3.248319149017334,,,,,,,,,,,,,
39,,,,138059,,,,,,,,,,,,0.46207091212272644,0.060780979692935944,,0.8219268321990967,,4.312298774719238,,,,,,,,,,,,,
39,,,,138079,,,,,,,,,,,,0.46207091212272644,0.05783559009432793,,0.8897059559822083,,3.986830711364746,,,,,,,,,,,,,
39,,,,138099,,,,,,,,,,,,0.46207091212272644,0.0633019357919693,,0.6120940446853638,,3.163435459136963,,,,,,,,,,,,,
39,,,,138119,,,,,,,,,,,,0.46207091212272644,0.11486580967903137,,0.5513122081756592,,4.509326934814453,,,,,,,,,,,,,
39,,,,138139,,,,,,,,,,,,0.46207091212272644,0.104428231716156,,0.49851346015930176,,3.1515491008758545,,,,,,,,,,,,,
39,,,,138159,,,,,,,,,,,,0.46207091212272644,0.05856378749012947,,0.6123192310333252,,3.1336817741394043,,,,,,,,,,,,,
39,,,,138179,,,,,,,,,,,,0.46207091212272644,0.055392105132341385,,0.9219509959220886,,4.560701847076416,,,,,,,,,,,,,
39,,,,138199,,,,,,,,,,,,0.46207091212272644,0.1123821958899498,,0.39479780197143555,,3.100830078125,,,,,,,,,,,,,
39,,,,138219,,,,,,,,,,,,0.46207091212272644,0.06088948994874954,,0.8681067824363708,,4.3087077140808105,,,,,,,,,,,,,
39,,,,138239,,,,,,,,,,,,0.46207091212272644,0.11121444404125214,,0.4775467813014984,,3.175018787384033,,,,,,,,,,,,,
39,,,,138259,,,,,,,,,,,,0.46207091212272644,0.06353389471769333,,0.7355258464813232,,3.327219009399414,,,,,,,,,,,,,
39,,,,138279,,,,,,,,,,,,0.46207091212272644,0.10522732883691788,,0.5772315263748169,,4.372756004333496,,,,,,,,,,,,,
39,,,,138299,,,,,,,,,,,,0.46207091212272644,0.10343368351459503,,0.5443099737167358,,3.1834545135498047,,,,,,,,,,,,,
39,,,,138319,,,,,,,,,,,,0.46207091212272644,0.1067141517996788,,0.45152395963668823,,3.1750760078430176,,,,,,,,,,,,,
39,,,,138339,,,,,,,,,,,,0.46207091212272644,0.11647716164588928,,0.5452784895896912,,4.514446258544922,,,,,,,,,,,,,
39,,,,138359,,,,,,,,,,,,0.46207091212272644,0.07209363579750061,,0.4903535544872284,,3.13737154006958,,,,,,,,,,,,,
39,,,,138379,,,,,,,,,,,,0.46207091212272644,0.10181526839733124,,0.5694780945777893,,4.6003265380859375,,,,,,,,,,,,,
39,,,,138399,,,,,,,,,,,,0.46207091212272644,0.05643651634454727,,0.8748672604560852,,4.503835678100586,,,,,,,,,,,,,
39,,,,138419,,,,,,,,,,,,0.46207091212272644,0.08671495318412781,,0.6349909901618958,,4.574103832244873,,,,,,,,,,,,,
39,,,,138439,,,,,,,,,,,,0.46207091212272644,0.06937368959188461,,0.8076184391975403,,4.582003593444824,,,,,,,,,,,,,
39,,,,138459,,,,,,,,,,,,0.46207091212272644,0.053866371512413025,,0.8692418336868286,,4.248854637145996,,,,,,,,,,,,,
39,,,,138479,,,,,,,,,,,,0.46207091212272644,0.1085735335946083,,0.39686548709869385,,3.177717685699463,,,,,,,,,,,,,
39,,,,138499,,,,,,,,,,,,0.46207091212272644,0.05388326570391655,,0.756767213344574,,3.357402801513672,,,,,,,,,,,,,
39,,,,138519,,,,,,,,,,,,0.46207091212272644,0.10824401676654816,,0.5613696575164795,,4.411027908325195,,,,,,,,,,,,,
39,,,,138539,,,,,,,,,,,,0.46207091212272644,0.10530825704336166,,0.3968163728713989,,3.1553006172180176,,,,,,,,,,,,,
39,,,,138559,,,,,,,,,,,,0.46207091212272644,0.1045454889535904,,0.5302779078483582,,4.512552261352539,,,,,,,,,,,,,
39,,,,138579,,,,,,,,,,,,0.46207091212272644,0.06710974127054214,,0.8250824213027954,,4.159943580627441,,,,,,,,,,,,,
39,,,,138599,,,,,,,,,,,,0.46207091212272644,0.11064183712005615,,0.5452139377593994,,4.462657451629639,,,,,,,,,,,,,
39,,,,138619,,,,,,,,,,,,0.46207091212272644,0.08845513314008713,,0.5863630771636963,,4.399608135223389,,,,,,,,,,,,,
39,,,,138639,,,,,,,,,,,,0.46207091212272644,0.11343280225992203,,0.5503579378128052,,4.408686637878418,,,,,,,,,,,,,
39,,,,138659,,,,,,,,,,,,0.46207091212272644,0.09834761917591095,,0.5950661897659302,,4.45848274230957,,,,,,,,,,,,,
39,,,,138679,,,,,,,,,,,,0.46207091212272644,0.08812723308801651,,0.5979006290435791,,3.1633107662200928,,,,,,,,,,,,,
39,,,,138699,,,,,,,,,,,,0.46207091212272644,0.058880649507045746,,0.9070099592208862,,4.059391975402832,,,,,,,,,,,,,
39,,,,138719,,,,,,,,,,,,0.46207091212272644,0.11551132798194885,,0.5357872843742371,,4.525376319885254,,,,,,,,,,,,,
39,,,,138739,,,,,,,,,,,,0.46207091212272644,0.11793743073940277,,0.5386221408843994,,4.4989824295043945,,,,,,,,,,,,,
39,,,,138759,,,,,,,,,,,,0.46207091212272644,0.09728944301605225,,0.400947630405426,,3.196040391921997,,,,,,,,,,,,,
39,,,,138779,,,,,,,,,,,,0.46207091212272644,0.067950539290905,,0.7931066751480103,,3.5989034175872803,,,,,,,,,,,,,
39,,,,138799,,,,,,,,,,,,0.46207091212272644,0.06082963943481445,,0.7279812693595886,,3.273714542388916,,,,,,,,,,,,,
39,,,,138819,,,,,,,,,,,,0.46207091212272644,0.09727288782596588,,0.45510661602020264,,3.206569194793701,,,,,,,,,,,,,
39,,,,138839,,,,,,,,,,,,0.46207091212272644,0.05915765464305878,,0.9128603935241699,,4.212985038757324,,,,,,,,,,,,,
39,,,,138859,,,,,,,,,,,,0.46207091212272644,0.11612822860479355,,0.5307859778404236,,4.421240329742432,,,,,,,,,,,,,
39,,,,138879,,,,,,,,,,,,0.46207091212272644,0.0596674419939518,,0.9307135343551636,,4.01841926574707,,,,,,,,,,,,,
39,,,,138899,,,,,,,,,,,,0.46207091212272644,0.0765874832868576,,0.6836418509483337,,4.425356864929199,,,,,,,,,,,,,
39,,,,138919,,,,,,,,,,,,0.46207091212272644,0.05880582332611084,,0.8005580902099609,,3.4966235160827637,,,,,,,,,,,,,
39,,,,138939,,,,,,,,,,,,0.46207091212272644,0.05974089726805687,,0.7982126474380493,,4.410152435302734,,,,,,,,,,,,,
39,,,,138959,,,,,,,,,,,,0.46207091212272644,0.0902736634016037,,0.5784170031547546,,4.433041095733643,,,,,,,,,,,,,
39,,,,138979,,,,,,,,,,,,0.46207091212272644,0.11578959226608276,,0.40454623103141785,,3.2224202156066895,,,,,,,,,,,,,
39,,,,138999,,,,,,,,,,,,0.46207091212272644,0.06023227795958519,,0.8961070775985718,,4.378812313079834,,,,,,,,,,,,,
39,,,,139019,,,,,,,,,,,,0.46207091212272644,0.10924704372882843,,0.5781474709510803,,4.441729545593262,,,,,,,,,,,,,
39,,,,139039,,,,,,,,,,,,0.46207091212272644,0.11008499562740326,,0.40654832124710083,,3.223839282989502,,,,,,,,,,,,,
39,,,,139059,,,,,,,,,,,,0.46207091212272644,0.11198166757822037,,0.6587383151054382,,4.44264030456543,,,,,,,,,,,,,
39,,,,139079,,,,,,,,,,,,0.46207091212272644,0.1223527193069458,,0.5436162948608398,,4.3971967697143555,,,,,,,,,,,,,
39,,,,139099,,,,,,,,,,,,0.46207091212272644,0.1122661903500557,,0.5232089757919312,,4.3979597091674805,,,,,,,,,,,,,
39,,,,139119,,,,,,,,,,,,0.46207091212272644,0.10582301765680313,,0.5715911984443665,,4.411195278167725,,,,,,,,,,,,,
39,,,,139139,,,,,,,,,,,,0.46207091212272644,0.11420615017414093,,0.4154033958911896,,3.2766191959381104,,,,,,,,,,,,,
39,,,,139159,,,,,,,,,,,,0.46207091212272644,0.09235494583845139,,0.6288573741912842,,4.409725666046143,,,,,,,,,,,,,
39,,,,139179,,,,,,,,,,,,0.46207091212272644,0.07304807007312775,,0.5730973482131958,,3.234271764755249,,,,,,,,,,,,,
39,,,,139199,,,,,,,,,,,,0.46207091212272644,0.1044715940952301,,0.579586386680603,,4.385864734649658,,,,,,,,,,,,,
39,,,,139219,,,,,,,,,,,,0.46207091212272644,0.05945774167776108,,0.6094393730163574,,3.242588520050049,,,,,,,,,,,,,
39,,,,139239,,,,,,,,,,,,0.46207091212272644,0.09999018907546997,,0.4040764272212982,,3.1962063312530518,,,,,,,,,,,,,
39,,,,139259,,,,,,,,,,,,0.46207091212272644,0.11199019849300385,,0.5829646587371826,,4.437547206878662,,,,,,,,,,,,,
39,,,,139279,,,,,,,,,,,,0.46207091212272644,0.11677569895982742,,0.5557559728622437,,4.406126022338867,,,,,,,,,,,,,
39,,,,139279,,,,,,,,,,,,,,,,,,0.6030586957931519,0.8531473278999329,0.5671942234039307,0.5952280759811401,0.5592518448829651,0.6232618689537048,0.4776757061481476,0.5803515315055847,0.7159872055053711,0.7738940119743347,0.7868176102638245,0.2163487672805786,0.6030586957931519
39,,,,139279,,,,,,,,,0.6248912811279297,0.08916207402944565,0.462065726518631,,,0.597660481929779,,3.82460355758667,,,,,,,,,,,,,,
,0.000165679269490148,0.000165679269490148,1.65679269490148e-05,139280,,,,,,,,,,,,,,,,,,,,,,,,,,,,,,
40,,,,139299,,,,,,,,,,,,0.46207091212272644,0.10585115849971771,,0.5584577322006226,,4.402061462402344,,,,,,,,,,,,,
40,,,,139319,,,,,,,,,,,,0.46207091212272644,0.10819388926029205,,0.5278598666191101,,4.397884368896484,,,,,,,,,,,,,
40,,,,139339,,,,,,,,,,,,0.46207091212272644,0.11097894608974457,,0.40857571363449097,,3.2500295639038086,,,,,,,,,,,,,
40,,,,139359,,,,,,,,,,,,0.46207091212272644,0.11045394092798233,,0.4129391014575958,,3.268444061279297,,,,,,,,,,,,,
40,,,,139379,,,,,,,,,,,,0.46207091212272644,0.09305357933044434,,0.5742337703704834,,3.255307674407959,,,,,,,,,,,,,
40,,,,139399,,,,,,,,,,,,0.46207091212272644,0.10862122476100922,,0.5515194535255432,,4.3681230545043945,,,,,,,,,,,,,
40,,,,139419,,,,,,,,,,,,0.46207091212272644,0.10653568804264069,,0.5812106728553772,,4.424419403076172,,,,,,,,,,,,,
40,,,,139439,,,,,,,,,,,,0.46207091212272644,0.11611996591091156,,0.5255911350250244,,4.417391777038574,,,,,,,,,,,,,
40,,,,139459,,,,,,,,,,,,0.46207091212272644,0.07480473071336746,,0.6310480237007141,,3.2206783294677734,,,,,,,,,,,,,
40,,,,139479,,,,,,,,,,,,0.46207091212272644,0.05467519536614418,,0.8710410594940186,,4.271018981933594,,,,,,,,,,,,,
40,,,,139499,,,,,,,,,,,,0.46207091212272644,0.05985579267144203,,0.8625403642654419,,3.981088161468506,,,,,,,,,,,,,
40,,,,139519,,,,,,,,,,,,0.46207091212272644,0.05465199798345566,,1.028706669807434,,4.239579200744629,,,,,,,,,,,,,
40,,,,139539,,,,,,,,,,,,0.46207091212272644,0.0988258495926857,,0.552210807800293,,4.437033653259277,,,,,,,,,,,,,
40,,,,139559,,,,,,,,,,,,0.46207091212272644,0.10500605404376984,,0.511078417301178,,3.2743847370147705,,,,,,,,,,,,,
40,,,,139579,,,,,,,,,,,,0.46207091212272644,0.09673072397708893,,0.5275250673294067,,4.423807144165039,,,,,,,,,,,,,
40,,,,139599,,,,,,,,,,,,0.46207091212272644,0.09638597071170807,,0.5369622111320496,,3.2293612957000732,,,,,,,,,,,,,
40,,,,139619,,,,,,,,,,,,0.46207091212272644,0.05203493684530258,,0.9373170733451843,,4.181403636932373,,,,,,,,,,,,,
40,,,,139639,,,,,,,,,,,,0.46207091212272644,0.06451475620269775,,0.7311554551124573,,4.342905521392822,,,,,,,,,,,,,
40,,,,139659,,,,,,,,,,,,0.46207091212272644,0.05343957245349884,,0.8986401557922363,,3.702336072921753,,,,,,,,,,,,,
40,,,,139679,,,,,,,,,,,,0.46207091212272644,0.06459208577871323,,0.7957813143730164,,3.996748208999634,,,,,,,,,,,,,
40,,,,139699,,,,,,,,,,,,0.46207091212272644,0.11586327105760574,,0.5159943699836731,,4.329230308532715,,,,,,,,,,,,,
40,,,,139719,,,,,,,,,,,,0.46207091212272644,0.09519200772047043,,0.549415111541748,,3.3852553367614746,,,,,,,,,,,,,
40,,,,139739,,,,,,,,,,,,0.46207091212272644,0.09751798957586288,,0.5210210680961609,,4.33919620513916,,,,,,,,,,,,,
40,,,,139759,,,,,,,,,,,,0.46207091212272644,0.05268477648496628,,0.8655041456222534,,3.4394214153289795,,,,,,,,,,,,,
40,,,,139779,,,,,,,,,,,,0.46207091212272644,0.0876920148730278,,0.6429949402809143,,4.347565650939941,,,,,,,,,,,,,
40,,,,139799,,,,,,,,,,,,0.46207091212272644,0.1116754412651062,,0.5114042162895203,,4.308215141296387,,,,,,,,,,,,,
40,,,,139819,,,,,,,,,,,,0.46207091212272644,0.04151073843240738,,0.7921599745750427,,3.5090107917785645,,,,,,,,,,,,,
40,,,,139839,,,,,,,,,,,,0.46207091212272644,0.07759474962949753,,0.6752221584320068,,4.341765403747559,,,,,,,,,,,,,
40,,,,139859,,,,,,,,,,,,0.46207091212272644,0.11278408020734787,,0.5213543176651001,,4.351110458374023,,,,,,,,,,,,,
40,,,,139879,,,,,,,,,,,,0.46207091212272644,0.08992566913366318,,0.41267129778862,,3.305433750152588,,,,,,,,,,,,,
40,,,,139899,,,,,,,,,,,,0.46207091212272644,0.060211874544620514,,0.8397084474563599,,4.396624565124512,,,,,,,,,,,,,
40,,,,139919,,,,,,,,,,,,0.46207091212272644,0.06249799206852913,,0.8496179580688477,,3.9864282608032227,,,,,,,,,,,,,
40,,,,139939,,,,,,,,,,,,0.46207091212272644,0.09722934663295746,,0.5101608037948608,,3.3561439514160156,,,,,,,,,,,,,
40,,,,139959,,,,,,,,,,,,0.46207091212272644,0.11392252147197723,,0.5252235531806946,,4.357142448425293,,,,,,,,,,,,,
40,,,,139979,,,,,,,,,,,,0.46207091212272644,0.06337051093578339,,0.7868104577064514,,4.413166046142578,,,,,,,,,,,,,
40,,,,139999,,,,,,,,,,,,0.46207091212272644,0.04621164873242378,,0.7476485371589661,,3.377361297607422,,,,,,,,,,,,,
40,,,,140019,,,,,,,,,,,,0.46207091212272644,0.056997016072273254,,0.7157180905342102,,3.351339340209961,,,,,,,,,,,,,
40,,,,140039,,,,,,,,,,,,0.46207091212272644,0.05650264024734497,,0.6413552761077881,,3.2649364471435547,,,,,,,,,,,,,
40,,,,140059,,,,,,,,,,,,0.46207091212272644,0.10097044706344604,,0.4563331604003906,,3.297757148742676,,,,,,,,,,,,,
40,,,,140079,,,,,,,,,,,,0.46207091212272644,0.11818480491638184,,0.5950973629951477,,4.405877113342285,,,,,,,,,,,,,
40,,,,140099,,,,,,,,,,,,0.46207091212272644,0.10398989915847778,,0.4357241094112396,,3.2935359477996826,,,,,,,,,,,,,
40,,,,140119,,,,,,,,,,,,0.46207091212272644,0.11504273116588593,,0.5222978591918945,,4.4198808670043945,,,,,,,,,,,,,
40,,,,140139,,,,,,,,,,,,0.46207091212272644,0.07201553881168365,,0.559779942035675,,3.2016897201538086,,,,,,,,,,,,,
40,,,,140159,,,,,,,,,,,,0.46207091212272644,0.06473678350448608,,0.7150728702545166,,3.224724054336548,,,,,,,,,,,,,
40,,,,140179,,,,,,,,,,,,0.46207091212272644,0.11224789917469025,,0.4051106870174408,,3.1933298110961914,,,,,,,,,,,,,
40,,,,140199,,,,,,,,,,,,0.46207091212272644,0.10906530916690826,,0.4106941521167755,,3.2322747707366943,,,,,,,,,,,,,
40,,,,140219,,,,,,,,,,,,0.46207091212272644,0.0536222830414772,,0.8358049392700195,,4.446207046508789,,,,,,,,,,,,,
40,,,,140239,,,,,,,,,,,,0.46207091212272644,0.10816172510385513,,0.5301207304000854,,4.460447788238525,,,,,,,,,,,,,
40,,,,140259,,,,,,,,,,,,0.46207091212272644,0.0703795999288559,,0.7712863683700562,,4.4406843185424805,,,,,,,,,,,,,
40,,,,140279,,,,,,,,,,,,0.46207091212272644,0.06459182500839233,,0.8065730333328247,,4.186039447784424,,,,,,,,,,,,,
40,,,,140299,,,,,,,,,,,,0.46207091212272644,0.05580412596464157,,0.9770346879959106,,3.7982687950134277,,,,,,,,,,,,,
40,,,,140319,,,,,,,,,,,,0.46207091212272644,0.05900198966264725,,0.8039131760597229,,3.5829172134399414,,,,,,,,,,,,,
40,,,,140339,,,,,,,,,,,,0.46207091212272644,0.10428977012634277,,0.3977053165435791,,3.208437442779541,,,,,,,,,,,,,
40,,,,140359,,,,,,,,,,,,0.46207091212272644,0.11599649488925934,,0.5424157977104187,,4.489569664001465,,,,,,,,,,,,,
40,,,,140379,,,,,,,,,,,,0.46207091212272644,0.10055163502693176,,0.4008362889289856,,3.1992146968841553,,,,,,,,,,,,,
40,,,,140399,,,,,,,,,,,,0.46207091212272644,0.09186112135648727,,0.6428701281547546,,4.457649230957031,,,,,,,,,,,,,
40,,,,140419,,,,,,,,,,,,0.46207091212272644,0.06581419706344604,,0.691044270992279,,3.257584571838379,,,,,,,,,,,,,
40,,,,140439,,,,,,,,,,,,0.46207091212272644,0.0705336183309555,,0.6816003918647766,,4.499411106109619,,,,,,,,,,,,,
40,,,,140459,,,,,,,,,,,,0.46207091212272644,0.10730811208486557,,0.5964464545249939,,4.460275650024414,,,,,,,,,,,,,
40,,,,140479,,,,,,,,,,,,0.46207091212272644,0.10977138578891754,,0.528554379940033,,4.439444541931152,,,,,,,,,,,,,
40,,,,140499,,,,,,,,,,,,0.46207091212272644,0.11508455872535706,,0.4095922112464905,,3.244391441345215,,,,,,,,,,,,,
40,,,,140519,,,,,,,,,,,,0.46207091212272644,0.06741794943809509,,0.8481170535087585,,3.9545645713806152,,,,,,,,,,,,,
40,,,,140539,,,,,,,,,,,,0.46207091212272644,0.049429118633270264,,0.738513708114624,,3.3036835193634033,,,,,,,,,,,,,
40,,,,140559,,,,,,,,,,,,0.46207091212272644,0.10194513946771622,,0.5170521140098572,,4.440693378448486,,,,,,,,,,,,,
40,,,,140579,,,,,,,,,,,,0.46207091212272644,0.11189353466033936,,0.5372660160064697,,4.457181930541992,,,,,,,,,,,,,
40,,,,140599,,,,,,,,,,,,0.46207091212272644,0.10263896733522415,,0.4015505015850067,,3.189666271209717,,,,,,,,,,,,,
40,,,,140619,,,,,,,,,,,,0.46207091212272644,0.10089761018753052,,0.6641505360603333,,4.484775543212891,,,,,,,,,,,,,
40,,,,140639,,,,,,,,,,,,0.46207091212272644,0.05557894706726074,,0.9011059403419495,,4.10856819152832,,,,,,,,,,,,,
40,,,,140659,,,,,,,,,,,,0.46207091212272644,0.06631189584732056,,0.7738649845123291,,4.484970569610596,,,,,,,,,,,,,
40,,,,140679,,,,,,,,,,,,0.46207091212272644,0.06311684101819992,,0.8653799295425415,,4.247706890106201,,,,,,,,,,,,,
40,,,,140699,,,,,,,,,,,,0.46207091212272644,0.0987604558467865,,0.6274872422218323,,4.416483402252197,,,,,,,,,,,,,
40,,,,140719,,,,,,,,,,,,0.46207091212272644,0.06886515766382217,,0.5886214375495911,,4.448843955993652,,,,,,,,,,,,,
40,,,,140739,,,,,,,,,,,,0.46207091212272644,0.1157408282160759,,0.5277370810508728,,4.433788776397705,,,,,,,,,,,,,
40,,,,140759,,,,,,,,,,,,0.46207091212272644,0.11817150563001633,,0.5293589234352112,,4.454266548156738,,,,,,,,,,,,,
40,,,,140779,,,,,,,,,,,,0.46207091212272644,0.10161440074443817,,0.5323829650878906,,4.351812362670898,,,,,,,,,,,,,
40,,,,140799,,,,,,,,,,,,0.46207091212272644,0.11388479173183441,,0.4065920114517212,,3.2291712760925293,,,,,,,,,,,,,
40,,,,140819,,,,,,,,,,,,0.46207091212272644,0.11257626861333847,,0.40533870458602905,,3.243691921234131,,,,,,,,,,,,,
40,,,,140839,,,,,,,,,,,,0.46207091212272644,0.0641489028930664,,0.6060013175010681,,3.225106954574585,,,,,,,,,,,,,
40,,,,140859,,,,,,,,,,,,0.46207091212272644,0.11256779730319977,,0.5234265923500061,,4.378377437591553,,,,,,,,,,,,,
40,,,,140879,,,,,,,,,,,,0.46207091212272644,0.10364741086959839,,0.4092140793800354,,3.2760772705078125,,,,,,,,,,,,,
40,,,,140899,,,,,,,,,,,,0.46207091212272644,0.11432194709777832,,0.40548354387283325,,3.2276430130004883,,,,,,,,,,,,,
40,,,,140919,,,,,,,,,,,,0.46207091212272644,0.10849347710609436,,0.4502320885658264,,3.214792490005493,,,,,,,,,,,,,
40,,,,140939,,,,,,,,,,,,0.46207091212272644,0.10987250506877899,,0.5338582992553711,,4.447103023529053,,,,,,,,,,,,,
40,,,,140959,,,,,,,,,,,,0.46207091212272644,0.08609630167484283,,0.6158106923103333,,3.167318344116211,,,,,,,,,,,,,
40,,,,140979,,,,,,,,,,,,0.46207091212272644,0.09706611931324005,,0.42640769481658936,,3.2228031158447266,,,,,,,,,,,,,
40,,,,140999,,,,,,,,,,,,0.46207091212272644,0.11627794802188873,,0.40777868032455444,,3.2181427478790283,,,,,,,,,,,,,
40,,,,141019,,,,,,,,,,,,0.46207091212272644,0.11158472299575806,,0.5260900855064392,,4.451228141784668,,,,,,,,,,,,,
40,,,,141039,,,,,,,,,,,,0.46207091212272644,0.05822185426950455,,0.728298008441925,,3.3545970916748047,,,,,,,,,,,,,
40,,,,141059,,,,,,,,,,,,0.46207091212272644,0.11704826354980469,,0.5495322346687317,,4.442343235015869,,,,,,,,,,,,,
40,,,,141079,,,,,,,,,,,,0.46207091212272644,0.06095888465642929,,0.9000393748283386,,3.9664111137390137,,,,,,,,,,,,,
40,,,,141099,,,,,,,,,,,,0.46207091212272644,0.09084542095661163,,0.48739489912986755,,3.151445150375366,,,,,,,,,,,,,
40,,,,141119,,,,,,,,,,,,0.46207091212272644,0.09410446882247925,,0.44785380363464355,,3.1622543334960938,,,,,,,,,,,,,
40,,,,141139,,,,,,,,,,,,0.46207091212272644,0.1122797280550003,,0.5218358635902405,,4.427811622619629,,,,,,,,,,,,,
40,,,,141159,,,,,,,,,,,,0.46207091212272644,0.10596948862075806,,0.5694800615310669,,4.462095260620117,,,,,,,,,,,,,
40,,,,141179,,,,,,,,,,,,0.46207091212272644,0.11097519844770432,,0.5244057178497314,,4.410192489624023,,,,,,,,,,,,,
40,,,,141199,,,,,,,,,,,,0.46207091212272644,0.12302792817354202,,0.4179227650165558,,3.255601406097412,,,,,,,,,,,,,
40,,,,141219,,,,,,,,,,,,0.46207091212272644,0.09850124269723892,,0.45237910747528076,,3.2036705017089844,,,,,,,,,,,,,
40,,,,141239,,,,,,,,,,,,0.46207091212272644,0.08875729888677597,,0.6845892071723938,,4.468504905700684,,,,,,,,,,,,,
40,,,,141259,,,,,,,,,,,,0.46207091212272644,0.12183541804552078,,0.5298036336898804,,4.435659408569336,,,,,,,,,,,,,
40,,,,141279,,,,,,,,,,,,0.46207091212272644,0.11018946766853333,,0.5250820517539978,,4.446804046630859,,,,,,,,,,,,,
40,,,,141299,,,,,,,,,,,,0.46207091212272644,0.09887692332267761,,0.5361188650131226,,4.395416259765625,,,,,,,,,,,,,
40,,,,141319,,,,,,,,,,,,0.46207091212272644,0.06356260925531387,,0.735755443572998,,4.385575294494629,,,,,,,,,,,,,
40,,,,141339,,,,,,,,,,,,0.46207091212272644,0.11149310320615768,,0.4125712513923645,,3.323523759841919,,,,,,,,,,,,,
40,,,,141359,,,,,,,,,,,,0.46207091212272644,0.08880767971277237,,0.5391978025436401,,3.240108013153076,,,,,,,,,,,,,
40,,,,141379,,,,,,,,,,,,0.46207091212272644,0.10942686349153519,,0.40953776240348816,,3.291813373565674,,,,,,,,,,,,,
40,,,,141399,,,,,,,,,,,,0.46207091212272644,0.05618853494524956,,0.7958087921142578,,3.4097704887390137,,,,,,,,,,,,,
40,,,,141419,,,,,,,,,,,,0.46207091212272644,0.1139940470457077,,0.5870368480682373,,4.394465446472168,,,,,,,,,,,,,
40,,,,141439,,,,,,,,,,,,0.46207091212272644,0.05596299469470978,,0.8185863494873047,,4.379136562347412,,,,,,,,,,,,,
40,,,,141459,,,,,,,,,,,,0.46207091212272644,0.07036511600017548,,0.7264059782028198,,4.38983678817749,,,,,,,,,,,,,
40,,,,141479,,,,,,,,,,,,0.46207091212272644,0.07231006771326065,,0.769090473651886,,3.406393051147461,,,,,,,,,,,,,
40,,,,141499,,,,,,,,,,,,0.46207091212272644,0.10506542772054672,,0.4099512994289398,,3.2741286754608154,,,,,,,,,,,,,
40,,,,141519,,,,,,,,,,,,0.46207091212272644,0.05795874446630478,,0.9466727375984192,,4.144554138183594,,,,,,,,,,,,,
40,,,,141539,,,,,,,,,,,,0.46207091212272644,0.06234629079699516,,0.8667975068092346,,3.7944037914276123,,,,,,,,,,,,,
40,,,,141559,,,,,,,,,,,,0.46207091212272644,0.11682090163230896,,0.5288696885108948,,4.44641637802124,,,,,,,,,,,,,
40,,,,141579,,,,,,,,,,,,0.46207091212272644,0.08956168591976166,,0.45738309621810913,,3.216646194458008,,,,,,,,,,,,,
40,,,,141599,,,,,,,,,,,,0.46207091212272644,0.11294650286436081,,0.4012495279312134,,3.1974868774414062,,,,,,,,,,,,,
40,,,,141619,,,,,,,,,,,,0.46207091212272644,0.052877869457006454,,0.8339226841926575,,3.5369255542755127,,,,,,,,,,,,,
40,,,,141639,,,,,,,,,,,,0.46207091212272644,0.05363672226667404,,0.651612401008606,,3.2070324420928955,,,,,,,,,,,,,
40,,,,141659,,,,,,,,,,,,0.46207091212272644,0.06461456418037415,,0.8230212330818176,,4.442828178405762,,,,,,,,,,,,,
40,,,,141679,,,,,,,,,,,,0.46207091212272644,0.0857822448015213,,0.5880398750305176,,3.181474447250366,,,,,,,,,,,,,
40,,,,141699,,,,,,,,,,,,0.46207091212272644,0.11489641666412354,,0.5256825685501099,,4.4394121170043945,,,,,,,,,,,,,
40,,,,141719,,,,,,,,,,,,0.46207091212272644,0.11064185202121735,,0.41348564624786377,,3.1726653575897217,,,,,,,,,,,,,
40,,,,141739,,,,,,,,,,,,0.46207091212272644,0.11411304771900177,,0.5398242473602295,,4.450492858886719,,,,,,,,,,,,,
40,,,,141759,,,,,,,,,,,,0.46207091212272644,0.11653602123260498,,0.4166305959224701,,3.197187900543213,,,,,,,,,,,,,
40,,,,141779,,,,,,,,,,,,0.46207091212272644,0.11005188524723053,,0.3902941644191742,,3.096823215484619,,,,,,,,,,,,,
40,,,,141799,,,,,,,,,,,,0.46207091212272644,0.11238408088684082,,0.5419023036956787,,4.55186128616333,,,,,,,,,,,,,
40,,,,141819,,,,,,,,,,,,0.46207091212272644,0.11195934563875198,,0.542022168636322,,3.196016788482666,,,,,,,,,,,,,
40,,,,141839,,,,,,,,,,,,0.46207091212272644,0.06582587957382202,,0.5528466701507568,,3.2063817977905273,,,,,,,,,,,,,
40,,,,141859,,,,,,,,,,,,0.46207091212272644,0.10132546722888947,,0.6138083338737488,,4.493042469024658,,,,,,,,,,,,,
40,,,,141879,,,,,,,,,,,,0.46207091212272644,0.09458351880311966,,0.5455764532089233,,4.4746246337890625,,,,,,,,,,,,,
40,,,,141899,,,,,,,,,,,,0.46207091212272644,0.06965462118387222,,0.542169988155365,,3.1389901638031006,,,,,,,,,,,,,
40,,,,141919,,,,,,,,,,,,0.46207091212272644,0.07016102224588394,,0.759064793586731,,4.451355934143066,,,,,,,,,,,,,
40,,,,141939,,,,,,,,,,,,0.46207091212272644,0.12095919996500015,,0.5504115223884583,,4.450396537780762,,,,,,,,,,,,,
40,,,,141959,,,,,,,,,,,,0.46207091212272644,0.09817717224359512,,0.5188347697257996,,4.39491081237793,,,,,,,,,,,,,
40,,,,141979,,,,,,,,,,,,0.46207091212272644,0.10398078709840775,,0.6631045341491699,,4.4609270095825195,,,,,,,,,,,,,
40,,,,141999,,,,,,,,,,,,0.46207091212272644,0.11282897740602493,,0.5333989858627319,,4.465972423553467,,,,,,,,,,,,,
40,,,,142019,,,,,,,,,,,,0.46207091212272644,0.06080972030758858,,0.7174739241600037,,3.3191943168640137,,,,,,,,,,,,,
40,,,,142039,,,,,,,,,,,,0.46207091212272644,0.05721493810415268,,0.7675021290779114,,3.340804100036621,,,,,,,,,,,,,
40,,,,142059,,,,,,,,,,,,0.46207091212272644,0.11094214022159576,,0.5396088361740112,,4.459416389465332,,,,,,,,,,,,,
40,,,,142079,,,,,,,,,,,,0.46207091212272644,0.06091098487377167,,0.8363035917282104,,3.7258381843566895,,,,,,,,,,,,,
40,,,,142099,,,,,,,,,,,,0.46207091212272644,0.06373854726552963,,0.7950581312179565,,4.447582244873047,,,,,,,,,,,,,
40,,,,142119,,,,,,,,,,,,0.46207091212272644,0.057561568915843964,,0.8327711224555969,,3.9940662384033203,,,,,,,,,,,,,
40,,,,142139,,,,,,,,,,,,0.46207091212272644,0.0953843891620636,,0.4748947322368622,,3.1347150802612305,,,,,,,,,,,,,
40,,,,142159,,,,,,,,,,,,0.46207091212272644,0.07443362474441528,,0.4816596210002899,,3.1184945106506348,,,,,,,,,,,,,
40,,,,142179,,,,,,,,,,,,0.46207091212272644,0.06002763658761978,,0.8364954590797424,,4.457251071929932,,,,,,,,,,,,,
40,,,,142199,,,,,,,,,,,,0.46207091212272644,0.06112261116504669,,0.6821579337120056,,3.1883041858673096,,,,,,,,,,,,,
40,,,,142219,,,,,,,,,,,,0.46207091212272644,0.05592853203415871,,0.901719331741333,,4.3791093826293945,,,,,,,,,,,,,
40,,,,142239,,,,,,,,,,,,0.46207091212272644,0.07957352697849274,,0.7552004456520081,,4.523720741271973,,,,,,,,,,,,,
40,,,,142259,,,,,,,,,,,,0.46207091212272644,0.09571804106235504,,0.4031367599964142,,3.1845040321350098,,,,,,,,,,,,,
40,,,,142279,,,,,,,,,,,,0.46207091212272644,0.06155109032988548,,0.7658431529998779,,4.482806205749512,,,,,,,,,,,,,
40,,,,142299,,,,,,,,,,,,0.46207091212272644,0.058548521250486374,,0.8259071707725525,,3.3990674018859863,,,,,,,,,,,,,
40,,,,142319,,,,,,,,,,,,0.46207091212272644,0.09716787934303284,,0.42193469405174255,,3.252617835998535,,,,,,,,,,,,,
40,,,,142339,,,,,,,,,,,,0.46207091212272644,0.07684336602687836,,0.6357343792915344,,3.2432587146759033,,,,,,,,,,,,,
40,,,,142359,,,,,,,,,,,,0.46207091212272644,0.11207975447177887,,0.5255743861198425,,4.417463302612305,,,,,,,,,,,,,
40,,,,142379,,,,,,,,,,,,0.46207091212272644,0.11178305745124817,,0.5270681381225586,,4.44442081451416,,,,,,,,,,,,,
40,,,,142399,,,,,,,,,,,,0.46207091212272644,0.05310002714395523,,0.9214320778846741,,3.965623378753662,,,,,,,,,,,,,
40,,,,142419,,,,,,,,,,,,0.46207091212272644,0.0942656472325325,,0.5821646451950073,,4.502367973327637,,,,,,,,,,,,,
40,,,,142439,,,,,,,,,,,,0.46207091212272644,0.057334668934345245,,0.6796146631240845,,3.234323024749756,,,,,,,,,,,,,
40,,,,142459,,,,,,,,,,,,0.46207091212272644,0.10166016966104507,,0.41154253482818604,,3.207369327545166,,,,,,,,,,,,,
40,,,,142479,,,,,,,,,,,,0.46207091212272644,0.06972596794366837,,0.920179009437561,,3.8375935554504395,,,,,,,,,,,,,
40,,,,142499,,,,,,,,,,,,0.46207091212272644,0.1078873798251152,,0.4015084505081177,,3.222036838531494,,,,,,,,,,,,,
40,,,,142519,,,,,,,,,,,,0.46207091212272644,0.044621922075748444,,0.7829079627990723,,3.261556625366211,,,,,,,,,,,,,
40,,,,142539,,,,,,,,,,,,0.46207091212272644,0.11315497756004333,,0.39768776297569275,,3.132429599761963,,,,,,,,,,,,,
40,,,,142559,,,,,,,,,,,,0.46207091212272644,0.0624542161822319,,0.913567841053009,,4.358366012573242,,,,,,,,,,,,,
40,,,,142579,,,,,,,,,,,,0.46207091212272644,0.10545329004526138,,0.5614524483680725,,4.527008056640625,,,,,,,,,,,,,
40,,,,142599,,,,,,,,,,,,0.46207091212272644,0.09485846012830734,,0.5347734689712524,,4.471298694610596,,,,,,,,,,,,,
40,,,,142619,,,,,,,,,,,,0.46207091212272644,0.11281213164329529,,0.414603590965271,,3.197364330291748,,,,,,,,,,,,,
40,,,,142639,,,,,,,,,,,,0.46207091212272644,0.06781762838363647,,0.7626438140869141,,4.512190341949463,,,,,,,,,,,,,
40,,,,142659,,,,,,,,,,,,0.46207091212272644,0.05585753917694092,,0.6352720260620117,,3.1767897605895996,,,,,,,,,,,,,
40,,,,142679,,,,,,,,,,,,0.46207091212272644,0.10375307500362396,,0.40108612179756165,,3.190760850906372,,,,,,,,,,,,,
40,,,,142699,,,,,,,,,,,,0.46207091212272644,0.05374810844659805,,0.8724287748336792,,4.381098747253418,,,,,,,,,,,,,
40,,,,142719,,,,,,,,,,,,0.46207091212272644,0.10931068658828735,,0.41115254163742065,,3.227438449859619,,,,,,,,,,,,,
40,,,,142739,,,,,,,,,,,,0.46207091212272644,0.1118864193558693,,0.4069649577140808,,3.2335543632507324,,,,,,,,,,,,,
40,,,,142759,,,,,,,,,,,,0.46207091212272644,0.11034642904996872,,0.41841453313827515,,3.2713418006896973,,,,,,,,,,,,,
40,,,,142761,,,,,,,,,,,,,,,,,,0.7100685834884644,0.8486677408218384,0.7138868570327759,0.716402530670166,0.5962690711021423,0.7189182043075562,0.6500106453895569,0.7487586736679077,0.7059123516082764,0.7650169730186462,0.8126879334449768,0.5920554995536804,0.7100685834884644
40,,,,142761,,,,,,,,,0.6111607551574707,0.08940115571022034,0.462065726518631,,,0.6028477549552917,,3.8454513549804688,,,,,,,,,,,,,,
,0.000159418577929397,0.000159418577929397,1.5941857792939702e-05,142762,,,,,,,,,,,,,,,,,,,,,,,,,,,,,,
41,,,,142779,,,,,,,,,,,,0.46207091212272644,0.09555849432945251,,0.6199042201042175,,4.448395729064941,,,,,,,,,,,,,
41,,,,142799,,,,,,,,,,,,0.46207091212272644,0.10510553419589996,,0.5211577415466309,,4.426936626434326,,,,,,,,,,,,,
41,,,,142819,,,,,,,,,,,,0.46207091212272644,0.1046849712729454,,0.5328096151351929,,4.433966159820557,,,,,,,,,,,,,
41,,,,142839,,,,,,,,,,,,0.46207091212272644,0.10273729264736176,,0.585811197757721,,4.477088928222656,,,,,,,,,,,,,
41,,,,142859,,,,,,,,,,,,0.46207091212272644,0.064608134329319,,0.8461574912071228,,4.4613938331604,,,,,,,,,,,,,
41,,,,142879,,,,,,,,,,,,0.46207091212272644,0.062094803899526596,,0.8019232153892517,,4.469627380371094,,,,,,,,,,,,,
41,,,,142899,,,,,,,,,,,,0.46207091212272644,0.06343363970518112,,0.7900980710983276,,4.530219078063965,,,,,,,,,,,,,
41,,,,142919,,,,,,,,,,,,0.46207091212272644,0.1086464375257492,,0.3966057300567627,,3.1521763801574707,,,,,,,,,,,,,
41,,,,142939,,,,,,,,,,,,0.46207091212272644,0.05658429116010666,,0.8579994440078735,,4.215117454528809,,,,,,,,,,,,,
41,,,,142959,,,,,,,,,,,,0.46207091212272644,0.06316347420215607,,0.7883590459823608,,3.9307565689086914,,,,,,,,,,,,,
41,,,,142979,,,,,,,,,,,,0.46207091212272644,0.05830550193786621,,0.6856799125671387,,3.196664333343506,,,,,,,,,,,,,
41,,,,142999,,,,,,,,,,,,0.46207091212272644,0.10188448429107666,,0.525869607925415,,4.502264499664307,,,,,,,,,,,,,
41,,,,143019,,,,,,,,,,,,0.46207091212272644,0.10354039818048477,,0.5309842824935913,,4.446145057678223,,,,,,,,,,,,,
41,,,,143039,,,,,,,,,,,,0.46207091212272644,0.09046036005020142,,0.49895867705345154,,3.293492078781128,,,,,,,,,,,,,
41,,,,143059,,,,,,,,,,,,0.46207091212272644,0.10850318521261215,,0.5200002193450928,,4.4080610275268555,,,,,,,,,,,,,
41,,,,143079,,,,,,,,,,,,0.46207091212272644,0.06382415443658829,,0.7683848142623901,,4.397192001342773,,,,,,,,,,,,,
41,,,,143099,,,,,,,,,,,,0.46207091212272644,0.06263931095600128,,0.7666460275650024,,3.5008981227874756,,,,,,,,,,,,,
41,,,,143119,,,,,,,,,,,,0.46207091212272644,0.08114680647850037,,0.5420222282409668,,4.444090843200684,,,,,,,,,,,,,
41,,,,143139,,,,,,,,,,,,0.46207091212272644,0.10135285556316376,,0.5641893148422241,,4.432699203491211,,,,,,,,,,,,,
41,,,,143159,,,,,,,,,,,,0.46207091212272644,0.09876491129398346,,0.5279858112335205,,4.429516792297363,,,,,,,,,,,,,
41,,,,143179,,,,,,,,,,,,0.46207091212272644,0.05499895662069321,,0.8116583824157715,,3.4039015769958496,,,,,,,,,,,,,
41,,,,143199,,,,,,,,,,,,0.46207091212272644,0.11843332648277283,,0.4145267605781555,,3.2287933826446533,,,,,,,,,,,,,
41,,,,143219,,,,,,,,,,,,0.46207091212272644,0.12230128049850464,,0.4077075123786926,,3.21406888961792,,,,,,,,,,,,,
41,,,,143239,,,,,,,,,,,,0.46207091212272644,0.0933159589767456,,0.6252775192260742,,4.522059917449951,,,,,,,,,,,,,
41,,,,143259,,,,,,,,,,,,0.46207091212272644,0.06092151999473572,,0.8770177364349365,,3.9237942695617676,,,,,,,,,,,,,
41,,,,143279,,,,,,,,,,,,0.46207091212272644,0.09947115182876587,,0.423337459564209,,3.2037177085876465,,,,,,,,,,,,,
41,,,,143299,,,,,,,,,,,,0.46207091212272644,0.06233794987201691,,0.6632770299911499,,3.1643166542053223,,,,,,,,,,,,,
41,,,,143319,,,,,,,,,,,,0.46207091212272644,0.098560631275177,,0.5635621547698975,,3.1677846908569336,,,,,,,,,,,,,
41,,,,143339,,,,,,,,,,,,0.46207091212272644,0.10898768901824951,,0.5374348163604736,,4.507623672485352,,,,,,,,,,,,,
41,,,,143359,,,,,,,,,,,,0.46207091212272644,0.07960619032382965,,0.6670709848403931,,4.52888298034668,,,,,,,,,,,,,
41,,,,143379,,,,,,,,,,,,0.46207091212272644,0.08165067434310913,,0.5252075791358948,,3.1513073444366455,,,,,,,,,,,,,
41,,,,143399,,,,,,,,,,,,0.46207091212272644,0.1109626442193985,,0.3998540937900543,,3.1518571376800537,,,,,,,,,,,,,
41,,,,143419,,,,,,,,,,,,0.46207091212272644,0.0768035352230072,,0.7764386534690857,,4.472877502441406,,,,,,,,,,,,,
41,,,,143439,,,,,,,,,,,,0.46207091212272644,0.11473279446363449,,0.4124772250652313,,3.229010820388794,,,,,,,,,,,,,
41,,,,143459,,,,,,,,,,,,0.46207091212272644,0.0560077466070652,,0.7670947909355164,,3.4570631980895996,,,,,,,,,,,,,
41,,,,143479,,,,,,,,,,,,0.46207091212272644,0.08841628581285477,,0.6047905683517456,,4.416473865509033,,,,,,,,,,,,,
41,,,,143499,,,,,,,,,,,,0.46207091212272644,0.10043898224830627,,0.5441802740097046,,4.398470401763916,,,,,,,,,,,,,
41,,,,143519,,,,,,,,,,,,0.46207091212272644,0.11627236753702164,,0.4054130017757416,,3.2312092781066895,,,,,,,,,,,,,
41,,,,143539,,,,,,,,,,,,0.46207091212272644,0.1097651869058609,,0.4159696102142334,,3.2651796340942383,,,,,,,,,,,,,
41,,,,143559,,,,,,,,,,,,0.46207091212272644,0.11785819381475449,,0.5252900719642639,,4.40524959564209,,,,,,,,,,,,,
41,,,,143579,,,,,,,,,,,,0.46207091212272644,0.1084623783826828,,0.5480898022651672,,4.409762382507324,,,,,,,,,,,,,
41,,,,143599,,,,,,,,,,,,0.46207091212272644,0.1124945729970932,,0.5236046314239502,,4.419133186340332,,,,,,,,,,,,,
41,,,,143619,,,,,,,,,,,,0.46207091212272644,0.12201212346553802,,0.420712947845459,,3.2907934188842773,,,,,,,,,,,,,
41,,,,143639,,,,,,,,,,,,0.46207091212272644,0.09936656057834625,,0.4072771668434143,,3.257284641265869,,,,,,,,,,,,,
41,,,,143659,,,,,,,,,,,,0.46207091212272644,0.09498488903045654,,0.41480350494384766,,3.228278636932373,,,,,,,,,,,,,
41,,,,143679,,,,,,,,,,,,0.46207091212272644,0.05073848366737366,,0.6869626045227051,,3.2154996395111084,,,,,,,,,,,,,
41,,,,143699,,,,,,,,,,,,0.46207091212272644,0.056725241243839264,,0.7395625710487366,,3.419557571411133,,,,,,,,,,,,,
41,,,,143719,,,,,,,,,,,,0.46207091212272644,0.05575718730688095,,0.877288818359375,,4.239567756652832,,,,,,,,,,,,,
41,,,,143739,,,,,,,,,,,,0.46207091212272644,0.09453979134559631,,0.5997933745384216,,4.464967727661133,,,,,,,,,,,,,
41,,,,143759,,,,,,,,,,,,0.46207091212272644,0.12359176576137543,,0.537759006023407,,4.440919876098633,,,,,,,,,,,,,
41,,,,143779,,,,,,,,,,,,0.46207091212272644,0.04681418463587761,,0.8614636659622192,,3.9502243995666504,,,,,,,,,,,,,
41,,,,143799,,,,,,,,,,,,0.46207091212272644,0.11161170154809952,,0.46153828501701355,,3.2227020263671875,,,,,,,,,,,,,
41,,,,143819,,,,,,,,,,,,0.46207091212272644,0.10064617544412613,,0.5323936343193054,,4.409636497497559,,,,,,,,,,,,,
41,,,,143839,,,,,,,,,,,,0.46207091212272644,0.07591161131858826,,0.6089658737182617,,3.2459421157836914,,,,,,,,,,,,,
41,,,,143859,,,,,,,,,,,,0.46207091212272644,0.09464365243911743,,0.5323101282119751,,4.4035162925720215,,,,,,,,,,,,,
41,,,,143879,,,,,,,,,,,,0.46207091212272644,0.10665713250637054,,0.5309504270553589,,4.437002182006836,,,,,,,,,,,,,
41,,,,143899,,,,,,,,,,,,0.46207091212272644,0.11207935214042664,,0.5253131985664368,,4.428478240966797,,,,,,,,,,,,,
41,,,,143919,,,,,,,,,,,,0.46207091212272644,0.06508268415927887,,0.8601542711257935,,4.11159610748291,,,,,,,,,,,,,
41,,,,143939,,,,,,,,,,,,0.46207091212272644,0.11031167209148407,,0.5202929973602295,,4.408888816833496,,,,,,,,,,,,,
41,,,,143959,,,,,,,,,,,,0.46207091212272644,0.1004934310913086,,0.6172046661376953,,4.427022933959961,,,,,,,,,,,,,
41,,,,143979,,,,,,,,,,,,0.46207091212272644,0.11341984570026398,,0.4140380322933197,,3.303014039993286,,,,,,,,,,,,,
41,,,,143999,,,,,,,,,,,,0.46207091212272644,0.05922328680753708,,0.8286390900611877,,3.5717995166778564,,,,,,,,,,,,,
41,,,,144019,,,,,,,,,,,,0.46207091212272644,0.08166101574897766,,0.6245954632759094,,4.401952266693115,,,,,,,,,,,,,
41,,,,144039,,,,,,,,,,,,0.46207091212272644,0.11465661227703094,,0.5212433934211731,,4.397762298583984,,,,,,,,,,,,,
41,,,,144059,,,,,,,,,,,,0.46207091212272644,0.09523319453001022,,0.4796648323535919,,3.2874574661254883,,,,,,,,,,,,,
41,,,,144079,,,,,,,,,,,,0.46207091212272644,0.10605719685554504,,0.4980562925338745,,3.25592303276062,,,,,,,,,,,,,
41,,,,144099,,,,,,,,,,,,0.46207091212272644,0.10902011394500732,,0.4257393777370453,,3.2454216480255127,,,,,,,,,,,,,
41,,,,144119,,,,,,,,,,,,0.46207091212272644,0.07262171059846878,,0.5926454663276672,,3.197253465652466,,,,,,,,,,,,,
41,,,,144139,,,,,,,,,,,,0.46207091212272644,0.07192661613225937,,0.560619056224823,,3.152761936187744,,,,,,,,,,,,,
41,,,,144159,,,,,,,,,,,,0.46207091212272644,0.10965815931558609,,0.40066707134246826,,3.21449875831604,,,,,,,,,,,,,
41,,,,144179,,,,,,,,,,,,0.46207091212272644,0.10079236328601837,,0.5152910947799683,,4.401505470275879,,,,,,,,,,,,,
41,,,,144199,,,,,,,,,,,,0.46207091212272644,0.10950233042240143,,0.41821953654289246,,3.3132243156433105,,,,,,,,,,,,,
41,,,,144219,,,,,,,,,,,,0.46207091212272644,0.06735599040985107,,0.8180788159370422,,4.248271942138672,,,,,,,,,,,,,
41,,,,144239,,,,,,,,,,,,0.46207091212272644,0.10721732676029205,,0.5735297799110413,,4.442596435546875,,,,,,,,,,,,,
41,,,,144259,,,,,,,,,,,,0.46207091212272644,0.07604336738586426,,0.5506940484046936,,3.2142391204833984,,,,,,,,,,,,,
41,,,,144279,,,,,,,,,,,,0.46207091212272644,0.07104341685771942,,0.7044937014579773,,3.2543630599975586,,,,,,,,,,,,,
41,,,,144299,,,,,,,,,,,,0.46207091212272644,0.05497869849205017,,0.8168829083442688,,4.455149173736572,,,,,,,,,,,,,
41,,,,144319,,,,,,,,,,,,0.46207091212272644,0.09840583801269531,,0.43395012617111206,,3.2657198905944824,,,,,,,,,,,,,
41,,,,144339,,,,,,,,,,,,0.46207091212272644,0.11054299026727676,,0.406832754611969,,3.2350142002105713,,,,,,,,,,,,,
41,,,,144359,,,,,,,,,,,,0.46207091212272644,0.10749843716621399,,0.526806652545929,,4.445497512817383,,,,,,,,,,,,,
41,,,,144379,,,,,,,,,,,,0.46207091212272644,0.11864474415779114,,0.528015673160553,,4.420295715332031,,,,,,,,,,,,,
41,,,,144399,,,,,,,,,,,,0.46207091212272644,0.0532260537147522,,0.7840760946273804,,3.3584601879119873,,,,,,,,,,,,,
41,,,,144419,,,,,,,,,,,,0.46207091212272644,0.11266125738620758,,0.5656675696372986,,4.430005073547363,,,,,,,,,,,,,
41,,,,144439,,,,,,,,,,,,0.46207091212272644,0.05580008402466774,,0.8530357480049133,,4.242466926574707,,,,,,,,,,,,,
41,,,,144459,,,,,,,,,,,,0.46207091212272644,0.07928867638111115,,0.7060160040855408,,4.474208831787109,,,,,,,,,,,,,
41,,,,144479,,,,,,,,,,,,0.46207091212272644,0.09222772717475891,,0.5380038022994995,,3.2397637367248535,,,,,,,,,,,,,
41,,,,144499,,,,,,,,,,,,0.46207091212272644,0.07187216728925705,,0.8962018489837646,,4.206380367279053,,,,,,,,,,,,,
41,,,,144519,,,,,,,,,,,,0.46207091212272644,0.10285116732120514,,0.44877421855926514,,3.229344367980957,,,,,,,,,,,,,
41,,,,144539,,,,,,,,,,,,0.46207091212272644,0.09873700141906738,,0.5332345962524414,,3.261441946029663,,,,,,,,,,,,,
41,,,,144559,,,,,,,,,,,,0.46207091212272644,0.08799054473638535,,0.411382794380188,,3.2104544639587402,,,,,,,,,,,,,
41,,,,144579,,,,,,,,,,,,0.46207091212272644,0.1069360077381134,,0.5192726254463196,,4.386409759521484,,,,,,,,,,,,,
41,,,,144599,,,,,,,,,,,,0.46207091212272644,0.09767330437898636,,0.4267786145210266,,3.247310161590576,,,,,,,,,,,,,
41,,,,144619,,,,,,,,,,,,0.46207091212272644,0.10356788337230682,,0.5417991280555725,,4.37677001953125,,,,,,,,,,,,,
41,,,,144639,,,,,,,,,,,,0.46207091212272644,0.10860946774482727,,0.4025691747665405,,3.2491650581359863,,,,,,,,,,,,,
41,,,,144659,,,,,,,,,,,,0.46207091212272644,0.1030464619398117,,0.5302461981773376,,4.442575454711914,,,,,,,,,,,,,
41,,,,144679,,,,,,,,,,,,0.46207091212272644,0.11114374548196793,,0.5252548456192017,,4.41505241394043,,,,,,,,,,,,,
41,,,,144699,,,,,,,,,,,,0.46207091212272644,0.11270429193973541,,0.5160871744155884,,4.345396995544434,,,,,,,,,,,,,
41,,,,144719,,,,,,,,,,,,0.46207091212272644,0.10909032076597214,,0.5457250475883484,,4.435763835906982,,,,,,,,,,,,,
41,,,,144739,,,,,,,,,,,,0.46207091212272644,0.11290773749351501,,0.5192798376083374,,4.356196403503418,,,,,,,,,,,,,
41,,,,144759,,,,,,,,,,,,0.46207091212272644,0.10162308812141418,,0.5306477546691895,,4.456518173217773,,,,,,,,,,,,,
41,,,,144779,,,,,,,,,,,,0.46207091212272644,0.0707617849111557,,0.6864708065986633,,4.49567985534668,,,,,,,,,,,,,
41,,,,144799,,,,,,,,,,,,0.46207091212272644,0.06551486253738403,,0.86171555519104,,3.9434728622436523,,,,,,,,,,,,,
41,,,,144819,,,,,,,,,,,,0.46207091212272644,0.0959528237581253,,0.4573354125022888,,3.2213006019592285,,,,,,,,,,,,,
41,,,,144839,,,,,,,,,,,,0.46207091212272644,0.05976156145334244,,0.9102727174758911,,4.381511211395264,,,,,,,,,,,,,
41,,,,144859,,,,,,,,,,,,0.46207091212272644,0.05922495946288109,,0.7817467451095581,,4.406120777130127,,,,,,,,,,,,,
41,,,,144879,,,,,,,,,,,,0.46207091212272644,0.09333283454179764,,0.5282443165779114,,4.393120765686035,,,,,,,,,,,,,
41,,,,144899,,,,,,,,,,,,0.46207091212272644,0.11155945062637329,,0.523772120475769,,4.394281387329102,,,,,,,,,,,,,
41,,,,144919,,,,,,,,,,,,0.46207091212272644,0.10964421182870865,,0.5230261087417603,,4.414200782775879,,,,,,,,,,,,,
41,,,,144939,,,,,,,,,,,,0.46207091212272644,0.05968043580651283,,0.732445240020752,,3.3586864471435547,,,,,,,,,,,,,
41,,,,144959,,,,,,,,,,,,0.46207091212272644,0.08140932023525238,,0.6131151914596558,,4.442722320556641,,,,,,,,,,,,,
41,,,,144979,,,,,,,,,,,,0.46207091212272644,0.0943814367055893,,0.40867823362350464,,3.256044626235962,,,,,,,,,,,,,
41,,,,144999,,,,,,,,,,,,0.46207091212272644,0.11337153613567352,,0.5338462591171265,,4.430520057678223,,,,,,,,,,,,,
41,,,,145019,,,,,,,,,,,,0.46207091212272644,0.11440660059452057,,0.5254852175712585,,4.416079998016357,,,,,,,,,,,,,
41,,,,145039,,,,,,,,,,,,0.46207091212272644,0.08401048183441162,,0.49833518266677856,,3.2314789295196533,,,,,,,,,,,,,
41,,,,145059,,,,,,,,,,,,0.46207091212272644,0.107619509100914,,0.41037270426750183,,3.27221417427063,,,,,,,,,,,,,
41,,,,145079,,,,,,,,,,,,0.46207091212272644,0.05195560306310654,,0.8633594512939453,,4.385849952697754,,,,,,,,,,,,,
41,,,,145099,,,,,,,,,,,,0.46207091212272644,0.10498720407485962,,0.5433111190795898,,4.434274673461914,,,,,,,,,,,,,
41,,,,145119,,,,,,,,,,,,0.46207091212272644,0.12590771913528442,,0.5393261313438416,,4.485308647155762,,,,,,,,,,,,,
41,,,,145139,,,,,,,,,,,,0.46207091212272644,0.11613745987415314,,0.40321680903434753,,3.183347702026367,,,,,,,,,,,,,
41,,,,145159,,,,,,,,,,,,0.46207091212272644,0.10429315268993378,,0.5267133712768555,,4.472150802612305,,,,,,,,,,,,,
41,,,,145179,,,,,,,,,,,,0.46207091212272644,0.08978010714054108,,0.5432866215705872,,4.471301078796387,,,,,,,,,,,,,
41,,,,145199,,,,,,,,,,,,0.46207091212272644,0.06627189368009567,,0.8805665969848633,,4.417219161987305,,,,,,,,,,,,,
41,,,,145219,,,,,,,,,,,,0.46207091212272644,0.10966461896896362,,0.5319745540618896,,4.443990707397461,,,,,,,,,,,,,
41,,,,145239,,,,,,,,,,,,0.46207091212272644,0.07354748249053955,,0.6818768382072449,,4.488018989562988,,,,,,,,,,,,,
41,,,,145259,,,,,,,,,,,,0.46207091212272644,0.11052792519330978,,0.4064674377441406,,3.147094249725342,,,,,,,,,,,,,
41,,,,145279,,,,,,,,,,,,0.46207091212272644,0.10945332050323486,,0.5333994626998901,,4.526336193084717,,,,,,,,,,,,,
41,,,,145299,,,,,,,,,,,,0.46207091212272644,0.04966534674167633,,0.9451789259910583,,4.128600120544434,,,,,,,,,,,,,
41,,,,145319,,,,,,,,,,,,0.46207091212272644,0.11007313430309296,,0.5360937118530273,,4.473169326782227,,,,,,,,,,,,,
41,,,,145339,,,,,,,,,,,,0.46207091212272644,0.10277647525072098,,0.4093233644962311,,3.23970627784729,,,,,,,,,,,,,
41,,,,145359,,,,,,,,,,,,0.46207091212272644,0.09840674698352814,,0.613402783870697,,4.448498725891113,,,,,,,,,,,,,
41,,,,145379,,,,,,,,,,,,0.46207091212272644,0.05516054481267929,,0.8425056338310242,,4.285220146179199,,,,,,,,,,,,,
41,,,,145399,,,,,,,,,,,,0.46207091212272644,0.05843964219093323,,0.8712520599365234,,4.123167514801025,,,,,,,,,,,,,
41,,,,145419,,,,,,,,,,,,0.46207091212272644,0.05554644390940666,,0.8965391516685486,,3.967988967895508,,,,,,,,,,,,,
41,,,,145439,,,,,,,,,,,,0.46207091212272644,0.1138594001531601,,0.52278733253479,,4.381608009338379,,,,,,,,,,,,,
41,,,,145459,,,,,,,,,,,,0.46207091212272644,0.047734584659338,,0.8809916377067566,,4.2794508934021,,,,,,,,,,,,,
41,,,,145479,,,,,,,,,,,,0.46207091212272644,0.05185186117887497,,0.8738192915916443,,4.312467575073242,,,,,,,,,,,,,
41,,,,145499,,,,,,,,,,,,0.46207091212272644,0.0655306875705719,,0.8633890151977539,,4.112830638885498,,,,,,,,,,,,,
41,,,,145519,,,,,,,,,,,,0.46207091212272644,0.0483146496117115,,0.9047826528549194,,3.799389123916626,,,,,,,,,,,,,
41,,,,145539,,,,,,,,,,,,0.46207091212272644,0.108591228723526,,0.4027882516384125,,3.219067096710205,,,,,,,,,,,,,
41,,,,145559,,,,,,,,,,,,0.46207091212272644,0.11803464591503143,,0.5348576307296753,,4.473412036895752,,,,,,,,,,,,,
41,,,,145579,,,,,,,,,,,,0.46207091212272644,0.058085694909095764,,0.8425182700157166,,4.40327262878418,,,,,,,,,,,,,
41,,,,145599,,,,,,,,,,,,0.46207091212272644,0.062334343791007996,,0.8599690198898315,,3.736142873764038,,,,,,,,,,,,,
41,,,,145619,,,,,,,,,,,,0.46207091212272644,0.09162978827953339,,0.7763423919677734,,4.326425075531006,,,,,,,,,,,,,
41,,,,145639,,,,,,,,,,,,0.46207091212272644,0.09742045402526855,,0.5063930749893188,,4.376096725463867,,,,,,,,,,,,,
41,,,,145659,,,,,,,,,,,,0.46207091212272644,0.11919059604406357,,0.4134182631969452,,3.269824504852295,,,,,,,,,,,,,
41,,,,145679,,,,,,,,,,,,0.46207091212272644,0.07557216286659241,,0.7690590023994446,,4.3645782470703125,,,,,,,,,,,,,
41,,,,145699,,,,,,,,,,,,0.46207091212272644,0.09107261896133423,,0.7379496097564697,,4.40907096862793,,,,,,,,,,,,,
41,,,,145719,,,,,,,,,,,,0.46207091212272644,0.11211186647415161,,0.5262948870658875,,4.425151824951172,,,,,,,,,,,,,
41,,,,145739,,,,,,,,,,,,0.46207091212272644,0.06304043531417847,,0.668240487575531,,3.2033843994140625,,,,,,,,,,,,,
41,,,,145759,,,,,,,,,,,,0.46207091212272644,0.05728708207607269,,0.9071862101554871,,3.5239310264587402,,,,,,,,,,,,,
41,,,,145779,,,,,,,,,,,,0.46207091212272644,0.11766912788152695,,0.5251096487045288,,4.333624362945557,,,,,,,,,,,,,
41,,,,145799,,,,,,,,,,,,0.46207091212272644,0.04679437726736069,,0.9186158180236816,,3.8057971000671387,,,,,,,,,,,,,
41,,,,145819,,,,,,,,,,,,0.46207091212272644,0.11612211912870407,,0.5193989872932434,,4.352829456329346,,,,,,,,,,,,,
41,,,,145839,,,,,,,,,,,,0.46207091212272644,0.08527058362960815,,0.5979105234146118,,4.356392860412598,,,,,,,,,,,,,
41,,,,145859,,,,,,,,,,,,0.46207091212272644,0.07617134600877762,,0.7638567686080933,,4.39178466796875,,,,,,,,,,,,,
41,,,,145879,,,,,,,,,,,,0.46207091212272644,0.056162379682064056,,0.7344325184822083,,3.3292787075042725,,,,,,,,,,,,,
41,,,,145899,,,,,,,,,,,,0.46207091212272644,0.10424136370420456,,0.47724494338035583,,3.273843288421631,,,,,,,,,,,,,
41,,,,145919,,,,,,,,,,,,0.46207091212272644,0.112087681889534,,0.4433574676513672,,3.174894332885742,,,,,,,,,,,,,
41,,,,145939,,,,,,,,,,,,0.46207091212272644,0.08193093538284302,,0.6684739589691162,,4.518299102783203,,,,,,,,,,,,,
41,,,,145959,,,,,,,,,,,,0.46207091212272644,0.11550082266330719,,0.4083858132362366,,3.164010524749756,,,,,,,,,,,,,
41,,,,145979,,,,,,,,,,,,0.46207091212272644,0.06014024093747139,,0.8277787566184998,,4.178963661193848,,,,,,,,,,,,,
41,,,,145999,,,,,,,,,,,,0.46207091212272644,0.06618840992450714,,0.8199580907821655,,4.409300327301025,,,,,,,,,,,,,
41,,,,146019,,,,,,,,,,,,0.46207091212272644,0.0964696928858757,,0.6820650100708008,,4.462278842926025,,,,,,,,,,,,,
41,,,,146039,,,,,,,,,,,,0.46207091212272644,0.08015686273574829,,0.5657243132591248,,3.2248470783233643,,,,,,,,,,,,,
41,,,,146059,,,,,,,,,,,,0.46207091212272644,0.11280663311481476,,0.40377599000930786,,3.178483724594116,,,,,,,,,,,,,
41,,,,146079,,,,,,,,,,,,0.46207091212272644,0.092784583568573,,0.4892614483833313,,3.181739330291748,,,,,,,,,,,,,
41,,,,146099,,,,,,,,,,,,0.46207091212272644,0.11530052870512009,,0.5539273023605347,,4.444392681121826,,,,,,,,,,,,,
41,,,,146119,,,,,,,,,,,,0.46207091212272644,0.11332887411117554,,0.5269322395324707,,4.438331127166748,,,,,,,,,,,,,
41,,,,146139,,,,,,,,,,,,0.46207091212272644,0.10792099684476852,,0.41350704431533813,,3.23309063911438,,,,,,,,,,,,,
41,,,,146159,,,,,,,,,,,,0.46207091212272644,0.09363874793052673,,0.5596184730529785,,4.420241355895996,,,,,,,,,,,,,
41,,,,146179,,,,,,,,,,,,0.46207091212272644,0.10840485990047455,,0.4231668710708618,,3.2965056896209717,,,,,,,,,,,,,
41,,,,146199,,,,,,,,,,,,0.46207091212272644,0.11328158527612686,,0.4121796190738678,,3.231982707977295,,,,,,,,,,,,,
41,,,,146219,,,,,,,,,,,,0.46207091212272644,0.11378726363182068,,0.539482831954956,,4.4206414222717285,,,,,,,,,,,,,
41,,,,146239,,,,,,,,,,,,0.46207091212272644,0.07186353206634521,,0.7147266268730164,,4.396936416625977,,,,,,,,,,,,,
41,,,,146243,,,,,,,,,,,,,,,,,,0.7011575102806091,0.8416051864624023,0.704491138458252,0.7066459059715271,0.5849045515060425,0.7088006734848022,0.6468184590339661,0.7467489242553711,0.7068858742713928,0.7853336930274963,0.7976965308189392,0.5452865362167358,0.7011575102806091
41,,,,146243,,,,,,,,,0.6090142726898193,0.08863328397274017,0.462065726518631,,,0.6032353639602661,,3.85097336769104,,,,,,,,,,,,,,
,0.00015314136298250354,0.00015314136298250354,1.5314136298250355e-05,146244,,,,,,,,,,,,,,,,,,,,,,,,,,,,,,
42,,,,146259,,,,,,,,,,,,0.46207091212272644,0.11570748686790466,,0.5336297154426575,,4.436488151550293,,,,,,,,,,,,,
42,,,,146279,,,,,,,,,,,,0.46207091212272644,0.10777176916599274,,0.6959626078605652,,4.461450099945068,,,,,,,,,,,,,
42,,,,146299,,,,,,,,,,,,0.46207091212272644,0.09997400641441345,,0.5226868987083435,,4.444958686828613,,,,,,,,,,,,,
42,,,,146319,,,,,,,,,,,,0.46207091212272644,0.10219353437423706,,0.42065510153770447,,3.1716806888580322,,,,,,,,,,,,,
42,,,,146339,,,,,,,,,,,,0.46207091212272644,0.06306052207946777,,0.756533682346344,,3.3192944526672363,,,,,,,,,,,,,
42,,,,146359,,,,,,,,,,,,0.46207091212272644,0.10574223101139069,,0.5209337472915649,,4.433504581451416,,,,,,,,,,,,,
42,,,,146379,,,,,,,,,,,,0.46207091212272644,0.07830169051885605,,0.620277464389801,,4.427917003631592,,,,,,,,,,,,,
42,,,,146399,,,,,,,,,,,,0.46207091212272644,0.09469759464263916,,0.5272276997566223,,4.430136680603027,,,,,,,,,,,,,
42,,,,146419,,,,,,,,,,,,0.46207091212272644,0.08322121202945709,,0.6299728155136108,,4.406167507171631,,,,,,,,,,,,,
42,,,,146439,,,,,,,,,,,,0.46207091212272644,0.04874337464570999,,0.9354689717292786,,4.337863445281982,,,,,,,,,,,,,
42,,,,146459,,,,,,,,,,,,0.46207091212272644,0.091814324259758,,0.6196632385253906,,4.441516876220703,,,,,,,,,,,,,
42,,,,146479,,,,,,,,,,,,0.46207091212272644,0.09440433979034424,,0.5140706300735474,,3.286433696746826,,,,,,,,,,,,,
42,,,,146499,,,,,,,,,,,,0.46207091212272644,0.06397958844900131,,0.5471038222312927,,3.2781057357788086,,,,,,,,,,,,,
42,,,,146519,,,,,,,,,,,,0.46207091212272644,0.10281531512737274,,0.4391951560974121,,3.299777030944824,,,,,,,,,,,,,
42,,,,146539,,,,,,,,,,,,0.46207091212272644,0.06043285131454468,,0.8467646241188049,,4.366004943847656,,,,,,,,,,,,,
42,,,,146559,,,,,,,,,,,,0.46207091212272644,0.07127735763788223,,0.658054530620575,,4.490392684936523,,,,,,,,,,,,,
42,,,,146579,,,,,,,,,,,,0.46207091212272644,0.12237448990345001,,0.41829827427864075,,3.278862953186035,,,,,,,,,,,,,
42,,,,146599,,,,,,,,,,,,0.46207091212272644,0.1163068637251854,,0.5296335816383362,,4.37559700012207,,,,,,,,,,,,,
42,,,,146619,,,,,,,,,,,,0.46207091212272644,0.054024673998355865,,0.8146528005599976,,3.485172748565674,,,,,,,,,,,,,
42,,,,146639,,,,,,,,,,,,0.46207091212272644,0.10937011241912842,,0.5545209646224976,,4.420541763305664,,,,,,,,,,,,,
42,,,,146659,,,,,,,,,,,,0.46207091212272644,0.10107511281967163,,0.423359751701355,,3.3024561405181885,,,,,,,,,,,,,
42,,,,146679,,,,,,,,,,,,0.46207091212272644,0.059546008706092834,,0.7998692989349365,,4.416114807128906,,,,,,,,,,,,,
42,,,,146699,,,,,,,,,,,,0.46207091212272644,0.06269645690917969,,0.871757447719574,,4.130602836608887,,,,,,,,,,,,,
42,,,,146719,,,,,,,,,,,,0.46207091212272644,0.07197166979312897,,0.5928735136985779,,3.199732780456543,,,,,,,,,,,,,
42,,,,146739,,,,,,,,,,,,0.46207091212272644,0.10388433933258057,,0.5257460474967957,,4.445538520812988,,,,,,,,,,,,,
42,,,,146759,,,,,,,,,,,,0.46207091212272644,0.11921636760234833,,0.4047606587409973,,3.170668125152588,,,,,,,,,,,,,
42,,,,146779,,,,,,,,,,,,0.46207091212272644,0.10736741125583649,,0.39078643918037415,,3.141221046447754,,,,,,,,,,,,,
42,,,,146799,,,,,,,,,,,,0.46207091212272644,0.11115936934947968,,0.4146934151649475,,3.1463775634765625,,,,,,,,,,,,,
42,,,,146819,,,,,,,,,,,,0.46207091212272644,0.09948892891407013,,0.499142587184906,,3.2008233070373535,,,,,,,,,,,,,
42,,,,146839,,,,,,,,,,,,0.46207091212272644,0.10564511269330978,,0.5401015281677246,,4.5120530128479,,,,,,,,,,,,,
42,,,,146859,,,,,,,,,,,,0.46207091212272644,0.09975739568471909,,0.562552273273468,,4.4827880859375,,,,,,,,,,,,,
42,,,,146879,,,,,,,,,,,,0.46207091212272644,0.10441312193870544,,0.5239862203598022,,4.478137016296387,,,,,,,,,,,,,
42,,,,146899,,,,,,,,,,,,0.46207091212272644,0.11233082413673401,,0.5422297120094299,,4.423871040344238,,,,,,,,,,,,,
42,,,,146919,,,,,,,,,,,,0.46207091212272644,0.054566893726587296,,0.8641815781593323,,3.8699517250061035,,,,,,,,,,,,,
42,,,,146939,,,,,,,,,,,,0.46207091212272644,0.05266178399324417,,0.811092734336853,,3.3142762184143066,,,,,,,,,,,,,
42,,,,146959,,,,,,,,,,,,0.46207091212272644,0.05320233851671219,,0.8219528198242188,,4.404518127441406,,,,,,,,,,,,,
42,,,,146979,,,,,,,,,,,,0.46207091212272644,0.11425838619470596,,0.5377237796783447,,4.390769958496094,,,,,,,,,,,,,
42,,,,146999,,,,,,,,,,,,0.46207091212272644,0.1104440838098526,,0.4108680486679077,,3.2522659301757812,,,,,,,,,,,,,
42,,,,147019,,,,,,,,,,,,0.46207091212272644,0.0971076637506485,,0.561608076095581,,4.407268524169922,,,,,,,,,,,,,
42,,,,147039,,,,,,,,,,,,0.46207091212272644,0.10269776731729507,,0.5324374437332153,,4.394547462463379,,,,,,,,,,,,,
42,,,,147059,,,,,,,,,,,,0.46207091212272644,0.1053195372223854,,0.46557316184043884,,3.2527120113372803,,,,,,,,,,,,,
42,,,,147079,,,,,,,,,,,,0.46207091212272644,0.11537176370620728,,0.40436699986457825,,3.186793804168701,,,,,,,,,,,,,
42,,,,147099,,,,,,,,,,,,0.46207091212272644,0.10016437619924545,,0.3965051472187042,,3.111022472381592,,,,,,,,,,,,,
42,,,,147119,,,,,,,,,,,,0.46207091212272644,0.06346161663532257,,0.6708326935768127,,3.118034839630127,,,,,,,,,,,,,
42,,,,147139,,,,,,,,,,,,0.46207091212272644,0.10704568028450012,,0.5317533016204834,,4.522869110107422,,,,,,,,,,,,,
42,,,,147159,,,,,,,,,,,,0.46207091212272644,0.0617201030254364,,0.6886234283447266,,3.3030142784118652,,,,,,,,,,,,,
42,,,,147179,,,,,,,,,,,,0.46207091212272644,0.10150644183158875,,0.3938017785549164,,3.2021265029907227,,,,,,,,,,,,,
42,,,,147199,,,,,,,,,,,,0.46207091212272644,0.04824410751461983,,0.9180369973182678,,4.149538040161133,,,,,,,,,,,,,
42,,,,147219,,,,,,,,,,,,0.46207091212272644,0.07443572580814362,,0.6452955007553101,,4.424133777618408,,,,,,,,,,,,,
42,,,,147239,,,,,,,,,,,,0.46207091212272644,0.06959322094917297,,0.7261157035827637,,4.403278827667236,,,,,,,,,,,,,
42,,,,147259,,,,,,,,,,,,0.46207091212272644,0.11339656263589859,,0.5225760340690613,,4.395936012268066,,,,,,,,,,,,,
42,,,,147279,,,,,,,,,,,,0.46207091212272644,0.1032511368393898,,0.4043123424053192,,3.227625846862793,,,,,,,,,,,,,
42,,,,147299,,,,,,,,,,,,0.46207091212272644,0.06626619398593903,,0.862488329410553,,4.095608711242676,,,,,,,,,,,,,
42,,,,147319,,,,,,,,,,,,0.46207091212272644,0.08164384216070175,,0.4624652564525604,,3.234771966934204,,,,,,,,,,,,,
42,,,,147339,,,,,,,,,,,,0.46207091212272644,0.11410792171955109,,0.52964186668396,,4.445672988891602,,,,,,,,,,,,,
42,,,,147359,,,,,,,,,,,,0.46207091212272644,0.08908936381340027,,0.7078132033348083,,4.458103656768799,,,,,,,,,,,,,
42,,,,147379,,,,,,,,,,,,0.46207091212272644,0.10284850001335144,,0.4009935259819031,,3.2329039573669434,,,,,,,,,,,,,
42,,,,147399,,,,,,,,,,,,0.46207091212272644,0.07230757176876068,,0.5215198993682861,,3.173710823059082,,,,,,,,,,,,,
42,,,,147419,,,,,,,,,,,,0.46207091212272644,0.0903913825750351,,0.5729905366897583,,4.442673683166504,,,,,,,,,,,,,
42,,,,147439,,,,,,,,,,,,0.46207091212272644,0.05095130205154419,,0.9853930473327637,,4.1018595695495605,,,,,,,,,,,,,
42,,,,147459,,,,,,,,,,,,0.46207091212272644,0.11266091465950012,,0.5322167873382568,,4.448637008666992,,,,,,,,,,,,,
42,,,,147479,,,,,,,,,,,,0.46207091212272644,0.056324854493141174,,0.9338919520378113,,4.16001033782959,,,,,,,,,,,,,
42,,,,147499,,,,,,,,,,,,0.46207091212272644,0.07032658159732819,,0.706621527671814,,4.489808082580566,,,,,,,,,,,,,
42,,,,147519,,,,,,,,,,,,0.46207091212272644,0.07742200046777725,,0.7541482448577881,,4.405121803283691,,,,,,,,,,,,,
42,,,,147539,,,,,,,,,,,,0.46207091212272644,0.05073992908000946,,0.8141036629676819,,4.4180450439453125,,,,,,,,,,,,,
42,,,,147559,,,,,,,,,,,,0.46207091212272644,0.09679801762104034,,0.4016684293746948,,3.216432571411133,,,,,,,,,,,,,
42,,,,147579,,,,,,,,,,,,0.46207091212272644,0.048438116908073425,,0.955702006816864,,4.336779594421387,,,,,,,,,,,,,
42,,,,147599,,,,,,,,,,,,0.46207091212272644,0.11189842224121094,,0.4365198314189911,,3.2754578590393066,,,,,,,,,,,,,
42,,,,147619,,,,,,,,,,,,0.46207091212272644,0.1060616672039032,,0.4148077964782715,,3.209476947784424,,,,,,,,,,,,,
42,,,,147639,,,,,,,,,,,,0.46207091212272644,0.04800894856452942,,0.7508575916290283,,3.2918248176574707,,,,,,,,,,,,,
42,,,,147659,,,,,,,,,,,,0.46207091212272644,0.11638391017913818,,0.5537241101264954,,4.430022239685059,,,,,,,,,,,,,
42,,,,147679,,,,,,,,,,,,0.46207091212272644,0.05788574740290642,,0.6360783576965332,,3.232454776763916,,,,,,,,,,,,,
42,,,,147699,,,,,,,,,,,,0.46207091212272644,0.05902378261089325,,0.8187646269798279,,3.6998276710510254,,,,,,,,,,,,,
42,,,,147719,,,,,,,,,,,,0.46207091212272644,0.039343468844890594,,0.953957200050354,,4.064963340759277,,,,,,,,,,,,,
42,,,,147739,,,,,,,,,,,,0.46207091212272644,0.10207214951515198,,0.4561189115047455,,3.2620842456817627,,,,,,,,,,,,,
42,,,,147759,,,,,,,,,,,,0.46207091212272644,0.06033371388912201,,0.8376865983009338,,4.475031852722168,,,,,,,,,,,,,
42,,,,147779,,,,,,,,,,,,0.46207091212272644,0.10418197512626648,,0.4005901515483856,,3.203810214996338,,,,,,,,,,,,,
42,,,,147799,,,,,,,,,,,,0.46207091212272644,0.10803689807653427,,0.5458328723907471,,4.505515098571777,,,,,,,,,,,,,
42,,,,147819,,,,,,,,,,,,0.46207091212272644,0.10231472551822662,,0.41324254870414734,,3.1649625301361084,,,,,,,,,,,,,
42,,,,147839,,,,,,,,,,,,0.46207091212272644,0.10361506044864655,,0.537207841873169,,4.498572826385498,,,,,,,,,,,,,
42,,,,147859,,,,,,,,,,,,0.46207091212272644,0.1147330105304718,,0.5254856944084167,,4.4199652671813965,,,,,,,,,,,,,
42,,,,147879,,,,,,,,,,,,0.46207091212272644,0.10859740525484085,,0.5232390761375427,,4.425560474395752,,,,,,,,,,,,,
42,,,,147899,,,,,,,,,,,,0.46207091212272644,0.09883367270231247,,0.40162983536720276,,3.202378034591675,,,,,,,,,,,,,
42,,,,147919,,,,,,,,,,,,0.46207091212272644,0.09838947653770447,,0.46810320019721985,,3.228740692138672,,,,,,,,,,,,,
42,,,,147939,,,,,,,,,,,,0.46207091212272644,0.05471765622496605,,0.8612254858016968,,4.4407148361206055,,,,,,,,,,,,,
42,,,,147959,,,,,,,,,,,,0.46207091212272644,0.05832632631063461,,0.8236005902290344,,3.7147507667541504,,,,,,,,,,,,,
42,,,,147979,,,,,,,,,,,,0.46207091212272644,0.0893619954586029,,0.6008037328720093,,4.390153408050537,,,,,,,,,,,,,
42,,,,147999,,,,,,,,,,,,0.46207091212272644,0.05017674341797829,,0.8871710300445557,,4.310527801513672,,,,,,,,,,,,,
42,,,,148019,,,,,,,,,,,,0.46207091212272644,0.11426755785942078,,0.5611595511436462,,4.380804061889648,,,,,,,,,,,,,
42,,,,148039,,,,,,,,,,,,0.46207091212272644,0.11309630423784256,,0.5414167046546936,,4.366065979003906,,,,,,,,,,,,,
42,,,,148059,,,,,,,,,,,,0.46207091212272644,0.09995894134044647,,0.44267499446868896,,3.2940051555633545,,,,,,,,,,,,,
42,,,,148079,,,,,,,,,,,,0.46207091212272644,0.10603751242160797,,0.3967409133911133,,3.2102880477905273,,,,,,,,,,,,,
42,,,,148099,,,,,,,,,,,,0.46207091212272644,0.05056208372116089,,0.9203709959983826,,3.948625087738037,,,,,,,,,,,,,
42,,,,148119,,,,,,,,,,,,0.46207091212272644,0.05837728828191757,,0.7702533006668091,,4.439477443695068,,,,,,,,,,,,,
42,,,,148139,,,,,,,,,,,,0.46207091212272644,0.05498801916837692,,0.8571407198905945,,3.798886299133301,,,,,,,,,,,,,
42,,,,148159,,,,,,,,,,,,0.46207091212272644,0.1109323799610138,,0.5227817296981812,,4.44952392578125,,,,,,,,,,,,,
42,,,,148179,,,,,,,,,,,,0.46207091212272644,0.08515017479658127,,0.714627206325531,,4.462729454040527,,,,,,,,,,,,,
42,,,,148199,,,,,,,,,,,,0.46207091212272644,0.07899360358715057,,0.6082537770271301,,4.394176006317139,,,,,,,,,,,,,
42,,,,148219,,,,,,,,,,,,0.46207091212272644,0.10998527705669403,,0.41649743914604187,,3.2771663665771484,,,,,,,,,,,,,
42,,,,148239,,,,,,,,,,,,0.46207091212272644,0.08885063230991364,,0.6060271263122559,,4.3995280265808105,,,,,,,,,,,,,
42,,,,148259,,,,,,,,,,,,0.46207091212272644,0.10696358978748322,,0.527053952217102,,4.43153190612793,,,,,,,,,,,,,
42,,,,148279,,,,,,,,,,,,0.46207091212272644,0.060565315186977386,,0.787712037563324,,3.416862726211548,,,,,,,,,,,,,
42,,,,148299,,,,,,,,,,,,0.46207091212272644,0.055771663784980774,,0.9319881796836853,,4.396385669708252,,,,,,,,,,,,,
42,,,,148319,,,,,,,,,,,,0.46207091212272644,0.11487065255641937,,0.41587191820144653,,3.2570667266845703,,,,,,,,,,,,,
42,,,,148339,,,,,,,,,,,,0.46207091212272644,0.10316299647092819,,0.5293607115745544,,3.2489771842956543,,,,,,,,,,,,,
42,,,,148359,,,,,,,,,,,,0.46207091212272644,0.0535549521446228,,0.6591458320617676,,3.228393793106079,,,,,,,,,,,,,
42,,,,148379,,,,,,,,,,,,0.46207091212272644,0.06993064284324646,,0.5911577343940735,,3.2326831817626953,,,,,,,,,,,,,
42,,,,148399,,,,,,,,,,,,0.46207091212272644,0.05418507754802704,,0.7806645631790161,,3.4776687622070312,,,,,,,,,,,,,
42,,,,148419,,,,,,,,,,,,0.46207091212272644,0.11088642477989197,,0.47942134737968445,,3.2877678871154785,,,,,,,,,,,,,
42,,,,148439,,,,,,,,,,,,0.46207091212272644,0.05197734385728836,,0.850171685218811,,3.914498805999756,,,,,,,,,,,,,
42,,,,148459,,,,,,,,,,,,0.46207091212272644,0.08386340737342834,,0.6540146470069885,,4.4188690185546875,,,,,,,,,,,,,
42,,,,148479,,,,,,,,,,,,0.46207091212272644,0.11700759083032608,,0.4101211130619049,,3.2456281185150146,,,,,,,,,,,,,
42,,,,148499,,,,,,,,,,,,0.46207091212272644,0.07605496048927307,,0.5477091670036316,,3.1942763328552246,,,,,,,,,,,,,
42,,,,148519,,,,,,,,,,,,0.46207091212272644,0.052535280585289,,0.9204593300819397,,3.943681240081787,,,,,,,,,,,,,
42,,,,148539,,,,,,,,,,,,0.46207091212272644,0.09225920587778091,,0.6097012758255005,,4.407341003417969,,,,,,,,,,,,,
42,,,,148559,,,,,,,,,,,,0.46207091212272644,0.10069590061903,,0.46091365814208984,,3.2184762954711914,,,,,,,,,,,,,
42,,,,148579,,,,,,,,,,,,0.46207091212272644,0.08267460763454437,,0.5027762651443481,,3.193605422973633,,,,,,,,,,,,,
42,,,,148599,,,,,,,,,,,,0.46207091212272644,0.09535740315914154,,0.522113561630249,,4.419990062713623,,,,,,,,,,,,,
42,,,,148619,,,,,,,,,,,,0.46207091212272644,0.10118494927883148,,0.40217840671539307,,3.2227466106414795,,,,,,,,,,,,,
42,,,,148639,,,,,,,,,,,,0.46207091212272644,0.11446759849786758,,0.5319482088088989,,4.4220123291015625,,,,,,,,,,,,,
42,,,,148659,,,,,,,,,,,,0.46207091212272644,0.11830367147922516,,0.43923068046569824,,3.200326442718506,,,,,,,,,,,,,
42,,,,148679,,,,,,,,,,,,0.46207091212272644,0.11708085238933563,,0.5360788106918335,,4.508471488952637,,,,,,,,,,,,,
42,,,,148699,,,,,,,,,,,,0.46207091212272644,0.06839793920516968,,0.7717120051383972,,4.5129828453063965,,,,,,,,,,,,,
42,,,,148719,,,,,,,,,,,,0.46207091212272644,0.05660036951303482,,0.8215768933296204,,3.6154837608337402,,,,,,,,,,,,,
42,,,,148739,,,,,,,,,,,,0.46207091212272644,0.05594275891780853,,0.8788743615150452,,4.282118320465088,,,,,,,,,,,,,
42,,,,148759,,,,,,,,,,,,0.46207091212272644,0.0949278399348259,,0.6273226737976074,,3.2149319648742676,,,,,,,,,,,,,
42,,,,148779,,,,,,,,,,,,0.46207091212272644,0.10140252113342285,,0.6724159717559814,,4.410852432250977,,,,,,,,,,,,,
42,,,,148799,,,,,,,,,,,,0.46207091212272644,0.05658787488937378,,0.8491841554641724,,3.758871555328369,,,,,,,,,,,,,
42,,,,148819,,,,,,,,,,,,0.46207091212272644,0.10224679112434387,,0.4124944806098938,,3.302029609680176,,,,,,,,,,,,,
42,,,,148839,,,,,,,,,,,,0.46207091212272644,0.09702425450086594,,0.4096375107765198,,3.262284755706787,,,,,,,,,,,,,
42,,,,148859,,,,,,,,,,,,0.46207091212272644,0.047003865242004395,,0.8358248472213745,,4.423677444458008,,,,,,,,,,,,,
42,,,,148879,,,,,,,,,,,,0.46207091212272644,0.05211111158132553,,0.796920120716095,,4.3563456535339355,,,,,,,,,,,,,
42,,,,148899,,,,,,,,,,,,0.46207091212272644,0.07533988356590271,,0.7587063908576965,,4.407224655151367,,,,,,,,,,,,,
42,,,,148919,,,,,,,,,,,,0.46207091212272644,0.09139926731586456,,0.47158050537109375,,3.2354049682617188,,,,,,,,,,,,,
42,,,,148939,,,,,,,,,,,,0.46207091212272644,0.11357814073562622,,0.5347911715507507,,4.462621212005615,,,,,,,,,,,,,
42,,,,148959,,,,,,,,,,,,0.46207091212272644,0.11145344376564026,,0.394180566072464,,3.1528403759002686,,,,,,,,,,,,,
42,,,,148979,,,,,,,,,,,,0.46207091212272644,0.09747187048196793,,0.5605511665344238,,4.47087287902832,,,,,,,,,,,,,
42,,,,148999,,,,,,,,,,,,0.46207091212272644,0.11838053911924362,,0.5304695963859558,,4.41788387298584,,,,,,,,,,,,,
42,,,,149019,,,,,,,,,,,,0.46207091212272644,0.043688997626304626,,0.7815353274345398,,3.4121651649475098,,,,,,,,,,,,,
42,,,,149039,,,,,,,,,,,,0.46207091212272644,0.0958719402551651,,0.5888615250587463,,4.403885364532471,,,,,,,,,,,,,
42,,,,149059,,,,,,,,,,,,0.46207091212272644,0.08584704995155334,,0.5132544636726379,,3.197699546813965,,,,,,,,,,,,,
42,,,,149079,,,,,,,,,,,,0.46207091212272644,0.092966228723526,,0.5313119292259216,,4.434767246246338,,,,,,,,,,,,,
42,,,,149099,,,,,,,,,,,,0.46207091212272644,0.06208426505327225,,0.67620849609375,,3.2501344680786133,,,,,,,,,,,,,
42,,,,149119,,,,,,,,,,,,0.46207091212272644,0.09235478192567825,,0.6912723183631897,,4.516162395477295,,,,,,,,,,,,,
42,,,,149139,,,,,,,,,,,,0.46207091212272644,0.10863038152456284,,0.40704724192619324,,3.201451063156128,,,,,,,,,,,,,
42,,,,149159,,,,,,,,,,,,0.46207091212272644,0.08748194575309753,,0.604424774646759,,4.426057815551758,,,,,,,,,,,,,
42,,,,149179,,,,,,,,,,,,0.46207091212272644,0.0629134401679039,,0.8590438365936279,,3.9559779167175293,,,,,,,,,,,,,
42,,,,149199,,,,,,,,,,,,0.46207091212272644,0.07864224910736084,,0.6366232633590698,,4.332477569580078,,,,,,,,,,,,,
42,,,,149219,,,,,,,,,,,,0.46207091212272644,0.10828167200088501,,0.42261114716529846,,3.329357862472534,,,,,,,,,,,,,
42,,,,149239,,,,,,,,,,,,0.46207091212272644,0.11184410005807877,,0.5155733823776245,,4.331488609313965,,,,,,,,,,,,,
42,,,,149259,,,,,,,,,,,,0.46207091212272644,0.06920209527015686,,0.8608624339103699,,3.9199228286743164,,,,,,,,,,,,,
42,,,,149279,,,,,,,,,,,,0.46207091212272644,0.05868813395500183,,0.7905466556549072,,3.8002421855926514,,,,,,,,,,,,,
42,,,,149299,,,,,,,,,,,,0.46207091212272644,0.10107114911079407,,0.41978201270103455,,3.3384017944335938,,,,,,,,,,,,,
42,,,,149319,,,,,,,,,,,,0.46207091212272644,0.09535317122936249,,0.5783411860466003,,4.347586631774902,,,,,,,,,,,,,
42,,,,149339,,,,,,,,,,,,0.46207091212272644,0.09673851728439331,,0.5247755646705627,,4.3757805824279785,,,,,,,,,,,,,
42,,,,149359,,,,,,,,,,,,0.46207091212272644,0.09954259544610977,,0.45017391443252563,,3.2601983547210693,,,,,,,,,,,,,
42,,,,149379,,,,,,,,,,,,0.46207091212272644,0.07239382714033127,,0.5341678261756897,,3.2448620796203613,,,,,,,,,,,,,
42,,,,149399,,,,,,,,,,,,0.46207091212272644,0.05812929570674896,,0.8258223533630371,,4.183293342590332,,,,,,,,,,,,,
42,,,,149419,,,,,,,,,,,,0.46207091212272644,0.10858701169490814,,0.44017294049263,,3.174145221710205,,,,,,,,,,,,,
42,,,,149439,,,,,,,,,,,,0.46207091212272644,0.10657253861427307,,0.4214209020137787,,3.2035160064697266,,,,,,,,,,,,,
42,,,,149459,,,,,,,,,,,,0.46207091212272644,0.10640290379524231,,0.5245316028594971,,4.461376667022705,,,,,,,,,,,,,
42,,,,149479,,,,,,,,,,,,0.46207091212272644,0.07248915731906891,,0.8677982091903687,,3.815873861312866,,,,,,,,,,,,,
42,,,,149499,,,,,,,,,,,,0.46207091212272644,0.0634971559047699,,0.7741627097129822,,3.5406196117401123,,,,,,,,,,,,,
42,,,,149519,,,,,,,,,,,,0.46207091212272644,0.06727709621191025,,0.7846642732620239,,3.643716812133789,,,,,,,,,,,,,
42,,,,149539,,,,,,,,,,,,0.46207091212272644,0.11788550764322281,,0.4129548966884613,,3.2248077392578125,,,,,,,,,,,,,
42,,,,149559,,,,,,,,,,,,0.46207091212272644,0.10430595278739929,,0.5276871919631958,,4.470186233520508,,,,,,,,,,,,,
42,,,,149579,,,,,,,,,,,,0.46207091212272644,0.1160808801651001,,0.41245412826538086,,3.2476654052734375,,,,,,,,,,,,,
42,,,,149599,,,,,,,,,,,,0.46207091212272644,0.10989318042993546,,0.4166911244392395,,3.2201671600341797,,,,,,,,,,,,,
42,,,,149619,,,,,,,,,,,,0.46207091212272644,0.09377817809581757,,0.5276169776916504,,4.438314437866211,,,,,,,,,,,,,
42,,,,149639,,,,,,,,,,,,0.46207091212272644,0.05855116248130798,,0.7774271965026855,,3.4859976768493652,,,,,,,,,,,,,
42,,,,149659,,,,,,,,,,,,0.46207091212272644,0.07137587666511536,,0.7637317180633545,,3.485503673553467,,,,,,,,,,,,,
42,,,,149679,,,,,,,,,,,,0.46207091212272644,0.11259357631206512,,0.5692315697669983,,4.454152584075928,,,,,,,,,,,,,
42,,,,149699,,,,,,,,,,,,0.46207091212272644,0.0720134899020195,,0.616523027420044,,3.257298231124878,,,,,,,,,,,,,
42,,,,149719,,,,,,,,,,,,0.46207091212272644,0.04537254944443703,,0.8615231513977051,,4.394470691680908,,,,,,,,,,,,,
42,,,,149725,,,,,,,,,,,,,,,,,,0.5841952562332153,0.8741546273231506,0.5374605059623718,0.5831115245819092,0.5269015431404114,0.6287626028060913,0.44500574469566345,0.5348360538482666,0.7209179401397705,0.8007236123085022,0.7899307608604431,0.20347809791564941,0.5841952562332153
42,,,,149725,,,,,,,,,0.6112808585166931,0.08845525979995728,0.462065726518631,,,0.5978183746337891,,3.8456718921661377,,,,,,,,,,,,,,
,0.00014685863701749646,0.00014685863701749646,1.4685863701749646e-05,149726,,,,,,,,,,,,,,,,,,,,,,,,,,,,,,
43,,,,149739,,,,,,,,,,,,0.46207091212272644,0.07180611789226532,,0.5881010293960571,,3.1963624954223633,,,,,,,,,,,,,
43,,,,149759,,,,,,,,,,,,0.46207091212272644,0.05992235243320465,,0.8795890808105469,,4.219749450683594,,,,,,,,,,,,,
43,,,,149779,,,,,,,,,,,,0.46207091212272644,0.07624742388725281,,0.5427477359771729,,3.1994781494140625,,,,,,,,,,,,,
43,,,,149799,,,,,,,,,,,,0.46207091212272644,0.09833921492099762,,0.43145182728767395,,3.206043243408203,,,,,,,,,,,,,
43,,,,149819,,,,,,,,,,,,0.46207091212272644,0.11367078125476837,,0.5732777118682861,,4.5248212814331055,,,,,,,,,,,,,
43,,,,149839,,,,,,,,,,,,0.46207091212272644,0.10002002865076065,,0.4106149971485138,,3.1552419662475586,,,,,,,,,,,,,
43,,,,149859,,,,,,,,,,,,0.46207091212272644,0.054686903953552246,,0.7205635905265808,,3.197150707244873,,,,,,,,,,,,,
43,,,,149879,,,,,,,,,,,,0.46207091212272644,0.09080950915813446,,0.5957048535346985,,4.445111274719238,,,,,,,,,,,,,
43,,,,149899,,,,,,,,,,,,0.46207091212272644,0.10591620206832886,,0.534517228603363,,4.477206707000732,,,,,,,,,,,,,
43,,,,149919,,,,,,,,,,,,0.46207091212272644,0.10893760621547699,,0.5313340425491333,,4.527410507202148,,,,,,,,,,,,,
43,,,,149939,,,,,,,,,,,,0.46207091212272644,0.06534774601459503,,0.8144851326942444,,4.484801769256592,,,,,,,,,,,,,
43,,,,149959,,,,,,,,,,,,0.46207091212272644,0.10022875666618347,,0.5146525502204895,,4.405777454376221,,,,,,,,,,,,,
43,,,,149979,,,,,,,,,,,,0.46207091212272644,0.053523749113082886,,0.9583150148391724,,4.06373405456543,,,,,,,,,,,,,
43,,,,149999,,,,,,,,,,,,0.46207091212272644,0.06168443709611893,,0.919040858745575,,4.290133476257324,,,,,,,,,,,,,
43,,,,150019,,,,,,,,,,,,0.46207091212272644,0.06036578118801117,,0.6868943572044373,,3.289296865463257,,,,,,,,,,,,,
43,,,,150039,,,,,,,,,,,,0.46207091212272644,0.11023306846618652,,0.41284996271133423,,3.2296252250671387,,,,,,,,,,,,,
43,,,,150059,,,,,,,,,,,,0.46207091212272644,0.10696091502904892,,0.40372174978256226,,3.235330104827881,,,,,,,,,,,,,
43,,,,150079,,,,,,,,,,,,0.46207091212272644,0.10337558388710022,,0.6084079146385193,,4.460212707519531,,,,,,,,,,,,,
43,,,,150099,,,,,,,,,,,,0.46207091212272644,0.10459768772125244,,0.5965664982795715,,4.422972679138184,,,,,,,,,,,,,
43,,,,150119,,,,,,,,,,,,0.46207091212272644,0.11452962458133698,,0.4208451509475708,,3.222874164581299,,,,,,,,,,,,,
43,,,,150139,,,,,,,,,,,,0.46207091212272644,0.05884372442960739,,0.8134026527404785,,4.318079471588135,,,,,,,,,,,,,
43,,,,150159,,,,,,,,,,,,0.46207091212272644,0.06676439195871353,,0.6502102017402649,,3.2727713584899902,,,,,,,,,,,,,
43,,,,150179,,,,,,,,,,,,0.46207091212272644,0.11937376111745834,,0.5272796154022217,,4.377292633056641,,,,,,,,,,,,,
43,,,,150199,,,,,,,,,,,,0.46207091212272644,0.04940886050462723,,0.8075042963027954,,3.366611957550049,,,,,,,,,,,,,
43,,,,150219,,,,,,,,,,,,0.46207091212272644,0.059680573642253876,,0.9087560176849365,,4.204117774963379,,,,,,,,,,,,,
43,,,,150239,,,,,,,,,,,,0.46207091212272644,0.11406493186950684,,0.4050857126712799,,3.2249245643615723,,,,,,,,,,,,,
43,,,,150259,,,,,,,,,,,,0.46207091212272644,0.08152572810649872,,0.514833390712738,,3.1766951084136963,,,,,,,,,,,,,
43,,,,150279,,,,,,,,,,,,0.46207091212272644,0.0548071414232254,,0.8231530785560608,,3.9951179027557373,,,,,,,,,,,,,
43,,,,150299,,,,,,,,,,,,0.46207091212272644,0.09054957330226898,,0.42025160789489746,,3.274096965789795,,,,,,,,,,,,,
43,,,,150319,,,,,,,,,,,,0.46207091212272644,0.04242163151502609,,0.9594873785972595,,3.942857265472412,,,,,,,,,,,,,
43,,,,150339,,,,,,,,,,,,0.46207091212272644,0.056157760322093964,,0.7682210206985474,,4.449186325073242,,,,,,,,,,,,,
43,,,,150359,,,,,,,,,,,,0.46207091212272644,0.10656433552503586,,0.4497966170310974,,3.2703447341918945,,,,,,,,,,,,,
43,,,,150379,,,,,,,,,,,,0.46207091212272644,0.06279727816581726,,0.5877688527107239,,3.1970198154449463,,,,,,,,,,,,,
43,,,,150399,,,,,,,,,,,,0.46207091212272644,0.1236300989985466,,0.4113771617412567,,3.244657516479492,,,,,,,,,,,,,
43,,,,150419,,,,,,,,,,,,0.46207091212272644,0.1032746434211731,,0.5614395141601562,,4.452824592590332,,,,,,,,,,,,,
43,,,,150439,,,,,,,,,,,,0.46207091212272644,0.06220080330967903,,0.9376847743988037,,4.094366073608398,,,,,,,,,,,,,
43,,,,150459,,,,,,,,,,,,0.46207091212272644,0.08409245312213898,,0.6435716152191162,,4.442414283752441,,,,,,,,,,,,,
43,,,,150479,,,,,,,,,,,,0.46207091212272644,0.10582071542739868,,0.5574560165405273,,4.493359088897705,,,,,,,,,,,,,
43,,,,150499,,,,,,,,,,,,0.46207091212272644,0.08825623244047165,,0.5965563058853149,,4.461787223815918,,,,,,,,,,,,,
43,,,,150519,,,,,,,,,,,,0.46207091212272644,0.10439079999923706,,0.6063970923423767,,4.404540538787842,,,,,,,,,,,,,
43,,,,150539,,,,,,,,,,,,0.46207091212272644,0.04790093004703522,,0.6474609375,,3.240097761154175,,,,,,,,,,,,,
43,,,,150559,,,,,,,,,,,,0.46207091212272644,0.09352743625640869,,0.5424830913543701,,3.2481307983398438,,,,,,,,,,,,,
43,,,,150579,,,,,,,,,,,,0.46207091212272644,0.08704331517219543,,0.5147935152053833,,3.2222795486450195,,,,,,,,,,,,,
43,,,,150599,,,,,,,,,,,,0.46207091212272644,0.09742040932178497,,0.4471415579319,,3.2600438594818115,,,,,,,,,,,,,
43,,,,150619,,,,,,,,,,,,0.46207091212272644,0.10575827211141586,,0.5254661440849304,,4.465662002563477,,,,,,,,,,,,,
43,,,,150639,,,,,,,,,,,,0.46207091212272644,0.09774120151996613,,0.561087965965271,,4.3813886642456055,,,,,,,,,,,,,
43,,,,150659,,,,,,,,,,,,0.46207091212272644,0.09881153702735901,,0.4003227651119232,,3.2872469425201416,,,,,,,,,,,,,
43,,,,150679,,,,,,,,,,,,0.46207091212272644,0.07824568450450897,,0.6544021368026733,,4.401049613952637,,,,,,,,,,,,,
43,,,,150699,,,,,,,,,,,,0.46207091212272644,0.10313031077384949,,0.4051205515861511,,3.255039691925049,,,,,,,,,,,,,
43,,,,150719,,,,,,,,,,,,0.46207091212272644,0.10586410760879517,,0.44678995013237,,3.264535903930664,,,,,,,,,,,,,
43,,,,150739,,,,,,,,,,,,0.46207091212272644,0.10812094807624817,,0.5171911120414734,,4.354274749755859,,,,,,,,,,,,,
43,,,,150759,,,,,,,,,,,,0.46207091212272644,0.05226936936378479,,0.8600528240203857,,4.246407508850098,,,,,,,,,,,,,
43,,,,150779,,,,,,,,,,,,0.46207091212272644,0.1030929684638977,,0.5176910758018494,,4.402791976928711,,,,,,,,,,,,,
43,,,,150799,,,,,,,,,,,,0.46207091212272644,0.0725477933883667,,0.558108925819397,,3.261993646621704,,,,,,,,,,,,,
43,,,,150819,,,,,,,,,,,,0.46207091212272644,0.07635177671909332,,0.5377727150917053,,3.251803159713745,,,,,,,,,,,,,
43,,,,150839,,,,,,,,,,,,0.46207091212272644,0.1079723984003067,,0.5169521570205688,,4.3842058181762695,,,,,,,,,,,,,
43,,,,150859,,,,,,,,,,,,0.46207091212272644,0.11453000456094742,,0.5220595002174377,,4.419538974761963,,,,,,,,,,,,,
43,,,,150879,,,,,,,,,,,,0.46207091212272644,0.1146254912018776,,0.5272018909454346,,4.411932945251465,,,,,,,,,,,,,
43,,,,150899,,,,,,,,,,,,0.46207091212272644,0.1197180449962616,,0.5219478011131287,,4.358173370361328,,,,,,,,,,,,,
43,,,,150919,,,,,,,,,,,,0.46207091212272644,0.06553249806165695,,0.8118219971656799,,3.498128652572632,,,,,,,,,,,,,
43,,,,150939,,,,,,,,,,,,0.46207091212272644,0.07410456240177155,,0.5563789010047913,,3.2982373237609863,,,,,,,,,,,,,
43,,,,150959,,,,,,,,,,,,0.46207091212272644,0.0650826245546341,,0.6863332986831665,,3.392829656600952,,,,,,,,,,,,,
43,,,,150979,,,,,,,,,,,,0.46207091212272644,0.0714663416147232,,0.7416508197784424,,4.387784957885742,,,,,,,,,,,,,
43,,,,150999,,,,,,,,,,,,0.46207091212272644,0.09026031196117401,,0.5104619860649109,,3.242644786834717,,,,,,,,,,,,,
43,,,,151019,,,,,,,,,,,,0.46207091212272644,0.05026247352361679,,0.8414059281349182,,3.5452990531921387,,,,,,,,,,,,,
43,,,,151039,,,,,,,,,,,,0.46207091212272644,0.10968830436468124,,0.41435956954956055,,3.2464513778686523,,,,,,,,,,,,,
43,,,,151059,,,,,,,,,,,,0.46207091212272644,0.048589177429676056,,0.8488332629203796,,3.769150495529175,,,,,,,,,,,,,
43,,,,151079,,,,,,,,,,,,0.46207091212272644,0.05737375468015671,,0.9218267798423767,,4.13034725189209,,,,,,,,,,,,,
43,,,,151099,,,,,,,,,,,,0.46207091212272644,0.09957660734653473,,0.5654575824737549,,4.364080905914307,,,,,,,,,,,,,
43,,,,151119,,,,,,,,,,,,0.46207091212272644,0.06689020991325378,,0.5435712933540344,,3.277458906173706,,,,,,,,,,,,,
43,,,,151139,,,,,,,,,,,,0.46207091212272644,0.10283078253269196,,0.4079097509384155,,3.2771384716033936,,,,,,,,,,,,,
43,,,,151159,,,,,,,,,,,,0.46207091212272644,0.11867840588092804,,0.5306569933891296,,4.453965663909912,,,,,,,,,,,,,
43,,,,151179,,,,,,,,,,,,0.46207091212272644,0.1037953570485115,,0.5357035398483276,,4.404429912567139,,,,,,,,,,,,,
43,,,,151199,,,,,,,,,,,,0.46207091212272644,0.064748115837574,,0.7106142044067383,,4.401067733764648,,,,,,,,,,,,,
43,,,,151219,,,,,,,,,,,,0.46207091212272644,0.055912695825099945,,0.683000922203064,,3.360340118408203,,,,,,,,,,,,,
43,,,,151239,,,,,,,,,,,,0.46207091212272644,0.10322411358356476,,0.4093353748321533,,3.315732002258301,,,,,,,,,,,,,
43,,,,151259,,,,,,,,,,,,0.46207091212272644,0.07605864107608795,,0.5097136497497559,,3.2580678462982178,,,,,,,,,,,,,
43,,,,151279,,,,,,,,,,,,0.46207091212272644,0.11917637288570404,,0.516893744468689,,4.30541467666626,,,,,,,,,,,,,
43,,,,151299,,,,,,,,,,,,0.46207091212272644,0.06358876079320908,,0.8465225100517273,,4.154603004455566,,,,,,,,,,,,,
43,,,,151319,,,,,,,,,,,,0.46207091212272644,0.10729564726352692,,0.5784130096435547,,4.420161247253418,,,,,,,,,,,,,
43,,,,151339,,,,,,,,,,,,0.46207091212272644,0.09448732435703278,,0.5537794828414917,,4.414407730102539,,,,,,,,,,,,,
43,,,,151359,,,,,,,,,,,,0.46207091212272644,0.11718490719795227,,0.5194461345672607,,4.368255615234375,,,,,,,,,,,,,
43,,,,151379,,,,,,,,,,,,0.46207091212272644,0.11006303131580353,,0.5378333926200867,,4.440154075622559,,,,,,,,,,,,,
43,,,,151399,,,,,,,,,,,,0.46207091212272644,0.07337374985218048,,0.6251373291015625,,4.458539962768555,,,,,,,,,,,,,
43,,,,151419,,,,,,,,,,,,0.46207091212272644,0.10677380859851837,,0.5195839405059814,,4.409514427185059,,,,,,,,,,,,,
43,,,,151439,,,,,,,,,,,,0.46207091212272644,0.054846812039613724,,0.8344306945800781,,4.255681037902832,,,,,,,,,,,,,
43,,,,151459,,,,,,,,,,,,0.46207091212272644,0.07415477931499481,,0.5359264612197876,,3.243472099304199,,,,,,,,,,,,,
43,,,,151479,,,,,,,,,,,,0.46207091212272644,0.10622051358222961,,0.42211729288101196,,3.2722814083099365,,,,,,,,,,,,,
43,,,,151499,,,,,,,,,,,,0.46207091212272644,0.060748159885406494,,0.8868639469146729,,4.160281181335449,,,,,,,,,,,,,
43,,,,151519,,,,,,,,,,,,0.46207091212272644,0.0899292528629303,,0.4668866991996765,,3.2138218879699707,,,,,,,,,,,,,
43,,,,151539,,,,,,,,,,,,0.46207091212272644,0.10392631590366364,,0.41317716240882874,,3.262927532196045,,,,,,,,,,,,,
43,,,,151559,,,,,,,,,,,,0.46207091212272644,0.056057631969451904,,0.7783210277557373,,3.4822187423706055,,,,,,,,,,,,,
43,,,,151579,,,,,,,,,,,,0.46207091212272644,0.10465327650308609,,0.4521777033805847,,3.2515182495117188,,,,,,,,,,,,,
43,,,,151599,,,,,,,,,,,,0.46207091212272644,0.09234414994716644,,0.5891954898834229,,4.421299934387207,,,,,,,,,,,,,
43,,,,151619,,,,,,,,,,,,0.46207091212272644,0.09625768661499023,,0.40640899538993835,,3.2341372966766357,,,,,,,,,,,,,
43,,,,151639,,,,,,,,,,,,0.46207091212272644,0.11029589176177979,,0.5195690393447876,,4.396892070770264,,,,,,,,,,,,,
43,,,,151659,,,,,,,,,,,,0.46207091212272644,0.08471529930830002,,0.605601966381073,,4.347557067871094,,,,,,,,,,,,,
43,,,,151679,,,,,,,,,,,,0.46207091212272644,0.10432016849517822,,0.5155367255210876,,4.410931587219238,,,,,,,,,,,,,
43,,,,151699,,,,,,,,,,,,0.46207091212272644,0.07768268883228302,,0.7004541754722595,,4.39877462387085,,,,,,,,,,,,,
43,,,,151719,,,,,,,,,,,,0.46207091212272644,0.056935425847768784,,0.7801014184951782,,4.414091110229492,,,,,,,,,,,,,
43,,,,151739,,,,,,,,,,,,0.46207091212272644,0.05902562662959099,,0.8968653082847595,,3.9082324504852295,,,,,,,,,,,,,
43,,,,151759,,,,,,,,,,,,0.46207091212272644,0.0635538399219513,,0.9028698205947876,,4.327239036560059,,,,,,,,,,,,,
43,,,,151779,,,,,,,,,,,,0.46207091212272644,0.10332417488098145,,0.4206659197807312,,3.27900767326355,,,,,,,,,,,,,
43,,,,151799,,,,,,,,,,,,0.46207091212272644,0.10083894431591034,,0.4780406057834625,,3.2632875442504883,,,,,,,,,,,,,
43,,,,151819,,,,,,,,,,,,0.46207091212272644,0.055242426693439484,,0.9115573763847351,,4.045257568359375,,,,,,,,,,,,,
43,,,,151839,,,,,,,,,,,,0.46207091212272644,0.10241599380970001,,0.5268107056617737,,3.2368130683898926,,,,,,,,,,,,,
43,,,,151859,,,,,,,,,,,,0.46207091212272644,0.11368320137262344,,0.44677790999412537,,3.27882719039917,,,,,,,,,,,,,
43,,,,151879,,,,,,,,,,,,0.46207091212272644,0.10704177618026733,,0.5313286781311035,,4.422943115234375,,,,,,,,,,,,,
43,,,,151899,,,,,,,,,,,,0.46207091212272644,0.09848763048648834,,0.40635204315185547,,3.2527642250061035,,,,,,,,,,,,,
43,,,,151919,,,,,,,,,,,,0.46207091212272644,0.08961265534162521,,0.6222081780433655,,4.444026470184326,,,,,,,,,,,,,
43,,,,151939,,,,,,,,,,,,0.46207091212272644,0.11232598125934601,,0.5499568581581116,,4.4331889152526855,,,,,,,,,,,,,
43,,,,151959,,,,,,,,,,,,0.46207091212272644,0.10645245015621185,,0.5189457535743713,,4.415304183959961,,,,,,,,,,,,,
43,,,,151979,,,,,,,,,,,,0.46207091212272644,0.10686852037906647,,0.5244358777999878,,4.4161696434021,,,,,,,,,,,,,
43,,,,151999,,,,,,,,,,,,0.46207091212272644,0.10515737533569336,,0.5018417835235596,,3.213613986968994,,,,,,,,,,,,,
43,,,,152019,,,,,,,,,,,,0.46207091212272644,0.07783810049295425,,0.6843318343162537,,4.403006553649902,,,,,,,,,,,,,
43,,,,152039,,,,,,,,,,,,0.46207091212272644,0.11774984002113342,,0.5206760764122009,,4.361485481262207,,,,,,,,,,,,,
43,,,,152059,,,,,,,,,,,,0.46207091212272644,0.06495678424835205,,0.7632970809936523,,4.376965522766113,,,,,,,,,,,,,
43,,,,152079,,,,,,,,,,,,0.46207091212272644,0.09993211179971695,,0.5099936127662659,,3.260028839111328,,,,,,,,,,,,,
43,,,,152099,,,,,,,,,,,,0.46207091212272644,0.04122704640030861,,0.963323175907135,,4.180394172668457,,,,,,,,,,,,,
43,,,,152119,,,,,,,,,,,,0.46207091212272644,0.1019313782453537,,0.5555809736251831,,4.431467056274414,,,,,,,,,,,,,
43,,,,152139,,,,,,,,,,,,0.46207091212272644,0.11557532846927643,,0.40813779830932617,,3.228262424468994,,,,,,,,,,,,,
43,,,,152159,,,,,,,,,,,,0.46207091212272644,0.053006842732429504,,0.8749459385871887,,3.997239589691162,,,,,,,,,,,,,
43,,,,152179,,,,,,,,,,,,0.46207091212272644,0.06371745467185974,,0.6643707752227783,,3.2480945587158203,,,,,,,,,,,,,
43,,,,152199,,,,,,,,,,,,0.46207091212272644,0.05476692318916321,,0.757850170135498,,3.2435085773468018,,,,,,,,,,,,,
43,,,,152219,,,,,,,,,,,,0.46207091212272644,0.08950408548116684,,0.44284313917160034,,3.210458755493164,,,,,,,,,,,,,
43,,,,152239,,,,,,,,,,,,0.46207091212272644,0.1015155017375946,,0.4024704396724701,,3.2364683151245117,,,,,,,,,,,,,
43,,,,152259,,,,,,,,,,,,0.46207091212272644,0.06681997328996658,,0.8242090940475464,,4.048540115356445,,,,,,,,,,,,,
43,,,,152279,,,,,,,,,,,,0.46207091212272644,0.09454404562711716,,0.44675543904304504,,3.2356390953063965,,,,,,,,,,,,,
43,,,,152299,,,,,,,,,,,,0.46207091212272644,0.07582035660743713,,0.5735554695129395,,3.23820161819458,,,,,,,,,,,,,
43,,,,152319,,,,,,,,,,,,0.46207091212272644,0.10918289422988892,,0.4457211196422577,,3.2171032428741455,,,,,,,,,,,,,
43,,,,152339,,,,,,,,,,,,0.46207091212272644,0.11278265714645386,,0.4048176407814026,,3.203556537628174,,,,,,,,,,,,,
43,,,,152359,,,,,,,,,,,,0.46207091212272644,0.10286159813404083,,0.44280165433883667,,3.188814640045166,,,,,,,,,,,,,
43,,,,152379,,,,,,,,,,,,0.46207091212272644,0.11472886055707932,,0.40625324845314026,,3.244015693664551,,,,,,,,,,,,,
43,,,,152399,,,,,,,,,,,,0.46207091212272644,0.11399545520544052,,0.539484977722168,,4.418535232543945,,,,,,,,,,,,,
43,,,,152419,,,,,,,,,,,,0.46207091212272644,0.11226820945739746,,0.4104406237602234,,3.211185932159424,,,,,,,,,,,,,
43,,,,152439,,,,,,,,,,,,0.46207091212272644,0.08157207071781158,,0.6788648962974548,,4.423907279968262,,,,,,,,,,,,,
43,,,,152459,,,,,,,,,,,,0.46207091212272644,0.11258362233638763,,0.5297971963882446,,4.456455707550049,,,,,,,,,,,,,
43,,,,152479,,,,,,,,,,,,0.46207091212272644,0.0925893485546112,,0.5334356427192688,,4.407050609588623,,,,,,,,,,,,,
43,,,,152499,,,,,,,,,,,,0.46207091212272644,0.12246958166360855,,0.5382986664772034,,4.493669509887695,,,,,,,,,,,,,
43,,,,152519,,,,,,,,,,,,0.46207091212272644,0.061175718903541565,,0.8593190312385559,,4.411661624908447,,,,,,,,,,,,,
43,,,,152539,,,,,,,,,,,,0.46207091212272644,0.10670717060565948,,0.4234675467014313,,3.1626133918762207,,,,,,,,,,,,,
43,,,,152559,,,,,,,,,,,,0.46207091212272644,0.10973001271486282,,0.4013746380805969,,3.187373638153076,,,,,,,,,,,,,
43,,,,152579,,,,,,,,,,,,0.46207091212272644,0.12102419883012772,,0.41085711121559143,,3.216769218444824,,,,,,,,,,,,,
43,,,,152599,,,,,,,,,,,,0.46207091212272644,0.07156099379062653,,0.6351289749145508,,3.192981719970703,,,,,,,,,,,,,
43,,,,152619,,,,,,,,,,,,0.46207091212272644,0.059882909059524536,,0.8962966203689575,,3.9109978675842285,,,,,,,,,,,,,
43,,,,152639,,,,,,,,,,,,0.46207091212272644,0.10772150754928589,,0.5367225408554077,,4.420341968536377,,,,,,,,,,,,,
43,,,,152659,,,,,,,,,,,,0.46207091212272644,0.11760637164115906,,0.41203826665878296,,3.2316606044769287,,,,,,,,,,,,,
43,,,,152679,,,,,,,,,,,,0.46207091212272644,0.1121320128440857,,0.5298935770988464,,4.4198503494262695,,,,,,,,,,,,,
43,,,,152699,,,,,,,,,,,,0.46207091212272644,0.056450970470905304,,0.8141395449638367,,3.535144329071045,,,,,,,,,,,,,
43,,,,152719,,,,,,,,,,,,0.46207091212272644,0.07739509642124176,,0.6806498169898987,,4.457700252532959,,,,,,,,,,,,,
43,,,,152739,,,,,,,,,,,,0.46207091212272644,0.06083279103040695,,0.77475905418396,,3.3681817054748535,,,,,,,,,,,,,
43,,,,152759,,,,,,,,,,,,0.46207091212272644,0.11342142522335052,,0.5306347608566284,,4.4080810546875,,,,,,,,,,,,,
43,,,,152779,,,,,,,,,,,,0.46207091212272644,0.06641938537359238,,0.6264592409133911,,3.18827748298645,,,,,,,,,,,,,
43,,,,152799,,,,,,,,,,,,0.46207091212272644,0.06099961698055267,,0.7000691294670105,,3.264949321746826,,,,,,,,,,,,,
43,,,,152819,,,,,,,,,,,,0.46207091212272644,0.05761445313692093,,0.7524207234382629,,4.574970722198486,,,,,,,,,,,,,
43,,,,152839,,,,,,,,,,,,0.46207091212272644,0.10838781297206879,,0.5410745739936829,,4.453740119934082,,,,,,,,,,,,,
43,,,,152859,,,,,,,,,,,,0.46207091212272644,0.09494959563016891,,0.40169602632522583,,3.1509838104248047,,,,,,,,,,,,,
43,,,,152879,,,,,,,,,,,,0.46207091212272644,0.06110811606049538,,0.8126966953277588,,4.568692684173584,,,,,,,,,,,,,
43,,,,152899,,,,,,,,,,,,0.46207091212272644,0.061197053641080856,,0.820900559425354,,3.8872697353363037,,,,,,,,,,,,,
43,,,,152919,,,,,,,,,,,,0.46207091212272644,0.050784334540367126,,0.9335685968399048,,3.801823854446411,,,,,,,,,,,,,
43,,,,152939,,,,,,,,,,,,0.46207091212272644,0.10399483889341354,,0.520206868648529,,4.456921577453613,,,,,,,,,,,,,
43,,,,152959,,,,,,,,,,,,0.46207091212272644,0.07401404529809952,,0.7761791944503784,,3.7736520767211914,,,,,,,,,,,,,
43,,,,152979,,,,,,,,,,,,0.46207091212272644,0.10195052623748779,,0.530924379825592,,4.412357807159424,,,,,,,,,,,,,
43,,,,152999,,,,,,,,,,,,0.46207091212272644,0.1085055023431778,,0.5339033007621765,,4.469535827636719,,,,,,,,,,,,,
43,,,,153019,,,,,,,,,,,,0.46207091212272644,0.10672706365585327,,0.5387037396430969,,4.463629722595215,,,,,,,,,,,,,
43,,,,153039,,,,,,,,,,,,0.46207091212272644,0.11615411937236786,,0.5278440713882446,,4.438199996948242,,,,,,,,,,,,,
43,,,,153059,,,,,,,,,,,,0.46207091212272644,0.11987936496734619,,0.5546929836273193,,4.417977333068848,,,,,,,,,,,,,
43,,,,153079,,,,,,,,,,,,0.46207091212272644,0.10402929782867432,,0.40461552143096924,,3.2522621154785156,,,,,,,,,,,,,
43,,,,153099,,,,,,,,,,,,0.46207091212272644,0.09601432085037231,,0.4616827666759491,,3.239245891571045,,,,,,,,,,,,,
43,,,,153119,,,,,,,,,,,,0.46207091212272644,0.11855602264404297,,0.40849703550338745,,3.233518600463867,,,,,,,,,,,,,
43,,,,153139,,,,,,,,,,,,0.46207091212272644,0.05512601509690285,,0.8540149331092834,,3.427333354949951,,,,,,,,,,,,,
43,,,,153159,,,,,,,,,,,,0.46207091212272644,0.06105082482099533,,0.8860211372375488,,4.197953224182129,,,,,,,,,,,,,
43,,,,153179,,,,,,,,,,,,0.46207091212272644,0.09317078441381454,,0.5814262628555298,,3.220421314239502,,,,,,,,,,,,,
43,,,,153199,,,,,,,,,,,,0.46207091212272644,0.057905785739421844,,0.8522209525108337,,3.9861316680908203,,,,,,,,,,,,,
43,,,,153207,,,,,,,,,,,,,,,,,,0.6872018575668335,0.8525112867355347,0.6817103028297424,0.680077075958252,0.5559178590774536,0.6784439086914062,0.6150185465812683,0.7210355997085571,0.7123329639434814,0.7735193967819214,0.7933828234672546,0.43454039096832275,0.6872018575668335
43,,,,153207,,,,,,,,,0.6068823337554932,0.0888730138540268,0.462065726518631,,,0.5987444519996643,,3.8522191047668457,,,,,,,,,,,,,,
,0.000140581422070603,0.000140581422070603,1.4058142207060299e-05,153208,,,,,,,,,,,,,,,,,,,,,,,,,,,,,,
44,,,,153219,,,,,,,,,,,,0.46207091212272644,0.09966472536325455,,0.5359954833984375,,4.419319152832031,,,,,,,,,,,,,
44,,,,153239,,,,,,,,,,,,0.46207091212272644,0.0983208492398262,,0.59627765417099,,4.5093841552734375,,,,,,,,,,,,,
44,,,,153259,,,,,,,,,,,,0.46207091212272644,0.06685692071914673,,0.8212655186653137,,4.455751419067383,,,,,,,,,,,,,
44,,,,153279,,,,,,,,,,,,0.46207091212272644,0.08999209105968475,,0.5229890942573547,,4.4629998207092285,,,,,,,,,,,,,
44,,,,153299,,,,,,,,,,,,0.46207091212272644,0.07620485126972198,,0.5600156188011169,,3.1872639656066895,,,,,,,,,,,,,
44,,,,153319,,,,,,,,,,,,0.46207091212272644,0.12212788313627243,,0.41375932097435,,3.2341556549072266,,,,,,,,,,,,,
44,,,,153339,,,,,,,,,,,,0.46207091212272644,0.1308886706829071,,0.423300176858902,,3.3029332160949707,,,,,,,,,,,,,
44,,,,153359,,,,,,,,,,,,0.46207091212272644,0.0866769552230835,,0.47095999121665955,,3.1825571060180664,,,,,,,,,,,,,
44,,,,153379,,,,,,,,,,,,0.46207091212272644,0.07877785712480545,,0.7562627196311951,,4.466261386871338,,,,,,,,,,,,,
44,,,,153399,,,,,,,,,,,,0.46207091212272644,0.08847804367542267,,0.4054796099662781,,3.193373203277588,,,,,,,,,,,,,
44,,,,153419,,,,,,,,,,,,0.46207091212272644,0.08009303361177444,,0.5354834198951721,,3.2022082805633545,,,,,,,,,,,,,
44,,,,153439,,,,,,,,,,,,0.46207091212272644,0.09601132571697235,,0.545434296131134,,4.480562686920166,,,,,,,,,,,,,
44,,,,153459,,,,,,,,,,,,0.46207091212272644,0.11702710390090942,,0.5364950895309448,,4.497684955596924,,,,,,,,,,,,,
44,,,,153479,,,,,,,,,,,,0.46207091212272644,0.06584043800830841,,0.5641535520553589,,3.21146559715271,,,,,,,,,,,,,
44,,,,153499,,,,,,,,,,,,0.46207091212272644,0.11079144477844238,,0.5194875597953796,,4.388688087463379,,,,,,,,,,,,,
44,,,,153519,,,,,,,,,,,,0.46207091212272644,0.10795678198337555,,0.5346176028251648,,4.419945240020752,,,,,,,,,,,,,
44,,,,153539,,,,,,,,,,,,0.46207091212272644,0.06705638766288757,,0.7568804621696472,,4.3975629806518555,,,,,,,,,,,,,
44,,,,153559,,,,,,,,,,,,0.46207091212272644,0.10431089997291565,,0.4218689203262329,,3.2460286617279053,,,,,,,,,,,,,
44,,,,153579,,,,,,,,,,,,0.46207091212272644,0.10691225528717041,,0.5812513828277588,,4.393871784210205,,,,,,,,,,,,,
44,,,,153599,,,,,,,,,,,,0.46207091212272644,0.10499228537082672,,0.5141221880912781,,4.368234634399414,,,,,,,,,,,,,
44,,,,153619,,,,,,,,,,,,0.46207091212272644,0.11148396879434586,,0.41877517104148865,,3.2461249828338623,,,,,,,,,,,,,
44,,,,153639,,,,,,,,,,,,0.46207091212272644,0.06142696738243103,,0.8872877955436707,,3.8911986351013184,,,,,,,,,,,,,
44,,,,153659,,,,,,,,,,,,0.46207091212272644,0.10473009198904037,,0.578819751739502,,4.346770286560059,,,,,,,,,,,,,
44,,,,153679,,,,,,,,,,,,0.46207091212272644,0.10663408041000366,,0.42480921745300293,,3.259507656097412,,,,,,,,,,,,,
44,,,,153699,,,,,,,,,,,,0.46207091212272644,0.10812021791934967,,0.45103466510772705,,3.250730276107788,,,,,,,,,,,,,
44,,,,153719,,,,,,,,,,,,0.46207091212272644,0.08016297221183777,,0.7450439929962158,,4.463860511779785,,,,,,,,,,,,,
44,,,,153739,,,,,,,,,,,,0.46207091212272644,0.060343630611896515,,0.8766252994537354,,4.268540382385254,,,,,,,,,,,,,
44,,,,153759,,,,,,,,,,,,0.46207091212272644,0.11248861998319626,,0.5265428423881531,,4.426557540893555,,,,,,,,,,,,,
44,,,,153779,,,,,,,,,,,,0.46207091212272644,0.10110363364219666,,0.5286538600921631,,4.399579048156738,,,,,,,,,,,,,
44,,,,153799,,,,,,,,,,,,0.46207091212272644,0.08957783877849579,,0.5858115553855896,,4.4474310874938965,,,,,,,,,,,,,
44,,,,153819,,,,,,,,,,,,0.46207091212272644,0.08500520139932632,,0.4728742241859436,,3.2082056999206543,,,,,,,,,,,,,
44,,,,153839,,,,,,,,,,,,0.46207091212272644,0.1123211532831192,,0.40608519315719604,,3.2191162109375,,,,,,,,,,,,,
44,,,,153859,,,,,,,,,,,,0.46207091212272644,0.09652045369148254,,0.3999022841453552,,3.230555295944214,,,,,,,,,,,,,
44,,,,153879,,,,,,,,,,,,0.46207091212272644,0.10943623632192612,,0.4017464220523834,,3.23014760017395,,,,,,,,,,,,,
44,,,,153899,,,,,,,,,,,,0.46207091212272644,0.11382319033145905,,0.41300085186958313,,3.258054733276367,,,,,,,,,,,,,
44,,,,153919,,,,,,,,,,,,0.46207091212272644,0.11201870441436768,,0.40318751335144043,,3.221346378326416,,,,,,,,,,,,,
44,,,,153939,,,,,,,,,,,,0.46207091212272644,0.11296990513801575,,0.5307206511497498,,4.446048736572266,,,,,,,,,,,,,
44,,,,153959,,,,,,,,,,,,0.46207091212272644,0.06522559374570847,,0.7585156559944153,,3.490537405014038,,,,,,,,,,,,,
44,,,,153979,,,,,,,,,,,,0.46207091212272644,0.11174292862415314,,0.522466242313385,,4.418562889099121,,,,,,,,,,,,,
44,,,,153999,,,,,,,,,,,,0.46207091212272644,0.10555217415094376,,0.5284740924835205,,4.431243896484375,,,,,,,,,,,,,
44,,,,154019,,,,,,,,,,,,0.46207091212272644,0.11685854196548462,,0.4497394263744354,,3.252955675125122,,,,,,,,,,,,,
44,,,,154039,,,,,,,,,,,,0.46207091212272644,0.10487225651741028,,0.5434380173683167,,4.438724517822266,,,,,,,,,,,,,
44,,,,154059,,,,,,,,,,,,0.46207091212272644,0.0844099372625351,,0.7320997714996338,,4.406939506530762,,,,,,,,,,,,,
44,,,,154079,,,,,,,,,,,,0.46207091212272644,0.05938620865345001,,0.764386773109436,,3.365769624710083,,,,,,,,,,,,,
44,,,,154099,,,,,,,,,,,,0.46207091212272644,0.10545763373374939,,0.42867133021354675,,3.3067409992218018,,,,,,,,,,,,,
44,,,,154119,,,,,,,,,,,,0.46207091212272644,0.0595773383975029,,0.7875224947929382,,3.5523738861083984,,,,,,,,,,,,,
44,,,,154139,,,,,,,,,,,,0.46207091212272644,0.11953913420438766,,0.4114755392074585,,3.2710251808166504,,,,,,,,,,,,,
44,,,,154159,,,,,,,,,,,,0.46207091212272644,0.08299455791711807,,0.5073077082633972,,3.195042133331299,,,,,,,,,,,,,
44,,,,154179,,,,,,,,,,,,0.46207091212272644,0.07917575538158417,,0.6834067702293396,,4.472511291503906,,,,,,,,,,,,,
44,,,,154199,,,,,,,,,,,,0.46207091212272644,0.10017456114292145,,0.44057753682136536,,3.186211585998535,,,,,,,,,,,,,
44,,,,154219,,,,,,,,,,,,0.46207091212272644,0.0997597873210907,,0.4336913526058197,,3.1838340759277344,,,,,,,,,,,,,
44,,,,154239,,,,,,,,,,,,0.46207091212272644,0.1129794642329216,,0.5279097557067871,,4.443475723266602,,,,,,,,,,,,,
44,,,,154259,,,,,,,,,,,,0.46207091212272644,0.09543636441230774,,0.5460286736488342,,4.516329765319824,,,,,,,,,,,,,
44,,,,154279,,,,,,,,,,,,0.46207091212272644,0.11260886490345001,,0.4084523320198059,,3.215454339981079,,,,,,,,,,,,,
44,,,,154299,,,,,,,,,,,,0.46207091212272644,0.11384987086057663,,0.40763726830482483,,3.2144689559936523,,,,,,,,,,,,,
44,,,,154319,,,,,,,,,,,,0.46207091212272644,0.06758773326873779,,0.6253064870834351,,3.174515724182129,,,,,,,,,,,,,
44,,,,154339,,,,,,,,,,,,0.46207091212272644,0.06994732469320297,,0.6868654489517212,,4.419130325317383,,,,,,,,,,,,,
44,,,,154359,,,,,,,,,,,,0.46207091212272644,0.0641944408416748,,0.7310640811920166,,4.472830772399902,,,,,,,,,,,,,
44,,,,154379,,,,,,,,,,,,0.46207091212272644,0.05188176780939102,,0.893189013004303,,3.6074936389923096,,,,,,,,,,,,,
44,,,,154399,,,,,,,,,,,,0.46207091212272644,0.11032428592443466,,0.41656818985939026,,3.196643352508545,,,,,,,,,,,,,
44,,,,154419,,,,,,,,,,,,0.46207091212272644,0.11220760643482208,,0.5304537415504456,,4.482767105102539,,,,,,,,,,,,,
44,,,,154439,,,,,,,,,,,,0.46207091212272644,0.07942169904708862,,0.7160067558288574,,4.4488525390625,,,,,,,,,,,,,
44,,,,154459,,,,,,,,,,,,0.46207091212272644,0.1237611174583435,,0.5333899259567261,,4.431221008300781,,,,,,,,,,,,,
44,,,,154479,,,,,,,,,,,,0.46207091212272644,0.058952175080776215,,0.8083227276802063,,4.529650688171387,,,,,,,,,,,,,
44,,,,154499,,,,,,,,,,,,0.46207091212272644,0.08576977252960205,,0.6910413503646851,,4.459532737731934,,,,,,,,,,,,,
44,,,,154519,,,,,,,,,,,,0.46207091212272644,0.08010050654411316,,0.7612783908843994,,4.464909553527832,,,,,,,,,,,,,
44,,,,154539,,,,,,,,,,,,0.46207091212272644,0.09672999382019043,,0.5137726664543152,,4.301111698150635,,,,,,,,,,,,,
44,,,,154559,,,,,,,,,,,,0.46207091212272644,0.09571371972560883,,0.4730229675769806,,3.2758283615112305,,,,,,,,,,,,,
44,,,,154579,,,,,,,,,,,,0.46207091212272644,0.06019367650151253,,0.6396923065185547,,3.1947274208068848,,,,,,,,,,,,,
44,,,,154599,,,,,,,,,,,,0.46207091212272644,0.10491864383220673,,0.5790004730224609,,4.406734466552734,,,,,,,,,,,,,
44,,,,154619,,,,,,,,,,,,0.46207091212272644,0.10460619628429413,,0.40267595648765564,,3.2390332221984863,,,,,,,,,,,,,
44,,,,154639,,,,,,,,,,,,0.46207091212272644,0.09021683037281036,,0.41387060284614563,,3.260002374649048,,,,,,,,,,,,,
44,,,,154659,,,,,,,,,,,,0.46207091212272644,0.09855237603187561,,0.4640604257583618,,3.2275733947753906,,,,,,,,,,,,,
44,,,,154679,,,,,,,,,,,,0.46207091212272644,0.10427220910787582,,0.44713059067726135,,3.2498693466186523,,,,,,,,,,,,,
44,,,,154699,,,,,,,,,,,,0.46207091212272644,0.06614349037408829,,0.8537496328353882,,4.089641571044922,,,,,,,,,,,,,
44,,,,154719,,,,,,,,,,,,0.46207091212272644,0.104750856757164,,0.4414641261100769,,3.230980157852173,,,,,,,,,,,,,
44,,,,154739,,,,,,,,,,,,0.46207091212272644,0.10203032195568085,,0.5356037020683289,,4.3146586418151855,,,,,,,,,,,,,
44,,,,154759,,,,,,,,,,,,0.46207091212272644,0.09614334255456924,,0.40205058455467224,,3.2192635536193848,,,,,,,,,,,,,
44,,,,154779,,,,,,,,,,,,0.46207091212272644,0.0675748810172081,,0.7659760117530823,,3.35598087310791,,,,,,,,,,,,,
44,,,,154799,,,,,,,,,,,,0.46207091212272644,0.06955157965421677,,0.725806713104248,,4.511964321136475,,,,,,,,,,,,,
44,,,,154819,,,,,,,,,,,,0.46207091212272644,0.10715548694133759,,0.4093766212463379,,3.192652702331543,,,,,,,,,,,,,
44,,,,154839,,,,,,,,,,,,0.46207091212272644,0.10188531875610352,,0.46253570914268494,,3.1759438514709473,,,,,,,,,,,,,
44,,,,154859,,,,,,,,,,,,0.46207091212272644,0.11305906623601913,,0.5350983142852783,,4.484344959259033,,,,,,,,,,,,,
44,,,,154879,,,,,,,,,,,,0.46207091212272644,0.10338485985994339,,0.595102846622467,,4.515773773193359,,,,,,,,,,,,,
44,,,,154899,,,,,,,,,,,,0.46207091212272644,0.06196796894073486,,0.7700475454330444,,3.3762898445129395,,,,,,,,,,,,,
44,,,,154919,,,,,,,,,,,,0.46207091212272644,0.07320775836706161,,0.6029431819915771,,3.1582860946655273,,,,,,,,,,,,,
44,,,,154939,,,,,,,,,,,,0.46207091212272644,0.08507105708122253,,0.6663198471069336,,4.487625598907471,,,,,,,,,,,,,
44,,,,154959,,,,,,,,,,,,0.46207091212272644,0.0973147451877594,,0.5264602899551392,,4.446895122528076,,,,,,,,,,,,,
44,,,,154979,,,,,,,,,,,,0.46207091212272644,0.061666958034038544,,0.6973514556884766,,3.2475008964538574,,,,,,,,,,,,,
44,,,,154999,,,,,,,,,,,,0.46207091212272644,0.1157129779458046,,0.5000914931297302,,3.229299545288086,,,,,,,,,,,,,
44,,,,155019,,,,,,,,,,,,0.46207091212272644,0.06580311059951782,,0.7100498080253601,,4.465155601501465,,,,,,,,,,,,,
44,,,,155039,,,,,,,,,,,,0.46207091212272644,0.11305303871631622,,0.4545348882675171,,3.2932519912719727,,,,,,,,,,,,,
44,,,,155059,,,,,,,,,,,,0.46207091212272644,0.0932377427816391,,0.42395254969596863,,3.2363386154174805,,,,,,,,,,,,,
44,,,,155079,,,,,,,,,,,,0.46207091212272644,0.11440268158912659,,0.41084039211273193,,3.2482051849365234,,,,,,,,,,,,,
44,,,,155099,,,,,,,,,,,,0.46207091212272644,0.08599647879600525,,0.4132665991783142,,3.223054885864258,,,,,,,,,,,,,
44,,,,155119,,,,,,,,,,,,0.46207091212272644,0.07220982015132904,,0.795265257358551,,4.2470598220825195,,,,,,,,,,,,,
44,,,,155139,,,,,,,,,,,,0.46207091212272644,0.0908355712890625,,0.5785674452781677,,3.2180233001708984,,,,,,,,,,,,,
44,,,,155159,,,,,,,,,,,,0.46207091212272644,0.10366325080394745,,0.5225621461868286,,4.4472174644470215,,,,,,,,,,,,,
44,,,,155179,,,,,,,,,,,,0.46207091212272644,0.082130067050457,,0.8001520037651062,,4.454605579376221,,,,,,,,,,,,,
44,,,,155199,,,,,,,,,,,,0.46207091212272644,0.06951345503330231,,0.765519380569458,,4.322500228881836,,,,,,,,,,,,,
44,,,,155219,,,,,,,,,,,,0.46207091212272644,0.07338833808898926,,0.8337550163269043,,4.0689496994018555,,,,,,,,,,,,,
44,,,,155239,,,,,,,,,,,,0.46207091212272644,0.05471548065543175,,0.8960506319999695,,3.9662883281707764,,,,,,,,,,,,,
44,,,,155259,,,,,,,,,,,,0.46207091212272644,0.11510302871465683,,0.41090282797813416,,3.2793171405792236,,,,,,,,,,,,,
44,,,,155279,,,,,,,,,,,,0.46207091212272644,0.0993865579366684,,0.45293569564819336,,3.207329750061035,,,,,,,,,,,,,
44,,,,155299,,,,,,,,,,,,0.46207091212272644,0.1103675365447998,,0.40126246213912964,,3.194622755050659,,,,,,,,,,,,,
44,,,,155319,,,,,,,,,,,,0.46207091212272644,0.05584077909588814,,0.7953655123710632,,3.379657745361328,,,,,,,,,,,,,
44,,,,155339,,,,,,,,,,,,0.46207091212272644,0.10993441194295883,,0.3959779143333435,,3.136300563812256,,,,,,,,,,,,,
44,,,,155359,,,,,,,,,,,,0.46207091212272644,0.11088865995407104,,0.39660921692848206,,3.1466240882873535,,,,,,,,,,,,,
44,,,,155379,,,,,,,,,,,,0.46207091212272644,0.11073092371225357,,0.3915207087993622,,3.125417470932007,,,,,,,,,,,,,
44,,,,155399,,,,,,,,,,,,0.46207091212272644,0.07365453243255615,,0.7465597987174988,,4.594592094421387,,,,,,,,,,,,,
44,,,,155419,,,,,,,,,,,,0.46207091212272644,0.09565362334251404,,0.4009169042110443,,3.186286211013794,,,,,,,,,,,,,
44,,,,155439,,,,,,,,,,,,0.46207091212272644,0.06388214230537415,,0.8246697783470154,,3.938739776611328,,,,,,,,,,,,,
44,,,,155459,,,,,,,,,,,,0.46207091212272644,0.1096569150686264,,0.42764946818351746,,3.1377243995666504,,,,,,,,,,,,,
44,,,,155479,,,,,,,,,,,,0.46207091212272644,0.10883663594722748,,0.395577609539032,,3.1358861923217773,,,,,,,,,,,,,
44,,,,155499,,,,,,,,,,,,0.46207091212272644,0.05490192025899887,,0.8637227416038513,,4.5343756675720215,,,,,,,,,,,,,
44,,,,155519,,,,,,,,,,,,0.46207091212272644,0.05922576040029526,,0.8343495726585388,,3.510525703430176,,,,,,,,,,,,,
44,,,,155539,,,,,,,,,,,,0.46207091212272644,0.09256043285131454,,0.3889065980911255,,3.1429409980773926,,,,,,,,,,,,,
44,,,,155559,,,,,,,,,,,,0.46207091212272644,0.055659107863903046,,0.8194716572761536,,3.4785237312316895,,,,,,,,,,,,,
44,,,,155579,,,,,,,,,,,,0.46207091212272644,0.11343282461166382,,0.40521201491355896,,3.170468807220459,,,,,,,,,,,,,
44,,,,155599,,,,,,,,,,,,0.46207091212272644,0.11344923079013824,,0.4010091722011566,,3.1785037517547607,,,,,,,,,,,,,
44,,,,155619,,,,,,,,,,,,0.46207091212272644,0.06819428503513336,,0.5616307258605957,,3.1411092281341553,,,,,,,,,,,,,
44,,,,155639,,,,,,,,,,,,0.46207091212272644,0.11228315532207489,,0.5620043277740479,,4.476408004760742,,,,,,,,,,,,,
44,,,,155659,,,,,,,,,,,,0.46207091212272644,0.12006497383117676,,0.5550499558448792,,4.497420787811279,,,,,,,,,,,,,
44,,,,155679,,,,,,,,,,,,0.46207091212272644,0.06837806850671768,,0.6170742511749268,,3.1775612831115723,,,,,,,,,,,,,
44,,,,155699,,,,,,,,,,,,0.46207091212272644,0.06486375629901886,,0.7736072540283203,,4.456768035888672,,,,,,,,,,,,,
44,,,,155719,,,,,,,,,,,,0.46207091212272644,0.05165805667638779,,0.8262783885002136,,4.438072204589844,,,,,,,,,,,,,
44,,,,155739,,,,,,,,,,,,0.46207091212272644,0.10995642095804214,,0.5737420320510864,,4.439239025115967,,,,,,,,,,,,,
44,,,,155759,,,,,,,,,,,,0.46207091212272644,0.06056187301874161,,0.9529633522033691,,4.14979362487793,,,,,,,,,,,,,
44,,,,155779,,,,,,,,,,,,0.46207091212272644,0.05749491602182388,,0.6858892440795898,,3.223811149597168,,,,,,,,,,,,,
44,,,,155799,,,,,,,,,,,,0.46207091212272644,0.05569998919963837,,0.6948334574699402,,3.2856061458587646,,,,,,,,,,,,,
44,,,,155819,,,,,,,,,,,,0.46207091212272644,0.07753847539424896,,0.4917120635509491,,3.1130142211914062,,,,,,,,,,,,,
44,,,,155839,,,,,,,,,,,,0.46207091212272644,0.06670750677585602,,0.8753750324249268,,4.274564743041992,,,,,,,,,,,,,
44,,,,155859,,,,,,,,,,,,0.46207091212272644,0.08628969639539719,,0.5343395471572876,,4.490653038024902,,,,,,,,,,,,,
44,,,,155879,,,,,,,,,,,,0.46207091212272644,0.10655516386032104,,0.39565810561180115,,3.197033166885376,,,,,,,,,,,,,
44,,,,155899,,,,,,,,,,,,0.46207091212272644,0.11390460282564163,,0.5318886041641235,,4.486414432525635,,,,,,,,,,,,,
44,,,,155919,,,,,,,,,,,,0.46207091212272644,0.06160217523574829,,0.6281830072402954,,3.205521583557129,,,,,,,,,,,,,
44,,,,155939,,,,,,,,,,,,0.46207091212272644,0.09274770319461823,,0.5319826006889343,,4.452773094177246,,,,,,,,,,,,,
44,,,,155959,,,,,,,,,,,,0.46207091212272644,0.05996774137020111,,0.5609930157661438,,3.126955509185791,,,,,,,,,,,,,
44,,,,155979,,,,,,,,,,,,0.46207091212272644,0.11139073967933655,,0.5725730657577515,,4.500150680541992,,,,,,,,,,,,,
44,,,,155999,,,,,,,,,,,,0.46207091212272644,0.0929047167301178,,0.5330358147621155,,4.4654035568237305,,,,,,,,,,,,,
44,,,,156019,,,,,,,,,,,,0.46207091212272644,0.054245226085186005,,0.8251603245735168,,4.144060134887695,,,,,,,,,,,,,
44,,,,156039,,,,,,,,,,,,0.46207091212272644,0.05311032012104988,,0.847532331943512,,4.143303871154785,,,,,,,,,,,,,
44,,,,156059,,,,,,,,,,,,0.46207091212272644,0.06141010671854019,,0.6077091097831726,,3.1853551864624023,,,,,,,,,,,,,
44,,,,156079,,,,,,,,,,,,0.46207091212272644,0.08738254010677338,,0.555328369140625,,4.523481369018555,,,,,,,,,,,,,
44,,,,156099,,,,,,,,,,,,0.46207091212272644,0.11989185214042664,,0.40716469287872314,,3.2048141956329346,,,,,,,,,,,,,
44,,,,156119,,,,,,,,,,,,0.46207091212272644,0.05446852743625641,,0.8960174322128296,,4.2499613761901855,,,,,,,,,,,,,
44,,,,156139,,,,,,,,,,,,0.46207091212272644,0.05752384662628174,,0.7220028638839722,,3.318385124206543,,,,,,,,,,,,,
44,,,,156159,,,,,,,,,,,,0.46207091212272644,0.09256751835346222,,0.4754623770713806,,3.1900453567504883,,,,,,,,,,,,,
44,,,,156179,,,,,,,,,,,,0.46207091212272644,0.1105131059885025,,0.5365860462188721,,4.5312418937683105,,,,,,,,,,,,,
44,,,,156199,,,,,,,,,,,,0.46207091212272644,0.10186024755239487,,0.5425550937652588,,4.587519645690918,,,,,,,,,,,,,
44,,,,156219,,,,,,,,,,,,0.46207091212272644,0.11448785662651062,,0.40169066190719604,,3.132355213165283,,,,,,,,,,,,,
44,,,,156239,,,,,,,,,,,,0.46207091212272644,0.05207715928554535,,0.9139645099639893,,4.284855842590332,,,,,,,,,,,,,
44,,,,156259,,,,,,,,,,,,0.46207091212272644,0.07063791900873184,,0.6168571710586548,,3.257730722427368,,,,,,,,,,,,,
44,,,,156279,,,,,,,,,,,,0.46207091212272644,0.061421819031238556,,0.7102887034416199,,3.2015762329101562,,,,,,,,,,,,,
44,,,,156299,,,,,,,,,,,,0.46207091212272644,0.10772721469402313,,0.525934636592865,,4.451263427734375,,,,,,,,,,,,,
44,,,,156319,,,,,,,,,,,,0.46207091212272644,0.09787781536579132,,0.5394306182861328,,4.4473042488098145,,,,,,,,,,,,,
44,,,,156339,,,,,,,,,,,,0.46207091212272644,0.07217912375926971,,0.45054763555526733,,3.1838579177856445,,,,,,,,,,,,,
44,,,,156359,,,,,,,,,,,,0.46207091212272644,0.11057169735431671,,0.3993065655231476,,3.17996883392334,,,,,,,,,,,,,
44,,,,156379,,,,,,,,,,,,0.46207091212272644,0.08824349194765091,,0.39129388332366943,,3.1257388591766357,,,,,,,,,,,,,
44,,,,156399,,,,,,,,,,,,0.46207091212272644,0.056572385132312775,,0.926737904548645,,4.159123420715332,,,,,,,,,,,,,
44,,,,156419,,,,,,,,,,,,0.46207091212272644,0.10166486352682114,,0.5382794737815857,,4.518176555633545,,,,,,,,,,,,,
44,,,,156439,,,,,,,,,,,,0.46207091212272644,0.07666216790676117,,0.6331493258476257,,3.180419921875,,,,,,,,,,,,,
44,,,,156459,,,,,,,,,,,,0.46207091212272644,0.11377431452274323,,0.40473875403404236,,3.150857448577881,,,,,,,,,,,,,
44,,,,156479,,,,,,,,,,,,0.46207091212272644,0.11312404274940491,,0.40374815464019775,,3.157435655593872,,,,,,,,,,,,,
44,,,,156499,,,,,,,,,,,,0.46207091212272644,0.10942592471837997,,0.40514519810676575,,3.1733107566833496,,,,,,,,,,,,,
44,,,,156519,,,,,,,,,,,,0.46207091212272644,0.11142107844352722,,0.4060951769351959,,3.1755599975585938,,,,,,,,,,,,,
44,,,,156539,,,,,,,,,,,,0.46207091212272644,0.10954997688531876,,0.44133177399635315,,3.171010732650757,,,,,,,,,,,,,
44,,,,156559,,,,,,,,,,,,0.46207091212272644,0.10825661569833755,,0.5409482717514038,,4.475886344909668,,,,,,,,,,,,,
44,,,,156579,,,,,,,,,,,,0.46207091212272644,0.06899143755435944,,0.755791425704956,,4.4473490715026855,,,,,,,,,,,,,
44,,,,156599,,,,,,,,,,,,0.46207091212272644,0.10708208382129669,,0.4005568027496338,,3.225341796875,,,,,,,,,,,,,
44,,,,156619,,,,,,,,,,,,0.46207091212272644,0.10593356192111969,,0.39407747983932495,,3.155970335006714,,,,,,,,,,,,,
44,,,,156639,,,,,,,,,,,,0.46207091212272644,0.1176770031452179,,0.5464136004447937,,4.544909477233887,,,,,,,,,,,,,
44,,,,156659,,,,,,,,,,,,0.46207091212272644,0.049684859812259674,,0.8507699966430664,,3.3419485092163086,,,,,,,,,,,,,
44,,,,156679,,,,,,,,,,,,0.46207091212272644,0.11250041425228119,,0.4111242890357971,,3.1195719242095947,,,,,,,,,,,,,
44,,,,156689,,,,,,,,,,,,,,,,,,0.6985032558441162,0.8371692299842834,0.7038824558258057,0.7077995538711548,0.604361355304718,0.7117167115211487,0.6450667381286621,0.7457833886146545,0.7018222212791443,0.7696177959442139,0.8025873303413391,0.5728394985198975,0.6985032558441162
44,,,,156689,,,,,,,,,0.625528872013092,0.08861346542835236,0.462065726518631,,,0.5977857708930969,,3.821852445602417,,,,,,,,,,,,,,
45,,,,156690,0.6482985615730286,0.7870261073112488,0.6458479166030884,0.7531864643096924,0.6556090712547302,0.5211670398712158,0.6515343189239502,0.6482985615730286,,,,,,,,,,,,,,,,,,,,,,
