epoch,lr-AdamW/pg1,lr-AdamW/pg2,step,test/acc,test/auroc,test/f1,test/loss,test/macro_precision,test/mcc,test/recall,train/acc,train/loss_epoch,train/loss_step,val/acc,val/auroc,val/f1,val/loss,val/macro_precision,val/mcc,val/precision_c0,val/precision_c1,val/recall
,3.75e-05,3.75e-05,0,,,,,,,,,,,,,,,,,,,
0,,,19,,,,,,,,,,0.6082401871681213,,,,,,,,,
0,,,39,,,,,,,,,,0.5678213834762573,,,,,,,,,
0,,,59,,,,,,,,,,0.420367032289505,,,,,,,,,
0,,,79,,,,,,,,,,0.4167032837867737,,,,,,,,,
0,,,99,,,,,,,,,,0.3287285566329956,,,,,,,,,
0,,,119,,,,,,,,,,0.34225019812583923,,,,,,,,,
0,,,139,,,,,,,,,,0.50697922706604,,,,,,,,,
0,,,159,,,,,,,,,,0.2606365978717804,,,,,,,,,
0,,,179,,,,,,,,,,0.38567909598350525,,,,,,,,,
0,,,199,,,,,,,,,,0.3401241600513458,,,,,,,,,
0,,,219,,,,,,,,,,0.33309298753738403,,,,,,,,,
0,,,239,,,,,,,,,,0.38929247856140137,,,,,,,,,
0,,,259,,,,,,,,,,0.3669261336326599,,,,,,,,,
0,,,279,,,,,,,,,,0.2872203290462494,,,,,,,,,
0,,,299,,,,,,,,,,0.4042132496833801,,,,,,,,,
0,,,319,,,,,,,,,,0.25840073823928833,,,,,,,,,
0,,,339,,,,,,,,,,0.2130027860403061,,,,,,,,,
0,,,359,,,,,,,,,,0.5088064670562744,,,,,,,,,
0,,,379,,,,,,,,,,0.21211467683315277,,,,,,,,,
0,,,399,,,,,,,,,,0.33518874645233154,,,,,,,,,
0,,,419,,,,,,,,,,0.23037198185920715,,,,,,,,,
0,,,439,,,,,,,,,,0.348195344209671,,,,,,,,,
0,,,459,,,,,,,,,,0.23498712480068207,,,,,,,,,
0,,,479,,,,,,,,,,0.28213104605674744,,,,,,,,,
0,,,499,,,,,,,,,,0.2784779369831085,,,,,,,,,
0,,,519,,,,,,,,,,0.16151989996433258,,,,,,,,,
0,,,539,,,,,,,,,,0.27854055166244507,,,,,,,,,
0,,,559,,,,,,,,,,0.6244466304779053,,,,,,,,,
0,,,579,,,,,,,,,,0.40946224331855774,,,,,,,,,
0,,,599,,,,,,,,,,0.31849661469459534,,,,,,,,,
0,,,619,,,,,,,,,,0.27897027134895325,,,,,,,,,
0,,,639,,,,,,,,,,0.1618155837059021,,,,,,,,,
0,,,659,,,,,,,,,,0.11230459809303284,,,,,,,,,
0,,,679,,,,,,,,,,0.21055270731449127,,,,,,,,,
0,,,699,,,,,,,,,,0.359761118888855,,,,,,,,,
0,,,719,,,,,,,,,,0.26476332545280457,,,,,,,,,
0,,,739,,,,,,,,,,0.17980454862117767,,,,,,,,,
0,,,759,,,,,,,,,,0.2025419920682907,,,,,,,,,
0,,,779,,,,,,,,,,0.2453766167163849,,,,,,,,,
0,,,799,,,,,,,,,,0.263410747051239,,,,,,,,,
0,,,819,,,,,,,,,,0.18045766651630402,,,,,,,,,
0,,,839,,,,,,,,,,0.3350762724876404,,,,,,,,,
0,,,859,,,,,,,,,,0.2650732398033142,,,,,,,,,
0,,,879,,,,,,,,,,0.2109937071800232,,,,,,,,,
0,,,899,,,,,,,,,,0.25765302777290344,,,,,,,,,
0,,,919,,,,,,,,,,0.4499877989292145,,,,,,,,,
0,,,939,,,,,,,,,,0.25512003898620605,,,,,,,,,
0,,,959,,,,,,,,,,0.2960265874862671,,,,,,,,,
0,,,979,,,,,,,,,,0.18259191513061523,,,,,,,,,
0,,,999,,,,,,,,,,0.47582122683525085,,,,,,,,,
0,,,1019,,,,,,,,,,0.1437511444091797,,,,,,,,,
0,,,1039,,,,,,,,,,0.23709066212177277,,,,,,,,,
0,,,1059,,,,,,,,,,0.13682302832603455,,,,,,,,,
0,,,1079,,,,,,,,,,0.16735625267028809,,,,,,,,,
0,,,1099,,,,,,,,,,0.15171873569488525,,,,,,,,,
0,,,1119,,,,,,,,,,0.17619672417640686,,,,,,,,,
0,,,1139,,,,,,,,,,0.19843509793281555,,,,,,,,,
0,,,1159,,,,,,,,,,0.30867674946784973,,,,,,,,,
0,,,1179,,,,,,,,,,0.21675577759742737,,,,,,,,,
0,,,1199,,,,,,,,,,0.18889884650707245,,,,,,,,,
0,,,1219,,,,,,,,,,0.3201412260532379,,,,,,,,,
0,,,1239,,,,,,,,,,0.1250370293855667,,,,,,,,,
0,,,1259,,,,,,,,,,0.30352917313575745,,,,,,,,,
0,,,1279,,,,,,,,,,0.4969669282436371,,,,,,,,,
0,,,1299,,,,,,,,,,0.24077440798282623,,,,,,,,,
0,,,1319,,,,,,,,,,0.1411164402961731,,,,,,,,,
0,,,1339,,,,,,,,,,0.209018737077713,,,,,,,,,
0,,,1359,,,,,,,,,,0.15436376631259918,,,,,,,,,
0,,,1379,,,,,,,,,,0.14064213633537292,,,,,,,,,
0,,,1399,,,,,,,,,,0.2227332890033722,,,,,,,,,
0,,,1419,,,,,,,,,,0.11018358916044235,,,,,,,,,
0,,,1439,,,,,,,,,,0.1746714860200882,,,,,,,,,
0,,,1459,,,,,,,,,,0.1823967695236206,,,,,,,,,
0,,,1479,,,,,,,,,,0.15328362584114075,,,,,,,,,
0,,,1499,,,,,,,,,,0.25146520137786865,,,,,,,,,
0,,,1519,,,,,,,,,,0.9610392451286316,,,,,,,,,
0,,,1539,,,,,,,,,,0.33222344517707825,,,,,,,,,
0,,,1559,,,,,,,,,,0.1895342469215393,,,,,,,,,
0,,,1579,,,,,,,,,,0.13885559141635895,,,,,,,,,
0,,,1599,,,,,,,,,,0.4775928854942322,,,,,,,,,
0,,,1619,,,,,,,,,,0.30631834268569946,,,,,,,,,
0,,,1639,,,,,,,,,,0.14581291377544403,,,,,,,,,
0,,,1659,,,,,,,,,,0.1995954066514969,,,,,,,,,
0,,,1679,,,,,,,,,,0.7186911702156067,,,,,,,,,
0,,,1699,,,,,,,,,,0.2033095508813858,,,,,,,,,
0,,,1719,,,,,,,,,,0.11108874529600143,,,,,,,,,
0,,,1739,,,,,,,,,,0.24372366070747375,,,,,,,,,
0,,,1759,,,,,,,,,,0.37362587451934814,,,,,,,,,
0,,,1779,,,,,,,,,,0.15491801500320435,,,,,,,,,
0,,,1799,,,,,,,,,,0.2881026864051819,,,,,,,,,
0,,,1819,,,,,,,,,,0.17570775747299194,,,,,,,,,
0,,,1839,,,,,,,,,,0.14988699555397034,,,,,,,,,
0,,,1859,,,,,,,,,,0.16645807027816772,,,,,,,,,
0,,,1879,,,,,,,,,,0.11924341320991516,,,,,,,,,
0,,,1899,,,,,,,,,,0.1672448217868805,,,,,,,,,
0,,,1919,,,,,,,,,,0.2750108242034912,,,,,,,,,
0,,,1939,,,,,,,,,,0.12417864799499512,,,,,,,,,
0,,,1959,,,,,,,,,,0.16099505126476288,,,,,,,,,
0,,,1979,,,,,,,,,,0.15465147793293,,,,,,,,,
0,,,1999,,,,,,,,,,0.14545932412147522,,,,,,,,,
0,,,2019,,,,,,,,,,0.20071232318878174,,,,,,,,,
0,,,2039,,,,,,,,,,0.17943353950977325,,,,,,,,,
0,,,2059,,,,,,,,,,0.15976187586784363,,,,,,,,,
0,,,2079,,,,,,,,,,0.17389217019081116,,,,,,,,,
0,,,2099,,,,,,,,,,0.16079933941364288,,,,,,,,,
0,,,2119,,,,,,,,,,0.199621319770813,,,,,,,,,
0,,,2139,,,,,,,,,,0.14981691539287567,,,,,,,,,
0,,,2159,,,,,,,,,,0.4169331192970276,,,,,,,,,
0,,,2179,,,,,,,,,,0.1521112322807312,,,,,,,,,
0,,,2199,,,,,,,,,,0.21211294829845428,,,,,,,,,
0,,,2219,,,,,,,,,,0.10806377977132797,,,,,,,,,
0,,,2239,,,,,,,,,,0.30342596769332886,,,,,,,,,
0,,,2259,,,,,,,,,,0.15006986260414124,,,,,,,,,
0,,,2279,,,,,,,,,,0.31625157594680786,,,,,,,,,
0,,,2299,,,,,,,,,,0.26169267296791077,,,,,,,,,
0,,,2319,,,,,,,,,,0.16598208248615265,,,,,,,,,
0,,,2339,,,,,,,,,,0.1593344509601593,,,,,,,,,
0,,,2359,,,,,,,,,,0.18750610947608948,,,,,,,,,
0,,,2379,,,,,,,,,,0.065304234623909,,,,,,,,,
0,,,2399,,,,,,,,,,0.2752988934516907,,,,,,,,,
0,,,2419,,,,,,,,,,0.08515366911888123,,,,,,,,,
0,,,2439,,,,,,,,,,0.2338918000459671,,,,,,,,,
0,,,2459,,,,,,,,,,0.4343286156654358,,,,,,,,,
0,,,2479,,,,,,,,,,0.24905644357204437,,,,,,,,,
0,,,2499,,,,,,,,,,0.16717484593391418,,,,,,,,,
0,,,2519,,,,,,,,,,0.9919695854187012,,,,,,,,,
0,,,2539,,,,,,,,,,0.2605041563510895,,,,,,,,,
0,,,2559,,,,,,,,,,0.3029395341873169,,,,,,,,,
0,,,2579,,,,,,,,,,0.09117572754621506,,,,,,,,,
0,,,2599,,,,,,,,,,0.14259031414985657,,,,,,,,,
0,,,2619,,,,,,,,,,0.29551106691360474,,,,,,,,,
0,,,2639,,,,,,,,,,0.28156566619873047,,,,,,,,,
0,,,2659,,,,,,,,,,0.3774208724498749,,,,,,,,,
0,,,2679,,,,,,,,,,0.17440630495548248,,,,,,,,,
0,,,2699,,,,,,,,,,0.1552327275276184,,,,,,,,,
0,,,2719,,,,,,,,,,0.1730310618877411,,,,,,,,,
0,,,2739,,,,,,,,,,0.6112269163131714,,,,,,,,,
0,,,2759,,,,,,,,,,0.137739896774292,,,,,,,,,
0,,,2779,,,,,,,,,,0.12863390147686005,,,,,,,,,
0,,,2799,,,,,,,,,,0.48530301451683044,,,,,,,,,
0,,,2819,,,,,,,,,,0.32097527384757996,,,,,,,,,
0,,,2839,,,,,,,,,,0.11147584021091461,,,,,,,,,
0,,,2859,,,,,,,,,,0.2266252636909485,,,,,,,,,
0,,,2879,,,,,,,,,,0.19374631345272064,,,,,,,,,
0,,,2899,,,,,,,,,,0.1882224828004837,,,,,,,,,
0,,,2919,,,,,,,,,,0.1720728725194931,,,,,,,,,
0,,,2939,,,,,,,,,,0.1035923957824707,,,,,,,,,
0,,,2959,,,,,,,,,,0.27175307273864746,,,,,,,,,
0,,,2979,,,,,,,,,,0.10856183618307114,,,,,,,,,
0,,,2999,,,,,,,,,,0.14159342646598816,,,,,,,,,
0,,,3019,,,,,,,,,,0.17103944718837738,,,,,,,,,
0,,,3039,,,,,,,,,,0.17155782878398895,,,,,,,,,
0,,,3059,,,,,,,,,,0.12432515621185303,,,,,,,,,
0,,,3079,,,,,,,,,,0.08654377609491348,,,,,,,,,
0,,,3099,,,,,,,,,,0.15212483704090118,,,,,,,,,
0,,,3119,,,,,,,,,,0.06066165119409561,,,,,,,,,
0,,,3139,,,,,,,,,,0.13332022726535797,,,,,,,,,
0,,,3159,,,,,,,,,,0.8480935096740723,,,,,,,,,
0,,,3179,,,,,,,,,,0.09743563830852509,,,,,,,,,
0,,,3199,,,,,,,,,,0.38090381026268005,,,,,,,,,
0,,,3219,,,,,,,,,,0.04296225309371948,,,,,,,,,
0,,,3239,,,,,,,,,,0.06712863594293594,,,,,,,,,
0,,,3259,,,,,,,,,,0.5106605887413025,,,,,,,,,
0,,,3279,,,,,,,,,,0.690189003944397,,,,,,,,,
0,,,3299,,,,,,,,,,0.09625916182994843,,,,,,,,,
0,,,3319,,,,,,,,,,0.1565869152545929,,,,,,,,,
0,,,3339,,,,,,,,,,0.1929606944322586,,,,,,,,,
0,,,3359,,,,,,,,,,0.08625678718090057,,,,,,,,,
0,,,3379,,,,,,,,,,0.17843636870384216,,,,,,,,,
0,,,3399,,,,,,,,,,0.11681634187698364,,,,,,,,,
0,,,3419,,,,,,,,,,0.1906873881816864,,,,,,,,,
0,,,3439,,,,,,,,,,0.136201411485672,,,,,,,,,
0,,,3459,,,,,,,,,,0.14730370044708252,,,,,,,,,
0,,,3479,,,,,,,,,,0.17494319379329681,,,,,,,,,
0,,,3499,,,,,,,,,,0.43700456619262695,,,,,,,,,
0,,,3519,,,,,,,,,,0.1395324170589447,,,,,,,,,
0,,,3539,,,,,,,,,,0.26174288988113403,,,,,,,,,
0,,,3559,,,,,,,,,,0.1126830130815506,,,,,,,,,
0,,,3579,,,,,,,,,,0.08644528687000275,,,,,,,,,
0,,,3599,,,,,,,,,,0.0979023352265358,,,,,,,,,
0,,,3619,,,,,,,,,,0.13725675642490387,,,,,,,,,
0,,,3639,,,,,,,,,,0.18196222186088562,,,,,,,,,
0,,,3659,,,,,,,,,,0.08745259791612625,,,,,,,,,
0,,,3679,,,,,,,,,,0.0866076722741127,,,,,,,,,
0,,,3699,,,,,,,,,,0.15291649103164673,,,,,,,,,
0,,,3719,,,,,,,,,,0.14233669638633728,,,,,,,,,
0,,,3739,,,,,,,,,,0.1231933981180191,,,,,,,,,
0,,,3759,,,,,,,,,,0.11585205048322678,,,,,,,,,
0,,,3779,,,,,,,,,,0.04077838361263275,,,,,,,,,
0,,,3799,,,,,,,,,,0.525119423866272,,,,,,,,,
0,,,3819,,,,,,,,,,0.13309301435947418,,,,,,,,,
0,,,3839,,,,,,,,,,0.264710009098053,,,,,,,,,
0,,,3859,,,,,,,,,,0.09401842951774597,,,,,,,,,
0,,,3879,,,,,,,,,,0.15801939368247986,,,,,,,,,
0,,,3899,,,,,,,,,,0.12256365269422531,,,,,,,,,
0,,,3919,,,,,,,,,,0.1575421392917633,,,,,,,,,
0,,,3939,,,,,,,,,,0.18031178414821625,,,,,,,,,
0,,,3959,,,,,,,,,,0.07083802670240402,,,,,,,,,
0,,,3979,,,,,,,,,,0.05741259083151817,,,,,,,,,
0,,,3999,,,,,,,,,,0.33939260244369507,,,,,,,,,
0,,,4019,,,,,,,,,,0.11736053973436356,,,,,,,,,
0,,,4039,,,,,,,,,,0.23844744265079498,,,,,,,,,
0,,,4059,,,,,,,,,,0.07033629715442657,,,,,,,,,
0,,,4079,,,,,,,,,,0.0708819106221199,,,,,,,,,
0,,,4099,,,,,,,,,,0.21668584644794464,,,,,,,,,
0,,,4119,,,,,,,,,,0.11028414219617844,,,,,,,,,
0,,,4139,,,,,,,,,,0.2799159288406372,,,,,,,,,
0,,,4159,,,,,,,,,,0.1264050155878067,,,,,,,,,
0,,,4179,,,,,,,,,,0.6418821215629578,,,,,,,,,
0,,,4199,,,,,,,,,,0.44687309861183167,,,,,,,,,
0,,,4219,,,,,,,,,,0.14650340378284454,,,,,,,,,
0,,,4239,,,,,,,,,,0.14478488266468048,,,,,,,,,
0,,,4259,,,,,,,,,,0.4546476900577545,,,,,,,,,
0,,,4279,,,,,,,,,,0.40379786491394043,,,,,,,,,
0,,,4299,,,,,,,,,,0.10797271132469177,,,,,,,,,
0,,,4319,,,,,,,,,,0.0988018736243248,,,,,,,,,
0,,,4339,,,,,,,,,,0.2369961440563202,,,,,,,,,
0,,,4359,,,,,,,,,,0.05673675611615181,,,,,,,,,
0,,,4379,,,,,,,,,,0.1457538902759552,,,,,,,,,
0,,,4399,,,,,,,,,,0.13940654695034027,,,,,,,,,
0,,,4419,,,,,,,,,,0.30376997590065,,,,,,,,,
0,,,4439,,,,,,,,,,0.14020872116088867,,,,,,,,,
0,,,4459,,,,,,,,,,0.07670494168996811,,,,,,,,,
0,,,4479,,,,,,,,,,0.14024648070335388,,,,,,,,,
0,,,4499,,,,,,,,,,0.25791457295417786,,,,,,,,,
0,,,4519,,,,,,,,,,0.07835400849580765,,,,,,,,,
0,,,4539,,,,,,,,,,0.14273974299430847,,,,,,,,,
0,,,4559,,,,,,,,,,0.1913408488035202,,,,,,,,,
0,,,4579,,,,,,,,,,0.07818207144737244,,,,,,,,,
0,,,4599,,,,,,,,,,0.11246507614850998,,,,,,,,,
0,,,4619,,,,,,,,,,0.0771859735250473,,,,,,,,,
0,,,4639,,,,,,,,,,0.0901804268360138,,,,,,,,,
0,,,4659,,,,,,,,,,0.1619570106267929,,,,,,,,,
0,,,4679,,,,,,,,,,0.4194549322128296,,,,,,,,,
0,,,4699,,,,,,,,,,0.21706070005893707,,,,,,,,,
0,,,4719,,,,,,,,,,0.24935157597064972,,,,,,,,,
0,,,4739,,,,,,,,,,0.15209966897964478,,,,,,,,,
0,,,4759,,,,,,,,,,0.12115778028964996,,,,,,,,,
0,,,4772,,,,,,,,,,,0.7860711812973022,0.8635262846946716,0.6680064797401428,0.926645040512085,0.6452072262763977,0.40762537717819214,0.3243877589702606,0.9660267233848572,0.7860711812973022
0,,,4772,,,,,,,,0.8850172758102417,0.23324736952781677,,,,,,,,,,
,7.5e-05,7.5e-05,4773,,,,,,,,,,,,,,,,,,,
1,,,4779,,,,,,,,,,0.16621829569339752,,,,,,,,,
1,,,4799,,,,,,,,,,0.3519231081008911,,,,,,,,,
1,,,4819,,,,,,,,,,0.5471912026405334,,,,,,,,,
1,,,4839,,,,,,,,,,0.16218647360801697,,,,,,,,,
1,,,4859,,,,,,,,,,0.24067243933677673,,,,,,,,,
1,,,4879,,,,,,,,,,0.22048476338386536,,,,,,,,,
1,,,4899,,,,,,,,,,0.1375771015882492,,,,,,,,,
1,,,4919,,,,,,,,,,0.21906229853630066,,,,,,,,,
1,,,4939,,,,,,,,,,0.23899869620800018,,,,,,,,,
1,,,4959,,,,,,,,,,0.13599088788032532,,,,,,,,,
1,,,4979,,,,,,,,,,0.10894833505153656,,,,,,,,,
1,,,4999,,,,,,,,,,0.19619499146938324,,,,,,,,,
1,,,5019,,,,,,,,,,0.08299656957387924,,,,,,,,,
1,,,5039,,,,,,,,,,0.1239696517586708,,,,,,,,,
1,,,5059,,,,,,,,,,0.2744712233543396,,,,,,,,,
1,,,5079,,,,,,,,,,0.15999047458171844,,,,,,,,,
1,,,5099,,,,,,,,,,0.08829270303249359,,,,,,,,,
1,,,5119,,,,,,,,,,0.28007352352142334,,,,,,,,,
1,,,5139,,,,,,,,,,0.21820178627967834,,,,,,,,,
1,,,5159,,,,,,,,,,0.12362354248762131,,,,,,,,,
1,,,5179,,,,,,,,,,0.21977975964546204,,,,,,,,,
1,,,5199,,,,,,,,,,0.27132871747016907,,,,,,,,,
1,,,5219,,,,,,,,,,0.19474217295646667,,,,,,,,,
1,,,5239,,,,,,,,,,0.21526920795440674,,,,,,,,,
1,,,5259,,,,,,,,,,0.29164040088653564,,,,,,,,,
1,,,5279,,,,,,,,,,0.08349043875932693,,,,,,,,,
1,,,5299,,,,,,,,,,0.0578121617436409,,,,,,,,,
1,,,5319,,,,,,,,,,0.07736828923225403,,,,,,,,,
1,,,5339,,,,,,,,,,0.20572586357593536,,,,,,,,,
1,,,5359,,,,,,,,,,0.5605577826499939,,,,,,,,,
1,,,5379,,,,,,,,,,0.5008202195167542,,,,,,,,,
1,,,5399,,,,,,,,,,0.22407591342926025,,,,,,,,,
1,,,5419,,,,,,,,,,0.22524286806583405,,,,,,,,,
1,,,5439,,,,,,,,,,0.29933109879493713,,,,,,,,,
1,,,5459,,,,,,,,,,0.12854117155075073,,,,,,,,,
1,,,5479,,,,,,,,,,0.13564544916152954,,,,,,,,,
1,,,5499,,,,,,,,,,0.27581116557121277,,,,,,,,,
1,,,5519,,,,,,,,,,0.07402204722166061,,,,,,,,,
1,,,5539,,,,,,,,,,0.15898722410202026,,,,,,,,,
1,,,5559,,,,,,,,,,0.13940726220607758,,,,,,,,,
1,,,5579,,,,,,,,,,0.5268436074256897,,,,,,,,,
1,,,5599,,,,,,,,,,0.16023913025856018,,,,,,,,,
1,,,5619,,,,,,,,,,0.1342104822397232,,,,,,,,,
1,,,5639,,,,,,,,,,0.11300291866064072,,,,,,,,,
1,,,5659,,,,,,,,,,0.14210164546966553,,,,,,,,,
1,,,5679,,,,,,,,,,0.14911618828773499,,,,,,,,,
1,,,5699,,,,,,,,,,0.274212509393692,,,,,,,,,
1,,,5719,,,,,,,,,,0.1101149320602417,,,,,,,,,
1,,,5739,,,,,,,,,,0.17809750139713287,,,,,,,,,
1,,,5759,,,,,,,,,,0.1620219349861145,,,,,,,,,
1,,,5779,,,,,,,,,,0.21090729534626007,,,,,,,,,
1,,,5799,,,,,,,,,,0.16102458536624908,,,,,,,,,
1,,,5819,,,,,,,,,,0.21621489524841309,,,,,,,,,
1,,,5839,,,,,,,,,,0.09449955821037292,,,,,,,,,
1,,,5859,,,,,,,,,,0.06333104521036148,,,,,,,,,
1,,,5879,,,,,,,,,,0.11769110709428787,,,,,,,,,
1,,,5899,,,,,,,,,,0.18164406716823578,,,,,,,,,
1,,,5919,,,,,,,,,,0.09856386482715607,,,,,,,,,
1,,,5939,,,,,,,,,,0.12683773040771484,,,,,,,,,
1,,,5959,,,,,,,,,,0.27931350469589233,,,,,,,,,
1,,,5979,,,,,,,,,,0.3633515238761902,,,,,,,,,
1,,,5999,,,,,,,,,,0.18078193068504333,,,,,,,,,
1,,,6019,,,,,,,,,,0.23591233789920807,,,,,,,,,
1,,,6039,,,,,,,,,,0.08178173750638962,,,,,,,,,
1,,,6059,,,,,,,,,,0.11433915793895721,,,,,,,,,
1,,,6079,,,,,,,,,,0.3587080240249634,,,,,,,,,
1,,,6099,,,,,,,,,,0.04918022081255913,,,,,,,,,
1,,,6119,,,,,,,,,,0.10315802693367004,,,,,,,,,
1,,,6139,,,,,,,,,,0.10634075850248337,,,,,,,,,
1,,,6159,,,,,,,,,,0.12128952890634537,,,,,,,,,
1,,,6179,,,,,,,,,,0.07599129527807236,,,,,,,,,
1,,,6199,,,,,,,,,,0.18078839778900146,,,,,,,,,
1,,,6219,,,,,,,,,,0.20765851438045502,,,,,,,,,
1,,,6239,,,,,,,,,,0.1668979823589325,,,,,,,,,
1,,,6259,,,,,,,,,,0.18129339814186096,,,,,,,,,
1,,,6279,,,,,,,,,,0.3178234100341797,,,,,,,,,
1,,,6299,,,,,,,,,,0.09199808537960052,,,,,,,,,
1,,,6319,,,,,,,,,,0.5202340483665466,,,,,,,,,
1,,,6339,,,,,,,,,,0.18886661529541016,,,,,,,,,
1,,,6359,,,,,,,,,,0.045272473245859146,,,,,,,,,
1,,,6379,,,,,,,,,,0.493106871843338,,,,,,,,,
1,,,6399,,,,,,,,,,0.2561129629611969,,,,,,,,,
1,,,6419,,,,,,,,,,0.3704374134540558,,,,,,,,,
1,,,6439,,,,,,,,,,0.13700416684150696,,,,,,,,,
1,,,6459,,,,,,,,,,0.06307005137205124,,,,,,,,,
1,,,6479,,,,,,,,,,0.12642496824264526,,,,,,,,,
1,,,6499,,,,,,,,,,0.06924702227115631,,,,,,,,,
1,,,6519,,,,,,,,,,0.14279130101203918,,,,,,,,,
1,,,6539,,,,,,,,,,0.06519946455955505,,,,,,,,,
1,,,6559,,,,,,,,,,0.10180731117725372,,,,,,,,,
1,,,6579,,,,,,,,,,0.1700332909822464,,,,,,,,,
1,,,6599,,,,,,,,,,0.19455140829086304,,,,,,,,,
1,,,6619,,,,,,,,,,0.0325557217001915,,,,,,,,,
1,,,6639,,,,,,,,,,0.0625978335738182,,,,,,,,,
1,,,6659,,,,,,,,,,0.1453467458486557,,,,,,,,,
1,,,6679,,,,,,,,,,0.08766225725412369,,,,,,,,,
1,,,6699,,,,,,,,,,0.19524383544921875,,,,,,,,,
1,,,6719,,,,,,,,,,0.1858314573764801,,,,,,,,,
1,,,6739,,,,,,,,,,0.15988914668560028,,,,,,,,,
1,,,6759,,,,,,,,,,0.20935200154781342,,,,,,,,,
1,,,6779,,,,,,,,,,0.10887482017278671,,,,,,,,,
1,,,6799,,,,,,,,,,0.08458822220563889,,,,,,,,,
1,,,6819,,,,,,,,,,0.18997125327587128,,,,,,,,,
1,,,6839,,,,,,,,,,0.2819772958755493,,,,,,,,,
1,,,6859,,,,,,,,,,0.17881910502910614,,,,,,,,,
1,,,6879,,,,,,,,,,0.15053261816501617,,,,,,,,,
1,,,6899,,,,,,,,,,0.37204456329345703,,,,,,,,,
1,,,6919,,,,,,,,,,0.16437028348445892,,,,,,,,,
1,,,6939,,,,,,,,,,0.19158214330673218,,,,,,,,,
1,,,6959,,,,,,,,,,0.6421738266944885,,,,,,,,,
1,,,6979,,,,,,,,,,0.11537197232246399,,,,,,,,,
1,,,6999,,,,,,,,,,0.10277052968740463,,,,,,,,,
1,,,7019,,,,,,,,,,0.3475615978240967,,,,,,,,,
1,,,7039,,,,,,,,,,0.15482325851917267,,,,,,,,,
1,,,7059,,,,,,,,,,0.22736777365207672,,,,,,,,,
1,,,7079,,,,,,,,,,0.38264864683151245,,,,,,,,,
1,,,7099,,,,,,,,,,0.12014453113079071,,,,,,,,,
1,,,7119,,,,,,,,,,0.18958409130573273,,,,,,,,,
1,,,7139,,,,,,,,,,0.14894497394561768,,,,,,,,,
1,,,7159,,,,,,,,,,0.02444029226899147,,,,,,,,,
1,,,7179,,,,,,,,,,0.34524548053741455,,,,,,,,,
1,,,7199,,,,,,,,,,0.5040500164031982,,,,,,,,,
1,,,7219,,,,,,,,,,0.22535842657089233,,,,,,,,,
1,,,7239,,,,,,,,,,0.4094955325126648,,,,,,,,,
1,,,7259,,,,,,,,,,0.04255940020084381,,,,,,,,,
1,,,7279,,,,,,,,,,0.05219375714659691,,,,,,,,,
1,,,7299,,,,,,,,,,0.18480733036994934,,,,,,,,,
1,,,7319,,,,,,,,,,0.2622889578342438,,,,,,,,,
1,,,7339,,,,,,,,,,0.12988440692424774,,,,,,,,,
1,,,7359,,,,,,,,,,0.1580326408147812,,,,,,,,,
1,,,7379,,,,,,,,,,0.3179534673690796,,,,,,,,,
1,,,7399,,,,,,,,,,0.1751493513584137,,,,,,,,,
1,,,7419,,,,,,,,,,0.1500697284936905,,,,,,,,,
1,,,7439,,,,,,,,,,0.08474735170602798,,,,,,,,,
1,,,7459,,,,,,,,,,0.08859087526798248,,,,,,,,,
1,,,7479,,,,,,,,,,0.8982998132705688,,,,,,,,,
1,,,7499,,,,,,,,,,0.10129570960998535,,,,,,,,,
1,,,7519,,,,,,,,,,0.1577291041612625,,,,,,,,,
1,,,7539,,,,,,,,,,0.09471122175455093,,,,,,,,,
1,,,7559,,,,,,,,,,0.24085074663162231,,,,,,,,,
1,,,7579,,,,,,,,,,0.008459193632006645,,,,,,,,,
1,,,7599,,,,,,,,,,0.9481883645057678,,,,,,,,,
1,,,7619,,,,,,,,,,0.050599321722984314,,,,,,,,,
1,,,7639,,,,,,,,,,0.2561299800872803,,,,,,,,,
1,,,7659,,,,,,,,,,0.20765194296836853,,,,,,,,,
1,,,7679,,,,,,,,,,0.0795278251171112,,,,,,,,,
1,,,7699,,,,,,,,,,0.13514958322048187,,,,,,,,,
1,,,7719,,,,,,,,,,0.38521134853363037,,,,,,,,,
1,,,7739,,,,,,,,,,0.1119455099105835,,,,,,,,,
1,,,7759,,,,,,,,,,0.12022252380847931,,,,,,,,,
1,,,7779,,,,,,,,,,0.07198579609394073,,,,,,,,,
1,,,7799,,,,,,,,,,0.12281447649002075,,,,,,,,,
1,,,7819,,,,,,,,,,0.11980930715799332,,,,,,,,,
1,,,7839,,,,,,,,,,0.0569550022482872,,,,,,,,,
1,,,7859,,,,,,,,,,0.2884199023246765,,,,,,,,,
1,,,7879,,,,,,,,,,0.8665812015533447,,,,,,,,,
1,,,7899,,,,,,,,,,0.1591569185256958,,,,,,,,,
1,,,7919,,,,,,,,,,0.07903916388750076,,,,,,,,,
1,,,7939,,,,,,,,,,0.18793033063411713,,,,,,,,,
1,,,7959,,,,,,,,,,0.45535507798194885,,,,,,,,,
1,,,7979,,,,,,,,,,0.08066504448652267,,,,,,,,,
1,,,7999,,,,,,,,,,0.12859106063842773,,,,,,,,,
1,,,8019,,,,,,,,,,0.08531615883111954,,,,,,,,,
1,,,8039,,,,,,,,,,0.12228914350271225,,,,,,,,,
1,,,8059,,,,,,,,,,0.16411209106445312,,,,,,,,,
1,,,8079,,,,,,,,,,0.43464910984039307,,,,,,,,,
1,,,8099,,,,,,,,,,0.017195308580994606,,,,,,,,,
1,,,8119,,,,,,,,,,0.08469343185424805,,,,,,,,,
1,,,8139,,,,,,,,,,0.15832658112049103,,,,,,,,,
1,,,8159,,,,,,,,,,0.10791899263858795,,,,,,,,,
1,,,8179,,,,,,,,,,0.12957657873630524,,,,,,,,,
1,,,8199,,,,,,,,,,0.13635626435279846,,,,,,,,,
1,,,8219,,,,,,,,,,0.2183218002319336,,,,,,,,,
1,,,8239,,,,,,,,,,0.19828368723392487,,,,,,,,,
1,,,8259,,,,,,,,,,0.06132170185446739,,,,,,,,,
1,,,8279,,,,,,,,,,0.1276870220899582,,,,,,,,,
1,,,8299,,,,,,,,,,0.3224143981933594,,,,,,,,,
1,,,8319,,,,,,,,,,0.07389885187149048,,,,,,,,,
1,,,8339,,,,,,,,,,0.08147802948951721,,,,,,,,,
1,,,8359,,,,,,,,,,0.04625903069972992,,,,,,,,,
1,,,8379,,,,,,,,,,0.2044750452041626,,,,,,,,,
1,,,8399,,,,,,,,,,0.1917703002691269,,,,,,,,,
1,,,8419,,,,,,,,,,0.18211938440799713,,,,,,,,,
1,,,8439,,,,,,,,,,0.11742954701185226,,,,,,,,,
1,,,8459,,,,,,,,,,0.16046297550201416,,,,,,,,,
1,,,8479,,,,,,,,,,0.059049658477306366,,,,,,,,,
1,,,8499,,,,,,,,,,0.06697171181440353,,,,,,,,,
1,,,8519,,,,,,,,,,0.1395612508058548,,,,,,,,,
1,,,8539,,,,,,,,,,0.14446479082107544,,,,,,,,,
1,,,8559,,,,,,,,,,0.08872870355844498,,,,,,,,,
1,,,8579,,,,,,,,,,0.36677032709121704,,,,,,,,,
1,,,8599,,,,,,,,,,0.13844382762908936,,,,,,,,,
1,,,8619,,,,,,,,,,0.036617957055568695,,,,,,,,,
1,,,8639,,,,,,,,,,0.2807845175266266,,,,,,,,,
1,,,8659,,,,,,,,,,0.16994698345661163,,,,,,,,,
1,,,8679,,,,,,,,,,0.12070371955633163,,,,,,,,,
1,,,8699,,,,,,,,,,0.2364116609096527,,,,,,,,,
1,,,8719,,,,,,,,,,0.08454190939664841,,,,,,,,,
1,,,8739,,,,,,,,,,0.11058897525072098,,,,,,,,,
1,,,8759,,,,,,,,,,0.09558354318141937,,,,,,,,,
1,,,8779,,,,,,,,,,0.18570183217525482,,,,,,,,,
1,,,8799,,,,,,,,,,0.22066853940486908,,,,,,,,,
1,,,8819,,,,,,,,,,0.1355593502521515,,,,,,,,,
1,,,8839,,,,,,,,,,0.09419190138578415,,,,,,,,,
1,,,8859,,,,,,,,,,0.1534605622291565,,,,,,,,,
1,,,8879,,,,,,,,,,0.14288288354873657,,,,,,,,,
1,,,8899,,,,,,,,,,0.10820343345403671,,,,,,,,,
1,,,8919,,,,,,,,,,0.06272631883621216,,,,,,,,,
1,,,8939,,,,,,,,,,0.11084399372339249,,,,,,,,,
1,,,8959,,,,,,,,,,0.061051011085510254,,,,,,,,,
1,,,8979,,,,,,,,,,0.11817280948162079,,,,,,,,,
1,,,8999,,,,,,,,,,0.10417307913303375,,,,,,,,,
1,,,9019,,,,,,,,,,0.13137416541576385,,,,,,,,,
1,,,9039,,,,,,,,,,0.11289280652999878,,,,,,,,,
1,,,9059,,,,,,,,,,0.14427189528942108,,,,,,,,,
1,,,9079,,,,,,,,,,0.12488578259944916,,,,,,,,,
1,,,9099,,,,,,,,,,0.047488968819379807,,,,,,,,,
1,,,9119,,,,,,,,,,0.08187724649906158,,,,,,,,,
1,,,9139,,,,,,,,,,0.08669320493936539,,,,,,,,,
1,,,9159,,,,,,,,,,0.42333078384399414,,,,,,,,,
1,,,9179,,,,,,,,,,0.12453825771808624,,,,,,,,,
1,,,9199,,,,,,,,,,0.09875935316085815,,,,,,,,,
1,,,9219,,,,,,,,,,0.1642124354839325,,,,,,,,,
1,,,9239,,,,,,,,,,0.07310305535793304,,,,,,,,,
1,,,9259,,,,,,,,,,0.07362493872642517,,,,,,,,,
1,,,9279,,,,,,,,,,0.15365645289421082,,,,,,,,,
1,,,9299,,,,,,,,,,0.19725854694843292,,,,,,,,,
1,,,9319,,,,,,,,,,0.12080840766429901,,,,,,,,,
1,,,9339,,,,,,,,,,0.25024399161338806,,,,,,,,,
1,,,9359,,,,,,,,,,0.09547512978315353,,,,,,,,,
1,,,9379,,,,,,,,,,0.06875555217266083,,,,,,,,,
1,,,9399,,,,,,,,,,0.07317753881216049,,,,,,,,,
1,,,9419,,,,,,,,,,0.1784646213054657,,,,,,,,,
1,,,9439,,,,,,,,,,0.11759805679321289,,,,,,,,,
1,,,9459,,,,,,,,,,0.109200619161129,,,,,,,,,
1,,,9479,,,,,,,,,,0.16040751338005066,,,,,,,,,
1,,,9499,,,,,,,,,,0.11664609611034393,,,,,,,,,
1,,,9519,,,,,,,,,,0.18272370100021362,,,,,,,,,
1,,,9539,,,,,,,,,,0.1316751092672348,,,,,,,,,
1,,,9545,,,,,,,,,,,0.7519038915634155,0.8429939150810242,0.6346920728683472,1.440688967704773,0.6216607093811035,0.3501245379447937,0.2842448353767395,0.9590765237808228,0.7519038915634155
1,,,9545,,,,,,,,0.923930823802948,0.1764441430568695,,,,,,,,,,
,0.0001125,0.0001125,9546,,,,,,,,,,,,,,,,,,,
2,,,9559,,,,,,,,,,0.5633088946342468,,,,,,,,,
2,,,9579,,,,,,,,,,0.1506550908088684,,,,,,,,,
2,,,9599,,,,,,,,,,0.20324936509132385,,,,,,,,,
2,,,9619,,,,,,,,,,0.07712850719690323,,,,,,,,,
2,,,9639,,,,,,,,,,0.33332526683807373,,,,,,,,,
2,,,9659,,,,,,,,,,0.1779506802558899,,,,,,,,,
2,,,9679,,,,,,,,,,0.2736954689025879,,,,,,,,,
2,,,9699,,,,,,,,,,0.09239311516284943,,,,,,,,,
2,,,9719,,,,,,,,,,0.12261412292718887,,,,,,,,,
2,,,9739,,,,,,,,,,0.17926545441150665,,,,,,,,,
2,,,9759,,,,,,,,,,0.053756795823574066,,,,,,,,,
2,,,9779,,,,,,,,,,0.19849848747253418,,,,,,,,,
2,,,9799,,,,,,,,,,0.13599298894405365,,,,,,,,,
2,,,9819,,,,,,,,,,0.2769182622432709,,,,,,,,,
2,,,9839,,,,,,,,,,0.067047618329525,,,,,,,,,
2,,,9859,,,,,,,,,,0.068149134516716,,,,,,,,,
2,,,9879,,,,,,,,,,0.18753936886787415,,,,,,,,,
2,,,9899,,,,,,,,,,0.1789657175540924,,,,,,,,,
2,,,9919,,,,,,,,,,0.23265857994556427,,,,,,,,,
2,,,9939,,,,,,,,,,0.17963388562202454,,,,,,,,,
2,,,9959,,,,,,,,,,0.2107602059841156,,,,,,,,,
2,,,9979,,,,,,,,,,0.1140107810497284,,,,,,,,,
2,,,9999,,,,,,,,,,0.2193036526441574,,,,,,,,,
2,,,10019,,,,,,,,,,0.16352669894695282,,,,,,,,,
2,,,10039,,,,,,,,,,0.15573246777057648,,,,,,,,,
2,,,10059,,,,,,,,,,0.19130933284759521,,,,,,,,,
2,,,10079,,,,,,,,,,0.13333800435066223,,,,,,,,,
2,,,10099,,,,,,,,,,0.5055239796638489,,,,,,,,,
2,,,10119,,,,,,,,,,0.14309462904930115,,,,,,,,,
2,,,10139,,,,,,,,,,0.5719735622406006,,,,,,,,,
2,,,10159,,,,,,,,,,0.1318342089653015,,,,,,,,,
2,,,10179,,,,,,,,,,0.08786268532276154,,,,,,,,,
2,,,10199,,,,,,,,,,0.04220562428236008,,,,,,,,,
2,,,10219,,,,,,,,,,0.09443415701389313,,,,,,,,,
2,,,10239,,,,,,,,,,0.15050961077213287,,,,,,,,,
2,,,10259,,,,,,,,,,0.12900513410568237,,,,,,,,,
2,,,10279,,,,,,,,,,0.2726810574531555,,,,,,,,,
2,,,10299,,,,,,,,,,0.1247372031211853,,,,,,,,,
2,,,10319,,,,,,,,,,0.0605916902422905,,,,,,,,,
2,,,10339,,,,,,,,,,0.011669280007481575,,,,,,,,,
2,,,10359,,,,,,,,,,0.22667470574378967,,,,,,,,,
2,,,10379,,,,,,,,,,0.07399236410856247,,,,,,,,,
2,,,10399,,,,,,,,,,0.049346767365932465,,,,,,,,,
2,,,10419,,,,,,,,,,0.12982869148254395,,,,,,,,,
2,,,10439,,,,,,,,,,0.28433525562286377,,,,,,,,,
2,,,10459,,,,,,,,,,0.12539558112621307,,,,,,,,,
2,,,10479,,,,,,,,,,0.13580389320850372,,,,,,,,,
2,,,10499,,,,,,,,,,0.10015594959259033,,,,,,,,,
2,,,10519,,,,,,,,,,0.20518267154693604,,,,,,,,,
2,,,10539,,,,,,,,,,0.4530426561832428,,,,,,,,,
2,,,10559,,,,,,,,,,0.10177406668663025,,,,,,,,,
2,,,10579,,,,,,,,,,0.19513925909996033,,,,,,,,,
2,,,10599,,,,,,,,,,0.024481013417243958,,,,,,,,,
2,,,10619,,,,,,,,,,0.16255685687065125,,,,,,,,,
2,,,10639,,,,,,,,,,0.06583735346794128,,,,,,,,,
2,,,10659,,,,,,,,,,0.09037820249795914,,,,,,,,,
2,,,10679,,,,,,,,,,0.15997685492038727,,,,,,,,,
2,,,10699,,,,,,,,,,0.1377975046634674,,,,,,,,,
2,,,10719,,,,,,,,,,0.09954070299863815,,,,,,,,,
2,,,10739,,,,,,,,,,0.2085416465997696,,,,,,,,,
2,,,10759,,,,,,,,,,0.24595345556735992,,,,,,,,,
2,,,10779,,,,,,,,,,0.2581951320171356,,,,,,,,,
2,,,10799,,,,,,,,,,0.16138070821762085,,,,,,,,,
2,,,10819,,,,,,,,,,0.13601043820381165,,,,,,,,,
2,,,10839,,,,,,,,,,0.4406870901584625,,,,,,,,,
2,,,10859,,,,,,,,,,0.1900661736726761,,,,,,,,,
2,,,10879,,,,,,,,,,0.0728740245103836,,,,,,,,,
2,,,10899,,,,,,,,,,0.11191115528345108,,,,,,,,,
2,,,10919,,,,,,,,,,0.07635059952735901,,,,,,,,,
2,,,10939,,,,,,,,,,0.07699745148420334,,,,,,,,,
2,,,10959,,,,,,,,,,0.020208828151226044,,,,,,,,,
2,,,10979,,,,,,,,,,0.13470813632011414,,,,,,,,,
2,,,10999,,,,,,,,,,0.10868629813194275,,,,,,,,,
2,,,11019,,,,,,,,,,0.07795073091983795,,,,,,,,,
2,,,11039,,,,,,,,,,0.07747308909893036,,,,,,,,,
2,,,11059,,,,,,,,,,0.07236145436763763,,,,,,,,,
2,,,11079,,,,,,,,,,0.15670646727085114,,,,,,,,,
2,,,11099,,,,,,,,,,0.07326307892799377,,,,,,,,,
2,,,11119,,,,,,,,,,0.3410629630088806,,,,,,,,,
2,,,11139,,,,,,,,,,0.1146531030535698,,,,,,,,,
2,,,11159,,,,,,,,,,0.17741912603378296,,,,,,,,,
2,,,11179,,,,,,,,,,0.5252476930618286,,,,,,,,,
2,,,11199,,,,,,,,,,0.42134958505630493,,,,,,,,,
2,,,11219,,,,,,,,,,0.07989808917045593,,,,,,,,,
2,,,11239,,,,,,,,,,0.10280247777700424,,,,,,,,,
2,,,11259,,,,,,,,,,0.12548576295375824,,,,,,,,,
2,,,11279,,,,,,,,,,0.1927276849746704,,,,,,,,,
2,,,11299,,,,,,,,,,0.10317173600196838,,,,,,,,,
2,,,11319,,,,,,,,,,0.1449281871318817,,,,,,,,,
2,,,11339,,,,,,,,,,0.11038031429052353,,,,,,,,,
2,,,11359,,,,,,,,,,0.08497609943151474,,,,,,,,,
2,,,11379,,,,,,,,,,0.10361204296350479,,,,,,,,,
2,,,11399,,,,,,,,,,0.10413071513175964,,,,,,,,,
2,,,11419,,,,,,,,,,0.25847893953323364,,,,,,,,,
2,,,11439,,,,,,,,,,0.05760755017399788,,,,,,,,,
2,,,11459,,,,,,,,,,0.2433861494064331,,,,,,,,,
2,,,11479,,,,,,,,,,0.3443041443824768,,,,,,,,,
2,,,11499,,,,,,,,,,0.1040084958076477,,,,,,,,,
2,,,11519,,,,,,,,,,0.13441820442676544,,,,,,,,,
2,,,11539,,,,,,,,,,0.06520934402942657,,,,,,,,,
2,,,11559,,,,,,,,,,0.03503187373280525,,,,,,,,,
2,,,11579,,,,,,,,,,0.06550148129463196,,,,,,,,,
2,,,11599,,,,,,,,,,0.15261536836624146,,,,,,,,,
2,,,11619,,,,,,,,,,0.07938025146722794,,,,,,,,,
2,,,11639,,,,,,,,,,0.03933360055088997,,,,,,,,,
2,,,11659,,,,,,,,,,0.14933539927005768,,,,,,,,,
2,,,11679,,,,,,,,,,0.14533385634422302,,,,,,,,,
2,,,11699,,,,,,,,,,0.3657052516937256,,,,,,,,,
2,,,11719,,,,,,,,,,0.41337496042251587,,,,,,,,,
2,,,11739,,,,,,,,,,0.14869089424610138,,,,,,,,,
2,,,11759,,,,,,,,,,0.08994871377944946,,,,,,,,,
2,,,11779,,,,,,,,,,0.03713882714509964,,,,,,,,,
2,,,11799,,,,,,,,,,0.12993797659873962,,,,,,,,,
2,,,11819,,,,,,,,,,0.1060839369893074,,,,,,,,,
2,,,11839,,,,,,,,,,0.1703944206237793,,,,,,,,,
2,,,11859,,,,,,,,,,0.10898473858833313,,,,,,,,,
2,,,11879,,,,,,,,,,0.33539071679115295,,,,,,,,,
2,,,11899,,,,,,,,,,0.06979618221521378,,,,,,,,,
2,,,11919,,,,,,,,,,0.12415631860494614,,,,,,,,,
2,,,11939,,,,,,,,,,0.1582106351852417,,,,,,,,,
2,,,11959,,,,,,,,,,0.08596781641244888,,,,,,,,,
2,,,11979,,,,,,,,,,0.05621689558029175,,,,,,,,,
2,,,11999,,,,,,,,,,0.14660945534706116,,,,,,,,,
2,,,12019,,,,,,,,,,0.08966007828712463,,,,,,,,,
2,,,12039,,,,,,,,,,0.09726868569850922,,,,,,,,,
2,,,12059,,,,,,,,,,0.16863574087619781,,,,,,,,,
2,,,12079,,,,,,,,,,0.4999808669090271,,,,,,,,,
2,,,12099,,,,,,,,,,0.10184916853904724,,,,,,,,,
2,,,12119,,,,,,,,,,0.08046019822359085,,,,,,,,,
2,,,12139,,,,,,,,,,0.1942661553621292,,,,,,,,,
2,,,12159,,,,,,,,,,0.11427634954452515,,,,,,,,,
2,,,12179,,,,,,,,,,0.14522294700145721,,,,,,,,,
2,,,12199,,,,,,,,,,0.1398807317018509,,,,,,,,,
2,,,12219,,,,,,,,,,0.02762824296951294,,,,,,,,,
2,,,12239,,,,,,,,,,0.10588999837636948,,,,,,,,,
2,,,12259,,,,,,,,,,0.0676853284239769,,,,,,,,,
2,,,12279,,,,,,,,,,0.0868401974439621,,,,,,,,,
2,,,12299,,,,,,,,,,0.123295858502388,,,,,,,,,
2,,,12319,,,,,,,,,,0.1404733657836914,,,,,,,,,
2,,,12339,,,,,,,,,,0.22346316277980804,,,,,,,,,
2,,,12359,,,,,,,,,,0.11589077115058899,,,,,,,,,
2,,,12379,,,,,,,,,,0.2614680528640747,,,,,,,,,
2,,,12399,,,,,,,,,,0.1276971995830536,,,,,,,,,
2,,,12419,,,,,,,,,,0.07985711842775345,,,,,,,,,
2,,,12439,,,,,,,,,,0.10994133353233337,,,,,,,,,
2,,,12459,,,,,,,,,,0.09256024658679962,,,,,,,,,
2,,,12479,,,,,,,,,,0.08503727614879608,,,,,,,,,
2,,,12499,,,,,,,,,,0.1163124144077301,,,,,,,,,
2,,,12519,,,,,,,,,,0.140463724732399,,,,,,,,,
2,,,12539,,,,,,,,,,0.0328269898891449,,,,,,,,,
2,,,12559,,,,,,,,,,0.09563030302524567,,,,,,,,,
2,,,12579,,,,,,,,,,0.02893860824406147,,,,,,,,,
2,,,12599,,,,,,,,,,0.1346638947725296,,,,,,,,,
2,,,12619,,,,,,,,,,0.2811413109302521,,,,,,,,,
2,,,12639,,,,,,,,,,0.6976619362831116,,,,,,,,,
2,,,12659,,,,,,,,,,0.34019291400909424,,,,,,,,,
2,,,12679,,,,,,,,,,0.0392516665160656,,,,,,,,,
2,,,12699,,,,,,,,,,0.20230554044246674,,,,,,,,,
2,,,12719,,,,,,,,,,0.03027384914457798,,,,,,,,,
2,,,12739,,,,,,,,,,0.060084663331508636,,,,,,,,,
2,,,12759,,,,,,,,,,0.06956616044044495,,,,,,,,,
2,,,12779,,,,,,,,,,0.03484036400914192,,,,,,,,,
2,,,12799,,,,,,,,,,0.2412247657775879,,,,,,,,,
2,,,12819,,,,,,,,,,0.1492602825164795,,,,,,,,,
2,,,12839,,,,,,,,,,0.10675779730081558,,,,,,,,,
2,,,12859,,,,,,,,,,0.13560853898525238,,,,,,,,,
2,,,12879,,,,,,,,,,0.13794715702533722,,,,,,,,,
2,,,12899,,,,,,,,,,0.19424782693386078,,,,,,,,,
2,,,12919,,,,,,,,,,0.20475812256336212,,,,,,,,,
2,,,12939,,,,,,,,,,0.0908563882112503,,,,,,,,,
2,,,12959,,,,,,,,,,0.03894706070423126,,,,,,,,,
2,,,12979,,,,,,,,,,0.06849310547113419,,,,,,,,,
2,,,12999,,,,,,,,,,0.05553869903087616,,,,,,,,,
2,,,13019,,,,,,,,,,0.04316318780183792,,,,,,,,,
2,,,13039,,,,,,,,,,0.10162554681301117,,,,,,,,,
2,,,13059,,,,,,,,,,0.04977445676922798,,,,,,,,,
2,,,13079,,,,,,,,,,0.08637091517448425,,,,,,,,,
2,,,13099,,,,,,,,,,0.17685705423355103,,,,,,,,,
2,,,13119,,,,,,,,,,0.32941296696662903,,,,,,,,,
2,,,13139,,,,,,,,,,0.16886299848556519,,,,,,,,,
2,,,13159,,,,,,,,,,0.12149326503276825,,,,,,,,,
2,,,13179,,,,,,,,,,0.14765530824661255,,,,,,,,,
2,,,13199,,,,,,,,,,0.16404446959495544,,,,,,,,,
2,,,13219,,,,,,,,,,0.4857470393180847,,,,,,,,,
2,,,13239,,,,,,,,,,0.42056286334991455,,,,,,,,,
2,,,13259,,,,,,,,,,0.14505459368228912,,,,,,,,,
2,,,13279,,,,,,,,,,0.31990376114845276,,,,,,,,,
2,,,13299,,,,,,,,,,0.030752042308449745,,,,,,,,,
2,,,13319,,,,,,,,,,0.07012360543012619,,,,,,,,,
2,,,13339,,,,,,,,,,0.061986640095710754,,,,,,,,,
2,,,13359,,,,,,,,,,0.3561566472053528,,,,,,,,,
2,,,13379,,,,,,,,,,0.4518279731273651,,,,,,,,,
2,,,13399,,,,,,,,,,0.2980963885784149,,,,,,,,,
2,,,13419,,,,,,,,,,0.11188197135925293,,,,,,,,,
2,,,13439,,,,,,,,,,0.07103190571069717,,,,,,,,,
2,,,13459,,,,,,,,,,0.07236829400062561,,,,,,,,,
2,,,13479,,,,,,,,,,0.139495387673378,,,,,,,,,
2,,,13499,,,,,,,,,,0.08483573794364929,,,,,,,,,
2,,,13519,,,,,,,,,,0.05967867001891136,,,,,,,,,
2,,,13539,,,,,,,,,,0.5022037029266357,,,,,,,,,
2,,,13559,,,,,,,,,,0.0364583395421505,,,,,,,,,
2,,,13579,,,,,,,,,,0.09227314591407776,,,,,,,,,
2,,,13599,,,,,,,,,,0.20374369621276855,,,,,,,,,
2,,,13619,,,,,,,,,,0.053512196987867355,,,,,,,,,
2,,,13639,,,,,,,,,,0.08289877325296402,,,,,,,,,
2,,,13659,,,,,,,,,,0.0698043704032898,,,,,,,,,
2,,,13679,,,,,,,,,,0.12862853705883026,,,,,,,,,
2,,,13699,,,,,,,,,,0.06710832566022873,,,,,,,,,
2,,,13719,,,,,,,,,,0.10314914584159851,,,,,,,,,
2,,,13739,,,,,,,,,,0.2708014249801636,,,,,,,,,
2,,,13759,,,,,,,,,,0.11618667840957642,,,,,,,,,
2,,,13779,,,,,,,,,,0.08940683305263519,,,,,,,,,
2,,,13799,,,,,,,,,,0.31837838888168335,,,,,,,,,
2,,,13819,,,,,,,,,,0.1569206416606903,,,,,,,,,
2,,,13839,,,,,,,,,,0.06962649524211884,,,,,,,,,
2,,,13859,,,,,,,,,,0.326987624168396,,,,,,,,,
2,,,13879,,,,,,,,,,0.05546453595161438,,,,,,,,,
2,,,13899,,,,,,,,,,0.0291709266602993,,,,,,,,,
2,,,13919,,,,,,,,,,0.024956487119197845,,,,,,,,,
2,,,13939,,,,,,,,,,0.1678459644317627,,,,,,,,,
2,,,13959,,,,,,,,,,0.19242645800113678,,,,,,,,,
2,,,13979,,,,,,,,,,0.09316069632768631,,,,,,,,,
2,,,13999,,,,,,,,,,0.14889465272426605,,,,,,,,,
2,,,14019,,,,,,,,,,0.11242679506540298,,,,,,,,,
2,,,14039,,,,,,,,,,0.11119474470615387,,,,,,,,,
2,,,14059,,,,,,,,,,0.045619748532772064,,,,,,,,,
2,,,14079,,,,,,,,,,0.042084891349077225,,,,,,,,,
2,,,14099,,,,,,,,,,0.13976383209228516,,,,,,,,,
2,,,14119,,,,,,,,,,0.06843506544828415,,,,,,,,,
2,,,14139,,,,,,,,,,0.17563745379447937,,,,,,,,,
2,,,14159,,,,,,,,,,0.09830313920974731,,,,,,,,,
2,,,14179,,,,,,,,,,0.3995298445224762,,,,,,,,,
2,,,14199,,,,,,,,,,0.0626777708530426,,,,,,,,,
2,,,14219,,,,,,,,,,0.3903021514415741,,,,,,,,,
2,,,14239,,,,,,,,,,0.14969076216220856,,,,,,,,,
2,,,14259,,,,,,,,,,0.1354246437549591,,,,,,,,,
2,,,14279,,,,,,,,,,0.03903036564588547,,,,,,,,,
2,,,14299,,,,,,,,,,0.05901497229933739,,,,,,,,,
2,,,14318,,,,,,,,,,,0.7877193689346313,0.8738696575164795,0.6961498260498047,1.2897059917449951,0.6657129526138306,0.436709463596344,0.36885014176368713,0.9625757932662964,0.7877193689346313
2,,,14318,,,,,,,,0.9372705221176147,0.15135182440280914,,,,,,,,,,
,0.00015,0.00015,14319,,,,,,,,,,,,,,,,,,,
3,,,14319,,,,,,,,,,0.0873953178524971,,,,,,,,,
3,,,14339,,,,,,,,,,0.09418768435716629,,,,,,,,,
3,,,14359,,,,,,,,,,0.052911899983882904,,,,,,,,,
3,,,14379,,,,,,,,,,0.268239289522171,,,,,,,,,
3,,,14399,,,,,,,,,,0.07102073729038239,,,,,,,,,
3,,,14419,,,,,,,,,,0.0809769406914711,,,,,,,,,
3,,,14439,,,,,,,,,,0.06954726576805115,,,,,,,,,
3,,,14459,,,,,,,,,,0.34362077713012695,,,,,,,,,
3,,,14479,,,,,,,,,,0.20333580672740936,,,,,,,,,
3,,,14499,,,,,,,,,,0.2102370411157608,,,,,,,,,
3,,,14519,,,,,,,,,,0.16780802607536316,,,,,,,,,
3,,,14539,,,,,,,,,,0.14962249994277954,,,,,,,,,
3,,,14559,,,,,,,,,,0.12009209394454956,,,,,,,,,
3,,,14579,,,,,,,,,,0.15144462883472443,,,,,,,,,
3,,,14599,,,,,,,,,,0.1531296819448471,,,,,,,,,
3,,,14619,,,,,,,,,,0.6603764295578003,,,,,,,,,
3,,,14639,,,,,,,,,,0.10882921516895294,,,,,,,,,
3,,,14659,,,,,,,,,,0.47157853841781616,,,,,,,,,
3,,,14679,,,,,,,,,,0.5904489159584045,,,,,,,,,
3,,,14699,,,,,,,,,,0.8618746399879456,,,,,,,,,
3,,,14719,,,,,,,,,,0.17357556521892548,,,,,,,,,
3,,,14739,,,,,,,,,,0.31040850281715393,,,,,,,,,
3,,,14759,,,,,,,,,,0.0852888822555542,,,,,,,,,
3,,,14779,,,,,,,,,,0.16990405321121216,,,,,,,,,
3,,,14799,,,,,,,,,,0.2861056923866272,,,,,,,,,
3,,,14819,,,,,,,,,,0.01573282666504383,,,,,,,,,
3,,,14839,,,,,,,,,,0.0680088996887207,,,,,,,,,
3,,,14859,,,,,,,,,,0.16706350445747375,,,,,,,,,
3,,,14879,,,,,,,,,,0.10281210392713547,,,,,,,,,
3,,,14899,,,,,,,,,,0.68483567237854,,,,,,,,,
3,,,14919,,,,,,,,,,0.05683670565485954,,,,,,,,,
3,,,14939,,,,,,,,,,0.0817120149731636,,,,,,,,,
3,,,14959,,,,,,,,,,0.05806926265358925,,,,,,,,,
3,,,14979,,,,,,,,,,0.02242593839764595,,,,,,,,,
3,,,14999,,,,,,,,,,0.08612769097089767,,,,,,,,,
3,,,15019,,,,,,,,,,0.09438997507095337,,,,,,,,,
3,,,15039,,,,,,,,,,0.07728765904903412,,,,,,,,,
3,,,15059,,,,,,,,,,0.153154194355011,,,,,,,,,
3,,,15079,,,,,,,,,,0.05041797459125519,,,,,,,,,
3,,,15099,,,,,,,,,,0.34871524572372437,,,,,,,,,
3,,,15119,,,,,,,,,,0.06780175119638443,,,,,,,,,
3,,,15139,,,,,,,,,,0.15583902597427368,,,,,,,,,
3,,,15159,,,,,,,,,,0.07837952673435211,,,,,,,,,
3,,,15179,,,,,,,,,,0.06526234745979309,,,,,,,,,
3,,,15199,,,,,,,,,,0.1004493236541748,,,,,,,,,
3,,,15219,,,,,,,,,,0.04343045502901077,,,,,,,,,
3,,,15239,,,,,,,,,,0.11196313798427582,,,,,,,,,
3,,,15259,,,,,,,,,,0.07934392988681793,,,,,,,,,
3,,,15279,,,,,,,,,,0.0976661965250969,,,,,,,,,
3,,,15299,,,,,,,,,,0.16813819110393524,,,,,,,,,
3,,,15319,,,,,,,,,,0.18732327222824097,,,,,,,,,
3,,,15339,,,,,,,,,,0.09075026959180832,,,,,,,,,
3,,,15359,,,,,,,,,,0.1257558912038803,,,,,,,,,
3,,,15379,,,,,,,,,,0.032899416983127594,,,,,,,,,
3,,,15399,,,,,,,,,,0.049112606793642044,,,,,,,,,
3,,,15419,,,,,,,,,,0.10540950298309326,,,,,,,,,
3,,,15439,,,,,,,,,,0.08897262811660767,,,,,,,,,
3,,,15459,,,,,,,,,,0.3732186257839203,,,,,,,,,
3,,,15479,,,,,,,,,,0.05099857971072197,,,,,,,,,
3,,,15499,,,,,,,,,,0.04178202897310257,,,,,,,,,
3,,,15519,,,,,,,,,,0.05505230650305748,,,,,,,,,
3,,,15539,,,,,,,,,,0.17540869116783142,,,,,,,,,
3,,,15559,,,,,,,,,,0.07495146244764328,,,,,,,,,
3,,,15579,,,,,,,,,,0.30570149421691895,,,,,,,,,
3,,,15599,,,,,,,,,,0.15223586559295654,,,,,,,,,
3,,,15619,,,,,,,,,,0.30142441391944885,,,,,,,,,
3,,,15639,,,,,,,,,,0.07474976778030396,,,,,,,,,
3,,,15659,,,,,,,,,,0.04478476569056511,,,,,,,,,
3,,,15679,,,,,,,,,,0.20023345947265625,,,,,,,,,
3,,,15699,,,,,,,,,,0.15043000876903534,,,,,,,,,
3,,,15719,,,,,,,,,,0.112425796687603,,,,,,,,,
3,,,15739,,,,,,,,,,0.14138321578502655,,,,,,,,,
3,,,15759,,,,,,,,,,0.06133072450757027,,,,,,,,,
3,,,15779,,,,,,,,,,0.11040639877319336,,,,,,,,,
3,,,15799,,,,,,,,,,0.058634720742702484,,,,,,,,,
3,,,15819,,,,,,,,,,0.4276610016822815,,,,,,,,,
3,,,15839,,,,,,,,,,0.182888463139534,,,,,,,,,
3,,,15859,,,,,,,,,,0.1443583071231842,,,,,,,,,
3,,,15879,,,,,,,,,,0.06429610401391983,,,,,,,,,
3,,,15899,,,,,,,,,,0.09451252222061157,,,,,,,,,
3,,,15919,,,,,,,,,,0.07713965326547623,,,,,,,,,
3,,,15939,,,,,,,,,,0.09353350847959518,,,,,,,,,
3,,,15959,,,,,,,,,,0.07322198897600174,,,,,,,,,
3,,,15979,,,,,,,,,,0.17578817903995514,,,,,,,,,
3,,,15999,,,,,,,,,,0.17208686470985413,,,,,,,,,
3,,,16019,,,,,,,,,,0.48839545249938965,,,,,,,,,
3,,,16039,,,,,,,,,,0.04484085366129875,,,,,,,,,
3,,,16059,,,,,,,,,,0.07094430923461914,,,,,,,,,
3,,,16079,,,,,,,,,,0.0960792526602745,,,,,,,,,
3,,,16099,,,,,,,,,,0.21581397950649261,,,,,,,,,
3,,,16119,,,,,,,,,,0.17113950848579407,,,,,,,,,
3,,,16139,,,,,,,,,,0.17834453284740448,,,,,,,,,
3,,,16159,,,,,,,,,,0.6672223210334778,,,,,,,,,
3,,,16179,,,,,,,,,,0.1901635229587555,,,,,,,,,
3,,,16199,,,,,,,,,,0.0330580472946167,,,,,,,,,
3,,,16219,,,,,,,,,,0.11835640668869019,,,,,,,,,
3,,,16239,,,,,,,,,,0.0090847909450531,,,,,,,,,
3,,,16259,,,,,,,,,,0.15300703048706055,,,,,,,,,
3,,,16279,,,,,,,,,,0.09749650210142136,,,,,,,,,
3,,,16299,,,,,,,,,,0.03909042477607727,,,,,,,,,
3,,,16319,,,,,,,,,,0.2870728075504303,,,,,,,,,
3,,,16339,,,,,,,,,,0.05918871983885765,,,,,,,,,
3,,,16359,,,,,,,,,,0.27357566356658936,,,,,,,,,
3,,,16379,,,,,,,,,,0.0778440460562706,,,,,,,,,
3,,,16399,,,,,,,,,,0.07930933684110641,,,,,,,,,
3,,,16419,,,,,,,,,,0.19447635114192963,,,,,,,,,
3,,,16439,,,,,,,,,,0.07530032098293304,,,,,,,,,
3,,,16459,,,,,,,,,,0.18530358374118805,,,,,,,,,
3,,,16479,,,,,,,,,,0.11288673430681229,,,,,,,,,
3,,,16499,,,,,,,,,,0.6848808526992798,,,,,,,,,
3,,,16519,,,,,,,,,,0.2667456865310669,,,,,,,,,
3,,,16539,,,,,,,,,,0.06549470126628876,,,,,,,,,
3,,,16559,,,,,,,,,,0.1144012063741684,,,,,,,,,
3,,,16579,,,,,,,,,,0.10317858308553696,,,,,,,,,
3,,,16599,,,,,,,,,,0.01848963089287281,,,,,,,,,
3,,,16619,,,,,,,,,,0.09728272259235382,,,,,,,,,
3,,,16639,,,,,,,,,,0.21672546863555908,,,,,,,,,
3,,,16659,,,,,,,,,,0.08686074614524841,,,,,,,,,
3,,,16679,,,,,,,,,,0.14081193506717682,,,,,,,,,
3,,,16699,,,,,,,,,,0.06462521851062775,,,,,,,,,
3,,,16719,,,,,,,,,,0.10763344168663025,,,,,,,,,
3,,,16739,,,,,,,,,,0.07725568115711212,,,,,,,,,
3,,,16759,,,,,,,,,,0.030048541724681854,,,,,,,,,
3,,,16779,,,,,,,,,,0.06278081238269806,,,,,,,,,
3,,,16799,,,,,,,,,,0.08261702954769135,,,,,,,,,
3,,,16819,,,,,,,,,,0.13195568323135376,,,,,,,,,
3,,,16839,,,,,,,,,,0.15334007143974304,,,,,,,,,
3,,,16859,,,,,,,,,,0.033648643642663956,,,,,,,,,
3,,,16879,,,,,,,,,,0.06881541013717651,,,,,,,,,
3,,,16899,,,,,,,,,,0.053355902433395386,,,,,,,,,
3,,,16919,,,,,,,,,,0.18462491035461426,,,,,,,,,
3,,,16939,,,,,,,,,,0.11416497081518173,,,,,,,,,
3,,,16959,,,,,,,,,,0.4443516731262207,,,,,,,,,
3,,,16979,,,,,,,,,,0.1198454424738884,,,,,,,,,
3,,,16999,,,,,,,,,,0.06103353202342987,,,,,,,,,
3,,,17019,,,,,,,,,,0.2119256854057312,,,,,,,,,
3,,,17039,,,,,,,,,,0.04724263399839401,,,,,,,,,
3,,,17059,,,,,,,,,,0.1427571177482605,,,,,,,,,
3,,,17079,,,,,,,,,,0.011996723711490631,,,,,,,,,
3,,,17099,,,,,,,,,,0.19030489027500153,,,,,,,,,
3,,,17119,,,,,,,,,,0.2711230516433716,,,,,,,,,
3,,,17139,,,,,,,,,,0.10735679417848587,,,,,,,,,
3,,,17159,,,,,,,,,,0.2737550139427185,,,,,,,,,
3,,,17179,,,,,,,,,,0.13995997607707977,,,,,,,,,
3,,,17199,,,,,,,,,,0.21107609570026398,,,,,,,,,
3,,,17219,,,,,,,,,,0.07062426954507828,,,,,,,,,
3,,,17239,,,,,,,,,,0.0519893541932106,,,,,,,,,
3,,,17259,,,,,,,,,,0.16679948568344116,,,,,,,,,
3,,,17279,,,,,,,,,,0.1258125752210617,,,,,,,,,
3,,,17299,,,,,,,,,,0.05700911581516266,,,,,,,,,
3,,,17319,,,,,,,,,,0.1723819077014923,,,,,,,,,
3,,,17339,,,,,,,,,,0.20088018476963043,,,,,,,,,
3,,,17359,,,,,,,,,,0.15567465126514435,,,,,,,,,
3,,,17379,,,,,,,,,,0.09861934930086136,,,,,,,,,
3,,,17399,,,,,,,,,,0.10175549238920212,,,,,,,,,
3,,,17419,,,,,,,,,,0.27643245458602905,,,,,,,,,
3,,,17439,,,,,,,,,,0.07923639565706253,,,,,,,,,
3,,,17459,,,,,,,,,,0.050547558814287186,,,,,,,,,
3,,,17479,,,,,,,,,,0.06433054059743881,,,,,,,,,
3,,,17499,,,,,,,,,,0.10156844556331635,,,,,,,,,
3,,,17519,,,,,,,,,,0.03320741280913353,,,,,,,,,
3,,,17539,,,,,,,,,,0.09758444875478745,,,,,,,,,
3,,,17559,,,,,,,,,,0.06217411532998085,,,,,,,,,
3,,,17579,,,,,,,,,,0.08656208217144012,,,,,,,,,
3,,,17599,,,,,,,,,,0.04539183899760246,,,,,,,,,
3,,,17619,,,,,,,,,,0.12996934354305267,,,,,,,,,
3,,,17639,,,,,,,,,,0.044714998453855515,,,,,,,,,
3,,,17659,,,,,,,,,,0.10405901819467545,,,,,,,,,
3,,,17679,,,,,,,,,,0.03475010767579079,,,,,,,,,
3,,,17699,,,,,,,,,,0.07152991741895676,,,,,,,,,
3,,,17719,,,,,,,,,,0.08627006411552429,,,,,,,,,
3,,,17739,,,,,,,,,,0.24136769771575928,,,,,,,,,
3,,,17759,,,,,,,,,,0.22332067787647247,,,,,,,,,
3,,,17779,,,,,,,,,,0.4579086899757385,,,,,,,,,
3,,,17799,,,,,,,,,,0.10280366241931915,,,,,,,,,
3,,,17819,,,,,,,,,,0.28320080041885376,,,,,,,,,
3,,,17839,,,,,,,,,,0.13157279789447784,,,,,,,,,
3,,,17859,,,,,,,,,,0.06252490729093552,,,,,,,,,
3,,,17879,,,,,,,,,,0.07478597015142441,,,,,,,,,
3,,,17899,,,,,,,,,,0.09221746027469635,,,,,,,,,
3,,,17919,,,,,,,,,,0.25432103872299194,,,,,,,,,
3,,,17939,,,,,,,,,,0.07429830729961395,,,,,,,,,
3,,,17959,,,,,,,,,,0.0424843430519104,,,,,,,,,
3,,,17979,,,,,,,,,,0.07459606230258942,,,,,,,,,
3,,,17999,,,,,,,,,,0.18934285640716553,,,,,,,,,
3,,,18019,,,,,,,,,,0.3157529830932617,,,,,,,,,
3,,,18039,,,,,,,,,,0.11003803461790085,,,,,,,,,
3,,,18059,,,,,,,,,,0.04580265283584595,,,,,,,,,
3,,,18079,,,,,,,,,,0.09851225465536118,,,,,,,,,
3,,,18099,,,,,,,,,,0.08197204023599625,,,,,,,,,
3,,,18119,,,,,,,,,,0.10368546843528748,,,,,,,,,
3,,,18139,,,,,,,,,,0.11970961093902588,,,,,,,,,
3,,,18159,,,,,,,,,,0.0895468220114708,,,,,,,,,
3,,,18179,,,,,,,,,,0.20602861046791077,,,,,,,,,
3,,,18199,,,,,,,,,,0.08335056155920029,,,,,,,,,
3,,,18219,,,,,,,,,,0.008228258229792118,,,,,,,,,
3,,,18239,,,,,,,,,,0.09422667324542999,,,,,,,,,
3,,,18259,,,,,,,,,,0.0922725647687912,,,,,,,,,
3,,,18279,,,,,,,,,,0.3600273132324219,,,,,,,,,
3,,,18299,,,,,,,,,,0.29570335149765015,,,,,,,,,
3,,,18319,,,,,,,,,,0.019432051107287407,,,,,,,,,
3,,,18339,,,,,,,,,,0.047431595623493195,,,,,,,,,
3,,,18359,,,,,,,,,,0.1543578952550888,,,,,,,,,
3,,,18379,,,,,,,,,,0.9982329607009888,,,,,,,,,
3,,,18399,,,,,,,,,,0.04546103999018669,,,,,,,,,
3,,,18419,,,,,,,,,,0.06913444399833679,,,,,,,,,
3,,,18439,,,,,,,,,,0.1445004791021347,,,,,,,,,
3,,,18459,,,,,,,,,,0.18872256577014923,,,,,,,,,
3,,,18479,,,,,,,,,,0.07827351242303848,,,,,,,,,
3,,,18499,,,,,,,,,,0.039214059710502625,,,,,,,,,
3,,,18519,,,,,,,,,,0.03126075863838196,,,,,,,,,
3,,,18539,,,,,,,,,,0.5629080533981323,,,,,,,,,
3,,,18559,,,,,,,,,,0.036000363528728485,,,,,,,,,
3,,,18579,,,,,,,,,,0.006514037027955055,,,,,,,,,
3,,,18599,,,,,,,,,,0.09235326945781708,,,,,,,,,
3,,,18619,,,,,,,,,,0.07397393137216568,,,,,,,,,
3,,,18639,,,,,,,,,,0.06913528591394424,,,,,,,,,
3,,,18659,,,,,,,,,,0.06954443454742432,,,,,,,,,
3,,,18679,,,,,,,,,,0.1312345266342163,,,,,,,,,
3,,,18699,,,,,,,,,,0.07195644080638885,,,,,,,,,
3,,,18719,,,,,,,,,,0.010596342384815216,,,,,,,,,
3,,,18739,,,,,,,,,,0.05614408105611801,,,,,,,,,
3,,,18759,,,,,,,,,,0.12070557475090027,,,,,,,,,
3,,,18779,,,,,,,,,,0.16286784410476685,,,,,,,,,
3,,,18799,,,,,,,,,,0.041553519666194916,,,,,,,,,
3,,,18819,,,,,,,,,,0.5424886345863342,,,,,,,,,
3,,,18839,,,,,,,,,,0.0827564001083374,,,,,,,,,
3,,,18859,,,,,,,,,,0.036873459815979004,,,,,,,,,
3,,,18879,,,,,,,,,,0.025520579889416695,,,,,,,,,
3,,,18899,,,,,,,,,,0.19342456758022308,,,,,,,,,
3,,,18919,,,,,,,,,,0.08126576989889145,,,,,,,,,
3,,,18939,,,,,,,,,,0.1384720504283905,,,,,,,,,
3,,,18959,,,,,,,,,,0.5203382968902588,,,,,,,,,
3,,,18979,,,,,,,,,,0.14300930500030518,,,,,,,,,
3,,,18999,,,,,,,,,,0.14883671700954437,,,,,,,,,
3,,,19019,,,,,,,,,,0.010337715968489647,,,,,,,,,
3,,,19039,,,,,,,,,,0.14197424054145813,,,,,,,,,
3,,,19059,,,,,,,,,,0.20036357641220093,,,,,,,,,
3,,,19079,,,,,,,,,,0.12300051748752594,,,,,,,,,
3,,,19091,,,,,,,,,,,0.7617343664169312,0.8798913955688477,0.7417434453964233,1.3507190942764282,0.7258156538009644,0.4862251877784729,0.501396656036377,0.9502347111701965,0.7617343664169312
3,,,19091,,,,,,,,0.9452263116836548,0.13349737226963043,,,,,,,,,,
,0.00018749999999999998,0.00018749999999999998,19092,,,,,,,,,,,,,,,,,,,
4,,,19099,,,,,,,,,,0.08514627814292908,,,,,,,,,
4,,,19119,,,,,,,,,,0.16032978892326355,,,,,,,,,
4,,,19139,,,,,,,,,,0.09929831326007843,,,,,,,,,
4,,,19159,,,,,,,,,,0.09956088662147522,,,,,,,,,
4,,,19179,,,,,,,,,,0.13599345088005066,,,,,,,,,
4,,,19199,,,,,,,,,,0.025716032832860947,,,,,,,,,
4,,,19219,,,,,,,,,,0.07590280473232269,,,,,,,,,
4,,,19239,,,,,,,,,,0.1126953512430191,,,,,,,,,
4,,,19259,,,,,,,,,,0.10898679494857788,,,,,,,,,
4,,,19279,,,,,,,,,,0.11253191530704498,,,,,,,,,
4,,,19299,,,,,,,,,,0.07539442181587219,,,,,,,,,
4,,,19319,,,,,,,,,,0.046028926968574524,,,,,,,,,
4,,,19339,,,,,,,,,,0.15797384083271027,,,,,,,,,
4,,,19359,,,,,,,,,,0.1285698264837265,,,,,,,,,
4,,,19379,,,,,,,,,,0.21007762849330902,,,,,,,,,
4,,,19399,,,,,,,,,,0.42568376660346985,,,,,,,,,
4,,,19419,,,,,,,,,,0.34211617708206177,,,,,,,,,
4,,,19439,,,,,,,,,,0.20237387716770172,,,,,,,,,
4,,,19459,,,,,,,,,,0.08627964556217194,,,,,,,,,
4,,,19479,,,,,,,,,,0.22128140926361084,,,,,,,,,
4,,,19499,,,,,,,,,,0.14640355110168457,,,,,,,,,
4,,,19519,,,,,,,,,,0.01664586178958416,,,,,,,,,
4,,,19539,,,,,,,,,,0.1488565355539322,,,,,,,,,
4,,,19559,,,,,,,,,,0.3138367831707001,,,,,,,,,
4,,,19579,,,,,,,,,,0.14432913064956665,,,,,,,,,
4,,,19599,,,,,,,,,,0.20788638293743134,,,,,,,,,
4,,,19619,,,,,,,,,,0.223262220621109,,,,,,,,,
4,,,19639,,,,,,,,,,0.12853549420833588,,,,,,,,,
4,,,19659,,,,,,,,,,0.06418947875499725,,,,,,,,,
4,,,19679,,,,,,,,,,0.06889162957668304,,,,,,,,,
4,,,19699,,,,,,,,,,0.12221057713031769,,,,,,,,,
4,,,19719,,,,,,,,,,0.09171520173549652,,,,,,,,,
4,,,19739,,,,,,,,,,0.08438906073570251,,,,,,,,,
4,,,19759,,,,,,,,,,0.0870257094502449,,,,,,,,,
4,,,19779,,,,,,,,,,0.2850037217140198,,,,,,,,,
4,,,19799,,,,,,,,,,0.03826078027486801,,,,,,,,,
4,,,19819,,,,,,,,,,0.06125963479280472,,,,,,,,,
4,,,19839,,,,,,,,,,0.016326412558555603,,,,,,,,,
4,,,19859,,,,,,,,,,0.01774008572101593,,,,,,,,,
4,,,19879,,,,,,,,,,0.25219568610191345,,,,,,,,,
4,,,19899,,,,,,,,,,0.07212001085281372,,,,,,,,,
4,,,19919,,,,,,,,,,0.031158600002527237,,,,,,,,,
4,,,19939,,,,,,,,,,0.2408413141965866,,,,,,,,,
4,,,19959,,,,,,,,,,0.021753642708063126,,,,,,,,,
4,,,19979,,,,,,,,,,0.30319732427597046,,,,,,,,,
4,,,19999,,,,,,,,,,0.09336944669485092,,,,,,,,,
4,,,20019,,,,,,,,,,0.05346193537116051,,,,,,,,,
4,,,20039,,,,,,,,,,0.2741621136665344,,,,,,,,,
4,,,20059,,,,,,,,,,0.11848220229148865,,,,,,,,,
4,,,20079,,,,,,,,,,0.07127639651298523,,,,,,,,,
4,,,20099,,,,,,,,,,0.06895741075277328,,,,,,,,,
4,,,20119,,,,,,,,,,0.018338637426495552,,,,,,,,,
4,,,20139,,,,,,,,,,0.09617585688829422,,,,,,,,,
4,,,20159,,,,,,,,,,0.07701417058706284,,,,,,,,,
4,,,20179,,,,,,,,,,0.06687846034765244,,,,,,,,,
4,,,20199,,,,,,,,,,0.05237819254398346,,,,,,,,,
4,,,20219,,,,,,,,,,0.04904760792851448,,,,,,,,,
4,,,20239,,,,,,,,,,0.041412923485040665,,,,,,,,,
4,,,20259,,,,,,,,,,0.3938656449317932,,,,,,,,,
4,,,20279,,,,,,,,,,0.16011536121368408,,,,,,,,,
4,,,20299,,,,,,,,,,0.123971126973629,,,,,,,,,
4,,,20319,,,,,,,,,,0.034618034958839417,,,,,,,,,
4,,,20339,,,,,,,,,,0.10133836418390274,,,,,,,,,
4,,,20359,,,,,,,,,,0.3294854462146759,,,,,,,,,
4,,,20379,,,,,,,,,,0.0662822350859642,,,,,,,,,
4,,,20399,,,,,,,,,,0.10696619749069214,,,,,,,,,
4,,,20419,,,,,,,,,,0.1615278422832489,,,,,,,,,
4,,,20439,,,,,,,,,,0.06415782868862152,,,,,,,,,
4,,,20459,,,,,,,,,,0.11341293901205063,,,,,,,,,
4,,,20479,,,,,,,,,,0.036755841225385666,,,,,,,,,
4,,,20499,,,,,,,,,,0.0316627062857151,,,,,,,,,
4,,,20519,,,,,,,,,,0.05551355332136154,,,,,,,,,
4,,,20539,,,,,,,,,,0.3066823482513428,,,,,,,,,
4,,,20559,,,,,,,,,,0.12353028357028961,,,,,,,,,
4,,,20579,,,,,,,,,,0.2663334310054779,,,,,,,,,
4,,,20599,,,,,,,,,,0.28481394052505493,,,,,,,,,
4,,,20619,,,,,,,,,,0.1402459442615509,,,,,,,,,
4,,,20639,,,,,,,,,,0.2477601021528244,,,,,,,,,
4,,,20659,,,,,,,,,,0.14720283448696136,,,,,,,,,
4,,,20679,,,,,,,,,,0.049538496881723404,,,,,,,,,
4,,,20699,,,,,,,,,,0.12084674835205078,,,,,,,,,
4,,,20719,,,,,,,,,,0.28134608268737793,,,,,,,,,
4,,,20739,,,,,,,,,,0.13623836636543274,,,,,,,,,
4,,,20759,,,,,,,,,,0.10914942622184753,,,,,,,,,
4,,,20779,,,,,,,,,,0.009494608268141747,,,,,,,,,
4,,,20799,,,,,,,,,,0.04586122930049896,,,,,,,,,
4,,,20819,,,,,,,,,,0.0876341462135315,,,,,,,,,
4,,,20839,,,,,,,,,,0.030597291886806488,,,,,,,,,
4,,,20859,,,,,,,,,,0.22524785995483398,,,,,,,,,
4,,,20879,,,,,,,,,,0.10129544138908386,,,,,,,,,
4,,,20899,,,,,,,,,,0.07507587224245071,,,,,,,,,
4,,,20919,,,,,,,,,,0.14375141263008118,,,,,,,,,
4,,,20939,,,,,,,,,,0.04206465929746628,,,,,,,,,
4,,,20959,,,,,,,,,,0.051718130707740784,,,,,,,,,
4,,,20979,,,,,,,,,,0.05973343178629875,,,,,,,,,
4,,,20999,,,,,,,,,,0.11648283153772354,,,,,,,,,
4,,,21019,,,,,,,,,,0.4818704426288605,,,,,,,,,
4,,,21039,,,,,,,,,,0.12982423603534698,,,,,,,,,
4,,,21059,,,,,,,,,,0.1502624750137329,,,,,,,,,
4,,,21079,,,,,,,,,,0.466686874628067,,,,,,,,,
4,,,21099,,,,,,,,,,0.11481953412294388,,,,,,,,,
4,,,21119,,,,,,,,,,0.04606792703270912,,,,,,,,,
4,,,21139,,,,,,,,,,0.019731689244508743,,,,,,,,,
4,,,21159,,,,,,,,,,0.19432544708251953,,,,,,,,,
4,,,21179,,,,,,,,,,0.05964557081460953,,,,,,,,,
4,,,21199,,,,,,,,,,0.05936409905552864,,,,,,,,,
4,,,21219,,,,,,,,,,0.2982877194881439,,,,,,,,,
4,,,21239,,,,,,,,,,0.11503612995147705,,,,,,,,,
4,,,21259,,,,,,,,,,0.09253281354904175,,,,,,,,,
4,,,21279,,,,,,,,,,0.3209518790245056,,,,,,,,,
4,,,21299,,,,,,,,,,0.18184730410575867,,,,,,,,,
4,,,21319,,,,,,,,,,0.1584901213645935,,,,,,,,,
4,,,21339,,,,,,,,,,0.09577912837266922,,,,,,,,,
4,,,21359,,,,,,,,,,0.03211536630988121,,,,,,,,,
4,,,21379,,,,,,,,,,0.1545054167509079,,,,,,,,,
4,,,21399,,,,,,,,,,0.17586825788021088,,,,,,,,,
4,,,21419,,,,,,,,,,0.11208587884902954,,,,,,,,,
4,,,21439,,,,,,,,,,0.10637412965297699,,,,,,,,,
4,,,21459,,,,,,,,,,0.06869547814130783,,,,,,,,,
4,,,21479,,,,,,,,,,0.06819728016853333,,,,,,,,,
4,,,21499,,,,,,,,,,0.2537703216075897,,,,,,,,,
4,,,21519,,,,,,,,,,0.04735512286424637,,,,,,,,,
4,,,21539,,,,,,,,,,0.004361115861684084,,,,,,,,,
4,,,21559,,,,,,,,,,0.021046526730060577,,,,,,,,,
4,,,21579,,,,,,,,,,0.06088002026081085,,,,,,,,,
4,,,21599,,,,,,,,,,0.21955640614032745,,,,,,,,,
4,,,21619,,,,,,,,,,0.035436902195215225,,,,,,,,,
4,,,21639,,,,,,,,,,0.02022767812013626,,,,,,,,,
4,,,21659,,,,,,,,,,0.1040693148970604,,,,,,,,,
4,,,21679,,,,,,,,,,0.13870438933372498,,,,,,,,,
4,,,21699,,,,,,,,,,0.038136694580316544,,,,,,,,,
4,,,21719,,,,,,,,,,0.0787430927157402,,,,,,,,,
4,,,21739,,,,,,,,,,0.10245381295681,,,,,,,,,
4,,,21759,,,,,,,,,,0.1302357316017151,,,,,,,,,
4,,,21779,,,,,,,,,,0.051088929176330566,,,,,,,,,
4,,,21799,,,,,,,,,,0.4345993995666504,,,,,,,,,
4,,,21819,,,,,,,,,,0.04780535772442818,,,,,,,,,
4,,,21839,,,,,,,,,,0.13068470358848572,,,,,,,,,
4,,,21859,,,,,,,,,,0.11135083436965942,,,,,,,,,
4,,,21879,,,,,,,,,,0.030157193541526794,,,,,,,,,
4,,,21899,,,,,,,,,,0.06412780284881592,,,,,,,,,
4,,,21919,,,,,,,,,,0.1299155205488205,,,,,,,,,
4,,,21939,,,,,,,,,,0.047630563378334045,,,,,,,,,
4,,,21959,,,,,,,,,,0.047407910227775574,,,,,,,,,
4,,,21979,,,,,,,,,,0.0981326699256897,,,,,,,,,
4,,,21999,,,,,,,,,,0.08457653224468231,,,,,,,,,
4,,,22019,,,,,,,,,,0.24232229590415955,,,,,,,,,
4,,,22039,,,,,,,,,,0.5515854358673096,,,,,,,,,
4,,,22059,,,,,,,,,,0.12801292538642883,,,,,,,,,
4,,,22079,,,,,,,,,,0.28662437200546265,,,,,,,,,
4,,,22099,,,,,,,,,,0.16877521574497223,,,,,,,,,
4,,,22119,,,,,,,,,,0.10151728987693787,,,,,,,,,
4,,,22139,,,,,,,,,,0.04072204604744911,,,,,,,,,
4,,,22159,,,,,,,,,,0.11595426499843597,,,,,,,,,
4,,,22179,,,,,,,,,,0.1854165643453598,,,,,,,,,
4,,,22199,,,,,,,,,,0.07577161490917206,,,,,,,,,
4,,,22219,,,,,,,,,,0.01907992549240589,,,,,,,,,
4,,,22239,,,,,,,,,,0.025105297565460205,,,,,,,,,
4,,,22259,,,,,,,,,,0.15826106071472168,,,,,,,,,
4,,,22279,,,,,,,,,,0.1059688851237297,,,,,,,,,
4,,,22299,,,,,,,,,,0.20319005846977234,,,,,,,,,
4,,,22319,,,,,,,,,,0.07156476378440857,,,,,,,,,
4,,,22339,,,,,,,,,,0.15306979417800903,,,,,,,,,
4,,,22359,,,,,,,,,,0.07298988103866577,,,,,,,,,
4,,,22379,,,,,,,,,,0.03323874995112419,,,,,,,,,
4,,,22399,,,,,,,,,,0.07557662576436996,,,,,,,,,
4,,,22419,,,,,,,,,,0.225739985704422,,,,,,,,,
4,,,22439,,,,,,,,,,0.057365138083696365,,,,,,,,,
4,,,22459,,,,,,,,,,0.06685622781515121,,,,,,,,,
4,,,22479,,,,,,,,,,0.24210380017757416,,,,,,,,,
4,,,22499,,,,,,,,,,0.05974854528903961,,,,,,,,,
4,,,22519,,,,,,,,,,0.38858747482299805,,,,,,,,,
4,,,22539,,,,,,,,,,0.05507919564843178,,,,,,,,,
4,,,22559,,,,,,,,,,0.04044519364833832,,,,,,,,,
4,,,22579,,,,,,,,,,0.06223563849925995,,,,,,,,,
4,,,22599,,,,,,,,,,0.0936005711555481,,,,,,,,,
4,,,22619,,,,,,,,,,0.02149091474711895,,,,,,,,,
4,,,22639,,,,,,,,,,0.004821452312171459,,,,,,,,,
4,,,22659,,,,,,,,,,0.31969958543777466,,,,,,,,,
4,,,22679,,,,,,,,,,0.072251096367836,,,,,,,,,
4,,,22699,,,,,,,,,,0.030446209013462067,,,,,,,,,
4,,,22719,,,,,,,,,,0.1260901838541031,,,,,,,,,
4,,,22739,,,,,,,,,,0.19940654933452606,,,,,,,,,
4,,,22759,,,,,,,,,,0.1933717131614685,,,,,,,,,
4,,,22779,,,,,,,,,,0.08417019248008728,,,,,,,,,
4,,,22799,,,,,,,,,,0.07507878541946411,,,,,,,,,
4,,,22819,,,,,,,,,,0.32190632820129395,,,,,,,,,
4,,,22839,,,,,,,,,,0.018996121361851692,,,,,,,,,
4,,,22859,,,,,,,,,,0.08503077924251556,,,,,,,,,
4,,,22879,,,,,,,,,,0.17192931473255157,,,,,,,,,
4,,,22899,,,,,,,,,,0.06067332997918129,,,,,,,,,
4,,,22919,,,,,,,,,,0.0886617973446846,,,,,,,,,
4,,,22939,,,,,,,,,,0.01925666444003582,,,,,,,,,
4,,,22959,,,,,,,,,,0.1484932154417038,,,,,,,,,
4,,,22979,,,,,,,,,,0.15384472906589508,,,,,,,,,
4,,,22999,,,,,,,,,,0.0027480018325150013,,,,,,,,,
4,,,23019,,,,,,,,,,0.05494358390569687,,,,,,,,,
4,,,23039,,,,,,,,,,0.13058587908744812,,,,,,,,,
4,,,23059,,,,,,,,,,0.1296791434288025,,,,,,,,,
4,,,23079,,,,,,,,,,0.20827308297157288,,,,,,,,,
4,,,23099,,,,,,,,,,0.10583656281232834,,,,,,,,,
4,,,23119,,,,,,,,,,0.11780497431755066,,,,,,,,,
4,,,23139,,,,,,,,,,0.16414937376976013,,,,,,,,,
4,,,23159,,,,,,,,,,0.03379303216934204,,,,,,,,,
4,,,23179,,,,,,,,,,0.02517961896955967,,,,,,,,,
4,,,23199,,,,,,,,,,0.07198360562324524,,,,,,,,,
4,,,23219,,,,,,,,,,0.10724624991416931,,,,,,,,,
4,,,23239,,,,,,,,,,0.15822653472423553,,,,,,,,,
4,,,23259,,,,,,,,,,0.09392391890287399,,,,,,,,,
4,,,23279,,,,,,,,,,0.06217234581708908,,,,,,,,,
4,,,23299,,,,,,,,,,0.038719214498996735,,,,,,,,,
4,,,23319,,,,,,,,,,0.06518875807523727,,,,,,,,,
4,,,23339,,,,,,,,,,0.17768146097660065,,,,,,,,,
4,,,23359,,,,,,,,,,0.0777323916554451,,,,,,,,,
4,,,23379,,,,,,,,,,0.026317613199353218,,,,,,,,,
4,,,23399,,,,,,,,,,0.00714396545663476,,,,,,,,,
4,,,23419,,,,,,,,,,1.0840753316879272,,,,,,,,,
4,,,23439,,,,,,,,,,0.06597637385129929,,,,,,,,,
4,,,23459,,,,,,,,,,0.07264541834592819,,,,,,,,,
4,,,23479,,,,,,,,,,0.09514560550451279,,,,,,,,,
4,,,23499,,,,,,,,,,0.07697058469057083,,,,,,,,,
4,,,23519,,,,,,,,,,0.112824946641922,,,,,,,,,
4,,,23539,,,,,,,,,,0.11933407187461853,,,,,,,,,
4,,,23559,,,,,,,,,,0.008922325447201729,,,,,,,,,
4,,,23579,,,,,,,,,,0.02008625492453575,,,,,,,,,
4,,,23599,,,,,,,,,,0.07773274183273315,,,,,,,,,
4,,,23619,,,,,,,,,,0.2570172846317291,,,,,,,,,
4,,,23639,,,,,,,,,,0.02808883972465992,,,,,,,,,
4,,,23659,,,,,,,,,,0.0843895822763443,,,,,,,,,
4,,,23679,,,,,,,,,,0.06327611953020096,,,,,,,,,
4,,,23699,,,,,,,,,,0.5138990879058838,,,,,,,,,
4,,,23719,,,,,,,,,,0.028315268456935883,,,,,,,,,
4,,,23739,,,,,,,,,,0.0824756771326065,,,,,,,,,
4,,,23759,,,,,,,,,,0.05854719504714012,,,,,,,,,
4,,,23779,,,,,,,,,,0.4706093668937683,,,,,,,,,
4,,,23799,,,,,,,,,,0.13931617140769958,,,,,,,,,
4,,,23819,,,,,,,,,,0.10241518914699554,,,,,,,,,
4,,,23839,,,,,,,,,,0.24465526640415192,,,,,,,,,
4,,,23859,,,,,,,,,,0.060118451714515686,,,,,,,,,
4,,,23864,,,,,,,,,,,0.744317352771759,0.8704698085784912,0.7279070615768433,1.3711514472961426,0.7144994735717773,0.4578465521335602,0.4827367663383484,0.9462621808052063,0.744317352771759
4,,,23864,,,,,,,,0.9532861709594727,0.11794014275074005,,,,,,,,,,
,0.000225,0.000225,23865,,,,,,,,,,,,,,,,,,,
5,,,23879,,,,,,,,,,0.6566773653030396,,,,,,,,,
5,,,23899,,,,,,,,,,0.11154813319444656,,,,,,,,,
5,,,23919,,,,,,,,,,0.017412204295396805,,,,,,,,,
5,,,23939,,,,,,,,,,0.05890407785773277,,,,,,,,,
5,,,23959,,,,,,,,,,0.13118931651115417,,,,,,,,,
5,,,23979,,,,,,,,,,0.29839035868644714,,,,,,,,,
5,,,23999,,,,,,,,,,0.3480835258960724,,,,,,,,,
5,,,24019,,,,,,,,,,0.24737617373466492,,,,,,,,,
5,,,24039,,,,,,,,,,0.02672979235649109,,,,,,,,,
5,,,24059,,,,,,,,,,0.303952693939209,,,,,,,,,
5,,,24079,,,,,,,,,,0.0956573635339737,,,,,,,,,
5,,,24099,,,,,,,,,,0.05144612863659859,,,,,,,,,
5,,,24119,,,,,,,,,,0.1152065098285675,,,,,,,,,
5,,,24139,,,,,,,,,,0.05650933086872101,,,,,,,,,
5,,,24159,,,,,,,,,,0.02280213125050068,,,,,,,,,
5,,,24179,,,,,,,,,,0.05159902572631836,,,,,,,,,
5,,,24199,,,,,,,,,,0.07302382588386536,,,,,,,,,
5,,,24219,,,,,,,,,,0.26390373706817627,,,,,,,,,
5,,,24239,,,,,,,,,,0.1664656698703766,,,,,,,,,
5,,,24259,,,,,,,,,,0.023760899901390076,,,,,,,,,
5,,,24279,,,,,,,,,,0.037683166563510895,,,,,,,,,
5,,,24299,,,,,,,,,,0.08190872520208359,,,,,,,,,
5,,,24319,,,,,,,,,,0.03269383683800697,,,,,,,,,
5,,,24339,,,,,,,,,,0.20102062821388245,,,,,,,,,
5,,,24359,,,,,,,,,,0.06195956468582153,,,,,,,,,
5,,,24379,,,,,,,,,,0.3375278115272522,,,,,,,,,
5,,,24399,,,,,,,,,,0.029242534190416336,,,,,,,,,
5,,,24419,,,,,,,,,,0.003582994919270277,,,,,,,,,
5,,,24439,,,,,,,,,,0.02489871345460415,,,,,,,,,
5,,,24459,,,,,,,,,,0.15787312388420105,,,,,,,,,
5,,,24479,,,,,,,,,,0.08172428607940674,,,,,,,,,
5,,,24499,,,,,,,,,,0.19060350954532623,,,,,,,,,
5,,,24519,,,,,,,,,,0.044635556638240814,,,,,,,,,
5,,,24539,,,,,,,,,,0.24364443123340607,,,,,,,,,
5,,,24559,,,,,,,,,,0.16996508836746216,,,,,,,,,
5,,,24579,,,,,,,,,,0.09050621092319489,,,,,,,,,
5,,,24599,,,,,,,,,,0.12810896337032318,,,,,,,,,
5,,,24619,,,,,,,,,,0.03275441750884056,,,,,,,,,
5,,,24639,,,,,,,,,,0.024412300437688828,,,,,,,,,
5,,,24659,,,,,,,,,,0.035700373351573944,,,,,,,,,
5,,,24679,,,,,,,,,,0.11756660789251328,,,,,,,,,
5,,,24699,,,,,,,,,,0.07731013745069504,,,,,,,,,
5,,,24719,,,,,,,,,,0.33619749546051025,,,,,,,,,
5,,,24739,,,,,,,,,,0.011569335125386715,,,,,,,,,
5,,,24759,,,,,,,,,,0.12845660746097565,,,,,,,,,
5,,,24779,,,,,,,,,,0.027306631207466125,,,,,,,,,
5,,,24799,,,,,,,,,,0.049397386610507965,,,,,,,,,
5,,,24819,,,,,,,,,,0.30405059456825256,,,,,,,,,
5,,,24839,,,,,,,,,,0.1327420175075531,,,,,,,,,
5,,,24859,,,,,,,,,,0.11411895602941513,,,,,,,,,
5,,,24879,,,,,,,,,,0.08192752301692963,,,,,,,,,
5,,,24899,,,,,,,,,,0.02885396219789982,,,,,,,,,
5,,,24919,,,,,,,,,,0.04887834191322327,,,,,,,,,
5,,,24939,,,,,,,,,,0.007529386319220066,,,,,,,,,
5,,,24959,,,,,,,,,,0.12981148064136505,,,,,,,,,
5,,,24979,,,,,,,,,,0.07146898657083511,,,,,,,,,
5,,,24999,,,,,,,,,,0.019456032663583755,,,,,,,,,
5,,,25019,,,,,,,,,,0.06907616555690765,,,,,,,,,
5,,,25039,,,,,,,,,,0.17048205435276031,,,,,,,,,
5,,,25059,,,,,,,,,,0.12788918614387512,,,,,,,,,
5,,,25079,,,,,,,,,,0.07682177424430847,,,,,,,,,
5,,,25099,,,,,,,,,,0.07096508890390396,,,,,,,,,
5,,,25119,,,,,,,,,,0.11182132363319397,,,,,,,,,
5,,,25139,,,,,,,,,,0.01723083108663559,,,,,,,,,
5,,,25159,,,,,,,,,,0.10350675880908966,,,,,,,,,
5,,,25179,,,,,,,,,,0.0903473049402237,,,,,,,,,
5,,,25199,,,,,,,,,,0.32274237275123596,,,,,,,,,
5,,,25219,,,,,,,,,,0.09365484863519669,,,,,,,,,
5,,,25239,,,,,,,,,,0.0886012613773346,,,,,,,,,
5,,,25259,,,,,,,,,,0.03163306415081024,,,,,,,,,
5,,,25279,,,,,,,,,,0.05709094554185867,,,,,,,,,
5,,,25299,,,,,,,,,,0.1648692935705185,,,,,,,,,
5,,,25319,,,,,,,,,,0.06582150608301163,,,,,,,,,
5,,,25339,,,,,,,,,,0.5119028091430664,,,,,,,,,
5,,,25359,,,,,,,,,,0.06263743340969086,,,,,,,,,
5,,,25379,,,,,,,,,,0.06323326379060745,,,,,,,,,
5,,,25399,,,,,,,,,,0.21937166154384613,,,,,,,,,
5,,,25419,,,,,,,,,,0.10735240578651428,,,,,,,,,
5,,,25439,,,,,,,,,,0.0511549636721611,,,,,,,,,
5,,,25459,,,,,,,,,,0.07844018936157227,,,,,,,,,
5,,,25479,,,,,,,,,,0.03808019310235977,,,,,,,,,
5,,,25499,,,,,,,,,,0.01908431202173233,,,,,,,,,
5,,,25519,,,,,,,,,,0.11569216102361679,,,,,,,,,
5,,,25539,,,,,,,,,,0.036500826478004456,,,,,,,,,
5,,,25559,,,,,,,,,,0.15189166367053986,,,,,,,,,
5,,,25579,,,,,,,,,,0.24716541171073914,,,,,,,,,
5,,,25599,,,,,,,,,,0.13074900209903717,,,,,,,,,
5,,,25619,,,,,,,,,,0.07726795226335526,,,,,,,,,
5,,,25639,,,,,,,,,,0.0353059396147728,,,,,,,,,
5,,,25659,,,,,,,,,,0.08072926849126816,,,,,,,,,
5,,,25679,,,,,,,,,,0.0394023098051548,,,,,,,,,
5,,,25699,,,,,,,,,,0.033296871930360794,,,,,,,,,
5,,,25719,,,,,,,,,,0.16455981135368347,,,,,,,,,
5,,,25739,,,,,,,,,,0.12303172796964645,,,,,,,,,
5,,,25759,,,,,,,,,,0.023413922637701035,,,,,,,,,
5,,,25779,,,,,,,,,,0.1478872001171112,,,,,,,,,
5,,,25799,,,,,,,,,,0.14174896478652954,,,,,,,,,
5,,,25819,,,,,,,,,,0.028476988896727562,,,,,,,,,
5,,,25839,,,,,,,,,,0.21940714120864868,,,,,,,,,
5,,,25859,,,,,,,,,,0.030039485543966293,,,,,,,,,
5,,,25879,,,,,,,,,,0.09026122093200684,,,,,,,,,
5,,,25899,,,,,,,,,,0.016312871128320694,,,,,,,,,
5,,,25919,,,,,,,,,,0.3164176940917969,,,,,,,,,
5,,,25939,,,,,,,,,,0.013432284817099571,,,,,,,,,
5,,,25959,,,,,,,,,,0.054514408111572266,,,,,,,,,
5,,,25979,,,,,,,,,,0.34618669748306274,,,,,,,,,
5,,,25999,,,,,,,,,,0.14979703724384308,,,,,,,,,
5,,,26019,,,,,,,,,,0.028793778270483017,,,,,,,,,
5,,,26039,,,,,,,,,,0.10261364281177521,,,,,,,,,
5,,,26059,,,,,,,,,,0.06977247446775436,,,,,,,,,
5,,,26079,,,,,,,,,,0.09107402712106705,,,,,,,,,
5,,,26099,,,,,,,,,,0.0865456759929657,,,,,,,,,
5,,,26119,,,,,,,,,,0.11295221745967865,,,,,,,,,
5,,,26139,,,,,,,,,,0.03773187845945358,,,,,,,,,
5,,,26159,,,,,,,,,,0.0859314352273941,,,,,,,,,
5,,,26179,,,,,,,,,,0.19736851751804352,,,,,,,,,
5,,,26199,,,,,,,,,,0.06191609427332878,,,,,,,,,
5,,,26219,,,,,,,,,,0.0680861696600914,,,,,,,,,
5,,,26239,,,,,,,,,,0.09047487378120422,,,,,,,,,
5,,,26259,,,,,,,,,,0.3043975234031677,,,,,,,,,
5,,,26279,,,,,,,,,,0.12211282551288605,,,,,,,,,
5,,,26299,,,,,,,,,,0.41691142320632935,,,,,,,,,
5,,,26319,,,,,,,,,,0.15438102185726166,,,,,,,,,
5,,,26339,,,,,,,,,,0.0021008767653256655,,,,,,,,,
5,,,26359,,,,,,,,,,0.0725892186164856,,,,,,,,,
5,,,26379,,,,,,,,,,0.21826578676700592,,,,,,,,,
5,,,26399,,,,,,,,,,0.09134300798177719,,,,,,,,,
5,,,26419,,,,,,,,,,0.17251452803611755,,,,,,,,,
5,,,26439,,,,,,,,,,0.053065720945596695,,,,,,,,,
5,,,26459,,,,,,,,,,0.06385111063718796,,,,,,,,,
5,,,26479,,,,,,,,,,0.04183076322078705,,,,,,,,,
5,,,26499,,,,,,,,,,0.027275260537862778,,,,,,,,,
5,,,26519,,,,,,,,,,0.13276934623718262,,,,,,,,,
5,,,26539,,,,,,,,,,0.07124857604503632,,,,,,,,,
5,,,26559,,,,,,,,,,0.11476971954107285,,,,,,,,,
5,,,26579,,,,,,,,,,0.12798790633678436,,,,,,,,,
5,,,26599,,,,,,,,,,0.09003397822380066,,,,,,,,,
5,,,26619,,,,,,,,,,0.07410849630832672,,,,,,,,,
5,,,26639,,,,,,,,,,0.0675620511174202,,,,,,,,,
5,,,26659,,,,,,,,,,0.09761869162321091,,,,,,,,,
5,,,26679,,,,,,,,,,1.599223256111145,,,,,,,,,
5,,,26699,,,,,,,,,,0.29168426990509033,,,,,,,,,
5,,,26719,,,,,,,,,,0.08967697620391846,,,,,,,,,
5,,,26739,,,,,,,,,,0.0676768571138382,,,,,,,,,
5,,,26759,,,,,,,,,,0.04596324265003204,,,,,,,,,
5,,,26779,,,,,,,,,,0.09011965990066528,,,,,,,,,
5,,,26799,,,,,,,,,,0.3403591811656952,,,,,,,,,
5,,,26819,,,,,,,,,,0.06280502676963806,,,,,,,,,
5,,,26839,,,,,,,,,,0.10064662247896194,,,,,,,,,
5,,,26859,,,,,,,,,,0.039819471538066864,,,,,,,,,
5,,,26879,,,,,,,,,,0.06715048849582672,,,,,,,,,
5,,,26899,,,,,,,,,,0.01864863559603691,,,,,,,,,
5,,,26919,,,,,,,,,,0.005058544222265482,,,,,,,,,
5,,,26939,,,,,,,,,,0.003474972676485777,,,,,,,,,
5,,,26959,,,,,,,,,,0.11703255772590637,,,,,,,,,
5,,,26979,,,,,,,,,,0.06761175394058228,,,,,,,,,
5,,,26999,,,,,,,,,,0.07705140858888626,,,,,,,,,
5,,,27019,,,,,,,,,,0.13640616834163666,,,,,,,,,
5,,,27039,,,,,,,,,,0.07763715088367462,,,,,,,,,
5,,,27059,,,,,,,,,,0.05243934690952301,,,,,,,,,
5,,,27079,,,,,,,,,,0.14636215567588806,,,,,,,,,
5,,,27099,,,,,,,,,,0.010074901394546032,,,,,,,,,
5,,,27119,,,,,,,,,,0.26148340106010437,,,,,,,,,
5,,,27139,,,,,,,,,,0.1266404092311859,,,,,,,,,
5,,,27159,,,,,,,,,,0.20965036749839783,,,,,,,,,
5,,,27179,,,,,,,,,,0.05058189481496811,,,,,,,,,
5,,,27199,,,,,,,,,,0.04576267674565315,,,,,,,,,
5,,,27219,,,,,,,,,,0.026635462418198586,,,,,,,,,
5,,,27239,,,,,,,,,,0.07878193259239197,,,,,,,,,
5,,,27259,,,,,,,,,,0.0904458612203598,,,,,,,,,
5,,,27279,,,,,,,,,,0.14775536954402924,,,,,,,,,
5,,,27299,,,,,,,,,,0.07377737015485764,,,,,,,,,
5,,,27319,,,,,,,,,,0.08733488619327545,,,,,,,,,
5,,,27339,,,,,,,,,,0.4180953800678253,,,,,,,,,
5,,,27359,,,,,,,,,,0.006753099150955677,,,,,,,,,
5,,,27379,,,,,,,,,,0.014014722779393196,,,,,,,,,
5,,,27399,,,,,,,,,,0.24247969686985016,,,,,,,,,
5,,,27419,,,,,,,,,,0.32549458742141724,,,,,,,,,
5,,,27439,,,,,,,,,,0.05812544375658035,,,,,,,,,
5,,,27459,,,,,,,,,,0.04676656052470207,,,,,,,,,
5,,,27479,,,,,,,,,,0.09190063178539276,,,,,,,,,
5,,,27499,,,,,,,,,,0.02523958869278431,,,,,,,,,
5,,,27519,,,,,,,,,,0.06625637412071228,,,,,,,,,
5,,,27539,,,,,,,,,,0.07191905379295349,,,,,,,,,
5,,,27559,,,,,,,,,,0.0381762869656086,,,,,,,,,
5,,,27579,,,,,,,,,,0.012545292265713215,,,,,,,,,
5,,,27599,,,,,,,,,,0.08440317213535309,,,,,,,,,
5,,,27619,,,,,,,,,,0.04692671447992325,,,,,,,,,
5,,,27639,,,,,,,,,,0.08819113671779633,,,,,,,,,
5,,,27659,,,,,,,,,,0.043971117585897446,,,,,,,,,
5,,,27679,,,,,,,,,,0.06115039065480232,,,,,,,,,
5,,,27699,,,,,,,,,,0.16194111108779907,,,,,,,,,
5,,,27719,,,,,,,,,,0.0609724298119545,,,,,,,,,
5,,,27739,,,,,,,,,,0.014335127547383308,,,,,,,,,
5,,,27759,,,,,,,,,,0.01143286656588316,,,,,,,,,
5,,,27779,,,,,,,,,,0.010298501700162888,,,,,,,,,
5,,,27799,,,,,,,,,,0.16493909060955048,,,,,,,,,
5,,,27819,,,,,,,,,,0.03360815346240997,,,,,,,,,
5,,,27839,,,,,,,,,,0.02939441427588463,,,,,,,,,
5,,,27859,,,,,,,,,,0.029947686940431595,,,,,,,,,
5,,,27879,,,,,,,,,,0.05745764821767807,,,,,,,,,
5,,,27899,,,,,,,,,,0.1067725419998169,,,,,,,,,
5,,,27919,,,,,,,,,,0.228070467710495,,,,,,,,,
5,,,27939,,,,,,,,,,0.07218398153781891,,,,,,,,,
5,,,27959,,,,,,,,,,0.08078908920288086,,,,,,,,,
5,,,27979,,,,,,,,,,0.22263722121715546,,,,,,,,,
5,,,27999,,,,,,,,,,0.01161880325525999,,,,,,,,,
5,,,28019,,,,,,,,,,0.422043114900589,,,,,,,,,
5,,,28039,,,,,,,,,,0.08896934986114502,,,,,,,,,
5,,,28059,,,,,,,,,,0.10234882682561874,,,,,,,,,
5,,,28079,,,,,,,,,,0.05900571495294571,,,,,,,,,
5,,,28099,,,,,,,,,,0.08018918335437775,,,,,,,,,
5,,,28119,,,,,,,,,,0.10791033506393433,,,,,,,,,
5,,,28139,,,,,,,,,,0.13157305121421814,,,,,,,,,
5,,,28159,,,,,,,,,,0.06751751899719238,,,,,,,,,
5,,,28179,,,,,,,,,,0.02671838365495205,,,,,,,,,
5,,,28199,,,,,,,,,,0.001215280033648014,,,,,,,,,
5,,,28219,,,,,,,,,,0.06392081081867218,,,,,,,,,
5,,,28239,,,,,,,,,,0.03279431536793709,,,,,,,,,
5,,,28259,,,,,,,,,,0.011255973018705845,,,,,,,,,
5,,,28279,,,,,,,,,,0.013013807125389576,,,,,,,,,
5,,,28299,,,,,,,,,,0.08808095008134842,,,,,,,,,
5,,,28319,,,,,,,,,,0.016157494857907295,,,,,,,,,
5,,,28339,,,,,,,,,,0.16624662280082703,,,,,,,,,
5,,,28359,,,,,,,,,,0.028821725398302078,,,,,,,,,
5,,,28379,,,,,,,,,,0.23438186943531036,,,,,,,,,
5,,,28399,,,,,,,,,,0.11115998774766922,,,,,,,,,
5,,,28419,,,,,,,,,,0.026164870709180832,,,,,,,,,
5,,,28439,,,,,,,,,,0.04920985549688339,,,,,,,,,
5,,,28459,,,,,,,,,,0.05302023887634277,,,,,,,,,
5,,,28479,,,,,,,,,,0.05096244812011719,,,,,,,,,
5,,,28499,,,,,,,,,,0.08911025524139404,,,,,,,,,
5,,,28519,,,,,,,,,,0.1137564480304718,,,,,,,,,
5,,,28539,,,,,,,,,,0.09705467522144318,,,,,,,,,
5,,,28559,,,,,,,,,,0.10532251745462418,,,,,,,,,
5,,,28579,,,,,,,,,,0.010881423950195312,,,,,,,,,
5,,,28599,,,,,,,,,,0.08418925851583481,,,,,,,,,
5,,,28619,,,,,,,,,,0.0356706939637661,,,,,,,,,
5,,,28637,,,,,,,,,,,0.755969226360321,0.8600606918334961,0.6874620914459229,1.4558260440826416,0.6597363352775574,0.4044139087200165,0.3662148118019104,0.9532578587532043,0.755969226360321
5,,,28637,,,,,,,,0.958643913269043,0.10383453965187073,,,,,,,,,,
,0.0002625,0.0002625,28638,,,,,,,,,,,,,,,,,,,
6,,,28639,,,,,,,,,,0.057807959616184235,,,,,,,,,
6,,,28659,,,,,,,,,,0.0891900509595871,,,,,,,,,
6,,,28679,,,,,,,,,,0.012978747487068176,,,,,,,,,
6,,,28699,,,,,,,,,,0.06382302194833755,,,,,,,,,
6,,,28719,,,,,,,,,,0.07177963852882385,,,,,,,,,
6,,,28739,,,,,,,,,,0.2471616119146347,,,,,,,,,
6,,,28759,,,,,,,,,,0.1009041965007782,,,,,,,,,
6,,,28779,,,,,,,,,,0.02714833803474903,,,,,,,,,
6,,,28799,,,,,,,,,,0.4697516858577728,,,,,,,,,
6,,,28819,,,,,,,,,,0.046752795577049255,,,,,,,,,
6,,,28839,,,,,,,,,,0.05129004642367363,,,,,,,,,
6,,,28859,,,,,,,,,,0.4396336078643799,,,,,,,,,
6,,,28879,,,,,,,,,,0.07611065357923508,,,,,,,,,
6,,,28899,,,,,,,,,,0.03674693405628204,,,,,,,,,
6,,,28919,,,,,,,,,,0.0016651328187435865,,,,,,,,,
6,,,28939,,,,,,,,,,0.45286834239959717,,,,,,,,,
6,,,28959,,,,,,,,,,0.053755491971969604,,,,,,,,,
6,,,28979,,,,,,,,,,0.017871499061584473,,,,,,,,,
6,,,28999,,,,,,,,,,0.2695898413658142,,,,,,,,,
6,,,29019,,,,,,,,,,0.26253634691238403,,,,,,,,,
6,,,29039,,,,,,,,,,0.696160078048706,,,,,,,,,
6,,,29059,,,,,,,,,,0.10061328113079071,,,,,,,,,
6,,,29079,,,,,,,,,,0.14275237917900085,,,,,,,,,
6,,,29099,,,,,,,,,,0.43017101287841797,,,,,,,,,
6,,,29119,,,,,,,,,,0.7110540270805359,,,,,,,,,
6,,,29139,,,,,,,,,,0.03432413563132286,,,,,,,,,
6,,,29159,,,,,,,,,,0.03812558576464653,,,,,,,,,
6,,,29179,,,,,,,,,,0.057339224964380264,,,,,,,,,
6,,,29199,,,,,,,,,,0.10249515622854233,,,,,,,,,
6,,,29219,,,,,,,,,,0.07237211614847183,,,,,,,,,
6,,,29239,,,,,,,,,,0.12516771256923676,,,,,,,,,
6,,,29259,,,,,,,,,,0.15311898291110992,,,,,,,,,
6,,,29279,,,,,,,,,,0.09481098502874374,,,,,,,,,
6,,,29299,,,,,,,,,,0.07175885885953903,,,,,,,,,
6,,,29319,,,,,,,,,,0.07014470547437668,,,,,,,,,
6,,,29339,,,,,,,,,,0.029252948239445686,,,,,,,,,
6,,,29359,,,,,,,,,,0.038910530507564545,,,,,,,,,
6,,,29379,,,,,,,,,,0.2514967620372772,,,,,,,,,
6,,,29399,,,,,,,,,,0.04643930122256279,,,,,,,,,
6,,,29419,,,,,,,,,,0.01898261532187462,,,,,,,,,
6,,,29439,,,,,,,,,,0.061533860862255096,,,,,,,,,
6,,,29459,,,,,,,,,,0.012648377567529678,,,,,,,,,
6,,,29479,,,,,,,,,,0.013887124136090279,,,,,,,,,
6,,,29499,,,,,,,,,,0.006962728686630726,,,,,,,,,
6,,,29519,,,,,,,,,,0.04839290305972099,,,,,,,,,
6,,,29539,,,,,,,,,,0.2647539973258972,,,,,,,,,
6,,,29559,,,,,,,,,,0.17567560076713562,,,,,,,,,
6,,,29579,,,,,,,,,,0.0496615394949913,,,,,,,,,
6,,,29599,,,,,,,,,,0.09050243347883224,,,,,,,,,
6,,,29619,,,,,,,,,,0.03250110149383545,,,,,,,,,
6,,,29639,,,,,,,,,,0.09973400831222534,,,,,,,,,
6,,,29659,,,,,,,,,,0.10835586488246918,,,,,,,,,
6,,,29679,,,,,,,,,,0.2220543920993805,,,,,,,,,
6,,,29699,,,,,,,,,,0.30477896332740784,,,,,,,,,
6,,,29719,,,,,,,,,,0.16982319951057434,,,,,,,,,
6,,,29739,,,,,,,,,,0.05558708310127258,,,,,,,,,
6,,,29759,,,,,,,,,,0.16788579523563385,,,,,,,,,
6,,,29779,,,,,,,,,,0.021505434066057205,,,,,,,,,
6,,,29799,,,,,,,,,,0.002866849536076188,,,,,,,,,
6,,,29819,,,,,,,,,,0.12001900374889374,,,,,,,,,
6,,,29839,,,,,,,,,,0.01949159801006317,,,,,,,,,
6,,,29859,,,,,,,,,,0.04984861612319946,,,,,,,,,
6,,,29879,,,,,,,,,,0.03486371040344238,,,,,,,,,
6,,,29899,,,,,,,,,,0.2797146439552307,,,,,,,,,
6,,,29919,,,,,,,,,,0.15337605774402618,,,,,,,,,
6,,,29939,,,,,,,,,,0.6633337736129761,,,,,,,,,
6,,,29959,,,,,,,,,,0.11109857261180878,,,,,,,,,
6,,,29979,,,,,,,,,,0.06375620514154434,,,,,,,,,
6,,,29999,,,,,,,,,,0.030870262533426285,,,,,,,,,
6,,,30019,,,,,,,,,,0.12956926226615906,,,,,,,,,
6,,,30039,,,,,,,,,,0.07815413922071457,,,,,,,,,
6,,,30059,,,,,,,,,,0.22814075648784637,,,,,,,,,
6,,,30079,,,,,,,,,,0.0016385901253670454,,,,,,,,,
6,,,30099,,,,,,,,,,0.05057859793305397,,,,,,,,,
6,,,30119,,,,,,,,,,0.02672857791185379,,,,,,,,,
6,,,30139,,,,,,,,,,0.04869285225868225,,,,,,,,,
6,,,30159,,,,,,,,,,0.0680137500166893,,,,,,,,,
6,,,30179,,,,,,,,,,0.05989193916320801,,,,,,,,,
6,,,30199,,,,,,,,,,0.023412253707647324,,,,,,,,,
6,,,30219,,,,,,,,,,0.038174618035554886,,,,,,,,,
6,,,30239,,,,,,,,,,0.1201496347784996,,,,,,,,,
6,,,30259,,,,,,,,,,0.015503707341849804,,,,,,,,,
6,,,30279,,,,,,,,,,0.16934116184711456,,,,,,,,,
6,,,30299,,,,,,,,,,0.06583802402019501,,,,,,,,,
6,,,30319,,,,,,,,,,0.025071844458580017,,,,,,,,,
6,,,30339,,,,,,,,,,0.015256932005286217,,,,,,,,,
6,,,30359,,,,,,,,,,0.12490055710077286,,,,,,,,,
6,,,30379,,,,,,,,,,0.026833556592464447,,,,,,,,,
6,,,30399,,,,,,,,,,0.04394445940852165,,,,,,,,,
6,,,30419,,,,,,,,,,0.11373720318078995,,,,,,,,,
6,,,30439,,,,,,,,,,0.016572916880249977,,,,,,,,,
6,,,30459,,,,,,,,,,0.023214738816022873,,,,,,,,,
6,,,30479,,,,,,,,,,0.09467515349388123,,,,,,,,,
6,,,30499,,,,,,,,,,0.03736981377005577,,,,,,,,,
6,,,30519,,,,,,,,,,0.10446599125862122,,,,,,,,,
6,,,30539,,,,,,,,,,0.1722608357667923,,,,,,,,,
6,,,30559,,,,,,,,,,0.04865558072924614,,,,,,,,,
6,,,30579,,,,,,,,,,0.04684239998459816,,,,,,,,,
6,,,30599,,,,,,,,,,0.08458280563354492,,,,,,,,,
6,,,30619,,,,,,,,,,0.10998096317052841,,,,,,,,,
6,,,30639,,,,,,,,,,0.018711911514401436,,,,,,,,,
6,,,30659,,,,,,,,,,0.04139919951558113,,,,,,,,,
6,,,30679,,,,,,,,,,0.20452094078063965,,,,,,,,,
6,,,30699,,,,,,,,,,0.08336874842643738,,,,,,,,,
6,,,30719,,,,,,,,,,0.00446328753605485,,,,,,,,,
6,,,30739,,,,,,,,,,0.021369915455579758,,,,,,,,,
6,,,30759,,,,,,,,,,0.09489550441503525,,,,,,,,,
6,,,30779,,,,,,,,,,0.09260299056768417,,,,,,,,,
6,,,30799,,,,,,,,,,0.12993377447128296,,,,,,,,,
6,,,30819,,,,,,,,,,0.004256265237927437,,,,,,,,,
6,,,30839,,,,,,,,,,0.0013893817085772753,,,,,,,,,
6,,,30859,,,,,,,,,,0.06462769210338593,,,,,,,,,
6,,,30879,,,,,,,,,,0.161800354719162,,,,,,,,,
6,,,30899,,,,,,,,,,0.06869907677173615,,,,,,,,,
6,,,30919,,,,,,,,,,0.042512014508247375,,,,,,,,,
6,,,30939,,,,,,,,,,0.16030551493167877,,,,,,,,,
6,,,30959,,,,,,,,,,0.020572911947965622,,,,,,,,,
6,,,30979,,,,,,,,,,0.0026427204720675945,,,,,,,,,
6,,,30999,,,,,,,,,,0.09985631704330444,,,,,,,,,
6,,,31019,,,,,,,,,,0.06592880189418793,,,,,,,,,
6,,,31039,,,,,,,,,,0.15675005316734314,,,,,,,,,
6,,,31059,,,,,,,,,,0.061301689594984055,,,,,,,,,
6,,,31079,,,,,,,,,,0.08609428256750107,,,,,,,,,
6,,,31099,,,,,,,,,,0.03165806829929352,,,,,,,,,
6,,,31119,,,,,,,,,,0.021992502734065056,,,,,,,,,
6,,,31139,,,,,,,,,,0.023351939395070076,,,,,,,,,
6,,,31159,,,,,,,,,,0.13593094050884247,,,,,,,,,
6,,,31179,,,,,,,,,,0.22528383135795593,,,,,,,,,
6,,,31199,,,,,,,,,,0.06284201890230179,,,,,,,,,
6,,,31219,,,,,,,,,,0.1177581399679184,,,,,,,,,
6,,,31239,,,,,,,,,,0.3576412796974182,,,,,,,,,
6,,,31259,,,,,,,,,,0.0680290162563324,,,,,,,,,
6,,,31279,,,,,,,,,,0.04210590943694115,,,,,,,,,
6,,,31299,,,,,,,,,,0.02021189220249653,,,,,,,,,
6,,,31319,,,,,,,,,,0.05726940929889679,,,,,,,,,
6,,,31339,,,,,,,,,,0.20742663741111755,,,,,,,,,
6,,,31359,,,,,,,,,,0.14119873940944672,,,,,,,,,
6,,,31379,,,,,,,,,,0.04172453284263611,,,,,,,,,
6,,,31399,,,,,,,,,,0.0011408443097025156,,,,,,,,,
6,,,31419,,,,,,,,,,0.19249585270881653,,,,,,,,,
6,,,31439,,,,,,,,,,0.027349453419446945,,,,,,,,,
6,,,31459,,,,,,,,,,0.014743100851774216,,,,,,,,,
6,,,31479,,,,,,,,,,0.08815894275903702,,,,,,,,,
6,,,31499,,,,,,,,,,0.03742217645049095,,,,,,,,,
6,,,31519,,,,,,,,,,0.2237268090248108,,,,,,,,,
6,,,31539,,,,,,,,,,0.35983550548553467,,,,,,,,,
6,,,31559,,,,,,,,,,0.02089237980544567,,,,,,,,,
6,,,31579,,,,,,,,,,0.05087391287088394,,,,,,,,,
6,,,31599,,,,,,,,,,0.053851496428251266,,,,,,,,,
6,,,31619,,,,,,,,,,0.12133396416902542,,,,,,,,,
6,,,31639,,,,,,,,,,0.1374041736125946,,,,,,,,,
6,,,31659,,,,,,,,,,0.04855112358927727,,,,,,,,,
6,,,31679,,,,,,,,,,0.07753071188926697,,,,,,,,,
6,,,31699,,,,,,,,,,0.12696337699890137,,,,,,,,,
6,,,31719,,,,,,,,,,0.030349690467119217,,,,,,,,,
6,,,31739,,,,,,,,,,0.04931640625,,,,,,,,,
6,,,31759,,,,,,,,,,0.01868409849703312,,,,,,,,,
6,,,31779,,,,,,,,,,0.041482966393232346,,,,,,,,,
6,,,31799,,,,,,,,,,0.007881483063101768,,,,,,,,,
6,,,31819,,,,,,,,,,0.15478520095348358,,,,,,,,,
6,,,31839,,,,,,,,,,0.044308099895715714,,,,,,,,,
6,,,31859,,,,,,,,,,0.13626927137374878,,,,,,,,,
6,,,31879,,,,,,,,,,0.15049214661121368,,,,,,,,,
6,,,31899,,,,,,,,,,0.0766909271478653,,,,,,,,,
6,,,31919,,,,,,,,,,0.05606449395418167,,,,,,,,,
6,,,31939,,,,,,,,,,0.16177353262901306,,,,,,,,,
6,,,31959,,,,,,,,,,0.15803459286689758,,,,,,,,,
6,,,31979,,,,,,,,,,0.07581176608800888,,,,,,,,,
6,,,31999,,,,,,,,,,0.04017653316259384,,,,,,,,,
6,,,32019,,,,,,,,,,0.1597292572259903,,,,,,,,,
6,,,32039,,,,,,,,,,0.09824482351541519,,,,,,,,,
6,,,32059,,,,,,,,,,0.051143161952495575,,,,,,,,,
6,,,32079,,,,,,,,,,0.07906674593687057,,,,,,,,,
6,,,32099,,,,,,,,,,0.1632183939218521,,,,,,,,,
6,,,32119,,,,,,,,,,0.03768997639417648,,,,,,,,,
6,,,32139,,,,,,,,,,0.02088359370827675,,,,,,,,,
6,,,32159,,,,,,,,,,0.02368505671620369,,,,,,,,,
6,,,32179,,,,,,,,,,0.015513129532337189,,,,,,,,,
6,,,32199,,,,,,,,,,0.14045582711696625,,,,,,,,,
6,,,32219,,,,,,,,,,0.25960811972618103,,,,,,,,,
6,,,32239,,,,,,,,,,0.050252486020326614,,,,,,,,,
6,,,32259,,,,,,,,,,0.08227204531431198,,,,,,,,,
6,,,32279,,,,,,,,,,0.20577484369277954,,,,,,,,,
6,,,32299,,,,,,,,,,0.04058322310447693,,,,,,,,,
6,,,32319,,,,,,,,,,0.1344127655029297,,,,,,,,,
6,,,32339,,,,,,,,,,0.10144215822219849,,,,,,,,,
6,,,32359,,,,,,,,,,0.04197954013943672,,,,,,,,,
6,,,32379,,,,,,,,,,0.039415355771780014,,,,,,,,,
6,,,32399,,,,,,,,,,0.008868047036230564,,,,,,,,,
6,,,32419,,,,,,,,,,0.06693636626005173,,,,,,,,,
6,,,32439,,,,,,,,,,0.018856922164559364,,,,,,,,,
6,,,32459,,,,,,,,,,0.08892630785703659,,,,,,,,,
6,,,32479,,,,,,,,,,0.009668491780757904,,,,,,,,,
6,,,32499,,,,,,,,,,0.20071035623550415,,,,,,,,,
6,,,32519,,,,,,,,,,0.020884739235043526,,,,,,,,,
6,,,32539,,,,,,,,,,0.031216226518154144,,,,,,,,,
6,,,32559,,,,,,,,,,0.04120917245745659,,,,,,,,,
6,,,32579,,,,,,,,,,0.006329002324491739,,,,,,,,,
6,,,32599,,,,,,,,,,0.05730874091386795,,,,,,,,,
6,,,32619,,,,,,,,,,0.4947541356086731,,,,,,,,,
6,,,32639,,,,,,,,,,0.020948821678757668,,,,,,,,,
6,,,32659,,,,,,,,,,0.02816706895828247,,,,,,,,,
6,,,32679,,,,,,,,,,0.023332765325903893,,,,,,,,,
6,,,32699,,,,,,,,,,0.07570011168718338,,,,,,,,,
6,,,32719,,,,,,,,,,0.025418423116207123,,,,,,,,,
6,,,32739,,,,,,,,,,0.0347631610929966,,,,,,,,,
6,,,32759,,,,,,,,,,0.0674133449792862,,,,,,,,,
6,,,32779,,,,,,,,,,0.05120927095413208,,,,,,,,,
6,,,32799,,,,,,,,,,0.16651898622512817,,,,,,,,,
6,,,32819,,,,,,,,,,0.004559034015983343,,,,,,,,,
6,,,32839,,,,,,,,,,0.05218895524740219,,,,,,,,,
6,,,32859,,,,,,,,,,0.011503282934427261,,,,,,,,,
6,,,32879,,,,,,,,,,0.16023802757263184,,,,,,,,,
6,,,32899,,,,,,,,,,0.006534618325531483,,,,,,,,,
6,,,32919,,,,,,,,,,0.012000415474176407,,,,,,,,,
6,,,32939,,,,,,,,,,0.03439360111951828,,,,,,,,,
6,,,32959,,,,,,,,,,0.08250253647565842,,,,,,,,,
6,,,32979,,,,,,,,,,0.032341960817575455,,,,,,,,,
6,,,32999,,,,,,,,,,0.06373834609985352,,,,,,,,,
6,,,33019,,,,,,,,,,0.030042501166462898,,,,,,,,,
6,,,33039,,,,,,,,,,0.03748701512813568,,,,,,,,,
6,,,33059,,,,,,,,,,0.06827311217784882,,,,,,,,,
6,,,33079,,,,,,,,,,0.15530860424041748,,,,,,,,,
6,,,33099,,,,,,,,,,0.06289025396108627,,,,,,,,,
6,,,33119,,,,,,,,,,0.3211180567741394,,,,,,,,,
6,,,33139,,,,,,,,,,0.009488795883953571,,,,,,,,,
6,,,33159,,,,,,,,,,0.016912641003727913,,,,,,,,,
6,,,33179,,,,,,,,,,0.03567016124725342,,,,,,,,,
6,,,33199,,,,,,,,,,0.06726745516061783,,,,,,,,,
6,,,33219,,,,,,,,,,0.006559550762176514,,,,,,,,,
6,,,33239,,,,,,,,,,0.21757788956165314,,,,,,,,,
6,,,33259,,,,,,,,,,0.10031356662511826,,,,,,,,,
6,,,33279,,,,,,,,,,0.3965248465538025,,,,,,,,,
6,,,33299,,,,,,,,,,0.024306604638695717,,,,,,,,,
6,,,33319,,,,,,,,,,0.08867359906435013,,,,,,,,,
6,,,33339,,,,,,,,,,0.067403145134449,,,,,,,,,
6,,,33359,,,,,,,,,,0.09426338970661163,,,,,,,,,
6,,,33379,,,,,,,,,,0.08117406815290451,,,,,,,,,
6,,,33399,,,,,,,,,,0.39601004123687744,,,,,,,,,
6,,,33410,,,,,,,,,,,0.7872502207756042,0.8602314591407776,0.6755721569061279,1.2380852699279785,0.65022873878479,0.41546714305877686,0.33518731594085693,0.9652702212333679,0.7872502207756042
6,,,33410,,,,,,,,0.9624093770980835,0.0947650671005249,,,,,,,,,,
,0.0003,0.0003,33411,,,,,,,,,,,,,,,,,,,
7,,,33419,,,,,,,,,,0.006262978073209524,,,,,,,,,
7,,,33439,,,,,,,,,,0.10559111833572388,,,,,,,,,
7,,,33459,,,,,,,,,,0.06100406497716904,,,,,,,,,
7,,,33479,,,,,,,,,,0.02525259554386139,,,,,,,,,
7,,,33499,,,,,,,,,,0.08810345828533173,,,,,,,,,
7,,,33519,,,,,,,,,,0.09590184688568115,,,,,,,,,
7,,,33539,,,,,,,,,,0.03063051402568817,,,,,,,,,
7,,,33559,,,,,,,,,,0.005978931672871113,,,,,,,,,
7,,,33579,,,,,,,,,,0.050118476152420044,,,,,,,,,
7,,,33599,,,,,,,,,,0.02511678822338581,,,,,,,,,
7,,,33619,,,,,,,,,,0.01612977683544159,,,,,,,,,
7,,,33639,,,,,,,,,,0.01705348677933216,,,,,,,,,
7,,,33659,,,,,,,,,,0.09508700668811798,,,,,,,,,
7,,,33679,,,,,,,,,,0.03461656719446182,,,,,,,,,
7,,,33699,,,,,,,,,,0.0702442079782486,,,,,,,,,
7,,,33719,,,,,,,,,,0.17604920268058777,,,,,,,,,
7,,,33739,,,,,,,,,,0.19799809157848358,,,,,,,,,
7,,,33759,,,,,,,,,,0.03067355789244175,,,,,,,,,
7,,,33779,,,,,,,,,,0.11361589282751083,,,,,,,,,
7,,,33799,,,,,,,,,,0.12121154367923737,,,,,,,,,
7,,,33819,,,,,,,,,,0.5074623823165894,,,,,,,,,
7,,,33839,,,,,,,,,,0.0304301418364048,,,,,,,,,
7,,,33859,,,,,,,,,,0.06281105428934097,,,,,,,,,
7,,,33879,,,,,,,,,,0.028944987803697586,,,,,,,,,
7,,,33899,,,,,,,,,,0.03595120087265968,,,,,,,,,
7,,,33919,,,,,,,,,,0.03922093287110329,,,,,,,,,
7,,,33939,,,,,,,,,,0.06954919546842575,,,,,,,,,
7,,,33959,,,,,,,,,,0.014659290201961994,,,,,,,,,
7,,,33979,,,,,,,,,,0.065950408577919,,,,,,,,,
7,,,33999,,,,,,,,,,0.17060038447380066,,,,,,,,,
7,,,34019,,,,,,,,,,0.17363321781158447,,,,,,,,,
7,,,34039,,,,,,,,,,0.19920969009399414,,,,,,,,,
7,,,34059,,,,,,,,,,0.052860360592603683,,,,,,,,,
7,,,34079,,,,,,,,,,0.03677373006939888,,,,,,,,,
7,,,34099,,,,,,,,,,0.05576237663626671,,,,,,,,,
7,,,34119,,,,,,,,,,0.22528134286403656,,,,,,,,,
7,,,34139,,,,,,,,,,0.008761290460824966,,,,,,,,,
7,,,34159,,,,,,,,,,0.10758649557828903,,,,,,,,,
7,,,34179,,,,,,,,,,0.03735905513167381,,,,,,,,,
7,,,34199,,,,,,,,,,0.0570843443274498,,,,,,,,,
7,,,34219,,,,,,,,,,0.0760006532073021,,,,,,,,,
7,,,34239,,,,,,,,,,0.11247757077217102,,,,,,,,,
7,,,34259,,,,,,,,,,0.01046525128185749,,,,,,,,,
7,,,34279,,,,,,,,,,0.05331684648990631,,,,,,,,,
7,,,34299,,,,,,,,,,0.1705951690673828,,,,,,,,,
7,,,34319,,,,,,,,,,0.053060878068208694,,,,,,,,,
7,,,34339,,,,,,,,,,0.07711246609687805,,,,,,,,,
7,,,34359,,,,,,,,,,0.10445217043161392,,,,,,,,,
7,,,34379,,,,,,,,,,0.10632047802209854,,,,,,,,,
7,,,34399,,,,,,,,,,0.028768695890903473,,,,,,,,,
7,,,34419,,,,,,,,,,0.03277448192238808,,,,,,,,,
7,,,34439,,,,,,,,,,0.091420978307724,,,,,,,,,
7,,,34459,,,,,,,,,,0.14965273439884186,,,,,,,,,
7,,,34479,,,,,,,,,,0.045884694904088974,,,,,,,,,
7,,,34499,,,,,,,,,,0.10543690621852875,,,,,,,,,
7,,,34519,,,,,,,,,,0.1088976114988327,,,,,,,,,
7,,,34539,,,,,,,,,,0.05451565980911255,,,,,,,,,
7,,,34559,,,,,,,,,,0.002451993990689516,,,,,,,,,
7,,,34579,,,,,,,,,,0.08558044582605362,,,,,,,,,
7,,,34599,,,,,,,,,,0.07843267917633057,,,,,,,,,
7,,,34619,,,,,,,,,,0.11323288083076477,,,,,,,,,
7,,,34639,,,,,,,,,,0.052425041794776917,,,,,,,,,
7,,,34659,,,,,,,,,,0.08935736119747162,,,,,,,,,
7,,,34679,,,,,,,,,,0.03164641186594963,,,,,,,,,
7,,,34699,,,,,,,,,,0.062198981642723083,,,,,,,,,
7,,,34719,,,,,,,,,,0.13733455538749695,,,,,,,,,
7,,,34739,,,,,,,,,,0.08261138200759888,,,,,,,,,
7,,,34759,,,,,,,,,,0.04587506130337715,,,,,,,,,
7,,,34779,,,,,,,,,,0.12285825610160828,,,,,,,,,
7,,,34799,,,,,,,,,,0.14402052760124207,,,,,,,,,
7,,,34819,,,,,,,,,,0.005066894460469484,,,,,,,,,
7,,,34839,,,,,,,,,,0.03905751556158066,,,,,,,,,
7,,,34859,,,,,,,,,,0.004235494881868362,,,,,,,,,
7,,,34879,,,,,,,,,,0.1234351396560669,,,,,,,,,
7,,,34899,,,,,,,,,,0.20844919979572296,,,,,,,,,
7,,,34919,,,,,,,,,,0.00627997936680913,,,,,,,,,
7,,,34939,,,,,,,,,,0.14119990170001984,,,,,,,,,
7,,,34959,,,,,,,,,,0.16513612866401672,,,,,,,,,
7,,,34979,,,,,,,,,,0.009186582639813423,,,,,,,,,
7,,,34999,,,,,,,,,,0.017264654859900475,,,,,,,,,
7,,,35019,,,,,,,,,,0.04238282889127731,,,,,,,,,
7,,,35039,,,,,,,,,,0.08340755105018616,,,,,,,,,
7,,,35059,,,,,,,,,,0.17602378129959106,,,,,,,,,
7,,,35079,,,,,,,,,,0.4130746126174927,,,,,,,,,
7,,,35099,,,,,,,,,,0.08315548300743103,,,,,,,,,
7,,,35119,,,,,,,,,,0.11526216566562653,,,,,,,,,
7,,,35139,,,,,,,,,,0.034062180668115616,,,,,,,,,
7,,,35159,,,,,,,,,,0.22181667387485504,,,,,,,,,
7,,,35179,,,,,,,,,,0.0552310086786747,,,,,,,,,
7,,,35199,,,,,,,,,,0.03548663482069969,,,,,,,,,
7,,,35219,,,,,,,,,,0.10381009429693222,,,,,,,,,
7,,,35239,,,,,,,,,,0.008557199500501156,,,,,,,,,
7,,,35259,,,,,,,,,,0.058685965836048126,,,,,,,,,
7,,,35279,,,,,,,,,,0.20003096759319305,,,,,,,,,
7,,,35299,,,,,,,,,,0.002119780983775854,,,,,,,,,
7,,,35319,,,,,,,,,,0.44602686166763306,,,,,,,,,
7,,,35339,,,,,,,,,,0.08109621703624725,,,,,,,,,
7,,,35359,,,,,,,,,,0.04370887577533722,,,,,,,,,
7,,,35379,,,,,,,,,,0.05827329307794571,,,,,,,,,
7,,,35399,,,,,,,,,,0.034323155879974365,,,,,,,,,
7,,,35419,,,,,,,,,,0.3080703914165497,,,,,,,,,
7,,,35439,,,,,,,,,,0.34563201665878296,,,,,,,,,
7,,,35459,,,,,,,,,,0.11689339578151703,,,,,,,,,
7,,,35479,,,,,,,,,,0.010196108371019363,,,,,,,,,
7,,,35499,,,,,,,,,,0.2841583788394928,,,,,,,,,
7,,,35519,,,,,,,,,,0.08172634989023209,,,,,,,,,
7,,,35539,,,,,,,,,,0.10040107369422913,,,,,,,,,
7,,,35559,,,,,,,,,,0.051938388496637344,,,,,,,,,
7,,,35579,,,,,,,,,,0.06953974068164825,,,,,,,,,
7,,,35599,,,,,,,,,,0.06978429853916168,,,,,,,,,
7,,,35619,,,,,,,,,,0.048067331314086914,,,,,,,,,
7,,,35639,,,,,,,,,,0.06434084475040436,,,,,,,,,
7,,,35659,,,,,,,,,,0.07245908677577972,,,,,,,,,
7,,,35679,,,,,,,,,,0.02884160354733467,,,,,,,,,
7,,,35699,,,,,,,,,,0.26402145624160767,,,,,,,,,
7,,,35719,,,,,,,,,,0.021629387512803078,,,,,,,,,
7,,,35739,,,,,,,,,,0.06398306041955948,,,,,,,,,
7,,,35759,,,,,,,,,,0.02332218922674656,,,,,,,,,
7,,,35779,,,,,,,,,,0.011772280558943748,,,,,,,,,
7,,,35799,,,,,,,,,,0.16840246319770813,,,,,,,,,
7,,,35819,,,,,,,,,,0.04782642051577568,,,,,,,,,
7,,,35839,,,,,,,,,,0.013023756444454193,,,,,,,,,
7,,,35859,,,,,,,,,,0.008922193199396133,,,,,,,,,
7,,,35879,,,,,,,,,,0.01995706558227539,,,,,,,,,
7,,,35899,,,,,,,,,,0.007776663638651371,,,,,,,,,
7,,,35919,,,,,,,,,,0.04175400733947754,,,,,,,,,
7,,,35939,,,,,,,,,,0.06317944824695587,,,,,,,,,
7,,,35959,,,,,,,,,,0.018435917794704437,,,,,,,,,
7,,,35979,,,,,,,,,,0.057315438985824585,,,,,,,,,
7,,,35999,,,,,,,,,,0.01563364267349243,,,,,,,,,
7,,,36019,,,,,,,,,,0.20259006321430206,,,,,,,,,
7,,,36039,,,,,,,,,,0.02735624462366104,,,,,,,,,
7,,,36059,,,,,,,,,,0.08805437386035919,,,,,,,,,
7,,,36079,,,,,,,,,,0.04837542772293091,,,,,,,,,
7,,,36099,,,,,,,,,,0.0993545651435852,,,,,,,,,
7,,,36119,,,,,,,,,,0.11474442481994629,,,,,,,,,
7,,,36139,,,,,,,,,,0.09205889701843262,,,,,,,,,
7,,,36159,,,,,,,,,,0.23387505114078522,,,,,,,,,
7,,,36179,,,,,,,,,,0.005365023389458656,,,,,,,,,
7,,,36199,,,,,,,,,,0.07751086354255676,,,,,,,,,
7,,,36219,,,,,,,,,,0.009085619822144508,,,,,,,,,
7,,,36239,,,,,,,,,,0.050898514688014984,,,,,,,,,
7,,,36259,,,,,,,,,,0.08796793222427368,,,,,,,,,
7,,,36279,,,,,,,,,,0.1420595943927765,,,,,,,,,
7,,,36299,,,,,,,,,,0.0866461768746376,,,,,,,,,
7,,,36319,,,,,,,,,,0.03579334169626236,,,,,,,,,
7,,,36339,,,,,,,,,,0.00767270615324378,,,,,,,,,
7,,,36359,,,,,,,,,,0.12657898664474487,,,,,,,,,
7,,,36379,,,,,,,,,,0.05300147086381912,,,,,,,,,
7,,,36399,,,,,,,,,,0.06138857454061508,,,,,,,,,
7,,,36419,,,,,,,,,,0.09696425497531891,,,,,,,,,
7,,,36439,,,,,,,,,,0.04433414712548256,,,,,,,,,
7,,,36459,,,,,,,,,,0.02312920242547989,,,,,,,,,
7,,,36479,,,,,,,,,,0.1335536688566208,,,,,,,,,
7,,,36499,,,,,,,,,,0.0169993843883276,,,,,,,,,
7,,,36519,,,,,,,,,,0.033404476940631866,,,,,,,,,
7,,,36539,,,,,,,,,,0.1183386743068695,,,,,,,,,
7,,,36559,,,,,,,,,,0.1533808708190918,,,,,,,,,
7,,,36579,,,,,,,,,,0.06121248006820679,,,,,,,,,
7,,,36599,,,,,,,,,,0.05449637770652771,,,,,,,,,
7,,,36619,,,,,,,,,,0.06920274347066879,,,,,,,,,
7,,,36639,,,,,,,,,,0.021608149632811546,,,,,,,,,
7,,,36659,,,,,,,,,,0.006524847820401192,,,,,,,,,
7,,,36679,,,,,,,,,,0.052595436573028564,,,,,,,,,
7,,,36699,,,,,,,,,,0.006243293173611164,,,,,,,,,
7,,,36719,,,,,,,,,,0.055565670132637024,,,,,,,,,
7,,,36739,,,,,,,,,,0.10259867459535599,,,,,,,,,
7,,,36759,,,,,,,,,,0.007877467200160027,,,,,,,,,
7,,,36779,,,,,,,,,,0.0041449409909546375,,,,,,,,,
7,,,36799,,,,,,,,,,0.021516285836696625,,,,,,,,,
7,,,36819,,,,,,,,,,0.5357065796852112,,,,,,,,,
7,,,36839,,,,,,,,,,0.007974947802722454,,,,,,,,,
7,,,36859,,,,,,,,,,0.052766792476177216,,,,,,,,,
7,,,36879,,,,,,,,,,0.05751989781856537,,,,,,,,,
7,,,36899,,,,,,,,,,0.028483310714364052,,,,,,,,,
7,,,36919,,,,,,,,,,0.2117222398519516,,,,,,,,,
7,,,36939,,,,,,,,,,0.03687690198421478,,,,,,,,,
7,,,36959,,,,,,,,,,0.007675673812627792,,,,,,,,,
7,,,36979,,,,,,,,,,0.42069852352142334,,,,,,,,,
7,,,36999,,,,,,,,,,0.05379042029380798,,,,,,,,,
7,,,37019,,,,,,,,,,0.036777742207050323,,,,,,,,,
7,,,37039,,,,,,,,,,0.009522809647023678,,,,,,,,,
7,,,37059,,,,,,,,,,0.02499757707118988,,,,,,,,,
7,,,37079,,,,,,,,,,0.0681423619389534,,,,,,,,,
7,,,37099,,,,,,,,,,0.08014801144599915,,,,,,,,,
7,,,37119,,,,,,,,,,0.013943048194050789,,,,,,,,,
7,,,37139,,,,,,,,,,0.012537377886474133,,,,,,,,,
7,,,37159,,,,,,,,,,0.14786668121814728,,,,,,,,,
7,,,37179,,,,,,,,,,0.4275384545326233,,,,,,,,,
7,,,37199,,,,,,,,,,0.018741102889180183,,,,,,,,,
7,,,37219,,,,,,,,,,0.1777602583169937,,,,,,,,,
7,,,37239,,,,,,,,,,1.2441357374191284,,,,,,,,,
7,,,37259,,,,,,,,,,0.11404082924127579,,,,,,,,,
7,,,37279,,,,,,,,,,0.03791135922074318,,,,,,,,,
7,,,37299,,,,,,,,,,0.0014516316587105393,,,,,,,,,
7,,,37319,,,,,,,,,,0.06108590215444565,,,,,,,,,
7,,,37339,,,,,,,,,,0.05172412097454071,,,,,,,,,
7,,,37359,,,,,,,,,,0.11042559146881104,,,,,,,,,
7,,,37379,,,,,,,,,,0.18284976482391357,,,,,,,,,
7,,,37399,,,,,,,,,,0.08077848702669144,,,,,,,,,
7,,,37419,,,,,,,,,,0.039124712347984314,,,,,,,,,
7,,,37439,,,,,,,,,,0.03538715839385986,,,,,,,,,
7,,,37459,,,,,,,,,,0.019063103944063187,,,,,,,,,
7,,,37479,,,,,,,,,,0.03299001231789589,,,,,,,,,
7,,,37499,,,,,,,,,,0.1836889088153839,,,,,,,,,
7,,,37519,,,,,,,,,,0.06546910852193832,,,,,,,,,
7,,,37539,,,,,,,,,,0.006902965717017651,,,,,,,,,
7,,,37559,,,,,,,,,,0.00540334964171052,,,,,,,,,
7,,,37579,,,,,,,,,,0.033304743468761444,,,,,,,,,
7,,,37599,,,,,,,,,,0.16654394567012787,,,,,,,,,
7,,,37619,,,,,,,,,,0.12777701020240784,,,,,,,,,
7,,,37639,,,,,,,,,,0.002505015581846237,,,,,,,,,
7,,,37659,,,,,,,,,,0.0513908676803112,,,,,,,,,
7,,,37679,,,,,,,,,,0.018314503133296967,,,,,,,,,
7,,,37699,,,,,,,,,,0.004336872603744268,,,,,,,,,
7,,,37719,,,,,,,,,,0.20796231925487518,,,,,,,,,
7,,,37739,,,,,,,,,,0.08177567273378372,,,,,,,,,
7,,,37759,,,,,,,,,,0.039998650550842285,,,,,,,,,
7,,,37779,,,,,,,,,,0.02002560719847679,,,,,,,,,
7,,,37799,,,,,,,,,,0.09097711741924286,,,,,,,,,
7,,,37819,,,,,,,,,,0.054863378405570984,,,,,,,,,
7,,,37839,,,,,,,,,,0.7151336669921875,,,,,,,,,
7,,,37859,,,,,,,,,,0.014605298638343811,,,,,,,,,
7,,,37879,,,,,,,,,,0.001984258182346821,,,,,,,,,
7,,,37899,,,,,,,,,,0.06007977947592735,,,,,,,,,
7,,,37919,,,,,,,,,,0.013403602875769138,,,,,,,,,
7,,,37939,,,,,,,,,,0.09343810379505157,,,,,,,,,
7,,,37959,,,,,,,,,,0.05145398899912834,,,,,,,,,
7,,,37979,,,,,,,,,,0.1038358211517334,,,,,,,,,
7,,,37999,,,,,,,,,,0.3101615011692047,,,,,,,,,
7,,,38019,,,,,,,,,,0.005249808542430401,,,,,,,,,
7,,,38039,,,,,,,,,,0.04697791486978531,,,,,,,,,
7,,,38059,,,,,,,,,,0.005314573645591736,,,,,,,,,
7,,,38079,,,,,,,,,,0.0455114021897316,,,,,,,,,
7,,,38099,,,,,,,,,,0.09644722193479538,,,,,,,,,
7,,,38119,,,,,,,,,,0.05556575953960419,,,,,,,,,
7,,,38139,,,,,,,,,,0.04784397780895233,,,,,,,,,
7,,,38159,,,,,,,,,,0.1222115084528923,,,,,,,,,
7,,,38179,,,,,,,,,,0.058839987963438034,,,,,,,,,
7,,,38183,,,,,,,,,,,0.6328245997428894,0.7652404308319092,0.6455344557762146,2.5376124382019043,0.663154661655426,0.29442083835601807,0.40564945340156555,0.9206598997116089,0.6328245997428894
7,,,38183,,,,,,,,0.9656822681427002,0.08766774088144302,,,,,,,,,,
,0.0003,0.0003,38184,,,,,,,,,,,,,,,,,,,
8,,,38199,,,,,,,,,,0.05331116169691086,,,,,,,,,
8,,,38219,,,,,,,,,,0.09532414376735687,,,,,,,,,
8,,,38239,,,,,,,,,,0.4129968583583832,,,,,,,,,
8,,,38259,,,,,,,,,,0.06697855144739151,,,,,,,,,
8,,,38279,,,,,,,,,,0.06246931850910187,,,,,,,,,
8,,,38299,,,,,,,,,,0.0042793890461325645,,,,,,,,,
8,,,38319,,,,,,,,,,0.039744921028614044,,,,,,,,,
8,,,38339,,,,,,,,,,0.27624428272247314,,,,,,,,,
8,,,38359,,,,,,,,,,0.07232816517353058,,,,,,,,,
8,,,38379,,,,,,,,,,0.05349574610590935,,,,,,,,,
8,,,38399,,,,,,,,,,0.08667270094156265,,,,,,,,,
8,,,38419,,,,,,,,,,0.0816473439335823,,,,,,,,,
8,,,38439,,,,,,,,,,0.005780497565865517,,,,,,,,,
8,,,38459,,,,,,,,,,0.03390100970864296,,,,,,,,,
8,,,38479,,,,,,,,,,0.10508120805025101,,,,,,,,,
8,,,38499,,,,,,,,,,0.004746077582240105,,,,,,,,,
8,,,38519,,,,,,,,,,0.006385955028235912,,,,,,,,,
8,,,38539,,,,,,,,,,0.2518027126789093,,,,,,,,,
8,,,38559,,,,,,,,,,0.0968029722571373,,,,,,,,,
8,,,38579,,,,,,,,,,0.07282277196645737,,,,,,,,,
8,,,38599,,,,,,,,,,0.045667003840208054,,,,,,,,,
8,,,38619,,,,,,,,,,0.01628847047686577,,,,,,,,,
8,,,38639,,,,,,,,,,0.0795326679944992,,,,,,,,,
8,,,38659,,,,,,,,,,0.021577898412942886,,,,,,,,,
8,,,38679,,,,,,,,,,0.08890800923109055,,,,,,,,,
8,,,38699,,,,,,,,,,0.08299820125102997,,,,,,,,,
8,,,38719,,,,,,,,,,0.07621894776821136,,,,,,,,,
8,,,38739,,,,,,,,,,0.07294540852308273,,,,,,,,,
8,,,38759,,,,,,,,,,0.006119932048022747,,,,,,,,,
8,,,38779,,,,,,,,,,0.03618358075618744,,,,,,,,,
8,,,38799,,,,,,,,,,0.07132039964199066,,,,,,,,,
8,,,38819,,,,,,,,,,0.6699271202087402,,,,,,,,,
8,,,38839,,,,,,,,,,0.01995438151061535,,,,,,,,,
8,,,38859,,,,,,,,,,0.08883322030305862,,,,,,,,,
8,,,38879,,,,,,,,,,0.047447655349969864,,,,,,,,,
8,,,38899,,,,,,,,,,0.0028541244100779295,,,,,,,,,
8,,,38919,,,,,,,,,,0.004904196597635746,,,,,,,,,
8,,,38939,,,,,,,,,,0.08304902166128159,,,,,,,,,
8,,,38959,,,,,,,,,,0.049403101205825806,,,,,,,,,
8,,,38979,,,,,,,,,,0.03194448724389076,,,,,,,,,
8,,,38999,,,,,,,,,,0.2889939844608307,,,,,,,,,
8,,,39019,,,,,,,,,,0.028864331543445587,,,,,,,,,
8,,,39039,,,,,,,,,,0.04412968456745148,,,,,,,,,
8,,,39059,,,,,,,,,,0.006024730857461691,,,,,,,,,
8,,,39079,,,,,,,,,,0.04852331802248955,,,,,,,,,
8,,,39099,,,,,,,,,,0.09333750605583191,,,,,,,,,
8,,,39119,,,,,,,,,,0.10890140384435654,,,,,,,,,
8,,,39139,,,,,,,,,,0.34871843457221985,,,,,,,,,
8,,,39159,,,,,,,,,,0.09719692170619965,,,,,,,,,
8,,,39179,,,,,,,,,,0.07331986725330353,,,,,,,,,
8,,,39199,,,,,,,,,,0.006870817393064499,,,,,,,,,
8,,,39219,,,,,,,,,,0.014900414273142815,,,,,,,,,
8,,,39239,,,,,,,,,,0.2327396124601364,,,,,,,,,
8,,,39259,,,,,,,,,,0.04517076537013054,,,,,,,,,
8,,,39279,,,,,,,,,,0.02243809401988983,,,,,,,,,
8,,,39299,,,,,,,,,,0.02155280113220215,,,,,,,,,
8,,,39319,,,,,,,,,,0.025412864983081818,,,,,,,,,
8,,,39339,,,,,,,,,,0.016432464122772217,,,,,,,,,
8,,,39359,,,,,,,,,,0.10445880144834518,,,,,,,,,
8,,,39379,,,,,,,,,,0.025797802954912186,,,,,,,,,
8,,,39399,,,,,,,,,,0.15573284029960632,,,,,,,,,
8,,,39419,,,,,,,,,,0.05469318851828575,,,,,,,,,
8,,,39439,,,,,,,,,,0.15571531653404236,,,,,,,,,
8,,,39459,,,,,,,,,,0.05969701707363129,,,,,,,,,
8,,,39479,,,,,,,,,,0.01545131579041481,,,,,,,,,
8,,,39499,,,,,,,,,,0.0285154078155756,,,,,,,,,
8,,,39519,,,,,,,,,,0.04604494571685791,,,,,,,,,
8,,,39539,,,,,,,,,,0.0025873947888612747,,,,,,,,,
8,,,39559,,,,,,,,,,0.009387722238898277,,,,,,,,,
8,,,39579,,,,,,,,,,0.18193916976451874,,,,,,,,,
8,,,39599,,,,,,,,,,0.0033222781494259834,,,,,,,,,
8,,,39619,,,,,,,,,,0.04705328121781349,,,,,,,,,
8,,,39639,,,,,,,,,,0.17777378857135773,,,,,,,,,
8,,,39659,,,,,,,,,,0.008716168813407421,,,,,,,,,
8,,,39679,,,,,,,,,,0.36738601326942444,,,,,,,,,
8,,,39699,,,,,,,,,,0.21945440769195557,,,,,,,,,
8,,,39719,,,,,,,,,,0.4721750319004059,,,,,,,,,
8,,,39739,,,,,,,,,,0.04128660634160042,,,,,,,,,
8,,,39759,,,,,,,,,,0.0495600588619709,,,,,,,,,
8,,,39779,,,,,,,,,,0.22532585263252258,,,,,,,,,
8,,,39799,,,,,,,,,,0.03877798840403557,,,,,,,,,
8,,,39819,,,,,,,,,,0.04091135039925575,,,,,,,,,
8,,,39839,,,,,,,,,,0.09686464816331863,,,,,,,,,
8,,,39859,,,,,,,,,,0.041517116129398346,,,,,,,,,
8,,,39879,,,,,,,,,,0.0032141092233359814,,,,,,,,,
8,,,39899,,,,,,,,,,0.002959837671369314,,,,,,,,,
8,,,39919,,,,,,,,,,0.03577733412384987,,,,,,,,,
8,,,39939,,,,,,,,,,0.10174498707056046,,,,,,,,,
8,,,39959,,,,,,,,,,0.30940183997154236,,,,,,,,,
8,,,39979,,,,,,,,,,0.014389442279934883,,,,,,,,,
8,,,39999,,,,,,,,,,0.04549096152186394,,,,,,,,,
8,,,40019,,,,,,,,,,0.07012100517749786,,,,,,,,,
8,,,40039,,,,,,,,,,0.0007238252437673509,,,,,,,,,
8,,,40059,,,,,,,,,,0.006986759603023529,,,,,,,,,
8,,,40079,,,,,,,,,,0.14137278497219086,,,,,,,,,
8,,,40099,,,,,,,,,,0.17752110958099365,,,,,,,,,
8,,,40119,,,,,,,,,,0.055346861481666565,,,,,,,,,
8,,,40139,,,,,,,,,,0.015865670517086983,,,,,,,,,
8,,,40159,,,,,,,,,,0.0025506364181637764,,,,,,,,,
8,,,40179,,,,,,,,,,0.01406913623213768,,,,,,,,,
8,,,40199,,,,,,,,,,0.0036259531043469906,,,,,,,,,
8,,,40219,,,,,,,,,,0.10638409852981567,,,,,,,,,
8,,,40239,,,,,,,,,,0.22048357129096985,,,,,,,,,
8,,,40259,,,,,,,,,,0.22409972548484802,,,,,,,,,
8,,,40279,,,,,,,,,,0.027684202417731285,,,,,,,,,
8,,,40299,,,,,,,,,,0.021041443571448326,,,,,,,,,
8,,,40319,,,,,,,,,,0.008447524160146713,,,,,,,,,
8,,,40339,,,,,,,,,,0.10914380103349686,,,,,,,,,
8,,,40359,,,,,,,,,,0.046517714858055115,,,,,,,,,
8,,,40379,,,,,,,,,,0.08426085859537125,,,,,,,,,
8,,,40399,,,,,,,,,,0.01715291105210781,,,,,,,,,
8,,,40419,,,,,,,,,,0.05196884274482727,,,,,,,,,
8,,,40439,,,,,,,,,,0.19674767553806305,,,,,,,,,
8,,,40459,,,,,,,,,,0.004189198836684227,,,,,,,,,
8,,,40479,,,,,,,,,,0.0355195626616478,,,,,,,,,
8,,,40499,,,,,,,,,,0.14227871596813202,,,,,,,,,
8,,,40519,,,,,,,,,,0.14126120507717133,,,,,,,,,
8,,,40539,,,,,,,,,,0.09170840680599213,,,,,,,,,
8,,,40559,,,,,,,,,,0.33143818378448486,,,,,,,,,
8,,,40579,,,,,,,,,,0.029046785086393356,,,,,,,,,
8,,,40599,,,,,,,,,,0.023954620584845543,,,,,,,,,
8,,,40619,,,,,,,,,,0.22665953636169434,,,,,,,,,
8,,,40639,,,,,,,,,,0.03894682973623276,,,,,,,,,
8,,,40659,,,,,,,,,,0.23291869461536407,,,,,,,,,
8,,,40679,,,,,,,,,,0.03940302133560181,,,,,,,,,
8,,,40699,,,,,,,,,,0.02458483725786209,,,,,,,,,
8,,,40719,,,,,,,,,,0.031457237899303436,,,,,,,,,
8,,,40739,,,,,,,,,,0.003182033309713006,,,,,,,,,
8,,,40759,,,,,,,,,,0.054674699902534485,,,,,,,,,
8,,,40779,,,,,,,,,,0.20051275193691254,,,,,,,,,
8,,,40799,,,,,,,,,,0.03693436458706856,,,,,,,,,
8,,,40819,,,,,,,,,,0.2009257674217224,,,,,,,,,
8,,,40839,,,,,,,,,,0.0020368373952805996,,,,,,,,,
8,,,40859,,,,,,,,,,0.06720774620771408,,,,,,,,,
8,,,40879,,,,,,,,,,0.025581514462828636,,,,,,,,,
8,,,40899,,,,,,,,,,0.06842250376939774,,,,,,,,,
8,,,40919,,,,,,,,,,0.27121105790138245,,,,,,,,,
8,,,40939,,,,,,,,,,0.03542203828692436,,,,,,,,,
8,,,40959,,,,,,,,,,0.038336556404829025,,,,,,,,,
8,,,40979,,,,,,,,,,0.058331213891506195,,,,,,,,,
8,,,40999,,,,,,,,,,0.08812981098890305,,,,,,,,,
8,,,41019,,,,,,,,,,0.08845994621515274,,,,,,,,,
8,,,41039,,,,,,,,,,0.07716086506843567,,,,,,,,,
8,,,41059,,,,,,,,,,0.0045232283882796764,,,,,,,,,
8,,,41079,,,,,,,,,,0.024746552109718323,,,,,,,,,
8,,,41099,,,,,,,,,,0.05484173074364662,,,,,,,,,
8,,,41119,,,,,,,,,,0.003448029514402151,,,,,,,,,
8,,,41139,,,,,,,,,,0.1749512255191803,,,,,,,,,
8,,,41159,,,,,,,,,,0.017796766012907028,,,,,,,,,
8,,,41179,,,,,,,,,,0.0879180058836937,,,,,,,,,
8,,,41199,,,,,,,,,,0.08905380964279175,,,,,,,,,
8,,,41219,,,,,,,,,,0.061145007610321045,,,,,,,,,
8,,,41239,,,,,,,,,,0.020466439425945282,,,,,,,,,
8,,,41259,,,,,,,,,,0.060355834662914276,,,,,,,,,
8,,,41279,,,,,,,,,,0.03249414637684822,,,,,,,,,
8,,,41299,,,,,,,,,,0.26297321915626526,,,,,,,,,
8,,,41319,,,,,,,,,,0.022593874484300613,,,,,,,,,
8,,,41339,,,,,,,,,,0.09142490476369858,,,,,,,,,
8,,,41359,,,,,,,,,,0.14704401791095734,,,,,,,,,
8,,,41379,,,,,,,,,,0.02985905483365059,,,,,,,,,
8,,,41399,,,,,,,,,,0.12247797101736069,,,,,,,,,
8,,,41419,,,,,,,,,,0.025463562458753586,,,,,,,,,
8,,,41439,,,,,,,,,,0.04946770519018173,,,,,,,,,
8,,,41459,,,,,,,,,,0.014654222875833511,,,,,,,,,
8,,,41479,,,,,,,,,,0.06509470194578171,,,,,,,,,
8,,,41499,,,,,,,,,,0.10265703499317169,,,,,,,,,
8,,,41519,,,,,,,,,,0.09526348114013672,,,,,,,,,
8,,,41539,,,,,,,,,,0.06694741547107697,,,,,,,,,
8,,,41559,,,,,,,,,,0.06844359636306763,,,,,,,,,
8,,,41579,,,,,,,,,,0.006506609730422497,,,,,,,,,
8,,,41599,,,,,,,,,,0.0410684235394001,,,,,,,,,
8,,,41619,,,,,,,,,,0.03652383014559746,,,,,,,,,
8,,,41639,,,,,,,,,,0.01902531087398529,,,,,,,,,
8,,,41659,,,,,,,,,,0.11525561660528183,,,,,,,,,
8,,,41679,,,,,,,,,,0.030437055975198746,,,,,,,,,
8,,,41699,,,,,,,,,,0.010500513017177582,,,,,,,,,
8,,,41719,,,,,,,,,,0.04374822601675987,,,,,,,,,
8,,,41739,,,,,,,,,,0.0951448380947113,,,,,,,,,
8,,,41759,,,,,,,,,,0.01974821463227272,,,,,,,,,
8,,,41779,,,,,,,,,,0.005743692629039288,,,,,,,,,
8,,,41799,,,,,,,,,,0.05224006250500679,,,,,,,,,
8,,,41819,,,,,,,,,,0.08886631578207016,,,,,,,,,
8,,,41839,,,,,,,,,,0.04202093183994293,,,,,,,,,
8,,,41859,,,,,,,,,,0.02935468964278698,,,,,,,,,
8,,,41879,,,,,,,,,,0.01890554651618004,,,,,,,,,
8,,,41899,,,,,,,,,,0.035034168511629105,,,,,,,,,
8,,,41919,,,,,,,,,,0.06193709000945091,,,,,,,,,
8,,,41939,,,,,,,,,,0.13770627975463867,,,,,,,,,
8,,,41959,,,,,,,,,,0.036459408700466156,,,,,,,,,
8,,,41979,,,,,,,,,,0.0893215537071228,,,,,,,,,
8,,,41999,,,,,,,,,,0.007312152534723282,,,,,,,,,
8,,,42019,,,,,,,,,,0.060652002692222595,,,,,,,,,
8,,,42039,,,,,,,,,,0.005752678494900465,,,,,,,,,
8,,,42059,,,,,,,,,,0.1086653396487236,,,,,,,,,
8,,,42079,,,,,,,,,,0.21858346462249756,,,,,,,,,
8,,,42099,,,,,,,,,,0.06159242242574692,,,,,,,,,
8,,,42119,,,,,,,,,,0.11283205449581146,,,,,,,,,
8,,,42139,,,,,,,,,,0.0215009655803442,,,,,,,,,
8,,,42159,,,,,,,,,,0.06679985672235489,,,,,,,,,
8,,,42179,,,,,,,,,,0.01414236705750227,,,,,,,,,
8,,,42199,,,,,,,,,,0.09023874253034592,,,,,,,,,
8,,,42219,,,,,,,,,,0.22419998049736023,,,,,,,,,
8,,,42239,,,,,,,,,,0.03686262294650078,,,,,,,,,
8,,,42259,,,,,,,,,,0.026813320815563202,,,,,,,,,
8,,,42279,,,,,,,,,,0.13309568166732788,,,,,,,,,
8,,,42299,,,,,,,,,,0.008998461998999119,,,,,,,,,
8,,,42319,,,,,,,,,,0.0020660432055592537,,,,,,,,,
8,,,42339,,,,,,,,,,0.05996445566415787,,,,,,,,,
8,,,42359,,,,,,,,,,0.033103808760643005,,,,,,,,,
8,,,42379,,,,,,,,,,1.0254160165786743,,,,,,,,,
8,,,42399,,,,,,,,,,0.2704209089279175,,,,,,,,,
8,,,42419,,,,,,,,,,0.016451707109808922,,,,,,,,,
8,,,42439,,,,,,,,,,0.027443822473287582,,,,,,,,,
8,,,42459,,,,,,,,,,0.030442364513874054,,,,,,,,,
8,,,42479,,,,,,,,,,0.009218762628734112,,,,,,,,,
8,,,42499,,,,,,,,,,0.004207342863082886,,,,,,,,,
8,,,42519,,,,,,,,,,0.05692698806524277,,,,,,,,,
8,,,42539,,,,,,,,,,0.01509942952543497,,,,,,,,,
8,,,42559,,,,,,,,,,0.004807936493307352,,,,,,,,,
8,,,42579,,,,,,,,,,0.0006547998636960983,,,,,,,,,
8,,,42599,,,,,,,,,,0.000954927527345717,,,,,,,,,
8,,,42619,,,,,,,,,,0.0007107978453859687,,,,,,,,,
8,,,42639,,,,,,,,,,0.07522082328796387,,,,,,,,,
8,,,42659,,,,,,,,,,0.040439408272504807,,,,,,,,,
8,,,42679,,,,,,,,,,0.0026258546859025955,,,,,,,,,
8,,,42699,,,,,,,,,,0.0378742478787899,,,,,,,,,
8,,,42719,,,,,,,,,,0.017811885103583336,,,,,,,,,
8,,,42739,,,,,,,,,,0.0019501940114423633,,,,,,,,,
8,,,42759,,,,,,,,,,0.04601840302348137,,,,,,,,,
8,,,42779,,,,,,,,,,0.022791031748056412,,,,,,,,,
8,,,42799,,,,,,,,,,0.09569042921066284,,,,,,,,,
8,,,42819,,,,,,,,,,0.030270641669631004,,,,,,,,,
8,,,42839,,,,,,,,,,0.021954938769340515,,,,,,,,,
8,,,42859,,,,,,,,,,0.15819767117500305,,,,,,,,,
8,,,42879,,,,,,,,,,0.006752759218215942,,,,,,,,,
8,,,42899,,,,,,,,,,0.0868561640381813,,,,,,,,,
8,,,42919,,,,,,,,,,0.004297192674130201,,,,,,,,,
8,,,42939,,,,,,,,,,0.08007994294166565,,,,,,,,,
8,,,42956,,,,,,,,,,,0.6672561168670654,0.8211306929588318,0.670313835144043,2.8076305389404297,0.6735568642616272,0.34075477719306946,0.4185689687728882,0.9285447597503662,0.6672561168670654
8,,,42956,,,,,,,,0.9691662788391113,0.07571765035390854,,,,,,,,,,
,0.00029927770900082954,0.00029927770900082954,42957,,,,,,,,,,,,,,,,,,,
9,,,42959,,,,,,,,,,0.0012755977222695947,,,,,,,,,
9,,,42979,,,,,,,,,,0.05622559413313866,,,,,,,,,
9,,,42999,,,,,,,,,,0.05317600071430206,,,,,,,,,
9,,,43019,,,,,,,,,,0.029934216290712357,,,,,,,,,
9,,,43039,,,,,,,,,,0.010670337826013565,,,,,,,,,
9,,,43059,,,,,,,,,,0.09279805421829224,,,,,,,,,
9,,,43079,,,,,,,,,,0.30409878492355347,,,,,,,,,
9,,,43099,,,,,,,,,,0.04269910603761673,,,,,,,,,
9,,,43119,,,,,,,,,,0.09885306656360626,,,,,,,,,
9,,,43139,,,,,,,,,,0.06793010234832764,,,,,,,,,
9,,,43159,,,,,,,,,,0.03212490677833557,,,,,,,,,
9,,,43179,,,,,,,,,,0.02865602634847164,,,,,,,,,
9,,,43199,,,,,,,,,,0.051299721002578735,,,,,,,,,
9,,,43219,,,,,,,,,,0.12466388940811157,,,,,,,,,
9,,,43239,,,,,,,,,,0.03900783136487007,,,,,,,,,
9,,,43259,,,,,,,,,,0.034869398921728134,,,,,,,,,
9,,,43279,,,,,,,,,,0.018854841589927673,,,,,,,,,
9,,,43299,,,,,,,,,,0.01881967857480049,,,,,,,,,
9,,,43319,,,,,,,,,,0.008405765518546104,,,,,,,,,
9,,,43339,,,,,,,,,,0.07207587361335754,,,,,,,,,
9,,,43359,,,,,,,,,,0.19013361632823944,,,,,,,,,
9,,,43379,,,,,,,,,,0.07098681479692459,,,,,,,,,
9,,,43399,,,,,,,,,,0.04097125306725502,,,,,,,,,
9,,,43419,,,,,,,,,,0.0014137886464595795,,,,,,,,,
9,,,43439,,,,,,,,,,0.026090243831276894,,,,,,,,,
9,,,43459,,,,,,,,,,0.04181252792477608,,,,,,,,,
9,,,43479,,,,,,,,,,0.1215907484292984,,,,,,,,,
9,,,43499,,,,,,,,,,0.0245799757540226,,,,,,,,,
9,,,43519,,,,,,,,,,0.05870198458433151,,,,,,,,,
9,,,43539,,,,,,,,,,0.02713022567331791,,,,,,,,,
9,,,43559,,,,,,,,,,0.02029583789408207,,,,,,,,,
9,,,43579,,,,,,,,,,0.04108694940805435,,,,,,,,,
9,,,43599,,,,,,,,,,0.024195753037929535,,,,,,,,,
9,,,43619,,,,,,,,,,0.00908463355153799,,,,,,,,,
9,,,43639,,,,,,,,,,0.08147063106298447,,,,,,,,,
9,,,43659,,,,,,,,,,0.14328762888908386,,,,,,,,,
9,,,43679,,,,,,,,,,0.11395978927612305,,,,,,,,,
9,,,43699,,,,,,,,,,0.1696489006280899,,,,,,,,,
9,,,43719,,,,,,,,,,0.027867790311574936,,,,,,,,,
9,,,43739,,,,,,,,,,0.05410361289978027,,,,,,,,,
9,,,43759,,,,,,,,,,0.00760508980602026,,,,,,,,,
9,,,43779,,,,,,,,,,0.12325643002986908,,,,,,,,,
9,,,43799,,,,,,,,,,0.07029633969068527,,,,,,,,,
9,,,43819,,,,,,,,,,0.03786601126194,,,,,,,,,
9,,,43839,,,,,,,,,,0.011171740479767323,,,,,,,,,
9,,,43859,,,,,,,,,,0.026712780818343163,,,,,,,,,
9,,,43879,,,,,,,,,,0.03061411902308464,,,,,,,,,
9,,,43899,,,,,,,,,,0.3785233497619629,,,,,,,,,
9,,,43919,,,,,,,,,,0.021144840866327286,,,,,,,,,
9,,,43939,,,,,,,,,,0.2456529140472412,,,,,,,,,
9,,,43959,,,,,,,,,,0.0763646811246872,,,,,,,,,
9,,,43979,,,,,,,,,,0.007099676411598921,,,,,,,,,
9,,,43999,,,,,,,,,,0.13312430679798126,,,,,,,,,
9,,,44019,,,,,,,,,,0.03783697634935379,,,,,,,,,
9,,,44039,,,,,,,,,,0.014413133263587952,,,,,,,,,
9,,,44059,,,,,,,,,,0.13034687936306,,,,,,,,,
9,,,44079,,,,,,,,,,0.08416885882616043,,,,,,,,,
9,,,44099,,,,,,,,,,0.3184611201286316,,,,,,,,,
9,,,44119,,,,,,,,,,0.01854722388088703,,,,,,,,,
9,,,44139,,,,,,,,,,0.15560361742973328,,,,,,,,,
9,,,44159,,,,,,,,,,0.18313230574131012,,,,,,,,,
9,,,44179,,,,,,,,,,0.0038377861492335796,,,,,,,,,
9,,,44199,,,,,,,,,,0.0765186995267868,,,,,,,,,
9,,,44219,,,,,,,,,,0.008099651895463467,,,,,,,,,
9,,,44239,,,,,,,,,,0.06780015677213669,,,,,,,,,
9,,,44259,,,,,,,,,,0.0326579213142395,,,,,,,,,
9,,,44279,,,,,,,,,,0.02780408412218094,,,,,,,,,
9,,,44299,,,,,,,,,,0.08449643850326538,,,,,,,,,
9,,,44319,,,,,,,,,,0.051562100648880005,,,,,,,,,
9,,,44339,,,,,,,,,,0.0950193852186203,,,,,,,,,
9,,,44359,,,,,,,,,,0.033530376851558685,,,,,,,,,
9,,,44379,,,,,,,,,,0.03207962214946747,,,,,,,,,
9,,,44399,,,,,,,,,,0.012897730804979801,,,,,,,,,
9,,,44419,,,,,,,,,,0.027211476117372513,,,,,,,,,
9,,,44439,,,,,,,,,,0.07928971946239471,,,,,,,,,
9,,,44459,,,,,,,,,,0.12073781341314316,,,,,,,,,
9,,,44479,,,,,,,,,,0.020828519016504288,,,,,,,,,
9,,,44499,,,,,,,,,,0.008691137656569481,,,,,,,,,
9,,,44519,,,,,,,,,,0.09425387531518936,,,,,,,,,
9,,,44539,,,,,,,,,,0.08939510583877563,,,,,,,,,
9,,,44559,,,,,,,,,,0.0012988302623853087,,,,,,,,,
9,,,44579,,,,,,,,,,0.020872987806797028,,,,,,,,,
9,,,44599,,,,,,,,,,0.007900147698819637,,,,,,,,,
9,,,44619,,,,,,,,,,0.013588007539510727,,,,,,,,,
9,,,44639,,,,,,,,,,0.0640508383512497,,,,,,,,,
9,,,44659,,,,,,,,,,0.015784364193677902,,,,,,,,,
9,,,44679,,,,,,,,,,0.033636536449193954,,,,,,,,,
9,,,44699,,,,,,,,,,0.007193705067038536,,,,,,,,,
9,,,44719,,,,,,,,,,0.08221857249736786,,,,,,,,,
9,,,44739,,,,,,,,,,0.0692853182554245,,,,,,,,,
9,,,44759,,,,,,,,,,0.15700870752334595,,,,,,,,,
9,,,44779,,,,,,,,,,0.0024859164841473103,,,,,,,,,
9,,,44799,,,,,,,,,,0.36260050535202026,,,,,,,,,
9,,,44819,,,,,,,,,,0.3882471024990082,,,,,,,,,
9,,,44839,,,,,,,,,,0.07571988552808762,,,,,,,,,
9,,,44859,,,,,,,,,,0.014688455499708652,,,,,,,,,
9,,,44879,,,,,,,,,,0.006710633635520935,,,,,,,,,
9,,,44899,,,,,,,,,,0.08320401608943939,,,,,,,,,
9,,,44919,,,,,,,,,,0.1464168280363083,,,,,,,,,
9,,,44939,,,,,,,,,,0.006877065636217594,,,,,,,,,
9,,,44959,,,,,,,,,,0.1459406167268753,,,,,,,,,
9,,,44979,,,,,,,,,,0.06213752180337906,,,,,,,,,
9,,,44999,,,,,,,,,,0.04224226623773575,,,,,,,,,
9,,,45019,,,,,,,,,,0.08532886207103729,,,,,,,,,
9,,,45039,,,,,,,,,,0.0016641994006931782,,,,,,,,,
9,,,45059,,,,,,,,,,0.0017195447580888867,,,,,,,,,
9,,,45079,,,,,,,,,,0.2891682982444763,,,,,,,,,
9,,,45099,,,,,,,,,,0.02318969927728176,,,,,,,,,
9,,,45119,,,,,,,,,,0.001461592735722661,,,,,,,,,
9,,,45139,,,,,,,,,,0.1695980280637741,,,,,,,,,
9,,,45159,,,,,,,,,,0.04878602176904678,,,,,,,,,
9,,,45179,,,,,,,,,,0.013262576423585415,,,,,,,,,
9,,,45199,,,,,,,,,,0.13682477176189423,,,,,,,,,
9,,,45219,,,,,,,,,,0.0906251072883606,,,,,,,,,
9,,,45239,,,,,,,,,,0.03395068272948265,,,,,,,,,
9,,,45259,,,,,,,,,,0.012808979488909245,,,,,,,,,
9,,,45279,,,,,,,,,,0.17935878038406372,,,,,,,,,
9,,,45299,,,,,,,,,,0.13133211433887482,,,,,,,,,
9,,,45319,,,,,,,,,,0.1406066119670868,,,,,,,,,
9,,,45339,,,,,,,,,,0.022021034732460976,,,,,,,,,
9,,,45359,,,,,,,,,,0.03133009374141693,,,,,,,,,
9,,,45379,,,,,,,,,,0.01799316704273224,,,,,,,,,
9,,,45399,,,,,,,,,,0.5292653441429138,,,,,,,,,
9,,,45419,,,,,,,,,,0.08775776624679565,,,,,,,,,
9,,,45439,,,,,,,,,,0.028028052300214767,,,,,,,,,
9,,,45459,,,,,,,,,,0.005588465370237827,,,,,,,,,
9,,,45479,,,,,,,,,,0.05935771390795708,,,,,,,,,
9,,,45499,,,,,,,,,,0.05022260546684265,,,,,,,,,
9,,,45519,,,,,,,,,,0.08477731049060822,,,,,,,,,
9,,,45539,,,,,,,,,,0.020395515486598015,,,,,,,,,
9,,,45559,,,,,,,,,,0.12204506993293762,,,,,,,,,
9,,,45579,,,,,,,,,,0.03237319737672806,,,,,,,,,
9,,,45599,,,,,,,,,,0.028931761160492897,,,,,,,,,
9,,,45619,,,,,,,,,,0.015361919067800045,,,,,,,,,
9,,,45639,,,,,,,,,,0.03194928169250488,,,,,,,,,
9,,,45659,,,,,,,,,,0.17131036520004272,,,,,,,,,
9,,,45679,,,,,,,,,,0.004502442665398121,,,,,,,,,
9,,,45699,,,,,,,,,,0.0029009603895246983,,,,,,,,,
9,,,45719,,,,,,,,,,0.0854571983218193,,,,,,,,,
9,,,45739,,,,,,,,,,0.016372453421354294,,,,,,,,,
9,,,45759,,,,,,,,,,0.0602266751229763,,,,,,,,,
9,,,45779,,,,,,,,,,0.09329100698232651,,,,,,,,,
9,,,45799,,,,,,,,,,0.027933761477470398,,,,,,,,,
9,,,45819,,,,,,,,,,0.03125567361712456,,,,,,,,,
9,,,45839,,,,,,,,,,0.02997468039393425,,,,,,,,,
9,,,45859,,,,,,,,,,0.04860426113009453,,,,,,,,,
9,,,45879,,,,,,,,,,0.033446017652750015,,,,,,,,,
9,,,45899,,,,,,,,,,0.007897034287452698,,,,,,,,,
9,,,45919,,,,,,,,,,0.054540205746889114,,,,,,,,,
9,,,45939,,,,,,,,,,0.0037929124664515257,,,,,,,,,
9,,,45959,,,,,,,,,,0.0007147405995056033,,,,,,,,,
9,,,45979,,,,,,,,,,0.07200567424297333,,,,,,,,,
9,,,45999,,,,,,,,,,0.030800320208072662,,,,,,,,,
9,,,46019,,,,,,,,,,0.06281659752130508,,,,,,,,,
9,,,46039,,,,,,,,,,0.0018286383710801601,,,,,,,,,
9,,,46059,,,,,,,,,,0.008001269772648811,,,,,,,,,
9,,,46079,,,,,,,,,,0.05080411210656166,,,,,,,,,
9,,,46099,,,,,,,,,,0.047965120524168015,,,,,,,,,
9,,,46119,,,,,,,,,,0.007778608240187168,,,,,,,,,
9,,,46139,,,,,,,,,,0.006726962514221668,,,,,,,,,
9,,,46159,,,,,,,,,,0.027148066088557243,,,,,,,,,
9,,,46179,,,,,,,,,,0.001674088416621089,,,,,,,,,
9,,,46199,,,,,,,,,,0.06899230182170868,,,,,,,,,
9,,,46219,,,,,,,,,,0.11617608368396759,,,,,,,,,
9,,,46239,,,,,,,,,,0.002783798612654209,,,,,,,,,
9,,,46259,,,,,,,,,,0.055727362632751465,,,,,,,,,
9,,,46279,,,,,,,,,,0.007056569680571556,,,,,,,,,
9,,,46299,,,,,,,,,,0.04270613566040993,,,,,,,,,
9,,,46319,,,,,,,,,,0.002196037909016013,,,,,,,,,
9,,,46339,,,,,,,,,,0.11921019852161407,,,,,,,,,
9,,,46359,,,,,,,,,,0.1040537878870964,,,,,,,,,
9,,,46379,,,,,,,,,,0.29859453439712524,,,,,,,,,
9,,,46399,,,,,,,,,,0.0010819007875397801,,,,,,,,,
9,,,46419,,,,,,,,,,0.04005883261561394,,,,,,,,,
9,,,46439,,,,,,,,,,0.09366371482610703,,,,,,,,,
9,,,46459,,,,,,,,,,0.002540953690186143,,,,,,,,,
9,,,46479,,,,,,,,,,0.06206142529845238,,,,,,,,,
9,,,46499,,,,,,,,,,0.007142067886888981,,,,,,,,,
9,,,46519,,,,,,,,,,0.2191711813211441,,,,,,,,,
9,,,46539,,,,,,,,,,0.010592017322778702,,,,,,,,,
9,,,46559,,,,,,,,,,0.0018182611092925072,,,,,,,,,
9,,,46579,,,,,,,,,,0.018992967903614044,,,,,,,,,
9,,,46599,,,,,,,,,,0.034895580261945724,,,,,,,,,
9,,,46619,,,,,,,,,,0.003778254147619009,,,,,,,,,
9,,,46639,,,,,,,,,,0.05162321776151657,,,,,,,,,
9,,,46659,,,,,,,,,,0.016706297174096107,,,,,,,,,
9,,,46679,,,,,,,,,,0.12839683890342712,,,,,,,,,
9,,,46699,,,,,,,,,,0.033845506608486176,,,,,,,,,
9,,,46719,,,,,,,,,,0.25713229179382324,,,,,,,,,
9,,,46739,,,,,,,,,,0.027042847126722336,,,,,,,,,
9,,,46759,,,,,,,,,,0.0591314397752285,,,,,,,,,
9,,,46779,,,,,,,,,,0.002900324296206236,,,,,,,,,
9,,,46799,,,,,,,,,,0.04091579094529152,,,,,,,,,
9,,,46819,,,,,,,,,,0.03818727657198906,,,,,,,,,
9,,,46839,,,,,,,,,,0.035408422350883484,,,,,,,,,
9,,,46859,,,,,,,,,,0.05295290797948837,,,,,,,,,
9,,,46879,,,,,,,,,,0.0029139562975615263,,,,,,,,,
9,,,46899,,,,,,,,,,0.014262193813920021,,,,,,,,,
9,,,46919,,,,,,,,,,0.004103144630789757,,,,,,,,,
9,,,46939,,,,,,,,,,0.14535069465637207,,,,,,,,,
9,,,46959,,,,,,,,,,1.3241026401519775,,,,,,,,,
9,,,46979,,,,,,,,,,0.009526902809739113,,,,,,,,,
9,,,46999,,,,,,,,,,0.06635045260190964,,,,,,,,,
9,,,47019,,,,,,,,,,0.027079908177256584,,,,,,,,,
9,,,47039,,,,,,,,,,0.055266089737415314,,,,,,,,,
9,,,47059,,,,,,,,,,0.4326215386390686,,,,,,,,,
9,,,47079,,,,,,,,,,0.054988034069538116,,,,,,,,,
9,,,47099,,,,,,,,,,0.006333931349217892,,,,,,,,,
9,,,47119,,,,,,,,,,0.0319133996963501,,,,,,,,,
9,,,47139,,,,,,,,,,0.08434732258319855,,,,,,,,,
9,,,47159,,,,,,,,,,0.07201525568962097,,,,,,,,,
9,,,47179,,,,,,,,,,0.03876379504799843,,,,,,,,,
9,,,47199,,,,,,,,,,0.09330804646015167,,,,,,,,,
9,,,47219,,,,,,,,,,0.06911297142505646,,,,,,,,,
9,,,47239,,,,,,,,,,0.0529463030397892,,,,,,,,,
9,,,47259,,,,,,,,,,0.0701562911272049,,,,,,,,,
9,,,47279,,,,,,,,,,0.02471083030104637,,,,,,,,,
9,,,47299,,,,,,,,,,0.18727850914001465,,,,,,,,,
9,,,47319,,,,,,,,,,0.0022221922408789396,,,,,,,,,
9,,,47339,,,,,,,,,,0.07065079361200333,,,,,,,,,
9,,,47359,,,,,,,,,,0.004884033929556608,,,,,,,,,
9,,,47379,,,,,,,,,,0.15688911080360413,,,,,,,,,
9,,,47399,,,,,,,,,,0.2352139800786972,,,,,,,,,
9,,,47419,,,,,,,,,,0.11717091500759125,,,,,,,,,
9,,,47439,,,,,,,,,,0.13816601037979126,,,,,,,,,
9,,,47459,,,,,,,,,,0.017065027728676796,,,,,,,,,
9,,,47479,,,,,,,,,,0.0005727498210035264,,,,,,,,,
9,,,47499,,,,,,,,,,0.04354562610387802,,,,,,,,,
9,,,47519,,,,,,,,,,0.014568516984581947,,,,,,,,,
9,,,47539,,,,,,,,,,0.14341306686401367,,,,,,,,,
9,,,47559,,,,,,,,,,0.004646891262382269,,,,,,,,,
9,,,47579,,,,,,,,,,0.10016878694295883,,,,,,,,,
9,,,47599,,,,,,,,,,0.08091233670711517,,,,,,,,,
9,,,47619,,,,,,,,,,0.05020124837756157,,,,,,,,,
9,,,47639,,,,,,,,,,0.1538938730955124,,,,,,,,,
9,,,47659,,,,,,,,,,0.104468934237957,,,,,,,,,
9,,,47679,,,,,,,,,,0.27563196420669556,,,,,,,,,
9,,,47699,,,,,,,,,,0.22022110223770142,,,,,,,,,
9,,,47719,,,,,,,,,,0.0027392704505473375,,,,,,,,,
9,,,47729,,,,,,,,,,,0.7074804902076721,0.8514723181724548,0.7226488590240479,2.836491346359253,0.7415505647659302,0.4477367103099823,0.546585202217102,0.9365158677101135,0.7074804902076721
9,,,47729,,,,,,,,0.9719060659408569,0.0702369436621666,,,,,,,,,,
,0.00029711779206048454,0.00029711779206048454,47730,,,,,,,,,,,,,,,,,,,
10,,,47739,,,,,,,,,,0.03707991912961006,,,,,,,,,
10,,,47759,,,,,,,,,,0.22686459124088287,,,,,,,,,
10,,,47779,,,,,,,,,,0.030599849298596382,,,,,,,,,
10,,,47799,,,,,,,,,,0.015011603944003582,,,,,,,,,
10,,,47819,,,,,,,,,,0.07912627607584,,,,,,,,,
10,,,47839,,,,,,,,,,0.07945772260427475,,,,,,,,,
10,,,47859,,,,,,,,,,0.1336444616317749,,,,,,,,,
10,,,47879,,,,,,,,,,0.2944577634334564,,,,,,,,,
10,,,47899,,,,,,,,,,0.05011482536792755,,,,,,,,,
10,,,47919,,,,,,,,,,0.029697036370635033,,,,,,,,,
10,,,47939,,,,,,,,,,0.3778912425041199,,,,,,,,,
10,,,47959,,,,,,,,,,0.008033670485019684,,,,,,,,,
10,,,47979,,,,,,,,,,0.05165991187095642,,,,,,,,,
10,,,47999,,,,,,,,,,0.05374130234122276,,,,,,,,,
10,,,48019,,,,,,,,,,0.013070808723568916,,,,,,,,,
10,,,48039,,,,,,,,,,0.0749707967042923,,,,,,,,,
10,,,48059,,,,,,,,,,0.0794585719704628,,,,,,,,,
10,,,48079,,,,,,,,,,0.009954390116035938,,,,,,,,,
10,,,48099,,,,,,,,,,0.04847744107246399,,,,,,,,,
10,,,48119,,,,,,,,,,0.25879642367362976,,,,,,,,,
10,,,48139,,,,,,,,,,0.0359051488339901,,,,,,,,,
10,,,48159,,,,,,,,,,0.04524059593677521,,,,,,,,,
10,,,48179,,,,,,,,,,0.0069163949228823185,,,,,,,,,
10,,,48199,,,,,,,,,,0.009066741913557053,,,,,,,,,
10,,,48219,,,,,,,,,,0.15150189399719238,,,,,,,,,
10,,,48239,,,,,,,,,,0.09642484039068222,,,,,,,,,
10,,,48259,,,,,,,,,,0.07482936233282089,,,,,,,,,
10,,,48279,,,,,,,,,,0.001200550002977252,,,,,,,,,
10,,,48299,,,,,,,,,,0.01965043880045414,,,,,,,,,
10,,,48319,,,,,,,,,,0.06106866896152496,,,,,,,,,
10,,,48339,,,,,,,,,,0.002865096088498831,,,,,,,,,
10,,,48359,,,,,,,,,,0.03469233959913254,,,,,,,,,
10,,,48379,,,,,,,,,,0.09075917303562164,,,,,,,,,
10,,,48399,,,,,,,,,,0.003286968218162656,,,,,,,,,
10,,,48419,,,,,,,,,,0.006628631614148617,,,,,,,,,
10,,,48439,,,,,,,,,,0.07973282784223557,,,,,,,,,
10,,,48459,,,,,,,,,,0.06592012196779251,,,,,,,,,
10,,,48479,,,,,,,,,,0.0434168241918087,,,,,,,,,
10,,,48499,,,,,,,,,,0.025263311341404915,,,,,,,,,
10,,,48519,,,,,,,,,,0.05457049608230591,,,,,,,,,
10,,,48539,,,,,,,,,,0.00862464215606451,,,,,,,,,
10,,,48559,,,,,,,,,,0.006274026352912188,,,,,,,,,
10,,,48579,,,,,,,,,,0.03137293457984924,,,,,,,,,
10,,,48599,,,,,,,,,,0.10145318508148193,,,,,,,,,
10,,,48619,,,,,,,,,,0.03347130864858627,,,,,,,,,
10,,,48639,,,,,,,,,,0.07197326421737671,,,,,,,,,
10,,,48659,,,,,,,,,,0.003907300531864166,,,,,,,,,
10,,,48679,,,,,,,,,,0.1609489470720291,,,,,,,,,
10,,,48699,,,,,,,,,,0.034209854900836945,,,,,,,,,
10,,,48719,,,,,,,,,,0.019182533025741577,,,,,,,,,
10,,,48739,,,,,,,,,,0.02294955961406231,,,,,,,,,
10,,,48759,,,,,,,,,,0.0667271688580513,,,,,,,,,
10,,,48779,,,,,,,,,,0.2655762732028961,,,,,,,,,
10,,,48799,,,,,,,,,,0.03952211141586304,,,,,,,,,
10,,,48819,,,,,,,,,,0.02769588679075241,,,,,,,,,
10,,,48839,,,,,,,,,,0.027178294956684113,,,,,,,,,
10,,,48859,,,,,,,,,,0.015008306130766869,,,,,,,,,
10,,,48879,,,,,,,,,,0.03968038037419319,,,,,,,,,
10,,,48899,,,,,,,,,,0.0128317940980196,,,,,,,,,
10,,,48919,,,,,,,,,,0.3824210464954376,,,,,,,,,
10,,,48939,,,,,,,,,,0.0038524791598320007,,,,,,,,,
10,,,48959,,,,,,,,,,0.009648208506405354,,,,,,,,,
10,,,48979,,,,,,,,,,0.24304305016994476,,,,,,,,,
10,,,48999,,,,,,,,,,0.13846680521965027,,,,,,,,,
10,,,49019,,,,,,,,,,0.08900321274995804,,,,,,,,,
10,,,49039,,,,,,,,,,0.033849701285362244,,,,,,,,,
10,,,49059,,,,,,,,,,0.007191912271082401,,,,,,,,,
10,,,49079,,,,,,,,,,0.06181655824184418,,,,,,,,,
10,,,49099,,,,,,,,,,0.052388306707143784,,,,,,,,,
10,,,49119,,,,,,,,,,0.04095584154129028,,,,,,,,,
10,,,49139,,,,,,,,,,0.18725545704364777,,,,,,,,,
10,,,49159,,,,,,,,,,0.029804222285747528,,,,,,,,,
10,,,49179,,,,,,,,,,0.02647140622138977,,,,,,,,,
10,,,49199,,,,,,,,,,0.054335594177246094,,,,,,,,,
10,,,49219,,,,,,,,,,0.046188466250896454,,,,,,,,,
10,,,49239,,,,,,,,,,0.024553822353482246,,,,,,,,,
10,,,49259,,,,,,,,,,0.10735088586807251,,,,,,,,,
10,,,49279,,,,,,,,,,0.02102990262210369,,,,,,,,,
10,,,49299,,,,,,,,,,0.09460149705410004,,,,,,,,,
10,,,49319,,,,,,,,,,0.2216312438249588,,,,,,,,,
10,,,49339,,,,,,,,,,0.10300472378730774,,,,,,,,,
10,,,49359,,,,,,,,,,0.041554104536771774,,,,,,,,,
10,,,49379,,,,,,,,,,0.06302902847528458,,,,,,,,,
10,,,49399,,,,,,,,,,0.0016403242480009794,,,,,,,,,
10,,,49419,,,,,,,,,,0.009836948476731777,,,,,,,,,
10,,,49439,,,,,,,,,,0.18468621373176575,,,,,,,,,
10,,,49459,,,,,,,,,,0.051091667264699936,,,,,,,,,
10,,,49479,,,,,,,,,,0.03951510787010193,,,,,,,,,
10,,,49499,,,,,,,,,,0.0029427080880850554,,,,,,,,,
10,,,49519,,,,,,,,,,0.0294639989733696,,,,,,,,,
10,,,49539,,,,,,,,,,0.2943471670150757,,,,,,,,,
10,,,49559,,,,,,,,,,0.013559043407440186,,,,,,,,,
10,,,49579,,,,,,,,,,0.001805106527172029,,,,,,,,,
10,,,49599,,,,,,,,,,0.027732951566576958,,,,,,,,,
10,,,49619,,,,,,,,,,0.011876448057591915,,,,,,,,,
10,,,49639,,,,,,,,,,0.07588623464107513,,,,,,,,,
10,,,49659,,,,,,,,,,0.006616603583097458,,,,,,,,,
10,,,49679,,,,,,,,,,0.014492939226329327,,,,,,,,,
10,,,49699,,,,,,,,,,0.08695289492607117,,,,,,,,,
10,,,49719,,,,,,,,,,0.0059487344697117805,,,,,,,,,
10,,,49739,,,,,,,,,,0.19194328784942627,,,,,,,,,
10,,,49759,,,,,,,,,,0.028997423127293587,,,,,,,,,
10,,,49779,,,,,,,,,,0.07109235227108002,,,,,,,,,
10,,,49799,,,,,,,,,,0.038408711552619934,,,,,,,,,
10,,,49819,,,,,,,,,,0.020830238237977028,,,,,,,,,
10,,,49839,,,,,,,,,,0.06551459431648254,,,,,,,,,
10,,,49859,,,,,,,,,,0.12321427464485168,,,,,,,,,
10,,,49879,,,,,,,,,,0.012386297807097435,,,,,,,,,
10,,,49899,,,,,,,,,,0.4328075647354126,,,,,,,,,
10,,,49919,,,,,,,,,,0.01782168634235859,,,,,,,,,
10,,,49939,,,,,,,,,,0.07859889417886734,,,,,,,,,
10,,,49959,,,,,,,,,,0.07859024405479431,,,,,,,,,
10,,,49979,,,,,,,,,,0.001609982457011938,,,,,,,,,
10,,,49999,,,,,,,,,,0.04075847193598747,,,,,,,,,
10,,,50019,,,,,,,,,,0.004276696592569351,,,,,,,,,
10,,,50039,,,,,,,,,,0.00931515358388424,,,,,,,,,
10,,,50059,,,,,,,,,,0.0018116477876901627,,,,,,,,,
10,,,50079,,,,,,,,,,0.05835042521357536,,,,,,,,,
10,,,50099,,,,,,,,,,0.02561790682375431,,,,,,,,,
10,,,50119,,,,,,,,,,0.01389536913484335,,,,,,,,,
10,,,50139,,,,,,,,,,0.17184999585151672,,,,,,,,,
10,,,50159,,,,,,,,,,0.05584272742271423,,,,,,,,,
10,,,50179,,,,,,,,,,0.0016579122748225927,,,,,,,,,
10,,,50199,,,,,,,,,,0.021424340084195137,,,,,,,,,
10,,,50219,,,,,,,,,,0.6533651351928711,,,,,,,,,
10,,,50239,,,,,,,,,,0.014514421112835407,,,,,,,,,
10,,,50259,,,,,,,,,,0.30788105726242065,,,,,,,,,
10,,,50279,,,,,,,,,,0.047201428562402725,,,,,,,,,
10,,,50299,,,,,,,,,,0.19670207798480988,,,,,,,,,
10,,,50319,,,,,,,,,,0.05049198120832443,,,,,,,,,
10,,,50339,,,,,,,,,,0.04574829712510109,,,,,,,,,
10,,,50359,,,,,,,,,,0.0006741178222000599,,,,,,,,,
10,,,50379,,,,,,,,,,0.07334956526756287,,,,,,,,,
10,,,50399,,,,,,,,,,0.0017161935102194548,,,,,,,,,
10,,,50419,,,,,,,,,,0.09543668478727341,,,,,,,,,
10,,,50439,,,,,,,,,,0.01607736572623253,,,,,,,,,
10,,,50459,,,,,,,,,,0.0828704759478569,,,,,,,,,
10,,,50479,,,,,,,,,,0.0012133882846683264,,,,,,,,,
10,,,50499,,,,,,,,,,0.07942035794258118,,,,,,,,,
10,,,50519,,,,,,,,,,0.08703494071960449,,,,,,,,,
10,,,50539,,,,,,,,,,0.022507311776280403,,,,,,,,,
10,,,50559,,,,,,,,,,0.07308617234230042,,,,,,,,,
10,,,50579,,,,,,,,,,0.008065585047006607,,,,,,,,,
10,,,50599,,,,,,,,,,0.07174913585186005,,,,,,,,,
10,,,50619,,,,,,,,,,0.4630049765110016,,,,,,,,,
10,,,50639,,,,,,,,,,0.00976511649787426,,,,,,,,,
10,,,50659,,,,,,,,,,0.080926313996315,,,,,,,,,
10,,,50679,,,,,,,,,,0.06771885603666306,,,,,,,,,
10,,,50699,,,,,,,,,,0.07129717618227005,,,,,,,,,
10,,,50719,,,,,,,,,,0.10916665196418762,,,,,,,,,
10,,,50739,,,,,,,,,,0.001039464958012104,,,,,,,,,
10,,,50759,,,,,,,,,,0.05985790863633156,,,,,,,,,
10,,,50779,,,,,,,,,,0.038797639310359955,,,,,,,,,
10,,,50799,,,,,,,,,,0.00039334356551989913,,,,,,,,,
10,,,50819,,,,,,,,,,0.042920682579278946,,,,,,,,,
10,,,50839,,,,,,,,,,0.014060817658901215,,,,,,,,,
10,,,50859,,,,,,,,,,0.05355909466743469,,,,,,,,,
10,,,50879,,,,,,,,,,0.08082225918769836,,,,,,,,,
10,,,50899,,,,,,,,,,0.031386345624923706,,,,,,,,,
10,,,50919,,,,,,,,,,0.13779374957084656,,,,,,,,,
10,,,50939,,,,,,,,,,0.04093356058001518,,,,,,,,,
10,,,50959,,,,,,,,,,0.05344919487833977,,,,,,,,,
10,,,50979,,,,,,,,,,0.12053836137056351,,,,,,,,,
10,,,50999,,,,,,,,,,0.06622296571731567,,,,,,,,,
10,,,51019,,,,,,,,,,0.09119973331689835,,,,,,,,,
10,,,51039,,,,,,,,,,0.03176521137356758,,,,,,,,,
10,,,51059,,,,,,,,,,0.0012948759831488132,,,,,,,,,
10,,,51079,,,,,,,,,,0.06928703188896179,,,,,,,,,
10,,,51099,,,,,,,,,,0.1404203325510025,,,,,,,,,
10,,,51119,,,,,,,,,,0.028468485921621323,,,,,,,,,
10,,,51139,,,,,,,,,,0.06217462196946144,,,,,,,,,
10,,,51159,,,,,,,,,,0.10599265247583389,,,,,,,,,
10,,,51179,,,,,,,,,,0.002818239852786064,,,,,,,,,
10,,,51199,,,,,,,,,,0.07522653043270111,,,,,,,,,
10,,,51219,,,,,,,,,,0.08175519108772278,,,,,,,,,
10,,,51239,,,,,,,,,,0.022349275648593903,,,,,,,,,
10,,,51259,,,,,,,,,,0.07849296182394028,,,,,,,,,
10,,,51279,,,,,,,,,,0.07087121903896332,,,,,,,,,
10,,,51299,,,,,,,,,,0.08164665102958679,,,,,,,,,
10,,,51319,,,,,,,,,,0.04342063143849373,,,,,,,,,
10,,,51339,,,,,,,,,,0.0012156452285125852,,,,,,,,,
10,,,51359,,,,,,,,,,0.02584979310631752,,,,,,,,,
10,,,51379,,,,,,,,,,0.042877428233623505,,,,,,,,,
10,,,51399,,,,,,,,,,0.18739865720272064,,,,,,,,,
10,,,51419,,,,,,,,,,0.004684881307184696,,,,,,,,,
10,,,51439,,,,,,,,,,0.19257120788097382,,,,,,,,,
10,,,51459,,,,,,,,,,0.011921493336558342,,,,,,,,,
10,,,51479,,,,,,,,,,0.0718812420964241,,,,,,,,,
10,,,51499,,,,,,,,,,0.021065618842840195,,,,,,,,,
10,,,51519,,,,,,,,,,0.03344240412116051,,,,,,,,,
10,,,51539,,,,,,,,,,0.06266513466835022,,,,,,,,,
10,,,51559,,,,,,,,,,0.03588993102312088,,,,,,,,,
10,,,51579,,,,,,,,,,0.01725671999156475,,,,,,,,,
10,,,51599,,,,,,,,,,0.4692297577857971,,,,,,,,,
10,,,51619,,,,,,,,,,0.06383734941482544,,,,,,,,,
10,,,51639,,,,,,,,,,0.0070145633071660995,,,,,,,,,
10,,,51659,,,,,,,,,,0.08736659586429596,,,,,,,,,
10,,,51679,,,,,,,,,,0.007816133089363575,,,,,,,,,
10,,,51699,,,,,,,,,,0.003336614929139614,,,,,,,,,
10,,,51719,,,,,,,,,,0.0372266061604023,,,,,,,,,
10,,,51739,,,,,,,,,,0.010921007953584194,,,,,,,,,
10,,,51759,,,,,,,,,,0.014790654182434082,,,,,,,,,
10,,,51779,,,,,,,,,,0.07346908748149872,,,,,,,,,
10,,,51799,,,,,,,,,,0.032453879714012146,,,,,,,,,
10,,,51819,,,,,,,,,,0.05898799002170563,,,,,,,,,
10,,,51839,,,,,,,,,,0.017419451847672462,,,,,,,,,
10,,,51859,,,,,,,,,,0.1433299332857132,,,,,,,,,
10,,,51879,,,,,,,,,,0.04704410210251808,,,,,,,,,
10,,,51899,,,,,,,,,,0.008748429827392101,,,,,,,,,
10,,,51919,,,,,,,,,,0.15068627893924713,,,,,,,,,
10,,,51939,,,,,,,,,,0.03217417746782303,,,,,,,,,
10,,,51959,,,,,,,,,,0.01957210712134838,,,,,,,,,
10,,,51979,,,,,,,,,,0.02391541562974453,,,,,,,,,
10,,,51999,,,,,,,,,,0.03682506084442139,,,,,,,,,
10,,,52019,,,,,,,,,,0.13683979213237762,,,,,,,,,
10,,,52039,,,,,,,,,,0.0012071536621078849,,,,,,,,,
10,,,52059,,,,,,,,,,0.06754157692193985,,,,,,,,,
10,,,52079,,,,,,,,,,0.060245249420404434,,,,,,,,,
10,,,52099,,,,,,,,,,0.06956414878368378,,,,,,,,,
10,,,52119,,,,,,,,,,0.0014144890010356903,,,,,,,,,
10,,,52139,,,,,,,,,,0.007526218891143799,,,,,,,,,
10,,,52159,,,,,,,,,,0.0154524901881814,,,,,,,,,
10,,,52179,,,,,,,,,,0.1332360804080963,,,,,,,,,
10,,,52199,,,,,,,,,,0.002936319448053837,,,,,,,,,
10,,,52219,,,,,,,,,,0.0020435042679309845,,,,,,,,,
10,,,52239,,,,,,,,,,0.046758491545915604,,,,,,,,,
10,,,52259,,,,,,,,,,0.0016867516096681356,,,,,,,,,
10,,,52279,,,,,,,,,,0.032243307679891586,,,,,,,,,
10,,,52299,,,,,,,,,,0.10012327134609222,,,,,,,,,
10,,,52319,,,,,,,,,,0.09988781064748764,,,,,,,,,
10,,,52339,,,,,,,,,,0.03925560787320137,,,,,,,,,
10,,,52359,,,,,,,,,,0.002205122960731387,,,,,,,,,
10,,,52379,,,,,,,,,,0.06099966540932655,,,,,,,,,
10,,,52399,,,,,,,,,,0.041781436651945114,,,,,,,,,
10,,,52419,,,,,,,,,,0.003586511593312025,,,,,,,,,
10,,,52439,,,,,,,,,,0.006300644017755985,,,,,,,,,
10,,,52459,,,,,,,,,,0.029514547437429428,,,,,,,,,
10,,,52479,,,,,,,,,,0.0017399332718923688,,,,,,,,,
10,,,52499,,,,,,,,,,0.018053781241178513,,,,,,,,,
10,,,52502,,,,,,,,,,,0.7807280421257019,0.8721799850463867,0.7458595037460327,1.9011167287826538,0.7218218445777893,0.4990854561328888,0.4882517457008362,0.9553919434547424,0.7807280421257019
10,,,52502,,,,,,,,0.9735425710678101,0.06701108068227768,,,,,,,,,,
,0.0002935410503598313,0.0002935410503598313,52503,,,,,,,,,,,,,,,,,,,
11,,,52519,,,,,,,,,,0.021969962865114212,,,,,,,,,
11,,,52539,,,,,,,,,,0.04965946823358536,,,,,,,,,
11,,,52559,,,,,,,,,,0.18753400444984436,,,,,,,,,
11,,,52579,,,,,,,,,,0.027408016845583916,,,,,,,,,
11,,,52599,,,,,,,,,,0.040385834872722626,,,,,,,,,
11,,,52619,,,,,,,,,,0.005222652107477188,,,,,,,,,
11,,,52639,,,,,,,,,,0.21675865352153778,,,,,,,,,
11,,,52659,,,,,,,,,,0.003116161562502384,,,,,,,,,
11,,,52679,,,,,,,,,,0.08228766173124313,,,,,,,,,
11,,,52699,,,,,,,,,,0.04339682683348656,,,,,,,,,
11,,,52719,,,,,,,,,,0.032544758170843124,,,,,,,,,
11,,,52739,,,,,,,,,,0.05472344532608986,,,,,,,,,
11,,,52759,,,,,,,,,,0.007218445651233196,,,,,,,,,
11,,,52779,,,,,,,,,,0.3114561438560486,,,,,,,,,
11,,,52799,,,,,,,,,,0.0012277886271476746,,,,,,,,,
11,,,52819,,,,,,,,,,0.002968339715152979,,,,,,,,,
11,,,52839,,,,,,,,,,0.18963661789894104,,,,,,,,,
11,,,52859,,,,,,,,,,0.0249743964523077,,,,,,,,,
11,,,52879,,,,,,,,,,0.030604464933276176,,,,,,,,,
11,,,52899,,,,,,,,,,0.0066631389781832695,,,,,,,,,
11,,,52919,,,,,,,,,,0.0018516113050282001,,,,,,,,,
11,,,52939,,,,,,,,,,0.0060928273014724255,,,,,,,,,
11,,,52959,,,,,,,,,,0.0706484466791153,,,,,,,,,
11,,,52979,,,,,,,,,,0.0031861308962106705,,,,,,,,,
11,,,52999,,,,,,,,,,0.0029654279351234436,,,,,,,,,
11,,,53019,,,,,,,,,,0.001409533666446805,,,,,,,,,
11,,,53039,,,,,,,,,,0.026140525937080383,,,,,,,,,
11,,,53059,,,,,,,,,,0.002223971299827099,,,,,,,,,
11,,,53079,,,,,,,,,,0.014156686142086983,,,,,,,,,
11,,,53099,,,,,,,,,,0.00273028202354908,,,,,,,,,
11,,,53119,,,,,,,,,,0.021709419786930084,,,,,,,,,
11,,,53139,,,,,,,,,,0.05642184987664223,,,,,,,,,
11,,,53159,,,,,,,,,,0.06578338891267776,,,,,,,,,
11,,,53179,,,,,,,,,,0.009301598183810711,,,,,,,,,
11,,,53199,,,,,,,,,,0.09288839995861053,,,,,,,,,
11,,,53219,,,,,,,,,,0.033042099326848984,,,,,,,,,
11,,,53239,,,,,,,,,,0.044522758573293686,,,,,,,,,
11,,,53259,,,,,,,,,,0.059148866683244705,,,,,,,,,
11,,,53279,,,,,,,,,,0.004440975375473499,,,,,,,,,
11,,,53299,,,,,,,,,,0.1894092857837677,,,,,,,,,
11,,,53319,,,,,,,,,,0.002477191621437669,,,,,,,,,
11,,,53339,,,,,,,,,,0.022701043635606766,,,,,,,,,
11,,,53359,,,,,,,,,,0.005843685939908028,,,,,,,,,
11,,,53379,,,,,,,,,,0.08673807233572006,,,,,,,,,
11,,,53399,,,,,,,,,,0.01433880440890789,,,,,,,,,
11,,,53419,,,,,,,,,,0.015437036752700806,,,,,,,,,
11,,,53439,,,,,,,,,,0.005702171474695206,,,,,,,,,
11,,,53459,,,,,,,,,,0.007603212259709835,,,,,,,,,
11,,,53479,,,,,,,,,,0.05387241765856743,,,,,,,,,
11,,,53499,,,,,,,,,,0.09321606159210205,,,,,,,,,
11,,,53519,,,,,,,,,,0.038252368569374084,,,,,,,,,
11,,,53539,,,,,,,,,,0.022196723148226738,,,,,,,,,
11,,,53559,,,,,,,,,,0.022050999104976654,,,,,,,,,
11,,,53579,,,,,,,,,,0.11325652152299881,,,,,,,,,
11,,,53599,,,,,,,,,,0.0804828405380249,,,,,,,,,
11,,,53619,,,,,,,,,,0.03574245423078537,,,,,,,,,
11,,,53639,,,,,,,,,,0.005268936976790428,,,,,,,,,
11,,,53659,,,,,,,,,,0.046224549412727356,,,,,,,,,
11,,,53679,,,,,,,,,,0.0038395116571336985,,,,,,,,,
11,,,53699,,,,,,,,,,0.26021111011505127,,,,,,,,,
11,,,53719,,,,,,,,,,0.0024632031563669443,,,,,,,,,
11,,,53739,,,,,,,,,,0.07491248846054077,,,,,,,,,
11,,,53759,,,,,,,,,,0.00363118015229702,,,,,,,,,
11,,,53779,,,,,,,,,,0.05533910542726517,,,,,,,,,
11,,,53799,,,,,,,,,,0.03225991502404213,,,,,,,,,
11,,,53819,,,,,,,,,,0.04994858056306839,,,,,,,,,
11,,,53839,,,,,,,,,,0.05821489542722702,,,,,,,,,
11,,,53859,,,,,,,,,,0.002646877896040678,,,,,,,,,
11,,,53879,,,,,,,,,,0.11198592185974121,,,,,,,,,
11,,,53899,,,,,,,,,,0.00928901694715023,,,,,,,,,
11,,,53919,,,,,,,,,,0.058003947138786316,,,,,,,,,
11,,,53939,,,,,,,,,,0.04915143549442291,,,,,,,,,
11,,,53959,,,,,,,,,,0.033497072756290436,,,,,,,,,
11,,,53979,,,,,,,,,,0.09763596206903458,,,,,,,,,
11,,,53999,,,,,,,,,,0.7121133804321289,,,,,,,,,
11,,,54019,,,,,,,,,,0.040514010936021805,,,,,,,,,
11,,,54039,,,,,,,,,,0.0036721951328217983,,,,,,,,,
11,,,54059,,,,,,,,,,0.043639302253723145,,,,,,,,,
11,,,54079,,,,,,,,,,0.10619348287582397,,,,,,,,,
11,,,54099,,,,,,,,,,0.09910894185304642,,,,,,,,,
11,,,54119,,,,,,,,,,0.08879932761192322,,,,,,,,,
11,,,54139,,,,,,,,,,0.2729397416114807,,,,,,,,,
11,,,54159,,,,,,,,,,0.013210964389145374,,,,,,,,,
11,,,54179,,,,,,,,,,0.0043387990444898605,,,,,,,,,
11,,,54199,,,,,,,,,,0.07570119947195053,,,,,,,,,
11,,,54219,,,,,,,,,,0.0012607518583536148,,,,,,,,,
11,,,54239,,,,,,,,,,0.1769409477710724,,,,,,,,,
11,,,54259,,,,,,,,,,0.022934917360544205,,,,,,,,,
11,,,54279,,,,,,,,,,0.04684677720069885,,,,,,,,,
11,,,54299,,,,,,,,,,0.009200305677950382,,,,,,,,,
11,,,54319,,,,,,,,,,0.06975182145833969,,,,,,,,,
11,,,54339,,,,,,,,,,0.0008684529457241297,,,,,,,,,
11,,,54359,,,,,,,,,,0.29078951478004456,,,,,,,,,
11,,,54379,,,,,,,,,,0.11947895586490631,,,,,,,,,
11,,,54399,,,,,,,,,,0.009873764589428902,,,,,,,,,
11,,,54419,,,,,,,,,,0.07788991183042526,,,,,,,,,
11,,,54439,,,,,,,,,,0.07832208275794983,,,,,,,,,
11,,,54459,,,,,,,,,,0.025511495769023895,,,,,,,,,
11,,,54479,,,,,,,,,,0.09509246796369553,,,,,,,,,
11,,,54499,,,,,,,,,,0.050185803323984146,,,,,,,,,
11,,,54519,,,,,,,,,,0.02313063107430935,,,,,,,,,
11,,,54539,,,,,,,,,,0.06890825927257538,,,,,,,,,
11,,,54559,,,,,,,,,,0.09078505635261536,,,,,,,,,
11,,,54579,,,,,,,,,,0.0358089879155159,,,,,,,,,
11,,,54599,,,,,,,,,,0.2755078971385956,,,,,,,,,
11,,,54619,,,,,,,,,,0.09125856310129166,,,,,,,,,
11,,,54639,,,,,,,,,,0.00840188842266798,,,,,,,,,
11,,,54659,,,,,,,,,,0.011985499411821365,,,,,,,,,
11,,,54679,,,,,,,,,,0.022313395515084267,,,,,,,,,
11,,,54699,,,,,,,,,,0.03885404393076897,,,,,,,,,
11,,,54719,,,,,,,,,,0.056120503693819046,,,,,,,,,
11,,,54739,,,,,,,,,,0.04604218155145645,,,,,,,,,
11,,,54759,,,,,,,,,,0.009242549538612366,,,,,,,,,
11,,,54779,,,,,,,,,,0.0014829778810963035,,,,,,,,,
11,,,54799,,,,,,,,,,0.011758752167224884,,,,,,,,,
11,,,54819,,,,,,,,,,0.0055971224792301655,,,,,,,,,
11,,,54839,,,,,,,,,,0.03183377906680107,,,,,,,,,
11,,,54859,,,,,,,,,,0.00255833612754941,,,,,,,,,
11,,,54879,,,,,,,,,,0.09200591593980789,,,,,,,,,
11,,,54899,,,,,,,,,,0.05208432674407959,,,,,,,,,
11,,,54919,,,,,,,,,,0.036150652915239334,,,,,,,,,
11,,,54939,,,,,,,,,,0.02353387512266636,,,,,,,,,
11,,,54959,,,,,,,,,,0.10705234110355377,,,,,,,,,
11,,,54979,,,,,,,,,,0.12260637432336807,,,,,,,,,
11,,,54999,,,,,,,,,,0.00438535213470459,,,,,,,,,
11,,,55019,,,,,,,,,,0.00042890029726549983,,,,,,,,,
11,,,55039,,,,,,,,,,0.0994432345032692,,,,,,,,,
11,,,55059,,,,,,,,,,0.002506389981135726,,,,,,,,,
11,,,55079,,,,,,,,,,0.014410601928830147,,,,,,,,,
11,,,55099,,,,,,,,,,0.0066238753497600555,,,,,,,,,
11,,,55119,,,,,,,,,,0.026140224188566208,,,,,,,,,
11,,,55139,,,,,,,,,,0.005193090997636318,,,,,,,,,
11,,,55159,,,,,,,,,,0.04462291672825813,,,,,,,,,
11,,,55179,,,,,,,,,,0.05241788923740387,,,,,,,,,
11,,,55199,,,,,,,,,,0.01097403559833765,,,,,,,,,
11,,,55219,,,,,,,,,,0.06723233312368393,,,,,,,,,
11,,,55239,,,,,,,,,,0.43557560443878174,,,,,,,,,
11,,,55259,,,,,,,,,,0.0013366399798542261,,,,,,,,,
11,,,55279,,,,,,,,,,0.021381378173828125,,,,,,,,,
11,,,55299,,,,,,,,,,0.04176797717809677,,,,,,,,,
11,,,55319,,,,,,,,,,0.08170752227306366,,,,,,,,,
11,,,55339,,,,,,,,,,0.057472530752420425,,,,,,,,,
11,,,55359,,,,,,,,,,0.020277325063943863,,,,,,,,,
11,,,55379,,,,,,,,,,0.03860389068722725,,,,,,,,,
11,,,55399,,,,,,,,,,0.013817764818668365,,,,,,,,,
11,,,55419,,,,,,,,,,0.0007388739613816142,,,,,,,,,
11,,,55439,,,,,,,,,,0.08030686527490616,,,,,,,,,
11,,,55459,,,,,,,,,,0.004765655845403671,,,,,,,,,
11,,,55479,,,,,,,,,,0.35985177755355835,,,,,,,,,
11,,,55499,,,,,,,,,,0.008967733010649681,,,,,,,,,
11,,,55519,,,,,,,,,,0.06650092452764511,,,,,,,,,
11,,,55539,,,,,,,,,,0.012462954968214035,,,,,,,,,
11,,,55559,,,,,,,,,,0.17794488370418549,,,,,,,,,
11,,,55579,,,,,,,,,,0.05009230598807335,,,,,,,,,
11,,,55599,,,,,,,,,,0.014195369556546211,,,,,,,,,
11,,,55619,,,,,,,,,,0.0015536746941506863,,,,,,,,,
11,,,55639,,,,,,,,,,0.018108796328306198,,,,,,,,,
11,,,55659,,,,,,,,,,0.07567199319601059,,,,,,,,,
11,,,55679,,,,,,,,,,0.05664282292127609,,,,,,,,,
11,,,55699,,,,,,,,,,0.017336301505565643,,,,,,,,,
11,,,55719,,,,,,,,,,0.04145945981144905,,,,,,,,,
11,,,55739,,,,,,,,,,0.001531723071821034,,,,,,,,,
11,,,55759,,,,,,,,,,0.07279025763273239,,,,,,,,,
11,,,55779,,,,,,,,,,1.1073167324066162,,,,,,,,,
11,,,55799,,,,,,,,,,0.012112128548324108,,,,,,,,,
11,,,55819,,,,,,,,,,0.0659356638789177,,,,,,,,,
11,,,55839,,,,,,,,,,0.03629981353878975,,,,,,,,,
11,,,55859,,,,,,,,,,0.013398336246609688,,,,,,,,,
11,,,55879,,,,,,,,,,0.006491274572908878,,,,,,,,,
11,,,55899,,,,,,,,,,0.06256572157144547,,,,,,,,,
11,,,55919,,,,,,,,,,0.029111195355653763,,,,,,,,,
11,,,55939,,,,,,,,,,0.13804015517234802,,,,,,,,,
11,,,55959,,,,,,,,,,0.1404658555984497,,,,,,,,,
11,,,55979,,,,,,,,,,0.0018591581610962749,,,,,,,,,
11,,,55999,,,,,,,,,,0.03920358419418335,,,,,,,,,
11,,,56019,,,,,,,,,,0.0011391275329515338,,,,,,,,,
11,,,56039,,,,,,,,,,0.06477507203817368,,,,,,,,,
11,,,56059,,,,,,,,,,0.051126379519701004,,,,,,,,,
11,,,56079,,,,,,,,,,0.043467242270708084,,,,,,,,,
11,,,56099,,,,,,,,,,0.04277069866657257,,,,,,,,,
11,,,56119,,,,,,,,,,0.012116195634007454,,,,,,,,,
11,,,56139,,,,,,,,,,0.06241244077682495,,,,,,,,,
11,,,56159,,,,,,,,,,0.018253974616527557,,,,,,,,,
11,,,56179,,,,,,,,,,0.07572079449892044,,,,,,,,,
11,,,56199,,,,,,,,,,0.008350729942321777,,,,,,,,,
11,,,56219,,,,,,,,,,0.10669595003128052,,,,,,,,,
11,,,56239,,,,,,,,,,0.007588384672999382,,,,,,,,,
11,,,56259,,,,,,,,,,0.21856218576431274,,,,,,,,,
11,,,56279,,,,,,,,,,0.004433389287441969,,,,,,,,,
11,,,56299,,,,,,,,,,0.03955024853348732,,,,,,,,,
11,,,56319,,,,,,,,,,0.03568108752369881,,,,,,,,,
11,,,56339,,,,,,,,,,0.0018947015050798655,,,,,,,,,
11,,,56359,,,,,,,,,,0.06012658774852753,,,,,,,,,
11,,,56379,,,,,,,,,,0.14177630841732025,,,,,,,,,
11,,,56399,,,,,,,,,,0.07164929062128067,,,,,,,,,
11,,,56419,,,,,,,,,,0.011473425664007664,,,,,,,,,
11,,,56439,,,,,,,,,,0.004169345833361149,,,,,,,,,
11,,,56459,,,,,,,,,,0.012092350982129574,,,,,,,,,
11,,,56479,,,,,,,,,,0.014124623499810696,,,,,,,,,
11,,,56499,,,,,,,,,,0.00838583055883646,,,,,,,,,
11,,,56519,,,,,,,,,,0.0008335457532666624,,,,,,,,,
11,,,56539,,,,,,,,,,0.10737862437963486,,,,,,,,,
11,,,56559,,,,,,,,,,0.026017792522907257,,,,,,,,,
11,,,56579,,,,,,,,,,0.030191009864211082,,,,,,,,,
11,,,56599,,,,,,,,,,0.01809951290488243,,,,,,,,,
11,,,56619,,,,,,,,,,0.03622731938958168,,,,,,,,,
11,,,56639,,,,,,,,,,0.04079998657107353,,,,,,,,,
11,,,56659,,,,,,,,,,0.004938561003655195,,,,,,,,,
11,,,56679,,,,,,,,,,0.05496244132518768,,,,,,,,,
11,,,56699,,,,,,,,,,0.015741314738988876,,,,,,,,,
11,,,56719,,,,,,,,,,0.03136739134788513,,,,,,,,,
11,,,56739,,,,,,,,,,0.06990530341863632,,,,,,,,,
11,,,56759,,,,,,,,,,0.01668534427881241,,,,,,,,,
11,,,56779,,,,,,,,,,0.007516941055655479,,,,,,,,,
11,,,56799,,,,,,,,,,0.03624428063631058,,,,,,,,,
11,,,56819,,,,,,,,,,0.024907078593969345,,,,,,,,,
11,,,56839,,,,,,,,,,0.5925331711769104,,,,,,,,,
11,,,56859,,,,,,,,,,0.008790770545601845,,,,,,,,,
11,,,56879,,,,,,,,,,0.24153991043567657,,,,,,,,,
11,,,56899,,,,,,,,,,0.0007482425426132977,,,,,,,,,
11,,,56919,,,,,,,,,,0.03719548508524895,,,,,,,,,
11,,,56939,,,,,,,,,,0.001085326075553894,,,,,,,,,
11,,,56959,,,,,,,,,,0.07681979238986969,,,,,,,,,
11,,,56979,,,,,,,,,,0.017404496669769287,,,,,,,,,
11,,,56999,,,,,,,,,,0.06341151893138885,,,,,,,,,
11,,,57019,,,,,,,,,,0.017773743718862534,,,,,,,,,
11,,,57039,,,,,,,,,,0.052411578595638275,,,,,,,,,
11,,,57059,,,,,,,,,,0.028109509497880936,,,,,,,,,
11,,,57079,,,,,,,,,,0.20822091400623322,,,,,,,,,
11,,,57099,,,,,,,,,,0.0036962288431823254,,,,,,,,,
11,,,57119,,,,,,,,,,0.0007284230086952448,,,,,,,,,
11,,,57139,,,,,,,,,,0.0028281519189476967,,,,,,,,,
11,,,57159,,,,,,,,,,0.0007321928278543055,,,,,,,,,
11,,,57179,,,,,,,,,,0.07564418017864227,,,,,,,,,
11,,,57199,,,,,,,,,,0.041531361639499664,,,,,,,,,
11,,,57219,,,,,,,,,,0.08266681432723999,,,,,,,,,
11,,,57239,,,,,,,,,,0.02724987082183361,,,,,,,,,
11,,,57259,,,,,,,,,,0.018455039709806442,,,,,,,,,
11,,,57275,,,,,,,,,,,0.6305948495864868,0.8174231052398682,0.6440088748931885,3.5419764518737793,0.6630921363830566,0.2918837070465088,0.4060363173484802,0.9201478958129883,0.6305948495864868
11,,,57275,,,,,,,,0.9759290218353271,0.059928979724645615,,,,,,,,,,
,0.000288581929876693,0.000288581929876693,57276,,,,,,,,,,,,,,,,,,,
12,,,57279,,,,,,,,,,0.1348467916250229,,,,,,,,,
12,,,57299,,,,,,,,,,0.2278691977262497,,,,,,,,,
12,,,57319,,,,,,,,,,0.019730210304260254,,,,,,,,,
12,,,57339,,,,,,,,,,0.31103482842445374,,,,,,,,,
12,,,57359,,,,,,,,,,0.0011090612970292568,,,,,,,,,
12,,,57379,,,,,,,,,,0.01946106366813183,,,,,,,,,
12,,,57399,,,,,,,,,,0.001928545068949461,,,,,,,,,
12,,,57419,,,,,,,,,,0.025317654013633728,,,,,,,,,
12,,,57439,,,,,,,,,,0.01969207264482975,,,,,,,,,
12,,,57459,,,,,,,,,,0.0813513696193695,,,,,,,,,
12,,,57479,,,,,,,,,,0.5835635662078857,,,,,,,,,
12,,,57499,,,,,,,,,,0.1743115931749344,,,,,,,,,
12,,,57519,,,,,,,,,,0.04606696963310242,,,,,,,,,
12,,,57539,,,,,,,,,,0.1357492208480835,,,,,,,,,
12,,,57559,,,,,,,,,,0.0017405841499567032,,,,,,,,,
12,,,57579,,,,,,,,,,0.013285472989082336,,,,,,,,,
12,,,57599,,,,,,,,,,0.02118855156004429,,,,,,,,,
12,,,57619,,,,,,,,,,0.036421842873096466,,,,,,,,,
12,,,57639,,,,,,,,,,0.04984206706285477,,,,,,,,,
12,,,57659,,,,,,,,,,0.28745973110198975,,,,,,,,,
12,,,57679,,,,,,,,,,0.045153263956308365,,,,,,,,,
12,,,57699,,,,,,,,,,0.08297707140445709,,,,,,,,,
12,,,57719,,,,,,,,,,0.07357163727283478,,,,,,,,,
12,,,57739,,,,,,,,,,0.016129227355122566,,,,,,,,,
12,,,57759,,,,,,,,,,0.014993413351476192,,,,,,,,,
12,,,57779,,,,,,,,,,0.001493950025178492,,,,,,,,,
12,,,57799,,,,,,,,,,0.1344967931509018,,,,,,,,,
12,,,57819,,,,,,,,,,0.014660481363534927,,,,,,,,,
12,,,57839,,,,,,,,,,0.024892151355743408,,,,,,,,,
12,,,57859,,,,,,,,,,0.49086108803749084,,,,,,,,,
12,,,57879,,,,,,,,,,0.00534775760024786,,,,,,,,,
12,,,57899,,,,,,,,,,0.008708522655069828,,,,,,,,,
12,,,57919,,,,,,,,,,0.0009540814207866788,,,,,,,,,
12,,,57939,,,,,,,,,,0.01826373115181923,,,,,,,,,
12,,,57959,,,,,,,,,,0.0019850183743983507,,,,,,,,,
12,,,57979,,,,,,,,,,0.0017813589656725526,,,,,,,,,
12,,,57999,,,,,,,,,,0.002914924407377839,,,,,,,,,
12,,,58019,,,,,,,,,,0.03630939871072769,,,,,,,,,
12,,,58039,,,,,,,,,,0.025926170870661736,,,,,,,,,
12,,,58059,,,,,,,,,,0.023362349718809128,,,,,,,,,
12,,,58079,,,,,,,,,,0.014155096374452114,,,,,,,,,
12,,,58099,,,,,,,,,,0.22004522383213043,,,,,,,,,
12,,,58119,,,,,,,,,,0.07934168726205826,,,,,,,,,
12,,,58139,,,,,,,,,,0.0016583483666181564,,,,,,,,,
12,,,58159,,,,,,,,,,0.0021872520446777344,,,,,,,,,
12,,,58179,,,,,,,,,,0.14104869961738586,,,,,,,,,
12,,,58199,,,,,,,,,,0.05082114413380623,,,,,,,,,
12,,,58219,,,,,,,,,,0.06852161139249802,,,,,,,,,
12,,,58239,,,,,,,,,,0.006164538208395243,,,,,,,,,
12,,,58259,,,,,,,,,,0.0011095762019976974,,,,,,,,,
12,,,58279,,,,,,,,,,0.04445580020546913,,,,,,,,,
12,,,58299,,,,,,,,,,0.03476016968488693,,,,,,,,,
12,,,58319,,,,,,,,,,0.0050848061218857765,,,,,,,,,
12,,,58339,,,,,,,,,,0.004634401295334101,,,,,,,,,
12,,,58359,,,,,,,,,,0.02187918871641159,,,,,,,,,
12,,,58379,,,,,,,,,,0.02190280891954899,,,,,,,,,
12,,,58399,,,,,,,,,,0.08003212511539459,,,,,,,,,
12,,,58419,,,,,,,,,,0.0022046652156859636,,,,,,,,,
12,,,58439,,,,,,,,,,0.00042070343624800444,,,,,,,,,
12,,,58459,,,,,,,,,,0.03726676106452942,,,,,,,,,
12,,,58479,,,,,,,,,,0.37670376896858215,,,,,,,,,
12,,,58499,,,,,,,,,,0.11055715382099152,,,,,,,,,
12,,,58519,,,,,,,,,,0.004685692489147186,,,,,,,,,
12,,,58539,,,,,,,,,,0.01786271668970585,,,,,,,,,
12,,,58559,,,,,,,,,,0.32044392824172974,,,,,,,,,
12,,,58579,,,,,,,,,,0.007409410085529089,,,,,,,,,
12,,,58599,,,,,,,,,,0.0014459745725616813,,,,,,,,,
12,,,58619,,,,,,,,,,0.002740913536399603,,,,,,,,,
12,,,58639,,,,,,,,,,0.41947975754737854,,,,,,,,,
12,,,58659,,,,,,,,,,0.02739320881664753,,,,,,,,,
12,,,58679,,,,,,,,,,0.07070451974868774,,,,,,,,,
12,,,58699,,,,,,,,,,0.03913680836558342,,,,,,,,,
12,,,58719,,,,,,,,,,0.07805722951889038,,,,,,,,,
12,,,58739,,,,,,,,,,0.13825446367263794,,,,,,,,,
12,,,58759,,,,,,,,,,0.016632506623864174,,,,,,,,,
12,,,58779,,,,,,,,,,0.02156314067542553,,,,,,,,,
12,,,58799,,,,,,,,,,0.06471414864063263,,,,,,,,,
12,,,58819,,,,,,,,,,0.029667500406503677,,,,,,,,,
12,,,58839,,,,,,,,,,0.011961031705141068,,,,,,,,,
12,,,58859,,,,,,,,,,0.032873187214136124,,,,,,,,,
12,,,58879,,,,,,,,,,0.04726996272802353,,,,,,,,,
12,,,58899,,,,,,,,,,0.013277461752295494,,,,,,,,,
12,,,58919,,,,,,,,,,0.0010424890788272023,,,,,,,,,
12,,,58939,,,,,,,,,,0.1263313740491867,,,,,,,,,
12,,,58959,,,,,,,,,,0.0027081025764346123,,,,,,,,,
12,,,58979,,,,,,,,,,0.010651065036654472,,,,,,,,,
12,,,58999,,,,,,,,,,0.0423835888504982,,,,,,,,,
12,,,59019,,,,,,,,,,0.008568456396460533,,,,,,,,,
12,,,59039,,,,,,,,,,0.03305191546678543,,,,,,,,,
12,,,59059,,,,,,,,,,0.006769591011106968,,,,,,,,,
12,,,59079,,,,,,,,,,0.06060366705060005,,,,,,,,,
12,,,59099,,,,,,,,,,0.02697174996137619,,,,,,,,,
12,,,59119,,,,,,,,,,0.03117482177913189,,,,,,,,,
12,,,59139,,,,,,,,,,0.002490905812010169,,,,,,,,,
12,,,59159,,,,,,,,,,0.000499472429510206,,,,,,,,,
12,,,59179,,,,,,,,,,0.11149691045284271,,,,,,,,,
12,,,59199,,,,,,,,,,0.03661256283521652,,,,,,,,,
12,,,59219,,,,,,,,,,0.009341702796518803,,,,,,,,,
12,,,59239,,,,,,,,,,0.13711372017860413,,,,,,,,,
12,,,59259,,,,,,,,,,0.028272783383727074,,,,,,,,,
12,,,59279,,,,,,,,,,0.18111655116081238,,,,,,,,,
12,,,59299,,,,,,,,,,0.023397687822580338,,,,,,,,,
12,,,59319,,,,,,,,,,0.017929155379533768,,,,,,,,,
12,,,59339,,,,,,,,,,0.0002626473142299801,,,,,,,,,
12,,,59359,,,,,,,,,,0.0032923920080065727,,,,,,,,,
12,,,59379,,,,,,,,,,0.159955695271492,,,,,,,,,
12,,,59399,,,,,,,,,,0.06586052477359772,,,,,,,,,
12,,,59419,,,,,,,,,,0.0018998391460627317,,,,,,,,,
12,,,59439,,,,,,,,,,0.26583606004714966,,,,,,,,,
12,,,59459,,,,,,,,,,0.042614784091711044,,,,,,,,,
12,,,59479,,,,,,,,,,0.06785748898983002,,,,,,,,,
12,,,59499,,,,,,,,,,0.35843169689178467,,,,,,,,,
12,,,59519,,,,,,,,,,0.0016604347620159388,,,,,,,,,
12,,,59539,,,,,,,,,,0.00752231664955616,,,,,,,,,
12,,,59559,,,,,,,,,,0.03239675983786583,,,,,,,,,
12,,,59579,,,,,,,,,,0.0437760055065155,,,,,,,,,
12,,,59599,,,,,,,,,,0.017014313489198685,,,,,,,,,
12,,,59619,,,,,,,,,,0.04511403292417526,,,,,,,,,
12,,,59639,,,,,,,,,,0.0015310693997889757,,,,,,,,,
12,,,59659,,,,,,,,,,0.03651278465986252,,,,,,,,,
12,,,59679,,,,,,,,,,0.09124032407999039,,,,,,,,,
12,,,59699,,,,,,,,,,0.05229026824235916,,,,,,,,,
12,,,59719,,,,,,,,,,0.0019265934824943542,,,,,,,,,
12,,,59739,,,,,,,,,,0.14976949989795685,,,,,,,,,
12,,,59759,,,,,,,,,,0.02884523570537567,,,,,,,,,
12,,,59779,,,,,,,,,,0.10371174663305283,,,,,,,,,
12,,,59799,,,,,,,,,,0.03529296815395355,,,,,,,,,
12,,,59819,,,,,,,,,,0.022249411791563034,,,,,,,,,
12,,,59839,,,,,,,,,,0.023950694128870964,,,,,,,,,
12,,,59859,,,,,,,,,,0.23570309579372406,,,,,,,,,
12,,,59879,,,,,,,,,,0.020184369757771492,,,,,,,,,
12,,,59899,,,,,,,,,,0.1481219232082367,,,,,,,,,
12,,,59919,,,,,,,,,,0.26567530632019043,,,,,,,,,
12,,,59939,,,,,,,,,,0.004876893945038319,,,,,,,,,
12,,,59959,,,,,,,,,,0.4335460364818573,,,,,,,,,
12,,,59979,,,,,,,,,,0.009383992291986942,,,,,,,,,
12,,,59999,,,,,,,,,,0.09772217273712158,,,,,,,,,
12,,,60019,,,,,,,,,,0.07221896201372147,,,,,,,,,
12,,,60039,,,,,,,,,,0.09850253164768219,,,,,,,,,
12,,,60059,,,,,,,,,,0.12508706748485565,,,,,,,,,
12,,,60079,,,,,,,,,,0.026094838976860046,,,,,,,,,
12,,,60099,,,,,,,,,,0.005550124682486057,,,,,,,,,
12,,,60119,,,,,,,,,,0.008368092589080334,,,,,,,,,
12,,,60139,,,,,,,,,,0.05096385255455971,,,,,,,,,
12,,,60159,,,,,,,,,,0.06776902079582214,,,,,,,,,
12,,,60179,,,,,,,,,,0.0013150493614375591,,,,,,,,,
12,,,60199,,,,,,,,,,0.021667636930942535,,,,,,,,,
12,,,60219,,,,,,,,,,0.033685073256492615,,,,,,,,,
12,,,60239,,,,,,,,,,0.00608284305781126,,,,,,,,,
12,,,60259,,,,,,,,,,0.14225569367408752,,,,,,,,,
12,,,60279,,,,,,,,,,0.001998943043872714,,,,,,,,,
12,,,60299,,,,,,,,,,0.04133567586541176,,,,,,,,,
12,,,60319,,,,,,,,,,0.0068389964289963245,,,,,,,,,
12,,,60339,,,,,,,,,,0.05733984708786011,,,,,,,,,
12,,,60359,,,,,,,,,,0.012123888358473778,,,,,,,,,
12,,,60379,,,,,,,,,,0.06884916871786118,,,,,,,,,
12,,,60399,,,,,,,,,,0.007037055678665638,,,,,,,,,
12,,,60419,,,,,,,,,,0.0008452358888462186,,,,,,,,,
12,,,60439,,,,,,,,,,0.0057832421734929085,,,,,,,,,
12,,,60459,,,,,,,,,,0.03921723738312721,,,,,,,,,
12,,,60479,,,,,,,,,,0.07315874099731445,,,,,,,,,
12,,,60499,,,,,,,,,,0.013639644719660282,,,,,,,,,
12,,,60519,,,,,,,,,,0.012768522836267948,,,,,,,,,
12,,,60539,,,,,,,,,,0.002341387327760458,,,,,,,,,
12,,,60559,,,,,,,,,,0.05712636560201645,,,,,,,,,
12,,,60579,,,,,,,,,,0.1390846222639084,,,,,,,,,
12,,,60599,,,,,,,,,,0.002136110793799162,,,,,,,,,
12,,,60619,,,,,,,,,,0.122286356985569,,,,,,,,,
12,,,60639,,,,,,,,,,0.02668604627251625,,,,,,,,,
12,,,60659,,,,,,,,,,0.03060978092253208,,,,,,,,,
12,,,60679,,,,,,,,,,0.2666643559932709,,,,,,,,,
12,,,60699,,,,,,,,,,0.00929961446672678,,,,,,,,,
12,,,60719,,,,,,,,,,0.06007145345211029,,,,,,,,,
12,,,60739,,,,,,,,,,0.08576884865760803,,,,,,,,,
12,,,60759,,,,,,,,,,0.21119381487369537,,,,,,,,,
12,,,60779,,,,,,,,,,0.05921759828925133,,,,,,,,,
12,,,60799,,,,,,,,,,0.00032895029289647937,,,,,,,,,
12,,,60819,,,,,,,,,,0.19559960067272186,,,,,,,,,
12,,,60839,,,,,,,,,,0.042972762137651443,,,,,,,,,
12,,,60859,,,,,,,,,,0.00684077525511384,,,,,,,,,
12,,,60879,,,,,,,,,,0.022494588047266006,,,,,,,,,
12,,,60899,,,,,,,,,,0.09315427392721176,,,,,,,,,
12,,,60919,,,,,,,,,,0.0040359580889344215,,,,,,,,,
12,,,60939,,,,,,,,,,0.13247308135032654,,,,,,,,,
12,,,60959,,,,,,,,,,0.0032149027101695538,,,,,,,,,
12,,,60979,,,,,,,,,,0.3312302529811859,,,,,,,,,
12,,,60999,,,,,,,,,,0.011837315745651722,,,,,,,,,
12,,,61019,,,,,,,,,,0.000603850930929184,,,,,,,,,
12,,,61039,,,,,,,,,,0.019198844209313393,,,,,,,,,
12,,,61059,,,,,,,,,,0.028847968205809593,,,,,,,,,
12,,,61079,,,,,,,,,,0.0021846459712833166,,,,,,,,,
12,,,61099,,,,,,,,,,0.0015466180630028248,,,,,,,,,
12,,,61119,,,,,,,,,,0.014951195567846298,,,,,,,,,
12,,,61139,,,,,,,,,,0.1080923080444336,,,,,,,,,
12,,,61159,,,,,,,,,,0.04913635179400444,,,,,,,,,
12,,,61179,,,,,,,,,,0.02257201448082924,,,,,,,,,
12,,,61199,,,,,,,,,,0.017899349331855774,,,,,,,,,
12,,,61219,,,,,,,,,,0.03503084555268288,,,,,,,,,
12,,,61239,,,,,,,,,,0.032831545919179916,,,,,,,,,
12,,,61259,,,,,,,,,,0.01865357533097267,,,,,,,,,
12,,,61279,,,,,,,,,,0.0018767371075227857,,,,,,,,,
12,,,61299,,,,,,,,,,0.026287375018000603,,,,,,,,,
12,,,61319,,,,,,,,,,0.0019107498228549957,,,,,,,,,
12,,,61339,,,,,,,,,,0.0010153984185308218,,,,,,,,,
12,,,61359,,,,,,,,,,0.04327094182372093,,,,,,,,,
12,,,61379,,,,,,,,,,0.0031079419422894716,,,,,,,,,
12,,,61399,,,,,,,,,,0.14152607321739197,,,,,,,,,
12,,,61419,,,,,,,,,,0.03164402395486832,,,,,,,,,
12,,,61439,,,,,,,,,,0.0027179138269275427,,,,,,,,,
12,,,61459,,,,,,,,,,0.0032820021733641624,,,,,,,,,
12,,,61479,,,,,,,,,,0.002179252915084362,,,,,,,,,
12,,,61499,,,,,,,,,,0.03322828188538551,,,,,,,,,
12,,,61519,,,,,,,,,,0.06325595825910568,,,,,,,,,
12,,,61539,,,,,,,,,,0.016845565289258957,,,,,,,,,
12,,,61559,,,,,,,,,,0.011043250560760498,,,,,,,,,
12,,,61579,,,,,,,,,,0.0037491414695978165,,,,,,,,,
12,,,61599,,,,,,,,,,0.009133833460509777,,,,,,,,,
12,,,61619,,,,,,,,,,0.006735334172844887,,,,,,,,,
12,,,61639,,,,,,,,,,0.005458370316773653,,,,,,,,,
12,,,61659,,,,,,,,,,0.1631661206483841,,,,,,,,,
12,,,61679,,,,,,,,,,0.0014812406152486801,,,,,,,,,
12,,,61699,,,,,,,,,,0.05575587972998619,,,,,,,,,
12,,,61719,,,,,,,,,,0.1937909722328186,,,,,,,,,
12,,,61739,,,,,,,,,,0.010156035423278809,,,,,,,,,
12,,,61759,,,,,,,,,,0.01709691435098648,,,,,,,,,
12,,,61779,,,,,,,,,,0.08577731251716614,,,,,,,,,
12,,,61799,,,,,,,,,,0.03664698451757431,,,,,,,,,
12,,,61819,,,,,,,,,,0.19782690703868866,,,,,,,,,
12,,,61839,,,,,,,,,,0.0021875398233532906,,,,,,,,,
12,,,61859,,,,,,,,,,0.04809257388114929,,,,,,,,,
12,,,61879,,,,,,,,,,0.041937876492738724,,,,,,,,,
12,,,61899,,,,,,,,,,0.0002737030736170709,,,,,,,,,
12,,,61919,,,,,,,,,,0.007577934302389622,,,,,,,,,
12,,,61939,,,,,,,,,,0.19788144528865814,,,,,,,,,
12,,,61959,,,,,,,,,,0.00970534235239029,,,,,,,,,
12,,,61979,,,,,,,,,,0.04286480322480202,,,,,,,,,
12,,,61999,,,,,,,,,,0.0007751702796667814,,,,,,,,,
12,,,62019,,,,,,,,,,0.011361582204699516,,,,,,,,,
12,,,62039,,,,,,,,,,0.06816279143095016,,,,,,,,,
12,,,62048,,,,,,,,,,,0.7183312177658081,0.8483548164367676,0.7087253928184509,2.8550965785980225,0.7003298997879028,0.4182737171649933,0.46041005849838257,0.9402498006820679,0.7183312177658081
12,,,62048,,,,,,,,0.9778145551681519,0.0570598840713501,,,,,,,,,,
,0.0002822881896522532,0.0002822881896522532,62049,,,,,,,,,,,,,,,,,,,
13,,,62059,,,,,,,,,,0.07584647089242935,,,,,,,,,
13,,,62079,,,,,,,,,,0.0005581345176324248,,,,,,,,,
13,,,62099,,,,,,,,,,0.07300126552581787,,,,,,,,,
13,,,62119,,,,,,,,,,0.009754925966262817,,,,,,,,,
13,,,62139,,,,,,,,,,0.10323265194892883,,,,,,,,,
13,,,62159,,,,,,,,,,0.0003301768156234175,,,,,,,,,
13,,,62179,,,,,,,,,,0.017769036814570427,,,,,,,,,
13,,,62199,,,,,,,,,,0.14832496643066406,,,,,,,,,
13,,,62219,,,,,,,,,,0.0811597928404808,,,,,,,,,
13,,,62239,,,,,,,,,,0.07759331911802292,,,,,,,,,
13,,,62259,,,,,,,,,,0.0029898316133767366,,,,,,,,,
13,,,62279,,,,,,,,,,0.0013160048983991146,,,,,,,,,
13,,,62299,,,,,,,,,,0.004670991562306881,,,,,,,,,
13,,,62319,,,,,,,,,,0.00916372612118721,,,,,,,,,
13,,,62339,,,,,,,,,,0.020505934953689575,,,,,,,,,
13,,,62359,,,,,,,,,,0.10033634305000305,,,,,,,,,
13,,,62379,,,,,,,,,,0.08945539593696594,,,,,,,,,
13,,,62399,,,,,,,,,,0.13449862599372864,,,,,,,,,
13,,,62419,,,,,,,,,,0.0073732417076826096,,,,,,,,,
13,,,62439,,,,,,,,,,0.12328021228313446,,,,,,,,,
13,,,62459,,,,,,,,,,0.004726548679172993,,,,,,,,,
13,,,62479,,,,,,,,,,0.0014593526721000671,,,,,,,,,
13,,,62499,,,,,,,,,,0.0882328450679779,,,,,,,,,
13,,,62519,,,,,,,,,,0.02396238036453724,,,,,,,,,
13,,,62539,,,,,,,,,,0.021677784621715546,,,,,,,,,
13,,,62559,,,,,,,,,,0.09171172231435776,,,,,,,,,
13,,,62579,,,,,,,,,,0.03247261419892311,,,,,,,,,
13,,,62599,,,,,,,,,,0.10511064529418945,,,,,,,,,
13,,,62619,,,,,,,,,,0.023368271067738533,,,,,,,,,
13,,,62639,,,,,,,,,,0.0019043658394366503,,,,,,,,,
13,,,62659,,,,,,,,,,0.02925020456314087,,,,,,,,,
13,,,62679,,,,,,,,,,0.04681563377380371,,,,,,,,,
13,,,62699,,,,,,,,,,0.041067466139793396,,,,,,,,,
13,,,62719,,,,,,,,,,0.004153811372816563,,,,,,,,,
13,,,62739,,,,,,,,,,0.003796104807406664,,,,,,,,,
13,,,62759,,,,,,,,,,0.08751611411571503,,,,,,,,,
13,,,62779,,,,,,,,,,0.0968131497502327,,,,,,,,,
13,,,62799,,,,,,,,,,0.030028225854039192,,,,,,,,,
13,,,62819,,,,,,,,,,0.02577289007604122,,,,,,,,,
13,,,62839,,,,,,,,,,0.14033423364162445,,,,,,,,,
13,,,62859,,,,,,,,,,0.004844177048653364,,,,,,,,,
13,,,62879,,,,,,,,,,0.09534530341625214,,,,,,,,,
13,,,62899,,,,,,,,,,0.0024670101702213287,,,,,,,,,
13,,,62919,,,,,,,,,,0.0005775471217930317,,,,,,,,,
13,,,62939,,,,,,,,,,0.0009031614754348993,,,,,,,,,
13,,,62959,,,,,,,,,,0.09380586445331573,,,,,,,,,
13,,,62979,,,,,,,,,,0.0016834939597174525,,,,,,,,,
13,,,62999,,,,,,,,,,0.01329750381410122,,,,,,,,,
13,,,63019,,,,,,,,,,0.003069333964958787,,,,,,,,,
13,,,63039,,,,,,,,,,0.08514481782913208,,,,,,,,,
13,,,63059,,,,,,,,,,0.08367958664894104,,,,,,,,,
13,,,63079,,,,,,,,,,0.003992162644863129,,,,,,,,,
13,,,63099,,,,,,,,,,0.0027303502429276705,,,,,,,,,
13,,,63119,,,,,,,,,,0.06604699045419693,,,,,,,,,
13,,,63139,,,,,,,,,,0.013790485449135303,,,,,,,,,
13,,,63159,,,,,,,,,,0.04232201725244522,,,,,,,,,
13,,,63179,,,,,,,,,,0.08342806994915009,,,,,,,,,
13,,,63199,,,,,,,,,,0.0013200337998569012,,,,,,,,,
13,,,63219,,,,,,,,,,0.09731218963861465,,,,,,,,,
13,,,63239,,,,,,,,,,0.012125076726078987,,,,,,,,,
13,,,63259,,,,,,,,,,0.008018359541893005,,,,,,,,,
13,,,63279,,,,,,,,,,0.050181593745946884,,,,,,,,,
13,,,63299,,,,,,,,,,0.031747423112392426,,,,,,,,,
13,,,63319,,,,,,,,,,0.12698149681091309,,,,,,,,,
13,,,63339,,,,,,,,,,0.08558617532253265,,,,,,,,,
13,,,63359,,,,,,,,,,0.04794102907180786,,,,,,,,,
13,,,63379,,,,,,,,,,0.0031907004304230213,,,,,,,,,
13,,,63399,,,,,,,,,,0.06952401995658875,,,,,,,,,
13,,,63419,,,,,,,,,,0.004666124004870653,,,,,,,,,
13,,,63439,,,,,,,,,,0.37048661708831787,,,,,,,,,
13,,,63459,,,,,,,,,,0.0004977522185072303,,,,,,,,,
13,,,63479,,,,,,,,,,0.07575853914022446,,,,,,,,,
13,,,63499,,,,,,,,,,0.010522943921387196,,,,,,,,,
13,,,63519,,,,,,,,,,0.05065204203128815,,,,,,,,,
13,,,63539,,,,,,,,,,0.030262228101491928,,,,,,,,,
13,,,63559,,,,,,,,,,0.043841153383255005,,,,,,,,,
13,,,63579,,,,,,,,,,0.013456426560878754,,,,,,,,,
13,,,63599,,,,,,,,,,0.002937034238129854,,,,,,,,,
13,,,63619,,,,,,,,,,0.05494723841547966,,,,,,,,,
13,,,63639,,,,,,,,,,0.0007082673255354166,,,,,,,,,
13,,,63659,,,,,,,,,,0.02586395852267742,,,,,,,,,
13,,,63679,,,,,,,,,,0.004120854660868645,,,,,,,,,
13,,,63699,,,,,,,,,,0.0005515617085620761,,,,,,,,,
13,,,63719,,,,,,,,,,0.026209063827991486,,,,,,,,,
13,,,63739,,,,,,,,,,0.007488376460969448,,,,,,,,,
13,,,63759,,,,,,,,,,0.0335262268781662,,,,,,,,,
13,,,63779,,,,,,,,,,0.037494923919439316,,,,,,,,,
13,,,63799,,,,,,,,,,0.01659483090043068,,,,,,,,,
13,,,63819,,,,,,,,,,0.006450187414884567,,,,,,,,,
13,,,63839,,,,,,,,,,0.002232843078672886,,,,,,,,,
13,,,63859,,,,,,,,,,0.4006737470626831,,,,,,,,,
13,,,63879,,,,,,,,,,0.004075818695127964,,,,,,,,,
13,,,63899,,,,,,,,,,0.0745234489440918,,,,,,,,,
13,,,63919,,,,,,,,,,0.2619139552116394,,,,,,,,,
13,,,63939,,,,,,,,,,0.019986428320407867,,,,,,,,,
13,,,63959,,,,,,,,,,0.7224919199943542,,,,,,,,,
13,,,63979,,,,,,,,,,0.005433563608676195,,,,,,,,,
13,,,63999,,,,,,,,,,0.000995325273834169,,,,,,,,,
13,,,64019,,,,,,,,,,0.0002812196617014706,,,,,,,,,
13,,,64039,,,,,,,,,,0.12611162662506104,,,,,,,,,
13,,,64059,,,,,,,,,,0.022410424426198006,,,,,,,,,
13,,,64079,,,,,,,,,,0.0006180382915772498,,,,,,,,,
13,,,64099,,,,,,,,,,0.005690637044608593,,,,,,,,,
13,,,64119,,,,,,,,,,0.005501738749444485,,,,,,,,,
13,,,64139,,,,,,,,,,0.07534089684486389,,,,,,,,,
13,,,64159,,,,,,,,,,0.0009287069551646709,,,,,,,,,
13,,,64179,,,,,,,,,,0.015987565740942955,,,,,,,,,
13,,,64199,,,,,,,,,,0.01386944204568863,,,,,,,,,
13,,,64219,,,,,,,,,,0.001178341917693615,,,,,,,,,
13,,,64239,,,,,,,,,,0.12716007232666016,,,,,,,,,
13,,,64259,,,,,,,,,,0.0020021831151098013,,,,,,,,,
13,,,64279,,,,,,,,,,0.00903033372014761,,,,,,,,,
13,,,64299,,,,,,,,,,0.21795184910297394,,,,,,,,,
13,,,64319,,,,,,,,,,0.003913090564310551,,,,,,,,,
13,,,64339,,,,,,,,,,0.012508591637015343,,,,,,,,,
13,,,64359,,,,,,,,,,0.00456122774630785,,,,,,,,,
13,,,64379,,,,,,,,,,0.008446605876088142,,,,,,,,,
13,,,64399,,,,,,,,,,0.003846423700451851,,,,,,,,,
13,,,64419,,,,,,,,,,0.06485138088464737,,,,,,,,,
13,,,64439,,,,,,,,,,0.0002117696712957695,,,,,,,,,
13,,,64459,,,,,,,,,,0.008533640764653683,,,,,,,,,
13,,,64479,,,,,,,,,,0.0034012228716164827,,,,,,,,,
13,,,64499,,,,,,,,,,0.0294179767370224,,,,,,,,,
13,,,64519,,,,,,,,,,0.030253179371356964,,,,,,,,,
13,,,64539,,,,,,,,,,0.0833381861448288,,,,,,,,,
13,,,64559,,,,,,,,,,0.0014134658267721534,,,,,,,,,
13,,,64579,,,,,,,,,,0.002640223130583763,,,,,,,,,
13,,,64599,,,,,,,,,,0.0016038467874750495,,,,,,,,,
13,,,64619,,,,,,,,,,0.01748543418943882,,,,,,,,,
13,,,64639,,,,,,,,,,0.015356641262769699,,,,,,,,,
13,,,64659,,,,,,,,,,0.0030193778220564127,,,,,,,,,
13,,,64679,,,,,,,,,,0.021431948989629745,,,,,,,,,
13,,,64699,,,,,,,,,,0.051653772592544556,,,,,,,,,
13,,,64719,,,,,,,,,,0.03058900684118271,,,,,,,,,
13,,,64739,,,,,,,,,,0.05090106278657913,,,,,,,,,
13,,,64759,,,,,,,,,,0.028939832001924515,,,,,,,,,
13,,,64779,,,,,,,,,,0.0006889078649692237,,,,,,,,,
13,,,64799,,,,,,,,,,0.021443573758006096,,,,,,,,,
13,,,64819,,,,,,,,,,0.0003617453621700406,,,,,,,,,
13,,,64839,,,,,,,,,,0.04566500708460808,,,,,,,,,
13,,,64859,,,,,,,,,,0.047311846166849136,,,,,,,,,
13,,,64879,,,,,,,,,,0.045791324228048325,,,,,,,,,
13,,,64899,,,,,,,,,,0.16104112565517426,,,,,,,,,
13,,,64919,,,,,,,,,,0.0966227799654007,,,,,,,,,
13,,,64939,,,,,,,,,,0.38977059721946716,,,,,,,,,
13,,,64959,,,,,,,,,,0.010892915539443493,,,,,,,,,
13,,,64979,,,,,,,,,,0.020131491124629974,,,,,,,,,
13,,,64999,,,,,,,,,,0.03373899310827255,,,,,,,,,
13,,,65019,,,,,,,,,,0.043321579694747925,,,,,,,,,
13,,,65039,,,,,,,,,,0.018242357298731804,,,,,,,,,
13,,,65059,,,,,,,,,,0.07603299617767334,,,,,,,,,
13,,,65079,,,,,,,,,,0.0015161813935264945,,,,,,,,,
13,,,65099,,,,,,,,,,0.0374138280749321,,,,,,,,,
13,,,65119,,,,,,,,,,0.06548244506120682,,,,,,,,,
13,,,65139,,,,,,,,,,0.07989618182182312,,,,,,,,,
13,,,65159,,,,,,,,,,0.023004302754998207,,,,,,,,,
13,,,65179,,,,,,,,,,0.028732798993587494,,,,,,,,,
13,,,65199,,,,,,,,,,0.0030135503038764,,,,,,,,,
13,,,65219,,,,,,,,,,0.0040602292865514755,,,,,,,,,
13,,,65239,,,,,,,,,,0.0010919130872935057,,,,,,,,,
13,,,65259,,,,,,,,,,0.002924078144133091,,,,,,,,,
13,,,65279,,,,,,,,,,0.0036092260852456093,,,,,,,,,
13,,,65299,,,,,,,,,,0.103873610496521,,,,,,,,,
13,,,65319,,,,,,,,,,0.018992509692907333,,,,,,,,,
13,,,65339,,,,,,,,,,0.0005354455206543207,,,,,,,,,
13,,,65359,,,,,,,,,,0.040285468101501465,,,,,,,,,
13,,,65379,,,,,,,,,,0.0811271220445633,,,,,,,,,
13,,,65399,,,,,,,,,,0.02551361545920372,,,,,,,,,
13,,,65419,,,,,,,,,,0.0020265341736376286,,,,,,,,,
13,,,65439,,,,,,,,,,0.012474754825234413,,,,,,,,,
13,,,65459,,,,,,,,,,0.01784299500286579,,,,,,,,,
13,,,65479,,,,,,,,,,0.026356613263487816,,,,,,,,,
13,,,65499,,,,,,,,,,0.08111844211816788,,,,,,,,,
13,,,65519,,,,,,,,,,0.005332055035978556,,,,,,,,,
13,,,65539,,,,,,,,,,0.01885470189154148,,,,,,,,,
13,,,65559,,,,,,,,,,0.02403280697762966,,,,,,,,,
13,,,65579,,,,,,,,,,0.11298289149999619,,,,,,,,,
13,,,65599,,,,,,,,,,0.008681077510118484,,,,,,,,,
13,,,65619,,,,,,,,,,0.010902497917413712,,,,,,,,,
13,,,65639,,,,,,,,,,0.03854983299970627,,,,,,,,,
13,,,65659,,,,,,,,,,0.106854148209095,,,,,,,,,
13,,,65679,,,,,,,,,,0.000226312069571577,,,,,,,,,
13,,,65699,,,,,,,,,,0.001198174781166017,,,,,,,,,
13,,,65719,,,,,,,,,,0.0272859875112772,,,,,,,,,
13,,,65739,,,,,,,,,,0.07219520211219788,,,,,,,,,
13,,,65759,,,,,,,,,,0.028981763869524002,,,,,,,,,
13,,,65779,,,,,,,,,,0.08418635278940201,,,,,,,,,
13,,,65799,,,,,,,,,,0.10044149309396744,,,,,,,,,
13,,,65819,,,,,,,,,,0.003938863053917885,,,,,,,,,
13,,,65839,,,,,,,,,,0.059354301542043686,,,,,,,,,
13,,,65859,,,,,,,,,,0.03738225996494293,,,,,,,,,
13,,,65879,,,,,,,,,,0.042542681097984314,,,,,,,,,
13,,,65899,,,,,,,,,,0.005358319729566574,,,,,,,,,
13,,,65919,,,,,,,,,,0.0010452596470713615,,,,,,,,,
13,,,65939,,,,,,,,,,0.056197721511125565,,,,,,,,,
13,,,65959,,,,,,,,,,0.00036872795317322016,,,,,,,,,
13,,,65979,,,,,,,,,,0.05615067481994629,,,,,,,,,
13,,,65999,,,,,,,,,,0.011364882811903954,,,,,,,,,
13,,,66019,,,,,,,,,,0.06807892769575119,,,,,,,,,
13,,,66039,,,,,,,,,,0.011114238761365414,,,,,,,,,
13,,,66059,,,,,,,,,,0.0004661389975808561,,,,,,,,,
13,,,66079,,,,,,,,,,0.029092060402035713,,,,,,,,,
13,,,66099,,,,,,,,,,0.021862290799617767,,,,,,,,,
13,,,66119,,,,,,,,,,0.3266129791736603,,,,,,,,,
13,,,66139,,,,,,,,,,0.04394935816526413,,,,,,,,,
13,,,66159,,,,,,,,,,0.002056223340332508,,,,,,,,,
13,,,66179,,,,,,,,,,0.017881525680422783,,,,,,,,,
13,,,66199,,,,,,,,,,0.0013768207281827927,,,,,,,,,
13,,,66219,,,,,,,,,,0.000552611774764955,,,,,,,,,
13,,,66239,,,,,,,,,,0.04624447226524353,,,,,,,,,
13,,,66259,,,,,,,,,,0.045474909245967865,,,,,,,,,
13,,,66279,,,,,,,,,,0.017016813158988953,,,,,,,,,
13,,,66299,,,,,,,,,,0.016592444851994514,,,,,,,,,
13,,,66319,,,,,,,,,,0.04403689131140709,,,,,,,,,
13,,,66339,,,,,,,,,,0.054022014141082764,,,,,,,,,
13,,,66359,,,,,,,,,,0.4999220371246338,,,,,,,,,
13,,,66379,,,,,,,,,,0.0007241694256663322,,,,,,,,,
13,,,66399,,,,,,,,,,0.001352743711322546,,,,,,,,,
13,,,66419,,,,,,,,,,0.052132248878479004,,,,,,,,,
13,,,66439,,,,,,,,,,0.11258678883314133,,,,,,,,,
13,,,66459,,,,,,,,,,0.046507906168699265,,,,,,,,,
13,,,66479,,,,,,,,,,0.018724782392382622,,,,,,,,,
13,,,66499,,,,,,,,,,0.014859945513308048,,,,,,,,,
13,,,66519,,,,,,,,,,0.03689717873930931,,,,,,,,,
13,,,66539,,,,,,,,,,0.010264460928738117,,,,,,,,,
13,,,66559,,,,,,,,,,0.009037930518388748,,,,,,,,,
13,,,66579,,,,,,,,,,0.056994903832674026,,,,,,,,,
13,,,66599,,,,,,,,,,0.09170464426279068,,,,,,,,,
13,,,66619,,,,,,,,,,0.04209599643945694,,,,,,,,,
13,,,66639,,,,,,,,,,0.0045953355729579926,,,,,,,,,
13,,,66659,,,,,,,,,,0.02553948573768139,,,,,,,,,
13,,,66679,,,,,,,,,,0.0018709166906774044,,,,,,,,,
13,,,66699,,,,,,,,,,0.007274308707565069,,,,,,,,,
13,,,66719,,,,,,,,,,0.06825782358646393,,,,,,,,,
13,,,66739,,,,,,,,,,0.10173986107110977,,,,,,,,,
13,,,66759,,,,,,,,,,0.07710219919681549,,,,,,,,,
13,,,66779,,,,,,,,,,0.06108763813972473,,,,,,,,,
13,,,66799,,,,,,,,,,0.20369866490364075,,,,,,,,,
13,,,66819,,,,,,,,,,0.00318771880120039,,,,,,,,,
13,,,66821,,,,,,,,,,,0.6723657846450806,0.8366998434066772,0.6942620873451233,3.995304584503174,0.7268946170806885,0.39551910758018494,0.5251061916351318,0.9286829829216003,0.6723657846450806
13,,,66821,,,,,,,,0.9790645837783813,0.05279913917183876,,,,,,,,,,
,0.0002747204418453818,0.0002747204418453818,66822,,,,,,,,,,,,,,,,,,,
14,,,66839,,,,,,,,,,0.002477956237271428,,,,,,,,,
14,,,66859,,,,,,,,,,0.006977703422307968,,,,,,,,,
14,,,66879,,,,,,,,,,0.0011454722844064236,,,,,,,,,
14,,,66899,,,,,,,,,,0.0406082384288311,,,,,,,,,
14,,,66919,,,,,,,,,,0.0006508874939754605,,,,,,,,,
14,,,66939,,,,,,,,,,0.8410366177558899,,,,,,,,,
14,,,66959,,,,,,,,,,0.05059629678726196,,,,,,,,,
14,,,66979,,,,,,,,,,0.06743967533111572,,,,,,,,,
14,,,66999,,,,,,,,,,0.3351433575153351,,,,,,,,,
14,,,67019,,,,,,,,,,0.006922487169504166,,,,,,,,,
14,,,67039,,,,,,,,,,0.002355629112571478,,,,,,,,,
14,,,67059,,,,,,,,,,0.05179858207702637,,,,,,,,,
14,,,67079,,,,,,,,,,0.0007248030742630363,,,,,,,,,
14,,,67099,,,,,,,,,,0.0028676013462245464,,,,,,,,,
14,,,67119,,,,,,,,,,0.0422489158809185,,,,,,,,,
14,,,67139,,,,,,,,,,0.11044666171073914,,,,,,,,,
14,,,67159,,,,,,,,,,0.009045928716659546,,,,,,,,,
14,,,67179,,,,,,,,,,0.16210846602916718,,,,,,,,,
14,,,67199,,,,,,,,,,0.00127107510343194,,,,,,,,,
14,,,67219,,,,,,,,,,0.020140040665864944,,,,,,,,,
14,,,67239,,,,,,,,,,0.04363609105348587,,,,,,,,,
14,,,67259,,,,,,,,,,0.062130339443683624,,,,,,,,,
14,,,67279,,,,,,,,,,0.17932461202144623,,,,,,,,,
14,,,67299,,,,,,,,,,0.12309057265520096,,,,,,,,,
14,,,67319,,,,,,,,,,0.04278003051877022,,,,,,,,,
14,,,67339,,,,,,,,,,0.03390376642346382,,,,,,,,,
14,,,67359,,,,,,,,,,0.017418870702385902,,,,,,,,,
14,,,67379,,,,,,,,,,0.1161775216460228,,,,,,,,,
14,,,67399,,,,,,,,,,0.03275595232844353,,,,,,,,,
14,,,67419,,,,,,,,,,0.027668680995702744,,,,,,,,,
14,,,67439,,,,,,,,,,0.10642833262681961,,,,,,,,,
14,,,67459,,,,,,,,,,0.0009834349621087313,,,,,,,,,
14,,,67479,,,,,,,,,,0.06151469051837921,,,,,,,,,
14,,,67499,,,,,,,,,,0.07569192349910736,,,,,,,,,
14,,,67519,,,,,,,,,,0.014162938110530376,,,,,,,,,
14,,,67539,,,,,,,,,,0.0009842851432040334,,,,,,,,,
14,,,67559,,,,,,,,,,0.13429127633571625,,,,,,,,,
14,,,67579,,,,,,,,,,0.1877024918794632,,,,,,,,,
14,,,67599,,,,,,,,,,0.0400930717587471,,,,,,,,,
14,,,67619,,,,,,,,,,0.030873026698827744,,,,,,,,,
14,,,67639,,,,,,,,,,0.002212381921708584,,,,,,,,,
14,,,67659,,,,,,,,,,0.005011138040572405,,,,,,,,,
14,,,67679,,,,,,,,,,0.6065261363983154,,,,,,,,,
14,,,67699,,,,,,,,,,0.015271980315446854,,,,,,,,,
14,,,67719,,,,,,,,,,0.07322517037391663,,,,,,,,,
14,,,67739,,,,,,,,,,0.05433741584420204,,,,,,,,,
14,,,67759,,,,,,,,,,0.0016759468708187342,,,,,,,,,
14,,,67779,,,,,,,,,,0.12461259216070175,,,,,,,,,
14,,,67799,,,,,,,,,,0.11015281826257706,,,,,,,,,
14,,,67819,,,,,,,,,,0.06614062190055847,,,,,,,,,
14,,,67839,,,,,,,,,,0.008731352165341377,,,,,,,,,
14,,,67859,,,,,,,,,,0.002706654369831085,,,,,,,,,
14,,,67879,,,,,,,,,,0.17303992807865143,,,,,,,,,
14,,,67899,,,,,,,,,,0.038974858820438385,,,,,,,,,
14,,,67919,,,,,,,,,,0.05665229633450508,,,,,,,,,
14,,,67939,,,,,,,,,,0.01576206460595131,,,,,,,,,
14,,,67959,,,,,,,,,,0.022979117929935455,,,,,,,,,
14,,,67979,,,,,,,,,,0.002596433972939849,,,,,,,,,
14,,,67999,,,,,,,,,,0.012087062001228333,,,,,,,,,
14,,,68019,,,,,,,,,,0.03456008806824684,,,,,,,,,
14,,,68039,,,,,,,,,,0.005682442337274551,,,,,,,,,
14,,,68059,,,,,,,,,,0.033694878220558167,,,,,,,,,
14,,,68079,,,,,,,,,,0.04080451652407646,,,,,,,,,
14,,,68099,,,,,,,,,,0.3096546530723572,,,,,,,,,
14,,,68119,,,,,,,,,,0.012220051139593124,,,,,,,,,
14,,,68139,,,,,,,,,,0.06811437010765076,,,,,,,,,
14,,,68159,,,,,,,,,,0.03382477909326553,,,,,,,,,
14,,,68179,,,,,,,,,,0.004972078837454319,,,,,,,,,
14,,,68199,,,,,,,,,,0.014667259529232979,,,,,,,,,
14,,,68219,,,,,,,,,,0.001119265565648675,,,,,,,,,
14,,,68239,,,,,,,,,,0.0454874224960804,,,,,,,,,
14,,,68259,,,,,,,,,,0.0015602768398821354,,,,,,,,,
14,,,68279,,,,,,,,,,0.023387247696518898,,,,,,,,,
14,,,68299,,,,,,,,,,0.007215108722448349,,,,,,,,,
14,,,68319,,,,,,,,,,0.06217198446393013,,,,,,,,,
14,,,68339,,,,,,,,,,0.003051506355404854,,,,,,,,,
14,,,68359,,,,,,,,,,0.056275684386491776,,,,,,,,,
14,,,68379,,,,,,,,,,0.04175775498151779,,,,,,,,,
14,,,68399,,,,,,,,,,0.10800772905349731,,,,,,,,,
14,,,68419,,,,,,,,,,0.28089699149131775,,,,,,,,,
14,,,68439,,,,,,,,,,0.0006381557323038578,,,,,,,,,
14,,,68459,,,,,,,,,,0.00029722193721681833,,,,,,,,,
14,,,68479,,,,,,,,,,0.03904254734516144,,,,,,,,,
14,,,68499,,,,,,,,,,0.0003591970889829099,,,,,,,,,
14,,,68519,,,,,,,,,,0.09487390518188477,,,,,,,,,
14,,,68539,,,,,,,,,,0.12875030934810638,,,,,,,,,
14,,,68559,,,,,,,,,,0.08818802237510681,,,,,,,,,
14,,,68579,,,,,,,,,,0.026920804753899574,,,,,,,,,
14,,,68599,,,,,,,,,,0.003320195246487856,,,,,,,,,
14,,,68619,,,,,,,,,,0.013657607138156891,,,,,,,,,
14,,,68639,,,,,,,,,,0.0022179661318659782,,,,,,,,,
14,,,68659,,,,,,,,,,0.06316371262073517,,,,,,,,,
14,,,68679,,,,,,,,,,0.034155577421188354,,,,,,,,,
14,,,68699,,,,,,,,,,0.0015898009296506643,,,,,,,,,
14,,,68719,,,,,,,,,,0.004453616216778755,,,,,,,,,
14,,,68739,,,,,,,,,,0.01524338684976101,,,,,,,,,
14,,,68759,,,,,,,,,,0.3284394443035126,,,,,,,,,
14,,,68779,,,,,,,,,,0.028796833008527756,,,,,,,,,
14,,,68799,,,,,,,,,,0.017288532108068466,,,,,,,,,
14,,,68819,,,,,,,,,,0.044110216200351715,,,,,,,,,
14,,,68839,,,,,,,,,,0.021887585520744324,,,,,,,,,
14,,,68859,,,,,,,,,,0.01836639828979969,,,,,,,,,
14,,,68879,,,,,,,,,,0.06674335151910782,,,,,,,,,
14,,,68899,,,,,,,,,,0.13600683212280273,,,,,,,,,
14,,,68919,,,,,,,,,,0.010601415298879147,,,,,,,,,
14,,,68939,,,,,,,,,,0.0018267352133989334,,,,,,,,,
14,,,68959,,,,,,,,,,0.02319026179611683,,,,,,,,,
14,,,68979,,,,,,,,,,0.034410446882247925,,,,,,,,,
14,,,68999,,,,,,,,,,0.01672523096203804,,,,,,,,,
14,,,69019,,,,,,,,,,0.0019603963010013103,,,,,,,,,
14,,,69039,,,,,,,,,,0.0013016283046454191,,,,,,,,,
14,,,69059,,,,,,,,,,0.03818400576710701,,,,,,,,,
14,,,69079,,,,,,,,,,0.005452004261314869,,,,,,,,,
14,,,69099,,,,,,,,,,0.04367709159851074,,,,,,,,,
14,,,69119,,,,,,,,,,0.04588111490011215,,,,,,,,,
14,,,69139,,,,,,,,,,0.011795377358794212,,,,,,,,,
14,,,69159,,,,,,,,,,0.06103592365980148,,,,,,,,,
14,,,69179,,,,,,,,,,0.025726797059178352,,,,,,,,,
14,,,69199,,,,,,,,,,0.01557609811425209,,,,,,,,,
14,,,69219,,,,,,,,,,0.024009613320231438,,,,,,,,,
14,,,69239,,,,,,,,,,0.04663341864943504,,,,,,,,,
14,,,69259,,,,,,,,,,0.2860128581523895,,,,,,,,,
14,,,69279,,,,,,,,,,0.000731998065020889,,,,,,,,,
14,,,69299,,,,,,,,,,0.030176151543855667,,,,,,,,,
14,,,69319,,,,,,,,,,0.035208676010370255,,,,,,,,,
14,,,69339,,,,,,,,,,0.0340019129216671,,,,,,,,,
14,,,69359,,,,,,,,,,0.08409540355205536,,,,,,,,,
14,,,69379,,,,,,,,,,0.02145209349691868,,,,,,,,,
14,,,69399,,,,,,,,,,0.00030699942726641893,,,,,,,,,
14,,,69419,,,,,,,,,,0.008902929723262787,,,,,,,,,
14,,,69439,,,,,,,,,,0.05173325166106224,,,,,,,,,
14,,,69459,,,,,,,,,,0.02103664167225361,,,,,,,,,
14,,,69479,,,,,,,,,,0.07416265457868576,,,,,,,,,
14,,,69499,,,,,,,,,,0.03647560253739357,,,,,,,,,
14,,,69519,,,,,,,,,,0.018595056608319283,,,,,,,,,
14,,,69539,,,,,,,,,,0.004479495342820883,,,,,,,,,
14,,,69559,,,,,,,,,,0.054601039737463,,,,,,,,,
14,,,69579,,,,,,,,,,0.5318801403045654,,,,,,,,,
14,,,69599,,,,,,,,,,0.0005241920007392764,,,,,,,,,
14,,,69619,,,,,,,,,,0.020297478884458542,,,,,,,,,
14,,,69639,,,,,,,,,,0.05230288207530975,,,,,,,,,
14,,,69659,,,,,,,,,,0.005906848236918449,,,,,,,,,
14,,,69679,,,,,,,,,,0.027118459343910217,,,,,,,,,
14,,,69699,,,,,,,,,,0.002269547898322344,,,,,,,,,
14,,,69719,,,,,,,,,,0.03488253802061081,,,,,,,,,
14,,,69739,,,,,,,,,,0.06268192082643509,,,,,,,,,
14,,,69759,,,,,,,,,,0.003849308006465435,,,,,,,,,
14,,,69779,,,,,,,,,,0.07984248548746109,,,,,,,,,
14,,,69799,,,,,,,,,,0.03690033778548241,,,,,,,,,
14,,,69819,,,,,,,,,,0.1513034552335739,,,,,,,,,
14,,,69839,,,,,,,,,,0.013094831258058548,,,,,,,,,
14,,,69859,,,,,,,,,,0.13936030864715576,,,,,,,,,
14,,,69879,,,,,,,,,,0.004519055597484112,,,,,,,,,
14,,,69899,,,,,,,,,,0.06190832331776619,,,,,,,,,
14,,,69919,,,,,,,,,,0.03750615939497948,,,,,,,,,
14,,,69939,,,,,,,,,,0.044697005301713943,,,,,,,,,
14,,,69959,,,,,,,,,,0.0006788686150684953,,,,,,,,,
14,,,69979,,,,,,,,,,0.013845676556229591,,,,,,,,,
14,,,69999,,,,,,,,,,0.6295850872993469,,,,,,,,,
14,,,70019,,,,,,,,,,0.034047681838274,,,,,,,,,
14,,,70039,,,,,,,,,,0.010108092799782753,,,,,,,,,
14,,,70059,,,,,,,,,,0.07629166543483734,,,,,,,,,
14,,,70079,,,,,,,,,,0.005028340965509415,,,,,,,,,
14,,,70099,,,,,,,,,,0.008152438327670097,,,,,,,,,
14,,,70119,,,,,,,,,,0.006833299528807402,,,,,,,,,
14,,,70139,,,,,,,,,,0.024256210774183273,,,,,,,,,
14,,,70159,,,,,,,,,,0.0013118849601596594,,,,,,,,,
14,,,70179,,,,,,,,,,0.030254609882831573,,,,,,,,,
14,,,70199,,,,,,,,,,0.0032679461874067783,,,,,,,,,
14,,,70219,,,,,,,,,,0.0005471424665302038,,,,,,,,,
14,,,70239,,,,,,,,,,0.08959238231182098,,,,,,,,,
14,,,70259,,,,,,,,,,0.008461607620120049,,,,,,,,,
14,,,70279,,,,,,,,,,0.0015168434474617243,,,,,,,,,
14,,,70299,,,,,,,,,,0.007866417057812214,,,,,,,,,
14,,,70319,,,,,,,,,,0.0006865285686217248,,,,,,,,,
14,,,70339,,,,,,,,,,0.5542606711387634,,,,,,,,,
14,,,70359,,,,,,,,,,0.01790975220501423,,,,,,,,,
14,,,70379,,,,,,,,,,0.000944012776017189,,,,,,,,,
14,,,70399,,,,,,,,,,0.3185719847679138,,,,,,,,,
14,,,70419,,,,,,,,,,0.6240247488021851,,,,,,,,,
14,,,70439,,,,,,,,,,0.05514027178287506,,,,,,,,,
14,,,70459,,,,,,,,,,0.007923671044409275,,,,,,,,,
14,,,70479,,,,,,,,,,0.001286485232412815,,,,,,,,,
14,,,70499,,,,,,,,,,0.03186153993010521,,,,,,,,,
14,,,70519,,,,,,,,,,0.03129054233431816,,,,,,,,,
14,,,70539,,,,,,,,,,0.0010763967875391245,,,,,,,,,
14,,,70559,,,,,,,,,,0.0016391127137467265,,,,,,,,,
14,,,70579,,,,,,,,,,0.002882105764001608,,,,,,,,,
14,,,70599,,,,,,,,,,0.10131038725376129,,,,,,,,,
14,,,70619,,,,,,,,,,0.01109883189201355,,,,,,,,,
14,,,70639,,,,,,,,,,0.05779815837740898,,,,,,,,,
14,,,70659,,,,,,,,,,0.057300321757793427,,,,,,,,,
14,,,70679,,,,,,,,,,0.0004585533170029521,,,,,,,,,
14,,,70699,,,,,,,,,,0.11925208568572998,,,,,,,,,
14,,,70719,,,,,,,,,,0.06761425733566284,,,,,,,,,
14,,,70739,,,,,,,,,,0.02143329754471779,,,,,,,,,
14,,,70759,,,,,,,,,,0.00018921267474070191,,,,,,,,,
14,,,70779,,,,,,,,,,0.07683771103620529,,,,,,,,,
14,,,70799,,,,,,,,,,0.041280414909124374,,,,,,,,,
14,,,70819,,,,,,,,,,0.03183384984731674,,,,,,,,,
14,,,70839,,,,,,,,,,0.1060984805226326,,,,,,,,,
14,,,70859,,,,,,,,,,0.07050863653421402,,,,,,,,,
14,,,70879,,,,,,,,,,0.002838580636307597,,,,,,,,,
14,,,70899,,,,,,,,,,0.004414189141243696,,,,,,,,,
14,,,70919,,,,,,,,,,0.06380890309810638,,,,,,,,,
14,,,70939,,,,,,,,,,0.015890752896666527,,,,,,,,,
14,,,70959,,,,,,,,,,0.02380761317908764,,,,,,,,,
14,,,70979,,,,,,,,,,0.00024106205091811717,,,,,,,,,
14,,,70999,,,,,,,,,,0.0032369992695748806,,,,,,,,,
14,,,71019,,,,,,,,,,0.12295610457658768,,,,,,,,,
14,,,71039,,,,,,,,,,0.195687934756279,,,,,,,,,
14,,,71059,,,,,,,,,,0.012531757354736328,,,,,,,,,
14,,,71079,,,,,,,,,,0.00281321513466537,,,,,,,,,
14,,,71099,,,,,,,,,,0.0029605021700263023,,,,,,,,,
14,,,71119,,,,,,,,,,0.20062057673931122,,,,,,,,,
14,,,71139,,,,,,,,,,0.07051469385623932,,,,,,,,,
14,,,71159,,,,,,,,,,0.0035540412645787,,,,,,,,,
14,,,71179,,,,,,,,,,0.06473103165626526,,,,,,,,,
14,,,71199,,,,,,,,,,0.0035279057919979095,,,,,,,,,
14,,,71219,,,,,,,,,,0.07914306223392487,,,,,,,,,
14,,,71239,,,,,,,,,,0.04822748154401779,,,,,,,,,
14,,,71259,,,,,,,,,,0.08742495626211166,,,,,,,,,
14,,,71279,,,,,,,,,,0.023843837901949883,,,,,,,,,
14,,,71299,,,,,,,,,,0.08936526626348495,,,,,,,,,
14,,,71319,,,,,,,,,,0.04200068488717079,,,,,,,,,
14,,,71339,,,,,,,,,,0.010370525531470776,,,,,,,,,
14,,,71359,,,,,,,,,,0.0005077043315395713,,,,,,,,,
14,,,71379,,,,,,,,,,0.1573203206062317,,,,,,,,,
14,,,71399,,,,,,,,,,0.023114340379834175,,,,,,,,,
14,,,71419,,,,,,,,,,0.0012249485589563847,,,,,,,,,
14,,,71439,,,,,,,,,,0.05448879301548004,,,,,,,,,
14,,,71459,,,,,,,,,,0.035564687103033066,,,,,,,,,
14,,,71479,,,,,,,,,,0.0036902548745274544,,,,,,,,,
14,,,71499,,,,,,,,,,0.03007115051150322,,,,,,,,,
14,,,71519,,,,,,,,,,0.008027510717511177,,,,,,,,,
14,,,71539,,,,,,,,,,0.004217657260596752,,,,,,,,,
14,,,71559,,,,,,,,,,0.08333814144134521,,,,,,,,,
14,,,71579,,,,,,,,,,0.15503787994384766,,,,,,,,,
14,,,71594,,,,,,,,,,,0.6077526807785034,0.8198863863945007,0.6381595134735107,6.088498592376709,0.7271171808242798,0.3128737509250641,0.5397022366523743,0.9145321846008301,0.6077526807785034
14,,,71594,,,,,,,,0.979752779006958,0.0526837520301342,,,,,,,,,,
,0.0002659515680044105,0.0002659515680044105,71595,,,,,,,,,,,,,,,,,,,
15,,,71599,,,,,,,,,,0.014133041724562645,,,,,,,,,
15,,,71619,,,,,,,,,,0.10100890696048737,,,,,,,,,
15,,,71639,,,,,,,,,,0.04320806264877319,,,,,,,,,
15,,,71659,,,,,,,,,,0.0006797241512686014,,,,,,,,,
15,,,71679,,,,,,,,,,0.0115402452647686,,,,,,,,,
15,,,71699,,,,,,,,,,0.013883632607758045,,,,,,,,,
15,,,71719,,,,,,,,,,0.09010922163724899,,,,,,,,,
15,,,71739,,,,,,,,,,0.023417577147483826,,,,,,,,,
15,,,71759,,,,,,,,,,0.0019635632634162903,,,,,,,,,
15,,,71779,,,,,,,,,,0.012739697471261024,,,,,,,,,
15,,,71799,,,,,,,,,,0.006973838433623314,,,,,,,,,
15,,,71819,,,,,,,,,,0.12744742631912231,,,,,,,,,
15,,,71839,,,,,,,,,,0.014147726818919182,,,,,,,,,
15,,,71859,,,,,,,,,,0.04263685271143913,,,,,,,,,
15,,,71879,,,,,,,,,,0.01888647861778736,,,,,,,,,
15,,,71899,,,,,,,,,,0.006406008265912533,,,,,,,,,
15,,,71919,,,,,,,,,,0.04755712300539017,,,,,,,,,
15,,,71939,,,,,,,,,,0.06446695327758789,,,,,,,,,
15,,,71959,,,,,,,,,,0.0008540440467186272,,,,,,,,,
15,,,71979,,,,,,,,,,0.01081264577805996,,,,,,,,,
15,,,71999,,,,,,,,,,0.06912422925233841,,,,,,,,,
15,,,72019,,,,,,,,,,0.0019831114914268255,,,,,,,,,
15,,,72039,,,,,,,,,,0.0006341654225252569,,,,,,,,,
15,,,72059,,,,,,,,,,0.004457167815417051,,,,,,,,,
15,,,72079,,,,,,,,,,0.1012696623802185,,,,,,,,,
15,,,72099,,,,,,,,,,0.0784020870923996,,,,,,,,,
15,,,72119,,,,,,,,,,0.8411975502967834,,,,,,,,,
15,,,72139,,,,,,,,,,0.09700141102075577,,,,,,,,,
15,,,72159,,,,,,,,,,0.04052066057920456,,,,,,,,,
15,,,72179,,,,,,,,,,0.028798861429095268,,,,,,,,,
15,,,72199,,,,,,,,,,0.003762086620554328,,,,,,,,,
15,,,72219,,,,,,,,,,0.019950412213802338,,,,,,,,,
15,,,72239,,,,,,,,,,0.02122395485639572,,,,,,,,,
15,,,72259,,,,,,,,,,0.023943429812788963,,,,,,,,,
15,,,72279,,,,,,,,,,0.026921335607767105,,,,,,,,,
15,,,72299,,,,,,,,,,0.000488733290694654,,,,,,,,,
15,,,72319,,,,,,,,,,0.0007909940322861075,,,,,,,,,
15,,,72339,,,,,,,,,,0.032172851264476776,,,,,,,,,
15,,,72359,,,,,,,,,,0.0184762105345726,,,,,,,,,
15,,,72379,,,,,,,,,,0.005022536031901836,,,,,,,,,
15,,,72399,,,,,,,,,,0.0003975349245592952,,,,,,,,,
15,,,72419,,,,,,,,,,0.02725062146782875,,,,,,,,,
15,,,72439,,,,,,,,,,0.19957533478736877,,,,,,,,,
15,,,72459,,,,,,,,,,0.00017614520038478076,,,,,,,,,
15,,,72479,,,,,,,,,,0.0009685058612376451,,,,,,,,,
15,,,72499,,,,,,,,,,0.017154192551970482,,,,,,,,,
15,,,72519,,,,,,,,,,0.031105658039450645,,,,,,,,,
15,,,72539,,,,,,,,,,0.03627389669418335,,,,,,,,,
15,,,72559,,,,,,,,,,0.026351485401391983,,,,,,,,,
15,,,72579,,,,,,,,,,0.05395276099443436,,,,,,,,,
15,,,72599,,,,,,,,,,0.04345833510160446,,,,,,,,,
15,,,72619,,,,,,,,,,0.008778764866292477,,,,,,,,,
15,,,72639,,,,,,,,,,0.09675396978855133,,,,,,,,,
15,,,72659,,,,,,,,,,0.008367265574634075,,,,,,,,,
15,,,72679,,,,,,,,,,0.08399823307991028,,,,,,,,,
15,,,72699,,,,,,,,,,0.001100808847695589,,,,,,,,,
15,,,72719,,,,,,,,,,1.3853286504745483,,,,,,,,,
15,,,72739,,,,,,,,,,0.00047981133684515953,,,,,,,,,
15,,,72759,,,,,,,,,,0.00345827778801322,,,,,,,,,
15,,,72779,,,,,,,,,,0.011790486983954906,,,,,,,,,
15,,,72799,,,,,,,,,,0.03867129236459732,,,,,,,,,
15,,,72819,,,,,,,,,,0.03711078315973282,,,,,,,,,
15,,,72839,,,,,,,,,,0.023930316790938377,,,,,,,,,
15,,,72859,,,,,,,,,,0.04330401122570038,,,,,,,,,
15,,,72879,,,,,,,,,,0.0009727358119562268,,,,,,,,,
15,,,72899,,,,,,,,,,0.02906436286866665,,,,,,,,,
15,,,72919,,,,,,,,,,0.04512956365942955,,,,,,,,,
15,,,72939,,,,,,,,,,0.004362177569419146,,,,,,,,,
15,,,72959,,,,,,,,,,0.02837817743420601,,,,,,,,,
15,,,72979,,,,,,,,,,0.0021210038103163242,,,,,,,,,
15,,,72999,,,,,,,,,,0.0037963849026709795,,,,,,,,,
15,,,73019,,,,,,,,,,0.0011726066004484892,,,,,,,,,
15,,,73039,,,,,,,,,,0.006277512758970261,,,,,,,,,
15,,,73059,,,,,,,,,,0.002789156511425972,,,,,,,,,
15,,,73079,,,,,,,,,,0.001292785513214767,,,,,,,,,
15,,,73099,,,,,,,,,,0.0021908427588641644,,,,,,,,,
15,,,73119,,,,,,,,,,0.048925794661045074,,,,,,,,,
15,,,73139,,,,,,,,,,0.05086391791701317,,,,,,,,,
15,,,73159,,,,,,,,,,0.042300913482904434,,,,,,,,,
15,,,73179,,,,,,,,,,0.02913748286664486,,,,,,,,,
15,,,73199,,,,,,,,,,0.07975596189498901,,,,,,,,,
15,,,73219,,,,,,,,,,0.001253940281458199,,,,,,,,,
15,,,73239,,,,,,,,,,0.04136863723397255,,,,,,,,,
15,,,73259,,,,,,,,,,0.040052346885204315,,,,,,,,,
15,,,73279,,,,,,,,,,0.04615487530827522,,,,,,,,,
15,,,73299,,,,,,,,,,0.12986046075820923,,,,,,,,,
15,,,73319,,,,,,,,,,0.0020055498462170362,,,,,,,,,
15,,,73339,,,,,,,,,,0.0324949249625206,,,,,,,,,
15,,,73359,,,,,,,,,,0.01849018596112728,,,,,,,,,
15,,,73379,,,,,,,,,,0.007578440476208925,,,,,,,,,
15,,,73399,,,,,,,,,,0.031059397384524345,,,,,,,,,
15,,,73419,,,,,,,,,,0.0008348750416189432,,,,,,,,,
15,,,73439,,,,,,,,,,0.07208959013223648,,,,,,,,,
15,,,73459,,,,,,,,,,0.24503380060195923,,,,,,,,,
15,,,73479,,,,,,,,,,0.058746322989463806,,,,,,,,,
15,,,73499,,,,,,,,,,0.04808706417679787,,,,,,,,,
15,,,73519,,,,,,,,,,0.040245674550533295,,,,,,,,,
15,,,73539,,,,,,,,,,0.008974247612059116,,,,,,,,,
15,,,73559,,,,,,,,,,0.0012243414530530572,,,,,,,,,
15,,,73579,,,,,,,,,,0.0012252768501639366,,,,,,,,,
15,,,73599,,,,,,,,,,0.006324935704469681,,,,,,,,,
15,,,73619,,,,,,,,,,0.019738057628273964,,,,,,,,,
15,,,73639,,,,,,,,,,0.04116864502429962,,,,,,,,,
15,,,73659,,,,,,,,,,0.07601424306631088,,,,,,,,,
15,,,73679,,,,,,,,,,0.03459025174379349,,,,,,,,,
15,,,73699,,,,,,,,,,0.06715615838766098,,,,,,,,,
15,,,73719,,,,,,,,,,0.02193913608789444,,,,,,,,,
15,,,73739,,,,,,,,,,0.032191116362810135,,,,,,,,,
15,,,73759,,,,,,,,,,0.13782906532287598,,,,,,,,,
15,,,73779,,,,,,,,,,0.033426038920879364,,,,,,,,,
15,,,73799,,,,,,,,,,0.09198349714279175,,,,,,,,,
15,,,73819,,,,,,,,,,0.04634576290845871,,,,,,,,,
15,,,73839,,,,,,,,,,0.02172231301665306,,,,,,,,,
15,,,73859,,,,,,,,,,0.014339422807097435,,,,,,,,,
15,,,73879,,,,,,,,,,0.014607527293264866,,,,,,,,,
15,,,73899,,,,,,,,,,0.03292909637093544,,,,,,,,,
15,,,73919,,,,,,,,,,0.13978317379951477,,,,,,,,,
15,,,73939,,,,,,,,,,0.006013848818838596,,,,,,,,,
15,,,73959,,,,,,,,,,0.006849401630461216,,,,,,,,,
15,,,73979,,,,,,,,,,0.023248106241226196,,,,,,,,,
15,,,73999,,,,,,,,,,0.0055190385319292545,,,,,,,,,
15,,,74019,,,,,,,,,,0.08517550677061081,,,,,,,,,
15,,,74039,,,,,,,,,,0.0006012137746438384,,,,,,,,,
15,,,74059,,,,,,,,,,0.1561678797006607,,,,,,,,,
15,,,74079,,,,,,,,,,0.0008033420890569687,,,,,,,,,
15,,,74099,,,,,,,,,,0.09621526300907135,,,,,,,,,
15,,,74119,,,,,,,,,,0.04332386702299118,,,,,,,,,
15,,,74139,,,,,,,,,,0.0001772277755662799,,,,,,,,,
15,,,74159,,,,,,,,,,0.0007849023677408695,,,,,,,,,
15,,,74179,,,,,,,,,,0.014577265828847885,,,,,,,,,
15,,,74199,,,,,,,,,,0.01523092295974493,,,,,,,,,
15,,,74219,,,,,,,,,,0.34626322984695435,,,,,,,,,
15,,,74239,,,,,,,,,,0.014326399192214012,,,,,,,,,
15,,,74259,,,,,,,,,,0.023784399032592773,,,,,,,,,
15,,,74279,,,,,,,,,,0.0016852281987667084,,,,,,,,,
15,,,74299,,,,,,,,,,0.002029430354014039,,,,,,,,,
15,,,74319,,,,,,,,,,0.05149633437395096,,,,,,,,,
15,,,74339,,,,,,,,,,0.029729783535003662,,,,,,,,,
15,,,74359,,,,,,,,,,0.020781928673386574,,,,,,,,,
15,,,74379,,,,,,,,,,0.003630939172580838,,,,,,,,,
15,,,74399,,,,,,,,,,0.1067855954170227,,,,,,,,,
15,,,74419,,,,,,,,,,0.0005845609703101218,,,,,,,,,
15,,,74439,,,,,,,,,,0.03612913563847542,,,,,,,,,
15,,,74459,,,,,,,,,,0.02744987979531288,,,,,,,,,
15,,,74479,,,,,,,,,,0.03938394412398338,,,,,,,,,
15,,,74499,,,,,,,,,,0.0019466476514935493,,,,,,,,,
15,,,74519,,,,,,,,,,0.014020140282809734,,,,,,,,,
15,,,74539,,,,,,,,,,0.05215553194284439,,,,,,,,,
15,,,74559,,,,,,,,,,0.0047062658704817295,,,,,,,,,
15,,,74579,,,,,,,,,,0.018463322892785072,,,,,,,,,
15,,,74599,,,,,,,,,,0.007357743568718433,,,,,,,,,
15,,,74619,,,,,,,,,,0.0663391649723053,,,,,,,,,
15,,,74639,,,,,,,,,,0.002578275976702571,,,,,,,,,
15,,,74659,,,,,,,,,,0.07073767483234406,,,,,,,,,
15,,,74679,,,,,,,,,,0.007325494661927223,,,,,,,,,
15,,,74699,,,,,,,,,,0.021599309518933296,,,,,,,,,
15,,,74719,,,,,,,,,,0.000763941730838269,,,,,,,,,
15,,,74739,,,,,,,,,,0.053549062460660934,,,,,,,,,
15,,,74759,,,,,,,,,,0.015322715044021606,,,,,,,,,
15,,,74779,,,,,,,,,,0.1006559282541275,,,,,,,,,
15,,,74799,,,,,,,,,,0.034435272216796875,,,,,,,,,
15,,,74819,,,,,,,,,,0.43620288372039795,,,,,,,,,
15,,,74839,,,,,,,,,,0.40654152631759644,,,,,,,,,
15,,,74859,,,,,,,,,,0.021810537204146385,,,,,,,,,
15,,,74879,,,,,,,,,,0.06100837141275406,,,,,,,,,
15,,,74899,,,,,,,,,,0.002186872996389866,,,,,,,,,
15,,,74919,,,,,,,,,,0.0009409922058694065,,,,,,,,,
15,,,74939,,,,,,,,,,0.0018184564542025328,,,,,,,,,
15,,,74959,,,,,,,,,,0.061878494918346405,,,,,,,,,
15,,,74979,,,,,,,,,,0.02439238131046295,,,,,,,,,
15,,,74999,,,,,,,,,,0.006633619777858257,,,,,,,,,
15,,,75019,,,,,,,,,,0.005294373258948326,,,,,,,,,
15,,,75039,,,,,,,,,,0.03469858318567276,,,,,,,,,
15,,,75059,,,,,,,,,,0.03173240274190903,,,,,,,,,
15,,,75079,,,,,,,,,,0.04921751469373703,,,,,,,,,
15,,,75099,,,,,,,,,,0.04117914289236069,,,,,,,,,
15,,,75119,,,,,,,,,,0.004802600014954805,,,,,,,,,
15,,,75139,,,,,,,,,,0.0006987032247707248,,,,,,,,,
15,,,75159,,,,,,,,,,0.003535682335495949,,,,,,,,,
15,,,75179,,,,,,,,,,0.023493193089962006,,,,,,,,,
15,,,75199,,,,,,,,,,0.005511149764060974,,,,,,,,,
15,,,75219,,,,,,,,,,0.015938395634293556,,,,,,,,,
15,,,75239,,,,,,,,,,0.07640480250120163,,,,,,,,,
15,,,75259,,,,,,,,,,0.07138340175151825,,,,,,,,,
15,,,75279,,,,,,,,,,0.009028226137161255,,,,,,,,,
15,,,75299,,,,,,,,,,0.20700174570083618,,,,,,,,,
15,,,75319,,,,,,,,,,0.02167772501707077,,,,,,,,,
15,,,75339,,,,,,,,,,0.050086669623851776,,,,,,,,,
15,,,75359,,,,,,,,,,0.0013437620364129543,,,,,,,,,
15,,,75379,,,,,,,,,,0.0454387329518795,,,,,,,,,
15,,,75399,,,,,,,,,,0.00042875000508502126,,,,,,,,,
15,,,75419,,,,,,,,,,0.005564394872635603,,,,,,,,,
15,,,75439,,,,,,,,,,0.009206089191138744,,,,,,,,,
15,,,75459,,,,,,,,,,0.0007315281545743346,,,,,,,,,
15,,,75479,,,,,,,,,,0.01315681729465723,,,,,,,,,
15,,,75499,,,,,,,,,,0.0033457984682172537,,,,,,,,,
15,,,75519,,,,,,,,,,0.0034824837930500507,,,,,,,,,
15,,,75539,,,,,,,,,,0.01981056109070778,,,,,,,,,
15,,,75559,,,,,,,,,,0.03178409859538078,,,,,,,,,
15,,,75579,,,,,,,,,,0.03089413046836853,,,,,,,,,
15,,,75599,,,,,,,,,,0.06644339859485626,,,,,,,,,
15,,,75619,,,,,,,,,,0.0003477073332760483,,,,,,,,,
15,,,75639,,,,,,,,,,0.004982377868145704,,,,,,,,,
15,,,75659,,,,,,,,,,0.26756852865219116,,,,,,,,,
15,,,75679,,,,,,,,,,0.013031982816755772,,,,,,,,,
15,,,75699,,,,,,,,,,0.043250326067209244,,,,,,,,,
15,,,75719,,,,,,,,,,0.2098771184682846,,,,,,,,,
15,,,75739,,,,,,,,,,0.0037584404926747084,,,,,,,,,
15,,,75759,,,,,,,,,,0.01399311050772667,,,,,,,,,
15,,,75779,,,,,,,,,,0.06971027702093124,,,,,,,,,
15,,,75799,,,,,,,,,,0.013688318431377411,,,,,,,,,
15,,,75819,,,,,,,,,,0.0042505888268351555,,,,,,,,,
15,,,75839,,,,,,,,,,0.0011983629083260894,,,,,,,,,
15,,,75859,,,,,,,,,,0.00032614119118079543,,,,,,,,,
15,,,75879,,,,,,,,,,0.004853104241192341,,,,,,,,,
15,,,75899,,,,,,,,,,0.045368775725364685,,,,,,,,,
15,,,75919,,,,,,,,,,0.020877575501799583,,,,,,,,,
15,,,75939,,,,,,,,,,0.0017992047360166907,,,,,,,,,
15,,,75959,,,,,,,,,,0.0033922288566827774,,,,,,,,,
15,,,75979,,,,,,,,,,0.0001480715727666393,,,,,,,,,
15,,,75999,,,,,,,,,,0.0831260085105896,,,,,,,,,
15,,,76019,,,,,,,,,,0.008658366277813911,,,,,,,,,
15,,,76039,,,,,,,,,,0.058600347489118576,,,,,,,,,
15,,,76059,,,,,,,,,,0.023897171020507812,,,,,,,,,
15,,,76079,,,,,,,,,,0.002505031879991293,,,,,,,,,
15,,,76099,,,,,,,,,,0.002519749803468585,,,,,,,,,
15,,,76119,,,,,,,,,,0.00786641240119934,,,,,,,,,
15,,,76139,,,,,,,,,,0.12939995527267456,,,,,,,,,
15,,,76159,,,,,,,,,,0.027413571253418922,,,,,,,,,
15,,,76179,,,,,,,,,,0.005290018394589424,,,,,,,,,
15,,,76199,,,,,,,,,,0.03226345777511597,,,,,,,,,
15,,,76219,,,,,,,,,,0.18311232328414917,,,,,,,,,
15,,,76239,,,,,,,,,,0.0006786320591345429,,,,,,,,,
15,,,76259,,,,,,,,,,0.03504228591918945,,,,,,,,,
15,,,76279,,,,,,,,,,0.015453559346497059,,,,,,,,,
15,,,76299,,,,,,,,,,0.0017732784617692232,,,,,,,,,
15,,,76319,,,,,,,,,,0.009393730200827122,,,,,,,,,
15,,,76339,,,,,,,,,,0.0003337913367431611,,,,,,,,,
15,,,76359,,,,,,,,,,0.02108100801706314,,,,,,,,,
15,,,76367,,,,,,,,,,,0.6263478398323059,0.7937856912612915,0.6439024806022644,5.630415916442871,0.6723229885101318,0.29511111974716187,0.4256037473678589,0.9190422296524048,0.6263478398323059
15,,,76367,,,,,,,,0.9807316660881042,0.05101007595658302,,,,,,,,,,
,0.00025606601717798207,0.00025606601717798207,76368,,,,,,,,,,,,,,,,,,,
16,,,76379,,,,,,,,,,0.03231249749660492,,,,,,,,,
16,,,76399,,,,,,,,,,0.16336733102798462,,,,,,,,,
16,,,76419,,,,,,,,,,0.18519270420074463,,,,,,,,,
16,,,76439,,,,,,,,,,0.0396076999604702,,,,,,,,,
16,,,76459,,,,,,,,,,0.0005525457090698183,,,,,,,,,
16,,,76479,,,,,,,,,,0.14470820128917694,,,,,,,,,
16,,,76499,,,,,,,,,,0.06475946307182312,,,,,,,,,
16,,,76519,,,,,,,,,,0.6052955985069275,,,,,,,,,
16,,,76539,,,,,,,,,,0.042435482144355774,,,,,,,,,
16,,,76559,,,,,,,,,,0.0810420885682106,,,,,,,,,
16,,,76579,,,,,,,,,,0.013954967260360718,,,,,,,,,
16,,,76599,,,,,,,,,,0.15902793407440186,,,,,,,,,
16,,,76619,,,,,,,,,,0.0007704569725319743,,,,,,,,,
16,,,76639,,,,,,,,,,0.12565016746520996,,,,,,,,,
16,,,76659,,,,,,,,,,0.01866411790251732,,,,,,,,,
16,,,76679,,,,,,,,,,0.0009520843159407377,,,,,,,,,
16,,,76699,,,,,,,,,,0.00023737378069199622,,,,,,,,,
16,,,76719,,,,,,,,,,0.001892849220894277,,,,,,,,,
16,,,76739,,,,,,,,,,0.011392013169825077,,,,,,,,,
16,,,76759,,,,,,,,,,0.039166536182165146,,,,,,,,,
16,,,76779,,,,,,,,,,0.0012668846175074577,,,,,,,,,
16,,,76799,,,,,,,,,,0.13249582052230835,,,,,,,,,
16,,,76819,,,,,,,,,,0.04727443307638168,,,,,,,,,
16,,,76839,,,,,,,,,,0.025957366451621056,,,,,,,,,
16,,,76859,,,,,,,,,,0.09038282185792923,,,,,,,,,
16,,,76879,,,,,,,,,,0.03566112741827965,,,,,,,,,
16,,,76899,,,,,,,,,,0.10725357383489609,,,,,,,,,
16,,,76919,,,,,,,,,,0.002406531013548374,,,,,,,,,
16,,,76939,,,,,,,,,,0.0968746766448021,,,,,,,,,
16,,,76959,,,,,,,,,,0.27579548954963684,,,,,,,,,
16,,,76979,,,,,,,,,,0.012726085260510445,,,,,,,,,
16,,,76999,,,,,,,,,,0.0021851034834980965,,,,,,,,,
16,,,77019,,,,,,,,,,0.2083074450492859,,,,,,,,,
16,,,77039,,,,,,,,,,0.12033461034297943,,,,,,,,,
16,,,77059,,,,,,,,,,0.041318006813526154,,,,,,,,,
16,,,77079,,,,,,,,,,0.0007794005214236677,,,,,,,,,
16,,,77099,,,,,,,,,,0.0598672553896904,,,,,,,,,
16,,,77119,,,,,,,,,,0.005796437617391348,,,,,,,,,
16,,,77139,,,,,,,,,,0.057620830833911896,,,,,,,,,
16,,,77159,,,,,,,,,,0.07355045527219772,,,,,,,,,
16,,,77179,,,,,,,,,,0.007161120884120464,,,,,,,,,
16,,,77199,,,,,,,,,,0.0015075767878443003,,,,,,,,,
16,,,77219,,,,,,,,,,0.0008747077081352472,,,,,,,,,
16,,,77239,,,,,,,,,,0.015460274182260036,,,,,,,,,
16,,,77259,,,,,,,,,,0.00919146928936243,,,,,,,,,
16,,,77279,,,,,,,,,,0.03178742527961731,,,,,,,,,
16,,,77299,,,,,,,,,,0.0229521282017231,,,,,,,,,
16,,,77319,,,,,,,,,,0.02567474916577339,,,,,,,,,
16,,,77339,,,,,,,,,,0.01913844421505928,,,,,,,,,
16,,,77359,,,,,,,,,,0.05688605085015297,,,,,,,,,
16,,,77379,,,,,,,,,,0.0007814728305675089,,,,,,,,,
16,,,77399,,,,,,,,,,0.08776390552520752,,,,,,,,,
16,,,77419,,,,,,,,,,0.00035793535062111914,,,,,,,,,
16,,,77439,,,,,,,,,,0.049321550875902176,,,,,,,,,
16,,,77459,,,,,,,,,,0.00014376644685398787,,,,,,,,,
16,,,77479,,,,,,,,,,0.00909353792667389,,,,,,,,,
16,,,77499,,,,,,,,,,0.0010762694291770458,,,,,,,,,
16,,,77519,,,,,,,,,,0.000580187828745693,,,,,,,,,
16,,,77539,,,,,,,,,,0.01348361186683178,,,,,,,,,
16,,,77559,,,,,,,,,,0.002914181910455227,,,,,,,,,
16,,,77579,,,,,,,,,,0.04356938600540161,,,,,,,,,
16,,,77599,,,,,,,,,,0.0017054551281034946,,,,,,,,,
16,,,77619,,,,,,,,,,0.14987383782863617,,,,,,,,,
16,,,77639,,,,,,,,,,0.17144367098808289,,,,,,,,,
16,,,77659,,,,,,,,,,0.027874140068888664,,,,,,,,,
16,,,77679,,,,,,,,,,0.02695341780781746,,,,,,,,,
16,,,77699,,,,,,,,,,0.2075081467628479,,,,,,,,,
16,,,77719,,,,,,,,,,0.0004304417525418103,,,,,,,,,
16,,,77739,,,,,,,,,,0.0322747677564621,,,,,,,,,
16,,,77759,,,,,,,,,,0.0012548366794362664,,,,,,,,,
16,,,77779,,,,,,,,,,0.11472295224666595,,,,,,,,,
16,,,77799,,,,,,,,,,0.006039723288267851,,,,,,,,,
16,,,77819,,,,,,,,,,0.015461749397218227,,,,,,,,,
16,,,77839,,,,,,,,,,8.957175305113196e-05,,,,,,,,,
16,,,77859,,,,,,,,,,0.01995127648115158,,,,,,,,,
16,,,77879,,,,,,,,,,0.051581308245658875,,,,,,,,,
16,,,77899,,,,,,,,,,0.1356034278869629,,,,,,,,,
16,,,77919,,,,,,,,,,0.007464217953383923,,,,,,,,,
16,,,77939,,,,,,,,,,0.000256609171628952,,,,,,,,,
16,,,77959,,,,,,,,,,0.02580414153635502,,,,,,,,,
16,,,77979,,,,,,,,,,0.0651458203792572,,,,,,,,,
16,,,77999,,,,,,,,,,0.02478080429136753,,,,,,,,,
16,,,78019,,,,,,,,,,0.014126612804830074,,,,,,,,,
16,,,78039,,,,,,,,,,0.004969854839146137,,,,,,,,,
16,,,78059,,,,,,,,,,0.0005941358394920826,,,,,,,,,
16,,,78079,,,,,,,,,,0.03930697590112686,,,,,,,,,
16,,,78099,,,,,,,,,,0.009792955592274666,,,,,,,,,
16,,,78119,,,,,,,,,,0.08732808381319046,,,,,,,,,
16,,,78139,,,,,,,,,,0.005386472679674625,,,,,,,,,
16,,,78159,,,,,,,,,,0.05255140736699104,,,,,,,,,
16,,,78179,,,,,,,,,,0.042211417108774185,,,,,,,,,
16,,,78199,,,,,,,,,,0.0013913330622017384,,,,,,,,,
16,,,78219,,,,,,,,,,0.013519122265279293,,,,,,,,,
16,,,78239,,,,,,,,,,0.0005919203395023942,,,,,,,,,
16,,,78259,,,,,,,,,,0.022905901074409485,,,,,,,,,
16,,,78279,,,,,,,,,,0.17281760275363922,,,,,,,,,
16,,,78299,,,,,,,,,,0.000312444637529552,,,,,,,,,
16,,,78319,,,,,,,,,,0.03841910511255264,,,,,,,,,
16,,,78339,,,,,,,,,,0.0007494028541259468,,,,,,,,,
16,,,78359,,,,,,,,,,0.0025924250949174166,,,,,,,,,
16,,,78379,,,,,,,,,,0.004968283697962761,,,,,,,,,
16,,,78399,,,,,,,,,,0.0018560047028586268,,,,,,,,,
16,,,78419,,,,,,,,,,0.0914764553308487,,,,,,,,,
16,,,78439,,,,,,,,,,0.08083488792181015,,,,,,,,,
16,,,78459,,,,,,,,,,0.050474997609853745,,,,,,,,,
16,,,78479,,,,,,,,,,0.030167708173394203,,,,,,,,,
16,,,78499,,,,,,,,,,0.007122282404452562,,,,,,,,,
16,,,78519,,,,,,,,,,0.09685852378606796,,,,,,,,,
16,,,78539,,,,,,,,,,0.0010328288190066814,,,,,,,,,
16,,,78559,,,,,,,,,,0.06291146576404572,,,,,,,,,
16,,,78579,,,,,,,,,,0.22994008660316467,,,,,,,,,
16,,,78599,,,,,,,,,,0.0015842195134609938,,,,,,,,,
16,,,78619,,,,,,,,,,0.007627968676388264,,,,,,,,,
16,,,78639,,,,,,,,,,0.002876002574339509,,,,,,,,,
16,,,78659,,,,,,,,,,0.0006503448821604252,,,,,,,,,
16,,,78679,,,,,,,,,,0.05773120000958443,,,,,,,,,
16,,,78699,,,,,,,,,,0.0036396596115082502,,,,,,,,,
16,,,78719,,,,,,,,,,0.03651455417275429,,,,,,,,,
16,,,78739,,,,,,,,,,0.020265420898795128,,,,,,,,,
16,,,78759,,,,,,,,,,0.2266271412372589,,,,,,,,,
16,,,78779,,,,,,,,,,0.008134703151881695,,,,,,,,,
16,,,78799,,,,,,,,,,0.0005318875191733241,,,,,,,,,
16,,,78819,,,,,,,,,,0.0193338505923748,,,,,,,,,
16,,,78839,,,,,,,,,,0.03090762533247471,,,,,,,,,
16,,,78859,,,,,,,,,,0.004220122005790472,,,,,,,,,
16,,,78879,,,,,,,,,,0.0004306854971218854,,,,,,,,,
16,,,78899,,,,,,,,,,0.03612710162997246,,,,,,,,,
16,,,78919,,,,,,,,,,0.22894863784313202,,,,,,,,,
16,,,78939,,,,,,,,,,0.03955899924039841,,,,,,,,,
16,,,78959,,,,,,,,,,0.002154120011255145,,,,,,,,,
16,,,78979,,,,,,,,,,0.0071862488985061646,,,,,,,,,
16,,,78999,,,,,,,,,,0.0011077758390456438,,,,,,,,,
16,,,79019,,,,,,,,,,0.023149050772190094,,,,,,,,,
16,,,79039,,,,,,,,,,0.10142267495393753,,,,,,,,,
16,,,79059,,,,,,,,,,0.12442249804735184,,,,,,,,,
16,,,79079,,,,,,,,,,0.1831536889076233,,,,,,,,,
16,,,79099,,,,,,,,,,0.0010449446272104979,,,,,,,,,
16,,,79119,,,,,,,,,,0.03835596144199371,,,,,,,,,
16,,,79139,,,,,,,,,,0.0006227446720004082,,,,,,,,,
16,,,79159,,,,,,,,,,0.05956776440143585,,,,,,,,,
16,,,79179,,,,,,,,,,0.06909626722335815,,,,,,,,,
16,,,79199,,,,,,,,,,0.006744743324816227,,,,,,,,,
16,,,79219,,,,,,,,,,0.0006893452955409884,,,,,,,,,
16,,,79239,,,,,,,,,,0.15179386734962463,,,,,,,,,
16,,,79259,,,,,,,,,,0.03811350837349892,,,,,,,,,
16,,,79279,,,,,,,,,,0.017667192965745926,,,,,,,,,
16,,,79299,,,,,,,,,,0.13728152215480804,,,,,,,,,
16,,,79319,,,,,,,,,,0.02966833859682083,,,,,,,,,
16,,,79339,,,,,,,,,,0.007851740345358849,,,,,,,,,
16,,,79359,,,,,,,,,,7.82613642513752e-05,,,,,,,,,
16,,,79379,,,,,,,,,,0.04486554488539696,,,,,,,,,
16,,,79399,,,,,,,,,,0.07835410535335541,,,,,,,,,
16,,,79419,,,,,,,,,,0.00015283917309716344,,,,,,,,,
16,,,79439,,,,,,,,,,0.002849083859473467,,,,,,,,,
16,,,79459,,,,,,,,,,0.0019350938964635134,,,,,,,,,
16,,,79479,,,,,,,,,,0.009336852468550205,,,,,,,,,
16,,,79499,,,,,,,,,,0.041519079357385635,,,,,,,,,
16,,,79519,,,,,,,,,,0.061579857021570206,,,,,,,,,
16,,,79539,,,,,,,,,,0.03837045654654503,,,,,,,,,
16,,,79559,,,,,,,,,,0.001133281853981316,,,,,,,,,
16,,,79579,,,,,,,,,,0.004829218611121178,,,,,,,,,
16,,,79599,,,,,,,,,,0.02668161317706108,,,,,,,,,
16,,,79619,,,,,,,,,,0.19372817873954773,,,,,,,,,
16,,,79639,,,,,,,,,,0.0180413406342268,,,,,,,,,
16,,,79659,,,,,,,,,,0.0019375225529074669,,,,,,,,,
16,,,79679,,,,,,,,,,0.06766039878129959,,,,,,,,,
16,,,79699,,,,,,,,,,0.13656017184257507,,,,,,,,,
16,,,79719,,,,,,,,,,0.5873551964759827,,,,,,,,,
16,,,79739,,,,,,,,,,0.0630895346403122,,,,,,,,,
16,,,79759,,,,,,,,,,0.09211321920156479,,,,,,,,,
16,,,79779,,,,,,,,,,0.0017297689337283373,,,,,,,,,
16,,,79799,,,,,,,,,,0.04594399407505989,,,,,,,,,
16,,,79819,,,,,,,,,,0.05502745136618614,,,,,,,,,
16,,,79839,,,,,,,,,,0.175593763589859,,,,,,,,,
16,,,79859,,,,,,,,,,0.29932454228401184,,,,,,,,,
16,,,79879,,,,,,,,,,0.00041140627581626177,,,,,,,,,
16,,,79899,,,,,,,,,,0.0011876807548105717,,,,,,,,,
16,,,79919,,,,,,,,,,0.024249661713838577,,,,,,,,,
16,,,79939,,,,,,,,,,0.0027784330304712057,,,,,,,,,
16,,,79959,,,,,,,,,,0.057795729488134384,,,,,,,,,
16,,,79979,,,,,,,,,,0.01047984603792429,,,,,,,,,
16,,,79999,,,,,,,,,,0.07653874903917313,,,,,,,,,
16,,,80019,,,,,,,,,,0.05855394899845123,,,,,,,,,
16,,,80039,,,,,,,,,,0.11366908997297287,,,,,,,,,
16,,,80059,,,,,,,,,,0.0006332393968477845,,,,,,,,,
16,,,80079,,,,,,,,,,0.014637408778071404,,,,,,,,,
16,,,80099,,,,,,,,,,0.03575644642114639,,,,,,,,,
16,,,80119,,,,,,,,,,0.07919347286224365,,,,,,,,,
16,,,80139,,,,,,,,,,0.0008591521764174104,,,,,,,,,
16,,,80159,,,,,,,,,,0.010954219847917557,,,,,,,,,
16,,,80179,,,,,,,,,,0.04036027938127518,,,,,,,,,
16,,,80199,,,,,,,,,,0.00950770452618599,,,,,,,,,
16,,,80219,,,,,,,,,,0.04983843117952347,,,,,,,,,
16,,,80239,,,,,,,,,,0.09794225543737411,,,,,,,,,
16,,,80259,,,,,,,,,,0.11702637374401093,,,,,,,,,
16,,,80279,,,,,,,,,,0.00927011389285326,,,,,,,,,
16,,,80299,,,,,,,,,,0.015708718448877335,,,,,,,,,
16,,,80319,,,,,,,,,,0.283600777387619,,,,,,,,,
16,,,80339,,,,,,,,,,0.019992750138044357,,,,,,,,,
16,,,80359,,,,,,,,,,0.0407462976872921,,,,,,,,,
16,,,80379,,,,,,,,,,0.03495403751730919,,,,,,,,,
16,,,80399,,,,,,,,,,0.003849619999527931,,,,,,,,,
16,,,80419,,,,,,,,,,0.0021779413800686598,,,,,,,,,
16,,,80439,,,,,,,,,,0.08638067543506622,,,,,,,,,
16,,,80459,,,,,,,,,,0.04015248268842697,,,,,,,,,
16,,,80479,,,,,,,,,,0.02375614270567894,,,,,,,,,
16,,,80499,,,,,,,,,,0.00625761179253459,,,,,,,,,
16,,,80519,,,,,,,,,,0.14266006648540497,,,,,,,,,
16,,,80539,,,,,,,,,,0.0023978836834430695,,,,,,,,,
16,,,80559,,,,,,,,,,0.12056568264961243,,,,,,,,,
16,,,80579,,,,,,,,,,0.011721848510205746,,,,,,,,,
16,,,80599,,,,,,,,,,0.0008060820400714874,,,,,,,,,
16,,,80619,,,,,,,,,,0.0006093189003877342,,,,,,,,,
16,,,80639,,,,,,,,,,0.0023946205619722605,,,,,,,,,
16,,,80659,,,,,,,,,,0.01816604658961296,,,,,,,,,
16,,,80679,,,,,,,,,,0.07829011231660843,,,,,,,,,
16,,,80699,,,,,,,,,,0.001018711132928729,,,,,,,,,
16,,,80719,,,,,,,,,,0.020424555987119675,,,,,,,,,
16,,,80739,,,,,,,,,,0.0017516863299533725,,,,,,,,,
16,,,80759,,,,,,,,,,0.06598737090826035,,,,,,,,,
16,,,80779,,,,,,,,,,0.025935150682926178,,,,,,,,,
16,,,80799,,,,,,,,,,0.00429794704541564,,,,,,,,,
16,,,80819,,,,,,,,,,0.0019970072899013758,,,,,,,,,
16,,,80839,,,,,,,,,,0.030711106956005096,,,,,,,,,
16,,,80859,,,,,,,,,,0.009415244683623314,,,,,,,,,
16,,,80879,,,,,,,,,,0.0036857633385807276,,,,,,,,,
16,,,80899,,,,,,,,,,0.019516412168741226,,,,,,,,,
16,,,80919,,,,,,,,,,0.01955183781683445,,,,,,,,,
16,,,80939,,,,,,,,,,0.0004128671425860375,,,,,,,,,
16,,,80959,,,,,,,,,,0.09122762084007263,,,,,,,,,
16,,,80979,,,,,,,,,,0.06409650295972824,,,,,,,,,
16,,,80999,,,,,,,,,,0.045182447880506516,,,,,,,,,
16,,,81019,,,,,,,,,,0.002079489640891552,,,,,,,,,
16,,,81039,,,,,,,,,,0.0013551732990890741,,,,,,,,,
16,,,81059,,,,,,,,,,0.12683703005313873,,,,,,,,,
16,,,81079,,,,,,,,,,0.13262604176998138,,,,,,,,,
16,,,81099,,,,,,,,,,0.2520238161087036,,,,,,,,,
16,,,81119,,,,,,,,,,0.08564591407775879,,,,,,,,,
16,,,81139,,,,,,,,,,0.0031159070786088705,,,,,,,,,
16,,,81140,,,,,,,,,,,0.6845059990882874,0.8169697523117065,0.711262583732605,5.624598979949951,0.7530921697616577,0.43219009041786194,0.5751241445541382,0.9310601949691772,0.6845059990882874
16,,,81140,,,,,,,,0.9814518690109253,0.04839421436190605,,,,,,,,,,
,0.0002451589926245468,0.0002451589926245468,81141,,,,,,,,,,,,,,,,,,,
17,,,81159,,,,,,,,,,0.0746837928891182,,,,,,,,,
17,,,81179,,,,,,,,,,0.02020900510251522,,,,,,,,,
17,,,81199,,,,,,,,,,0.0010326628107577562,,,,,,,,,
17,,,81219,,,,,,,,,,0.03918016701936722,,,,,,,,,
17,,,81239,,,,,,,,,,0.0005544232553802431,,,,,,,,,
17,,,81259,,,,,,,,,,0.0037342102732509375,,,,,,,,,
17,,,81279,,,,,,,,,,0.0619279220700264,,,,,,,,,
17,,,81299,,,,,,,,,,0.00023362002684734762,,,,,,,,,
17,,,81319,,,,,,,,,,0.0046761189587414265,,,,,,,,,
17,,,81339,,,,,,,,,,0.01620676927268505,,,,,,,,,
17,,,81359,,,,,,,,,,0.0702781155705452,,,,,,,,,
17,,,81379,,,,,,,,,,0.015817910432815552,,,,,,,,,
17,,,81399,,,,,,,,,,0.029860790818929672,,,,,,,,,
17,,,81419,,,,,,,,,,0.0036545644979923964,,,,,,,,,
17,,,81439,,,,,,,,,,0.0008267338271252811,,,,,,,,,
17,,,81459,,,,,,,,,,0.023248575627803802,,,,,,,,,
17,,,81479,,,,,,,,,,0.05852728709578514,,,,,,,,,
17,,,81499,,,,,,,,,,0.05930311977863312,,,,,,,,,
17,,,81519,,,,,,,,,,0.026771660894155502,,,,,,,,,
17,,,81539,,,,,,,,,,0.0022544641979038715,,,,,,,,,
17,,,81559,,,,,,,,,,0.010943369008600712,,,,,,,,,
17,,,81579,,,,,,,,,,0.015240787528455257,,,,,,,,,
17,,,81599,,,,,,,,,,0.006503949873149395,,,,,,,,,
17,,,81619,,,,,,,,,,0.0012775196228176355,,,,,,,,,
17,,,81639,,,,,,,,,,0.0033442885614931583,,,,,,,,,
17,,,81659,,,,,,,,,,0.16184180974960327,,,,,,,,,
17,,,81679,,,,,,,,,,0.0031627316493541002,,,,,,,,,
17,,,81699,,,,,,,,,,0.0003689466684591025,,,,,,,,,
17,,,81719,,,,,,,,,,0.08702553063631058,,,,,,,,,
17,,,81739,,,,,,,,,,0.06352893263101578,,,,,,,,,
17,,,81759,,,,,,,,,,0.0002489375474397093,,,,,,,,,
17,,,81779,,,,,,,,,,0.030404215678572655,,,,,,,,,
17,,,81799,,,,,,,,,,0.008508361876010895,,,,,,,,,
17,,,81819,,,,,,,,,,0.06432156264781952,,,,,,,,,
17,,,81839,,,,,,,,,,0.16124723851680756,,,,,,,,,
17,,,81859,,,,,,,,,,0.010474192909896374,,,,,,,,,
17,,,81879,,,,,,,,,,0.0009148599929176271,,,,,,,,,
17,,,81899,,,,,,,,,,0.011252762749791145,,,,,,,,,
17,,,81919,,,,,,,,,,0.0003922505129594356,,,,,,,,,
17,,,81939,,,,,,,,,,0.11431329697370529,,,,,,,,,
17,,,81959,,,,,,,,,,0.0698041096329689,,,,,,,,,
17,,,81979,,,,,,,,,,0.00044347610673867166,,,,,,,,,
17,,,81999,,,,,,,,,,0.05808781459927559,,,,,,,,,
17,,,82019,,,,,,,,,,0.20630155503749847,,,,,,,,,
17,,,82039,,,,,,,,,,0.008061914704740047,,,,,,,,,
17,,,82059,,,,,,,,,,0.00023636806872673333,,,,,,,,,
17,,,82079,,,,,,,,,,0.11451102793216705,,,,,,,,,
17,,,82099,,,,,,,,,,0.00047717068810015917,,,,,,,,,
17,,,82119,,,,,,,,,,0.006220242474228144,,,,,,,,,
17,,,82139,,,,,,,,,,0.0018709406722337008,,,,,,,,,
17,,,82159,,,,,,,,,,0.002245561685413122,,,,,,,,,
17,,,82179,,,,,,,,,,0.09540022164583206,,,,,,,,,
17,,,82199,,,,,,,,,,0.0005051711341366172,,,,,,,,,
17,,,82219,,,,,,,,,,0.003075393382459879,,,,,,,,,
17,,,82239,,,,,,,,,,0.047898150980472565,,,,,,,,,
17,,,82259,,,,,,,,,,0.1152096539735794,,,,,,,,,
17,,,82279,,,,,,,,,,0.06718742847442627,,,,,,,,,
17,,,82299,,,,,,,,,,0.0014398584607988596,,,,,,,,,
17,,,82319,,,,,,,,,,0.003114237217232585,,,,,,,,,
17,,,82339,,,,,,,,,,0.06591252982616425,,,,,,,,,
17,,,82359,,,,,,,,,,0.016018014401197433,,,,,,,,,
17,,,82379,,,,,,,,,,0.019329501315951347,,,,,,,,,
17,,,82399,,,,,,,,,,0.019637929275631905,,,,,,,,,
17,,,82419,,,,,,,,,,0.08154017478227615,,,,,,,,,
17,,,82439,,,,,,,,,,0.008796095848083496,,,,,,,,,
17,,,82459,,,,,,,,,,0.02139311283826828,,,,,,,,,
17,,,82479,,,,,,,,,,0.03633977100253105,,,,,,,,,
17,,,82499,,,,,,,,,,0.00601548096165061,,,,,,,,,
17,,,82519,,,,,,,,,,0.017120523378252983,,,,,,,,,
17,,,82539,,,,,,,,,,0.02071339078247547,,,,,,,,,
17,,,82559,,,,,,,,,,0.0946856215596199,,,,,,,,,
17,,,82579,,,,,,,,,,0.00046630401629954576,,,,,,,,,
17,,,82599,,,,,,,,,,0.0020092346239835024,,,,,,,,,
17,,,82619,,,,,,,,,,0.05073985829949379,,,,,,,,,
17,,,82639,,,,,,,,,,0.16128475964069366,,,,,,,,,
17,,,82659,,,,,,,,,,0.33292391896247864,,,,,,,,,
17,,,82679,,,,,,,,,,0.0009180408087559044,,,,,,,,,
17,,,82699,,,,,,,,,,0.0014466701541095972,,,,,,,,,
17,,,82719,,,,,,,,,,0.0012892684899270535,,,,,,,,,
17,,,82739,,,,,,,,,,0.009649716317653656,,,,,,,,,
17,,,82759,,,,,,,,,,0.03151632472872734,,,,,,,,,
17,,,82779,,,,,,,,,,0.11244267225265503,,,,,,,,,
17,,,82799,,,,,,,,,,0.184683158993721,,,,,,,,,
17,,,82819,,,,,,,,,,0.10327309370040894,,,,,,,,,
17,,,82839,,,,,,,,,,0.0034466958604753017,,,,,,,,,
17,,,82859,,,,,,,,,,0.0014861206291243434,,,,,,,,,
17,,,82879,,,,,,,,,,0.047690168023109436,,,,,,,,,
17,,,82899,,,,,,,,,,0.0018259589560329914,,,,,,,,,
17,,,82919,,,,,,,,,,0.17597287893295288,,,,,,,,,
17,,,82939,,,,,,,,,,0.05751581862568855,,,,,,,,,
17,,,82959,,,,,,,,,,0.05802261456847191,,,,,,,,,
17,,,82979,,,,,,,,,,0.034419115632772446,,,,,,,,,
17,,,82999,,,,,,,,,,0.0001915004540933296,,,,,,,,,
17,,,83019,,,,,,,,,,0.105301134288311,,,,,,,,,
17,,,83039,,,,,,,,,,0.0005394528270699084,,,,,,,,,
17,,,83059,,,,,,,,,,0.007711293641477823,,,,,,,,,
17,,,83079,,,,,,,,,,0.002441809745505452,,,,,,,,,
17,,,83099,,,,,,,,,,0.010863423347473145,,,,,,,,,
17,,,83119,,,,,,,,,,0.2104090005159378,,,,,,,,,
17,,,83139,,,,,,,,,,0.02265547588467598,,,,,,,,,
17,,,83159,,,,,,,,,,0.09582916647195816,,,,,,,,,
17,,,83179,,,,,,,,,,0.003237319877371192,,,,,,,,,
17,,,83199,,,,,,,,,,0.05652850121259689,,,,,,,,,
17,,,83219,,,,,,,,,,0.057170502841472626,,,,,,,,,
17,,,83239,,,,,,,,,,0.0017516817897558212,,,,,,,,,
17,,,83259,,,,,,,,,,0.030820244923233986,,,,,,,,,
17,,,83279,,,,,,,,,,0.01699734851717949,,,,,,,,,
17,,,83299,,,,,,,,,,0.06717076897621155,,,,,,,,,
17,,,83319,,,,,,,,,,0.09530327469110489,,,,,,,,,
17,,,83339,,,,,,,,,,0.0008713423740118742,,,,,,,,,
17,,,83359,,,,,,,,,,0.09031158685684204,,,,,,,,,
17,,,83379,,,,,,,,,,0.004433563910424709,,,,,,,,,
17,,,83399,,,,,,,,,,0.00034697455703280866,,,,,,,,,
17,,,83419,,,,,,,,,,0.0030843426939100027,,,,,,,,,
17,,,83439,,,,,,,,,,0.03980690613389015,,,,,,,,,
17,,,83459,,,,,,,,,,0.005827208515256643,,,,,,,,,
17,,,83479,,,,,,,,,,0.010918735526502132,,,,,,,,,
17,,,83499,,,,,,,,,,0.007042406126856804,,,,,,,,,
17,,,83519,,,,,,,,,,0.00033048816840164363,,,,,,,,,
17,,,83539,,,,,,,,,,0.0144558846950531,,,,,,,,,
17,,,83559,,,,,,,,,,0.023345669731497765,,,,,,,,,
17,,,83579,,,,,,,,,,0.14785265922546387,,,,,,,,,
17,,,83599,,,,,,,,,,0.001038700225763023,,,,,,,,,
17,,,83619,,,,,,,,,,0.04076442867517471,,,,,,,,,
17,,,83639,,,,,,,,,,0.05914527550339699,,,,,,,,,
17,,,83659,,,,,,,,,,0.00027156606665812433,,,,,,,,,
17,,,83679,,,,,,,,,,0.009541036561131477,,,,,,,,,
17,,,83699,,,,,,,,,,0.056990958750247955,,,,,,,,,
17,,,83719,,,,,,,,,,0.034887656569480896,,,,,,,,,
17,,,83739,,,,,,,,,,0.001040261471644044,,,,,,,,,
17,,,83759,,,,,,,,,,0.00893336907029152,,,,,,,,,
17,,,83779,,,,,,,,,,0.07113233208656311,,,,,,,,,
17,,,83799,,,,,,,,,,0.0003610388084780425,,,,,,,,,
17,,,83819,,,,,,,,,,0.0014003014657646418,,,,,,,,,
17,,,83839,,,,,,,,,,0.0022890535183250904,,,,,,,,,
17,,,83859,,,,,,,,,,0.0003968414675910026,,,,,,,,,
17,,,83879,,,,,,,,,,0.011527731083333492,,,,,,,,,
17,,,83899,,,,,,,,,,0.0022614472545683384,,,,,,,,,
17,,,83919,,,,,,,,,,0.0008244318887591362,,,,,,,,,
17,,,83939,,,,,,,,,,0.002258212072774768,,,,,,,,,
17,,,83959,,,,,,,,,,0.016339395195245743,,,,,,,,,
17,,,83979,,,,,,,,,,0.0030275844037532806,,,,,,,,,
17,,,83999,,,,,,,,,,0.03802236169576645,,,,,,,,,
17,,,84019,,,,,,,,,,0.034526608884334564,,,,,,,,,
17,,,84039,,,,,,,,,,0.0012942919274792075,,,,,,,,,
17,,,84059,,,,,,,,,,0.006058176979422569,,,,,,,,,
17,,,84079,,,,,,,,,,0.003412452060729265,,,,,,,,,
17,,,84099,,,,,,,,,,0.0014760605990886688,,,,,,,,,
17,,,84119,,,,,,,,,,0.13707683980464935,,,,,,,,,
17,,,84139,,,,,,,,,,0.06611043214797974,,,,,,,,,
17,,,84159,,,,,,,,,,0.030883044004440308,,,,,,,,,
17,,,84179,,,,,,,,,,0.00040336718666367233,,,,,,,,,
17,,,84199,,,,,,,,,,0.03754628077149391,,,,,,,,,
17,,,84219,,,,,,,,,,0.12216505408287048,,,,,,,,,
17,,,84239,,,,,,,,,,0.07235035300254822,,,,,,,,,
17,,,84259,,,,,,,,,,0.05311693251132965,,,,,,,,,
17,,,84279,,,,,,,,,,0.05911679193377495,,,,,,,,,
17,,,84299,,,,,,,,,,0.015230863355100155,,,,,,,,,
17,,,84319,,,,,,,,,,0.03247551620006561,,,,,,,,,
17,,,84339,,,,,,,,,,0.0012688480783253908,,,,,,,,,
17,,,84359,,,,,,,,,,0.003248966298997402,,,,,,,,,
17,,,84379,,,,,,,,,,0.0019585867412388325,,,,,,,,,
17,,,84399,,,,,,,,,,0.00023929218878038228,,,,,,,,,
17,,,84419,,,,,,,,,,0.09225929528474808,,,,,,,,,
17,,,84439,,,,,,,,,,0.029475977644324303,,,,,,,,,
17,,,84459,,,,,,,,,,0.043394364416599274,,,,,,,,,
17,,,84479,,,,,,,,,,0.012119347229599953,,,,,,,,,
17,,,84499,,,,,,,,,,0.3647923469543457,,,,,,,,,
17,,,84519,,,,,,,,,,0.030036021023988724,,,,,,,,,
17,,,84539,,,,,,,,,,0.010148350149393082,,,,,,,,,
17,,,84559,,,,,,,,,,0.00706891855224967,,,,,,,,,
17,,,84579,,,,,,,,,,0.0016433341661468148,,,,,,,,,
17,,,84599,,,,,,,,,,0.14964795112609863,,,,,,,,,
17,,,84619,,,,,,,,,,0.44570392370224,,,,,,,,,
17,,,84639,,,,,,,,,,0.08441067487001419,,,,,,,,,
17,,,84659,,,,,,,,,,0.0012803415302187204,,,,,,,,,
17,,,84679,,,,,,,,,,0.06111261248588562,,,,,,,,,
17,,,84699,,,,,,,,,,0.0036636022850871086,,,,,,,,,
17,,,84719,,,,,,,,,,0.005910240113735199,,,,,,,,,
17,,,84739,,,,,,,,,,0.0025056940503418446,,,,,,,,,
17,,,84759,,,,,,,,,,0.008694709278643131,,,,,,,,,
17,,,84779,,,,,,,,,,0.00125155842397362,,,,,,,,,
17,,,84799,,,,,,,,,,0.07578118145465851,,,,,,,,,
17,,,84819,,,,,,,,,,0.1406761109828949,,,,,,,,,
17,,,84839,,,,,,,,,,0.06809931248426437,,,,,,,,,
17,,,84859,,,,,,,,,,0.1052040383219719,,,,,,,,,
17,,,84879,,,,,,,,,,0.0041357786394655704,,,,,,,,,
17,,,84899,,,,,,,,,,0.001417428022250533,,,,,,,,,
17,,,84919,,,,,,,,,,0.05303157493472099,,,,,,,,,
17,,,84939,,,,,,,,,,0.008572015911340714,,,,,,,,,
17,,,84959,,,,,,,,,,0.1507447510957718,,,,,,,,,
17,,,84979,,,,,,,,,,0.014498662203550339,,,,,,,,,
17,,,84999,,,,,,,,,,0.0005719257751479745,,,,,,,,,
17,,,85019,,,,,,,,,,0.05913214385509491,,,,,,,,,
17,,,85039,,,,,,,,,,0.07033150643110275,,,,,,,,,
17,,,85059,,,,,,,,,,0.03466613590717316,,,,,,,,,
17,,,85079,,,,,,,,,,0.0002003303379751742,,,,,,,,,
17,,,85099,,,,,,,,,,0.06227730214595795,,,,,,,,,
17,,,85119,,,,,,,,,,0.043580953031778336,,,,,,,,,
17,,,85139,,,,,,,,,,0.1070128083229065,,,,,,,,,
17,,,85159,,,,,,,,,,0.04221682623028755,,,,,,,,,
17,,,85179,,,,,,,,,,0.015732640400528908,,,,,,,,,
17,,,85199,,,,,,,,,,0.04150821268558502,,,,,,,,,
17,,,85219,,,,,,,,,,0.0005201163585297763,,,,,,,,,
17,,,85239,,,,,,,,,,0.11664725840091705,,,,,,,,,
17,,,85259,,,,,,,,,,0.0022626174613833427,,,,,,,,,
17,,,85279,,,,,,,,,,0.10605254024267197,,,,,,,,,
17,,,85299,,,,,,,,,,0.4539332389831543,,,,,,,,,
17,,,85319,,,,,,,,,,0.07095934450626373,,,,,,,,,
17,,,85339,,,,,,,,,,0.00021180530893616378,,,,,,,,,
17,,,85359,,,,,,,,,,0.03403998538851738,,,,,,,,,
17,,,85379,,,,,,,,,,0.0013802347239106894,,,,,,,,,
17,,,85399,,,,,,,,,,0.0020747899543493986,,,,,,,,,
17,,,85419,,,,,,,,,,0.03792823106050491,,,,,,,,,
17,,,85439,,,,,,,,,,0.00022331307991407812,,,,,,,,,
17,,,85459,,,,,,,,,,0.00260059698484838,,,,,,,,,
17,,,85479,,,,,,,,,,0.13261248171329498,,,,,,,,,
17,,,85499,,,,,,,,,,0.06797890365123749,,,,,,,,,
17,,,85519,,,,,,,,,,0.12899798154830933,,,,,,,,,
17,,,85539,,,,,,,,,,0.004730669781565666,,,,,,,,,
17,,,85559,,,,,,,,,,0.006780318450182676,,,,,,,,,
17,,,85579,,,,,,,,,,0.006137468386441469,,,,,,,,,
17,,,85599,,,,,,,,,,0.0697864443063736,,,,,,,,,
17,,,85619,,,,,,,,,,0.021131685003638268,,,,,,,,,
17,,,85639,,,,,,,,,,0.002677407581359148,,,,,,,,,
17,,,85659,,,,,,,,,,0.000268415838945657,,,,,,,,,
17,,,85679,,,,,,,,,,0.05264005810022354,,,,,,,,,
17,,,85699,,,,,,,,,,0.0871429592370987,,,,,,,,,
17,,,85719,,,,,,,,,,0.05662789195775986,,,,,,,,,
17,,,85739,,,,,,,,,,0.09958524256944656,,,,,,,,,
17,,,85759,,,,,,,,,,0.03040311485528946,,,,,,,,,
17,,,85779,,,,,,,,,,0.09359297156333923,,,,,,,,,
17,,,85799,,,,,,,,,,0.03053954429924488,,,,,,,,,
17,,,85819,,,,,,,,,,0.006266459822654724,,,,,,,,,
17,,,85839,,,,,,,,,,0.2186313271522522,,,,,,,,,
17,,,85859,,,,,,,,,,0.5232570767402649,,,,,,,,,
17,,,85879,,,,,,,,,,0.028424255549907684,,,,,,,,,
17,,,85899,,,,,,,,,,0.07333963364362717,,,,,,,,,
17,,,85913,,,,,,,,,,,0.6792133450508118,0.8462241888046265,0.6975987553596497,2.9290382862091064,0.7229018211364746,0.39973464608192444,0.5154929757118225,0.9303106069564819,0.6792133450508118
17,,,85913,,,,,,,,0.982244074344635,0.04945434257388115,,,,,,,,,,
,0.0002333355349529403,0.0002333355349529403,85914,,,,,,,,,,,,,,,,,,,
18,,,85919,,,,,,,,,,0.03425392508506775,,,,,,,,,
18,,,85939,,,,,,,,,,0.030556833371520042,,,,,,,,,
18,,,85959,,,,,,,,,,0.024392908439040184,,,,,,,,,
18,,,85979,,,,,,,,,,0.04861580207943916,,,,,,,,,
18,,,85999,,,,,,,,,,0.10896588861942291,,,,,,,,,
18,,,86019,,,,,,,,,,0.000608464702963829,,,,,,,,,
18,,,86039,,,,,,,,,,0.017081432044506073,,,,,,,,,
18,,,86059,,,,,,,,,,0.00048180922749452293,,,,,,,,,
18,,,86079,,,,,,,,,,0.004794652108103037,,,,,,,,,
18,,,86099,,,,,,,,,,0.0009453785605728626,,,,,,,,,
18,,,86119,,,,,,,,,,0.02964669093489647,,,,,,,,,
18,,,86139,,,,,,,,,,0.05131133645772934,,,,,,,,,
18,,,86159,,,,,,,,,,0.001637113164179027,,,,,,,,,
18,,,86179,,,,,,,,,,0.0795903429389,,,,,,,,,
18,,,86199,,,,,,,,,,0.0005192583194002509,,,,,,,,,
18,,,86219,,,,,,,,,,0.25507766008377075,,,,,,,,,
18,,,86239,,,,,,,,,,0.0024639442563056946,,,,,,,,,
18,,,86259,,,,,,,,,,0.00038347861845977604,,,,,,,,,
18,,,86279,,,,,,,,,,0.0015289941802620888,,,,,,,,,
18,,,86299,,,,,,,,,,0.03749166429042816,,,,,,,,,
18,,,86319,,,,,,,,,,0.08137799054384232,,,,,,,,,
18,,,86339,,,,,,,,,,0.0005472906632348895,,,,,,,,,
18,,,86359,,,,,,,,,,0.048232827335596085,,,,,,,,,
18,,,86379,,,,,,,,,,0.0001576610084157437,,,,,,,,,
18,,,86399,,,,,,,,,,0.04200918599963188,,,,,,,,,
18,,,86419,,,,,,,,,,0.0027202009223401546,,,,,,,,,
18,,,86439,,,,,,,,,,0.00967127364128828,,,,,,,,,
18,,,86459,,,,,,,,,,0.014171346090734005,,,,,,,,,
18,,,86479,,,,,,,,,,0.0001924151147250086,,,,,,,,,
18,,,86499,,,,,,,,,,0.01740868389606476,,,,,,,,,
18,,,86519,,,,,,,,,,0.026682911440730095,,,,,,,,,
18,,,86539,,,,,,,,,,0.003684006631374359,,,,,,,,,
18,,,86559,,,,,,,,,,0.0003216148179490119,,,,,,,,,
18,,,86579,,,,,,,,,,0.05109264701604843,,,,,,,,,
18,,,86599,,,,,,,,,,0.031584233045578,,,,,,,,,
18,,,86619,,,,,,,,,,0.015895210206508636,,,,,,,,,
18,,,86639,,,,,,,,,,0.04815184324979782,,,,,,,,,
18,,,86659,,,,,,,,,,0.06243624910712242,,,,,,,,,
18,,,86679,,,,,,,,,,0.027386197820305824,,,,,,,,,
18,,,86699,,,,,,,,,,0.00021499590366147459,,,,,,,,,
18,,,86719,,,,,,,,,,0.001170143485069275,,,,,,,,,
18,,,86739,,,,,,,,,,0.0007400025497190654,,,,,,,,,
18,,,86759,,,,,,,,,,0.0005602187011390924,,,,,,,,,
18,,,86779,,,,,,,,,,0.036006685346364975,,,,,,,,,
18,,,86799,,,,,,,,,,0.0009801804553717375,,,,,,,,,
18,,,86819,,,,,,,,,,0.0004225132870487869,,,,,,,,,
18,,,86839,,,,,,,,,,0.020834265276789665,,,,,,,,,
18,,,86859,,,,,,,,,,0.0001744399924064055,,,,,,,,,
18,,,86879,,,,,,,,,,0.055630676448345184,,,,,,,,,
18,,,86899,,,,,,,,,,0.7170975208282471,,,,,,,,,
18,,,86919,,,,,,,,,,0.0941338911652565,,,,,,,,,
18,,,86939,,,,,,,,,,0.0370861180126667,,,,,,,,,
18,,,86959,,,,,,,,,,0.00045865646097809076,,,,,,,,,
18,,,86979,,,,,,,,,,0.20390841364860535,,,,,,,,,
18,,,86999,,,,,,,,,,0.0014614170650020242,,,,,,,,,
18,,,87019,,,,,,,,,,0.028741370886564255,,,,,,,,,
18,,,87039,,,,,,,,,,0.002684870734810829,,,,,,,,,
18,,,87059,,,,,,,,,,0.0006845379248261452,,,,,,,,,
18,,,87079,,,,,,,,,,0.003972920589148998,,,,,,,,,
18,,,87099,,,,,,,,,,0.050467249006032944,,,,,,,,,
18,,,87119,,,,,,,,,,0.12763704359531403,,,,,,,,,
18,,,87139,,,,,,,,,,0.012858843430876732,,,,,,,,,
18,,,87159,,,,,,,,,,0.12760098278522491,,,,,,,,,
18,,,87179,,,,,,,,,,0.003630701918154955,,,,,,,,,
18,,,87199,,,,,,,,,,0.017446234822273254,,,,,,,,,
18,,,87219,,,,,,,,,,0.04590502008795738,,,,,,,,,
18,,,87239,,,,,,,,,,0.04390208423137665,,,,,,,,,
18,,,87259,,,,,,,,,,0.0013609277084469795,,,,,,,,,
18,,,87279,,,,,,,,,,0.00041862818761728704,,,,,,,,,
18,,,87299,,,,,,,,,,0.02459467388689518,,,,,,,,,
18,,,87319,,,,,,,,,,0.0014827646082267165,,,,,,,,,
18,,,87339,,,,,,,,,,0.0022011923138052225,,,,,,,,,
18,,,87359,,,,,,,,,,0.004379322752356529,,,,,,,,,
18,,,87379,,,,,,,,,,0.021785631775856018,,,,,,,,,
18,,,87399,,,,,,,,,,0.004472565837204456,,,,,,,,,
18,,,87419,,,,,,,,,,0.0298819188028574,,,,,,,,,
18,,,87439,,,,,,,,,,0.007102519739419222,,,,,,,,,
18,,,87459,,,,,,,,,,0.034848395735025406,,,,,,,,,
18,,,87479,,,,,,,,,,0.008210442028939724,,,,,,,,,
18,,,87499,,,,,,,,,,0.04550425708293915,,,,,,,,,
18,,,87519,,,,,,,,,,0.0012263220269232988,,,,,,,,,
18,,,87539,,,,,,,,,,0.008701017126441002,,,,,,,,,
18,,,87559,,,,,,,,,,0.12535731494426727,,,,,,,,,
18,,,87579,,,,,,,,,,0.0005560035351663828,,,,,,,,,
18,,,87599,,,,,,,,,,0.07636219263076782,,,,,,,,,
18,,,87619,,,,,,,,,,0.025843631476163864,,,,,,,,,
18,,,87639,,,,,,,,,,0.0009584275539964437,,,,,,,,,
18,,,87659,,,,,,,,,,0.009875478222966194,,,,,,,,,
18,,,87679,,,,,,,,,,0.0006400470156222582,,,,,,,,,
18,,,87699,,,,,,,,,,0.035164788365364075,,,,,,,,,
18,,,87719,,,,,,,,,,0.023818470537662506,,,,,,,,,
18,,,87739,,,,,,,,,,0.0012185982195660472,,,,,,,,,
18,,,87759,,,,,,,,,,0.07138106226921082,,,,,,,,,
18,,,87779,,,,,,,,,,0.009650589898228645,,,,,,,,,
18,,,87799,,,,,,,,,,0.005364437587559223,,,,,,,,,
18,,,87819,,,,,,,,,,0.37965869903564453,,,,,,,,,
18,,,87839,,,,,,,,,,0.07274351269006729,,,,,,,,,
18,,,87859,,,,,,,,,,0.0006645985413342714,,,,,,,,,
18,,,87879,,,,,,,,,,0.024400437250733376,,,,,,,,,
18,,,87899,,,,,,,,,,0.00024083442986011505,,,,,,,,,
18,,,87919,,,,,,,,,,0.023781461641192436,,,,,,,,,
18,,,87939,,,,,,,,,,0.12055294215679169,,,,,,,,,
18,,,87959,,,,,,,,,,0.0025235668290406466,,,,,,,,,
18,,,87979,,,,,,,,,,0.04861730709671974,,,,,,,,,
18,,,87999,,,,,,,,,,0.019167888909578323,,,,,,,,,
18,,,88019,,,,,,,,,,0.003366459161043167,,,,,,,,,
18,,,88039,,,,,,,,,,0.05338156223297119,,,,,,,,,
18,,,88059,,,,,,,,,,0.0017443550750613213,,,,,,,,,
18,,,88079,,,,,,,,,,0.028617996722459793,,,,,,,,,
18,,,88099,,,,,,,,,,0.004659805912524462,,,,,,,,,
18,,,88119,,,,,,,,,,0.00482031749561429,,,,,,,,,
18,,,88139,,,,,,,,,,0.01775282993912697,,,,,,,,,
18,,,88159,,,,,,,,,,0.09367362409830093,,,,,,,,,
18,,,88179,,,,,,,,,,0.018124766647815704,,,,,,,,,
18,,,88199,,,,,,,,,,0.049010805785655975,,,,,,,,,
18,,,88219,,,,,,,,,,0.038502369076013565,,,,,,,,,
18,,,88239,,,,,,,,,,0.0007111477898433805,,,,,,,,,
18,,,88259,,,,,,,,,,0.07191544026136398,,,,,,,,,
18,,,88279,,,,,,,,,,0.026270588859915733,,,,,,,,,
18,,,88299,,,,,,,,,,0.08784318715333939,,,,,,,,,
18,,,88319,,,,,,,,,,0.023938490077853203,,,,,,,,,
18,,,88339,,,,,,,,,,0.028689242899417877,,,,,,,,,
18,,,88359,,,,,,,,,,0.11286382377147675,,,,,,,,,
18,,,88379,,,,,,,,,,0.032198548316955566,,,,,,,,,
18,,,88399,,,,,,,,,,0.04185514897108078,,,,,,,,,
18,,,88419,,,,,,,,,,0.015242918394505978,,,,,,,,,
18,,,88439,,,,,,,,,,0.004472299478948116,,,,,,,,,
18,,,88459,,,,,,,,,,0.07136222720146179,,,,,,,,,
18,,,88479,,,,,,,,,,0.019031276926398277,,,,,,,,,
18,,,88499,,,,,,,,,,0.03169466555118561,,,,,,,,,
18,,,88519,,,,,,,,,,0.16672569513320923,,,,,,,,,
18,,,88539,,,,,,,,,,0.0215104091912508,,,,,,,,,
18,,,88559,,,,,,,,,,0.00020612386288121343,,,,,,,,,
18,,,88579,,,,,,,,,,0.1258542388677597,,,,,,,,,
18,,,88599,,,,,,,,,,0.0005137648549862206,,,,,,,,,
18,,,88619,,,,,,,,,,0.00028219257364980876,,,,,,,,,
18,,,88639,,,,,,,,,,0.05540244281291962,,,,,,,,,
18,,,88659,,,,,,,,,,0.0032821963541209698,,,,,,,,,
18,,,88679,,,,,,,,,,0.0001740587904350832,,,,,,,,,
18,,,88699,,,,,,,,,,0.02791326493024826,,,,,,,,,
18,,,88719,,,,,,,,,,0.09455255419015884,,,,,,,,,
18,,,88739,,,,,,,,,,0.0003490681992843747,,,,,,,,,
18,,,88759,,,,,,,,,,0.002758452668786049,,,,,,,,,
18,,,88779,,,,,,,,,,0.0211280919611454,,,,,,,,,
18,,,88799,,,,,,,,,,0.06664878875017166,,,,,,,,,
18,,,88819,,,,,,,,,,0.006709209643304348,,,,,,,,,
18,,,88839,,,,,,,,,,0.00023325573420152068,,,,,,,,,
18,,,88859,,,,,,,,,,0.01535805780440569,,,,,,,,,
18,,,88879,,,,,,,,,,0.002454981440678239,,,,,,,,,
18,,,88899,,,,,,,,,,0.01468503475189209,,,,,,,,,
18,,,88919,,,,,,,,,,0.0022116259206086397,,,,,,,,,
18,,,88939,,,,,,,,,,0.033658675849437714,,,,,,,,,
18,,,88959,,,,,,,,,,0.024133754894137383,,,,,,,,,
18,,,88979,,,,,,,,,,0.0023490223102271557,,,,,,,,,
18,,,88999,,,,,,,,,,0.016721365973353386,,,,,,,,,
18,,,89019,,,,,,,,,,0.12379102408885956,,,,,,,,,
18,,,89039,,,,,,,,,,0.09512979537248611,,,,,,,,,
18,,,89059,,,,,,,,,,0.3699967563152313,,,,,,,,,
18,,,89079,,,,,,,,,,0.01861603371798992,,,,,,,,,
18,,,89099,,,,,,,,,,0.7177448272705078,,,,,,,,,
18,,,89119,,,,,,,,,,0.019371049478650093,,,,,,,,,
18,,,89139,,,,,,,,,,0.00031394127290695906,,,,,,,,,
18,,,89159,,,,,,,,,,0.018419643864035606,,,,,,,,,
18,,,89179,,,,,,,,,,0.01840217411518097,,,,,,,,,
18,,,89199,,,,,,,,,,0.0279585812240839,,,,,,,,,
18,,,89219,,,,,,,,,,0.012246416881680489,,,,,,,,,
18,,,89239,,,,,,,,,,0.028567980974912643,,,,,,,,,
18,,,89259,,,,,,,,,,0.004308614879846573,,,,,,,,,
18,,,89279,,,,,,,,,,0.00015572473057545722,,,,,,,,,
18,,,89299,,,,,,,,,,0.06549688428640366,,,,,,,,,
18,,,89319,,,,,,,,,,0.6474190354347229,,,,,,,,,
18,,,89339,,,,,,,,,,0.15317882597446442,,,,,,,,,
18,,,89359,,,,,,,,,,0.0834583193063736,,,,,,,,,
18,,,89379,,,,,,,,,,0.0249857809394598,,,,,,,,,
18,,,89399,,,,,,,,,,0.034840162843465805,,,,,,,,,
18,,,89419,,,,,,,,,,0.0007665094453841448,,,,,,,,,
18,,,89439,,,,,,,,,,0.00424237409606576,,,,,,,,,
18,,,89459,,,,,,,,,,0.039143841713666916,,,,,,,,,
18,,,89479,,,,,,,,,,0.006790220271795988,,,,,,,,,
18,,,89499,,,,,,,,,,0.12287837266921997,,,,,,,,,
18,,,89519,,,,,,,,,,0.17919421195983887,,,,,,,,,
18,,,89539,,,,,,,,,,0.007090591825544834,,,,,,,,,
18,,,89559,,,,,,,,,,0.0010951044969260693,,,,,,,,,
18,,,89579,,,,,,,,,,0.019044214859604836,,,,,,,,,
18,,,89599,,,,,,,,,,0.03718547895550728,,,,,,,,,
18,,,89619,,,,,,,,,,0.027408316731452942,,,,,,,,,
18,,,89639,,,,,,,,,,0.0013695342931896448,,,,,,,,,
18,,,89659,,,,,,,,,,0.01290374156087637,,,,,,,,,
18,,,89679,,,,,,,,,,0.00034432351822033525,,,,,,,,,
18,,,89699,,,,,,,,,,0.1415691077709198,,,,,,,,,
18,,,89719,,,,,,,,,,0.051400039345026016,,,,,,,,,
18,,,89739,,,,,,,,,,0.05617036670446396,,,,,,,,,
18,,,89759,,,,,,,,,,0.013542462140321732,,,,,,,,,
18,,,89779,,,,,,,,,,0.009395110420882702,,,,,,,,,
18,,,89799,,,,,,,,,,0.020628754049539566,,,,,,,,,
18,,,89819,,,,,,,,,,0.038421325385570526,,,,,,,,,
18,,,89839,,,,,,,,,,0.01918421871960163,,,,,,,,,
18,,,89859,,,,,,,,,,0.0017475809436291456,,,,,,,,,
18,,,89879,,,,,,,,,,0.02634291909635067,,,,,,,,,
18,,,89899,,,,,,,,,,0.0007656438974663615,,,,,,,,,
18,,,89919,,,,,,,,,,0.012084495276212692,,,,,,,,,
18,,,89939,,,,,,,,,,0.0009894114919006824,,,,,,,,,
18,,,89959,,,,,,,,,,0.006379005499184132,,,,,,,,,
18,,,89979,,,,,,,,,,0.038002170622348785,,,,,,,,,
18,,,89999,,,,,,,,,,0.057153478264808655,,,,,,,,,
18,,,90019,,,,,,,,,,0.002308089518919587,,,,,,,,,
18,,,90039,,,,,,,,,,0.004197326023131609,,,,,,,,,
18,,,90059,,,,,,,,,,0.04132538288831711,,,,,,,,,
18,,,90079,,,,,,,,,,0.044477567076683044,,,,,,,,,
18,,,90099,,,,,,,,,,0.002595888916403055,,,,,,,,,
18,,,90119,,,,,,,,,,0.074699267745018,,,,,,,,,
18,,,90139,,,,,,,,,,0.04417731612920761,,,,,,,,,
18,,,90159,,,,,,,,,,0.01790505461394787,,,,,,,,,
18,,,90179,,,,,,,,,,0.00039090277277864516,,,,,,,,,
18,,,90199,,,,,,,,,,0.014126800931990147,,,,,,,,,
18,,,90219,,,,,,,,,,0.00898933969438076,,,,,,,,,
18,,,90239,,,,,,,,,,0.05985751748085022,,,,,,,,,
18,,,90259,,,,,,,,,,0.01210987288504839,,,,,,,,,
18,,,90279,,,,,,,,,,0.02865299955010414,,,,,,,,,
18,,,90299,,,,,,,,,,0.07279367744922638,,,,,,,,,
18,,,90319,,,,,,,,,,0.0008354857563972473,,,,,,,,,
18,,,90339,,,,,,,,,,0.0008631648379378021,,,,,,,,,
18,,,90359,,,,,,,,,,0.013952847570180893,,,,,,,,,
18,,,90379,,,,,,,,,,0.004349741153419018,,,,,,,,,
18,,,90399,,,,,,,,,,0.0006719040684401989,,,,,,,,,
18,,,90419,,,,,,,,,,0.05818633735179901,,,,,,,,,
18,,,90439,,,,,,,,,,0.0002297331375302747,,,,,,,,,
18,,,90459,,,,,,,,,,0.2305862307548523,,,,,,,,,
18,,,90479,,,,,,,,,,0.000284146866761148,,,,,,,,,
18,,,90499,,,,,,,,,,0.0007015607552602887,,,,,,,,,
18,,,90519,,,,,,,,,,0.008002525195479393,,,,,,,,,
18,,,90539,,,,,,,,,,0.06502849608659744,,,,,,,,,
18,,,90559,,,,,,,,,,0.001338748261332512,,,,,,,,,
18,,,90579,,,,,,,,,,0.019193921238183975,,,,,,,,,
18,,,90599,,,,,,,,,,0.0014002344105392694,,,,,,,,,
18,,,90619,,,,,,,,,,0.053733401000499725,,,,,,,,,
18,,,90639,,,,,,,,,,0.11294322460889816,,,,,,,,,
18,,,90659,,,,,,,,,,0.002078254474326968,,,,,,,,,
18,,,90679,,,,,,,,,,0.0005133248632773757,,,,,,,,,
18,,,90686,,,,,,,,,,,0.6527628302574158,0.8163608312606812,0.6764807105064392,5.194642543792725,0.7157807350158691,0.3631156086921692,0.5071486234664917,0.9244127869606018,0.6527628302574158
18,,,90686,,,,,,,,0.9834585189819336,0.04364253208041191,,,,,,,,,,
,0.00022070951052389966,0.00022070951052389966,90687,,,,,,,,,,,,,,,,,,,
19,,,90699,,,,,,,,,,0.00022936798632144928,,,,,,,,,
19,,,90719,,,,,,,,,,0.03606957197189331,,,,,,,,,
19,,,90739,,,,,,,,,,0.01013992540538311,,,,,,,,,
19,,,90759,,,,,,,,,,0.005169271491467953,,,,,,,,,
19,,,90779,,,,,,,,,,0.0030329490546137094,,,,,,,,,
19,,,90799,,,,,,,,,,0.0005810440634377301,,,,,,,,,
19,,,90819,,,,,,,,,,0.02935602515935898,,,,,,,,,
19,,,90839,,,,,,,,,,0.03008979931473732,,,,,,,,,
19,,,90859,,,,,,,,,,0.007450113072991371,,,,,,,,,
19,,,90879,,,,,,,,,,0.0002907973248511553,,,,,,,,,
19,,,90899,,,,,,,,,,0.16728176176548004,,,,,,,,,
19,,,90919,,,,,,,,,,0.04153282195329666,,,,,,,,,
19,,,90939,,,,,,,,,,0.019665375351905823,,,,,,,,,
19,,,90959,,,,,,,,,,0.004093898925930262,,,,,,,,,
19,,,90979,,,,,,,,,,0.025893298909068108,,,,,,,,,
19,,,90999,,,,,,,,,,0.0005442764377221465,,,,,,,,,
19,,,91019,,,,,,,,,,0.00528508797287941,,,,,,,,,
19,,,91039,,,,,,,,,,0.018668869510293007,,,,,,,,,
19,,,91059,,,,,,,,,,0.028189843520522118,,,,,,,,,
19,,,91079,,,,,,,,,,0.10257840901613235,,,,,,,,,
19,,,91099,,,,,,,,,,0.023286962881684303,,,,,,,,,
19,,,91119,,,,,,,,,,0.04468657076358795,,,,,,,,,
19,,,91139,,,,,,,,,,0.008405700325965881,,,,,,,,,
19,,,91159,,,,,,,,,,0.027744606137275696,,,,,,,,,
19,,,91179,,,,,,,,,,0.00020240808953531086,,,,,,,,,
19,,,91199,,,,,,,,,,0.00810186006128788,,,,,,,,,
19,,,91219,,,,,,,,,,0.020639590919017792,,,,,,,,,
19,,,91239,,,,,,,,,,0.015877321362495422,,,,,,,,,
19,,,91259,,,,,,,,,,0.006373648997396231,,,,,,,,,
19,,,91279,,,,,,,,,,0.00048338668420910835,,,,,,,,,
19,,,91299,,,,,,,,,,0.005108775105327368,,,,,,,,,
19,,,91319,,,,,,,,,,0.0017149460036307573,,,,,,,,,
19,,,91339,,,,,,,,,,0.04292117804288864,,,,,,,,,
19,,,91359,,,,,,,,,,0.04857684671878815,,,,,,,,,
19,,,91379,,,,,,,,,,0.005363874137401581,,,,,,,,,
19,,,91399,,,,,,,,,,0.04943764954805374,,,,,,,,,
19,,,91419,,,,,,,,,,0.03466523811221123,,,,,,,,,
19,,,91439,,,,,,,,,,0.0687158927321434,,,,,,,,,
19,,,91459,,,,,,,,,,9.527326619718224e-05,,,,,,,,,
19,,,91479,,,,,,,,,,0.01774563640356064,,,,,,,,,
19,,,91499,,,,,,,,,,0.0014348493423312902,,,,,,,,,
19,,,91519,,,,,,,,,,0.001101209199987352,,,,,,,,,
19,,,91539,,,,,,,,,,0.08487870544195175,,,,,,,,,
19,,,91559,,,,,,,,,,0.028744682669639587,,,,,,,,,
19,,,91579,,,,,,,,,,0.16884726285934448,,,,,,,,,
19,,,91599,,,,,,,,,,0.0005437448271550238,,,,,,,,,
19,,,91619,,,,,,,,,,0.04841373488306999,,,,,,,,,
19,,,91639,,,,,,,,,,0.041894469410181046,,,,,,,,,
19,,,91659,,,,,,,,,,0.11480240523815155,,,,,,,,,
19,,,91679,,,,,,,,,,0.014334223233163357,,,,,,,,,
19,,,91699,,,,,,,,,,0.043181367218494415,,,,,,,,,
19,,,91719,,,,,,,,,,0.06626524776220322,,,,,,,,,
19,,,91739,,,,,,,,,,0.018990959972143173,,,,,,,,,
19,,,91759,,,,,,,,,,0.039180926978588104,,,,,,,,,
19,,,91779,,,,,,,,,,0.0024742872919887304,,,,,,,,,
19,,,91799,,,,,,,,,,0.009798773564398289,,,,,,,,,
19,,,91819,,,,,,,,,,0.0005967672332189977,,,,,,,,,
19,,,91839,,,,,,,,,,0.0025416952557861805,,,,,,,,,
19,,,91859,,,,,,,,,,0.03938916698098183,,,,,,,,,
19,,,91879,,,,,,,,,,0.00011420925875427201,,,,,,,,,
19,,,91899,,,,,,,,,,0.18829162418842316,,,,,,,,,
19,,,91919,,,,,,,,,,0.0013510379940271378,,,,,,,,,
19,,,91939,,,,,,,,,,0.05208997800946236,,,,,,,,,
19,,,91959,,,,,,,,,,0.11145344376564026,,,,,,,,,
19,,,91979,,,,,,,,,,0.022651830688118935,,,,,,,,,
19,,,91999,,,,,,,,,,0.10756029188632965,,,,,,,,,
19,,,92019,,,,,,,,,,0.08678196370601654,,,,,,,,,
19,,,92039,,,,,,,,,,0.0007633515633642673,,,,,,,,,
19,,,92059,,,,,,,,,,0.21478864550590515,,,,,,,,,
19,,,92079,,,,,,,,,,0.0014993587974458933,,,,,,,,,
19,,,92099,,,,,,,,,,0.00037555774906650186,,,,,,,,,
19,,,92119,,,,,,,,,,0.19501982629299164,,,,,,,,,
19,,,92139,,,,,,,,,,0.0004152760957367718,,,,,,,,,
19,,,92159,,,,,,,,,,0.03609272837638855,,,,,,,,,
19,,,92179,,,,,,,,,,0.00028683189884759486,,,,,,,,,
19,,,92199,,,,,,,,,,0.102359339594841,,,,,,,,,
19,,,92219,,,,,,,,,,0.008284689858555794,,,,,,,,,
19,,,92239,,,,,,,,,,0.06186143681406975,,,,,,,,,
19,,,92259,,,,,,,,,,0.003374275751411915,,,,,,,,,
19,,,92279,,,,,,,,,,0.0006780476542189717,,,,,,,,,
19,,,92299,,,,,,,,,,0.00326347048394382,,,,,,,,,
19,,,92319,,,,,,,,,,0.04208465665578842,,,,,,,,,
19,,,92339,,,,,,,,,,0.04972388967871666,,,,,,,,,
19,,,92359,,,,,,,,,,0.002536312909796834,,,,,,,,,
19,,,92379,,,,,,,,,,0.11292175203561783,,,,,,,,,
19,,,92399,,,,,,,,,,0.000772067520301789,,,,,,,,,
19,,,92419,,,,,,,,,,0.006160195916891098,,,,,,,,,
19,,,92439,,,,,,,,,,0.26147186756134033,,,,,,,,,
19,,,92459,,,,,,,,,,0.03742072731256485,,,,,,,,,
19,,,92479,,,,,,,,,,0.012379289604723454,,,,,,,,,
19,,,92499,,,,,,,,,,0.09557164460420609,,,,,,,,,
19,,,92519,,,,,,,,,,0.00034741475246846676,,,,,,,,,
19,,,92539,,,,,,,,,,0.007421022281050682,,,,,,,,,
19,,,92559,,,,,,,,,,0.006478327792137861,,,,,,,,,
19,,,92579,,,,,,,,,,0.004816025495529175,,,,,,,,,
19,,,92599,,,,,,,,,,0.06707464158535004,,,,,,,,,
19,,,92619,,,,,,,,,,0.13180695474147797,,,,,,,,,
19,,,92639,,,,,,,,,,0.03324905037879944,,,,,,,,,
19,,,92659,,,,,,,,,,0.12407350540161133,,,,,,,,,
19,,,92679,,,,,,,,,,0.0009115248685702682,,,,,,,,,
19,,,92699,,,,,,,,,,0.018149152398109436,,,,,,,,,
19,,,92719,,,,,,,,,,0.19682131707668304,,,,,,,,,
19,,,92739,,,,,,,,,,0.025202669203281403,,,,,,,,,
19,,,92759,,,,,,,,,,0.08761466294527054,,,,,,,,,
19,,,92779,,,,,,,,,,0.05042940378189087,,,,,,,,,
19,,,92799,,,,,,,,,,0.1670147329568863,,,,,,,,,
19,,,92819,,,,,,,,,,0.025811538100242615,,,,,,,,,
19,,,92839,,,,,,,,,,0.001154417172074318,,,,,,,,,
19,,,92859,,,,,,,,,,0.0211821049451828,,,,,,,,,
19,,,92879,,,,,,,,,,0.09802065789699554,,,,,,,,,
19,,,92899,,,,,,,,,,0.13228926062583923,,,,,,,,,
19,,,92919,,,,,,,,,,0.057234399020671844,,,,,,,,,
19,,,92939,,,,,,,,,,0.0009373221546411514,,,,,,,,,
19,,,92959,,,,,,,,,,0.038198571652173996,,,,,,,,,
19,,,92979,,,,,,,,,,0.0011641473975032568,,,,,,,,,
19,,,92999,,,,,,,,,,0.002243020571768284,,,,,,,,,
19,,,93019,,,,,,,,,,0.0014081262052059174,,,,,,,,,
19,,,93039,,,,,,,,,,0.006060228683054447,,,,,,,,,
19,,,93059,,,,,,,,,,0.003200705861672759,,,,,,,,,
19,,,93079,,,,,,,,,,0.0016683994326740503,,,,,,,,,
19,,,93099,,,,,,,,,,0.35256287455558777,,,,,,,,,
19,,,93119,,,,,,,,,,0.020772196352481842,,,,,,,,,
19,,,93139,,,,,,,,,,0.0009584513609297574,,,,,,,,,
19,,,93159,,,,,,,,,,0.0006214060122147202,,,,,,,,,
19,,,93179,,,,,,,,,,0.006892784032970667,,,,,,,,,
19,,,93199,,,,,,,,,,0.040144965052604675,,,,,,,,,
19,,,93219,,,,,,,,,,0.0038417703472077847,,,,,,,,,
19,,,93239,,,,,,,,,,0.0555407740175724,,,,,,,,,
19,,,93259,,,,,,,,,,0.0005043782875873148,,,,,,,,,
19,,,93279,,,,,,,,,,0.03403492644429207,,,,,,,,,
19,,,93299,,,,,,,,,,0.0001891120191430673,,,,,,,,,
19,,,93319,,,,,,,,,,0.028140248730778694,,,,,,,,,
19,,,93339,,,,,,,,,,0.0007179714157246053,,,,,,,,,
19,,,93359,,,,,,,,,,0.0350816585123539,,,,,,,,,
19,,,93379,,,,,,,,,,0.003282809630036354,,,,,,,,,
19,,,93399,,,,,,,,,,0.0006561587797477841,,,,,,,,,
19,,,93419,,,,,,,,,,0.004913500510156155,,,,,,,,,
19,,,93439,,,,,,,,,,0.05458705499768257,,,,,,,,,
19,,,93459,,,,,,,,,,0.015058479271829128,,,,,,,,,
19,,,93479,,,,,,,,,,0.0007024521473795176,,,,,,,,,
19,,,93499,,,,,,,,,,0.04561880603432655,,,,,,,,,
19,,,93519,,,,,,,,,,0.042727209627628326,,,,,,,,,
19,,,93539,,,,,,,,,,0.00196942244656384,,,,,,,,,
19,,,93559,,,,,,,,,,0.005084082949906588,,,,,,,,,
19,,,93579,,,,,,,,,,0.07263588160276413,,,,,,,,,
19,,,93599,,,,,,,,,,0.00545968022197485,,,,,,,,,
19,,,93619,,,,,,,,,,0.0014838704373687506,,,,,,,,,
19,,,93639,,,,,,,,,,0.00011453383922344074,,,,,,,,,
19,,,93659,,,,,,,,,,0.0004647132009267807,,,,,,,,,
19,,,93679,,,,,,,,,,0.01569889672100544,,,,,,,,,
19,,,93699,,,,,,,,,,0.06370655447244644,,,,,,,,,
19,,,93719,,,,,,,,,,0.0006822469877079129,,,,,,,,,
19,,,93739,,,,,,,,,,0.0013428609818220139,,,,,,,,,
19,,,93759,,,,,,,,,,0.00013419653987511992,,,,,,,,,
19,,,93779,,,,,,,,,,0.00025502784410491586,,,,,,,,,
19,,,93799,,,,,,,,,,0.0005903207929804921,,,,,,,,,
19,,,93819,,,,,,,,,,0.020302921533584595,,,,,,,,,
19,,,93839,,,,,,,,,,0.09944890439510345,,,,,,,,,
19,,,93859,,,,,,,,,,0.009996717795729637,,,,,,,,,
19,,,93879,,,,,,,,,,0.03184051439166069,,,,,,,,,
19,,,93899,,,,,,,,,,0.03359333798289299,,,,,,,,,
19,,,93919,,,,,,,,,,0.009464414790272713,,,,,,,,,
19,,,93939,,,,,,,,,,0.00028883866616524756,,,,,,,,,
19,,,93959,,,,,,,,,,0.0368393212556839,,,,,,,,,
19,,,93979,,,,,,,,,,0.014278894290328026,,,,,,,,,
19,,,93999,,,,,,,,,,0.0011534352088347077,,,,,,,,,
19,,,94019,,,,,,,,,,0.10011853277683258,,,,,,,,,
19,,,94039,,,,,,,,,,0.08160221576690674,,,,,,,,,
19,,,94059,,,,,,,,,,0.04458402842283249,,,,,,,,,
19,,,94079,,,,,,,,,,0.07508952170610428,,,,,,,,,
19,,,94099,,,,,,,,,,0.005314456764608622,,,,,,,,,
19,,,94119,,,,,,,,,,0.004650495946407318,,,,,,,,,
19,,,94139,,,,,,,,,,0.0010511430446058512,,,,,,,,,
19,,,94159,,,,,,,,,,0.0026614866219460964,,,,,,,,,
19,,,94179,,,,,,,,,,0.027872519567608833,,,,,,,,,
19,,,94199,,,,,,,,,,0.009816734120249748,,,,,,,,,
19,,,94219,,,,,,,,,,0.0012014192761853337,,,,,,,,,
19,,,94239,,,,,,,,,,0.022624321281909943,,,,,,,,,
19,,,94259,,,,,,,,,,0.01063557155430317,,,,,,,,,
19,,,94279,,,,,,,,,,0.09188439697027206,,,,,,,,,
19,,,94299,,,,,,,,,,0.02790132723748684,,,,,,,,,
19,,,94319,,,,,,,,,,0.001005672151222825,,,,,,,,,
19,,,94339,,,,,,,,,,0.03300398215651512,,,,,,,,,
19,,,94359,,,,,,,,,,0.08701084554195404,,,,,,,,,
19,,,94379,,,,,,,,,,0.2558017075061798,,,,,,,,,
19,,,94399,,,,,,,,,,0.026357252150774002,,,,,,,,,
19,,,94419,,,,,,,,,,0.028548672795295715,,,,,,,,,
19,,,94439,,,,,,,,,,0.08085096627473831,,,,,,,,,
19,,,94459,,,,,,,,,,0.03635147213935852,,,,,,,,,
19,,,94479,,,,,,,,,,0.0045050447806715965,,,,,,,,,
19,,,94499,,,,,,,,,,0.03623785078525543,,,,,,,,,
19,,,94519,,,,,,,,,,0.0073803626000881195,,,,,,,,,
19,,,94539,,,,,,,,,,0.0036195064894855022,,,,,,,,,
19,,,94559,,,,,,,,,,0.12579521536827087,,,,,,,,,
19,,,94579,,,,,,,,,,0.023759521543979645,,,,,,,,,
19,,,94599,,,,,,,,,,0.07962045073509216,,,,,,,,,
19,,,94619,,,,,,,,,,0.0823865756392479,,,,,,,,,
19,,,94639,,,,,,,,,,0.06304502487182617,,,,,,,,,
19,,,94659,,,,,,,,,,0.00013415345165412873,,,,,,,,,
19,,,94679,,,,,,,,,,0.1270759552717209,,,,,,,,,
19,,,94699,,,,,,,,,,0.0009562511695548892,,,,,,,,,
19,,,94719,,,,,,,,,,0.01563859172165394,,,,,,,,,
19,,,94739,,,,,,,,,,0.006698133423924446,,,,,,,,,
19,,,94759,,,,,,,,,,0.5077742338180542,,,,,,,,,
19,,,94779,,,,,,,,,,0.00023338636674452573,,,,,,,,,
19,,,94799,,,,,,,,,,0.0001249675842700526,,,,,,,,,
19,,,94819,,,,,,,,,,0.07907827943563461,,,,,,,,,
19,,,94839,,,,,,,,,,0.002778434893116355,,,,,,,,,
19,,,94859,,,,,,,,,,0.09741020947694778,,,,,,,,,
19,,,94879,,,,,,,,,,0.29135528206825256,,,,,,,,,
19,,,94899,,,,,,,,,,0.002368472283706069,,,,,,,,,
19,,,94919,,,,,,,,,,0.016823049634695053,,,,,,,,,
19,,,94939,,,,,,,,,,0.08605340123176575,,,,,,,,,
19,,,94959,,,,,,,,,,0.026409590616822243,,,,,,,,,
19,,,94979,,,,,,,,,,0.13641701638698578,,,,,,,,,
19,,,94999,,,,,,,,,,0.00013837958977092057,,,,,,,,,
19,,,95019,,,,,,,,,,0.0017342132050544024,,,,,,,,,
19,,,95039,,,,,,,,,,0.3176906704902649,,,,,,,,,
19,,,95059,,,,,,,,,,0.0013796224957332015,,,,,,,,,
19,,,95079,,,,,,,,,,0.0010274018859490752,,,,,,,,,
19,,,95099,,,,,,,,,,0.0007322800811380148,,,,,,,,,
19,,,95119,,,,,,,,,,0.05523402988910675,,,,,,,,,
19,,,95139,,,,,,,,,,0.014159327372908592,,,,,,,,,
19,,,95159,,,,,,,,,,0.01817016676068306,,,,,,,,,
19,,,95179,,,,,,,,,,0.07516847550868988,,,,,,,,,
19,,,95199,,,,,,,,,,0.0011631607776507735,,,,,,,,,
19,,,95219,,,,,,,,,,0.004541253205388784,,,,,,,,,
19,,,95239,,,,,,,,,,0.0006533092819154263,,,,,,,,,
19,,,95259,,,,,,,,,,0.020756181329488754,,,,,,,,,
19,,,95279,,,,,,,,,,0.000299086794257164,,,,,,,,,
19,,,95299,,,,,,,,,,0.08321617543697357,,,,,,,,,
19,,,95319,,,,,,,,,,0.0008926308946684003,,,,,,,,,
19,,,95339,,,,,,,,,,0.021082928404211998,,,,,,,,,
19,,,95359,,,,,,,,,,0.006352201569825411,,,,,,,,,
19,,,95379,,,,,,,,,,0.002206975594162941,,,,,,,,,
19,,,95399,,,,,,,,,,0.2550755441188812,,,,,,,,,
19,,,95419,,,,,,,,,,0.023862473666667938,,,,,,,,,
19,,,95439,,,,,,,,,,0.0008708380628377199,,,,,,,,,
19,,,95459,,,,,,,,,,0.00039743364322930574,,,,,,,,,
19,,,95459,,,,,,,,,,,0.6460937261581421,0.8194692730903625,0.6805694699287415,5.307884216308594,0.7561044096946716,0.38686057925224304,0.5896563529968262,0.9225524663925171,0.6460937261581421
19,,,95459,,,,,,,,0.9840344190597534,0.042602647095918655,,,,,,,,,,
,0.00020740251485476345,0.00020740251485476345,95460,,,,,,,,,,,,,,,,,,,
20,,,95479,,,,,,,,,,0.005863557569682598,,,,,,,,,
20,,,95499,,,,,,,,,,0.0063875941559672356,,,,,,,,,
20,,,95519,,,,,,,,,,0.0020548729225993156,,,,,,,,,
20,,,95539,,,,,,,,,,0.23924817144870758,,,,,,,,,
20,,,95559,,,,,,,,,,0.017462333664298058,,,,,,,,,
20,,,95579,,,,,,,,,,0.11860975623130798,,,,,,,,,
20,,,95599,,,,,,,,,,0.0246767308562994,,,,,,,,,
20,,,95619,,,,,,,,,,0.02568877302110195,,,,,,,,,
20,,,95639,,,,,,,,,,0.05528554692864418,,,,,,,,,
20,,,95659,,,,,,,,,,0.12669362127780914,,,,,,,,,
20,,,95679,,,,,,,,,,0.002244384726509452,,,,,,,,,
20,,,95699,,,,,,,,,,0.0005823816172778606,,,,,,,,,
20,,,95719,,,,,,,,,,0.005820480640977621,,,,,,,,,
20,,,95739,,,,,,,,,,9.118582238443196e-05,,,,,,,,,
20,,,95759,,,,,,,,,,0.069429911673069,,,,,,,,,
20,,,95779,,,,,,,,,,0.008490928448736668,,,,,,,,,
20,,,95799,,,,,,,,,,0.20346775650978088,,,,,,,,,
20,,,95819,,,,,,,,,,0.02175266668200493,,,,,,,,,
20,,,95839,,,,,,,,,,0.012209933251142502,,,,,,,,,
20,,,95859,,,,,,,,,,0.0008293469436466694,,,,,,,,,
20,,,95879,,,,,,,,,,0.08333009481430054,,,,,,,,,
20,,,95899,,,,,,,,,,0.0036989415530115366,,,,,,,,,
20,,,95919,,,,,,,,,,0.008160421624779701,,,,,,,,,
20,,,95939,,,,,,,,,,0.2853430211544037,,,,,,,,,
20,,,95959,,,,,,,,,,0.00038398377364501357,,,,,,,,,
20,,,95979,,,,,,,,,,0.02849811501801014,,,,,,,,,
20,,,95999,,,,,,,,,,0.03109552338719368,,,,,,,,,
20,,,96019,,,,,,,,,,0.001107129268348217,,,,,,,,,
20,,,96039,,,,,,,,,,0.06276662647724152,,,,,,,,,
20,,,96059,,,,,,,,,,0.08882828801870346,,,,,,,,,
20,,,96079,,,,,,,,,,0.0012730371672660112,,,,,,,,,
20,,,96099,,,,,,,,,,0.04446938633918762,,,,,,,,,
20,,,96119,,,,,,,,,,0.0002582848537713289,,,,,,,,,
20,,,96139,,,,,,,,,,0.03320394828915596,,,,,,,,,
20,,,96159,,,,,,,,,,0.07262784987688065,,,,,,,,,
20,,,96179,,,,,,,,,,0.00042826932622119784,,,,,,,,,
20,,,96199,,,,,,,,,,0.0047861123457551,,,,,,,,,
20,,,96219,,,,,,,,,,0.21787811815738678,,,,,,,,,
20,,,96239,,,,,,,,,,0.03182285279035568,,,,,,,,,
20,,,96259,,,,,,,,,,0.0005836485652253032,,,,,,,,,
20,,,96279,,,,,,,,,,0.008828576654195786,,,,,,,,,
20,,,96299,,,,,,,,,,0.0701022818684578,,,,,,,,,
20,,,96319,,,,,,,,,,0.10759304463863373,,,,,,,,,
20,,,96339,,,,,,,,,,0.0024652364663779736,,,,,,,,,
20,,,96359,,,,,,,,,,0.011086469516158104,,,,,,,,,
20,,,96379,,,,,,,,,,0.0008542969590052962,,,,,,,,,
20,,,96399,,,,,,,,,,0.37693142890930176,,,,,,,,,
20,,,96419,,,,,,,,,,0.04323553666472435,,,,,,,,,
20,,,96439,,,,,,,,,,0.002778264693915844,,,,,,,,,
20,,,96459,,,,,,,,,,0.01869293861091137,,,,,,,,,
20,,,96479,,,,,,,,,,0.05173371732234955,,,,,,,,,
20,,,96499,,,,,,,,,,0.012641736306250095,,,,,,,,,
20,,,96519,,,,,,,,,,0.0015496219275519252,,,,,,,,,
20,,,96539,,,,,,,,,,0.08496972918510437,,,,,,,,,
20,,,96559,,,,,,,,,,0.002499150112271309,,,,,,,,,
20,,,96579,,,,,,,,,,0.0014404089888557792,,,,,,,,,
20,,,96599,,,,,,,,,,0.006269860081374645,,,,,,,,,
20,,,96619,,,,,,,,,,0.023701220750808716,,,,,,,,,
20,,,96639,,,,,,,,,,0.0030185538344085217,,,,,,,,,
20,,,96659,,,,,,,,,,0.0018592807464301586,,,,,,,,,
20,,,96679,,,,,,,,,,0.00036392553010955453,,,,,,,,,
20,,,96699,,,,,,,,,,0.048361003398895264,,,,,,,,,
20,,,96719,,,,,,,,,,0.5183393359184265,,,,,,,,,
20,,,96739,,,,,,,,,,0.1356794685125351,,,,,,,,,
20,,,96759,,,,,,,,,,0.015470198355615139,,,,,,,,,
20,,,96779,,,,,,,,,,0.036665406078100204,,,,,,,,,
20,,,96799,,,,,,,,,,0.32818907499313354,,,,,,,,,
20,,,96819,,,,,,,,,,0.07702165842056274,,,,,,,,,
20,,,96839,,,,,,,,,,0.008603607304394245,,,,,,,,,
20,,,96859,,,,,,,,,,0.16915291547775269,,,,,,,,,
20,,,96879,,,,,,,,,,0.0007037297473289073,,,,,,,,,
20,,,96899,,,,,,,,,,0.14995917677879333,,,,,,,,,
20,,,96919,,,,,,,,,,0.06798990070819855,,,,,,,,,
20,,,96939,,,,,,,,,,0.0016006110236048698,,,,,,,,,
20,,,96959,,,,,,,,,,0.0008863823604770005,,,,,,,,,
20,,,96979,,,,,,,,,,0.06741804629564285,,,,,,,,,
20,,,96999,,,,,,,,,,0.009636328555643559,,,,,,,,,
20,,,97019,,,,,,,,,,0.06442748755216599,,,,,,,,,
20,,,97039,,,,,,,,,,0.023936467245221138,,,,,,,,,
20,,,97059,,,,,,,,,,0.000587562914006412,,,,,,,,,
20,,,97079,,,,,,,,,,0.00018790415197145194,,,,,,,,,
20,,,97099,,,,,,,,,,0.03174921125173569,,,,,,,,,
20,,,97119,,,,,,,,,,0.012881130911409855,,,,,,,,,
20,,,97139,,,,,,,,,,0.011526210233569145,,,,,,,,,
20,,,97159,,,,,,,,,,0.0031982106156647205,,,,,,,,,
20,,,97179,,,,,,,,,,0.0310666486620903,,,,,,,,,
20,,,97199,,,,,,,,,,0.045258354395627975,,,,,,,,,
20,,,97219,,,,,,,,,,0.08773709833621979,,,,,,,,,
20,,,97239,,,,,,,,,,0.004330798983573914,,,,,,,,,
20,,,97259,,,,,,,,,,0.002166875172406435,,,,,,,,,
20,,,97279,,,,,,,,,,0.00029891030862927437,,,,,,,,,
20,,,97299,,,,,,,,,,0.00032067319261841476,,,,,,,,,
20,,,97319,,,,,,,,,,0.02109837532043457,,,,,,,,,
20,,,97339,,,,,,,,,,0.0438198558986187,,,,,,,,,
20,,,97359,,,,,,,,,,0.0007205256843008101,,,,,,,,,
20,,,97379,,,,,,,,,,0.0005187575588934124,,,,,,,,,
20,,,97399,,,,,,,,,,0.008605987764894962,,,,,,,,,
20,,,97419,,,,,,,,,,0.0009310838067904115,,,,,,,,,
20,,,97439,,,,,,,,,,0.018491283059120178,,,,,,,,,
20,,,97459,,,,,,,,,,0.01102681364864111,,,,,,,,,
20,,,97479,,,,,,,,,,0.06635609269142151,,,,,,,,,
20,,,97499,,,,,,,,,,0.023284384980797768,,,,,,,,,
20,,,97519,,,,,,,,,,0.005331315100193024,,,,,,,,,
20,,,97539,,,,,,,,,,0.01753377541899681,,,,,,,,,
20,,,97559,,,,,,,,,,0.012012411840260029,,,,,,,,,
20,,,97579,,,,,,,,,,0.07442150264978409,,,,,,,,,
20,,,97599,,,,,,,,,,0.02802022360265255,,,,,,,,,
20,,,97619,,,,,,,,,,0.0006531936815008521,,,,,,,,,
20,,,97639,,,,,,,,,,0.03710015118122101,,,,,,,,,
20,,,97659,,,,,,,,,,0.004089004825800657,,,,,,,,,
20,,,97679,,,,,,,,,,0.0004144888953305781,,,,,,,,,
20,,,97699,,,,,,,,,,0.17500466108322144,,,,,,,,,
20,,,97719,,,,,,,,,,0.030426522716879845,,,,,,,,,
20,,,97739,,,,,,,,,,0.002631524344906211,,,,,,,,,
20,,,97759,,,,,,,,,,0.0023935032077133656,,,,,,,,,
20,,,97779,,,,,,,,,,0.0013278552796691656,,,,,,,,,
20,,,97799,,,,,,,,,,0.09197584539651871,,,,,,,,,
20,,,97819,,,,,,,,,,0.2923765480518341,,,,,,,,,
20,,,97839,,,,,,,,,,0.00010092679440276697,,,,,,,,,
20,,,97859,,,,,,,,,,0.0010826312936842442,,,,,,,,,
20,,,97879,,,,,,,,,,0.000201593735255301,,,,,,,,,
20,,,97899,,,,,,,,,,0.0049950177781283855,,,,,,,,,
20,,,97919,,,,,,,,,,0.000437880982644856,,,,,,,,,
20,,,97939,,,,,,,,,,0.000461234652902931,,,,,,,,,
20,,,97959,,,,,,,,,,0.03098624013364315,,,,,,,,,
20,,,97979,,,,,,,,,,0.003525777254253626,,,,,,,,,
20,,,97999,,,,,,,,,,0.005236677825450897,,,,,,,,,
20,,,98019,,,,,,,,,,0.001747453585267067,,,,,,,,,
20,,,98039,,,,,,,,,,0.11364374309778214,,,,,,,,,
20,,,98059,,,,,,,,,,0.004218612797558308,,,,,,,,,
20,,,98079,,,,,,,,,,0.02042762003839016,,,,,,,,,
20,,,98099,,,,,,,,,,0.0001046627075993456,,,,,,,,,
20,,,98119,,,,,,,,,,0.00012557583977468312,,,,,,,,,
20,,,98139,,,,,,,,,,0.002202083356678486,,,,,,,,,
20,,,98159,,,,,,,,,,0.7856101393699646,,,,,,,,,
20,,,98179,,,,,,,,,,0.40545669198036194,,,,,,,,,
20,,,98199,,,,,,,,,,0.0006522662588395178,,,,,,,,,
20,,,98219,,,,,,,,,,0.007657031528651714,,,,,,,,,
20,,,98239,,,,,,,,,,0.00011070659093093127,,,,,,,,,
20,,,98259,,,,,,,,,,0.00427764980122447,,,,,,,,,
20,,,98279,,,,,,,,,,0.029536042362451553,,,,,,,,,
20,,,98299,,,,,,,,,,0.12221254408359528,,,,,,,,,
20,,,98319,,,,,,,,,,0.019995134323835373,,,,,,,,,
20,,,98339,,,,,,,,,,0.041219595819711685,,,,,,,,,
20,,,98359,,,,,,,,,,0.00026756050647236407,,,,,,,,,
20,,,98379,,,,,,,,,,0.000523066206369549,,,,,,,,,
20,,,98399,,,,,,,,,,0.19152674078941345,,,,,,,,,
20,,,98419,,,,,,,,,,7.535467739216983e-05,,,,,,,,,
20,,,98439,,,,,,,,,,0.027406666427850723,,,,,,,,,
20,,,98459,,,,,,,,,,0.02047278918325901,,,,,,,,,
20,,,98479,,,,,,,,,,0.036548200994729996,,,,,,,,,
20,,,98499,,,,,,,,,,0.006005566101521254,,,,,,,,,
20,,,98519,,,,,,,,,,0.026056505739688873,,,,,,,,,
20,,,98539,,,,,,,,,,0.028480658307671547,,,,,,,,,
20,,,98559,,,,,,,,,,0.13926109671592712,,,,,,,,,
20,,,98579,,,,,,,,,,0.0017697063740342855,,,,,,,,,
20,,,98599,,,,,,,,,,0.0043258629739284515,,,,,,,,,
20,,,98619,,,,,,,,,,0.00625369418412447,,,,,,,,,
20,,,98639,,,,,,,,,,0.0008118412224575877,,,,,,,,,
20,,,98659,,,,,,,,,,0.4538455307483673,,,,,,,,,
20,,,98679,,,,,,,,,,0.02620462328195572,,,,,,,,,
20,,,98699,,,,,,,,,,0.001230316935107112,,,,,,,,,
20,,,98719,,,,,,,,,,0.0011017213109880686,,,,,,,,,
20,,,98739,,,,,,,,,,0.0018810187466442585,,,,,,,,,
20,,,98759,,,,,,,,,,0.0008278253953903913,,,,,,,,,
20,,,98779,,,,,,,,,,0.0015538991428911686,,,,,,,,,
20,,,98799,,,,,,,,,,0.039315588772296906,,,,,,,,,
20,,,98819,,,,,,,,,,0.03678330406546593,,,,,,,,,
20,,,98839,,,,,,,,,,0.033648617565631866,,,,,,,,,
20,,,98859,,,,,,,,,,0.03868314251303673,,,,,,,,,
20,,,98879,,,,,,,,,,0.016730904579162598,,,,,,,,,
20,,,98899,,,,,,,,,,0.001392807811498642,,,,,,,,,
20,,,98919,,,,,,,,,,0.00035309066879563034,,,,,,,,,
20,,,98939,,,,,,,,,,0.08635462075471878,,,,,,,,,
20,,,98959,,,,,,,,,,0.1156967356801033,,,,,,,,,
20,,,98979,,,,,,,,,,0.012433992698788643,,,,,,,,,
20,,,98999,,,,,,,,,,6.278468936216086e-05,,,,,,,,,
20,,,99019,,,,,,,,,,0.2865836024284363,,,,,,,,,
20,,,99039,,,,,,,,,,0.0007523273816332221,,,,,,,,,
20,,,99059,,,,,,,,,,0.11054126173257828,,,,,,,,,
20,,,99079,,,,,,,,,,0.0004985012928955257,,,,,,,,,
20,,,99099,,,,,,,,,,0.049761418253183365,,,,,,,,,
20,,,99119,,,,,,,,,,0.01628756709396839,,,,,,,,,
20,,,99139,,,,,,,,,,0.0005358434864319861,,,,,,,,,
20,,,99159,,,,,,,,,,0.08259191364049911,,,,,,,,,
20,,,99179,,,,,,,,,,0.0003893683897331357,,,,,,,,,
20,,,99199,,,,,,,,,,0.001875401707366109,,,,,,,,,
20,,,99219,,,,,,,,,,0.13291452825069427,,,,,,,,,
20,,,99239,,,,,,,,,,0.010522386059165001,,,,,,,,,
20,,,99259,,,,,,,,,,0.07055889815092087,,,,,,,,,
20,,,99279,,,,,,,,,,0.0006719548255205154,,,,,,,,,
20,,,99299,,,,,,,,,,0.0038218870759010315,,,,,,,,,
20,,,99319,,,,,,,,,,0.029071997851133347,,,,,,,,,
20,,,99339,,,,,,,,,,0.001039151567965746,,,,,,,,,
20,,,99359,,,,,,,,,,0.0008755787275731564,,,,,,,,,
20,,,99379,,,,,,,,,,0.0006356206722557545,,,,,,,,,
20,,,99399,,,,,,,,,,0.04245472326874733,,,,,,,,,
20,,,99419,,,,,,,,,,0.03429652750492096,,,,,,,,,
20,,,99439,,,,,,,,,,0.046120598912239075,,,,,,,,,
20,,,99459,,,,,,,,,,0.0035547649022191763,,,,,,,,,
20,,,99479,,,,,,,,,,0.02140628732740879,,,,,,,,,
20,,,99499,,,,,,,,,,0.1002984568476677,,,,,,,,,
20,,,99519,,,,,,,,,,0.00040524709038436413,,,,,,,,,
20,,,99539,,,,,,,,,,0.03696439042687416,,,,,,,,,
20,,,99559,,,,,,,,,,0.022653654217720032,,,,,,,,,
20,,,99579,,,,,,,,,,0.04601842910051346,,,,,,,,,
20,,,99599,,,,,,,,,,0.024631666019558907,,,,,,,,,
20,,,99619,,,,,,,,,,0.00019154777692165226,,,,,,,,,
20,,,99639,,,,,,,,,,0.040727853775024414,,,,,,,,,
20,,,99659,,,,,,,,,,0.10164374858140945,,,,,,,,,
20,,,99679,,,,,,,,,,0.0004852554411627352,,,,,,,,,
20,,,99699,,,,,,,,,,0.014677150174975395,,,,,,,,,
20,,,99719,,,,,,,,,,0.025224965065717697,,,,,,,,,
20,,,99739,,,,,,,,,,0.018788371235132217,,,,,,,,,
20,,,99759,,,,,,,,,,0.0007351364474743605,,,,,,,,,
20,,,99779,,,,,,,,,,0.05098063498735428,,,,,,,,,
20,,,99799,,,,,,,,,,0.20458529889583588,,,,,,,,,
20,,,99819,,,,,,,,,,5.694968058378436e-05,,,,,,,,,
20,,,99839,,,,,,,,,,0.11839012056589127,,,,,,,,,
20,,,99859,,,,,,,,,,0.05767947807908058,,,,,,,,,
20,,,99879,,,,,,,,,,0.0007719993591308594,,,,,,,,,
20,,,99899,,,,,,,,,,0.0037983949296176434,,,,,,,,,
20,,,99919,,,,,,,,,,0.00771306362003088,,,,,,,,,
20,,,99939,,,,,,,,,,0.0829407274723053,,,,,,,,,
20,,,99959,,,,,,,,,,0.0015228220727294683,,,,,,,,,
20,,,99979,,,,,,,,,,0.0007403503404930234,,,,,,,,,
20,,,99999,,,,,,,,,,0.0005067380261607468,,,,,,,,,
20,,,100019,,,,,,,,,,0.0010439949110150337,,,,,,,,,
20,,,100039,,,,,,,,,,0.0019886470399796963,,,,,,,,,
20,,,100059,,,,,,,,,,0.3895230293273926,,,,,,,,,
20,,,100079,,,,,,,,,,0.1675531566143036,,,,,,,,,
20,,,100099,,,,,,,,,,0.011022056452929974,,,,,,,,,
20,,,100119,,,,,,,,,,0.06891495734453201,,,,,,,,,
20,,,100139,,,,,,,,,,0.001613536849617958,,,,,,,,,
20,,,100159,,,,,,,,,,0.0005315464222803712,,,,,,,,,
20,,,100179,,,,,,,,,,0.001441065687686205,,,,,,,,,
20,,,100199,,,,,,,,,,0.00045603475882671773,,,,,,,,,
20,,,100219,,,,,,,,,,0.08003655076026917,,,,,,,,,
20,,,100232,,,,,,,,,,,0.7006242275238037,0.8375563025474548,0.7274818420410156,5.021539211273193,0.7677055597305298,0.4635004699230194,0.6009127497673035,0.9344983696937561,0.7006242275238037
20,,,100232,,,,,,,,0.9839068651199341,0.04161255061626434,,,,,,,,,,
,0.0001935427015881693,0.0001935427015881693,100233,,,,,,,,,,,,,,,,,,,
21,,,100239,,,,,,,,,,0.07644835114479065,,,,,,,,,
21,,,100259,,,,,,,,,,0.031972117722034454,,,,,,,,,
21,,,100279,,,,,,,,,,0.01861390471458435,,,,,,,,,
21,,,100299,,,,,,,,,,0.0022317201364785433,,,,,,,,,
21,,,100319,,,,,,,,,,0.012309707701206207,,,,,,,,,
21,,,100339,,,,,,,,,,0.009793277829885483,,,,,,,,,
21,,,100359,,,,,,,,,,0.03619574010372162,,,,,,,,,
21,,,100379,,,,,,,,,,0.0008674527052789927,,,,,,,,,
21,,,100399,,,,,,,,,,0.10594016313552856,,,,,,,,,
21,,,100419,,,,,,,,,,0.00019786837219726294,,,,,,,,,
21,,,100439,,,,,,,,,,0.007963813841342926,,,,,,,,,
21,,,100459,,,,,,,,,,0.00017856797785498202,,,,,,,,,
21,,,100479,,,,,,,,,,0.07780259847640991,,,,,,,,,
21,,,100499,,,,,,,,,,0.047747138887643814,,,,,,,,,
21,,,100519,,,,,,,,,,0.08017482608556747,,,,,,,,,
21,,,100539,,,,,,,,,,0.0006406674510799348,,,,,,,,,
21,,,100559,,,,,,,,,,0.0011382960947230458,,,,,,,,,
21,,,100579,,,,,,,,,,0.0002472186170052737,,,,,,,,,
21,,,100599,,,,,,,,,,0.14820189774036407,,,,,,,,,
21,,,100619,,,,,,,,,,0.036599643528461456,,,,,,,,,
21,,,100639,,,,,,,,,,0.42011767625808716,,,,,,,,,
21,,,100659,,,,,,,,,,0.01919274590909481,,,,,,,,,
21,,,100679,,,,,,,,,,0.2145896553993225,,,,,,,,,
21,,,100699,,,,,,,,,,0.028838612139225006,,,,,,,,,
21,,,100719,,,,,,,,,,0.1443716287612915,,,,,,,,,
21,,,100739,,,,,,,,,,0.00228204857558012,,,,,,,,,
21,,,100759,,,,,,,,,,0.0005758891347795725,,,,,,,,,
21,,,100779,,,,,,,,,,0.022899840027093887,,,,,,,,,
21,,,100799,,,,,,,,,,0.13753323256969452,,,,,,,,,
21,,,100819,,,,,,,,,,0.00024542573373764753,,,,,,,,,
21,,,100839,,,,,,,,,,0.0720120221376419,,,,,,,,,
21,,,100859,,,,,,,,,,0.24332991242408752,,,,,,,,,
21,,,100879,,,,,,,,,,0.00013109177234582603,,,,,,,,,
21,,,100899,,,,,,,,,,0.0011062114499509335,,,,,,,,,
21,,,100919,,,,,,,,,,0.021806417033076286,,,,,,,,,
21,,,100939,,,,,,,,,,0.032501302659511566,,,,,,,,,
21,,,100959,,,,,,,,,,0.0005430214805528522,,,,,,,,,
21,,,100979,,,,,,,,,,0.02322394773364067,,,,,,,,,
21,,,100999,,,,,,,,,,0.025779344141483307,,,,,,,,,
21,,,101019,,,,,,,,,,0.00027900515124201775,,,,,,,,,
21,,,101039,,,,,,,,,,0.004631942603737116,,,,,,,,,
21,,,101059,,,,,,,,,,0.03877757117152214,,,,,,,,,
21,,,101079,,,,,,,,,,0.09829963743686676,,,,,,,,,
21,,,101099,,,,,,,,,,0.09933126717805862,,,,,,,,,
21,,,101119,,,,,,,,,,0.004378248006105423,,,,,,,,,
21,,,101139,,,,,,,,,,0.09597683697938919,,,,,,,,,
21,,,101159,,,,,,,,,,0.044708818197250366,,,,,,,,,
21,,,101179,,,,,,,,,,0.08233563601970673,,,,,,,,,
21,,,101199,,,,,,,,,,0.005745548754930496,,,,,,,,,
21,,,101219,,,,,,,,,,0.03207709267735481,,,,,,,,,
21,,,101239,,,,,,,,,,0.006765238009393215,,,,,,,,,
21,,,101259,,,,,,,,,,0.10559119284152985,,,,,,,,,
21,,,101279,,,,,,,,,,0.08662077784538269,,,,,,,,,
21,,,101299,,,,,,,,,,0.0011691063409671187,,,,,,,,,
21,,,101319,,,,,,,,,,0.011338490061461926,,,,,,,,,
21,,,101339,,,,,,,,,,3.62409082299564e-05,,,,,,,,,
21,,,101359,,,,,,,,,,0.014754698611795902,,,,,,,,,
21,,,101379,,,,,,,,,,0.0032946239225566387,,,,,,,,,
21,,,101399,,,,,,,,,,0.09175948053598404,,,,,,,,,
21,,,101419,,,,,,,,,,0.014090113341808319,,,,,,,,,
21,,,101439,,,,,,,,,,0.04150572046637535,,,,,,,,,
21,,,101459,,,,,,,,,,0.0004411684349179268,,,,,,,,,
21,,,101479,,,,,,,,,,0.08157091587781906,,,,,,,,,
21,,,101499,,,,,,,,,,0.004101673141121864,,,,,,,,,
21,,,101519,,,,,,,,,,0.022016897797584534,,,,,,,,,
21,,,101539,,,,,,,,,,0.04468319192528725,,,,,,,,,
21,,,101559,,,,,,,,,,0.0005440691020339727,,,,,,,,,
21,,,101579,,,,,,,,,,0.09403059631586075,,,,,,,,,
21,,,101599,,,,,,,,,,0.16359731554985046,,,,,,,,,
21,,,101619,,,,,,,,,,0.0004891334683634341,,,,,,,,,
21,,,101639,,,,,,,,,,0.0017773089930415154,,,,,,,,,
21,,,101659,,,,,,,,,,0.010590151883661747,,,,,,,,,
21,,,101679,,,,,,,,,,0.003364316653460264,,,,,,,,,
21,,,101699,,,,,,,,,,0.03532954305410385,,,,,,,,,
21,,,101719,,,,,,,,,,0.007884696125984192,,,,,,,,,
21,,,101739,,,,,,,,,,0.6997129917144775,,,,,,,,,
21,,,101759,,,,,,,,,,0.0407465361058712,,,,,,,,,
21,,,101779,,,,,,,,,,0.033342696726322174,,,,,,,,,
21,,,101799,,,,,,,,,,0.043342605233192444,,,,,,,,,
21,,,101819,,,,,,,,,,0.04981771484017372,,,,,,,,,
21,,,101839,,,,,,,,,,0.12336435168981552,,,,,,,,,
21,,,101859,,,,,,,,,,0.0021873428486287594,,,,,,,,,
21,,,101879,,,,,,,,,,0.0014167826157063246,,,,,,,,,
21,,,101899,,,,,,,,,,0.03460802137851715,,,,,,,,,
21,,,101919,,,,,,,,,,0.05197685584425926,,,,,,,,,
21,,,101939,,,,,,,,,,0.08598703891038895,,,,,,,,,
21,,,101959,,,,,,,,,,0.041266754269599915,,,,,,,,,
21,,,101979,,,,,,,,,,0.08201658725738525,,,,,,,,,
21,,,101999,,,,,,,,,,0.0007558265933766961,,,,,,,,,
21,,,102019,,,,,,,,,,0.039859432727098465,,,,,,,,,
21,,,102039,,,,,,,,,,0.0014285421930253506,,,,,,,,,
21,,,102059,,,,,,,,,,0.17712146043777466,,,,,,,,,
21,,,102079,,,,,,,,,,0.0005949967307969928,,,,,,,,,
21,,,102099,,,,,,,,,,0.11727198958396912,,,,,,,,,
21,,,102119,,,,,,,,,,0.0001722147426335141,,,,,,,,,
21,,,102139,,,,,,,,,,0.07555418461561203,,,,,,,,,
21,,,102159,,,,,,,,,,0.06366118043661118,,,,,,,,,
21,,,102179,,,,,,,,,,0.0009005239699035883,,,,,,,,,
21,,,102199,,,,,,,,,,0.14783534407615662,,,,,,,,,
21,,,102219,,,,,,,,,,0.03436559811234474,,,,,,,,,
21,,,102239,,,,,,,,,,0.0002045949804596603,,,,,,,,,
21,,,102259,,,,,,,,,,0.0036399257369339466,,,,,,,,,
21,,,102279,,,,,,,,,,0.0018695585895329714,,,,,,,,,
21,,,102299,,,,,,,,,,0.021249324083328247,,,,,,,,,
21,,,102319,,,,,,,,,,0.012799881398677826,,,,,,,,,
21,,,102339,,,,,,,,,,0.0010001856135204434,,,,,,,,,
21,,,102359,,,,,,,,,,0.002534943399950862,,,,,,,,,
21,,,102379,,,,,,,,,,0.018915152177214622,,,,,,,,,
21,,,102399,,,,,,,,,,0.12034936994314194,,,,,,,,,
21,,,102419,,,,,,,,,,0.0016218782402575016,,,,,,,,,
21,,,102439,,,,,,,,,,0.000655975891277194,,,,,,,,,
21,,,102459,,,,,,,,,,0.07211732864379883,,,,,,,,,
21,,,102479,,,,,,,,,,0.06254260987043381,,,,,,,,,
21,,,102499,,,,,,,,,,0.016802789643406868,,,,,,,,,
21,,,102519,,,,,,,,,,0.02521105296909809,,,,,,,,,
21,,,102539,,,,,,,,,,0.03996191918849945,,,,,,,,,
21,,,102559,,,,,,,,,,0.0006708110449835658,,,,,,,,,
21,,,102579,,,,,,,,,,0.07083998620510101,,,,,,,,,
21,,,102599,,,,,,,,,,0.0013142370153218508,,,,,,,,,
21,,,102619,,,,,,,,,,0.00034138181945309043,,,,,,,,,
21,,,102639,,,,,,,,,,0.0014306115917861462,,,,,,,,,
21,,,102659,,,,,,,,,,0.0013746682088822126,,,,,,,,,
21,,,102679,,,,,,,,,,0.01795753464102745,,,,,,,,,
21,,,102699,,,,,,,,,,5.0265654863324016e-05,,,,,,,,,
21,,,102719,,,,,,,,,,0.03522292897105217,,,,,,,,,
21,,,102739,,,,,,,,,,0.0003825196181423962,,,,,,,,,
21,,,102759,,,,,,,,,,0.029957789927721024,,,,,,,,,
21,,,102779,,,,,,,,,,0.008767294697463512,,,,,,,,,
21,,,102799,,,,,,,,,,0.08180788904428482,,,,,,,,,
21,,,102819,,,,,,,,,,0.004166130442172289,,,,,,,,,
21,,,102839,,,,,,,,,,0.0005392287857830524,,,,,,,,,
21,,,102859,,,,,,,,,,0.06895947456359863,,,,,,,,,
21,,,102879,,,,,,,,,,0.0014302091440185905,,,,,,,,,
21,,,102899,,,,,,,,,,0.00944039411842823,,,,,,,,,
21,,,102919,,,,,,,,,,0.0001992815814446658,,,,,,,,,
21,,,102939,,,,,,,,,,0.01217066403478384,,,,,,,,,
21,,,102959,,,,,,,,,,0.02615990862250328,,,,,,,,,
21,,,102979,,,,,,,,,,0.00022231129696592689,,,,,,,,,
21,,,102999,,,,,,,,,,0.1344638466835022,,,,,,,,,
21,,,103019,,,,,,,,,,0.03729114308953285,,,,,,,,,
21,,,103039,,,,,,,,,,0.03547675162553787,,,,,,,,,
21,,,103059,,,,,,,,,,0.0008296460146084428,,,,,,,,,
21,,,103079,,,,,,,,,,0.00016919017070904374,,,,,,,,,
21,,,103099,,,,,,,,,,0.11123383045196533,,,,,,,,,
21,,,103119,,,,,,,,,,0.0006046098424121737,,,,,,,,,
21,,,103139,,,,,,,,,,0.024388009682297707,,,,,,,,,
21,,,103159,,,,,,,,,,0.03602154180407524,,,,,,,,,
21,,,103179,,,,,,,,,,0.03528595343232155,,,,,,,,,
21,,,103199,,,,,,,,,,0.17485082149505615,,,,,,,,,
21,,,103219,,,,,,,,,,0.1353219747543335,,,,,,,,,
21,,,103239,,,,,,,,,,0.0011931904591619968,,,,,,,,,
21,,,103259,,,,,,,,,,0.06144244596362114,,,,,,,,,
21,,,103279,,,,,,,,,,0.001848489628173411,,,,,,,,,
21,,,103299,,,,,,,,,,0.14064469933509827,,,,,,,,,
21,,,103319,,,,,,,,,,0.03571021929383278,,,,,,,,,
21,,,103339,,,,,,,,,,0.11122861504554749,,,,,,,,,
21,,,103359,,,,,,,,,,0.0012336017098277807,,,,,,,,,
21,,,103379,,,,,,,,,,0.0331718772649765,,,,,,,,,
21,,,103399,,,,,,,,,,0.010370494797825813,,,,,,,,,
21,,,103419,,,,,,,,,,0.00023197464179247618,,,,,,,,,
21,,,103439,,,,,,,,,,0.0005028892774134874,,,,,,,,,
21,,,103459,,,,,,,,,,0.002098068594932556,,,,,,,,,
21,,,103479,,,,,,,,,,0.0493914932012558,,,,,,,,,
21,,,103499,,,,,,,,,,0.00015450286446139216,,,,,,,,,
21,,,103519,,,,,,,,,,0.026488808915019035,,,,,,,,,
21,,,103539,,,,,,,,,,0.024714268743991852,,,,,,,,,
21,,,103559,,,,,,,,,,0.023590996861457825,,,,,,,,,
21,,,103579,,,,,,,,,,0.07763352245092392,,,,,,,,,
21,,,103599,,,,,,,,,,0.07542682439088821,,,,,,,,,
21,,,103619,,,,,,,,,,0.003133551450446248,,,,,,,,,
21,,,103639,,,,,,,,,,0.052228689193725586,,,,,,,,,
21,,,103659,,,,,,,,,,0.0859449952840805,,,,,,,,,
21,,,103679,,,,,,,,,,0.03188431262969971,,,,,,,,,
21,,,103699,,,,,,,,,,0.0023512565530836582,,,,,,,,,
21,,,103719,,,,,,,,,,0.0170292966067791,,,,,,,,,
21,,,103739,,,,,,,,,,0.06267543882131577,,,,,,,,,
21,,,103759,,,,,,,,,,0.001716716680675745,,,,,,,,,
21,,,103779,,,,,,,,,,0.04380923882126808,,,,,,,,,
21,,,103799,,,,,,,,,,0.0002439271192997694,,,,,,,,,
21,,,103819,,,,,,,,,,0.0010625786380842328,,,,,,,,,
21,,,103839,,,,,,,,,,0.03214101120829582,,,,,,,,,
21,,,103859,,,,,,,,,,0.022157225757837296,,,,,,,,,
21,,,103879,,,,,,,,,,0.0001966641575563699,,,,,,,,,
21,,,103899,,,,,,,,,,0.04200461134314537,,,,,,,,,
21,,,103919,,,,,,,,,,0.1279321312904358,,,,,,,,,
21,,,103939,,,,,,,,,,0.0016187456203624606,,,,,,,,,
21,,,103959,,,,,,,,,,0.0012895355466753244,,,,,,,,,
21,,,103979,,,,,,,,,,0.006087040062993765,,,,,,,,,
21,,,103999,,,,,,,,,,0.06931111216545105,,,,,,,,,
21,,,104019,,,,,,,,,,0.001068391720764339,,,,,,,,,
21,,,104039,,,,,,,,,,0.00037475471617653966,,,,,,,,,
21,,,104059,,,,,,,,,,0.0435837060213089,,,,,,,,,
21,,,104079,,,,,,,,,,0.08320669829845428,,,,,,,,,
21,,,104099,,,,,,,,,,0.0007166995201259851,,,,,,,,,
21,,,104119,,,,,,,,,,0.06620845198631287,,,,,,,,,
21,,,104139,,,,,,,,,,0.021776743233203888,,,,,,,,,
21,,,104159,,,,,,,,,,0.0022088452242314816,,,,,,,,,
21,,,104179,,,,,,,,,,0.07090053707361221,,,,,,,,,
21,,,104199,,,,,,,,,,0.01612785831093788,,,,,,,,,
21,,,104219,,,,,,,,,,0.029762687161564827,,,,,,,,,
21,,,104239,,,,,,,,,,0.03388729318976402,,,,,,,,,
21,,,104259,,,,,,,,,,0.05992366001009941,,,,,,,,,
21,,,104279,,,,,,,,,,0.030132582411170006,,,,,,,,,
21,,,104299,,,,,,,,,,0.08665716648101807,,,,,,,,,
21,,,104319,,,,,,,,,,0.000540277105756104,,,,,,,,,
21,,,104339,,,,,,,,,,0.0006842141738161445,,,,,,,,,
21,,,104359,,,,,,,,,,0.03331007435917854,,,,,,,,,
21,,,104379,,,,,,,,,,0.04783898964524269,,,,,,,,,
21,,,104399,,,,,,,,,,0.0012164160143584013,,,,,,,,,
21,,,104419,,,,,,,,,,0.12514625489711761,,,,,,,,,
21,,,104439,,,,,,,,,,0.03441605344414711,,,,,,,,,
21,,,104459,,,,,,,,,,0.00605198135599494,,,,,,,,,
21,,,104479,,,,,,,,,,0.0021273093298077583,,,,,,,,,
21,,,104499,,,,,,,,,,0.01824205182492733,,,,,,,,,
21,,,104519,,,,,,,,,,0.04020130634307861,,,,,,,,,
21,,,104539,,,,,,,,,,0.0013133110478520393,,,,,,,,,
21,,,104559,,,,,,,,,,0.004880816210061312,,,,,,,,,
21,,,104579,,,,,,,,,,0.01552845723927021,,,,,,,,,
21,,,104599,,,,,,,,,,0.000621498329564929,,,,,,,,,
21,,,104619,,,,,,,,,,0.008542842231690884,,,,,,,,,
21,,,104639,,,,,,,,,,0.00011982650175923482,,,,,,,,,
21,,,104659,,,,,,,,,,0.07218267768621445,,,,,,,,,
21,,,104679,,,,,,,,,,0.017143186181783676,,,,,,,,,
21,,,104699,,,,,,,,,,0.4219032824039459,,,,,,,,,
21,,,104719,,,,,,,,,,0.009435582906007767,,,,,,,,,
21,,,104739,,,,,,,,,,0.20566634833812714,,,,,,,,,
21,,,104759,,,,,,,,,,0.02550414204597473,,,,,,,,,
21,,,104779,,,,,,,,,,0.00014196547272149473,,,,,,,,,
21,,,104799,,,,,,,,,,0.00018837556126527488,,,,,,,,,
21,,,104819,,,,,,,,,,0.07463514804840088,,,,,,,,,
21,,,104839,,,,,,,,,,0.005730761215090752,,,,,,,,,
21,,,104859,,,,,,,,,,0.3034525513648987,,,,,,,,,
21,,,104879,,,,,,,,,,0.06661082059144974,,,,,,,,,
21,,,104899,,,,,,,,,,0.02798261120915413,,,,,,,,,
21,,,104919,,,,,,,,,,0.04578203335404396,,,,,,,,,
21,,,104939,,,,,,,,,,0.15794986486434937,,,,,,,,,
21,,,104959,,,,,,,,,,0.0017416453920304775,,,,,,,,,
21,,,104979,,,,,,,,,,0.00023191116633825004,,,,,,,,,
21,,,104999,,,,,,,,,,0.051347050815820694,,,,,,,,,
21,,,105005,,,,,,,,,,,0.6023094654083252,0.7895519733428955,0.6371830105781555,7.117437362670898,0.7750053405761719,0.33547356724739075,0.6367999911308289,0.9132106900215149,0.6023094654083252
21,,,105005,,,,,,,,0.9853571057319641,0.03858467563986778,,,,,,,,,,
,0.00017926354830241924,0.00017926354830241924,105006,,,,,,,,,,,,,,,,,,,
22,,,105019,,,,,,,,,,0.6537213325500488,,,,,,,,,
22,,,105039,,,,,,,,,,0.00027532808599062264,,,,,,,,,
22,,,105059,,,,,,,,,,0.016279486939311028,,,,,,,,,
22,,,105079,,,,,,,,,,0.0028691343031823635,,,,,,,,,
22,,,105099,,,,,,,,,,0.0005577226402238011,,,,,,,,,
22,,,105119,,,,,,,,,,0.0002529250050429255,,,,,,,,,
22,,,105139,,,,,,,,,,0.0005145801696926355,,,,,,,,,
22,,,105159,,,,,,,,,,0.024474073201417923,,,,,,,,,
22,,,105179,,,,,,,,,,0.0009288003784604371,,,,,,,,,
22,,,105199,,,,,,,,,,0.017707237973809242,,,,,,,,,
22,,,105219,,,,,,,,,,0.00024067408230621368,,,,,,,,,
22,,,105239,,,,,,,,,,0.0003200497885700315,,,,,,,,,
22,,,105259,,,,,,,,,,0.00019312046060804278,,,,,,,,,
22,,,105279,,,,,,,,,,0.14145231246948242,,,,,,,,,
22,,,105299,,,,,,,,,,0.03013957478106022,,,,,,,,,
22,,,105319,,,,,,,,,,0.00011505978181958199,,,,,,,,,
22,,,105339,,,,,,,,,,0.0003430557553656399,,,,,,,,,
22,,,105359,,,,,,,,,,0.0023431384470313787,,,,,,,,,
22,,,105379,,,,,,,,,,0.12202361971139908,,,,,,,,,
22,,,105399,,,,,,,,,,0.07938703894615173,,,,,,,,,
22,,,105419,,,,,,,,,,0.004270927049219608,,,,,,,,,
22,,,105439,,,,,,,,,,0.04279361292719841,,,,,,,,,
22,,,105459,,,,,,,,,,0.0003361143753863871,,,,,,,,,
22,,,105479,,,,,,,,,,0.0002588497009128332,,,,,,,,,
22,,,105499,,,,,,,,,,0.00021822235430590808,,,,,,,,,
22,,,105519,,,,,,,,,,0.1524963527917862,,,,,,,,,
22,,,105539,,,,,,,,,,0.0001355628191959113,,,,,,,,,
22,,,105559,,,,,,,,,,0.08660276979207993,,,,,,,,,
22,,,105579,,,,,,,,,,0.03284398093819618,,,,,,,,,
22,,,105599,,,,,,,,,,0.0543297715485096,,,,,,,,,
22,,,105619,,,,,,,,,,0.004371571354568005,,,,,,,,,
22,,,105639,,,,,,,,,,0.017263764515519142,,,,,,,,,
22,,,105659,,,,,,,,,,0.002356397220864892,,,,,,,,,
22,,,105679,,,,,,,,,,0.003146291011944413,,,,,,,,,
22,,,105699,,,,,,,,,,0.027819251641631126,,,,,,,,,
22,,,105719,,,,,,,,,,0.08576250076293945,,,,,,,,,
22,,,105739,,,,,,,,,,0.004705648869276047,,,,,,,,,
22,,,105759,,,,,,,,,,0.0003737079387065023,,,,,,,,,
22,,,105779,,,,,,,,,,0.09268918633460999,,,,,,,,,
22,,,105799,,,,,,,,,,0.037677422165870667,,,,,,,,,
22,,,105819,,,,,,,,,,0.01976495236158371,,,,,,,,,
22,,,105839,,,,,,,,,,0.020618371665477753,,,,,,,,,
22,,,105859,,,,,,,,,,0.04329262673854828,,,,,,,,,
22,,,105879,,,,,,,,,,0.014897281304001808,,,,,,,,,
22,,,105899,,,,,,,,,,0.0007839021855033934,,,,,,,,,
22,,,105919,,,,,,,,,,0.0183719489723444,,,,,,,,,
22,,,105939,,,,,,,,,,0.0001039853086695075,,,,,,,,,
22,,,105959,,,,,,,,,,0.028571786358952522,,,,,,,,,
22,,,105979,,,,,,,,,,0.028919056057929993,,,,,,,,,
22,,,105999,,,,,,,,,,0.02529357373714447,,,,,,,,,
22,,,106019,,,,,,,,,,0.023482391610741615,,,,,,,,,
22,,,106039,,,,,,,,,,0.047676995396614075,,,,,,,,,
22,,,106059,,,,,,,,,,0.06479018181562424,,,,,,,,,
22,,,106079,,,,,,,,,,0.07018263638019562,,,,,,,,,
22,,,106099,,,,,,,,,,0.000260557426372543,,,,,,,,,
22,,,106119,,,,,,,,,,0.0005724878283217549,,,,,,,,,
22,,,106139,,,,,,,,,,0.47397634387016296,,,,,,,,,
22,,,106159,,,,,,,,,,0.08692222833633423,,,,,,,,,
22,,,106179,,,,,,,,,,0.00022346457990352064,,,,,,,,,
22,,,106199,,,,,,,,,,0.0011067962041124701,,,,,,,,,
22,,,106219,,,,,,,,,,0.08189984411001205,,,,,,,,,
22,,,106239,,,,,,,,,,0.00021952306269668043,,,,,,,,,
22,,,106259,,,,,,,,,,0.02210821956396103,,,,,,,,,
22,,,106279,,,,,,,,,,0.00020990968914702535,,,,,,,,,
22,,,106299,,,,,,,,,,0.00015505528426729143,,,,,,,,,
22,,,106319,,,,,,,,,,0.006239702925086021,,,,,,,,,
22,,,106339,,,,,,,,,,0.042851485311985016,,,,,,,,,
22,,,106359,,,,,,,,,,0.03968158736824989,,,,,,,,,
22,,,106379,,,,,,,,,,0.012631512247025967,,,,,,,,,
22,,,106399,,,,,,,,,,0.027574583888053894,,,,,,,,,
22,,,106419,,,,,,,,,,0.003561414312571287,,,,,,,,,
22,,,106439,,,,,,,,,,0.07849989831447601,,,,,,,,,
22,,,106459,,,,,,,,,,0.18715724349021912,,,,,,,,,
22,,,106479,,,,,,,,,,0.13427582383155823,,,,,,,,,
22,,,106499,,,,,,,,,,0.017676271498203278,,,,,,,,,
22,,,106519,,,,,,,,,,0.005697389133274555,,,,,,,,,
22,,,106539,,,,,,,,,,0.07274402678012848,,,,,,,,,
22,,,106559,,,,,,,,,,0.002322850050404668,,,,,,,,,
22,,,106579,,,,,,,,,,0.016166025772690773,,,,,,,,,
22,,,106599,,,,,,,,,,0.006593209691345692,,,,,,,,,
22,,,106619,,,,,,,,,,0.001481801038607955,,,,,,,,,
22,,,106639,,,,,,,,,,0.0008964793523773551,,,,,,,,,
22,,,106659,,,,,,,,,,0.0012711100280284882,,,,,,,,,
22,,,106679,,,,,,,,,,0.00010007296805270016,,,,,,,,,
22,,,106699,,,,,,,,,,0.020943723618984222,,,,,,,,,
22,,,106719,,,,,,,,,,0.026521719992160797,,,,,,,,,
22,,,106739,,,,,,,,,,0.0009821676649153233,,,,,,,,,
22,,,106759,,,,,,,,,,0.0009896487463265657,,,,,,,,,
22,,,106779,,,,,,,,,,0.00016348084318451583,,,,,,,,,
22,,,106799,,,,,,,,,,0.01934693194925785,,,,,,,,,
22,,,106819,,,,,,,,,,0.00032185547752305865,,,,,,,,,
22,,,106839,,,,,,,,,,0.26148390769958496,,,,,,,,,
22,,,106859,,,,,,,,,,0.0007994265761226416,,,,,,,,,
22,,,106879,,,,,,,,,,0.0005622415337711573,,,,,,,,,
22,,,106899,,,,,,,,,,7.207421731436625e-05,,,,,,,,,
22,,,106919,,,,,,,,,,0.03914341703057289,,,,,,,,,
22,,,106939,,,,,,,,,,0.06632378697395325,,,,,,,,,
22,,,106959,,,,,,,,,,0.0002915704098995775,,,,,,,,,
22,,,106979,,,,,,,,,,0.02411472424864769,,,,,,,,,
22,,,106999,,,,,,,,,,0.06612890213727951,,,,,,,,,
22,,,107019,,,,,,,,,,0.0019220705144107342,,,,,,,,,
22,,,107039,,,,,,,,,,0.17198893427848816,,,,,,,,,
22,,,107059,,,,,,,,,,0.0015615687007084489,,,,,,,,,
22,,,107079,,,,,,,,,,0.001760448794811964,,,,,,,,,
22,,,107099,,,,,,,,,,0.06589332222938538,,,,,,,,,
22,,,107119,,,,,,,,,,0.0004095601325388998,,,,,,,,,
22,,,107139,,,,,,,,,,0.0007054560701362789,,,,,,,,,
22,,,107159,,,,,,,,,,0.001634787186048925,,,,,,,,,
22,,,107179,,,,,,,,,,0.0031103924848139286,,,,,,,,,
22,,,107199,,,,,,,,,,0.0017971519846469164,,,,,,,,,
22,,,107219,,,,,,,,,,0.0010281114373356104,,,,,,,,,
22,,,107239,,,,,,,,,,0.0799105167388916,,,,,,,,,
22,,,107259,,,,,,,,,,0.001130856340751052,,,,,,,,,
22,,,107279,,,,,,,,,,0.0024039680138230324,,,,,,,,,
22,,,107299,,,,,,,,,,0.23912197351455688,,,,,,,,,
22,,,107319,,,,,,,,,,0.001078909495845437,,,,,,,,,
22,,,107339,,,,,,,,,,0.08727850019931793,,,,,,,,,
22,,,107359,,,,,,,,,,0.00038421363569796085,,,,,,,,,
22,,,107379,,,,,,,,,,0.19817578792572021,,,,,,,,,
22,,,107399,,,,,,,,,,0.0004468275874387473,,,,,,,,,
22,,,107419,,,,,,,,,,0.01470502931624651,,,,,,,,,
22,,,107439,,,,,,,,,,0.08870367705821991,,,,,,,,,
22,,,107459,,,,,,,,,,0.1082153469324112,,,,,,,,,
22,,,107479,,,,,,,,,,0.0011217687278985977,,,,,,,,,
22,,,107499,,,,,,,,,,0.029277637600898743,,,,,,,,,
22,,,107519,,,,,,,,,,0.0011007996508851647,,,,,,,,,
22,,,107539,,,,,,,,,,0.0013946492690593004,,,,,,,,,
22,,,107559,,,,,,,,,,0.0012199676129966974,,,,,,,,,
22,,,107579,,,,,,,,,,0.06062975525856018,,,,,,,,,
22,,,107599,,,,,,,,,,0.11467979103326797,,,,,,,,,
22,,,107619,,,,,,,,,,0.0006953299161978066,,,,,,,,,
22,,,107639,,,,,,,,,,0.03313363343477249,,,,,,,,,
22,,,107659,,,,,,,,,,0.6342020034790039,,,,,,,,,
22,,,107679,,,,,,,,,,0.0010875409934669733,,,,,,,,,
22,,,107699,,,,,,,,,,0.00027931551449000835,,,,,,,,,
22,,,107719,,,,,,,,,,0.04156620055437088,,,,,,,,,
22,,,107739,,,,,,,,,,0.007330002728849649,,,,,,,,,
22,,,107759,,,,,,,,,,0.10473887622356415,,,,,,,,,
22,,,107779,,,,,,,,,,3.528282104525715e-05,,,,,,,,,
22,,,107799,,,,,,,,,,0.008153981529176235,,,,,,,,,
22,,,107819,,,,,,,,,,0.0009705852717161179,,,,,,,,,
22,,,107839,,,,,,,,,,0.0014269392704591155,,,,,,,,,
22,,,107859,,,,,,,,,,0.002375018084421754,,,,,,,,,
22,,,107879,,,,,,,,,,0.13012069463729858,,,,,,,,,
22,,,107899,,,,,,,,,,0.040190406143665314,,,,,,,,,
22,,,107919,,,,,,,,,,0.021243790164589882,,,,,,,,,
22,,,107939,,,,,,,,,,0.041613418608903885,,,,,,,,,
22,,,107959,,,,,,,,,,0.006168878637254238,,,,,,,,,
22,,,107979,,,,,,,,,,0.09655547142028809,,,,,,,,,
22,,,107999,,,,,,,,,,0.08060325682163239,,,,,,,,,
22,,,108019,,,,,,,,,,0.00021387670130934566,,,,,,,,,
22,,,108039,,,,,,,,,,0.002160085365176201,,,,,,,,,
22,,,108059,,,,,,,,,,0.0583062618970871,,,,,,,,,
22,,,108079,,,,,,,,,,0.052055150270462036,,,,,,,,,
22,,,108099,,,,,,,,,,0.0014155840035527945,,,,,,,,,
22,,,108119,,,,,,,,,,0.017676416784524918,,,,,,,,,
22,,,108139,,,,,,,,,,0.02208779938519001,,,,,,,,,
22,,,108159,,,,,,,,,,0.0030828046146780252,,,,,,,,,
22,,,108179,,,,,,,,,,0.0041127558797597885,,,,,,,,,
22,,,108199,,,,,,,,,,0.0014454240445047617,,,,,,,,,
22,,,108219,,,,,,,,,,0.07658171653747559,,,,,,,,,
22,,,108239,,,,,,,,,,0.0006068186485208571,,,,,,,,,
22,,,108259,,,,,,,,,,0.09570351988077164,,,,,,,,,
22,,,108279,,,,,,,,,,0.0009718411602079868,,,,,,,,,
22,,,108299,,,,,,,,,,0.017321575433015823,,,,,,,,,
22,,,108319,,,,,,,,,,0.0032626872416585684,,,,,,,,,
22,,,108339,,,,,,,,,,0.24634262919425964,,,,,,,,,
22,,,108359,,,,,,,,,,0.0003126823285128921,,,,,,,,,
22,,,108379,,,,,,,,,,6.228801066754386e-05,,,,,,,,,
22,,,108399,,,,,,,,,,0.02826007269322872,,,,,,,,,
22,,,108419,,,,,,,,,,0.0013036028249189258,,,,,,,,,
22,,,108439,,,,,,,,,,0.0007138962391763926,,,,,,,,,
22,,,108459,,,,,,,,,,0.010781582444906235,,,,,,,,,
22,,,108479,,,,,,,,,,0.6809775829315186,,,,,,,,,
22,,,108499,,,,,,,,,,8.512502972735092e-05,,,,,,,,,
22,,,108519,,,,,,,,,,0.05006548762321472,,,,,,,,,
22,,,108539,,,,,,,,,,8.234488632297143e-05,,,,,,,,,
22,,,108559,,,,,,,,,,0.03616726025938988,,,,,,,,,
22,,,108579,,,,,,,,,,0.014264161698520184,,,,,,,,,
22,,,108599,,,,,,,,,,0.00016693118959665298,,,,,,,,,
22,,,108619,,,,,,,,,,0.0020300601609051228,,,,,,,,,
22,,,108639,,,,,,,,,,0.03592947497963905,,,,,,,,,
22,,,108659,,,,,,,,,,0.19892624020576477,,,,,,,,,
22,,,108679,,,,,,,,,,0.0006131636910140514,,,,,,,,,
22,,,108699,,,,,,,,,,0.00012518656149040908,,,,,,,,,
22,,,108719,,,,,,,,,,0.08196450769901276,,,,,,,,,
22,,,108739,,,,,,,,,,0.012469098903238773,,,,,,,,,
22,,,108759,,,,,,,,,,0.05918090417981148,,,,,,,,,
22,,,108779,,,,,,,,,,0.04743887856602669,,,,,,,,,
22,,,108799,,,,,,,,,,0.04796659201383591,,,,,,,,,
22,,,108819,,,,,,,,,,0.0014333575963974,,,,,,,,,
22,,,108839,,,,,,,,,,0.0466059185564518,,,,,,,,,
22,,,108859,,,,,,,,,,0.0008275293512269855,,,,,,,,,
22,,,108879,,,,,,,,,,0.0016096633626148105,,,,,,,,,
22,,,108899,,,,,,,,,,0.02978895977139473,,,,,,,,,
22,,,108919,,,,,,,,,,0.0519302599132061,,,,,,,,,
22,,,108939,,,,,,,,,,0.012408528476953506,,,,,,,,,
22,,,108959,,,,,,,,,,0.0022654933854937553,,,,,,,,,
22,,,108979,,,,,,,,,,0.030451608821749687,,,,,,,,,
22,,,108999,,,,,,,,,,0.0020875565242022276,,,,,,,,,
22,,,109019,,,,,,,,,,0.0009321102406829596,,,,,,,,,
22,,,109039,,,,,,,,,,0.0009641358628869057,,,,,,,,,
22,,,109059,,,,,,,,,,0.0012438679113984108,,,,,,,,,
22,,,109079,,,,,,,,,,0.021651577204465866,,,,,,,,,
22,,,109099,,,,,,,,,,0.252177894115448,,,,,,,,,
22,,,109119,,,,,,,,,,0.08268942683935165,,,,,,,,,
22,,,109139,,,,,,,,,,0.00010509645653655753,,,,,,,,,
22,,,109159,,,,,,,,,,0.00018465901666786522,,,,,,,,,
22,,,109179,,,,,,,,,,0.0005494261276908219,,,,,,,,,
22,,,109199,,,,,,,,,,0.0001276115362998098,,,,,,,,,
22,,,109219,,,,,,,,,,0.001754813827574253,,,,,,,,,
22,,,109239,,,,,,,,,,0.04779239371418953,,,,,,,,,
22,,,109259,,,,,,,,,,0.025490175932645798,,,,,,,,,
22,,,109279,,,,,,,,,,0.005545055028051138,,,,,,,,,
22,,,109299,,,,,,,,,,0.04998986795544624,,,,,,,,,
22,,,109319,,,,,,,,,,0.08031949400901794,,,,,,,,,
22,,,109339,,,,,,,,,,0.0014751809649169445,,,,,,,,,
22,,,109359,,,,,,,,,,0.0027591416146606207,,,,,,,,,
22,,,109379,,,,,,,,,,0.0014120975974947214,,,,,,,,,
22,,,109399,,,,,,,,,,0.00020744538051076233,,,,,,,,,
22,,,109419,,,,,,,,,,0.05300722271203995,,,,,,,,,
22,,,109439,,,,,,,,,,0.0008997606346383691,,,,,,,,,
22,,,109459,,,,,,,,,,0.00023413472808897495,,,,,,,,,
22,,,109479,,,,,,,,,,0.0005089698825031519,,,,,,,,,
22,,,109499,,,,,,,,,,0.0013421630719676614,,,,,,,,,
22,,,109519,,,,,,,,,,0.09304003417491913,,,,,,,,,
22,,,109539,,,,,,,,,,0.08952866494655609,,,,,,,,,
22,,,109559,,,,,,,,,,0.00029350066324695945,,,,,,,,,
22,,,109579,,,,,,,,,,0.03324417397379875,,,,,,,,,
22,,,109599,,,,,,,,,,0.00027304358081892133,,,,,,,,,
22,,,109619,,,,,,,,,,0.0003136369923595339,,,,,,,,,
22,,,109639,,,,,,,,,,0.028551563620567322,,,,,,,,,
22,,,109659,,,,,,,,,,0.0003469506627880037,,,,,,,,,
22,,,109679,,,,,,,,,,0.0022597915958613157,,,,,,,,,
22,,,109699,,,,,,,,,,0.00014037311484571546,,,,,,,,,
22,,,109719,,,,,,,,,,9.966024663299322e-05,,,,,,,,,
22,,,109739,,,,,,,,,,0.003871915629133582,,,,,,,,,
22,,,109759,,,,,,,,,,0.03959837555885315,,,,,,,,,
22,,,109778,,,,,,,,,,,0.6725000143051147,0.8181943893432617,0.7038016319274902,6.224146842956543,0.7591354846954346,0.4228515028953552,0.5899654030799866,0.9283055663108826,0.6725000143051147
22,,,109778,,,,,,,,0.9852654933929443,0.03966819867491722,,,,,,,,,,
,0.0001647025710494341,0.0001647025710494341,109779,,,,,,,,,,,,,,,,,,,
23,,,109779,,,,,,,,,,0.12882184982299805,,,,,,,,,
23,,,109799,,,,,,,,,,0.09679113328456879,,,,,,,,,
23,,,109819,,,,,,,,,,0.07490585744380951,,,,,,,,,
23,,,109839,,,,,,,,,,0.024014795199036598,,,,,,,,,
23,,,109859,,,,,,,,,,0.004625748842954636,,,,,,,,,
23,,,109879,,,,,,,,,,0.0010906533570960164,,,,,,,,,
23,,,109899,,,,,,,,,,0.010561233386397362,,,,,,,,,
23,,,109919,,,,,,,,,,0.00027243647491559386,,,,,,,,,
23,,,109939,,,,,,,,,,0.02718605101108551,,,,,,,,,
23,,,109959,,,,,,,,,,0.004397744778543711,,,,,,,,,
23,,,109979,,,,,,,,,,0.0713319480419159,,,,,,,,,
23,,,109999,,,,,,,,,,0.19240596890449524,,,,,,,,,
23,,,110019,,,,,,,,,,0.03927437588572502,,,,,,,,,
23,,,110039,,,,,,,,,,0.00033763941610231996,,,,,,,,,
23,,,110059,,,,,,,,,,0.1685827225446701,,,,,,,,,
23,,,110079,,,,,,,,,,0.07432892918586731,,,,,,,,,
23,,,110099,,,,,,,,,,0.5910719633102417,,,,,,,,,
23,,,110119,,,,,,,,,,0.021017028018832207,,,,,,,,,
23,,,110139,,,,,,,,,,0.001011557411402464,,,,,,,,,
23,,,110159,,,,,,,,,,0.04207531362771988,,,,,,,,,
23,,,110179,,,,,,,,,,0.00040194345638155937,,,,,,,,,
23,,,110199,,,,,,,,,,0.00014776620082557201,,,,,,,,,
23,,,110219,,,,,,,,,,0.13931408524513245,,,,,,,,,
23,,,110239,,,,,,,,,,0.09849417954683304,,,,,,,,,
23,,,110259,,,,,,,,,,0.036980438977479935,,,,,,,,,
23,,,110279,,,,,,,,,,0.00035349579411558807,,,,,,,,,
23,,,110299,,,,,,,,,,0.0001799857127480209,,,,,,,,,
23,,,110319,,,,,,,,,,0.07377725839614868,,,,,,,,,
23,,,110339,,,,,,,,,,0.00024732350721023977,,,,,,,,,
23,,,110359,,,,,,,,,,0.0015862283762544394,,,,,,,,,
23,,,110379,,,,,,,,,,0.00018008162442129105,,,,,,,,,
23,,,110399,,,,,,,,,,0.032916441559791565,,,,,,,,,
23,,,110419,,,,,,,,,,0.0003183669759891927,,,,,,,,,
23,,,110439,,,,,,,,,,0.05494409054517746,,,,,,,,,
23,,,110459,,,,,,,,,,0.0023014589678496122,,,,,,,,,
23,,,110479,,,,,,,,,,0.030034329742193222,,,,,,,,,
23,,,110499,,,,,,,,,,0.0001621228875592351,,,,,,,,,
23,,,110519,,,,,,,,,,0.0819573923945427,,,,,,,,,
23,,,110539,,,,,,,,,,0.00037713011261075735,,,,,,,,,
23,,,110559,,,,,,,,,,0.02750505693256855,,,,,,,,,
23,,,110579,,,,,,,,,,0.001065539661794901,,,,,,,,,
23,,,110599,,,,,,,,,,0.11180371046066284,,,,,,,,,
23,,,110619,,,,,,,,,,0.008027664385735989,,,,,,,,,
23,,,110639,,,,,,,,,,0.07683226466178894,,,,,,,,,
23,,,110659,,,,,,,,,,0.12002484500408173,,,,,,,,,
23,,,110679,,,,,,,,,,0.03362024575471878,,,,,,,,,
23,,,110699,,,,,,,,,,0.0006273819599300623,,,,,,,,,
23,,,110719,,,,,,,,,,0.00015849793271627277,,,,,,,,,
23,,,110739,,,,,,,,,,0.001383941387757659,,,,,,,,,
23,,,110759,,,,,,,,,,0.006746403407305479,,,,,,,,,
23,,,110779,,,,,,,,,,0.0330108106136322,,,,,,,,,
23,,,110799,,,,,,,,,,0.0012882675509899855,,,,,,,,,
23,,,110819,,,,,,,,,,0.0008094952790997922,,,,,,,,,
23,,,110839,,,,,,,,,,0.00022115727188065648,,,,,,,,,
23,,,110859,,,,,,,,,,0.00139988970477134,,,,,,,,,
23,,,110879,,,,,,,,,,0.000542226480320096,,,,,,,,,
23,,,110899,,,,,,,,,,0.030189642682671547,,,,,,,,,
23,,,110919,,,,,,,,,,0.005914574954658747,,,,,,,,,
23,,,110939,,,,,,,,,,0.0008010854362510145,,,,,,,,,
23,,,110959,,,,,,,,,,0.0012353898491710424,,,,,,,,,
23,,,110979,,,,,,,,,,0.000467767589725554,,,,,,,,,
23,,,110999,,,,,,,,,,0.0002321440988453105,,,,,,,,,
23,,,111019,,,,,,,,,,0.0011908762389793992,,,,,,,,,
23,,,111039,,,,,,,,,,0.06748341768980026,,,,,,,,,
23,,,111059,,,,,,,,,,0.07550475746393204,,,,,,,,,
23,,,111079,,,,,,,,,,0.007521000225096941,,,,,,,,,
23,,,111099,,,,,,,,,,0.01586758717894554,,,,,,,,,
23,,,111119,,,,,,,,,,0.0029232113156467676,,,,,,,,,
23,,,111139,,,,,,,,,,0.0003147284733131528,,,,,,,,,
23,,,111159,,,,,,,,,,0.0015564111527055502,,,,,,,,,
23,,,111179,,,,,,,,,,0.0013846558285877109,,,,,,,,,
23,,,111199,,,,,,,,,,0.0013107308186590672,,,,,,,,,
23,,,111219,,,,,,,,,,5.377570414566435e-05,,,,,,,,,
23,,,111239,,,,,,,,,,0.12729793787002563,,,,,,,,,
23,,,111259,,,,,,,,,,0.0010754653485491872,,,,,,,,,
23,,,111279,,,,,,,,,,0.00429847277700901,,,,,,,,,
23,,,111299,,,,,,,,,,0.002229885198175907,,,,,,,,,
23,,,111319,,,,,,,,,,0.0003922787436749786,,,,,,,,,
23,,,111339,,,,,,,,,,0.00026568342582322657,,,,,,,,,
23,,,111359,,,,,,,,,,0.07391571998596191,,,,,,,,,
23,,,111379,,,,,,,,,,0.00493117468431592,,,,,,,,,
23,,,111399,,,,,,,,,,0.047676511108875275,,,,,,,,,
23,,,111419,,,,,,,,,,0.020609034225344658,,,,,,,,,
23,,,111439,,,,,,,,,,0.0006953080301173031,,,,,,,,,
23,,,111459,,,,,,,,,,0.07399186491966248,,,,,,,,,
23,,,111479,,,,,,,,,,0.011136287823319435,,,,,,,,,
23,,,111499,,,,,,,,,,0.02915949374437332,,,,,,,,,
23,,,111519,,,,,,,,,,0.002082380000501871,,,,,,,,,
23,,,111539,,,,,,,,,,0.0005031461478210986,,,,,,,,,
23,,,111559,,,,,,,,,,0.0029873885214328766,,,,,,,,,
23,,,111579,,,,,,,,,,0.0005125722382217646,,,,,,,,,
23,,,111599,,,,,,,,,,0.06581299751996994,,,,,,,,,
23,,,111619,,,,,,,,,,0.0013046760577708483,,,,,,,,,
23,,,111639,,,,,,,,,,0.0013189211022108793,,,,,,,,,
23,,,111659,,,,,,,,,,0.0005371911684051156,,,,,,,,,
23,,,111679,,,,,,,,,,0.0008960155537351966,,,,,,,,,
23,,,111699,,,,,,,,,,0.0031130427960306406,,,,,,,,,
23,,,111719,,,,,,,,,,0.0015118005685508251,,,,,,,,,
23,,,111739,,,,,,,,,,0.006059469189494848,,,,,,,,,
23,,,111759,,,,,,,,,,0.0010280718561261892,,,,,,,,,
23,,,111779,,,,,,,,,,9.834140655584633e-05,,,,,,,,,
23,,,111799,,,,,,,,,,0.0012528760125860572,,,,,,,,,
23,,,111819,,,,,,,,,,0.026069259271025658,,,,,,,,,
23,,,111839,,,,,,,,,,0.016630923375487328,,,,,,,,,
23,,,111859,,,,,,,,,,0.031137052923440933,,,,,,,,,
23,,,111879,,,,,,,,,,0.029800869524478912,,,,,,,,,
23,,,111899,,,,,,,,,,0.11148542165756226,,,,,,,,,
23,,,111919,,,,,,,,,,0.0018933317624032497,,,,,,,,,
23,,,111939,,,,,,,,,,0.0007023622165434062,,,,,,,,,
23,,,111959,,,,,,,,,,0.06060913950204849,,,,,,,,,
23,,,111979,,,,,,,,,,0.003113547572866082,,,,,,,,,
23,,,111999,,,,,,,,,,0.0007236963137984276,,,,,,,,,
23,,,112019,,,,,,,,,,0.0014674661215394735,,,,,,,,,
23,,,112039,,,,,,,,,,0.03855082765221596,,,,,,,,,
23,,,112059,,,,,,,,,,0.009702383540570736,,,,,,,,,
23,,,112079,,,,,,,,,,0.017929743975400925,,,,,,,,,
23,,,112099,,,,,,,,,,0.0001722074521239847,,,,,,,,,
23,,,112119,,,,,,,,,,0.00016387211508117616,,,,,,,,,
23,,,112139,,,,,,,,,,0.001264803926460445,,,,,,,,,
23,,,112159,,,,,,,,,,0.004399460274726152,,,,,,,,,
23,,,112179,,,,,,,,,,0.005089614074677229,,,,,,,,,
23,,,112199,,,,,,,,,,0.00035198015393689275,,,,,,,,,
23,,,112219,,,,,,,,,,0.04893738031387329,,,,,,,,,
23,,,112239,,,,,,,,,,0.0033454359509050846,,,,,,,,,
23,,,112259,,,,,,,,,,0.061865661293268204,,,,,,,,,
23,,,112279,,,,,,,,,,0.0012929814402014017,,,,,,,,,
23,,,112299,,,,,,,,,,0.16158407926559448,,,,,,,,,
23,,,112319,,,,,,,,,,0.028047233819961548,,,,,,,,,
23,,,112339,,,,,,,,,,0.0011022327234968543,,,,,,,,,
23,,,112359,,,,,,,,,,0.0192205049097538,,,,,,,,,
23,,,112379,,,,,,,,,,0.0009386156452819705,,,,,,,,,
23,,,112399,,,,,,,,,,0.13634492456912994,,,,,,,,,
23,,,112419,,,,,,,,,,0.00022201842512004077,,,,,,,,,
23,,,112439,,,,,,,,,,0.039800144731998444,,,,,,,,,
23,,,112459,,,,,,,,,,0.0035209120251238346,,,,,,,,,
23,,,112479,,,,,,,,,,0.0006165312952362001,,,,,,,,,
23,,,112499,,,,,,,,,,0.07403169572353363,,,,,,,,,
23,,,112519,,,,,,,,,,0.0011450969614088535,,,,,,,,,
23,,,112539,,,,,,,,,,0.0007457972387783229,,,,,,,,,
23,,,112559,,,,,,,,,,0.00011728805839084089,,,,,,,,,
23,,,112579,,,,,,,,,,0.007355334237217903,,,,,,,,,
23,,,112599,,,,,,,,,,0.006274617277085781,,,,,,,,,
23,,,112619,,,,,,,,,,0.005586602725088596,,,,,,,,,
23,,,112639,,,,,,,,,,0.000720315845683217,,,,,,,,,
23,,,112659,,,,,,,,,,0.05141836032271385,,,,,,,,,
23,,,112679,,,,,,,,,,0.2051563858985901,,,,,,,,,
23,,,112699,,,,,,,,,,0.1480151116847992,,,,,,,,,
23,,,112719,,,,,,,,,,0.0021969194058328867,,,,,,,,,
23,,,112739,,,,,,,,,,0.0002186962665291503,,,,,,,,,
23,,,112759,,,,,,,,,,0.0005039973184466362,,,,,,,,,
23,,,112779,,,,,,,,,,0.0023457403294742107,,,,,,,,,
23,,,112799,,,,,,,,,,0.1248553991317749,,,,,,,,,
23,,,112819,,,,,,,,,,0.0026983392890542746,,,,,,,,,
23,,,112839,,,,,,,,,,0.47790053486824036,,,,,,,,,
23,,,112859,,,,,,,,,,0.051159877330064774,,,,,,,,,
23,,,112879,,,,,,,,,,0.03098790906369686,,,,,,,,,
23,,,112899,,,,,,,,,,0.05030757188796997,,,,,,,,,
23,,,112919,,,,,,,,,,0.0006392087088897824,,,,,,,,,
23,,,112939,,,,,,,,,,0.021808238700032234,,,,,,,,,
23,,,112959,,,,,,,,,,0.026487022638320923,,,,,,,,,
23,,,112979,,,,,,,,,,0.005022495053708553,,,,,,,,,
23,,,112999,,,,,,,,,,0.04572495445609093,,,,,,,,,
23,,,113019,,,,,,,,,,0.02950195223093033,,,,,,,,,
23,,,113039,,,,,,,,,,0.012812390923500061,,,,,,,,,
23,,,113059,,,,,,,,,,0.00020345776283647865,,,,,,,,,
23,,,113079,,,,,,,,,,0.023323096334934235,,,,,,,,,
23,,,113099,,,,,,,,,,0.0055253589525818825,,,,,,,,,
23,,,113119,,,,,,,,,,0.00792167242616415,,,,,,,,,
23,,,113139,,,,,,,,,,0.006552644539624453,,,,,,,,,
23,,,113159,,,,,,,,,,0.1686040610074997,,,,,,,,,
23,,,113179,,,,,,,,,,0.010565472766757011,,,,,,,,,
23,,,113199,,,,,,,,,,0.004739940632134676,,,,,,,,,
23,,,113219,,,,,,,,,,0.02186012454330921,,,,,,,,,
23,,,113239,,,,,,,,,,0.21886566281318665,,,,,,,,,
23,,,113259,,,,,,,,,,0.0005517194513231516,,,,,,,,,
23,,,113279,,,,,,,,,,0.008428270928561687,,,,,,,,,
23,,,113299,,,,,,,,,,0.0036761574447155,,,,,,,,,
23,,,113319,,,,,,,,,,0.04477551206946373,,,,,,,,,
23,,,113339,,,,,,,,,,0.03202664852142334,,,,,,,,,
23,,,113359,,,,,,,,,,0.1433982253074646,,,,,,,,,
23,,,113379,,,,,,,,,,0.00014414411270990968,,,,,,,,,
23,,,113399,,,,,,,,,,0.0008718417957425117,,,,,,,,,
23,,,113419,,,,,,,,,,0.016990317031741142,,,,,,,,,
23,,,113439,,,,,,,,,,0.13236385583877563,,,,,,,,,
23,,,113459,,,,,,,,,,0.08975911885499954,,,,,,,,,
23,,,113479,,,,,,,,,,0.00028599525103345513,,,,,,,,,
23,,,113499,,,,,,,,,,0.00038781558396294713,,,,,,,,,
23,,,113519,,,,,,,,,,0.03177305683493614,,,,,,,,,
23,,,113539,,,,,,,,,,0.00011157252447446808,,,,,,,,,
23,,,113559,,,,,,,,,,0.003270174842327833,,,,,,,,,
23,,,113579,,,,,,,,,,7.403478230116889e-05,,,,,,,,,
23,,,113599,,,,,,,,,,0.02761712670326233,,,,,,,,,
23,,,113619,,,,,,,,,,0.07546369731426239,,,,,,,,,
23,,,113639,,,,,,,,,,6.675963959423825e-05,,,,,,,,,
23,,,113659,,,,,,,,,,0.04859756678342819,,,,,,,,,
23,,,113679,,,,,,,,,,0.0005463669076561928,,,,,,,,,
23,,,113699,,,,,,,,,,0.0005733483703806996,,,,,,,,,
23,,,113719,,,,,,,,,,0.12065821141004562,,,,,,,,,
23,,,113739,,,,,,,,,,0.0003195644239895046,,,,,,,,,
23,,,113759,,,,,,,,,,0.011312905699014664,,,,,,,,,
23,,,113779,,,,,,,,,,0.21859948337078094,,,,,,,,,
23,,,113799,,,,,,,,,,0.07846876233816147,,,,,,,,,
23,,,113819,,,,,,,,,,0.08734383434057236,,,,,,,,,
23,,,113839,,,,,,,,,,0.00044522067764773965,,,,,,,,,
23,,,113859,,,,,,,,,,0.0001638095563976094,,,,,,,,,
23,,,113879,,,,,,,,,,0.007583140395581722,,,,,,,,,
23,,,113899,,,,,,,,,,0.1558634638786316,,,,,,,,,
23,,,113919,,,,,,,,,,0.024266904219985008,,,,,,,,,
23,,,113939,,,,,,,,,,0.01686806045472622,,,,,,,,,
23,,,113959,,,,,,,,,,0.00020422509987838566,,,,,,,,,
23,,,113979,,,,,,,,,,0.03909363970160484,,,,,,,,,
23,,,113999,,,,,,,,,,0.03825949504971504,,,,,,,,,
23,,,114019,,,,,,,,,,0.0010730178328230977,,,,,,,,,
23,,,114039,,,,,,,,,,0.0007922803051769733,,,,,,,,,
23,,,114059,,,,,,,,,,0.0007720723515376449,,,,,,,,,
23,,,114079,,,,,,,,,,0.00041282258462160826,,,,,,,,,
23,,,114099,,,,,,,,,,0.027452178299427032,,,,,,,,,
23,,,114119,,,,,,,,,,0.03966956585645676,,,,,,,,,
23,,,114139,,,,,,,,,,0.0002911930496338755,,,,,,,,,
23,,,114159,,,,,,,,,,0.0005347096594050527,,,,,,,,,
23,,,114179,,,,,,,,,,0.0006581177585758269,,,,,,,,,
23,,,114199,,,,,,,,,,0.0009337116498500109,,,,,,,,,
23,,,114219,,,,,,,,,,0.00014952140918467194,,,,,,,,,
23,,,114239,,,,,,,,,,0.0711318850517273,,,,,,,,,
23,,,114259,,,,,,,,,,0.015141206793487072,,,,,,,,,
23,,,114279,,,,,,,,,,0.0003043977776542306,,,,,,,,,
23,,,114299,,,,,,,,,,0.0018948721699416637,,,,,,,,,
23,,,114319,,,,,,,,,,0.1858200579881668,,,,,,,,,
23,,,114339,,,,,,,,,,0.00684331776574254,,,,,,,,,
23,,,114359,,,,,,,,,,0.0021691182628273964,,,,,,,,,
23,,,114379,,,,,,,,,,0.0003136046580038965,,,,,,,,,
23,,,114399,,,,,,,,,,0.00010950041905744001,,,,,,,,,
23,,,114419,,,,,,,,,,0.0703623816370964,,,,,,,,,
23,,,114439,,,,,,,,,,0.00022883477504365146,,,,,,,,,
23,,,114459,,,,,,,,,,0.02337247133255005,,,,,,,,,
23,,,114479,,,,,,,,,,0.15068408846855164,,,,,,,,,
23,,,114499,,,,,,,,,,0.004530003294348717,,,,,,,,,
23,,,114519,,,,,,,,,,0.028116120025515556,,,,,,,,,
23,,,114539,,,,,,,,,,0.005909530911594629,,,,,,,,,
23,,,114551,,,,,,,,,,,0.622438907623291,0.8233538269996643,0.6598024368286133,7.141669273376465,0.7726854085922241,0.3654440641403198,0.6279579401016235,0.9174128174781799,0.622438907623291
23,,,114551,,,,,,,,0.9863489270210266,0.03570752963423729,,,,,,,,,,
,0.00015,0.00015,114552,,,,,,,,,,,,,,,,,,,
24,,,114559,,,,,,,,,,0.019953900948166847,,,,,,,,,
24,,,114579,,,,,,,,,,0.0017188657075166702,,,,,,,,,
24,,,114599,,,,,,,,,,0.0012158812023699284,,,,,,,,,
24,,,114619,,,,,,,,,,0.0003913345281034708,,,,,,,,,
24,,,114639,,,,,,,,,,0.039654914289712906,,,,,,,,,
24,,,114659,,,,,,,,,,0.030709102749824524,,,,,,,,,
24,,,114679,,,,,,,,,,0.01440091896802187,,,,,,,,,
24,,,114699,,,,,,,,,,0.020527584478259087,,,,,,,,,
24,,,114719,,,,,,,,,,0.00036868182360194623,,,,,,,,,
24,,,114739,,,,,,,,,,0.00010193111666012555,,,,,,,,,
24,,,114759,,,,,,,,,,0.0009096488356590271,,,,,,,,,
24,,,114779,,,,,,,,,,0.06649398058652878,,,,,,,,,
24,,,114799,,,,,,,,,,0.0008888409938663244,,,,,,,,,
24,,,114819,,,,,,,,,,5.7144985476043075e-05,,,,,,,,,
24,,,114839,,,,,,,,,,0.03678062558174133,,,,,,,,,
24,,,114859,,,,,,,,,,0.002866804599761963,,,,,,,,,
24,,,114879,,,,,,,,,,0.11298015713691711,,,,,,,,,
24,,,114899,,,,,,,,,,0.0016767705092206597,,,,,,,,,
24,,,114919,,,,,,,,,,0.0001763882173690945,,,,,,,,,
24,,,114939,,,,,,,,,,0.004414609167724848,,,,,,,,,
24,,,114959,,,,,,,,,,0.0015246497932821512,,,,,,,,,
24,,,114979,,,,,,,,,,0.00026585208252072334,,,,,,,,,
24,,,114999,,,,,,,,,,0.0356261171400547,,,,,,,,,
24,,,115019,,,,,,,,,,0.00773184048011899,,,,,,,,,
24,,,115039,,,,,,,,,,0.0457734651863575,,,,,,,,,
24,,,115059,,,,,,,,,,8.405010885326192e-05,,,,,,,,,
24,,,115079,,,,,,,,,,0.024169359356164932,,,,,,,,,
24,,,115099,,,,,,,,,,0.008990980684757233,,,,,,,,,
24,,,115119,,,,,,,,,,0.0196792334318161,,,,,,,,,
24,,,115139,,,,,,,,,,0.0021732309833168983,,,,,,,,,
24,,,115159,,,,,,,,,,0.055165573954582214,,,,,,,,,
24,,,115179,,,,,,,,,,0.04603652283549309,,,,,,,,,
24,,,115199,,,,,,,,,,0.04020760953426361,,,,,,,,,
24,,,115219,,,,,,,,,,0.06352552026510239,,,,,,,,,
24,,,115239,,,,,,,,,,0.00843990221619606,,,,,,,,,
24,,,115259,,,,,,,,,,0.00023564696311950684,,,,,,,,,
24,,,115279,,,,,,,,,,0.008021513000130653,,,,,,,,,
24,,,115299,,,,,,,,,,0.0012085126945748925,,,,,,,,,
24,,,115319,,,,,,,,,,0.0014700464671477675,,,,,,,,,
24,,,115339,,,,,,,,,,0.02042587287724018,,,,,,,,,
24,,,115359,,,,,,,,,,0.04220699146389961,,,,,,,,,
24,,,115379,,,,,,,,,,0.00013848651724401861,,,,,,,,,
24,,,115399,,,,,,,,,,0.011886361986398697,,,,,,,,,
24,,,115419,,,,,,,,,,0.10451938211917877,,,,,,,,,
24,,,115439,,,,,,,,,,0.0005814788164570928,,,,,,,,,
24,,,115459,,,,,,,,,,0.08766817301511765,,,,,,,,,
24,,,115479,,,,,,,,,,0.023383714258670807,,,,,,,,,
24,,,115499,,,,,,,,,,0.05765068903565407,,,,,,,,,
24,,,115519,,,,,,,,,,0.08036467432975769,,,,,,,,,
24,,,115539,,,,,,,,,,0.07656875997781754,,,,,,,,,
24,,,115559,,,,,,,,,,0.012111601419746876,,,,,,,,,
24,,,115579,,,,,,,,,,0.016506394371390343,,,,,,,,,
24,,,115599,,,,,,,,,,0.034893378615379333,,,,,,,,,
24,,,115619,,,,,,,,,,0.022692404687404633,,,,,,,,,
24,,,115639,,,,,,,,,,0.10728047043085098,,,,,,,,,
24,,,115659,,,,,,,,,,0.03971068561077118,,,,,,,,,
24,,,115679,,,,,,,,,,0.0019044799264520407,,,,,,,,,
24,,,115699,,,,,,,,,,0.06872464716434479,,,,,,,,,
24,,,115719,,,,,,,,,,0.10233128070831299,,,,,,,,,
24,,,115739,,,,,,,,,,0.022957317531108856,,,,,,,,,
24,,,115759,,,,,,,,,,0.0009361989796161652,,,,,,,,,
24,,,115779,,,,,,,,,,0.0005978369154036045,,,,,,,,,
24,,,115799,,,,,,,,,,0.0002133147936547175,,,,,,,,,
24,,,115819,,,,,,,,,,0.014628343284130096,,,,,,,,,
24,,,115839,,,,,,,,,,0.0031926240772008896,,,,,,,,,
24,,,115859,,,,,,,,,,0.00046302666305564344,,,,,,,,,
24,,,115879,,,,,,,,,,0.0636453852057457,,,,,,,,,
24,,,115899,,,,,,,,,,0.09955189377069473,,,,,,,,,
24,,,115919,,,,,,,,,,0.016455110162496567,,,,,,,,,
24,,,115939,,,,,,,,,,0.0010810507228597999,,,,,,,,,
24,,,115959,,,,,,,,,,0.0021529276855289936,,,,,,,,,
24,,,115979,,,,,,,,,,0.02548408880829811,,,,,,,,,
24,,,115999,,,,,,,,,,0.00017108766769524664,,,,,,,,,
24,,,116019,,,,,,,,,,0.0024681929498910904,,,,,,,,,
24,,,116039,,,,,,,,,,0.04919140040874481,,,,,,,,,
24,,,116059,,,,,,,,,,0.0007321738521568477,,,,,,,,,
24,,,116079,,,,,,,,,,0.026548761874437332,,,,,,,,,
24,,,116099,,,,,,,,,,4.8911155317910016e-05,,,,,,,,,
24,,,116119,,,,,,,,,,0.0002385769912507385,,,,,,,,,
24,,,116139,,,,,,,,,,0.05191529542207718,,,,,,,,,
24,,,116159,,,,,,,,,,0.0012585623189806938,,,,,,,,,
24,,,116179,,,,,,,,,,0.03365563973784447,,,,,,,,,
24,,,116199,,,,,,,,,,0.0007666227174922824,,,,,,,,,
24,,,116219,,,,,,,,,,0.042047180235385895,,,,,,,,,
24,,,116239,,,,,,,,,,0.0001296263944823295,,,,,,,,,
24,,,116259,,,,,,,,,,0.0003713105688802898,,,,,,,,,
24,,,116279,,,,,,,,,,0.009415575303137302,,,,,,,,,
24,,,116299,,,,,,,,,,0.21117466688156128,,,,,,,,,
24,,,116319,,,,,,,,,,0.04995233938097954,,,,,,,,,
24,,,116339,,,,,,,,,,0.00024388128076680005,,,,,,,,,
24,,,116359,,,,,,,,,,0.05402649566531181,,,,,,,,,
24,,,116379,,,,,,,,,,0.045952241867780685,,,,,,,,,
24,,,116399,,,,,,,,,,0.0011219334555789828,,,,,,,,,
24,,,116419,,,,,,,,,,0.0005414540646597743,,,,,,,,,
24,,,116439,,,,,,,,,,0.00011225355410715565,,,,,,,,,
24,,,116459,,,,,,,,,,0.0008541904389858246,,,,,,,,,
24,,,116479,,,,,,,,,,0.0008230820531025529,,,,,,,,,
24,,,116499,,,,,,,,,,0.16879962384700775,,,,,,,,,
24,,,116519,,,,,,,,,,0.0007582015823572874,,,,,,,,,
24,,,116539,,,,,,,,,,0.8100725412368774,,,,,,,,,
24,,,116559,,,,,,,,,,0.000907218549400568,,,,,,,,,
24,,,116579,,,,,,,,,,0.0008754754671826959,,,,,,,,,
24,,,116599,,,,,,,,,,0.004993366077542305,,,,,,,,,
24,,,116619,,,,,,,,,,0.0020829730201512575,,,,,,,,,
24,,,116639,,,,,,,,,,0.10426260530948639,,,,,,,,,
24,,,116659,,,,,,,,,,0.06267376989126205,,,,,,,,,
24,,,116679,,,,,,,,,,0.056479260325431824,,,,,,,,,
24,,,116699,,,,,,,,,,0.206107959151268,,,,,,,,,
24,,,116719,,,,,,,,,,0.05880672112107277,,,,,,,,,
24,,,116739,,,,,,,,,,0.03182850778102875,,,,,,,,,
24,,,116759,,,,,,,,,,0.03091975301504135,,,,,,,,,
24,,,116779,,,,,,,,,,0.005144137889146805,,,,,,,,,
24,,,116799,,,,,,,,,,0.14721614122390747,,,,,,,,,
24,,,116819,,,,,,,,,,0.0002836298372130841,,,,,,,,,
24,,,116839,,,,,,,,,,0.007195715792477131,,,,,,,,,
24,,,116859,,,,,,,,,,0.0006153265712782741,,,,,,,,,
24,,,116879,,,,,,,,,,0.009739121422171593,,,,,,,,,
24,,,116899,,,,,,,,,,0.00031272892374545336,,,,,,,,,
24,,,116919,,,,,,,,,,0.04289022833108902,,,,,,,,,
24,,,116939,,,,,,,,,,0.17088130116462708,,,,,,,,,
24,,,116959,,,,,,,,,,0.025378018617630005,,,,,,,,,
24,,,116979,,,,,,,,,,0.00012884661555290222,,,,,,,,,
24,,,116999,,,,,,,,,,0.21348734200000763,,,,,,,,,
24,,,117019,,,,,,,,,,0.029414257034659386,,,,,,,,,
24,,,117039,,,,,,,,,,0.15783432126045227,,,,,,,,,
24,,,117059,,,,,,,,,,0.02148175798356533,,,,,,,,,
24,,,117079,,,,,,,,,,0.0009368918254040182,,,,,,,,,
24,,,117099,,,,,,,,,,5.8906567574013025e-05,,,,,,,,,
24,,,117119,,,,,,,,,,0.006975945550948381,,,,,,,,,
24,,,117139,,,,,,,,,,0.043407607823610306,,,,,,,,,
24,,,117159,,,,,,,,,,0.14021505415439606,,,,,,,,,
24,,,117179,,,,,,,,,,0.010134369134902954,,,,,,,,,
24,,,117199,,,,,,,,,,0.0006363442516885698,,,,,,,,,
24,,,117219,,,,,,,,,,0.00681281927973032,,,,,,,,,
24,,,117239,,,,,,,,,,0.13121575117111206,,,,,,,,,
24,,,117259,,,,,,,,,,0.002148311585187912,,,,,,,,,
24,,,117279,,,,,,,,,,0.5284039378166199,,,,,,,,,
24,,,117299,,,,,,,,,,0.36674076318740845,,,,,,,,,
24,,,117319,,,,,,,,,,0.02332456223666668,,,,,,,,,
24,,,117339,,,,,,,,,,0.00039041059790179133,,,,,,,,,
24,,,117359,,,,,,,,,,0.07357747852802277,,,,,,,,,
24,,,117379,,,,,,,,,,0.009662983007729053,,,,,,,,,
24,,,117399,,,,,,,,,,0.0005210883682593703,,,,,,,,,
24,,,117419,,,,,,,,,,0.16211245954036713,,,,,,,,,
24,,,117439,,,,,,,,,,0.033517513424158096,,,,,,,,,
24,,,117459,,,,,,,,,,0.060271091759204865,,,,,,,,,
24,,,117479,,,,,,,,,,0.220689594745636,,,,,,,,,
24,,,117499,,,,,,,,,,0.01979207992553711,,,,,,,,,
24,,,117519,,,,,,,,,,0.04578002542257309,,,,,,,,,
24,,,117539,,,,,,,,,,0.08757416903972626,,,,,,,,,
24,,,117559,,,,,,,,,,0.04316044971346855,,,,,,,,,
24,,,117579,,,,,,,,,,0.0026987148448824883,,,,,,,,,
24,,,117599,,,,,,,,,,6.632376607740298e-05,,,,,,,,,
24,,,117619,,,,,,,,,,0.0005098791443742812,,,,,,,,,
24,,,117639,,,,,,,,,,0.00067847257014364,,,,,,,,,
24,,,117659,,,,,,,,,,0.04806675761938095,,,,,,,,,
24,,,117679,,,,,,,,,,0.15319108963012695,,,,,,,,,
24,,,117699,,,,,,,,,,0.03190315142273903,,,,,,,,,
24,,,117719,,,,,,,,,,0.011375166475772858,,,,,,,,,
24,,,117739,,,,,,,,,,0.13182513415813446,,,,,,,,,
24,,,117759,,,,,,,,,,0.021244045346975327,,,,,,,,,
24,,,117779,,,,,,,,,,0.0058210138231515884,,,,,,,,,
24,,,117799,,,,,,,,,,0.11202579736709595,,,,,,,,,
24,,,117819,,,,,,,,,,0.03200708329677582,,,,,,,,,
24,,,117839,,,,,,,,,,0.015137271024286747,,,,,,,,,
24,,,117859,,,,,,,,,,0.0014642340829595923,,,,,,,,,
24,,,117879,,,,,,,,,,0.029337778687477112,,,,,,,,,
24,,,117899,,,,,,,,,,0.08565297722816467,,,,,,,,,
24,,,117919,,,,,,,,,,0.022708121687173843,,,,,,,,,
24,,,117939,,,,,,,,,,0.003020922653377056,,,,,,,,,
24,,,117959,,,,,,,,,,0.00023903706460259855,,,,,,,,,
24,,,117979,,,,,,,,,,0.0004047528491355479,,,,,,,,,
24,,,117999,,,,,,,,,,0.02662663534283638,,,,,,,,,
24,,,118019,,,,,,,,,,3.942849434679374e-05,,,,,,,,,
24,,,118039,,,,,,,,,,0.005510702729225159,,,,,,,,,
24,,,118059,,,,,,,,,,0.000516178086400032,,,,,,,,,
24,,,118079,,,,,,,,,,0.03163676708936691,,,,,,,,,
24,,,118099,,,,,,,,,,0.0002690319379325956,,,,,,,,,
24,,,118119,,,,,,,,,,0.008786754682660103,,,,,,,,,
24,,,118139,,,,,,,,,,0.029747193679213524,,,,,,,,,
24,,,118159,,,,,,,,,,0.0023991160560399294,,,,,,,,,
24,,,118179,,,,,,,,,,0.18800535798072815,,,,,,,,,
24,,,118199,,,,,,,,,,0.09437362104654312,,,,,,,,,
24,,,118219,,,,,,,,,,0.10300462692975998,,,,,,,,,
24,,,118239,,,,,,,,,,0.0008252334664575756,,,,,,,,,
24,,,118259,,,,,,,,,,0.0004978249780833721,,,,,,,,,
24,,,118279,,,,,,,,,,0.0002681216865312308,,,,,,,,,
24,,,118299,,,,,,,,,,0.0476546585559845,,,,,,,,,
24,,,118319,,,,,,,,,,0.054163604974746704,,,,,,,,,
24,,,118339,,,,,,,,,,0.0008481411496177316,,,,,,,,,
24,,,118359,,,,,,,,,,0.00015897038974799216,,,,,,,,,
24,,,118379,,,,,,,,,,0.0006682670209556818,,,,,,,,,
24,,,118399,,,,,,,,,,0.00022848020307719707,,,,,,,,,
24,,,118419,,,,,,,,,,0.0001836153824115172,,,,,,,,,
24,,,118439,,,,,,,,,,0.017213748767971992,,,,,,,,,
24,,,118459,,,,,,,,,,0.0058138249441981316,,,,,,,,,
24,,,118479,,,,,,,,,,0.03411155939102173,,,,,,,,,
24,,,118499,,,,,,,,,,0.021190335974097252,,,,,,,,,
24,,,118519,,,,,,,,,,0.0006170374108478427,,,,,,,,,
24,,,118539,,,,,,,,,,0.0001322126918239519,,,,,,,,,
24,,,118559,,,,,,,,,,0.07865434885025024,,,,,,,,,
24,,,118579,,,,,,,,,,0.02465420588850975,,,,,,,,,
24,,,118599,,,,,,,,,,0.0004372058610897511,,,,,,,,,
24,,,118619,,,,,,,,,,0.06502292305231094,,,,,,,,,
24,,,118639,,,,,,,,,,3.3079279091907665e-05,,,,,,,,,
24,,,118659,,,,,,,,,,0.00047229399206116796,,,,,,,,,
24,,,118679,,,,,,,,,,0.0005805956316180527,,,,,,,,,
24,,,118699,,,,,,,,,,0.0007898625917732716,,,,,,,,,
24,,,118719,,,,,,,,,,0.00018610729603096843,,,,,,,,,
24,,,118739,,,,,,,,,,0.008463160134851933,,,,,,,,,
24,,,118759,,,,,,,,,,9.223013330483809e-05,,,,,,,,,
24,,,118779,,,,,,,,,,2.7442476493888535e-05,,,,,,,,,
24,,,118799,,,,,,,,,,0.03285309299826622,,,,,,,,,
24,,,118819,,,,,,,,,,0.003434788901358843,,,,,,,,,
24,,,118839,,,,,,,,,,0.0004807551740668714,,,,,,,,,
24,,,118859,,,,,,,,,,0.00032189051853492856,,,,,,,,,
24,,,118879,,,,,,,,,,0.0005001152167096734,,,,,,,,,
24,,,118899,,,,,,,,,,9.992050763685256e-05,,,,,,,,,
24,,,118919,,,,,,,,,,0.05892892926931381,,,,,,,,,
24,,,118939,,,,,,,,,,0.0014197975397109985,,,,,,,,,
24,,,118959,,,,,,,,,,0.3441965878009796,,,,,,,,,
24,,,118979,,,,,,,,,,0.00015162775525823236,,,,,,,,,
24,,,118999,,,,,,,,,,0.04806222766637802,,,,,,,,,
24,,,119019,,,,,,,,,,0.05874324589967728,,,,,,,,,
24,,,119039,,,,,,,,,,0.0004911378491669893,,,,,,,,,
24,,,119059,,,,,,,,,,4.741689554066397e-05,,,,,,,,,
24,,,119079,,,,,,,,,,0.0011945349397137761,,,,,,,,,
24,,,119099,,,,,,,,,,0.05875345692038536,,,,,,,,,
24,,,119119,,,,,,,,,,0.0019006014335900545,,,,,,,,,
24,,,119139,,,,,,,,,,0.020991649478673935,,,,,,,,,
24,,,119159,,,,,,,,,,0.008451990783214569,,,,,,,,,
24,,,119179,,,,,,,,,,0.0020843602251261473,,,,,,,,,
24,,,119199,,,,,,,,,,0.0013342833844944835,,,,,,,,,
24,,,119219,,,,,,,,,,0.06452900171279907,,,,,,,,,
24,,,119239,,,,,,,,,,0.00038975520874373615,,,,,,,,,
24,,,119259,,,,,,,,,,0.05284588411450386,,,,,,,,,
24,,,119279,,,,,,,,,,0.0002200024900957942,,,,,,,,,
24,,,119299,,,,,,,,,,0.008984370157122612,,,,,,,,,
24,,,119319,,,,,,,,,,0.00075781240593642,,,,,,,,,
24,,,119324,,,,,,,,,,,0.6655991077423096,0.8200313448905945,0.690771222114563,6.503569602966309,0.7315552234649658,0.39163896441459656,0.5360192060470581,0.9270913004875183,0.6655991077423096
24,,,119324,,,,,,,,0.9870495796203613,0.03578893467783928,,,,,,,,,,
,0.0001352974289505659,0.0001352974289505659,119325,,,,,,,,,,,,,,,,,,,
25,,,119339,,,,,,,,,,0.0006995333242230117,,,,,,,,,
25,,,119359,,,,,,,,,,0.021541962400078773,,,,,,,,,
25,,,119379,,,,,,,,,,0.0006476421840488911,,,,,,,,,
25,,,119399,,,,,,,,,,0.0017806836403906345,,,,,,,,,
25,,,119419,,,,,,,,,,0.00525759719312191,,,,,,,,,
25,,,119439,,,,,,,,,,0.09637846797704697,,,,,,,,,
25,,,119459,,,,,,,,,,0.0003173506411258131,,,,,,,,,
25,,,119479,,,,,,,,,,0.00012576462177094072,,,,,,,,,
25,,,119499,,,,,,,,,,0.0016415296122431755,,,,,,,,,
25,,,119519,,,,,,,,,,0.00024750956799834967,,,,,,,,,
25,,,119539,,,,,,,,,,0.0036246548406779766,,,,,,,,,
25,,,119559,,,,,,,,,,0.023350689560174942,,,,,,,,,
25,,,119579,,,,,,,,,,0.04032100364565849,,,,,,,,,
25,,,119599,,,,,,,,,,0.0029886155389249325,,,,,,,,,
25,,,119619,,,,,,,,,,0.07718782126903534,,,,,,,,,
25,,,119639,,,,,,,,,,0.0002443904522806406,,,,,,,,,
25,,,119659,,,,,,,,,,0.00108972133602947,,,,,,,,,
25,,,119679,,,,,,,,,,0.001237806398421526,,,,,,,,,
25,,,119699,,,,,,,,,,0.02638738416135311,,,,,,,,,
25,,,119719,,,,,,,,,,0.03991102799773216,,,,,,,,,
25,,,119739,,,,,,,,,,0.022926688194274902,,,,,,,,,
25,,,119759,,,,,,,,,,0.03370525315403938,,,,,,,,,
25,,,119779,,,,,,,,,,0.0949028730392456,,,,,,,,,
25,,,119799,,,,,,,,,,0.00033377844374626875,,,,,,,,,
25,,,119819,,,,,,,,,,0.025397947058081627,,,,,,,,,
25,,,119839,,,,,,,,,,0.0001437977480236441,,,,,,,,,
25,,,119859,,,,,,,,,,0.035265013575553894,,,,,,,,,
25,,,119879,,,,,,,,,,7.489005656680092e-05,,,,,,,,,
25,,,119899,,,,,,,,,,0.004238964058458805,,,,,,,,,
25,,,119919,,,,,,,,,,0.03195548802614212,,,,,,,,,
25,,,119939,,,,,,,,,,0.00437418045476079,,,,,,,,,
25,,,119959,,,,,,,,,,0.0962492823600769,,,,,,,,,
25,,,119979,,,,,,,,,,0.007945177145302296,,,,,,,,,
25,,,119999,,,,,,,,,,0.04112595319747925,,,,,,,,,
25,,,120019,,,,,,,,,,0.0002604546898510307,,,,,,,,,
25,,,120039,,,,,,,,,,0.0009968887316063046,,,,,,,,,
25,,,120059,,,,,,,,,,0.0025976907927542925,,,,,,,,,
25,,,120079,,,,,,,,,,0.0005864232080057263,,,,,,,,,
25,,,120099,,,,,,,,,,0.00041980791138485074,,,,,,,,,
25,,,120119,,,,,,,,,,0.011481838300824165,,,,,,,,,
25,,,120139,,,,,,,,,,0.027659527957439423,,,,,,,,,
25,,,120159,,,,,,,,,,0.030974077060818672,,,,,,,,,
25,,,120179,,,,,,,,,,0.00015222167712636292,,,,,,,,,
25,,,120199,,,,,,,,,,0.027822449803352356,,,,,,,,,
25,,,120219,,,,,,,,,,0.009407907724380493,,,,,,,,,
25,,,120239,,,,,,,,,,0.13372917473316193,,,,,,,,,
25,,,120259,,,,,,,,,,0.0001941368100233376,,,,,,,,,
25,,,120279,,,,,,,,,,0.07960623502731323,,,,,,,,,
25,,,120299,,,,,,,,,,0.004133939277380705,,,,,,,,,
25,,,120319,,,,,,,,,,0.0637211725115776,,,,,,,,,
25,,,120339,,,,,,,,,,0.026924097910523415,,,,,,,,,
25,,,120359,,,,,,,,,,0.00013477304310072213,,,,,,,,,
25,,,120379,,,,,,,,,,0.001810027053579688,,,,,,,,,
25,,,120399,,,,,,,,,,0.00034381740260869265,,,,,,,,,
25,,,120419,,,,,,,,,,0.13860179483890533,,,,,,,,,
25,,,120439,,,,,,,,,,0.0668170303106308,,,,,,,,,
25,,,120459,,,,,,,,,,0.01810872182250023,,,,,,,,,
25,,,120479,,,,,,,,,,0.032943472266197205,,,,,,,,,
25,,,120499,,,,,,,,,,0.05542407184839249,,,,,,,,,
25,,,120519,,,,,,,,,,0.0006686060805805027,,,,,,,,,
25,,,120539,,,,,,,,,,0.00244233594276011,,,,,,,,,
25,,,120559,,,,,,,,,,0.0005213620606809855,,,,,,,,,
25,,,120579,,,,,,,,,,0.00016724926535971463,,,,,,,,,
25,,,120599,,,,,,,,,,0.07428469508886337,,,,,,,,,
25,,,120619,,,,,,,,,,0.039732351899147034,,,,,,,,,
25,,,120639,,,,,,,,,,0.005569181405007839,,,,,,,,,
25,,,120659,,,,,,,,,,0.00012290307495277375,,,,,,,,,
25,,,120679,,,,,,,,,,0.06030328571796417,,,,,,,,,
25,,,120699,,,,,,,,,,0.0026951523032039404,,,,,,,,,
25,,,120719,,,,,,,,,,2.792394116113428e-05,,,,,,,,,
25,,,120739,,,,,,,,,,0.000376129086362198,,,,,,,,,
25,,,120759,,,,,,,,,,0.0004352455143816769,,,,,,,,,
25,,,120779,,,,,,,,,,0.044084321707487106,,,,,,,,,
25,,,120799,,,,,,,,,,0.03125367686152458,,,,,,,,,
25,,,120819,,,,,,,,,,0.020903754979372025,,,,,,,,,
25,,,120839,,,,,,,,,,6.093050251365639e-05,,,,,,,,,
25,,,120859,,,,,,,,,,0.0052993278950452805,,,,,,,,,
25,,,120879,,,,,,,,,,0.06521817296743393,,,,,,,,,
25,,,120899,,,,,,,,,,0.013060372322797775,,,,,,,,,
25,,,120919,,,,,,,,,,0.08075131475925446,,,,,,,,,
25,,,120939,,,,,,,,,,0.00039372406899929047,,,,,,,,,
25,,,120959,,,,,,,,,,0.001764001790434122,,,,,,,,,
25,,,120979,,,,,,,,,,6.86670100549236e-05,,,,,,,,,
25,,,120999,,,,,,,,,,0.030606545507907867,,,,,,,,,
25,,,121019,,,,,,,,,,0.00044994469499215484,,,,,,,,,
25,,,121039,,,,,,,,,,0.03680964186787605,,,,,,,,,
25,,,121059,,,,,,,,,,0.0005691605620086193,,,,,,,,,
25,,,121079,,,,,,,,,,0.2734217643737793,,,,,,,,,
25,,,121099,,,,,,,,,,0.03411687910556793,,,,,,,,,
25,,,121119,,,,,,,,,,0.00020752186537720263,,,,,,,,,
25,,,121139,,,,,,,,,,0.09821003675460815,,,,,,,,,
25,,,121159,,,,,,,,,,0.025510160252451897,,,,,,,,,
25,,,121179,,,,,,,,,,0.09597727656364441,,,,,,,,,
25,,,121199,,,,,,,,,,0.032451413571834564,,,,,,,,,
25,,,121219,,,,,,,,,,0.07770239561796188,,,,,,,,,
25,,,121239,,,,,,,,,,0.1494574397802353,,,,,,,,,
25,,,121259,,,,,,,,,,0.0009750602766871452,,,,,,,,,
25,,,121279,,,,,,,,,,0.0007821874460205436,,,,,,,,,
25,,,121299,,,,,,,,,,0.06282257288694382,,,,,,,,,
25,,,121319,,,,,,,,,,0.0015902005834504962,,,,,,,,,
25,,,121339,,,,,,,,,,0.0002857920480892062,,,,,,,,,
25,,,121359,,,,,,,,,,0.0002103263104800135,,,,,,,,,
25,,,121379,,,,,,,,,,0.00011335729504935443,,,,,,,,,
25,,,121399,,,,,,,,,,0.06896063685417175,,,,,,,,,
25,,,121419,,,,,,,,,,0.06817121803760529,,,,,,,,,
25,,,121439,,,,,,,,,,0.0005821128142997622,,,,,,,,,
25,,,121459,,,,,,,,,,0.0032054067123681307,,,,,,,,,
25,,,121479,,,,,,,,,,0.00010031495185103267,,,,,,,,,
25,,,121499,,,,,,,,,,0.0025064696092158556,,,,,,,,,
25,,,121519,,,,,,,,,,0.0441553071141243,,,,,,,,,
25,,,121539,,,,,,,,,,2.4716084226383828e-05,,,,,,,,,
25,,,121559,,,,,,,,,,0.12021046131849289,,,,,,,,,
25,,,121579,,,,,,,,,,0.0026537557132542133,,,,,,,,,
25,,,121599,,,,,,,,,,0.00023033248726278543,,,,,,,,,
25,,,121619,,,,,,,,,,0.004132407251745462,,,,,,,,,
25,,,121639,,,,,,,,,,0.02028772607445717,,,,,,,,,
25,,,121659,,,,,,,,,,0.09065307676792145,,,,,,,,,
25,,,121679,,,,,,,,,,0.040797218680381775,,,,,,,,,
25,,,121699,,,,,,,,,,0.000331828894559294,,,,,,,,,
25,,,121719,,,,,,,,,,0.10978932678699493,,,,,,,,,
25,,,121739,,,,,,,,,,0.035520557314157486,,,,,,,,,
25,,,121759,,,,,,,,,,0.00031720197875984013,,,,,,,,,
25,,,121779,,,,,,,,,,0.0020148074254393578,,,,,,,,,
25,,,121799,,,,,,,,,,0.0010315084364265203,,,,,,,,,
25,,,121819,,,,,,,,,,0.0015810397453606129,,,,,,,,,
25,,,121839,,,,,,,,,,0.29196932911872864,,,,,,,,,
25,,,121859,,,,,,,,,,0.20555071532726288,,,,,,,,,
25,,,121879,,,,,,,,,,0.020824959501624107,,,,,,,,,
25,,,121899,,,,,,,,,,0.00013303253217600286,,,,,,,,,
25,,,121919,,,,,,,,,,0.038269318640232086,,,,,,,,,
25,,,121939,,,,,,,,,,0.011092593893408775,,,,,,,,,
25,,,121959,,,,,,,,,,0.06767979264259338,,,,,,,,,
25,,,121979,,,,,,,,,,0.09338203072547913,,,,,,,,,
25,,,121999,,,,,,,,,,0.0015774162020534277,,,,,,,,,
25,,,122019,,,,,,,,,,0.04887394234538078,,,,,,,,,
25,,,122039,,,,,,,,,,0.03635058552026749,,,,,,,,,
25,,,122059,,,,,,,,,,0.0004621377447620034,,,,,,,,,
25,,,122079,,,,,,,,,,0.00018217740580439568,,,,,,,,,
25,,,122099,,,,,,,,,,0.0006733782356604934,,,,,,,,,
25,,,122119,,,,,,,,,,0.02879604697227478,,,,,,,,,
25,,,122139,,,,,,,,,,0.07982218265533447,,,,,,,,,
25,,,122159,,,,,,,,,,0.05904756858944893,,,,,,,,,
25,,,122179,,,,,,,,,,0.00010855164146050811,,,,,,,,,
25,,,122199,,,,,,,,,,0.055130284279584885,,,,,,,,,
25,,,122219,,,,,,,,,,0.028565825894474983,,,,,,,,,
25,,,122239,,,,,,,,,,0.0015057415002956986,,,,,,,,,
25,,,122259,,,,,,,,,,0.009046493098139763,,,,,,,,,
25,,,122279,,,,,,,,,,0.0044844308868050575,,,,,,,,,
25,,,122299,,,,,,,,,,3.402365109650418e-05,,,,,,,,,
25,,,122319,,,,,,,,,,0.04697961360216141,,,,,,,,,
25,,,122339,,,,,,,,,,0.1336498111486435,,,,,,,,,
25,,,122359,,,,,,,,,,0.015732208266854286,,,,,,,,,
25,,,122379,,,,,,,,,,0.011090010404586792,,,,,,,,,
25,,,122399,,,,,,,,,,0.00020099955145269632,,,,,,,,,
25,,,122419,,,,,,,,,,0.018314797431230545,,,,,,,,,
25,,,122439,,,,,,,,,,0.0006197124603204429,,,,,,,,,
25,,,122459,,,,,,,,,,0.005079839378595352,,,,,,,,,
25,,,122479,,,,,,,,,,0.0004387510707601905,,,,,,,,,
25,,,122499,,,,,,,,,,0.15360186994075775,,,,,,,,,
25,,,122519,,,,,,,,,,0.0162106491625309,,,,,,,,,
25,,,122539,,,,,,,,,,0.02247864007949829,,,,,,,,,
25,,,122559,,,,,,,,,,0.002809508703649044,,,,,,,,,
25,,,122579,,,,,,,,,,0.0810762271285057,,,,,,,,,
25,,,122599,,,,,,,,,,0.0020086944568902254,,,,,,,,,
25,,,122619,,,,,,,,,,0.0017270599491894245,,,,,,,,,
25,,,122639,,,,,,,,,,0.022213388234376907,,,,,,,,,
25,,,122659,,,,,,,,,,0.11650087684392929,,,,,,,,,
25,,,122679,,,,,,,,,,0.0032688782084733248,,,,,,,,,
25,,,122699,,,,,,,,,,0.025789771229028702,,,,,,,,,
25,,,122719,,,,,,,,,,0.05959611013531685,,,,,,,,,
25,,,122739,,,,,,,,,,0.013603119179606438,,,,,,,,,
25,,,122759,,,,,,,,,,0.08426466584205627,,,,,,,,,
25,,,122779,,,,,,,,,,0.0004699114942923188,,,,,,,,,
25,,,122799,,,,,,,,,,0.0012148554669693112,,,,,,,,,
25,,,122819,,,,,,,,,,0.0002710482804104686,,,,,,,,,
25,,,122839,,,,,,,,,,0.10258562117815018,,,,,,,,,
25,,,122859,,,,,,,,,,0.014483418315649033,,,,,,,,,
25,,,122879,,,,,,,,,,0.07347918301820755,,,,,,,,,
25,,,122899,,,,,,,,,,0.012755247764289379,,,,,,,,,
25,,,122919,,,,,,,,,,0.036118220537900925,,,,,,,,,
25,,,122939,,,,,,,,,,0.002052368363365531,,,,,,,,,
25,,,122959,,,,,,,,,,0.17547182738780975,,,,,,,,,
25,,,122979,,,,,,,,,,8.64118046592921e-05,,,,,,,,,
25,,,122999,,,,,,,,,,0.0033862064592540264,,,,,,,,,
25,,,123019,,,,,,,,,,0.00019720733689609915,,,,,,,,,
25,,,123039,,,,,,,,,,0.015863709151744843,,,,,,,,,
25,,,123059,,,,,,,,,,0.0002778300258796662,,,,,,,,,
25,,,123079,,,,,,,,,,0.0023831536527723074,,,,,,,,,
25,,,123099,,,,,,,,,,0.0005531279020942748,,,,,,,,,
25,,,123119,,,,,,,,,,6.302763358689845e-05,,,,,,,,,
25,,,123139,,,,,,,,,,0.0008828218560665846,,,,,,,,,
25,,,123159,,,,,,,,,,0.0011037972290068865,,,,,,,,,
25,,,123179,,,,,,,,,,0.017516586929559708,,,,,,,,,
25,,,123199,,,,,,,,,,0.0015848472248762846,,,,,,,,,
25,,,123219,,,,,,,,,,0.08750574290752411,,,,,,,,,
25,,,123239,,,,,,,,,,0.13621707260608673,,,,,,,,,
25,,,123259,,,,,,,,,,0.0008585239993408322,,,,,,,,,
25,,,123279,,,,,,,,,,0.08869896829128265,,,,,,,,,
25,,,123299,,,,,,,,,,0.012051085941493511,,,,,,,,,
25,,,123319,,,,,,,,,,7.513677701354027e-05,,,,,,,,,
25,,,123339,,,,,,,,,,0.027039367705583572,,,,,,,,,
25,,,123359,,,,,,,,,,0.0005061945994384587,,,,,,,,,
25,,,123379,,,,,,,,,,0.28239479660987854,,,,,,,,,
25,,,123399,,,,,,,,,,0.04049813002347946,,,,,,,,,
25,,,123419,,,,,,,,,,0.03221360594034195,,,,,,,,,
25,,,123439,,,,,,,,,,0.0028336967807263136,,,,,,,,,
25,,,123459,,,,,,,,,,7.15735659468919e-05,,,,,,,,,
25,,,123479,,,,,,,,,,0.00018255467875860631,,,,,,,,,
25,,,123499,,,,,,,,,,0.00039217586163431406,,,,,,,,,
25,,,123519,,,,,,,,,,0.04641211777925491,,,,,,,,,
25,,,123539,,,,,,,,,,0.002594236982986331,,,,,,,,,
25,,,123559,,,,,,,,,,0.0003167067770846188,,,,,,,,,
25,,,123579,,,,,,,,,,0.0001552656467538327,,,,,,,,,
25,,,123599,,,,,,,,,,0.0001489981368649751,,,,,,,,,
25,,,123619,,,,,,,,,,0.03745725750923157,,,,,,,,,
25,,,123639,,,,,,,,,,8.666003122925758e-05,,,,,,,,,
25,,,123659,,,,,,,,,,0.00036572484532371163,,,,,,,,,
25,,,123679,,,,,,,,,,0.0016848195809870958,,,,,,,,,
25,,,123699,,,,,,,,,,0.0008362919325008988,,,,,,,,,
25,,,123719,,,,,,,,,,0.00013696966925635934,,,,,,,,,
25,,,123739,,,,,,,,,,0.00036096188705414534,,,,,,,,,
25,,,123759,,,,,,,,,,0.0002833555336110294,,,,,,,,,
25,,,123779,,,,,,,,,,0.04091092571616173,,,,,,,,,
25,,,123799,,,,,,,,,,0.02818068489432335,,,,,,,,,
25,,,123819,,,,,,,,,,0.00011313401046209037,,,,,,,,,
25,,,123839,,,,,,,,,,0.0012922293972223997,,,,,,,,,
25,,,123859,,,,,,,,,,0.00028890720568597317,,,,,,,,,
25,,,123879,,,,,,,,,,0.022960258647799492,,,,,,,,,
25,,,123899,,,,,,,,,,0.10125576704740524,,,,,,,,,
25,,,123919,,,,,,,,,,0.009555594995617867,,,,,,,,,
25,,,123939,,,,,,,,,,0.00042280455818399787,,,,,,,,,
25,,,123959,,,,,,,,,,9.127787780016661e-05,,,,,,,,,
25,,,123979,,,,,,,,,,0.0032233847305178642,,,,,,,,,
25,,,123999,,,,,,,,,,0.032801419496536255,,,,,,,,,
25,,,124019,,,,,,,,,,0.13693013787269592,,,,,,,,,
25,,,124039,,,,,,,,,,0.001231287606060505,,,,,,,,,
25,,,124059,,,,,,,,,,0.0001549528242321685,,,,,,,,,
25,,,124079,,,,,,,,,,8.693702693562955e-05,,,,,,,,,
25,,,124097,,,,,,,,,,,0.6231234073638916,0.7977008819580078,0.6599997282028198,7.003241062164307,0.7686076164245605,0.3637124001979828,0.6196398138999939,0.9175753593444824,0.6231234073638916
25,,,124097,,,,,,,,0.9871869087219238,0.033739976584911346,,,,,,,,,,
,0.00012073645169758076,0.00012073645169758076,124098,,,,,,,,,,,,,,,,,,,
26,,,124099,,,,,,,,,,0.0056436797603964806,,,,,,,,,
26,,,124119,,,,,,,,,,0.003450472140684724,,,,,,,,,
26,,,124139,,,,,,,,,,0.023614319041371346,,,,,,,,,
26,,,124159,,,,,,,,,,0.04707813262939453,,,,,,,,,
26,,,124179,,,,,,,,,,0.09532846510410309,,,,,,,,,
26,,,124199,,,,,,,,,,0.00013504871458280832,,,,,,,,,
26,,,124219,,,,,,,,,,0.041837677359580994,,,,,,,,,
26,,,124239,,,,,,,,,,3.311302134534344e-05,,,,,,,,,
26,,,124259,,,,,,,,,,0.05183032155036926,,,,,,,,,
26,,,124279,,,,,,,,,,0.0005619823350571096,,,,,,,,,
26,,,124299,,,,,,,,,,0.0002917444799095392,,,,,,,,,
26,,,124319,,,,,,,,,,0.04091030731797218,,,,,,,,,
26,,,124339,,,,,,,,,,0.04717335104942322,,,,,,,,,
26,,,124359,,,,,,,,,,0.05086139589548111,,,,,,,,,
26,,,124379,,,,,,,,,,3.614522938732989e-05,,,,,,,,,
26,,,124399,,,,,,,,,,0.15210047364234924,,,,,,,,,
26,,,124419,,,,,,,,,,0.0002214765700045973,,,,,,,,,
26,,,124439,,,,,,,,,,0.0001601745025254786,,,,,,,,,
26,,,124459,,,,,,,,,,0.03209913894534111,,,,,,,,,
26,,,124479,,,,,,,,,,0.07601003348827362,,,,,,,,,
26,,,124499,,,,,,,,,,0.013204854913055897,,,,,,,,,
26,,,124519,,,,,,,,,,0.00420651538297534,,,,,,,,,
26,,,124539,,,,,,,,,,0.019568517804145813,,,,,,,,,
26,,,124559,,,,,,,,,,0.007874165661633015,,,,,,,,,
26,,,124579,,,,,,,,,,0.3579428791999817,,,,,,,,,
26,,,124599,,,,,,,,,,0.0002988347550854087,,,,,,,,,
26,,,124619,,,,,,,,,,0.00020618256530724466,,,,,,,,,
26,,,124639,,,,,,,,,,0.024975573644042015,,,,,,,,,
26,,,124659,,,,,,,,,,0.131210058927536,,,,,,,,,
26,,,124679,,,,,,,,,,0.001334947650320828,,,,,,,,,
26,,,124699,,,,,,,,,,6.794634100515395e-05,,,,,,,,,
26,,,124719,,,,,,,,,,0.0038286270573735237,,,,,,,,,
26,,,124739,,,,,,,,,,0.0008317721076309681,,,,,,,,,
26,,,124759,,,,,,,,,,0.0017462284304201603,,,,,,,,,
26,,,124779,,,,,,,,,,0.09947816282510757,,,,,,,,,
26,,,124799,,,,,,,,,,8.609650103608146e-05,,,,,,,,,
26,,,124819,,,,,,,,,,0.009328285232186317,,,,,,,,,
26,,,124839,,,,,,,,,,0.044439371675252914,,,,,,,,,
26,,,124859,,,,,,,,,,0.0005049790488556027,,,,,,,,,
26,,,124879,,,,,,,,,,0.07498333603143692,,,,,,,,,
26,,,124899,,,,,,,,,,0.00661518145352602,,,,,,,,,
26,,,124919,,,,,,,,,,0.0029595838859677315,,,,,,,,,
26,,,124939,,,,,,,,,,0.024855412542819977,,,,,,,,,
26,,,124959,,,,,,,,,,0.03669951856136322,,,,,,,,,
26,,,124979,,,,,,,,,,0.0037094291765242815,,,,,,,,,
26,,,124999,,,,,,,,,,0.02990478090941906,,,,,,,,,
26,,,125019,,,,,,,,,,0.00021580106113106012,,,,,,,,,
26,,,125039,,,,,,,,,,0.0015279522631317377,,,,,,,,,
26,,,125059,,,,,,,,,,0.0011903985869139433,,,,,,,,,
26,,,125079,,,,,,,,,,0.0146632706746459,,,,,,,,,
26,,,125099,,,,,,,,,,0.00044703928870148957,,,,,,,,,
26,,,125119,,,,,,,,,,0.005715580657124519,,,,,,,,,
26,,,125139,,,,,,,,,,0.0003018940915353596,,,,,,,,,
26,,,125159,,,,,,,,,,0.05892261117696762,,,,,,,,,
26,,,125179,,,,,,,,,,0.0003943878400605172,,,,,,,,,
26,,,125199,,,,,,,,,,0.046821191906929016,,,,,,,,,
26,,,125219,,,,,,,,,,0.00010642004781402647,,,,,,,,,
26,,,125239,,,,,,,,,,6.343268614728004e-05,,,,,,,,,
26,,,125259,,,,,,,,,,0.06984671950340271,,,,,,,,,
26,,,125279,,,,,,,,,,0.0024808088783174753,,,,,,,,,
26,,,125299,,,,,,,,,,0.043748050928115845,,,,,,,,,
26,,,125319,,,,,,,,,,0.000174949542270042,,,,,,,,,
26,,,125339,,,,,,,,,,0.0005193565739318728,,,,,,,,,
26,,,125359,,,,,,,,,,0.17212873697280884,,,,,,,,,
26,,,125379,,,,,,,,,,0.00034235260682180524,,,,,,,,,
26,,,125399,,,,,,,,,,0.027672890573740005,,,,,,,,,
26,,,125419,,,,,,,,,,0.027175981551408768,,,,,,,,,
26,,,125439,,,,,,,,,,0.03392471373081207,,,,,,,,,
26,,,125459,,,,,,,,,,0.01611599698662758,,,,,,,,,
26,,,125479,,,,,,,,,,0.12147029489278793,,,,,,,,,
26,,,125499,,,,,,,,,,8.220480958698317e-05,,,,,,,,,
26,,,125519,,,,,,,,,,2.9319820896489546e-05,,,,,,,,,
26,,,125539,,,,,,,,,,0.021723203361034393,,,,,,,,,
26,,,125559,,,,,,,,,,0.1278258115053177,,,,,,,,,
26,,,125579,,,,,,,,,,0.04572220519185066,,,,,,,,,
26,,,125599,,,,,,,,,,0.07060960680246353,,,,,,,,,
26,,,125619,,,,,,,,,,0.018115991726517677,,,,,,,,,
26,,,125639,,,,,,,,,,0.17862741649150848,,,,,,,,,
26,,,125659,,,,,,,,,,0.13697664439678192,,,,,,,,,
26,,,125679,,,,,,,,,,0.11531715095043182,,,,,,,,,
26,,,125699,,,,,,,,,,5.780037463409826e-05,,,,,,,,,
26,,,125719,,,,,,,,,,0.0007152650505304337,,,,,,,,,
26,,,125739,,,,,,,,,,0.015688681975007057,,,,,,,,,
26,,,125759,,,,,,,,,,0.03133668005466461,,,,,,,,,
26,,,125779,,,,,,,,,,0.12057211250066757,,,,,,,,,
26,,,125799,,,,,,,,,,0.007806937210261822,,,,,,,,,
26,,,125819,,,,,,,,,,0.0007852137787267566,,,,,,,,,
26,,,125839,,,,,,,,,,0.0004834885767195374,,,,,,,,,
26,,,125859,,,,,,,,,,0.020513998344540596,,,,,,,,,
26,,,125879,,,,,,,,,,5.128431803314015e-05,,,,,,,,,
26,,,125899,,,,,,,,,,0.001585847232490778,,,,,,,,,
26,,,125919,,,,,,,,,,0.009162249974906445,,,,,,,,,
26,,,125939,,,,,,,,,,0.00038001505890861154,,,,,,,,,
26,,,125959,,,,,,,,,,0.0006612547440454364,,,,,,,,,
26,,,125979,,,,,,,,,,0.09434705227613449,,,,,,,,,
26,,,125999,,,,,,,,,,0.05485283210873604,,,,,,,,,
26,,,126019,,,,,,,,,,0.003144914750009775,,,,,,,,,
26,,,126039,,,,,,,,,,0.053910769522190094,,,,,,,,,
26,,,126059,,,,,,,,,,0.034114401787519455,,,,,,,,,
26,,,126079,,,,,,,,,,0.009405623190104961,,,,,,,,,
26,,,126099,,,,,,,,,,0.012808914296329021,,,,,,,,,
26,,,126119,,,,,,,,,,0.03624578192830086,,,,,,,,,
26,,,126139,,,,,,,,,,0.0005505256121978164,,,,,,,,,
26,,,126159,,,,,,,,,,0.004271927289664745,,,,,,,,,
26,,,126179,,,,,,,,,,0.0637667179107666,,,,,,,,,
26,,,126199,,,,,,,,,,0.09592883288860321,,,,,,,,,
26,,,126219,,,,,,,,,,0.04000227898359299,,,,,,,,,
26,,,126239,,,,,,,,,,0.0017120656557381153,,,,,,,,,
26,,,126259,,,,,,,,,,0.0017595242243260145,,,,,,,,,
26,,,126279,,,,,,,,,,0.046632394194602966,,,,,,,,,
26,,,126299,,,,,,,,,,0.0002222554903710261,,,,,,,,,
26,,,126319,,,,,,,,,,0.0012951671378687024,,,,,,,,,
26,,,126339,,,,,,,,,,0.034849707037210464,,,,,,,,,
26,,,126359,,,,,,,,,,0.0010400229366496205,,,,,,,,,
26,,,126379,,,,,,,,,,7.880496559664607e-05,,,,,,,,,
26,,,126399,,,,,,,,,,0.08033957332372665,,,,,,,,,
26,,,126419,,,,,,,,,,0.08941613882780075,,,,,,,,,
26,,,126439,,,,,,,,,,0.45673230290412903,,,,,,,,,
26,,,126459,,,,,,,,,,0.06566619873046875,,,,,,,,,
26,,,126479,,,,,,,,,,0.011115104891359806,,,,,,,,,
26,,,126499,,,,,,,,,,0.001978578045964241,,,,,,,,,
26,,,126519,,,,,,,,,,0.06149570643901825,,,,,,,,,
26,,,126539,,,,,,,,,,0.0008779693162068725,,,,,,,,,
26,,,126559,,,,,,,,,,8.733216964174062e-05,,,,,,,,,
26,,,126579,,,,,,,,,,0.021718861535191536,,,,,,,,,
26,,,126599,,,,,,,,,,0.0006068897782824934,,,,,,,,,
26,,,126619,,,,,,,,,,0.010994062758982182,,,,,,,,,
26,,,126639,,,,,,,,,,0.00039524055318906903,,,,,,,,,
26,,,126659,,,,,,,,,,0.05571165680885315,,,,,,,,,
26,,,126679,,,,,,,,,,0.5288477540016174,,,,,,,,,
26,,,126699,,,,,,,,,,0.12148811668157578,,,,,,,,,
26,,,126719,,,,,,,,,,0.03183959797024727,,,,,,,,,
26,,,126739,,,,,,,,,,0.059408221393823624,,,,,,,,,
26,,,126759,,,,,,,,,,0.0001628717582207173,,,,,,,,,
26,,,126779,,,,,,,,,,0.0027156351134181023,,,,,,,,,
26,,,126799,,,,,,,,,,0.000119282107334584,,,,,,,,,
26,,,126819,,,,,,,,,,0.4208041727542877,,,,,,,,,
26,,,126839,,,,,,,,,,0.0004702255828306079,,,,,,,,,
26,,,126859,,,,,,,,,,0.029979074373841286,,,,,,,,,
26,,,126879,,,,,,,,,,0.023555155843496323,,,,,,,,,
26,,,126899,,,,,,,,,,0.03578237071633339,,,,,,,,,
26,,,126919,,,,,,,,,,0.0026322323828935623,,,,,,,,,
26,,,126939,,,,,,,,,,0.00479318480938673,,,,,,,,,
26,,,126959,,,,,,,,,,0.0018845542799681425,,,,,,,,,
26,,,126979,,,,,,,,,,0.00020543194841593504,,,,,,,,,
26,,,126999,,,,,,,,,,0.08594552427530289,,,,,,,,,
26,,,127019,,,,,,,,,,0.0007680837297812104,,,,,,,,,
26,,,127039,,,,,,,,,,0.0863010510802269,,,,,,,,,
26,,,127059,,,,,,,,,,0.003810408292338252,,,,,,,,,
26,,,127079,,,,,,,,,,0.00026736941072158515,,,,,,,,,
26,,,127099,,,,,,,,,,6.15912867942825e-05,,,,,,,,,
26,,,127119,,,,,,,,,,0.10136593133211136,,,,,,,,,
26,,,127139,,,,,,,,,,0.0008450711611658335,,,,,,,,,
26,,,127159,,,,,,,,,,0.09527330100536346,,,,,,,,,
26,,,127179,,,,,,,,,,0.001583663746714592,,,,,,,,,
26,,,127199,,,,,,,,,,0.036074355244636536,,,,,,,,,
26,,,127219,,,,,,,,,,0.05224397033452988,,,,,,,,,
26,,,127239,,,,,,,,,,0.10406016558408737,,,,,,,,,
26,,,127259,,,,,,,,,,6.333927012747154e-05,,,,,,,,,
26,,,127279,,,,,,,,,,0.04323835298418999,,,,,,,,,
26,,,127299,,,,,,,,,,0.0005508223548531532,,,,,,,,,
26,,,127319,,,,,,,,,,0.0013309309724718332,,,,,,,,,
26,,,127339,,,,,,,,,,0.000329649104969576,,,,,,,,,
26,,,127359,,,,,,,,,,0.0049600680358707905,,,,,,,,,
26,,,127379,,,,,,,,,,0.09973888844251633,,,,,,,,,
26,,,127399,,,,,,,,,,0.043478529900312424,,,,,,,,,
26,,,127419,,,,,,,,,,0.0009665789548307657,,,,,,,,,
26,,,127439,,,,,,,,,,2.8838163416367024e-05,,,,,,,,,
26,,,127459,,,,,,,,,,0.00010904461669269949,,,,,,,,,
26,,,127479,,,,,,,,,,0.014535635709762573,,,,,,,,,
26,,,127499,,,,,,,,,,0.002896656980738044,,,,,,,,,
26,,,127519,,,,,,,,,,0.009166721254587173,,,,,,,,,
26,,,127539,,,,,,,,,,0.0006096262950450182,,,,,,,,,
26,,,127559,,,,,,,,,,0.013790632598102093,,,,,,,,,
26,,,127579,,,,,,,,,,0.2979699373245239,,,,,,,,,
26,,,127599,,,,,,,,,,0.0004831728874705732,,,,,,,,,
26,,,127619,,,,,,,,,,0.00043244255357421935,,,,,,,,,
26,,,127639,,,,,,,,,,0.001890067826025188,,,,,,,,,
26,,,127659,,,,,,,,,,0.017761927098035812,,,,,,,,,
26,,,127679,,,,,,,,,,0.0019193808548152447,,,,,,,,,
26,,,127699,,,,,,,,,,0.00014992021897342056,,,,,,,,,
26,,,127719,,,,,,,,,,0.08923771232366562,,,,,,,,,
26,,,127739,,,,,,,,,,0.10314156115055084,,,,,,,,,
26,,,127759,,,,,,,,,,0.041211143136024475,,,,,,,,,
26,,,127779,,,,,,,,,,0.00037172032170929015,,,,,,,,,
26,,,127799,,,,,,,,,,0.0004731315711978823,,,,,,,,,
26,,,127819,,,,,,,,,,0.0004987380234524608,,,,,,,,,
26,,,127839,,,,,,,,,,0.0008453232003375888,,,,,,,,,
26,,,127859,,,,,,,,,,0.0015093409456312656,,,,,,,,,
26,,,127879,,,,,,,,,,0.20780664682388306,,,,,,,,,
26,,,127899,,,,,,,,,,0.0002401039528194815,,,,,,,,,
26,,,127919,,,,,,,,,,0.006109190173447132,,,,,,,,,
26,,,127939,,,,,,,,,,0.005326441023498774,,,,,,,,,
26,,,127959,,,,,,,,,,0.00011867866123793647,,,,,,,,,
26,,,127979,,,,,,,,,,0.01702427677810192,,,,,,,,,
26,,,127999,,,,,,,,,,0.07811067253351212,,,,,,,,,
26,,,128019,,,,,,,,,,0.0005270141991786659,,,,,,,,,
26,,,128039,,,,,,,,,,0.07522332668304443,,,,,,,,,
26,,,128059,,,,,,,,,,0.027142031118273735,,,,,,,,,
26,,,128079,,,,,,,,,,0.00012684572720900178,,,,,,,,,
26,,,128099,,,,,,,,,,0.04526980221271515,,,,,,,,,
26,,,128119,,,,,,,,,,0.002464632736518979,,,,,,,,,
26,,,128139,,,,,,,,,,0.0006374134682118893,,,,,,,,,
26,,,128159,,,,,,,,,,0.0011123782023787498,,,,,,,,,
26,,,128179,,,,,,,,,,0.08524095267057419,,,,,,,,,
26,,,128199,,,,,,,,,,0.0003347315650898963,,,,,,,,,
26,,,128219,,,,,,,,,,0.024159181863069534,,,,,,,,,
26,,,128239,,,,,,,,,,0.0017303579952567816,,,,,,,,,
26,,,128259,,,,,,,,,,0.0016482514329254627,,,,,,,,,
26,,,128279,,,,,,,,,,0.03238974139094353,,,,,,,,,
26,,,128299,,,,,,,,,,0.0005303858779370785,,,,,,,,,
26,,,128319,,,,,,,,,,0.30905112624168396,,,,,,,,,
26,,,128339,,,,,,,,,,0.27664127945899963,,,,,,,,,
26,,,128359,,,,,,,,,,0.07226496934890747,,,,,,,,,
26,,,128379,,,,,,,,,,0.000260674103628844,,,,,,,,,
26,,,128399,,,,,,,,,,0.058141183108091354,,,,,,,,,
26,,,128419,,,,,,,,,,0.0003332977357786149,,,,,,,,,
26,,,128439,,,,,,,,,,9.306393621955067e-05,,,,,,,,,
26,,,128459,,,,,,,,,,0.018657727167010307,,,,,,,,,
26,,,128479,,,,,,,,,,0.08490034192800522,,,,,,,,,
26,,,128499,,,,,,,,,,0.0011024806881323457,,,,,,,,,
26,,,128519,,,,,,,,,,9.482294990448281e-05,,,,,,,,,
26,,,128539,,,,,,,,,,0.02631336636841297,,,,,,,,,
26,,,128559,,,,,,,,,,0.0003454214602243155,,,,,,,,,
26,,,128579,,,,,,,,,,0.001432109740562737,,,,,,,,,
26,,,128599,,,,,,,,,,0.10443561524152756,,,,,,,,,
26,,,128619,,,,,,,,,,0.008611680939793587,,,,,,,,,
26,,,128639,,,,,,,,,,0.00014075639774091542,,,,,,,,,
26,,,128659,,,,,,,,,,0.00021014135563746095,,,,,,,,,
26,,,128679,,,,,,,,,,0.006490572355687618,,,,,,,,,
26,,,128699,,,,,,,,,,0.01836557127535343,,,,,,,,,
26,,,128719,,,,,,,,,,0.0004088451387360692,,,,,,,,,
26,,,128739,,,,,,,,,,0.00012282250099815428,,,,,,,,,
26,,,128759,,,,,,,,,,0.07484078407287598,,,,,,,,,
26,,,128779,,,,,,,,,,0.00609491067007184,,,,,,,,,
26,,,128799,,,,,,,,,,0.011294926516711712,,,,,,,,,
26,,,128819,,,,,,,,,,0.021387876942753792,,,,,,,,,
26,,,128839,,,,,,,,,,0.016187362372875214,,,,,,,,,
26,,,128859,,,,,,,,,,0.37744247913360596,,,,,,,,,
26,,,128870,,,,,,,,,,,0.6302030682563782,0.7542030811309814,0.6642590165138245,8.63109302520752,0.7489575147628784,0.3600832521915436,0.5787313580513,0.9191837310791016,0.6302030682563782
26,,,128870,,,,,,,,0.9875080585479736,0.03327365964651108,,,,,,,,,,
,0.00010645729841183066,0.00010645729841183066,128871,,,,,,,,,,,,,,,,,,,
27,,,128879,,,,,,,,,,0.0005465823924168944,,,,,,,,,
27,,,128899,,,,,,,,,,0.0004851053818129003,,,,,,,,,
27,,,128919,,,,,,,,,,0.0980430617928505,,,,,,,,,
27,,,128939,,,,,,,,,,0.0012532512191683054,,,,,,,,,
27,,,128959,,,,,,,,,,0.028099048882722855,,,,,,,,,
27,,,128979,,,,,,,,,,0.08683715760707855,,,,,,,,,
27,,,128999,,,,,,,,,,0.04751398786902428,,,,,,,,,
27,,,129019,,,,,,,,,,0.017636939883232117,,,,,,,,,
27,,,129039,,,,,,,,,,0.0006457589915953577,,,,,,,,,
27,,,129059,,,,,,,,,,0.0007332586101256311,,,,,,,,,
27,,,129079,,,,,,,,,,0.1637035310268402,,,,,,,,,
27,,,129099,,,,,,,,,,0.0002468026359565556,,,,,,,,,
27,,,129119,,,,,,,,,,0.0013260506093502045,,,,,,,,,
27,,,129139,,,,,,,,,,0.00018651544814929366,,,,,,,,,
27,,,129159,,,,,,,,,,0.042666830122470856,,,,,,,,,
27,,,129179,,,,,,,,,,0.0018143013585358858,,,,,,,,,
27,,,129199,,,,,,,,,,0.018837668001651764,,,,,,,,,
27,,,129219,,,,,,,,,,0.15284428000450134,,,,,,,,,
27,,,129239,,,,,,,,,,0.059254564344882965,,,,,,,,,
27,,,129259,,,,,,,,,,0.01832091435790062,,,,,,,,,
27,,,129279,,,,,,,,,,0.0004562650865409523,,,,,,,,,
27,,,129299,,,,,,,,,,0.020698627457022667,,,,,,,,,
27,,,129319,,,,,,,,,,0.1022121012210846,,,,,,,,,
27,,,129339,,,,,,,,,,0.00034011941170319915,,,,,,,,,
27,,,129359,,,,,,,,,,0.016530631110072136,,,,,,,,,
27,,,129379,,,,,,,,,,0.00022716104285791516,,,,,,,,,
27,,,129399,,,,,,,,,,0.055536504834890366,,,,,,,,,
27,,,129419,,,,,,,,,,7.602581172250211e-05,,,,,,,,,
27,,,129439,,,,,,,,,,0.05043616518378258,,,,,,,,,
27,,,129459,,,,,,,,,,1.1613519745878875e-05,,,,,,,,,
27,,,129479,,,,,,,,,,0.00813965406268835,,,,,,,,,
27,,,129499,,,,,,,,,,0.07620936632156372,,,,,,,,,
27,,,129519,,,,,,,,,,0.0010766582563519478,,,,,,,,,
27,,,129539,,,,,,,,,,0.00024652009597048163,,,,,,,,,
27,,,129559,,,,,,,,,,0.025631844997406006,,,,,,,,,
27,,,129579,,,,,,,,,,0.0008700580801814795,,,,,,,,,
27,,,129599,,,,,,,,,,0.0001408410316798836,,,,,,,,,
27,,,129619,,,,,,,,,,0.000366079097148031,,,,,,,,,
27,,,129639,,,,,,,,,,0.0007954543689265847,,,,,,,,,
27,,,129659,,,,,,,,,,7.609387103002518e-05,,,,,,,,,
27,,,129679,,,,,,,,,,0.0002153361274395138,,,,,,,,,
27,,,129699,,,,,,,,,,1.7931972251972184e-05,,,,,,,,,
27,,,129719,,,,,,,,,,0.00016925882664509118,,,,,,,,,
27,,,129739,,,,,,,,,,0.00012439290003385395,,,,,,,,,
27,,,129759,,,,,,,,,,0.0010559589136391878,,,,,,,,,
27,,,129779,,,,,,,,,,0.03161996975541115,,,,,,,,,
27,,,129799,,,,,,,,,,0.00018118010484613478,,,,,,,,,
27,,,129819,,,,,,,,,,0.01369842141866684,,,,,,,,,
27,,,129839,,,,,,,,,,0.00033661711495369673,,,,,,,,,
27,,,129859,,,,,,,,,,0.0002531012869440019,,,,,,,,,
27,,,129879,,,,,,,,,,0.1076478362083435,,,,,,,,,
27,,,129899,,,,,,,,,,5.9238369431113824e-05,,,,,,,,,
27,,,129919,,,,,,,,,,3.7837231502635404e-05,,,,,,,,,
27,,,129939,,,,,,,,,,0.000467931036837399,,,,,,,,,
27,,,129959,,,,,,,,,,0.07530856132507324,,,,,,,,,
27,,,129979,,,,,,,,,,0.020128270611166954,,,,,,,,,
27,,,129999,,,,,,,,,,0.0030228677205741405,,,,,,,,,
27,,,130019,,,,,,,,,,0.005905106198042631,,,,,,,,,
27,,,130039,,,,,,,,,,4.389039531815797e-05,,,,,,,,,
27,,,130059,,,,,,,,,,0.0010745899053290486,,,,,,,,,
27,,,130079,,,,,,,,,,9.121728362515569e-05,,,,,,,,,
27,,,130099,,,,,,,,,,0.06574147194623947,,,,,,,,,
27,,,130119,,,,,,,,,,0.07009873539209366,,,,,,,,,
27,,,130139,,,,,,,,,,0.06076529622077942,,,,,,,,,
27,,,130159,,,,,,,,,,0.00017007204587571323,,,,,,,,,
27,,,130179,,,,,,,,,,0.00012399254774209112,,,,,,,,,
27,,,130199,,,,,,,,,,0.0006253434112295508,,,,,,,,,
27,,,130219,,,,,,,,,,5.554321251111105e-05,,,,,,,,,
27,,,130239,,,,,,,,,,0.4443572759628296,,,,,,,,,
27,,,130259,,,,,,,,,,0.0009335592039860785,,,,,,,,,
27,,,130279,,,,,,,,,,0.00022593772155232728,,,,,,,,,
27,,,130299,,,,,,,,,,0.02446528896689415,,,,,,,,,
27,,,130319,,,,,,,,,,0.1862042397260666,,,,,,,,,
27,,,130339,,,,,,,,,,3.232849121559411e-05,,,,,,,,,
27,,,130359,,,,,,,,,,0.024757232517004013,,,,,,,,,
27,,,130379,,,,,,,,,,0.0006478233262896538,,,,,,,,,
27,,,130399,,,,,,,,,,0.004861567169427872,,,,,,,,,
27,,,130419,,,,,,,,,,0.011420248076319695,,,,,,,,,
27,,,130439,,,,,,,,,,0.0015545549103990197,,,,,,,,,
27,,,130459,,,,,,,,,,0.020696014165878296,,,,,,,,,
27,,,130479,,,,,,,,,,0.0005636266432702541,,,,,,,,,
27,,,130499,,,,,,,,,,0.0784047469496727,,,,,,,,,
27,,,130519,,,,,,,,,,0.06679954379796982,,,,,,,,,
27,,,130539,,,,,,,,,,3.823780207312666e-05,,,,,,,,,
27,,,130559,,,,,,,,,,0.0012088066432625055,,,,,,,,,
27,,,130579,,,,,,,,,,0.1095864549279213,,,,,,,,,
27,,,130599,,,,,,,,,,0.05177116021513939,,,,,,,,,
27,,,130619,,,,,,,,,,0.0003458498395048082,,,,,,,,,
27,,,130639,,,,,,,,,,0.06845702975988388,,,,,,,,,
27,,,130659,,,,,,,,,,0.005351882427930832,,,,,,,,,
27,,,130679,,,,,,,,,,0.011982436291873455,,,,,,,,,
27,,,130699,,,,,,,,,,0.0016755908727645874,,,,,,,,,
27,,,130719,,,,,,,,,,0.04436921328306198,,,,,,,,,
27,,,130739,,,,,,,,,,0.9409242272377014,,,,,,,,,
27,,,130759,,,,,,,,,,0.011585109867155552,,,,,,,,,
27,,,130779,,,,,,,,,,0.00013700604904443026,,,,,,,,,
27,,,130799,,,,,,,,,,0.0017523742280900478,,,,,,,,,
27,,,130819,,,,,,,,,,0.0002568894124124199,,,,,,,,,
27,,,130839,,,,,,,,,,0.03633246198296547,,,,,,,,,
27,,,130859,,,,,,,,,,0.017784278839826584,,,,,,,,,
27,,,130879,,,,,,,,,,4.392429764266126e-05,,,,,,,,,
27,,,130899,,,,,,,,,,0.043245792388916016,,,,,,,,,
27,,,130919,,,,,,,,,,0.0024850054178386927,,,,,,,,,
27,,,130939,,,,,,,,,,0.00047646285383962095,,,,,,,,,
27,,,130959,,,,,,,,,,9.695351764094085e-05,,,,,,,,,
27,,,130979,,,,,,,,,,0.009165376424789429,,,,,,,,,
27,,,130999,,,,,,,,,,0.007083831820636988,,,,,,,,,
27,,,131019,,,,,,,,,,0.00098830321803689,,,,,,,,,
27,,,131039,,,,,,,,,,0.0015254199970513582,,,,,,,,,
27,,,131059,,,,,,,,,,0.0007737232372164726,,,,,,,,,
27,,,131079,,,,,,,,,,0.008449055254459381,,,,,,,,,
27,,,131099,,,,,,,,,,0.0010750434594228864,,,,,,,,,
27,,,131119,,,,,,,,,,0.00033349331351928413,,,,,,,,,
27,,,131139,,,,,,,,,,0.26311779022216797,,,,,,,,,
27,,,131159,,,,,,,,,,0.010982044972479343,,,,,,,,,
27,,,131179,,,,,,,,,,0.06549737602472305,,,,,,,,,
27,,,131199,,,,,,,,,,0.24015751481056213,,,,,,,,,
27,,,131219,,,,,,,,,,0.21589729189872742,,,,,,,,,
27,,,131239,,,,,,,,,,0.017868394032120705,,,,,,,,,
27,,,131259,,,,,,,,,,0.03963561728596687,,,,,,,,,
27,,,131279,,,,,,,,,,0.0001171252952190116,,,,,,,,,
27,,,131299,,,,,,,,,,0.05360209196805954,,,,,,,,,
27,,,131319,,,,,,,,,,0.020483605563640594,,,,,,,,,
27,,,131339,,,,,,,,,,0.000623208936303854,,,,,,,,,
27,,,131359,,,,,,,,,,0.0003254516632296145,,,,,,,,,
27,,,131379,,,,,,,,,,0.025000697001814842,,,,,,,,,
27,,,131399,,,,,,,,,,0.027846669778227806,,,,,,,,,
27,,,131419,,,,,,,,,,0.0003365797165315598,,,,,,,,,
27,,,131439,,,,,,,,,,0.022597305476665497,,,,,,,,,
27,,,131459,,,,,,,,,,0.06497769057750702,,,,,,,,,
27,,,131479,,,,,,,,,,0.03385215997695923,,,,,,,,,
27,,,131499,,,,,,,,,,0.00018348426965530962,,,,,,,,,
27,,,131519,,,,,,,,,,0.00036383362021297216,,,,,,,,,
27,,,131539,,,,,,,,,,6.939654122106731e-05,,,,,,,,,
27,,,131559,,,,,,,,,,0.0028998712077736855,,,,,,,,,
27,,,131579,,,,,,,,,,4.534717299975455e-05,,,,,,,,,
27,,,131599,,,,,,,,,,0.019838847219944,,,,,,,,,
27,,,131619,,,,,,,,,,0.33505356311798096,,,,,,,,,
27,,,131639,,,,,,,,,,0.013366205617785454,,,,,,,,,
27,,,131659,,,,,,,,,,5.172707460587844e-05,,,,,,,,,
27,,,131679,,,,,,,,,,0.0022616367787122726,,,,,,,,,
27,,,131699,,,,,,,,,,0.014348241500556469,,,,,,,,,
27,,,131719,,,,,,,,,,0.007097754627466202,,,,,,,,,
27,,,131739,,,,,,,,,,0.0007768817013129592,,,,,,,,,
27,,,131759,,,,,,,,,,0.12396790832281113,,,,,,,,,
27,,,131779,,,,,,,,,,0.019595053046941757,,,,,,,,,
27,,,131799,,,,,,,,,,0.0001607570593478158,,,,,,,,,
27,,,131819,,,,,,,,,,0.0002944061125162989,,,,,,,,,
27,,,131839,,,,,,,,,,0.007411695085465908,,,,,,,,,
27,,,131859,,,,,,,,,,0.054393790662288666,,,,,,,,,
27,,,131879,,,,,,,,,,0.0003063129843212664,,,,,,,,,
27,,,131899,,,,,,,,,,0.05146323889493942,,,,,,,,,
27,,,131919,,,,,,,,,,0.0001653656072448939,,,,,,,,,
27,,,131939,,,,,,,,,,0.0014917922671884298,,,,,,,,,
27,,,131959,,,,,,,,,,0.00010769256186904386,,,,,,,,,
27,,,131979,,,,,,,,,,0.015023129992187023,,,,,,,,,
27,,,131999,,,,,,,,,,0.08406089246273041,,,,,,,,,
27,,,132019,,,,,,,,,,0.06897159665822983,,,,,,,,,
27,,,132039,,,,,,,,,,0.047776855528354645,,,,,,,,,
27,,,132059,,,,,,,,,,8.385394903598353e-05,,,,,,,,,
27,,,132079,,,,,,,,,,0.05845800042152405,,,,,,,,,
27,,,132099,,,,,,,,,,0.0005698344903066754,,,,,,,,,
27,,,132119,,,,,,,,,,0.0008364820387214422,,,,,,,,,
27,,,132139,,,,,,,,,,0.02933381497859955,,,,,,,,,
27,,,132159,,,,,,,,,,0.00027254153974354267,,,,,,,,,
27,,,132179,,,,,,,,,,0.0003002990270033479,,,,,,,,,
27,,,132199,,,,,,,,,,0.02427864260971546,,,,,,,,,
27,,,132219,,,,,,,,,,0.005478980485349894,,,,,,,,,
27,,,132239,,,,,,,,,,0.001716184546239674,,,,,,,,,
27,,,132259,,,,,,,,,,0.0007299556164070964,,,,,,,,,
27,,,132279,,,,,,,,,,0.011206031776964664,,,,,,,,,
27,,,132299,,,,,,,,,,0.04976118728518486,,,,,,,,,
27,,,132319,,,,,,,,,,0.001082046190276742,,,,,,,,,
27,,,132339,,,,,,,,,,0.027342919260263443,,,,,,,,,
27,,,132359,,,,,,,,,,0.013857821933925152,,,,,,,,,
27,,,132379,,,,,,,,,,0.0007203115383163095,,,,,,,,,
27,,,132399,,,,,,,,,,0.02773641049861908,,,,,,,,,
27,,,132419,,,,,,,,,,7.415191066684201e-05,,,,,,,,,
27,,,132439,,,,,,,,,,5.8983157941838726e-05,,,,,,,,,
27,,,132459,,,,,,,,,,0.0001655128871789202,,,,,,,,,
27,,,132479,,,,,,,,,,0.0007241775165311992,,,,,,,,,
27,,,132499,,,,,,,,,,0.016940942034125328,,,,,,,,,
27,,,132519,,,,,,,,,,0.002647419460117817,,,,,,,,,
27,,,132539,,,,,,,,,,0.03160526230931282,,,,,,,,,
27,,,132559,,,,,,,,,,0.0010205834405496716,,,,,,,,,
27,,,132579,,,,,,,,,,0.02475968562066555,,,,,,,,,
27,,,132599,,,,,,,,,,0.030208885669708252,,,,,,,,,
27,,,132619,,,,,,,,,,0.03280672803521156,,,,,,,,,
27,,,132639,,,,,,,,,,0.002335889730602503,,,,,,,,,
27,,,132659,,,,,,,,,,0.001923875417560339,,,,,,,,,
27,,,132679,,,,,,,,,,0.1920500248670578,,,,,,,,,
27,,,132699,,,,,,,,,,0.05893081799149513,,,,,,,,,
27,,,132719,,,,,,,,,,0.0005393207538872957,,,,,,,,,
27,,,132739,,,,,,,,,,0.43923211097717285,,,,,,,,,
27,,,132759,,,,,,,,,,0.022999903187155724,,,,,,,,,
27,,,132779,,,,,,,,,,0.057505957782268524,,,,,,,,,
27,,,132799,,,,,,,,,,0.00018716359045356512,,,,,,,,,
27,,,132819,,,,,,,,,,0.0007635211804881692,,,,,,,,,
27,,,132839,,,,,,,,,,0.0014282814227044582,,,,,,,,,
27,,,132859,,,,,,,,,,0.0428856760263443,,,,,,,,,
27,,,132879,,,,,,,,,,0.05039612948894501,,,,,,,,,
27,,,132899,,,,,,,,,,0.006247555371373892,,,,,,,,,
27,,,132919,,,,,,,,,,0.08366789668798447,,,,,,,,,
27,,,132939,,,,,,,,,,0.0017333199502900243,,,,,,,,,
27,,,132959,,,,,,,,,,0.03876710310578346,,,,,,,,,
27,,,132979,,,,,,,,,,0.04024377837777138,,,,,,,,,
27,,,132999,,,,,,,,,,0.0003952629631385207,,,,,,,,,
27,,,133019,,,,,,,,,,0.0006984238279983401,,,,,,,,,
27,,,133039,,,,,,,,,,0.0013840155443176627,,,,,,,,,
27,,,133059,,,,,,,,,,0.2968613803386688,,,,,,,,,
27,,,133079,,,,,,,,,,0.0009103019256144762,,,,,,,,,
27,,,133099,,,,,,,,,,0.0011469973251223564,,,,,,,,,
27,,,133119,,,,,,,,,,4.0542665374232456e-05,,,,,,,,,
27,,,133139,,,,,,,,,,0.012140436097979546,,,,,,,,,
27,,,133159,,,,,,,,,,0.001339323935098946,,,,,,,,,
27,,,133179,,,,,,,,,,0.00016251350461971015,,,,,,,,,
27,,,133199,,,,,,,,,,0.00403017969802022,,,,,,,,,
27,,,133219,,,,,,,,,,0.00030210730619728565,,,,,,,,,
27,,,133239,,,,,,,,,,0.004064393229782581,,,,,,,,,
27,,,133259,,,,,,,,,,0.001100062858313322,,,,,,,,,
27,,,133279,,,,,,,,,,7.883908256189898e-05,,,,,,,,,
27,,,133299,,,,,,,,,,2.4605302314739674e-05,,,,,,,,,
27,,,133319,,,,,,,,,,0.0026833554729819298,,,,,,,,,
27,,,133339,,,,,,,,,,0.00023320835316553712,,,,,,,,,
27,,,133359,,,,,,,,,,0.015735061839222908,,,,,,,,,
27,,,133379,,,,,,,,,,3.3862219424918294e-05,,,,,,,,,
27,,,133399,,,,,,,,,,0.0001052886073011905,,,,,,,,,
27,,,133419,,,,,,,,,,0.0002772423904389143,,,,,,,,,
27,,,133439,,,,,,,,,,0.042030468583106995,,,,,,,,,
27,,,133459,,,,,,,,,,0.026543904095888138,,,,,,,,,
27,,,133479,,,,,,,,,,0.16218024492263794,,,,,,,,,
27,,,133499,,,,,,,,,,0.0006147385574877262,,,,,,,,,
27,,,133519,,,,,,,,,,0.010777481831610203,,,,,,,,,
27,,,133539,,,,,,,,,,0.043057650327682495,,,,,,,,,
27,,,133559,,,,,,,,,,3.527454464347102e-05,,,,,,,,,
27,,,133579,,,,,,,,,,0.006751685868948698,,,,,,,,,
27,,,133599,,,,,,,,,,0.016537576913833618,,,,,,,,,
27,,,133619,,,,,,,,,,0.003919563256204128,,,,,,,,,
27,,,133639,,,,,,,,,,0.0005262994091026485,,,,,,,,,
27,,,133643,,,,,,,,,,,0.6435330510139465,0.7571452856063843,0.677656352519989,9.33751106262207,0.7532335519790649,0.3812999427318573,0.5844467282295227,0.9220203757286072,0.6435330510139465
27,,,133643,,,,,,,,0.9882770776748657,0.030314287170767784,,,,,,,,,,
,9.259748514523653e-05,9.259748514523653e-05,133644,,,,,,,,,,,,,,,,,,,
28,,,133659,,,,,,,,,,8.962931315181777e-05,,,,,,,,,
28,,,133679,,,,,,,,,,0.08287165313959122,,,,,,,,,
28,,,133699,,,,,,,,,,0.0035350234247744083,,,,,,,,,
28,,,133719,,,,,,,,,,0.2405080795288086,,,,,,,,,
28,,,133739,,,,,,,,,,0.0007053758017718792,,,,,,,,,
28,,,133759,,,,,,,,,,0.0001197532401420176,,,,,,,,,
28,,,133779,,,,,,,,,,0.1556299775838852,,,,,,,,,
28,,,133799,,,,,,,,,,0.4223657250404358,,,,,,,,,
28,,,133819,,,,,,,,,,0.062162358313798904,,,,,,,,,
28,,,133839,,,,,,,,,,0.002231590449810028,,,,,,,,,
28,,,133859,,,,,,,,,,3.1167652196018025e-05,,,,,,,,,
28,,,133879,,,,,,,,,,0.0007256332319229841,,,,,,,,,
28,,,133899,,,,,,,,,,0.02211686223745346,,,,,,,,,
28,,,133919,,,,,,,,,,0.00029881380032747984,,,,,,,,,
28,,,133939,,,,,,,,,,0.03851743042469025,,,,,,,,,
28,,,133959,,,,,,,,,,0.066744863986969,,,,,,,,,
28,,,133979,,,,,,,,,,0.0001012791835819371,,,,,,,,,
28,,,133999,,,,,,,,,,0.03786937892436981,,,,,,,,,
28,,,134019,,,,,,,,,,0.015760513022542,,,,,,,,,
28,,,134039,,,,,,,,,,0.1320500671863556,,,,,,,,,
28,,,134059,,,,,,,,,,0.003672855207696557,,,,,,,,,
28,,,134079,,,,,,,,,,0.0032100805547088385,,,,,,,,,
28,,,134099,,,,,,,,,,0.051694467663764954,,,,,,,,,
28,,,134119,,,,,,,,,,3.0159857487888075e-05,,,,,,,,,
28,,,134139,,,,,,,,,,0.25446853041648865,,,,,,,,,
28,,,134159,,,,,,,,,,0.001990713644772768,,,,,,,,,
28,,,134179,,,,,,,,,,5.466784568852745e-05,,,,,,,,,
28,,,134199,,,,,,,,,,0.005435687955468893,,,,,,,,,
28,,,134219,,,,,,,,,,0.15991193056106567,,,,,,,,,
28,,,134239,,,,,,,,,,9.987947851186618e-05,,,,,,,,,
28,,,134259,,,,,,,,,,0.05880362540483475,,,,,,,,,
28,,,134279,,,,,,,,,,0.041969869285821915,,,,,,,,,
28,,,134299,,,,,,,,,,0.08351746201515198,,,,,,,,,
28,,,134319,,,,,,,,,,0.013523138128221035,,,,,,,,,
28,,,134339,,,,,,,,,,0.029703423380851746,,,,,,,,,
28,,,134359,,,,,,,,,,8.981396968010813e-05,,,,,,,,,
28,,,134379,,,,,,,,,,0.02336622029542923,,,,,,,,,
28,,,134399,,,,,,,,,,0.00014162994921207428,,,,,,,,,
28,,,134419,,,,,,,,,,0.02970253862440586,,,,,,,,,
28,,,134439,,,,,,,,,,0.0002804017858579755,,,,,,,,,
28,,,134459,,,,,,,,,,7.175176142482087e-05,,,,,,,,,
28,,,134479,,,,,,,,,,0.008365830406546593,,,,,,,,,
28,,,134499,,,,,,,,,,0.0024628792889416218,,,,,,,,,
28,,,134519,,,,,,,,,,0.0008271748083643615,,,,,,,,,
28,,,134539,,,,,,,,,,0.00044048798736184835,,,,,,,,,
28,,,134559,,,,,,,,,,0.0004580730455927551,,,,,,,,,
28,,,134579,,,,,,,,,,0.06418560445308685,,,,,,,,,
28,,,134599,,,,,,,,,,0.00042962649604305625,,,,,,,,,
28,,,134619,,,,,,,,,,0.06171884015202522,,,,,,,,,
28,,,134639,,,,,,,,,,0.00014649494551122189,,,,,,,,,
28,,,134659,,,,,,,,,,8.905339927878231e-05,,,,,,,,,
28,,,134679,,,,,,,,,,0.12484224885702133,,,,,,,,,
28,,,134699,,,,,,,,,,0.173243910074234,,,,,,,,,
28,,,134719,,,,,,,,,,0.00016135501209646463,,,,,,,,,
28,,,134739,,,,,,,,,,6.175142334541306e-05,,,,,,,,,
28,,,134759,,,,,,,,,,0.0002481701667420566,,,,,,,,,
28,,,134779,,,,,,,,,,0.004100683145225048,,,,,,,,,
28,,,134799,,,,,,,,,,0.00021892215590924025,,,,,,,,,
28,,,134819,,,,,,,,,,0.0004911477444693446,,,,,,,,,
28,,,134839,,,,,,,,,,0.05372064188122749,,,,,,,,,
28,,,134859,,,,,,,,,,0.02486461214721203,,,,,,,,,
28,,,134879,,,,,,,,,,0.001745392568409443,,,,,,,,,
28,,,134899,,,,,,,,,,0.09245865792036057,,,,,,,,,
28,,,134919,,,,,,,,,,0.040369000285863876,,,,,,,,,
28,,,134939,,,,,,,,,,2.823316208377946e-05,,,,,,,,,
28,,,134959,,,,,,,,,,0.029302142560482025,,,,,,,,,
28,,,134979,,,,,,,,,,0.00033027713652700186,,,,,,,,,
28,,,134999,,,,,,,,,,0.012397395446896553,,,,,,,,,
28,,,135019,,,,,,,,,,0.028276046738028526,,,,,,,,,
28,,,135039,,,,,,,,,,0.035925932228565216,,,,,,,,,
28,,,135059,,,,,,,,,,0.0002288440300617367,,,,,,,,,
28,,,135079,,,,,,,,,,0.044764965772628784,,,,,,,,,
28,,,135099,,,,,,,,,,0.006875074002891779,,,,,,,,,
28,,,135119,,,,,,,,,,0.036655157804489136,,,,,,,,,
28,,,135139,,,,,,,,,,0.07819852977991104,,,,,,,,,
28,,,135159,,,,,,,,,,1.9100963982054964e-05,,,,,,,,,
28,,,135179,,,,,,,,,,5.8558591263135895e-05,,,,,,,,,
28,,,135199,,,,,,,,,,4.944512329529971e-05,,,,,,,,,
28,,,135219,,,,,,,,,,0.00022567837731912732,,,,,,,,,
28,,,135239,,,,,,,,,,0.007624546531587839,,,,,,,,,
28,,,135259,,,,,,,,,,0.002346567576751113,,,,,,,,,
28,,,135279,,,,,,,,,,0.07313208281993866,,,,,,,,,
28,,,135299,,,,,,,,,,7.187729352153838e-05,,,,,,,,,
28,,,135319,,,,,,,,,,0.05784829705953598,,,,,,,,,
28,,,135339,,,,,,,,,,0.020316144451498985,,,,,,,,,
28,,,135359,,,,,,,,,,0.0015146650839596987,,,,,,,,,
28,,,135379,,,,,,,,,,8.915598300518468e-05,,,,,,,,,
28,,,135399,,,,,,,,,,0.007332959212362766,,,,,,,,,
28,,,135419,,,,,,,,,,2.2966622054809704e-05,,,,,,,,,
28,,,135439,,,,,,,,,,0.0005405099363997579,,,,,,,,,
28,,,135459,,,,,,,,,,0.00018447234469931573,,,,,,,,,
28,,,135479,,,,,,,,,,0.0005330392741598189,,,,,,,,,
28,,,135499,,,,,,,,,,0.0274052731692791,,,,,,,,,
28,,,135519,,,,,,,,,,0.03442806750535965,,,,,,,,,
28,,,135539,,,,,,,,,,8.131558570312336e-05,,,,,,,,,
28,,,135559,,,,,,,,,,0.01742340624332428,,,,,,,,,
28,,,135579,,,,,,,,,,0.10508393496274948,,,,,,,,,
28,,,135599,,,,,,,,,,8.972579234978184e-05,,,,,,,,,
28,,,135619,,,,,,,,,,0.0449308305978775,,,,,,,,,
28,,,135639,,,,,,,,,,0.0004067579284310341,,,,,,,,,
28,,,135659,,,,,,,,,,0.0002819246146827936,,,,,,,,,
28,,,135679,,,,,,,,,,5.425183189800009e-05,,,,,,,,,
28,,,135699,,,,,,,,,,0.0005798112833872437,,,,,,,,,
28,,,135719,,,,,,,,,,0.11012227088212967,,,,,,,,,
28,,,135739,,,,,,,,,,0.017806028947234154,,,,,,,,,
28,,,135759,,,,,,,,,,0.0001925026735989377,,,,,,,,,
28,,,135779,,,,,,,,,,0.00022444486967287958,,,,,,,,,
28,,,135799,,,,,,,,,,0.0010759055148810148,,,,,,,,,
28,,,135819,,,,,,,,,,0.06905769556760788,,,,,,,,,
28,,,135839,,,,,,,,,,0.0002653070550877601,,,,,,,,,
28,,,135859,,,,,,,,,,0.024414991959929466,,,,,,,,,
28,,,135879,,,,,,,,,,0.0055786422453820705,,,,,,,,,
28,,,135899,,,,,,,,,,0.013435140252113342,,,,,,,,,
28,,,135919,,,,,,,,,,0.015676723793148994,,,,,,,,,
28,,,135939,,,,,,,,,,4.943685053149238e-05,,,,,,,,,
28,,,135959,,,,,,,,,,0.0004956602933816612,,,,,,,,,
28,,,135979,,,,,,,,,,0.06212715059518814,,,,,,,,,
28,,,135999,,,,,,,,,,0.0003442619927227497,,,,,,,,,
28,,,136019,,,,,,,,,,4.597688894136809e-05,,,,,,,,,
28,,,136039,,,,,,,,,,0.07955840229988098,,,,,,,,,
28,,,136059,,,,,,,,,,0.00013541437510866672,,,,,,,,,
28,,,136079,,,,,,,,,,7.401777838822454e-05,,,,,,,,,
28,,,136099,,,,,,,,,,4.529716170509346e-05,,,,,,,,,
28,,,136119,,,,,,,,,,0.02907942607998848,,,,,,,,,
28,,,136139,,,,,,,,,,0.0003526293730828911,,,,,,,,,
28,,,136159,,,,,,,,,,0.018609197810292244,,,,,,,,,
28,,,136179,,,,,,,,,,0.03876212611794472,,,,,,,,,
28,,,136199,,,,,,,,,,0.11685007810592651,,,,,,,,,
28,,,136219,,,,,,,,,,0.04357138276100159,,,,,,,,,
28,,,136239,,,,,,,,,,0.02956339903175831,,,,,,,,,
28,,,136259,,,,,,,,,,0.000281878630630672,,,,,,,,,
28,,,136279,,,,,,,,,,4.375838761916384e-05,,,,,,,,,
28,,,136299,,,,,,,,,,0.0002822851820383221,,,,,,,,,
28,,,136319,,,,,,,,,,0.001362265320494771,,,,,,,,,
28,,,136339,,,,,,,,,,0.01267707534134388,,,,,,,,,
28,,,136359,,,,,,,,,,0.0008036013459786773,,,,,,,,,
28,,,136379,,,,,,,,,,0.03537632152438164,,,,,,,,,
28,,,136399,,,,,,,,,,0.06834197044372559,,,,,,,,,
28,,,136419,,,,,,,,,,0.0024353410117328167,,,,,,,,,
28,,,136439,,,,,,,,,,6.121435581007972e-05,,,,,,,,,
28,,,136459,,,,,,,,,,0.0537925623357296,,,,,,,,,
28,,,136479,,,,,,,,,,0.1270575374364853,,,,,,,,,
28,,,136499,,,,,,,,,,0.03041430376470089,,,,,,,,,
28,,,136519,,,,,,,,,,0.0005509346956387162,,,,,,,,,
28,,,136539,,,,,,,,,,0.02886410988867283,,,,,,,,,
28,,,136559,,,,,,,,,,0.047610700130462646,,,,,,,,,
28,,,136579,,,,,,,,,,0.033089958131313324,,,,,,,,,
28,,,136599,,,,,,,,,,0.0005300438497215509,,,,,,,,,
28,,,136619,,,,,,,,,,0.004225605167448521,,,,,,,,,
28,,,136639,,,,,,,,,,0.046498946845531464,,,,,,,,,
28,,,136659,,,,,,,,,,5.770109964942094e-06,,,,,,,,,
28,,,136679,,,,,,,,,,0.0006437639240175486,,,,,,,,,
28,,,136699,,,,,,,,,,0.0002326766843907535,,,,,,,,,
28,,,136719,,,,,,,,,,7.03292535035871e-05,,,,,,,,,
28,,,136739,,,,,,,,,,0.0003213019226677716,,,,,,,,,
28,,,136759,,,,,,,,,,0.0006009962526150048,,,,,,,,,
28,,,136779,,,,,,,,,,0.015193399041891098,,,,,,,,,
28,,,136799,,,,,,,,,,0.00014622243179474026,,,,,,,,,
28,,,136819,,,,,,,,,,0.016947034746408463,,,,,,,,,
28,,,136839,,,,,,,,,,0.034491535276174545,,,,,,,,,
28,,,136859,,,,,,,,,,0.001211553462781012,,,,,,,,,
28,,,136879,,,,,,,,,,0.04741022735834122,,,,,,,,,
28,,,136899,,,,,,,,,,0.00022156248451210558,,,,,,,,,
28,,,136919,,,,,,,,,,0.0001589069579495117,,,,,,,,,
28,,,136939,,,,,,,,,,0.0013146338751539588,,,,,,,,,
28,,,136959,,,,,,,,,,0.012380641885101795,,,,,,,,,
28,,,136979,,,,,,,,,,0.3540191352367401,,,,,,,,,
28,,,136999,,,,,,,,,,0.15203236043453217,,,,,,,,,
28,,,137019,,,,,,,,,,0.000332308845827356,,,,,,,,,
28,,,137039,,,,,,,,,,0.1633646935224533,,,,,,,,,
28,,,137059,,,,,,,,,,0.0002748609404079616,,,,,,,,,
28,,,137079,,,,,,,,,,0.06094130128622055,,,,,,,,,
28,,,137099,,,,,,,,,,0.03223064914345741,,,,,,,,,
28,,,137119,,,,,,,,,,0.029121289029717445,,,,,,,,,
28,,,137139,,,,,,,,,,0.00048341156798414886,,,,,,,,,
28,,,137159,,,,,,,,,,0.03438633307814598,,,,,,,,,
28,,,137179,,,,,,,,,,7.326713239308447e-05,,,,,,,,,
28,,,137199,,,,,,,,,,0.5090579390525818,,,,,,,,,
28,,,137219,,,,,,,,,,0.0031280172988772392,,,,,,,,,
28,,,137239,,,,,,,,,,9.722154209157452e-05,,,,,,,,,
28,,,137259,,,,,,,,,,0.00044752779649570584,,,,,,,,,
28,,,137279,,,,,,,,,,8.843129762681201e-06,,,,,,,,,
28,,,137299,,,,,,,,,,0.109562948346138,,,,,,,,,
28,,,137319,,,,,,,,,,0.013991646468639374,,,,,,,,,
28,,,137339,,,,,,,,,,0.028018467128276825,,,,,,,,,
28,,,137359,,,,,,,,,,0.00024366330762859434,,,,,,,,,
28,,,137379,,,,,,,,,,0.0004239278787281364,,,,,,,,,
28,,,137399,,,,,,,,,,0.00331022753380239,,,,,,,,,
28,,,137419,,,,,,,,,,0.00012591620907187462,,,,,,,,,
28,,,137439,,,,,,,,,,0.02356654778122902,,,,,,,,,
28,,,137459,,,,,,,,,,0.0045943656004965305,,,,,,,,,
28,,,137479,,,,,,,,,,0.12512798607349396,,,,,,,,,
28,,,137499,,,,,,,,,,0.00024921781732700765,,,,,,,,,
28,,,137519,,,,,,,,,,0.03293294832110405,,,,,,,,,
28,,,137539,,,,,,,,,,0.0889706239104271,,,,,,,,,
28,,,137559,,,,,,,,,,9.86513405223377e-05,,,,,,,,,
28,,,137579,,,,,,,,,,0.00020790935377590358,,,,,,,,,
28,,,137599,,,,,,,,,,0.002080293372273445,,,,,,,,,
28,,,137619,,,,,,,,,,0.011992118321359158,,,,,,,,,
28,,,137639,,,,,,,,,,0.0019353649113327265,,,,,,,,,
28,,,137659,,,,,,,,,,3.301082688267343e-05,,,,,,,,,
28,,,137679,,,,,,,,,,8.704227366251871e-05,,,,,,,,,
28,,,137699,,,,,,,,,,0.062487926334142685,,,,,,,,,
28,,,137719,,,,,,,,,,5.0503153033787385e-05,,,,,,,,,
28,,,137739,,,,,,,,,,0.0001319500443059951,,,,,,,,,
28,,,137759,,,,,,,,,,7.401182756439084e-06,,,,,,,,,
28,,,137779,,,,,,,,,,0.7923727035522461,,,,,,,,,
28,,,137799,,,,,,,,,,6.320587999653071e-05,,,,,,,,,
28,,,137819,,,,,,,,,,0.032051265239715576,,,,,,,,,
28,,,137839,,,,,,,,,,0.011773718520998955,,,,,,,,,
28,,,137859,,,,,,,,,,0.002043608808889985,,,,,,,,,
28,,,137879,,,,,,,,,,0.0026681791059672832,,,,,,,,,
28,,,137899,,,,,,,,,,0.05374676734209061,,,,,,,,,
28,,,137919,,,,,,,,,,0.0004969110013917089,,,,,,,,,
28,,,137939,,,,,,,,,,0.00010144119005417451,,,,,,,,,
28,,,137959,,,,,,,,,,5.129050259711221e-05,,,,,,,,,
28,,,137979,,,,,,,,,,0.03310050815343857,,,,,,,,,
28,,,137999,,,,,,,,,,0.0023892614990472794,,,,,,,,,
28,,,138019,,,,,,,,,,3.4269160096300766e-05,,,,,,,,,
28,,,138039,,,,,,,,,,0.03677086532115936,,,,,,,,,
28,,,138059,,,,,,,,,,0.005810430273413658,,,,,,,,,
28,,,138079,,,,,,,,,,8.335041638929397e-05,,,,,,,,,
28,,,138099,,,,,,,,,,0.007034778129309416,,,,,,,,,
28,,,138119,,,,,,,,,,0.08921481668949127,,,,,,,,,
28,,,138139,,,,,,,,,,0.0009626428363844752,,,,,,,,,
28,,,138159,,,,,,,,,,0.0004940753569826484,,,,,,,,,
28,,,138179,,,,,,,,,,0.03210347890853882,,,,,,,,,
28,,,138199,,,,,,,,,,0.00024903551093302667,,,,,,,,,
28,,,138219,,,,,,,,,,0.012179432436823845,,,,,,,,,
28,,,138239,,,,,,,,,,0.0005301096243783832,,,,,,,,,
28,,,138259,,,,,,,,,,0.04687165096402168,,,,,,,,,
28,,,138279,,,,,,,,,,3.810420457739383e-05,,,,,,,,,
28,,,138299,,,,,,,,,,0.0005392445018514991,,,,,,,,,
28,,,138319,,,,,,,,,,0.006952469237148762,,,,,,,,,
28,,,138339,,,,,,,,,,0.0005518946563825011,,,,,,,,,
28,,,138359,,,,,,,,,,0.051493089646101,,,,,,,,,
28,,,138379,,,,,,,,,,0.0005665307398885489,,,,,,,,,
28,,,138399,,,,,,,,,,0.00020361080532893538,,,,,,,,,
28,,,138416,,,,,,,,,,,0.6161255240440369,0.8009109497070312,0.6518097519874573,7.719058036804199,0.7634702920913696,0.349831759929657,0.6108132004737854,0.9161273241043091,0.6161255240440369
28,,,138416,,,,,,,,0.9886044263839722,0.03077656589448452,,,,,,,,,,
,7.929048947610034e-05,7.929048947610034e-05,138417,,,,,,,,,,,,,,,,,,,
29,,,138419,,,,,,,,,,0.0024025756865739822,,,,,,,,,
29,,,138439,,,,,,,,,,0.0001968944852706045,,,,,,,,,
29,,,138459,,,,,,,,,,0.000557122053578496,,,,,,,,,
29,,,138479,,,,,,,,,,0.001856032875366509,,,,,,,,,
29,,,138499,,,,,,,,,,0.013016188517212868,,,,,,,,,
29,,,138519,,,,,,,,,,0.0002648251538630575,,,,,,,,,
29,,,138539,,,,,,,,,,0.0001326490455539897,,,,,,,,,
29,,,138559,,,,,,,,,,0.017867233604192734,,,,,,,,,
29,,,138579,,,,,,,,,,0.0008613655809313059,,,,,,,,,
29,,,138599,,,,,,,,,,0.007981874980032444,,,,,,,,,
29,,,138619,,,,,,,,,,0.05589967221021652,,,,,,,,,
29,,,138639,,,,,,,,,,0.040688421577215195,,,,,,,,,
29,,,138659,,,,,,,,,,0.0008061225526034832,,,,,,,,,
29,,,138679,,,,,,,,,,0.003850504755973816,,,,,,,,,
29,,,138699,,,,,,,,,,0.038722533732652664,,,,,,,,,
29,,,138719,,,,,,,,,,0.02540634199976921,,,,,,,,,
29,,,138739,,,,,,,,,,0.056065645068883896,,,,,,,,,
29,,,138759,,,,,,,,,,0.0024375072680413723,,,,,,,,,
29,,,138779,,,,,,,,,,0.030940642580389977,,,,,,,,,
29,,,138799,,,,,,,,,,0.034192800521850586,,,,,,,,,
29,,,138819,,,,,,,,,,0.0008338974439539015,,,,,,,,,
29,,,138839,,,,,,,,,,0.0007757090497761965,,,,,,,,,
29,,,138859,,,,,,,,,,3.162648863508366e-05,,,,,,,,,
29,,,138879,,,,,,,,,,7.523100066464394e-05,,,,,,,,,
29,,,138899,,,,,,,,,,3.704680784721859e-05,,,,,,,,,
29,,,138919,,,,,,,,,,0.0067220586352050304,,,,,,,,,
29,,,138939,,,,,,,,,,0.00022460953914560378,,,,,,,,,
29,,,138959,,,,,,,,,,0.11779163777828217,,,,,,,,,
29,,,138979,,,,,,,,,,0.027533583343029022,,,,,,,,,
29,,,138999,,,,,,,,,,2.9636397812282667e-05,,,,,,,,,
29,,,139019,,,,,,,,,,0.021650731563568115,,,,,,,,,
29,,,139039,,,,,,,,,,0.08400697261095047,,,,,,,,,
29,,,139059,,,,,,,,,,0.0006763756391592324,,,,,,,,,
29,,,139079,,,,,,,,,,0.00042966759065166116,,,,,,,,,
29,,,139099,,,,,,,,,,0.02239408530294895,,,,,,,,,
29,,,139119,,,,,,,,,,0.0006718807853758335,,,,,,,,,
29,,,139139,,,,,,,,,,0.00938674807548523,,,,,,,,,
29,,,139159,,,,,,,,,,0.07280213385820389,,,,,,,,,
29,,,139179,,,,,,,,,,0.012332148849964142,,,,,,,,,
29,,,139199,,,,,,,,,,0.0015706823905929923,,,,,,,,,
29,,,139219,,,,,,,,,,0.0003301659016869962,,,,,,,,,
29,,,139239,,,,,,,,,,0.0031613921746611595,,,,,,,,,
29,,,139259,,,,,,,,,,7.150649616960436e-05,,,,,,,,,
29,,,139279,,,,,,,,,,0.014703376218676567,,,,,,,,,
29,,,139299,,,,,,,,,,0.02653377316892147,,,,,,,,,
29,,,139319,,,,,,,,,,7.699664274696261e-05,,,,,,,,,
29,,,139339,,,,,,,,,,8.538769907318056e-05,,,,,,,,,
29,,,139359,,,,,,,,,,0.20967763662338257,,,,,,,,,
29,,,139379,,,,,,,,,,0.023103930056095123,,,,,,,,,
29,,,139399,,,,,,,,,,0.00021589852985925972,,,,,,,,,
29,,,139419,,,,,,,,,,0.04638008773326874,,,,,,,,,
29,,,139439,,,,,,,,,,0.00015745470591355115,,,,,,,,,
29,,,139459,,,,,,,,,,0.0635177418589592,,,,,,,,,
29,,,139479,,,,,,,,,,0.0004424375365488231,,,,,,,,,
29,,,139499,,,,,,,,,,5.352735024644062e-05,,,,,,,,,
29,,,139519,,,,,,,,,,0.05376403406262398,,,,,,,,,
29,,,139539,,,,,,,,,,0.0008809274295344949,,,,,,,,,
29,,,139559,,,,,,,,,,0.000551557750441134,,,,,,,,,
29,,,139579,,,,,,,,,,0.00012026652984786779,,,,,,,,,
29,,,139599,,,,,,,,,,0.0002429219166515395,,,,,,,,,
29,,,139619,,,,,,,,,,0.14386914670467377,,,,,,,,,
29,,,139639,,,,,,,,,,0.02661764807999134,,,,,,,,,
29,,,139659,,,,,,,,,,0.021810969337821007,,,,,,,,,
29,,,139679,,,,,,,,,,0.0002457537339068949,,,,,,,,,
29,,,139699,,,,,,,,,,9.922354365698993e-05,,,,,,,,,
29,,,139719,,,,,,,,,,9.691668674349785e-05,,,,,,,,,
29,,,139739,,,,,,,,,,0.08432305604219437,,,,,,,,,
29,,,139759,,,,,,,,,,0.0002086096938000992,,,,,,,,,
29,,,139779,,,,,,,,,,0.0006639987695962191,,,,,,,,,
29,,,139799,,,,,,,,,,0.10793587565422058,,,,,,,,,
29,,,139819,,,,,,,,,,0.0001877074973890558,,,,,,,,,
29,,,139839,,,,,,,,,,0.03573596104979515,,,,,,,,,
29,,,139859,,,,,,,,,,0.0004614538629539311,,,,,,,,,
29,,,139879,,,,,,,,,,0.0001637156237848103,,,,,,,,,
29,,,139899,,,,,,,,,,0.03143314644694328,,,,,,,,,
29,,,139919,,,,,,,,,,0.0006088458467274904,,,,,,,,,
29,,,139939,,,,,,,,,,3.533927883836441e-05,,,,,,,,,
29,,,139959,,,,,,,,,,0.0003260886878706515,,,,,,,,,
29,,,139979,,,,,,,,,,0.0002508448378648609,,,,,,,,,
29,,,139999,,,,,,,,,,2.6716650609159842e-05,,,,,,,,,
29,,,140019,,,,,,,,,,0.00011572819494176656,,,,,,,,,
29,,,140039,,,,,,,,,,0.0007143367547541857,,,,,,,,,
29,,,140059,,,,,,,,,,0.031126363202929497,,,,,,,,,
29,,,140079,,,,,,,,,,0.002995561109855771,,,,,,,,,
29,,,140099,,,,,,,,,,0.01320310216397047,,,,,,,,,
29,,,140119,,,,,,,,,,0.03477708250284195,,,,,,,,,
29,,,140139,,,,,,,,,,0.0001340127782896161,,,,,,,,,
29,,,140159,,,,,,,,,,2.3622997105121613e-05,,,,,,,,,
29,,,140179,,,,,,,,,,0.022675422951579094,,,,,,,,,
29,,,140199,,,,,,,,,,6.733694317517802e-05,,,,,,,,,
29,,,140219,,,,,,,,,,0.00011421876843087375,,,,,,,,,
29,,,140239,,,,,,,,,,0.02415481209754944,,,,,,,,,
29,,,140259,,,,,,,,,,0.0005707703530788422,,,,,,,,,
29,,,140279,,,,,,,,,,0.0034990457352250814,,,,,,,,,
29,,,140299,,,,,,,,,,0.00022903156059328467,,,,,,,,,
29,,,140319,,,,,,,,,,0.00013572187162935734,,,,,,,,,
29,,,140339,,,,,,,,,,0.0772748738527298,,,,,,,,,
29,,,140359,,,,,,,,,,0.08943890035152435,,,,,,,,,
29,,,140379,,,,,,,,,,0.0007891507120802999,,,,,,,,,
29,,,140399,,,,,,,,,,0.04677644371986389,,,,,,,,,
29,,,140419,,,,,,,,,,0.002537224907428026,,,,,,,,,
29,,,140439,,,,,,,,,,0.00015702375094406307,,,,,,,,,
29,,,140459,,,,,,,,,,0.0014899601228535175,,,,,,,,,
29,,,140479,,,,,,,,,,0.0002473904169164598,,,,,,,,,
29,,,140499,,,,,,,,,,0.000832887424621731,,,,,,,,,
29,,,140519,,,,,,,,,,0.00021912068768870085,,,,,,,,,
29,,,140539,,,,,,,,,,0.0003756019868887961,,,,,,,,,
29,,,140559,,,,,,,,,,9.080121526494622e-05,,,,,,,,,
29,,,140579,,,,,,,,,,0.03423840552568436,,,,,,,,,
29,,,140599,,,,,,,,,,0.004777245689183474,,,,,,,,,
29,,,140619,,,,,,,,,,0.03576391190290451,,,,,,,,,
29,,,140639,,,,,,,,,,0.016456693410873413,,,,,,,,,
29,,,140659,,,,,,,,,,0.00679738400503993,,,,,,,,,
29,,,140679,,,,,,,,,,7.358638686127961e-05,,,,,,,,,
29,,,140699,,,,,,,,,,0.00013971998123452067,,,,,,,,,
29,,,140719,,,,,,,,,,0.022763041779398918,,,,,,,,,
29,,,140739,,,,,,,,,,0.1767636090517044,,,,,,,,,
29,,,140759,,,,,,,,,,8.156032708939165e-05,,,,,,,,,
29,,,140779,,,,,,,,,,0.00010471029963809997,,,,,,,,,
29,,,140799,,,,,,,,,,0.09929880499839783,,,,,,,,,
29,,,140819,,,,,,,,,,0.03905676305294037,,,,,,,,,
29,,,140839,,,,,,,,,,0.0016670855693519115,,,,,,,,,
29,,,140859,,,,,,,,,,0.032321833074092865,,,,,,,,,
29,,,140879,,,,,,,,,,0.04652046784758568,,,,,,,,,
29,,,140899,,,,,,,,,,0.003700247500091791,,,,,,,,,
29,,,140919,,,,,,,,,,0.009260677732527256,,,,,,,,,
29,,,140939,,,,,,,,,,3.490312155918218e-05,,,,,,,,,
29,,,140959,,,,,,,,,,0.00010026116797234863,,,,,,,,,
29,,,140979,,,,,,,,,,0.00014873314648866653,,,,,,,,,
29,,,140999,,,,,,,,,,0.5230627655982971,,,,,,,,,
29,,,141019,,,,,,,,,,0.00033543375320732594,,,,,,,,,
29,,,141039,,,,,,,,,,0.00012252567103132606,,,,,,,,,
29,,,141059,,,,,,,,,,0.00030069067724980414,,,,,,,,,
29,,,141079,,,,,,,,,,0.022783862426877022,,,,,,,,,
29,,,141099,,,,,,,,,,0.03461725264787674,,,,,,,,,
29,,,141119,,,,,,,,,,0.00033646897645667195,,,,,,,,,
29,,,141139,,,,,,,,,,6.827923789387569e-05,,,,,,,,,
29,,,141159,,,,,,,,,,0.0028623950202018023,,,,,,,,,
29,,,141179,,,,,,,,,,0.005671674385666847,,,,,,,,,
29,,,141199,,,,,,,,,,0.01932934671640396,,,,,,,,,
29,,,141219,,,,,,,,,,0.0014668473741039634,,,,,,,,,
29,,,141239,,,,,,,,,,0.015040555968880653,,,,,,,,,
29,,,141259,,,,,,,,,,0.0010044681839644909,,,,,,,,,
29,,,141279,,,,,,,,,,0.07825642079114914,,,,,,,,,
29,,,141299,,,,,,,,,,0.0001421422348357737,,,,,,,,,
29,,,141319,,,,,,,,,,0.003814909141510725,,,,,,,,,
29,,,141339,,,,,,,,,,0.002592389704659581,,,,,,,,,
29,,,141359,,,,,,,,,,0.0004876601742580533,,,,,,,,,
29,,,141379,,,,,,,,,,0.0007642973214387894,,,,,,,,,
29,,,141399,,,,,,,,,,0.04577844962477684,,,,,,,,,
29,,,141419,,,,,,,,,,6.74704133416526e-05,,,,,,,,,
29,,,141439,,,,,,,,,,0.0003378198016434908,,,,,,,,,
29,,,141459,,,,,,,,,,0.02222210355103016,,,,,,,,,
29,,,141479,,,,,,,,,,0.001491448376327753,,,,,,,,,
29,,,141499,,,,,,,,,,0.01959293894469738,,,,,,,,,
29,,,141519,,,,,,,,,,0.0006682509556412697,,,,,,,,,
29,,,141539,,,,,,,,,,0.015918593853712082,,,,,,,,,
29,,,141559,,,,,,,,,,0.04254215955734253,,,,,,,,,
29,,,141579,,,,,,,,,,0.0332648791372776,,,,,,,,,
29,,,141599,,,,,,,,,,0.003004928817972541,,,,,,,,,
29,,,141619,,,,,,,,,,0.00012009356578346342,,,,,,,,,
29,,,141639,,,,,,,,,,0.041522227227687836,,,,,,,,,
29,,,141659,,,,,,,,,,0.002343221800401807,,,,,,,,,
29,,,141679,,,,,,,,,,0.00026184547459706664,,,,,,,,,
29,,,141699,,,,,,,,,,0.055649254471063614,,,,,,,,,
29,,,141719,,,,,,,,,,7.17843504389748e-05,,,,,,,,,
29,,,141739,,,,,,,,,,0.00017826133989728987,,,,,,,,,
29,,,141759,,,,,,,,,,4.709166751126759e-05,,,,,,,,,
29,,,141779,,,,,,,,,,0.033311814069747925,,,,,,,,,
29,,,141799,,,,,,,,,,0.049198951572179794,,,,,,,,,
29,,,141819,,,,,,,,,,3.0380082534975372e-05,,,,,,,,,
29,,,141839,,,,,,,,,,0.033705390989780426,,,,,,,,,
29,,,141859,,,,,,,,,,0.0587201863527298,,,,,,,,,
29,,,141879,,,,,,,,,,0.10122263431549072,,,,,,,,,
29,,,141899,,,,,,,,,,0.18706969916820526,,,,,,,,,
29,,,141919,,,,,,,,,,0.000129445776110515,,,,,,,,,
29,,,141939,,,,,,,,,,0.00010486265819054097,,,,,,,,,
29,,,141959,,,,,,,,,,0.04489253833889961,,,,,,,,,
29,,,141979,,,,,,,,,,0.00046165892854332924,,,,,,,,,
29,,,141999,,,,,,,,,,0.12756185233592987,,,,,,,,,
29,,,142019,,,,,,,,,,0.03881063312292099,,,,,,,,,
29,,,142039,,,,,,,,,,0.0005324017256498337,,,,,,,,,
29,,,142059,,,,,,,,,,0.002806008793413639,,,,,,,,,
29,,,142079,,,,,,,,,,5.7352248404640704e-05,,,,,,,,,
29,,,142099,,,,,,,,,,0.00860194768756628,,,,,,,,,
29,,,142119,,,,,,,,,,0.0001762726460583508,,,,,,,,,
29,,,142139,,,,,,,,,,0.00011940700642298907,,,,,,,,,
29,,,142159,,,,,,,,,,0.02388647198677063,,,,,,,,,
29,,,142179,,,,,,,,,,0.0024757874198257923,,,,,,,,,
29,,,142199,,,,,,,,,,0.0002650596434250474,,,,,,,,,
29,,,142219,,,,,,,,,,8.087192691164091e-05,,,,,,,,,
29,,,142239,,,,,,,,,,0.008360167033970356,,,,,,,,,
29,,,142259,,,,,,,,,,0.0026220018044114113,,,,,,,,,
29,,,142279,,,,,,,,,,4.240755151840858e-05,,,,,,,,,
29,,,142299,,,,,,,,,,1.2277655514481012e-05,,,,,,,,,
29,,,142319,,,,,,,,,,0.023792818188667297,,,,,,,,,
29,,,142339,,,,,,,,,,0.0006339610554277897,,,,,,,,,
29,,,142359,,,,,,,,,,4.111081580049358e-05,,,,,,,,,
29,,,142379,,,,,,,,,,0.000503316055983305,,,,,,,,,
29,,,142399,,,,,,,,,,0.020390765741467476,,,,,,,,,
29,,,142419,,,,,,,,,,0.04161524772644043,,,,,,,,,
29,,,142439,,,,,,,,,,0.0063591389916837215,,,,,,,,,
29,,,142459,,,,,,,,,,0.02745066210627556,,,,,,,,,
29,,,142479,,,,,,,,,,2.69223892246373e-05,,,,,,,,,
29,,,142499,,,,,,,,,,5.549961861106567e-05,,,,,,,,,
29,,,142519,,,,,,,,,,0.025364074856042862,,,,,,,,,
29,,,142539,,,,,,,,,,0.00010764298349386081,,,,,,,,,
29,,,142559,,,,,,,,,,0.03937424346804619,,,,,,,,,
29,,,142579,,,,,,,,,,0.043379154056310654,,,,,,,,,
29,,,142599,,,,,,,,,,0.0007650807965546846,,,,,,,,,
29,,,142619,,,,,,,,,,2.003068402700592e-05,,,,,,,,,
29,,,142639,,,,,,,,,,0.0008537964895367622,,,,,,,,,
29,,,142659,,,,,,,,,,2.7481752113089897e-05,,,,,,,,,
29,,,142679,,,,,,,,,,0.007745132781565189,,,,,,,,,
29,,,142699,,,,,,,,,,0.07106641680002213,,,,,,,,,
29,,,142719,,,,,,,,,,0.00021585372451227158,,,,,,,,,
29,,,142739,,,,,,,,,,0.03742891550064087,,,,,,,,,
29,,,142759,,,,,,,,,,0.0009483305038884282,,,,,,,,,
29,,,142779,,,,,,,,,,0.02245977520942688,,,,,,,,,
29,,,142799,,,,,,,,,,0.00028689304599538445,,,,,,,,,
29,,,142819,,,,,,,,,,8.248143421951681e-05,,,,,,,,,
29,,,142839,,,,,,,,,,0.0005116761894896626,,,,,,,,,
29,,,142859,,,,,,,,,,6.230010330909863e-05,,,,,,,,,
29,,,142879,,,,,,,,,,0.19244202971458435,,,,,,,,,
29,,,142899,,,,,,,,,,0.2450544536113739,,,,,,,,,
29,,,142919,,,,,,,,,,0.057985417544841766,,,,,,,,,
29,,,142939,,,,,,,,,,4.1273280658060685e-05,,,,,,,,,
29,,,142959,,,,,,,,,,0.012522987090051174,,,,,,,,,
29,,,142979,,,,,,,,,,0.0019264097791165113,,,,,,,,,
29,,,142999,,,,,,,,,,0.002215045038610697,,,,,,,,,
29,,,143019,,,,,,,,,,9.480063454248011e-05,,,,,,,,,
29,,,143039,,,,,,,,,,0.00036994702531956136,,,,,,,,,
29,,,143059,,,,,,,,,,0.061108946800231934,,,,,,,,,
29,,,143079,,,,,,,,,,0.0002944665611721575,,,,,,,,,
29,,,143099,,,,,,,,,,0.0027258743066340685,,,,,,,,,
29,,,143119,,,,,,,,,,0.00017760130867827684,,,,,,,,,
29,,,143139,,,,,,,,,,0.0002678949967958033,,,,,,,,,
29,,,143159,,,,,,,,,,0.005557504016906023,,,,,,,,,
29,,,143179,,,,,,,,,,0.00010599054803606123,,,,,,,,,
29,,,143189,,,,,,,,,,,0.6868029236793518,0.8284874558448792,0.7279959917068481,7.53113317489624,0.8092725276947021,0.4807206988334656,0.6875800490379333,0.930965006351471,0.6868029236793518
29,,,143189,,,,,,,,0.9897111654281616,0.026634538546204567,,,,,,,,,,
,6.66644650470597e-05,6.66644650470597e-05,143190,,,,,,,,,,,,,,,,,,,
30,,,143199,,,,,,,,,,0.05327681824564934,,,,,,,,,
30,,,143219,,,,,,,,,,0.0007586387218907475,,,,,,,,,
30,,,143239,,,,,,,,,,0.00082344317343086,,,,,,,,,
30,,,143259,,,,,,,,,,0.0022476143203675747,,,,,,,,,
30,,,143279,,,,,,,,,,0.07078711688518524,,,,,,,,,
30,,,143299,,,,,,,,,,0.0021518750581890345,,,,,,,,,
30,,,143319,,,,,,,,,,0.06183687224984169,,,,,,,,,
30,,,143339,,,,,,,,,,0.001832824433222413,,,,,,,,,
30,,,143359,,,,,,,,,,0.08258140087127686,,,,,,,,,
30,,,143379,,,,,,,,,,0.01723644882440567,,,,,,,,,
30,,,143399,,,,,,,,,,9.379064431414008e-05,,,,,,,,,
30,,,143419,,,,,,,,,,0.0009923630859702826,,,,,,,,,
30,,,143439,,,,,,,,,,0.00019310374045744538,,,,,,,,,
30,,,143459,,,,,,,,,,5.062621858087368e-05,,,,,,,,,
30,,,143479,,,,,,,,,,5.7608205679571256e-05,,,,,,,,,
30,,,143499,,,,,,,,,,0.00043576440657489,,,,,,,,,
30,,,143519,,,,,,,,,,0.00033876486122608185,,,,,,,,,
30,,,143539,,,,,,,,,,0.08593442291021347,,,,,,,,,
30,,,143559,,,,,,,,,,0.47318774461746216,,,,,,,,,
30,,,143579,,,,,,,,,,0.1368686854839325,,,,,,,,,
30,,,143599,,,,,,,,,,0.002767881378531456,,,,,,,,,
30,,,143619,,,,,,,,,,0.01824197731912136,,,,,,,,,
30,,,143639,,,,,,,,,,0.004226882942020893,,,,,,,,,
30,,,143659,,,,,,,,,,0.0016306336037814617,,,,,,,,,
30,,,143679,,,,,,,,,,0.0009270778391510248,,,,,,,,,
30,,,143699,,,,,,,,,,0.000767458463087678,,,,,,,,,
30,,,143719,,,,,,,,,,0.0012562028132379055,,,,,,,,,
30,,,143739,,,,,,,,,,0.00016334382235072553,,,,,,,,,
30,,,143759,,,,,,,,,,0.00010890333214774728,,,,,,,,,
30,,,143779,,,,,,,,,,1.892506770673208e-05,,,,,,,,,
30,,,143799,,,,,,,,,,3.4156342735514045e-05,,,,,,,,,
30,,,143819,,,,,,,,,,0.05986976623535156,,,,,,,,,
30,,,143839,,,,,,,,,,8.305374649353325e-05,,,,,,,,,
30,,,143859,,,,,,,,,,0.02521229162812233,,,,,,,,,
30,,,143879,,,,,,,,,,0.08564139157533646,,,,,,,,,
30,,,143899,,,,,,,,,,0.03224765881896019,,,,,,,,,
30,,,143919,,,,,,,,,,0.004086360335350037,,,,,,,,,
30,,,143939,,,,,,,,,,0.00036076217656955123,,,,,,,,,
30,,,143959,,,,,,,,,,0.0278773233294487,,,,,,,,,
30,,,143979,,,,,,,,,,0.0010258834809064865,,,,,,,,,
30,,,143999,,,,,,,,,,0.015646982938051224,,,,,,,,,
30,,,144019,,,,,,,,,,0.009837537072598934,,,,,,,,,
30,,,144039,,,,,,,,,,0.0005167360650375485,,,,,,,,,
30,,,144059,,,,,,,,,,3.668835779535584e-05,,,,,,,,,
30,,,144079,,,,,,,,,,1.4879990885674488e-05,,,,,,,,,
30,,,144099,,,,,,,,,,0.0001193549542222172,,,,,,,,,
30,,,144119,,,,,,,,,,0.001522889593616128,,,,,,,,,
30,,,144139,,,,,,,,,,3.255024057580158e-05,,,,,,,,,
30,,,144159,,,,,,,,,,0.0012222493533045053,,,,,,,,,
30,,,144179,,,,,,,,,,0.0653335303068161,,,,,,,,,
30,,,144199,,,,,,,,,,7.969661965034902e-05,,,,,,,,,
30,,,144219,,,,,,,,,,0.03670964762568474,,,,,,,,,
30,,,144239,,,,,,,,,,6.675585609627888e-05,,,,,,,,,
30,,,144259,,,,,,,,,,0.032262347638607025,,,,,,,,,
30,,,144279,,,,,,,,,,0.00972213689237833,,,,,,,,,
30,,,144299,,,,,,,,,,0.07679402083158493,,,,,,,,,
30,,,144319,,,,,,,,,,0.011699870228767395,,,,,,,,,
30,,,144339,,,,,,,,,,0.03567703813314438,,,,,,,,,
30,,,144359,,,,,,,,,,0.023813705891370773,,,,,,,,,
30,,,144379,,,,,,,,,,9.470134682487696e-05,,,,,,,,,
30,,,144399,,,,,,,,,,0.0013082610676065087,,,,,,,,,
30,,,144419,,,,,,,,,,0.00025088374968618155,,,,,,,,,
30,,,144439,,,,,,,,,,0.0029605920426547527,,,,,,,,,
30,,,144459,,,,,,,,,,0.06338832527399063,,,,,,,,,
30,,,144479,,,,,,,,,,0.00024742988171055913,,,,,,,,,
30,,,144499,,,,,,,,,,0.0015567109221592546,,,,,,,,,
30,,,144519,,,,,,,,,,6.722146645188332e-05,,,,,,,,,
30,,,144539,,,,,,,,,,0.001534610753878951,,,,,,,,,
30,,,144559,,,,,,,,,,2.4923885575844906e-05,,,,,,,,,
30,,,144579,,,,,,,,,,0.21231848001480103,,,,,,,,,
30,,,144599,,,,,,,,,,5.180084554012865e-05,,,,,,,,,
30,,,144619,,,,,,,,,,0.02482239343225956,,,,,,,,,
30,,,144639,,,,,,,,,,0.00011854084732476622,,,,,,,,,
30,,,144659,,,,,,,,,,3.2889129215618595e-05,,,,,,,,,
30,,,144679,,,,,,,,,,0.04095032811164856,,,,,,,,,
30,,,144699,,,,,,,,,,0.00030934205278754234,,,,,,,,,
30,,,144719,,,,,,,,,,0.04391544684767723,,,,,,,,,
30,,,144739,,,,,,,,,,0.013407955877482891,,,,,,,,,
30,,,144759,,,,,,,,,,0.0012482106685638428,,,,,,,,,
30,,,144779,,,,,,,,,,1.1348963975906372,,,,,,,,,
30,,,144799,,,,,,,,,,8.044539572438225e-05,,,,,,,,,
30,,,144819,,,,,,,,,,0.33027681708335876,,,,,,,,,
30,,,144839,,,,,,,,,,0.0003399536944925785,,,,,,,,,
30,,,144859,,,,,,,,,,0.032194823026657104,,,,,,,,,
30,,,144879,,,,,,,,,,8.571457874495536e-05,,,,,,,,,
30,,,144899,,,,,,,,,,0.003835963550955057,,,,,,,,,
30,,,144919,,,,,,,,,,0.0046111904084682465,,,,,,,,,
30,,,144939,,,,,,,,,,0.02003498561680317,,,,,,,,,
30,,,144959,,,,,,,,,,0.04324619099497795,,,,,,,,,
30,,,144979,,,,,,,,,,0.00042159127769991755,,,,,,,,,
30,,,144999,,,,,,,,,,0.038344405591487885,,,,,,,,,
30,,,145019,,,,,,,,,,0.00017328000103589147,,,,,,,,,
30,,,145039,,,,,,,,,,0.11746799200773239,,,,,,,,,
30,,,145059,,,,,,,,,,0.0030514136888086796,,,,,,,,,
30,,,145079,,,,,,,,,,8.174131653504446e-05,,,,,,,,,
30,,,145099,,,,,,,,,,0.05365584045648575,,,,,,,,,
30,,,145119,,,,,,,,,,0.09740447998046875,,,,,,,,,
30,,,145139,,,,,,,,,,0.03606189414858818,,,,,,,,,
30,,,145159,,,,,,,,,,9.772939665708691e-05,,,,,,,,,
30,,,145179,,,,,,,,,,0.009089535102248192,,,,,,,,,
30,,,145199,,,,,,,,,,0.0014085143338888884,,,,,,,,,
30,,,145219,,,,,,,,,,0.045544590801000595,,,,,,,,,
30,,,145239,,,,,,,,,,0.1242058202624321,,,,,,,,,
30,,,145259,,,,,,,,,,9.422091534361243e-05,,,,,,,,,
30,,,145279,,,,,,,,,,0.051732137799263,,,,,,,,,
30,,,145299,,,,,,,,,,0.002001474378630519,,,,,,,,,
30,,,145319,,,,,,,,,,0.0009521734900772572,,,,,,,,,
30,,,145339,,,,,,,,,,0.040207523852586746,,,,,,,,,
30,,,145359,,,,,,,,,,0.06770684570074081,,,,,,,,,
30,,,145379,,,,,,,,,,0.00042378611396998167,,,,,,,,,
30,,,145399,,,,,,,,,,4.856237501371652e-05,,,,,,,,,
30,,,145419,,,,,,,,,,0.00022318473202176392,,,,,,,,,
30,,,145439,,,,,,,,,,0.0010785581544041634,,,,,,,,,
30,,,145459,,,,,,,,,,0.0739787220954895,,,,,,,,,
30,,,145479,,,,,,,,,,0.013566154055297375,,,,,,,,,
30,,,145499,,,,,,,,,,0.00010691859642975032,,,,,,,,,
30,,,145519,,,,,,,,,,0.0006590354023501277,,,,,,,,,
30,,,145539,,,,,,,,,,0.0006947007495909929,,,,,,,,,
30,,,145559,,,,,,,,,,0.004938067868351936,,,,,,,,,
30,,,145579,,,,,,,,,,0.0001383151684422046,,,,,,,,,
30,,,145599,,,,,,,,,,0.0006914515979588032,,,,,,,,,
30,,,145619,,,,,,,,,,0.0010202089324593544,,,,,,,,,
30,,,145639,,,,,,,,,,3.618242044467479e-05,,,,,,,,,
30,,,145659,,,,,,,,,,0.2290622442960739,,,,,,,,,
30,,,145679,,,,,,,,,,0.054729972034692764,,,,,,,,,
30,,,145699,,,,,,,,,,0.05334837734699249,,,,,,,,,
30,,,145719,,,,,,,,,,0.0001356511056656018,,,,,,,,,
30,,,145739,,,,,,,,,,0.0012189769186079502,,,,,,,,,
30,,,145759,,,,,,,,,,0.00010989212023559958,,,,,,,,,
30,,,145779,,,,,,,,,,0.03971334174275398,,,,,,,,,
30,,,145799,,,,,,,,,,0.0016231539193540812,,,,,,,,,
30,,,145819,,,,,,,,,,6.32298833806999e-05,,,,,,,,,
30,,,145839,,,,,,,,,,0.05335327610373497,,,,,,,,,
30,,,145859,,,,,,,,,,0.0014807122061029077,,,,,,,,,
30,,,145879,,,,,,,,,,0.00013760928413830698,,,,,,,,,
30,,,145899,,,,,,,,,,5.6396333093289286e-05,,,,,,,,,
30,,,145919,,,,,,,,,,0.001105344039388001,,,,,,,,,
30,,,145939,,,,,,,,,,0.0003705188282765448,,,,,,,,,
30,,,145959,,,,,,,,,,0.10100416839122772,,,,,,,,,
30,,,145979,,,,,,,,,,8.532878564437851e-05,,,,,,,,,
30,,,145999,,,,,,,,,,0.009080818854272366,,,,,,,,,
30,,,146019,,,,,,,,,,0.020147977396845818,,,,,,,,,
30,,,146039,,,,,,,,,,0.02278093993663788,,,,,,,,,
30,,,146059,,,,,,,,,,0.027864960953593254,,,,,,,,,
30,,,146079,,,,,,,,,,8.340815838892013e-05,,,,,,,,,
30,,,146099,,,,,,,,,,0.0007176449289545417,,,,,,,,,
30,,,146119,,,,,,,,,,0.039642296731472015,,,,,,,,,
30,,,146139,,,,,,,,,,0.027042889967560768,,,,,,,,,
30,,,146159,,,,,,,,,,7.404471398331225e-05,,,,,,,,,
30,,,146179,,,,,,,,,,0.0017914604395627975,,,,,,,,,
30,,,146199,,,,,,,,,,0.0006846524775028229,,,,,,,,,
30,,,146219,,,,,,,,,,0.017660142853856087,,,,,,,,,
30,,,146239,,,,,,,,,,0.00014457950601354241,,,,,,,,,
30,,,146259,,,,,,,,,,0.0010635433718562126,,,,,,,,,
30,,,146279,,,,,,,,,,0.0003502366307657212,,,,,,,,,
30,,,146299,,,,,,,,,,7.846133667044342e-05,,,,,,,,,
30,,,146319,,,,,,,,,,0.00015175779117271304,,,,,,,,,
30,,,146339,,,,,,,,,,1.8929122234112583e-05,,,,,,,,,
30,,,146359,,,,,,,,,,0.0021371403709053993,,,,,,,,,
30,,,146379,,,,,,,,,,0.00020348132238723338,,,,,,,,,
30,,,146399,,,,,,,,,,3.83677106583491e-05,,,,,,,,,
30,,,146419,,,,,,,,,,5.0948860007338226e-05,,,,,,,,,
30,,,146439,,,,,,,,,,0.06195822358131409,,,,,,,,,
30,,,146459,,,,,,,,,,8.12189100543037e-05,,,,,,,,,
30,,,146479,,,,,,,,,,0.034330740571022034,,,,,,,,,
30,,,146499,,,,,,,,,,0.025798918679356575,,,,,,,,,
30,,,146519,,,,,,,,,,0.060899410396814346,,,,,,,,,
30,,,146539,,,,,,,,,,0.029822055250406265,,,,,,,,,
30,,,146559,,,,,,,,,,1.0284740710631013e-05,,,,,,,,,
30,,,146579,,,,,,,,,,0.0004672030918300152,,,,,,,,,
30,,,146599,,,,,,,,,,0.010270574130117893,,,,,,,,,
30,,,146619,,,,,,,,,,0.001099213259294629,,,,,,,,,
30,,,146639,,,,,,,,,,5.276716547086835e-05,,,,,,,,,
30,,,146659,,,,,,,,,,0.00013546312402468175,,,,,,,,,
30,,,146679,,,,,,,,,,0.047129761427640915,,,,,,,,,
30,,,146699,,,,,,,,,,0.056286901235580444,,,,,,,,,
30,,,146719,,,,,,,,,,4.533373430604115e-05,,,,,,,,,
30,,,146739,,,,,,,,,,0.006547264289110899,,,,,,,,,
30,,,146759,,,,,,,,,,0.021230194717645645,,,,,,,,,
30,,,146779,,,,,,,,,,0.019209351390600204,,,,,,,,,
30,,,146799,,,,,,,,,,2.908927490352653e-05,,,,,,,,,
30,,,146819,,,,,,,,,,0.0021009347401559353,,,,,,,,,
30,,,146839,,,,,,,,,,0.0005039499956183136,,,,,,,,,
30,,,146859,,,,,,,,,,1.506319131294731e-05,,,,,,,,,
30,,,146879,,,,,,,,,,0.00011745659139705822,,,,,,,,,
30,,,146899,,,,,,,,,,0.00010521727381274104,,,,,,,,,
30,,,146919,,,,,,,,,,0.038870323449373245,,,,,,,,,
30,,,146939,,,,,,,,,,0.029492933303117752,,,,,,,,,
30,,,146959,,,,,,,,,,0.04780308157205582,,,,,,,,,
30,,,146979,,,,,,,,,,6.391044735210016e-05,,,,,,,,,
30,,,146999,,,,,,,,,,0.00031385652255266905,,,,,,,,,
30,,,147019,,,,,,,,,,0.049606144428253174,,,,,,,,,
30,,,147039,,,,,,,,,,0.04664209112524986,,,,,,,,,
30,,,147059,,,,,,,,,,0.0284316074103117,,,,,,,,,
30,,,147079,,,,,,,,,,0.0012614806182682514,,,,,,,,,
30,,,147099,,,,,,,,,,0.00014880855451337993,,,,,,,,,
30,,,147119,,,,,,,,,,0.00025101835490204394,,,,,,,,,
30,,,147139,,,,,,,,,,0.031112778931856155,,,,,,,,,
30,,,147159,,,,,,,,,,0.02029394544661045,,,,,,,,,
30,,,147179,,,,,,,,,,0.0004550662124529481,,,,,,,,,
30,,,147199,,,,,,,,,,0.00045477907406166196,,,,,,,,,
30,,,147219,,,,,,,,,,0.07230157405138016,,,,,,,,,
30,,,147239,,,,,,,,,,0.0035216407850384712,,,,,,,,,
30,,,147259,,,,,,,,,,0.0020962064154446125,,,,,,,,,
30,,,147279,,,,,,,,,,0.00010551816376391798,,,,,,,,,
30,,,147299,,,,,,,,,,0.001011960208415985,,,,,,,,,
30,,,147319,,,,,,,,,,0.0001430951670045033,,,,,,,,,
30,,,147339,,,,,,,,,,0.0014383773086592555,,,,,,,,,
30,,,147359,,,,,,,,,,0.028584381565451622,,,,,,,,,
30,,,147379,,,,,,,,,,0.0006152749992907047,,,,,,,,,
30,,,147399,,,,,,,,,,0.8597124814987183,,,,,,,,,
30,,,147419,,,,,,,,,,0.0021535204723477364,,,,,,,,,
30,,,147439,,,,,,,,,,0.0014123122673481703,,,,,,,,,
30,,,147459,,,,,,,,,,0.04967908933758736,,,,,,,,,
30,,,147479,,,,,,,,,,0.0002093101356877014,,,,,,,,,
30,,,147499,,,,,,,,,,0.02803622931241989,,,,,,,,,
30,,,147519,,,,,,,,,,0.0013007506495341659,,,,,,,,,
30,,,147539,,,,,,,,,,0.04521315544843674,,,,,,,,,
30,,,147559,,,,,,,,,,0.00016738654812797904,,,,,,,,,
30,,,147579,,,,,,,,,,0.2485545575618744,,,,,,,,,
30,,,147599,,,,,,,,,,4.2830328311538324e-05,,,,,,,,,
30,,,147619,,,,,,,,,,1.2152060662629083e-05,,,,,,,,,
30,,,147639,,,,,,,,,,6.095540084061213e-05,,,,,,,,,
30,,,147659,,,,,,,,,,0.007024039514362812,,,,,,,,,
30,,,147679,,,,,,,,,,0.05529782921075821,,,,,,,,,
30,,,147699,,,,,,,,,,0.00039896246744319797,,,,,,,,,
30,,,147719,,,,,,,,,,0.08951597660779953,,,,,,,,,
30,,,147739,,,,,,,,,,0.0001952398451976478,,,,,,,,,
30,,,147759,,,,,,,,,,0.08056550472974777,,,,,,,,,
30,,,147779,,,,,,,,,,0.04595976695418358,,,,,,,,,
30,,,147799,,,,,,,,,,5.894001878914423e-05,,,,,,,,,
30,,,147819,,,,,,,,,,0.0008388170972466469,,,,,,,,,
30,,,147839,,,,,,,,,,0.00020521102123893797,,,,,,,,,
30,,,147859,,,,,,,,,,0.03936135396361351,,,,,,,,,
30,,,147879,,,,,,,,,,0.005123763345181942,,,,,,,,,
30,,,147899,,,,,,,,,,2.550695717218332e-05,,,,,,,,,
30,,,147919,,,,,,,,,,4.526633802015567e-06,,,,,,,,,
30,,,147939,,,,,,,,,,0.04043646529316902,,,,,,,,,
30,,,147959,,,,,,,,,,0.0012787351151928306,,,,,,,,,
30,,,147962,,,,,,,,,,,0.640932023525238,0.7996358275413513,0.6740327477455139,7.5513691902160645,0.7469769716262817,0.37313294410705566,0.5724489688873291,0.9215050339698792,0.640932023525238
30,,,147962,,,,,,,,0.9883917570114136,0.029398472979664803,,,,,,,,,,
,5.4841007375453186e-05,5.4841007375453186e-05,147963,,,,,,,,,,,,,,,,,,,
31,,,147979,,,,,,,,,,0.00014593361993320286,,,,,,,,,
31,,,147999,,,,,,,,,,0.011498283594846725,,,,,,,,,
31,,,148019,,,,,,,,,,0.02268289588391781,,,,,,,,,
31,,,148039,,,,,,,,,,0.23942391574382782,,,,,,,,,
31,,,148059,,,,,,,,,,0.00012601478374563158,,,,,,,,,
31,,,148079,,,,,,,,,,0.05157899856567383,,,,,,,,,
31,,,148099,,,,,,,,,,0.010386165231466293,,,,,,,,,
31,,,148119,,,,,,,,,,0.00016464281361550093,,,,,,,,,
31,,,148139,,,,,,,,,,4.549754521576688e-05,,,,,,,,,
31,,,148159,,,,,,,,,,0.025546524673700333,,,,,,,,,
31,,,148179,,,,,,,,,,0.0002441024116706103,,,,,,,,,
31,,,148199,,,,,,,,,,0.005334552377462387,,,,,,,,,
31,,,148219,,,,,,,,,,0.0012170220725238323,,,,,,,,,
31,,,148239,,,,,,,,,,0.0005248439265415072,,,,,,,,,
31,,,148259,,,,,,,,,,0.00011556529352674261,,,,,,,,,
31,,,148279,,,,,,,,,,0.002661005361005664,,,,,,,,,
31,,,148299,,,,,,,,,,0.0017336448654532433,,,,,,,,,
31,,,148319,,,,,,,,,,0.14450187981128693,,,,,,,,,
31,,,148339,,,,,,,,,,0.00034412884269841015,,,,,,,,,
31,,,148359,,,,,,,,,,0.04784427583217621,,,,,,,,,
31,,,148379,,,,,,,,,,0.0006918510189279914,,,,,,,,,
31,,,148399,,,,,,,,,,0.09376233071088791,,,,,,,,,
31,,,148419,,,,,,,,,,0.041003596037626266,,,,,,,,,
31,,,148439,,,,,,,,,,0.0014739588368684053,,,,,,,,,
31,,,148459,,,,,,,,,,0.05809357017278671,,,,,,,,,
31,,,148479,,,,,,,,,,0.026627786457538605,,,,,,,,,
31,,,148499,,,,,,,,,,0.0003927473444491625,,,,,,,,,
31,,,148519,,,,,,,,,,0.022586388513445854,,,,,,,,,
31,,,148539,,,,,,,,,,0.04696217551827431,,,,,,,,,
31,,,148559,,,,,,,,,,0.0011592102237045765,,,,,,,,,
31,,,148579,,,,,,,,,,0.13970397412776947,,,,,,,,,
31,,,148599,,,,,,,,,,0.058464452624320984,,,,,,,,,
31,,,148619,,,,,,,,,,0.006529298610985279,,,,,,,,,
31,,,148639,,,,,,,,,,0.0007908123661763966,,,,,,,,,
31,,,148659,,,,,,,,,,0.00030927598709240556,,,,,,,,,
31,,,148679,,,,,,,,,,0.00022353351232595742,,,,,,,,,
31,,,148699,,,,,,,,,,0.09419576823711395,,,,,,,,,
31,,,148719,,,,,,,,,,0.1537545919418335,,,,,,,,,
31,,,148739,,,,,,,,,,0.00031307365861721337,,,,,,,,,
31,,,148759,,,,,,,,,,0.0008385247783735394,,,,,,,,,
31,,,148779,,,,,,,,,,6.979302997933701e-05,,,,,,,,,
31,,,148799,,,,,,,,,,0.0005623229080811143,,,,,,,,,
31,,,148819,,,,,,,,,,1.9388044165680185e-05,,,,,,,,,
31,,,148839,,,,,,,,,,0.00014244760677684098,,,,,,,,,
31,,,148859,,,,,,,,,,0.1441112756729126,,,,,,,,,
31,,,148879,,,,,,,,,,0.002119590761139989,,,,,,,,,
31,,,148899,,,,,,,,,,3.590701817302033e-05,,,,,,,,,
31,,,148919,,,,,,,,,,8.001375681487843e-05,,,,,,,,,
31,,,148939,,,,,,,,,,0.00040851952508091927,,,,,,,,,
31,,,148959,,,,,,,,,,0.0009778991807252169,,,,,,,,,
31,,,148979,,,,,,,,,,0.052248720079660416,,,,,,,,,
31,,,148999,,,,,,,,,,0.0026776615995913744,,,,,,,,,
31,,,149019,,,,,,,,,,0.00032986875157803297,,,,,,,,,
31,,,149039,,,,,,,,,,0.00011057980009354651,,,,,,,,,
31,,,149059,,,,,,,,,,8.32417299534427e-06,,,,,,,,,
31,,,149079,,,,,,,,,,9.742386282596271e-06,,,,,,,,,
31,,,149099,,,,,,,,,,0.0002462111006025225,,,,,,,,,
31,,,149119,,,,,,,,,,0.00043759209802374244,,,,,,,,,
31,,,149139,,,,,,,,,,0.0002746405079960823,,,,,,,,,
31,,,149159,,,,,,,,,,0.00014186472981236875,,,,,,,,,
31,,,149179,,,,,,,,,,0.060428354889154434,,,,,,,,,
31,,,149199,,,,,,,,,,0.005351000465452671,,,,,,,,,
31,,,149219,,,,,,,,,,0.00023796933237463236,,,,,,,,,
31,,,149239,,,,,,,,,,0.00028810283401980996,,,,,,,,,
31,,,149259,,,,,,,,,,3.247320273658261e-05,,,,,,,,,
31,,,149279,,,,,,,,,,0.0005235648131929338,,,,,,,,,
31,,,149299,,,,,,,,,,0.00926345493644476,,,,,,,,,
31,,,149319,,,,,,,,,,0.0005008684238418937,,,,,,,,,
31,,,149339,,,,,,,,,,0.059852197766304016,,,,,,,,,
31,,,149359,,,,,,,,,,0.0017125126905739307,,,,,,,,,
31,,,149379,,,,,,,,,,0.023786164820194244,,,,,,,,,
31,,,149399,,,,,,,,,,0.008484938181936741,,,,,,,,,
31,,,149419,,,,,,,,,,0.004572179634124041,,,,,,,,,
31,,,149439,,,,,,,,,,0.0018636223394423723,,,,,,,,,
31,,,149459,,,,,,,,,,9.99394542304799e-05,,,,,,,,,
31,,,149479,,,,,,,,,,0.024095090106129646,,,,,,,,,
31,,,149499,,,,,,,,,,0.0005208411603234708,,,,,,,,,
31,,,149519,,,,,,,,,,2.128839332726784e-05,,,,,,,,,
31,,,149539,,,,,,,,,,0.03952822834253311,,,,,,,,,
31,,,149559,,,,,,,,,,0.00040240242378786206,,,,,,,,,
31,,,149579,,,,,,,,,,0.0005366390687413514,,,,,,,,,
31,,,149599,,,,,,,,,,0.0025357475969940424,,,,,,,,,
31,,,149619,,,,,,,,,,0.00023410927678924054,,,,,,,,,
31,,,149639,,,,,,,,,,0.11005858331918716,,,,,,,,,
31,,,149659,,,,,,,,,,0.0006433752132579684,,,,,,,,,
31,,,149679,,,,,,,,,,0.0005582342855632305,,,,,,,,,
31,,,149699,,,,,,,,,,0.06267774850130081,,,,,,,,,
31,,,149719,,,,,,,,,,0.059013672173023224,,,,,,,,,
31,,,149739,,,,,,,,,,0.00345130218192935,,,,,,,,,
31,,,149759,,,,,,,,,,2.9578044632216915e-05,,,,,,,,,
31,,,149779,,,,,,,,,,0.060731131583452225,,,,,,,,,
31,,,149799,,,,,,,,,,4.211228952044621e-05,,,,,,,,,
31,,,149819,,,,,,,,,,0.002449654508382082,,,,,,,,,
31,,,149839,,,,,,,,,,0.038544975221157074,,,,,,,,,
31,,,149859,,,,,,,,,,1.3199994100432377e-05,,,,,,,,,
31,,,149879,,,,,,,,,,1.0985847438860219e-05,,,,,,,,,
31,,,149899,,,,,,,,,,0.005098696798086166,,,,,,,,,
31,,,149919,,,,,,,,,,5.871881512575783e-05,,,,,,,,,
31,,,149939,,,,,,,,,,0.00013523537199944258,,,,,,,,,
31,,,149959,,,,,,,,,,0.040864523500204086,,,,,,,,,
31,,,149979,,,,,,,,,,0.0004446061793714762,,,,,,,,,
31,,,149999,,,,,,,,,,5.0561407988425344e-05,,,,,,,,,
31,,,150019,,,,,,,,,,3.66129788744729e-05,,,,,,,,,
31,,,150039,,,,,,,,,,0.0007168878801167011,,,,,,,,,
31,,,150059,,,,,,,,,,2.3179067284218036e-05,,,,,,,,,
31,,,150079,,,,,,,,,,9.130236867349595e-05,,,,,,,,,
31,,,150099,,,,,,,,,,0.007953085005283356,,,,,,,,,
31,,,150119,,,,,,,,,,0.00053799879970029,,,,,,,,,
31,,,150139,,,,,,,,,,0.00011693568376358598,,,,,,,,,
31,,,150159,,,,,,,,,,0.10190200060606003,,,,,,,,,
31,,,150179,,,,,,,,,,0.06782764196395874,,,,,,,,,
31,,,150199,,,,,,,,,,0.2521510422229767,,,,,,,,,
31,,,150219,,,,,,,,,,0.0005304454825818539,,,,,,,,,
31,,,150239,,,,,,,,,,0.07111942768096924,,,,,,,,,
31,,,150259,,,,,,,,,,0.0043763937428593636,,,,,,,,,
31,,,150279,,,,,,,,,,0.00039817066863179207,,,,,,,,,
31,,,150299,,,,,,,,,,0.00013508339179679751,,,,,,,,,
31,,,150319,,,,,,,,,,2.4434501028736122e-05,,,,,,,,,
31,,,150339,,,,,,,,,,0.05157303437590599,,,,,,,,,
31,,,150359,,,,,,,,,,0.0004991916357539594,,,,,,,,,
31,,,150379,,,,,,,,,,0.0009024050086736679,,,,,,,,,
31,,,150399,,,,,,,,,,0.0006928585935384035,,,,,,,,,
31,,,150419,,,,,,,,,,0.002404492814093828,,,,,,,,,
31,,,150439,,,,,,,,,,0.02850399725139141,,,,,,,,,
31,,,150459,,,,,,,,,,0.008451424539089203,,,,,,,,,
31,,,150479,,,,,,,,,,0.0009858636185526848,,,,,,,,,
31,,,150499,,,,,,,,,,8.34777019917965e-05,,,,,,,,,
31,,,150519,,,,,,,,,,3.475126140983775e-05,,,,,,,,,
31,,,150539,,,,,,,,,,0.00020458054495975375,,,,,,,,,
31,,,150559,,,,,,,,,,0.0031000804156064987,,,,,,,,,
31,,,150579,,,,,,,,,,0.03360940143465996,,,,,,,,,
31,,,150599,,,,,,,,,,0.003592264838516712,,,,,,,,,
31,,,150619,,,,,,,,,,0.0001926317490870133,,,,,,,,,
31,,,150639,,,,,,,,,,0.001324355835095048,,,,,,,,,
31,,,150659,,,,,,,,,,0.0002982011646963656,,,,,,,,,
31,,,150679,,,,,,,,,,1.2897014130430762e-05,,,,,,,,,
31,,,150699,,,,,,,,,,0.008540770038962364,,,,,,,,,
31,,,150719,,,,,,,,,,0.10230377316474915,,,,,,,,,
31,,,150739,,,,,,,,,,0.014044638723134995,,,,,,,,,
31,,,150759,,,,,,,,,,0.001627209596335888,,,,,,,,,
31,,,150779,,,,,,,,,,0.0011410379083827138,,,,,,,,,
31,,,150799,,,,,,,,,,0.02865891344845295,,,,,,,,,
31,,,150819,,,,,,,,,,0.00011914712376892567,,,,,,,,,
31,,,150839,,,,,,,,,,0.009122205898165703,,,,,,,,,
31,,,150859,,,,,,,,,,0.039296653121709824,,,,,,,,,
31,,,150879,,,,,,,,,,0.044187553226947784,,,,,,,,,
31,,,150899,,,,,,,,,,0.05727875605225563,,,,,,,,,
31,,,150919,,,,,,,,,,0.008284923620522022,,,,,,,,,
31,,,150939,,,,,,,,,,0.07166753709316254,,,,,,,,,
31,,,150959,,,,,,,,,,0.0016836219001561403,,,,,,,,,
31,,,150979,,,,,,,,,,0.004435982555150986,,,,,,,,,
31,,,150999,,,,,,,,,,0.035563673824071884,,,,,,,,,
31,,,151019,,,,,,,,,,0.00012986645742785186,,,,,,,,,
31,,,151039,,,,,,,,,,0.0002753809676505625,,,,,,,,,
31,,,151059,,,,,,,,,,0.0031345696188509464,,,,,,,,,
31,,,151079,,,,,,,,,,0.0035724490880966187,,,,,,,,,
31,,,151099,,,,,,,,,,0.00012666139809880406,,,,,,,,,
31,,,151119,,,,,,,,,,0.013368964195251465,,,,,,,,,
31,,,151139,,,,,,,,,,1.91111903404817e-05,,,,,,,,,
31,,,151159,,,,,,,,,,0.035680562257766724,,,,,,,,,
31,,,151179,,,,,,,,,,0.07166146486997604,,,,,,,,,
31,,,151199,,,,,,,,,,0.13101308047771454,,,,,,,,,
31,,,151219,,,,,,,,,,0.0012372912606224418,,,,,,,,,
31,,,151239,,,,,,,,,,0.0813852846622467,,,,,,,,,
31,,,151259,,,,,,,,,,0.03155979514122009,,,,,,,,,
31,,,151279,,,,,,,,,,0.0010003398638218641,,,,,,,,,
31,,,151299,,,,,,,,,,0.0850977897644043,,,,,,,,,
31,,,151319,,,,,,,,,,0.007005101069808006,,,,,,,,,
31,,,151339,,,,,,,,,,0.07244211435317993,,,,,,,,,
31,,,151359,,,,,,,,,,0.001241012243553996,,,,,,,,,
31,,,151379,,,,,,,,,,6.636975740548223e-05,,,,,,,,,
31,,,151399,,,,,,,,,,0.06530818343162537,,,,,,,,,
31,,,151419,,,,,,,,,,0.04158768430352211,,,,,,,,,
31,,,151439,,,,,,,,,,0.0023379414342343807,,,,,,,,,
31,,,151459,,,,,,,,,,0.00013862710329703987,,,,,,,,,
31,,,151479,,,,,,,,,,0.0016048933612182736,,,,,,,,,
31,,,151499,,,,,,,,,,0.02177531085908413,,,,,,,,,
31,,,151519,,,,,,,,,,0.2668822109699249,,,,,,,,,
31,,,151539,,,,,,,,,,0.029381899163126945,,,,,,,,,
31,,,151559,,,,,,,,,,0.0017910073511302471,,,,,,,,,
31,,,151579,,,,,,,,,,0.00010455030860612169,,,,,,,,,
31,,,151599,,,,,,,,,,0.06590733677148819,,,,,,,,,
31,,,151619,,,,,,,,,,0.00010348107025492936,,,,,,,,,
31,,,151639,,,,,,,,,,0.005559663288295269,,,,,,,,,
31,,,151659,,,,,,,,,,0.00010371165262768045,,,,,,,,,
31,,,151679,,,,,,,,,,0.0012546638026833534,,,,,,,,,
31,,,151699,,,,,,,,,,0.00016927465912885964,,,,,,,,,
31,,,151719,,,,,,,,,,3.494254269753583e-05,,,,,,,,,
31,,,151739,,,,,,,,,,0.0025804562028497458,,,,,,,,,
31,,,151759,,,,,,,,,,0.017105014994740486,,,,,,,,,
31,,,151779,,,,,,,,,,0.00019579261424951255,,,,,,,,,
31,,,151799,,,,,,,,,,0.09231860935688019,,,,,,,,,
31,,,151819,,,,,,,,,,9.162500646198168e-05,,,,,,,,,
31,,,151839,,,,,,,,,,0.00010461758938618004,,,,,,,,,
31,,,151859,,,,,,,,,,0.010781928896903992,,,,,,,,,
31,,,151879,,,,,,,,,,0.000638057361356914,,,,,,,,,
31,,,151899,,,,,,,,,,0.0007746162009425461,,,,,,,,,
31,,,151919,,,,,,,,,,0.0006711908499710262,,,,,,,,,
31,,,151939,,,,,,,,,,2.7952287382504437e-06,,,,,,,,,
31,,,151959,,,,,,,,,,5.587145278695971e-05,,,,,,,,,
31,,,151979,,,,,,,,,,0.00011612651724135503,,,,,,,,,
31,,,151999,,,,,,,,,,3.047295285796281e-05,,,,,,,,,
31,,,152019,,,,,,,,,,0.04071218520402908,,,,,,,,,
31,,,152039,,,,,,,,,,0.0005407269345596433,,,,,,,,,
31,,,152059,,,,,,,,,,0.004380720667541027,,,,,,,,,
31,,,152079,,,,,,,,,,8.391016308451071e-05,,,,,,,,,
31,,,152099,,,,,,,,,,1.1897072909050621e-05,,,,,,,,,
31,,,152119,,,,,,,,,,0.19440726935863495,,,,,,,,,
31,,,152139,,,,,,,,,,0.3676028549671173,,,,,,,,,
31,,,152159,,,,,,,,,,0.00017369994020555168,,,,,,,,,
31,,,152179,,,,,,,,,,0.00014076687511987984,,,,,,,,,
31,,,152199,,,,,,,,,,0.00013111205771565437,,,,,,,,,
31,,,152219,,,,,,,,,,0.00015617680037394166,,,,,,,,,
31,,,152239,,,,,,,,,,0.014193722978234291,,,,,,,,,
31,,,152259,,,,,,,,,,0.0003441798617132008,,,,,,,,,
31,,,152279,,,,,,,,,,0.00013504031812772155,,,,,,,,,
31,,,152299,,,,,,,,,,2.7397933081374504e-05,,,,,,,,,
31,,,152319,,,,,,,,,,0.000483682902995497,,,,,,,,,
31,,,152339,,,,,,,,,,5.893806883250363e-05,,,,,,,,,
31,,,152359,,,,,,,,,,6.918433064129204e-05,,,,,,,,,
31,,,152379,,,,,,,,,,0.00806591659784317,,,,,,,,,
31,,,152399,,,,,,,,,,0.000588758965022862,,,,,,,,,
31,,,152419,,,,,,,,,,0.0005122581496834755,,,,,,,,,
31,,,152439,,,,,,,,,,0.0008886095602065325,,,,,,,,,
31,,,152459,,,,,,,,,,0.0007750877412036061,,,,,,,,,
31,,,152479,,,,,,,,,,0.0006204838864505291,,,,,,,,,
31,,,152499,,,,,,,,,,0.00014379240747075528,,,,,,,,,
31,,,152519,,,,,,,,,,0.00044306350173428655,,,,,,,,,
31,,,152539,,,,,,,,,,3.9650338294450194e-05,,,,,,,,,
31,,,152559,,,,,,,,,,3.2348965760320425e-05,,,,,,,,,
31,,,152579,,,,,,,,,,0.08857998996973038,,,,,,,,,
31,,,152599,,,,,,,,,,0.0002103082078974694,,,,,,,,,
31,,,152619,,,,,,,,,,0.002582408022135496,,,,,,,,,
31,,,152639,,,,,,,,,,0.10675493627786636,,,,,,,,,
31,,,152659,,,,,,,,,,0.0001894208835437894,,,,,,,,,
31,,,152679,,,,,,,,,,0.000307922629872337,,,,,,,,,
31,,,152699,,,,,,,,,,0.0014677810249850154,,,,,,,,,
31,,,152719,,,,,,,,,,8.19030829006806e-05,,,,,,,,,
31,,,152735,,,,,,,,,,,0.6284584999084473,0.8018335103988647,0.665048360824585,7.591170787811279,0.7649383544921875,0.36896365880966187,0.6111560463905334,0.9187207221984863,0.6284584999084473
31,,,152735,,,,,,,,0.9897633194923401,0.026029126718640327,,,,,,,,,,
,4.3933982822017876e-05,4.3933982822017876e-05,152736,,,,,,,,,,,,,,,,,,,
32,,,152739,,,,,,,,,,8.055094804149121e-05,,,,,,,,,
32,,,152759,,,,,,,,,,2.7103949832962826e-05,,,,,,,,,
32,,,152779,,,,,,,,,,0.009847726672887802,,,,,,,,,
32,,,152799,,,,,,,,,,0.7176065444946289,,,,,,,,,
32,,,152819,,,,,,,,,,0.016665924340486526,,,,,,,,,
32,,,152839,,,,,,,,,,0.047993335872888565,,,,,,,,,
32,,,152859,,,,,,,,,,0.007635536603629589,,,,,,,,,
32,,,152879,,,,,,,,,,0.007756934035569429,,,,,,,,,
32,,,152899,,,,,,,,,,0.0003317455993965268,,,,,,,,,
32,,,152919,,,,,,,,,,0.0006938940496183932,,,,,,,,,
32,,,152939,,,,,,,,,,0.19763869047164917,,,,,,,,,
32,,,152959,,,,,,,,,,0.092386394739151,,,,,,,,,
32,,,152979,,,,,,,,,,0.00014765540254302323,,,,,,,,,
32,,,152999,,,,,,,,,,0.00014246426871977746,,,,,,,,,
32,,,153019,,,,,,,,,,0.05057132989168167,,,,,,,,,
32,,,153039,,,,,,,,,,0.0005302130011841655,,,,,,,,,
32,,,153059,,,,,,,,,,6.836537068011239e-05,,,,,,,,,
32,,,153079,,,,,,,,,,0.0008914758800528944,,,,,,,,,
32,,,153099,,,,,,,,,,0.00013094292080495507,,,,,,,,,
32,,,153119,,,,,,,,,,0.0006021346780471504,,,,,,,,,
32,,,153139,,,,,,,,,,0.003473335411399603,,,,,,,,,
32,,,153159,,,,,,,,,,0.0557267889380455,,,,,,,,,
32,,,153179,,,,,,,,,,4.7672474465798587e-05,,,,,,,,,
32,,,153199,,,,,,,,,,0.000543989532161504,,,,,,,,,
32,,,153219,,,,,,,,,,5.651087121805176e-05,,,,,,,,,
32,,,153239,,,,,,,,,,7.440354966092855e-05,,,,,,,,,
32,,,153259,,,,,,,,,,4.1575549403205514e-05,,,,,,,,,
32,,,153279,,,,,,,,,,0.06753133237361908,,,,,,,,,
32,,,153299,,,,,,,,,,0.00020950977341271937,,,,,,,,,
32,,,153319,,,,,,,,,,0.4154142737388611,,,,,,,,,
32,,,153339,,,,,,,,,,0.017574504017829895,,,,,,,,,
32,,,153359,,,,,,,,,,0.01031037513166666,,,,,,,,,
32,,,153379,,,,,,,,,,0.0019479722250252962,,,,,,,,,
32,,,153399,,,,,,,,,,0.0001905466488096863,,,,,,,,,
32,,,153419,,,,,,,,,,0.055126745253801346,,,,,,,,,
32,,,153439,,,,,,,,,,6.170713731989963e-06,,,,,,,,,
32,,,153459,,,,,,,,,,0.06866008788347244,,,,,,,,,
32,,,153479,,,,,,,,,,0.015217220410704613,,,,,,,,,
32,,,153499,,,,,,,,,,0.008652957156300545,,,,,,,,,
32,,,153519,,,,,,,,,,0.04284493997693062,,,,,,,,,
32,,,153539,,,,,,,,,,0.00018636848835740238,,,,,,,,,
32,,,153559,,,,,,,,,,0.0008633884717710316,,,,,,,,,
32,,,153579,,,,,,,,,,0.05876545608043671,,,,,,,,,
32,,,153599,,,,,,,,,,0.030294418334960938,,,,,,,,,
32,,,153619,,,,,,,,,,1.4099644431553315e-05,,,,,,,,,
32,,,153639,,,,,,,,,,0.001283035147935152,,,,,,,,,
32,,,153659,,,,,,,,,,0.004268249962478876,,,,,,,,,
32,,,153679,,,,,,,,,,0.00043130695121362805,,,,,,,,,
32,,,153699,,,,,,,,,,0.0003823363804258406,,,,,,,,,
32,,,153719,,,,,,,,,,0.05701054632663727,,,,,,,,,
32,,,153739,,,,,,,,,,0.01666535623371601,,,,,,,,,
32,,,153759,,,,,,,,,,0.2729054391384125,,,,,,,,,
32,,,153779,,,,,,,,,,7.47849844628945e-05,,,,,,,,,
32,,,153799,,,,,,,,,,0.006719738710671663,,,,,,,,,
32,,,153819,,,,,,,,,,0.0004206646990496665,,,,,,,,,
32,,,153839,,,,,,,,,,0.0008037255611270666,,,,,,,,,
32,,,153859,,,,,,,,,,5.6190434406744316e-05,,,,,,,,,
32,,,153879,,,,,,,,,,0.04788161441683769,,,,,,,,,
32,,,153899,,,,,,,,,,0.0001799714082153514,,,,,,,,,
32,,,153919,,,,,,,,,,0.00019166857236996293,,,,,,,,,
32,,,153939,,,,,,,,,,2.530048914195504e-05,,,,,,,,,
32,,,153959,,,,,,,,,,0.04168008640408516,,,,,,,,,
32,,,153979,,,,,,,,,,0.00010454117727931589,,,,,,,,,
32,,,153999,,,,,,,,,,3.935781933250837e-05,,,,,,,,,
32,,,154019,,,,,,,,,,0.0019437684677541256,,,,,,,,,
32,,,154039,,,,,,,,,,6.715283961966634e-05,,,,,,,,,
32,,,154059,,,,,,,,,,0.000591179879847914,,,,,,,,,
32,,,154079,,,,,,,,,,0.0009998638415709138,,,,,,,,,
32,,,154099,,,,,,,,,,5.6096880143741146e-05,,,,,,,,,
32,,,154119,,,,,,,,,,7.428022945532575e-05,,,,,,,,,
32,,,154139,,,,,,,,,,4.2175743146799505e-06,,,,,,,,,
32,,,154159,,,,,,,,,,0.10938916355371475,,,,,,,,,
32,,,154179,,,,,,,,,,0.009891174733638763,,,,,,,,,
32,,,154199,,,,,,,,,,8.863450057106093e-05,,,,,,,,,
32,,,154219,,,,,,,,,,5.623403558274731e-05,,,,,,,,,
32,,,154239,,,,,,,,,,1.6610852981102653e-05,,,,,,,,,
32,,,154259,,,,,,,,,,0.120793417096138,,,,,,,,,
32,,,154279,,,,,,,,,,2.1146399376448244e-05,,,,,,,,,
32,,,154299,,,,,,,,,,0.34864962100982666,,,,,,,,,
32,,,154319,,,,,,,,,,0.0006482999888248742,,,,,,,,,
32,,,154339,,,,,,,,,,0.00018969029770232737,,,,,,,,,
32,,,154359,,,,,,,,,,0.043776735663414,,,,,,,,,
32,,,154379,,,,,,,,,,0.011509012430906296,,,,,,,,,
32,,,154399,,,,,,,,,,0.00022210417955648154,,,,,,,,,
32,,,154419,,,,,,,,,,0.00044812029227614403,,,,,,,,,
32,,,154439,,,,,,,,,,0.003177877049893141,,,,,,,,,
32,,,154459,,,,,,,,,,0.02988462708890438,,,,,,,,,
32,,,154479,,,,,,,,,,0.0003530207904987037,,,,,,,,,
32,,,154499,,,,,,,,,,0.014008631929755211,,,,,,,,,
32,,,154519,,,,,,,,,,0.0008223612676374614,,,,,,,,,
32,,,154539,,,,,,,,,,9.526229405310005e-05,,,,,,,,,
32,,,154559,,,,,,,,,,0.0001307213824475184,,,,,,,,,
32,,,154579,,,,,,,,,,0.00025906373048201203,,,,,,,,,
32,,,154599,,,,,,,,,,0.017535828053951263,,,,,,,,,
32,,,154619,,,,,,,,,,0.00010221776028629392,,,,,,,,,
32,,,154639,,,,,,,,,,0.08383015543222427,,,,,,,,,
32,,,154659,,,,,,,,,,0.01502914633601904,,,,,,,,,
32,,,154679,,,,,,,,,,9.420831338502467e-05,,,,,,,,,
32,,,154699,,,,,,,,,,0.0006663223612122238,,,,,,,,,
32,,,154719,,,,,,,,,,0.15878145396709442,,,,,,,,,
32,,,154739,,,,,,,,,,0.02559245191514492,,,,,,,,,
32,,,154759,,,,,,,,,,7.183253183029592e-05,,,,,,,,,
32,,,154779,,,,,,,,,,0.00010472799476701766,,,,,,,,,
32,,,154799,,,,,,,,,,0.04219527915120125,,,,,,,,,
32,,,154819,,,,,,,,,,5.526656241272576e-05,,,,,,,,,
32,,,154839,,,,,,,,,,0.0005710349651053548,,,,,,,,,
32,,,154859,,,,,,,,,,0.001238750759512186,,,,,,,,,
32,,,154879,,,,,,,,,,4.854082362726331e-05,,,,,,,,,
32,,,154899,,,,,,,,,,0.00022962357616052032,,,,,,,,,
32,,,154919,,,,,,,,,,0.000404895021347329,,,,,,,,,
32,,,154939,,,,,,,,,,0.005051502957940102,,,,,,,,,
32,,,154959,,,,,,,,,,0.0007237669778987765,,,,,,,,,
32,,,154979,,,,,,,,,,6.108290108386427e-05,,,,,,,,,
32,,,154999,,,,,,,,,,0.00014234482659958303,,,,,,,,,
32,,,155019,,,,,,,,,,0.0448022298514843,,,,,,,,,
32,,,155039,,,,,,,,,,0.01260490994900465,,,,,,,,,
32,,,155059,,,,,,,,,,0.0001290338987018913,,,,,,,,,
32,,,155079,,,,,,,,,,0.027778498828411102,,,,,,,,,
32,,,155099,,,,,,,,,,3.1374453101307154e-05,,,,,,,,,
32,,,155119,,,,,,,,,,0.03997785598039627,,,,,,,,,
32,,,155139,,,,,,,,,,0.00048109382623806596,,,,,,,,,
32,,,155159,,,,,,,,,,2.384185245318804e-05,,,,,,,,,
32,,,155179,,,,,,,,,,0.0014101892011240125,,,,,,,,,
32,,,155199,,,,,,,,,,0.00038708705687895417,,,,,,,,,
32,,,155219,,,,,,,,,,0.026734603568911552,,,,,,,,,
32,,,155239,,,,,,,,,,0.04722365364432335,,,,,,,,,
32,,,155259,,,,,,,,,,0.01661025919020176,,,,,,,,,
32,,,155279,,,,,,,,,,0.00030953274108469486,,,,,,,,,
32,,,155299,,,,,,,,,,0.00016938573389779776,,,,,,,,,
32,,,155319,,,,,,,,,,0.06279262155294418,,,,,,,,,
32,,,155339,,,,,,,,,,0.04296468198299408,,,,,,,,,
32,,,155359,,,,,,,,,,0.058230966329574585,,,,,,,,,
32,,,155379,,,,,,,,,,0.0008973515359684825,,,,,,,,,
32,,,155399,,,,,,,,,,0.06850074231624603,,,,,,,,,
32,,,155419,,,,,,,,,,0.5664845705032349,,,,,,,,,
32,,,155439,,,,,,,,,,0.008782455697655678,,,,,,,,,
32,,,155459,,,,,,,,,,0.018444398418068886,,,,,,,,,
32,,,155479,,,,,,,,,,0.07083792984485626,,,,,,,,,
32,,,155499,,,,,,,,,,6.345933070406318e-05,,,,,,,,,
32,,,155519,,,,,,,,,,0.03651805594563484,,,,,,,,,
32,,,155539,,,,,,,,,,0.032387081533670425,,,,,,,,,
32,,,155559,,,,,,,,,,4.967987479176372e-05,,,,,,,,,
32,,,155579,,,,,,,,,,0.001060520764440298,,,,,,,,,
32,,,155599,,,,,,,,,,0.005834224633872509,,,,,,,,,
32,,,155619,,,,,,,,,,8.502401760779321e-05,,,,,,,,,
32,,,155639,,,,,,,,,,0.00022587558487430215,,,,,,,,,
32,,,155659,,,,,,,,,,7.464126974809915e-05,,,,,,,,,
32,,,155679,,,,,,,,,,0.00506563950330019,,,,,,,,,
32,,,155699,,,,,,,,,,0.00024183219647966325,,,,,,,,,
32,,,155719,,,,,,,,,,0.049374278634786606,,,,,,,,,
32,,,155739,,,,,,,,,,0.001977772917598486,,,,,,,,,
32,,,155759,,,,,,,,,,0.15829016268253326,,,,,,,,,
32,,,155779,,,,,,,,,,0.3558538854122162,,,,,,,,,
32,,,155799,,,,,,,,,,0.0011310246773064137,,,,,,,,,
32,,,155819,,,,,,,,,,0.03583867847919464,,,,,,,,,
32,,,155839,,,,,,,,,,0.0031979279592633247,,,,,,,,,
32,,,155859,,,,,,,,,,0.009204693138599396,,,,,,,,,
32,,,155879,,,,,,,,,,0.026353010907769203,,,,,,,,,
32,,,155899,,,,,,,,,,0.049665018916130066,,,,,,,,,
32,,,155919,,,,,,,,,,0.03424527868628502,,,,,,,,,
32,,,155939,,,,,,,,,,4.091253867954947e-05,,,,,,,,,
32,,,155959,,,,,,,,,,0.05564553290605545,,,,,,,,,
32,,,155979,,,,,,,,,,0.11128874868154526,,,,,,,,,
32,,,155999,,,,,,,,,,0.011720293201506138,,,,,,,,,
32,,,156019,,,,,,,,,,0.03593304008245468,,,,,,,,,
32,,,156039,,,,,,,,,,0.0006655300967395306,,,,,,,,,
32,,,156059,,,,,,,,,,0.02104475162923336,,,,,,,,,
32,,,156079,,,,,,,,,,0.0021123376209288836,,,,,,,,,
32,,,156099,,,,,,,,,,0.0010078991763293743,,,,,,,,,
32,,,156119,,,,,,,,,,0.07846333831548691,,,,,,,,,
32,,,156139,,,,,,,,,,3.9216349250636995e-05,,,,,,,,,
32,,,156159,,,,,,,,,,0.0006942812469787896,,,,,,,,,
32,,,156179,,,,,,,,,,0.06069544330239296,,,,,,,,,
32,,,156199,,,,,,,,,,0.00014531498891301453,,,,,,,,,
32,,,156219,,,,,,,,,,3.967597513110377e-05,,,,,,,,,
32,,,156239,,,,,,,,,,0.06227709352970123,,,,,,,,,
32,,,156259,,,,,,,,,,0.0013337903656065464,,,,,,,,,
32,,,156279,,,,,,,,,,0.012828612700104713,,,,,,,,,
32,,,156299,,,,,,,,,,0.03246353194117546,,,,,,,,,
32,,,156319,,,,,,,,,,0.0020462912507355213,,,,,,,,,
32,,,156339,,,,,,,,,,0.05884788557887077,,,,,,,,,
32,,,156359,,,,,,,,,,0.008187277242541313,,,,,,,,,
32,,,156379,,,,,,,,,,0.0035358392633497715,,,,,,,,,
32,,,156399,,,,,,,,,,2.5358358470839448e-05,,,,,,,,,
32,,,156419,,,,,,,,,,0.007816813886165619,,,,,,,,,
32,,,156439,,,,,,,,,,0.0153895802795887,,,,,,,,,
32,,,156459,,,,,,,,,,0.007087788078933954,,,,,,,,,
32,,,156479,,,,,,,,,,0.0035627528559416533,,,,,,,,,
32,,,156499,,,,,,,,,,0.00024003130965866148,,,,,,,,,
32,,,156519,,,,,,,,,,0.0012533831177279353,,,,,,,,,
32,,,156539,,,,,,,,,,0.00010938797640847042,,,,,,,,,
32,,,156559,,,,,,,,,,0.05734569579362869,,,,,,,,,
32,,,156579,,,,,,,,,,0.0010002757189795375,,,,,,,,,
32,,,156599,,,,,,,,,,2.111596222675871e-05,,,,,,,,,
32,,,156619,,,,,,,,,,4.853302743867971e-05,,,,,,,,,
32,,,156639,,,,,,,,,,0.014310330152511597,,,,,,,,,
32,,,156659,,,,,,,,,,0.00016644445713609457,,,,,,,,,
32,,,156679,,,,,,,,,,0.00068663340061903,,,,,,,,,
32,,,156699,,,,,,,,,,0.12192156165838242,,,,,,,,,
32,,,156719,,,,,,,,,,0.36908888816833496,,,,,,,,,
32,,,156739,,,,,,,,,,0.00013857107842341065,,,,,,,,,
32,,,156759,,,,,,,,,,0.013057178817689419,,,,,,,,,
32,,,156779,,,,,,,,,,9.872119699139148e-05,,,,,,,,,
32,,,156799,,,,,,,,,,7.493514567613602e-05,,,,,,,,,
32,,,156819,,,,,,,,,,1.5081221135915257e-05,,,,,,,,,
32,,,156839,,,,,,,,,,0.03495950251817703,,,,,,,,,
32,,,156859,,,,,,,,,,0.044915467500686646,,,,,,,,,
32,,,156879,,,,,,,,,,2.5361008738400415e-05,,,,,,,,,
32,,,156899,,,,,,,,,,0.0017622151644900441,,,,,,,,,
32,,,156919,,,,,,,,,,0.08589354157447815,,,,,,,,,
32,,,156939,,,,,,,,,,0.00011728201934602112,,,,,,,,,
32,,,156959,,,,,,,,,,0.025458218529820442,,,,,,,,,
32,,,156979,,,,,,,,,,2.4863802536856383e-05,,,,,,,,,
32,,,156999,,,,,,,,,,0.054433226585388184,,,,,,,,,
32,,,157019,,,,,,,,,,4.98590488859918e-05,,,,,,,,,
32,,,157039,,,,,,,,,,0.06484449654817581,,,,,,,,,
32,,,157059,,,,,,,,,,0.0017234396655112505,,,,,,,,,
32,,,157079,,,,,,,,,,0.00015793408965691924,,,,,,,,,
32,,,157099,,,,,,,,,,0.0008906529401428998,,,,,,,,,
32,,,157119,,,,,,,,,,0.00024120762827806175,,,,,,,,,
32,,,157139,,,,,,,,,,0.020594995468854904,,,,,,,,,
32,,,157159,,,,,,,,,,0.07037448137998581,,,,,,,,,
32,,,157179,,,,,,,,,,0.05583345517516136,,,,,,,,,
32,,,157199,,,,,,,,,,6.969404057599604e-05,,,,,,,,,
32,,,157219,,,,,,,,,,0.0030852355994284153,,,,,,,,,
32,,,157239,,,,,,,,,,9.198341103910934e-06,,,,,,,,,
32,,,157259,,,,,,,,,,0.00010916941391769797,,,,,,,,,
32,,,157279,,,,,,,,,,4.130718298256397e-05,,,,,,,,,
32,,,157299,,,,,,,,,,0.1235797330737114,,,,,,,,,
32,,,157319,,,,,,,,,,0.03772949427366257,,,,,,,,,
32,,,157339,,,,,,,,,,0.0057099550031125546,,,,,,,,,
32,,,157359,,,,,,,,,,0.036164719611406326,,,,,,,,,
32,,,157379,,,,,,,,,,0.008197145536541939,,,,,,,,,
32,,,157399,,,,,,,,,,0.006714867893606424,,,,,,,,,
32,,,157419,,,,,,,,,,0.042685482650995255,,,,,,,,,
32,,,157439,,,,,,,,,,0.0025666560977697372,,,,,,,,,
32,,,157459,,,,,,,,,,0.0001023970398819074,,,,,,,,,
32,,,157479,,,,,,,,,,0.00015689112478867173,,,,,,,,,
32,,,157499,,,,,,,,,,0.0006532121915370226,,,,,,,,,
32,,,157508,,,,,,,,,,,0.6249219179153442,0.8039544820785522,0.6648998260498047,8.430957794189453,0.7920287847518921,0.38199907541275024,0.666205644607544,0.9178519248962402,0.6249219179153442
32,,,157508,,,,,,,,0.9898810386657715,0.026644093915820122,,,,,,,,,,
,3.404843199558945e-05,3.404843199558945e-05,157509,,,,,,,,,,,,,,,,,,,
33,,,157519,,,,,,,,,,0.024807866662740707,,,,,,,,,
33,,,157539,,,,,,,,,,9.071324893739074e-05,,,,,,,,,
33,,,157559,,,,,,,,,,0.022898880764842033,,,,,,,,,
33,,,157579,,,,,,,,,,0.00019536822219379246,,,,,,,,,
33,,,157599,,,,,,,,,,0.00011798155901487917,,,,,,,,,
33,,,157619,,,,,,,,,,0.018320169299840927,,,,,,,,,
33,,,157639,,,,,,,,,,7.27664737496525e-05,,,,,,,,,
33,,,157659,,,,,,,,,,7.931780419312418e-05,,,,,,,,,
33,,,157679,,,,,,,,,,0.007301475387066603,,,,,,,,,
33,,,157699,,,,,,,,,,0.000733555993065238,,,,,,,,,
33,,,157719,,,,,,,,,,0.11503331363201141,,,,,,,,,
33,,,157739,,,,,,,,,,0.006115143187344074,,,,,,,,,
33,,,157759,,,,,,,,,,0.0005908363964408636,,,,,,,,,
33,,,157779,,,,,,,,,,0.0013819066807627678,,,,,,,,,
33,,,157799,,,,,,,,,,0.0005104197189211845,,,,,,,,,
33,,,157819,,,,,,,,,,1.915633947646711e-05,,,,,,,,,
33,,,157839,,,,,,,,,,8.76386184245348e-05,,,,,,,,,
33,,,157859,,,,,,,,,,0.030462713912129402,,,,,,,,,
33,,,157879,,,,,,,,,,0.0002983601007144898,,,,,,,,,
33,,,157899,,,,,,,,,,0.028846044093370438,,,,,,,,,
33,,,157919,,,,,,,,,,0.025731103494763374,,,,,,,,,
33,,,157939,,,,,,,,,,0.08965451270341873,,,,,,,,,
33,,,157959,,,,,,,,,,0.010113061405718327,,,,,,,,,
33,,,157979,,,,,,,,,,0.12334385514259338,,,,,,,,,
33,,,157999,,,,,,,,,,0.003972887992858887,,,,,,,,,
33,,,158019,,,,,,,,,,0.0051686130464077,,,,,,,,,
33,,,158039,,,,,,,,,,0.01926257833838463,,,,,,,,,
33,,,158059,,,,,,,,,,0.00025003054179251194,,,,,,,,,
33,,,158079,,,,,,,,,,0.0682600662112236,,,,,,,,,
33,,,158099,,,,,,,,,,0.09930399060249329,,,,,,,,,
33,,,158119,,,,,,,,,,0.00023711903486400843,,,,,,,,,
33,,,158139,,,,,,,,,,0.07649548351764679,,,,,,,,,
33,,,158159,,,,,,,,,,0.0004113330505788326,,,,,,,,,
33,,,158179,,,,,,,,,,0.00013927985855843872,,,,,,,,,
33,,,158199,,,,,,,,,,0.0460989885032177,,,,,,,,,
33,,,158219,,,,,,,,,,0.03246571868658066,,,,,,,,,
33,,,158239,,,,,,,,,,0.09990639239549637,,,,,,,,,
33,,,158259,,,,,,,,,,5.2442323067225516e-05,,,,,,,,,
33,,,158279,,,,,,,,,,0.05868887901306152,,,,,,,,,
33,,,158299,,,,,,,,,,0.016699012368917465,,,,,,,,,
33,,,158319,,,,,,,,,,0.00013951380969956517,,,,,,,,,
33,,,158339,,,,,,,,,,0.25041067600250244,,,,,,,,,
33,,,158359,,,,,,,,,,0.000301300548017025,,,,,,,,,
33,,,158379,,,,,,,,,,0.023363962769508362,,,,,,,,,
33,,,158399,,,,,,,,,,0.0035796398296952248,,,,,,,,,
33,,,158419,,,,,,,,,,0.01869373209774494,,,,,,,,,
33,,,158439,,,,,,,,,,0.0006337712984532118,,,,,,,,,
33,,,158459,,,,,,,,,,5.507405148819089e-05,,,,,,,,,
33,,,158479,,,,,,,,,,0.03373444080352783,,,,,,,,,
33,,,158499,,,,,,,,,,3.0094477551756427e-05,,,,,,,,,
33,,,158519,,,,,,,,,,0.08053594082593918,,,,,,,,,
33,,,158539,,,,,,,,,,0.05606689676642418,,,,,,,,,
33,,,158559,,,,,,,,,,0.00011899459786945954,,,,,,,,,
33,,,158579,,,,,,,,,,6.383637810358778e-05,,,,,,,,,
33,,,158599,,,,,,,,,,0.390433669090271,,,,,,,,,
33,,,158619,,,,,,,,,,0.0005433278274722397,,,,,,,,,
33,,,158639,,,,,,,,,,0.0005112930666655302,,,,,,,,,
33,,,158659,,,,,,,,,,0.003569098189473152,,,,,,,,,
33,,,158679,,,,,,,,,,0.0002775393659248948,,,,,,,,,
33,,,158699,,,,,,,,,,0.018591463565826416,,,,,,,,,
33,,,158719,,,,,,,,,,7.624347927048802e-05,,,,,,,,,
33,,,158739,,,,,,,,,,3.10642717522569e-05,,,,,,,,,
33,,,158759,,,,,,,,,,6.687937275273725e-05,,,,,,,,,
33,,,158779,,,,,,,,,,0.08158361911773682,,,,,,,,,
33,,,158799,,,,,,,,,,0.00016082351794466376,,,,,,,,,
33,,,158819,,,,,,,,,,0.00010517075133975595,,,,,,,,,
33,,,158839,,,,,,,,,,0.0010854073334485292,,,,,,,,,
33,,,158859,,,,,,,,,,0.010789064690470695,,,,,,,,,
33,,,158879,,,,,,,,,,4.505529432208277e-05,,,,,,,,,
33,,,158899,,,,,,,,,,0.012183088809251785,,,,,,,,,
33,,,158919,,,,,,,,,,0.0004452669818419963,,,,,,,,,
33,,,158939,,,,,,,,,,5.994652383378707e-05,,,,,,,,,
33,,,158959,,,,,,,,,,4.743889076053165e-05,,,,,,,,,
33,,,158979,,,,,,,,,,0.003014261368662119,,,,,,,,,
33,,,158999,,,,,,,,,,0.00027288548881188035,,,,,,,,,
33,,,159019,,,,,,,,,,0.005153735633939505,,,,,,,,,
33,,,159039,,,,,,,,,,9.812750067794695e-05,,,,,,,,,
33,,,159059,,,,,,,,,,0.00038656016113236547,,,,,,,,,
33,,,159079,,,,,,,,,,0.0003378131368663162,,,,,,,,,
33,,,159099,,,,,,,,,,4.2018342355731875e-05,,,,,,,,,
33,,,159119,,,,,,,,,,0.02985292859375477,,,,,,,,,
33,,,159139,,,,,,,,,,0.0014899949310347438,,,,,,,,,
33,,,159159,,,,,,,,,,0.41422784328460693,,,,,,,,,
33,,,159179,,,,,,,,,,0.022450339049100876,,,,,,,,,
33,,,159199,,,,,,,,,,2.5795987312449142e-05,,,,,,,,,
33,,,159219,,,,,,,,,,1.3032220522291027e-05,,,,,,,,,
33,,,159239,,,,,,,,,,0.0002704988874029368,,,,,,,,,
33,,,159259,,,,,,,,,,1.1240172170801088e-05,,,,,,,,,
33,,,159279,,,,,,,,,,0.041531652212142944,,,,,,,,,
33,,,159299,,,,,,,,,,0.044831372797489166,,,,,,,,,
33,,,159319,,,,,,,,,,0.00025708333123475313,,,,,,,,,
33,,,159339,,,,,,,,,,3.398206672500237e-06,,,,,,,,,
33,,,159359,,,,,,,,,,0.004243178758770227,,,,,,,,,
33,,,159379,,,,,,,,,,0.00024887960171326995,,,,,,,,,
33,,,159399,,,,,,,,,,0.002076084492728114,,,,,,,,,
33,,,159419,,,,,,,,,,0.014450013637542725,,,,,,,,,
33,,,159439,,,,,,,,,,0.0355367511510849,,,,,,,,,
33,,,159459,,,,,,,,,,0.03813556581735611,,,,,,,,,
33,,,159479,,,,,,,,,,0.026862388476729393,,,,,,,,,
33,,,159499,,,,,,,,,,0.031132005155086517,,,,,,,,,
33,,,159519,,,,,,,,,,7.615258800797164e-05,,,,,,,,,
33,,,159539,,,,,,,,,,0.0011293310672044754,,,,,,,,,
33,,,159559,,,,,,,,,,0.02964143082499504,,,,,,,,,
33,,,159579,,,,,,,,,,0.0008675541030243039,,,,,,,,,
33,,,159599,,,,,,,,,,0.021128129214048386,,,,,,,,,
33,,,159619,,,,,,,,,,5.127955228090286e-05,,,,,,,,,
33,,,159639,,,,,,,,,,0.006249208934605122,,,,,,,,,
33,,,159659,,,,,,,,,,0.00934778805822134,,,,,,,,,
33,,,159679,,,,,,,,,,0.0026781754568219185,,,,,,,,,
33,,,159699,,,,,,,,,,2.10684029298136e-05,,,,,,,,,
33,,,159719,,,,,,,,,,8.4061743109487e-05,,,,,,,,,
33,,,159739,,,,,,,,,,0.08690604567527771,,,,,,,,,
33,,,159759,,,,,,,,,,0.8769927024841309,,,,,,,,,
33,,,159779,,,,,,,,,,5.684758798452094e-05,,,,,,,,,
33,,,159799,,,,,,,,,,0.0007614423520863056,,,,,,,,,
33,,,159819,,,,,,,,,,0.0009697640780359507,,,,,,,,,
33,,,159839,,,,,,,,,,5.899707321077585e-05,,,,,,,,,
33,,,159859,,,,,,,,,,0.0006060393061488867,,,,,,,,,
33,,,159879,,,,,,,,,,0.034211911261081696,,,,,,,,,
33,,,159899,,,,,,,,,,0.037068597972393036,,,,,,,,,
33,,,159919,,,,,,,,,,0.00031747069442644715,,,,,,,,,
33,,,159939,,,,,,,,,,0.0037865997292101383,,,,,,,,,
33,,,159959,,,,,,,,,,2.50830635195598e-05,,,,,,,,,
33,,,159979,,,,,,,,,,2.1577860024990514e-05,,,,,,,,,
33,,,159999,,,,,,,,,,5.5418993724742904e-05,,,,,,,,,
33,,,160019,,,,,,,,,,0.054030269384384155,,,,,,,,,
33,,,160039,,,,,,,,,,0.00016239177784882486,,,,,,,,,
33,,,160059,,,,,,,,,,5.817259807372466e-05,,,,,,,,,
33,,,160079,,,,,,,,,,0.0009601459605619311,,,,,,,,,
33,,,160099,,,,,,,,,,0.0002800500951707363,,,,,,,,,
33,,,160119,,,,,,,,,,0.005047623999416828,,,,,,,,,
33,,,160139,,,,,,,,,,0.08739457279443741,,,,,,,,,
33,,,160159,,,,,,,,,,0.12470891326665878,,,,,,,,,
33,,,160179,,,,,,,,,,0.0003600639174692333,,,,,,,,,
33,,,160199,,,,,,,,,,0.0003315888752695173,,,,,,,,,
33,,,160219,,,,,,,,,,0.02000049687922001,,,,,,,,,
33,,,160239,,,,,,,,,,0.00010431031114421785,,,,,,,,,
33,,,160259,,,,,,,,,,0.08741884678602219,,,,,,,,,
33,,,160279,,,,,,,,,,0.0001318470312980935,,,,,,,,,
33,,,160299,,,,,,,,,,0.019975870847702026,,,,,,,,,
33,,,160319,,,,,,,,,,0.00014767059474252164,,,,,,,,,
33,,,160339,,,,,,,,,,1.5573763448628597e-05,,,,,,,,,
33,,,160359,,,,,,,,,,0.0005080898990854621,,,,,,,,,
33,,,160379,,,,,,,,,,0.11593865603208542,,,,,,,,,
33,,,160399,,,,,,,,,,0.02832695282995701,,,,,,,,,
33,,,160419,,,,,,,,,,0.05297631397843361,,,,,,,,,
33,,,160439,,,,,,,,,,0.00021409051259979606,,,,,,,,,
33,,,160459,,,,,,,,,,6.750824104528874e-05,,,,,,,,,
33,,,160479,,,,,,,,,,0.00034177646739408374,,,,,,,,,
33,,,160499,,,,,,,,,,0.0008223368786275387,,,,,,,,,
33,,,160519,,,,,,,,,,0.00021078033023513854,,,,,,,,,
33,,,160539,,,,,,,,,,0.0003510707465466112,,,,,,,,,
33,,,160559,,,,,,,,,,0.000197701680008322,,,,,,,,,
33,,,160579,,,,,,,,,,0.05008333548903465,,,,,,,,,
33,,,160599,,,,,,,,,,0.04696505516767502,,,,,,,,,
33,,,160619,,,,,,,,,,0.0011695432476699352,,,,,,,,,
33,,,160639,,,,,,,,,,0.06139647960662842,,,,,,,,,
33,,,160659,,,,,,,,,,0.00022537470795214176,,,,,,,,,
33,,,160679,,,,,,,,,,0.022393720224499702,,,,,,,,,
33,,,160699,,,,,,,,,,0.0002958561235573143,,,,,,,,,
33,,,160719,,,,,,,,,,3.37005294568371e-05,,,,,,,,,
33,,,160739,,,,,,,,,,0.0001533053582534194,,,,,,,,,
33,,,160759,,,,,,,,,,0.011217058636248112,,,,,,,,,
33,,,160779,,,,,,,,,,0.010075820609927177,,,,,,,,,
33,,,160799,,,,,,,,,,7.269201887538657e-05,,,,,,,,,
33,,,160819,,,,,,,,,,0.0234694741666317,,,,,,,,,
33,,,160839,,,,,,,,,,0.0007230857154354453,,,,,,,,,
33,,,160859,,,,,,,,,,0.00036978209391236305,,,,,,,,,
33,,,160879,,,,,,,,,,0.016355687752366066,,,,,,,,,
33,,,160899,,,,,,,,,,0.0003541950136423111,,,,,,,,,
33,,,160919,,,,,,,,,,2.118248630722519e-05,,,,,,,,,
33,,,160939,,,,,,,,,,0.00012272677849978209,,,,,,,,,
33,,,160959,,,,,,,,,,6.191730790305883e-05,,,,,,,,,
33,,,160979,,,,,,,,,,0.012058479711413383,,,,,,,,,
33,,,160999,,,,,,,,,,0.17048931121826172,,,,,,,,,
33,,,161019,,,,,,,,,,0.00514827948063612,,,,,,,,,
33,,,161039,,,,,,,,,,0.018811073154211044,,,,,,,,,
33,,,161059,,,,,,,,,,8.461473044008017e-05,,,,,,,,,
33,,,161079,,,,,,,,,,0.0001596478105057031,,,,,,,,,
33,,,161099,,,,,,,,,,0.00010744406608864665,,,,,,,,,
33,,,161119,,,,,,,,,,0.035330675542354584,,,,,,,,,
33,,,161139,,,,,,,,,,0.0008300237241201103,,,,,,,,,
33,,,161159,,,,,,,,,,0.00012221114593558013,,,,,,,,,
33,,,161179,,,,,,,,,,0.001457242644391954,,,,,,,,,
33,,,161199,,,,,,,,,,1.2147035704401787e-05,,,,,,,,,
33,,,161219,,,,,,,,,,0.01526663638651371,,,,,,,,,
33,,,161239,,,,,,,,,,0.009986724704504013,,,,,,,,,
33,,,161259,,,,,,,,,,5.475103171193041e-05,,,,,,,,,
33,,,161279,,,,,,,,,,0.0001644131843931973,,,,,,,,,
33,,,161299,,,,,,,,,,4.4625921873375773e-05,,,,,,,,,
33,,,161319,,,,,,,,,,0.10330425202846527,,,,,,,,,
33,,,161339,,,,,,,,,,0.001013386296108365,,,,,,,,,
33,,,161359,,,,,,,,,,6.657032645307481e-05,,,,,,,,,
33,,,161379,,,,,,,,,,0.04946284741163254,,,,,,,,,
33,,,161399,,,,,,,,,,7.414982246700674e-05,,,,,,,,,
33,,,161419,,,,,,,,,,6.721675163134933e-05,,,,,,,,,
33,,,161439,,,,,,,,,,7.023136276984587e-05,,,,,,,,,
33,,,161459,,,,,,,,,,0.02105807326734066,,,,,,,,,
33,,,161479,,,,,,,,,,0.03615328297019005,,,,,,,,,
33,,,161499,,,,,,,,,,0.00013705661694984883,,,,,,,,,
33,,,161519,,,,,,,,,,0.0006797317182645202,,,,,,,,,
33,,,161539,,,,,,,,,,0.0004910420393571258,,,,,,,,,
33,,,161559,,,,,,,,,,0.015702752396464348,,,,,,,,,
33,,,161579,,,,,,,,,,2.61367968050763e-05,,,,,,,,,
33,,,161599,,,,,,,,,,5.752018478233367e-05,,,,,,,,,
33,,,161619,,,,,,,,,,0.0031427752692252398,,,,,,,,,
33,,,161639,,,,,,,,,,0.010686511173844337,,,,,,,,,
33,,,161659,,,,,,,,,,1.8047619960270822e-05,,,,,,,,,
33,,,161679,,,,,,,,,,0.0002678089076653123,,,,,,,,,
33,,,161699,,,,,,,,,,0.008273481391370296,,,,,,,,,
33,,,161719,,,,,,,,,,0.0023948000743985176,,,,,,,,,
33,,,161739,,,,,,,,,,0.028408285230398178,,,,,,,,,
33,,,161759,,,,,,,,,,0.006135256495326757,,,,,,,,,
33,,,161779,,,,,,,,,,0.0001079957582987845,,,,,,,,,
33,,,161799,,,,,,,,,,5.993874583509751e-05,,,,,,,,,
33,,,161819,,,,,,,,,,0.00207959464751184,,,,,,,,,
33,,,161839,,,,,,,,,,0.0004103108076378703,,,,,,,,,
33,,,161859,,,,,,,,,,0.00011551359784789383,,,,,,,,,
33,,,161879,,,,,,,,,,9.700132068246603e-06,,,,,,,,,
33,,,161899,,,,,,,,,,0.048702966421842575,,,,,,,,,
33,,,161919,,,,,,,,,,0.00010215392831014469,,,,,,,,,
33,,,161939,,,,,,,,,,2.9653680030605756e-05,,,,,,,,,
33,,,161959,,,,,,,,,,0.02855956181883812,,,,,,,,,
33,,,161979,,,,,,,,,,0.0008116803364828229,,,,,,,,,
33,,,161999,,,,,,,,,,0.00014699278108309954,,,,,,,,,
33,,,162019,,,,,,,,,,0.000978844240307808,,,,,,,,,
33,,,162039,,,,,,,,,,0.4782494306564331,,,,,,,,,
33,,,162059,,,,,,,,,,0.026734212413430214,,,,,,,,,
33,,,162079,,,,,,,,,,4.679869016399607e-05,,,,,,,,,
33,,,162099,,,,,,,,,,0.0646442100405693,,,,,,,,,
33,,,162119,,,,,,,,,,0.005111593287438154,,,,,,,,,
33,,,162139,,,,,,,,,,0.00013426221266854554,,,,,,,,,
33,,,162159,,,,,,,,,,0.09091776609420776,,,,,,,,,
33,,,162179,,,,,,,,,,0.08442047238349915,,,,,,,,,
33,,,162199,,,,,,,,,,6.545736687257886e-05,,,,,,,,,
33,,,162219,,,,,,,,,,0.00048460334073752165,,,,,,,,,
33,,,162239,,,,,,,,,,5.8810011978494003e-05,,,,,,,,,
33,,,162259,,,,,,,,,,0.00018267633276991546,,,,,,,,,
33,,,162279,,,,,,,,,,0.0002191235835198313,,,,,,,,,
33,,,162281,,,,,,,,,,,0.5973902940750122,0.7355177402496338,0.6313352584838867,9.635873794555664,0.7767175436019897,0.32832685112953186,0.6412429213523865,0.9121922254562378,0.5973902940750122
33,,,162281,,,,,,,,0.99016273021698,0.024497579783201218,,,,,,,,,,
,2.5279558154618197e-05,2.5279558154618197e-05,162282,,,,,,,,,,,,,,,,,,,
34,,,162299,,,,,,,,,,9.094447159441188e-05,,,,,,,,,
34,,,162319,,,,,,,,,,0.035744138062000275,,,,,,,,,
34,,,162339,,,,,,,,,,0.02197839692234993,,,,,,,,,
34,,,162359,,,,,,,,,,4.22241146225133e-06,,,,,,,,,
34,,,162379,,,,,,,,,,7.047616236377507e-05,,,,,,,,,
34,,,162399,,,,,,,,,,2.572585071902722e-05,,,,,,,,,
34,,,162419,,,,,,,,,,9.46213913266547e-05,,,,,,,,,
34,,,162439,,,,,,,,,,5.816600605612621e-05,,,,,,,,,
34,,,162459,,,,,,,,,,0.00015475264808628708,,,,,,,,,
34,,,162479,,,,,,,,,,0.10901099443435669,,,,,,,,,
34,,,162499,,,,,,,,,,0.0182015523314476,,,,,,,,,
34,,,162519,,,,,,,,,,0.010095530189573765,,,,,,,,,
34,,,162539,,,,,,,,,,3.7966136005707085e-05,,,,,,,,,
34,,,162559,,,,,,,,,,0.003641270799562335,,,,,,,,,
34,,,162579,,,,,,,,,,0.0002055399090750143,,,,,,,,,
34,,,162599,,,,,,,,,,7.389541860902682e-05,,,,,,,,,
34,,,162619,,,,,,,,,,0.0005749068805016577,,,,,,,,,
34,,,162639,,,,,,,,,,0.00012992099800612777,,,,,,,,,
34,,,162659,,,,,,,,,,0.00022771290969103575,,,,,,,,,
34,,,162679,,,,,,,,,,0.00028221181128174067,,,,,,,,,
34,,,162699,,,,,,,,,,0.00044130522292107344,,,,,,,,,
34,,,162719,,,,,,,,,,0.09059924632310867,,,,,,,,,
34,,,162739,,,,,,,,,,0.14996059238910675,,,,,,,,,
34,,,162759,,,,,,,,,,0.001945244730450213,,,,,,,,,
34,,,162779,,,,,,,,,,4.31784292231896e-06,,,,,,,,,
34,,,162799,,,,,,,,,,0.00011037189688067883,,,,,,,,,
34,,,162819,,,,,,,,,,0.02502451092004776,,,,,,,,,
34,,,162839,,,,,,,,,,0.0021741841919720173,,,,,,,,,
34,,,162859,,,,,,,,,,0.08323372155427933,,,,,,,,,
34,,,162879,,,,,,,,,,0.02680283971130848,,,,,,,,,
34,,,162899,,,,,,,,,,0.018614158034324646,,,,,,,,,
34,,,162919,,,,,,,,,,0.0006468731444329023,,,,,,,,,
34,,,162939,,,,,,,,,,0.1675836145877838,,,,,,,,,
34,,,162959,,,,,,,,,,0.00017891344032250345,,,,,,,,,
34,,,162979,,,,,,,,,,0.0002380888327024877,,,,,,,,,
34,,,162999,,,,,,,,,,0.008264811709523201,,,,,,,,,
34,,,163019,,,,,,,,,,6.349271279759705e-05,,,,,,,,,
34,,,163039,,,,,,,,,,1.345300188404508e-05,,,,,,,,,
34,,,163059,,,,,,,,,,0.0514819510281086,,,,,,,,,
34,,,163079,,,,,,,,,,0.023738918825984,,,,,,,,,
34,,,163099,,,,,,,,,,5.683821291313507e-05,,,,,,,,,
34,,,163119,,,,,,,,,,0.00019521127978805453,,,,,,,,,
34,,,163139,,,,,,,,,,1.6644156858092174e-05,,,,,,,,,
34,,,163159,,,,,,,,,,0.02543831244111061,,,,,,,,,
34,,,163179,,,,,,,,,,0.000483580632135272,,,,,,,,,
34,,,163199,,,,,,,,,,0.0007411908591166139,,,,,,,,,
34,,,163219,,,,,,,,,,0.00015896292461548,,,,,,,,,
34,,,163239,,,,,,,,,,0.00275114132091403,,,,,,,,,
34,,,163259,,,,,,,,,,0.0003641430230345577,,,,,,,,,
34,,,163279,,,,,,,,,,0.002050639595836401,,,,,,,,,
34,,,163299,,,,,,,,,,0.0008593015954829752,,,,,,,,,
34,,,163319,,,,,,,,,,0.005553066730499268,,,,,,,,,
34,,,163339,,,,,,,,,,1.6896290617296472e-05,,,,,,,,,
34,,,163359,,,,,,,,,,0.001552394824102521,,,,,,,,,
34,,,163379,,,,,,,,,,0.11792591214179993,,,,,,,,,
34,,,163399,,,,,,,,,,0.0649350956082344,,,,,,,,,
34,,,163419,,,,,,,,,,0.0009467988274991512,,,,,,,,,
34,,,163439,,,,,,,,,,0.14567387104034424,,,,,,,,,
34,,,163459,,,,,,,,,,0.00022153019381221384,,,,,,,,,
34,,,163479,,,,,,,,,,5.640692506858613e-06,,,,,,,,,
34,,,163499,,,,,,,,,,0.0001395511208102107,,,,,,,,,
34,,,163519,,,,,,,,,,0.04966222122311592,,,,,,,,,
34,,,163539,,,,,,,,,,2.8354705136734992e-05,,,,,,,,,
34,,,163559,,,,,,,,,,2.0772660718648694e-05,,,,,,,,,
34,,,163579,,,,,,,,,,0.006794070824980736,,,,,,,,,
34,,,163599,,,,,,,,,,0.00034142722142860293,,,,,,,,,
34,,,163619,,,,,,,,,,4.702071237261407e-05,,,,,,,,,
34,,,163639,,,,,,,,,,0.016984201967716217,,,,,,,,,
34,,,163659,,,,,,,,,,1.2407193935359828e-05,,,,,,,,,
34,,,163679,,,,,,,,,,0.0007090575527399778,,,,,,,,,
34,,,163699,,,,,,,,,,1.9655193682410754e-05,,,,,,,,,
34,,,163719,,,,,,,,,,0.0002766095567494631,,,,,,,,,
34,,,163739,,,,,,,,,,0.03411557897925377,,,,,,,,,
34,,,163759,,,,,,,,,,0.08809607475996017,,,,,,,,,
34,,,163779,,,,,,,,,,0.0029940458480268717,,,,,,,,,
34,,,163799,,,,,,,,,,0.004090835805982351,,,,,,,,,
34,,,163819,,,,,,,,,,0.0004364944761618972,,,,,,,,,
34,,,163839,,,,,,,,,,0.20534873008728027,,,,,,,,,
34,,,163859,,,,,,,,,,0.007468908093869686,,,,,,,,,
34,,,163879,,,,,,,,,,1.497835273767123e-05,,,,,,,,,
34,,,163899,,,,,,,,,,0.0003338560345582664,,,,,,,,,
34,,,163919,,,,,,,,,,0.00019216662622056901,,,,,,,,,
34,,,163939,,,,,,,,,,0.0047754039987921715,,,,,,,,,
34,,,163959,,,,,,,,,,0.10233168303966522,,,,,,,,,
34,,,163979,,,,,,,,,,0.003939772490411997,,,,,,,,,
34,,,163999,,,,,,,,,,0.09993431717157364,,,,,,,,,
34,,,164019,,,,,,,,,,0.1549738049507141,,,,,,,,,
34,,,164039,,,,,,,,,,0.04056048393249512,,,,,,,,,
34,,,164059,,,,,,,,,,0.02861929126083851,,,,,,,,,
34,,,164079,,,,,,,,,,0.03229667246341705,,,,,,,,,
34,,,164099,,,,,,,,,,9.943665645550936e-05,,,,,,,,,
34,,,164119,,,,,,,,,,0.00012582533236127347,,,,,,,,,
34,,,164139,,,,,,,,,,3.343745265738107e-05,,,,,,,,,
34,,,164159,,,,,,,,,,0.038276977837085724,,,,,,,,,
34,,,164179,,,,,,,,,,0.000837873260024935,,,,,,,,,
34,,,164199,,,,,,,,,,3.4004482586169615e-05,,,,,,,,,
34,,,164219,,,,,,,,,,0.0023837198968976736,,,,,,,,,
34,,,164239,,,,,,,,,,0.06667725741863251,,,,,,,,,
34,,,164259,,,,,,,,,,0.007315381895750761,,,,,,,,,
34,,,164279,,,,,,,,,,0.0024625416845083237,,,,,,,,,
34,,,164299,,,,,,,,,,0.007731258403509855,,,,,,,,,
34,,,164319,,,,,,,,,,7.192225166363642e-05,,,,,,,,,
34,,,164339,,,,,,,,,,5.1568131311796606e-05,,,,,,,,,
34,,,164359,,,,,,,,,,0.002437384333461523,,,,,,,,,
34,,,164379,,,,,,,,,,0.009547595866024494,,,,,,,,,
34,,,164399,,,,,,,,,,0.033479806035757065,,,,,,,,,
34,,,164419,,,,,,,,,,0.05723223090171814,,,,,,,,,
34,,,164439,,,,,,,,,,5.768947448814288e-05,,,,,,,,,
34,,,164459,,,,,,,,,,9.147603850578889e-05,,,,,,,,,
34,,,164479,,,,,,,,,,0.026514573022723198,,,,,,,,,
34,,,164499,,,,,,,,,,0.01934155821800232,,,,,,,,,
34,,,164519,,,,,,,,,,0.0018114952836185694,,,,,,,,,
34,,,164539,,,,,,,,,,0.0006376989185810089,,,,,,,,,
34,,,164559,,,,,,,,,,0.026622965931892395,,,,,,,,,
34,,,164579,,,,,,,,,,0.004505150951445103,,,,,,,,,
34,,,164599,,,,,,,,,,0.09034394472837448,,,,,,,,,
34,,,164619,,,,,,,,,,0.07808659970760345,,,,,,,,,
34,,,164639,,,,,,,,,,3.478846701909788e-05,,,,,,,,,
34,,,164659,,,,,,,,,,0.012770777568221092,,,,,,,,,
34,,,164679,,,,,,,,,,0.20021145045757294,,,,,,,,,
34,,,164699,,,,,,,,,,0.0010005735093727708,,,,,,,,,
34,,,164719,,,,,,,,,,0.00022946106037124991,,,,,,,,,
34,,,164739,,,,,,,,,,0.00011704902135534212,,,,,,,,,
34,,,164759,,,,,,,,,,0.00012551549298223108,,,,,,,,,
34,,,164779,,,,,,,,,,0.00010098140774061903,,,,,,,,,
34,,,164799,,,,,,,,,,0.0666106566786766,,,,,,,,,
34,,,164819,,,,,,,,,,9.703535761218518e-05,,,,,,,,,
34,,,164839,,,,,,,,,,5.299963595462032e-05,,,,,,,,,
34,,,164859,,,,,,,,,,0.031642764806747437,,,,,,,,,
34,,,164879,,,,,,,,,,0.039358992129564285,,,,,,,,,
34,,,164899,,,,,,,,,,0.0029040263034403324,,,,,,,,,
34,,,164919,,,,,,,,,,4.922377775073983e-05,,,,,,,,,
34,,,164939,,,,,,,,,,0.006262126844376326,,,,,,,,,
34,,,164959,,,,,,,,,,0.029852591454982758,,,,,,,,,
34,,,164979,,,,,,,,,,0.0003649385180324316,,,,,,,,,
34,,,164999,,,,,,,,,,0.03272533044219017,,,,,,,,,
34,,,165019,,,,,,,,,,0.0011733612045645714,,,,,,,,,
34,,,165039,,,,,,,,,,0.00029507343424484134,,,,,,,,,
34,,,165059,,,,,,,,,,0.0002639492740854621,,,,,,,,,
34,,,165079,,,,,,,,,,9.213227895088494e-05,,,,,,,,,
34,,,165099,,,,,,,,,,0.0003841310681309551,,,,,,,,,
34,,,165119,,,,,,,,,,3.040398587472737e-05,,,,,,,,,
34,,,165139,,,,,,,,,,0.14132028818130493,,,,,,,,,
34,,,165159,,,,,,,,,,0.3944530785083771,,,,,,,,,
34,,,165179,,,,,,,,,,0.22175410389900208,,,,,,,,,
34,,,165199,,,,,,,,,,0.027230212464928627,,,,,,,,,
34,,,165219,,,,,,,,,,0.0020935586653649807,,,,,,,,,
34,,,165239,,,,,,,,,,0.0047434186562895775,,,,,,,,,
34,,,165259,,,,,,,,,,0.0012663878733292222,,,,,,,,,
34,,,165279,,,,,,,,,,0.07296107709407806,,,,,,,,,
34,,,165299,,,,,,,,,,0.0014107548631727695,,,,,,,,,
34,,,165319,,,,,,,,,,0.0011248912196606398,,,,,,,,,
34,,,165339,,,,,,,,,,0.08283261954784393,,,,,,,,,
34,,,165359,,,,,,,,,,8.956203964771703e-05,,,,,,,,,
34,,,165379,,,,,,,,,,2.2895785150467418e-05,,,,,,,,,
34,,,165399,,,,,,,,,,0.00020548701286315918,,,,,,,,,
34,,,165419,,,,,,,,,,0.014704490080475807,,,,,,,,,
34,,,165439,,,,,,,,,,0.007074710447341204,,,,,,,,,
34,,,165459,,,,,,,,,,0.02793186716735363,,,,,,,,,
34,,,165479,,,,,,,,,,5.292418063618243e-05,,,,,,,,,
34,,,165499,,,,,,,,,,0.0025041336193680763,,,,,,,,,
34,,,165519,,,,,,,,,,0.44976547360420227,,,,,,,,,
34,,,165539,,,,,,,,,,0.0006226961850188673,,,,,,,,,
34,,,165559,,,,,,,,,,0.028004024177789688,,,,,,,,,
34,,,165579,,,,,,,,,,0.0002968246990349144,,,,,,,,,
34,,,165599,,,,,,,,,,0.00017656671116128564,,,,,,,,,
34,,,165619,,,,,,,,,,0.001974791754037142,,,,,,,,,
34,,,165639,,,,,,,,,,0.004258407279849052,,,,,,,,,
34,,,165659,,,,,,,,,,0.03159165382385254,,,,,,,,,
34,,,165679,,,,,,,,,,0.00024750997545197606,,,,,,,,,
34,,,165699,,,,,,,,,,3.618592381826602e-05,,,,,,,,,
34,,,165719,,,,,,,,,,0.006667741574347019,,,,,,,,,
34,,,165739,,,,,,,,,,0.08507046848535538,,,,,,,,,
34,,,165759,,,,,,,,,,0.0034887990914285183,,,,,,,,,
34,,,165779,,,,,,,,,,0.000814331229776144,,,,,,,,,
34,,,165799,,,,,,,,,,0.0006292551988735795,,,,,,,,,
34,,,165819,,,,,,,,,,0.00011799468484241515,,,,,,,,,
34,,,165839,,,,,,,,,,5.351840809453279e-05,,,,,,,,,
34,,,165859,,,,,,,,,,0.0001834220311138779,,,,,,,,,
34,,,165879,,,,,,,,,,0.24749615788459778,,,,,,,,,
34,,,165899,,,,,,,,,,4.775525667355396e-05,,,,,,,,,
34,,,165919,,,,,,,,,,0.014911024831235409,,,,,,,,,
34,,,165939,,,,,,,,,,3.15246288664639e-05,,,,,,,,,
34,,,165959,,,,,,,,,,0.055698785930871964,,,,,,,,,
34,,,165979,,,,,,,,,,3.583094076020643e-05,,,,,,,,,
34,,,165999,,,,,,,,,,0.05629550293087959,,,,,,,,,
34,,,166019,,,,,,,,,,0.02800673618912697,,,,,,,,,
34,,,166039,,,,,,,,,,0.00011630710650933906,,,,,,,,,
34,,,166059,,,,,,,,,,0.00011644031474133953,,,,,,,,,
34,,,166079,,,,,,,,,,0.02917066216468811,,,,,,,,,
34,,,166099,,,,,,,,,,0.0003782032581511885,,,,,,,,,
34,,,166119,,,,,,,,,,0.02553010731935501,,,,,,,,,
34,,,166139,,,,,,,,,,0.0691256895661354,,,,,,,,,
34,,,166159,,,,,,,,,,2.995048271259293e-05,,,,,,,,,
34,,,166179,,,,,,,,,,0.000362429884262383,,,,,,,,,
34,,,166199,,,,,,,,,,0.00026849188725464046,,,,,,,,,
34,,,166219,,,,,,,,,,0.0786789134144783,,,,,,,,,
34,,,166239,,,,,,,,,,0.0001257913827430457,,,,,,,,,
34,,,166259,,,,,,,,,,4.262404763721861e-05,,,,,,,,,
34,,,166279,,,,,,,,,,0.0022019657772034407,,,,,,,,,
34,,,166299,,,,,,,,,,0.036132048815488815,,,,,,,,,
34,,,166319,,,,,,,,,,0.026292379945516586,,,,,,,,,
34,,,166339,,,,,,,,,,3.367398676346056e-05,,,,,,,,,
34,,,166359,,,,,,,,,,0.001183700980618596,,,,,,,,,
34,,,166379,,,,,,,,,,1.5256520782713778e-05,,,,,,,,,
34,,,166399,,,,,,,,,,0.03979357331991196,,,,,,,,,
34,,,166419,,,,,,,,,,3.32129820890259e-05,,,,,,,,,
34,,,166439,,,,,,,,,,0.0345902293920517,,,,,,,,,
34,,,166459,,,,,,,,,,0.05467560142278671,,,,,,,,,
34,,,166479,,,,,,,,,,0.006928630638867617,,,,,,,,,
34,,,166499,,,,,,,,,,0.0019383837934583426,,,,,,,,,
34,,,166519,,,,,,,,,,0.005725103430449963,,,,,,,,,
34,,,166539,,,,,,,,,,8.997281838674098e-05,,,,,,,,,
34,,,166559,,,,,,,,,,0.0013550984440371394,,,,,,,,,
34,,,166579,,,,,,,,,,8.879998495103791e-05,,,,,,,,,
34,,,166599,,,,,,,,,,1.0066853064927272e-05,,,,,,,,,
34,,,166619,,,,,,,,,,0.00831917580217123,,,,,,,,,
34,,,166639,,,,,,,,,,9.345144644612446e-05,,,,,,,,,
34,,,166659,,,,,,,,,,0.08289781957864761,,,,,,,,,
34,,,166679,,,,,,,,,,0.0264433640986681,,,,,,,,,
34,,,166699,,,,,,,,,,7.836923941795249e-06,,,,,,,,,
34,,,166719,,,,,,,,,,0.03652408719062805,,,,,,,,,
34,,,166739,,,,,,,,,,0.18733792006969452,,,,,,,,,
34,,,166759,,,,,,,,,,5.90534255024977e-05,,,,,,,,,
34,,,166779,,,,,,,,,,4.007486131740734e-05,,,,,,,,,
34,,,166799,,,,,,,,,,0.0004020998312626034,,,,,,,,,
34,,,166819,,,,,,,,,,0.04160744696855545,,,,,,,,,
34,,,166839,,,,,,,,,,0.0001341114257229492,,,,,,,,,
34,,,166859,,,,,,,,,,0.0003285220009274781,,,,,,,,,
34,,,166879,,,,,,,,,,0.3060944974422455,,,,,,,,,
34,,,166899,,,,,,,,,,8.735568553674966e-05,,,,,,,,,
34,,,166919,,,,,,,,,,5.3090778237674385e-05,,,,,,,,,
34,,,166939,,,,,,,,,,0.000562152941711247,,,,,,,,,
34,,,166959,,,,,,,,,,0.004152165725827217,,,,,,,,,
34,,,166979,,,,,,,,,,0.00024214648874476552,,,,,,,,,
34,,,166999,,,,,,,,,,0.0032567677553743124,,,,,,,,,
34,,,167019,,,,,,,,,,0.09743539988994598,,,,,,,,,
34,,,167039,,,,,,,,,,0.2779952883720398,,,,,,,,,
34,,,167054,,,,,,,,,,,0.6132032871246338,0.8014630079269409,0.6520824432373047,8.60338306427002,0.7968356609344482,0.36662060022354126,0.6782744526863098,0.9153969287872314,0.6132032871246338
34,,,167054,,,,,,,,0.9909974932670593,0.023649198934435844,,,,,,,,,,
,1.7711810347746757e-05,1.7711810347746757e-05,167055,,,,,,,,,,,,,,,,,,,
35,,,167059,,,,,,,,,,0.014303197152912617,,,,,,,,,
35,,,167079,,,,,,,,,,0.015751514583826065,,,,,,,,,
35,,,167099,,,,,,,,,,0.003515091724693775,,,,,,,,,
35,,,167119,,,,,,,,,,0.0001384456700179726,,,,,,,,,
35,,,167139,,,,,,,,,,0.00026736175641417503,,,,,,,,,
35,,,167159,,,,,,,,,,0.0035235020332038403,,,,,,,,,
35,,,167179,,,,,,,,,,0.001017630798742175,,,,,,,,,
35,,,167199,,,,,,,,,,0.008681432344019413,,,,,,,,,
35,,,167219,,,,,,,,,,0.00032145174918696284,,,,,,,,,
35,,,167239,,,,,,,,,,0.1262424737215042,,,,,,,,,
35,,,167259,,,,,,,,,,0.00035231144283898175,,,,,,,,,
35,,,167279,,,,,,,,,,0.2103734016418457,,,,,,,,,
35,,,167299,,,,,,,,,,0.017113443464040756,,,,,,,,,
35,,,167319,,,,,,,,,,0.008630381897091866,,,,,,,,,
35,,,167339,,,,,,,,,,0.04979227855801582,,,,,,,,,
35,,,167359,,,,,,,,,,1.64508746820502e-05,,,,,,,,,
35,,,167379,,,,,,,,,,0.030535981059074402,,,,,,,,,
35,,,167399,,,,,,,,,,0.010422761552035809,,,,,,,,,
35,,,167419,,,,,,,,,,0.07450580596923828,,,,,,,,,
35,,,167439,,,,,,,,,,0.002820268040522933,,,,,,,,,
35,,,167459,,,,,,,,,,0.0017163222655653954,,,,,,,,,
35,,,167479,,,,,,,,,,0.00012208009138703346,,,,,,,,,
35,,,167499,,,,,,,,,,0.007977638393640518,,,,,,,,,
35,,,167519,,,,,,,,,,2.9131788323866203e-05,,,,,,,,,
35,,,167539,,,,,,,,,,0.0004053854790981859,,,,,,,,,
35,,,167559,,,,,,,,,,0.00817111786454916,,,,,,,,,
35,,,167579,,,,,,,,,,8.064957910391968e-06,,,,,,,,,
35,,,167599,,,,,,,,,,0.018427249044179916,,,,,,,,,
35,,,167619,,,,,,,,,,0.03332701325416565,,,,,,,,,
35,,,167639,,,,,,,,,,0.024983873590826988,,,,,,,,,
35,,,167659,,,,,,,,,,0.02948123961687088,,,,,,,,,
35,,,167679,,,,,,,,,,0.0005063426215201616,,,,,,,,,
35,,,167699,,,,,,,,,,2.640703496581409e-05,,,,,,,,,
35,,,167719,,,,,,,,,,0.031751371920108795,,,,,,,,,
35,,,167739,,,,,,,,,,0.00022900779731571674,,,,,,,,,
35,,,167759,,,,,,,,,,0.00011503560381243005,,,,,,,,,
35,,,167779,,,,,,,,,,5.297821917338297e-05,,,,,,,,,
35,,,167799,,,,,,,,,,0.0001397325686411932,,,,,,,,,
35,,,167819,,,,,,,,,,0.0002166941703762859,,,,,,,,,
35,,,167839,,,,,,,,,,4.4515963963931426e-05,,,,,,,,,
35,,,167859,,,,,,,,,,0.026424333453178406,,,,,,,,,
35,,,167879,,,,,,,,,,0.0033371341414749622,,,,,,,,,
35,,,167899,,,,,,,,,,0.0006974959978833795,,,,,,,,,
35,,,167919,,,,,,,,,,0.04631699249148369,,,,,,,,,
35,,,167939,,,,,,,,,,0.03695801645517349,,,,,,,,,
35,,,167959,,,,,,,,,,0.026463106274604797,,,,,,,,,
35,,,167979,,,,,,,,,,0.1633816659450531,,,,,,,,,
35,,,167999,,,,,,,,,,0.0012286475393921137,,,,,,,,,
35,,,168019,,,,,,,,,,0.0004497405025176704,,,,,,,,,
35,,,168039,,,,,,,,,,0.11124330013990402,,,,,,,,,
35,,,168059,,,,,,,,,,0.00016233205678872764,,,,,,,,,
35,,,168079,,,,,,,,,,0.00015459312999155372,,,,,,,,,
35,,,168099,,,,,,,,,,0.00012146515655331314,,,,,,,,,
35,,,168119,,,,,,,,,,0.13631142675876617,,,,,,,,,
35,,,168139,,,,,,,,,,0.0001010457199299708,,,,,,,,,
35,,,168159,,,,,,,,,,4.680630809161812e-05,,,,,,,,,
35,,,168179,,,,,,,,,,6.458223651861772e-05,,,,,,,,,
35,,,168199,,,,,,,,,,0.0001503838284406811,,,,,,,,,
35,,,168219,,,,,,,,,,0.07558984309434891,,,,,,,,,
35,,,168239,,,,,,,,,,0.027833858504891396,,,,,,,,,
35,,,168259,,,,,,,,,,0.015409760177135468,,,,,,,,,
35,,,168279,,,,,,,,,,0.00011643765901681036,,,,,,,,,
35,,,168299,,,,,,,,,,0.0006562762428075075,,,,,,,,,
35,,,168319,,,,,,,,,,0.0008884532726369798,,,,,,,,,
35,,,168339,,,,,,,,,,0.034974414855241776,,,,,,,,,
35,,,168359,,,,,,,,,,0.07163259387016296,,,,,,,,,
35,,,168379,,,,,,,,,,0.00012086970673408359,,,,,,,,,
35,,,168399,,,,,,,,,,0.0033351066522300243,,,,,,,,,
35,,,168419,,,,,,,,,,0.0711829885840416,,,,,,,,,
35,,,168439,,,,,,,,,,0.0496138334274292,,,,,,,,,
35,,,168459,,,,,,,,,,0.016479281708598137,,,,,,,,,
35,,,168479,,,,,,,,,,4.012805948150344e-05,,,,,,,,,
35,,,168499,,,,,,,,,,3.8522062823176384e-05,,,,,,,,,
35,,,168519,,,,,,,,,,0.013797631487250328,,,,,,,,,
35,,,168539,,,,,,,,,,0.06644085794687271,,,,,,,,,
35,,,168559,,,,,,,,,,0.00046794043737463653,,,,,,,,,
35,,,168579,,,,,,,,,,0.018938574939966202,,,,,,,,,
35,,,168599,,,,,,,,,,1.4610239304602146e-05,,,,,,,,,
35,,,168619,,,,,,,,,,3.76573225366883e-05,,,,,,,,,
35,,,168639,,,,,,,,,,0.0006086325738579035,,,,,,,,,
35,,,168659,,,,,,,,,,0.0001219444748130627,,,,,,,,,
35,,,168679,,,,,,,,,,0.04450749233365059,,,,,,,,,
35,,,168699,,,,,,,,,,0.0006108978996053338,,,,,,,,,
35,,,168719,,,,,,,,,,0.0007667571189813316,,,,,,,,,
35,,,168739,,,,,,,,,,0.000254605314694345,,,,,,,,,
35,,,168759,,,,,,,,,,2.5107299734372646e-05,,,,,,,,,
35,,,168779,,,,,,,,,,6.218708676897222e-06,,,,,,,,,
35,,,168799,,,,,,,,,,0.00021310690499376506,,,,,,,,,
35,,,168819,,,,,,,,,,0.03372740373015404,,,,,,,,,
35,,,168839,,,,,,,,,,2.55014074355131e-05,,,,,,,,,
35,,,168859,,,,,,,,,,0.0007470995187759399,,,,,,,,,
35,,,168879,,,,,,,,,,0.00013389572268351912,,,,,,,,,
35,,,168899,,,,,,,,,,3.607360486057587e-05,,,,,,,,,
35,,,168919,,,,,,,,,,0.04030301421880722,,,,,,,,,
35,,,168939,,,,,,,,,,1.982514550036285e-05,,,,,,,,,
35,,,168959,,,,,,,,,,0.03936048597097397,,,,,,,,,
35,,,168979,,,,,,,,,,0.04632806032896042,,,,,,,,,
35,,,168999,,,,,,,,,,0.051049087196588516,,,,,,,,,
35,,,169019,,,,,,,,,,0.0006144201615825295,,,,,,,,,
35,,,169039,,,,,,,,,,0.0006040151929482818,,,,,,,,,
35,,,169059,,,,,,,,,,0.0009509120136499405,,,,,,,,,
35,,,169079,,,,,,,,,,0.00018372508930042386,,,,,,,,,
35,,,169099,,,,,,,,,,0.000665346859022975,,,,,,,,,
35,,,169119,,,,,,,,,,0.03629998490214348,,,,,,,,,
35,,,169139,,,,,,,,,,0.007951773703098297,,,,,,,,,
35,,,169159,,,,,,,,,,0.007171910256147385,,,,,,,,,
35,,,169179,,,,,,,,,,0.00017569991177879274,,,,,,,,,
35,,,169199,,,,,,,,,,0.039315879344940186,,,,,,,,,
35,,,169219,,,,,,,,,,6.878645217511803e-05,,,,,,,,,
35,,,169239,,,,,,,,,,0.0003423426242079586,,,,,,,,,
35,,,169259,,,,,,,,,,0.00017860345542430878,,,,,,,,,
35,,,169279,,,,,,,,,,0.000725588237401098,,,,,,,,,
35,,,169299,,,,,,,,,,0.21401715278625488,,,,,,,,,
35,,,169319,,,,,,,,,,3.3670054108370095e-05,,,,,,,,,
35,,,169339,,,,,,,,,,0.06412559002637863,,,,,,,,,
35,,,169359,,,,,,,,,,0.14351139962673187,,,,,,,,,
35,,,169379,,,,,,,,,,0.005177393555641174,,,,,,,,,
35,,,169399,,,,,,,,,,3.280389137216844e-05,,,,,,,,,
35,,,169419,,,,,,,,,,9.438036067876965e-05,,,,,,,,,
35,,,169439,,,,,,,,,,0.009400212205946445,,,,,,,,,
35,,,169459,,,,,,,,,,0.00015511014498770237,,,,,,,,,
35,,,169479,,,,,,,,,,0.07432983070611954,,,,,,,,,
35,,,169499,,,,,,,,,,9.529311500955373e-05,,,,,,,,,
35,,,169519,,,,,,,,,,0.004621998872607946,,,,,,,,,
35,,,169539,,,,,,,,,,0.0026972051709890366,,,,,,,,,
35,,,169559,,,,,,,,,,0.001094778417609632,,,,,,,,,
35,,,169579,,,,,,,,,,5.9898331528529525e-05,,,,,,,,,
35,,,169599,,,,,,,,,,0.0022877310402691364,,,,,,,,,
35,,,169619,,,,,,,,,,0.00048259602044709027,,,,,,,,,
35,,,169639,,,,,,,,,,0.0008801565272733569,,,,,,,,,
35,,,169659,,,,,,,,,,0.00019943997904192656,,,,,,,,,
35,,,169679,,,,,,,,,,0.00042539089918136597,,,,,,,,,
35,,,169699,,,,,,,,,,6.472813402069733e-05,,,,,,,,,
35,,,169719,,,,,,,,,,0.000486284086946398,,,,,,,,,
35,,,169739,,,,,,,,,,0.00034487739321775734,,,,,,,,,
35,,,169759,,,,,,,,,,6.336609658319503e-05,,,,,,,,,
35,,,169779,,,,,,,,,,0.0008632620447315276,,,,,,,,,
35,,,169799,,,,,,,,,,0.0036841300316154957,,,,,,,,,
35,,,169819,,,,,,,,,,0.1153574287891388,,,,,,,,,
35,,,169839,,,,,,,,,,0.00024256930919364095,,,,,,,,,
35,,,169859,,,,,,,,,,0.03409895673394203,,,,,,,,,
35,,,169879,,,,,,,,,,0.00046139449113979936,,,,,,,,,
35,,,169899,,,,,,,,,,0.00035824975930154324,,,,,,,,,
35,,,169919,,,,,,,,,,0.0001749969378579408,,,,,,,,,
35,,,169939,,,,,,,,,,3.427193223615177e-05,,,,,,,,,
35,,,169959,,,,,,,,,,6.825522723374888e-05,,,,,,,,,
35,,,169979,,,,,,,,,,0.00013237808889243752,,,,,,,,,
35,,,169999,,,,,,,,,,0.007753527723252773,,,,,,,,,
35,,,170019,,,,,,,,,,4.795246695721289e-06,,,,,,,,,
35,,,170039,,,,,,,,,,0.04189438000321388,,,,,,,,,
35,,,170059,,,,,,,,,,0.1263974905014038,,,,,,,,,
35,,,170079,,,,,,,,,,0.06553318351507187,,,,,,,,,
35,,,170099,,,,,,,,,,0.0004076677723787725,,,,,,,,,
35,,,170119,,,,,,,,,,6.207656406331807e-05,,,,,,,,,
35,,,170139,,,,,,,,,,0.00018641895439941436,,,,,,,,,
35,,,170159,,,,,,,,,,4.072271258337423e-05,,,,,,,,,
35,,,170179,,,,,,,,,,0.013557332567870617,,,,,,,,,
35,,,170199,,,,,,,,,,4.2359799408586696e-05,,,,,,,,,
35,,,170219,,,,,,,,,,0.0005144253955222666,,,,,,,,,
35,,,170239,,,,,,,,,,0.0001975776394829154,,,,,,,,,
35,,,170259,,,,,,,,,,0.03600720316171646,,,,,,,,,
35,,,170279,,,,,,,,,,9.667603990237694e-06,,,,,,,,,
35,,,170299,,,,,,,,,,0.03167445585131645,,,,,,,,,
35,,,170319,,,,,,,,,,4.6955261495895684e-05,,,,,,,,,
35,,,170339,,,,,,,,,,0.0004276092513464391,,,,,,,,,
35,,,170359,,,,,,,,,,6.414268864318728e-05,,,,,,,,,
35,,,170379,,,,,,,,,,6.035087426425889e-05,,,,,,,,,
35,,,170399,,,,,,,,,,0.0006734486669301987,,,,,,,,,
35,,,170419,,,,,,,,,,0.0017420246731489897,,,,,,,,,
35,,,170439,,,,,,,,,,0.0002456724178045988,,,,,,,,,
35,,,170459,,,,,,,,,,0.08733867853879929,,,,,,,,,
35,,,170479,,,,,,,,,,4.376258948468603e-05,,,,,,,,,
35,,,170499,,,,,,,,,,0.10126013308763504,,,,,,,,,
35,,,170519,,,,,,,,,,0.0005765092209912837,,,,,,,,,
35,,,170539,,,,,,,,,,0.016616547480225563,,,,,,,,,
35,,,170559,,,,,,,,,,0.001026826212182641,,,,,,,,,
35,,,170579,,,,,,,,,,2.5600256776669994e-05,,,,,,,,,
35,,,170599,,,,,,,,,,0.056094784289598465,,,,,,,,,
35,,,170619,,,,,,,,,,0.026420243084430695,,,,,,,,,
35,,,170639,,,,,,,,,,3.11886724375654e-05,,,,,,,,,
35,,,170659,,,,,,,,,,0.000210434605833143,,,,,,,,,
35,,,170679,,,,,,,,,,0.032944947481155396,,,,,,,,,
35,,,170699,,,,,,,,,,0.02598503604531288,,,,,,,,,
35,,,170719,,,,,,,,,,0.05696544796228409,,,,,,,,,
35,,,170739,,,,,,,,,,0.018545793369412422,,,,,,,,,
35,,,170759,,,,,,,,,,0.00037066807271912694,,,,,,,,,
35,,,170779,,,,,,,,,,0.0009338437230326235,,,,,,,,,
35,,,170799,,,,,,,,,,0.03271699696779251,,,,,,,,,
35,,,170819,,,,,,,,,,0.018901804462075233,,,,,,,,,
35,,,170839,,,,,,,,,,0.00016968345153145492,,,,,,,,,
35,,,170859,,,,,,,,,,0.05827246233820915,,,,,,,,,
35,,,170879,,,,,,,,,,9.031421359395608e-05,,,,,,,,,
35,,,170899,,,,,,,,,,0.1285403072834015,,,,,,,,,
35,,,170919,,,,,,,,,,0.00010995783668477088,,,,,,,,,
35,,,170939,,,,,,,,,,0.04296071454882622,,,,,,,,,
35,,,170959,,,,,,,,,,7.042686775093898e-05,,,,,,,,,
35,,,170979,,,,,,,,,,0.0435943640768528,,,,,,,,,
35,,,170999,,,,,,,,,,6.360428233165294e-05,,,,,,,,,
35,,,171019,,,,,,,,,,0.037975847721099854,,,,,,,,,
35,,,171039,,,,,,,,,,0.00022955649183131754,,,,,,,,,
35,,,171059,,,,,,,,,,0.006375949364155531,,,,,,,,,
35,,,171079,,,,,,,,,,0.0020797359757125378,,,,,,,,,
35,,,171099,,,,,,,,,,8.30533099360764e-05,,,,,,,,,
35,,,171119,,,,,,,,,,0.00029654137324541807,,,,,,,,,
35,,,171139,,,,,,,,,,0.00021717502386309206,,,,,,,,,
35,,,171159,,,,,,,,,,0.05913340672850609,,,,,,,,,
35,,,171179,,,,,,,,,,4.9165562813868746e-05,,,,,,,,,
35,,,171199,,,,,,,,,,0.0004112649767193943,,,,,,,,,
35,,,171219,,,,,,,,,,0.002648869762197137,,,,,,,,,
35,,,171239,,,,,,,,,,0.12614300847053528,,,,,,,,,
35,,,171259,,,,,,,,,,0.0007240019622258842,,,,,,,,,
35,,,171279,,,,,,,,,,6.724356353515759e-05,,,,,,,,,
35,,,171299,,,,,,,,,,2.508253373889602e-06,,,,,,,,,
35,,,171319,,,,,,,,,,8.332803554367274e-05,,,,,,,,,
35,,,171339,,,,,,,,,,0.02365977130830288,,,,,,,,,
35,,,171359,,,,,,,,,,2.420518831058871e-05,,,,,,,,,
35,,,171379,,,,,,,,,,5.117515684105456e-05,,,,,,,,,
35,,,171399,,,,,,,,,,1.3087330444250256e-05,,,,,,,,,
35,,,171419,,,,,,,,,,0.03102811798453331,,,,,,,,,
35,,,171439,,,,,,,,,,0.00017949810717254877,,,,,,,,,
35,,,171459,,,,,,,,,,0.020693598315119743,,,,,,,,,
35,,,171479,,,,,,,,,,0.01118466816842556,,,,,,,,,
35,,,171499,,,,,,,,,,0.04408601298928261,,,,,,,,,
35,,,171519,,,,,,,,,,1.3333528841030784e-05,,,,,,,,,
35,,,171539,,,,,,,,,,0.13591228425502777,,,,,,,,,
35,,,171559,,,,,,,,,,0.0001054538952303119,,,,,,,,,
35,,,171579,,,,,,,,,,2.538738408475183e-05,,,,,,,,,
35,,,171599,,,,,,,,,,8.318616164615378e-05,,,,,,,,,
35,,,171619,,,,,,,,,,0.005059916991740465,,,,,,,,,
35,,,171639,,,,,,,,,,6.84135957271792e-05,,,,,,,,,
35,,,171659,,,,,,,,,,0.13926178216934204,,,,,,,,,
35,,,171679,,,,,,,,,,0.0002602031745482236,,,,,,,,,
35,,,171699,,,,,,,,,,0.0002299269544892013,,,,,,,,,
35,,,171719,,,,,,,,,,0.00019434906425885856,,,,,,,,,
35,,,171739,,,,,,,,,,0.000169169987202622,,,,,,,,,
35,,,171759,,,,,,,,,,0.08074112981557846,,,,,,,,,
35,,,171779,,,,,,,,,,0.002598182763904333,,,,,,,,,
35,,,171799,,,,,,,,,,0.0005261973710730672,,,,,,,,,
35,,,171819,,,,,,,,,,0.00028337686671875417,,,,,,,,,
35,,,171827,,,,,,,,,,,0.5860321521759033,0.7239750623703003,0.6173246502876282,10.552581787109375,0.7848397493362427,0.31308451294898987,0.6598279476165771,0.9098515510559082,0.5860321521759033
35,,,171827,,,,,,,,0.9910664558410645,0.022496169432997704,,,,,,,,,,
,1.1418070123306989e-05,1.1418070123306989e-05,171828,,,,,,,,,,,,,,,,,,,
36,,,171839,,,,,,,,,,0.027237161993980408,,,,,,,,,
36,,,171859,,,,,,,,,,0.021119171753525734,,,,,,,,,
36,,,171879,,,,,,,,,,0.0007337020942941308,,,,,,,,,
36,,,171899,,,,,,,,,,0.013543275184929371,,,,,,,,,
36,,,171919,,,,,,,,,,0.00031444727210327983,,,,,,,,,
36,,,171939,,,,,,,,,,0.006022668443620205,,,,,,,,,
36,,,171959,,,,,,,,,,3.805385858868249e-05,,,,,,,,,
36,,,171979,,,,,,,,,,0.0013796446146443486,,,,,,,,,
36,,,171999,,,,,,,,,,4.240353882778436e-05,,,,,,,,,
36,,,172019,,,,,,,,,,0.00020151087664999068,,,,,,,,,
36,,,172039,,,,,,,,,,0.0003957157605327666,,,,,,,,,
36,,,172059,,,,,,,,,,0.1696397215127945,,,,,,,,,
36,,,172079,,,,,,,,,,0.03269253671169281,,,,,,,,,
36,,,172099,,,,,,,,,,1.6410496755270287e-05,,,,,,,,,
36,,,172119,,,,,,,,,,0.0009017358534038067,,,,,,,,,
36,,,172139,,,,,,,,,,0.0033839591778814793,,,,,,,,,
36,,,172159,,,,,,,,,,0.19046811759471893,,,,,,,,,
36,,,172179,,,,,,,,,,0.053461797535419464,,,,,,,,,
36,,,172199,,,,,,,,,,0.028278913348913193,,,,,,,,,
36,,,172219,,,,,,,,,,0.03687330335378647,,,,,,,,,
36,,,172239,,,,,,,,,,0.04107990115880966,,,,,,,,,
36,,,172259,,,,,,,,,,0.10550248622894287,,,,,,,,,
36,,,172279,,,,,,,,,,0.10198134928941727,,,,,,,,,
36,,,172299,,,,,,,,,,0.0349084734916687,,,,,,,,,
36,,,172319,,,,,,,,,,0.0006213827291503549,,,,,,,,,
36,,,172339,,,,,,,,,,0.04108980670571327,,,,,,,,,
36,,,172359,,,,,,,,,,0.0009379055118188262,,,,,,,,,
36,,,172379,,,,,,,,,,0.010715528391301632,,,,,,,,,
36,,,172399,,,,,,,,,,1.1251630894548725e-05,,,,,,,,,
36,,,172419,,,,,,,,,,0.0001085564072127454,,,,,,,,,
36,,,172439,,,,,,,,,,8.050788892433047e-05,,,,,,,,,
36,,,172459,,,,,,,,,,0.0006043505854904652,,,,,,,,,
36,,,172479,,,,,,,,,,0.0025811910163611174,,,,,,,,,
36,,,172499,,,,,,,,,,0.0002870128082577139,,,,,,,,,
36,,,172519,,,,,,,,,,0.010481917299330235,,,,,,,,,
36,,,172539,,,,,,,,,,0.0001179594692075625,,,,,,,,,
36,,,172559,,,,,,,,,,0.0009026054758578539,,,,,,,,,
36,,,172579,,,,,,,,,,4.617052400135435e-05,,,,,,,,,
36,,,172599,,,,,,,,,,0.00027789187151938677,,,,,,,,,
36,,,172619,,,,,,,,,,8.438300574198365e-05,,,,,,,,,
36,,,172639,,,,,,,,,,0.10310190916061401,,,,,,,,,
36,,,172659,,,,,,,,,,5.288972261041636e-06,,,,,,,,,
36,,,172679,,,,,,,,,,0.007054568268358707,,,,,,,,,
36,,,172699,,,,,,,,,,0.00036402675323188305,,,,,,,,,
36,,,172719,,,,,,,,,,0.00023594472440890968,,,,,,,,,
36,,,172739,,,,,,,,,,0.00016499259800184518,,,,,,,,,
36,,,172759,,,,,,,,,,0.0001703437592368573,,,,,,,,,
36,,,172779,,,,,,,,,,0.00024263301747851074,,,,,,,,,
36,,,172799,,,,,,,,,,0.00040344675653614104,,,,,,,,,
36,,,172819,,,,,,,,,,0.0379769466817379,,,,,,,,,
36,,,172839,,,,,,,,,,3.931687751901336e-05,,,,,,,,,
36,,,172859,,,,,,,,,,0.04196726158261299,,,,,,,,,
36,,,172879,,,,,,,,,,2.243672679469455e-05,,,,,,,,,
36,,,172899,,,,,,,,,,0.0006954216514714062,,,,,,,,,
36,,,172919,,,,,,,,,,0.0004662086721509695,,,,,,,,,
36,,,172939,,,,,,,,,,0.03166604042053223,,,,,,,,,
36,,,172959,,,,,,,,,,0.03204282373189926,,,,,,,,,
36,,,172979,,,,,,,,,,9.58047530730255e-05,,,,,,,,,
36,,,172999,,,,,,,,,,4.554457336780615e-05,,,,,,,,,
36,,,173019,,,,,,,,,,0.0034177149645984173,,,,,,,,,
36,,,173039,,,,,,,,,,3.095973079325631e-05,,,,,,,,,
36,,,173059,,,,,,,,,,8.087714377325028e-05,,,,,,,,,
36,,,173079,,,,,,,,,,2.081019374600146e-05,,,,,,,,,
36,,,173099,,,,,,,,,,0.0009430859936401248,,,,,,,,,
36,,,173119,,,,,,,,,,0.03873647004365921,,,,,,,,,
36,,,173139,,,,,,,,,,6.624453089898452e-05,,,,,,,,,
36,,,173159,,,,,,,,,,0.023039061576128006,,,,,,,,,
36,,,173179,,,,,,,,,,2.6105310098500922e-05,,,,,,,,,
36,,,173199,,,,,,,,,,0.036121491342782974,,,,,,,,,
36,,,173219,,,,,,,,,,0.0066443332470953465,,,,,,,,,
36,,,173239,,,,,,,,,,1.2238388990226667e-05,,,,,,,,,
36,,,173259,,,,,,,,,,0.0007966876728460193,,,,,,,,,
36,,,173279,,,,,,,,,,0.0598277784883976,,,,,,,,,
36,,,173299,,,,,,,,,,0.0002113598311552778,,,,,,,,,
36,,,173319,,,,,,,,,,2.4464685338898562e-05,,,,,,,,,
36,,,173339,,,,,,,,,,0.0001118972577387467,,,,,,,,,
36,,,173359,,,,,,,,,,0.03593599051237106,,,,,,,,,
36,,,173379,,,,,,,,,,0.0008674588752910495,,,,,,,,,
36,,,173399,,,,,,,,,,0.17589344084262848,,,,,,,,,
36,,,173419,,,,,,,,,,0.03185953199863434,,,,,,,,,
36,,,173439,,,,,,,,,,0.002030302071943879,,,,,,,,,
36,,,173459,,,,,,,,,,0.00783517211675644,,,,,,,,,
36,,,173479,,,,,,,,,,0.002328018192201853,,,,,,,,,
36,,,173499,,,,,,,,,,0.009370910003781319,,,,,,,,,
36,,,173519,,,,,,,,,,0.004457953851670027,,,,,,,,,
36,,,173539,,,,,,,,,,9.309501911047846e-05,,,,,,,,,
36,,,173559,,,,,,,,,,0.00023077888181433082,,,,,,,,,
36,,,173579,,,,,,,,,,6.0823298554169014e-05,,,,,,,,,
36,,,173599,,,,,,,,,,5.591039371211082e-05,,,,,,,,,
36,,,173619,,,,,,,,,,4.509256541496143e-05,,,,,,,,,
36,,,173639,,,,,,,,,,0.00020267059153411537,,,,,,,,,
36,,,173659,,,,,,,,,,0.0070188650861382484,,,,,,,,,
36,,,173679,,,,,,,,,,0.00015647980035282671,,,,,,,,,
36,,,173699,,,,,,,,,,8.164555038092658e-05,,,,,,,,,
36,,,173719,,,,,,,,,,0.000156679903739132,,,,,,,,,
36,,,173739,,,,,,,,,,3.3923681712622056e-06,,,,,,,,,
36,,,173759,,,,,,,,,,0.0001561804092489183,,,,,,,,,
36,,,173779,,,,,,,,,,0.016279088333249092,,,,,,,,,
36,,,173799,,,,,,,,,,0.045762673020362854,,,,,,,,,
36,,,173819,,,,,,,,,,1.6973255696939304e-05,,,,,,,,,
36,,,173839,,,,,,,,,,3.8666476029902697e-05,,,,,,,,,
36,,,173859,,,,,,,,,,7.45889201425598e-06,,,,,,,,,
36,,,173879,,,,,,,,,,0.0506746806204319,,,,,,,,,
36,,,173899,,,,,,,,,,0.2610993981361389,,,,,,,,,
36,,,173919,,,,,,,,,,0.27167123556137085,,,,,,,,,
36,,,173939,,,,,,,,,,0.0006223727250471711,,,,,,,,,
36,,,173959,,,,,,,,,,0.03545425832271576,,,,,,,,,
36,,,173979,,,,,,,,,,0.00024494677199982107,,,,,,,,,
36,,,173999,,,,,,,,,,0.002353520365431905,,,,,,,,,
36,,,174019,,,,,,,,,,0.035585395991802216,,,,,,,,,
36,,,174039,,,,,,,,,,0.001183067448437214,,,,,,,,,
36,,,174059,,,,,,,,,,0.03640136867761612,,,,,,,,,
36,,,174079,,,,,,,,,,0.0007263715961016715,,,,,,,,,
36,,,174099,,,,,,,,,,0.00010157530778087676,,,,,,,,,
36,,,174119,,,,,,,,,,2.7987165594822727e-05,,,,,,,,,
36,,,174139,,,,,,,,,,0.0005732356221415102,,,,,,,,,
36,,,174159,,,,,,,,,,0.0006203590892255306,,,,,,,,,
36,,,174179,,,,,,,,,,0.07057993859052658,,,,,,,,,
36,,,174199,,,,,,,,,,0.023478463292121887,,,,,,,,,
36,,,174219,,,,,,,,,,0.017020761966705322,,,,,,,,,
36,,,174239,,,,,,,,,,0.006382158026099205,,,,,,,,,
36,,,174259,,,,,,,,,,0.0002354340540478006,,,,,,,,,
36,,,174279,,,,,,,,,,0.08621276170015335,,,,,,,,,
36,,,174299,,,,,,,,,,0.010873677209019661,,,,,,,,,
36,,,174319,,,,,,,,,,0.0002755481982603669,,,,,,,,,
36,,,174339,,,,,,,,,,0.0006892505334690213,,,,,,,,,
36,,,174359,,,,,,,,,,0.042215194553136826,,,,,,,,,
36,,,174379,,,,,,,,,,0.007086268160492182,,,,,,,,,
36,,,174399,,,,,,,,,,0.0187139343470335,,,,,,,,,
36,,,174419,,,,,,,,,,0.05182662233710289,,,,,,,,,
36,,,174439,,,,,,,,,,0.0003720023378264159,,,,,,,,,
36,,,174459,,,,,,,,,,0.022569166496396065,,,,,,,,,
36,,,174479,,,,,,,,,,0.008206106722354889,,,,,,,,,
36,,,174499,,,,,,,,,,0.001901200390420854,,,,,,,,,
36,,,174519,,,,,,,,,,0.02842007391154766,,,,,,,,,
36,,,174539,,,,,,,,,,0.004856273997575045,,,,,,,,,
36,,,174559,,,,,,,,,,0.034796927124261856,,,,,,,,,
36,,,174579,,,,,,,,,,0.016748148947954178,,,,,,,,,
36,,,174599,,,,,,,,,,0.47958144545555115,,,,,,,,,
36,,,174619,,,,,,,,,,0.03396393731236458,,,,,,,,,
36,,,174639,,,,,,,,,,8.91500440047821e-06,,,,,,,,,
36,,,174659,,,,,,,,,,0.00012746169522870332,,,,,,,,,
36,,,174679,,,,,,,,,,8.59112260513939e-05,,,,,,,,,
36,,,174699,,,,,,,,,,0.0023561755660921335,,,,,,,,,
36,,,174719,,,,,,,,,,1.2431287359504495e-05,,,,,,,,,
36,,,174739,,,,,,,,,,6.399144331226125e-05,,,,,,,,,
36,,,174759,,,,,,,,,,0.05823344364762306,,,,,,,,,
36,,,174779,,,,,,,,,,0.03564842790365219,,,,,,,,,
36,,,174799,,,,,,,,,,0.04575697332620621,,,,,,,,,
36,,,174819,,,,,,,,,,0.00013869121903553605,,,,,,,,,
36,,,174839,,,,,,,,,,0.0011494846548885107,,,,,,,,,
36,,,174859,,,,,,,,,,0.04898541420698166,,,,,,,,,
36,,,174879,,,,,,,,,,0.0031998842023313046,,,,,,,,,
36,,,174899,,,,,,,,,,0.03533506393432617,,,,,,,,,
36,,,174919,,,,,,,,,,0.03637577220797539,,,,,,,,,
36,,,174939,,,,,,,,,,0.022553080692887306,,,,,,,,,
36,,,174959,,,,,,,,,,0.08251824975013733,,,,,,,,,
36,,,174979,,,,,,,,,,0.0012414117809385061,,,,,,,,,
36,,,174999,,,,,,,,,,0.0011611341033130884,,,,,,,,,
36,,,175019,,,,,,,,,,0.00024620775366201997,,,,,,,,,
36,,,175039,,,,,,,,,,0.00032411640859209,,,,,,,,,
36,,,175059,,,,,,,,,,0.00011776304745581001,,,,,,,,,
36,,,175079,,,,,,,,,,2.1274934624671005e-05,,,,,,,,,
36,,,175099,,,,,,,,,,0.022872868925333023,,,,,,,,,
36,,,175119,,,,,,,,,,0.005049336701631546,,,,,,,,,
36,,,175139,,,,,,,,,,0.00024043855955824256,,,,,,,,,
36,,,175159,,,,,,,,,,0.023250708356499672,,,,,,,,,
36,,,175179,,,,,,,,,,0.00023870920995250344,,,,,,,,,
36,,,175199,,,,,,,,,,0.02110472321510315,,,,,,,,,
36,,,175219,,,,,,,,,,0.11582252383232117,,,,,,,,,
36,,,175239,,,,,,,,,,0.0013106695841997862,,,,,,,,,
36,,,175259,,,,,,,,,,0.0010508144041523337,,,,,,,,,
36,,,175279,,,,,,,,,,8.076677659119014e-06,,,,,,,,,
36,,,175299,,,,,,,,,,0.0001812026894185692,,,,,,,,,
36,,,175319,,,,,,,,,,2.599729850771837e-05,,,,,,,,,
36,,,175339,,,,,,,,,,0.00039943133015185595,,,,,,,,,
36,,,175359,,,,,,,,,,0.0007237211102619767,,,,,,,,,
36,,,175379,,,,,,,,,,0.04630976542830467,,,,,,,,,
36,,,175399,,,,,,,,,,0.00011599469871725887,,,,,,,,,
36,,,175419,,,,,,,,,,0.025278745219111443,,,,,,,,,
36,,,175439,,,,,,,,,,0.3128220736980438,,,,,,,,,
36,,,175459,,,,,,,,,,0.0002953311486635357,,,,,,,,,
36,,,175479,,,,,,,,,,0.00010314201063010842,,,,,,,,,
36,,,175499,,,,,,,,,,9.926623170031235e-05,,,,,,,,,
36,,,175519,,,,,,,,,,0.0003386439639143646,,,,,,,,,
36,,,175539,,,,,,,,,,0.00016878487076610327,,,,,,,,,
36,,,175559,,,,,,,,,,0.005653454922139645,,,,,,,,,
36,,,175579,,,,,,,,,,0.03548673540353775,,,,,,,,,
36,,,175599,,,,,,,,,,0.004360978491604328,,,,,,,,,
36,,,175619,,,,,,,,,,0.07997031509876251,,,,,,,,,
36,,,175639,,,,,,,,,,0.002377750352025032,,,,,,,,,
36,,,175659,,,,,,,,,,1.1519397048687097e-05,,,,,,,,,
36,,,175679,,,,,,,,,,0.2446867674589157,,,,,,,,,
36,,,175699,,,,,,,,,,0.0035480172373354435,,,,,,,,,
36,,,175719,,,,,,,,,,0.05418854206800461,,,,,,,,,
36,,,175739,,,,,,,,,,6.64478720864281e-05,,,,,,,,,
36,,,175759,,,,,,,,,,2.218488407379482e-05,,,,,,,,,
36,,,175779,,,,,,,,,,1.6935724488575943e-05,,,,,,,,,
36,,,175799,,,,,,,,,,0.10348784923553467,,,,,,,,,
36,,,175819,,,,,,,,,,0.0005574022070504725,,,,,,,,,
36,,,175839,,,,,,,,,,0.09667415916919708,,,,,,,,,
36,,,175859,,,,,,,,,,0.006649422459304333,,,,,,,,,
36,,,175879,,,,,,,,,,0.00010835636931005865,,,,,,,,,
36,,,175899,,,,,,,,,,9.942709766619373e-06,,,,,,,,,
36,,,175919,,,,,,,,,,0.001655452884733677,,,,,,,,,
36,,,175939,,,,,,,,,,0.08485345542430878,,,,,,,,,
36,,,175959,,,,,,,,,,0.007397584617137909,,,,,,,,,
36,,,175979,,,,,,,,,,0.0017409087158739567,,,,,,,,,
36,,,175999,,,,,,,,,,0.003337652189657092,,,,,,,,,
36,,,176019,,,,,,,,,,0.07769910246133804,,,,,,,,,
36,,,176039,,,,,,,,,,0.010674075223505497,,,,,,,,,
36,,,176059,,,,,,,,,,0.000294140016194433,,,,,,,,,
36,,,176079,,,,,,,,,,4.612144402926788e-05,,,,,,,,,
36,,,176099,,,,,,,,,,0.0009325857972726226,,,,,,,,,
36,,,176119,,,,,,,,,,0.0001422819186700508,,,,,,,,,
36,,,176139,,,,,,,,,,8.276676817331463e-05,,,,,,,,,
36,,,176159,,,,,,,,,,1.5194909792626277e-05,,,,,,,,,
36,,,176179,,,,,,,,,,0.002492498606443405,,,,,,,,,
36,,,176199,,,,,,,,,,4.9430936996941455e-06,,,,,,,,,
36,,,176219,,,,,,,,,,0.08074627816677094,,,,,,,,,
36,,,176239,,,,,,,,,,0.0001945199619513005,,,,,,,,,
36,,,176259,,,,,,,,,,0.0008037706138566136,,,,,,,,,
36,,,176279,,,,,,,,,,0.06101260334253311,,,,,,,,,
36,,,176299,,,,,,,,,,4.879084008280188e-05,,,,,,,,,
36,,,176319,,,,,,,,,,0.0020901456009596586,,,,,,,,,
36,,,176339,,,,,,,,,,0.0024803411215543747,,,,,,,,,
36,,,176359,,,,,,,,,,1.880321724456735e-05,,,,,,,,,
36,,,176379,,,,,,,,,,0.0002654493728186935,,,,,,,,,
36,,,176399,,,,,,,,,,0.07751378417015076,,,,,,,,,
36,,,176419,,,,,,,,,,0.022391730919480324,,,,,,,,,
36,,,176439,,,,,,,,,,4.382670158520341e-05,,,,,,,,,
36,,,176459,,,,,,,,,,6.188653060235083e-05,,,,,,,,,
36,,,176479,,,,,,,,,,0.10866023600101471,,,,,,,,,
36,,,176499,,,,,,,,,,0.0006133395945653319,,,,,,,,,
36,,,176519,,,,,,,,,,0.0008129421039484441,,,,,,,,,
36,,,176539,,,,,,,,,,0.0002770530991256237,,,,,,,,,
36,,,176559,,,,,,,,,,0.0005800767685286701,,,,,,,,,
36,,,176579,,,,,,,,,,0.00016123329987749457,,,,,,,,,
36,,,176599,,,,,,,,,,5.23317139595747e-05,,,,,,,,,
36,,,176600,,,,,,,,,,,0.6042701601982117,0.7794507145881653,0.640931248664856,8.812485694885254,0.7915064096450806,0.34868574142456055,0.6694444417953491,0.913568377494812,0.6042701601982117
36,,,176600,,,,,,,,0.9912824630737305,0.022898195311427116,,,,,,,,,,
,6.458949640168675e-06,6.458949640168675e-06,176601,,,,,,,,,,,,,,,,,,,
37,,,176619,,,,,,,,,,9.346698061563075e-05,,,,,,,,,
37,,,176639,,,,,,,,,,0.006788146682083607,,,,,,,,,
37,,,176659,,,,,,,,,,7.25568606867455e-05,,,,,,,,,
37,,,176679,,,,,,,,,,0.00014734294381923974,,,,,,,,,
37,,,176699,,,,,,,,,,7.360625022556633e-05,,,,,,,,,
37,,,176719,,,,,,,,,,0.0005745195667259395,,,,,,,,,
37,,,176739,,,,,,,,,,0.0827631801366806,,,,,,,,,
37,,,176759,,,,,,,,,,2.6393105144961737e-05,,,,,,,,,
37,,,176779,,,,,,,,,,0.016658244654536247,,,,,,,,,
37,,,176799,,,,,,,,,,0.0030895916279405355,,,,,,,,,
37,,,176819,,,,,,,,,,0.0002458325761836022,,,,,,,,,
37,,,176839,,,,,,,,,,0.018054520711302757,,,,,,,,,
37,,,176859,,,,,,,,,,4.7011599235702306e-05,,,,,,,,,
37,,,176879,,,,,,,,,,5.283006248646416e-05,,,,,,,,,
37,,,176899,,,,,,,,,,0.00031812023371458054,,,,,,,,,
37,,,176919,,,,,,,,,,1.768063521012664e-05,,,,,,,,,
37,,,176939,,,,,,,,,,0.040539346635341644,,,,,,,,,
37,,,176959,,,,,,,,,,0.02878752164542675,,,,,,,,,
37,,,176979,,,,,,,,,,0.00011985510354861617,,,,,,,,,
37,,,176999,,,,,,,,,,0.00012450700160115957,,,,,,,,,
37,,,177019,,,,,,,,,,0.0013191699981689453,,,,,,,,,
37,,,177039,,,,,,,,,,0.003307522274553776,,,,,,,,,
37,,,177059,,,,,,,,,,2.2667200028081425e-05,,,,,,,,,
37,,,177079,,,,,,,,,,0.0009400271810591221,,,,,,,,,
37,,,177099,,,,,,,,,,0.01812628284096718,,,,,,,,,
37,,,177119,,,,,,,,,,1.8043758245767094e-05,,,,,,,,,
37,,,177139,,,,,,,,,,0.047281213104724884,,,,,,,,,
37,,,177159,,,,,,,,,,0.02406357415020466,,,,,,,,,
37,,,177179,,,,,,,,,,0.00047370517859235406,,,,,,,,,
37,,,177199,,,,,,,,,,4.916991019854322e-05,,,,,,,,,
37,,,177219,,,,,,,,,,6.755744107067585e-05,,,,,,,,,
37,,,177239,,,,,,,,,,8.61762382555753e-05,,,,,,,,,
37,,,177259,,,,,,,,,,0.06869376450777054,,,,,,,,,
37,,,177279,,,,,,,,,,0.1030162125825882,,,,,,,,,
37,,,177299,,,,,,,,,,0.023214425891637802,,,,,,,,,
37,,,177319,,,,,,,,,,0.00011259217717451975,,,,,,,,,
37,,,177339,,,,,,,,,,0.0007320948061533272,,,,,,,,,
37,,,177359,,,,,,,,,,0.004356344696134329,,,,,,,,,
37,,,177379,,,,,,,,,,0.018087532371282578,,,,,,,,,
37,,,177399,,,,,,,,,,0.029082296416163445,,,,,,,,,
37,,,177419,,,,,,,,,,3.227866909583099e-05,,,,,,,,,
37,,,177439,,,,,,,,,,0.00020786681852769107,,,,,,,,,
37,,,177459,,,,,,,,,,9.460949513595551e-05,,,,,,,,,
37,,,177479,,,,,,,,,,0.002181363757699728,,,,,,,,,
37,,,177499,,,,,,,,,,0.0009334898786619306,,,,,,,,,
37,,,177519,,,,,,,,,,0.000152192689711228,,,,,,,,,
37,,,177539,,,,,,,,,,0.05843912810087204,,,,,,,,,
37,,,177559,,,,,,,,,,0.0001176383884740062,,,,,,,,,
37,,,177579,,,,,,,,,,0.0001601469557499513,,,,,,,,,
37,,,177599,,,,,,,,,,0.003851646324619651,,,,,,,,,
37,,,177619,,,,,,,,,,7.626297883689404e-05,,,,,,,,,
37,,,177639,,,,,,,,,,7.555408228654414e-05,,,,,,,,,
37,,,177659,,,,,,,,,,5.317207978805527e-05,,,,,,,,,
37,,,177679,,,,,,,,,,0.032455794513225555,,,,,,,,,
37,,,177699,,,,,,,,,,0.0013021446065977216,,,,,,,,,
37,,,177719,,,,,,,,,,0.04499431699514389,,,,,,,,,
37,,,177739,,,,,,,,,,0.0032131418120115995,,,,,,,,,
37,,,177759,,,,,,,,,,5.2752111514564604e-05,,,,,,,,,
37,,,177779,,,,,,,,,,0.001461265841498971,,,,,,,,,
37,,,177799,,,,,,,,,,0.000922047533094883,,,,,,,,,
37,,,177819,,,,,,,,,,0.0001323588367085904,,,,,,,,,
37,,,177839,,,,,,,,,,3.780427869060077e-05,,,,,,,,,
37,,,177859,,,,,,,,,,0.00212742667645216,,,,,,,,,
37,,,177879,,,,,,,,,,0.03765081241726875,,,,,,,,,
37,,,177899,,,,,,,,,,0.02337600663304329,,,,,,,,,
37,,,177919,,,,,,,,,,0.0001575845672050491,,,,,,,,,
37,,,177939,,,,,,,,,,0.0008660113089717925,,,,,,,,,
37,,,177959,,,,,,,,,,0.027317702770233154,,,,,,,,,
37,,,177979,,,,,,,,,,0.00012644783419091254,,,,,,,,,
37,,,177999,,,,,,,,,,0.07267530262470245,,,,,,,,,
37,,,178019,,,,,,,,,,0.26573753356933594,,,,,,,,,
37,,,178039,,,,,,,,,,0.09043654054403305,,,,,,,,,
37,,,178059,,,,,,,,,,9.63062047958374e-05,,,,,,,,,
37,,,178079,,,,,,,,,,0.00021069929061923176,,,,,,,,,
37,,,178099,,,,,,,,,,8.847047865856439e-05,,,,,,,,,
37,,,178119,,,,,,,,,,0.0011623960454016924,,,,,,,,,
37,,,178139,,,,,,,,,,0.0007256327080540359,,,,,,,,,
37,,,178159,,,,,,,,,,0.003061374183744192,,,,,,,,,
37,,,178179,,,,,,,,,,0.06957515329122543,,,,,,,,,
37,,,178199,,,,,,,,,,0.05848482623696327,,,,,,,,,
37,,,178219,,,,,,,,,,0.0007038884214125574,,,,,,,,,
37,,,178239,,,,,,,,,,0.0001485861575929448,,,,,,,,,
37,,,178259,,,,,,,,,,0.10421846061944962,,,,,,,,,
37,,,178279,,,,,,,,,,9.129869431490079e-05,,,,,,,,,
37,,,178299,,,,,,,,,,1.7927386579685844e-05,,,,,,,,,
37,,,178319,,,,,,,,,,0.00019238991080783308,,,,,,,,,
37,,,178339,,,,,,,,,,2.2550104404217564e-05,,,,,,,,,
37,,,178359,,,,,,,,,,8.327213436132297e-05,,,,,,,,,
37,,,178379,,,,,,,,,,0.0001099889341276139,,,,,,,,,
37,,,178399,,,,,,,,,,0.02676817588508129,,,,,,,,,
37,,,178419,,,,,,,,,,0.00034706940641626716,,,,,,,,,
37,,,178439,,,,,,,,,,0.0018382398411631584,,,,,,,,,
37,,,178459,,,,,,,,,,1.698993037280161e-05,,,,,,,,,
37,,,178479,,,,,,,,,,0.0016418187879025936,,,,,,,,,
37,,,178499,,,,,,,,,,0.018780356273055077,,,,,,,,,
37,,,178519,,,,,,,,,,0.0001072828599717468,,,,,,,,,
37,,,178539,,,,,,,,,,0.12126534432172775,,,,,,,,,
37,,,178559,,,,,,,,,,9.721309470478445e-05,,,,,,,,,
37,,,178579,,,,,,,,,,0.00040092587005347013,,,,,,,,,
37,,,178599,,,,,,,,,,0.00019412219990044832,,,,,,,,,
37,,,178619,,,,,,,,,,0.00022231189359445125,,,,,,,,,
37,,,178639,,,,,,,,,,0.0007748126517981291,,,,,,,,,
37,,,178659,,,,,,,,,,0.22720423340797424,,,,,,,,,
37,,,178679,,,,,,,,,,6.961997860344127e-05,,,,,,,,,
37,,,178699,,,,,,,,,,0.0003257992211729288,,,,,,,,,
37,,,178719,,,,,,,,,,0.04824374243617058,,,,,,,,,
37,,,178739,,,,,,,,,,0.00022622698452323675,,,,,,,,,
37,,,178759,,,,,,,,,,0.0147749874740839,,,,,,,,,
37,,,178779,,,,,,,,,,0.00039525461033917964,,,,,,,,,
37,,,178799,,,,,,,,,,0.02896096557378769,,,,,,,,,
37,,,178819,,,,,,,,,,0.00017618591664358974,,,,,,,,,
37,,,178839,,,,,,,,,,0.013155161403119564,,,,,,,,,
37,,,178859,,,,,,,,,,0.00022340839495882392,,,,,,,,,
37,,,178879,,,,,,,,,,0.006027011200785637,,,,,,,,,
37,,,178899,,,,,,,,,,0.02464665286242962,,,,,,,,,
37,,,178919,,,,,,,,,,6.244941323529929e-05,,,,,,,,,
37,,,178939,,,,,,,,,,0.01376303005963564,,,,,,,,,
37,,,178959,,,,,,,,,,0.18833070993423462,,,,,,,,,
37,,,178979,,,,,,,,,,0.005181024316698313,,,,,,,,,
37,,,178999,,,,,,,,,,0.033749714493751526,,,,,,,,,
37,,,179019,,,,,,,,,,0.0008784004603512585,,,,,,,,,
37,,,179039,,,,,,,,,,0.00012033692473778501,,,,,,,,,
37,,,179059,,,,,,,,,,0.0005015836795791984,,,,,,,,,
37,,,179079,,,,,,,,,,0.009387806989252567,,,,,,,,,
37,,,179099,,,,,,,,,,0.062434665858745575,,,,,,,,,
37,,,179119,,,,,,,,,,0.003399113891646266,,,,,,,,,
37,,,179139,,,,,,,,,,0.026692736893892288,,,,,,,,,
37,,,179159,,,,,,,,,,0.00048214555135928094,,,,,,,,,
37,,,179179,,,,,,,,,,0.04909571632742882,,,,,,,,,
37,,,179199,,,,,,,,,,0.002087519969791174,,,,,,,,,
37,,,179219,,,,,,,,,,0.022905593737959862,,,,,,,,,
37,,,179239,,,,,,,,,,6.58265853417106e-05,,,,,,,,,
37,,,179259,,,,,,,,,,0.00025496899615973234,,,,,,,,,
37,,,179279,,,,,,,,,,0.0003660352376755327,,,,,,,,,
37,,,179299,,,,,,,,,,0.05872415751218796,,,,,,,,,
37,,,179319,,,,,,,,,,0.00020119670080021024,,,,,,,,,
37,,,179339,,,,,,,,,,0.03667106479406357,,,,,,,,,
37,,,179359,,,,,,,,,,0.04854237660765648,,,,,,,,,
37,,,179379,,,,,,,,,,0.0002753920271061361,,,,,,,,,
37,,,179399,,,,,,,,,,9.43094928516075e-05,,,,,,,,,
37,,,179419,,,,,,,,,,0.0003684661933220923,,,,,,,,,
37,,,179439,,,,,,,,,,0.00015033033560030162,,,,,,,,,
37,,,179459,,,,,,,,,,0.0003154459991492331,,,,,,,,,
37,,,179479,,,,,,,,,,0.00015566914225928485,,,,,,,,,
37,,,179499,,,,,,,,,,0.0020150993950664997,,,,,,,,,
37,,,179519,,,,,,,,,,6.990841939114034e-05,,,,,,,,,
37,,,179539,,,,,,,,,,0.08339609205722809,,,,,,,,,
37,,,179559,,,,,,,,,,0.030808674171566963,,,,,,,,,
37,,,179579,,,,,,,,,,7.080897921696305e-05,,,,,,,,,
37,,,179599,,,,,,,,,,0.00021963150356896222,,,,,,,,,
37,,,179619,,,,,,,,,,0.00046998285688459873,,,,,,,,,
37,,,179639,,,,,,,,,,5.8555237046675757e-05,,,,,,,,,
37,,,179659,,,,,,,,,,0.06659556180238724,,,,,,,,,
37,,,179679,,,,,,,,,,0.00020041728566866368,,,,,,,,,
37,,,179699,,,,,,,,,,0.017977984622120857,,,,,,,,,
37,,,179719,,,,,,,,,,0.00022440930479206145,,,,,,,,,
37,,,179739,,,,,,,,,,0.005665332544595003,,,,,,,,,
37,,,179759,,,,,,,,,,0.07727416604757309,,,,,,,,,
37,,,179779,,,,,,,,,,3.0023606086615473e-05,,,,,,,,,
37,,,179799,,,,,,,,,,0.0009308488806709647,,,,,,,,,
37,,,179819,,,,,,,,,,9.018693526741117e-05,,,,,,,,,
37,,,179839,,,,,,,,,,0.0934252068400383,,,,,,,,,
37,,,179859,,,,,,,,,,0.024833573028445244,,,,,,,,,
37,,,179879,,,,,,,,,,0.035254381597042084,,,,,,,,,
37,,,179899,,,,,,,,,,0.00044846103992313147,,,,,,,,,
37,,,179919,,,,,,,,,,0.02898580953478813,,,,,,,,,
37,,,179939,,,,,,,,,,4.036434256704524e-05,,,,,,,,,
37,,,179959,,,,,,,,,,0.0028890962712466717,,,,,,,,,
37,,,179979,,,,,,,,,,6.361297710100189e-05,,,,,,,,,
37,,,179999,,,,,,,,,,0.0001238672703038901,,,,,,,,,
37,,,180019,,,,,,,,,,0.0015489286743104458,,,,,,,,,
37,,,180039,,,,,,,,,,4.77545072499197e-05,,,,,,,,,
37,,,180059,,,,,,,,,,0.2671370804309845,,,,,,,,,
37,,,180079,,,,,,,,,,0.0006524284253828228,,,,,,,,,
37,,,180099,,,,,,,,,,0.0001683687441982329,,,,,,,,,
37,,,180119,,,,,,,,,,8.199820877052844e-05,,,,,,,,,
37,,,180139,,,,,,,,,,0.0002864268608391285,,,,,,,,,
37,,,180159,,,,,,,,,,0.029022833332419395,,,,,,,,,
37,,,180179,,,,,,,,,,0.0003871390363201499,,,,,,,,,
37,,,180199,,,,,,,,,,3.9219390600919724e-05,,,,,,,,,
37,,,180219,,,,,,,,,,1.725752736092545e-05,,,,,,,,,
37,,,180239,,,,,,,,,,5.077050445834175e-05,,,,,,,,,
37,,,180259,,,,,,,,,,0.05291939899325371,,,,,,,,,
37,,,180279,,,,,,,,,,0.03651450574398041,,,,,,,,,
37,,,180299,,,,,,,,,,0.04037967696785927,,,,,,,,,
37,,,180319,,,,,,,,,,0.0018830554326996207,,,,,,,,,
37,,,180339,,,,,,,,,,3.0229466574382968e-05,,,,,,,,,
37,,,180359,,,,,,,,,,0.0007550067966803908,,,,,,,,,
37,,,180379,,,,,,,,,,0.009584753774106503,,,,,,,,,
37,,,180399,,,,,,,,,,0.06569740176200867,,,,,,,,,
37,,,180419,,,,,,,,,,0.13056428730487823,,,,,,,,,
37,,,180439,,,,,,,,,,1.5784158676979132e-05,,,,,,,,,
37,,,180459,,,,,,,,,,0.00039524195017293096,,,,,,,,,
37,,,180479,,,,,,,,,,0.0009056860581040382,,,,,,,,,
37,,,180499,,,,,,,,,,2.45742794504622e-05,,,,,,,,,
37,,,180519,,,,,,,,,,0.00011952333443332464,,,,,,,,,
37,,,180539,,,,,,,,,,0.0003593098954297602,,,,,,,,,
37,,,180559,,,,,,,,,,1.9678709577419795e-05,,,,,,,,,
37,,,180579,,,,,,,,,,0.17278531193733215,,,,,,,,,
37,,,180599,,,,,,,,,,0.08142849802970886,,,,,,,,,
37,,,180619,,,,,,,,,,1.8654494851944037e-05,,,,,,,,,
37,,,180639,,,,,,,,,,0.011959701776504517,,,,,,,,,
37,,,180659,,,,,,,,,,9.768408926902339e-05,,,,,,,,,
37,,,180679,,,,,,,,,,0.00010229231702396646,,,,,,,,,
37,,,180699,,,,,,,,,,0.09331928193569183,,,,,,,,,
37,,,180719,,,,,,,,,,5.379671711125411e-05,,,,,,,,,
37,,,180739,,,,,,,,,,0.007555737625807524,,,,,,,,,
37,,,180759,,,,,,,,,,0.033827655017375946,,,,,,,,,
37,,,180779,,,,,,,,,,1.0135096999874804e-05,,,,,,,,,
37,,,180799,,,,,,,,,,0.0013554374454542994,,,,,,,,,
37,,,180819,,,,,,,,,,0.0003635757602751255,,,,,,,,,
37,,,180839,,,,,,,,,,0.00042962541920132935,,,,,,,,,
37,,,180859,,,,,,,,,,1.789164343790617e-05,,,,,,,,,
37,,,180879,,,,,,,,,,0.0013255104422569275,,,,,,,,,
37,,,180899,,,,,,,,,,0.04954474791884422,,,,,,,,,
37,,,180919,,,,,,,,,,0.0003307219594717026,,,,,,,,,
37,,,180939,,,,,,,,,,3.5475328331813216e-05,,,,,,,,,
37,,,180959,,,,,,,,,,5.468952440423891e-05,,,,,,,,,
37,,,180979,,,,,,,,,,0.0001940134388860315,,,,,,,,,
37,,,180999,,,,,,,,,,0.0003920821473002434,,,,,,,,,
37,,,181019,,,,,,,,,,2.0852457964792848e-05,,,,,,,,,
37,,,181039,,,,,,,,,,8.94307504495373e-06,,,,,,,,,
37,,,181059,,,,,,,,,,0.0011467005824670196,,,,,,,,,
37,,,181079,,,,,,,,,,3.234150790376589e-05,,,,,,,,,
37,,,181099,,,,,,,,,,0.1268095076084137,,,,,,,,,
37,,,181119,,,,,,,,,,0.025591932237148285,,,,,,,,,
37,,,181139,,,,,,,,,,0.13868677616119385,,,,,,,,,
37,,,181159,,,,,,,,,,0.00012449528730940074,,,,,,,,,
37,,,181179,,,,,,,,,,0.00014868758444208652,,,,,,,,,
37,,,181199,,,,,,,,,,5.156543920747936e-05,,,,,,,,,
37,,,181219,,,,,,,,,,2.478597525623627e-05,,,,,,,,,
37,,,181239,,,,,,,,,,0.000192458915989846,,,,,,,,,
37,,,181259,,,,,,,,,,7.487468246836215e-05,,,,,,,,,
37,,,181279,,,,,,,,,,0.00021449232008308172,,,,,,,,,
37,,,181299,,,,,,,,,,0.0023639295250177383,,,,,,,,,
37,,,181319,,,,,,,,,,0.008132990449666977,,,,,,,,,
37,,,181339,,,,,,,,,,0.00016417501319665462,,,,,,,,,
37,,,181359,,,,,,,,,,0.02463839203119278,,,,,,,,,
37,,,181373,,,,,,,,,,,0.6786689758300781,0.8295143246650696,0.7155028581619263,7.251333713531494,0.7855011820793152,0.4517087936401367,0.6416024565696716,0.9293999075889587,0.6786689758300781
37,,,181373,,,,,,,,0.9910596609115601,0.021697944030165672,,,,,,,,,,
38,,,181374,0.6887134909629822,0.8237254023551941,0.7201992273330688,7.014955997467041,0.772423505783081,0.4534757733345032,0.6887134909629822,,,,,,,,,,,,
