epoch,lr-AdamW/pg1,lr-AdamW/pg2,lr-AdamW/pg3,step,test/acc,test/auroc,test/f1,test/loss,test/macro_precision,test/mcc,test/micro_precision,test/recall,train/acc,train/cons_epoch,train/cons_lam_epoch,train/cons_lam_step,train/cons_step,train/loss_epoch,train/loss_step,train/supcon_epoch,train/supcon_step,val/acc,val/auroc,val/f1,val/f1_p_score,val/loss,val/macro_precision,val/mcc,val/micro_precision,val/precision_c0,val/precision_c1,val/precision_c2,val/precision_c3,val/recall
,5.9999999999999995e-05,5.9999999999999995e-05,6e-06,0,,,,,,,,,,,,,,,,,,,,,,,,,,,,,,
0,,,,19,,,,,,,,,,,,0.03792908787727356,0.05577532947063446,,1.0490155220031738,,4.114969253540039,,,,,,,,,,,,,
0,,,,39,,,,,,,,,,,,0.03792908787727356,0.0675273910164833,,0.9695244431495667,,4.107517242431641,,,,,,,,,,,,,
0,,,,59,,,,,,,,,,,,0.03792908787727356,0.04455091804265976,,1.0056688785552979,,4.158655166625977,,,,,,,,,,,,,
0,,,,79,,,,,,,,,,,,0.03792908787727356,0.054329827427864075,,1.0193989276885986,,4.1440229415893555,,,,,,,,,,,,,
0,,,,99,,,,,,,,,,,,0.03792908787727356,0.06820228695869446,,1.052067518234253,,4.13914680480957,,,,,,,,,,,,,
0,,,,119,,,,,,,,,,,,0.03792908787727356,0.06462529301643372,,0.7789849042892456,,4.024797439575195,,,,,,,,,,,,,
0,,,,139,,,,,,,,,,,,0.03792908787727356,0.07653382420539856,,1.0291398763656616,,4.175234794616699,,,,,,,,,,,,,
0,,,,159,,,,,,,,,,,,0.03792908787727356,0.07149429619312286,,1.1647759675979614,,4.1515913009643555,,,,,,,,,,,,,
0,,,,179,,,,,,,,,,,,0.03792908787727356,0.08156988024711609,,0.9620843529701233,,4.184575080871582,,,,,,,,,,,,,
0,,,,199,,,,,,,,,,,,0.03792908787727356,0.06770409643650055,,0.749153196811676,,3.9675214290618896,,,,,,,,,,,,,
0,,,,219,,,,,,,,,,,,0.03792908787727356,0.06821957975625992,,0.7916850447654724,,3.9888463020324707,,,,,,,,,,,,,
0,,,,239,,,,,,,,,,,,0.03792908787727356,0.09402409195899963,,0.8470861911773682,,4.200888156890869,,,,,,,,,,,,,
0,,,,259,,,,,,,,,,,,0.03792908787727356,0.06772658228874207,,1.1875214576721191,,4.047481536865234,,,,,,,,,,,,,
0,,,,279,,,,,,,,,,,,0.03792908787727356,0.0541192926466465,,1.0423625707626343,,3.9834628105163574,,,,,,,,,,,,,
0,,,,299,,,,,,,,,,,,0.03792908787727356,0.059464603662490845,,1.134123682975769,,4.174125671386719,,,,,,,,,,,,,
0,,,,319,,,,,,,,,,,,0.03792908787727356,0.06541869044303894,,1.233862042427063,,4.0374884605407715,,,,,,,,,,,,,
0,,,,339,,,,,,,,,,,,0.03792908787727356,0.059144943952560425,,0.7548716068267822,,3.9129276275634766,,,,,,,,,,,,,
0,,,,359,,,,,,,,,,,,0.03792908787727356,0.07119393348693848,,0.9084185361862183,,4.169639587402344,,,,,,,,,,,,,
0,,,,379,,,,,,,,,,,,0.03792908787727356,0.06579359620809555,,0.9189704060554504,,3.9147162437438965,,,,,,,,,,,,,
0,,,,399,,,,,,,,,,,,0.03792908787727356,0.04779648035764694,,1.0601811408996582,,3.9439964294433594,,,,,,,,,,,,,
0,,,,419,,,,,,,,,,,,0.03792908787727356,0.06332758814096451,,0.79660564661026,,3.862522602081299,,,,,,,,,,,,,
0,,,,439,,,,,,,,,,,,0.03792908787727356,0.06099287420511246,,1.234259009361267,,4.182302474975586,,,,,,,,,,,,,
0,,,,459,,,,,,,,,,,,0.03792908787727356,0.06197434663772583,,0.9171923995018005,,4.213013648986816,,,,,,,,,,,,,
0,,,,479,,,,,,,,,,,,0.03792908787727356,0.06997385621070862,,0.7582507729530334,,4.229610443115234,,,,,,,,,,,,,
0,,,,499,,,,,,,,,,,,0.03792908787727356,0.07931295037269592,,0.7532008290290833,,4.208028793334961,,,,,,,,,,,,,
0,,,,519,,,,,,,,,,,,0.03792908787727356,0.07021818310022354,,0.7854310870170593,,4.1894097328186035,,,,,,,,,,,,,
0,,,,539,,,,,,,,,,,,0.03792908787727356,0.05180436372756958,,0.8544215559959412,,3.8936679363250732,,,,,,,,,,,,,
0,,,,559,,,,,,,,,,,,0.03792908787727356,0.05960298329591751,,0.8273654580116272,,3.955129384994507,,,,,,,,,,,,,
0,,,,579,,,,,,,,,,,,0.03792908787727356,0.06588415801525116,,0.8835209608078003,,3.9317173957824707,,,,,,,,,,,,,
0,,,,599,,,,,,,,,,,,0.03792908787727356,0.07406242191791534,,0.7457697987556458,,4.277971267700195,,,,,,,,,,,,,
0,,,,619,,,,,,,,,,,,0.03792908787727356,0.07392953336238861,,0.8367032408714294,,4.220009803771973,,,,,,,,,,,,,
0,,,,639,,,,,,,,,,,,0.03792908787727356,0.06971405446529388,,0.7263422012329102,,3.910670280456543,,,,,,,,,,,,,
0,,,,659,,,,,,,,,,,,0.03792908787727356,0.08098834753036499,,0.7857003211975098,,4.204148769378662,,,,,,,,,,,,,
0,,,,679,,,,,,,,,,,,0.03792908787727356,0.05885227769613266,,1.2437986135482788,,4.187128067016602,,,,,,,,,,,,,
0,,,,699,,,,,,,,,,,,0.03792908787727356,0.07094349712133408,,0.6859751343727112,,4.249077796936035,,,,,,,,,,,,,
0,,,,719,,,,,,,,,,,,0.03792908787727356,0.06862450391054153,,0.8329979777336121,,3.8604576587677,,,,,,,,,,,,,
0,,,,739,,,,,,,,,,,,0.03792908787727356,0.07238204777240753,,0.7127667665481567,,4.224688529968262,,,,,,,,,,,,,
0,,,,759,,,,,,,,,,,,0.03792908787727356,0.059956520795822144,,1.0208780765533447,,4.194506645202637,,,,,,,,,,,,,
0,,,,779,,,,,,,,,,,,0.03792908787727356,0.06091165170073509,,0.7620841264724731,,3.8644022941589355,,,,,,,,,,,,,
0,,,,799,,,,,,,,,,,,0.03792908787727356,0.05062783509492874,,0.9766543507575989,,3.8866066932678223,,,,,,,,,,,,,
0,,,,819,,,,,,,,,,,,0.03792908787727356,0.06350120157003403,,0.6462000608444214,,3.7406411170959473,,,,,,,,,,,,,
0,,,,839,,,,,,,,,,,,0.03792908787727356,0.07525721937417984,,0.8177890777587891,,4.294528961181641,,,,,,,,,,,,,
0,,,,859,,,,,,,,,,,,0.03792908787727356,0.07169569283723831,,0.5713151097297668,,3.65297794342041,,,,,,,,,,,,,
0,,,,879,,,,,,,,,,,,0.03792908787727356,0.07736478745937347,,0.6372517347335815,,4.307864189147949,,,,,,,,,,,,,
0,,,,899,,,,,,,,,,,,0.03792908787727356,0.06656999886035919,,0.757032036781311,,3.8069310188293457,,,,,,,,,,,,,
0,,,,919,,,,,,,,,,,,0.03792908787727356,0.061274223029613495,,1.4860416650772095,,4.035171031951904,,,,,,,,,,,,,
0,,,,939,,,,,,,,,,,,0.03792908787727356,0.06462734192609787,,0.6399579644203186,,3.7112789154052734,,,,,,,,,,,,,
0,,,,959,,,,,,,,,,,,0.03792908787727356,0.06270826607942581,,1.0952993631362915,,4.222872734069824,,,,,,,,,,,,,
0,,,,979,,,,,,,,,,,,0.03792908787727356,0.04778943210840225,,1.2251518964767456,,4.112225532531738,,,,,,,,,,,,,
0,,,,999,,,,,,,,,,,,0.03792908787727356,0.08180094510316849,,0.77650386095047,,4.23799991607666,,,,,,,,,,,,,
0,,,,1019,,,,,,,,,,,,0.03792908787727356,0.06729142367839813,,0.679857075214386,,3.7936630249023438,,,,,,,,,,,,,
0,,,,1039,,,,,,,,,,,,0.03792908787727356,0.04897081479430199,,1.1563189029693604,,4.020265102386475,,,,,,,,,,,,,
0,,,,1059,,,,,,,,,,,,0.03792908787727356,0.0737517774105072,,0.5584133863449097,,3.6489453315734863,,,,,,,,,,,,,
0,,,,1079,,,,,,,,,,,,0.03792908787727356,0.05359560623764992,,1.1730389595031738,,3.994863986968994,,,,,,,,,,,,,
0,,,,1099,,,,,,,,,,,,0.03792908787727356,0.06010381877422333,,1.2745813131332397,,4.074233055114746,,,,,,,,,,,,,
0,,,,1119,,,,,,,,,,,,0.03792908787727356,0.05537503957748413,,1.1993815898895264,,4.081717491149902,,,,,,,,,,,,,
0,,,,1139,,,,,,,,,,,,0.03792908787727356,0.10133828967809677,,0.6751059293746948,,4.305527687072754,,,,,,,,,,,,,
0,,,,1159,,,,,,,,,,,,0.03792908787727356,0.057173952460289,,1.275141716003418,,4.094815254211426,,,,,,,,,,,,,
0,,,,1179,,,,,,,,,,,,0.03792908787727356,0.06299988180398941,,0.6908408999443054,,3.673983097076416,,,,,,,,,,,,,
0,,,,1199,,,,,,,,,,,,0.03792908787727356,0.05478190258145332,,1.1806117296218872,,4.046343803405762,,,,,,,,,,,,,
0,,,,1219,,,,,,,,,,,,0.03792908787727356,0.0589742586016655,,0.573850154876709,,3.676769256591797,,,,,,,,,,,,,
0,,,,1239,,,,,,,,,,,,0.03792908787727356,0.07396428287029266,,0.7114853858947754,,4.2655134201049805,,,,,,,,,,,,,
0,,,,1259,,,,,,,,,,,,0.03792908787727356,0.0446985624730587,,1.1569944620132446,,4.025030136108398,,,,,,,,,,,,,
0,,,,1279,,,,,,,,,,,,0.03792908787727356,0.04563005268573761,,0.5661783218383789,,3.6965785026550293,,,,,,,,,,,,,
0,,,,1299,,,,,,,,,,,,0.03792908787727356,0.04770110547542572,,1.2502104043960571,,4.097806930541992,,,,,,,,,,,,,
0,,,,1319,,,,,,,,,,,,0.03792908787727356,0.06058415770530701,,0.6110532879829407,,3.733219623565674,,,,,,,,,,,,,
0,,,,1339,,,,,,,,,,,,0.03792908787727356,0.10299542546272278,,0.6270588636398315,,4.339338302612305,,,,,,,,,,,,,
0,,,,1359,,,,,,,,,,,,0.03792908787727356,0.09595967829227448,,0.6621118783950806,,4.248948574066162,,,,,,,,,,,,,
0,,,,1379,,,,,,,,,,,,0.03792908787727356,0.09965171664953232,,0.756140947341919,,4.219468593597412,,,,,,,,,,,,,
0,,,,1399,,,,,,,,,,,,0.03792908787727356,0.058574117720127106,,1.073838233947754,,4.006846904754639,,,,,,,,,,,,,
0,,,,1419,,,,,,,,,,,,0.03792908787727356,0.057262808084487915,,1.2380930185317993,,4.139911651611328,,,,,,,,,,,,,
0,,,,1439,,,,,,,,,,,,0.03792908787727356,0.07680118083953857,,0.6671019196510315,,4.243556976318359,,,,,,,,,,,,,
0,,,,1459,,,,,,,,,,,,0.03792908787727356,0.06917800009250641,,0.7509620785713196,,3.8911705017089844,,,,,,,,,,,,,
0,,,,1479,,,,,,,,,,,,0.03792908787727356,0.0633126050233841,,0.5597273707389832,,3.7166428565979004,,,,,,,,,,,,,
0,,,,1499,,,,,,,,,,,,0.03792908787727356,0.09574522823095322,,0.6373223662376404,,4.255930423736572,,,,,,,,,,,,,
0,,,,1519,,,,,,,,,,,,0.03792908787727356,0.04380876570940018,,1.1184210777282715,,4.134621620178223,,,,,,,,,,,,,
0,,,,1539,,,,,,,,,,,,0.03792908787727356,0.07869317382574081,,0.8922181129455566,,4.2193427085876465,,,,,,,,,,,,,
0,,,,1559,,,,,,,,,,,,0.03792908787727356,0.09761494398117065,,0.62043696641922,,4.276508331298828,,,,,,,,,,,,,
0,,,,1579,,,,,,,,,,,,0.03792908787727356,0.06399484723806381,,0.6353670954704285,,3.7728075981140137,,,,,,,,,,,,,
0,,,,1599,,,,,,,,,,,,0.03792908787727356,0.09247274696826935,,0.6251333951950073,,4.321501731872559,,,,,,,,,,,,,
0,,,,1619,,,,,,,,,,,,0.03792908787727356,0.06903867423534393,,1.1172822713851929,,4.053642272949219,,,,,,,,,,,,,
0,,,,1639,,,,,,,,,,,,0.03792908787727356,0.09129588305950165,,0.6439223289489746,,4.268774509429932,,,,,,,,,,,,,
0,,,,1659,,,,,,,,,,,,0.03792908787727356,0.06433776766061783,,1.2295236587524414,,4.1452507972717285,,,,,,,,,,,,,
0,,,,1679,,,,,,,,,,,,0.03792908787727356,0.05581919848918915,,0.5813156366348267,,3.7105493545532227,,,,,,,,,,,,,
0,,,,1699,,,,,,,,,,,,0.03792908787727356,0.08736883103847504,,1.09251868724823,,4.218756675720215,,,,,,,,,,,,,
0,,,,1719,,,,,,,,,,,,0.03792908787727356,0.05256682634353638,,1.1272367238998413,,3.919837236404419,,,,,,,,,,,,,
0,,,,1739,,,,,,,,,,,,0.03792908787727356,0.05243540555238724,,1.3000377416610718,,4.116231918334961,,,,,,,,,,,,,
0,,,,1759,,,,,,,,,,,,0.03792908787727356,0.0933055579662323,,0.7688204646110535,,4.371089935302734,,,,,,,,,,,,,
0,,,,1779,,,,,,,,,,,,0.03792908787727356,0.1098167896270752,,0.5629206299781799,,4.381632328033447,,,,,,,,,,,,,
0,,,,1799,,,,,,,,,,,,0.03792908787727356,0.08812108635902405,,0.9084567427635193,,4.251761436462402,,,,,,,,,,,,,
0,,,,1819,,,,,,,,,,,,0.03792908787727356,0.09117405116558075,,0.6112746000289917,,4.345659255981445,,,,,,,,,,,,,
0,,,,1839,,,,,,,,,,,,0.03792908787727356,0.09829427301883698,,0.8182119727134705,,3.810335159301758,,,,,,,,,,,,,
0,,,,1859,,,,,,,,,,,,0.03792908787727356,0.07798900455236435,,1.1291227340698242,,4.275811195373535,,,,,,,,,,,,,
0,,,,1879,,,,,,,,,,,,0.03792908787727356,0.07035277783870697,,0.6347485780715942,,3.682659387588501,,,,,,,,,,,,,
0,,,,1899,,,,,,,,,,,,0.03792908787727356,0.06449474394321442,,1.1394286155700684,,3.895282030105591,,,,,,,,,,,,,
0,,,,1919,,,,,,,,,,,,0.03792908787727356,0.08053275942802429,,0.807554304599762,,3.852160692214966,,,,,,,,,,,,,
0,,,,1939,,,,,,,,,,,,0.03792908787727356,0.05319362133741379,,1.0437155961990356,,3.9070467948913574,,,,,,,,,,,,,
0,,,,1959,,,,,,,,,,,,0.03792908787727356,0.09040431678295135,,0.7632386684417725,,3.7212862968444824,,,,,,,,,,,,,
0,,,,1979,,,,,,,,,,,,0.03792908787727356,0.07958773523569107,,0.7711164355278015,,3.8305177688598633,,,,,,,,,,,,,
0,,,,1999,,,,,,,,,,,,0.03792908787727356,0.06864719092845917,,0.8334218263626099,,4.249428749084473,,,,,,,,,,,,,
0,,,,2019,,,,,,,,,,,,0.03792908787727356,0.09679380059242249,,0.49701809883117676,,3.5600130558013916,,,,,,,,,,,,,
0,,,,2039,,,,,,,,,,,,0.03792908787727356,0.11279186606407166,,0.6198234558105469,,4.3125901222229,,,,,,,,,,,,,
0,,,,2059,,,,,,,,,,,,0.03792908787727356,0.07860268652439117,,0.5389206409454346,,3.6614186763763428,,,,,,,,,,,,,
0,,,,2079,,,,,,,,,,,,0.03792908787727356,0.11402978003025055,,0.5728844404220581,,4.345771789550781,,,,,,,,,,,,,
0,,,,2099,,,,,,,,,,,,0.03792908787727356,0.06151752918958664,,0.7982551455497742,,3.7874927520751953,,,,,,,,,,,,,
0,,,,2119,,,,,,,,,,,,0.03792908787727356,0.07659762352705002,,0.7105839848518372,,3.8300981521606445,,,,,,,,,,,,,
0,,,,2139,,,,,,,,,,,,0.03792908787727356,0.05456071346998215,,1.1317218542099,,4.0031843185424805,,,,,,,,,,,,,
0,,,,2159,,,,,,,,,,,,0.03792908787727356,0.06756697595119476,,0.968082070350647,,3.9422354698181152,,,,,,,,,,,,,
0,,,,2179,,,,,,,,,,,,0.03792908787727356,0.085556261241436,,0.858905017375946,,3.905336856842041,,,,,,,,,,,,,
0,,,,2199,,,,,,,,,,,,0.03792908787727356,0.0952972024679184,,0.6444288492202759,,4.296915054321289,,,,,,,,,,,,,
0,,,,2219,,,,,,,,,,,,0.03792908787727356,0.128940612077713,,0.6065642237663269,,4.408071994781494,,,,,,,,,,,,,
0,,,,2239,,,,,,,,,,,,0.03792908787727356,0.06181791052222252,,1.0597091913223267,,3.9829089641571045,,,,,,,,,,,,,
0,,,,2259,,,,,,,,,,,,0.03792908787727356,0.0666351467370987,,0.5456637144088745,,3.6358742713928223,,,,,,,,,,,,,
0,,,,2279,,,,,,,,,,,,0.03792908787727356,0.08935464918613434,,0.8962609767913818,,4.199060440063477,,,,,,,,,,,,,
0,,,,2299,,,,,,,,,,,,0.03792908787727356,0.07109057903289795,,0.911261796951294,,3.8644073009490967,,,,,,,,,,,,,
0,,,,2319,,,,,,,,,,,,0.03792908787727356,0.10988287627696991,,0.9043399691581726,,4.309977054595947,,,,,,,,,,,,,
0,,,,2339,,,,,,,,,,,,0.03792908787727356,0.09447010606527328,,0.8195669651031494,,4.254266262054443,,,,,,,,,,,,,
0,,,,2359,,,,,,,,,,,,0.03792908787727356,0.062119778245687485,,0.6671805381774902,,3.846754789352417,,,,,,,,,,,,,
0,,,,2379,,,,,,,,,,,,0.03792908787727356,0.08285535871982574,,0.5298255681991577,,3.6389760971069336,,,,,,,,,,,,,
0,,,,2399,,,,,,,,,,,,0.03792908787727356,0.08084999024868011,,0.6861516237258911,,3.790611743927002,,,,,,,,,,,,,
0,,,,2419,,,,,,,,,,,,0.03792908787727356,0.10130080580711365,,0.7702896595001221,,4.291774272918701,,,,,,,,,,,,,
0,,,,2439,,,,,,,,,,,,0.03792908787727356,0.09014320373535156,,0.6161911487579346,,3.740391254425049,,,,,,,,,,,,,
0,,,,2459,,,,,,,,,,,,0.03792908787727356,0.08912989497184753,,0.5417957305908203,,3.61334228515625,,,,,,,,,,,,,
0,,,,2479,,,,,,,,,,,,0.03792908787727356,0.09760383516550064,,0.7465977668762207,,4.285038948059082,,,,,,,,,,,,,
0,,,,2499,,,,,,,,,,,,0.03792908787727356,0.07360349595546722,,1.2016749382019043,,4.189609527587891,,,,,,,,,,,,,
0,,,,2519,,,,,,,,,,,,0.03792908787727356,0.0906253457069397,,0.592160165309906,,4.29592227935791,,,,,,,,,,,,,
0,,,,2539,,,,,,,,,,,,0.03792908787727356,0.06118590757250786,,1.057550311088562,,3.9445013999938965,,,,,,,,,,,,,
0,,,,2559,,,,,,,,,,,,0.03792908787727356,0.1204300969839096,,0.5840415358543396,,4.317262172698975,,,,,,,,,,,,,
0,,,,2579,,,,,,,,,,,,0.03792908787727356,0.09752487391233444,,0.5726990699768066,,4.2504119873046875,,,,,,,,,,,,,
0,,,,2599,,,,,,,,,,,,0.03792908787727356,0.051138922572135925,,1.126452922821045,,4.101115703582764,,,,,,,,,,,,,
0,,,,2619,,,,,,,,,,,,0.03792908787727356,0.08666296303272247,,0.6696559190750122,,3.73997163772583,,,,,,,,,,,,,
0,,,,2639,,,,,,,,,,,,0.03792908787727356,0.1065930724143982,,0.6246238350868225,,4.265928268432617,,,,,,,,,,,,,
0,,,,2659,,,,,,,,,,,,0.03792908787727356,0.0857589915394783,,0.5583080053329468,,3.6581788063049316,,,,,,,,,,,,,
0,,,,2679,,,,,,,,,,,,0.03792908787727356,0.11890970170497894,,0.6191728115081787,,4.396780967712402,,,,,,,,,,,,,
0,,,,2699,,,,,,,,,,,,0.03792908787727356,0.06579677760601044,,1.04823899269104,,3.9745655059814453,,,,,,,,,,,,,
0,,,,2719,,,,,,,,,,,,0.03792908787727356,0.10374327003955841,,0.8814337253570557,,4.216106414794922,,,,,,,,,,,,,
0,,,,2739,,,,,,,,,,,,0.03792908787727356,0.06689910590648651,,1.028871774673462,,4.171572685241699,,,,,,,,,,,,,
0,,,,2759,,,,,,,,,,,,0.03792908787727356,0.129743754863739,,0.6581593751907349,,4.325375556945801,,,,,,,,,,,,,
0,,,,2779,,,,,,,,,,,,0.03792908787727356,0.09368390589952469,,0.6934947371482849,,3.6697821617126465,,,,,,,,,,,,,
0,,,,2799,,,,,,,,,,,,0.03792908787727356,0.12659434974193573,,0.6697211265563965,,4.35836124420166,,,,,,,,,,,,,
0,,,,2819,,,,,,,,,,,,0.03792908787727356,0.12209746241569519,,0.8506121635437012,,4.259565353393555,,,,,,,,,,,,,
0,,,,2839,,,,,,,,,,,,0.03792908787727356,0.06533921509981155,,1.1320093870162964,,4.003615856170654,,,,,,,,,,,,,
0,,,,2859,,,,,,,,,,,,0.03792908787727356,0.1070970743894577,,0.5939610600471497,,4.197092533111572,,,,,,,,,,,,,
0,,,,2879,,,,,,,,,,,,0.03792908787727356,0.14199316501617432,,0.6118162870407104,,4.307212829589844,,,,,,,,,,,,,
0,,,,2899,,,,,,,,,,,,0.03792908787727356,0.08490334451198578,,0.9707058668136597,,3.937857151031494,,,,,,,,,,,,,
0,,,,2919,,,,,,,,,,,,0.03792908787727356,0.09268079698085785,,0.9401530623435974,,4.251528739929199,,,,,,,,,,,,,
0,,,,2939,,,,,,,,,,,,0.03792908787727356,0.05910366401076317,,1.1237928867340088,,3.9872777462005615,,,,,,,,,,,,,
0,,,,2959,,,,,,,,,,,,0.03792908787727356,0.09649689495563507,,1.444710373878479,,4.1870880126953125,,,,,,,,,,,,,
0,,,,2979,,,,,,,,,,,,0.03792908787727356,0.054260093718767166,,1.131300449371338,,3.9691500663757324,,,,,,,,,,,,,
0,,,,2999,,,,,,,,,,,,0.03792908787727356,0.06519527733325958,,0.866538941860199,,4.177005290985107,,,,,,,,,,,,,
0,,,,3019,,,,,,,,,,,,0.03792908787727356,0.08966808021068573,,0.6358120441436768,,3.701946258544922,,,,,,,,,,,,,
0,,,,3039,,,,,,,,,,,,0.03792908787727356,0.11500169336795807,,0.7752296924591064,,4.250936508178711,,,,,,,,,,,,,
0,,,,3059,,,,,,,,,,,,0.03792908787727356,0.07298581302165985,,0.9390820860862732,,3.921107530593872,,,,,,,,,,,,,
0,,,,3079,,,,,,,,,,,,0.03792908787727356,0.12083253264427185,,0.8461828827857971,,4.2084641456604,,,,,,,,,,,,,
0,,,,3099,,,,,,,,,,,,0.03792908787727356,0.09190206229686737,,0.5417255163192749,,3.6009914875030518,,,,,,,,,,,,,
0,,,,3119,,,,,,,,,,,,0.03792908787727356,0.0753825455904007,,0.5548182725906372,,3.648482084274292,,,,,,,,,,,,,
0,,,,3139,,,,,,,,,,,,0.03792908787727356,0.13689324259757996,,0.604719340801239,,4.319730758666992,,,,,,,,,,,,,
0,,,,3159,,,,,,,,,,,,0.03792908787727356,0.0716974139213562,,0.6542539596557617,,3.740126609802246,,,,,,,,,,,,,
0,,,,3179,,,,,,,,,,,,0.03792908787727356,0.08548089861869812,,1.0965200662612915,,4.188446044921875,,,,,,,,,,,,,
0,,,,3199,,,,,,,,,,,,0.03792908787727356,0.14108239114284515,,0.561739444732666,,4.365375518798828,,,,,,,,,,,,,
0,,,,3219,,,,,,,,,,,,0.03792908787727356,0.07567130029201508,,1.027440071105957,,4.17758321762085,,,,,,,,,,,,,
0,,,,3239,,,,,,,,,,,,0.03792908787727356,0.09689152240753174,,0.5295526385307312,,3.6501712799072266,,,,,,,,,,,,,
0,,,,3259,,,,,,,,,,,,0.03792908787727356,0.05490480363368988,,1.2117506265640259,,4.08393669128418,,,,,,,,,,,,,
0,,,,3279,,,,,,,,,,,,0.03792908787727356,0.12943728268146515,,0.5554035305976868,,4.313447952270508,,,,,,,,,,,,,
0,,,,3299,,,,,,,,,,,,0.03792908787727356,0.15703633427619934,,0.5507058501243591,,4.34658145904541,,,,,,,,,,,,,
0,,,,3319,,,,,,,,,,,,0.03792908787727356,0.05486268177628517,,1.1322494745254517,,4.048336982727051,,,,,,,,,,,,,
0,,,,3339,,,,,,,,,,,,0.03792908787727356,0.06850892305374146,,0.8267260789871216,,3.8625760078430176,,,,,,,,,,,,,
0,,,,3359,,,,,,,,,,,,0.03792908787727356,0.05904124677181244,,0.6158939003944397,,3.7229177951812744,,,,,,,,,,,,,
0,,,,3379,,,,,,,,,,,,0.03792908787727356,0.10487820208072662,,0.7237404584884644,,3.720337390899658,,,,,,,,,,,,,
0,,,,3399,,,,,,,,,,,,0.03792908787727356,0.08956500142812729,,0.7164830565452576,,3.723079204559326,,,,,,,,,,,,,
0,,,,3419,,,,,,,,,,,,0.03792908787727356,0.0668078362941742,,0.6752102971076965,,3.7336068153381348,,,,,,,,,,,,,
0,,,,3439,,,,,,,,,,,,0.03792908787727356,0.12476661801338196,,0.6985440254211426,,4.268536567687988,,,,,,,,,,,,,
0,,,,3459,,,,,,,,,,,,0.03792908787727356,0.08322952687740326,,0.5059826970100403,,3.6291184425354004,,,,,,,,,,,,,
0,,,,3479,,,,,,,,,,,,0.03792908787727356,0.1298663169145584,,0.6766305565834045,,4.284149169921875,,,,,,,,,,,,,
0,,,,3481,,,,,,,,,,,,,,,,,,0.710212230682373,0.8973034024238586,0.6643157601356506,0.6756812334060669,0.4517545700073242,0.6870467662811279,0.5871917009353638,0.6800520420074463,0.627324640750885,0.8473883867263794,0.8835882544517517,0.389885812997818,0.710212230682373
0,,,,3481,,,,,,,,,0.5120880007743835,0.07736290246248245,0.0379277765750885,,,0.8573810458183289,,4.032608509063721,,,,,,,,,,,,,,
,0.00011999999999999999,0.00011999999999999999,1.2e-05,3482,,,,,,,,,,,,,,,,,,,,,,,,,,,,,,
1,,,,3499,,,,,,,,,,,,0.05960145965218544,0.12245157361030579,,0.47094210982322693,,3.4804975986480713,,,,,,,,,,,,,
1,,,,3519,,,,,,,,,,,,0.05960145965218544,0.08402851223945618,,0.8811341524124146,,3.7633166313171387,,,,,,,,,,,,,
1,,,,3539,,,,,,,,,,,,0.05960145965218544,0.12341415137052536,,0.7390177249908447,,4.3160400390625,,,,,,,,,,,,,
1,,,,3559,,,,,,,,,,,,0.05960145965218544,0.1182020753622055,,0.7891122698783875,,4.23280143737793,,,,,,,,,,,,,
1,,,,3579,,,,,,,,,,,,0.05960145965218544,0.08545976132154465,,0.526469886302948,,3.5794734954833984,,,,,,,,,,,,,
1,,,,3599,,,,,,,,,,,,0.05960145965218544,0.08580957353115082,,0.6883758902549744,,3.7091879844665527,,,,,,,,,,,,,
1,,,,3619,,,,,,,,,,,,0.05960145965218544,0.08226032555103302,,1.346173882484436,,4.154590606689453,,,,,,,,,,,,,
1,,,,3639,,,,,,,,,,,,0.05960145965218544,0.058723606169223785,,0.8842217922210693,,3.9462575912475586,,,,,,,,,,,,,
1,,,,3659,,,,,,,,,,,,0.05960145965218544,0.06604444235563278,,1.2904510498046875,,4.133893966674805,,,,,,,,,,,,,
1,,,,3679,,,,,,,,,,,,0.05960145965218544,0.10212508589029312,,0.5029347538948059,,3.7398743629455566,,,,,,,,,,,,,
1,,,,3699,,,,,,,,,,,,0.05960145965218544,0.0804440826177597,,0.6092966794967651,,3.8030524253845215,,,,,,,,,,,,,
1,,,,3719,,,,,,,,,,,,0.05960145965218544,0.12552383542060852,,0.5487029552459717,,4.288895606994629,,,,,,,,,,,,,
1,,,,3739,,,,,,,,,,,,0.05960145965218544,0.07275793701410294,,0.8243622779846191,,3.9145278930664062,,,,,,,,,,,,,
1,,,,3759,,,,,,,,,,,,0.05960145965218544,0.13661660254001617,,0.6231633424758911,,4.4081573486328125,,,,,,,,,,,,,
1,,,,3779,,,,,,,,,,,,0.05960145965218544,0.10630878061056137,,0.7111116051673889,,4.3642683029174805,,,,,,,,,,,,,
1,,,,3799,,,,,,,,,,,,0.05960145965218544,0.08817137777805328,,1.0187609195709229,,4.197333335876465,,,,,,,,,,,,,
1,,,,3819,,,,,,,,,,,,0.05960145965218544,0.09737496078014374,,0.4818113446235657,,3.6151115894317627,,,,,,,,,,,,,
1,,,,3839,,,,,,,,,,,,0.05960145965218544,0.09196780622005463,,0.6313310861587524,,3.6988916397094727,,,,,,,,,,,,,
1,,,,3859,,,,,,,,,,,,0.05960145965218544,0.07592830806970596,,1.170304536819458,,3.9402074813842773,,,,,,,,,,,,,
1,,,,3879,,,,,,,,,,,,0.05960145965218544,0.1159776896238327,,0.5811746716499329,,4.318881511688232,,,,,,,,,,,,,
1,,,,3899,,,,,,,,,,,,0.05960145965218544,0.08602844923734665,,0.7952837944030762,,3.8192148208618164,,,,,,,,,,,,,
1,,,,3919,,,,,,,,,,,,0.05960145965218544,0.09089509397745132,,0.6894150376319885,,3.718365430831909,,,,,,,,,,,,,
1,,,,3939,,,,,,,,,,,,0.05960145965218544,0.13959074020385742,,0.6419141888618469,,4.428051471710205,,,,,,,,,,,,,
1,,,,3959,,,,,,,,,,,,0.05960145965218544,0.059416644275188446,,0.5963078737258911,,3.6756205558776855,,,,,,,,,,,,,
1,,,,3979,,,,,,,,,,,,0.05960145965218544,0.06865280866622925,,1.0348838567733765,,3.9200963973999023,,,,,,,,,,,,,
1,,,,3999,,,,,,,,,,,,0.05960145965218544,0.06266051530838013,,1.1241942644119263,,3.999958038330078,,,,,,,,,,,,,
1,,,,4019,,,,,,,,,,,,0.05960145965218544,0.08013986051082611,,1.2690285444259644,,4.193791389465332,,,,,,,,,,,,,
1,,,,4039,,,,,,,,,,,,0.05960145965218544,0.13159479200839996,,0.5892699956893921,,4.2676825523376465,,,,,,,,,,,,,
1,,,,4059,,,,,,,,,,,,0.05960145965218544,0.15843208134174347,,0.5601910948753357,,4.307988166809082,,,,,,,,,,,,,
1,,,,4079,,,,,,,,,,,,0.05960145965218544,0.09010088443756104,,0.7691473960876465,,3.8668603897094727,,,,,,,,,,,,,
1,,,,4099,,,,,,,,,,,,0.05960145965218544,0.10057403147220612,,0.570631206035614,,3.6890621185302734,,,,,,,,,,,,,
1,,,,4119,,,,,,,,,,,,0.05960145965218544,0.09215519577264786,,0.7568199634552002,,3.8717427253723145,,,,,,,,,,,,,
1,,,,4139,,,,,,,,,,,,0.05960145965218544,0.04879211634397507,,1.2193936109542847,,4.165215492248535,,,,,,,,,,,,,
1,,,,4159,,,,,,,,,,,,0.05960145965218544,0.08788858354091644,,0.5681751370429993,,3.681492805480957,,,,,,,,,,,,,
1,,,,4179,,,,,,,,,,,,0.05960145965218544,0.08114562928676605,,0.45536985993385315,,3.5558600425720215,,,,,,,,,,,,,
1,,,,4199,,,,,,,,,,,,0.05960145965218544,0.13552170991897583,,0.7495139837265015,,4.396800994873047,,,,,,,,,,,,,
1,,,,4219,,,,,,,,,,,,0.05960145965218544,0.07246083766222,,0.9624751210212708,,3.888422966003418,,,,,,,,,,,,,
1,,,,4239,,,,,,,,,,,,0.05960145965218544,0.06563274562358856,,1.1029237508773804,,4.180346488952637,,,,,,,,,,,,,
1,,,,4259,,,,,,,,,,,,0.05960145965218544,0.07940470427274704,,0.7287846803665161,,3.727038860321045,,,,,,,,,,,,,
1,,,,4279,,,,,,,,,,,,0.05960145965218544,0.06711442768573761,,1.216049075126648,,4.112603664398193,,,,,,,,,,,,,
1,,,,4299,,,,,,,,,,,,0.05960145965218544,0.06997232139110565,,1.0824068784713745,,3.951582908630371,,,,,,,,,,,,,
1,,,,4319,,,,,,,,,,,,0.05960145965218544,0.08052526414394379,,0.5241066813468933,,3.5284790992736816,,,,,,,,,,,,,
1,,,,4339,,,,,,,,,,,,0.05960145965218544,0.1425991952419281,,0.5188935399055481,,4.38174295425415,,,,,,,,,,,,,
1,,,,4359,,,,,,,,,,,,0.05960145965218544,0.08620686829090118,,0.8195955753326416,,3.810515880584717,,,,,,,,,,,,,
1,,,,4379,,,,,,,,,,,,0.05960145965218544,0.08442804217338562,,0.9615437984466553,,3.899704694747925,,,,,,,,,,,,,
1,,,,4399,,,,,,,,,,,,0.05960145965218544,0.06062408536672592,,1.2325849533081055,,4.147886276245117,,,,,,,,,,,,,
1,,,,4419,,,,,,,,,,,,0.05960145965218544,0.11371957510709763,,1.0442945957183838,,4.258135795593262,,,,,,,,,,,,,
1,,,,4439,,,,,,,,,,,,0.05960145965218544,0.15025877952575684,,0.572614312171936,,4.516066074371338,,,,,,,,,,,,,
1,,,,4459,,,,,,,,,,,,0.05960145965218544,0.10282137989997864,,0.48829221725463867,,3.471618413925171,,,,,,,,,,,,,
1,,,,4479,,,,,,,,,,,,0.05960145965218544,0.08456878364086151,,0.9697691202163696,,3.8431878089904785,,,,,,,,,,,,,
1,,,,4499,,,,,,,,,,,,0.05960145965218544,0.05158389359712601,,1.2215443849563599,,4.062673568725586,,,,,,,,,,,,,
1,,,,4519,,,,,,,,,,,,0.05960145965218544,0.15209226310253143,,0.5318904519081116,,4.308706283569336,,,,,,,,,,,,,
1,,,,4539,,,,,,,,,,,,0.05960145965218544,0.1597546935081482,,0.5466557145118713,,4.311490535736084,,,,,,,,,,,,,
1,,,,4559,,,,,,,,,,,,0.05960145965218544,0.1224624365568161,,0.7473806738853455,,4.236800193786621,,,,,,,,,,,,,
1,,,,4579,,,,,,,,,,,,0.05960145965218544,0.04855711758136749,,1.0130420923233032,,4.092747688293457,,,,,,,,,,,,,
1,,,,4599,,,,,,,,,,,,0.05960145965218544,0.08933665603399277,,1.0342583656311035,,4.159987449645996,,,,,,,,,,,,,
1,,,,4619,,,,,,,,,,,,0.05960145965218544,0.09469513595104218,,0.5010890364646912,,3.7671871185302734,,,,,,,,,,,,,
1,,,,4639,,,,,,,,,,,,0.05960145965218544,0.1358179748058319,,0.6592077016830444,,4.2612104415893555,,,,,,,,,,,,,
1,,,,4659,,,,,,,,,,,,0.05960145965218544,0.07138166576623917,,1.2274330854415894,,4.05438232421875,,,,,,,,,,,,,
1,,,,4679,,,,,,,,,,,,0.05960145965218544,0.12580181658267975,,0.4137197732925415,,3.3529276847839355,,,,,,,,,,,,,
1,,,,4699,,,,,,,,,,,,0.05960145965218544,0.08436578512191772,,0.5674379467964172,,3.635929584503174,,,,,,,,,,,,,
1,,,,4719,,,,,,,,,,,,0.05960145965218544,0.16059383749961853,,0.5939136147499084,,4.477420806884766,,,,,,,,,,,,,
1,,,,4739,,,,,,,,,,,,0.05960145965218544,0.06824759393930435,,1.1690142154693604,,4.117928504943848,,,,,,,,,,,,,
1,,,,4759,,,,,,,,,,,,0.05960145965218544,0.11222657561302185,,0.6911336779594421,,3.7278060913085938,,,,,,,,,,,,,
1,,,,4779,,,,,,,,,,,,0.05960145965218544,0.1300443410873413,,0.7971128821372986,,4.303739547729492,,,,,,,,,,,,,
1,,,,4799,,,,,,,,,,,,0.05960145965218544,0.09421005845069885,,0.6921306848526001,,3.626415252685547,,,,,,,,,,,,,
1,,,,4819,,,,,,,,,,,,0.05960145965218544,0.1011347621679306,,0.742837131023407,,4.313953399658203,,,,,,,,,,,,,
1,,,,4839,,,,,,,,,,,,0.05960145965218544,0.10229688882827759,,0.7433532476425171,,3.680840015411377,,,,,,,,,,,,,
1,,,,4859,,,,,,,,,,,,0.05960145965218544,0.08593328297138214,,0.794317901134491,,3.8082973957061768,,,,,,,,,,,,,
1,,,,4879,,,,,,,,,,,,0.05960145965218544,0.10659845918416977,,1.0116298198699951,,3.912752628326416,,,,,,,,,,,,,
1,,,,4899,,,,,,,,,,,,0.05960145965218544,0.13235479593276978,,0.8195230960845947,,4.279025077819824,,,,,,,,,,,,,
1,,,,4919,,,,,,,,,,,,0.05960145965218544,0.10035845637321472,,1.051222562789917,,4.204188346862793,,,,,,,,,,,,,
1,,,,4939,,,,,,,,,,,,0.05960145965218544,0.16083207726478577,,0.6459271311759949,,4.208883285522461,,,,,,,,,,,,,
1,,,,4959,,,,,,,,,,,,0.05960145965218544,0.13240760564804077,,0.541719377040863,,4.274550437927246,,,,,,,,,,,,,
1,,,,4979,,,,,,,,,,,,0.05960145965218544,0.1127457320690155,,0.8692295551300049,,3.8410046100616455,,,,,,,,,,,,,
1,,,,4999,,,,,,,,,,,,0.05960145965218544,0.14822420477867126,,0.6378887891769409,,4.336661338806152,,,,,,,,,,,,,
1,,,,5019,,,,,,,,,,,,0.05960145965218544,0.06697264313697815,,1.2570708990097046,,4.101925849914551,,,,,,,,,,,,,
1,,,,5039,,,,,,,,,,,,0.05960145965218544,0.16861394047737122,,0.5790013074874878,,4.342134952545166,,,,,,,,,,,,,
1,,,,5059,,,,,,,,,,,,0.05960145965218544,0.06040118262171745,,1.1773396730422974,,4.116061687469482,,,,,,,,,,,,,
1,,,,5079,,,,,,,,,,,,0.05960145965218544,0.10244578123092651,,0.5942193269729614,,3.590182304382324,,,,,,,,,,,,,
1,,,,5099,,,,,,,,,,,,0.05960145965218544,0.08393007516860962,,1.1394016742706299,,4.193604946136475,,,,,,,,,,,,,
1,,,,5119,,,,,,,,,,,,0.05960145965218544,0.06794846057891846,,1.2901582717895508,,4.105266094207764,,,,,,,,,,,,,
1,,,,5139,,,,,,,,,,,,0.05960145965218544,0.13942140340805054,,0.6757909059524536,,4.369997024536133,,,,,,,,,,,,,
1,,,,5159,,,,,,,,,,,,0.05960145965218544,0.163933664560318,,0.5142664909362793,,4.355725288391113,,,,,,,,,,,,,
1,,,,5179,,,,,,,,,,,,0.05960145965218544,0.11311070621013641,,0.428627073764801,,3.5351200103759766,,,,,,,,,,,,,
1,,,,5199,,,,,,,,,,,,0.05960145965218544,0.15860530734062195,,0.5550104975700378,,4.266286849975586,,,,,,,,,,,,,
1,,,,5219,,,,,,,,,,,,0.05960145965218544,0.12123292684555054,,0.42952221632003784,,3.513353109359741,,,,,,,,,,,,,
1,,,,5239,,,,,,,,,,,,0.05960145965218544,0.06381598114967346,,1.3864167928695679,,4.121791362762451,,,,,,,,,,,,,
1,,,,5259,,,,,,,,,,,,0.05960145965218544,0.12598422169685364,,0.6423884630203247,,4.284140586853027,,,,,,,,,,,,,
1,,,,5279,,,,,,,,,,,,0.05960145965218544,0.0646190196275711,,1.140474796295166,,3.9951581954956055,,,,,,,,,,,,,
1,,,,5299,,,,,,,,,,,,0.05960145965218544,0.10732905566692352,,0.574918806552887,,3.5914926528930664,,,,,,,,,,,,,
1,,,,5319,,,,,,,,,,,,0.05960145965218544,0.11112537235021591,,0.6559442281723022,,3.6745405197143555,,,,,,,,,,,,,
1,,,,5339,,,,,,,,,,,,0.05960145965218544,0.06985656172037125,,0.5889309644699097,,3.7544941902160645,,,,,,,,,,,,,
1,,,,5359,,,,,,,,,,,,0.05960145965218544,0.17244312167167664,,0.5233457684516907,,4.2546563148498535,,,,,,,,,,,,,
1,,,,5379,,,,,,,,,,,,0.05960145965218544,0.07245635986328125,,1.1727524995803833,,4.0673627853393555,,,,,,,,,,,,,
1,,,,5399,,,,,,,,,,,,0.05960145965218544,0.05328312888741493,,1.1810814142227173,,4.077641010284424,,,,,,,,,,,,,
1,,,,5419,,,,,,,,,,,,0.05960145965218544,0.12361208349466324,,0.6977469325065613,,3.6890885829925537,,,,,,,,,,,,,
1,,,,5439,,,,,,,,,,,,0.05960145965218544,0.0593097060918808,,1.0582706928253174,,3.9836883544921875,,,,,,,,,,,,,
1,,,,5459,,,,,,,,,,,,0.05960145965218544,0.18433552980422974,,0.6248041987419128,,4.331520080566406,,,,,,,,,,,,,
1,,,,5479,,,,,,,,,,,,0.05960145965218544,0.06676468998193741,,1.0986473560333252,,4.116468906402588,,,,,,,,,,,,,
1,,,,5499,,,,,,,,,,,,0.05960145965218544,0.11809080839157104,,0.466450959444046,,3.471609592437744,,,,,,,,,,,,,
1,,,,5519,,,,,,,,,,,,0.05960145965218544,0.11591129750013351,,0.43199360370635986,,3.462113857269287,,,,,,,,,,,,,
1,,,,5539,,,,,,,,,,,,0.05960145965218544,0.15432339906692505,,1.0159605741500854,,4.2426347732543945,,,,,,,,,,,,,
1,,,,5559,,,,,,,,,,,,0.05960145965218544,0.1377551555633545,,0.6371727585792542,,4.2546796798706055,,,,,,,,,,,,,
1,,,,5579,,,,,,,,,,,,0.05960145965218544,0.13504613935947418,,0.6381446123123169,,3.7053306102752686,,,,,,,,,,,,,
1,,,,5599,,,,,,,,,,,,0.05960145965218544,0.17021815478801727,,0.5245465636253357,,4.348990440368652,,,,,,,,,,,,,
1,,,,5619,,,,,,,,,,,,0.05960145965218544,0.07553707808256149,,1.0511488914489746,,3.86796236038208,,,,,,,,,,,,,
1,,,,5639,,,,,,,,,,,,0.05960145965218544,0.09463675320148468,,1.1770707368850708,,3.937108039855957,,,,,,,,,,,,,
1,,,,5659,,,,,,,,,,,,0.05960145965218544,0.07907703518867493,,0.9826138615608215,,4.220076560974121,,,,,,,,,,,,,
1,,,,5679,,,,,,,,,,,,0.05960145965218544,0.09326105564832687,,0.4710133969783783,,3.41607666015625,,,,,,,,,,,,,
1,,,,5699,,,,,,,,,,,,0.05960145965218544,0.11788751184940338,,0.513640820980072,,3.542371988296509,,,,,,,,,,,,,
1,,,,5719,,,,,,,,,,,,0.05960145965218544,0.06134520843625069,,0.9367293119430542,,3.950793504714966,,,,,,,,,,,,,
1,,,,5739,,,,,,,,,,,,0.05960145965218544,0.06725400686264038,,1.0441689491271973,,3.994654655456543,,,,,,,,,,,,,
1,,,,5759,,,,,,,,,,,,0.05960145965218544,0.11954616755247116,,0.7536450624465942,,3.711841344833374,,,,,,,,,,,,,
1,,,,5779,,,,,,,,,,,,0.05960145965218544,0.056398604065179825,,1.2190208435058594,,4.0560102462768555,,,,,,,,,,,,,
1,,,,5799,,,,,,,,,,,,0.05960145965218544,0.10116712749004364,,0.9901586771011353,,3.938666343688965,,,,,,,,,,,,,
1,,,,5819,,,,,,,,,,,,0.05960145965218544,0.12074325978755951,,0.492053747177124,,3.5894577503204346,,,,,,,,,,,,,
1,,,,5839,,,,,,,,,,,,0.05960145965218544,0.11170344799757004,,0.6126967072486877,,3.706592559814453,,,,,,,,,,,,,
1,,,,5859,,,,,,,,,,,,0.05960145965218544,0.11334818601608276,,0.6203240156173706,,3.660080909729004,,,,,,,,,,,,,
1,,,,5879,,,,,,,,,,,,0.05960145965218544,0.11019623279571533,,0.4635612666606903,,3.5144948959350586,,,,,,,,,,,,,
1,,,,5899,,,,,,,,,,,,0.05960145965218544,0.1349981725215912,,0.6076881289482117,,4.287912845611572,,,,,,,,,,,,,
1,,,,5919,,,,,,,,,,,,0.05960145965218544,0.07409466803073883,,1.0647473335266113,,4.185184478759766,,,,,,,,,,,,,
1,,,,5939,,,,,,,,,,,,0.05960145965218544,0.1427251696586609,,0.5182501077651978,,4.41474723815918,,,,,,,,,,,,,
1,,,,5959,,,,,,,,,,,,0.05960145965218544,0.1130848228931427,,0.7537029385566711,,3.8269155025482178,,,,,,,,,,,,,
1,,,,5979,,,,,,,,,,,,0.05960145965218544,0.1868910789489746,,0.5658249855041504,,4.455600738525391,,,,,,,,,,,,,
1,,,,5999,,,,,,,,,,,,0.05960145965218544,0.10070788860321045,,0.4796525239944458,,3.573580265045166,,,,,,,,,,,,,
1,,,,6019,,,,,,,,,,,,0.05960145965218544,0.06321641057729721,,1.239472508430481,,4.133701801300049,,,,,,,,,,,,,
1,,,,6039,,,,,,,,,,,,0.05960145965218544,0.10597434639930725,,0.4818383455276489,,3.56172513961792,,,,,,,,,,,,,
1,,,,6059,,,,,,,,,,,,0.05960145965218544,0.14925119280815125,,0.5833961367607117,,4.241985321044922,,,,,,,,,,,,,
1,,,,6079,,,,,,,,,,,,0.05960145965218544,0.08463031053543091,,1.0352052450180054,,4.140277862548828,,,,,,,,,,,,,
1,,,,6099,,,,,,,,,,,,0.05960145965218544,0.09366633743047714,,1.0046319961547852,,3.949329137802124,,,,,,,,,,,,,
1,,,,6119,,,,,,,,,,,,0.05960145965218544,0.09736032783985138,,0.4295251667499542,,3.5066936016082764,,,,,,,,,,,,,
1,,,,6139,,,,,,,,,,,,0.05960145965218544,0.1846572309732437,,0.5899316668510437,,4.224240303039551,,,,,,,,,,,,,
1,,,,6159,,,,,,,,,,,,0.05960145965218544,0.1503511667251587,,0.6618174910545349,,4.331785678863525,,,,,,,,,,,,,
1,,,,6179,,,,,,,,,,,,0.05960145965218544,0.16906166076660156,,0.5297027230262756,,4.39286994934082,,,,,,,,,,,,,
1,,,,6199,,,,,,,,,,,,0.05960145965218544,0.10331667959690094,,0.3909209966659546,,3.338610887527466,,,,,,,,,,,,,
1,,,,6219,,,,,,,,,,,,0.05960145965218544,0.14833971858024597,,0.7725510597229004,,4.342949867248535,,,,,,,,,,,,,
1,,,,6239,,,,,,,,,,,,0.05960145965218544,0.11294575780630112,,0.9151121973991394,,4.287014961242676,,,,,,,,,,,,,
1,,,,6259,,,,,,,,,,,,0.05960145965218544,0.10898152738809586,,0.7000945806503296,,3.690192937850952,,,,,,,,,,,,,
1,,,,6279,,,,,,,,,,,,0.05960145965218544,0.16278114914894104,,0.5599425435066223,,4.302656650543213,,,,,,,,,,,,,
1,,,,6299,,,,,,,,,,,,0.05960145965218544,0.15006479620933533,,0.555802047252655,,4.283712387084961,,,,,,,,,,,,,
1,,,,6319,,,,,,,,,,,,0.05960145965218544,0.13202407956123352,,0.43809816241264343,,3.44559383392334,,,,,,,,,,,,,
1,,,,6339,,,,,,,,,,,,0.05960145965218544,0.1552039086818695,,0.5959471464157104,,4.328909873962402,,,,,,,,,,,,,
1,,,,6359,,,,,,,,,,,,0.05960145965218544,0.15722723305225372,,0.6261441111564636,,4.410748481750488,,,,,,,,,,,,,
1,,,,6379,,,,,,,,,,,,0.05960145965218544,0.0622774213552475,,1.1663994789123535,,4.096915245056152,,,,,,,,,,,,,
1,,,,6399,,,,,,,,,,,,0.05960145965218544,0.07840630412101746,,1.0956202745437622,,3.927847146987915,,,,,,,,,,,,,
1,,,,6419,,,,,,,,,,,,0.05960145965218544,0.055975865572690964,,1.1607242822647095,,4.005390644073486,,,,,,,,,,,,,
1,,,,6439,,,,,,,,,,,,0.05960145965218544,0.0778684914112091,,1.0497936010360718,,4.1590986251831055,,,,,,,,,,,,,
1,,,,6459,,,,,,,,,,,,0.05960145965218544,0.16868993639945984,,0.6618160605430603,,4.450605392456055,,,,,,,,,,,,,
1,,,,6479,,,,,,,,,,,,0.05960145965218544,0.17007547616958618,,0.738900899887085,,4.421446323394775,,,,,,,,,,,,,
1,,,,6499,,,,,,,,,,,,0.05960145965218544,0.12972301244735718,,0.48858946561813354,,3.5172078609466553,,,,,,,,,,,,,
1,,,,6519,,,,,,,,,,,,0.05960145965218544,0.089394710958004,,1.1221996545791626,,4.15027379989624,,,,,,,,,,,,,
1,,,,6539,,,,,,,,,,,,0.05960145965218544,0.06972084194421768,,1.0803320407867432,,4.037487030029297,,,,,,,,,,,,,
1,,,,6559,,,,,,,,,,,,0.05960145965218544,0.12628722190856934,,0.4987887740135193,,3.549065113067627,,,,,,,,,,,,,
1,,,,6579,,,,,,,,,,,,0.05960145965218544,0.08035117387771606,,0.9897148013114929,,3.940964937210083,,,,,,,,,,,,,
1,,,,6599,,,,,,,,,,,,0.05960145965218544,0.07888291031122208,,1.0630232095718384,,4.182258605957031,,,,,,,,,,,,,
1,,,,6619,,,,,,,,,,,,0.05960145965218544,0.16279485821723938,,0.5841189622879028,,4.411545753479004,,,,,,,,,,,,,
1,,,,6639,,,,,,,,,,,,0.05960145965218544,0.13976998627185822,,0.43395769596099854,,3.4427971839904785,,,,,,,,,,,,,
1,,,,6659,,,,,,,,,,,,0.05960145965218544,0.08965633809566498,,1.1898977756500244,,4.0608720779418945,,,,,,,,,,,,,
1,,,,6679,,,,,,,,,,,,0.05960145965218544,0.07592151314020157,,1.0191341638565063,,4.012497901916504,,,,,,,,,,,,,
1,,,,6699,,,,,,,,,,,,0.05960145965218544,0.11812219023704529,,0.5586593151092529,,3.7041420936584473,,,,,,,,,,,,,
1,,,,6719,,,,,,,,,,,,0.05960145965218544,0.1389853060245514,,0.6305879354476929,,3.602759838104248,,,,,,,,,,,,,
1,,,,6739,,,,,,,,,,,,0.05960145965218544,0.11326750367879868,,0.5729441046714783,,3.6924169063568115,,,,,,,,,,,,,
1,,,,6759,,,,,,,,,,,,0.05960145965218544,0.16886402666568756,,0.6204303503036499,,4.363272666931152,,,,,,,,,,,,,
1,,,,6779,,,,,,,,,,,,0.05960145965218544,0.10753897577524185,,0.735712468624115,,3.8024215698242188,,,,,,,,,,,,,
1,,,,6799,,,,,,,,,,,,0.05960145965218544,0.06088562309741974,,1.1714280843734741,,4.072404384613037,,,,,,,,,,,,,
1,,,,6819,,,,,,,,,,,,0.05960145965218544,0.12085594236850739,,0.724337100982666,,3.759148120880127,,,,,,,,,,,,,
1,,,,6839,,,,,,,,,,,,0.05960145965218544,0.09880295395851135,,0.8644512891769409,,4.212316513061523,,,,,,,,,,,,,
1,,,,6859,,,,,,,,,,,,0.05960145965218544,0.13592493534088135,,0.8462902903556824,,4.315918922424316,,,,,,,,,,,,,
1,,,,6879,,,,,,,,,,,,0.05960145965218544,0.1254682093858719,,0.8005692958831787,,4.284158706665039,,,,,,,,,,,,,
1,,,,6899,,,,,,,,,,,,0.05960145965218544,0.11146648973226547,,0.4682416319847107,,3.612349510192871,,,,,,,,,,,,,
1,,,,6919,,,,,,,,,,,,0.05960145965218544,0.1093401312828064,,0.7431795597076416,,3.691971778869629,,,,,,,,,,,,,
1,,,,6939,,,,,,,,,,,,0.05960145965218544,0.1944640725851059,,0.5101849436759949,,4.440748691558838,,,,,,,,,,,,,
1,,,,6959,,,,,,,,,,,,0.05960145965218544,0.1003056988120079,,0.47975561022758484,,3.5117292404174805,,,,,,,,,,,,,
1,,,,6963,,,,,,,,,,,,,,,,,,0.7207220792770386,0.9005889892578125,0.685941219329834,0.6842890977859497,0.4250952899456024,0.6826369166374207,0.5955138802528381,0.6972532868385315,0.6513224244117737,0.7317777872085571,0.8636813163757324,0.48376622796058655,0.7207220792770386
1,,,,6963,,,,,,,,,0.529732882976532,0.10752128809690475,0.059600889682769775,,,0.7884114384651184,,4.00352144241333,,,,,,,,,,,,,,
,0.00017999999999999998,0.00017999999999999998,1.7999999999999997e-05,6964,,,,,,,,,,,,,,,,,,,,,,,,,,,,,,
2,,,,6979,,,,,,,,,,,,0.09121276438236237,0.12151136249303818,,0.5051671862602234,,3.571704387664795,,,,,,,,,,,,,
2,,,,6999,,,,,,,,,,,,0.09121276438236237,0.0810934379696846,,0.9478541612625122,,3.915743112564087,,,,,,,,,,,,,
2,,,,7019,,,,,,,,,,,,0.09121276438236237,0.12267625331878662,,1.0580052137374878,,3.9042842388153076,,,,,,,,,,,,,
2,,,,7039,,,,,,,,,,,,0.09121276438236237,0.08467082679271698,,0.7404019236564636,,3.7809653282165527,,,,,,,,,,,,,
2,,,,7059,,,,,,,,,,,,0.09121276438236237,0.1347452700138092,,0.44853803515434265,,3.6189310550689697,,,,,,,,,,,,,
2,,,,7079,,,,,,,,,,,,0.09121276438236237,0.1331118494272232,,0.8210938572883606,,4.248651504516602,,,,,,,,,,,,,
2,,,,7099,,,,,,,,,,,,0.09121276438236237,0.12875938415527344,,0.4448644518852234,,3.4794516563415527,,,,,,,,,,,,,
2,,,,7119,,,,,,,,,,,,0.09121276438236237,0.17398373782634735,,0.5965308547019958,,4.686827659606934,,,,,,,,,,,,,
2,,,,7139,,,,,,,,,,,,0.09121276438236237,0.14704926311969757,,0.38767915964126587,,3.2240118980407715,,,,,,,,,,,,,
2,,,,7159,,,,,,,,,,,,0.09121276438236237,0.1449507176876068,,0.4155694544315338,,3.3252811431884766,,,,,,,,,,,,,
2,,,,7179,,,,,,,,,,,,0.09121276438236237,0.16953986883163452,,0.6500627398490906,,4.233026504516602,,,,,,,,,,,,,
2,,,,7199,,,,,,,,,,,,0.09121276438236237,0.0845576822757721,,0.8797699213027954,,4.149179458618164,,,,,,,,,,,,,
2,,,,7219,,,,,,,,,,,,0.09121276438236237,0.10640490055084229,,0.7274819016456604,,3.863748788833618,,,,,,,,,,,,,
2,,,,7239,,,,,,,,,,,,0.09121276438236237,0.12581494450569153,,0.8965414762496948,,3.9131317138671875,,,,,,,,,,,,,
2,,,,7259,,,,,,,,,,,,0.09121276438236237,0.13840916752815247,,0.7829970717430115,,4.296151638031006,,,,,,,,,,,,,
2,,,,7279,,,,,,,,,,,,0.09121276438236237,0.09060041606426239,,0.5774965286254883,,3.7588233947753906,,,,,,,,,,,,,
2,,,,7299,,,,,,,,,,,,0.09121276438236237,0.06652480363845825,,1.038397192955017,,4.011536121368408,,,,,,,,,,,,,
2,,,,7319,,,,,,,,,,,,0.09121276438236237,0.0948018804192543,,1.440276026725769,,4.118124961853027,,,,,,,,,,,,,
2,,,,7339,,,,,,,,,,,,0.09121276438236237,0.1090816780924797,,0.7991229891777039,,3.731030225753784,,,,,,,,,,,,,
2,,,,7359,,,,,,,,,,,,0.09121276438236237,0.17705117166042328,,0.6083382368087769,,4.575709342956543,,,,,,,,,,,,,
2,,,,7379,,,,,,,,,,,,0.09121276438236237,0.11995804309844971,,0.4133329689502716,,3.296248435974121,,,,,,,,,,,,,
2,,,,7399,,,,,,,,,,,,0.09121276438236237,0.12337212264537811,,0.9131674766540527,,4.40230655670166,,,,,,,,,,,,,
2,,,,7419,,,,,,,,,,,,0.09121276438236237,0.10846064984798431,,0.7634168267250061,,3.8042044639587402,,,,,,,,,,,,,
2,,,,7439,,,,,,,,,,,,0.09121276438236237,0.14681284129619598,,0.4940180480480194,,3.634446620941162,,,,,,,,,,,,,
2,,,,7459,,,,,,,,,,,,0.09121276438236237,0.09239299595355988,,1.1153560876846313,,3.994309425354004,,,,,,,,,,,,,
2,,,,7479,,,,,,,,,,,,0.09121276438236237,0.14485731720924377,,0.6259341835975647,,4.346205711364746,,,,,,,,,,,,,
2,,,,7499,,,,,,,,,,,,0.09121276438236237,0.08261147141456604,,0.713071346282959,,3.771300792694092,,,,,,,,,,,,,
2,,,,7519,,,,,,,,,,,,0.09121276438236237,0.08492262661457062,,0.45170003175735474,,3.3872299194335938,,,,,,,,,,,,,
2,,,,7539,,,,,,,,,,,,0.09121276438236237,0.1513606756925583,,0.7919411659240723,,4.497276306152344,,,,,,,,,,,,,
2,,,,7559,,,,,,,,,,,,0.09121276438236237,0.14711618423461914,,0.5777086615562439,,4.392634868621826,,,,,,,,,,,,,
2,,,,7579,,,,,,,,,,,,0.09121276438236237,0.05807395279407501,,1.0822699069976807,,4.131439208984375,,,,,,,,,,,,,
2,,,,7599,,,,,,,,,,,,0.09121276438236237,0.19850197434425354,,0.5930777192115784,,4.5929341316223145,,,,,,,,,,,,,
2,,,,7619,,,,,,,,,,,,0.09121276438236237,0.07634280622005463,,1.0214197635650635,,4.210384368896484,,,,,,,,,,,,,
2,,,,7639,,,,,,,,,,,,0.09121276438236237,0.06431843340396881,,1.15847647190094,,4.029033184051514,,,,,,,,,,,,,
2,,,,7659,,,,,,,,,,,,0.09121276438236237,0.15927447378635406,,0.5138235688209534,,4.317255973815918,,,,,,,,,,,,,
2,,,,7679,,,,,,,,,,,,0.09121276438236237,0.06987177580595016,,1.2607828378677368,,4.102468490600586,,,,,,,,,,,,,
2,,,,7699,,,,,,,,,,,,0.09121276438236237,0.07888277620077133,,1.1902003288269043,,4.079342842102051,,,,,,,,,,,,,
2,,,,7719,,,,,,,,,,,,0.09121276438236237,0.07242788374423981,,1.1413722038269043,,4.035715579986572,,,,,,,,,,,,,
2,,,,7739,,,,,,,,,,,,0.09121276438236237,0.1073179841041565,,0.6771855354309082,,3.8034746646881104,,,,,,,,,,,,,
2,,,,7759,,,,,,,,,,,,0.09121276438236237,0.16268298029899597,,0.6204856038093567,,4.295625686645508,,,,,,,,,,,,,
2,,,,7779,,,,,,,,,,,,0.09121276438236237,0.10024505108594894,,0.4934104382991791,,3.5742170810699463,,,,,,,,,,,,,
2,,,,7799,,,,,,,,,,,,0.09121276438236237,0.09059193730354309,,0.792888879776001,,3.8483238220214844,,,,,,,,,,,,,
2,,,,7819,,,,,,,,,,,,0.09121276438236237,0.12366044521331787,,0.691015899181366,,3.690701961517334,,,,,,,,,,,,,
2,,,,7839,,,,,,,,,,,,0.09121276438236237,0.135163351893425,,0.6666821241378784,,4.222858428955078,,,,,,,,,,,,,
2,,,,7859,,,,,,,,,,,,0.09121276438236237,0.08112643659114838,,1.1998858451843262,,4.144726753234863,,,,,,,,,,,,,
2,,,,7879,,,,,,,,,,,,0.09121276438236237,0.15670114755630493,,0.5947520732879639,,4.240607261657715,,,,,,,,,,,,,
2,,,,7899,,,,,,,,,,,,0.09121276438236237,0.06839444488286972,,1.0927139520645142,,4.084734916687012,,,,,,,,,,,,,
2,,,,7919,,,,,,,,,,,,0.09121276438236237,0.1562717854976654,,0.810438871383667,,4.3473052978515625,,,,,,,,,,,,,
2,,,,7939,,,,,,,,,,,,0.09121276438236237,0.1239234060049057,,1.377506971359253,,4.083657741546631,,,,,,,,,,,,,
2,,,,7959,,,,,,,,,,,,0.09121276438236237,0.08332517743110657,,1.047412633895874,,3.882449150085449,,,,,,,,,,,,,
2,,,,7979,,,,,,,,,,,,0.09121276438236237,0.08378679305315018,,1.0070370435714722,,3.957219123840332,,,,,,,,,,,,,
2,,,,7999,,,,,,,,,,,,0.09121276438236237,0.08196331560611725,,1.046988844871521,,3.9356794357299805,,,,,,,,,,,,,
2,,,,8019,,,,,,,,,,,,0.09121276438236237,0.08624543994665146,,1.1476707458496094,,4.0582275390625,,,,,,,,,,,,,
2,,,,8039,,,,,,,,,,,,0.09121276438236237,0.1455586552619934,,0.7455464601516724,,4.254788398742676,,,,,,,,,,,,,
2,,,,8059,,,,,,,,,,,,0.09121276438236237,0.09866707772016525,,1.1275447607040405,,4.016576766967773,,,,,,,,,,,,,
2,,,,8079,,,,,,,,,,,,0.09121276438236237,0.16019070148468018,,0.5573751926422119,,4.308995246887207,,,,,,,,,,,,,
2,,,,8099,,,,,,,,,,,,0.09121276438236237,0.15826980769634247,,0.5176637172698975,,4.257691383361816,,,,,,,,,,,,,
2,,,,8119,,,,,,,,,,,,0.09121276438236237,0.11564623564481735,,0.8319922089576721,,3.7868571281433105,,,,,,,,,,,,,
2,,,,8139,,,,,,,,,,,,0.09121276438236237,0.14104913175106049,,0.40662434697151184,,3.4254653453826904,,,,,,,,,,,,,
2,,,,8159,,,,,,,,,,,,0.09121276438236237,0.0661100447177887,,1.2444535493850708,,4.1007490158081055,,,,,,,,,,,,,
2,,,,8179,,,,,,,,,,,,0.09121276438236237,0.0798562541604042,,1.1016608476638794,,3.9712891578674316,,,,,,,,,,,,,
2,,,,8199,,,,,,,,,,,,0.09121276438236237,0.17009390890598297,,0.5946171283721924,,4.264343738555908,,,,,,,,,,,,,
2,,,,8219,,,,,,,,,,,,0.09121276438236237,0.08064725250005722,,1.2632566690444946,,4.115324974060059,,,,,,,,,,,,,
2,,,,8239,,,,,,,,,,,,0.09121276438236237,0.13847482204437256,,0.5242196321487427,,3.554434299468994,,,,,,,,,,,,,
2,,,,8259,,,,,,,,,,,,0.09121276438236237,0.08875259757041931,,1.17662513256073,,4.1949615478515625,,,,,,,,,,,,,
2,,,,8279,,,,,,,,,,,,0.09121276438236237,0.13066840171813965,,0.4605836570262909,,3.4156017303466797,,,,,,,,,,,,,
2,,,,8299,,,,,,,,,,,,0.09121276438236237,0.12556225061416626,,0.5499115586280823,,3.401986837387085,,,,,,,,,,,,,
2,,,,8319,,,,,,,,,,,,0.09121276438236237,0.10823075473308563,,0.9574876427650452,,3.8749589920043945,,,,,,,,,,,,,
2,,,,8339,,,,,,,,,,,,0.09121276438236237,0.07823469489812851,,0.9990417957305908,,3.953000545501709,,,,,,,,,,,,,
2,,,,8359,,,,,,,,,,,,0.09121276438236237,0.07120894640684128,,1.121240496635437,,4.054575443267822,,,,,,,,,,,,,
2,,,,8379,,,,,,,,,,,,0.09121276438236237,0.10043995082378387,,0.9256194233894348,,3.870326042175293,,,,,,,,,,,,,
2,,,,8399,,,,,,,,,,,,0.09121276438236237,0.11008405685424805,,0.4783879518508911,,3.3090691566467285,,,,,,,,,,,,,
2,,,,8419,,,,,,,,,,,,0.09121276438236237,0.11915135383605957,,0.4335571229457855,,3.3232269287109375,,,,,,,,,,,,,
2,,,,8439,,,,,,,,,,,,0.09121276438236237,0.1398380994796753,,0.5558835864067078,,4.358100414276123,,,,,,,,,,,,,
2,,,,8459,,,,,,,,,,,,0.09121276438236237,0.07430242002010345,,1.0327770709991455,,4.1252007484436035,,,,,,,,,,,,,
2,,,,8479,,,,,,,,,,,,0.09121276438236237,0.10909134149551392,,0.7675788402557373,,3.745784282684326,,,,,,,,,,,,,
2,,,,8499,,,,,,,,,,,,0.09121276438236237,0.09995853900909424,,0.8591589331626892,,4.204160690307617,,,,,,,,,,,,,
2,,,,8519,,,,,,,,,,,,0.09121276438236237,0.14929595589637756,,0.4115321636199951,,3.389737606048584,,,,,,,,,,,,,
2,,,,8539,,,,,,,,,,,,0.09121276438236237,0.10833301395177841,,0.43343183398246765,,3.3887405395507812,,,,,,,,,,,,,
2,,,,8559,,,,,,,,,,,,0.09121276438236237,0.17386162281036377,,0.5804848670959473,,4.312061309814453,,,,,,,,,,,,,
2,,,,8579,,,,,,,,,,,,0.09121276438236237,0.09462442249059677,,0.9129329323768616,,4.215017318725586,,,,,,,,,,,,,
2,,,,8599,,,,,,,,,,,,0.09121276438236237,0.12313097715377808,,0.8531650900840759,,4.240499496459961,,,,,,,,,,,,,
2,,,,8619,,,,,,,,,,,,0.09121276438236237,0.1152445524930954,,0.899301290512085,,4.202599048614502,,,,,,,,,,,,,
2,,,,8639,,,,,,,,,,,,0.09121276438236237,0.11201418936252594,,0.45843929052352905,,3.6192851066589355,,,,,,,,,,,,,
2,,,,8659,,,,,,,,,,,,0.09121276438236237,0.10581476986408234,,0.7593445777893066,,3.6745781898498535,,,,,,,,,,,,,
2,,,,8679,,,,,,,,,,,,0.09121276438236237,0.11526232957839966,,0.4693444073200226,,3.557675361633301,,,,,,,,,,,,,
2,,,,8699,,,,,,,,,,,,0.09121276438236237,0.0898689478635788,,0.7362737655639648,,3.797211170196533,,,,,,,,,,,,,
2,,,,8719,,,,,,,,,,,,0.09121276438236237,0.10453815758228302,,0.9863932132720947,,4.210121154785156,,,,,,,,,,,,,
2,,,,8739,,,,,,,,,,,,0.09121276438236237,0.07096893340349197,,1.165340542793274,,4.012787342071533,,,,,,,,,,,,,
2,,,,8759,,,,,,,,,,,,0.09121276438236237,0.19696927070617676,,0.5883415937423706,,4.576788902282715,,,,,,,,,,,,,
2,,,,8779,,,,,,,,,,,,0.09121276438236237,0.10351186245679855,,0.8832038640975952,,4.203360080718994,,,,,,,,,,,,,
2,,,,8799,,,,,,,,,,,,0.09121276438236237,0.12283427268266678,,0.43051815032958984,,3.4631266593933105,,,,,,,,,,,,,
2,,,,8819,,,,,,,,,,,,0.09121276438236237,0.20654313266277313,,0.5611362457275391,,4.267492294311523,,,,,,,,,,,,,
2,,,,8839,,,,,,,,,,,,0.09121276438236237,0.12806297838687897,,0.7906160354614258,,4.253903388977051,,,,,,,,,,,,,
2,,,,8859,,,,,,,,,,,,0.09121276438236237,0.08326919376850128,,1.1487150192260742,,4.051408767700195,,,,,,,,,,,,,
2,,,,8879,,,,,,,,,,,,0.09121276438236237,0.13685837388038635,,0.734644889831543,,4.331644058227539,,,,,,,,,,,,,
2,,,,8899,,,,,,,,,,,,0.09121276438236237,0.1146392822265625,,0.6581342220306396,,3.6218090057373047,,,,,,,,,,,,,
2,,,,8919,,,,,,,,,,,,0.09121276438236237,0.16439753770828247,,0.5427492260932922,,4.482049942016602,,,,,,,,,,,,,
2,,,,8939,,,,,,,,,,,,0.09121276438236237,0.09568770974874496,,0.4737767279148102,,3.4603586196899414,,,,,,,,,,,,,
2,,,,8959,,,,,,,,,,,,0.09121276438236237,0.11395968496799469,,0.41012322902679443,,3.3540306091308594,,,,,,,,,,,,,
2,,,,8979,,,,,,,,,,,,0.09121276438236237,0.0721336230635643,,1.195433497428894,,3.9776997566223145,,,,,,,,,,,,,
2,,,,8999,,,,,,,,,,,,0.09121276438236237,0.08001598715782166,,0.8878915905952454,,3.8658905029296875,,,,,,,,,,,,,
2,,,,9019,,,,,,,,,,,,0.09121276438236237,0.09278307855129242,,0.8661785125732422,,3.8908443450927734,,,,,,,,,,,,,
2,,,,9039,,,,,,,,,,,,0.09121276438236237,0.08993642777204514,,0.9863612055778503,,4.140767574310303,,,,,,,,,,,,,
2,,,,9059,,,,,,,,,,,,0.09121276438236237,0.151038259267807,,0.7451576590538025,,4.460443496704102,,,,,,,,,,,,,
2,,,,9079,,,,,,,,,,,,0.09121276438236237,0.15199244022369385,,0.6578055024147034,,4.33051872253418,,,,,,,,,,,,,
2,,,,9099,,,,,,,,,,,,0.09121276438236237,0.09859200567007065,,1.153304934501648,,4.166940689086914,,,,,,,,,,,,,
2,,,,9119,,,,,,,,,,,,0.09121276438236237,0.10852684080600739,,0.41721296310424805,,3.447457790374756,,,,,,,,,,,,,
2,,,,9139,,,,,,,,,,,,0.09121276438236237,0.07604343444108963,,0.908880889415741,,3.8085246086120605,,,,,,,,,,,,,
2,,,,9159,,,,,,,,,,,,0.09121276438236237,0.10850655287504196,,0.45605236291885376,,3.5350749492645264,,,,,,,,,,,,,
2,,,,9179,,,,,,,,,,,,0.09121276438236237,0.09645514190196991,,0.5557393431663513,,3.6521754264831543,,,,,,,,,,,,,
2,,,,9199,,,,,,,,,,,,0.09121276438236237,0.11521456390619278,,0.4322448670864105,,3.3732218742370605,,,,,,,,,,,,,
2,,,,9219,,,,,,,,,,,,0.09121276438236237,0.14176017045974731,,0.41371315717697144,,3.2040486335754395,,,,,,,,,,,,,
2,,,,9239,,,,,,,,,,,,0.09121276438236237,0.08669815957546234,,1.2042315006256104,,4.171462059020996,,,,,,,,,,,,,
2,,,,9259,,,,,,,,,,,,0.09121276438236237,0.08457164466381073,,1.035071849822998,,3.925802707672119,,,,,,,,,,,,,
2,,,,9279,,,,,,,,,,,,0.09121276438236237,0.10165298730134964,,0.9506897330284119,,4.193171501159668,,,,,,,,,,,,,
2,,,,9299,,,,,,,,,,,,0.09121276438236237,0.10735282301902771,,0.989631175994873,,4.1949143409729,,,,,,,,,,,,,
2,,,,9319,,,,,,,,,,,,0.09121276438236237,0.10382772237062454,,0.7960936427116394,,3.733856201171875,,,,,,,,,,,,,
2,,,,9339,,,,,,,,,,,,0.09121276438236237,0.16270408034324646,,0.6716483235359192,,4.38908576965332,,,,,,,,,,,,,
2,,,,9359,,,,,,,,,,,,0.09121276438236237,0.11352613568305969,,1.0520431995391846,,4.3279643058776855,,,,,,,,,,,,,
2,,,,9379,,,,,,,,,,,,0.09121276438236237,0.10620448738336563,,0.41443315148353577,,3.2948057651519775,,,,,,,,,,,,,
2,,,,9399,,,,,,,,,,,,0.09121276438236237,0.17634010314941406,,0.5455499291419983,,4.456336975097656,,,,,,,,,,,,,
2,,,,9419,,,,,,,,,,,,0.09121276438236237,0.06985095143318176,,1.2057709693908691,,4.0644049644470215,,,,,,,,,,,,,
2,,,,9439,,,,,,,,,,,,0.09121276438236237,0.1730032116174698,,0.6635705828666687,,4.3474812507629395,,,,,,,,,,,,,
2,,,,9459,,,,,,,,,,,,0.09121276438236237,0.05966003239154816,,1.091896653175354,,4.012965679168701,,,,,,,,,,,,,
2,,,,9479,,,,,,,,,,,,0.09121276438236237,0.12163987010717392,,0.4651092290878296,,3.4637889862060547,,,,,,,,,,,,,
2,,,,9499,,,,,,,,,,,,0.09121276438236237,0.05767551064491272,,0.9946470856666565,,3.87833309173584,,,,,,,,,,,,,
2,,,,9519,,,,,,,,,,,,0.09121276438236237,0.17757409811019897,,0.5325967669487,,4.5176544189453125,,,,,,,,,,,,,
2,,,,9539,,,,,,,,,,,,0.09121276438236237,0.15476252138614655,,0.666059136390686,,4.440406799316406,,,,,,,,,,,,,
2,,,,9559,,,,,,,,,,,,0.09121276438236237,0.1175040602684021,,0.5505418181419373,,3.5067996978759766,,,,,,,,,,,,,
2,,,,9579,,,,,,,,,,,,0.09121276438236237,0.19504982233047485,,0.5220683217048645,,4.3084564208984375,,,,,,,,,,,,,
2,,,,9599,,,,,,,,,,,,0.09121276438236237,0.05845649540424347,,1.2670440673828125,,4.089175224304199,,,,,,,,,,,,,
2,,,,9619,,,,,,,,,,,,0.09121276438236237,0.11858410388231277,,0.8489649891853333,,3.9575729370117188,,,,,,,,,,,,,
2,,,,9639,,,,,,,,,,,,0.09121276438236237,0.08845722675323486,,0.9556727409362793,,3.9570302963256836,,,,,,,,,,,,,
2,,,,9659,,,,,,,,,,,,0.09121276438236237,0.15841954946517944,,0.5428479909896851,,4.357767581939697,,,,,,,,,,,,,
2,,,,9679,,,,,,,,,,,,0.09121276438236237,0.16536523401737213,,0.7287722826004028,,4.329943656921387,,,,,,,,,,,,,
2,,,,9699,,,,,,,,,,,,0.09121276438236237,0.15370334684848785,,0.8007625937461853,,4.228508949279785,,,,,,,,,,,,,
2,,,,9719,,,,,,,,,,,,0.09121276438236237,0.07127263396978378,,1.044206142425537,,3.9403395652770996,,,,,,,,,,,,,
2,,,,9739,,,,,,,,,,,,0.09121276438236237,0.07560078799724579,,1.0924793481826782,,4.051194190979004,,,,,,,,,,,,,
2,,,,9759,,,,,,,,,,,,0.09121276438236237,0.10825449973344803,,0.407956600189209,,3.3187363147735596,,,,,,,,,,,,,
2,,,,9779,,,,,,,,,,,,0.09121276438236237,0.09419292956590652,,0.4940941333770752,,3.5251498222351074,,,,,,,,,,,,,
2,,,,9799,,,,,,,,,,,,0.09121276438236237,0.11516709625720978,,0.7517187595367432,,3.755634307861328,,,,,,,,,,,,,
2,,,,9819,,,,,,,,,,,,0.09121276438236237,0.061009231954813004,,1.1690075397491455,,4.039097785949707,,,,,,,,,,,,,
2,,,,9839,,,,,,,,,,,,0.09121276438236237,0.09639549255371094,,1.1626585721969604,,4.266844749450684,,,,,,,,,,,,,
2,,,,9859,,,,,,,,,,,,0.09121276438236237,0.08995338529348373,,1.060661792755127,,4.206891059875488,,,,,,,,,,,,,
2,,,,9879,,,,,,,,,,,,0.09121276438236237,0.13128575682640076,,0.5380417108535767,,3.3186163902282715,,,,,,,,,,,,,
2,,,,9899,,,,,,,,,,,,0.09121276438236237,0.07276761531829834,,1.094869613647461,,4.0284013748168945,,,,,,,,,,,,,
2,,,,9919,,,,,,,,,,,,0.09121276438236237,0.11350445449352264,,0.7630781531333923,,4.174355983734131,,,,,,,,,,,,,
2,,,,9939,,,,,,,,,,,,0.09121276438236237,0.19346901774406433,,0.5058342814445496,,4.2628631591796875,,,,,,,,,,,,,
2,,,,9959,,,,,,,,,,,,0.09121276438236237,0.1062014102935791,,0.832154393196106,,4.160797119140625,,,,,,,,,,,,,
2,,,,9979,,,,,,,,,,,,0.09121276438236237,0.0611821785569191,,1.1754094362258911,,4.120887756347656,,,,,,,,,,,,,
2,,,,9999,,,,,,,,,,,,0.09121276438236237,0.19487333297729492,,0.5717551112174988,,4.366353511810303,,,,,,,,,,,,,
2,,,,10019,,,,,,,,,,,,0.09121276438236237,0.06318460404872894,,1.1804165840148926,,4.0101447105407715,,,,,,,,,,,,,
2,,,,10039,,,,,,,,,,,,0.09121276438236237,0.08676610887050629,,1.0443135499954224,,4.201902389526367,,,,,,,,,,,,,
2,,,,10059,,,,,,,,,,,,0.09121276438236237,0.1702013462781906,,0.6099985837936401,,4.390882968902588,,,,,,,,,,,,,
2,,,,10079,,,,,,,,,,,,0.09121276438236237,0.059159114956855774,,0.8861602544784546,,3.881497859954834,,,,,,,,,,,,,
2,,,,10099,,,,,,,,,,,,0.09121276438236237,0.07780332118272781,,0.9082646369934082,,3.783841609954834,,,,,,,,,,,,,
2,,,,10119,,,,,,,,,,,,0.09121276438236237,0.11237507313489914,,0.5886109471321106,,3.5623044967651367,,,,,,,,,,,,,
2,,,,10139,,,,,,,,,,,,0.09121276438236237,0.16087591648101807,,0.6131597757339478,,4.2987589836120605,,,,,,,,,,,,,
2,,,,10159,,,,,,,,,,,,0.09121276438236237,0.06670519709587097,,1.0642623901367188,,3.9922220706939697,,,,,,,,,,,,,
2,,,,10179,,,,,,,,,,,,0.09121276438236237,0.17717812955379486,,0.5115552544593811,,4.321257591247559,,,,,,,,,,,,,
2,,,,10199,,,,,,,,,,,,0.09121276438236237,0.08686496317386627,,0.8896649479866028,,3.85062575340271,,,,,,,,,,,,,
2,,,,10219,,,,,,,,,,,,0.09121276438236237,0.10509786009788513,,1.0695844888687134,,4.238054275512695,,,,,,,,,,,,,
2,,,,10239,,,,,,,,,,,,0.09121276438236237,0.07311040908098221,,1.0815632343292236,,4.027461051940918,,,,,,,,,,,,,
2,,,,10259,,,,,,,,,,,,0.09121276438236237,0.06241622194647789,,1.0818861722946167,,3.9997682571411133,,,,,,,,,,,,,
2,,,,10279,,,,,,,,,,,,0.09121276438236237,0.08447663486003876,,0.955130934715271,,3.9276022911071777,,,,,,,,,,,,,
2,,,,10299,,,,,,,,,,,,0.09121276438236237,0.055058982223272324,,0.8724043965339661,,3.907277822494507,,,,,,,,,,,,,
2,,,,10319,,,,,,,,,,,,0.09121276438236237,0.13961373269557953,,0.3795948922634125,,3.3502628803253174,,,,,,,,,,,,,
2,,,,10339,,,,,,,,,,,,0.09121276438236237,0.09175314009189606,,0.4608745872974396,,3.396831512451172,,,,,,,,,,,,,
2,,,,10359,,,,,,,,,,,,0.09121276438236237,0.18444649875164032,,0.5392720699310303,,4.718255519866943,,,,,,,,,,,,,
2,,,,10379,,,,,,,,,,,,0.09121276438236237,0.1699874848127365,,0.5373730063438416,,4.450370788574219,,,,,,,,,,,,,
2,,,,10399,,,,,,,,,,,,0.09121276438236237,0.14191707968711853,,0.49660277366638184,,4.317710876464844,,,,,,,,,,,,,
2,,,,10419,,,,,,,,,,,,0.09121276438236237,0.15383845567703247,,2.0620388984680176,,4.098812103271484,,,,,,,,,,,,,
2,,,,10439,,,,,,,,,,,,0.09121276438236237,0.11819448322057724,,0.7962783575057983,,4.201864719390869,,,,,,,,,,,,,
2,,,,10445,,,,,,,,,,,,,,,,,,0.6935604810714722,0.9042713642120361,0.6508104801177979,0.6637728214263916,0.46640726923942566,0.6767351627349854,0.5692184567451477,0.666830837726593,0.6040395498275757,0.8670773506164551,0.8554742336273193,0.380349338054657,0.6935604810714722
2,,,,10445,,,,,,,,,0.5285386443138123,0.11785233020782471,0.09121471643447876,,,0.7691164612770081,,3.997431516647339,,,,,,,,,,,,,,
,0.00023999999999999998,0.00023999999999999998,2.4e-05,10446,,,,,,,,,,,,,,,,,,,,,,,,,,,,,,
3,,,,10459,,,,,,,,,,,,0.13447071611881256,0.05953454226255417,,1.179319977760315,,4.05756139755249,,,,,,,,,,,,,
3,,,,10479,,,,,,,,,,,,0.13447071611881256,0.07534849643707275,,1.0889686346054077,,4.157681465148926,,,,,,,,,,,,,
3,,,,10499,,,,,,,,,,,,0.13447071611881256,0.07475869357585907,,0.9516546726226807,,3.903797149658203,,,,,,,,,,,,,
3,,,,10519,,,,,,,,,,,,0.13447071611881256,0.1539788842201233,,0.8422337770462036,,4.188785552978516,,,,,,,,,,,,,
3,,,,10539,,,,,,,,,,,,0.13447071611881256,0.09535060822963715,,0.7736461162567139,,3.752317428588867,,,,,,,,,,,,,
3,,,,10559,,,,,,,,,,,,0.13447071611881256,0.07115645706653595,,1.0735794305801392,,4.10245418548584,,,,,,,,,,,,,
3,,,,10579,,,,,,,,,,,,0.13447071611881256,0.15594404935836792,,0.9104493260383606,,4.308159828186035,,,,,,,,,,,,,
3,,,,10599,,,,,,,,,,,,0.13447071611881256,0.05097267031669617,,1.076582670211792,,3.9746906757354736,,,,,,,,,,,,,
3,,,,10619,,,,,,,,,,,,0.13447071611881256,0.16690626740455627,,0.6913172006607056,,4.372323989868164,,,,,,,,,,,,,
3,,,,10639,,,,,,,,,,,,0.13447071611881256,0.07243259251117706,,1.0590723752975464,,3.8905835151672363,,,,,,,,,,,,,
3,,,,10659,,,,,,,,,,,,0.13447071611881256,0.08804022520780563,,0.6076753735542297,,3.762042999267578,,,,,,,,,,,,,
3,,,,10679,,,,,,,,,,,,0.13447071611881256,0.1606723964214325,,0.5110200643539429,,4.259149551391602,,,,,,,,,,,,,
3,,,,10699,,,,,,,,,,,,0.13447071611881256,0.06398481130599976,,1.1469507217407227,,4.067635536193848,,,,,,,,,,,,,
3,,,,10719,,,,,,,,,,,,0.13447071611881256,0.13860654830932617,,0.4559503495693207,,3.474799633026123,,,,,,,,,,,,,
3,,,,10739,,,,,,,,,,,,0.13447071611881256,0.15051749348640442,,0.6878491640090942,,4.512682914733887,,,,,,,,,,,,,
3,,,,10759,,,,,,,,,,,,0.13447071611881256,0.12077190726995468,,0.4305037260055542,,3.4709064960479736,,,,,,,,,,,,,
3,,,,10779,,,,,,,,,,,,0.13447071611881256,0.0948706790804863,,0.8002299070358276,,3.830597400665283,,,,,,,,,,,,,
3,,,,10799,,,,,,,,,,,,0.13447071611881256,0.16992080211639404,,0.5100327134132385,,4.324094295501709,,,,,,,,,,,,,
3,,,,10819,,,,,,,,,,,,0.13447071611881256,0.1429692804813385,,0.5018747448921204,,4.278833389282227,,,,,,,,,,,,,
3,,,,10839,,,,,,,,,,,,0.13447071611881256,0.17540907859802246,,0.736303448677063,,4.265301704406738,,,,,,,,,,,,,
3,,,,10859,,,,,,,,,,,,0.13447071611881256,0.14800287783145905,,0.576127827167511,,4.255040168762207,,,,,,,,,,,,,
3,,,,10879,,,,,,,,,,,,0.13447071611881256,0.06964585930109024,,1.0952630043029785,,4.150724411010742,,,,,,,,,,,,,
3,,,,10899,,,,,,,,,,,,0.13447071611881256,0.120151087641716,,0.6363500952720642,,4.202651023864746,,,,,,,,,,,,,
3,,,,10919,,,,,,,,,,,,0.13447071611881256,0.06567110121250153,,1.0704267024993896,,3.942965507507324,,,,,,,,,,,,,
3,,,,10939,,,,,,,,,,,,0.13447071611881256,0.15887418389320374,,0.5925977826118469,,4.459887504577637,,,,,,,,,,,,,
3,,,,10959,,,,,,,,,,,,0.13447071611881256,0.1440393030643463,,0.7521969079971313,,4.31422233581543,,,,,,,,,,,,,
3,,,,10979,,,,,,,,,,,,0.13447071611881256,0.07661032676696777,,0.706416130065918,,3.7176895141601562,,,,,,,,,,,,,
3,,,,10999,,,,,,,,,,,,0.13447071611881256,0.07085544615983963,,1.2248690128326416,,4.054042816162109,,,,,,,,,,,,,
3,,,,11019,,,,,,,,,,,,0.13447071611881256,0.15009348094463348,,0.5690500736236572,,4.366538047790527,,,,,,,,,,,,,
3,,,,11039,,,,,,,,,,,,0.13447071611881256,0.07342297583818436,,1.0008323192596436,,4.149219512939453,,,,,,,,,,,,,
3,,,,11059,,,,,,,,,,,,0.13447071611881256,0.1716623157262802,,0.7156847715377808,,4.26018762588501,,,,,,,,,,,,,
3,,,,11079,,,,,,,,,,,,0.13447071611881256,0.08295184373855591,,1.034062385559082,,4.175827980041504,,,,,,,,,,,,,
3,,,,11099,,,,,,,,,,,,0.13447071611881256,0.17034479975700378,,0.6029587984085083,,4.276447296142578,,,,,,,,,,,,,
3,,,,11119,,,,,,,,,,,,0.13447071611881256,0.10316289216279984,,0.4710918664932251,,3.5822348594665527,,,,,,,,,,,,,
3,,,,11139,,,,,,,,,,,,0.13447071611881256,0.13819000124931335,,0.5852711200714111,,4.2807111740112305,,,,,,,,,,,,,
3,,,,11159,,,,,,,,,,,,0.13447071611881256,0.10757233202457428,,0.6270519495010376,,3.843702793121338,,,,,,,,,,,,,
3,,,,11179,,,,,,,,,,,,0.13447071611881256,0.07650178670883179,,1.1123040914535522,,4.116844177246094,,,,,,,,,,,,,
3,,,,11199,,,,,,,,,,,,0.13447071611881256,0.16813057661056519,,0.6910994648933411,,4.349435806274414,,,,,,,,,,,,,
3,,,,11219,,,,,,,,,,,,0.13447071611881256,0.07870941609144211,,0.9977208971977234,,3.9618330001831055,,,,,,,,,,,,,
3,,,,11239,,,,,,,,,,,,0.13447071611881256,0.10384322702884674,,0.47368741035461426,,3.3589301109313965,,,,,,,,,,,,,
3,,,,11259,,,,,,,,,,,,0.13447071611881256,0.12309665977954865,,0.7475318908691406,,4.2717108726501465,,,,,,,,,,,,,
3,,,,11279,,,,,,,,,,,,0.13447071611881256,0.09397877752780914,,1.0727450847625732,,4.156702041625977,,,,,,,,,,,,,
3,,,,11299,,,,,,,,,,,,0.13447071611881256,0.08885818719863892,,0.40514829754829407,,3.3373866081237793,,,,,,,,,,,,,
3,,,,11319,,,,,,,,,,,,0.13447071611881256,0.16897207498550415,,0.5944620370864868,,4.753735542297363,,,,,,,,,,,,,
3,,,,11339,,,,,,,,,,,,0.13447071611881256,0.08076459914445877,,0.5109075307846069,,3.5416088104248047,,,,,,,,,,,,,
3,,,,11359,,,,,,,,,,,,0.13447071611881256,0.08821821212768555,,0.657503068447113,,3.6294455528259277,,,,,,,,,,,,,
3,,,,11379,,,,,,,,,,,,0.13447071611881256,0.1579694151878357,,0.566075325012207,,4.290020942687988,,,,,,,,,,,,,
3,,,,11399,,,,,,,,,,,,0.13447071611881256,0.10186167061328888,,0.7824127674102783,,4.201006889343262,,,,,,,,,,,,,
3,,,,11419,,,,,,,,,,,,0.13447071611881256,0.06127248331904411,,1.0060169696807861,,3.9722039699554443,,,,,,,,,,,,,
3,,,,11439,,,,,,,,,,,,0.13447071611881256,0.06670419126749039,,1.2605631351470947,,4.0791826248168945,,,,,,,,,,,,,
3,,,,11459,,,,,,,,,,,,0.13447071611881256,0.05386744812130928,,0.9004001617431641,,3.849900245666504,,,,,,,,,,,,,
3,,,,11479,,,,,,,,,,,,0.13447071611881256,0.0992140993475914,,1.1468274593353271,,4.1866044998168945,,,,,,,,,,,,,
3,,,,11499,,,,,,,,,,,,0.13447071611881256,0.11441843211650848,,0.7841412425041199,,4.192112922668457,,,,,,,,,,,,,
3,,,,11519,,,,,,,,,,,,0.13447071611881256,0.13171182572841644,,0.9736493825912476,,4.159929275512695,,,,,,,,,,,,,
3,,,,11539,,,,,,,,,,,,0.13447071611881256,0.06572926044464111,,0.9795592427253723,,3.9979147911071777,,,,,,,,,,,,,
3,,,,11559,,,,,,,,,,,,0.13447071611881256,0.12469460070133209,,0.8018264174461365,,4.230595111846924,,,,,,,,,,,,,
3,,,,11579,,,,,,,,,,,,0.13447071611881256,0.08649652451276779,,0.926932692527771,,4.195796012878418,,,,,,,,,,,,,
3,,,,11599,,,,,,,,,,,,0.13447071611881256,0.0946376845240593,,0.4207417368888855,,3.5025131702423096,,,,,,,,,,,,,
3,,,,11619,,,,,,,,,,,,0.13447071611881256,0.09731517732143402,,0.6722850203514099,,3.6445469856262207,,,,,,,,,,,,,
3,,,,11639,,,,,,,,,,,,0.13447071611881256,0.10629040002822876,,0.8082858324050903,,3.6762583255767822,,,,,,,,,,,,,
3,,,,11659,,,,,,,,,,,,0.13447071611881256,0.17407183349132538,,0.5251075029373169,,4.437799453735352,,,,,,,,,,,,,
3,,,,11679,,,,,,,,,,,,0.13447071611881256,0.13420917093753815,,0.7274131178855896,,4.297843933105469,,,,,,,,,,,,,
3,,,,11699,,,,,,,,,,,,0.13447071611881256,0.07604040205478668,,1.3579002618789673,,4.139276504516602,,,,,,,,,,,,,
3,,,,11719,,,,,,,,,,,,0.13447071611881256,0.16815495491027832,,0.7285377383232117,,4.35283899307251,,,,,,,,,,,,,
3,,,,11739,,,,,,,,,,,,0.13447071611881256,0.09151999652385712,,0.8879314661026001,,4.231508255004883,,,,,,,,,,,,,
3,,,,11759,,,,,,,,,,,,0.13447071611881256,0.07916450500488281,,0.883845865726471,,3.7597947120666504,,,,,,,,,,,,,
3,,,,11779,,,,,,,,,,,,0.13447071611881256,0.1330818086862564,,0.462140291929245,,3.457014322280884,,,,,,,,,,,,,
3,,,,11799,,,,,,,,,,,,0.13447071611881256,0.163166344165802,,0.5693527460098267,,4.32673454284668,,,,,,,,,,,,,
3,,,,11819,,,,,,,,,,,,0.13447071611881256,0.1745792180299759,,0.716947078704834,,4.2357072830200195,,,,,,,,,,,,,
3,,,,11839,,,,,,,,,,,,0.13447071611881256,0.07129877060651779,,1.1511045694351196,,4.15383243560791,,,,,,,,,,,,,
3,,,,11859,,,,,,,,,,,,0.13447071611881256,0.09937705844640732,,0.6098803877830505,,3.5309197902679443,,,,,,,,,,,,,
3,,,,11879,,,,,,,,,,,,0.13447071611881256,0.07074509561061859,,1.1739778518676758,,4.101072311401367,,,,,,,,,,,,,
3,,,,11899,,,,,,,,,,,,0.13447071611881256,0.06025394797325134,,1.1581679582595825,,4.078422546386719,,,,,,,,,,,,,
3,,,,11919,,,,,,,,,,,,0.13447071611881256,0.12656544148921967,,0.7654744982719421,,4.240281105041504,,,,,,,,,,,,,
3,,,,11939,,,,,,,,,,,,0.13447071611881256,0.15659287571907043,,0.6603109836578369,,4.267158508300781,,,,,,,,,,,,,
3,,,,11959,,,,,,,,,,,,0.13447071611881256,0.16674205660820007,,0.6608441472053528,,4.260012626647949,,,,,,,,,,,,,
3,,,,11979,,,,,,,,,,,,0.13447071611881256,0.11868816614151001,,0.8161327838897705,,4.202581405639648,,,,,,,,,,,,,
3,,,,11999,,,,,,,,,,,,0.13447071611881256,0.1074342206120491,,0.47895440459251404,,3.626004219055176,,,,,,,,,,,,,
3,,,,12019,,,,,,,,,,,,0.13447071611881256,0.08639715611934662,,0.6143844723701477,,3.689377784729004,,,,,,,,,,,,,
3,,,,12039,,,,,,,,,,,,0.13447071611881256,0.18823185563087463,,0.5080236196517944,,4.3675360679626465,,,,,,,,,,,,,
3,,,,12059,,,,,,,,,,,,0.13447071611881256,0.1138768121600151,,0.5217076539993286,,3.564349889755249,,,,,,,,,,,,,
3,,,,12079,,,,,,,,,,,,0.13447071611881256,0.08166155219078064,,0.6357834935188293,,3.7719223499298096,,,,,,,,,,,,,
3,,,,12099,,,,,,,,,,,,0.13447071611881256,0.17352595925331116,,0.6016573905944824,,4.316161155700684,,,,,,,,,,,,,
3,,,,12119,,,,,,,,,,,,0.13447071611881256,0.12330059707164764,,0.9024017453193665,,4.199922561645508,,,,,,,,,,,,,
3,,,,12139,,,,,,,,,,,,0.13447071611881256,0.15109102427959442,,0.6620188355445862,,4.253462791442871,,,,,,,,,,,,,
3,,,,12159,,,,,,,,,,,,0.13447071611881256,0.09330591559410095,,0.9740735292434692,,4.15211296081543,,,,,,,,,,,,,
3,,,,12179,,,,,,,,,,,,0.13447071611881256,0.09567435830831528,,0.841078519821167,,3.8519952297210693,,,,,,,,,,,,,
3,,,,12199,,,,,,,,,,,,0.13447071611881256,0.0908314436674118,,0.6088072657585144,,3.5119872093200684,,,,,,,,,,,,,
3,,,,12219,,,,,,,,,,,,0.13447071611881256,0.16718073189258575,,0.7088004946708679,,4.510575294494629,,,,,,,,,,,,,
3,,,,12239,,,,,,,,,,,,0.13447071611881256,0.06589213758707047,,1.2262961864471436,,4.063680171966553,,,,,,,,,,,,,
3,,,,12259,,,,,,,,,,,,0.13447071611881256,0.06864477694034576,,1.126076340675354,,4.016776084899902,,,,,,,,,,,,,
3,,,,12279,,,,,,,,,,,,0.13447071611881256,0.055654410272836685,,1.1154906749725342,,3.9980075359344482,,,,,,,,,,,,,
3,,,,12299,,,,,,,,,,,,0.13447071611881256,0.06688930094242096,,1.0591963529586792,,3.940084457397461,,,,,,,,,,,,,
3,,,,12319,,,,,,,,,,,,0.13447071611881256,0.16337989270687103,,0.5221367478370667,,4.281404495239258,,,,,,,,,,,,,
3,,,,12339,,,,,,,,,,,,0.13447071611881256,0.11045551300048828,,0.4627475440502167,,3.584486961364746,,,,,,,,,,,,,
3,,,,12359,,,,,,,,,,,,0.13447071611881256,0.1389014571905136,,0.7306216359138489,,4.191839694976807,,,,,,,,,,,,,
3,,,,12379,,,,,,,,,,,,0.13447071611881256,0.04491493105888367,,1.1786729097366333,,4.084688186645508,,,,,,,,,,,,,
3,,,,12399,,,,,,,,,,,,0.13447071611881256,0.07668156921863556,,1.0093251466751099,,3.9104461669921875,,,,,,,,,,,,,
3,,,,12419,,,,,,,,,,,,0.13447071611881256,0.17939618229866028,,0.5246891975402832,,4.356808662414551,,,,,,,,,,,,,
3,,,,12439,,,,,,,,,,,,0.13447071611881256,0.05143033713102341,,1.1428146362304688,,3.9710307121276855,,,,,,,,,,,,,
3,,,,12459,,,,,,,,,,,,0.13447071611881256,0.17624717950820923,,0.5106103420257568,,4.5688090324401855,,,,,,,,,,,,,
3,,,,12479,,,,,,,,,,,,0.13447071611881256,0.04748796671628952,,1.016116738319397,,3.913529872894287,,,,,,,,,,,,,
3,,,,12499,,,,,,,,,,,,0.13447071611881256,0.05138377100229263,,1.0676772594451904,,4.083827495574951,,,,,,,,,,,,,
3,,,,12519,,,,,,,,,,,,0.13447071611881256,0.08204223215579987,,0.5727519392967224,,3.5486316680908203,,,,,,,,,,,,,
3,,,,12539,,,,,,,,,,,,0.13447071611881256,0.060934145003557205,,1.1004849672317505,,4.196203231811523,,,,,,,,,,,,,
3,,,,12559,,,,,,,,,,,,0.13447071611881256,0.05766195058822632,,1.007360577583313,,3.9516725540161133,,,,,,,,,,,,,
3,,,,12579,,,,,,,,,,,,0.13447071611881256,0.06355803459882736,,1.1792948246002197,,4.04318904876709,,,,,,,,,,,,,
3,,,,12599,,,,,,,,,,,,0.13447071611881256,0.06075871363282204,,0.7110897302627563,,3.6997194290161133,,,,,,,,,,,,,
3,,,,12619,,,,,,,,,,,,0.13447071611881256,0.13785004615783691,,0.612569272518158,,4.255760192871094,,,,,,,,,,,,,
3,,,,12639,,,,,,,,,,,,0.13447071611881256,0.046377040445804596,,1.177868366241455,,4.100482940673828,,,,,,,,,,,,,
3,,,,12659,,,,,,,,,,,,0.13447071611881256,0.08967658877372742,,0.7602485418319702,,3.7512617111206055,,,,,,,,,,,,,
3,,,,12679,,,,,,,,,,,,0.13447071611881256,0.05646802857518196,,1.2989938259124756,,4.060725688934326,,,,,,,,,,,,,
3,,,,12699,,,,,,,,,,,,0.13447071611881256,0.06402336061000824,,0.6875205039978027,,3.6375701427459717,,,,,,,,,,,,,
3,,,,12719,,,,,,,,,,,,0.13447071611881256,0.10471746325492859,,1.025989055633545,,4.271185874938965,,,,,,,,,,,,,
3,,,,12739,,,,,,,,,,,,0.13447071611881256,0.044608041644096375,,0.9325564503669739,,3.7857985496520996,,,,,,,,,,,,,
3,,,,12759,,,,,,,,,,,,0.13447071611881256,0.15453758835792542,,0.7422313690185547,,4.310075759887695,,,,,,,,,,,,,
3,,,,12779,,,,,,,,,,,,0.13447071611881256,0.04829607531428337,,1.1801968812942505,,4.05322790145874,,,,,,,,,,,,,
3,,,,12799,,,,,,,,,,,,0.13447071611881256,0.07428914308547974,,1.2434020042419434,,4.131821632385254,,,,,,,,,,,,,
3,,,,12819,,,,,,,,,,,,0.13447071611881256,0.07173870503902435,,0.9878940582275391,,4.151820659637451,,,,,,,,,,,,,
3,,,,12839,,,,,,,,,,,,0.13447071611881256,0.09296144545078278,,0.44745001196861267,,3.4342195987701416,,,,,,,,,,,,,
3,,,,12859,,,,,,,,,,,,0.13447071611881256,0.16468025743961334,,0.6862795948982239,,4.575620651245117,,,,,,,,,,,,,
3,,,,12879,,,,,,,,,,,,0.13447071611881256,0.05295741558074951,,1.1771223545074463,,4.129839897155762,,,,,,,,,,,,,
3,,,,12899,,,,,,,,,,,,0.13447071611881256,0.0644504725933075,,1.185416579246521,,4.037410736083984,,,,,,,,,,,,,
3,,,,12919,,,,,,,,,,,,0.13447071611881256,0.11431477963924408,,0.8752687573432922,,4.211986541748047,,,,,,,,,,,,,
3,,,,12939,,,,,,,,,,,,0.13447071611881256,0.07497170567512512,,1.0331144332885742,,4.158697605133057,,,,,,,,,,,,,
3,,,,12959,,,,,,,,,,,,0.13447071611881256,0.15256652235984802,,0.7881033420562744,,4.327332973480225,,,,,,,,,,,,,
3,,,,12979,,,,,,,,,,,,0.13447071611881256,0.1481960564851761,,0.5245564579963684,,4.295627593994141,,,,,,,,,,,,,
3,,,,12999,,,,,,,,,,,,0.13447071611881256,0.05467139929533005,,1.0956066846847534,,4.084705352783203,,,,,,,,,,,,,
3,,,,13019,,,,,,,,,,,,0.13447071611881256,0.09699749201536179,,0.5351353287696838,,3.5500338077545166,,,,,,,,,,,,,
3,,,,13039,,,,,,,,,,,,0.13447071611881256,0.07781988382339478,,0.4421033263206482,,3.4843273162841797,,,,,,,,,,,,,
3,,,,13059,,,,,,,,,,,,0.13447071611881256,0.05239347741007805,,1.1199135780334473,,3.92733097076416,,,,,,,,,,,,,
3,,,,13079,,,,,,,,,,,,0.13447071611881256,0.04486636817455292,,1.2971471548080444,,4.122084617614746,,,,,,,,,,,,,
3,,,,13099,,,,,,,,,,,,0.13447071611881256,0.040731437504291534,,1.235021710395813,,4.058127403259277,,,,,,,,,,,,,
3,,,,13119,,,,,,,,,,,,0.13447071611881256,0.17409370839595795,,0.6270930171012878,,4.4879021644592285,,,,,,,,,,,,,
3,,,,13139,,,,,,,,,,,,0.13447071611881256,0.09277532249689102,,0.8076140284538269,,4.210533618927002,,,,,,,,,,,,,
3,,,,13159,,,,,,,,,,,,0.13447071611881256,0.15964676439762115,,0.5055292248725891,,4.271944999694824,,,,,,,,,,,,,
3,,,,13179,,,,,,,,,,,,0.13447071611881256,0.17810285091400146,,0.5593686103820801,,4.428991317749023,,,,,,,,,,,,,
3,,,,13199,,,,,,,,,,,,0.13447071611881256,0.05003355070948601,,1.1999834775924683,,4.084813117980957,,,,,,,,,,,,,
3,,,,13219,,,,,,,,,,,,0.13447071611881256,0.06194974109530449,,1.114653468132019,,4.118082046508789,,,,,,,,,,,,,
3,,,,13239,,,,,,,,,,,,0.13447071611881256,0.049898792058229446,,1.1856309175491333,,4.06627893447876,,,,,,,,,,,,,
3,,,,13259,,,,,,,,,,,,0.13447071611881256,0.06283927708864212,,1.1507015228271484,,4.127533912658691,,,,,,,,,,,,,
3,,,,13279,,,,,,,,,,,,0.13447071611881256,0.07283946871757507,,1.055514931678772,,4.22109842300415,,,,,,,,,,,,,
3,,,,13299,,,,,,,,,,,,0.13447071611881256,0.09970831871032715,,0.803517758846283,,4.2501115798950195,,,,,,,,,,,,,
3,,,,13319,,,,,,,,,,,,0.13447071611881256,0.07999230176210403,,0.6566743850708008,,3.6921820640563965,,,,,,,,,,,,,
3,,,,13339,,,,,,,,,,,,0.13447071611881256,0.09412369877099991,,0.41833800077438354,,3.408621072769165,,,,,,,,,,,,,
3,,,,13359,,,,,,,,,,,,0.13447071611881256,0.0788521021604538,,0.5311723947525024,,3.597256898880005,,,,,,,,,,,,,
3,,,,13379,,,,,,,,,,,,0.13447071611881256,0.1193065419793129,,0.9691410660743713,,4.273979187011719,,,,,,,,,,,,,
3,,,,13399,,,,,,,,,,,,0.13447071611881256,0.15719860792160034,,0.5473543405532837,,4.373220443725586,,,,,,,,,,,,,
3,,,,13419,,,,,,,,,,,,0.13447071611881256,0.08570113778114319,,0.7579522728919983,,3.8141279220581055,,,,,,,,,,,,,
3,,,,13439,,,,,,,,,,,,0.13447071611881256,0.08799944818019867,,0.42133378982543945,,3.3664047718048096,,,,,,,,,,,,,
3,,,,13459,,,,,,,,,,,,0.13447071611881256,0.04362424090504646,,0.8637416958808899,,3.8675599098205566,,,,,,,,,,,,,
3,,,,13479,,,,,,,,,,,,0.13447071611881256,0.04419109970331192,,1.205538272857666,,4.04874324798584,,,,,,,,,,,,,
3,,,,13499,,,,,,,,,,,,0.13447071611881256,0.05334514379501343,,0.8463620543479919,,3.8858697414398193,,,,,,,,,,,,,
3,,,,13519,,,,,,,,,,,,0.13447071611881256,0.050961703062057495,,1.0779792070388794,,4.010338306427002,,,,,,,,,,,,,
3,,,,13539,,,,,,,,,,,,0.13447071611881256,0.16704431176185608,,0.526853621006012,,4.43489933013916,,,,,,,,,,,,,
3,,,,13559,,,,,,,,,,,,0.13447071611881256,0.06619279086589813,,0.5407417416572571,,3.5219733715057373,,,,,,,,,,,,,
3,,,,13579,,,,,,,,,,,,0.13447071611881256,0.1748681217432022,,0.5234994888305664,,4.374773979187012,,,,,,,,,,,,,
3,,,,13599,,,,,,,,,,,,0.13447071611881256,0.11098657548427582,,0.6986719965934753,,4.258084297180176,,,,,,,,,,,,,
3,,,,13619,,,,,,,,,,,,0.13447071611881256,0.08406220376491547,,0.6174753904342651,,3.6598458290100098,,,,,,,,,,,,,
3,,,,13639,,,,,,,,,,,,0.13447071611881256,0.13360093533992767,,0.7324849963188171,,4.448028087615967,,,,,,,,,,,,,
3,,,,13659,,,,,,,,,,,,0.13447071611881256,0.09662694483995438,,0.47000932693481445,,3.558541774749756,,,,,,,,,,,,,
3,,,,13679,,,,,,,,,,,,0.13447071611881256,0.08245623856782913,,0.4524361491203308,,3.5897817611694336,,,,,,,,,,,,,
3,,,,13699,,,,,,,,,,,,0.13447071611881256,0.07005936652421951,,0.9866606593132019,,4.190119743347168,,,,,,,,,,,,,
3,,,,13719,,,,,,,,,,,,0.13447071611881256,0.1625967174768448,,0.6138018369674683,,4.497042655944824,,,,,,,,,,,,,
3,,,,13739,,,,,,,,,,,,0.13447071611881256,0.06952069699764252,,0.39258167147636414,,3.2264456748962402,,,,,,,,,,,,,
3,,,,13759,,,,,,,,,,,,0.13447071611881256,0.08562438189983368,,0.8302257061004639,,4.185035705566406,,,,,,,,,,,,,
3,,,,13779,,,,,,,,,,,,0.13447071611881256,0.0574248805642128,,1.1846729516983032,,4.1352081298828125,,,,,,,,,,,,,
3,,,,13799,,,,,,,,,,,,0.13447071611881256,0.07692421972751617,,0.957787275314331,,4.1725850105285645,,,,,,,,,,,,,
3,,,,13819,,,,,,,,,,,,0.13447071611881256,0.04699663817882538,,0.8789982795715332,,3.763935089111328,,,,,,,,,,,,,
3,,,,13839,,,,,,,,,,,,0.13447071611881256,0.04251045733690262,,0.9353190064430237,,3.893284320831299,,,,,,,,,,,,,
3,,,,13859,,,,,,,,,,,,0.13447071611881256,0.0825604647397995,,1.1217451095581055,,4.1554365158081055,,,,,,,,,,,,,
3,,,,13879,,,,,,,,,,,,0.13447071611881256,0.04906371235847473,,1.1826213598251343,,4.03574275970459,,,,,,,,,,,,,
3,,,,13899,,,,,,,,,,,,0.13447071611881256,0.06651318073272705,,0.5257452130317688,,3.4342849254608154,,,,,,,,,,,,,
3,,,,13919,,,,,,,,,,,,0.13447071611881256,0.09612713009119034,,0.45391005277633667,,3.419724941253662,,,,,,,,,,,,,
3,,,,13927,,,,,,,,,,,,,,,,,,0.7255804538726807,0.9039919972419739,0.6979511380195618,0.6976755857467651,0.4322466254234314,0.6974000930786133,0.6240452527999878,0.7201489806175232,0.6893734931945801,0.8322338461875916,0.8260676264762878,0.44192543625831604,0.7255804538726807
3,,,,13927,,,,,,,,,0.5211064219474792,0.10631806403398514,0.13446712493896484,,,0.7627100348472595,,4.001644611358643,,,,,,,,,,,,,,
,0.0003,0.0003,2.9999999999999997e-05,13928,,,,,,,,,,,,,,,,,,,,,,,,,,,,,,
4,,,,13939,,,,,,,,,,,,0.1887703388929367,0.06635250151157379,,1.1961818933486938,,4.161776065826416,,,,,,,,,,,,,
4,,,,13959,,,,,,,,,,,,0.1887703388929367,0.07018770277500153,,0.9764994382858276,,4.230840682983398,,,,,,,,,,,,,
4,,,,13979,,,,,,,,,,,,0.1887703388929367,0.08123041689395905,,0.4340393543243408,,3.4189257621765137,,,,,,,,,,,,,
4,,,,13999,,,,,,,,,,,,0.1887703388929367,0.08015727996826172,,1.2138577699661255,,4.209047317504883,,,,,,,,,,,,,
4,,,,14019,,,,,,,,,,,,0.1887703388929367,0.0851050540804863,,0.4255576729774475,,3.2592506408691406,,,,,,,,,,,,,
4,,,,14039,,,,,,,,,,,,0.1887703388929367,0.12820671498775482,,0.6365902423858643,,4.281208038330078,,,,,,,,,,,,,
4,,,,14059,,,,,,,,,,,,0.1887703388929367,0.06636499613523483,,0.4182089865207672,,3.446906566619873,,,,,,,,,,,,,
4,,,,14079,,,,,,,,,,,,0.1887703388929367,0.16036900877952576,,0.5216575264930725,,4.41370964050293,,,,,,,,,,,,,
4,,,,14099,,,,,,,,,,,,0.1887703388929367,0.13030841946601868,,0.6634652018547058,,4.307664394378662,,,,,,,,,,,,,
4,,,,14119,,,,,,,,,,,,0.1887703388929367,0.0678333044052124,,1.189634084701538,,4.009478569030762,,,,,,,,,,,,,
4,,,,14139,,,,,,,,,,,,0.1887703388929367,0.04522154480218887,,1.1326193809509277,,4.112751007080078,,,,,,,,,,,,,
4,,,,14159,,,,,,,,,,,,0.1887703388929367,0.04248516261577606,,1.2653874158859253,,4.084953784942627,,,,,,,,,,,,,
4,,,,14179,,,,,,,,,,,,0.1887703388929367,0.15921363234519958,,0.5677505731582642,,4.476613521575928,,,,,,,,,,,,,
4,,,,14199,,,,,,,,,,,,0.1887703388929367,0.03927914798259735,,0.9561101794242859,,3.922210693359375,,,,,,,,,,,,,
4,,,,14219,,,,,,,,,,,,0.1887703388929367,0.05263107270002365,,1.1087533235549927,,4.101080894470215,,,,,,,,,,,,,
4,,,,14239,,,,,,,,,,,,0.1887703388929367,0.1070309430360794,,0.9698803424835205,,4.167035102844238,,,,,,,,,,,,,
4,,,,14259,,,,,,,,,,,,0.1887703388929367,0.06274443119764328,,0.7273267507553101,,3.6275222301483154,,,,,,,,,,,,,
4,,,,14279,,,,,,,,,,,,0.1887703388929367,0.0948684811592102,,0.436502605676651,,3.5123109817504883,,,,,,,,,,,,,
4,,,,14299,,,,,,,,,,,,0.1887703388929367,0.11851206421852112,,0.9442407488822937,,4.284097194671631,,,,,,,,,,,,,
4,,,,14319,,,,,,,,,,,,0.1887703388929367,0.09074892103672028,,0.7059676051139832,,3.782412052154541,,,,,,,,,,,,,
4,,,,14339,,,,,,,,,,,,0.1887703388929367,0.05917802453041077,,0.6500626802444458,,3.7179372310638428,,,,,,,,,,,,,
4,,,,14359,,,,,,,,,,,,0.1887703388929367,0.1483297049999237,,0.5578685998916626,,4.434060096740723,,,,,,,,,,,,,
4,,,,14379,,,,,,,,,,,,0.1887703388929367,0.1101451963186264,,0.924545407295227,,4.197498321533203,,,,,,,,,,,,,
4,,,,14399,,,,,,,,,,,,0.1887703388929367,0.1441762000322342,,0.7670381665229797,,4.307435035705566,,,,,,,,,,,,,
4,,,,14419,,,,,,,,,,,,0.1887703388929367,0.17346283793449402,,0.5884262323379517,,4.287216663360596,,,,,,,,,,,,,
4,,,,14439,,,,,,,,,,,,0.1887703388929367,0.11620853841304779,,0.7732255458831787,,4.264273643493652,,,,,,,,,,,,,
4,,,,14459,,,,,,,,,,,,0.1887703388929367,0.08028040081262589,,0.48117178678512573,,3.3683812618255615,,,,,,,,,,,,,
4,,,,14479,,,,,,,,,,,,0.1887703388929367,0.0892581194639206,,0.9058833122253418,,4.228633880615234,,,,,,,,,,,,,
4,,,,14499,,,,,,,,,,,,0.1887703388929367,0.1666022688150406,,0.525799036026001,,4.479605674743652,,,,,,,,,,,,,
4,,,,14519,,,,,,,,,,,,0.1887703388929367,0.15034568309783936,,0.7088418006896973,,4.592183589935303,,,,,,,,,,,,,
4,,,,14539,,,,,,,,,,,,0.1887703388929367,0.14513452351093292,,0.6095568537712097,,4.390266418457031,,,,,,,,,,,,,
4,,,,14559,,,,,,,,,,,,0.1887703388929367,0.14563968777656555,,0.6815547347068787,,4.384807586669922,,,,,,,,,,,,,
4,,,,14579,,,,,,,,,,,,0.1887703388929367,0.09484826028347015,,0.42977380752563477,,3.2779996395111084,,,,,,,,,,,,,
4,,,,14599,,,,,,,,,,,,0.1887703388929367,0.10955590009689331,,0.5493613481521606,,3.462851047515869,,,,,,,,,,,,,
4,,,,14619,,,,,,,,,,,,0.1887703388929367,0.06616565585136414,,1.0685731172561646,,4.198243141174316,,,,,,,,,,,,,
4,,,,14639,,,,,,,,,,,,0.1887703388929367,0.05777809023857117,,1.0038994550704956,,3.89713191986084,,,,,,,,,,,,,
4,,,,14659,,,,,,,,,,,,0.1887703388929367,0.13543522357940674,,0.6652405858039856,,4.312189102172852,,,,,,,,,,,,,
4,,,,14679,,,,,,,,,,,,0.1887703388929367,0.148163303732872,,0.5681969523429871,,4.305916786193848,,,,,,,,,,,,,
4,,,,14699,,,,,,,,,,,,0.1887703388929367,0.06916452944278717,,0.56475830078125,,3.545464038848877,,,,,,,,,,,,,
4,,,,14719,,,,,,,,,,,,0.1887703388929367,0.08042442053556442,,0.5541089773178101,,3.398684024810791,,,,,,,,,,,,,
4,,,,14739,,,,,,,,,,,,0.1887703388929367,0.0680030882358551,,0.517452597618103,,3.539640426635742,,,,,,,,,,,,,
4,,,,14759,,,,,,,,,,,,0.1887703388929367,0.13686472177505493,,0.6545755863189697,,4.297423839569092,,,,,,,,,,,,,
4,,,,14779,,,,,,,,,,,,0.1887703388929367,0.08126197755336761,,0.5534601807594299,,3.615417003631592,,,,,,,,,,,,,
4,,,,14799,,,,,,,,,,,,0.1887703388929367,0.08333199471235275,,0.5099779367446899,,3.6084041595458984,,,,,,,,,,,,,
4,,,,14819,,,,,,,,,,,,0.1887703388929367,0.09019288420677185,,0.46570098400115967,,3.331000804901123,,,,,,,,,,,,,
4,,,,14839,,,,,,,,,,,,0.1887703388929367,0.0485372468829155,,1.235982894897461,,4.164022445678711,,,,,,,,,,,,,
4,,,,14859,,,,,,,,,,,,0.1887703388929367,0.16447234153747559,,0.5471792817115784,,4.3431854248046875,,,,,,,,,,,,,
4,,,,14879,,,,,,,,,,,,0.1887703388929367,0.045057035982608795,,1.2283071279525757,,4.106814384460449,,,,,,,,,,,,,
4,,,,14899,,,,,,,,,,,,0.1887703388929367,0.06822749972343445,,0.9353101849555969,,3.786921977996826,,,,,,,,,,,,,
4,,,,14919,,,,,,,,,,,,0.1887703388929367,0.15231972932815552,,0.5205743908882141,,4.523369789123535,,,,,,,,,,,,,
4,,,,14939,,,,,,,,,,,,0.1887703388929367,0.07579828798770905,,0.6720541715621948,,3.6592493057250977,,,,,,,,,,,,,
4,,,,14959,,,,,,,,,,,,0.1887703388929367,0.042474545538425446,,0.9913795590400696,,3.8955228328704834,,,,,,,,,,,,,
4,,,,14979,,,,,,,,,,,,0.1887703388929367,0.14237631857395172,,0.5408331155776978,,4.366584777832031,,,,,,,,,,,,,
4,,,,14999,,,,,,,,,,,,0.1887703388929367,0.03422093391418457,,1.1798299551010132,,4.109284400939941,,,,,,,,,,,,,
4,,,,15019,,,,,,,,,,,,0.1887703388929367,0.06593306362628937,,0.44059690833091736,,3.5687992572784424,,,,,,,,,,,,,
4,,,,15039,,,,,,,,,,,,0.1887703388929367,0.10718203336000443,,0.7538092732429504,,4.260366439819336,,,,,,,,,,,,,
4,,,,15059,,,,,,,,,,,,0.1887703388929367,0.09686978161334991,,0.43466588854789734,,3.5412802696228027,,,,,,,,,,,,,
4,,,,15079,,,,,,,,,,,,0.1887703388929367,0.12391787767410278,,0.7345286011695862,,4.322720527648926,,,,,,,,,,,,,
4,,,,15099,,,,,,,,,,,,0.1887703388929367,0.05162777006626129,,0.978607177734375,,3.8786392211914062,,,,,,,,,,,,,
4,,,,15119,,,,,,,,,,,,0.1887703388929367,0.15594817698001862,,0.5970832705497742,,4.497754096984863,,,,,,,,,,,,,
4,,,,15139,,,,,,,,,,,,0.1887703388929367,0.07176904380321503,,0.4306581914424896,,3.4022932052612305,,,,,,,,,,,,,
4,,,,15159,,,,,,,,,,,,0.1887703388929367,0.14268535375595093,,0.5670278072357178,,4.314799785614014,,,,,,,,,,,,,
4,,,,15179,,,,,,,,,,,,0.1887703388929367,0.15338777005672455,,0.7286480069160461,,4.239053249359131,,,,,,,,,,,,,
4,,,,15199,,,,,,,,,,,,0.1887703388929367,0.14549455046653748,,0.5290745496749878,,4.366621971130371,,,,,,,,,,,,,
4,,,,15219,,,,,,,,,,,,0.1887703388929367,0.15335115790367126,,0.5911335945129395,,4.32676887512207,,,,,,,,,,,,,
4,,,,15239,,,,,,,,,,,,0.1887703388929367,0.04729133099317551,,1.1018904447555542,,4.080709457397461,,,,,,,,,,,,,
4,,,,15259,,,,,,,,,,,,0.1887703388929367,0.07587554305791855,,0.713893711566925,,3.7016186714172363,,,,,,,,,,,,,
4,,,,15279,,,,,,,,,,,,0.1887703388929367,0.09058818221092224,,0.594830334186554,,3.572756290435791,,,,,,,,,,,,,
4,,,,15299,,,,,,,,,,,,0.1887703388929367,0.0810069590806961,,0.37924978137016296,,3.231722354888916,,,,,,,,,,,,,
4,,,,15319,,,,,,,,,,,,0.1887703388929367,0.050988439470529556,,1.172717571258545,,4.187610626220703,,,,,,,,,,,,,
4,,,,15339,,,,,,,,,,,,0.1887703388929367,0.08501855283975601,,0.6161956787109375,,3.5177083015441895,,,,,,,,,,,,,
4,,,,15359,,,,,,,,,,,,0.1887703388929367,0.07360753417015076,,0.9452390670776367,,4.185850620269775,,,,,,,,,,,,,
4,,,,15379,,,,,,,,,,,,0.1887703388929367,0.03611569479107857,,1.1979949474334717,,4.065695285797119,,,,,,,,,,,,,
4,,,,15399,,,,,,,,,,,,0.1887703388929367,0.04342208802700043,,0.9923504590988159,,3.89204740524292,,,,,,,,,,,,,
4,,,,15419,,,,,,,,,,,,0.1887703388929367,0.06738156825304031,,0.6972102522850037,,3.7857284545898438,,,,,,,,,,,,,
4,,,,15439,,,,,,,,,,,,0.1887703388929367,0.07648886740207672,,0.4267177879810333,,3.49162220954895,,,,,,,,,,,,,
4,,,,15459,,,,,,,,,,,,0.1887703388929367,0.08774267137050629,,0.409254252910614,,3.384037733078003,,,,,,,,,,,,,
4,,,,15479,,,,,,,,,,,,0.1887703388929367,0.0513550266623497,,0.9063342213630676,,3.844648599624634,,,,,,,,,,,,,
4,,,,15499,,,,,,,,,,,,0.1887703388929367,0.1190166026353836,,0.7492371797561646,,4.306180000305176,,,,,,,,,,,,,
4,,,,15519,,,,,,,,,,,,0.1887703388929367,0.07468463480472565,,0.9121502041816711,,3.8888797760009766,,,,,,,,,,,,,
4,,,,15539,,,,,,,,,,,,0.1887703388929367,0.07314649224281311,,0.4412660598754883,,3.3642780780792236,,,,,,,,,,,,,
4,,,,15559,,,,,,,,,,,,0.1887703388929367,0.06826694309711456,,0.4142482876777649,,3.1924057006835938,,,,,,,,,,,,,
4,,,,15579,,,,,,,,,,,,0.1887703388929367,0.1393151581287384,,0.6429175734519958,,4.470638275146484,,,,,,,,,,,,,
4,,,,15599,,,,,,,,,,,,0.1887703388929367,0.0589011125266552,,0.3848523497581482,,3.3267135620117188,,,,,,,,,,,,,
4,,,,15619,,,,,,,,,,,,0.1887703388929367,0.11152942478656769,,0.5340859293937683,,4.315061092376709,,,,,,,,,,,,,
4,,,,15639,,,,,,,,,,,,0.1887703388929367,0.07864709198474884,,0.4490925967693329,,3.515665054321289,,,,,,,,,,,,,
4,,,,15659,,,,,,,,,,,,0.1887703388929367,0.1632065773010254,,0.5290626883506775,,4.250830173492432,,,,,,,,,,,,,
4,,,,15679,,,,,,,,,,,,0.1887703388929367,0.14492353796958923,,0.5440120100975037,,4.354258060455322,,,,,,,,,,,,,
4,,,,15699,,,,,,,,,,,,0.1887703388929367,0.07535994797945023,,0.4631611108779907,,3.527641773223877,,,,,,,,,,,,,
4,,,,15719,,,,,,,,,,,,0.1887703388929367,0.044259071350097656,,1.0509413480758667,,3.9210638999938965,,,,,,,,,,,,,
4,,,,15739,,,,,,,,,,,,0.1887703388929367,0.04165136069059372,,0.785515308380127,,3.722421169281006,,,,,,,,,,,,,
4,,,,15759,,,,,,,,,,,,0.1887703388929367,0.13834276795387268,,0.5814109444618225,,4.6360650062561035,,,,,,,,,,,,,
4,,,,15779,,,,,,,,,,,,0.1887703388929367,0.08356320858001709,,0.9119774103164673,,4.222745895385742,,,,,,,,,,,,,
4,,,,15799,,,,,,,,,,,,0.1887703388929367,0.0356808602809906,,1.0106290578842163,,3.946944236755371,,,,,,,,,,,,,
4,,,,15819,,,,,,,,,,,,0.1887703388929367,0.06311316043138504,,0.9823501706123352,,4.195113658905029,,,,,,,,,,,,,
4,,,,15839,,,,,,,,,,,,0.1887703388929367,0.04761602729558945,,1.1819735765457153,,4.0560173988342285,,,,,,,,,,,,,
4,,,,15859,,,,,,,,,,,,0.1887703388929367,0.04503212869167328,,0.7417253851890564,,3.738414764404297,,,,,,,,,,,,,
4,,,,15879,,,,,,,,,,,,0.1887703388929367,0.09884986281394958,,0.9836188554763794,,4.263755798339844,,,,,,,,,,,,,
4,,,,15899,,,,,,,,,,,,0.1887703388929367,0.11881203204393387,,0.6728417277336121,,4.420395851135254,,,,,,,,,,,,,
4,,,,15919,,,,,,,,,,,,0.1887703388929367,0.06074877828359604,,0.41640588641166687,,3.351691722869873,,,,,,,,,,,,,
4,,,,15939,,,,,,,,,,,,0.1887703388929367,0.0865851640701294,,1.062801718711853,,4.181278228759766,,,,,,,,,,,,,
4,,,,15959,,,,,,,,,,,,0.1887703388929367,0.12831783294677734,,0.6345112323760986,,4.277276992797852,,,,,,,,,,,,,
4,,,,15979,,,,,,,,,,,,0.1887703388929367,0.07218475639820099,,0.9655774831771851,,4.17505407333374,,,,,,,,,,,,,
4,,,,15999,,,,,,,,,,,,0.1887703388929367,0.062107693403959274,,1.0762877464294434,,4.17094612121582,,,,,,,,,,,,,
4,,,,16019,,,,,,,,,,,,0.1887703388929367,0.06058623269200325,,0.7413665652275085,,3.674022912979126,,,,,,,,,,,,,
4,,,,16039,,,,,,,,,,,,0.1887703388929367,0.07122332602739334,,0.6212329268455505,,3.556612014770508,,,,,,,,,,,,,
4,,,,16059,,,,,,,,,,,,0.1887703388929367,0.12772032618522644,,0.5492891669273376,,4.206480503082275,,,,,,,,,,,,,
4,,,,16079,,,,,,,,,,,,0.1887703388929367,0.06756149232387543,,0.9719619750976562,,4.157315254211426,,,,,,,,,,,,,
4,,,,16099,,,,,,,,,,,,0.1887703388929367,0.036726102232933044,,0.9638785719871521,,3.7665722370147705,,,,,,,,,,,,,
4,,,,16119,,,,,,,,,,,,0.1887703388929367,0.1358167827129364,,0.6494011878967285,,4.271594047546387,,,,,,,,,,,,,
4,,,,16139,,,,,,,,,,,,0.1887703388929367,0.07287698984146118,,0.9026933908462524,,4.177919864654541,,,,,,,,,,,,,
4,,,,16159,,,,,,,,,,,,0.1887703388929367,0.0710577517747879,,0.43688973784446716,,3.426208972930908,,,,,,,,,,,,,
4,,,,16179,,,,,,,,,,,,0.1887703388929367,0.0687856450676918,,0.40717005729675293,,3.373382091522217,,,,,,,,,,,,,
4,,,,16199,,,,,,,,,,,,0.1887703388929367,0.15781515836715698,,0.5500901341438293,,4.759004592895508,,,,,,,,,,,,,
4,,,,16219,,,,,,,,,,,,0.1887703388929367,0.048581384122371674,,1.216123104095459,,4.114153861999512,,,,,,,,,,,,,
4,,,,16239,,,,,,,,,,,,0.1887703388929367,0.14524364471435547,,0.5608563423156738,,4.381690502166748,,,,,,,,,,,,,
4,,,,16259,,,,,,,,,,,,0.1887703388929367,0.061071306467056274,,1.243003487586975,,4.175010681152344,,,,,,,,,,,,,
4,,,,16279,,,,,,,,,,,,0.1887703388929367,0.12901315093040466,,0.7220757007598877,,4.3579607009887695,,,,,,,,,,,,,
4,,,,16299,,,,,,,,,,,,0.1887703388929367,0.05315064266324043,,1.0634278059005737,,4.079346656799316,,,,,,,,,,,,,
4,,,,16319,,,,,,,,,,,,0.1887703388929367,0.112993523478508,,1.0860984325408936,,4.251163482666016,,,,,,,,,,,,,
4,,,,16339,,,,,,,,,,,,0.1887703388929367,0.05634486675262451,,0.45506972074508667,,3.4779751300811768,,,,,,,,,,,,,
4,,,,16359,,,,,,,,,,,,0.1887703388929367,0.07363167405128479,,0.45131686329841614,,3.3503811359405518,,,,,,,,,,,,,
4,,,,16379,,,,,,,,,,,,0.1887703388929367,0.13172489404678345,,0.7234601974487305,,4.394354343414307,,,,,,,,,,,,,
4,,,,16399,,,,,,,,,,,,0.1887703388929367,0.029239479452371597,,1.0387839078903198,,3.9560322761535645,,,,,,,,,,,,,
4,,,,16419,,,,,,,,,,,,0.1887703388929367,0.14601971209049225,,0.6132572293281555,,4.4135541915893555,,,,,,,,,,,,,
4,,,,16439,,,,,,,,,,,,0.1887703388929367,0.09157451242208481,,0.8664243817329407,,4.169554710388184,,,,,,,,,,,,,
4,,,,16459,,,,,,,,,,,,0.1887703388929367,0.16047540307044983,,0.6093503832817078,,4.299495697021484,,,,,,,,,,,,,
4,,,,16479,,,,,,,,,,,,0.1887703388929367,0.04967600852251053,,1.1600157022476196,,4.076918125152588,,,,,,,,,,,,,
4,,,,16499,,,,,,,,,,,,0.1887703388929367,0.04871174693107605,,1.1621158123016357,,4.141427993774414,,,,,,,,,,,,,
4,,,,16519,,,,,,,,,,,,0.1887703388929367,0.07045948505401611,,0.40948712825775146,,3.3868408203125,,,,,,,,,,,,,
4,,,,16539,,,,,,,,,,,,0.1887703388929367,0.060223259031772614,,0.41675427556037903,,3.56776762008667,,,,,,,,,,,,,
4,,,,16559,,,,,,,,,,,,0.1887703388929367,0.050408072769641876,,1.145922064781189,,4.101824760437012,,,,,,,,,,,,,
4,,,,16579,,,,,,,,,,,,0.1887703388929367,0.15007734298706055,,0.6540020704269409,,4.28691291809082,,,,,,,,,,,,,
4,,,,16599,,,,,,,,,,,,0.1887703388929367,0.06470343470573425,,0.541269063949585,,3.4597549438476562,,,,,,,,,,,,,
4,,,,16619,,,,,,,,,,,,0.1887703388929367,0.06961286067962646,,0.42432475090026855,,3.339895248413086,,,,,,,,,,,,,
4,,,,16639,,,,,,,,,,,,0.1887703388929367,0.07336600869894028,,0.4324260950088501,,3.313725471496582,,,,,,,,,,,,,
4,,,,16659,,,,,,,,,,,,0.1887703388929367,0.1401606798171997,,0.9035384058952332,,4.24623966217041,,,,,,,,,,,,,
4,,,,16679,,,,,,,,,,,,0.1887703388929367,0.038048990070819855,,0.8944675326347351,,3.864499568939209,,,,,,,,,,,,,
4,,,,16699,,,,,,,,,,,,0.1887703388929367,0.11950581520795822,,0.8184127807617188,,4.305778503417969,,,,,,,,,,,,,
4,,,,16719,,,,,,,,,,,,0.1887703388929367,0.07137532532215118,,1.0485343933105469,,4.199016571044922,,,,,,,,,,,,,
4,,,,16739,,,,,,,,,,,,0.1887703388929367,0.08298137784004211,,0.8351910710334778,,3.775156021118164,,,,,,,,,,,,,
4,,,,16759,,,,,,,,,,,,0.1887703388929367,0.0392027422785759,,0.77536541223526,,3.7327351570129395,,,,,,,,,,,,,
4,,,,16779,,,,,,,,,,,,0.1887703388929367,0.12721075117588043,,0.6599961519241333,,4.401825904846191,,,,,,,,,,,,,
4,,,,16799,,,,,,,,,,,,0.1887703388929367,0.046697571873664856,,0.9109875559806824,,3.8169450759887695,,,,,,,,,,,,,
4,,,,16819,,,,,,,,,,,,0.1887703388929367,0.14435729384422302,,0.8168980479240417,,4.280795097351074,,,,,,,,,,,,,
4,,,,16839,,,,,,,,,,,,0.1887703388929367,0.1092151328921318,,0.8268382549285889,,4.28639030456543,,,,,,,,,,,,,
4,,,,16859,,,,,,,,,,,,0.1887703388929367,0.052489761263132095,,0.7468931078910828,,3.6557064056396484,,,,,,,,,,,,,
4,,,,16879,,,,,,,,,,,,0.1887703388929367,0.1283721923828125,,0.6840706467628479,,4.426868438720703,,,,,,,,,,,,,
4,,,,16899,,,,,,,,,,,,0.1887703388929367,0.1537453681230545,,0.5258869528770447,,4.453386306762695,,,,,,,,,,,,,
4,,,,16919,,,,,,,,,,,,0.1887703388929367,0.05032164603471756,,1.300409197807312,,4.120443344116211,,,,,,,,,,,,,
4,,,,16939,,,,,,,,,,,,0.1887703388929367,0.0979766994714737,,0.8952728509902954,,4.238036155700684,,,,,,,,,,,,,
4,,,,16959,,,,,,,,,,,,0.1887703388929367,0.07002454996109009,,0.5264014601707458,,3.452223777770996,,,,,,,,,,,,,
4,,,,16979,,,,,,,,,,,,0.1887703388929367,0.14369714260101318,,0.508750319480896,,4.4585466384887695,,,,,,,,,,,,,
4,,,,16999,,,,,,,,,,,,0.1887703388929367,0.05679319053888321,,1.2031183242797852,,4.0956807136535645,,,,,,,,,,,,,
4,,,,17019,,,,,,,,,,,,0.1887703388929367,0.0640251561999321,,0.40675246715545654,,3.435060501098633,,,,,,,,,,,,,
4,,,,17039,,,,,,,,,,,,0.1887703388929367,0.04877651482820511,,1.2818379402160645,,4.160496234893799,,,,,,,,,,,,,
4,,,,17059,,,,,,,,,,,,0.1887703388929367,0.06150886416435242,,1.2557278871536255,,4.141103267669678,,,,,,,,,,,,,
4,,,,17079,,,,,,,,,,,,0.1887703388929367,0.06405186653137207,,0.4195709228515625,,3.4465034008026123,,,,,,,,,,,,,
4,,,,17099,,,,,,,,,,,,0.1887703388929367,0.04142254590988159,,1.0621200799942017,,3.9750020503997803,,,,,,,,,,,,,
4,,,,17119,,,,,,,,,,,,0.1887703388929367,0.04620794951915741,,0.41008785367012024,,3.2926650047302246,,,,,,,,,,,,,
4,,,,17139,,,,,,,,,,,,0.1887703388929367,0.06140073761343956,,0.48075076937675476,,3.339808940887451,,,,,,,,,,,,,
4,,,,17159,,,,,,,,,,,,0.1887703388929367,0.0609787255525589,,1.2161997556686401,,4.154775619506836,,,,,,,,,,,,,
4,,,,17179,,,,,,,,,,,,0.1887703388929367,0.16352808475494385,,0.5135378241539001,,4.482564926147461,,,,,,,,,,,,,
4,,,,17199,,,,,,,,,,,,0.1887703388929367,0.14445994794368744,,0.7309580445289612,,4.374058723449707,,,,,,,,,,,,,
4,,,,17219,,,,,,,,,,,,0.1887703388929367,0.15661713480949402,,0.5394163727760315,,4.368704795837402,,,,,,,,,,,,,
4,,,,17239,,,,,,,,,,,,0.1887703388929367,0.04658088460564613,,1.2391984462738037,,4.087146759033203,,,,,,,,,,,,,
4,,,,17259,,,,,,,,,,,,0.1887703388929367,0.1548340767621994,,0.58832848072052,,4.357707500457764,,,,,,,,,,,,,
4,,,,17279,,,,,,,,,,,,0.1887703388929367,0.0760364979505539,,0.4061640799045563,,3.306662082672119,,,,,,,,,,,,,
4,,,,17299,,,,,,,,,,,,0.1887703388929367,0.051907800137996674,,1.1410152912139893,,4.096531867980957,,,,,,,,,,,,,
4,,,,17319,,,,,,,,,,,,0.1887703388929367,0.14693583548069,,0.5684495568275452,,4.434771537780762,,,,,,,,,,,,,
4,,,,17339,,,,,,,,,,,,0.1887703388929367,0.1560959815979004,,0.551906168460846,,4.436202049255371,,,,,,,,,,,,,
4,,,,17359,,,,,,,,,,,,0.1887703388929367,0.04246458411216736,,0.9016181826591492,,3.833298683166504,,,,,,,,,,,,,
4,,,,17379,,,,,,,,,,,,0.1887703388929367,0.06334256380796432,,0.5794867873191833,,3.3749217987060547,,,,,,,,,,,,,
4,,,,17399,,,,,,,,,,,,0.1887703388929367,0.16524344682693481,,0.49939772486686707,,4.341183185577393,,,,,,,,,,,,,
4,,,,17409,,,,,,,,,,,,,,,,,,0.7311871647834778,0.9052485227584839,0.6906663775444031,0.6947312355041504,0.43934422731399536,0.6987961530685425,0.6178068518638611,0.7103562355041504,0.6862731575965881,0.8444312214851379,0.8331542015075684,0.4313262104988098,0.7311871647834778
4,,,,17409,,,,,,,,,0.541881799697876,0.08977959305047989,0.188776895403862,,,0.753673255443573,,3.9718151092529297,,,,,,,,,,,,,,
,0.0003,0.0003,2.9999999999999997e-05,17410,,,,,,,,,,,,,,,,,,,,,,,,,,,,,,
5,,,,17419,,,,,,,,,,,,0.25,0.1250011920928955,,0.6416212916374207,,4.350053787231445,,,,,,,,,,,,,
5,,,,17439,,,,,,,,,,,,0.25,0.05717957392334938,,0.9885975122451782,,4.132545471191406,,,,,,,,,,,,,
5,,,,17459,,,,,,,,,,,,0.25,0.07727748155593872,,0.45511871576309204,,3.447697162628174,,,,,,,,,,,,,
5,,,,17479,,,,,,,,,,,,0.25,0.05438965559005737,,1.097620964050293,,4.0817060470581055,,,,,,,,,,,,,
5,,,,17499,,,,,,,,,,,,0.25,0.1566111147403717,,0.6066619157791138,,4.314583778381348,,,,,,,,,,,,,
5,,,,17519,,,,,,,,,,,,0.25,0.046954698860645294,,1.164899468421936,,4.0892181396484375,,,,,,,,,,,,,
5,,,,17539,,,,,,,,,,,,0.25,0.14822746813297272,,0.5348654389381409,,4.430739402770996,,,,,,,,,,,,,
5,,,,17559,,,,,,,,,,,,0.25,0.06930951774120331,,0.41085368394851685,,3.357668399810791,,,,,,,,,,,,,
5,,,,17579,,,,,,,,,,,,0.25,0.16861633956432343,,0.5404828190803528,,4.608144760131836,,,,,,,,,,,,,
5,,,,17599,,,,,,,,,,,,0.25,0.050551630556583405,,0.7644472122192383,,3.729123592376709,,,,,,,,,,,,,
5,,,,17619,,,,,,,,,,,,0.25,0.05506964027881622,,1.2120733261108398,,4.130687713623047,,,,,,,,,,,,,
5,,,,17639,,,,,,,,,,,,0.25,0.05089176446199417,,1.0467771291732788,,4.099658966064453,,,,,,,,,,,,,
5,,,,17659,,,,,,,,,,,,0.25,0.04360344260931015,,1.0996471643447876,,4.068953990936279,,,,,,,,,,,,,
5,,,,17679,,,,,,,,,,,,0.25,0.11126987636089325,,1.0072214603424072,,4.251073837280273,,,,,,,,,,,,,
5,,,,17699,,,,,,,,,,,,0.25,0.06257377564907074,,0.5813929438591003,,3.6185808181762695,,,,,,,,,,,,,
5,,,,17719,,,,,,,,,,,,0.25,0.055101003497838974,,0.4877188801765442,,3.5179710388183594,,,,,,,,,,,,,
5,,,,17739,,,,,,,,,,,,0.25,0.15214592218399048,,0.5482787489891052,,4.337284564971924,,,,,,,,,,,,,
5,,,,17759,,,,,,,,,,,,0.25,0.13797542452812195,,0.541402280330658,,4.321651458740234,,,,,,,,,,,,,
5,,,,17779,,,,,,,,,,,,0.25,0.06431251764297485,,0.3803238272666931,,3.268531322479248,,,,,,,,,,,,,
5,,,,17799,,,,,,,,,,,,0.25,0.10000527650117874,,0.7639309763908386,,4.45025634765625,,,,,,,,,,,,,
5,,,,17819,,,,,,,,,,,,0.25,0.06315380334854126,,0.35292232036590576,,3.048792839050293,,,,,,,,,,,,,
5,,,,17839,,,,,,,,,,,,0.25,0.12501686811447144,,0.5663959383964539,,4.387332916259766,,,,,,,,,,,,,
5,,,,17859,,,,,,,,,,,,0.25,0.12524323165416718,,0.801389753818512,,4.306163787841797,,,,,,,,,,,,,
5,,,,17879,,,,,,,,,,,,0.25,0.10659238696098328,,0.8048655390739441,,4.233233451843262,,,,,,,,,,,,,
5,,,,17899,,,,,,,,,,,,0.25,0.14187806844711304,,0.5933189988136292,,4.367362022399902,,,,,,,,,,,,,
5,,,,17919,,,,,,,,,,,,0.25,0.04474850371479988,,1.1557672023773193,,4.00699520111084,,,,,,,,,,,,,
5,,,,17939,,,,,,,,,,,,0.25,0.15698260068893433,,0.7130959033966064,,4.341860771179199,,,,,,,,,,,,,
5,,,,17959,,,,,,,,,,,,0.25,0.052376072853803635,,1.239472508430481,,4.149468898773193,,,,,,,,,,,,,
5,,,,17979,,,,,,,,,,,,0.25,0.1437726467847824,,0.8270789384841919,,4.457419395446777,,,,,,,,,,,,,
5,,,,17999,,,,,,,,,,,,0.25,0.03263944014906883,,1.039841651916504,,3.8867692947387695,,,,,,,,,,,,,
5,,,,18019,,,,,,,,,,,,0.25,0.13137145340442657,,0.6714643239974976,,4.429797172546387,,,,,,,,,,,,,
5,,,,18039,,,,,,,,,,,,0.25,0.04366481676697731,,0.6697565317153931,,3.636221170425415,,,,,,,,,,,,,
5,,,,18059,,,,,,,,,,,,0.25,0.05176353454589844,,0.4818260073661804,,3.4974193572998047,,,,,,,,,,,,,
5,,,,18079,,,,,,,,,,,,0.25,0.16290564835071564,,0.5604366064071655,,4.623356819152832,,,,,,,,,,,,,
5,,,,18099,,,,,,,,,,,,0.25,0.059024959802627563,,1.1245487928390503,,4.160416603088379,,,,,,,,,,,,,
5,,,,18119,,,,,,,,,,,,0.25,0.07908543199300766,,0.997604250907898,,4.202066421508789,,,,,,,,,,,,,
5,,,,18139,,,,,,,,,,,,0.25,0.14214970171451569,,0.7181693315505981,,4.280824661254883,,,,,,,,,,,,,
5,,,,18159,,,,,,,,,,,,0.25,0.04711686819791794,,0.8137351274490356,,3.796048164367676,,,,,,,,,,,,,
5,,,,18179,,,,,,,,,,,,0.25,0.05646156147122383,,0.41348934173583984,,3.3649253845214844,,,,,,,,,,,,,
5,,,,18199,,,,,,,,,,,,0.25,0.042792998254299164,,0.39482757449150085,,3.365661382675171,,,,,,,,,,,,,
5,,,,18219,,,,,,,,,,,,0.25,0.1637604534626007,,0.5397880673408508,,4.286643981933594,,,,,,,,,,,,,
5,,,,18239,,,,,,,,,,,,0.25,0.14705294370651245,,0.5128791332244873,,4.316850662231445,,,,,,,,,,,,,
5,,,,18259,,,,,,,,,,,,0.25,0.03737618029117584,,1.1055864095687866,,4.000482559204102,,,,,,,,,,,,,
5,,,,18279,,,,,,,,,,,,0.25,0.1161346435546875,,0.6563403606414795,,4.269011497497559,,,,,,,,,,,,,
5,,,,18299,,,,,,,,,,,,0.25,0.041762396693229675,,0.839767575263977,,3.7533469200134277,,,,,,,,,,,,,
5,,,,18319,,,,,,,,,,,,0.25,0.06420088559389114,,0.5321742296218872,,3.4764318466186523,,,,,,,,,,,,,
5,,,,18339,,,,,,,,,,,,0.25,0.11608786880970001,,0.7392551302909851,,4.411308288574219,,,,,,,,,,,,,
5,,,,18359,,,,,,,,,,,,0.25,0.04546359181404114,,0.40080729126930237,,3.404935836791992,,,,,,,,,,,,,
5,,,,18379,,,,,,,,,,,,0.25,0.14180834591388702,,0.7359662652015686,,4.370827674865723,,,,,,,,,,,,,
5,,,,18399,,,,,,,,,,,,0.25,0.14885693788528442,,0.5729538798332214,,4.544791221618652,,,,,,,,,,,,,
5,,,,18419,,,,,,,,,,,,0.25,0.16644659638404846,,0.5127136707305908,,4.351756572723389,,,,,,,,,,,,,
5,,,,18439,,,,,,,,,,,,0.25,0.16346096992492676,,0.5218906402587891,,4.362186908721924,,,,,,,,,,,,,
5,,,,18459,,,,,,,,,,,,0.25,0.03894355148077011,,1.1100945472717285,,3.858095169067383,,,,,,,,,,,,,
5,,,,18479,,,,,,,,,,,,0.25,0.04669339209794998,,1.1012967824935913,,4.1235833168029785,,,,,,,,,,,,,
5,,,,18499,,,,,,,,,,,,0.25,0.12083759903907776,,0.6518185138702393,,4.397836208343506,,,,,,,,,,,,,
5,,,,18519,,,,,,,,,,,,0.25,0.07148218154907227,,0.41894853115081787,,3.365168809890747,,,,,,,,,,,,,
5,,,,18539,,,,,,,,,,,,0.25,0.042417995631694794,,1.236158847808838,,4.031797885894775,,,,,,,,,,,,,
5,,,,18559,,,,,,,,,,,,0.25,0.07494102418422699,,0.5585483908653259,,3.4185309410095215,,,,,,,,,,,,,
5,,,,18579,,,,,,,,,,,,0.25,0.04917225241661072,,0.4082927405834198,,3.1645402908325195,,,,,,,,,,,,,
5,,,,18599,,,,,,,,,,,,0.25,0.03249321132898331,,0.9057806730270386,,3.719871997833252,,,,,,,,,,,,,
5,,,,18619,,,,,,,,,,,,0.25,0.16583791375160217,,0.5480473041534424,,4.502525329589844,,,,,,,,,,,,,
5,,,,18639,,,,,,,,,,,,0.25,0.07052867114543915,,0.40548422932624817,,3.346027374267578,,,,,,,,,,,,,
5,,,,18659,,,,,,,,,,,,0.25,0.06021874397993088,,0.40377143025398254,,3.3160767555236816,,,,,,,,,,,,,
5,,,,18679,,,,,,,,,,,,0.25,0.04545111209154129,,1.2021512985229492,,4.082425117492676,,,,,,,,,,,,,
5,,,,18699,,,,,,,,,,,,0.25,0.10818225890398026,,0.7568144798278809,,4.275335311889648,,,,,,,,,,,,,
5,,,,18719,,,,,,,,,,,,0.25,0.07489962875843048,,0.9598681330680847,,4.188654899597168,,,,,,,,,,,,,
5,,,,18739,,,,,,,,,,,,0.25,0.07628507167100906,,0.9688706994056702,,4.186558723449707,,,,,,,,,,,,,
5,,,,18759,,,,,,,,,,,,0.25,0.060274191200733185,,0.4010166525840759,,3.3974063396453857,,,,,,,,,,,,,
5,,,,18779,,,,,,,,,,,,0.25,0.09749384969472885,,0.7369000315666199,,4.212263584136963,,,,,,,,,,,,,
5,,,,18799,,,,,,,,,,,,0.25,0.06575363874435425,,0.5161266326904297,,3.521684169769287,,,,,,,,,,,,,
5,,,,18819,,,,,,,,,,,,0.25,0.04859975725412369,,0.6991910934448242,,3.618802309036255,,,,,,,,,,,,,
5,,,,18839,,,,,,,,,,,,0.25,0.04987631365656853,,1.1124619245529175,,4.117121696472168,,,,,,,,,,,,,
5,,,,18859,,,,,,,,,,,,0.25,0.04424735903739929,,0.8720818758010864,,3.780428647994995,,,,,,,,,,,,,
5,,,,18879,,,,,,,,,,,,0.25,0.0747801885008812,,0.38382819294929504,,3.210582733154297,,,,,,,,,,,,,
5,,,,18899,,,,,,,,,,,,0.25,0.042418792843818665,,0.5118737816810608,,3.3258254528045654,,,,,,,,,,,,,
5,,,,18919,,,,,,,,,,,,0.25,0.050730153918266296,,1.1434904336929321,,3.9249014854431152,,,,,,,,,,,,,
5,,,,18939,,,,,,,,,,,,0.25,0.05047658830881119,,0.4014030694961548,,3.3542208671569824,,,,,,,,,,,,,
5,,,,18959,,,,,,,,,,,,0.25,0.06239214912056923,,0.3919113576412201,,3.3829331398010254,,,,,,,,,,,,,
5,,,,18979,,,,,,,,,,,,0.25,0.13728317618370056,,0.5161848068237305,,4.399989128112793,,,,,,,,,,,,,
5,,,,18999,,,,,,,,,,,,0.25,0.048867806792259216,,0.4274842143058777,,3.3755195140838623,,,,,,,,,,,,,
5,,,,19019,,,,,,,,,,,,0.25,0.051799967885017395,,0.9505854249000549,,3.8272602558135986,,,,,,,,,,,,,
5,,,,19039,,,,,,,,,,,,0.25,0.12987323105335236,,0.5434951186180115,,4.381422519683838,,,,,,,,,,,,,
5,,,,19059,,,,,,,,,,,,0.25,0.05432086065411568,,0.5977915525436401,,3.355988025665283,,,,,,,,,,,,,
5,,,,19079,,,,,,,,,,,,0.25,0.04172401875257492,,0.5676791071891785,,3.409471273422241,,,,,,,,,,,,,
5,,,,19099,,,,,,,,,,,,0.25,0.05620286613702774,,0.5323298573493958,,3.4012417793273926,,,,,,,,,,,,,
5,,,,19119,,,,,,,,,,,,0.25,0.08702127635478973,,0.9095654487609863,,4.267610549926758,,,,,,,,,,,,,
5,,,,19139,,,,,,,,,,,,0.25,0.053130537271499634,,1.1184049844741821,,4.184144020080566,,,,,,,,,,,,,
5,,,,19159,,,,,,,,,,,,0.25,0.13453219830989838,,0.5589767098426819,,4.505696773529053,,,,,,,,,,,,,
5,,,,19179,,,,,,,,,,,,0.25,0.07335187494754791,,0.45404335856437683,,3.385525703430176,,,,,,,,,,,,,
5,,,,19199,,,,,,,,,,,,0.25,0.040304843336343765,,0.8800053000450134,,3.7413153648376465,,,,,,,,,,,,,
5,,,,19219,,,,,,,,,,,,0.25,0.11300091445446014,,0.7075345516204834,,4.233977317810059,,,,,,,,,,,,,
5,,,,19239,,,,,,,,,,,,0.25,0.129879891872406,,0.7901986241340637,,4.250391483306885,,,,,,,,,,,,,
5,,,,19259,,,,,,,,,,,,0.25,0.04078672453761101,,1.0375727415084839,,4.089933395385742,,,,,,,,,,,,,
5,,,,19279,,,,,,,,,,,,0.25,0.1303701102733612,,0.5506559610366821,,4.328916549682617,,,,,,,,,,,,,
5,,,,19299,,,,,,,,,,,,0.25,0.04249011352658272,,1.1642675399780273,,4.104647636413574,,,,,,,,,,,,,
5,,,,19319,,,,,,,,,,,,0.25,0.04153139889240265,,1.0613538026809692,,3.961966037750244,,,,,,,,,,,,,
5,,,,19339,,,,,,,,,,,,0.25,0.05154683440923691,,0.5592496395111084,,3.628204822540283,,,,,,,,,,,,,
5,,,,19359,,,,,,,,,,,,0.25,0.036950625479221344,,1.0826042890548706,,3.9061121940612793,,,,,,,,,,,,,
5,,,,19379,,,,,,,,,,,,0.25,0.06863097846508026,,0.41160866618156433,,3.262932062149048,,,,,,,,,,,,,
5,,,,19399,,,,,,,,,,,,0.25,0.048899486660957336,,0.5692880749702454,,3.524777889251709,,,,,,,,,,,,,
5,,,,19419,,,,,,,,,,,,0.25,0.13534432649612427,,0.5364343523979187,,4.432978630065918,,,,,,,,,,,,,
5,,,,19439,,,,,,,,,,,,0.25,0.14310356974601746,,0.5923854112625122,,4.431607246398926,,,,,,,,,,,,,
5,,,,19459,,,,,,,,,,,,0.25,0.07398438453674316,,0.41282543540000916,,3.3262712955474854,,,,,,,,,,,,,
5,,,,19479,,,,,,,,,,,,0.25,0.04673448204994202,,1.2243698835372925,,3.9971683025360107,,,,,,,,,,,,,
5,,,,19499,,,,,,,,,,,,0.25,0.05171485245227814,,1.1822575330734253,,4.152533054351807,,,,,,,,,,,,,
5,,,,19519,,,,,,,,,,,,0.25,0.03642934933304787,,1.0571680068969727,,3.9083569049835205,,,,,,,,,,,,,
5,,,,19539,,,,,,,,,,,,0.25,0.13436852395534515,,0.646498441696167,,4.30342960357666,,,,,,,,,,,,,
5,,,,19559,,,,,,,,,,,,0.25,0.12443993985652924,,0.7839170098304749,,4.337953567504883,,,,,,,,,,,,,
5,,,,19579,,,,,,,,,,,,0.25,0.1471129059791565,,0.5125816464424133,,4.349686622619629,,,,,,,,,,,,,
5,,,,19599,,,,,,,,,,,,0.25,0.061629414558410645,,0.5892064571380615,,3.58272385597229,,,,,,,,,,,,,
5,,,,19619,,,,,,,,,,,,0.25,0.15497885644435883,,0.6800647974014282,,4.379161834716797,,,,,,,,,,,,,
5,,,,19639,,,,,,,,,,,,0.25,0.04054192453622818,,0.8093373775482178,,3.6394481658935547,,,,,,,,,,,,,
5,,,,19659,,,,,,,,,,,,0.25,0.0412764847278595,,0.6803121566772461,,3.6065800189971924,,,,,,,,,,,,,
5,,,,19679,,,,,,,,,,,,0.25,0.12372125685214996,,0.7785680890083313,,4.577821731567383,,,,,,,,,,,,,
5,,,,19699,,,,,,,,,,,,0.25,0.1336643546819687,,0.5837910771369934,,4.431790351867676,,,,,,,,,,,,,
5,,,,19719,,,,,,,,,,,,0.25,0.051051557064056396,,1.1025549173355103,,4.171093463897705,,,,,,,,,,,,,
5,,,,19739,,,,,,,,,,,,0.25,0.16565991938114166,,0.5166129469871521,,4.385101318359375,,,,,,,,,,,,,
5,,,,19759,,,,,,,,,,,,0.25,0.12040473520755768,,0.7380467057228088,,4.275386810302734,,,,,,,,,,,,,
5,,,,19779,,,,,,,,,,,,0.25,0.12384987622499466,,0.5154500603675842,,4.370480537414551,,,,,,,,,,,,,
5,,,,19799,,,,,,,,,,,,0.25,0.06246049702167511,,0.5450975894927979,,3.5726370811462402,,,,,,,,,,,,,
5,,,,19819,,,,,,,,,,,,0.25,0.08443453907966614,,0.5476893186569214,,3.50358247756958,,,,,,,,,,,,,
5,,,,19839,,,,,,,,,,,,0.25,0.0623534731566906,,1.1780457496643066,,4.141475677490234,,,,,,,,,,,,,
5,,,,19859,,,,,,,,,,,,0.25,0.13383203744888306,,0.8526483774185181,,4.383729934692383,,,,,,,,,,,,,
5,,,,19879,,,,,,,,,,,,0.25,0.04658806324005127,,1.1501896381378174,,4.080990791320801,,,,,,,,,,,,,
5,,,,19899,,,,,,,,,,,,0.25,0.0330689400434494,,1.0806816816329956,,3.9211654663085938,,,,,,,,,,,,,
5,,,,19919,,,,,,,,,,,,0.25,0.03383631259202957,,0.9537041187286377,,3.818678379058838,,,,,,,,,,,,,
5,,,,19939,,,,,,,,,,,,0.25,0.1369532197713852,,0.5540809631347656,,4.292598247528076,,,,,,,,,,,,,
5,,,,19959,,,,,,,,,,,,0.25,0.05665506422519684,,0.4450765550136566,,3.5821783542633057,,,,,,,,,,,,,
5,,,,19979,,,,,,,,,,,,0.25,0.06039770320057869,,0.4171196222305298,,3.403542995452881,,,,,,,,,,,,,
5,,,,19999,,,,,,,,,,,,0.25,0.039707526564598083,,0.7925509810447693,,3.759871482849121,,,,,,,,,,,,,
5,,,,20019,,,,,,,,,,,,0.25,0.04530426114797592,,0.59392249584198,,3.69364070892334,,,,,,,,,,,,,
5,,,,20039,,,,,,,,,,,,0.25,0.056978292763233185,,0.5655810832977295,,3.688399314880371,,,,,,,,,,,,,
5,,,,20059,,,,,,,,,,,,0.25,0.04057231545448303,,1.062860131263733,,3.9582715034484863,,,,,,,,,,,,,
5,,,,20079,,,,,,,,,,,,0.25,0.08116468787193298,,0.9531139731407166,,4.223796367645264,,,,,,,,,,,,,
5,,,,20099,,,,,,,,,,,,0.25,0.06707935780286789,,0.5529757142066956,,3.655895948410034,,,,,,,,,,,,,
5,,,,20119,,,,,,,,,,,,0.25,0.050868406891822815,,1.154621958732605,,4.0812530517578125,,,,,,,,,,,,,
5,,,,20139,,,,,,,,,,,,0.25,0.12753598392009735,,0.6845216155052185,,4.473812580108643,,,,,,,,,,,,,
5,,,,20159,,,,,,,,,,,,0.25,0.0921306163072586,,0.7703183889389038,,4.4451904296875,,,,,,,,,,,,,
5,,,,20179,,,,,,,,,,,,0.25,0.0622650571167469,,0.39924725890159607,,3.206622362136841,,,,,,,,,,,,,
5,,,,20199,,,,,,,,,,,,0.25,0.06397255510091782,,0.521763265132904,,3.3637783527374268,,,,,,,,,,,,,
5,,,,20219,,,,,,,,,,,,0.25,0.06954474747180939,,1.022264838218689,,4.161415100097656,,,,,,,,,,,,,
5,,,,20239,,,,,,,,,,,,0.25,0.03457573801279068,,0.7169217467308044,,3.6745493412017822,,,,,,,,,,,,,
5,,,,20259,,,,,,,,,,,,0.25,0.03421143442392349,,0.8399884700775146,,3.755156993865967,,,,,,,,,,,,,
5,,,,20279,,,,,,,,,,,,0.25,0.1454179733991623,,0.5831448435783386,,4.331596374511719,,,,,,,,,,,,,
5,,,,20299,,,,,,,,,,,,0.25,0.05711306631565094,,0.4726584851741791,,3.375361919403076,,,,,,,,,,,,,
5,,,,20319,,,,,,,,,,,,0.25,0.14964865148067474,,0.5487210154533386,,4.246337890625,,,,,,,,,,,,,
5,,,,20339,,,,,,,,,,,,0.25,0.14158615469932556,,0.515133261680603,,4.257312297821045,,,,,,,,,,,,,
5,,,,20359,,,,,,,,,,,,0.25,0.07600456476211548,,1.0499311685562134,,4.15165901184082,,,,,,,,,,,,,
5,,,,20379,,,,,,,,,,,,0.25,0.09073309600353241,,0.7692697048187256,,4.281805038452148,,,,,,,,,,,,,
5,,,,20399,,,,,,,,,,,,0.25,0.13720813393592834,,0.5444563031196594,,4.346186637878418,,,,,,,,,,,,,
5,,,,20419,,,,,,,,,,,,0.25,0.11130911111831665,,0.6792510747909546,,4.26662540435791,,,,,,,,,,,,,
5,,,,20439,,,,,,,,,,,,0.25,0.10708776861429214,,0.7876582145690918,,4.325084686279297,,,,,,,,,,,,,
5,,,,20459,,,,,,,,,,,,0.25,0.04122263193130493,,0.9224281907081604,,3.8402931690216064,,,,,,,,,,,,,
5,,,,20479,,,,,,,,,,,,0.25,0.04829604923725128,,1.1727819442749023,,4.081552505493164,,,,,,,,,,,,,
5,,,,20499,,,,,,,,,,,,0.25,0.13157393038272858,,0.5622828006744385,,4.528261661529541,,,,,,,,,,,,,
5,,,,20519,,,,,,,,,,,,0.25,0.07443664968013763,,0.39771437644958496,,3.2612714767456055,,,,,,,,,,,,,
5,,,,20539,,,,,,,,,,,,0.25,0.07059083878993988,,0.43933868408203125,,3.324294090270996,,,,,,,,,,,,,
5,,,,20559,,,,,,,,,,,,0.25,0.04897350072860718,,1.1484414339065552,,4.122583866119385,,,,,,,,,,,,,
5,,,,20579,,,,,,,,,,,,0.25,0.13688552379608154,,0.5502229928970337,,4.540750503540039,,,,,,,,,,,,,
5,,,,20599,,,,,,,,,,,,0.25,0.08228575438261032,,0.8984734416007996,,4.3599138259887695,,,,,,,,,,,,,
5,,,,20619,,,,,,,,,,,,0.25,0.03821514919400215,,0.7291398644447327,,3.6321234703063965,,,,,,,,,,,,,
5,,,,20639,,,,,,,,,,,,0.25,0.14110241830348969,,0.6148449778556824,,4.5815110206604,,,,,,,,,,,,,
5,,,,20659,,,,,,,,,,,,0.25,0.13622203469276428,,0.5571622252464294,,4.387715816497803,,,,,,,,,,,,,
5,,,,20679,,,,,,,,,,,,0.25,0.14930084347724915,,0.5916959047317505,,4.412670612335205,,,,,,,,,,,,,
5,,,,20699,,,,,,,,,,,,0.25,0.15142689645290375,,0.5118392109870911,,4.35272216796875,,,,,,,,,,,,,
5,,,,20719,,,,,,,,,,,,0.25,0.07007801532745361,,0.5163768529891968,,3.5126962661743164,,,,,,,,,,,,,
5,,,,20739,,,,,,,,,,,,0.25,0.05631469190120697,,0.3652080297470093,,3.173766851425171,,,,,,,,,,,,,
5,,,,20759,,,,,,,,,,,,0.25,0.030814990401268005,,1.1239144802093506,,3.9707446098327637,,,,,,,,,,,,,
5,,,,20779,,,,,,,,,,,,0.25,0.03854849562048912,,1.1934139728546143,,4.100490093231201,,,,,,,,,,,,,
5,,,,20799,,,,,,,,,,,,0.25,0.054002031683921814,,0.4553108811378479,,3.5253615379333496,,,,,,,,,,,,,
5,,,,20819,,,,,,,,,,,,0.25,0.15785783529281616,,0.5442287921905518,,4.4086785316467285,,,,,,,,,,,,,
5,,,,20839,,,,,,,,,,,,0.25,0.05061782896518707,,0.5806576609611511,,3.654522180557251,,,,,,,,,,,,,
5,,,,20859,,,,,,,,,,,,0.25,0.14745941758155823,,0.5253705978393555,,4.4646220207214355,,,,,,,,,,,,,
5,,,,20879,,,,,,,,,,,,0.25,0.05769355595111847,,1.0481806993484497,,4.121668815612793,,,,,,,,,,,,,
5,,,,20891,,,,,,,,,,,,,,,,,,0.7324825525283813,0.9068466424942017,0.71133953332901,0.7080131769180298,0.4256095886230469,0.7046867609024048,0.6370657682418823,0.7329169511795044,0.7161991000175476,0.7699964642524719,0.8459184169769287,0.4866330027580261,0.7324825525283813
5,,,,20891,,,,,,,,,0.5440152287483215,0.08087973296642303,0.25,,,0.7451592087745667,,3.962214946746826,,,,,,,,,,,,,,
,0.0002997553655889203,0.0002997553655889203,2.997553655889203e-05,20892,,,,,,,,,,,,,,,,,,,,,,,,,,,,,,
6,,,,20899,,,,,,,,,,,,0.3112296760082245,0.053999438881874084,,1.138454556465149,,4.092525005340576,,,,,,,,,,,,,
6,,,,20919,,,,,,,,,,,,0.3112296760082245,0.05585093051195145,,1.0189648866653442,,4.158442974090576,,,,,,,,,,,,,
6,,,,20939,,,,,,,,,,,,0.3112296760082245,0.14425209164619446,,0.5599298477172852,,4.511735916137695,,,,,,,,,,,,,
6,,,,20959,,,,,,,,,,,,0.3112296760082245,0.051848847419023514,,1.2128441333770752,,4.114408016204834,,,,,,,,,,,,,
6,,,,20979,,,,,,,,,,,,0.3112296760082245,0.055950827896595,,0.4042184352874756,,3.470903158187866,,,,,,,,,,,,,
6,,,,20999,,,,,,,,,,,,0.3112296760082245,0.06561192870140076,,0.4477199614048004,,3.4172964096069336,,,,,,,,,,,,,
6,,,,21019,,,,,,,,,,,,0.3112296760082245,0.041672974824905396,,1.3245857954025269,,4.097896575927734,,,,,,,,,,,,,
6,,,,21039,,,,,,,,,,,,0.3112296760082245,0.06367185711860657,,0.5798978209495544,,3.4891936779022217,,,,,,,,,,,,,
6,,,,21059,,,,,,,,,,,,0.3112296760082245,0.05749284103512764,,0.38672858476638794,,3.327209711074829,,,,,,,,,,,,,
6,,,,21079,,,,,,,,,,,,0.3112296760082245,0.14329403638839722,,0.5842981338500977,,4.32715368270874,,,,,,,,,,,,,
6,,,,21099,,,,,,,,,,,,0.3112296760082245,0.042338624596595764,,1.102042555809021,,3.9566338062286377,,,,,,,,,,,,,
6,,,,21119,,,,,,,,,,,,0.3112296760082245,0.11908392608165741,,0.5589407086372375,,4.407383918762207,,,,,,,,,,,,,
6,,,,21139,,,,,,,,,,,,0.3112296760082245,0.14339354634284973,,0.5145527124404907,,4.2674560546875,,,,,,,,,,,,,
6,,,,21159,,,,,,,,,,,,0.3112296760082245,0.07470379024744034,,0.9876571893692017,,4.199815273284912,,,,,,,,,,,,,
6,,,,21179,,,,,,,,,,,,0.3112296760082245,0.0354725643992424,,0.9636917114257812,,3.809335470199585,,,,,,,,,,,,,
6,,,,21199,,,,,,,,,,,,0.3112296760082245,0.06843824684619904,,0.4684082269668579,,3.3633651733398438,,,,,,,,,,,,,
6,,,,21219,,,,,,,,,,,,0.3112296760082245,0.06468717753887177,,0.37647339701652527,,3.1972014904022217,,,,,,,,,,,,,
6,,,,21239,,,,,,,,,,,,0.3112296760082245,0.06250672787427902,,0.5886284708976746,,3.3224215507507324,,,,,,,,,,,,,
6,,,,21259,,,,,,,,,,,,0.3112296760082245,0.04764757305383682,,1.2055537700653076,,4.029691696166992,,,,,,,,,,,,,
6,,,,21279,,,,,,,,,,,,0.3112296760082245,0.13899558782577515,,0.5347408056259155,,4.322929859161377,,,,,,,,,,,,,
6,,,,21299,,,,,,,,,,,,0.3112296760082245,0.06117325276136398,,0.4485527276992798,,3.487821578979492,,,,,,,,,,,,,
6,,,,21319,,,,,,,,,,,,0.3112296760082245,0.1151377484202385,,0.8069746494293213,,4.320089340209961,,,,,,,,,,,,,
6,,,,21339,,,,,,,,,,,,0.3112296760082245,0.053762905299663544,,0.375550776720047,,3.253676414489746,,,,,,,,,,,,,
6,,,,21359,,,,,,,,,,,,0.3112296760082245,0.13555976748466492,,0.5242947340011597,,4.459484100341797,,,,,,,,,,,,,
6,,,,21379,,,,,,,,,,,,0.3112296760082245,0.04134067893028259,,1.1007698774337769,,3.948373794555664,,,,,,,,,,,,,
6,,,,21399,,,,,,,,,,,,0.3112296760082245,0.04882029816508293,,0.6772278547286987,,3.4351837635040283,,,,,,,,,,,,,
6,,,,21419,,,,,,,,,,,,0.3112296760082245,0.041928328573703766,,0.9961385726928711,,3.802213191986084,,,,,,,,,,,,,
6,,,,21439,,,,,,,,,,,,0.3112296760082245,0.1243693083524704,,0.5386803150177002,,4.5173139572143555,,,,,,,,,,,,,
6,,,,21459,,,,,,,,,,,,0.3112296760082245,0.0517958328127861,,1.2492220401763916,,4.117561340332031,,,,,,,,,,,,,
6,,,,21479,,,,,,,,,,,,0.3112296760082245,0.03967543691396713,,0.7566822171211243,,3.71994686126709,,,,,,,,,,,,,
6,,,,21499,,,,,,,,,,,,0.3112296760082245,0.07081328332424164,,1.0215542316436768,,4.252124309539795,,,,,,,,,,,,,
6,,,,21519,,,,,,,,,,,,0.3112296760082245,0.059131160378456116,,0.618901252746582,,3.495480537414551,,,,,,,,,,,,,
6,,,,21539,,,,,,,,,,,,0.3112296760082245,0.03873324394226074,,1.0346916913986206,,3.8549351692199707,,,,,,,,,,,,,
6,,,,21559,,,,,,,,,,,,0.3112296760082245,0.05980774015188217,,0.419694185256958,,3.301227331161499,,,,,,,,,,,,,
6,,,,21579,,,,,,,,,,,,0.3112296760082245,0.03339172527194023,,0.9222648739814758,,3.621596336364746,,,,,,,,,,,,,
6,,,,21599,,,,,,,,,,,,0.3112296760082245,0.13361936807632446,,0.5957769751548767,,4.460234642028809,,,,,,,,,,,,,
6,,,,21619,,,,,,,,,,,,0.3112296760082245,0.061320021748542786,,0.42540550231933594,,3.3782360553741455,,,,,,,,,,,,,
6,,,,21639,,,,,,,,,,,,0.3112296760082245,0.06455694139003754,,0.47876229882240295,,3.4674248695373535,,,,,,,,,,,,,
6,,,,21659,,,,,,,,,,,,0.3112296760082245,0.04790773242712021,,0.6815721392631531,,3.5343503952026367,,,,,,,,,,,,,
6,,,,21679,,,,,,,,,,,,0.3112296760082245,0.05147334188222885,,0.5718601942062378,,3.4625635147094727,,,,,,,,,,,,,
6,,,,21699,,,,,,,,,,,,0.3112296760082245,0.03211144730448723,,0.9570934772491455,,3.7937450408935547,,,,,,,,,,,,,
6,,,,21719,,,,,,,,,,,,0.3112296760082245,0.04119477421045303,,0.6413382291793823,,3.5029683113098145,,,,,,,,,,,,,
6,,,,21739,,,,,,,,,,,,0.3112296760082245,0.14849629998207092,,0.5750150084495544,,4.764220237731934,,,,,,,,,,,,,
6,,,,21759,,,,,,,,,,,,0.3112296760082245,0.08545780926942825,,1.058755874633789,,4.248241901397705,,,,,,,,,,,,,
6,,,,21779,,,,,,,,,,,,0.3112296760082245,0.07565706968307495,,0.4064255654811859,,3.317084312438965,,,,,,,,,,,,,
6,,,,21799,,,,,,,,,,,,0.3112296760082245,0.05881251022219658,,0.39788979291915894,,3.384237289428711,,,,,,,,,,,,,
6,,,,21819,,,,,,,,,,,,0.3112296760082245,0.04464292898774147,,0.6264190673828125,,3.530604124069214,,,,,,,,,,,,,
6,,,,21839,,,,,,,,,,,,0.3112296760082245,0.11829626560211182,,0.7064440250396729,,4.340681552886963,,,,,,,,,,,,,
6,,,,21859,,,,,,,,,,,,0.3112296760082245,0.047454606741666794,,1.092756748199463,,3.990490436553955,,,,,,,,,,,,,
6,,,,21879,,,,,,,,,,,,0.3112296760082245,0.0803755521774292,,0.8940019011497498,,4.212069511413574,,,,,,,,,,,,,
6,,,,21899,,,,,,,,,,,,0.3112296760082245,0.03896218538284302,,1.0625624656677246,,3.8944482803344727,,,,,,,,,,,,,
6,,,,21919,,,,,,,,,,,,0.3112296760082245,0.03901282697916031,,1.214888095855713,,4.073159694671631,,,,,,,,,,,,,
6,,,,21939,,,,,,,,,,,,0.3112296760082245,0.03189675509929657,,1.2217203378677368,,4.013800144195557,,,,,,,,,,,,,
6,,,,21959,,,,,,,,,,,,0.3112296760082245,0.03536708652973175,,1.1625018119812012,,4.029471397399902,,,,,,,,,,,,,
6,,,,21979,,,,,,,,,,,,0.3112296760082245,0.04134731367230415,,1.1224669218063354,,4.178728103637695,,,,,,,,,,,,,
6,,,,21999,,,,,,,,,,,,0.3112296760082245,0.07673598825931549,,0.402145117521286,,3.314770221710205,,,,,,,,,,,,,
6,,,,22019,,,,,,,,,,,,0.3112296760082245,0.033761896193027496,,1.1887303590774536,,3.9377241134643555,,,,,,,,,,,,,
6,,,,22039,,,,,,,,,,,,0.3112296760082245,0.06307648867368698,,0.4019010066986084,,3.2496676445007324,,,,,,,,,,,,,
6,,,,22059,,,,,,,,,,,,0.3112296760082245,0.045760199427604675,,1.1869920492172241,,4.093930244445801,,,,,,,,,,,,,
6,,,,22079,,,,,,,,,,,,0.3112296760082245,0.13897907733917236,,0.544900119304657,,4.405682563781738,,,,,,,,,,,,,
6,,,,22099,,,,,,,,,,,,0.3112296760082245,0.1471027433872223,,0.5836421251296997,,4.792340278625488,,,,,,,,,,,,,
6,,,,22119,,,,,,,,,,,,0.3112296760082245,0.04976378381252289,,1.1687793731689453,,4.167759895324707,,,,,,,,,,,,,
6,,,,22139,,,,,,,,,,,,0.3112296760082245,0.1428319811820984,,0.5488168597221375,,4.357771873474121,,,,,,,,,,,,,
6,,,,22159,,,,,,,,,,,,0.3112296760082245,0.059663381427526474,,0.398294061422348,,3.381836175918579,,,,,,,,,,,,,
6,,,,22179,,,,,,,,,,,,0.3112296760082245,0.05206605792045593,,0.44975167512893677,,3.372079372406006,,,,,,,,,,,,,
6,,,,22199,,,,,,,,,,,,0.3112296760082245,0.10375720262527466,,0.8872808814048767,,4.469810962677002,,,,,,,,,,,,,
6,,,,22219,,,,,,,,,,,,0.3112296760082245,0.02529243752360344,,0.8571082353591919,,3.595149040222168,,,,,,,,,,,,,
6,,,,22239,,,,,,,,,,,,0.3112296760082245,0.1510753035545349,,0.549527645111084,,4.445765495300293,,,,,,,,,,,,,
6,,,,22259,,,,,,,,,,,,0.3112296760082245,0.10952284932136536,,0.6985493302345276,,4.364666938781738,,,,,,,,,,,,,
6,,,,22279,,,,,,,,,,,,0.3112296760082245,0.11842864751815796,,0.5721494555473328,,4.327820301055908,,,,,,,,,,,,,
6,,,,22299,,,,,,,,,,,,0.3112296760082245,0.07536870241165161,,1.4908738136291504,,4.024026393890381,,,,,,,,,,,,,
6,,,,22319,,,,,,,,,,,,0.3112296760082245,0.09596794843673706,,0.8819385766983032,,4.3027777671813965,,,,,,,,,,,,,
6,,,,22339,,,,,,,,,,,,0.3112296760082245,0.033297136425971985,,1.115858793258667,,4.0873188972473145,,,,,,,,,,,,,
6,,,,22359,,,,,,,,,,,,0.3112296760082245,0.07539317011833191,,0.8598012924194336,,4.206748008728027,,,,,,,,,,,,,
6,,,,22379,,,,,,,,,,,,0.3112296760082245,0.13993237912654877,,0.6589345932006836,,4.3604021072387695,,,,,,,,,,,,,
6,,,,22399,,,,,,,,,,,,0.3112296760082245,0.03404456004500389,,1.037245750427246,,3.888481616973877,,,,,,,,,,,,,
6,,,,22419,,,,,,,,,,,,0.3112296760082245,0.1492002308368683,,0.5520765781402588,,4.3736467361450195,,,,,,,,,,,,,
6,,,,22439,,,,,,,,,,,,0.3112296760082245,0.07255512475967407,,0.4079698622226715,,3.3390493392944336,,,,,,,,,,,,,
6,,,,22459,,,,,,,,,,,,0.3112296760082245,0.06000174209475517,,0.5432680249214172,,3.539724111557007,,,,,,,,,,,,,
6,,,,22479,,,,,,,,,,,,0.3112296760082245,0.029183220118284225,,1.064963698387146,,3.8938868045806885,,,,,,,,,,,,,
6,,,,22499,,,,,,,,,,,,0.3112296760082245,0.055562857538461685,,0.6390510201454163,,3.591900587081909,,,,,,,,,,,,,
6,,,,22519,,,,,,,,,,,,0.3112296760082245,0.032579176127910614,,1.0450358390808105,,4.047183036804199,,,,,,,,,,,,,
6,,,,22539,,,,,,,,,,,,0.3112296760082245,0.06615091115236282,,0.391435831785202,,3.271603584289551,,,,,,,,,,,,,
6,,,,22559,,,,,,,,,,,,0.3112296760082245,0.06959480047225952,,0.4703640639781952,,3.587157964706421,,,,,,,,,,,,,
6,,,,22579,,,,,,,,,,,,0.3112296760082245,0.16077688336372375,,0.6133165955543518,,4.47326135635376,,,,,,,,,,,,,
6,,,,22599,,,,,,,,,,,,0.3112296760082245,0.07107658684253693,,0.43218857049942017,,3.410346508026123,,,,,,,,,,,,,
6,,,,22619,,,,,,,,,,,,0.3112296760082245,0.03283201903104782,,0.7347316145896912,,3.7009427547454834,,,,,,,,,,,,,
6,,,,22639,,,,,,,,,,,,0.3112296760082245,0.06196097284555435,,0.4139005243778229,,3.416201591491699,,,,,,,,,,,,,
6,,,,22659,,,,,,,,,,,,0.3112296760082245,0.05717719718813896,,0.999257504940033,,4.221960067749023,,,,,,,,,,,,,
6,,,,22679,,,,,,,,,,,,0.3112296760082245,0.03261750191450119,,0.9830931425094604,,3.854167938232422,,,,,,,,,,,,,
6,,,,22699,,,,,,,,,,,,0.3112296760082245,0.04642247408628464,,0.5244553685188293,,3.6461987495422363,,,,,,,,,,,,,
6,,,,22719,,,,,,,,,,,,0.3112296760082245,0.1358007788658142,,0.5603744387626648,,4.359246253967285,,,,,,,,,,,,,
6,,,,22739,,,,,,,,,,,,0.3112296760082245,0.0647842064499855,,0.439376562833786,,3.3854527473449707,,,,,,,,,,,,,
6,,,,22759,,,,,,,,,,,,0.3112296760082245,0.06413113325834274,,0.5491181015968323,,3.5356316566467285,,,,,,,,,,,,,
6,,,,22779,,,,,,,,,,,,0.3112296760082245,0.03402293100953102,,1.1682535409927368,,3.983396053314209,,,,,,,,,,,,,
6,,,,22799,,,,,,,,,,,,0.3112296760082245,0.14894770085811615,,0.5383555889129639,,4.400830268859863,,,,,,,,,,,,,
6,,,,22819,,,,,,,,,,,,0.3112296760082245,0.06040486320853233,,0.4190661311149597,,3.290705442428589,,,,,,,,,,,,,
6,,,,22839,,,,,,,,,,,,0.3112296760082245,0.14873723685741425,,0.5475655794143677,,4.493586540222168,,,,,,,,,,,,,
6,,,,22859,,,,,,,,,,,,0.3112296760082245,0.06592372804880142,,0.41344407200813293,,3.110921859741211,,,,,,,,,,,,,
6,,,,22879,,,,,,,,,,,,0.3112296760082245,0.15284372866153717,,0.5362651348114014,,4.416921615600586,,,,,,,,,,,,,
6,,,,22899,,,,,,,,,,,,0.3112296760082245,0.11611396074295044,,0.7580748200416565,,4.311603546142578,,,,,,,,,,,,,
6,,,,22919,,,,,,,,,,,,0.3112296760082245,0.12259030342102051,,0.7724543213844299,,4.229454517364502,,,,,,,,,,,,,
6,,,,22939,,,,,,,,,,,,0.3112296760082245,0.09035781025886536,,0.7718127369880676,,4.274280071258545,,,,,,,,,,,,,
6,,,,22959,,,,,,,,,,,,0.3112296760082245,0.06033500283956528,,0.5347461700439453,,3.435960292816162,,,,,,,,,,,,,
6,,,,22979,,,,,,,,,,,,0.3112296760082245,0.05085020884871483,,1.0147162675857544,,4.1793365478515625,,,,,,,,,,,,,
6,,,,22999,,,,,,,,,,,,0.3112296760082245,0.08099555224180222,,0.4785338044166565,,3.462617874145508,,,,,,,,,,,,,
6,,,,23019,,,,,,,,,,,,0.3112296760082245,0.14706037938594818,,0.6061004400253296,,4.353668689727783,,,,,,,,,,,,,
6,,,,23039,,,,,,,,,,,,0.3112296760082245,0.0538950152695179,,1.0163100957870483,,4.160658836364746,,,,,,,,,,,,,
6,,,,23059,,,,,,,,,,,,0.3112296760082245,0.14662490785121918,,0.5297082662582397,,4.411107063293457,,,,,,,,,,,,,
6,,,,23079,,,,,,,,,,,,0.3112296760082245,0.06096100062131882,,0.40570876002311707,,3.263047218322754,,,,,,,,,,,,,
6,,,,23099,,,,,,,,,,,,0.3112296760082245,0.04836055263876915,,1.1430126428604126,,4.088526725769043,,,,,,,,,,,,,
6,,,,23119,,,,,,,,,,,,0.3112296760082245,0.12013145536184311,,0.6160762310028076,,4.508255958557129,,,,,,,,,,,,,
6,,,,23139,,,,,,,,,,,,0.3112296760082245,0.027895286679267883,,1.2048017978668213,,4.060977458953857,,,,,,,,,,,,,
6,,,,23159,,,,,,,,,,,,0.3112296760082245,0.07913877815008163,,0.3991028368473053,,3.288696527481079,,,,,,,,,,,,,
6,,,,23179,,,,,,,,,,,,0.3112296760082245,0.04754725471138954,,0.4509042799472809,,3.424402952194214,,,,,,,,,,,,,
6,,,,23199,,,,,,,,,,,,0.3112296760082245,0.13670888543128967,,0.6045656800270081,,4.35267972946167,,,,,,,,,,,,,
6,,,,23219,,,,,,,,,,,,0.3112296760082245,0.12149089574813843,,0.655268132686615,,4.3037109375,,,,,,,,,,,,,
6,,,,23239,,,,,,,,,,,,0.3112296760082245,0.1427929401397705,,0.535132646560669,,4.436287879943848,,,,,,,,,,,,,
6,,,,23259,,,,,,,,,,,,0.3112296760082245,0.047299303114414215,,1.2334884405136108,,4.016294479370117,,,,,,,,,,,,,
6,,,,23279,,,,,,,,,,,,0.3112296760082245,0.10620036721229553,,0.7798312902450562,,4.275523662567139,,,,,,,,,,,,,
6,,,,23299,,,,,,,,,,,,0.3112296760082245,0.035931672900915146,,1.1998827457427979,,4.031913757324219,,,,,,,,,,,,,
6,,,,23319,,,,,,,,,,,,0.3112296760082245,0.1481730043888092,,0.5534352660179138,,4.418212890625,,,,,,,,,,,,,
6,,,,23339,,,,,,,,,,,,0.3112296760082245,0.02598486840724945,,0.941997230052948,,3.910346031188965,,,,,,,,,,,,,
6,,,,23359,,,,,,,,,,,,0.3112296760082245,0.1346958577632904,,0.5318129062652588,,4.484510898590088,,,,,,,,,,,,,
6,,,,23379,,,,,,,,,,,,0.3112296760082245,0.0728091150522232,,0.5308129787445068,,3.5364830493927,,,,,,,,,,,,,
6,,,,23399,,,,,,,,,,,,0.3112296760082245,0.0800047367811203,,0.9315457344055176,,4.259370803833008,,,,,,,,,,,,,
6,,,,23419,,,,,,,,,,,,0.3112296760082245,0.11477477848529816,,0.6327871680259705,,4.403657913208008,,,,,,,,,,,,,
6,,,,23439,,,,,,,,,,,,0.3112296760082245,0.03383050858974457,,0.8101123571395874,,3.7275021076202393,,,,,,,,,,,,,
6,,,,23459,,,,,,,,,,,,0.3112296760082245,0.06276914477348328,,1.1116191148757935,,4.240748882293701,,,,,,,,,,,,,
6,,,,23479,,,,,,,,,,,,0.3112296760082245,0.03108781762421131,,1.1201815605163574,,4.070127487182617,,,,,,,,,,,,,
6,,,,23499,,,,,,,,,,,,0.3112296760082245,0.09462343156337738,,0.8157515525817871,,4.394226551055908,,,,,,,,,,,,,
6,,,,23519,,,,,,,,,,,,0.3112296760082245,0.08404915034770966,,0.8406232595443726,,4.418990612030029,,,,,,,,,,,,,
6,,,,23539,,,,,,,,,,,,0.3112296760082245,0.1387387067079544,,0.6045300960540771,,4.472695350646973,,,,,,,,,,,,,
6,,,,23559,,,,,,,,,,,,0.3112296760082245,0.06779786944389343,,0.5318267941474915,,3.3988146781921387,,,,,,,,,,,,,
6,,,,23579,,,,,,,,,,,,0.3112296760082245,0.11237549036741257,,0.6052046418190002,,4.367382049560547,,,,,,,,,,,,,
6,,,,23599,,,,,,,,,,,,0.3112296760082245,0.12046881020069122,,0.5590742826461792,,4.4168243408203125,,,,,,,,,,,,,
6,,,,23619,,,,,,,,,,,,0.3112296760082245,0.04533473029732704,,0.47866904735565186,,3.40250825881958,,,,,,,,,,,,,
6,,,,23639,,,,,,,,,,,,0.3112296760082245,0.040886975824832916,,0.7989804744720459,,3.6483469009399414,,,,,,,,,,,,,
6,,,,23659,,,,,,,,,,,,0.3112296760082245,0.13910552859306335,,0.5306234359741211,,4.38049840927124,,,,,,,,,,,,,
6,,,,23679,,,,,,,,,,,,0.3112296760082245,0.1304718255996704,,0.5478775501251221,,4.390434265136719,,,,,,,,,,,,,
6,,,,23699,,,,,,,,,,,,0.3112296760082245,0.12678897380828857,,0.6619680523872375,,4.361319065093994,,,,,,,,,,,,,
6,,,,23719,,,,,,,,,,,,0.3112296760082245,0.10782811045646667,,0.7214521765708923,,4.241569519042969,,,,,,,,,,,,,
6,,,,23739,,,,,,,,,,,,0.3112296760082245,0.05915851518511772,,0.9348872900009155,,4.182563304901123,,,,,,,,,,,,,
6,,,,23759,,,,,,,,,,,,0.3112296760082245,0.05731676146388054,,0.45355740189552307,,3.3795714378356934,,,,,,,,,,,,,
6,,,,23779,,,,,,,,,,,,0.3112296760082245,0.06350986659526825,,0.9626747965812683,,4.182107448577881,,,,,,,,,,,,,
6,,,,23799,,,,,,,,,,,,0.3112296760082245,0.04935690015554428,,0.49893635511398315,,3.564985752105713,,,,,,,,,,,,,
6,,,,23819,,,,,,,,,,,,0.3112296760082245,0.06334663927555084,,0.4478420615196228,,3.33052921295166,,,,,,,,,,,,,
6,,,,23839,,,,,,,,,,,,0.3112296760082245,0.06630192697048187,,0.3860791325569153,,3.214766263961792,,,,,,,,,,,,,
6,,,,23859,,,,,,,,,,,,0.3112296760082245,0.1470770388841629,,0.5443252921104431,,4.379825592041016,,,,,,,,,,,,,
6,,,,23879,,,,,,,,,,,,0.3112296760082245,0.03837627172470093,,0.8820076584815979,,3.8465402126312256,,,,,,,,,,,,,
6,,,,23899,,,,,,,,,,,,0.3112296760082245,0.14177024364471436,,0.5779576897621155,,4.377860069274902,,,,,,,,,,,,,
6,,,,23919,,,,,,,,,,,,0.3112296760082245,0.07021583616733551,,0.42688700556755066,,3.336963176727295,,,,,,,,,,,,,
6,,,,23939,,,,,,,,,,,,0.3112296760082245,0.12392927706241608,,0.5655054450035095,,4.450328826904297,,,,,,,,,,,,,
6,,,,23959,,,,,,,,,,,,0.3112296760082245,0.05840732902288437,,0.5064393281936646,,3.2698678970336914,,,,,,,,,,,,,
6,,,,23979,,,,,,,,,,,,0.3112296760082245,0.13470688462257385,,0.5241605043411255,,4.433382034301758,,,,,,,,,,,,,
6,,,,23999,,,,,,,,,,,,0.3112296760082245,0.08514469116926193,,0.8598870635032654,,4.265510559082031,,,,,,,,,,,,,
6,,,,24019,,,,,,,,,,,,0.3112296760082245,0.05514626204967499,,0.4333606958389282,,3.3837757110595703,,,,,,,,,,,,,
6,,,,24039,,,,,,,,,,,,0.3112296760082245,0.05418480187654495,,0.5702604055404663,,3.3927927017211914,,,,,,,,,,,,,
6,,,,24059,,,,,,,,,,,,0.3112296760082245,0.027895353734493256,,1.031723141670227,,3.9909846782684326,,,,,,,,,,,,,
6,,,,24079,,,,,,,,,,,,0.3112296760082245,0.10833871364593506,,0.7611576318740845,,4.2820844650268555,,,,,,,,,,,,,
6,,,,24099,,,,,,,,,,,,0.3112296760082245,0.07984781265258789,,0.7242985963821411,,4.283638000488281,,,,,,,,,,,,,
6,,,,24119,,,,,,,,,,,,0.3112296760082245,0.056157536804676056,,0.5890082120895386,,3.4651668071746826,,,,,,,,,,,,,
6,,,,24139,,,,,,,,,,,,0.3112296760082245,0.1377696841955185,,0.5288801193237305,,4.397699356079102,,,,,,,,,,,,,
6,,,,24159,,,,,,,,,,,,0.3112296760082245,0.046260204166173935,,1.0839751958847046,,4.140934944152832,,,,,,,,,,,,,
6,,,,24179,,,,,,,,,,,,0.3112296760082245,0.04793708026409149,,1.2225840091705322,,4.121991157531738,,,,,,,,,,,,,
6,,,,24199,,,,,,,,,,,,0.3112296760082245,0.03643886372447014,,0.7695952653884888,,3.617584705352783,,,,,,,,,,,,,
6,,,,24219,,,,,,,,,,,,0.3112296760082245,0.09095609188079834,,0.7466456890106201,,4.308174133300781,,,,,,,,,,,,,
6,,,,24239,,,,,,,,,,,,0.3112296760082245,0.11549192667007446,,0.5679649114608765,,4.439570903778076,,,,,,,,,,,,,
6,,,,24259,,,,,,,,,,,,0.3112296760082245,0.09916910529136658,,0.6768286824226379,,4.323361396789551,,,,,,,,,,,,,
6,,,,24279,,,,,,,,,,,,0.3112296760082245,0.1356915682554245,,0.5752204656600952,,4.311898231506348,,,,,,,,,,,,,
6,,,,24299,,,,,,,,,,,,0.3112296760082245,0.04863867908716202,,0.5232599377632141,,3.4921984672546387,,,,,,,,,,,,,
6,,,,24319,,,,,,,,,,,,0.3112296760082245,0.06262719631195068,,0.4050494432449341,,3.2651875019073486,,,,,,,,,,,,,
6,,,,24339,,,,,,,,,,,,0.3112296760082245,0.1135728731751442,,0.8584996461868286,,4.354367733001709,,,,,,,,,,,,,
6,,,,24359,,,,,,,,,,,,0.3112296760082245,0.13113929331302643,,0.6462076902389526,,4.41420841217041,,,,,,,,,,,,,
6,,,,24373,,,,,,,,,,,,,,,,,,0.6817480325698853,0.8919739127159119,0.6351360082626343,0.6478205323219299,0.49336978793144226,0.6605050563812256,0.5512322783470154,0.649787187576294,0.686007559299469,0.7447956800460815,0.8815517425537109,0.3296654224395752,0.6817480325698853
6,,,,24373,,,,,,,,,0.5513665080070496,0.0757448747754097,0.3112245500087738,,,0.7326526045799255,,3.9469592571258545,,,,,,,,,,,,,,
,0.00029902226030228247,0.00029902226030228247,2.990222603022825e-05,24374,,,,,,,,,,,,,,,,,,,,,,,,,,,,,,
7,,,,24379,,,,,,,,,,,,0.36552929878234863,0.05549786984920502,,0.41590768098831177,,3.261897087097168,,,,,,,,,,,,,
7,,,,24399,,,,,,,,,,,,0.36552929878234863,0.11344855278730392,,0.5625185966491699,,4.415197372436523,,,,,,,,,,,,,
7,,,,24419,,,,,,,,,,,,0.36552929878234863,0.0590776652097702,,0.4490177631378174,,3.5154407024383545,,,,,,,,,,,,,
7,,,,24439,,,,,,,,,,,,0.36552929878234863,0.11351102590560913,,0.6698694229125977,,4.262086868286133,,,,,,,,,,,,,
7,,,,24459,,,,,,,,,,,,0.36552929878234863,0.11497217416763306,,0.6162842512130737,,4.329901218414307,,,,,,,,,,,,,
7,,,,24479,,,,,,,,,,,,0.36552929878234863,0.06181403994560242,,0.39509886503219604,,3.275730848312378,,,,,,,,,,,,,
7,,,,24499,,,,,,,,,,,,0.36552929878234863,0.07221441715955734,,0.38746461272239685,,3.1994705200195312,,,,,,,,,,,,,
7,,,,24519,,,,,,,,,,,,0.36552929878234863,0.0627961978316307,,0.4161602854728699,,3.387873649597168,,,,,,,,,,,,,
7,,,,24539,,,,,,,,,,,,0.36552929878234863,0.15193599462509155,,0.5320885181427002,,4.401457786560059,,,,,,,,,,,,,
7,,,,24559,,,,,,,,,,,,0.36552929878234863,0.1274096667766571,,0.5606712698936462,,4.356132507324219,,,,,,,,,,,,,
7,,,,24579,,,,,,,,,,,,0.36552929878234863,0.03459163010120392,,1.0833615064620972,,3.9323830604553223,,,,,,,,,,,,,
7,,,,24599,,,,,,,,,,,,0.36552929878234863,0.044863514602184296,,0.41637375950813293,,3.3034186363220215,,,,,,,,,,,,,
7,,,,24619,,,,,,,,,,,,0.36552929878234863,0.06338109821081161,,0.3840286433696747,,3.205503463745117,,,,,,,,,,,,,
7,,,,24639,,,,,,,,,,,,0.36552929878234863,0.11669473350048065,,0.6401712894439697,,4.410361289978027,,,,,,,,,,,,,
7,,,,24659,,,,,,,,,,,,0.36552929878234863,0.14348949491977692,,0.57787024974823,,4.6949143409729,,,,,,,,,,,,,
7,,,,24679,,,,,,,,,,,,0.36552929878234863,0.05203321576118469,,1.1560571193695068,,4.190215110778809,,,,,,,,,,,,,
7,,,,24699,,,,,,,,,,,,0.36552929878234863,0.03375432640314102,,1.2159943580627441,,3.99241304397583,,,,,,,,,,,,,
7,,,,24719,,,,,,,,,,,,0.36552929878234863,0.0614733025431633,,0.6948367953300476,,3.5743064880371094,,,,,,,,,,,,,
7,,,,24739,,,,,,,,,,,,0.36552929878234863,0.05672115832567215,,0.39698630571365356,,3.287668228149414,,,,,,,,,,,,,
7,,,,24759,,,,,,,,,,,,0.36552929878234863,0.045533109456300735,,1.1979100704193115,,4.107581615447998,,,,,,,,,,,,,
7,,,,24779,,,,,,,,,,,,0.36552929878234863,0.04400540888309479,,0.9529029130935669,,3.759871482849121,,,,,,,,,,,,,
7,,,,24799,,,,,,,,,,,,0.36552929878234863,0.12396375834941864,,0.6025526523590088,,4.447881698608398,,,,,,,,,,,,,
7,,,,24819,,,,,,,,,,,,0.36552929878234863,0.13459408283233643,,0.5559765100479126,,4.293460845947266,,,,,,,,,,,,,
7,,,,24839,,,,,,,,,,,,0.36552929878234863,0.1158057302236557,,0.5360608100891113,,4.341897964477539,,,,,,,,,,,,,
7,,,,24859,,,,,,,,,,,,0.36552929878234863,0.025574203580617905,,0.7883203625679016,,3.7302968502044678,,,,,,,,,,,,,
7,,,,24879,,,,,,,,,,,,0.36552929878234863,0.029737357050180435,,0.710448145866394,,3.4881064891815186,,,,,,,,,,,,,
7,,,,24899,,,,,,,,,,,,0.36552929878234863,0.040815867483615875,,0.6178439259529114,,3.512887716293335,,,,,,,,,,,,,
7,,,,24919,,,,,,,,,,,,0.36552929878234863,0.13831071555614471,,0.5433385968208313,,4.363176345825195,,,,,,,,,,,,,
7,,,,24939,,,,,,,,,,,,0.36552929878234863,0.13766053318977356,,0.5363178253173828,,4.358613967895508,,,,,,,,,,,,,
7,,,,24959,,,,,,,,,,,,0.36552929878234863,0.05204370245337486,,1.0434643030166626,,4.1272478103637695,,,,,,,,,,,,,
7,,,,24979,,,,,,,,,,,,0.36552929878234863,0.04020741209387779,,1.22377610206604,,4.173881530761719,,,,,,,,,,,,,
7,,,,24999,,,,,,,,,,,,0.36552929878234863,0.06405980885028839,,0.43142348527908325,,3.2373158931732178,,,,,,,,,,,,,
7,,,,25019,,,,,,,,,,,,0.36552929878234863,0.05793982371687889,,0.619746208190918,,3.451162815093994,,,,,,,,,,,,,
7,,,,25039,,,,,,,,,,,,0.36552929878234863,0.05022740364074707,,1.103765845298767,,4.202330112457275,,,,,,,,,,,,,
7,,,,25059,,,,,,,,,,,,0.36552929878234863,0.03354154899716377,,1.2108663320541382,,4.097576141357422,,,,,,,,,,,,,
7,,,,25079,,,,,,,,,,,,0.36552929878234863,0.05976663902401924,,0.39233076572418213,,3.3176982402801514,,,,,,,,,,,,,
7,,,,25099,,,,,,,,,,,,0.36552929878234863,0.05726863443851471,,0.800981879234314,,3.7629690170288086,,,,,,,,,,,,,
7,,,,25119,,,,,,,,,,,,0.36552929878234863,0.1387004256248474,,0.634179413318634,,4.430059432983398,,,,,,,,,,,,,
7,,,,25139,,,,,,,,,,,,0.36552929878234863,0.05075942724943161,,0.9371387362480164,,4.2152204513549805,,,,,,,,,,,,,
7,,,,25159,,,,,,,,,,,,0.36552929878234863,0.12546025216579437,,0.5125302076339722,,4.382426738739014,,,,,,,,,,,,,
7,,,,25179,,,,,,,,,,,,0.36552929878234863,0.05744079500436783,,0.4213874936103821,,3.4502055644989014,,,,,,,,,,,,,
7,,,,25199,,,,,,,,,,,,0.36552929878234863,0.05684074014425278,,0.9943329691886902,,4.205954551696777,,,,,,,,,,,,,
7,,,,25219,,,,,,,,,,,,0.36552929878234863,0.05288534611463547,,0.6497276425361633,,3.7626113891601562,,,,,,,,,,,,,
7,,,,25239,,,,,,,,,,,,0.36552929878234863,0.07831717282533646,,0.8785848021507263,,4.259186744689941,,,,,,,,,,,,,
7,,,,25259,,,,,,,,,,,,0.36552929878234863,0.05681148171424866,,0.3730253577232361,,3.176513195037842,,,,,,,,,,,,,
7,,,,25279,,,,,,,,,,,,0.36552929878234863,0.035924963653087616,,0.9034765362739563,,3.857104778289795,,,,,,,,,,,,,
7,,,,25299,,,,,,,,,,,,0.36552929878234863,0.14107421040534973,,0.5722476243972778,,4.394341945648193,,,,,,,,,,,,,
7,,,,25319,,,,,,,,,,,,0.36552929878234863,0.057049721479415894,,1.0798618793487549,,4.184030532836914,,,,,,,,,,,,,
7,,,,25339,,,,,,,,,,,,0.36552929878234863,0.04594368487596512,,1.0315415859222412,,4.122581958770752,,,,,,,,,,,,,
7,,,,25359,,,,,,,,,,,,0.36552929878234863,0.056586854159832,,0.4489198625087738,,3.4907336235046387,,,,,,,,,,,,,
7,,,,25379,,,,,,,,,,,,0.36552929878234863,0.13454647362232208,,0.5550007224082947,,4.23745059967041,,,,,,,,,,,,,
7,,,,25399,,,,,,,,,,,,0.36552929878234863,0.06010109931230545,,0.9576916694641113,,4.192838668823242,,,,,,,,,,,,,
7,,,,25419,,,,,,,,,,,,0.36552929878234863,0.04852250963449478,,0.450794517993927,,3.3631887435913086,,,,,,,,,,,,,
7,,,,25439,,,,,,,,,,,,0.36552929878234863,0.07930689305067062,,0.38665294647216797,,3.121739149093628,,,,,,,,,,,,,
7,,,,25459,,,,,,,,,,,,0.36552929878234863,0.11104662716388702,,0.7622552514076233,,4.324592590332031,,,,,,,,,,,,,
7,,,,25479,,,,,,,,,,,,0.36552929878234863,0.05099760740995407,,1.1851465702056885,,4.1850433349609375,,,,,,,,,,,,,
7,,,,25499,,,,,,,,,,,,0.36552929878234863,0.05892921984195709,,1.0068551301956177,,4.24092435836792,,,,,,,,,,,,,
7,,,,25519,,,,,,,,,,,,0.36552929878234863,0.1273588240146637,,0.5290451049804688,,4.361532211303711,,,,,,,,,,,,,
7,,,,25539,,,,,,,,,,,,0.36552929878234863,0.11238085478544235,,0.5399402976036072,,4.3374528884887695,,,,,,,,,,,,,
7,,,,25559,,,,,,,,,,,,0.36552929878234863,0.10762617737054825,,0.5722643136978149,,4.173952579498291,,,,,,,,,,,,,
7,,,,25579,,,,,,,,,,,,0.36552929878234863,0.039442241191864014,,1.1926860809326172,,4.074232578277588,,,,,,,,,,,,,
7,,,,25599,,,,,,,,,,,,0.36552929878234863,0.04373504966497421,,0.7254437804222107,,3.735689163208008,,,,,,,,,,,,,
7,,,,25619,,,,,,,,,,,,0.36552929878234863,0.13276329636573792,,0.531755268573761,,4.313985824584961,,,,,,,,,,,,,
7,,,,25639,,,,,,,,,,,,0.36552929878234863,0.0366048738360405,,1.1368803977966309,,3.9823598861694336,,,,,,,,,,,,,
7,,,,25659,,,,,,,,,,,,0.36552929878234863,0.0527883917093277,,0.6431988477706909,,3.521129608154297,,,,,,,,,,,,,
7,,,,25679,,,,,,,,,,,,0.36552929878234863,0.04599965736269951,,1.0952863693237305,,4.174386501312256,,,,,,,,,,,,,
7,,,,25699,,,,,,,,,,,,0.36552929878234863,0.11461343616247177,,0.5613678097724915,,4.416835784912109,,,,,,,,,,,,,
7,,,,25719,,,,,,,,,,,,0.36552929878234863,0.05790087580680847,,0.4551844894886017,,3.357363224029541,,,,,,,,,,,,,
7,,,,25739,,,,,,,,,,,,0.36552929878234863,0.05064091458916664,,0.7619718909263611,,3.541795253753662,,,,,,,,,,,,,
7,,,,25759,,,,,,,,,,,,0.36552929878234863,0.0442495197057724,,1.1030776500701904,,4.061069488525391,,,,,,,,,,,,,
7,,,,25779,,,,,,,,,,,,0.36552929878234863,0.06422524899244308,,1.0400309562683105,,4.230584621429443,,,,,,,,,,,,,
7,,,,25799,,,,,,,,,,,,0.36552929878234863,0.03604371100664139,,1.0201001167297363,,3.896437644958496,,,,,,,,,,,,,
7,,,,25819,,,,,,,,,,,,0.36552929878234863,0.0684531182050705,,0.8116965889930725,,3.6887431144714355,,,,,,,,,,,,,
7,,,,25839,,,,,,,,,,,,0.36552929878234863,0.131361722946167,,0.5465747714042664,,4.352840900421143,,,,,,,,,,,,,
7,,,,25859,,,,,,,,,,,,0.36552929878234863,0.14239147305488586,,0.5112689733505249,,4.254606246948242,,,,,,,,,,,,,
7,,,,25879,,,,,,,,,,,,0.36552929878234863,0.04150430113077164,,1.15482497215271,,4.1109209060668945,,,,,,,,,,,,,
7,,,,25899,,,,,,,,,,,,0.36552929878234863,0.04697803407907486,,0.9598766565322876,,3.8398633003234863,,,,,,,,,,,,,
7,,,,25919,,,,,,,,,,,,0.36552929878234863,0.04385502263903618,,1.1902451515197754,,4.018799781799316,,,,,,,,,,,,,
7,,,,25939,,,,,,,,,,,,0.36552929878234863,0.05714848265051842,,0.3770012855529785,,3.2129786014556885,,,,,,,,,,,,,
7,,,,25959,,,,,,,,,,,,0.36552929878234863,0.08074193447828293,,0.3973327577114105,,3.2543318271636963,,,,,,,,,,,,,
7,,,,25979,,,,,,,,,,,,0.36552929878234863,0.04415716230869293,,0.8388927578926086,,3.603991746902466,,,,,,,,,,,,,
7,,,,25999,,,,,,,,,,,,0.36552929878234863,0.08342179656028748,,0.43913534283638,,3.392817974090576,,,,,,,,,,,,,
7,,,,26019,,,,,,,,,,,,0.36552929878234863,0.06943988054990768,,0.39545708894729614,,3.2720303535461426,,,,,,,,,,,,,
7,,,,26039,,,,,,,,,,,,0.36552929878234863,0.06422840803861618,,0.46023330092430115,,3.3085131645202637,,,,,,,,,,,,,
7,,,,26059,,,,,,,,,,,,0.36552929878234863,0.03642091900110245,,0.9403097629547119,,3.7996158599853516,,,,,,,,,,,,,
7,,,,26079,,,,,,,,,,,,0.36552929878234863,0.042588189244270325,,0.7327646613121033,,3.508425235748291,,,,,,,,,,,,,
7,,,,26099,,,,,,,,,,,,0.36552929878234863,0.142645925283432,,0.5491452217102051,,4.377635955810547,,,,,,,,,,,,,
7,,,,26119,,,,,,,,,,,,0.36552929878234863,0.08032543957233429,,0.3929136395454407,,3.320455551147461,,,,,,,,,,,,,
7,,,,26139,,,,,,,,,,,,0.36552929878234863,0.04059546813368797,,0.8515678644180298,,3.693690776824951,,,,,,,,,,,,,
7,,,,26159,,,,,,,,,,,,0.36552929878234863,0.05572810396552086,,0.8585067987442017,,3.6517553329467773,,,,,,,,,,,,,
7,,,,26179,,,,,,,,,,,,0.36552929878234863,0.08110134303569794,,0.3776737451553345,,3.1634955406188965,,,,,,,,,,,,,
7,,,,26199,,,,,,,,,,,,0.36552929878234863,0.07323415577411652,,0.36430639028549194,,3.1364595890045166,,,,,,,,,,,,,
7,,,,26219,,,,,,,,,,,,0.36552929878234863,0.13944637775421143,,0.552229106426239,,4.573718070983887,,,,,,,,,,,,,
7,,,,26239,,,,,,,,,,,,0.36552929878234863,0.03798932582139969,,0.9366016983985901,,3.820580244064331,,,,,,,,,,,,,
7,,,,26259,,,,,,,,,,,,0.36552929878234863,0.07358673214912415,,0.5654167532920837,,3.433335304260254,,,,,,,,,,,,,
7,,,,26279,,,,,,,,,,,,0.36552929878234863,0.06223481148481369,,0.43504852056503296,,3.2713966369628906,,,,,,,,,,,,,
7,,,,26299,,,,,,,,,,,,0.36552929878234863,0.1297168731689453,,0.5355137586593628,,4.496293067932129,,,,,,,,,,,,,
7,,,,26319,,,,,,,,,,,,0.36552929878234863,0.060905445367097855,,0.4506751596927643,,3.430544376373291,,,,,,,,,,,,,
7,,,,26339,,,,,,,,,,,,0.36552929878234863,0.12438951432704926,,0.6168692708015442,,4.3343892097473145,,,,,,,,,,,,,
7,,,,26359,,,,,,,,,,,,0.36552929878234863,0.030975058674812317,,1.079031229019165,,3.9041810035705566,,,,,,,,,,,,,
7,,,,26379,,,,,,,,,,,,0.36552929878234863,0.06975089013576508,,0.39649587869644165,,3.346025228500366,,,,,,,,,,,,,
7,,,,26399,,,,,,,,,,,,0.36552929878234863,0.051423314958810806,,1.0918549299240112,,4.1580047607421875,,,,,,,,,,,,,
7,,,,26419,,,,,,,,,,,,0.36552929878234863,0.08844044059515,,0.8105115294456482,,4.585162162780762,,,,,,,,,,,,,
7,,,,26439,,,,,,,,,,,,0.36552929878234863,0.0698193609714508,,0.4292429983615875,,3.316373586654663,,,,,,,,,,,,,
7,,,,26459,,,,,,,,,,,,0.36552929878234863,0.0690327137708664,,1.0891199111938477,,4.236987113952637,,,,,,,,,,,,,
7,,,,26479,,,,,,,,,,,,0.36552929878234863,0.04248641058802605,,1.072493314743042,,3.9234836101531982,,,,,,,,,,,,,
7,,,,26499,,,,,,,,,,,,0.36552929878234863,0.09981945157051086,,0.8608623147010803,,4.351274013519287,,,,,,,,,,,,,
7,,,,26519,,,,,,,,,,,,0.36552929878234863,0.07431735098361969,,0.623822033405304,,3.368114948272705,,,,,,,,,,,,,
7,,,,26539,,,,,,,,,,,,0.36552929878234863,0.03673623502254486,,0.9785494208335876,,3.7536964416503906,,,,,,,,,,,,,
7,,,,26559,,,,,,,,,,,,0.36552929878234863,0.06304072588682175,,1.0433670282363892,,4.265210151672363,,,,,,,,,,,,,
7,,,,26579,,,,,,,,,,,,0.36552929878234863,0.06622805446386337,,0.4021652042865753,,3.3395726680755615,,,,,,,,,,,,,
7,,,,26599,,,,,,,,,,,,0.36552929878234863,0.12055162340402603,,0.5390422344207764,,4.4064483642578125,,,,,,,,,,,,,
7,,,,26619,,,,,,,,,,,,0.36552929878234863,0.13399727642536163,,0.571943461894989,,4.359417915344238,,,,,,,,,,,,,
7,,,,26639,,,,,,,,,,,,0.36552929878234863,0.1324971616268158,,0.5210341215133667,,4.293232440948486,,,,,,,,,,,,,
7,,,,26659,,,,,,,,,,,,0.36552929878234863,0.038111522793769836,,0.8666481375694275,,3.8339951038360596,,,,,,,,,,,,,
7,,,,26679,,,,,,,,,,,,0.36552929878234863,0.11252085864543915,,0.6944965124130249,,4.322524070739746,,,,,,,,,,,,,
7,,,,26699,,,,,,,,,,,,0.36552929878234863,0.11297918111085892,,0.7322945594787598,,4.444874286651611,,,,,,,,,,,,,
7,,,,26719,,,,,,,,,,,,0.36552929878234863,0.04352179914712906,,0.8907196521759033,,3.688474416732788,,,,,,,,,,,,,
7,,,,26739,,,,,,,,,,,,0.36552929878234863,0.138372540473938,,0.5544108152389526,,4.361266136169434,,,,,,,,,,,,,
7,,,,26759,,,,,,,,,,,,0.36552929878234863,0.11748800426721573,,0.6053946018218994,,4.323805809020996,,,,,,,,,,,,,
7,,,,26779,,,,,,,,,,,,0.36552929878234863,0.040463656187057495,,0.6618082523345947,,3.4491348266601562,,,,,,,,,,,,,
7,,,,26799,,,,,,,,,,,,0.36552929878234863,0.07317321002483368,,0.5238178968429565,,3.5498085021972656,,,,,,,,,,,,,
7,,,,26819,,,,,,,,,,,,0.36552929878234863,0.13381275534629822,,0.5398582816123962,,4.399447441101074,,,,,,,,,,,,,
7,,,,26839,,,,,,,,,,,,0.36552929878234863,0.0712534636259079,,1.0086451768875122,,4.217886924743652,,,,,,,,,,,,,
7,,,,26859,,,,,,,,,,,,0.36552929878234863,0.04495760798454285,,1.1368438005447388,,3.9949305057525635,,,,,,,,,,,,,
7,,,,26879,,,,,,,,,,,,0.36552929878234863,0.10369531065225601,,0.6898003220558167,,4.25284481048584,,,,,,,,,,,,,
7,,,,26899,,,,,,,,,,,,0.36552929878234863,0.12923607230186462,,0.5703830718994141,,4.442225456237793,,,,,,,,,,,,,
7,,,,26919,,,,,,,,,,,,0.36552929878234863,0.11617359519004822,,0.7192042469978333,,4.497292518615723,,,,,,,,,,,,,
7,,,,26939,,,,,,,,,,,,0.36552929878234863,0.13677363097667694,,0.5261448621749878,,4.346097946166992,,,,,,,,,,,,,
7,,,,26959,,,,,,,,,,,,0.36552929878234863,0.08033248037099838,,0.4346131682395935,,3.5054757595062256,,,,,,,,,,,,,
7,,,,26979,,,,,,,,,,,,0.36552929878234863,0.06468738615512848,,0.5375997424125671,,3.626836061477661,,,,,,,,,,,,,
7,,,,26999,,,,,,,,,,,,0.36552929878234863,0.04466903582215309,,1.2073019742965698,,3.9795994758605957,,,,,,,,,,,,,
7,,,,27019,,,,,,,,,,,,0.36552929878234863,0.04924296215176582,,0.9994567632675171,,3.917996406555176,,,,,,,,,,,,,
7,,,,27039,,,,,,,,,,,,0.36552929878234863,0.1055246964097023,,0.7500590682029724,,4.342718601226807,,,,,,,,,,,,,
7,,,,27059,,,,,,,,,,,,0.36552929878234863,0.07395442575216293,,0.40240633487701416,,3.3777565956115723,,,,,,,,,,,,,
7,,,,27079,,,,,,,,,,,,0.36552929878234863,0.12011834979057312,,0.6722108721733093,,4.49013614654541,,,,,,,,,,,,,
7,,,,27099,,,,,,,,,,,,0.36552929878234863,0.11959769576787949,,0.7142254114151001,,4.501210689544678,,,,,,,,,,,,,
7,,,,27119,,,,,,,,,,,,0.36552929878234863,0.0569242462515831,,0.4030947983264923,,3.15190052986145,,,,,,,,,,,,,
7,,,,27139,,,,,,,,,,,,0.36552929878234863,0.06968748569488525,,0.38438284397125244,,3.221564292907715,,,,,,,,,,,,,
7,,,,27159,,,,,,,,,,,,0.36552929878234863,0.07359270751476288,,0.5157095193862915,,3.489377021789551,,,,,,,,,,,,,
7,,,,27179,,,,,,,,,,,,0.36552929878234863,0.038137927651405334,,0.7588536143302917,,3.5656113624572754,,,,,,,,,,,,,
7,,,,27199,,,,,,,,,,,,0.36552929878234863,0.0720064789056778,,0.4989539682865143,,3.2536935806274414,,,,,,,,,,,,,
7,,,,27219,,,,,,,,,,,,0.36552929878234863,0.038869839161634445,,0.9947088956832886,,3.8324642181396484,,,,,,,,,,,,,
7,,,,27239,,,,,,,,,,,,0.36552929878234863,0.06222076714038849,,0.9766729474067688,,4.262078762054443,,,,,,,,,,,,,
7,,,,27259,,,,,,,,,,,,0.36552929878234863,0.06499087065458298,,0.4809841811656952,,3.465421676635742,,,,,,,,,,,,,
7,,,,27279,,,,,,,,,,,,0.36552929878234863,0.07980218529701233,,0.9445948600769043,,4.231829643249512,,,,,,,,,,,,,
7,,,,27299,,,,,,,,,,,,0.36552929878234863,0.0627666786313057,,1.0898118019104004,,4.215785026550293,,,,,,,,,,,,,
7,,,,27319,,,,,,,,,,,,0.36552929878234863,0.040411997586488724,,1.0698312520980835,,3.875988006591797,,,,,,,,,,,,,
7,,,,27339,,,,,,,,,,,,0.36552929878234863,0.12371454387903214,,0.6478483080863953,,4.323967933654785,,,,,,,,,,,,,
7,,,,27359,,,,,,,,,,,,0.36552929878234863,0.08072533458471298,,0.9834399819374084,,4.2320098876953125,,,,,,,,,,,,,
7,,,,27379,,,,,,,,,,,,0.36552929878234863,0.06505720317363739,,0.43546202778816223,,3.3190178871154785,,,,,,,,,,,,,
7,,,,27399,,,,,,,,,,,,0.36552929878234863,0.06085066497325897,,0.5382208228111267,,3.5092997550964355,,,,,,,,,,,,,
7,,,,27419,,,,,,,,,,,,0.36552929878234863,0.03758557140827179,,0.7529768347740173,,3.6531167030334473,,,,,,,,,,,,,
7,,,,27439,,,,,,,,,,,,0.36552929878234863,0.11362023651599884,,0.6461372375488281,,4.260921955108643,,,,,,,,,,,,,
7,,,,27459,,,,,,,,,,,,0.36552929878234863,0.05626603960990906,,1.2206677198410034,,4.177742004394531,,,,,,,,,,,,,
7,,,,27479,,,,,,,,,,,,0.36552929878234863,0.08168992400169373,,0.8785087466239929,,4.202517032623291,,,,,,,,,,,,,
7,,,,27499,,,,,,,,,,,,0.36552929878234863,0.15582667291164398,,0.5208405256271362,,4.3314008712768555,,,,,,,,,,,,,
7,,,,27519,,,,,,,,,,,,0.36552929878234863,0.06805789470672607,,0.472261518239975,,3.5106940269470215,,,,,,,,,,,,,
7,,,,27539,,,,,,,,,,,,0.36552929878234863,0.12038210034370422,,0.5293139815330505,,4.292995452880859,,,,,,,,,,,,,
7,,,,27559,,,,,,,,,,,,0.36552929878234863,0.1545395851135254,,0.5506800413131714,,4.383687973022461,,,,,,,,,,,,,
7,,,,27579,,,,,,,,,,,,0.36552929878234863,0.07916122674942017,,0.416512131690979,,3.3242876529693604,,,,,,,,,,,,,
7,,,,27599,,,,,,,,,,,,0.36552929878234863,0.13206419348716736,,0.5496119260787964,,4.531011581420898,,,,,,,,,,,,,
7,,,,27619,,,,,,,,,,,,0.36552929878234863,0.07380849123001099,,0.4079419672489166,,3.2986268997192383,,,,,,,,,,,,,
7,,,,27639,,,,,,,,,,,,0.36552929878234863,0.041412197053432465,,1.1172947883605957,,4.007173538208008,,,,,,,,,,,,,
7,,,,27659,,,,,,,,,,,,0.36552929878234863,0.07575723528862,,0.46629413962364197,,3.289801597595215,,,,,,,,,,,,,
7,,,,27679,,,,,,,,,,,,0.36552929878234863,0.035250455141067505,,0.977014422416687,,3.854924201965332,,,,,,,,,,,,,
7,,,,27699,,,,,,,,,,,,0.36552929878234863,0.07005710154771805,,0.7918369770050049,,4.184087753295898,,,,,,,,,,,,,
7,,,,27719,,,,,,,,,,,,0.36552929878234863,0.04121318459510803,,0.9075907468795776,,3.817214012145996,,,,,,,,,,,,,
7,,,,27739,,,,,,,,,,,,0.36552929878234863,0.08185283839702606,,0.4271904528141022,,3.3323397636413574,,,,,,,,,,,,,
7,,,,27759,,,,,,,,,,,,0.36552929878234863,0.0402584969997406,,1.198180913925171,,4.051630973815918,,,,,,,,,,,,,
7,,,,27779,,,,,,,,,,,,0.36552929878234863,0.12705910205841064,,0.5271973013877869,,4.357837677001953,,,,,,,,,,,,,
7,,,,27799,,,,,,,,,,,,0.36552929878234863,0.06621161103248596,,0.4175162613391876,,3.439552068710327,,,,,,,,,,,,,
7,,,,27819,,,,,,,,,,,,0.36552929878234863,0.11857211589813232,,0.675464928150177,,4.30187463760376,,,,,,,,,,,,,
7,,,,27839,,,,,,,,,,,,0.36552929878234863,0.05951569974422455,,0.6982710361480713,,3.5807511806488037,,,,,,,,,,,,,
7,,,,27855,,,,,,,,,,,,,,,,,,0.7269963026046753,0.8944333791732788,0.7109500765800476,0.7077832221984863,0.4502284526824951,0.7046164274215698,0.6280267238616943,0.7272619605064392,0.6771439909934998,0.7530804872512817,0.8408758044242859,0.5473654270172119,0.7269963026046753
7,,,,27855,,,,,,,,,0.5502766370773315,0.07663295418024063,0.36552518606185913,,,0.7319070100784302,,3.9454588890075684,,,,,,,,,,,,,,
,0.0002978030753771539,0.0002978030753771539,2.9780307537715393e-05,27856,,,,,,,,,,,,,,,,,,,,,,,,,,,,,,
8,,,,27859,,,,,,,,,,,,0.40878722071647644,0.03528807684779167,,1.0389251708984375,,3.8917760848999023,,,,,,,,,,,,,
8,,,,27879,,,,,,,,,,,,0.40878722071647644,0.06566295027732849,,0.7017500400543213,,3.547673225402832,,,,,,,,,,,,,
8,,,,27899,,,,,,,,,,,,0.40878722071647644,0.1228896826505661,,0.53558748960495,,4.49305534362793,,,,,,,,,,,,,
8,,,,27919,,,,,,,,,,,,0.40878722071647644,0.03998873755335808,,0.9061710834503174,,3.7796132564544678,,,,,,,,,,,,,
8,,,,27939,,,,,,,,,,,,0.40878722071647644,0.04885580390691757,,1.163962483406067,,4.059152126312256,,,,,,,,,,,,,
8,,,,27959,,,,,,,,,,,,0.40878722071647644,0.04746219515800476,,1.0804632902145386,,3.8995602130889893,,,,,,,,,,,,,
8,,,,27979,,,,,,,,,,,,0.40878722071647644,0.06422360986471176,,0.4713086783885956,,3.475795030593872,,,,,,,,,,,,,
8,,,,27999,,,,,,,,,,,,0.40878722071647644,0.07149922847747803,,0.8942358493804932,,4.256895065307617,,,,,,,,,,,,,
8,,,,28019,,,,,,,,,,,,0.40878722071647644,0.060260578989982605,,0.8089063167572021,,3.744326114654541,,,,,,,,,,,,,
8,,,,28039,,,,,,,,,,,,0.40878722071647644,0.15032944083213806,,0.541557252407074,,4.391595840454102,,,,,,,,,,,,,
8,,,,28059,,,,,,,,,,,,0.40878722071647644,0.06763322651386261,,1.038364291191101,,4.263221740722656,,,,,,,,,,,,,
8,,,,28079,,,,,,,,,,,,0.40878722071647644,0.13219770789146423,,0.5738768577575684,,4.614636421203613,,,,,,,,,,,,,
8,,,,28099,,,,,,,,,,,,0.40878722071647644,0.07263682782649994,,0.38939768075942993,,3.2683610916137695,,,,,,,,,,,,,
8,,,,28119,,,,,,,,,,,,0.40878722071647644,0.06538975983858109,,0.5604475736618042,,3.4533729553222656,,,,,,,,,,,,,
8,,,,28139,,,,,,,,,,,,0.40878722071647644,0.09230652451515198,,0.764884889125824,,4.338351249694824,,,,,,,,,,,,,
8,,,,28159,,,,,,,,,,,,0.40878722071647644,0.07746021449565887,,0.43955492973327637,,3.316680908203125,,,,,,,,,,,,,
8,,,,28179,,,,,,,,,,,,0.40878722071647644,0.05662650242447853,,1.1342371702194214,,4.162030220031738,,,,,,,,,,,,,
8,,,,28199,,,,,,,,,,,,0.40878722071647644,0.06228775158524513,,0.4202386438846588,,3.288597345352173,,,,,,,,,,,,,
8,,,,28219,,,,,,,,,,,,0.40878722071647644,0.05506914108991623,,0.4071691632270813,,3.252163887023926,,,,,,,,,,,,,
8,,,,28239,,,,,,,,,,,,0.40878722071647644,0.050956666469573975,,1.1215518712997437,,4.022988796234131,,,,,,,,,,,,,
8,,,,28259,,,,,,,,,,,,0.40878722071647644,0.05281810462474823,,0.7300735116004944,,3.7507076263427734,,,,,,,,,,,,,
8,,,,28279,,,,,,,,,,,,0.40878722071647644,0.08682098984718323,,0.8580870032310486,,4.225222587585449,,,,,,,,,,,,,
8,,,,28299,,,,,,,,,,,,0.40878722071647644,0.13815854489803314,,0.534078061580658,,4.285608291625977,,,,,,,,,,,,,
8,,,,28319,,,,,,,,,,,,0.40878722071647644,0.03953120857477188,,1.0100727081298828,,3.85764217376709,,,,,,,,,,,,,
8,,,,28339,,,,,,,,,,,,0.40878722071647644,0.10978122055530548,,0.6818599104881287,,4.33909797668457,,,,,,,,,,,,,
8,,,,28359,,,,,,,,,,,,0.40878722071647644,0.07228007912635803,,0.43935224413871765,,3.416356086730957,,,,,,,,,,,,,
8,,,,28379,,,,,,,,,,,,0.40878722071647644,0.13284704089164734,,0.6308466196060181,,4.333103179931641,,,,,,,,,,,,,
8,,,,28399,,,,,,,,,,,,0.40878722071647644,0.11292314529418945,,0.7383630275726318,,4.268224239349365,,,,,,,,,,,,,
8,,,,28419,,,,,,,,,,,,0.40878722071647644,0.054811108857393265,,0.4249294102191925,,3.5516250133514404,,,,,,,,,,,,,
8,,,,28439,,,,,,,,,,,,0.40878722071647644,0.12234731018543243,,0.5259549021720886,,4.239845275878906,,,,,,,,,,,,,
8,,,,28459,,,,,,,,,,,,0.40878722071647644,0.12760676443576813,,0.6002246737480164,,4.2227301597595215,,,,,,,,,,,,,
8,,,,28479,,,,,,,,,,,,0.40878722071647644,0.13983508944511414,,0.5453842282295227,,4.352860450744629,,,,,,,,,,,,,
8,,,,28499,,,,,,,,,,,,0.40878722071647644,0.09855523705482483,,0.8512094020843506,,4.245060920715332,,,,,,,,,,,,,
8,,,,28519,,,,,,,,,,,,0.40878722071647644,0.043618444353342056,,1.211059331893921,,4.049685478210449,,,,,,,,,,,,,
8,,,,28539,,,,,,,,,,,,0.40878722071647644,0.07187829911708832,,0.421059787273407,,3.30503511428833,,,,,,,,,,,,,
8,,,,28559,,,,,,,,,,,,0.40878722071647644,0.05592998117208481,,0.5489791631698608,,3.4863014221191406,,,,,,,,,,,,,
8,,,,28579,,,,,,,,,,,,0.40878722071647644,0.12009496241807938,,0.6592233180999756,,4.4512457847595215,,,,,,,,,,,,,
8,,,,28599,,,,,,,,,,,,0.40878722071647644,0.11654655635356903,,0.6984681487083435,,4.424748420715332,,,,,,,,,,,,,
8,,,,28619,,,,,,,,,,,,0.40878722071647644,0.047020118683576584,,0.6515793204307556,,3.592890739440918,,,,,,,,,,,,,
8,,,,28639,,,,,,,,,,,,0.40878722071647644,0.08679784834384918,,0.46600890159606934,,3.391310214996338,,,,,,,,,,,,,
8,,,,28659,,,,,,,,,,,,0.40878722071647644,0.10538585484027863,,0.5437507033348083,,4.444792747497559,,,,,,,,,,,,,
8,,,,28679,,,,,,,,,,,,0.40878722071647644,0.13038811087608337,,0.552623450756073,,4.436165809631348,,,,,,,,,,,,,
8,,,,28699,,,,,,,,,,,,0.40878722071647644,0.13498637080192566,,0.5506638884544373,,4.411787986755371,,,,,,,,,,,,,
8,,,,28719,,,,,,,,,,,,0.40878722071647644,0.034170880913734436,,1.0943042039871216,,3.948334217071533,,,,,,,,,,,,,
8,,,,28739,,,,,,,,,,,,0.40878722071647644,0.07272828370332718,,0.9870663285255432,,4.252208709716797,,,,,,,,,,,,,
8,,,,28759,,,,,,,,,,,,0.40878722071647644,0.04576725512742996,,1.068674087524414,,3.9498891830444336,,,,,,,,,,,,,
8,,,,28779,,,,,,,,,,,,0.40878722071647644,0.04995547980070114,,0.7213535308837891,,3.660731315612793,,,,,,,,,,,,,
8,,,,28799,,,,,,,,,,,,0.40878722071647644,0.06655806303024292,,0.626048743724823,,3.650298595428467,,,,,,,,,,,,,
8,,,,28819,,,,,,,,,,,,0.40878722071647644,0.11621485650539398,,0.653985857963562,,4.364802360534668,,,,,,,,,,,,,
8,,,,28839,,,,,,,,,,,,0.40878722071647644,0.07195521146059036,,0.3838611841201782,,3.2385478019714355,,,,,,,,,,,,,
8,,,,28859,,,,,,,,,,,,0.40878722071647644,0.04913985729217529,,1.178354024887085,,4.01605224609375,,,,,,,,,,,,,
8,,,,28879,,,,,,,,,,,,0.40878722071647644,0.0399344339966774,,1.0675832033157349,,4.037095546722412,,,,,,,,,,,,,
8,,,,28899,,,,,,,,,,,,0.40878722071647644,0.1180841326713562,,0.6513787508010864,,4.372062683105469,,,,,,,,,,,,,
8,,,,28919,,,,,,,,,,,,0.40878722071647644,0.15181715786457062,,0.5624833703041077,,4.513395309448242,,,,,,,,,,,,,
8,,,,28939,,,,,,,,,,,,0.40878722071647644,0.06239314004778862,,0.4578584134578705,,3.355034351348877,,,,,,,,,,,,,
8,,,,28959,,,,,,,,,,,,0.40878722071647644,0.03543078526854515,,1.0392271280288696,,3.8883626461029053,,,,,,,,,,,,,
8,,,,28979,,,,,,,,,,,,0.40878722071647644,0.047114819288253784,,1.065455675125122,,3.8441274166107178,,,,,,,,,,,,,
8,,,,28999,,,,,,,,,,,,0.40878722071647644,0.061758071184158325,,1.042799711227417,,4.229554176330566,,,,,,,,,,,,,
8,,,,29019,,,,,,,,,,,,0.40878722071647644,0.04214818775653839,,1.1617563962936401,,4.088564872741699,,,,,,,,,,,,,
8,,,,29039,,,,,,,,,,,,0.40878722071647644,0.06954776495695114,,0.4350987672805786,,3.495614528656006,,,,,,,,,,,,,
8,,,,29059,,,,,,,,,,,,0.40878722071647644,0.03969896212220192,,1.2242186069488525,,4.02937126159668,,,,,,,,,,,,,
8,,,,29079,,,,,,,,,,,,0.40878722071647644,0.07159942388534546,,0.4316691756248474,,3.4895682334899902,,,,,,,,,,,,,
8,,,,29099,,,,,,,,,,,,0.40878722071647644,0.07442176342010498,,0.9146634340286255,,4.304598808288574,,,,,,,,,,,,,
8,,,,29119,,,,,,,,,,,,0.40878722071647644,0.08449490368366241,,0.38455936312675476,,3.1610043048858643,,,,,,,,,,,,,
8,,,,29139,,,,,,,,,,,,0.40878722071647644,0.0827753096818924,,0.39294159412384033,,3.152143955230713,,,,,,,,,,,,,
8,,,,29159,,,,,,,,,,,,0.40878722071647644,0.06966529786586761,,0.9049253463745117,,4.1851487159729,,,,,,,,,,,,,
8,,,,29179,,,,,,,,,,,,0.40878722071647644,0.051154978573322296,,1.082879662513733,,4.111504554748535,,,,,,,,,,,,,
8,,,,29199,,,,,,,,,,,,0.40878722071647644,0.04279177635908127,,1.0997494459152222,,4.073785781860352,,,,,,,,,,,,,
8,,,,29219,,,,,,,,,,,,0.40878722071647644,0.11540646851062775,,0.743823766708374,,4.251392841339111,,,,,,,,,,,,,
8,,,,29239,,,,,,,,,,,,0.40878722071647644,0.034070711582899094,,0.89212965965271,,3.727813482284546,,,,,,,,,,,,,
8,,,,29259,,,,,,,,,,,,0.40878722071647644,0.11418883502483368,,0.73652583360672,,4.321295261383057,,,,,,,,,,,,,
8,,,,29279,,,,,,,,,,,,0.40878722071647644,0.07002092897891998,,0.8906456828117371,,4.182091236114502,,,,,,,,,,,,,
8,,,,29299,,,,,,,,,,,,0.40878722071647644,0.0722133219242096,,1.004335641860962,,4.236393451690674,,,,,,,,,,,,,
8,,,,29319,,,,,,,,,,,,0.40878722071647644,0.10812456905841827,,0.7113494873046875,,4.307206153869629,,,,,,,,,,,,,
8,,,,29339,,,,,,,,,,,,0.40878722071647644,0.06779962033033371,,1.0110290050506592,,4.155009746551514,,,,,,,,,,,,,
8,,,,29359,,,,,,,,,,,,0.40878722071647644,0.0842108204960823,,0.3737451732158661,,3.0756020545959473,,,,,,,,,,,,,
8,,,,29379,,,,,,,,,,,,0.40878722071647644,0.06084992736577988,,0.4155726432800293,,3.1820268630981445,,,,,,,,,,,,,
8,,,,29399,,,,,,,,,,,,0.40878722071647644,0.05384630709886551,,0.7635871171951294,,3.7406392097473145,,,,,,,,,,,,,
8,,,,29419,,,,,,,,,,,,0.40878722071647644,0.14897271990776062,,0.5253278017044067,,4.3666300773620605,,,,,,,,,,,,,
8,,,,29439,,,,,,,,,,,,0.40878722071647644,0.061646558344364166,,0.5040793418884277,,3.4881057739257812,,,,,,,,,,,,,
8,,,,29459,,,,,,,,,,,,0.40878722071647644,0.13119369745254517,,0.6205742955207825,,4.326297283172607,,,,,,,,,,,,,
8,,,,29479,,,,,,,,,,,,0.40878722071647644,0.0804746225476265,,0.8467339277267456,,4.245814323425293,,,,,,,,,,,,,
8,,,,29499,,,,,,,,,,,,0.40878722071647644,0.14460298418998718,,0.5789752006530762,,4.414886474609375,,,,,,,,,,,,,
8,,,,29519,,,,,,,,,,,,0.40878722071647644,0.05496957525610924,,1.0816043615341187,,4.175673007965088,,,,,,,,,,,,,
8,,,,29539,,,,,,,,,,,,0.40878722071647644,0.10404281318187714,,0.703769326210022,,4.3164215087890625,,,,,,,,,,,,,
8,,,,29559,,,,,,,,,,,,0.40878722071647644,0.04929296672344208,,0.7401617169380188,,3.7052507400512695,,,,,,,,,,,,,
8,,,,29579,,,,,,,,,,,,0.40878722071647644,0.04888708144426346,,0.7151793837547302,,3.6450228691101074,,,,,,,,,,,,,
8,,,,29599,,,,,,,,,,,,0.40878722071647644,0.047354765236377716,,1.0266623497009277,,4.155949592590332,,,,,,,,,,,,,
8,,,,29619,,,,,,,,,,,,0.40878722071647644,0.1304742991924286,,0.5376021862030029,,4.518311500549316,,,,,,,,,,,,,
8,,,,29639,,,,,,,,,,,,0.40878722071647644,0.1224432960152626,,0.5376443862915039,,4.3999834060668945,,,,,,,,,,,,,
8,,,,29659,,,,,,,,,,,,0.40878722071647644,0.1381531059741974,,0.5466732978820801,,4.377191543579102,,,,,,,,,,,,,
8,,,,29679,,,,,,,,,,,,0.40878722071647644,0.1282535195350647,,0.6331899762153625,,4.304971218109131,,,,,,,,,,,,,
8,,,,29699,,,,,,,,,,,,0.40878722071647644,0.07154034078121185,,0.4728447198867798,,3.408450126647949,,,,,,,,,,,,,
8,,,,29719,,,,,,,,,,,,0.40878722071647644,0.030835691839456558,,0.9507080912590027,,3.7460618019104004,,,,,,,,,,,,,
8,,,,29739,,,,,,,,,,,,0.40878722071647644,0.05577118694782257,,0.5471293926239014,,3.2085816860198975,,,,,,,,,,,,,
8,,,,29759,,,,,,,,,,,,0.40878722071647644,0.10996415466070175,,0.7788135409355164,,4.524845123291016,,,,,,,,,,,,,
8,,,,29779,,,,,,,,,,,,0.40878722071647644,0.0486898347735405,,0.7298910021781921,,3.547813892364502,,,,,,,,,,,,,
8,,,,29799,,,,,,,,,,,,0.40878722071647644,0.06652180105447769,,0.47788313031196594,,3.37898588180542,,,,,,,,,,,,,
8,,,,29819,,,,,,,,,,,,0.40878722071647644,0.06983909010887146,,0.49246543645858765,,3.3563833236694336,,,,,,,,,,,,,
8,,,,29839,,,,,,,,,,,,0.40878722071647644,0.12691830098628998,,0.5315240621566772,,4.359068870544434,,,,,,,,,,,,,
8,,,,29859,,,,,,,,,,,,0.40878722071647644,0.11728040874004364,,0.5460389852523804,,4.528042316436768,,,,,,,,,,,,,
8,,,,29879,,,,,,,,,,,,0.40878722071647644,0.1257210224866867,,0.603455662727356,,4.720727920532227,,,,,,,,,,,,,
8,,,,29899,,,,,,,,,,,,0.40878722071647644,0.12921233475208282,,0.5773448348045349,,4.625680923461914,,,,,,,,,,,,,
8,,,,29919,,,,,,,,,,,,0.40878722071647644,0.03258080035448074,,1.1293641328811646,,3.9875195026397705,,,,,,,,,,,,,
8,,,,29939,,,,,,,,,,,,0.40878722071647644,0.1258271485567093,,0.5415492653846741,,4.430249214172363,,,,,,,,,,,,,
8,,,,29959,,,,,,,,,,,,0.40878722071647644,0.09992431104183197,,0.6455249786376953,,4.463292121887207,,,,,,,,,,,,,
8,,,,29979,,,,,,,,,,,,0.40878722071647644,0.06652291864156723,,0.41959473490715027,,3.3193416595458984,,,,,,,,,,,,,
8,,,,29999,,,,,,,,,,,,0.40878722071647644,0.12468799203634262,,0.6301673054695129,,4.414966106414795,,,,,,,,,,,,,
8,,,,30019,,,,,,,,,,,,0.40878722071647644,0.06161453574895859,,1.0509943962097168,,4.107965469360352,,,,,,,,,,,,,
8,,,,30039,,,,,,,,,,,,0.40878722071647644,0.10499535501003265,,0.68086177110672,,4.267983913421631,,,,,,,,,,,,,
8,,,,30059,,,,,,,,,,,,0.40878722071647644,0.026958152651786804,,1.0114456415176392,,3.836646556854248,,,,,,,,,,,,,
8,,,,30079,,,,,,,,,,,,0.40878722071647644,0.0939234048128128,,0.8984260559082031,,4.255403518676758,,,,,,,,,,,,,
8,,,,30099,,,,,,,,,,,,0.40878722071647644,0.12504108250141144,,0.5650295615196228,,4.436464309692383,,,,,,,,,,,,,
8,,,,30119,,,,,,,,,,,,0.40878722071647644,0.05648186802864075,,0.435116708278656,,3.4126904010772705,,,,,,,,,,,,,
8,,,,30139,,,,,,,,,,,,0.40878722071647644,0.034992728382349014,,1.149091362953186,,4.059812068939209,,,,,,,,,,,,,
8,,,,30159,,,,,,,,,,,,0.40878722071647644,0.05440184473991394,,0.8323110938072205,,3.7866716384887695,,,,,,,,,,,,,
8,,,,30179,,,,,,,,,,,,0.40878722071647644,0.06629456579685211,,0.4535158574581146,,3.3549718856811523,,,,,,,,,,,,,
8,,,,30199,,,,,,,,,,,,0.40878722071647644,0.13338834047317505,,0.5546649694442749,,4.409433364868164,,,,,,,,,,,,,
8,,,,30219,,,,,,,,,,,,0.40878722071647644,0.05435928702354431,,0.4482555389404297,,3.3729796409606934,,,,,,,,,,,,,
8,,,,30239,,,,,,,,,,,,0.40878722071647644,0.11412056535482407,,0.7774256467819214,,4.277789115905762,,,,,,,,,,,,,
8,,,,30259,,,,,,,,,,,,0.40878722071647644,0.12003076076507568,,0.7153853178024292,,4.223776340484619,,,,,,,,,,,,,
8,,,,30279,,,,,,,,,,,,0.40878722071647644,0.07879399508237839,,0.8327996134757996,,4.224656105041504,,,,,,,,,,,,,
8,,,,30299,,,,,,,,,,,,0.40878722071647644,0.04473289102315903,,1.104858160018921,,4.044496536254883,,,,,,,,,,,,,
8,,,,30319,,,,,,,,,,,,0.40878722071647644,0.03653198108077049,,0.9429498910903931,,3.808859348297119,,,,,,,,,,,,,
8,,,,30339,,,,,,,,,,,,0.40878722071647644,0.054657403379678726,,0.7098711729049683,,3.5081419944763184,,,,,,,,,,,,,
8,,,,30359,,,,,,,,,,,,0.40878722071647644,0.03499407693743706,,1.067568302154541,,3.866187810897827,,,,,,,,,,,,,
8,,,,30379,,,,,,,,,,,,0.40878722071647644,0.07772201299667358,,0.5238470435142517,,3.352604627609253,,,,,,,,,,,,,
8,,,,30399,,,,,,,,,,,,0.40878722071647644,0.11570437252521515,,0.5476600527763367,,4.504156112670898,,,,,,,,,,,,,
8,,,,30419,,,,,,,,,,,,0.40878722071647644,0.04119203984737396,,0.6211563348770142,,3.4968600273132324,,,,,,,,,,,,,
8,,,,30439,,,,,,,,,,,,0.40878722071647644,0.15119841694831848,,0.5554117560386658,,4.479617118835449,,,,,,,,,,,,,
8,,,,30459,,,,,,,,,,,,0.40878722071647644,0.0672069787979126,,0.4230795204639435,,3.3432788848876953,,,,,,,,,,,,,
8,,,,30479,,,,,,,,,,,,0.40878722071647644,0.08747562766075134,,0.4386845529079437,,3.356954336166382,,,,,,,,,,,,,
8,,,,30499,,,,,,,,,,,,0.40878722071647644,0.12263812869787216,,0.5375107526779175,,4.312919616699219,,,,,,,,,,,,,
8,,,,30519,,,,,,,,,,,,0.40878722071647644,0.1100849136710167,,0.7700719237327576,,4.278046607971191,,,,,,,,,,,,,
8,,,,30539,,,,,,,,,,,,0.40878722071647644,0.04753723368048668,,1.0989803075790405,,4.037814140319824,,,,,,,,,,,,,
8,,,,30559,,,,,,,,,,,,0.40878722071647644,0.03196271136403084,,1.1757851839065552,,3.9841179847717285,,,,,,,,,,,,,
8,,,,30579,,,,,,,,,,,,0.40878722071647644,0.07601460814476013,,0.43563973903656006,,3.295804500579834,,,,,,,,,,,,,
8,,,,30599,,,,,,,,,,,,0.40878722071647644,0.050868913531303406,,0.6598270535469055,,3.615600824356079,,,,,,,,,,,,,
8,,,,30619,,,,,,,,,,,,0.40878722071647644,0.05336589366197586,,1.0503435134887695,,4.163248538970947,,,,,,,,,,,,,
8,,,,30639,,,,,,,,,,,,0.40878722071647644,0.03317968547344208,,1.169311285018921,,4.072639465332031,,,,,,,,,,,,,
8,,,,30659,,,,,,,,,,,,0.40878722071647644,0.06948751211166382,,0.41541245579719543,,3.4064974784851074,,,,,,,,,,,,,
8,,,,30679,,,,,,,,,,,,0.40878722071647644,0.03663939982652664,,1.1024301052093506,,4.014282703399658,,,,,,,,,,,,,
8,,,,30699,,,,,,,,,,,,0.40878722071647644,0.05358844995498657,,0.606796383857727,,3.6027257442474365,,,,,,,,,,,,,
8,,,,30719,,,,,,,,,,,,0.40878722071647644,0.05468354746699333,,0.6530793309211731,,3.5409536361694336,,,,,,,,,,,,,
8,,,,30739,,,,,,,,,,,,0.40878722071647644,0.04841761291027069,,0.5820222496986389,,3.4952890872955322,,,,,,,,,,,,,
8,,,,30759,,,,,,,,,,,,0.40878722071647644,0.07060424983501434,,0.42702412605285645,,3.2693588733673096,,,,,,,,,,,,,
8,,,,30779,,,,,,,,,,,,0.40878722071647644,0.06643185764551163,,0.40202704071998596,,3.2892911434173584,,,,,,,,,,,,,
8,,,,30799,,,,,,,,,,,,0.40878722071647644,0.0682733952999115,,0.4252575933933258,,3.252790927886963,,,,,,,,,,,,,
8,,,,30819,,,,,,,,,,,,0.40878722071647644,0.09226320683956146,,0.3881218433380127,,3.1505703926086426,,,,,,,,,,,,,
8,,,,30839,,,,,,,,,,,,0.40878722071647644,0.0367470309138298,,0.9921855330467224,,3.881784439086914,,,,,,,,,,,,,
8,,,,30859,,,,,,,,,,,,0.40878722071647644,0.07770370692014694,,0.4088534116744995,,3.161983013153076,,,,,,,,,,,,,
8,,,,30879,,,,,,,,,,,,0.40878722071647644,0.07080260664224625,,0.48297587037086487,,3.3398971557617188,,,,,,,,,,,,,
8,,,,30899,,,,,,,,,,,,0.40878722071647644,0.09750638157129288,,0.6526930928230286,,4.391078472137451,,,,,,,,,,,,,
8,,,,30919,,,,,,,,,,,,0.40878722071647644,0.05084211379289627,,0.7238308787345886,,3.4794626235961914,,,,,,,,,,,,,
8,,,,30939,,,,,,,,,,,,0.40878722071647644,0.09455299377441406,,0.5436282157897949,,4.341822147369385,,,,,,,,,,,,,
8,,,,30959,,,,,,,,,,,,0.40878722071647644,0.03320152312517166,,1.089376449584961,,4.058068752288818,,,,,,,,,,,,,
8,,,,30979,,,,,,,,,,,,0.40878722071647644,0.0371626578271389,,1.1246997117996216,,3.9498162269592285,,,,,,,,,,,,,
8,,,,30999,,,,,,,,,,,,0.40878722071647644,0.05164425075054169,,1.012387752532959,,4.100835800170898,,,,,,,,,,,,,
8,,,,31019,,,,,,,,,,,,0.40878722071647644,0.10167405754327774,,0.7368294596672058,,4.295875549316406,,,,,,,,,,,,,
8,,,,31039,,,,,,,,,,,,0.40878722071647644,0.05847908556461334,,1.008266806602478,,4.218666076660156,,,,,,,,,,,,,
8,,,,31059,,,,,,,,,,,,0.40878722071647644,0.1222790852189064,,0.6089297533035278,,4.363018035888672,,,,,,,,,,,,,
8,,,,31079,,,,,,,,,,,,0.40878722071647644,0.11279518902301788,,0.5335755944252014,,4.412971496582031,,,,,,,,,,,,,
8,,,,31099,,,,,,,,,,,,0.40878722071647644,0.05184511840343475,,0.9903267621994019,,4.23345422744751,,,,,,,,,,,,,
8,,,,31119,,,,,,,,,,,,0.40878722071647644,0.06247319281101227,,0.40349313616752625,,3.231654644012451,,,,,,,,,,,,,
8,,,,31139,,,,,,,,,,,,0.40878722071647644,0.1027846410870552,,0.7531718611717224,,4.352518081665039,,,,,,,,,,,,,
8,,,,31159,,,,,,,,,,,,0.40878722071647644,0.1364535391330719,,0.5722758769989014,,4.398972511291504,,,,,,,,,,,,,
8,,,,31179,,,,,,,,,,,,0.40878722071647644,0.14290428161621094,,0.6927217245101929,,4.363570213317871,,,,,,,,,,,,,
8,,,,31199,,,,,,,,,,,,0.40878722071647644,0.12168440967798233,,0.547927737236023,,4.377416610717773,,,,,,,,,,,,,
8,,,,31219,,,,,,,,,,,,0.40878722071647644,0.0857008844614029,,0.6928287744522095,,4.250739574432373,,,,,,,,,,,,,
8,,,,31239,,,,,,,,,,,,0.40878722071647644,0.04051709547638893,,0.7022443413734436,,3.6521553993225098,,,,,,,,,,,,,
8,,,,31259,,,,,,,,,,,,0.40878722071647644,0.09038670361042023,,0.736778736114502,,4.407476425170898,,,,,,,,,,,,,
8,,,,31279,,,,,,,,,,,,0.40878722071647644,0.03523130342364311,,1.118342399597168,,4.074386119842529,,,,,,,,,,,,,
8,,,,31299,,,,,,,,,,,,0.40878722071647644,0.03942754119634628,,1.0769802331924438,,4.099049091339111,,,,,,,,,,,,,
8,,,,31319,,,,,,,,,,,,0.40878722071647644,0.12148132175207138,,0.5325393676757812,,4.507251262664795,,,,,,,,,,,,,
8,,,,31337,,,,,,,,,,,,,,,,,,0.7249555587768555,0.8925303220748901,0.7158138155937195,0.715029239654541,0.4705353081226349,0.7142446041107178,0.6443697214126587,0.7410348653793335,0.6838260889053345,0.8451208472251892,0.7921165227890015,0.535914957523346,0.7249555587768555
8,,,,31337,,,,,,,,,0.5506331920623779,0.07804123312234879,0.40880298614501953,,,0.7205349206924438,,3.9437429904937744,,,,,,,,,,,,,,
,0.00029610178754135,0.00029610178754135,2.9610178754135e-05,31338,,,,,,,,,,,,,,,,,,,,,,,,,,,,,,
9,,,,31339,,,,,,,,,,,,0.44039851427078247,0.07955881953239441,,0.6900981664657593,,4.245840072631836,,,,,,,,,,,,,
9,,,,31359,,,,,,,,,,,,0.44039851427078247,0.03876664862036705,,1.1183865070343018,,4.003342628479004,,,,,,,,,,,,,
9,,,,31379,,,,,,,,,,,,0.44039851427078247,0.05641310289502144,,0.5517641305923462,,3.4001030921936035,,,,,,,,,,,,,
9,,,,31399,,,,,,,,,,,,0.44039851427078247,0.06008214130997658,,0.6467388868331909,,3.51168155670166,,,,,,,,,,,,,
9,,,,31419,,,,,,,,,,,,0.44039851427078247,0.033935531973838806,,0.9343611001968384,,3.8408968448638916,,,,,,,,,,,,,
9,,,,31439,,,,,,,,,,,,0.44039851427078247,0.04017772153019905,,1.115963101387024,,4.084443092346191,,,,,,,,,,,,,
9,,,,31459,,,,,,,,,,,,0.44039851427078247,0.06685559451580048,,0.5103995203971863,,3.3648300170898438,,,,,,,,,,,,,
9,,,,31479,,,,,,,,,,,,0.44039851427078247,0.03868844360113144,,1.1946516036987305,,4.103648662567139,,,,,,,,,,,,,
9,,,,31499,,,,,,,,,,,,0.44039851427078247,0.1261056661605835,,0.5449321269989014,,4.326388359069824,,,,,,,,,,,,,
9,,,,31519,,,,,,,,,,,,0.44039851427078247,0.062130995094776154,,0.7862987518310547,,3.7556142807006836,,,,,,,,,,,,,
9,,,,31539,,,,,,,,,,,,0.44039851427078247,0.06560258567333221,,0.39419862627983093,,3.2985334396362305,,,,,,,,,,,,,
9,,,,31559,,,,,,,,,,,,0.44039851427078247,0.11845754086971283,,0.536661684513092,,4.458740234375,,,,,,,,,,,,,
9,,,,31579,,,,,,,,,,,,0.44039851427078247,0.04660223051905632,,0.5585430860519409,,3.4621214866638184,,,,,,,,,,,,,
9,,,,31599,,,,,,,,,,,,0.44039851427078247,0.04469204694032669,,1.077842354774475,,4.191388130187988,,,,,,,,,,,,,
9,,,,31619,,,,,,,,,,,,0.44039851427078247,0.10201528668403625,,0.6450705528259277,,4.30604362487793,,,,,,,,,,,,,
9,,,,31639,,,,,,,,,,,,0.44039851427078247,0.0643615871667862,,0.41779473423957825,,3.3732123374938965,,,,,,,,,,,,,
9,,,,31659,,,,,,,,,,,,0.44039851427078247,0.04558514431118965,,0.8680153489112854,,3.7310328483581543,,,,,,,,,,,,,
9,,,,31679,,,,,,,,,,,,0.44039851427078247,0.06142215058207512,,0.378828227519989,,3.1605119705200195,,,,,,,,,,,,,
9,,,,31699,,,,,,,,,,,,0.44039851427078247,0.05758754909038544,,0.42292729020118713,,3.174302101135254,,,,,,,,,,,,,
9,,,,31719,,,,,,,,,,,,0.44039851427078247,0.04304405301809311,,1.0427131652832031,,4.122191429138184,,,,,,,,,,,,,
9,,,,31739,,,,,,,,,,,,0.44039851427078247,0.10733385384082794,,0.7778823971748352,,4.275437831878662,,,,,,,,,,,,,
9,,,,31759,,,,,,,,,,,,0.44039851427078247,0.03588034212589264,,1.1862739324569702,,4.064425468444824,,,,,,,,,,,,,
9,,,,31779,,,,,,,,,,,,0.44039851427078247,0.06306955218315125,,0.9722718596458435,,4.267034530639648,,,,,,,,,,,,,
9,,,,31799,,,,,,,,,,,,0.44039851427078247,0.0644315779209137,,0.5319258570671082,,3.4969840049743652,,,,,,,,,,,,,
9,,,,31819,,,,,,,,,,,,0.44039851427078247,0.06760069727897644,,0.4264380931854248,,3.199376106262207,,,,,,,,,,,,,
9,,,,31839,,,,,,,,,,,,0.44039851427078247,0.07507249712944031,,0.38336414098739624,,3.0400733947753906,,,,,,,,,,,,,
9,,,,31859,,,,,,,,,,,,0.44039851427078247,0.13552318513393402,,0.5975949764251709,,4.6685261726379395,,,,,,,,,,,,,
9,,,,31879,,,,,,,,,,,,0.44039851427078247,0.038017600774765015,,1.0734277963638306,,3.945582389831543,,,,,,,,,,,,,
9,,,,31899,,,,,,,,,,,,0.44039851427078247,0.04070621728897095,,0.9516940116882324,,3.839588165283203,,,,,,,,,,,,,
9,,,,31919,,,,,,,,,,,,0.44039851427078247,0.07155007869005203,,0.3915761113166809,,3.3310883045196533,,,,,,,,,,,,,
9,,,,31939,,,,,,,,,,,,0.44039851427078247,0.05036356300115585,,0.6540176272392273,,3.549269199371338,,,,,,,,,,,,,
9,,,,31959,,,,,,,,,,,,0.44039851427078247,0.04655317962169647,,1.0528687238693237,,4.16106653213501,,,,,,,,,,,,,
9,,,,31979,,,,,,,,,,,,0.44039851427078247,0.05920979753136635,,0.49221089482307434,,3.347832202911377,,,,,,,,,,,,,
9,,,,31999,,,,,,,,,,,,0.44039851427078247,0.07178690284490585,,0.9686194062232971,,4.18613338470459,,,,,,,,,,,,,
9,,,,32019,,,,,,,,,,,,0.44039851427078247,0.055432528257369995,,1.0299105644226074,,4.17144775390625,,,,,,,,,,,,,
9,,,,32039,,,,,,,,,,,,0.44039851427078247,0.039039693772792816,,1.1273491382598877,,3.969970464706421,,,,,,,,,,,,,
9,,,,32059,,,,,,,,,,,,0.44039851427078247,0.06735089421272278,,1.0117392539978027,,4.241157531738281,,,,,,,,,,,,,
9,,,,32079,,,,,,,,,,,,0.44039851427078247,0.06639937311410904,,0.9051520824432373,,4.199953079223633,,,,,,,,,,,,,
9,,,,32099,,,,,,,,,,,,0.44039851427078247,0.13548773527145386,,0.5692642331123352,,4.363469123840332,,,,,,,,,,,,,
9,,,,32119,,,,,,,,,,,,0.44039851427078247,0.07206031680107117,,0.7944127321243286,,4.262802600860596,,,,,,,,,,,,,
9,,,,32139,,,,,,,,,,,,0.44039851427078247,0.060798972845077515,,0.4001059830188751,,3.2827329635620117,,,,,,,,,,,,,
9,,,,32159,,,,,,,,,,,,0.44039851427078247,0.10840301215648651,,0.6672862768173218,,4.360388278961182,,,,,,,,,,,,,
9,,,,32179,,,,,,,,,,,,0.44039851427078247,0.12360267341136932,,0.6330711841583252,,4.342094421386719,,,,,,,,,,,,,
9,,,,32199,,,,,,,,,,,,0.44039851427078247,0.03969830274581909,,1.0753344297409058,,4.084680080413818,,,,,,,,,,,,,
9,,,,32219,,,,,,,,,,,,0.44039851427078247,0.12076766788959503,,0.6724997162818909,,4.2848663330078125,,,,,,,,,,,,,
9,,,,32239,,,,,,,,,,,,0.44039851427078247,0.07468591630458832,,0.40815871953964233,,3.354207992553711,,,,,,,,,,,,,
9,,,,32259,,,,,,,,,,,,0.44039851427078247,0.03180335462093353,,1.104148268699646,,3.99643874168396,,,,,,,,,,,,,
9,,,,32279,,,,,,,,,,,,0.44039851427078247,0.047453463077545166,,1.0200930833816528,,4.11124324798584,,,,,,,,,,,,,
9,,,,32299,,,,,,,,,,,,0.44039851427078247,0.08086005598306656,,0.37010252475738525,,3.0207788944244385,,,,,,,,,,,,,
9,,,,32319,,,,,,,,,,,,0.44039851427078247,0.08399087935686111,,0.8513219356536865,,4.295147895812988,,,,,,,,,,,,,
9,,,,32339,,,,,,,,,,,,0.44039851427078247,0.043295539915561676,,0.5321015119552612,,3.4479575157165527,,,,,,,,,,,,,
9,,,,32359,,,,,,,,,,,,0.44039851427078247,0.11133340746164322,,0.5499712824821472,,4.384425640106201,,,,,,,,,,,,,
9,,,,32379,,,,,,,,,,,,0.44039851427078247,0.13302451372146606,,0.5568633079528809,,4.3113508224487305,,,,,,,,,,,,,
9,,,,32399,,,,,,,,,,,,0.44039851427078247,0.12013204395771027,,0.5348486304283142,,4.471060276031494,,,,,,,,,,,,,
9,,,,32419,,,,,,,,,,,,0.44039851427078247,0.048218369483947754,,0.6074491143226624,,3.452857255935669,,,,,,,,,,,,,
9,,,,32439,,,,,,,,,,,,0.44039851427078247,0.03846549242734909,,1.1271100044250488,,3.9832236766815186,,,,,,,,,,,,,
9,,,,32459,,,,,,,,,,,,0.44039851427078247,0.03489847853779793,,1.1916509866714478,,3.9846761226654053,,,,,,,,,,,,,
9,,,,32479,,,,,,,,,,,,0.44039851427078247,0.13495135307312012,,0.557047426700592,,4.402059555053711,,,,,,,,,,,,,
9,,,,32499,,,,,,,,,,,,0.44039851427078247,0.04408877342939377,,1.1260900497436523,,4.182456016540527,,,,,,,,,,,,,
9,,,,32519,,,,,,,,,,,,0.44039851427078247,0.07181023061275482,,0.9453938603401184,,4.229593276977539,,,,,,,,,,,,,
9,,,,32539,,,,,,,,,,,,0.44039851427078247,0.07434379309415817,,0.41509801149368286,,3.353804111480713,,,,,,,,,,,,,
9,,,,32559,,,,,,,,,,,,0.44039851427078247,0.06051059067249298,,0.6566979289054871,,3.6488213539123535,,,,,,,,,,,,,
9,,,,32579,,,,,,,,,,,,0.44039851427078247,0.1411258578300476,,0.5463670492172241,,4.5110673904418945,,,,,,,,,,,,,
9,,,,32599,,,,,,,,,,,,0.44039851427078247,0.07985275983810425,,0.4738848805427551,,3.3500828742980957,,,,,,,,,,,,,
9,,,,32619,,,,,,,,,,,,0.44039851427078247,0.07775431871414185,,0.8223153352737427,,4.197827339172363,,,,,,,,,,,,,
9,,,,32639,,,,,,,,,,,,0.44039851427078247,0.12440163642168045,,0.5701985359191895,,4.380578994750977,,,,,,,,,,,,,
9,,,,32659,,,,,,,,,,,,0.44039851427078247,0.06124066561460495,,1.0022475719451904,,4.215235710144043,,,,,,,,,,,,,
9,,,,32679,,,,,,,,,,,,0.44039851427078247,0.06231461465358734,,0.41371390223503113,,3.1967275142669678,,,,,,,,,,,,,
9,,,,32699,,,,,,,,,,,,0.44039851427078247,0.037438325583934784,,0.6638630032539368,,3.5433993339538574,,,,,,,,,,,,,
9,,,,32719,,,,,,,,,,,,0.44039851427078247,0.1113283634185791,,0.6155220866203308,,4.499322891235352,,,,,,,,,,,,,
9,,,,32739,,,,,,,,,,,,0.44039851427078247,0.07569077610969543,,0.37621009349823,,3.072052240371704,,,,,,,,,,,,,
9,,,,32759,,,,,,,,,,,,0.44039851427078247,0.07350336015224457,,0.43365028500556946,,3.22003436088562,,,,,,,,,,,,,
9,,,,32779,,,,,,,,,,,,0.44039851427078247,0.032670605927705765,,1.0344024896621704,,3.879507541656494,,,,,,,,,,,,,
9,,,,32799,,,,,,,,,,,,0.44039851427078247,0.05245090276002884,,1.049477219581604,,4.208531379699707,,,,,,,,,,,,,
9,,,,32819,,,,,,,,,,,,0.44039851427078247,0.07686877250671387,,0.4205664396286011,,3.30631160736084,,,,,,,,,,,,,
9,,,,32839,,,,,,,,,,,,0.44039851427078247,0.05089285969734192,,0.8236223459243774,,3.756920337677002,,,,,,,,,,,,,
9,,,,32859,,,,,,,,,,,,0.44039851427078247,0.031042911112308502,,1.2268704175949097,,4.0703253746032715,,,,,,,,,,,,,
9,,,,32879,,,,,,,,,,,,0.44039851427078247,0.053923286497592926,,0.5671431422233582,,3.433849334716797,,,,,,,,,,,,,
9,,,,32899,,,,,,,,,,,,0.44039851427078247,0.04621817171573639,,0.7649110555648804,,3.513770580291748,,,,,,,,,,,,,
9,,,,32919,,,,,,,,,,,,0.44039851427078247,0.11911887675523758,,0.5335869193077087,,4.390368938446045,,,,,,,,,,,,,
9,,,,32939,,,,,,,,,,,,0.44039851427078247,0.0531938374042511,,1.0461610555648804,,4.164172172546387,,,,,,,,,,,,,
9,,,,32959,,,,,,,,,,,,0.44039851427078247,0.08616569638252258,,0.8896264433860779,,4.200005054473877,,,,,,,,,,,,,
9,,,,32979,,,,,,,,,,,,0.44039851427078247,0.11619806289672852,,0.5766324996948242,,4.369833946228027,,,,,,,,,,,,,
9,,,,32999,,,,,,,,,,,,0.44039851427078247,0.05465617775917053,,0.5136657357215881,,3.4560635089874268,,,,,,,,,,,,,
9,,,,33019,,,,,,,,,,,,0.44039851427078247,0.12825244665145874,,0.5460348129272461,,4.459806442260742,,,,,,,,,,,,,
9,,,,33039,,,,,,,,,,,,0.44039851427078247,0.06713351607322693,,0.5095801949501038,,3.3196001052856445,,,,,,,,,,,,,
9,,,,33059,,,,,,,,,,,,0.44039851427078247,0.07274205982685089,,0.38194742798805237,,3.1688709259033203,,,,,,,,,,,,,
9,,,,33079,,,,,,,,,,,,0.44039851427078247,0.055122166872024536,,1.1045560836791992,,4.245697021484375,,,,,,,,,,,,,
9,,,,33099,,,,,,,,,,,,0.44039851427078247,0.10027985274791718,,0.7286816835403442,,4.311598300933838,,,,,,,,,,,,,
9,,,,33119,,,,,,,,,,,,0.44039851427078247,0.04218984395265579,,1.1035406589508057,,4.116647243499756,,,,,,,,,,,,,
9,,,,33139,,,,,,,,,,,,0.44039851427078247,0.07429525256156921,,0.83244788646698,,4.259026527404785,,,,,,,,,,,,,
9,,,,33159,,,,,,,,,,,,0.44039851427078247,0.06593409180641174,,0.7452477216720581,,3.6678786277770996,,,,,,,,,,,,,
9,,,,33179,,,,,,,,,,,,0.44039851427078247,0.057995811104774475,,0.4005986154079437,,3.269728183746338,,,,,,,,,,,,,
9,,,,33199,,,,,,,,,,,,0.44039851427078247,0.03597531467676163,,1.1240789890289307,,4.107006549835205,,,,,,,,,,,,,
9,,,,33219,,,,,,,,,,,,0.44039851427078247,0.03894226253032684,,1.267652988433838,,4.122204780578613,,,,,,,,,,,,,
9,,,,33239,,,,,,,,,,,,0.44039851427078247,0.08071012794971466,,0.42183202505111694,,3.256371021270752,,,,,,,,,,,,,
9,,,,33259,,,,,,,,,,,,0.44039851427078247,0.13202589750289917,,0.5894989967346191,,4.47984504699707,,,,,,,,,,,,,
9,,,,33279,,,,,,,,,,,,0.44039851427078247,0.09239561855792999,,0.45718371868133545,,3.241826057434082,,,,,,,,,,,,,
9,,,,33299,,,,,,,,,,,,0.44039851427078247,0.029803313314914703,,1.19907808303833,,4.077157020568848,,,,,,,,,,,,,
9,,,,33319,,,,,,,,,,,,0.44039851427078247,0.06188874691724777,,0.3993068337440491,,3.166109561920166,,,,,,,,,,,,,
9,,,,33339,,,,,,,,,,,,0.44039851427078247,0.05852600559592247,,0.6263584494590759,,3.577697992324829,,,,,,,,,,,,,
9,,,,33359,,,,,,,,,,,,0.44039851427078247,0.04179269075393677,,0.7017180323600769,,3.533616542816162,,,,,,,,,,,,,
9,,,,33379,,,,,,,,,,,,0.44039851427078247,0.05844821035861969,,1.0840749740600586,,4.230464935302734,,,,,,,,,,,,,
9,,,,33399,,,,,,,,,,,,0.44039851427078247,0.04494859278202057,,0.9974378347396851,,4.085230350494385,,,,,,,,,,,,,
9,,,,33419,,,,,,,,,,,,0.44039851427078247,0.10381826758384705,,0.5459499955177307,,4.456668853759766,,,,,,,,,,,,,
9,,,,33439,,,,,,,,,,,,0.44039851427078247,0.1239432767033577,,0.5769649744033813,,4.4353179931640625,,,,,,,,,,,,,
9,,,,33459,,,,,,,,,,,,0.44039851427078247,0.12033900618553162,,0.5386122465133667,,4.3701043128967285,,,,,,,,,,,,,
9,,,,33479,,,,,,,,,,,,0.44039851427078247,0.07828263938426971,,0.3896491229534149,,3.260009527206421,,,,,,,,,,,,,
9,,,,33499,,,,,,,,,,,,0.44039851427078247,0.033309388905763626,,1.257524013519287,,4.046761512756348,,,,,,,,,,,,,
9,,,,33519,,,,,,,,,,,,0.44039851427078247,0.08044956624507904,,0.42945051193237305,,3.3600449562072754,,,,,,,,,,,,,
9,,,,33539,,,,,,,,,,,,0.44039851427078247,0.11565138399600983,,0.5740354061126709,,4.39883279800415,,,,,,,,,,,,,
9,,,,33559,,,,,,,,,,,,0.44039851427078247,0.09547407925128937,,0.7026381492614746,,4.303998947143555,,,,,,,,,,,,,
9,,,,33579,,,,,,,,,,,,0.44039851427078247,0.04052349179983139,,1.0898356437683105,,4.073116302490234,,,,,,,,,,,,,
9,,,,33599,,,,,,,,,,,,0.44039851427078247,0.11158666014671326,,0.6732233166694641,,4.340819358825684,,,,,,,,,,,,,
9,,,,33619,,,,,,,,,,,,0.44039851427078247,0.12125100195407867,,0.5607836842536926,,4.320606231689453,,,,,,,,,,,,,
9,,,,33639,,,,,,,,,,,,0.44039851427078247,0.053565606474876404,,0.5324519872665405,,3.563143730163574,,,,,,,,,,,,,
9,,,,33659,,,,,,,,,,,,0.44039851427078247,0.05336080491542816,,0.5361654162406921,,3.4363510608673096,,,,,,,,,,,,,
9,,,,33679,,,,,,,,,,,,0.44039851427078247,0.12874934077262878,,0.5261591672897339,,4.334984302520752,,,,,,,,,,,,,
9,,,,33699,,,,,,,,,,,,0.44039851427078247,0.12064158916473389,,0.5533024668693542,,4.2759881019592285,,,,,,,,,,,,,
9,,,,33719,,,,,,,,,,,,0.44039851427078247,0.06584246456623077,,0.43256670236587524,,3.5610055923461914,,,,,,,,,,,,,
9,,,,33739,,,,,,,,,,,,0.44039851427078247,0.1183813065290451,,0.5479044914245605,,4.289053916931152,,,,,,,,,,,,,
9,,,,33759,,,,,,,,,,,,0.44039851427078247,0.08009481430053711,,0.4450928866863251,,3.4093527793884277,,,,,,,,,,,,,
9,,,,33779,,,,,,,,,,,,0.44039851427078247,0.039260752499103546,,1.113517165184021,,4.065704345703125,,,,,,,,,,,,,
9,,,,33799,,,,,,,,,,,,0.44039851427078247,0.1359914243221283,,0.5552465915679932,,4.485727787017822,,,,,,,,,,,,,
9,,,,33819,,,,,,,,,,,,0.44039851427078247,0.1454414576292038,,0.594170093536377,,4.350090026855469,,,,,,,,,,,,,
9,,,,33839,,,,,,,,,,,,0.44039851427078247,0.03599163144826889,,1.0356580018997192,,3.8520896434783936,,,,,,,,,,,,,
9,,,,33859,,,,,,,,,,,,0.44039851427078247,0.12024855613708496,,0.5371431708335876,,4.395719528198242,,,,,,,,,,,,,
9,,,,33879,,,,,,,,,,,,0.44039851427078247,0.050390735268592834,,0.6476234197616577,,3.508606195449829,,,,,,,,,,,,,
9,,,,33899,,,,,,,,,,,,0.44039851427078247,0.05496632307767868,,0.6644753217697144,,3.502671718597412,,,,,,,,,,,,,
9,,,,33919,,,,,,,,,,,,0.44039851427078247,0.045978233218193054,,0.7299124002456665,,3.53619122505188,,,,,,,,,,,,,
9,,,,33939,,,,,,,,,,,,0.44039851427078247,0.03781972825527191,,1.0898244380950928,,4.140262603759766,,,,,,,,,,,,,
9,,,,33959,,,,,,,,,,,,0.44039851427078247,0.028996873646974564,,1.0807180404663086,,3.898305892944336,,,,,,,,,,,,,
9,,,,33979,,,,,,,,,,,,0.44039851427078247,0.03196687996387482,,1.123734712600708,,3.888092517852783,,,,,,,,,,,,,
9,,,,33999,,,,,,,,,,,,0.44039851427078247,0.05426924303174019,,0.5282387137413025,,3.462019920349121,,,,,,,,,,,,,
9,,,,34019,,,,,,,,,,,,0.44039851427078247,0.03147405385971069,,0.9579880833625793,,3.775635004043579,,,,,,,,,,,,,
9,,,,34039,,,,,,,,,,,,0.44039851427078247,0.06434857845306396,,0.3900187909603119,,3.270350933074951,,,,,,,,,,,,,
9,,,,34059,,,,,,,,,,,,0.44039851427078247,0.06276774406433105,,0.4034392535686493,,3.230013847351074,,,,,,,,,,,,,
9,,,,34079,,,,,,,,,,,,0.44039851427078247,0.10368566960096359,,0.6546367406845093,,4.4358344078063965,,,,,,,,,,,,,
9,,,,34099,,,,,,,,,,,,0.44039851427078247,0.03385608643293381,,1.13215172290802,,3.9876797199249268,,,,,,,,,,,,,
9,,,,34119,,,,,,,,,,,,0.44039851427078247,0.06887148320674896,,0.4018617868423462,,3.3409433364868164,,,,,,,,,,,,,
9,,,,34139,,,,,,,,,,,,0.44039851427078247,0.09740640223026276,,0.6333442330360413,,4.382416725158691,,,,,,,,,,,,,
9,,,,34159,,,,,,,,,,,,0.44039851427078247,0.04512227326631546,,0.599084734916687,,3.480987071990967,,,,,,,,,,,,,
9,,,,34179,,,,,,,,,,,,0.44039851427078247,0.0831865519285202,,0.440787672996521,,3.3576042652130127,,,,,,,,,,,,,
9,,,,34199,,,,,,,,,,,,0.44039851427078247,0.048713479191064835,,1.1194394826889038,,4.185105323791504,,,,,,,,,,,,,
9,,,,34219,,,,,,,,,,,,0.44039851427078247,0.1290300339460373,,0.5529264807701111,,4.2886247634887695,,,,,,,,,,,,,
9,,,,34239,,,,,,,,,,,,0.44039851427078247,0.13255056738853455,,0.5305107235908508,,4.357433795928955,,,,,,,,,,,,,
9,,,,34259,,,,,,,,,,,,0.44039851427078247,0.06106659770011902,,0.4045102894306183,,3.302889823913574,,,,,,,,,,,,,
9,,,,34279,,,,,,,,,,,,0.44039851427078247,0.13447818160057068,,0.5438029766082764,,4.5050883293151855,,,,,,,,,,,,,
9,,,,34299,,,,,,,,,,,,0.44039851427078247,0.07382097095251083,,0.396028995513916,,3.243908405303955,,,,,,,,,,,,,
9,,,,34319,,,,,,,,,,,,0.44039851427078247,0.06914901733398438,,0.4162346124649048,,3.277350664138794,,,,,,,,,,,,,
9,,,,34339,,,,,,,,,,,,0.44039851427078247,0.09007476270198822,,0.40272897481918335,,3.2409722805023193,,,,,,,,,,,,,
9,,,,34359,,,,,,,,,,,,0.44039851427078247,0.07358874380588531,,0.3937712609767914,,3.2342047691345215,,,,,,,,,,,,,
9,,,,34379,,,,,,,,,,,,0.44039851427078247,0.059033285826444626,,0.4995020627975464,,3.469816207885742,,,,,,,,,,,,,
9,,,,34399,,,,,,,,,,,,0.44039851427078247,0.07002781331539154,,0.5727704763412476,,3.451785087585449,,,,,,,,,,,,,
9,,,,34419,,,,,,,,,,,,0.44039851427078247,0.03462843969464302,,1.2613849639892578,,4.039616584777832,,,,,,,,,,,,,
9,,,,34439,,,,,,,,,,,,0.44039851427078247,0.08192773163318634,,0.38128745555877686,,3.1084885597229004,,,,,,,,,,,,,
9,,,,34459,,,,,,,,,,,,0.44039851427078247,0.059835124760866165,,0.40968313813209534,,3.2662923336029053,,,,,,,,,,,,,
9,,,,34479,,,,,,,,,,,,0.44039851427078247,0.10395346581935883,,0.679032564163208,,4.3568572998046875,,,,,,,,,,,,,
9,,,,34499,,,,,,,,,,,,0.44039851427078247,0.08782348036766052,,0.8303341269493103,,4.362854957580566,,,,,,,,,,,,,
9,,,,34519,,,,,,,,,,,,0.44039851427078247,0.043774284422397614,,0.6679592728614807,,3.5083019733428955,,,,,,,,,,,,,
9,,,,34539,,,,,,,,,,,,0.44039851427078247,0.04262950271368027,,1.1958705186843872,,4.172789573669434,,,,,,,,,,,,,
9,,,,34559,,,,,,,,,,,,0.44039851427078247,0.12369261682033539,,0.6430280804634094,,4.396636962890625,,,,,,,,,,,,,
9,,,,34579,,,,,,,,,,,,0.44039851427078247,0.10310710966587067,,0.7989004850387573,,4.285646915435791,,,,,,,,,,,,,
9,,,,34599,,,,,,,,,,,,0.44039851427078247,0.06314768642187119,,0.4140421748161316,,3.3568713665008545,,,,,,,,,,,,,
9,,,,34619,,,,,,,,,,,,0.44039851427078247,0.06790560483932495,,0.9129422903060913,,4.267971515655518,,,,,,,,,,,,,
9,,,,34639,,,,,,,,,,,,0.44039851427078247,0.05189703404903412,,1.1439521312713623,,4.139488697052002,,,,,,,,,,,,,
9,,,,34659,,,,,,,,,,,,0.44039851427078247,0.05426494777202606,,0.6311411261558533,,3.6267192363739014,,,,,,,,,,,,,
9,,,,34679,,,,,,,,,,,,0.44039851427078247,0.05474900081753731,,0.6100992560386658,,3.535710334777832,,,,,,,,,,,,,
9,,,,34699,,,,,,,,,,,,0.44039851427078247,0.030262747779488564,,1.2043501138687134,,3.9809839725494385,,,,,,,,,,,,,
9,,,,34719,,,,,,,,,,,,0.44039851427078247,0.12634776532649994,,0.5883519053459167,,4.4541335105896,,,,,,,,,,,,,
9,,,,34739,,,,,,,,,,,,0.44039851427078247,0.05563934147357941,,0.7145360708236694,,3.5506858825683594,,,,,,,,,,,,,
9,,,,34759,,,,,,,,,,,,0.44039851427078247,0.07827790081501007,,0.38375452160835266,,3.150789737701416,,,,,,,,,,,,,
9,,,,34779,,,,,,,,,,,,0.44039851427078247,0.08540317416191101,,0.4082332253456116,,3.232008695602417,,,,,,,,,,,,,
9,,,,34799,,,,,,,,,,,,0.44039851427078247,0.06594592332839966,,0.48342400789260864,,3.2896900177001953,,,,,,,,,,,,,
9,,,,34819,,,,,,,,,,,,0.44039851427078247,0.1436644196510315,,0.5540175437927246,,4.531646728515625,,,,,,,,,,,,,
9,,,,34819,,,,,,,,,,,,,,,,,,0.7213466763496399,0.8934794664382935,0.6887674331665039,0.6908652782440186,0.4648071229457855,0.6929631233215332,0.6132804751396179,0.7088981866836548,0.6643984913825989,0.8195223212242126,0.8502024412155151,0.4377291202545166,0.7213466763496399
9,,,,34819,,,,,,,,,0.5595709085464478,0.0748898833990097,0.4403991103172302,,,0.721195638179779,,3.9282543659210205,,,,,,,,,,,,,,
,0.0002939239460421746,0.0002939239460421746,2.9392394604217458e-05,34820,,,,,,,,,,,,,,,,,,,,,,,,,,,,,,
10,,,,34839,,,,,,,,,,,,0.46207091212272644,0.05010588839650154,,1.0836524963378906,,4.185369968414307,,,,,,,,,,,,,
10,,,,34859,,,,,,,,,,,,0.46207091212272644,0.06659958511590958,,0.4274474084377289,,3.206320285797119,,,,,,,,,,,,,
10,,,,34879,,,,,,,,,,,,0.46207091212272644,0.1273185908794403,,0.5550546646118164,,4.5230607986450195,,,,,,,,,,,,,
10,,,,34899,,,,,,,,,,,,0.46207091212272644,0.0929776281118393,,0.666209876537323,,4.354513645172119,,,,,,,,,,,,,
10,,,,34919,,,,,,,,,,,,0.46207091212272644,0.14056730270385742,,0.5499902367591858,,4.504090309143066,,,,,,,,,,,,,
10,,,,34939,,,,,,,,,,,,0.46207091212272644,0.03743503987789154,,0.841306209564209,,3.6977953910827637,,,,,,,,,,,,,
10,,,,34959,,,,,,,,,,,,0.46207091212272644,0.07391421496868134,,0.37542909383773804,,3.131221055984497,,,,,,,,,,,,,
10,,,,34979,,,,,,,,,,,,0.46207091212272644,0.049788136035203934,,1.0776910781860352,,4.152873516082764,,,,,,,,,,,,,
10,,,,34999,,,,,,,,,,,,0.46207091212272644,0.05526750534772873,,0.4357200264930725,,3.350079298019409,,,,,,,,,,,,,
10,,,,35019,,,,,,,,,,,,0.46207091212272644,0.1383839100599289,,0.5513443946838379,,4.411652565002441,,,,,,,,,,,,,
10,,,,35039,,,,,,,,,,,,0.46207091212272644,0.1230165883898735,,0.5939812064170837,,4.304734706878662,,,,,,,,,,,,,
10,,,,35059,,,,,,,,,,,,0.46207091212272644,0.07046784460544586,,0.43569454550743103,,3.4495701789855957,,,,,,,,,,,,,
10,,,,35079,,,,,,,,,,,,0.46207091212272644,0.03820961341261864,,1.0567100048065186,,3.8393216133117676,,,,,,,,,,,,,
10,,,,35099,,,,,,,,,,,,0.46207091212272644,0.08639432489871979,,0.8535380363464355,,4.264715194702148,,,,,,,,,,,,,
10,,,,35119,,,,,,,,,,,,0.46207091212272644,0.07308036088943481,,1.077181100845337,,4.272495269775391,,,,,,,,,,,,,
10,,,,35139,,,,,,,,,,,,0.46207091212272644,0.05476468801498413,,0.6116406917572021,,3.502450466156006,,,,,,,,,,,,,
10,,,,35159,,,,,,,,,,,,0.46207091212272644,0.10946300625801086,,0.7583280801773071,,4.2877936363220215,,,,,,,,,,,,,
10,,,,35179,,,,,,,,,,,,0.46207091212272644,0.08994133770465851,,0.42398491501808167,,3.1460838317871094,,,,,,,,,,,,,
10,,,,35199,,,,,,,,,,,,0.46207091212272644,0.1191154271364212,,0.6626808643341064,,4.4708967208862305,,,,,,,,,,,,,
10,,,,35219,,,,,,,,,,,,0.46207091212272644,0.07582990825176239,,0.47325214743614197,,3.341902732849121,,,,,,,,,,,,,
10,,,,35239,,,,,,,,,,,,0.46207091212272644,0.06143639236688614,,0.39819198846817017,,3.236147403717041,,,,,,,,,,,,,
10,,,,35259,,,,,,,,,,,,0.46207091212272644,0.07296214997768402,,0.9026159048080444,,4.358535289764404,,,,,,,,,,,,,
10,,,,35279,,,,,,,,,,,,0.46207091212272644,0.10193566232919693,,0.7129911184310913,,4.337121963500977,,,,,,,,,,,,,
10,,,,35299,,,,,,,,,,,,0.46207091212272644,0.0756821557879448,,0.9171220064163208,,4.289228439331055,,,,,,,,,,,,,
10,,,,35319,,,,,,,,,,,,0.46207091212272644,0.05765140801668167,,0.48793724179267883,,3.3618903160095215,,,,,,,,,,,,,
10,,,,35339,,,,,,,,,,,,0.46207091212272644,0.038397032767534256,,1.154902458190918,,3.989344596862793,,,,,,,,,,,,,
10,,,,35359,,,,,,,,,,,,0.46207091212272644,0.06374296545982361,,0.6523096561431885,,3.6770682334899902,,,,,,,,,,,,,
10,,,,35379,,,,,,,,,,,,0.46207091212272644,0.05359198525547981,,1.0660731792449951,,4.127264022827148,,,,,,,,,,,,,
10,,,,35399,,,,,,,,,,,,0.46207091212272644,0.03962753340601921,,1.1817408800125122,,4.078927993774414,,,,,,,,,,,,,
10,,,,35419,,,,,,,,,,,,0.46207091212272644,0.06922212243080139,,1.0314226150512695,,4.148956298828125,,,,,,,,,,,,,
10,,,,35439,,,,,,,,,,,,0.46207091212272644,0.07058705389499664,,0.41477909684181213,,3.362475872039795,,,,,,,,,,,,,
10,,,,35459,,,,,,,,,,,,0.46207091212272644,0.0762501060962677,,0.40494486689567566,,3.3185412883758545,,,,,,,,,,,,,
10,,,,35479,,,,,,,,,,,,0.46207091212272644,0.05649024248123169,,1.0991145372390747,,4.163311004638672,,,,,,,,,,,,,
10,,,,35499,,,,,,,,,,,,0.46207091212272644,0.04589744657278061,,0.652018129825592,,3.573464870452881,,,,,,,,,,,,,
10,,,,35519,,,,,,,,,,,,0.46207091212272644,0.1356242299079895,,0.5743573307991028,,4.332283020019531,,,,,,,,,,,,,
10,,,,35539,,,,,,,,,,,,0.46207091212272644,0.04320945963263512,,0.7682734131813049,,3.61334228515625,,,,,,,,,,,,,
10,,,,35559,,,,,,,,,,,,0.46207091212272644,0.041902828961610794,,1.0967793464660645,,4.156492710113525,,,,,,,,,,,,,
10,,,,35579,,,,,,,,,,,,0.46207091212272644,0.10585688799619675,,0.7531758546829224,,4.2963457107543945,,,,,,,,,,,,,
10,,,,35599,,,,,,,,,,,,0.46207091212272644,0.0453605130314827,,1.0054510831832886,,3.8757429122924805,,,,,,,,,,,,,
10,,,,35619,,,,,,,,,,,,0.46207091212272644,0.11564256250858307,,0.5655131936073303,,4.365120887756348,,,,,,,,,,,,,
10,,,,35639,,,,,,,,,,,,0.46207091212272644,0.13953763246536255,,0.54209303855896,,4.366884231567383,,,,,,,,,,,,,
10,,,,35659,,,,,,,,,,,,0.46207091212272644,0.09979812055826187,,0.7490361332893372,,4.277338981628418,,,,,,,,,,,,,
10,,,,35679,,,,,,,,,,,,0.46207091212272644,0.07095913589000702,,0.43810445070266724,,3.5265135765075684,,,,,,,,,,,,,
10,,,,35699,,,,,,,,,,,,0.46207091212272644,0.0779847800731659,,0.9815111756324768,,4.256348609924316,,,,,,,,,,,,,
10,,,,35719,,,,,,,,,,,,0.46207091212272644,0.08674420416355133,,0.42130452394485474,,3.333179473876953,,,,,,,,,,,,,
10,,,,35739,,,,,,,,,,,,0.46207091212272644,0.04720252752304077,,1.1396865844726562,,4.038002967834473,,,,,,,,,,,,,
10,,,,35759,,,,,,,,,,,,0.46207091212272644,0.08752605319023132,,0.8405189514160156,,4.343853950500488,,,,,,,,,,,,,
10,,,,35779,,,,,,,,,,,,0.46207091212272644,0.1229083389043808,,0.5376527309417725,,4.494985580444336,,,,,,,,,,,,,
10,,,,35799,,,,,,,,,,,,0.46207091212272644,0.08853568136692047,,0.3988438546657562,,3.2003002166748047,,,,,,,,,,,,,
10,,,,35819,,,,,,,,,,,,0.46207091212272644,0.13872331380844116,,0.548382580280304,,4.531877517700195,,,,,,,,,,,,,
10,,,,35839,,,,,,,,,,,,0.46207091212272644,0.06177344173192978,,1.0650699138641357,,4.126206874847412,,,,,,,,,,,,,
10,,,,35859,,,,,,,,,,,,0.46207091212272644,0.11341553926467896,,0.5694801211357117,,4.364094257354736,,,,,,,,,,,,,
10,,,,35879,,,,,,,,,,,,0.46207091212272644,0.12593242526054382,,0.5362334847450256,,4.3694963455200195,,,,,,,,,,,,,
10,,,,35899,,,,,,,,,,,,0.46207091212272644,0.04896710440516472,,1.1002897024154663,,4.053102016448975,,,,,,,,,,,,,
10,,,,35919,,,,,,,,,,,,0.46207091212272644,0.09651882201433182,,0.812635064125061,,4.337642669677734,,,,,,,,,,,,,
10,,,,35939,,,,,,,,,,,,0.46207091212272644,0.03865276649594307,,1.1006087064743042,,3.972576141357422,,,,,,,,,,,,,
10,,,,35959,,,,,,,,,,,,0.46207091212272644,0.12765511870384216,,0.5576492547988892,,4.393907070159912,,,,,,,,,,,,,
10,,,,35979,,,,,,,,,,,,0.46207091212272644,0.04843676835298538,,1.1854970455169678,,4.090070724487305,,,,,,,,,,,,,
10,,,,35999,,,,,,,,,,,,0.46207091212272644,0.040745124220848083,,1.1271814107894897,,3.9872679710388184,,,,,,,,,,,,,
10,,,,36019,,,,,,,,,,,,0.46207091212272644,0.1299721747636795,,0.5660529732704163,,4.360849857330322,,,,,,,,,,,,,
10,,,,36039,,,,,,,,,,,,0.46207091212272644,0.07676726579666138,,0.4033550024032593,,3.2788968086242676,,,,,,,,,,,,,
10,,,,36059,,,,,,,,,,,,0.46207091212272644,0.11371686309576035,,0.6643422245979309,,4.482107162475586,,,,,,,,,,,,,
10,,,,36079,,,,,,,,,,,,0.46207091212272644,0.037714533507823944,,0.9533137083053589,,3.795644521713257,,,,,,,,,,,,,
10,,,,36099,,,,,,,,,,,,0.46207091212272644,0.05089588463306427,,0.7726098895072937,,3.563896894454956,,,,,,,,,,,,,
10,,,,36119,,,,,,,,,,,,0.46207091212272644,0.1164187341928482,,0.5508006811141968,,4.382172584533691,,,,,,,,,,,,,
10,,,,36139,,,,,,,,,,,,0.46207091212272644,0.0383383072912693,,0.9890521168708801,,3.871108293533325,,,,,,,,,,,,,
10,,,,36159,,,,,,,,,,,,0.46207091212272644,0.04646797478199005,,1.1595743894577026,,4.09677267074585,,,,,,,,,,,,,
10,,,,36179,,,,,,,,,,,,0.46207091212272644,0.059522271156311035,,0.6310171484947205,,3.4316461086273193,,,,,,,,,,,,,
10,,,,36199,,,,,,,,,,,,0.46207091212272644,0.07682342827320099,,0.3994033634662628,,3.2586302757263184,,,,,,,,,,,,,
10,,,,36219,,,,,,,,,,,,0.46207091212272644,0.04114046320319176,,1.1583976745605469,,4.013288497924805,,,,,,,,,,,,,
10,,,,36239,,,,,,,,,,,,0.46207091212272644,0.04693926125764847,,0.7425363063812256,,3.7702393531799316,,,,,,,,,,,,,
10,,,,36259,,,,,,,,,,,,0.46207091212272644,0.11379311978816986,,0.670773983001709,,4.249139785766602,,,,,,,,,,,,,
10,,,,36279,,,,,,,,,,,,0.46207091212272644,0.07805654406547546,,0.4189811646938324,,3.285533905029297,,,,,,,,,,,,,
10,,,,36299,,,,,,,,,,,,0.46207091212272644,0.08855356276035309,,0.44710826873779297,,3.3898909091949463,,,,,,,,,,,,,
10,,,,36319,,,,,,,,,,,,0.46207091212272644,0.048893414437770844,,0.9361458420753479,,3.8147716522216797,,,,,,,,,,,,,
10,,,,36339,,,,,,,,,,,,0.46207091212272644,0.09567590057849884,,0.4242627024650574,,3.317385673522949,,,,,,,,,,,,,
10,,,,36359,,,,,,,,,,,,0.46207091212272644,0.07346859574317932,,0.43291398882865906,,3.310673475265503,,,,,,,,,,,,,
10,,,,36379,,,,,,,,,,,,0.46207091212272644,0.08350412547588348,,0.4100033640861511,,3.2359137535095215,,,,,,,,,,,,,
10,,,,36399,,,,,,,,,,,,0.46207091212272644,0.12099026143550873,,0.6264501810073853,,4.318815231323242,,,,,,,,,,,,,
10,,,,36419,,,,,,,,,,,,0.46207091212272644,0.0774984359741211,,0.43195194005966187,,3.3738017082214355,,,,,,,,,,,,,
10,,,,36439,,,,,,,,,,,,0.46207091212272644,0.1011306643486023,,0.40450653433799744,,3.2573273181915283,,,,,,,,,,,,,
10,,,,36459,,,,,,,,,,,,0.46207091212272644,0.04342710226774216,,0.9526048898696899,,3.840116024017334,,,,,,,,,,,,,
10,,,,36479,,,,,,,,,,,,0.46207091212272644,0.09847256541252136,,0.695329487323761,,4.312735557556152,,,,,,,,,,,,,
10,,,,36499,,,,,,,,,,,,0.46207091212272644,0.06841234862804413,,0.6467437148094177,,3.6064112186431885,,,,,,,,,,,,,
10,,,,36519,,,,,,,,,,,,0.46207091212272644,0.11384470760822296,,0.7050531506538391,,4.545994281768799,,,,,,,,,,,,,
10,,,,36539,,,,,,,,,,,,0.46207091212272644,0.06228575110435486,,0.9650858640670776,,4.261970520019531,,,,,,,,,,,,,
10,,,,36559,,,,,,,,,,,,0.46207091212272644,0.0673801451921463,,0.8857042789459229,,3.6868648529052734,,,,,,,,,,,,,
10,,,,36579,,,,,,,,,,,,0.46207091212272644,0.11577675491571426,,0.6679902076721191,,4.4043731689453125,,,,,,,,,,,,,
10,,,,36599,,,,,,,,,,,,0.46207091212272644,0.13451676070690155,,0.5614346265792847,,4.428487777709961,,,,,,,,,,,,,
10,,,,36619,,,,,,,,,,,,0.46207091212272644,0.11413254588842392,,0.6770302057266235,,4.3450798988342285,,,,,,,,,,,,,
10,,,,36639,,,,,,,,,,,,0.46207091212272644,0.13880088925361633,,0.5615861415863037,,4.437444686889648,,,,,,,,,,,,,
10,,,,36659,,,,,,,,,,,,0.46207091212272644,0.057839930057525635,,0.6404633522033691,,3.6095283031463623,,,,,,,,,,,,,
10,,,,36679,,,,,,,,,,,,0.46207091212272644,0.07208484411239624,,1.005937933921814,,4.291120529174805,,,,,,,,,,,,,
10,,,,36699,,,,,,,,,,,,0.46207091212272644,0.08450782299041748,,0.4077237844467163,,3.252351760864258,,,,,,,,,,,,,
10,,,,36719,,,,,,,,,,,,0.46207091212272644,0.05005885660648346,,1.0116146802902222,,4.105984687805176,,,,,,,,,,,,,
10,,,,36739,,,,,,,,,,,,0.46207091212272644,0.07601816952228546,,0.4125572443008423,,3.1581645011901855,,,,,,,,,,,,,
10,,,,36759,,,,,,,,,,,,0.46207091212272644,0.05317342281341553,,0.7075100541114807,,3.619013786315918,,,,,,,,,,,,,
10,,,,36779,,,,,,,,,,,,0.46207091212272644,0.1284249871969223,,0.5396050214767456,,4.443997859954834,,,,,,,,,,,,,
10,,,,36799,,,,,,,,,,,,0.46207091212272644,0.10860152542591095,,0.6481776237487793,,4.443942070007324,,,,,,,,,,,,,
10,,,,36819,,,,,,,,,,,,0.46207091212272644,0.09330563247203827,,0.46890541911125183,,3.396585464477539,,,,,,,,,,,,,
10,,,,36839,,,,,,,,,,,,0.46207091212272644,0.13504868745803833,,0.5314258337020874,,4.264827728271484,,,,,,,,,,,,,
10,,,,36859,,,,,,,,,,,,0.46207091212272644,0.10940070450305939,,0.5346382260322571,,4.369028091430664,,,,,,,,,,,,,
10,,,,36879,,,,,,,,,,,,0.46207091212272644,0.06453781574964523,,0.5929084420204163,,3.471463441848755,,,,,,,,,,,,,
10,,,,36899,,,,,,,,,,,,0.46207091212272644,0.12896746397018433,,0.5362072587013245,,4.432609558105469,,,,,,,,,,,,,
10,,,,36919,,,,,,,,,,,,0.46207091212272644,0.13041570782661438,,0.5578899383544922,,4.325349807739258,,,,,,,,,,,,,
10,,,,36939,,,,,,,,,,,,0.46207091212272644,0.11261631548404694,,0.5718369483947754,,4.364877700805664,,,,,,,,,,,,,
10,,,,36959,,,,,,,,,,,,0.46207091212272644,0.08154966682195663,,0.38671550154685974,,3.181633949279785,,,,,,,,,,,,,
10,,,,36979,,,,,,,,,,,,0.46207091212272644,0.13336050510406494,,0.5594384074211121,,4.443121433258057,,,,,,,,,,,,,
10,,,,36999,,,,,,,,,,,,0.46207091212272644,0.07734152674674988,,0.5470565557479858,,3.4747719764709473,,,,,,,,,,,,,
10,,,,37019,,,,,,,,,,,,0.46207091212272644,0.13632160425186157,,0.533545970916748,,4.367836952209473,,,,,,,,,,,,,
10,,,,37039,,,,,,,,,,,,0.46207091212272644,0.08264126628637314,,0.9005385041236877,,4.296999454498291,,,,,,,,,,,,,
10,,,,37059,,,,,,,,,,,,0.46207091212272644,0.12042608857154846,,0.656391441822052,,4.311398983001709,,,,,,,,,,,,,
10,,,,37079,,,,,,,,,,,,0.46207091212272644,0.08076774328947067,,0.5065961480140686,,3.423938751220703,,,,,,,,,,,,,
10,,,,37099,,,,,,,,,,,,0.46207091212272644,0.05099071189761162,,1.1599502563476562,,4.1084184646606445,,,,,,,,,,,,,
10,,,,37119,,,,,,,,,,,,0.46207091212272644,0.11934735625982285,,0.6633021235466003,,4.514068603515625,,,,,,,,,,,,,
10,,,,37139,,,,,,,,,,,,0.46207091212272644,0.1125233918428421,,0.6775103807449341,,4.330234527587891,,,,,,,,,,,,,
10,,,,37159,,,,,,,,,,,,0.46207091212272644,0.06838434934616089,,0.5624200105667114,,3.5596208572387695,,,,,,,,,,,,,
10,,,,37179,,,,,,,,,,,,0.46207091212272644,0.11298529803752899,,0.6668285131454468,,4.34861946105957,,,,,,,,,,,,,
10,,,,37199,,,,,,,,,,,,0.46207091212272644,0.07895326614379883,,0.4458516836166382,,3.4265711307525635,,,,,,,,,,,,,
10,,,,37219,,,,,,,,,,,,0.46207091212272644,0.07439135015010834,,0.9574407935142517,,4.2590532302856445,,,,,,,,,,,,,
10,,,,37239,,,,,,,,,,,,0.46207091212272644,0.08179675787687302,,0.4007582664489746,,3.179511070251465,,,,,,,,,,,,,
10,,,,37259,,,,,,,,,,,,0.46207091212272644,0.07821986079216003,,0.6022777557373047,,3.567354202270508,,,,,,,,,,,,,
10,,,,37279,,,,,,,,,,,,0.46207091212272644,0.09209573268890381,,0.7620731592178345,,4.340033531188965,,,,,,,,,,,,,
10,,,,37299,,,,,,,,,,,,0.46207091212272644,0.09163913130760193,,0.4259137213230133,,3.235079765319824,,,,,,,,,,,,,
10,,,,37319,,,,,,,,,,,,0.46207091212272644,0.07878746092319489,,0.4555284380912781,,3.309422016143799,,,,,,,,,,,,,
10,,,,37339,,,,,,,,,,,,0.46207091212272644,0.051915571093559265,,1.2136836051940918,,4.14361572265625,,,,,,,,,,,,,
10,,,,37359,,,,,,,,,,,,0.46207091212272644,0.045468270778656006,,0.9396794438362122,,3.7408523559570312,,,,,,,,,,,,,
10,,,,37379,,,,,,,,,,,,0.46207091212272644,0.06083967164158821,,0.9035448431968689,,4.196927070617676,,,,,,,,,,,,,
10,,,,37399,,,,,,,,,,,,0.46207091212272644,0.05608963221311569,,0.6071977615356445,,3.669318199157715,,,,,,,,,,,,,
10,,,,37419,,,,,,,,,,,,0.46207091212272644,0.06289611011743546,,0.7985486388206482,,3.7051448822021484,,,,,,,,,,,,,
10,,,,37439,,,,,,,,,,,,0.46207091212272644,0.039169006049633026,,0.9360400438308716,,3.825310707092285,,,,,,,,,,,,,
10,,,,37459,,,,,,,,,,,,0.46207091212272644,0.044203199446201324,,0.9806064963340759,,3.7708029747009277,,,,,,,,,,,,,
10,,,,37479,,,,,,,,,,,,0.46207091212272644,0.1242126002907753,,0.5662052035331726,,4.54121208190918,,,,,,,,,,,,,
10,,,,37499,,,,,,,,,,,,0.46207091212272644,0.08222898095846176,,0.9535595774650574,,4.350225925445557,,,,,,,,,,,,,
10,,,,37519,,,,,,,,,,,,0.46207091212272644,0.047769445925951004,,1.1301851272583008,,3.98930287361145,,,,,,,,,,,,,
10,,,,37539,,,,,,,,,,,,0.46207091212272644,0.055055856704711914,,0.7100211381912231,,3.5436956882476807,,,,,,,,,,,,,
10,,,,37559,,,,,,,,,,,,0.46207091212272644,0.12000617384910583,,0.674848198890686,,4.306402683258057,,,,,,,,,,,,,
10,,,,37579,,,,,,,,,,,,0.46207091212272644,0.10523967444896698,,0.7267922759056091,,4.280641555786133,,,,,,,,,,,,,
10,,,,37599,,,,,,,,,,,,0.46207091212272644,0.03857851028442383,,1.2365366220474243,,4.07668399810791,,,,,,,,,,,,,
10,,,,37619,,,,,,,,,,,,0.46207091212272644,0.13766038417816162,,0.5553830862045288,,4.512056350708008,,,,,,,,,,,,,
10,,,,37639,,,,,,,,,,,,0.46207091212272644,0.05240848287940025,,1.084437370300293,,4.039983749389648,,,,,,,,,,,,,
10,,,,37659,,,,,,,,,,,,0.46207091212272644,0.07068102061748505,,1.0828784704208374,,4.162847518920898,,,,,,,,,,,,,
10,,,,37679,,,,,,,,,,,,0.46207091212272644,0.055157553404569626,,0.679041862487793,,3.5082039833068848,,,,,,,,,,,,,
10,,,,37699,,,,,,,,,,,,0.46207091212272644,0.050405025482177734,,1.0453965663909912,,3.8421473503112793,,,,,,,,,,,,,
10,,,,37719,,,,,,,,,,,,0.46207091212272644,0.07528113573789597,,0.6594968438148499,,3.5368118286132812,,,,,,,,,,,,,
10,,,,37739,,,,,,,,,,,,0.46207091212272644,0.05267980694770813,,0.6918683648109436,,3.611966609954834,,,,,,,,,,,,,
10,,,,37759,,,,,,,,,,,,0.46207091212272644,0.08039717376232147,,0.408159077167511,,3.2806692123413086,,,,,,,,,,,,,
10,,,,37779,,,,,,,,,,,,0.46207091212272644,0.12381041049957275,,0.5423411130905151,,4.411849498748779,,,,,,,,,,,,,
10,,,,37799,,,,,,,,,,,,0.46207091212272644,0.08529023826122284,,0.40148022770881653,,3.2692341804504395,,,,,,,,,,,,,
10,,,,37819,,,,,,,,,,,,0.46207091212272644,0.1373371183872223,,0.6119661331176758,,4.363386154174805,,,,,,,,,,,,,
10,,,,37839,,,,,,,,,,,,0.46207091212272644,0.12389272451400757,,0.5893360376358032,,4.3067216873168945,,,,,,,,,,,,,
10,,,,37859,,,,,,,,,,,,0.46207091212272644,0.07819738984107971,,0.9065091013908386,,4.259995937347412,,,,,,,,,,,,,
10,,,,37879,,,,,,,,,,,,0.46207091212272644,0.08370871841907501,,0.43728017807006836,,3.334176540374756,,,,,,,,,,,,,
10,,,,37899,,,,,,,,,,,,0.46207091212272644,0.14035433530807495,,0.5425674915313721,,4.317601203918457,,,,,,,,,,,,,
10,,,,37919,,,,,,,,,,,,0.46207091212272644,0.06119449809193611,,0.681495726108551,,3.6730904579162598,,,,,,,,,,,,,
10,,,,37939,,,,,,,,,,,,0.46207091212272644,0.0631994977593422,,0.937890350818634,,3.768160581588745,,,,,,,,,,,,,
10,,,,37959,,,,,,,,,,,,0.46207091212272644,0.05302155762910843,,1.0194870233535767,,3.918677806854248,,,,,,,,,,,,,
10,,,,37979,,,,,,,,,,,,0.46207091212272644,0.12086092680692673,,0.5456774830818176,,4.514901638031006,,,,,,,,,,,,,
10,,,,37999,,,,,,,,,,,,0.46207091212272644,0.07897534966468811,,0.4158933162689209,,3.422207832336426,,,,,,,,,,,,,
10,,,,38019,,,,,,,,,,,,0.46207091212272644,0.054040562361478806,,1.1425297260284424,,3.929835081100464,,,,,,,,,,,,,
10,,,,38039,,,,,,,,,,,,0.46207091212272644,0.057556502521038055,,1.0555434226989746,,3.9135875701904297,,,,,,,,,,,,,
10,,,,38059,,,,,,,,,,,,0.46207091212272644,0.05833010748028755,,0.8088843822479248,,3.7383790016174316,,,,,,,,,,,,,
10,,,,38079,,,,,,,,,,,,0.46207091212272644,0.08976931869983673,,0.39813268184661865,,3.2142202854156494,,,,,,,,,,,,,
10,,,,38099,,,,,,,,,,,,0.46207091212272644,0.048819586634635925,,1.175148606300354,,4.237880706787109,,,,,,,,,,,,,
10,,,,38119,,,,,,,,,,,,0.46207091212272644,0.08924774825572968,,0.38403239846229553,,3.1191086769104004,,,,,,,,,,,,,
10,,,,38139,,,,,,,,,,,,0.46207091212272644,0.07325011491775513,,0.9965280890464783,,4.225392818450928,,,,,,,,,,,,,
10,,,,38159,,,,,,,,,,,,0.46207091212272644,0.10139870643615723,,0.4329487383365631,,3.3780999183654785,,,,,,,,,,,,,
10,,,,38179,,,,,,,,,,,,0.46207091212272644,0.07578521221876144,,0.41200771927833557,,3.3627750873565674,,,,,,,,,,,,,
10,,,,38199,,,,,,,,,,,,0.46207091212272644,0.10921205580234528,,0.6546134352684021,,4.377287864685059,,,,,,,,,,,,,
10,,,,38219,,,,,,,,,,,,0.46207091212272644,0.058853305876255035,,0.6655879020690918,,3.507009267807007,,,,,,,,,,,,,
10,,,,38239,,,,,,,,,,,,0.46207091212272644,0.06822185218334198,,0.5802118182182312,,3.463636875152588,,,,,,,,,,,,,
10,,,,38259,,,,,,,,,,,,0.46207091212272644,0.04880247265100479,,1.0639896392822266,,3.9910948276519775,,,,,,,,,,,,,
10,,,,38279,,,,,,,,,,,,0.46207091212272644,0.04469120502471924,,0.9686887264251709,,3.809091567993164,,,,,,,,,,,,,
10,,,,38299,,,,,,,,,,,,0.46207091212272644,0.0854572057723999,,0.7867729067802429,,4.327563285827637,,,,,,,,,,,,,
10,,,,38301,,,,,,,,,,,,,,,,,,0.7207163572311401,0.9018752574920654,0.6894776821136475,0.6921230554580688,0.43901318311691284,0.6947683691978455,0.6131331324577332,0.7094695568084717,0.6521880626678467,0.8508442640304565,0.8319733738899231,0.4440678060054779,0.7207163572311401
10,,,,38301,,,,,,,,,0.5523178577423096,0.08152053505182266,0.462065726518631,,,0.7268029451370239,,3.9403326511383057,,,,,,,,,,,,,,
,0.0002912766545459287,0.0002912766545459287,2.912766545459287e-05,38302,,,,,,,,,,,,,,,,,,,,,,,,,,,,,,
11,,,,38319,,,,,,,,,,,,0.46207091212272644,0.12441255152225494,,0.5982744097709656,,4.346676826477051,,,,,,,,,,,,,
11,,,,38339,,,,,,,,,,,,0.46207091212272644,0.04762469604611397,,1.1563503742218018,,4.053644180297852,,,,,,,,,,,,,
11,,,,38359,,,,,,,,,,,,0.46207091212272644,0.0537978932261467,,1.1079518795013428,,4.042417049407959,,,,,,,,,,,,,
11,,,,38379,,,,,,,,,,,,0.46207091212272644,0.040488164871931076,,0.9618849158287048,,3.87678599357605,,,,,,,,,,,,,
11,,,,38399,,,,,,,,,,,,0.46207091212272644,0.06576189398765564,,0.6169917583465576,,3.4943861961364746,,,,,,,,,,,,,
11,,,,38419,,,,,,,,,,,,0.46207091212272644,0.06571114808320999,,1.1178840398788452,,4.170174598693848,,,,,,,,,,,,,
11,,,,38439,,,,,,,,,,,,0.46207091212272644,0.0829637348651886,,0.4357384443283081,,3.3622870445251465,,,,,,,,,,,,,
11,,,,38459,,,,,,,,,,,,0.46207091212272644,0.05530023202300072,,0.8147228956222534,,3.7475452423095703,,,,,,,,,,,,,
11,,,,38479,,,,,,,,,,,,0.46207091212272644,0.11547800898551941,,0.5695143938064575,,4.390141010284424,,,,,,,,,,,,,
11,,,,38499,,,,,,,,,,,,0.46207091212272644,0.07040619850158691,,0.6366235017776489,,3.5726704597473145,,,,,,,,,,,,,
11,,,,38519,,,,,,,,,,,,0.46207091212272644,0.09720873832702637,,0.6704849004745483,,4.372859954833984,,,,,,,,,,,,,
11,,,,38539,,,,,,,,,,,,0.46207091212272644,0.10427217185497284,,0.6878538727760315,,4.430436134338379,,,,,,,,,,,,,
11,,,,38559,,,,,,,,,,,,0.46207091212272644,0.04716365411877632,,1.0663071870803833,,3.96871018409729,,,,,,,,,,,,,
11,,,,38579,,,,,,,,,,,,0.46207091212272644,0.05237210914492607,,1.1039670705795288,,4.1481499671936035,,,,,,,,,,,,,
11,,,,38599,,,,,,,,,,,,0.46207091212272644,0.04009077697992325,,1.0933547019958496,,3.989950180053711,,,,,,,,,,,,,
11,,,,38619,,,,,,,,,,,,0.46207091212272644,0.0809602364897728,,0.9344168305397034,,4.209470748901367,,,,,,,,,,,,,
11,,,,38639,,,,,,,,,,,,0.46207091212272644,0.08818750083446503,,0.4896172881126404,,3.460493564605713,,,,,,,,,,,,,
11,,,,38659,,,,,,,,,,,,0.46207091212272644,0.0804188996553421,,0.4111733138561249,,3.313800096511841,,,,,,,,,,,,,
11,,,,38679,,,,,,,,,,,,0.46207091212272644,0.04859692230820656,,1.037745714187622,,3.9403796195983887,,,,,,,,,,,,,
11,,,,38699,,,,,,,,,,,,0.46207091212272644,0.07461796700954437,,0.5106849670410156,,3.3202128410339355,,,,,,,,,,,,,
11,,,,38719,,,,,,,,,,,,0.46207091212272644,0.045172207057476044,,1.102565884590149,,4.005105495452881,,,,,,,,,,,,,
11,,,,38739,,,,,,,,,,,,0.46207091212272644,0.08096925914287567,,0.4746891260147095,,3.3323349952697754,,,,,,,,,,,,,
11,,,,38759,,,,,,,,,,,,0.46207091212272644,0.08712749183177948,,0.6150105595588684,,3.4920496940612793,,,,,,,,,,,,,
11,,,,38779,,,,,,,,,,,,0.46207091212272644,0.10877738893032074,,0.7826778292655945,,4.365067005157471,,,,,,,,,,,,,
11,,,,38799,,,,,,,,,,,,0.46207091212272644,0.0668024867773056,,0.5409431457519531,,3.345466136932373,,,,,,,,,,,,,
11,,,,38819,,,,,,,,,,,,0.46207091212272644,0.12929943203926086,,0.576387882232666,,4.446610450744629,,,,,,,,,,,,,
11,,,,38839,,,,,,,,,,,,0.46207091212272644,0.0521932989358902,,0.7697335481643677,,3.606658935546875,,,,,,,,,,,,,
11,,,,38859,,,,,,,,,,,,0.46207091212272644,0.04426780343055725,,1.1403056383132935,,4.0606794357299805,,,,,,,,,,,,,
11,,,,38879,,,,,,,,,,,,0.46207091212272644,0.07129595428705215,,1.0134246349334717,,4.228042125701904,,,,,,,,,,,,,
11,,,,38899,,,,,,,,,,,,0.46207091212272644,0.04690501466393471,,0.7711632251739502,,3.572767972946167,,,,,,,,,,,,,
11,,,,38919,,,,,,,,,,,,0.46207091212272644,0.09092950820922852,,0.8275387287139893,,4.308511734008789,,,,,,,,,,,,,
11,,,,38939,,,,,,,,,,,,0.46207091212272644,0.07565374672412872,,0.5288254618644714,,3.3837718963623047,,,,,,,,,,,,,
11,,,,38959,,,,,,,,,,,,0.46207091212272644,0.054691657423973083,,1.031776785850525,,4.233821392059326,,,,,,,,,,,,,
11,,,,38979,,,,,,,,,,,,0.46207091212272644,0.052409783005714417,,0.8576278686523438,,3.6190028190612793,,,,,,,,,,,,,
11,,,,38999,,,,,,,,,,,,0.46207091212272644,0.07595346122980118,,0.9253341555595398,,4.289148807525635,,,,,,,,,,,,,
11,,,,39019,,,,,,,,,,,,0.46207091212272644,0.08780695497989655,,0.42492422461509705,,3.27547025680542,,,,,,,,,,,,,
11,,,,39039,,,,,,,,,,,,0.46207091212272644,0.043917812407016754,,0.9450916647911072,,3.672818422317505,,,,,,,,,,,,,
11,,,,39059,,,,,,,,,,,,0.46207091212272644,0.046053506433963776,,1.067365288734436,,3.8410117626190186,,,,,,,,,,,,,
11,,,,39079,,,,,,,,,,,,0.46207091212272644,0.09423278272151947,,0.8388416171073914,,4.300988674163818,,,,,,,,,,,,,
11,,,,39099,,,,,,,,,,,,0.46207091212272644,0.05630094185471535,,1.1852303743362427,,4.031175136566162,,,,,,,,,,,,,
11,,,,39119,,,,,,,,,,,,0.46207091212272644,0.043400611728429794,,0.7817015647888184,,3.709737539291382,,,,,,,,,,,,,
11,,,,39139,,,,,,,,,,,,0.46207091212272644,0.07731030136346817,,0.38988396525382996,,3.1896660327911377,,,,,,,,,,,,,
11,,,,39159,,,,,,,,,,,,0.46207091212272644,0.05249416083097458,,0.7357844710350037,,3.542661666870117,,,,,,,,,,,,,
11,,,,39179,,,,,,,,,,,,0.46207091212272644,0.11335186660289764,,0.5485659837722778,,4.3606672286987305,,,,,,,,,,,,,
11,,,,39199,,,,,,,,,,,,0.46207091212272644,0.107948899269104,,0.5248088836669922,,4.3682661056518555,,,,,,,,,,,,,
11,,,,39219,,,,,,,,,,,,0.46207091212272644,0.1230580285191536,,0.5684787034988403,,4.345134258270264,,,,,,,,,,,,,
11,,,,39239,,,,,,,,,,,,0.46207091212272644,0.07979652285575867,,0.4596785604953766,,3.420795202255249,,,,,,,,,,,,,
11,,,,39259,,,,,,,,,,,,0.46207091212272644,0.048806920647621155,,1.0748531818389893,,3.944138526916504,,,,,,,,,,,,,
11,,,,39279,,,,,,,,,,,,0.46207091212272644,0.11479215323925018,,0.7609685659408569,,4.502419948577881,,,,,,,,,,,,,
11,,,,39299,,,,,,,,,,,,0.46207091212272644,0.09253180772066116,,0.7149207592010498,,4.339256286621094,,,,,,,,,,,,,
11,,,,39319,,,,,,,,,,,,0.46207091212272644,0.06392823904752731,,0.7323377728462219,,3.6350221633911133,,,,,,,,,,,,,
11,,,,39339,,,,,,,,,,,,0.46207091212272644,0.07076660543680191,,0.409300297498703,,3.34222412109375,,,,,,,,,,,,,
11,,,,39359,,,,,,,,,,,,0.46207091212272644,0.0657159686088562,,0.6119307279586792,,3.564162015914917,,,,,,,,,,,,,
11,,,,39379,,,,,,,,,,,,0.46207091212272644,0.04657932370901108,,1.154886245727539,,4.106213092803955,,,,,,,,,,,,,
11,,,,39399,,,,,,,,,,,,0.46207091212272644,0.09110657125711441,,0.45384806394577026,,3.4883577823638916,,,,,,,,,,,,,
11,,,,39419,,,,,,,,,,,,0.46207091212272644,0.13652615249156952,,0.5778878927230835,,4.305597305297852,,,,,,,,,,,,,
11,,,,39439,,,,,,,,,,,,0.46207091212272644,0.052737947553396225,,1.0252035856246948,,3.88146710395813,,,,,,,,,,,,,
11,,,,39459,,,,,,,,,,,,0.46207091212272644,0.04251301661133766,,0.8941607475280762,,3.6181883811950684,,,,,,,,,,,,,
11,,,,39479,,,,,,,,,,,,0.46207091212272644,0.051521532237529755,,1.1940641403198242,,4.182502746582031,,,,,,,,,,,,,
11,,,,39499,,,,,,,,,,,,0.46207091212272644,0.13908377289772034,,0.5851349830627441,,4.406145095825195,,,,,,,,,,,,,
11,,,,39519,,,,,,,,,,,,0.46207091212272644,0.0749208927154541,,0.6152994632720947,,3.5693066120147705,,,,,,,,,,,,,
11,,,,39539,,,,,,,,,,,,0.46207091212272644,0.05988462269306183,,0.9885967373847961,,4.222103595733643,,,,,,,,,,,,,
11,,,,39559,,,,,,,,,,,,0.46207091212272644,0.06908553838729858,,0.9351033568382263,,4.236357688903809,,,,,,,,,,,,,
11,,,,39579,,,,,,,,,,,,0.46207091212272644,0.09223385155200958,,0.8035042881965637,,4.355737686157227,,,,,,,,,,,,,
11,,,,39599,,,,,,,,,,,,0.46207091212272644,0.05678124725818634,,0.6329657435417175,,3.4733669757843018,,,,,,,,,,,,,
11,,,,39619,,,,,,,,,,,,0.46207091212272644,0.03825598955154419,,1.143672227859497,,3.916046380996704,,,,,,,,,,,,,
11,,,,39639,,,,,,,,,,,,0.46207091212272644,0.07193281501531601,,0.5165249109268188,,3.19932222366333,,,,,,,,,,,,,
11,,,,39659,,,,,,,,,,,,0.46207091212272644,0.04094931483268738,,1.1331820487976074,,4.104361534118652,,,,,,,,,,,,,
11,,,,39679,,,,,,,,,,,,0.46207091212272644,0.060230933129787445,,1.0706913471221924,,4.212209224700928,,,,,,,,,,,,,
11,,,,39699,,,,,,,,,,,,0.46207091212272644,0.04833199083805084,,1.0927664041519165,,4.167230606079102,,,,,,,,,,,,,
11,,,,39719,,,,,,,,,,,,0.46207091212272644,0.04376579076051712,,1.077009916305542,,4.154244422912598,,,,,,,,,,,,,
11,,,,39739,,,,,,,,,,,,0.46207091212272644,0.0800575464963913,,0.44118553400039673,,3.3220176696777344,,,,,,,,,,,,,
11,,,,39759,,,,,,,,,,,,0.46207091212272644,0.11738462746143341,,0.6131773591041565,,4.480875492095947,,,,,,,,,,,,,
11,,,,39779,,,,,,,,,,,,0.46207091212272644,0.1317455917596817,,0.5489495396614075,,4.429960250854492,,,,,,,,,,,,,
11,,,,39799,,,,,,,,,,,,0.46207091212272644,0.06979099661111832,,0.479809045791626,,3.4309048652648926,,,,,,,,,,,,,
11,,,,39819,,,,,,,,,,,,0.46207091212272644,0.08430174738168716,,0.4132653474807739,,3.2580153942108154,,,,,,,,,,,,,
11,,,,39839,,,,,,,,,,,,0.46207091212272644,0.03751923516392708,,1.122835397720337,,4.099309921264648,,,,,,,,,,,,,
11,,,,39859,,,,,,,,,,,,0.46207091212272644,0.036847181618213654,,0.8957644701004028,,3.6882035732269287,,,,,,,,,,,,,
11,,,,39879,,,,,,,,,,,,0.46207091212272644,0.09223322570323944,,0.4020088315010071,,3.232900857925415,,,,,,,,,,,,,
11,,,,39899,,,,,,,,,,,,0.46207091212272644,0.09122966974973679,,0.39993196725845337,,3.189934015274048,,,,,,,,,,,,,
11,,,,39919,,,,,,,,,,,,0.46207091212272644,0.0833156406879425,,0.40216344594955444,,3.0560925006866455,,,,,,,,,,,,,
11,,,,39939,,,,,,,,,,,,0.46207091212272644,0.1259227991104126,,0.5638638734817505,,4.770387649536133,,,,,,,,,,,,,
11,,,,39959,,,,,,,,,,,,0.46207091212272644,0.05438561737537384,,0.7064619064331055,,3.4791831970214844,,,,,,,,,,,,,
11,,,,39979,,,,,,,,,,,,0.46207091212272644,0.07545709609985352,,0.5530966520309448,,3.410804271697998,,,,,,,,,,,,,
11,,,,39999,,,,,,,,,,,,0.46207091212272644,0.12210078537464142,,0.5617576241493225,,4.76804256439209,,,,,,,,,,,,,
11,,,,40019,,,,,,,,,,,,0.46207091212272644,0.14273034036159515,,0.5860151648521423,,4.465036869049072,,,,,,,,,,,,,
11,,,,40039,,,,,,,,,,,,0.46207091212272644,0.11602320522069931,,0.7455737590789795,,4.37589168548584,,,,,,,,,,,,,
11,,,,40059,,,,,,,,,,,,0.46207091212272644,0.04291240870952606,,0.9091082811355591,,3.6708011627197266,,,,,,,,,,,,,
11,,,,40079,,,,,,,,,,,,0.46207091212272644,0.06143420562148094,,0.9990841150283813,,4.212054252624512,,,,,,,,,,,,,
11,,,,40099,,,,,,,,,,,,0.46207091212272644,0.07697640359401703,,0.5474082231521606,,3.5820908546447754,,,,,,,,,,,,,
11,,,,40119,,,,,,,,,,,,0.46207091212272644,0.05343342572450638,,0.9782432317733765,,3.8183815479278564,,,,,,,,,,,,,
11,,,,40139,,,,,,,,,,,,0.46207091212272644,0.10802558064460754,,0.5909656882286072,,4.378504753112793,,,,,,,,,,,,,
11,,,,40159,,,,,,,,,,,,0.46207091212272644,0.06397447735071182,,1.07535719871521,,4.185591220855713,,,,,,,,,,,,,
11,,,,40179,,,,,,,,,,,,0.46207091212272644,0.14148154854774475,,0.5387435555458069,,4.486875534057617,,,,,,,,,,,,,
11,,,,40199,,,,,,,,,,,,0.46207091212272644,0.09597282111644745,,0.6460669636726379,,4.40627384185791,,,,,,,,,,,,,
11,,,,40219,,,,,,,,,,,,0.46207091212272644,0.12554308772087097,,0.5712165832519531,,4.405415058135986,,,,,,,,,,,,,
11,,,,40239,,,,,,,,,,,,0.46207091212272644,0.08143667876720428,,0.39772307872772217,,3.2933921813964844,,,,,,,,,,,,,
11,,,,40259,,,,,,,,,,,,0.46207091212272644,0.05379357188940048,,1.0765459537506104,,4.152190685272217,,,,,,,,,,,,,
11,,,,40279,,,,,,,,,,,,0.46207091212272644,0.06818731129169464,,0.5592985153198242,,3.511445999145508,,,,,,,,,,,,,
11,,,,40299,,,,,,,,,,,,0.46207091212272644,0.12057240307331085,,0.536291778087616,,4.351844310760498,,,,,,,,,,,,,
11,,,,40319,,,,,,,,,,,,0.46207091212272644,0.09187059104442596,,0.4341853857040405,,3.2220823764801025,,,,,,,,,,,,,
11,,,,40339,,,,,,,,,,,,0.46207091212272644,0.0731479823589325,,0.3828986883163452,,3.1718361377716064,,,,,,,,,,,,,
11,,,,40359,,,,,,,,,,,,0.46207091212272644,0.11009599268436432,,0.7234858274459839,,4.49761962890625,,,,,,,,,,,,,
11,,,,40379,,,,,,,,,,,,0.46207091212272644,0.12568041682243347,,0.6023733615875244,,4.61630916595459,,,,,,,,,,,,,
11,,,,40399,,,,,,,,,,,,0.46207091212272644,0.11239220201969147,,0.7175477743148804,,4.485673904418945,,,,,,,,,,,,,
11,,,,40419,,,,,,,,,,,,0.46207091212272644,0.06925114244222641,,0.4555565118789673,,3.368528366088867,,,,,,,,,,,,,
11,,,,40439,,,,,,,,,,,,0.46207091212272644,0.04523243010044098,,0.8649142980575562,,3.6163363456726074,,,,,,,,,,,,,
11,,,,40459,,,,,,,,,,,,0.46207091212272644,0.05112661421298981,,1.1272788047790527,,4.159270763397217,,,,,,,,,,,,,
11,,,,40479,,,,,,,,,,,,0.46207091212272644,0.06901679933071136,,1.1123738288879395,,4.277194976806641,,,,,,,,,,,,,
11,,,,40499,,,,,,,,,,,,0.46207091212272644,0.042728908360004425,,1.1161854267120361,,4.112471580505371,,,,,,,,,,,,,
11,,,,40519,,,,,,,,,,,,0.46207091212272644,0.09492862224578857,,0.46343719959259033,,3.257218599319458,,,,,,,,,,,,,
11,,,,40539,,,,,,,,,,,,0.46207091212272644,0.0701771229505539,,0.6315996646881104,,3.506326913833618,,,,,,,,,,,,,
11,,,,40559,,,,,,,,,,,,0.46207091212272644,0.11866657435894012,,0.6433237195014954,,4.352741241455078,,,,,,,,,,,,,
11,,,,40579,,,,,,,,,,,,0.46207091212272644,0.09751071035861969,,0.41436582803726196,,3.271221160888672,,,,,,,,,,,,,
11,,,,40599,,,,,,,,,,,,0.46207091212272644,0.06847839057445526,,0.7946504354476929,,4.294527530670166,,,,,,,,,,,,,
11,,,,40619,,,,,,,,,,,,0.46207091212272644,0.04606131836771965,,0.7967913746833801,,3.676560878753662,,,,,,,,,,,,,
11,,,,40639,,,,,,,,,,,,0.46207091212272644,0.1214292123913765,,0.5383325815200806,,4.330516815185547,,,,,,,,,,,,,
11,,,,40659,,,,,,,,,,,,0.46207091212272644,0.06706582754850388,,0.9930562973022461,,4.2155656814575195,,,,,,,,,,,,,
11,,,,40679,,,,,,,,,,,,0.46207091212272644,0.12784022092819214,,0.5382472276687622,,4.375475883483887,,,,,,,,,,,,,
11,,,,40699,,,,,,,,,,,,0.46207091212272644,0.048383139073848724,,0.863139808177948,,3.705665111541748,,,,,,,,,,,,,
11,,,,40719,,,,,,,,,,,,0.46207091212272644,0.1275297999382019,,0.6634486317634583,,4.502323150634766,,,,,,,,,,,,,
11,,,,40739,,,,,,,,,,,,0.46207091212272644,0.04074531048536301,,1.0974476337432861,,4.1186957359313965,,,,,,,,,,,,,
11,,,,40759,,,,,,,,,,,,0.46207091212272644,0.11841106414794922,,0.5512321591377258,,4.374184608459473,,,,,,,,,,,,,
11,,,,40779,,,,,,,,,,,,0.46207091212272644,0.08476676791906357,,0.8978504538536072,,4.2727508544921875,,,,,,,,,,,,,
11,,,,40799,,,,,,,,,,,,0.46207091212272644,0.09336748719215393,,0.8734304308891296,,4.259825706481934,,,,,,,,,,,,,
11,,,,40819,,,,,,,,,,,,0.46207091212272644,0.1186627447605133,,0.5462347269058228,,4.3065948486328125,,,,,,,,,,,,,
11,,,,40839,,,,,,,,,,,,0.46207091212272644,0.05495971441268921,,0.9058424234390259,,3.7772932052612305,,,,,,,,,,,,,
11,,,,40859,,,,,,,,,,,,0.46207091212272644,0.12800396978855133,,0.5944267511367798,,4.382988929748535,,,,,,,,,,,,,
11,,,,40879,,,,,,,,,,,,0.46207091212272644,0.10896213352680206,,0.4179420471191406,,3.2671260833740234,,,,,,,,,,,,,
11,,,,40899,,,,,,,,,,,,0.46207091212272644,0.12752890586853027,,0.5706109404563904,,4.420416355133057,,,,,,,,,,,,,
11,,,,40919,,,,,,,,,,,,0.46207091212272644,0.057463690638542175,,0.9487258791923523,,3.793976306915283,,,,,,,,,,,,,
11,,,,40939,,,,,,,,,,,,0.46207091212272644,0.0850934311747551,,0.4097212851047516,,3.2922279834747314,,,,,,,,,,,,,
11,,,,40959,,,,,,,,,,,,0.46207091212272644,0.09542475640773773,,0.6858948469161987,,4.4494829177856445,,,,,,,,,,,,,
11,,,,40979,,,,,,,,,,,,0.46207091212272644,0.05808846652507782,,0.8883501291275024,,3.6501598358154297,,,,,,,,,,,,,
11,,,,40999,,,,,,,,,,,,0.46207091212272644,0.051990408450365067,,1.1538939476013184,,4.086613655090332,,,,,,,,,,,,,
11,,,,41019,,,,,,,,,,,,0.46207091212272644,0.13519062101840973,,0.548100471496582,,4.513354301452637,,,,,,,,,,,,,
11,,,,41039,,,,,,,,,,,,0.46207091212272644,0.09306596219539642,,0.48579537868499756,,3.4282078742980957,,,,,,,,,,,,,
11,,,,41059,,,,,,,,,,,,0.46207091212272644,0.08153566718101501,,0.43730008602142334,,3.3503355979919434,,,,,,,,,,,,,
11,,,,41079,,,,,,,,,,,,0.46207091212272644,0.046893518418073654,,1.0457879304885864,,4.023847579956055,,,,,,,,,,,,,
11,,,,41099,,,,,,,,,,,,0.46207091212272644,0.12850069999694824,,0.5448545813560486,,4.402388095855713,,,,,,,,,,,,,
11,,,,41119,,,,,,,,,,,,0.46207091212272644,0.058538515120744705,,1.01688551902771,,4.252806663513184,,,,,,,,,,,,,
11,,,,41139,,,,,,,,,,,,0.46207091212272644,0.08583199977874756,,0.3952537775039673,,3.203852653503418,,,,,,,,,,,,,
11,,,,41159,,,,,,,,,,,,0.46207091212272644,0.1370161920785904,,0.5517146587371826,,4.524535179138184,,,,,,,,,,,,,
11,,,,41179,,,,,,,,,,,,0.46207091212272644,0.11717717349529266,,0.5456754565238953,,4.473770618438721,,,,,,,,,,,,,
11,,,,41199,,,,,,,,,,,,0.46207091212272644,0.052694618701934814,,1.0539164543151855,,3.929187297821045,,,,,,,,,,,,,
11,,,,41219,,,,,,,,,,,,0.46207091212272644,0.1212661862373352,,0.5518880486488342,,4.4819536209106445,,,,,,,,,,,,,
11,,,,41239,,,,,,,,,,,,0.46207091212272644,0.04713553935289383,,1.1607452630996704,,4.01598596572876,,,,,,,,,,,,,
11,,,,41259,,,,,,,,,,,,0.46207091212272644,0.05851590633392334,,1.017533540725708,,4.2043657302856445,,,,,,,,,,,,,
11,,,,41279,,,,,,,,,,,,0.46207091212272644,0.07970407605171204,,0.6900342702865601,,3.581003189086914,,,,,,,,,,,,,
11,,,,41299,,,,,,,,,,,,0.46207091212272644,0.10123248398303986,,0.663620114326477,,4.440694808959961,,,,,,,,,,,,,
11,,,,41319,,,,,,,,,,,,0.46207091212272644,0.11635391414165497,,0.6614989042282104,,4.293464183807373,,,,,,,,,,,,,
11,,,,41339,,,,,,,,,,,,0.46207091212272644,0.08980977535247803,,0.44644927978515625,,3.3103537559509277,,,,,,,,,,,,,
11,,,,41359,,,,,,,,,,,,0.46207091212272644,0.09130927920341492,,0.6538622379302979,,4.398399353027344,,,,,,,,,,,,,
11,,,,41379,,,,,,,,,,,,0.46207091212272644,0.04173358902335167,,1.1207760572433472,,3.9393203258514404,,,,,,,,,,,,,
11,,,,41399,,,,,,,,,,,,0.46207091212272644,0.06280384957790375,,0.7613219022750854,,3.6581778526306152,,,,,,,,,,,,,
11,,,,41419,,,,,,,,,,,,0.46207091212272644,0.12605994939804077,,0.5423042178153992,,4.409490585327148,,,,,,,,,,,,,
11,,,,41439,,,,,,,,,,,,0.46207091212272644,0.1334521472454071,,0.5419636368751526,,4.406069278717041,,,,,,,,,,,,,
11,,,,41459,,,,,,,,,,,,0.46207091212272644,0.0495854876935482,,1.146902084350586,,4.042821884155273,,,,,,,,,,,,,
11,,,,41479,,,,,,,,,,,,0.46207091212272644,0.12529169023036957,,0.7189555168151855,,4.4430131912231445,,,,,,,,,,,,,
11,,,,41499,,,,,,,,,,,,0.46207091212272644,0.1254357397556305,,0.5382862091064453,,4.445547580718994,,,,,,,,,,,,,
11,,,,41519,,,,,,,,,,,,0.46207091212272644,0.11860664188861847,,0.6662686467170715,,4.3842291831970215,,,,,,,,,,,,,
11,,,,41539,,,,,,,,,,,,0.46207091212272644,0.07106782495975494,,0.47678449749946594,,3.403287410736084,,,,,,,,,,,,,
11,,,,41559,,,,,,,,,,,,0.46207091212272644,0.08037921041250229,,0.42239609360694885,,3.259809970855713,,,,,,,,,,,,,
11,,,,41579,,,,,,,,,,,,0.46207091212272644,0.08906416594982147,,0.40624022483825684,,3.2048730850219727,,,,,,,,,,,,,
11,,,,41599,,,,,,,,,,,,0.46207091212272644,0.04990670084953308,,1.1022502183914185,,4.163230895996094,,,,,,,,,,,,,
11,,,,41619,,,,,,,,,,,,0.46207091212272644,0.06267549097537994,,0.7207872867584229,,3.5890276432037354,,,,,,,,,,,,,
11,,,,41639,,,,,,,,,,,,0.46207091212272644,0.14226983487606049,,0.5476685166358948,,4.417160511016846,,,,,,,,,,,,,
11,,,,41659,,,,,,,,,,,,0.46207091212272644,0.08733968436717987,,0.5906805992126465,,3.5791640281677246,,,,,,,,,,,,,
11,,,,41679,,,,,,,,,,,,0.46207091212272644,0.10773752629756927,,0.40882498025894165,,3.2532153129577637,,,,,,,,,,,,,
11,,,,41699,,,,,,,,,,,,0.46207091212272644,0.09356413781642914,,0.7669016718864441,,4.363803863525391,,,,,,,,,,,,,
11,,,,41719,,,,,,,,,,,,0.46207091212272644,0.061110034584999084,,1.1879609823226929,,4.162417411804199,,,,,,,,,,,,,
11,,,,41739,,,,,,,,,,,,0.46207091212272644,0.09401066601276398,,0.42511656880378723,,3.4155759811401367,,,,,,,,,,,,,
11,,,,41759,,,,,,,,,,,,0.46207091212272644,0.12098459154367447,,0.610008180141449,,4.377501964569092,,,,,,,,,,,,,
11,,,,41779,,,,,,,,,,,,0.46207091212272644,0.11997988820075989,,0.523809015750885,,4.3568267822265625,,,,,,,,,,,,,
11,,,,41783,,,,,,,,,,,,,,,,,,0.725758969783783,0.8963091373443604,0.6975089311599731,0.6959068775177002,0.45999404788017273,0.6943048238754272,0.6183776259422302,0.716621994972229,0.6869533658027649,0.8114210963249207,0.8158551454544067,0.4629895091056824,0.725758969783783
11,,,,41783,,,,,,,,,0.5588454008102417,0.08150844275951385,0.462065726518631,,,0.7271719574928284,,3.925978422164917,,,,,,,,,,,,,,
,0.00028816854796722747,0.00028816854796722747,2.881685479672275e-05,41784,,,,,,,,,,,,,,,,,,,,,,,,,,,,,,
12,,,,41799,,,,,,,,,,,,0.46207091212272644,0.13167041540145874,,0.6044967174530029,,4.276373863220215,,,,,,,,,,,,,
12,,,,41819,,,,,,,,,,,,0.46207091212272644,0.08442763984203339,,0.4582843780517578,,3.39919114112854,,,,,,,,,,,,,
12,,,,41839,,,,,,,,,,,,0.46207091212272644,0.11239086091518402,,0.5384109616279602,,4.386655807495117,,,,,,,,,,,,,
12,,,,41859,,,,,,,,,,,,0.46207091212272644,0.12504494190216064,,0.5272904634475708,,4.401983261108398,,,,,,,,,,,,,
12,,,,41879,,,,,,,,,,,,0.46207091212272644,0.09554798901081085,,0.40151339769363403,,3.1827187538146973,,,,,,,,,,,,,
12,,,,41899,,,,,,,,,,,,0.46207091212272644,0.13172905147075653,,0.540540874004364,,4.472168445587158,,,,,,,,,,,,,
12,,,,41919,,,,,,,,,,,,0.46207091212272644,0.08858172595500946,,0.48981261253356934,,3.3581881523132324,,,,,,,,,,,,,
12,,,,41939,,,,,,,,,,,,0.46207091212272644,0.09912709891796112,,0.785269558429718,,4.371191024780273,,,,,,,,,,,,,
12,,,,41959,,,,,,,,,,,,0.46207091212272644,0.07914629578590393,,0.6770169734954834,,3.583658456802368,,,,,,,,,,,,,
12,,,,41979,,,,,,,,,,,,0.46207091212272644,0.050626128911972046,,1.1703300476074219,,4.147838592529297,,,,,,,,,,,,,
12,,,,41999,,,,,,,,,,,,0.46207091212272644,0.13343288004398346,,0.5246041417121887,,4.309818267822266,,,,,,,,,,,,,
12,,,,42019,,,,,,,,,,,,0.46207091212272644,0.07917541265487671,,0.5864549279212952,,3.529722213745117,,,,,,,,,,,,,
12,,,,42039,,,,,,,,,,,,0.46207091212272644,0.05778852850198746,,0.743243932723999,,3.5196845531463623,,,,,,,,,,,,,
12,,,,42059,,,,,,,,,,,,0.46207091212272644,0.12973138689994812,,0.5462886095046997,,4.446537017822266,,,,,,,,,,,,,
12,,,,42079,,,,,,,,,,,,0.46207091212272644,0.0626986175775528,,0.6136784553527832,,3.461616277694702,,,,,,,,,,,,,
12,,,,42099,,,,,,,,,,,,0.46207091212272644,0.06936676800251007,,0.9351105093955994,,4.217061519622803,,,,,,,,,,,,,
12,,,,42119,,,,,,,,,,,,0.46207091212272644,0.04348071664571762,,1.054587483406067,,3.9256954193115234,,,,,,,,,,,,,
12,,,,42139,,,,,,,,,,,,0.46207091212272644,0.04590824991464615,,0.8594643473625183,,3.8001608848571777,,,,,,,,,,,,,
12,,,,42159,,,,,,,,,,,,0.46207091212272644,0.05765598267316818,,1.1236660480499268,,4.08837366104126,,,,,,,,,,,,,
12,,,,42179,,,,,,,,,,,,0.46207091212272644,0.12223567068576813,,0.5463378429412842,,4.288249492645264,,,,,,,,,,,,,
12,,,,42199,,,,,,,,,,,,0.46207091212272644,0.05353377386927605,,1.1036021709442139,,4.003130912780762,,,,,,,,,,,,,
12,,,,42219,,,,,,,,,,,,0.46207091212272644,0.11709356307983398,,0.5494446158409119,,4.347064971923828,,,,,,,,,,,,,
12,,,,42239,,,,,,,,,,,,0.46207091212272644,0.05992035195231438,,0.6738314628601074,,3.6349997520446777,,,,,,,,,,,,,
12,,,,42259,,,,,,,,,,,,0.46207091212272644,0.053233854472637177,,1.0324362516403198,,4.140713691711426,,,,,,,,,,,,,
12,,,,42279,,,,,,,,,,,,0.46207091212272644,0.09336923062801361,,0.4499514400959015,,3.1989493370056152,,,,,,,,,,,,,
12,,,,42299,,,,,,,,,,,,0.46207091212272644,0.04765854775905609,,1.1444565057754517,,4.0031046867370605,,,,,,,,,,,,,
12,,,,42319,,,,,,,,,,,,0.46207091212272644,0.14338064193725586,,0.5483253002166748,,4.382498741149902,,,,,,,,,,,,,
12,,,,42339,,,,,,,,,,,,0.46207091212272644,0.04502200335264206,,1.0884281396865845,,3.9203262329101562,,,,,,,,,,,,,
12,,,,42359,,,,,,,,,,,,0.46207091212272644,0.06907909363508224,,0.938416063785553,,4.1746721267700195,,,,,,,,,,,,,
12,,,,42379,,,,,,,,,,,,0.46207091212272644,0.07495567202568054,,0.8458648920059204,,4.268189430236816,,,,,,,,,,,,,
12,,,,42399,,,,,,,,,,,,0.46207091212272644,0.07378263771533966,,0.9793106317520142,,4.326284885406494,,,,,,,,,,,,,
12,,,,42419,,,,,,,,,,,,0.46207091212272644,0.0676378607749939,,0.800498366355896,,3.6703953742980957,,,,,,,,,,,,,
12,,,,42439,,,,,,,,,,,,0.46207091212272644,0.1452520340681076,,0.5847231149673462,,4.356945037841797,,,,,,,,,,,,,
12,,,,42459,,,,,,,,,,,,0.46207091212272644,0.05824609845876694,,0.8738459348678589,,4.2130045890808105,,,,,,,,,,,,,
12,,,,42479,,,,,,,,,,,,0.46207091212272644,0.05753317102789879,,1.3225692510604858,,4.216189384460449,,,,,,,,,,,,,
12,,,,42499,,,,,,,,,,,,0.46207091212272644,0.06267192959785461,,1.04307222366333,,4.2268571853637695,,,,,,,,,,,,,
12,,,,42519,,,,,,,,,,,,0.46207091212272644,0.09083795547485352,,0.42700183391571045,,3.3929290771484375,,,,,,,,,,,,,
12,,,,42539,,,,,,,,,,,,0.46207091212272644,0.05006897449493408,,0.8963382244110107,,3.7744338512420654,,,,,,,,,,,,,
12,,,,42559,,,,,,,,,,,,0.46207091212272644,0.0800519585609436,,0.5505329966545105,,3.5323681831359863,,,,,,,,,,,,,
12,,,,42579,,,,,,,,,,,,0.46207091212272644,0.04519931599497795,,0.670224130153656,,3.5800790786743164,,,,,,,,,,,,,
12,,,,42599,,,,,,,,,,,,0.46207091212272644,0.03844799846410751,,1.1473324298858643,,4.0633544921875,,,,,,,,,,,,,
12,,,,42619,,,,,,,,,,,,0.46207091212272644,0.0541771799325943,,0.9096332788467407,,3.6846065521240234,,,,,,,,,,,,,
12,,,,42639,,,,,,,,,,,,0.46207091212272644,0.127178356051445,,0.5599207282066345,,4.475399494171143,,,,,,,,,,,,,
12,,,,42659,,,,,,,,,,,,0.46207091212272644,0.05941028892993927,,0.8596693873405457,,3.7102885246276855,,,,,,,,,,,,,
12,,,,42679,,,,,,,,,,,,0.46207091212272644,0.05134798586368561,,1.1897029876708984,,4.064577102661133,,,,,,,,,,,,,
12,,,,42699,,,,,,,,,,,,0.46207091212272644,0.10794997215270996,,0.8200094103813171,,4.326685905456543,,,,,,,,,,,,,
12,,,,42719,,,,,,,,,,,,0.46207091212272644,0.06262007355690002,,0.6910952925682068,,3.6696653366088867,,,,,,,,,,,,,
12,,,,42739,,,,,,,,,,,,0.46207091212272644,0.09951052069664001,,0.737562894821167,,4.312600135803223,,,,,,,,,,,,,
12,,,,42759,,,,,,,,,,,,0.46207091212272644,0.08860928565263748,,0.4545234739780426,,3.4039177894592285,,,,,,,,,,,,,
12,,,,42779,,,,,,,,,,,,0.46207091212272644,0.06178450956940651,,0.8878489136695862,,3.679241895675659,,,,,,,,,,,,,
12,,,,42799,,,,,,,,,,,,0.46207091212272644,0.1178625300526619,,0.5486634969711304,,4.442710876464844,,,,,,,,,,,,,
12,,,,42819,,,,,,,,,,,,0.46207091212272644,0.08850537240505219,,0.39462998509407043,,3.184070587158203,,,,,,,,,,,,,
12,,,,42839,,,,,,,,,,,,0.46207091212272644,0.09308113157749176,,0.9101590514183044,,4.35115909576416,,,,,,,,,,,,,
12,,,,42859,,,,,,,,,,,,0.46207091212272644,0.1309908926486969,,0.5422147512435913,,4.445605754852295,,,,,,,,,,,,,
12,,,,42879,,,,,,,,,,,,0.46207091212272644,0.13548143208026886,,0.5561522841453552,,4.476113319396973,,,,,,,,,,,,,
12,,,,42899,,,,,,,,,,,,0.46207091212272644,0.12548618018627167,,0.5463882088661194,,4.574122428894043,,,,,,,,,,,,,
12,,,,42919,,,,,,,,,,,,0.46207091212272644,0.12480627000331879,,0.646287739276886,,4.4670257568359375,,,,,,,,,,,,,
12,,,,42939,,,,,,,,,,,,0.46207091212272644,0.07775701582431793,,0.5438174605369568,,3.465811252593994,,,,,,,,,,,,,
12,,,,42959,,,,,,,,,,,,0.46207091212272644,0.0906543955206871,,0.44234657287597656,,3.3492114543914795,,,,,,,,,,,,,
12,,,,42979,,,,,,,,,,,,0.46207091212272644,0.10008589923381805,,0.43598759174346924,,3.3331193923950195,,,,,,,,,,,,,
12,,,,42999,,,,,,,,,,,,0.46207091212272644,0.05158069729804993,,0.9512999057769775,,3.7387638092041016,,,,,,,,,,,,,
12,,,,43019,,,,,,,,,,,,0.46207091212272644,0.08790890127420425,,0.3944629728794098,,3.1905994415283203,,,,,,,,,,,,,
12,,,,43039,,,,,,,,,,,,0.46207091212272644,0.06113555282354355,,1.00339937210083,,3.8131918907165527,,,,,,,,,,,,,
12,,,,43059,,,,,,,,,,,,0.46207091212272644,0.11674217879772186,,0.6558242440223694,,4.273160934448242,,,,,,,,,,,,,
12,,,,43079,,,,,,,,,,,,0.46207091212272644,0.12121051549911499,,0.5832899808883667,,4.353909492492676,,,,,,,,,,,,,
12,,,,43099,,,,,,,,,,,,0.46207091212272644,0.04756902903318405,,1.1578519344329834,,3.964179039001465,,,,,,,,,,,,,
12,,,,43119,,,,,,,,,,,,0.46207091212272644,0.04706291854381561,,1.227905511856079,,4.08791446685791,,,,,,,,,,,,,
12,,,,43139,,,,,,,,,,,,0.46207091212272644,0.05455809086561203,,1.172100305557251,,4.093742370605469,,,,,,,,,,,,,
12,,,,43159,,,,,,,,,,,,0.46207091212272644,0.07272124290466309,,0.9528751373291016,,4.230231285095215,,,,,,,,,,,,,
12,,,,43179,,,,,,,,,,,,0.46207091212272644,0.13560152053833008,,0.5523809790611267,,4.346616268157959,,,,,,,,,,,,,
12,,,,43199,,,,,,,,,,,,0.46207091212272644,0.08787064254283905,,0.47004184126853943,,3.492000102996826,,,,,,,,,,,,,
12,,,,43219,,,,,,,,,,,,0.46207091212272644,0.10095737874507904,,0.8165261149406433,,4.261021614074707,,,,,,,,,,,,,
12,,,,43239,,,,,,,,,,,,0.46207091212272644,0.14134839177131653,,0.5562805533409119,,4.429882526397705,,,,,,,,,,,,,
12,,,,43259,,,,,,,,,,,,0.46207091212272644,0.13186140358448029,,0.5554812550544739,,4.526472091674805,,,,,,,,,,,,,
12,,,,43279,,,,,,,,,,,,0.46207091212272644,0.05093954876065254,,0.9364771246910095,,3.724977493286133,,,,,,,,,,,,,
12,,,,43299,,,,,,,,,,,,0.46207091212272644,0.12458989024162292,,0.7059400081634521,,4.329206466674805,,,,,,,,,,,,,
12,,,,43319,,,,,,,,,,,,0.46207091212272644,0.08941026777029037,,0.5049189329147339,,3.5657925605773926,,,,,,,,,,,,,
12,,,,43339,,,,,,,,,,,,0.46207091212272644,0.14552824199199677,,0.5378106236457825,,4.296736717224121,,,,,,,,,,,,,
12,,,,43359,,,,,,,,,,,,0.46207091212272644,0.13030335307121277,,0.6071092486381531,,4.35284423828125,,,,,,,,,,,,,
12,,,,43379,,,,,,,,,,,,0.46207091212272644,0.045535214245319366,,1.0201472043991089,,3.857769012451172,,,,,,,,,,,,,
12,,,,43399,,,,,,,,,,,,0.46207091212272644,0.07073961198329926,,0.8183280825614929,,3.711839437484741,,,,,,,,,,,,,
12,,,,43419,,,,,,,,,,,,0.46207091212272644,0.11816861480474472,,0.5858630537986755,,4.3809814453125,,,,,,,,,,,,,
12,,,,43439,,,,,,,,,,,,0.46207091212272644,0.09887052327394485,,0.9158645868301392,,4.2936553955078125,,,,,,,,,,,,,
12,,,,43459,,,,,,,,,,,,0.46207091212272644,0.07164499908685684,,0.9158384203910828,,4.209221363067627,,,,,,,,,,,,,
12,,,,43479,,,,,,,,,,,,0.46207091212272644,0.05192483961582184,,1.092917561531067,,3.990212917327881,,,,,,,,,,,,,
12,,,,43499,,,,,,,,,,,,0.46207091212272644,0.08309246599674225,,0.42017805576324463,,3.329298496246338,,,,,,,,,,,,,
12,,,,43519,,,,,,,,,,,,0.46207091212272644,0.0682201087474823,,0.813309907913208,,3.6863608360290527,,,,,,,,,,,,,
12,,,,43539,,,,,,,,,,,,0.46207091212272644,0.1358332484960556,,0.534864068031311,,4.372051239013672,,,,,,,,,,,,,
12,,,,43559,,,,,,,,,,,,0.46207091212272644,0.057424694299697876,,1.0053963661193848,,3.8281219005584717,,,,,,,,,,,,,
12,,,,43579,,,,,,,,,,,,0.46207091212272644,0.12116584181785583,,0.6071761250495911,,4.369006156921387,,,,,,,,,,,,,
12,,,,43599,,,,,,,,,,,,0.46207091212272644,0.13217511773109436,,0.5926802158355713,,4.404980659484863,,,,,,,,,,,,,
12,,,,43619,,,,,,,,,,,,0.46207091212272644,0.09413444250822067,,0.5569771528244019,,3.512974262237549,,,,,,,,,,,,,
12,,,,43639,,,,,,,,,,,,0.46207091212272644,0.10201917588710785,,0.43268492817878723,,3.3302862644195557,,,,,,,,,,,,,
12,,,,43659,,,,,,,,,,,,0.46207091212272644,0.10590416193008423,,0.6270869374275208,,4.384675979614258,,,,,,,,,,,,,
12,,,,43679,,,,,,,,,,,,0.46207091212272644,0.05508609861135483,,0.95728600025177,,3.6992712020874023,,,,,,,,,,,,,
12,,,,43699,,,,,,,,,,,,0.46207091212272644,0.09757184982299805,,0.43802183866500854,,3.2734546661376953,,,,,,,,,,,,,
12,,,,43719,,,,,,,,,,,,0.46207091212272644,0.048604246228933334,,0.9811850190162659,,3.8136370182037354,,,,,,,,,,,,,
12,,,,43739,,,,,,,,,,,,0.46207091212272644,0.0925993099808693,,0.4292777180671692,,3.3536133766174316,,,,,,,,,,,,,
12,,,,43759,,,,,,,,,,,,0.46207091212272644,0.12171867489814758,,0.6280210614204407,,4.396472930908203,,,,,,,,,,,,,
12,,,,43779,,,,,,,,,,,,0.46207091212272644,0.07975341379642487,,0.8850984573364258,,4.195906639099121,,,,,,,,,,,,,
12,,,,43799,,,,,,,,,,,,0.46207091212272644,0.0822024866938591,,0.9328877329826355,,4.207779884338379,,,,,,,,,,,,,
12,,,,43819,,,,,,,,,,,,0.46207091212272644,0.1204805076122284,,0.7181634902954102,,4.255007743835449,,,,,,,,,,,,,
12,,,,43839,,,,,,,,,,,,0.46207091212272644,0.08044272661209106,,0.9941811561584473,,4.228725433349609,,,,,,,,,,,,,
12,,,,43859,,,,,,,,,,,,0.46207091212272644,0.09351205825805664,,0.46570533514022827,,3.3583312034606934,,,,,,,,,,,,,
12,,,,43879,,,,,,,,,,,,0.46207091212272644,0.09427443146705627,,0.42353498935699463,,3.321228265762329,,,,,,,,,,,,,
12,,,,43899,,,,,,,,,,,,0.46207091212272644,0.09440690279006958,,0.4882104694843292,,3.466146945953369,,,,,,,,,,,,,
12,,,,43919,,,,,,,,,,,,0.46207091212272644,0.08594821393489838,,0.4768698811531067,,3.4128363132476807,,,,,,,,,,,,,
12,,,,43939,,,,,,,,,,,,0.46207091212272644,0.14699015021324158,,0.5439255833625793,,4.460693836212158,,,,,,,,,,,,,
12,,,,43959,,,,,,,,,,,,0.46207091212272644,0.10577516257762909,,0.44973862171173096,,3.318211793899536,,,,,,,,,,,,,
12,,,,43979,,,,,,,,,,,,0.46207091212272644,0.07586082071065903,,0.5060465335845947,,3.262586832046509,,,,,,,,,,,,,
12,,,,43999,,,,,,,,,,,,0.46207091212272644,0.05440293252468109,,1.2312437295913696,,4.082474708557129,,,,,,,,,,,,,
12,,,,44019,,,,,,,,,,,,0.46207091212272644,0.05189665034413338,,1.0903429985046387,,3.9397215843200684,,,,,,,,,,,,,
12,,,,44039,,,,,,,,,,,,0.46207091212272644,0.05841905623674393,,1.1285511255264282,,4.052401542663574,,,,,,,,,,,,,
12,,,,44059,,,,,,,,,,,,0.46207091212272644,0.09615213423967361,,0.4367143511772156,,3.3636388778686523,,,,,,,,,,,,,
12,,,,44079,,,,,,,,,,,,0.46207091212272644,0.11185523867607117,,0.6505705714225769,,4.360396385192871,,,,,,,,,,,,,
12,,,,44099,,,,,,,,,,,,0.46207091212272644,0.09599354863166809,,0.39082473516464233,,3.2101292610168457,,,,,,,,,,,,,
12,,,,44119,,,,,,,,,,,,0.46207091212272644,0.06710023432970047,,0.598379909992218,,3.5290300846099854,,,,,,,,,,,,,
12,,,,44139,,,,,,,,,,,,0.46207091212272644,0.06851594150066376,,0.7292275428771973,,3.621269702911377,,,,,,,,,,,,,
12,,,,44159,,,,,,,,,,,,0.46207091212272644,0.059705160558223724,,1.1903437376022339,,4.0930986404418945,,,,,,,,,,,,,
12,,,,44179,,,,,,,,,,,,0.46207091212272644,0.06539490818977356,,1.0288206338882446,,4.1938371658325195,,,,,,,,,,,,,
12,,,,44199,,,,,,,,,,,,0.46207091212272644,0.09287373721599579,,0.41202643513679504,,3.2752749919891357,,,,,,,,,,,,,
12,,,,44219,,,,,,,,,,,,0.46207091212272644,0.13481703400611877,,0.5653248429298401,,4.463654518127441,,,,,,,,,,,,,
12,,,,44239,,,,,,,,,,,,0.46207091212272644,0.0781145989894867,,0.6407536268234253,,3.5470259189605713,,,,,,,,,,,,,
12,,,,44259,,,,,,,,,,,,0.46207091212272644,0.06366422772407532,,0.8371416926383972,,3.5699925422668457,,,,,,,,,,,,,
12,,,,44279,,,,,,,,,,,,0.46207091212272644,0.13527339696884155,,0.5503168106079102,,4.470691680908203,,,,,,,,,,,,,
12,,,,44299,,,,,,,,,,,,0.46207091212272644,0.07176385074853897,,0.7013795375823975,,3.587080955505371,,,,,,,,,,,,,
12,,,,44319,,,,,,,,,,,,0.46207091212272644,0.0814470499753952,,0.5499077439308167,,3.414888620376587,,,,,,,,,,,,,
12,,,,44339,,,,,,,,,,,,0.46207091212272644,0.1314542293548584,,0.5773234963417053,,4.8924970626831055,,,,,,,,,,,,,
12,,,,44359,,,,,,,,,,,,0.46207091212272644,0.046477027237415314,,1.1110683679580688,,3.843416213989258,,,,,,,,,,,,,
12,,,,44379,,,,,,,,,,,,0.46207091212272644,0.10195235908031464,,0.3945372998714447,,3.174975633621216,,,,,,,,,,,,,
12,,,,44399,,,,,,,,,,,,0.46207091212272644,0.12168662250041962,,0.7295999526977539,,4.431411266326904,,,,,,,,,,,,,
12,,,,44419,,,,,,,,,,,,0.46207091212272644,0.0602894127368927,,1.0258921384811401,,3.8529720306396484,,,,,,,,,,,,,
12,,,,44439,,,,,,,,,,,,0.46207091212272644,0.04977477341890335,,1.103818655014038,,3.952324390411377,,,,,,,,,,,,,
12,,,,44459,,,,,,,,,,,,0.46207091212272644,0.07075195759534836,,0.7020046710968018,,3.5211431980133057,,,,,,,,,,,,,
12,,,,44479,,,,,,,,,,,,0.46207091212272644,0.06911276280879974,,0.7839920520782471,,3.5882081985473633,,,,,,,,,,,,,
12,,,,44499,,,,,,,,,,,,0.46207091212272644,0.060410089790821075,,0.8842668533325195,,4.2268805503845215,,,,,,,,,,,,,
12,,,,44519,,,,,,,,,,,,0.46207091212272644,0.05396120622754097,,1.150793433189392,,3.987203598022461,,,,,,,,,,,,,
12,,,,44539,,,,,,,,,,,,0.46207091212272644,0.12575297057628632,,0.5781038999557495,,4.4093732833862305,,,,,,,,,,,,,
12,,,,44559,,,,,,,,,,,,0.46207091212272644,0.09954021871089935,,0.6781738996505737,,4.321179389953613,,,,,,,,,,,,,
12,,,,44579,,,,,,,,,,,,0.46207091212272644,0.10423068702220917,,0.6927216649055481,,4.355103015899658,,,,,,,,,,,,,
12,,,,44599,,,,,,,,,,,,0.46207091212272644,0.10616979748010635,,0.39965730905532837,,3.182431697845459,,,,,,,,,,,,,
12,,,,44619,,,,,,,,,,,,0.46207091212272644,0.13827106356620789,,0.5757989883422852,,4.587894439697266,,,,,,,,,,,,,
12,,,,44639,,,,,,,,,,,,0.46207091212272644,0.12594155967235565,,0.5836973786354065,,4.3555707931518555,,,,,,,,,,,,,
12,,,,44659,,,,,,,,,,,,0.46207091212272644,0.07355892658233643,,0.41495639085769653,,3.339477062225342,,,,,,,,,,,,,
12,,,,44679,,,,,,,,,,,,0.46207091212272644,0.09890728443861008,,0.46070244908332825,,3.3185040950775146,,,,,,,,,,,,,
12,,,,44699,,,,,,,,,,,,0.46207091212272644,0.07010208815336227,,0.7537778615951538,,3.61818528175354,,,,,,,,,,,,,
12,,,,44719,,,,,,,,,,,,0.46207091212272644,0.1448388397693634,,0.5582802295684814,,4.511162757873535,,,,,,,,,,,,,
12,,,,44739,,,,,,,,,,,,0.46207091212272644,0.0968112125992775,,0.39489972591400146,,3.1753933429718018,,,,,,,,,,,,,
12,,,,44759,,,,,,,,,,,,0.46207091212272644,0.053767479956150055,,1.2051899433135986,,4.049064636230469,,,,,,,,,,,,,
12,,,,44779,,,,,,,,,,,,0.46207091212272644,0.08851824700832367,,0.5352550148963928,,3.303746461868286,,,,,,,,,,,,,
12,,,,44799,,,,,,,,,,,,0.46207091212272644,0.050235167145729065,,1.140160083770752,,4.016022682189941,,,,,,,,,,,,,
12,,,,44819,,,,,,,,,,,,0.46207091212272644,0.12228863686323166,,0.5465063452720642,,4.501068115234375,,,,,,,,,,,,,
12,,,,44839,,,,,,,,,,,,0.46207091212272644,0.06386251747608185,,0.8958889842033386,,4.158839225769043,,,,,,,,,,,,,
12,,,,44859,,,,,,,,,,,,0.46207091212272644,0.04610280692577362,,0.9480519890785217,,3.7633628845214844,,,,,,,,,,,,,
12,,,,44879,,,,,,,,,,,,0.46207091212272644,0.07288780063390732,,0.8177281022071838,,4.292304992675781,,,,,,,,,,,,,
12,,,,44899,,,,,,,,,,,,0.46207091212272644,0.08007433265447617,,0.8795447945594788,,4.309952735900879,,,,,,,,,,,,,
12,,,,44919,,,,,,,,,,,,0.46207091212272644,0.05668893828988075,,1.1722078323364258,,3.9382667541503906,,,,,,,,,,,,,
12,,,,44939,,,,,,,,,,,,0.46207091212272644,0.06733597069978714,,0.6812657117843628,,3.4159960746765137,,,,,,,,,,,,,
12,,,,44959,,,,,,,,,,,,0.46207091212272644,0.1129855364561081,,0.63166344165802,,4.405078887939453,,,,,,,,,,,,,
12,,,,44979,,,,,,,,,,,,0.46207091212272644,0.058400146663188934,,0.9761995673179626,,3.8340578079223633,,,,,,,,,,,,,
12,,,,44999,,,,,,,,,,,,0.46207091212272644,0.13760851323604584,,0.5309259295463562,,4.338198184967041,,,,,,,,,,,,,
12,,,,45019,,,,,,,,,,,,0.46207091212272644,0.10653416067361832,,0.6885737180709839,,4.373551368713379,,,,,,,,,,,,,
12,,,,45039,,,,,,,,,,,,0.46207091212272644,0.07270205020904541,,0.6129912734031677,,3.4330592155456543,,,,,,,,,,,,,
12,,,,45059,,,,,,,,,,,,0.46207091212272644,0.1339188814163208,,0.589638352394104,,4.501535892486572,,,,,,,,,,,,,
12,,,,45079,,,,,,,,,,,,0.46207091212272644,0.10906413197517395,,0.6088615655899048,,4.415248394012451,,,,,,,,,,,,,
12,,,,45099,,,,,,,,,,,,0.46207091212272644,0.09387077391147614,,0.5115165114402771,,3.4380276203155518,,,,,,,,,,,,,
12,,,,45119,,,,,,,,,,,,0.46207091212272644,0.10343076288700104,,0.44100242853164673,,3.404431104660034,,,,,,,,,,,,,
12,,,,45139,,,,,,,,,,,,0.46207091212272644,0.08958982676267624,,0.408382385969162,,3.339531660079956,,,,,,,,,,,,,
12,,,,45159,,,,,,,,,,,,0.46207091212272644,0.13559839129447937,,0.5560590028762817,,4.409040451049805,,,,,,,,,,,,,
12,,,,45179,,,,,,,,,,,,0.46207091212272644,0.09129108488559723,,0.4082822799682617,,3.2984673976898193,,,,,,,,,,,,,
12,,,,45199,,,,,,,,,,,,0.46207091212272644,0.14058852195739746,,0.5459099411964417,,4.4549455642700195,,,,,,,,,,,,,
12,,,,45219,,,,,,,,,,,,0.46207091212272644,0.12966807186603546,,0.6396802067756653,,4.453359127044678,,,,,,,,,,,,,
12,,,,45239,,,,,,,,,,,,0.46207091212272644,0.12551021575927734,,0.5362704992294312,,4.330900192260742,,,,,,,,,,,,,
12,,,,45259,,,,,,,,,,,,0.46207091212272644,0.05424921214580536,,1.1049084663391113,,4.019354343414307,,,,,,,,,,,,,
12,,,,45265,,,,,,,,,,,,,,,,,,0.7322328090667725,0.899304986000061,0.6972939968109131,0.6954100131988525,0.4555823504924774,0.6935259699821472,0.6165584325790405,0.7134299874305725,0.703914999961853,0.7653127312660217,0.839781641960144,0.4650944471359253,0.7322328090667725
12,,,,45265,,,,,,,,,0.5506644248962402,0.08809984475374222,0.462065726518631,,,0.7309859991073608,,3.9386534690856934,,,,,,,,,,,,,,
,0.0002846097643037037,0.0002846097643037037,2.846097643037037e-05,45266,,,,,,,,,,,,,,,,,,,,,,,,,,,,,,
13,,,,45279,,,,,,,,,,,,0.46207091212272644,0.05789520591497421,,1.2421363592147827,,4.082156658172607,,,,,,,,,,,,,
13,,,,45299,,,,,,,,,,,,0.46207091212272644,0.05281556397676468,,1.2655937671661377,,4.057380676269531,,,,,,,,,,,,,
13,,,,45319,,,,,,,,,,,,0.46207091212272644,0.0845009982585907,,0.4801928400993347,,3.4041144847869873,,,,,,,,,,,,,
13,,,,45339,,,,,,,,,,,,0.46207091212272644,0.1307947039604187,,0.5555942058563232,,4.4982404708862305,,,,,,,,,,,,,
13,,,,45359,,,,,,,,,,,,0.46207091212272644,0.05962987244129181,,0.9912620782852173,,4.156674385070801,,,,,,,,,,,,,
13,,,,45379,,,,,,,,,,,,0.46207091212272644,0.10391925275325775,,0.40993449091911316,,3.2794222831726074,,,,,,,,,,,,,
13,,,,45399,,,,,,,,,,,,0.46207091212272644,0.0837431401014328,,0.6012546420097351,,3.502318859100342,,,,,,,,,,,,,
13,,,,45419,,,,,,,,,,,,0.46207091212272644,0.12202499806880951,,0.5414416193962097,,4.39307975769043,,,,,,,,,,,,,
13,,,,45439,,,,,,,,,,,,0.46207091212272644,0.058531831949949265,,1.1004611253738403,,4.158440113067627,,,,,,,,,,,,,
13,,,,45459,,,,,,,,,,,,0.46207091212272644,0.05658664181828499,,0.8103567361831665,,3.6938862800598145,,,,,,,,,,,,,
13,,,,45479,,,,,,,,,,,,0.46207091212272644,0.09327414631843567,,1.0418694019317627,,4.239582538604736,,,,,,,,,,,,,
13,,,,45499,,,,,,,,,,,,0.46207091212272644,0.07568724453449249,,0.43048641085624695,,3.4453134536743164,,,,,,,,,,,,,
13,,,,45519,,,,,,,,,,,,0.46207091212272644,0.06382235884666443,,1.0458157062530518,,4.089212894439697,,,,,,,,,,,,,
13,,,,45539,,,,,,,,,,,,0.46207091212272644,0.10283686220645905,,0.7410378456115723,,4.258269786834717,,,,,,,,,,,,,
13,,,,45559,,,,,,,,,,,,0.46207091212272644,0.1297341138124466,,0.5723427534103394,,4.360300540924072,,,,,,,,,,,,,
13,,,,45579,,,,,,,,,,,,0.46207091212272644,0.09436076134443283,,0.4762674570083618,,3.3358898162841797,,,,,,,,,,,,,
13,,,,45599,,,,,,,,,,,,0.46207091212272644,0.1286550760269165,,0.5417498350143433,,4.3667097091674805,,,,,,,,,,,,,
13,,,,45619,,,,,,,,,,,,0.46207091212272644,0.09067459404468536,,0.38815516233444214,,3.1264727115631104,,,,,,,,,,,,,
13,,,,45639,,,,,,,,,,,,0.46207091212272644,0.1298893839120865,,0.5490028262138367,,4.550271034240723,,,,,,,,,,,,,
13,,,,45659,,,,,,,,,,,,0.46207091212272644,0.11533593386411667,,0.5625382661819458,,4.571045875549316,,,,,,,,,,,,,
13,,,,45679,,,,,,,,,,,,0.46207091212272644,0.0485827773809433,,1.1303528547286987,,4.129868030548096,,,,,,,,,,,,,
13,,,,45699,,,,,,,,,,,,0.46207091212272644,0.06901250779628754,,0.9432129263877869,,4.248778820037842,,,,,,,,,,,,,
13,,,,45719,,,,,,,,,,,,0.46207091212272644,0.07617339491844177,,0.5688316226005554,,3.443632125854492,,,,,,,,,,,,,
13,,,,45739,,,,,,,,,,,,0.46207091212272644,0.1090565174818039,,0.6321942210197449,,4.336604595184326,,,,,,,,,,,,,
13,,,,45759,,,,,,,,,,,,0.46207091212272644,0.0497734434902668,,1.119524359703064,,4.163214206695557,,,,,,,,,,,,,
13,,,,45779,,,,,,,,,,,,0.46207091212272644,0.05288669466972351,,1.0702388286590576,,4.159686088562012,,,,,,,,,,,,,
13,,,,45799,,,,,,,,,,,,0.46207091212272644,0.05010420083999634,,1.1633108854293823,,3.964608907699585,,,,,,,,,,,,,
13,,,,45819,,,,,,,,,,,,0.46207091212272644,0.07443933933973312,,0.8799049854278564,,4.193404197692871,,,,,,,,,,,,,
13,,,,45839,,,,,,,,,,,,0.46207091212272644,0.06972824037075043,,0.6379731893539429,,3.5181727409362793,,,,,,,,,,,,,
13,,,,45859,,,,,,,,,,,,0.46207091212272644,0.08575243502855301,,0.4711243808269501,,3.1621768474578857,,,,,,,,,,,,,
13,,,,45879,,,,,,,,,,,,0.46207091212272644,0.07632112503051758,,0.588471531867981,,3.4797825813293457,,,,,,,,,,,,,
13,,,,45899,,,,,,,,,,,,0.46207091212272644,0.11214418709278107,,0.6094017624855042,,4.421430587768555,,,,,,,,,,,,,
13,,,,45919,,,,,,,,,,,,0.46207091212272644,0.049649566411972046,,1.1355855464935303,,3.989381790161133,,,,,,,,,,,,,
13,,,,45939,,,,,,,,,,,,0.46207091212272644,0.11741753667593002,,0.5600313544273376,,4.6029887199401855,,,,,,,,,,,,,
13,,,,45959,,,,,,,,,,,,0.46207091212272644,0.08816470950841904,,0.46269023418426514,,3.3000030517578125,,,,,,,,,,,,,
13,,,,45979,,,,,,,,,,,,0.46207091212272644,0.127950519323349,,0.5276170969009399,,4.410346031188965,,,,,,,,,,,,,
13,,,,45999,,,,,,,,,,,,0.46207091212272644,0.06679356843233109,,0.9069376587867737,,3.7817821502685547,,,,,,,,,,,,,
13,,,,46019,,,,,,,,,,,,0.46207091212272644,0.07974371314048767,,0.5531153678894043,,3.4524664878845215,,,,,,,,,,,,,
13,,,,46039,,,,,,,,,,,,0.46207091212272644,0.05826782062649727,,0.672433614730835,,3.5362794399261475,,,,,,,,,,,,,
13,,,,46059,,,,,,,,,,,,0.46207091212272644,0.06290944665670395,,0.8296292424201965,,3.6084067821502686,,,,,,,,,,,,,
13,,,,46079,,,,,,,,,,,,0.46207091212272644,0.0798114538192749,,0.472872793674469,,3.392638683319092,,,,,,,,,,,,,
13,,,,46099,,,,,,,,,,,,0.46207091212272644,0.04032527282834053,,1.089070439338684,,3.896620273590088,,,,,,,,,,,,,
13,,,,46119,,,,,,,,,,,,0.46207091212272644,0.041985880583524704,,1.0105029344558716,,3.7506887912750244,,,,,,,,,,,,,
13,,,,46139,,,,,,,,,,,,0.46207091212272644,0.07474029064178467,,0.41400083899497986,,3.220385789871216,,,,,,,,,,,,,
13,,,,46159,,,,,,,,,,,,0.46207091212272644,0.08153785765171051,,0.5240982174873352,,3.376103639602661,,,,,,,,,,,,,
13,,,,46179,,,,,,,,,,,,0.46207091212272644,0.10481371730566025,,0.7040098309516907,,4.392370223999023,,,,,,,,,,,,,
13,,,,46199,,,,,,,,,,,,0.46207091212272644,0.054952166974544525,,1.049910545349121,,4.198002338409424,,,,,,,,,,,,,
13,,,,46219,,,,,,,,,,,,0.46207091212272644,0.09060870856046677,,0.46329429745674133,,3.392421245574951,,,,,,,,,,,,,
13,,,,46239,,,,,,,,,,,,0.46207091212272644,0.07937566190958023,,0.598545491695404,,3.5611624717712402,,,,,,,,,,,,,
13,,,,46259,,,,,,,,,,,,0.46207091212272644,0.04875905066728592,,1.0284466743469238,,3.852555513381958,,,,,,,,,,,,,
13,,,,46279,,,,,,,,,,,,0.46207091212272644,0.07450753450393677,,0.7247904539108276,,3.6263864040374756,,,,,,,,,,,,,
13,,,,46299,,,,,,,,,,,,0.46207091212272644,0.07068979740142822,,0.5564848780632019,,3.3466546535491943,,,,,,,,,,,,,
13,,,,46319,,,,,,,,,,,,0.46207091212272644,0.14106610417366028,,0.5423468947410583,,4.480846881866455,,,,,,,,,,,,,
13,,,,46339,,,,,,,,,,,,0.46207091212272644,0.05820050090551376,,0.6820353269577026,,3.5753276348114014,,,,,,,,,,,,,
13,,,,46359,,,,,,,,,,,,0.46207091212272644,0.09647345542907715,,0.426712304353714,,3.2787036895751953,,,,,,,,,,,,,
13,,,,46379,,,,,,,,,,,,0.46207091212272644,0.04427167773246765,,0.9477148652076721,,3.7482075691223145,,,,,,,,,,,,,
13,,,,46399,,,,,,,,,,,,0.46207091212272644,0.09588542580604553,,0.38774457573890686,,3.1309702396392822,,,,,,,,,,,,,
13,,,,46419,,,,,,,,,,,,0.46207091212272644,0.040867503732442856,,0.9589247107505798,,3.83565354347229,,,,,,,,,,,,,
13,,,,46439,,,,,,,,,,,,0.46207091212272644,0.042668137699365616,,0.803101122379303,,3.692742347717285,,,,,,,,,,,,,
13,,,,46459,,,,,,,,,,,,0.46207091212272644,0.044991008937358856,,1.0026576519012451,,3.8940489292144775,,,,,,,,,,,,,
13,,,,46479,,,,,,,,,,,,0.46207091212272644,0.059559665620326996,,0.7851002812385559,,3.6436307430267334,,,,,,,,,,,,,
13,,,,46499,,,,,,,,,,,,0.46207091212272644,0.0385490283370018,,1.0904992818832397,,4.081733226776123,,,,,,,,,,,,,
13,,,,46519,,,,,,,,,,,,0.46207091212272644,0.11068396270275116,,0.5387244820594788,,4.372435569763184,,,,,,,,,,,,,
13,,,,46539,,,,,,,,,,,,0.46207091212272644,0.13417890667915344,,0.5387163162231445,,4.402574062347412,,,,,,,,,,,,,
13,,,,46559,,,,,,,,,,,,0.46207091212272644,0.05464371293783188,,1.05376398563385,,4.001733779907227,,,,,,,,,,,,,
13,,,,46579,,,,,,,,,,,,0.46207091212272644,0.08596363663673401,,0.49377214908599854,,3.3330514430999756,,,,,,,,,,,,,
13,,,,46599,,,,,,,,,,,,0.46207091212272644,0.08159509301185608,,0.4558199942111969,,3.2006168365478516,,,,,,,,,,,,,
13,,,,46619,,,,,,,,,,,,0.46207091212272644,0.06478175520896912,,0.7946664690971375,,3.659684658050537,,,,,,,,,,,,,
13,,,,46639,,,,,,,,,,,,0.46207091212272644,0.08325812220573425,,0.9164283871650696,,4.361928939819336,,,,,,,,,,,,,
13,,,,46659,,,,,,,,,,,,0.46207091212272644,0.06110396236181259,,1.0263744592666626,,4.289529800415039,,,,,,,,,,,,,
13,,,,46679,,,,,,,,,,,,0.46207091212272644,0.10287297517061234,,0.39450281858444214,,3.0720462799072266,,,,,,,,,,,,,
13,,,,46699,,,,,,,,,,,,0.46207091212272644,0.0585155114531517,,0.7185080051422119,,3.546687602996826,,,,,,,,,,,,,
13,,,,46719,,,,,,,,,,,,0.46207091212272644,0.059875909239053726,,0.49572548270225525,,3.4481115341186523,,,,,,,,,,,,,
13,,,,46739,,,,,,,,,,,,0.46207091212272644,0.1324126124382019,,0.5768002867698669,,4.510265350341797,,,,,,,,,,,,,
13,,,,46759,,,,,,,,,,,,0.46207091212272644,0.1318638175725937,,0.5420287251472473,,4.457145690917969,,,,,,,,,,,,,
13,,,,46779,,,,,,,,,,,,0.46207091212272644,0.05881538242101669,,0.638771653175354,,3.4619393348693848,,,,,,,,,,,,,
13,,,,46799,,,,,,,,,,,,0.46207091212272644,0.08335676789283752,,0.49534717202186584,,3.329728603363037,,,,,,,,,,,,,
13,,,,46819,,,,,,,,,,,,0.46207091212272644,0.08127395808696747,,0.7586604952812195,,4.31826114654541,,,,,,,,,,,,,
13,,,,46839,,,,,,,,,,,,0.46207091212272644,0.04907152056694031,,0.8968129754066467,,3.786125898361206,,,,,,,,,,,,,
13,,,,46859,,,,,,,,,,,,0.46207091212272644,0.10537824779748917,,0.6654213666915894,,4.377593040466309,,,,,,,,,,,,,
13,,,,46879,,,,,,,,,,,,0.46207091212272644,0.06825880706310272,,0.9358725547790527,,4.233011245727539,,,,,,,,,,,,,
13,,,,46899,,,,,,,,,,,,0.46207091212272644,0.053736913949251175,,0.8494622111320496,,3.706580638885498,,,,,,,,,,,,,
13,,,,46919,,,,,,,,,,,,0.46207091212272644,0.08637568354606628,,0.5150379538536072,,3.3365907669067383,,,,,,,,,,,,,
13,,,,46939,,,,,,,,,,,,0.46207091212272644,0.09757372736930847,,0.4688597321510315,,3.2182164192199707,,,,,,,,,,,,,
13,,,,46959,,,,,,,,,,,,0.46207091212272644,0.04250263050198555,,0.9188144207000732,,3.6856467723846436,,,,,,,,,,,,,
13,,,,46979,,,,,,,,,,,,0.46207091212272644,0.0834110677242279,,0.38478994369506836,,3.1111555099487305,,,,,,,,,,,,,
13,,,,46999,,,,,,,,,,,,0.46207091212272644,0.09995162487030029,,0.39165419340133667,,3.0836024284362793,,,,,,,,,,,,,
13,,,,47019,,,,,,,,,,,,0.46207091212272644,0.11697638034820557,,0.6223232746124268,,4.676815032958984,,,,,,,,,,,,,
13,,,,47039,,,,,,,,,,,,0.46207091212272644,0.05888842046260834,,0.6115594506263733,,3.4777140617370605,,,,,,,,,,,,,
13,,,,47059,,,,,,,,,,,,0.46207091212272644,0.09111222624778748,,0.7182265520095825,,4.304897785186768,,,,,,,,,,,,,
13,,,,47079,,,,,,,,,,,,0.46207091212272644,0.0698763057589531,,0.63930344581604,,3.447465419769287,,,,,,,,,,,,,
13,,,,47099,,,,,,,,,,,,0.46207091212272644,0.10992018133401871,,0.6108847260475159,,4.362627029418945,,,,,,,,,,,,,
13,,,,47119,,,,,,,,,,,,0.46207091212272644,0.04682987928390503,,1.1693710088729858,,4.079725742340088,,,,,,,,,,,,,
13,,,,47139,,,,,,,,,,,,0.46207091212272644,0.05505067855119705,,0.7266681790351868,,3.581965446472168,,,,,,,,,,,,,
13,,,,47159,,,,,,,,,,,,0.46207091212272644,0.08342424035072327,,0.46372586488723755,,3.380833864212036,,,,,,,,,,,,,
13,,,,47179,,,,,,,,,,,,0.46207091212272644,0.03771521896123886,,1.1726655960083008,,4.024447441101074,,,,,,,,,,,,,
13,,,,47199,,,,,,,,,,,,0.46207091212272644,0.08087796717882156,,0.8598799109458923,,4.260850429534912,,,,,,,,,,,,,
13,,,,47219,,,,,,,,,,,,0.46207091212272644,0.12480269372463226,,0.5278668403625488,,4.314126968383789,,,,,,,,,,,,,
13,,,,47239,,,,,,,,,,,,0.46207091212272644,0.045621804893016815,,0.9815450310707092,,4.1003828048706055,,,,,,,,,,,,,
13,,,,47259,,,,,,,,,,,,0.46207091212272644,0.10686421394348145,,0.525793731212616,,4.363666534423828,,,,,,,,,,,,,
13,,,,47279,,,,,,,,,,,,0.46207091212272644,0.039490554481744766,,1.0888264179229736,,3.911226749420166,,,,,,,,,,,,,
13,,,,47299,,,,,,,,,,,,0.46207091212272644,0.03464031219482422,,1.0186209678649902,,3.8814585208892822,,,,,,,,,,,,,
13,,,,47319,,,,,,,,,,,,0.46207091212272644,0.06547053158283234,,0.4481012225151062,,3.4320266246795654,,,,,,,,,,,,,
13,,,,47339,,,,,,,,,,,,0.46207091212272644,0.05720251798629761,,0.7834398746490479,,3.745485782623291,,,,,,,,,,,,,
13,,,,47359,,,,,,,,,,,,0.46207091212272644,0.08607442677021027,,0.8007302284240723,,4.248442649841309,,,,,,,,,,,,,
13,,,,47379,,,,,,,,,,,,0.46207091212272644,0.0561961904168129,,0.9551622867584229,,4.231555461883545,,,,,,,,,,,,,
13,,,,47399,,,,,,,,,,,,0.46207091212272644,0.04232314974069595,,0.8264740109443665,,3.695798873901367,,,,,,,,,,,,,
13,,,,47419,,,,,,,,,,,,0.46207091212272644,0.06075309216976166,,0.9252620935440063,,3.7171168327331543,,,,,,,,,,,,,
13,,,,47439,,,,,,,,,,,,0.46207091212272644,0.09157562255859375,,0.4630056917667389,,3.3094916343688965,,,,,,,,,,,,,
13,,,,47459,,,,,,,,,,,,0.46207091212272644,0.07284319400787354,,0.45482543110847473,,3.3800101280212402,,,,,,,,,,,,,
13,,,,47479,,,,,,,,,,,,0.46207091212272644,0.06130358576774597,,0.6706124544143677,,3.542330503463745,,,,,,,,,,,,,
13,,,,47499,,,,,,,,,,,,0.46207091212272644,0.038721054792404175,,0.9273741245269775,,3.779451608657837,,,,,,,,,,,,,
13,,,,47519,,,,,,,,,,,,0.46207091212272644,0.04303644225001335,,1.0720618963241577,,4.147339344024658,,,,,,,,,,,,,
13,,,,47539,,,,,,,,,,,,0.46207091212272644,0.0683056190609932,,0.8645649552345276,,4.210787773132324,,,,,,,,,,,,,
13,,,,47559,,,,,,,,,,,,0.46207091212272644,0.03521592915058136,,1.1716463565826416,,4.047994613647461,,,,,,,,,,,,,
13,,,,47579,,,,,,,,,,,,0.46207091212272644,0.032175809144973755,,1.0913296937942505,,3.926361560821533,,,,,,,,,,,,,
13,,,,47599,,,,,,,,,,,,0.46207091212272644,0.07020095735788345,,0.6892037391662598,,3.7031984329223633,,,,,,,,,,,,,
13,,,,47619,,,,,,,,,,,,0.46207091212272644,0.07341207563877106,,0.5200663208961487,,3.4610352516174316,,,,,,,,,,,,,
13,,,,47639,,,,,,,,,,,,0.46207091212272644,0.11277323961257935,,0.7166126370429993,,4.349475860595703,,,,,,,,,,,,,
13,,,,47659,,,,,,,,,,,,0.46207091212272644,0.0729694664478302,,0.8233454823493958,,4.268095016479492,,,,,,,,,,,,,
13,,,,47679,,,,,,,,,,,,0.46207091212272644,0.0543709322810173,,1.0874123573303223,,4.128968238830566,,,,,,,,,,,,,
13,,,,47699,,,,,,,,,,,,0.46207091212272644,0.120338574051857,,0.5235676765441895,,4.365852355957031,,,,,,,,,,,,,
13,,,,47719,,,,,,,,,,,,0.46207091212272644,0.12064112722873688,,0.5195627808570862,,4.349353790283203,,,,,,,,,,,,,
13,,,,47739,,,,,,,,,,,,0.46207091212272644,0.07024964690208435,,0.9989845752716064,,4.203914642333984,,,,,,,,,,,,,
13,,,,47759,,,,,,,,,,,,0.46207091212272644,0.06532326340675354,,0.7558557391166687,,4.2483320236206055,,,,,,,,,,,,,
13,,,,47779,,,,,,,,,,,,0.46207091212272644,0.08112788945436478,,0.8604053854942322,,4.2323150634765625,,,,,,,,,,,,,
13,,,,47799,,,,,,,,,,,,0.46207091212272644,0.09305551648139954,,0.4224361479282379,,3.312060832977295,,,,,,,,,,,,,
13,,,,47819,,,,,,,,,,,,0.46207091212272644,0.04093018174171448,,1.1137518882751465,,4.130007743835449,,,,,,,,,,,,,
13,,,,47839,,,,,,,,,,,,0.46207091212272644,0.08509227633476257,,0.7816629409790039,,4.296733856201172,,,,,,,,,,,,,
13,,,,47859,,,,,,,,,,,,0.46207091212272644,0.109066441655159,,0.587543785572052,,3.4633383750915527,,,,,,,,,,,,,
13,,,,47879,,,,,,,,,,,,0.46207091212272644,0.04025333374738693,,1.136592149734497,,4.05274772644043,,,,,,,,,,,,,
13,,,,47899,,,,,,,,,,,,0.46207091212272644,0.044262781739234924,,0.760534942150116,,3.5972490310668945,,,,,,,,,,,,,
13,,,,47919,,,,,,,,,,,,0.46207091212272644,0.11661148071289062,,0.5718255043029785,,4.44047737121582,,,,,,,,,,,,,
13,,,,47939,,,,,,,,,,,,0.46207091212272644,0.03334052488207817,,1.1672736406326294,,4.05403995513916,,,,,,,,,,,,,
13,,,,47959,,,,,,,,,,,,0.46207091212272644,0.04355403780937195,,1.086346983909607,,3.9216320514678955,,,,,,,,,,,,,
13,,,,47979,,,,,,,,,,,,0.46207091212272644,0.04630529135465622,,1.0179659128189087,,3.904764413833618,,,,,,,,,,,,,
13,,,,47999,,,,,,,,,,,,0.46207091212272644,0.05599360167980194,,0.8460243344306946,,3.6189849376678467,,,,,,,,,,,,,
13,,,,48019,,,,,,,,,,,,0.46207091212272644,0.11631625890731812,,0.5423893928527832,,4.417773246765137,,,,,,,,,,,,,
13,,,,48039,,,,,,,,,,,,0.46207091212272644,0.07755539566278458,,0.5218268632888794,,3.3515963554382324,,,,,,,,,,,,,
13,,,,48059,,,,,,,,,,,,0.46207091212272644,0.1172105222940445,,0.5461573600769043,,4.469295501708984,,,,,,,,,,,,,
13,,,,48079,,,,,,,,,,,,0.46207091212272644,0.03299075365066528,,0.9540424942970276,,3.797842025756836,,,,,,,,,,,,,
13,,,,48099,,,,,,,,,,,,0.46207091212272644,0.09558301419019699,,0.3927411437034607,,3.185520648956299,,,,,,,,,,,,,
13,,,,48119,,,,,,,,,,,,0.46207091212272644,0.11602196842432022,,0.6113342642784119,,4.600542068481445,,,,,,,,,,,,,
13,,,,48139,,,,,,,,,,,,0.46207091212272644,0.07443787157535553,,0.40223273634910583,,3.158234119415283,,,,,,,,,,,,,
13,,,,48159,,,,,,,,,,,,0.46207091212272644,0.08581943064928055,,0.3957727253437042,,3.2100961208343506,,,,,,,,,,,,,
13,,,,48179,,,,,,,,,,,,0.46207091212272644,0.12255766242742538,,0.5517795085906982,,4.372653484344482,,,,,,,,,,,,,
13,,,,48199,,,,,,,,,,,,0.46207091212272644,0.0398130863904953,,1.1459002494812012,,4.0479326248168945,,,,,,,,,,,,,
13,,,,48219,,,,,,,,,,,,0.46207091212272644,0.09782186895608902,,0.6439480185508728,,4.304128646850586,,,,,,,,,,,,,
13,,,,48239,,,,,,,,,,,,0.46207091212272644,0.03657899796962738,,1.0726375579833984,,4.042068958282471,,,,,,,,,,,,,
13,,,,48259,,,,,,,,,,,,0.46207091212272644,0.07031349092721939,,0.5364041924476624,,3.325143814086914,,,,,,,,,,,,,
13,,,,48279,,,,,,,,,,,,0.46207091212272644,0.10598252713680267,,0.6514893770217896,,4.525025844573975,,,,,,,,,,,,,
13,,,,48299,,,,,,,,,,,,0.46207091212272644,0.10277975350618362,,0.7533242702484131,,4.391045570373535,,,,,,,,,,,,,
13,,,,48319,,,,,,,,,,,,0.46207091212272644,0.04340411722660065,,1.0425515174865723,,4.132417678833008,,,,,,,,,,,,,
13,,,,48339,,,,,,,,,,,,0.46207091212272644,0.04132179915904999,,1.1733174324035645,,4.03673791885376,,,,,,,,,,,,,
13,,,,48359,,,,,,,,,,,,0.46207091212272644,0.08605761080980301,,0.4149567484855652,,3.3541154861450195,,,,,,,,,,,,,
13,,,,48379,,,,,,,,,,,,0.46207091212272644,0.11718042939901352,,0.5570053458213806,,4.410774230957031,,,,,,,,,,,,,
13,,,,48399,,,,,,,,,,,,0.46207091212272644,0.11739864200353622,,0.548648476600647,,4.303645133972168,,,,,,,,,,,,,
13,,,,48419,,,,,,,,,,,,0.46207091212272644,0.11607328057289124,,0.5575379133224487,,4.3257904052734375,,,,,,,,,,,,,
13,,,,48439,,,,,,,,,,,,0.46207091212272644,0.0753822773694992,,0.7917654514312744,,4.250370979309082,,,,,,,,,,,,,
13,,,,48459,,,,,,,,,,,,0.46207091212272644,0.0721454918384552,,0.5490522980690002,,3.4537851810455322,,,,,,,,,,,,,
13,,,,48479,,,,,,,,,,,,0.46207091212272644,0.04206186905503273,,1.1903973817825317,,4.021068096160889,,,,,,,,,,,,,
13,,,,48499,,,,,,,,,,,,0.46207091212272644,0.03808833286166191,,1.0849748849868774,,4.003530502319336,,,,,,,,,,,,,
13,,,,48519,,,,,,,,,,,,0.46207091212272644,0.08067899197340012,,0.7755042910575867,,4.294822692871094,,,,,,,,,,,,,
13,,,,48539,,,,,,,,,,,,0.46207091212272644,0.03994288668036461,,1.0172042846679688,,3.856064796447754,,,,,,,,,,,,,
13,,,,48559,,,,,,,,,,,,0.46207091212272644,0.1374405026435852,,0.5862359404563904,,4.36613130569458,,,,,,,,,,,,,
13,,,,48579,,,,,,,,,,,,0.46207091212272644,0.0398058220744133,,0.8792675137519836,,3.7623984813690186,,,,,,,,,,,,,
13,,,,48599,,,,,,,,,,,,0.46207091212272644,0.07518937438726425,,0.4379396140575409,,3.420936107635498,,,,,,,,,,,,,
13,,,,48619,,,,,,,,,,,,0.46207091212272644,0.034450553357601166,,1.0163321495056152,,3.8682913780212402,,,,,,,,,,,,,
13,,,,48639,,,,,,,,,,,,0.46207091212272644,0.04523155838251114,,1.0439401865005493,,4.191006660461426,,,,,,,,,,,,,
13,,,,48659,,,,,,,,,,,,0.46207091212272644,0.06066591665148735,,0.713814377784729,,3.6079962253570557,,,,,,,,,,,,,
13,,,,48679,,,,,,,,,,,,0.46207091212272644,0.08145473897457123,,0.3992127478122711,,3.3610422611236572,,,,,,,,,,,,,
13,,,,48699,,,,,,,,,,,,0.46207091212272644,0.08925554156303406,,0.49872592091560364,,3.308699131011963,,,,,,,,,,,,,
13,,,,48719,,,,,,,,,,,,0.46207091212272644,0.05175653100013733,,1.0227288007736206,,3.7780942916870117,,,,,,,,,,,,,
13,,,,48739,,,,,,,,,,,,0.46207091212272644,0.039579614996910095,,1.1813583374023438,,4.113014221191406,,,,,,,,,,,,,
13,,,,48747,,,,,,,,,,,,,,,,,,0.6942476630210876,0.9076682329177856,0.6509160995483398,0.6665724515914917,0.4600381851196289,0.6822288632392883,0.5764193534851074,0.669274091720581,0.6771130561828613,0.8702929019927979,0.8519834876060486,0.3295259475708008,0.6942476630210876
13,,,,48747,,,,,,,,,0.5551576614379883,0.08106423914432526,0.462065726518631,,,0.7261142134666443,,3.9320507049560547,,,,,,,,,,,,,,
,0.00028061191156796656,0.00028061191156796656,2.8061191156796658e-05,48748,,,,,,,,,,,,,,,,,,,,,,,,,,,,,,
14,,,,48759,,,,,,,,,,,,0.46207091212272644,0.04595792666077614,,1.1293526887893677,,3.923524856567383,,,,,,,,,,,,,
14,,,,48779,,,,,,,,,,,,0.46207091212272644,0.04131219536066055,,0.682279646396637,,3.625330924987793,,,,,,,,,,,,,
14,,,,48799,,,,,,,,,,,,0.46207091212272644,0.09505517780780792,,0.3979837894439697,,3.2783567905426025,,,,,,,,,,,,,
14,,,,48819,,,,,,,,,,,,0.46207091212272644,0.03899380937218666,,1.0529510974884033,,3.847398281097412,,,,,,,,,,,,,
14,,,,48839,,,,,,,,,,,,0.46207091212272644,0.07817392796278,,0.4121379554271698,,3.3311686515808105,,,,,,,,,,,,,
14,,,,48859,,,,,,,,,,,,0.46207091212272644,0.12174604833126068,,0.5841401815414429,,4.437795639038086,,,,,,,,,,,,,
14,,,,48879,,,,,,,,,,,,0.46207091212272644,0.12502102553844452,,0.5470539331436157,,4.570616722106934,,,,,,,,,,,,,
14,,,,48899,,,,,,,,,,,,0.46207091212272644,0.027982866391539574,,1.0276789665222168,,3.819922924041748,,,,,,,,,,,,,
14,,,,48919,,,,,,,,,,,,0.46207091212272644,0.0408342145383358,,0.9630087614059448,,3.7650935649871826,,,,,,,,,,,,,
14,,,,48939,,,,,,,,,,,,0.46207091212272644,0.0426609180867672,,1.0797815322875977,,4.026002407073975,,,,,,,,,,,,,
14,,,,48959,,,,,,,,,,,,0.46207091212272644,0.07261672616004944,,0.4048274755477905,,3.273185968399048,,,,,,,,,,,,,
14,,,,48979,,,,,,,,,,,,0.46207091212272644,0.04345138743519783,,1.1043715476989746,,4.137506484985352,,,,,,,,,,,,,
14,,,,48999,,,,,,,,,,,,0.46207091212272644,0.04480302333831787,,0.7550861239433289,,3.595059633255005,,,,,,,,,,,,,
14,,,,49019,,,,,,,,,,,,0.46207091212272644,0.08157598227262497,,0.9071640968322754,,4.273384094238281,,,,,,,,,,,,,
14,,,,49039,,,,,,,,,,,,0.46207091212272644,0.11553379893302917,,0.6150049567222595,,4.321252822875977,,,,,,,,,,,,,
14,,,,49059,,,,,,,,,,,,0.46207091212272644,0.06709976494312286,,0.5711315274238586,,3.5843958854675293,,,,,,,,,,,,,
14,,,,49079,,,,,,,,,,,,0.46207091212272644,0.07654784619808197,,0.4071888327598572,,3.2552220821380615,,,,,,,,,,,,,
14,,,,49099,,,,,,,,,,,,0.46207091212272644,0.1187785267829895,,0.5304538011550903,,4.393416404724121,,,,,,,,,,,,,
14,,,,49119,,,,,,,,,,,,0.46207091212272644,0.1345897763967514,,0.5513418912887573,,4.389371871948242,,,,,,,,,,,,,
14,,,,49139,,,,,,,,,,,,0.46207091212272644,0.11741502583026886,,0.5347095727920532,,4.473928451538086,,,,,,,,,,,,,
14,,,,49159,,,,,,,,,,,,0.46207091212272644,0.046533044427633286,,1.111788034439087,,4.183948040008545,,,,,,,,,,,,,
14,,,,49179,,,,,,,,,,,,0.46207091212272644,0.04240603744983673,,0.9977262616157532,,4.130652904510498,,,,,,,,,,,,,
14,,,,49199,,,,,,,,,,,,0.46207091212272644,0.11142916232347488,,0.6088920831680298,,4.348114013671875,,,,,,,,,,,,,
14,,,,49219,,,,,,,,,,,,0.46207091212272644,0.07712659239768982,,0.45365166664123535,,3.3407299518585205,,,,,,,,,,,,,
14,,,,49239,,,,,,,,,,,,0.46207091212272644,0.1122405007481575,,0.5793553590774536,,4.322246551513672,,,,,,,,,,,,,
14,,,,49259,,,,,,,,,,,,0.46207091212272644,0.05981471389532089,,0.6467928290367126,,3.476614475250244,,,,,,,,,,,,,
14,,,,49279,,,,,,,,,,,,0.46207091212272644,0.03453832119703293,,1.0787125825881958,,4.108549118041992,,,,,,,,,,,,,
14,,,,49299,,,,,,,,,,,,0.46207091212272644,0.05921536311507225,,0.8578712344169617,,3.6593117713928223,,,,,,,,,,,,,
14,,,,49319,,,,,,,,,,,,0.46207091212272644,0.047962628304958344,,1.0754600763320923,,4.249760627746582,,,,,,,,,,,,,
14,,,,49339,,,,,,,,,,,,0.46207091212272644,0.11416275054216385,,0.5394446849822998,,4.311126232147217,,,,,,,,,,,,,
14,,,,49359,,,,,,,,,,,,0.46207091212272644,0.04073178023099899,,1.283621907234192,,4.1433210372924805,,,,,,,,,,,,,
14,,,,49379,,,,,,,,,,,,0.46207091212272644,0.06395022571086884,,0.8995211124420166,,4.218686580657959,,,,,,,,,,,,,
14,,,,49399,,,,,,,,,,,,0.46207091212272644,0.12384085357189178,,0.5303281545639038,,4.316308498382568,,,,,,,,,,,,,
14,,,,49419,,,,,,,,,,,,0.46207091212272644,0.08935369551181793,,0.49185797572135925,,3.4126486778259277,,,,,,,,,,,,,
14,,,,49439,,,,,,,,,,,,0.46207091212272644,0.11936438083648682,,0.5238704681396484,,4.407807350158691,,,,,,,,,,,,,
14,,,,49459,,,,,,,,,,,,0.46207091212272644,0.09455893933773041,,0.8003655672073364,,4.369115352630615,,,,,,,,,,,,,
14,,,,49479,,,,,,,,,,,,0.46207091212272644,0.060141488909721375,,0.9382842779159546,,4.285311698913574,,,,,,,,,,,,,
14,,,,49499,,,,,,,,,,,,0.46207091212272644,0.11087897419929504,,0.5397207140922546,,4.549264907836914,,,,,,,,,,,,,
14,,,,49519,,,,,,,,,,,,0.46207091212272644,0.05639110505580902,,0.7139467000961304,,3.689958095550537,,,,,,,,,,,,,
14,,,,49539,,,,,,,,,,,,0.46207091212272644,0.12175003439188004,,0.5321085453033447,,4.425934791564941,,,,,,,,,,,,,
14,,,,49559,,,,,,,,,,,,0.46207091212272644,0.08305555582046509,,0.410077303647995,,3.2212514877319336,,,,,,,,,,,,,
14,,,,49579,,,,,,,,,,,,0.46207091212272644,0.1282912641763687,,0.670276403427124,,4.4414520263671875,,,,,,,,,,,,,
14,,,,49599,,,,,,,,,,,,0.46207091212272644,0.08147410303354263,,0.472860187292099,,3.3458120822906494,,,,,,,,,,,,,
14,,,,49619,,,,,,,,,,,,0.46207091212272644,0.06176042556762695,,0.9882463216781616,,4.287355422973633,,,,,,,,,,,,,
14,,,,49639,,,,,,,,,,,,0.46207091212272644,0.040451206266880035,,1.0997440814971924,,4.054618835449219,,,,,,,,,,,,,
14,,,,49659,,,,,,,,,,,,0.46207091212272644,0.04149195924401283,,1.1171241998672485,,4.100881099700928,,,,,,,,,,,,,
14,,,,49679,,,,,,,,,,,,0.46207091212272644,0.054857514798641205,,0.729588508605957,,3.6023523807525635,,,,,,,,,,,,,
14,,,,49699,,,,,,,,,,,,0.46207091212272644,0.12148891389369965,,0.5280241966247559,,4.461813926696777,,,,,,,,,,,,,
14,,,,49719,,,,,,,,,,,,0.46207091212272644,0.04114055633544922,,0.9804235100746155,,4.129252910614014,,,,,,,,,,,,,
14,,,,49739,,,,,,,,,,,,0.46207091212272644,0.0702337697148323,,0.5323575139045715,,3.4916772842407227,,,,,,,,,,,,,
14,,,,49759,,,,,,,,,,,,0.46207091212272644,0.05846957117319107,,0.8890223503112793,,4.281639575958252,,,,,,,,,,,,,
14,,,,49779,,,,,,,,,,,,0.46207091212272644,0.0900251492857933,,0.655759334564209,,4.434902191162109,,,,,,,,,,,,,
14,,,,49799,,,,,,,,,,,,0.46207091212272644,0.05420316755771637,,0.7118041515350342,,3.499070882797241,,,,,,,,,,,,,
14,,,,49819,,,,,,,,,,,,0.46207091212272644,0.07031872868537903,,0.4769096374511719,,3.400484323501587,,,,,,,,,,,,,
14,,,,49839,,,,,,,,,,,,0.46207091212272644,0.043349068611860275,,0.818121612071991,,3.527101516723633,,,,,,,,,,,,,
14,,,,49859,,,,,,,,,,,,0.46207091212272644,0.0381038598716259,,0.9148882031440735,,3.640556573867798,,,,,,,,,,,,,
14,,,,49879,,,,,,,,,,,,0.46207091212272644,0.037404611706733704,,1.1036972999572754,,3.9170236587524414,,,,,,,,,,,,,
14,,,,49899,,,,,,,,,,,,0.46207091212272644,0.09669890254735947,,0.408349871635437,,3.111492872238159,,,,,,,,,,,,,
14,,,,49919,,,,,,,,,,,,0.46207091212272644,0.11897148191928864,,0.5344520211219788,,4.4887189865112305,,,,,,,,,,,,,
14,,,,49939,,,,,,,,,,,,0.46207091212272644,0.0492594912648201,,1.1493258476257324,,4.005308151245117,,,,,,,,,,,,,
14,,,,49959,,,,,,,,,,,,0.46207091212272644,0.08436581492424011,,0.4030419886112213,,3.19688081741333,,,,,,,,,,,,,
14,,,,49979,,,,,,,,,,,,0.46207091212272644,0.04223208874464035,,1.0585670471191406,,4.187361717224121,,,,,,,,,,,,,
14,,,,49999,,,,,,,,,,,,0.46207091212272644,0.07157228887081146,,0.5242980718612671,,3.4431538581848145,,,,,,,,,,,,,
14,,,,50019,,,,,,,,,,,,0.46207091212272644,0.08348561823368073,,0.4287218451499939,,3.25923490524292,,,,,,,,,,,,,
14,,,,50039,,,,,,,,,,,,0.46207091212272644,0.06221141293644905,,0.3917626440525055,,3.198970317840576,,,,,,,,,,,,,
14,,,,50059,,,,,,,,,,,,0.46207091212272644,0.12018032371997833,,0.5756827592849731,,4.453264236450195,,,,,,,,,,,,,
14,,,,50079,,,,,,,,,,,,0.46207091212272644,0.036634426563978195,,1.1908836364746094,,4.135818958282471,,,,,,,,,,,,,
14,,,,50099,,,,,,,,,,,,0.46207091212272644,0.11135649681091309,,0.6062816977500916,,4.3016252517700195,,,,,,,,,,,,,
14,,,,50119,,,,,,,,,,,,0.46207091212272644,0.06469272077083588,,0.5800988674163818,,3.6096694469451904,,,,,,,,,,,,,
14,,,,50139,,,,,,,,,,,,0.46207091212272644,0.11916105449199677,,0.5210486650466919,,4.3370442390441895,,,,,,,,,,,,,
14,,,,50159,,,,,,,,,,,,0.46207091212272644,0.11854219436645508,,0.5200189352035522,,4.374181747436523,,,,,,,,,,,,,
14,,,,50179,,,,,,,,,,,,0.46207091212272644,0.028861334547400475,,1.078250527381897,,3.9673609733581543,,,,,,,,,,,,,
14,,,,50199,,,,,,,,,,,,0.46207091212272644,0.06751105934381485,,0.6251989603042603,,3.536947250366211,,,,,,,,,,,,,
14,,,,50219,,,,,,,,,,,,0.46207091212272644,0.08853501081466675,,0.40107983350753784,,3.327845573425293,,,,,,,,,,,,,
14,,,,50239,,,,,,,,,,,,0.46207091212272644,0.11315086483955383,,0.6251912713050842,,4.365255832672119,,,,,,,,,,,,,
14,,,,50259,,,,,,,,,,,,0.46207091212272644,0.04033897817134857,,1.2582600116729736,,4.089000701904297,,,,,,,,,,,,,
14,,,,50279,,,,,,,,,,,,0.46207091212272644,0.12156570702791214,,0.567987322807312,,4.495868682861328,,,,,,,,,,,,,
14,,,,50299,,,,,,,,,,,,0.46207091212272644,0.08166500926017761,,0.526055634021759,,3.3842978477478027,,,,,,,,,,,,,
14,,,,50319,,,,,,,,,,,,0.46207091212272644,0.11550675332546234,,0.554148256778717,,4.573104381561279,,,,,,,,,,,,,
14,,,,50339,,,,,,,,,,,,0.46207091212272644,0.10777191072702408,,0.5469338297843933,,4.57388162612915,,,,,,,,,,,,,
14,,,,50359,,,,,,,,,,,,0.46207091212272644,0.05999264493584633,,1.008060097694397,,4.305062770843506,,,,,,,,,,,,,
14,,,,50379,,,,,,,,,,,,0.46207091212272644,0.04498667269945145,,1.0635756254196167,,4.183390140533447,,,,,,,,,,,,,
14,,,,50399,,,,,,,,,,,,0.46207091212272644,0.04438648000359535,,1.0821633338928223,,3.9715819358825684,,,,,,,,,,,,,
14,,,,50419,,,,,,,,,,,,0.46207091212272644,0.12024590373039246,,0.5191247463226318,,4.294192790985107,,,,,,,,,,,,,
14,,,,50439,,,,,,,,,,,,0.46207091212272644,0.03310887888073921,,1.1384257078170776,,3.9743731021881104,,,,,,,,,,,,,
14,,,,50459,,,,,,,,,,,,0.46207091212272644,0.11059652268886566,,0.6155375838279724,,4.425392150878906,,,,,,,,,,,,,
14,,,,50479,,,,,,,,,,,,0.46207091212272644,0.07622800767421722,,0.5037550330162048,,3.3415322303771973,,,,,,,,,,,,,
14,,,,50499,,,,,,,,,,,,0.46207091212272644,0.11722327768802643,,0.7028529644012451,,4.398616313934326,,,,,,,,,,,,,
14,,,,50519,,,,,,,,,,,,0.46207091212272644,0.0704190656542778,,0.8704864382743835,,4.276288986206055,,,,,,,,,,,,,
14,,,,50539,,,,,,,,,,,,0.46207091212272644,0.10512396693229675,,0.6440362930297852,,4.344669342041016,,,,,,,,,,,,,
14,,,,50559,,,,,,,,,,,,0.46207091212272644,0.06564491987228394,,0.5192887187004089,,3.411860942840576,,,,,,,,,,,,,
14,,,,50579,,,,,,,,,,,,0.46207091212272644,0.0828128308057785,,0.6486790776252747,,3.614320755004883,,,,,,,,,,,,,
14,,,,50599,,,,,,,,,,,,0.46207091212272644,0.059709809720516205,,0.49860477447509766,,3.2074217796325684,,,,,,,,,,,,,
14,,,,50619,,,,,,,,,,,,0.46207091212272644,0.07485638558864594,,0.4236391484737396,,3.2021470069885254,,,,,,,,,,,,,
14,,,,50639,,,,,,,,,,,,0.46207091212272644,0.07965455204248428,,0.5539798140525818,,3.2907874584198,,,,,,,,,,,,,
14,,,,50659,,,,,,,,,,,,0.46207091212272644,0.0502685010433197,,0.8683596253395081,,3.6155548095703125,,,,,,,,,,,,,
14,,,,50679,,,,,,,,,,,,0.46207091212272644,0.06462014466524124,,0.6480970978736877,,3.519223928451538,,,,,,,,,,,,,
14,,,,50699,,,,,,,,,,,,0.46207091212272644,0.053676433861255646,,0.920414924621582,,3.6531686782836914,,,,,,,,,,,,,
14,,,,50719,,,,,,,,,,,,0.46207091212272644,0.11594440042972565,,0.5510243773460388,,4.544957637786865,,,,,,,,,,,,,
14,,,,50739,,,,,,,,,,,,0.46207091212272644,0.04008665308356285,,1.0837738513946533,,3.9683051109313965,,,,,,,,,,,,,
14,,,,50759,,,,,,,,,,,,0.46207091212272644,0.05604498088359833,,0.9301815629005432,,4.357522964477539,,,,,,,,,,,,,
14,,,,50779,,,,,,,,,,,,0.46207091212272644,0.07837303727865219,,0.780861496925354,,4.441796779632568,,,,,,,,,,,,,
14,,,,50799,,,,,,,,,,,,0.46207091212272644,0.10921858251094818,,0.7127437591552734,,4.476382732391357,,,,,,,,,,,,,
14,,,,50819,,,,,,,,,,,,0.46207091212272644,0.087102510035038,,0.48723652958869934,,3.3261160850524902,,,,,,,,,,,,,
14,,,,50839,,,,,,,,,,,,0.46207091212272644,0.11130060255527496,,0.5432294607162476,,4.463047981262207,,,,,,,,,,,,,
14,,,,50859,,,,,,,,,,,,0.46207091212272644,0.08580738306045532,,0.8291955590248108,,4.305112838745117,,,,,,,,,,,,,
14,,,,50879,,,,,,,,,,,,0.46207091212272644,0.14784222841262817,,0.5423551201820374,,4.453129291534424,,,,,,,,,,,,,
14,,,,50899,,,,,,,,,,,,0.46207091212272644,0.052280738949775696,,0.781894326210022,,3.613492250442505,,,,,,,,,,,,,
14,,,,50919,,,,,,,,,,,,0.46207091212272644,0.12538449466228485,,0.5437237620353699,,4.570455551147461,,,,,,,,,,,,,
14,,,,50939,,,,,,,,,,,,0.46207091212272644,0.04420307278633118,,1.0208500623703003,,3.844717025756836,,,,,,,,,,,,,
14,,,,50959,,,,,,,,,,,,0.46207091212272644,0.045210812240839005,,1.125038743019104,,4.098862648010254,,,,,,,,,,,,,
14,,,,50979,,,,,,,,,,,,0.46207091212272644,0.048373814672231674,,0.6522099375724792,,3.460094928741455,,,,,,,,,,,,,
14,,,,50999,,,,,,,,,,,,0.46207091212272644,0.06877565383911133,,0.9973096251487732,,4.258749008178711,,,,,,,,,,,,,
14,,,,51019,,,,,,,,,,,,0.46207091212272644,0.04872648045420647,,1.2218266725540161,,4.1107401847839355,,,,,,,,,,,,,
14,,,,51039,,,,,,,,,,,,0.46207091212272644,0.11723844707012177,,0.5457792282104492,,4.456752300262451,,,,,,,,,,,,,
14,,,,51059,,,,,,,,,,,,0.46207091212272644,0.10627125948667526,,0.6227484345436096,,4.468794345855713,,,,,,,,,,,,,
14,,,,51079,,,,,,,,,,,,0.46207091212272644,0.1165037527680397,,0.5306257605552673,,4.384136199951172,,,,,,,,,,,,,
14,,,,51099,,,,,,,,,,,,0.46207091212272644,0.10579200088977814,,0.39947089552879333,,3.228524684906006,,,,,,,,,,,,,
14,,,,51119,,,,,,,,,,,,0.46207091212272644,0.055409662425518036,,0.7499710321426392,,3.51993465423584,,,,,,,,,,,,,
14,,,,51139,,,,,,,,,,,,0.46207091212272644,0.06983563303947449,,0.5791205763816833,,3.3154404163360596,,,,,,,,,,,,,
14,,,,51159,,,,,,,,,,,,0.46207091212272644,0.07794851064682007,,0.8236408829689026,,4.378578186035156,,,,,,,,,,,,,
14,,,,51179,,,,,,,,,,,,0.46207091212272644,0.10196761786937714,,0.5817990303039551,,4.425551414489746,,,,,,,,,,,,,
14,,,,51199,,,,,,,,,,,,0.46207091212272644,0.09420095384120941,,0.38016390800476074,,3.076104164123535,,,,,,,,,,,,,
14,,,,51219,,,,,,,,,,,,0.46207091212272644,0.114478200674057,,0.5375749468803406,,4.508559226989746,,,,,,,,,,,,,
14,,,,51239,,,,,,,,,,,,0.46207091212272644,0.036452729254961014,,1.072144627571106,,3.9076051712036133,,,,,,,,,,,,,
14,,,,51259,,,,,,,,,,,,0.46207091212272644,0.08883439004421234,,0.6341181993484497,,3.478806257247925,,,,,,,,,,,,,
14,,,,51279,,,,,,,,,,,,0.46207091212272644,0.1159876137971878,,0.6256533861160278,,4.459885120391846,,,,,,,,,,,,,
14,,,,51299,,,,,,,,,,,,0.46207091212272644,0.0378471240401268,,1.1917648315429688,,4.152941703796387,,,,,,,,,,,,,
14,,,,51319,,,,,,,,,,,,0.46207091212272644,0.07067368924617767,,0.8140777945518494,,4.383637428283691,,,,,,,,,,,,,
14,,,,51339,,,,,,,,,,,,0.46207091212272644,0.12224455177783966,,0.6325439810752869,,4.502804756164551,,,,,,,,,,,,,
14,,,,51359,,,,,,,,,,,,0.46207091212272644,0.10140840709209442,,0.6162081360816956,,4.336573600769043,,,,,,,,,,,,,
14,,,,51379,,,,,,,,,,,,0.46207091212272644,0.12607640027999878,,0.5421411991119385,,4.311033725738525,,,,,,,,,,,,,
14,,,,51399,,,,,,,,,,,,0.46207091212272644,0.05145130679011345,,0.916537880897522,,3.7948403358459473,,,,,,,,,,,,,
14,,,,51419,,,,,,,,,,,,0.46207091212272644,0.0789092630147934,,0.47846561670303345,,3.4752213954925537,,,,,,,,,,,,,
14,,,,51439,,,,,,,,,,,,0.46207091212272644,0.07326211035251617,,0.8317217230796814,,4.275952339172363,,,,,,,,,,,,,
14,,,,51459,,,,,,,,,,,,0.46207091212272644,0.07277797907590866,,0.4532802999019623,,3.4456264972686768,,,,,,,,,,,,,
14,,,,51479,,,,,,,,,,,,0.46207091212272644,0.09271563589572906,,0.4094827473163605,,3.341423988342285,,,,,,,,,,,,,
14,,,,51499,,,,,,,,,,,,0.46207091212272644,0.07429627329111099,,0.8776077032089233,,4.384148597717285,,,,,,,,,,,,,
14,,,,51519,,,,,,,,,,,,0.46207091212272644,0.040910933166742325,,0.9161783456802368,,3.664273738861084,,,,,,,,,,,,,
14,,,,51539,,,,,,,,,,,,0.46207091212272644,0.08900895714759827,,0.5034907460212708,,3.421778678894043,,,,,,,,,,,,,
14,,,,51559,,,,,,,,,,,,0.46207091212272644,0.12532168626785278,,0.5295475125312805,,4.333700180053711,,,,,,,,,,,,,
14,,,,51579,,,,,,,,,,,,0.46207091212272644,0.08351868391036987,,0.4298885464668274,,3.4035229682922363,,,,,,,,,,,,,
14,,,,51599,,,,,,,,,,,,0.46207091212272644,0.03357629477977753,,1.045304536819458,,3.987795352935791,,,,,,,,,,,,,
14,,,,51619,,,,,,,,,,,,0.46207091212272644,0.09572441875934601,,0.45759305357933044,,3.4320101737976074,,,,,,,,,,,,,
14,,,,51639,,,,,,,,,,,,0.46207091212272644,0.09035354852676392,,0.47041839361190796,,3.3598852157592773,,,,,,,,,,,,,
14,,,,51659,,,,,,,,,,,,0.46207091212272644,0.04928334057331085,,0.8057091236114502,,3.637563705444336,,,,,,,,,,,,,
14,,,,51679,,,,,,,,,,,,0.46207091212272644,0.0446506142616272,,0.9063373804092407,,3.6499500274658203,,,,,,,,,,,,,
14,,,,51699,,,,,,,,,,,,0.46207091212272644,0.05674666166305542,,0.8573890924453735,,3.7322998046875,,,,,,,,,,,,,
14,,,,51719,,,,,,,,,,,,0.46207091212272644,0.10458385944366455,,0.6010414958000183,,4.308926582336426,,,,,,,,,,,,,
14,,,,51739,,,,,,,,,,,,0.46207091212272644,0.10116074979305267,,0.5469148755073547,,4.376454830169678,,,,,,,,,,,,,
14,,,,51759,,,,,,,,,,,,0.46207091212272644,0.08873304724693298,,0.417616069316864,,3.2575299739837646,,,,,,,,,,,,,
14,,,,51779,,,,,,,,,,,,0.46207091212272644,0.04409678652882576,,1.1341774463653564,,4.098195552825928,,,,,,,,,,,,,
14,,,,51799,,,,,,,,,,,,0.46207091212272644,0.08088749647140503,,0.44927385449409485,,3.450240135192871,,,,,,,,,,,,,
14,,,,51819,,,,,,,,,,,,0.46207091212272644,0.10114292800426483,,0.40600499510765076,,3.2942686080932617,,,,,,,,,,,,,
14,,,,51839,,,,,,,,,,,,0.46207091212272644,0.09275054931640625,,0.5164803862571716,,3.4524803161621094,,,,,,,,,,,,,
14,,,,51859,,,,,,,,,,,,0.46207091212272644,0.07076050341129303,,0.7107330560684204,,4.3627119064331055,,,,,,,,,,,,,
14,,,,51879,,,,,,,,,,,,0.46207091212272644,0.06063653528690338,,0.6961953639984131,,3.5925073623657227,,,,,,,,,,,,,
14,,,,51899,,,,,,,,,,,,0.46207091212272644,0.09324552118778229,,0.40852248668670654,,3.3004250526428223,,,,,,,,,,,,,
14,,,,51919,,,,,,,,,,,,0.46207091212272644,0.06878780573606491,,0.8753661513328552,,4.241410732269287,,,,,,,,,,,,,
14,,,,51939,,,,,,,,,,,,0.46207091212272644,0.11277490854263306,,0.5347225069999695,,4.394359111785889,,,,,,,,,,,,,
14,,,,51959,,,,,,,,,,,,0.46207091212272644,0.11911658197641373,,0.5311412811279297,,4.369889259338379,,,,,,,,,,,,,
14,,,,51979,,,,,,,,,,,,0.46207091212272644,0.11436517536640167,,0.5274007320404053,,4.429471969604492,,,,,,,,,,,,,
14,,,,51999,,,,,,,,,,,,0.46207091212272644,0.042598117142915726,,1.212158203125,,4.102677345275879,,,,,,,,,,,,,
14,,,,52019,,,,,,,,,,,,0.46207091212272644,0.11958839744329453,,0.5390134453773499,,4.454154014587402,,,,,,,,,,,,,
14,,,,52039,,,,,,,,,,,,0.46207091212272644,0.12575022876262665,,0.5387029647827148,,4.433597564697266,,,,,,,,,,,,,
14,,,,52059,,,,,,,,,,,,0.46207091212272644,0.09163166582584381,,0.4545052647590637,,3.3854894638061523,,,,,,,,,,,,,
14,,,,52079,,,,,,,,,,,,0.46207091212272644,0.09327352046966553,,0.4113231897354126,,3.306846857070923,,,,,,,,,,,,,
14,,,,52099,,,,,,,,,,,,0.46207091212272644,0.06677432358264923,,1.0052012205123901,,4.207709312438965,,,,,,,,,,,,,
14,,,,52119,,,,,,,,,,,,0.46207091212272644,0.09838791191577911,,0.3996647596359253,,3.207690715789795,,,,,,,,,,,,,
14,,,,52139,,,,,,,,,,,,0.46207091212272644,0.05642462521791458,,1.1838524341583252,,3.99751615524292,,,,,,,,,,,,,
14,,,,52159,,,,,,,,,,,,0.46207091212272644,0.07609646767377853,,0.8385289907455444,,4.236700057983398,,,,,,,,,,,,,
14,,,,52179,,,,,,,,,,,,0.46207091212272644,0.06644343584775925,,0.8060590624809265,,3.6187329292297363,,,,,,,,,,,,,
14,,,,52199,,,,,,,,,,,,0.46207091212272644,0.1037609875202179,,0.6772662401199341,,4.392022132873535,,,,,,,,,,,,,
14,,,,52219,,,,,,,,,,,,0.46207091212272644,0.10884008556604385,,0.5764673948287964,,4.3330183029174805,,,,,,,,,,,,,
14,,,,52229,,,,,,,,,,,,,,,,,,0.7158480286598206,0.8836126923561096,0.6980496048927307,0.6956505179405212,0.4945574104785919,0.6932514309883118,0.617745041847229,0.7190061211585999,0.6612124443054199,0.7884897589683533,0.8262089490890503,0.4970945715904236,0.7158480286598206
14,,,,52229,,,,,,,,,0.5618653893470764,0.07847233861684799,0.462065726518631,,,0.7167940139770508,,3.9202587604522705,,,,,,,,,,,,,,
,0.0002761880299246772,0.0002761880299246772,2.7618802992467714e-05,52230,,,,,,,,,,,,,,,,,,,,,,,,,,,,,,
15,,,,52239,,,,,,,,,,,,0.46207091212272644,0.11263534426689148,,0.6798586845397949,,4.289460182189941,,,,,,,,,,,,,
15,,,,52259,,,,,,,,,,,,0.46207091212272644,0.055514536798000336,,1.0999525785446167,,4.1269989013671875,,,,,,,,,,,,,
15,,,,52279,,,,,,,,,,,,0.46207091212272644,0.0572187639772892,,1.1650116443634033,,4.120406627655029,,,,,,,,,,,,,
15,,,,52299,,,,,,,,,,,,0.46207091212272644,0.04946918785572052,,1.1617385149002075,,3.8869142532348633,,,,,,,,,,,,,
15,,,,52319,,,,,,,,,,,,0.46207091212272644,0.0933588445186615,,0.46839234232902527,,3.2524502277374268,,,,,,,,,,,,,
15,,,,52339,,,,,,,,,,,,0.46207091212272644,0.09638427197933197,,0.45346635580062866,,3.331930160522461,,,,,,,,,,,,,
15,,,,52359,,,,,,,,,,,,0.46207091212272644,0.08666115999221802,,0.8337112665176392,,4.27448844909668,,,,,,,,,,,,,
15,,,,52379,,,,,,,,,,,,0.46207091212272644,0.051658596843481064,,1.218266487121582,,4.0288591384887695,,,,,,,,,,,,,
15,,,,52399,,,,,,,,,,,,0.46207091212272644,0.04533833637833595,,1.0525931119918823,,3.9493048191070557,,,,,,,,,,,,,
15,,,,52419,,,,,,,,,,,,0.46207091212272644,0.08934526145458221,,0.41050711274147034,,3.290955066680908,,,,,,,,,,,,,
15,,,,52439,,,,,,,,,,,,0.46207091212272644,0.07652978599071503,,0.9469389915466309,,4.292546272277832,,,,,,,,,,,,,
15,,,,52459,,,,,,,,,,,,0.46207091212272644,0.1304623931646347,,0.5292623043060303,,4.396890640258789,,,,,,,,,,,,,
15,,,,52479,,,,,,,,,,,,0.46207091212272644,0.054680220782756805,,0.974774181842804,,3.7300291061401367,,,,,,,,,,,,,
15,,,,52499,,,,,,,,,,,,0.46207091212272644,0.13143692910671234,,0.532641589641571,,4.291011810302734,,,,,,,,,,,,,
15,,,,52519,,,,,,,,,,,,0.46207091212272644,0.05122143402695656,,1.0844628810882568,,3.9732024669647217,,,,,,,,,,,,,
15,,,,52539,,,,,,,,,,,,0.46207091212272644,0.10124233365058899,,0.42804694175720215,,3.359443187713623,,,,,,,,,,,,,
15,,,,52559,,,,,,,,,,,,0.46207091212272644,0.1159963309764862,,0.4206906259059906,,3.3444228172302246,,,,,,,,,,,,,
15,,,,52579,,,,,,,,,,,,0.46207091212272644,0.11173665523529053,,0.4339783489704132,,3.3068485260009766,,,,,,,,,,,,,
15,,,,52599,,,,,,,,,,,,0.46207091212272644,0.05554530769586563,,1.185130000114441,,4.157064437866211,,,,,,,,,,,,,
15,,,,52619,,,,,,,,,,,,0.46207091212272644,0.10606023669242859,,0.7973336577415466,,4.407793045043945,,,,,,,,,,,,,
15,,,,52639,,,,,,,,,,,,0.46207091212272644,0.09016384184360504,,0.46678876876831055,,3.3907828330993652,,,,,,,,,,,,,
15,,,,52659,,,,,,,,,,,,0.46207091212272644,0.09232117235660553,,0.4848911166191101,,3.434343099594116,,,,,,,,,,,,,
15,,,,52679,,,,,,,,,,,,0.46207091212272644,0.13111132383346558,,0.5324176549911499,,4.406630516052246,,,,,,,,,,,,,
15,,,,52699,,,,,,,,,,,,0.46207091212272644,0.11245875805616379,,0.5778237581253052,,4.348822116851807,,,,,,,,,,,,,
15,,,,52719,,,,,,,,,,,,0.46207091212272644,0.11831589788198471,,0.527506947517395,,4.372678279876709,,,,,,,,,,,,,
15,,,,52739,,,,,,,,,,,,0.46207091212272644,0.12876489758491516,,0.526799201965332,,4.404166221618652,,,,,,,,,,,,,
15,,,,52759,,,,,,,,,,,,0.46207091212272644,0.11898499727249146,,0.5473760962486267,,4.3936567306518555,,,,,,,,,,,,,
15,,,,52779,,,,,,,,,,,,0.46207091212272644,0.09452110528945923,,0.4349440634250641,,3.3806982040405273,,,,,,,,,,,,,
15,,,,52799,,,,,,,,,,,,0.46207091212272644,0.08669577538967133,,0.5680506229400635,,3.4719486236572266,,,,,,,,,,,,,
15,,,,52819,,,,,,,,,,,,0.46207091212272644,0.06255033612251282,,1.083412766456604,,3.8825039863586426,,,,,,,,,,,,,
15,,,,52839,,,,,,,,,,,,0.46207091212272644,0.11906500160694122,,0.5904685258865356,,4.326476097106934,,,,,,,,,,,,,
15,,,,52859,,,,,,,,,,,,0.46207091212272644,0.07962550222873688,,0.5620815753936768,,3.4636707305908203,,,,,,,,,,,,,
15,,,,52879,,,,,,,,,,,,0.46207091212272644,0.13278934359550476,,0.5274133086204529,,4.325583457946777,,,,,,,,,,,,,
15,,,,52899,,,,,,,,,,,,0.46207091212272644,0.049204640090465546,,1.1053932905197144,,4.142880439758301,,,,,,,,,,,,,
15,,,,52919,,,,,,,,,,,,0.46207091212272644,0.09046166390180588,,0.6061009764671326,,3.4539220333099365,,,,,,,,,,,,,
15,,,,52939,,,,,,,,,,,,0.46207091212272644,0.08836144953966141,,0.5036905407905579,,3.390637159347534,,,,,,,,,,,,,
15,,,,52959,,,,,,,,,,,,0.46207091212272644,0.09503641724586487,,0.7588703036308289,,4.308557510375977,,,,,,,,,,,,,
15,,,,52979,,,,,,,,,,,,0.46207091212272644,0.1412408947944641,,0.5896695852279663,,4.3139824867248535,,,,,,,,,,,,,
15,,,,52999,,,,,,,,,,,,0.46207091212272644,0.07549828290939331,,0.948237955570221,,4.25751256942749,,,,,,,,,,,,,
15,,,,53019,,,,,,,,,,,,0.46207091212272644,0.09200990200042725,,0.41025131940841675,,3.2823009490966797,,,,,,,,,,,,,
15,,,,53039,,,,,,,,,,,,0.46207091212272644,0.046687036752700806,,1.0792604684829712,,3.9800145626068115,,,,,,,,,,,,,
15,,,,53059,,,,,,,,,,,,0.46207091212272644,0.07825329154729843,,0.6883201599121094,,3.5458037853240967,,,,,,,,,,,,,
15,,,,53079,,,,,,,,,,,,0.46207091212272644,0.13388371467590332,,0.5908392667770386,,4.548447132110596,,,,,,,,,,,,,
15,,,,53099,,,,,,,,,,,,0.46207091212272644,0.09094059467315674,,0.4147561192512512,,3.275466203689575,,,,,,,,,,,,,
15,,,,53119,,,,,,,,,,,,0.46207091212272644,0.10825129598379135,,0.4112147092819214,,3.2916364669799805,,,,,,,,,,,,,
15,,,,53139,,,,,,,,,,,,0.46207091212272644,0.12637567520141602,,0.5345453023910522,,4.441732406616211,,,,,,,,,,,,,
15,,,,53159,,,,,,,,,,,,0.46207091212272644,0.054139140993356705,,1.0118086338043213,,4.1829376220703125,,,,,,,,,,,,,
15,,,,53179,,,,,,,,,,,,0.46207091212272644,0.06574049592018127,,0.7570043802261353,,3.579408645629883,,,,,,,,,,,,,
15,,,,53199,,,,,,,,,,,,0.46207091212272644,0.12033717334270477,,0.5732241868972778,,4.454407215118408,,,,,,,,,,,,,
15,,,,53219,,,,,,,,,,,,0.46207091212272644,0.1092546284198761,,0.39318862557411194,,3.1630823612213135,,,,,,,,,,,,,
15,,,,53239,,,,,,,,,,,,0.46207091212272644,0.0503961555659771,,1.1499882936477661,,4.112627029418945,,,,,,,,,,,,,
15,,,,53259,,,,,,,,,,,,0.46207091212272644,0.09976376593112946,,0.7041129469871521,,4.44556999206543,,,,,,,,,,,,,
15,,,,53279,,,,,,,,,,,,0.46207091212272644,0.10090036690235138,,0.39709407091140747,,3.208303451538086,,,,,,,,,,,,,
15,,,,53299,,,,,,,,,,,,0.46207091212272644,0.12402717024087906,,0.540728747844696,,4.5300612449646,,,,,,,,,,,,,
15,,,,53319,,,,,,,,,,,,0.46207091212272644,0.13005273044109344,,0.5737926959991455,,4.409931182861328,,,,,,,,,,,,,
15,,,,53339,,,,,,,,,,,,0.46207091212272644,0.05139702931046486,,1.0621085166931152,,4.204948425292969,,,,,,,,,,,,,
15,,,,53359,,,,,,,,,,,,0.46207091212272644,0.08156195282936096,,0.9356437921524048,,4.253880500793457,,,,,,,,,,,,,
15,,,,53379,,,,,,,,,,,,0.46207091212272644,0.10575731098651886,,0.7194411158561707,,4.401322364807129,,,,,,,,,,,,,
15,,,,53399,,,,,,,,,,,,0.46207091212272644,0.12619179487228394,,0.559158444404602,,4.517368316650391,,,,,,,,,,,,,
15,,,,53419,,,,,,,,,,,,0.46207091212272644,0.05336488038301468,,1.028334140777588,,3.8033976554870605,,,,,,,,,,,,,
15,,,,53439,,,,,,,,,,,,0.46207091212272644,0.0882200226187706,,0.790039598941803,,4.313671112060547,,,,,,,,,,,,,
15,,,,53459,,,,,,,,,,,,0.46207091212272644,0.05520795285701752,,1.067747950553894,,4.102321624755859,,,,,,,,,,,,,
15,,,,53479,,,,,,,,,,,,0.46207091212272644,0.10146107524633408,,0.579074501991272,,4.4303083419799805,,,,,,,,,,,,,
15,,,,53499,,,,,,,,,,,,0.46207091212272644,0.1265026181936264,,0.6278856992721558,,4.435421943664551,,,,,,,,,,,,,
15,,,,53519,,,,,,,,,,,,0.46207091212272644,0.08489800989627838,,0.43390268087387085,,3.3683419227600098,,,,,,,,,,,,,
15,,,,53539,,,,,,,,,,,,0.46207091212272644,0.04479018598794937,,1.0626825094223022,,4.089376926422119,,,,,,,,,,,,,
15,,,,53559,,,,,,,,,,,,0.46207091212272644,0.10314756631851196,,0.40863436460494995,,3.304459571838379,,,,,,,,,,,,,
15,,,,53579,,,,,,,,,,,,0.46207091212272644,0.08908947557210922,,0.5111310482025146,,3.349583148956299,,,,,,,,,,,,,
15,,,,53599,,,,,,,,,,,,0.46207091212272644,0.061043184250593185,,0.6594093441963196,,3.5524401664733887,,,,,,,,,,,,,
15,,,,53619,,,,,,,,,,,,0.46207091212272644,0.04408513754606247,,1.0753989219665527,,3.8517630100250244,,,,,,,,,,,,,
15,,,,53639,,,,,,,,,,,,0.46207091212272644,0.09668073058128357,,0.4042547047138214,,3.1953563690185547,,,,,,,,,,,,,
15,,,,53659,,,,,,,,,,,,0.46207091212272644,0.11590886116027832,,0.6485188603401184,,4.442790508270264,,,,,,,,,,,,,
15,,,,53679,,,,,,,,,,,,0.46207091212272644,0.05034860223531723,,1.1243292093276978,,4.030683517456055,,,,,,,,,,,,,
15,,,,53699,,,,,,,,,,,,0.46207091212272644,0.12525464594364166,,0.5338015556335449,,4.395442485809326,,,,,,,,,,,,,
15,,,,53719,,,,,,,,,,,,0.46207091212272644,0.10916100442409515,,0.5994043350219727,,4.316354751586914,,,,,,,,,,,,,
15,,,,53739,,,,,,,,,,,,0.46207091212272644,0.09518620371818542,,0.4292578101158142,,3.4170942306518555,,,,,,,,,,,,,
15,,,,53759,,,,,,,,,,,,0.46207091212272644,0.06654062867164612,,0.6648932695388794,,3.640017509460449,,,,,,,,,,,,,
15,,,,53779,,,,,,,,,,,,0.46207091212272644,0.0839705765247345,,0.5073570609092712,,3.569000005722046,,,,,,,,,,,,,
15,,,,53799,,,,,,,,,,,,0.46207091212272644,0.062053751200437546,,0.995785653591156,,4.143410682678223,,,,,,,,,,,,,
15,,,,53819,,,,,,,,,,,,0.46207091212272644,0.10683782398700714,,0.683605432510376,,4.333488464355469,,,,,,,,,,,,,
15,,,,53839,,,,,,,,,,,,0.46207091212272644,0.11229810863733292,,0.5596495866775513,,4.48405647277832,,,,,,,,,,,,,
15,,,,53859,,,,,,,,,,,,0.46207091212272644,0.053691525012254715,,0.9972681403160095,,3.822253704071045,,,,,,,,,,,,,
15,,,,53879,,,,,,,,,,,,0.46207091212272644,0.047299496829509735,,1.066673994064331,,4.045310974121094,,,,,,,,,,,,,
15,,,,53899,,,,,,,,,,,,0.46207091212272644,0.1005682498216629,,0.68241947889328,,4.3754377365112305,,,,,,,,,,,,,
15,,,,53919,,,,,,,,,,,,0.46207091212272644,0.08250050246715546,,0.7620986700057983,,4.386012077331543,,,,,,,,,,,,,
15,,,,53939,,,,,,,,,,,,0.46207091212272644,0.0725029930472374,,0.566078245639801,,3.5580556392669678,,,,,,,,,,,,,
15,,,,53959,,,,,,,,,,,,0.46207091212272644,0.11769974231719971,,0.6608637571334839,,4.313143730163574,,,,,,,,,,,,,
15,,,,53979,,,,,,,,,,,,0.46207091212272644,0.0744781419634819,,0.6396340131759644,,3.475846767425537,,,,,,,,,,,,,
15,,,,53999,,,,,,,,,,,,0.46207091212272644,0.11044250428676605,,0.6987025141716003,,4.384275436401367,,,,,,,,,,,,,
15,,,,54019,,,,,,,,,,,,0.46207091212272644,0.10323676466941833,,0.6510654091835022,,4.4321160316467285,,,,,,,,,,,,,
15,,,,54039,,,,,,,,,,,,0.46207091212272644,0.09330829232931137,,0.3930923640727997,,3.2323975563049316,,,,,,,,,,,,,
15,,,,54059,,,,,,,,,,,,0.46207091212272644,0.09702970832586288,,0.39699113368988037,,3.2242965698242188,,,,,,,,,,,,,
15,,,,54079,,,,,,,,,,,,0.46207091212272644,0.10169118642807007,,0.7416425347328186,,4.38330602645874,,,,,,,,,,,,,
15,,,,54099,,,,,,,,,,,,0.46207091212272644,0.04914366453886032,,1.0698071718215942,,3.943946599960327,,,,,,,,,,,,,
15,,,,54119,,,,,,,,,,,,0.46207091212272644,0.0819200724363327,,0.5231499671936035,,3.375178337097168,,,,,,,,,,,,,
15,,,,54139,,,,,,,,,,,,0.46207091212272644,0.08622436225414276,,0.5285285711288452,,3.449158191680908,,,,,,,,,,,,,
15,,,,54159,,,,,,,,,,,,0.46207091212272644,0.12129832804203033,,0.5375783443450928,,4.499755859375,,,,,,,,,,,,,
15,,,,54179,,,,,,,,,,,,0.46207091212272644,0.11955013871192932,,0.5765472650527954,,4.410841941833496,,,,,,,,,,,,,
15,,,,54199,,,,,,,,,,,,0.46207091212272644,0.05634279549121857,,1.0746686458587646,,4.132213592529297,,,,,,,,,,,,,
15,,,,54219,,,,,,,,,,,,0.46207091212272644,0.08616458624601364,,0.46730178594589233,,3.4392189979553223,,,,,,,,,,,,,
15,,,,54239,,,,,,,,,,,,0.46207091212272644,0.10802941024303436,,0.6441351175308228,,4.2725019454956055,,,,,,,,,,,,,
15,,,,54259,,,,,,,,,,,,0.46207091212272644,0.09053178876638412,,0.40879398584365845,,3.3221054077148438,,,,,,,,,,,,,
15,,,,54279,,,,,,,,,,,,0.46207091212272644,0.046605516225099564,,1.0955737829208374,,3.943394899368286,,,,,,,,,,,,,
15,,,,54299,,,,,,,,,,,,0.46207091212272644,0.09117084741592407,,0.42749378085136414,,3.3105266094207764,,,,,,,,,,,,,
15,,,,54319,,,,,,,,,,,,0.46207091212272644,0.038293398916721344,,1.1995655298233032,,4.047679901123047,,,,,,,,,,,,,
15,,,,54339,,,,,,,,,,,,0.46207091212272644,0.07858443260192871,,0.6525255441665649,,3.6523149013519287,,,,,,,,,,,,,
15,,,,54359,,,,,,,,,,,,0.46207091212272644,0.06215627118945122,,0.6634798645973206,,3.46480655670166,,,,,,,,,,,,,
15,,,,54379,,,,,,,,,,,,0.46207091212272644,0.11832119524478912,,0.621642529964447,,4.383174896240234,,,,,,,,,,,,,
15,,,,54399,,,,,,,,,,,,0.46207091212272644,0.059686046093702316,,1.1434065103530884,,4.137637138366699,,,,,,,,,,,,,
15,,,,54419,,,,,,,,,,,,0.46207091212272644,0.12187670171260834,,0.5539283156394958,,4.369565963745117,,,,,,,,,,,,,
15,,,,54439,,,,,,,,,,,,0.46207091212272644,0.12248200923204422,,0.5473892688751221,,4.39346981048584,,,,,,,,,,,,,
15,,,,54459,,,,,,,,,,,,0.46207091212272644,0.04436253011226654,,1.184498906135559,,4.03564977645874,,,,,,,,,,,,,
15,,,,54479,,,,,,,,,,,,0.46207091212272644,0.10649795830249786,,0.47272294759750366,,3.3821563720703125,,,,,,,,,,,,,
15,,,,54499,,,,,,,,,,,,0.46207091212272644,0.06219244375824928,,0.7525670528411865,,3.639312505722046,,,,,,,,,,,,,
15,,,,54519,,,,,,,,,,,,0.46207091212272644,0.04164358973503113,,1.2091116905212402,,3.993410110473633,,,,,,,,,,,,,
15,,,,54539,,,,,,,,,,,,0.46207091212272644,0.09118440747261047,,0.3898463249206543,,3.179720401763916,,,,,,,,,,,,,
15,,,,54559,,,,,,,,,,,,0.46207091212272644,0.07826545834541321,,0.490511029958725,,3.3315176963806152,,,,,,,,,,,,,
15,,,,54579,,,,,,,,,,,,0.46207091212272644,0.0645643025636673,,1.0027925968170166,,4.330404281616211,,,,,,,,,,,,,
15,,,,54599,,,,,,,,,,,,0.46207091212272644,0.10357624292373657,,0.6682654619216919,,4.378375053405762,,,,,,,,,,,,,
15,,,,54619,,,,,,,,,,,,0.46207091212272644,0.04142804443836212,,1.0194780826568604,,3.839968204498291,,,,,,,,,,,,,
15,,,,54639,,,,,,,,,,,,0.46207091212272644,0.12168768048286438,,0.5411059260368347,,4.512371063232422,,,,,,,,,,,,,
15,,,,54659,,,,,,,,,,,,0.46207091212272644,0.07793103158473969,,0.9938772916793823,,4.304995536804199,,,,,,,,,,,,,
15,,,,54679,,,,,,,,,,,,0.46207091212272644,0.084710031747818,,0.7808988094329834,,4.2744317054748535,,,,,,,,,,,,,
15,,,,54699,,,,,,,,,,,,0.46207091212272644,0.10409925878047943,,0.41321104764938354,,3.370720386505127,,,,,,,,,,,,,
15,,,,54719,,,,,,,,,,,,0.46207091212272644,0.08384140580892563,,0.6133599281311035,,3.5628433227539062,,,,,,,,,,,,,
15,,,,54739,,,,,,,,,,,,0.46207091212272644,0.06291556358337402,,1.053596019744873,,4.298046588897705,,,,,,,,,,,,,
15,,,,54759,,,,,,,,,,,,0.46207091212272644,0.1165912002325058,,0.5625380277633667,,4.445321083068848,,,,,,,,,,,,,
15,,,,54779,,,,,,,,,,,,0.46207091212272644,0.046394530683755875,,1.1414382457733154,,4.037995338439941,,,,,,,,,,,,,
15,,,,54799,,,,,,,,,,,,0.46207091212272644,0.0567181296646595,,0.6709949374198914,,3.673818588256836,,,,,,,,,,,,,
15,,,,54819,,,,,,,,,,,,0.46207091212272644,0.06752662360668182,,0.628207802772522,,3.477771282196045,,,,,,,,,,,,,
15,,,,54839,,,,,,,,,,,,0.46207091212272644,0.09192755818367004,,0.4454087018966675,,3.341480255126953,,,,,,,,,,,,,
15,,,,54859,,,,,,,,,,,,0.46207091212272644,0.09458215534687042,,0.5924026966094971,,3.52236008644104,,,,,,,,,,,,,
15,,,,54879,,,,,,,,,,,,0.46207091212272644,0.09789399802684784,,0.6967978477478027,,4.345146179199219,,,,,,,,,,,,,
15,,,,54899,,,,,,,,,,,,0.46207091212272644,0.09873969852924347,,0.47037896513938904,,3.365448474884033,,,,,,,,,,,,,
15,,,,54919,,,,,,,,,,,,0.46207091212272644,0.09329676628112793,,0.39956697821617126,,3.269951820373535,,,,,,,,,,,,,
15,,,,54939,,,,,,,,,,,,0.46207091212272644,0.09914478659629822,,0.4579292833805084,,3.333181858062744,,,,,,,,,,,,,
15,,,,54959,,,,,,,,,,,,0.46207091212272644,0.0761130079627037,,0.6361895799636841,,3.449639081954956,,,,,,,,,,,,,
15,,,,54979,,,,,,,,,,,,0.46207091212272644,0.10313128679990768,,0.392691969871521,,3.1260173320770264,,,,,,,,,,,,,
15,,,,54999,,,,,,,,,,,,0.46207091212272644,0.048510149121284485,,1.1319457292556763,,4.004687309265137,,,,,,,,,,,,,
15,,,,55019,,,,,,,,,,,,0.46207091212272644,0.08536297082901001,,0.3855723738670349,,3.1368343830108643,,,,,,,,,,,,,
15,,,,55039,,,,,,,,,,,,0.46207091212272644,0.1281006634235382,,0.532518744468689,,4.3862223625183105,,,,,,,,,,,,,
15,,,,55059,,,,,,,,,,,,0.46207091212272644,0.0983974039554596,,0.41106992959976196,,3.3464138507843018,,,,,,,,,,,,,
15,,,,55079,,,,,,,,,,,,0.46207091212272644,0.10282684117555618,,0.7142682671546936,,4.3028764724731445,,,,,,,,,,,,,
15,,,,55099,,,,,,,,,,,,0.46207091212272644,0.12202709913253784,,0.5788940787315369,,4.39601993560791,,,,,,,,,,,,,
15,,,,55119,,,,,,,,,,,,0.46207091212272644,0.08322773873806,,0.3901605010032654,,3.160867929458618,,,,,,,,,,,,,
15,,,,55139,,,,,,,,,,,,0.46207091212272644,0.08170916140079498,,0.6011055111885071,,3.301797866821289,,,,,,,,,,,,,
15,,,,55159,,,,,,,,,,,,0.46207091212272644,0.1146426871418953,,0.6500025987625122,,4.479050636291504,,,,,,,,,,,,,
15,,,,55179,,,,,,,,,,,,0.46207091212272644,0.06681641191244125,,0.9974310398101807,,4.23716926574707,,,,,,,,,,,,,
15,,,,55199,,,,,,,,,,,,0.46207091212272644,0.09954361617565155,,0.6021094918251038,,3.5529978275299072,,,,,,,,,,,,,
15,,,,55219,,,,,,,,,,,,0.46207091212272644,0.08469352126121521,,0.5107008218765259,,3.397892713546753,,,,,,,,,,,,,
15,,,,55239,,,,,,,,,,,,0.46207091212272644,0.11015740036964417,,0.6689199805259705,,4.37300443649292,,,,,,,,,,,,,
15,,,,55259,,,,,,,,,,,,0.46207091212272644,0.1269642561674118,,0.5337726473808289,,4.484410285949707,,,,,,,,,,,,,
15,,,,55279,,,,,,,,,,,,0.46207091212272644,0.0975208431482315,,0.46820324659347534,,3.353534698486328,,,,,,,,,,,,,
15,,,,55299,,,,,,,,,,,,0.46207091212272644,0.072408527135849,,0.7718770503997803,,3.7129130363464355,,,,,,,,,,,,,
15,,,,55319,,,,,,,,,,,,0.46207091212272644,0.09293971210718155,,0.44457200169563293,,3.401965379714966,,,,,,,,,,,,,
15,,,,55339,,,,,,,,,,,,0.46207091212272644,0.058476172387599945,,1.1305705308914185,,3.897892951965332,,,,,,,,,,,,,
15,,,,55359,,,,,,,,,,,,0.46207091212272644,0.07147443294525146,,0.7725940942764282,,3.6480164527893066,,,,,,,,,,,,,
15,,,,55379,,,,,,,,,,,,0.46207091212272644,0.05895622819662094,,0.9214743375778198,,3.757589817047119,,,,,,,,,,,,,
15,,,,55399,,,,,,,,,,,,0.46207091212272644,0.09373991191387177,,0.839801549911499,,4.242369651794434,,,,,,,,,,,,,
15,,,,55419,,,,,,,,,,,,0.46207091212272644,0.042266376316547394,,0.9772094488143921,,3.8944292068481445,,,,,,,,,,,,,
15,,,,55439,,,,,,,,,,,,0.46207091212272644,0.0724429339170456,,0.8317822813987732,,4.238148212432861,,,,,,,,,,,,,
15,,,,55459,,,,,,,,,,,,0.46207091212272644,0.08659125864505768,,0.7768058776855469,,4.229666709899902,,,,,,,,,,,,,
15,,,,55479,,,,,,,,,,,,0.46207091212272644,0.10520428419113159,,0.4197717308998108,,3.3445911407470703,,,,,,,,,,,,,
15,,,,55499,,,,,,,,,,,,0.46207091212272644,0.061306025832891464,,1.2069813013076782,,3.9746129512786865,,,,,,,,,,,,,
15,,,,55519,,,,,,,,,,,,0.46207091212272644,0.12281377613544464,,0.5539045333862305,,4.473503112792969,,,,,,,,,,,,,
15,,,,55539,,,,,,,,,,,,0.46207091212272644,0.0726572722196579,,0.9698648452758789,,4.192544937133789,,,,,,,,,,,,,
15,,,,55559,,,,,,,,,,,,0.46207091212272644,0.0729939341545105,,0.7492973804473877,,4.276473522186279,,,,,,,,,,,,,
15,,,,55579,,,,,,,,,,,,0.46207091212272644,0.05095570534467697,,1.0286592245101929,,3.9136414527893066,,,,,,,,,,,,,
15,,,,55599,,,,,,,,,,,,0.46207091212272644,0.05024354159832001,,1.092302680015564,,3.9109511375427246,,,,,,,,,,,,,
15,,,,55619,,,,,,,,,,,,0.46207091212272644,0.1191975399851799,,0.40970897674560547,,3.262230634689331,,,,,,,,,,,,,
15,,,,55639,,,,,,,,,,,,0.46207091212272644,0.08709269016981125,,0.586078405380249,,3.472938060760498,,,,,,,,,,,,,
15,,,,55659,,,,,,,,,,,,0.46207091212272644,0.06477586925029755,,1.131043791770935,,4.08947229385376,,,,,,,,,,,,,
15,,,,55679,,,,,,,,,,,,0.46207091212272644,0.08790020644664764,,0.5697077512741089,,3.5675594806671143,,,,,,,,,,,,,
15,,,,55699,,,,,,,,,,,,0.46207091212272644,0.07344324886798859,,0.8918500542640686,,4.257505416870117,,,,,,,,,,,,,
15,,,,55711,,,,,,,,,,,,,,,,,,0.693203866481781,0.8891568183898926,0.6483060717582703,0.6599453091621399,0.48390135169029236,0.6715845465660095,0.5717349052429199,0.6699243187904358,0.6965044140815735,0.8274908661842346,0.808571457862854,0.3537713289260864,0.693203866481781
15,,,,55711,,,,,,,,,0.5507209897041321,0.08673699200153351,0.462065726518631,,,0.7189001441001892,,3.9398584365844727,,,,,,,,,,,,,,
,0.0002713525491562421,0.0002713525491562421,2.713525491562421e-05,55712,,,,,,,,,,,,,,,,,,,,,,,,,,,,,,
16,,,,55719,,,,,,,,,,,,0.46207091212272644,0.06628026813268661,,1.128014087677002,,4.082451820373535,,,,,,,,,,,,,
16,,,,55739,,,,,,,,,,,,0.46207091212272644,0.12262911349534988,,0.5263050198554993,,4.329486846923828,,,,,,,,,,,,,
16,,,,55759,,,,,,,,,,,,0.46207091212272644,0.10198895633220673,,0.4140990972518921,,3.301142692565918,,,,,,,,,,,,,
16,,,,55779,,,,,,,,,,,,0.46207091212272644,0.07161000370979309,,1.0254809856414795,,4.296975135803223,,,,,,,,,,,,,
16,,,,55799,,,,,,,,,,,,0.46207091212272644,0.10289894044399261,,0.4046533703804016,,3.221099853515625,,,,,,,,,,,,,
16,,,,55819,,,,,,,,,,,,0.46207091212272644,0.06496017426252365,,1.1152476072311401,,4.1818108558654785,,,,,,,,,,,,,
16,,,,55839,,,,,,,,,,,,0.46207091212272644,0.07361624389886856,,0.8108483552932739,,3.537649631500244,,,,,,,,,,,,,
16,,,,55859,,,,,,,,,,,,0.46207091212272644,0.11735011637210846,,0.5386049747467041,,4.533000946044922,,,,,,,,,,,,,
16,,,,55879,,,,,,,,,,,,0.46207091212272644,0.07536691427230835,,1.134153127670288,,4.0567545890808105,,,,,,,,,,,,,
16,,,,55899,,,,,,,,,,,,0.46207091212272644,0.08575426787137985,,0.9199649095535278,,4.240688323974609,,,,,,,,,,,,,
16,,,,55919,,,,,,,,,,,,0.46207091212272644,0.11733654141426086,,0.7031514048576355,,4.26366662979126,,,,,,,,,,,,,
16,,,,55939,,,,,,,,,,,,0.46207091212272644,0.044401757419109344,,0.9625669717788696,,3.8118486404418945,,,,,,,,,,,,,
16,,,,55959,,,,,,,,,,,,0.46207091212272644,0.12918654084205627,,0.5379955768585205,,4.430355072021484,,,,,,,,,,,,,
16,,,,55979,,,,,,,,,,,,0.46207091212272644,0.07352649420499802,,0.922757089138031,,4.248953819274902,,,,,,,,,,,,,
16,,,,55999,,,,,,,,,,,,0.46207091212272644,0.07711644470691681,,1.0322506427764893,,4.266825199127197,,,,,,,,,,,,,
16,,,,56019,,,,,,,,,,,,0.46207091212272644,0.13656581938266754,,0.5365965366363525,,4.362527847290039,,,,,,,,,,,,,
16,,,,56039,,,,,,,,,,,,0.46207091212272644,0.10536056756973267,,0.4106641113758087,,3.3132753372192383,,,,,,,,,,,,,
16,,,,56059,,,,,,,,,,,,0.46207091212272644,0.05367068946361542,,1.0349832773208618,,3.7846016883850098,,,,,,,,,,,,,
16,,,,56079,,,,,,,,,,,,0.46207091212272644,0.08669621497392654,,0.5587754249572754,,3.5224759578704834,,,,,,,,,,,,,
16,,,,56099,,,,,,,,,,,,0.46207091212272644,0.07314971089363098,,0.8401615619659424,,3.5004279613494873,,,,,,,,,,,,,
16,,,,56119,,,,,,,,,,,,0.46207091212272644,0.06363961845636368,,1.1189182996749878,,4.148909091949463,,,,,,,,,,,,,
16,,,,56139,,,,,,,,,,,,0.46207091212272644,0.10912530869245529,,0.47864630818367004,,3.4208202362060547,,,,,,,,,,,,,
16,,,,56159,,,,,,,,,,,,0.46207091212272644,0.0898747593164444,,0.7997146844863892,,3.7459888458251953,,,,,,,,,,,,,
16,,,,56179,,,,,,,,,,,,0.46207091212272644,0.06474083662033081,,1.0184440612792969,,3.8827130794525146,,,,,,,,,,,,,
16,,,,56199,,,,,,,,,,,,0.46207091212272644,0.13166950643062592,,0.5648953914642334,,4.452916145324707,,,,,,,,,,,,,
16,,,,56219,,,,,,,,,,,,0.46207091212272644,0.09040523320436478,,0.8252648711204529,,4.3253607749938965,,,,,,,,,,,,,
16,,,,56239,,,,,,,,,,,,0.46207091212272644,0.08557163178920746,,0.4123040437698364,,3.249077320098877,,,,,,,,,,,,,
16,,,,56259,,,,,,,,,,,,0.46207091212272644,0.09518041461706161,,0.4470953047275543,,3.1824028491973877,,,,,,,,,,,,,
16,,,,56279,,,,,,,,,,,,0.46207091212272644,0.09218716621398926,,0.8641518950462341,,4.415675163269043,,,,,,,,,,,,,
16,,,,56299,,,,,,,,,,,,0.46207091212272644,0.059448931366205215,,1.106499433517456,,3.8473448753356934,,,,,,,,,,,,,
16,,,,56319,,,,,,,,,,,,0.46207091212272644,0.12210538983345032,,0.6459420323371887,,4.492473602294922,,,,,,,,,,,,,
16,,,,56339,,,,,,,,,,,,0.46207091212272644,0.11270581185817719,,0.6959142088890076,,4.3658366203308105,,,,,,,,,,,,,
16,,,,56359,,,,,,,,,,,,0.46207091212272644,0.07592357695102692,,0.8844442963600159,,4.256863594055176,,,,,,,,,,,,,
16,,,,56379,,,,,,,,,,,,0.46207091212272644,0.13978078961372375,,0.5495939254760742,,4.515910625457764,,,,,,,,,,,,,
16,,,,56399,,,,,,,,,,,,0.46207091212272644,0.1125764548778534,,0.41661933064460754,,3.234297275543213,,,,,,,,,,,,,
16,,,,56419,,,,,,,,,,,,0.46207091212272644,0.057314470410346985,,1.2173150777816772,,4.001644611358643,,,,,,,,,,,,,
16,,,,56439,,,,,,,,,,,,0.46207091212272644,0.09560341387987137,,0.4107615351676941,,3.26492977142334,,,,,,,,,,,,,
16,,,,56459,,,,,,,,,,,,0.46207091212272644,0.12517324090003967,,0.6041812300682068,,4.432533264160156,,,,,,,,,,,,,
16,,,,56479,,,,,,,,,,,,0.46207091212272644,0.09342218190431595,,0.39411336183547974,,3.166172742843628,,,,,,,,,,,,,
16,,,,56499,,,,,,,,,,,,0.46207091212272644,0.10727064311504364,,0.4019119441509247,,3.177874803543091,,,,,,,,,,,,,
16,,,,56519,,,,,,,,,,,,0.46207091212272644,0.09441759437322617,,0.5295683741569519,,3.285315752029419,,,,,,,,,,,,,
16,,,,56539,,,,,,,,,,,,0.46207091212272644,0.07598790526390076,,0.7217659950256348,,3.554076671600342,,,,,,,,,,,,,
16,,,,56559,,,,,,,,,,,,0.46207091212272644,0.12052133679389954,,0.7500665783882141,,4.331537246704102,,,,,,,,,,,,,
16,,,,56579,,,,,,,,,,,,0.46207091212272644,0.11305123567581177,,0.41674932837486267,,3.389963150024414,,,,,,,,,,,,,
16,,,,56599,,,,,,,,,,,,0.46207091212272644,0.1357618272304535,,0.5558398962020874,,4.288700103759766,,,,,,,,,,,,,
16,,,,56619,,,,,,,,,,,,0.46207091212272644,0.08147918432950974,,0.9195950031280518,,3.7741448879241943,,,,,,,,,,,,,
16,,,,56639,,,,,,,,,,,,0.46207091212272644,0.13805615901947021,,0.5592448711395264,,4.3644208908081055,,,,,,,,,,,,,
16,,,,56659,,,,,,,,,,,,0.46207091212272644,0.12881258130073547,,0.5450550317764282,,4.3337602615356445,,,,,,,,,,,,,
16,,,,56679,,,,,,,,,,,,0.46207091212272644,0.11885788291692734,,0.5878728628158569,,3.45772123336792,,,,,,,,,,,,,
16,,,,56699,,,,,,,,,,,,0.46207091212272644,0.141454815864563,,0.5552575588226318,,4.358485221862793,,,,,,,,,,,,,
16,,,,56719,,,,,,,,,,,,0.46207091212272644,0.11217799782752991,,0.40599092841148376,,3.2568302154541016,,,,,,,,,,,,,
16,,,,56739,,,,,,,,,,,,0.46207091212272644,0.11524222791194916,,0.65352863073349,,4.356070518493652,,,,,,,,,,,,,
16,,,,56759,,,,,,,,,,,,0.46207091212272644,0.08686041086912155,,0.8678616881370544,,4.270432949066162,,,,,,,,,,,,,
16,,,,56779,,,,,,,,,,,,0.46207091212272644,0.07457824796438217,,0.9341302514076233,,3.7832741737365723,,,,,,,,,,,,,
16,,,,56799,,,,,,,,,,,,0.46207091212272644,0.1079094186425209,,0.41832953691482544,,3.2934932708740234,,,,,,,,,,,,,
16,,,,56819,,,,,,,,,,,,0.46207091212272644,0.07949161529541016,,0.8697293996810913,,4.26148796081543,,,,,,,,,,,,,
16,,,,56839,,,,,,,,,,,,0.46207091212272644,0.13440029323101044,,0.5473552346229553,,4.410696029663086,,,,,,,,,,,,,
16,,,,56859,,,,,,,,,,,,0.46207091212272644,0.06143231689929962,,0.7480454444885254,,3.5965752601623535,,,,,,,,,,,,,
16,,,,56879,,,,,,,,,,,,0.46207091212272644,0.06070458143949509,,1.2087619304656982,,4.0584797859191895,,,,,,,,,,,,,
16,,,,56899,,,,,,,,,,,,0.46207091212272644,0.05642402172088623,,1.1012901067733765,,4.041114330291748,,,,,,,,,,,,,
16,,,,56919,,,,,,,,,,,,0.46207091212272644,0.12274810671806335,,0.5339154601097107,,4.451138496398926,,,,,,,,,,,,,
16,,,,56939,,,,,,,,,,,,0.46207091212272644,0.09662884473800659,,0.8687666654586792,,3.601747989654541,,,,,,,,,,,,,
16,,,,56959,,,,,,,,,,,,0.46207091212272644,0.12317787110805511,,0.5415241122245789,,4.405906677246094,,,,,,,,,,,,,
16,,,,56979,,,,,,,,,,,,0.46207091212272644,0.048266179859638214,,0.9636460542678833,,3.731224298477173,,,,,,,,,,,,,
16,,,,56999,,,,,,,,,,,,0.46207091212272644,0.0589134506881237,,1.1025084257125854,,4.175301551818848,,,,,,,,,,,,,
16,,,,57019,,,,,,,,,,,,0.46207091212272644,0.08547449111938477,,0.5610695481300354,,3.5171639919281006,,,,,,,,,,,,,
16,,,,57039,,,,,,,,,,,,0.46207091212272644,0.07148128747940063,,0.9969492554664612,,4.227845668792725,,,,,,,,,,,,,
16,,,,57059,,,,,,,,,,,,0.46207091212272644,0.1250339150428772,,0.5298059582710266,,4.401337623596191,,,,,,,,,,,,,
16,,,,57079,,,,,,,,,,,,0.46207091212272644,0.10136857628822327,,0.6642913818359375,,3.6276347637176514,,,,,,,,,,,,,
16,,,,57099,,,,,,,,,,,,0.46207091212272644,0.08620107918977737,,0.851436972618103,,4.250412464141846,,,,,,,,,,,,,
16,,,,57119,,,,,,,,,,,,0.46207091212272644,0.12111686170101166,,0.6235337853431702,,4.318225860595703,,,,,,,,,,,,,
16,,,,57139,,,,,,,,,,,,0.46207091212272644,0.09292617440223694,,0.398531436920166,,3.277338981628418,,,,,,,,,,,,,
16,,,,57159,,,,,,,,,,,,0.46207091212272644,0.07343733310699463,,0.7902199625968933,,3.5793285369873047,,,,,,,,,,,,,
16,,,,57179,,,,,,,,,,,,0.46207091212272644,0.07272538542747498,,0.9096376895904541,,4.238034725189209,,,,,,,,,,,,,
16,,,,57199,,,,,,,,,,,,0.46207091212272644,0.05077729746699333,,1.026557207107544,,3.8514463901519775,,,,,,,,,,,,,
16,,,,57219,,,,,,,,,,,,0.46207091212272644,0.04820740595459938,,1.1123627424240112,,4.10970401763916,,,,,,,,,,,,,
16,,,,57239,,,,,,,,,,,,0.46207091212272644,0.13533690571784973,,0.5373716950416565,,4.428179740905762,,,,,,,,,,,,,
16,,,,57259,,,,,,,,,,,,0.46207091212272644,0.11851637065410614,,0.48298710584640503,,3.336261034011841,,,,,,,,,,,,,
16,,,,57279,,,,,,,,,,,,0.46207091212272644,0.1427440643310547,,0.5318707823753357,,4.361976146697998,,,,,,,,,,,,,
16,,,,57299,,,,,,,,,,,,0.46207091212272644,0.053303539752960205,,1.2765934467315674,,4.1113386154174805,,,,,,,,,,,,,
16,,,,57319,,,,,,,,,,,,0.46207091212272644,0.09780170023441315,,0.8947117924690247,,4.283805847167969,,,,,,,,,,,,,
16,,,,57339,,,,,,,,,,,,0.46207091212272644,0.10766694694757462,,0.5282886028289795,,3.3984618186950684,,,,,,,,,,,,,
16,,,,57359,,,,,,,,,,,,0.46207091212272644,0.11681129783391953,,0.6561661958694458,,4.424727916717529,,,,,,,,,,,,,
16,,,,57379,,,,,,,,,,,,0.46207091212272644,0.07360395044088364,,0.8466400504112244,,4.320746421813965,,,,,,,,,,,,,
16,,,,57399,,,,,,,,,,,,0.46207091212272644,0.1258874237537384,,0.5762538909912109,,4.364124774932861,,,,,,,,,,,,,
16,,,,57419,,,,,,,,,,,,0.46207091212272644,0.061232760548591614,,1.184343934059143,,4.038604736328125,,,,,,,,,,,,,
16,,,,57439,,,,,,,,,,,,0.46207091212272644,0.0799216479063034,,0.7233449220657349,,3.5177013874053955,,,,,,,,,,,,,
16,,,,57459,,,,,,,,,,,,0.46207091212272644,0.07530775666236877,,0.8359266519546509,,4.463409423828125,,,,,,,,,,,,,
16,,,,57479,,,,,,,,,,,,0.46207091212272644,0.11415980756282806,,0.6151782274246216,,4.586319446563721,,,,,,,,,,,,,
16,,,,57499,,,,,,,,,,,,0.46207091212272644,0.06291195750236511,,0.9796848893165588,,4.305906772613525,,,,,,,,,,,,,
16,,,,57519,,,,,,,,,,,,0.46207091212272644,0.11764271557331085,,0.4154673218727112,,3.232123851776123,,,,,,,,,,,,,
16,,,,57539,,,,,,,,,,,,0.46207091212272644,0.07266075909137726,,1.0648030042648315,,4.2458415031433105,,,,,,,,,,,,,
16,,,,57559,,,,,,,,,,,,0.46207091212272644,0.052458006888628006,,1.1219561100006104,,4.153663158416748,,,,,,,,,,,,,
16,,,,57579,,,,,,,,,,,,0.46207091212272644,0.1018998771905899,,0.5499621629714966,,3.424744129180908,,,,,,,,,,,,,
16,,,,57599,,,,,,,,,,,,0.46207091212272644,0.08522853255271912,,0.6103965044021606,,3.5144574642181396,,,,,,,,,,,,,
16,,,,57619,,,,,,,,,,,,0.46207091212272644,0.12144069373607635,,0.5846349596977234,,4.622857093811035,,,,,,,,,,,,,
16,,,,57639,,,,,,,,,,,,0.46207091212272644,0.07699406147003174,,0.5452495217323303,,3.2984683513641357,,,,,,,,,,,,,
16,,,,57659,,,,,,,,,,,,0.46207091212272644,0.10674490034580231,,0.6471565961837769,,4.25307035446167,,,,,,,,,,,,,
16,,,,57679,,,,,,,,,,,,0.46207091212272644,0.05196716636419296,,1.1643187999725342,,3.987504720687866,,,,,,,,,,,,,
16,,,,57699,,,,,,,,,,,,0.46207091212272644,0.14212971925735474,,0.5394072532653809,,4.381209373474121,,,,,,,,,,,,,
16,,,,57719,,,,,,,,,,,,0.46207091212272644,0.09860315173864365,,0.40380293130874634,,3.311547040939331,,,,,,,,,,,,,
16,,,,57739,,,,,,,,,,,,0.46207091212272644,0.06391090154647827,,0.7941776514053345,,3.676459789276123,,,,,,,,,,,,,
16,,,,57759,,,,,,,,,,,,0.46207091212272644,0.04984242469072342,,1.1090972423553467,,4.089850425720215,,,,,,,,,,,,,
16,,,,57779,,,,,,,,,,,,0.46207091212272644,0.11625300347805023,,0.4903303384780884,,3.470114231109619,,,,,,,,,,,,,
16,,,,57799,,,,,,,,,,,,0.46207091212272644,0.060790710151195526,,0.9292191863059998,,3.7590556144714355,,,,,,,,,,,,,
16,,,,57819,,,,,,,,,,,,0.46207091212272644,0.07344166934490204,,0.8524269461631775,,4.232870101928711,,,,,,,,,,,,,
16,,,,57839,,,,,,,,,,,,0.46207091212272644,0.1432294398546219,,0.5333688855171204,,4.323647499084473,,,,,,,,,,,,,
16,,,,57859,,,,,,,,,,,,0.46207091212272644,0.12462496757507324,,0.5348281264305115,,4.374443054199219,,,,,,,,,,,,,
16,,,,57879,,,,,,,,,,,,0.46207091212272644,0.07507070899009705,,0.7939801216125488,,3.622988224029541,,,,,,,,,,,,,
16,,,,57899,,,,,,,,,,,,0.46207091212272644,0.10831177234649658,,0.4054037034511566,,3.20680570602417,,,,,,,,,,,,,
16,,,,57919,,,,,,,,,,,,0.46207091212272644,0.05509322136640549,,1.1363253593444824,,4.151787757873535,,,,,,,,,,,,,
16,,,,57939,,,,,,,,,,,,0.46207091212272644,0.08003943413496017,,0.5315042734146118,,3.2991957664489746,,,,,,,,,,,,,
16,,,,57959,,,,,,,,,,,,0.46207091212272644,0.12716452777385712,,0.5920488834381104,,4.526132106781006,,,,,,,,,,,,,
16,,,,57979,,,,,,,,,,,,0.46207091212272644,0.0652804896235466,,0.9371142387390137,,4.283083915710449,,,,,,,,,,,,,
16,,,,57999,,,,,,,,,,,,0.46207091212272644,0.07109739631414413,,0.8649307489395142,,3.74200701713562,,,,,,,,,,,,,
16,,,,58019,,,,,,,,,,,,0.46207091212272644,0.10216085612773895,,0.5570950508117676,,4.483696460723877,,,,,,,,,,,,,
16,,,,58039,,,,,,,,,,,,0.46207091212272644,0.07651178538799286,,0.690198540687561,,3.4348666667938232,,,,,,,,,,,,,
16,,,,58059,,,,,,,,,,,,0.46207091212272644,0.07599274069070816,,0.5581889152526855,,3.2758750915527344,,,,,,,,,,,,,
16,,,,58079,,,,,,,,,,,,0.46207091212272644,0.06582988053560257,,0.8087976574897766,,3.572556495666504,,,,,,,,,,,,,
16,,,,58099,,,,,,,,,,,,0.46207091212272644,0.10586003214120865,,0.41898399591445923,,3.127079486846924,,,,,,,,,,,,,
16,,,,58119,,,,,,,,,,,,0.46207091212272644,0.12138080596923828,,0.5446457266807556,,4.586451530456543,,,,,,,,,,,,,
16,,,,58139,,,,,,,,,,,,0.46207091212272644,0.05230000615119934,,1.0920190811157227,,3.9478507041931152,,,,,,,,,,,,,
16,,,,58159,,,,,,,,,,,,0.46207091212272644,0.05986690893769264,,1.1454784870147705,,4.064572334289551,,,,,,,,,,,,,
16,,,,58179,,,,,,,,,,,,0.46207091212272644,0.09013330936431885,,0.40661370754241943,,3.2927002906799316,,,,,,,,,,,,,
16,,,,58199,,,,,,,,,,,,0.46207091212272644,0.13509215414524078,,0.5263234376907349,,4.3510942459106445,,,,,,,,,,,,,
16,,,,58219,,,,,,,,,,,,0.46207091212272644,0.06507931649684906,,1.2108235359191895,,4.07863187789917,,,,,,,,,,,,,
16,,,,58239,,,,,,,,,,,,0.46207091212272644,0.06429146230220795,,0.9632463455200195,,4.175359725952148,,,,,,,,,,,,,
16,,,,58259,,,,,,,,,,,,0.46207091212272644,0.08683305233716965,,0.6707218289375305,,4.298897743225098,,,,,,,,,,,,,
16,,,,58279,,,,,,,,,,,,0.46207091212272644,0.07366305589675903,,0.6403147578239441,,3.4929442405700684,,,,,,,,,,,,,
16,,,,58299,,,,,,,,,,,,0.46207091212272644,0.05890253931283951,,1.108677864074707,,3.922238826751709,,,,,,,,,,,,,
16,,,,58319,,,,,,,,,,,,0.46207091212272644,0.06291528791189194,,0.8501948118209839,,3.5542640686035156,,,,,,,,,,,,,
16,,,,58339,,,,,,,,,,,,0.46207091212272644,0.06026209890842438,,1.10933256149292,,4.159930229187012,,,,,,,,,,,,,
16,,,,58359,,,,,,,,,,,,0.46207091212272644,0.08814387768507004,,0.6192064881324768,,3.4264028072357178,,,,,,,,,,,,,
16,,,,58379,,,,,,,,,,,,0.46207091212272644,0.12744012475013733,,0.5399408936500549,,4.470870494842529,,,,,,,,,,,,,
16,,,,58399,,,,,,,,,,,,0.46207091212272644,0.09699542820453644,,0.41122177243232727,,3.2848453521728516,,,,,,,,,,,,,
16,,,,58419,,,,,,,,,,,,0.46207091212272644,0.057255733758211136,,0.7394551038742065,,3.590261220932007,,,,,,,,,,,,,
16,,,,58439,,,,,,,,,,,,0.46207091212272644,0.08267863094806671,,0.894050657749176,,4.319245338439941,,,,,,,,,,,,,
16,,,,58459,,,,,,,,,,,,0.46207091212272644,0.09412273019552231,,0.4236629009246826,,3.320711135864258,,,,,,,,,,,,,
16,,,,58479,,,,,,,,,,,,0.46207091212272644,0.052079375833272934,,1.278641700744629,,4.085256576538086,,,,,,,,,,,,,
16,,,,58499,,,,,,,,,,,,0.46207091212272644,0.1075829491019249,,0.46484458446502686,,3.372101306915283,,,,,,,,,,,,,
16,,,,58519,,,,,,,,,,,,0.46207091212272644,0.09166650474071503,,0.4324578046798706,,3.312880516052246,,,,,,,,,,,,,
16,,,,58539,,,,,,,,,,,,0.46207091212272644,0.0836198702454567,,0.8094481229782104,,4.2962751388549805,,,,,,,,,,,,,
16,,,,58559,,,,,,,,,,,,0.46207091212272644,0.11291984468698502,,0.5626979470252991,,4.441895484924316,,,,,,,,,,,,,
16,,,,58579,,,,,,,,,,,,0.46207091212272644,0.06993947923183441,,1.1905717849731445,,4.139013290405273,,,,,,,,,,,,,
16,,,,58599,,,,,,,,,,,,0.46207091212272644,0.09439601749181747,,0.4177643954753876,,3.2919082641601562,,,,,,,,,,,,,
16,,,,58619,,,,,,,,,,,,0.46207091212272644,0.11092053353786469,,0.45530426502227783,,3.365809917449951,,,,,,,,,,,,,
16,,,,58639,,,,,,,,,,,,0.46207091212272644,0.12093744426965714,,0.5194727182388306,,4.343976974487305,,,,,,,,,,,,,
16,,,,58659,,,,,,,,,,,,0.46207091212272644,0.12511155009269714,,0.6566816568374634,,4.340496063232422,,,,,,,,,,,,,
16,,,,58679,,,,,,,,,,,,0.46207091212272644,0.08968689292669296,,0.7001346349716187,,3.6255061626434326,,,,,,,,,,,,,
16,,,,58699,,,,,,,,,,,,0.46207091212272644,0.10012136399745941,,0.42505505681037903,,3.2968311309814453,,,,,,,,,,,,,
16,,,,58719,,,,,,,,,,,,0.46207091212272644,0.12062346935272217,,0.6136245727539062,,4.324302673339844,,,,,,,,,,,,,
16,,,,58739,,,,,,,,,,,,0.46207091212272644,0.11793288588523865,,0.5407054424285889,,4.3433003425598145,,,,,,,,,,,,,
16,,,,58759,,,,,,,,,,,,0.46207091212272644,0.1091117113828659,,0.6299172043800354,,4.354618072509766,,,,,,,,,,,,,
16,,,,58779,,,,,,,,,,,,0.46207091212272644,0.11386129260063171,,0.6061238646507263,,4.369246006011963,,,,,,,,,,,,,
16,,,,58799,,,,,,,,,,,,0.46207091212272644,0.11979253590106964,,0.5364112257957458,,4.3927764892578125,,,,,,,,,,,,,
16,,,,58819,,,,,,,,,,,,0.46207091212272644,0.12237797677516937,,0.5324942469596863,,4.301512718200684,,,,,,,,,,,,,
16,,,,58839,,,,,,,,,,,,0.46207091212272644,0.09769198298454285,,0.605181097984314,,4.264549255371094,,,,,,,,,,,,,
16,,,,58859,,,,,,,,,,,,0.46207091212272644,0.11591948568820953,,0.5667874813079834,,4.30143928527832,,,,,,,,,,,,,
16,,,,58879,,,,,,,,,,,,0.46207091212272644,0.1294623613357544,,0.5220991969108582,,4.314842224121094,,,,,,,,,,,,,
16,,,,58899,,,,,,,,,,,,0.46207091212272644,0.12462563812732697,,0.518037736415863,,4.355550765991211,,,,,,,,,,,,,
16,,,,58919,,,,,,,,,,,,0.46207091212272644,0.05336946249008179,,1.1027405261993408,,4.019426345825195,,,,,,,,,,,,,
16,,,,58939,,,,,,,,,,,,0.46207091212272644,0.09106537699699402,,0.6161648035049438,,3.414672374725342,,,,,,,,,,,,,
16,,,,58959,,,,,,,,,,,,0.46207091212272644,0.09200386703014374,,0.42740875482559204,,3.2287535667419434,,,,,,,,,,,,,
16,,,,58979,,,,,,,,,,,,0.46207091212272644,0.12161486595869064,,0.5626283884048462,,4.652280807495117,,,,,,,,,,,,,
16,,,,58999,,,,,,,,,,,,0.46207091212272644,0.09758378565311432,,0.7428895831108093,,4.414002418518066,,,,,,,,,,,,,
16,,,,59019,,,,,,,,,,,,0.46207091212272644,0.09345553815364838,,0.6608855128288269,,4.427591323852539,,,,,,,,,,,,,
16,,,,59039,,,,,,,,,,,,0.46207091212272644,0.13321703672409058,,0.5436691641807556,,4.548411846160889,,,,,,,,,,,,,
16,,,,59059,,,,,,,,,,,,0.46207091212272644,0.1286228448152542,,0.5308912992477417,,4.401038646697998,,,,,,,,,,,,,
16,,,,59079,,,,,,,,,,,,0.46207091212272644,0.09133413434028625,,0.5589181780815125,,3.4726414680480957,,,,,,,,,,,,,
16,,,,59099,,,,,,,,,,,,0.46207091212272644,0.058224353939294815,,1.0636240243911743,,4.103772163391113,,,,,,,,,,,,,
16,,,,59119,,,,,,,,,,,,0.46207091212272644,0.09209063649177551,,0.5123985409736633,,3.4090628623962402,,,,,,,,,,,,,
16,,,,59139,,,,,,,,,,,,0.46207091212272644,0.05966515466570854,,1.0232163667678833,,4.119974613189697,,,,,,,,,,,,,
16,,,,59159,,,,,,,,,,,,0.46207091212272644,0.12281814217567444,,0.5419492125511169,,4.393762588500977,,,,,,,,,,,,,
16,,,,59179,,,,,,,,,,,,0.46207091212272644,0.08735011518001556,,0.7616181969642639,,4.316779613494873,,,,,,,,,,,,,
16,,,,59193,,,,,,,,,,,,,,,,,,0.6926953196525574,0.8806176781654358,0.6727703809738159,0.6725236177444458,0.521220326423645,0.6722769141197205,0.5843270421028137,0.6924062371253967,0.6853811740875244,0.6735769510269165,0.8641448020935059,0.46600478887557983,0.6926953196525574
16,,,,59193,,,,,,,,,0.5615479946136475,0.09221512824296951,0.462065726518631,,,0.7153453826904297,,3.9209442138671875,,,,,,,,,,,,,,
,0.00026612124159586237,0.00026612124159586237,2.6612124159586236e-05,59194,,,,,,,,,,,,,,,,,,,,,,,,,,,,,,
17,,,,59199,,,,,,,,,,,,0.46207091212272644,0.06848494708538055,,0.5923089385032654,,3.433182716369629,,,,,,,,,,,,,
17,,,,59219,,,,,,,,,,,,0.46207091212272644,0.052937597036361694,,1.0904474258422852,,3.9366002082824707,,,,,,,,,,,,,
17,,,,59239,,,,,,,,,,,,0.46207091212272644,0.08585724234580994,,0.49541378021240234,,3.280012607574463,,,,,,,,,,,,,
17,,,,59259,,,,,,,,,,,,0.46207091212272644,0.05390302464365959,,1.1184371709823608,,3.8628199100494385,,,,,,,,,,,,,
17,,,,59279,,,,,,,,,,,,0.46207091212272644,0.04613296687602997,,1.1429039239883423,,4.1048078536987305,,,,,,,,,,,,,
17,,,,59299,,,,,,,,,,,,0.46207091212272644,0.10775857418775558,,0.41207799315452576,,3.2607169151306152,,,,,,,,,,,,,
17,,,,59319,,,,,,,,,,,,0.46207091212272644,0.12578049302101135,,0.5751427412033081,,4.486695289611816,,,,,,,,,,,,,
17,,,,59339,,,,,,,,,,,,0.46207091212272644,0.0517171174287796,,1.0107115507125854,,3.813955783843994,,,,,,,,,,,,,
17,,,,59359,,,,,,,,,,,,0.46207091212272644,0.1237371414899826,,0.7292055487632751,,4.445656776428223,,,,,,,,,,,,,
17,,,,59379,,,,,,,,,,,,0.46207091212272644,0.1123138889670372,,0.4181000590324402,,3.1830105781555176,,,,,,,,,,,,,
17,,,,59399,,,,,,,,,,,,0.46207091212272644,0.09436231851577759,,0.4191385805606842,,3.19814395904541,,,,,,,,,,,,,
17,,,,59419,,,,,,,,,,,,0.46207091212272644,0.0777832567691803,,0.7468534708023071,,3.6052098274230957,,,,,,,,,,,,,
17,,,,59439,,,,,,,,,,,,0.46207091212272644,0.1276494264602661,,0.5360997915267944,,4.41008186340332,,,,,,,,,,,,,
17,,,,59459,,,,,,,,,,,,0.46207091212272644,0.06532442569732666,,1.0141010284423828,,4.2404680252075195,,,,,,,,,,,,,
17,,,,59479,,,,,,,,,,,,0.46207091212272644,0.12993115186691284,,0.5358096957206726,,4.446805477142334,,,,,,,,,,,,,
17,,,,59499,,,,,,,,,,,,0.46207091212272644,0.0643768459558487,,1.0627946853637695,,3.890407085418701,,,,,,,,,,,,,
17,,,,59519,,,,,,,,,,,,0.46207091212272644,0.0984697937965393,,0.4179878234863281,,3.33516263961792,,,,,,,,,,,,,
17,,,,59539,,,,,,,,,,,,0.46207091212272644,0.08228747546672821,,0.6015681028366089,,3.5126616954803467,,,,,,,,,,,,,
17,,,,59559,,,,,,,,,,,,0.46207091212272644,0.12946443259716034,,0.5995326042175293,,4.455770492553711,,,,,,,,,,,,,
17,,,,59579,,,,,,,,,,,,0.46207091212272644,0.10174448043107986,,0.39339759945869446,,3.1653354167938232,,,,,,,,,,,,,
17,,,,59599,,,,,,,,,,,,0.46207091212272644,0.06400927901268005,,0.8242943286895752,,3.4786152839660645,,,,,,,,,,,,,
17,,,,59619,,,,,,,,,,,,0.46207091212272644,0.06107943132519722,,1.0791865587234497,,3.7451846599578857,,,,,,,,,,,,,
17,,,,59639,,,,,,,,,,,,0.46207091212272644,0.07827293127775192,,0.905037522315979,,4.332366943359375,,,,,,,,,,,,,
17,,,,59659,,,,,,,,,,,,0.46207091212272644,0.11515021324157715,,0.412800669670105,,3.2648115158081055,,,,,,,,,,,,,
17,,,,59679,,,,,,,,,,,,0.46207091212272644,0.09577269852161407,,0.719680905342102,,4.317008018493652,,,,,,,,,,,,,
17,,,,59699,,,,,,,,,,,,0.46207091212272644,0.05774610862135887,,0.9202935099601746,,3.786479949951172,,,,,,,,,,,,,
17,,,,59719,,,,,,,,,,,,0.46207091212272644,0.07134955376386642,,0.8881768584251404,,4.252073764801025,,,,,,,,,,,,,
17,,,,59739,,,,,,,,,,,,0.46207091212272644,0.07648385316133499,,0.7141480445861816,,3.570530414581299,,,,,,,,,,,,,
17,,,,59759,,,,,,,,,,,,0.46207091212272644,0.08367374539375305,,0.7073703408241272,,4.329972267150879,,,,,,,,,,,,,
17,,,,59779,,,,,,,,,,,,0.46207091212272644,0.11144200712442398,,0.5292820334434509,,4.4848432540893555,,,,,,,,,,,,,
17,,,,59799,,,,,,,,,,,,0.46207091212272644,0.11255821585655212,,0.6101884841918945,,4.391856670379639,,,,,,,,,,,,,
17,,,,59819,,,,,,,,,,,,0.46207091212272644,0.11656668782234192,,0.4537753760814667,,3.2497315406799316,,,,,,,,,,,,,
17,,,,59839,,,,,,,,,,,,0.46207091212272644,0.09581243246793747,,0.8346338868141174,,4.445363998413086,,,,,,,,,,,,,
17,,,,59859,,,,,,,,,,,,0.46207091212272644,0.09358973801136017,,0.38525280356407166,,3.093306541442871,,,,,,,,,,,,,
17,,,,59879,,,,,,,,,,,,0.46207091212272644,0.12087828665971756,,0.7487356662750244,,4.433413505554199,,,,,,,,,,,,,
17,,,,59899,,,,,,,,,,,,0.46207091212272644,0.11610493808984756,,0.6628639101982117,,4.449193000793457,,,,,,,,,,,,,
17,,,,59919,,,,,,,,,,,,0.46207091212272644,0.08160647749900818,,0.7462285161018372,,3.5229151248931885,,,,,,,,,,,,,
17,,,,59939,,,,,,,,,,,,0.46207091212272644,0.059884995222091675,,1.0649992227554321,,4.216352939605713,,,,,,,,,,,,,
17,,,,59959,,,,,,,,,,,,0.46207091212272644,0.11683216691017151,,0.5473408699035645,,4.543652057647705,,,,,,,,,,,,,
17,,,,59979,,,,,,,,,,,,0.46207091212272644,0.11919867992401123,,0.5271551609039307,,4.408447742462158,,,,,,,,,,,,,
17,,,,59999,,,,,,,,,,,,0.46207091212272644,0.09018290042877197,,0.6001513004302979,,4.317270278930664,,,,,,,,,,,,,
17,,,,60019,,,,,,,,,,,,0.46207091212272644,0.13654065132141113,,0.5333806276321411,,4.36313533782959,,,,,,,,,,,,,
17,,,,60039,,,,,,,,,,,,0.46207091212272644,0.11245593428611755,,0.565877377986908,,4.2804765701293945,,,,,,,,,,,,,
17,,,,60059,,,,,,,,,,,,0.46207091212272644,0.10021042823791504,,0.5064284205436707,,3.414090871810913,,,,,,,,,,,,,
17,,,,60079,,,,,,,,,,,,0.46207091212272644,0.1255655586719513,,0.5545855164527893,,4.402383804321289,,,,,,,,,,,,,
17,,,,60099,,,,,,,,,,,,0.46207091212272644,0.07183969765901566,,1.0353171825408936,,4.338329315185547,,,,,,,,,,,,,
17,,,,60119,,,,,,,,,,,,0.46207091212272644,0.08148784935474396,,0.7049950957298279,,3.4786386489868164,,,,,,,,,,,,,
17,,,,60139,,,,,,,,,,,,0.46207091212272644,0.09455014765262604,,0.6356940865516663,,3.3261961936950684,,,,,,,,,,,,,
17,,,,60159,,,,,,,,,,,,0.46207091212272644,0.06594445556402206,,0.886353611946106,,3.703495979309082,,,,,,,,,,,,,
17,,,,60179,,,,,,,,,,,,0.46207091212272644,0.09628523886203766,,0.3921246826648712,,3.1615805625915527,,,,,,,,,,,,,
17,,,,60199,,,,,,,,,,,,0.46207091212272644,0.10415928065776825,,0.5705300569534302,,3.300784111022949,,,,,,,,,,,,,
17,,,,60219,,,,,,,,,,,,0.46207091212272644,0.05477878078818321,,1.1212148666381836,,3.993269681930542,,,,,,,,,,,,,
17,,,,60239,,,,,,,,,,,,0.46207091212272644,0.08914593607187271,,0.5696327090263367,,3.419053316116333,,,,,,,,,,,,,
17,,,,60259,,,,,,,,,,,,0.46207091212272644,0.05566231906414032,,1.005350112915039,,4.053929328918457,,,,,,,,,,,,,
17,,,,60279,,,,,,,,,,,,0.46207091212272644,0.09904405474662781,,0.5333094000816345,,3.3432836532592773,,,,,,,,,,,,,
17,,,,60299,,,,,,,,,,,,0.46207091212272644,0.05850532278418541,,1.132764458656311,,4.1364641189575195,,,,,,,,,,,,,
17,,,,60319,,,,,,,,,,,,0.46207091212272644,0.05188394710421562,,1.0191727876663208,,4.1445536613464355,,,,,,,,,,,,,
17,,,,60339,,,,,,,,,,,,0.46207091212272644,0.11409494280815125,,0.6579074263572693,,4.354042053222656,,,,,,,,,,,,,
17,,,,60359,,,,,,,,,,,,0.46207091212272644,0.058756034821271896,,0.9442825317382812,,3.654376983642578,,,,,,,,,,,,,
17,,,,60379,,,,,,,,,,,,0.46207091212272644,0.047011375427246094,,1.0799009799957275,,3.950692892074585,,,,,,,,,,,,,
17,,,,60399,,,,,,,,,,,,0.46207091212272644,0.10940825939178467,,0.7038233876228333,,4.345730781555176,,,,,,,,,,,,,
17,,,,60419,,,,,,,,,,,,0.46207091212272644,0.051504939794540405,,1.0830588340759277,,4.080730438232422,,,,,,,,,,,,,
17,,,,60439,,,,,,,,,,,,0.46207091212272644,0.09201467037200928,,0.4615962505340576,,3.369022846221924,,,,,,,,,,,,,
17,,,,60459,,,,,,,,,,,,0.46207091212272644,0.09716929495334625,,0.45055294036865234,,3.378049850463867,,,,,,,,,,,,,
17,,,,60479,,,,,,,,,,,,0.46207091212272644,0.07180878520011902,,0.9959879517555237,,4.287302017211914,,,,,,,,,,,,,
17,,,,60499,,,,,,,,,,,,0.46207091212272644,0.05182351544499397,,1.0757721662521362,,3.901865005493164,,,,,,,,,,,,,
17,,,,60519,,,,,,,,,,,,0.46207091212272644,0.10010407865047455,,0.3959081172943115,,3.2100391387939453,,,,,,,,,,,,,
17,,,,60539,,,,,,,,,,,,0.46207091212272644,0.0922844260931015,,0.4747747778892517,,3.427306652069092,,,,,,,,,,,,,
17,,,,60559,,,,,,,,,,,,0.46207091212272644,0.10907138884067535,,0.5933914184570312,,4.327991485595703,,,,,,,,,,,,,
17,,,,60579,,,,,,,,,,,,0.46207091212272644,0.04822974652051926,,0.9304572939872742,,3.661745071411133,,,,,,,,,,,,,
17,,,,60599,,,,,,,,,,,,0.46207091212272644,0.1091570258140564,,0.628655195236206,,4.430245399475098,,,,,,,,,,,,,
17,,,,60619,,,,,,,,,,,,0.46207091212272644,0.046207405626773834,,1.118043303489685,,4.0217437744140625,,,,,,,,,,,,,
17,,,,60639,,,,,,,,,,,,0.46207091212272644,0.11290572583675385,,0.4149326682090759,,3.2613275051116943,,,,,,,,,,,,,
17,,,,60659,,,,,,,,,,,,0.46207091212272644,0.12503112852573395,,0.5537469983100891,,4.362353324890137,,,,,,,,,,,,,
17,,,,60679,,,,,,,,,,,,0.46207091212272644,0.11656731367111206,,0.5502526760101318,,4.355901718139648,,,,,,,,,,,,,
17,,,,60699,,,,,,,,,,,,0.46207091212272644,0.09819281101226807,,0.40126579999923706,,3.2231807708740234,,,,,,,,,,,,,
17,,,,60719,,,,,,,,,,,,0.46207091212272644,0.05029354244470596,,1.141747236251831,,4.209137439727783,,,,,,,,,,,,,
17,,,,60739,,,,,,,,,,,,0.46207091212272644,0.12253038585186005,,0.5378480553627014,,4.524944305419922,,,,,,,,,,,,,
17,,,,60759,,,,,,,,,,,,0.46207091212272644,0.08783560991287231,,0.7660563588142395,,4.487260341644287,,,,,,,,,,,,,
17,,,,60779,,,,,,,,,,,,0.46207091212272644,0.06170079857110977,,1.150092601776123,,4.2449493408203125,,,,,,,,,,,,,
17,,,,60799,,,,,,,,,,,,0.46207091212272644,0.10702592134475708,,0.39928022027015686,,3.2040305137634277,,,,,,,,,,,,,
17,,,,60819,,,,,,,,,,,,0.46207091212272644,0.06271267682313919,,0.7978633046150208,,3.5991644859313965,,,,,,,,,,,,,
17,,,,60839,,,,,,,,,,,,0.46207091212272644,0.05990663543343544,,1.0667695999145508,,4.153575897216797,,,,,,,,,,,,,
17,,,,60859,,,,,,,,,,,,0.46207091212272644,0.08906960487365723,,0.6757935881614685,,3.6533565521240234,,,,,,,,,,,,,
17,,,,60879,,,,,,,,,,,,0.46207091212272644,0.10521486401557922,,0.4188918173313141,,3.2869744300842285,,,,,,,,,,,,,
17,,,,60899,,,,,,,,,,,,0.46207091212272644,0.13450829684734344,,0.5464490652084351,,4.427358627319336,,,,,,,,,,,,,
17,,,,60919,,,,,,,,,,,,0.46207091212272644,0.06405675411224365,,1.1033772230148315,,4.107802867889404,,,,,,,,,,,,,
17,,,,60939,,,,,,,,,,,,0.46207091212272644,0.12188806384801865,,0.5910995006561279,,4.438600540161133,,,,,,,,,,,,,
17,,,,60959,,,,,,,,,,,,0.46207091212272644,0.08999229967594147,,0.7354278564453125,,4.28103494644165,,,,,,,,,,,,,
17,,,,60979,,,,,,,,,,,,0.46207091212272644,0.059143949300050735,,1.1187013387680054,,4.0610456466674805,,,,,,,,,,,,,
17,,,,60999,,,,,,,,,,,,0.46207091212272644,0.11881686002016068,,0.5345882773399353,,4.355615615844727,,,,,,,,,,,,,
17,,,,61019,,,,,,,,,,,,0.46207091212272644,0.06947766244411469,,0.6845052242279053,,3.6604249477386475,,,,,,,,,,,,,
17,,,,61039,,,,,,,,,,,,0.46207091212272644,0.06950699537992477,,0.7705244421958923,,3.592463493347168,,,,,,,,,,,,,
17,,,,61059,,,,,,,,,,,,0.46207091212272644,0.12835337221622467,,0.541633665561676,,4.300455093383789,,,,,,,,,,,,,
17,,,,61079,,,,,,,,,,,,0.46207091212272644,0.08567655086517334,,0.5953690409660339,,3.4981095790863037,,,,,,,,,,,,,
17,,,,61099,,,,,,,,,,,,0.46207091212272644,0.05207102745771408,,1.2757797241210938,,4.1591339111328125,,,,,,,,,,,,,
17,,,,61119,,,,,,,,,,,,0.46207091212272644,0.09575790166854858,,0.44283419847488403,,3.29343318939209,,,,,,,,,,,,,
17,,,,61139,,,,,,,,,,,,0.46207091212272644,0.10867869853973389,,0.4154994487762451,,3.2266318798065186,,,,,,,,,,,,,
17,,,,61159,,,,,,,,,,,,0.46207091212272644,0.04996887594461441,,1.189417839050293,,4.154157638549805,,,,,,,,,,,,,
17,,,,61179,,,,,,,,,,,,0.46207091212272644,0.06395962834358215,,0.951869010925293,,3.7528343200683594,,,,,,,,,,,,,
17,,,,61199,,,,,,,,,,,,0.46207091212272644,0.08354673534631729,,0.6744732856750488,,4.310037612915039,,,,,,,,,,,,,
17,,,,61219,,,,,,,,,,,,0.46207091212272644,0.12628990411758423,,0.5455820560455322,,4.392331600189209,,,,,,,,,,,,,
17,,,,61239,,,,,,,,,,,,0.46207091212272644,0.12142641097307205,,0.5467743873596191,,4.392546653747559,,,,,,,,,,,,,
17,,,,61259,,,,,,,,,,,,0.46207091212272644,0.13338743150234222,,0.5657737255096436,,4.331971168518066,,,,,,,,,,,,,
17,,,,61279,,,,,,,,,,,,0.46207091212272644,0.05010347440838814,,1.0500943660736084,,3.9526047706604004,,,,,,,,,,,,,
17,,,,61299,,,,,,,,,,,,0.46207091212272644,0.054634369909763336,,1.1273096799850464,,3.9691004753112793,,,,,,,,,,,,,
17,,,,61319,,,,,,,,,,,,0.46207091212272644,0.12105883657932281,,0.5480629205703735,,4.3932695388793945,,,,,,,,,,,,,
17,,,,61339,,,,,,,,,,,,0.46207091212272644,0.05840490013360977,,1.128702998161316,,4.107366561889648,,,,,,,,,,,,,
17,,,,61359,,,,,,,,,,,,0.46207091212272644,0.06525516510009766,,1.1548914909362793,,4.070382118225098,,,,,,,,,,,,,
17,,,,61379,,,,,,,,,,,,0.46207091212272644,0.05831705033779144,,0.9211452007293701,,3.833308219909668,,,,,,,,,,,,,
17,,,,61399,,,,,,,,,,,,0.46207091212272644,0.05092375725507736,,1.1096855401992798,,4.024026870727539,,,,,,,,,,,,,
17,,,,61419,,,,,,,,,,,,0.46207091212272644,0.060981739312410355,,1.0569766759872437,,4.147653102874756,,,,,,,,,,,,,
17,,,,61439,,,,,,,,,,,,0.46207091212272644,0.09351687133312225,,0.7574278712272644,,4.304649353027344,,,,,,,,,,,,,
17,,,,61459,,,,,,,,,,,,0.46207091212272644,0.10291856527328491,,0.4658656418323517,,3.363006830215454,,,,,,,,,,,,,
17,,,,61479,,,,,,,,,,,,0.46207091212272644,0.09457693248987198,,0.4242190420627594,,3.2655692100524902,,,,,,,,,,,,,
17,,,,61499,,,,,,,,,,,,0.46207091212272644,0.0975513905286789,,0.39334073662757874,,3.1944642066955566,,,,,,,,,,,,,
17,,,,61519,,,,,,,,,,,,0.46207091212272644,0.08415894210338593,,0.7071337699890137,,3.669957160949707,,,,,,,,,,,,,
17,,,,61539,,,,,,,,,,,,0.46207091212272644,0.06842844188213348,,0.8670268654823303,,4.243966579437256,,,,,,,,,,,,,
17,,,,61559,,,,,,,,,,,,0.46207091212272644,0.13306410610675812,,0.5503566265106201,,4.4813079833984375,,,,,,,,,,,,,
17,,,,61579,,,,,,,,,,,,0.46207091212272644,0.053887613117694855,,1.017016887664795,,4.17955207824707,,,,,,,,,,,,,
17,,,,61599,,,,,,,,,,,,0.46207091212272644,0.14051556587219238,,0.5372719168663025,,4.373584747314453,,,,,,,,,,,,,
17,,,,61619,,,,,,,,,,,,0.46207091212272644,0.11643841862678528,,0.7493494153022766,,4.338139533996582,,,,,,,,,,,,,
17,,,,61639,,,,,,,,,,,,0.46207091212272644,0.05039010941982269,,0.995415985584259,,4.187932968139648,,,,,,,,,,,,,
17,,,,61659,,,,,,,,,,,,0.46207091212272644,0.11442477256059647,,0.4264313876628876,,3.3468055725097656,,,,,,,,,,,,,
17,,,,61679,,,,,,,,,,,,0.46207091212272644,0.051020488142967224,,1.144734501838684,,4.0705060958862305,,,,,,,,,,,,,
17,,,,61699,,,,,,,,,,,,0.46207091212272644,0.051449961960315704,,1.109085202217102,,3.9790244102478027,,,,,,,,,,,,,
17,,,,61719,,,,,,,,,,,,0.46207091212272644,0.12686674296855927,,0.4202280640602112,,3.2906839847564697,,,,,,,,,,,,,
17,,,,61739,,,,,,,,,,,,0.46207091212272644,0.10809536278247833,,0.5831485986709595,,4.368902206420898,,,,,,,,,,,,,
17,,,,61759,,,,,,,,,,,,0.46207091212272644,0.12564365565776825,,0.5545421242713928,,4.403190612792969,,,,,,,,,,,,,
17,,,,61779,,,,,,,,,,,,0.46207091212272644,0.051572561264038086,,1.1010329723358154,,3.9009816646575928,,,,,,,,,,,,,
17,,,,61799,,,,,,,,,,,,0.46207091212272644,0.09769479930400848,,0.40827426314353943,,3.2532427310943604,,,,,,,,,,,,,
17,,,,61819,,,,,,,,,,,,0.46207091212272644,0.05977848917245865,,0.9099172949790955,,4.2873406410217285,,,,,,,,,,,,,
17,,,,61839,,,,,,,,,,,,0.46207091212272644,0.0613483265042305,,1.0063989162445068,,4.281668663024902,,,,,,,,,,,,,
17,,,,61859,,,,,,,,,,,,0.46207091212272644,0.05259991064667702,,1.0505973100662231,,4.116459846496582,,,,,,,,,,,,,
17,,,,61879,,,,,,,,,,,,0.46207091212272644,0.056632328778505325,,0.919746994972229,,3.635232925415039,,,,,,,,,,,,,
17,,,,61899,,,,,,,,,,,,0.46207091212272644,0.09943932294845581,,0.5215258002281189,,3.4106216430664062,,,,,,,,,,,,,
17,,,,61919,,,,,,,,,,,,0.46207091212272644,0.09404674917459488,,0.6129107475280762,,3.4034337997436523,,,,,,,,,,,,,
17,,,,61939,,,,,,,,,,,,0.46207091212272644,0.11043529212474823,,0.5204256772994995,,4.415433406829834,,,,,,,,,,,,,
17,,,,61959,,,,,,,,,,,,0.46207091212272644,0.12577101588249207,,0.5726606845855713,,4.3466410636901855,,,,,,,,,,,,,
17,,,,61979,,,,,,,,,,,,0.46207091212272644,0.1329040825366974,,0.5342704653739929,,4.422557353973389,,,,,,,,,,,,,
17,,,,61999,,,,,,,,,,,,0.46207091212272644,0.06986722350120544,,0.9149757027626038,,4.264309883117676,,,,,,,,,,,,,
17,,,,62019,,,,,,,,,,,,0.46207091212272644,0.11636143177747726,,0.6128588914871216,,4.345693588256836,,,,,,,,,,,,,
17,,,,62039,,,,,,,,,,,,0.46207091212272644,0.13118775188922882,,0.5353922843933105,,4.332548141479492,,,,,,,,,,,,,
17,,,,62059,,,,,,,,,,,,0.46207091212272644,0.06357568502426147,,1.058443546295166,,4.176871299743652,,,,,,,,,,,,,
17,,,,62079,,,,,,,,,,,,0.46207091212272644,0.060469307005405426,,0.9658434987068176,,3.8019471168518066,,,,,,,,,,,,,
17,,,,62099,,,,,,,,,,,,0.46207091212272644,0.09589286148548126,,0.4156126379966736,,3.3742916584014893,,,,,,,,,,,,,
17,,,,62119,,,,,,,,,,,,0.46207091212272644,0.13093551993370056,,0.552817165851593,,4.307365894317627,,,,,,,,,,,,,
17,,,,62139,,,,,,,,,,,,0.46207091212272644,0.06751778721809387,,0.9493772983551025,,4.218550682067871,,,,,,,,,,,,,
17,,,,62159,,,,,,,,,,,,0.46207091212272644,0.10205845534801483,,0.7351316213607788,,4.278722763061523,,,,,,,,,,,,,
17,,,,62179,,,,,,,,,,,,0.46207091212272644,0.11131007969379425,,0.4410730302333832,,3.4035425186157227,,,,,,,,,,,,,
17,,,,62199,,,,,,,,,,,,0.46207091212272644,0.09112006425857544,,0.5467750430107117,,3.4186081886291504,,,,,,,,,,,,,
17,,,,62219,,,,,,,,,,,,0.46207091212272644,0.11205986142158508,,0.44040802121162415,,3.293250799179077,,,,,,,,,,,,,
17,,,,62239,,,,,,,,,,,,0.46207091212272644,0.10896573960781097,,0.41281723976135254,,3.268834114074707,,,,,,,,,,,,,
17,,,,62259,,,,,,,,,,,,0.46207091212272644,0.0930870771408081,,0.4130816161632538,,3.3396706581115723,,,,,,,,,,,,,
17,,,,62279,,,,,,,,,,,,0.46207091212272644,0.10473792254924774,,0.45077770948410034,,3.3515710830688477,,,,,,,,,,,,,
17,,,,62299,,,,,,,,,,,,0.46207091212272644,0.10143671929836273,,0.6316977143287659,,3.438636302947998,,,,,,,,,,,,,
17,,,,62319,,,,,,,,,,,,0.46207091212272644,0.1348000466823578,,0.5378439426422119,,4.372502326965332,,,,,,,,,,,,,
17,,,,62339,,,,,,,,,,,,0.46207091212272644,0.06383950263261795,,0.8397743105888367,,3.681347608566284,,,,,,,,,,,,,
17,,,,62359,,,,,,,,,,,,0.46207091212272644,0.06980596482753754,,0.7195782661437988,,3.6243274211883545,,,,,,,,,,,,,
17,,,,62379,,,,,,,,,,,,0.46207091212272644,0.12004993855953217,,0.522487998008728,,4.335622787475586,,,,,,,,,,,,,
17,,,,62399,,,,,,,,,,,,0.46207091212272644,0.0754285603761673,,0.7921037673950195,,3.7885820865631104,,,,,,,,,,,,,
17,,,,62419,,,,,,,,,,,,0.46207091212272644,0.10877278447151184,,0.4079482853412628,,3.259695291519165,,,,,,,,,,,,,
17,,,,62439,,,,,,,,,,,,0.46207091212272644,0.10370904207229614,,0.6881537437438965,,4.360591411590576,,,,,,,,,,,,,
17,,,,62459,,,,,,,,,,,,0.46207091212272644,0.09815406799316406,,0.753334641456604,,4.334149360656738,,,,,,,,,,,,,
17,,,,62479,,,,,,,,,,,,0.46207091212272644,0.10754784941673279,,0.6488510966300964,,4.389913558959961,,,,,,,,,,,,,
17,,,,62499,,,,,,,,,,,,0.46207091212272644,0.09793253242969513,,0.7059691548347473,,4.336173057556152,,,,,,,,,,,,,
17,,,,62519,,,,,,,,,,,,0.46207091212272644,0.12518656253814697,,0.5424399375915527,,4.418280601501465,,,,,,,,,,,,,
17,,,,62539,,,,,,,,,,,,0.46207091212272644,0.1053808405995369,,0.7010170221328735,,4.373469352722168,,,,,,,,,,,,,
17,,,,62559,,,,,,,,,,,,0.46207091212272644,0.12546034157276154,,0.536406934261322,,4.422238349914551,,,,,,,,,,,,,
17,,,,62579,,,,,,,,,,,,0.46207091212272644,0.09085728228092194,,0.7907464504241943,,4.238112926483154,,,,,,,,,,,,,
17,,,,62599,,,,,,,,,,,,0.46207091212272644,0.05984733626246452,,1.183755874633789,,4.144506931304932,,,,,,,,,,,,,
17,,,,62619,,,,,,,,,,,,0.46207091212272644,0.12939533591270447,,0.5451247096061707,,4.398846626281738,,,,,,,,,,,,,
17,,,,62639,,,,,,,,,,,,0.46207091212272644,0.09181956201791763,,0.7839058041572571,,4.291834354400635,,,,,,,,,,,,,
17,,,,62659,,,,,,,,,,,,0.46207091212272644,0.08696174621582031,,0.7398720979690552,,4.2518815994262695,,,,,,,,,,,,,
17,,,,62675,,,,,,,,,,,,,,,,,,0.6917022466659546,0.8820731043815613,0.6827106475830078,0.681472897529602,0.5108327269554138,0.6802351474761963,0.6035705804824829,0.7104153633117676,0.6516006588935852,0.7544947266578674,0.8266281485557556,0.4882170557975769,0.6917022466659546
17,,,,62675,,,,,,,,,0.5549433827400208,0.08996856212615967,0.462065726518631,,,0.7214781641960144,,3.9282946586608887,,,,,,,,,,,,,,
,0.0002605111706814607,0.0002605111706814607,2.605111706814607e-05,62676,,,,,,,,,,,,,,,,,,,,,,,,,,,,,,
18,,,,62679,,,,,,,,,,,,0.46207091212272644,0.055910248309373856,,1.0824192762374878,,4.032732963562012,,,,,,,,,,,,,
18,,,,62699,,,,,,,,,,,,0.46207091212272644,0.11461618542671204,,0.5785366296768188,,4.287433624267578,,,,,,,,,,,,,
18,,,,62719,,,,,,,,,,,,0.46207091212272644,0.09262323379516602,,0.7325428128242493,,4.3827056884765625,,,,,,,,,,,,,
18,,,,62739,,,,,,,,,,,,0.46207091212272644,0.059982046484947205,,1.0040158033370972,,3.844226360321045,,,,,,,,,,,,,
18,,,,62759,,,,,,,,,,,,0.46207091212272644,0.12547260522842407,,0.5331012606620789,,4.393777847290039,,,,,,,,,,,,,
18,,,,62779,,,,,,,,,,,,0.46207091212272644,0.09212867170572281,,0.5056023001670837,,3.3644556999206543,,,,,,,,,,,,,
18,,,,62799,,,,,,,,,,,,0.46207091212272644,0.08530397713184357,,0.5173349976539612,,3.3711814880371094,,,,,,,,,,,,,
18,,,,62819,,,,,,,,,,,,0.46207091212272644,0.12841151654720306,,0.538392961025238,,4.4709272384643555,,,,,,,,,,,,,
18,,,,62839,,,,,,,,,,,,0.46207091212272644,0.09559370577335358,,0.4318346083164215,,3.3395814895629883,,,,,,,,,,,,,
18,,,,62859,,,,,,,,,,,,0.46207091212272644,0.1021403819322586,,0.4068896770477295,,3.2027993202209473,,,,,,,,,,,,,
18,,,,62879,,,,,,,,,,,,0.46207091212272644,0.10439713299274445,,0.41416844725608826,,3.2657485008239746,,,,,,,,,,,,,
18,,,,62899,,,,,,,,,,,,0.46207091212272644,0.1283172070980072,,0.5451663732528687,,4.562541484832764,,,,,,,,,,,,,
18,,,,62919,,,,,,,,,,,,0.46207091212272644,0.11870445311069489,,0.5440425872802734,,4.561902046203613,,,,,,,,,,,,,
18,,,,62939,,,,,,,,,,,,0.46207091212272644,0.11087699234485626,,0.4130137860774994,,3.246272087097168,,,,,,,,,,,,,
18,,,,62959,,,,,,,,,,,,0.46207091212272644,0.05130091309547424,,0.9037099480628967,,3.633530616760254,,,,,,,,,,,,,
18,,,,62979,,,,,,,,,,,,0.46207091212272644,0.04312630742788315,,0.949950098991394,,3.7691493034362793,,,,,,,,,,,,,
18,,,,62999,,,,,,,,,,,,0.46207091212272644,0.1106749176979065,,0.4171738028526306,,3.2535223960876465,,,,,,,,,,,,,
18,,,,63019,,,,,,,,,,,,0.46207091212272644,0.0681699737906456,,0.8724486231803894,,4.299577236175537,,,,,,,,,,,,,
18,,,,63039,,,,,,,,,,,,0.46207091212272644,0.1228761300444603,,0.5482879877090454,,4.576207160949707,,,,,,,,,,,,,
18,,,,63059,,,,,,,,,,,,0.46207091212272644,0.06020738184452057,,1.0833508968353271,,4.2196431159973145,,,,,,,,,,,,,
18,,,,63079,,,,,,,,,,,,0.46207091212272644,0.06751437485218048,,0.7055665850639343,,3.4768009185791016,,,,,,,,,,,,,
18,,,,63099,,,,,,,,,,,,0.46207091212272644,0.09217140078544617,,0.40930473804473877,,3.284943103790283,,,,,,,,,,,,,
18,,,,63119,,,,,,,,,,,,0.46207091212272644,0.044192973524332047,,1.134183406829834,,4.173788547515869,,,,,,,,,,,,,
18,,,,63139,,,,,,,,,,,,0.46207091212272644,0.04663699492812157,,1.2178529500961304,,4.178199768066406,,,,,,,,,,,,,
18,,,,63159,,,,,,,,,,,,0.46207091212272644,0.045340195298194885,,1.045864224433899,,4.199653148651123,,,,,,,,,,,,,
18,,,,63179,,,,,,,,,,,,0.46207091212272644,0.08946792036294937,,0.653833270072937,,4.326248645782471,,,,,,,,,,,,,
18,,,,63199,,,,,,,,,,,,0.46207091212272644,0.09820836782455444,,0.634808361530304,,4.398818016052246,,,,,,,,,,,,,
18,,,,63219,,,,,,,,,,,,0.46207091212272644,0.1074540913105011,,0.649204671382904,,4.388302326202393,,,,,,,,,,,,,
18,,,,63239,,,,,,,,,,,,0.46207091212272644,0.10591983795166016,,0.5394538640975952,,3.48574161529541,,,,,,,,,,,,,
18,,,,63259,,,,,,,,,,,,0.46207091212272644,0.07555058598518372,,0.664741039276123,,3.5315470695495605,,,,,,,,,,,,,
18,,,,63279,,,,,,,,,,,,0.46207091212272644,0.0817696675658226,,0.5192495584487915,,3.4614856243133545,,,,,,,,,,,,,
18,,,,63299,,,,,,,,,,,,0.46207091212272644,0.09906812012195587,,0.40590909123420715,,3.293912887573242,,,,,,,,,,,,,
18,,,,63319,,,,,,,,,,,,0.46207091212272644,0.044298358261585236,,1.0160784721374512,,4.026163101196289,,,,,,,,,,,,,
18,,,,63339,,,,,,,,,,,,0.46207091212272644,0.05057254061102867,,0.8868286609649658,,3.6477580070495605,,,,,,,,,,,,,
18,,,,63359,,,,,,,,,,,,0.46207091212272644,0.08054574579000473,,0.8539626598358154,,4.371445178985596,,,,,,,,,,,,,
18,,,,63379,,,,,,,,,,,,0.46207091212272644,0.11163271963596344,,0.5593681335449219,,4.503212928771973,,,,,,,,,,,,,
18,,,,63399,,,,,,,,,,,,0.46207091212272644,0.1213534027338028,,0.5393050909042358,,4.517419815063477,,,,,,,,,,,,,
18,,,,63419,,,,,,,,,,,,0.46207091212272644,0.12425173074007034,,0.5586504936218262,,4.5440168380737305,,,,,,,,,,,,,
18,,,,63439,,,,,,,,,,,,0.46207091212272644,0.12574860453605652,,0.543800950050354,,4.513845443725586,,,,,,,,,,,,,
18,,,,63459,,,,,,,,,,,,0.46207091212272644,0.088387131690979,,0.39480212330818176,,3.2127091884613037,,,,,,,,,,,,,
18,,,,63479,,,,,,,,,,,,0.46207091212272644,0.12308639287948608,,0.5339758992195129,,4.455306529998779,,,,,,,,,,,,,
18,,,,63499,,,,,,,,,,,,0.46207091212272644,0.04302738979458809,,1.091005563735962,,4.124240398406982,,,,,,,,,,,,,
18,,,,63519,,,,,,,,,,,,0.46207091212272644,0.05447736755013466,,0.8366084694862366,,3.655867338180542,,,,,,,,,,,,,
18,,,,63539,,,,,,,,,,,,0.46207091212272644,0.07857858389616013,,0.5581268072128296,,3.3669419288635254,,,,,,,,,,,,,
18,,,,63559,,,,,,,,,,,,0.46207091212272644,0.04298532009124756,,1.080634355545044,,4.050407409667969,,,,,,,,,,,,,
18,,,,63579,,,,,,,,,,,,0.46207091212272644,0.10483482480049133,,0.4107615649700165,,3.2479493618011475,,,,,,,,,,,,,
18,,,,63599,,,,,,,,,,,,0.46207091212272644,0.08969448506832123,,0.41034814715385437,,3.253427505493164,,,,,,,,,,,,,
18,,,,63619,,,,,,,,,,,,0.46207091212272644,0.06146242097020149,,0.7305273413658142,,4.353691101074219,,,,,,,,,,,,,
18,,,,63639,,,,,,,,,,,,0.46207091212272644,0.060585733503103256,,0.7351239919662476,,3.5171728134155273,,,,,,,,,,,,,
18,,,,63659,,,,,,,,,,,,0.46207091212272644,0.07222399115562439,,0.7901070713996887,,4.318748474121094,,,,,,,,,,,,,
18,,,,63679,,,,,,,,,,,,0.46207091212272644,0.06583570688962936,,0.663545548915863,,3.3567678928375244,,,,,,,,,,,,,
18,,,,63699,,,,,,,,,,,,0.46207091212272644,0.04994912073016167,,0.8498393297195435,,3.6153054237365723,,,,,,,,,,,,,
18,,,,63719,,,,,,,,,,,,0.46207091212272644,0.11978223919868469,,0.6246387958526611,,4.47006368637085,,,,,,,,,,,,,
18,,,,63739,,,,,,,,,,,,0.46207091212272644,0.10312413424253464,,0.40136784315109253,,3.217503547668457,,,,,,,,,,,,,
18,,,,63759,,,,,,,,,,,,0.46207091212272644,0.12538190186023712,,0.5408475399017334,,4.467197895050049,,,,,,,,,,,,,
18,,,,63779,,,,,,,,,,,,0.46207091212272644,0.06722305715084076,,0.8395712971687317,,4.290263652801514,,,,,,,,,,,,,
18,,,,63799,,,,,,,,,,,,0.46207091212272644,0.050053488463163376,,0.8321717977523804,,3.6830451488494873,,,,,,,,,,,,,
18,,,,63819,,,,,,,,,,,,0.46207091212272644,0.10199485719203949,,0.4101352095603943,,3.314275026321411,,,,,,,,,,,,,
18,,,,63839,,,,,,,,,,,,0.46207091212272644,0.08973998576402664,,0.4919523000717163,,3.3673954010009766,,,,,,,,,,,,,
18,,,,63859,,,,,,,,,,,,0.46207091212272644,0.04160225763916969,,1.0348094701766968,,3.7519493103027344,,,,,,,,,,,,,
18,,,,63879,,,,,,,,,,,,0.46207091212272644,0.12171342223882675,,0.5465134382247925,,4.5382513999938965,,,,,,,,,,,,,
18,,,,63899,,,,,,,,,,,,0.46207091212272644,0.08951954543590546,,0.5043004751205444,,3.3882598876953125,,,,,,,,,,,,,
18,,,,63919,,,,,,,,,,,,0.46207091212272644,0.033853985369205475,,1.0981385707855225,,4.129030227661133,,,,,,,,,,,,,
18,,,,63939,,,,,,,,,,,,0.46207091212272644,0.12334291636943817,,0.5217239260673523,,4.375546932220459,,,,,,,,,,,,,
18,,,,63959,,,,,,,,,,,,0.46207091212272644,0.09564195573329926,,0.40558332204818726,,3.2930192947387695,,,,,,,,,,,,,
18,,,,63979,,,,,,,,,,,,0.46207091212272644,0.04910000413656235,,0.9293620586395264,,4.290956497192383,,,,,,,,,,,,,
18,,,,63999,,,,,,,,,,,,0.46207091212272644,0.0512218102812767,,0.8251888155937195,,3.697193145751953,,,,,,,,,,,,,
18,,,,64019,,,,,,,,,,,,0.46207091212272644,0.09380411356687546,,0.5338966846466064,,3.380765438079834,,,,,,,,,,,,,
18,,,,64039,,,,,,,,,,,,0.46207091212272644,0.03923788666725159,,1.1686691045761108,,4.073083877563477,,,,,,,,,,,,,
18,,,,64059,,,,,,,,,,,,0.46207091212272644,0.12264205515384674,,0.5269871950149536,,4.418880462646484,,,,,,,,,,,,,
18,,,,64079,,,,,,,,,,,,0.46207091212272644,0.04283377528190613,,1.1374623775482178,,4.062434196472168,,,,,,,,,,,,,
18,,,,64099,,,,,,,,,,,,0.46207091212272644,0.04252414405345917,,1.1344945430755615,,4.123997688293457,,,,,,,,,,,,,
18,,,,64119,,,,,,,,,,,,0.46207091212272644,0.08473141491413116,,0.40205854177474976,,3.277798891067505,,,,,,,,,,,,,
18,,,,64139,,,,,,,,,,,,0.46207091212272644,0.036777473986148834,,0.9670713543891907,,3.758962392807007,,,,,,,,,,,,,
18,,,,64159,,,,,,,,,,,,0.46207091212272644,0.036298684775829315,,0.9396446347236633,,3.70261287689209,,,,,,,,,,,,,
18,,,,64179,,,,,,,,,,,,0.46207091212272644,0.05418521165847778,,0.9815503358840942,,4.278393745422363,,,,,,,,,,,,,
18,,,,64199,,,,,,,,,,,,0.46207091212272644,0.05988647788763046,,0.7393839359283447,,3.63789701461792,,,,,,,,,,,,,
18,,,,64219,,,,,,,,,,,,0.46207091212272644,0.10566510260105133,,0.5202524065971375,,4.377362251281738,,,,,,,,,,,,,
18,,,,64239,,,,,,,,,,,,0.46207091212272644,0.08207245916128159,,0.5521402955055237,,3.5756125450134277,,,,,,,,,,,,,
18,,,,64259,,,,,,,,,,,,0.46207091212272644,0.10017286241054535,,0.6442227363586426,,4.329231262207031,,,,,,,,,,,,,
18,,,,64279,,,,,,,,,,,,0.46207091212272644,0.04417627304792404,,1.00877845287323,,4.205158233642578,,,,,,,,,,,,,
18,,,,64299,,,,,,,,,,,,0.46207091212272644,0.045802801847457886,,1.0391526222229004,,4.168436050415039,,,,,,,,,,,,,
18,,,,64319,,,,,,,,,,,,0.46207091212272644,0.05071162432432175,,0.9413250684738159,,4.192237377166748,,,,,,,,,,,,,
18,,,,64339,,,,,,,,,,,,0.46207091212272644,0.09387364983558655,,0.5959407687187195,,4.37529182434082,,,,,,,,,,,,,
18,,,,64359,,,,,,,,,,,,0.46207091212272644,0.03931354731321335,,1.063313364982605,,4.100984573364258,,,,,,,,,,,,,
18,,,,64379,,,,,,,,,,,,0.46207091212272644,0.09099960327148438,,0.3909571170806885,,3.226177453994751,,,,,,,,,,,,,
18,,,,64399,,,,,,,,,,,,0.46207091212272644,0.10257415473461151,,0.5493819713592529,,4.369576454162598,,,,,,,,,,,,,
18,,,,64419,,,,,,,,,,,,0.46207091212272644,0.11663549393415451,,0.5242537260055542,,4.400677680969238,,,,,,,,,,,,,
18,,,,64439,,,,,,,,,,,,0.46207091212272644,0.11395628750324249,,0.5298283100128174,,4.322343349456787,,,,,,,,,,,,,
18,,,,64459,,,,,,,,,,,,0.46207091212272644,0.07780338823795319,,0.9048634767532349,,4.276780128479004,,,,,,,,,,,,,
18,,,,64479,,,,,,,,,,,,0.46207091212272644,0.049015261232852936,,0.8695809245109558,,3.7122576236724854,,,,,,,,,,,,,
18,,,,64499,,,,,,,,,,,,0.46207091212272644,0.07633048295974731,,0.8024402856826782,,4.262765884399414,,,,,,,,,,,,,
18,,,,64519,,,,,,,,,,,,0.46207091212272644,0.0554790273308754,,0.7884401679039001,,3.689114570617676,,,,,,,,,,,,,
18,,,,64539,,,,,,,,,,,,0.46207091212272644,0.05542737990617752,,0.8805166482925415,,4.266814708709717,,,,,,,,,,,,,
18,,,,64559,,,,,,,,,,,,0.46207091212272644,0.09660959988832474,,0.6612511277198792,,4.3451457023620605,,,,,,,,,,,,,
18,,,,64579,,,,,,,,,,,,0.46207091212272644,0.07356658577919006,,0.6071540713310242,,3.585983991622925,,,,,,,,,,,,,
18,,,,64599,,,,,,,,,,,,0.46207091212272644,0.027999285608530045,,1.1196911334991455,,3.955784797668457,,,,,,,,,,,,,
18,,,,64619,,,,,,,,,,,,0.46207091212272644,0.03638361766934395,,1.094551920890808,,4.222978591918945,,,,,,,,,,,,,
18,,,,64639,,,,,,,,,,,,0.46207091212272644,0.032312728464603424,,1.1654294729232788,,3.9208078384399414,,,,,,,,,,,,,
18,,,,64659,,,,,,,,,,,,0.46207091212272644,0.08874605596065521,,0.3955482244491577,,3.2123446464538574,,,,,,,,,,,,,
18,,,,64679,,,,,,,,,,,,0.46207091212272644,0.0971527174115181,,0.6452674269676208,,4.364952087402344,,,,,,,,,,,,,
18,,,,64699,,,,,,,,,,,,0.46207091212272644,0.04720190912485123,,0.8495264053344727,,4.253935813903809,,,,,,,,,,,,,
18,,,,64719,,,,,,,,,,,,0.46207091212272644,0.09266369044780731,,0.4265120029449463,,3.301254987716675,,,,,,,,,,,,,
18,,,,64739,,,,,,,,,,,,0.46207091212272644,0.09278631210327148,,0.3958897292613983,,3.2168021202087402,,,,,,,,,,,,,
18,,,,64759,,,,,,,,,,,,0.46207091212272644,0.030947227030992508,,1.1544986963272095,,4.039556503295898,,,,,,,,,,,,,
18,,,,64779,,,,,,,,,,,,0.46207091212272644,0.082865871489048,,0.41313570737838745,,3.264322280883789,,,,,,,,,,,,,
18,,,,64799,,,,,,,,,,,,0.46207091212272644,0.11489979922771454,,0.5239355564117432,,4.421449184417725,,,,,,,,,,,,,
18,,,,64819,,,,,,,,,,,,0.46207091212272644,0.09744259715080261,,0.38816002011299133,,3.1542553901672363,,,,,,,,,,,,,
18,,,,64839,,,,,,,,,,,,0.46207091212272644,0.10737481713294983,,0.4280516505241394,,3.272095203399658,,,,,,,,,,,,,
18,,,,64859,,,,,,,,,,,,0.46207091212272644,0.040607474744319916,,0.974624752998352,,4.128171920776367,,,,,,,,,,,,,
18,,,,64879,,,,,,,,,,,,0.46207091212272644,0.05491960048675537,,0.5961495041847229,,3.5094492435455322,,,,,,,,,,,,,
18,,,,64899,,,,,,,,,,,,0.46207091212272644,0.11376364529132843,,0.5594414472579956,,4.437220573425293,,,,,,,,,,,,,
18,,,,64919,,,,,,,,,,,,0.46207091212272644,0.06260407716035843,,0.9207462668418884,,4.273547172546387,,,,,,,,,,,,,
18,,,,64939,,,,,,,,,,,,0.46207091212272644,0.09378256648778915,,0.3990064859390259,,3.249095916748047,,,,,,,,,,,,,
18,,,,64959,,,,,,,,,,,,0.46207091212272644,0.08356186747550964,,0.8102840781211853,,4.319525718688965,,,,,,,,,,,,,
18,,,,64979,,,,,,,,,,,,0.46207091212272644,0.027643080800771713,,1.0768749713897705,,3.9108340740203857,,,,,,,,,,,,,
18,,,,64999,,,,,,,,,,,,0.46207091212272644,0.04102600738406181,,0.8372057676315308,,3.587186574935913,,,,,,,,,,,,,
18,,,,65019,,,,,,,,,,,,0.46207091212272644,0.09612471610307693,,0.3940795660018921,,3.201935052871704,,,,,,,,,,,,,
18,,,,65039,,,,,,,,,,,,0.46207091212272644,0.05413849651813507,,0.8399384021759033,,3.7377214431762695,,,,,,,,,,,,,
18,,,,65059,,,,,,,,,,,,0.46207091212272644,0.10538528114557266,,0.39699113368988037,,3.1929140090942383,,,,,,,,,,,,,
18,,,,65079,,,,,,,,,,,,0.46207091212272644,0.0846748799085617,,0.6759238839149475,,4.277026653289795,,,,,,,,,,,,,
18,,,,65099,,,,,,,,,,,,0.46207091212272644,0.05807192623615265,,0.7319418787956238,,3.506967067718506,,,,,,,,,,,,,
18,,,,65119,,,,,,,,,,,,0.46207091212272644,0.03174958378076553,,1.1516839265823364,,4.076172828674316,,,,,,,,,,,,,
18,,,,65139,,,,,,,,,,,,0.46207091212272644,0.07407482713460922,,0.5689737796783447,,3.392113447189331,,,,,,,,,,,,,
18,,,,65159,,,,,,,,,,,,0.46207091212272644,0.09964977204799652,,0.42676565051078796,,3.1849710941314697,,,,,,,,,,,,,
18,,,,65179,,,,,,,,,,,,0.46207091212272644,0.03507377952337265,,1.1235581636428833,,4.142626762390137,,,,,,,,,,,,,
18,,,,65199,,,,,,,,,,,,0.46207091212272644,0.03330164775252342,,1.0700139999389648,,4.168816566467285,,,,,,,,,,,,,
18,,,,65219,,,,,,,,,,,,0.46207091212272644,0.03080911934375763,,1.0398542881011963,,4.004128456115723,,,,,,,,,,,,,
18,,,,65239,,,,,,,,,,,,0.46207091212272644,0.09524892270565033,,0.6410817503929138,,4.518579483032227,,,,,,,,,,,,,
18,,,,65259,,,,,,,,,,,,0.46207091212272644,0.07550442218780518,,0.5174193978309631,,3.2878055572509766,,,,,,,,,,,,,
18,,,,65279,,,,,,,,,,,,0.46207091212272644,0.10798477381467819,,0.5462878346443176,,4.552507400512695,,,,,,,,,,,,,
18,,,,65299,,,,,,,,,,,,0.46207091212272644,0.09164389967918396,,0.7379621863365173,,4.426489353179932,,,,,,,,,,,,,
18,,,,65319,,,,,,,,,,,,0.46207091212272644,0.06888797879219055,,0.7322068810462952,,3.4328103065490723,,,,,,,,,,,,,
18,,,,65339,,,,,,,,,,,,0.46207091212272644,0.08092394471168518,,0.44915926456451416,,3.2696690559387207,,,,,,,,,,,,,
18,,,,65359,,,,,,,,,,,,0.46207091212272644,0.03153783082962036,,1.1445139646530151,,4.038234233856201,,,,,,,,,,,,,
18,,,,65379,,,,,,,,,,,,0.46207091212272644,0.08164328336715698,,0.6753615140914917,,4.402350425720215,,,,,,,,,,,,,
18,,,,65399,,,,,,,,,,,,0.46207091212272644,0.041335005313158035,,0.8952447175979614,,3.6808857917785645,,,,,,,,,,,,,
18,,,,65419,,,,,,,,,,,,0.46207091212272644,0.10964390635490417,,0.628291130065918,,4.364082336425781,,,,,,,,,,,,,
18,,,,65439,,,,,,,,,,,,0.46207091212272644,0.10884523391723633,,0.5876861810684204,,4.5318708419799805,,,,,,,,,,,,,
18,,,,65459,,,,,,,,,,,,0.46207091212272644,0.10366154462099075,,0.4101717174053192,,3.1836023330688477,,,,,,,,,,,,,
18,,,,65479,,,,,,,,,,,,0.46207091212272644,0.11985264718532562,,0.5406032800674438,,4.402404308319092,,,,,,,,,,,,,
18,,,,65499,,,,,,,,,,,,0.46207091212272644,0.08830896764993668,,0.5771985650062561,,4.308448791503906,,,,,,,,,,,,,
18,,,,65519,,,,,,,,,,,,0.46207091212272644,0.05891972407698631,,0.7181580662727356,,3.62255859375,,,,,,,,,,,,,
18,,,,65539,,,,,,,,,,,,0.46207091212272644,0.05331205949187279,,0.8863715529441833,,3.6663975715637207,,,,,,,,,,,,,
18,,,,65559,,,,,,,,,,,,0.46207091212272644,0.037974849343299866,,1.1112858057022095,,4.036336898803711,,,,,,,,,,,,,
18,,,,65579,,,,,,,,,,,,0.46207091212272644,0.050961192697286606,,1.0011982917785645,,4.268892288208008,,,,,,,,,,,,,
18,,,,65599,,,,,,,,,,,,0.46207091212272644,0.029669780284166336,,1.0929949283599854,,4.034929275512695,,,,,,,,,,,,,
18,,,,65619,,,,,,,,,,,,0.46207091212272644,0.08564980328083038,,0.5240918397903442,,3.355651378631592,,,,,,,,,,,,,
18,,,,65639,,,,,,,,,,,,0.46207091212272644,0.03214230015873909,,1.0941596031188965,,3.926722526550293,,,,,,,,,,,,,
18,,,,65659,,,,,,,,,,,,0.46207091212272644,0.10861913859844208,,0.6169596314430237,,4.445878982543945,,,,,,,,,,,,,
18,,,,65679,,,,,,,,,,,,0.46207091212272644,0.035024553537368774,,1.0363619327545166,,3.954710006713867,,,,,,,,,,,,,
18,,,,65699,,,,,,,,,,,,0.46207091212272644,0.10899149626493454,,0.5543527603149414,,4.331086158752441,,,,,,,,,,,,,
18,,,,65719,,,,,,,,,,,,0.46207091212272644,0.08530506491661072,,0.752772331237793,,4.252497673034668,,,,,,,,,,,,,
18,,,,65739,,,,,,,,,,,,0.46207091212272644,0.0969405323266983,,0.6488614082336426,,4.317999362945557,,,,,,,,,,,,,
18,,,,65759,,,,,,,,,,,,0.46207091212272644,0.04059267044067383,,1.111245036125183,,3.8738694190979004,,,,,,,,,,,,,
18,,,,65779,,,,,,,,,,,,0.46207091212272644,0.114501953125,,0.5572651028633118,,4.67708683013916,,,,,,,,,,,,,
18,,,,65799,,,,,,,,,,,,0.46207091212272644,0.06784985959529877,,0.8608705401420593,,4.3439130783081055,,,,,,,,,,,,,
18,,,,65819,,,,,,,,,,,,0.46207091212272644,0.03605829179286957,,1.0767595767974854,,4.16334342956543,,,,,,,,,,,,,
18,,,,65839,,,,,,,,,,,,0.46207091212272644,0.05736042186617851,,0.7750483751296997,,3.6513752937316895,,,,,,,,,,,,,
18,,,,65859,,,,,,,,,,,,0.46207091212272644,0.10673430562019348,,0.5115785002708435,,4.356287956237793,,,,,,,,,,,,,
18,,,,65879,,,,,,,,,,,,0.46207091212272644,0.09257420152425766,,0.6377789974212646,,4.270047187805176,,,,,,,,,,,,,
18,,,,65899,,,,,,,,,,,,0.46207091212272644,0.09754356741905212,,0.6681241989135742,,4.33120584487915,,,,,,,,,,,,,
18,,,,65919,,,,,,,,,,,,0.46207091212272644,0.08186174929141998,,0.7112473249435425,,3.692416191101074,,,,,,,,,,,,,
18,,,,65939,,,,,,,,,,,,0.46207091212272644,0.04102137312293053,,1.132138967514038,,4.172800064086914,,,,,,,,,,,,,
18,,,,65959,,,,,,,,,,,,0.46207091212272644,0.11712734401226044,,0.5712844133377075,,4.530361652374268,,,,,,,,,,,,,
18,,,,65979,,,,,,,,,,,,0.46207091212272644,0.08763854950666428,,0.3935759961605072,,3.160557746887207,,,,,,,,,,,,,
18,,,,65999,,,,,,,,,,,,0.46207091212272644,0.07273867726325989,,0.5200362205505371,,3.480154514312744,,,,,,,,,,,,,
18,,,,66019,,,,,,,,,,,,0.46207091212272644,0.03941817209124565,,1.1315017938613892,,4.192065238952637,,,,,,,,,,,,,
18,,,,66039,,,,,,,,,,,,0.46207091212272644,0.08518533408641815,,0.38603708148002625,,3.165614604949951,,,,,,,,,,,,,
18,,,,66059,,,,,,,,,,,,0.46207091212272644,0.09088695794343948,,0.3959234654903412,,3.187870979309082,,,,,,,,,,,,,
18,,,,66079,,,,,,,,,,,,0.46207091212272644,0.09111984819173813,,0.43511977791786194,,3.2773232460021973,,,,,,,,,,,,,
18,,,,66099,,,,,,,,,,,,0.46207091212272644,0.074683278799057,,0.8663818836212158,,4.404296875,,,,,,,,,,,,,
18,,,,66119,,,,,,,,,,,,0.46207091212272644,0.07088209688663483,,0.5669431686401367,,3.48012113571167,,,,,,,,,,,,,
18,,,,66139,,,,,,,,,,,,0.46207091212272644,0.09846559911966324,,0.600492537021637,,4.508788108825684,,,,,,,,,,,,,
18,,,,66157,,,,,,,,,,,,,,,,,,0.7060953378677368,0.8802077770233154,0.6770007014274597,0.6751484870910645,0.5144949555397034,0.6732962131500244,0.5832874774932861,0.6909481287002563,0.736133337020874,0.657584011554718,0.8342549204826355,0.4652126431465149,0.7060953378677368
18,,,,66157,,,,,,,,,0.5692557096481323,0.07762423157691956,0.462065726518631,,,0.7109193205833435,,3.907743215560913,,,,,,,,,,,,,,
,0.00025454063529829405,0.00025454063529829405,2.54540635298294e-05,66158,,,,,,,,,,,,,,,,,,,,,,,,,,,,,,
19,,,,66159,,,,,,,,,,,,0.46207091212272644,0.05086846649646759,,0.8293232917785645,,3.6877102851867676,,,,,,,,,,,,,
19,,,,66179,,,,,,,,,,,,0.46207091212272644,0.033192966133356094,,1.2368165254592896,,4.104619979858398,,,,,,,,,,,,,
19,,,,66199,,,,,,,,,,,,0.46207091212272644,0.033087052404880524,,1.0736445188522339,,3.983449935913086,,,,,,,,,,,,,
19,,,,66219,,,,,,,,,,,,0.46207091212272644,0.09995931386947632,,0.5128517746925354,,4.350194454193115,,,,,,,,,,,,,
19,,,,66239,,,,,,,,,,,,0.46207091212272644,0.044302258640527725,,0.902233898639679,,3.729313850402832,,,,,,,,,,,,,
19,,,,66259,,,,,,,,,,,,0.46207091212272644,0.10782971233129501,,0.6154012680053711,,4.377309799194336,,,,,,,,,,,,,
19,,,,66279,,,,,,,,,,,,0.46207091212272644,0.09955286979675293,,0.6409562826156616,,4.337888717651367,,,,,,,,,,,,,
19,,,,66299,,,,,,,,,,,,0.46207091212272644,0.08120721578598022,,0.47737812995910645,,3.4160327911376953,,,,,,,,,,,,,
19,,,,66319,,,,,,,,,,,,0.46207091212272644,0.04144292324781418,,1.0886491537094116,,4.104361534118652,,,,,,,,,,,,,
19,,,,66339,,,,,,,,,,,,0.46207091212272644,0.07991702854633331,,0.7518726587295532,,4.467660903930664,,,,,,,,,,,,,
19,,,,66359,,,,,,,,,,,,0.46207091212272644,0.032635580748319626,,1.188979148864746,,4.036500930786133,,,,,,,,,,,,,
19,,,,66379,,,,,,,,,,,,0.46207091212272644,0.050994087010622025,,1.0506882667541504,,4.2335920333862305,,,,,,,,,,,,,
19,,,,66399,,,,,,,,,,,,0.46207091212272644,0.06257863342761993,,0.5965632200241089,,3.5388572216033936,,,,,,,,,,,,,
19,,,,66419,,,,,,,,,,,,0.46207091212272644,0.0978061780333519,,0.4309268593788147,,3.2917752265930176,,,,,,,,,,,,,
19,,,,66439,,,,,,,,,,,,0.46207091212272644,0.07841536402702332,,0.6174235939979553,,3.533310890197754,,,,,,,,,,,,,
19,,,,66459,,,,,,,,,,,,0.46207091212272644,0.09228439629077911,,0.4048232436180115,,3.2691383361816406,,,,,,,,,,,,,
19,,,,66479,,,,,,,,,,,,0.46207091212272644,0.043675538152456284,,1.097412347793579,,4.171828746795654,,,,,,,,,,,,,
19,,,,66499,,,,,,,,,,,,0.46207091212272644,0.06647887825965881,,0.6082234382629395,,3.4748759269714355,,,,,,,,,,,,,
19,,,,66519,,,,,,,,,,,,0.46207091212272644,0.09323267638683319,,0.47872161865234375,,3.3632445335388184,,,,,,,,,,,,,
19,,,,66539,,,,,,,,,,,,0.46207091212272644,0.12107303738594055,,0.5706362128257751,,4.500558853149414,,,,,,,,,,,,,
19,,,,66559,,,,,,,,,,,,0.46207091212272644,0.060172393918037415,,0.6367629766464233,,3.3774328231811523,,,,,,,,,,,,,
19,,,,66579,,,,,,,,,,,,0.46207091212272644,0.04413684085011482,,1.0434740781784058,,3.943296432495117,,,,,,,,,,,,,
19,,,,66599,,,,,,,,,,,,0.46207091212272644,0.10463520884513855,,0.6300850510597229,,4.540024757385254,,,,,,,,,,,,,
19,,,,66619,,,,,,,,,,,,0.46207091212272644,0.08739836513996124,,0.7232836484909058,,4.307518005371094,,,,,,,,,,,,,
19,,,,66639,,,,,,,,,,,,0.46207091212272644,0.1148555651307106,,0.5191008448600769,,4.362140655517578,,,,,,,,,,,,,
19,,,,66659,,,,,,,,,,,,0.46207091212272644,0.0867520347237587,,0.41348350048065186,,3.3117289543151855,,,,,,,,,,,,,
19,,,,66679,,,,,,,,,,,,0.46207091212272644,0.10189218074083328,,0.4124373197555542,,3.20468807220459,,,,,,,,,,,,,
19,,,,66699,,,,,,,,,,,,0.46207091212272644,0.08233807981014252,,0.7271833419799805,,4.4301252365112305,,,,,,,,,,,,,
19,,,,66719,,,,,,,,,,,,0.46207091212272644,0.10726874321699142,,0.6634284257888794,,4.503694534301758,,,,,,,,,,,,,
19,,,,66739,,,,,,,,,,,,0.46207091212272644,0.03640144690871239,,1.1023321151733398,,3.9128432273864746,,,,,,,,,,,,,
19,,,,66759,,,,,,,,,,,,0.46207091212272644,0.05216594785451889,,0.8959158658981323,,4.2988739013671875,,,,,,,,,,,,,
19,,,,66779,,,,,,,,,,,,0.46207091212272644,0.10613260418176651,,0.5944921970367432,,4.330101490020752,,,,,,,,,,,,,
19,,,,66799,,,,,,,,,,,,0.46207091212272644,0.05775711312890053,,0.672721266746521,,3.5460050106048584,,,,,,,,,,,,,
19,,,,66819,,,,,,,,,,,,0.46207091212272644,0.05242093652486801,,1.004805326461792,,4.214870452880859,,,,,,,,,,,,,
19,,,,66839,,,,,,,,,,,,0.46207091212272644,0.09858524054288864,,0.6949889659881592,,4.343242645263672,,,,,,,,,,,,,
19,,,,66859,,,,,,,,,,,,0.46207091212272644,0.038175344467163086,,1.1037819385528564,,3.981593608856201,,,,,,,,,,,,,
19,,,,66879,,,,,,,,,,,,0.46207091212272644,0.046256616711616516,,0.787158191204071,,3.6500420570373535,,,,,,,,,,,,,
19,,,,66899,,,,,,,,,,,,0.46207091212272644,0.08630198985338211,,0.4478031396865845,,3.3439159393310547,,,,,,,,,,,,,
19,,,,66919,,,,,,,,,,,,0.46207091212272644,0.09842917323112488,,0.4017881453037262,,3.249995708465576,,,,,,,,,,,,,
19,,,,66939,,,,,,,,,,,,0.46207091212272644,0.10224880278110504,,0.5908252000808716,,4.393538475036621,,,,,,,,,,,,,
19,,,,66959,,,,,,,,,,,,0.46207091212272644,0.08996566385030746,,0.4204809367656708,,3.1914501190185547,,,,,,,,,,,,,
19,,,,66979,,,,,,,,,,,,0.46207091212272644,0.043933842331171036,,1.1821520328521729,,4.216502666473389,,,,,,,,,,,,,
19,,,,66999,,,,,,,,,,,,0.46207091212272644,0.04441868141293526,,0.9181618094444275,,4.247798919677734,,,,,,,,,,,,,
19,,,,67019,,,,,,,,,,,,0.46207091212272644,0.07629137486219406,,0.4955417513847351,,3.3471574783325195,,,,,,,,,,,,,
19,,,,67039,,,,,,,,,,,,0.46207091212272644,0.1174478679895401,,0.528213620185852,,4.416592597961426,,,,,,,,,,,,,
19,,,,67059,,,,,,,,,,,,0.46207091212272644,0.057282447814941406,,0.8549330830574036,,3.6424612998962402,,,,,,,,,,,,,
19,,,,67079,,,,,,,,,,,,0.46207091212272644,0.10810355097055435,,0.5680291056632996,,4.384428977966309,,,,,,,,,,,,,
19,,,,67099,,,,,,,,,,,,0.46207091212272644,0.09228456765413284,,0.40058478713035583,,3.2549893856048584,,,,,,,,,,,,,
19,,,,67119,,,,,,,,,,,,0.46207091212272644,0.07234121114015579,,0.5701602697372437,,3.468773365020752,,,,,,,,,,,,,
19,,,,67139,,,,,,,,,,,,0.46207091212272644,0.12019278109073639,,0.5248433351516724,,4.271267890930176,,,,,,,,,,,,,
19,,,,67159,,,,,,,,,,,,0.46207091212272644,0.05010472238063812,,0.9920390248298645,,4.19407844543457,,,,,,,,,,,,,
19,,,,67179,,,,,,,,,,,,0.46207091212272644,0.09450262784957886,,0.44973188638687134,,3.3315184116363525,,,,,,,,,,,,,
19,,,,67199,,,,,,,,,,,,0.46207091212272644,0.03627003729343414,,0.9775910377502441,,3.822725296020508,,,,,,,,,,,,,
19,,,,67219,,,,,,,,,,,,0.46207091212272644,0.06084626540541649,,0.8307620882987976,,3.717970132827759,,,,,,,,,,,,,
19,,,,67239,,,,,,,,,,,,0.46207091212272644,0.11198686063289642,,0.5334705710411072,,4.524260520935059,,,,,,,,,,,,,
19,,,,67259,,,,,,,,,,,,0.46207091212272644,0.03478948026895523,,1.0796958208084106,,4.150388717651367,,,,,,,,,,,,,
19,,,,67279,,,,,,,,,,,,0.46207091212272644,0.10258707404136658,,0.5938614010810852,,4.419931411743164,,,,,,,,,,,,,
19,,,,67299,,,,,,,,,,,,0.46207091212272644,0.05597924813628197,,0.7013908624649048,,3.433539390563965,,,,,,,,,,,,,
19,,,,67319,,,,,,,,,,,,0.46207091212272644,0.11634208261966705,,0.5868304967880249,,4.563011646270752,,,,,,,,,,,,,
19,,,,67339,,,,,,,,,,,,0.46207091212272644,0.11097651720046997,,0.5523576736450195,,4.442473411560059,,,,,,,,,,,,,
19,,,,67359,,,,,,,,,,,,0.46207091212272644,0.09911811351776123,,0.622317910194397,,4.425021648406982,,,,,,,,,,,,,
19,,,,67379,,,,,,,,,,,,0.46207091212272644,0.05821580812335014,,0.9437990784645081,,4.258821487426758,,,,,,,,,,,,,
19,,,,67399,,,,,,,,,,,,0.46207091212272644,0.030742868781089783,,1.1301804780960083,,3.860647678375244,,,,,,,,,,,,,
19,,,,67419,,,,,,,,,,,,0.46207091212272644,0.10815916955471039,,0.5588588118553162,,4.476015090942383,,,,,,,,,,,,,
19,,,,67439,,,,,,,,,,,,0.46207091212272644,0.03138919919729233,,0.9035477042198181,,3.6235220432281494,,,,,,,,,,,,,
19,,,,67459,,,,,,,,,,,,0.46207091212272644,0.07669414579868317,,0.8042623996734619,,4.332459449768066,,,,,,,,,,,,,
19,,,,67479,,,,,,,,,,,,0.46207091212272644,0.11071521788835526,,0.6197121143341064,,4.429447174072266,,,,,,,,,,,,,
19,,,,67499,,,,,,,,,,,,0.46207091212272644,0.08966334909200668,,0.4017714858055115,,3.230109214782715,,,,,,,,,,,,,
19,,,,67519,,,,,,,,,,,,0.46207091212272644,0.054676372557878494,,0.7028256058692932,,3.5303359031677246,,,,,,,,,,,,,
19,,,,67539,,,,,,,,,,,,0.46207091212272644,0.11891885101795197,,0.5252688527107239,,4.377160549163818,,,,,,,,,,,,,
19,,,,67559,,,,,,,,,,,,0.46207091212272644,0.1123727411031723,,0.5753235220909119,,4.336255073547363,,,,,,,,,,,,,
19,,,,67579,,,,,,,,,,,,0.46207091212272644,0.030440475791692734,,1.0236339569091797,,3.8974788188934326,,,,,,,,,,,,,
19,,,,67599,,,,,,,,,,,,0.46207091212272644,0.06833153963088989,,0.6029291152954102,,3.6335906982421875,,,,,,,,,,,,,
19,,,,67619,,,,,,,,,,,,0.46207091212272644,0.04792587831616402,,0.6990025043487549,,3.6110124588012695,,,,,,,,,,,,,
19,,,,67639,,,,,,,,,,,,0.46207091212272644,0.05052267760038376,,0.9144191145896912,,4.229865550994873,,,,,,,,,,,,,
19,,,,67659,,,,,,,,,,,,0.46207091212272644,0.08691676706075668,,0.68901526927948,,4.303509712219238,,,,,,,,,,,,,
19,,,,67679,,,,,,,,,,,,0.46207091212272644,0.09482873976230621,,0.4202549457550049,,3.362875461578369,,,,,,,,,,,,,
19,,,,67699,,,,,,,,,,,,0.46207091212272644,0.07812194526195526,,0.46120235323905945,,3.3472952842712402,,,,,,,,,,,,,
19,,,,67719,,,,,,,,,,,,0.46207091212272644,0.03000357747077942,,0.9672930836677551,,3.771348476409912,,,,,,,,,,,,,
19,,,,67739,,,,,,,,,,,,0.46207091212272644,0.11579081416130066,,0.5796972513198853,,4.576986312866211,,,,,,,,,,,,,
19,,,,67759,,,,,,,,,,,,0.46207091212272644,0.11230994015932083,,0.5899645090103149,,4.417738914489746,,,,,,,,,,,,,
19,,,,67779,,,,,,,,,,,,0.46207091212272644,0.07362791895866394,,0.5232937335968018,,3.483722448348999,,,,,,,,,,,,,
19,,,,67799,,,,,,,,,,,,0.46207091212272644,0.11793040484189987,,0.5269529819488525,,4.4561052322387695,,,,,,,,,,,,,
19,,,,67819,,,,,,,,,,,,0.46207091212272644,0.05466839671134949,,0.9767199754714966,,4.30189847946167,,,,,,,,,,,,,
19,,,,67839,,,,,,,,,,,,0.46207091212272644,0.05982912331819534,,0.5989906191825867,,3.5831246376037598,,,,,,,,,,,,,
19,,,,67859,,,,,,,,,,,,0.46207091212272644,0.11307133734226227,,0.5210860371589661,,4.4163103103637695,,,,,,,,,,,,,
19,,,,67879,,,,,,,,,,,,0.46207091212272644,0.08677193522453308,,0.4639435112476349,,3.32029128074646,,,,,,,,,,,,,
19,,,,67899,,,,,,,,,,,,0.46207091212272644,0.12500359117984772,,0.5298317670822144,,4.4520158767700195,,,,,,,,,,,,,
19,,,,67919,,,,,,,,,,,,0.46207091212272644,0.1004413515329361,,0.4170888662338257,,3.281071662902832,,,,,,,,,,,,,
19,,,,67939,,,,,,,,,,,,0.46207091212272644,0.03421081602573395,,0.9578569531440735,,3.739668846130371,,,,,,,,,,,,,
19,,,,67959,,,,,,,,,,,,0.46207091212272644,0.05312732234597206,,0.9187219142913818,,4.266911506652832,,,,,,,,,,,,,
19,,,,67979,,,,,,,,,,,,0.46207091212272644,0.06560451537370682,,0.8829188346862793,,4.3866753578186035,,,,,,,,,,,,,
19,,,,67999,,,,,,,,,,,,0.46207091212272644,0.08494946360588074,,0.40886083245277405,,3.2397499084472656,,,,,,,,,,,,,
19,,,,68019,,,,,,,,,,,,0.46207091212272644,0.03146909177303314,,1.2077219486236572,,4.038115501403809,,,,,,,,,,,,,
19,,,,68039,,,,,,,,,,,,0.46207091212272644,0.061147771775722504,,0.9237099885940552,,4.270898818969727,,,,,,,,,,,,,
19,,,,68059,,,,,,,,,,,,0.46207091212272644,0.1147564947605133,,0.5204188823699951,,4.412403106689453,,,,,,,,,,,,,
19,,,,68079,,,,,,,,,,,,0.46207091212272644,0.10569629818201065,,0.5774445533752441,,4.430350303649902,,,,,,,,,,,,,
19,,,,68099,,,,,,,,,,,,0.46207091212272644,0.11055606603622437,,0.5211012363433838,,4.378167152404785,,,,,,,,,,,,,
19,,,,68119,,,,,,,,,,,,0.46207091212272644,0.09650135040283203,,0.4427187442779541,,3.3922393321990967,,,,,,,,,,,,,
19,,,,68139,,,,,,,,,,,,0.46207091212272644,0.1193910762667656,,0.5219875574111938,,4.35641622543335,,,,,,,,,,,,,
19,,,,68159,,,,,,,,,,,,0.46207091212272644,0.10185803472995758,,0.544226348400116,,4.346914291381836,,,,,,,,,,,,,
19,,,,68179,,,,,,,,,,,,0.46207091212272644,0.025025218725204468,,1.155103325843811,,3.9900224208831787,,,,,,,,,,,,,
19,,,,68199,,,,,,,,,,,,0.46207091212272644,0.030477983877062798,,1.087750792503357,,4.10221004486084,,,,,,,,,,,,,
19,,,,68219,,,,,,,,,,,,0.46207091212272644,0.09072873741388321,,0.42443394660949707,,3.2997355461120605,,,,,,,,,,,,,
19,,,,68239,,,,,,,,,,,,0.46207091212272644,0.09638982266187668,,0.44160959124565125,,3.3398780822753906,,,,,,,,,,,,,
19,,,,68259,,,,,,,,,,,,0.46207091212272644,0.10626436769962311,,0.5636382102966309,,4.4409403800964355,,,,,,,,,,,,,
19,,,,68279,,,,,,,,,,,,0.46207091212272644,0.1101289913058281,,0.5377675294876099,,4.394783020019531,,,,,,,,,,,,,
19,,,,68299,,,,,,,,,,,,0.46207091212272644,0.11681610345840454,,0.5412737727165222,,4.402107238769531,,,,,,,,,,,,,
19,,,,68319,,,,,,,,,,,,0.46207091212272644,0.08405396342277527,,0.42183753848075867,,3.294975757598877,,,,,,,,,,,,,
19,,,,68339,,,,,,,,,,,,0.46207091212272644,0.05162261426448822,,0.7269840240478516,,3.548964262008667,,,,,,,,,,,,,
19,,,,68359,,,,,,,,,,,,0.46207091212272644,0.11322871595621109,,0.5423625111579895,,4.389623165130615,,,,,,,,,,,,,
19,,,,68379,,,,,,,,,,,,0.46207091212272644,0.07802106440067291,,0.5943612456321716,,3.4726996421813965,,,,,,,,,,,,,
19,,,,68399,,,,,,,,,,,,0.46207091212272644,0.08658291399478912,,0.7680820226669312,,4.3220367431640625,,,,,,,,,,,,,
19,,,,68419,,,,,,,,,,,,0.46207091212272644,0.03412862494587898,,1.082900881767273,,4.076192855834961,,,,,,,,,,,,,
19,,,,68439,,,,,,,,,,,,0.46207091212272644,0.03347674012184143,,0.839460551738739,,3.6687674522399902,,,,,,,,,,,,,
19,,,,68459,,,,,,,,,,,,0.46207091212272644,0.033978790044784546,,1.1811997890472412,,4.1291022300720215,,,,,,,,,,,,,
19,,,,68479,,,,,,,,,,,,0.46207091212272644,0.0678977370262146,,0.5286527872085571,,3.4870071411132812,,,,,,,,,,,,,
19,,,,68499,,,,,,,,,,,,0.46207091212272644,0.08934871852397919,,0.7072672247886658,,4.329902648925781,,,,,,,,,,,,,
19,,,,68519,,,,,,,,,,,,0.46207091212272644,0.034425701946020126,,1.024032711982727,,3.8673882484436035,,,,,,,,,,,,,
19,,,,68539,,,,,,,,,,,,0.46207091212272644,0.08179669827222824,,0.42455098032951355,,3.2979588508605957,,,,,,,,,,,,,
19,,,,68559,,,,,,,,,,,,0.46207091212272644,0.09166672825813293,,0.39512720704078674,,3.234269618988037,,,,,,,,,,,,,
19,,,,68579,,,,,,,,,,,,0.46207091212272644,0.10935424268245697,,0.5395931601524353,,4.476874351501465,,,,,,,,,,,,,
19,,,,68599,,,,,,,,,,,,0.46207091212272644,0.0620870515704155,,0.6601499915122986,,3.527710199356079,,,,,,,,,,,,,
19,,,,68619,,,,,,,,,,,,0.46207091212272644,0.038499388843774796,,1.063686490058899,,4.145993232727051,,,,,,,,,,,,,
19,,,,68639,,,,,,,,,,,,0.46207091212272644,0.03554505109786987,,1.0778489112854004,,4.18521785736084,,,,,,,,,,,,,
19,,,,68659,,,,,,,,,,,,0.46207091212272644,0.03652654588222504,,1.092934489250183,,4.072958946228027,,,,,,,,,,,,,
19,,,,68679,,,,,,,,,,,,0.46207091212272644,0.06982418894767761,,0.7660244703292847,,4.265371322631836,,,,,,,,,,,,,
19,,,,68699,,,,,,,,,,,,0.46207091212272644,0.1180274486541748,,0.5189706683158875,,4.325761795043945,,,,,,,,,,,,,
19,,,,68719,,,,,,,,,,,,0.46207091212272644,0.11560522764921188,,0.5630697011947632,,4.301897048950195,,,,,,,,,,,,,
19,,,,68739,,,,,,,,,,,,0.46207091212272644,0.11591167002916336,,0.5332046747207642,,4.321671485900879,,,,,,,,,,,,,
19,,,,68759,,,,,,,,,,,,0.46207091212272644,0.08683767914772034,,0.471659779548645,,3.382120370864868,,,,,,,,,,,,,
19,,,,68779,,,,,,,,,,,,0.46207091212272644,0.03671349585056305,,1.092408299446106,,4.095765113830566,,,,,,,,,,,,,
19,,,,68799,,,,,,,,,,,,0.46207091212272644,0.08786161243915558,,0.4369857609272003,,3.252964735031128,,,,,,,,,,,,,
19,,,,68819,,,,,,,,,,,,0.46207091212272644,0.10179735720157623,,0.4025290608406067,,3.130769729614258,,,,,,,,,,,,,
19,,,,68839,,,,,,,,,,,,0.46207091212272644,0.07072366774082184,,0.6609798669815063,,3.5931830406188965,,,,,,,,,,,,,
19,,,,68859,,,,,,,,,,,,0.46207091212272644,0.0870886966586113,,0.4085102379322052,,3.134493827819824,,,,,,,,,,,,,
19,,,,68879,,,,,,,,,,,,0.46207091212272644,0.0694957971572876,,0.7903099060058594,,4.393224716186523,,,,,,,,,,,,,
19,,,,68899,,,,,,,,,,,,0.46207091212272644,0.09374368190765381,,0.6611645221710205,,4.451892852783203,,,,,,,,,,,,,
19,,,,68919,,,,,,,,,,,,0.46207091212272644,0.07231027632951736,,0.5679481029510498,,3.2961652278900146,,,,,,,,,,,,,
19,,,,68939,,,,,,,,,,,,0.46207091212272644,0.03325185552239418,,1.1835906505584717,,4.165426254272461,,,,,,,,,,,,,
19,,,,68959,,,,,,,,,,,,0.46207091212272644,0.09115894138813019,,0.7064943313598633,,4.343527793884277,,,,,,,,,,,,,
19,,,,68979,,,,,,,,,,,,0.46207091212272644,0.0642622634768486,,0.830237090587616,,4.271981239318848,,,,,,,,,,,,,
19,,,,68999,,,,,,,,,,,,0.46207091212272644,0.1096152514219284,,0.5189720392227173,,4.338707447052002,,,,,,,,,,,,,
19,,,,69019,,,,,,,,,,,,0.46207091212272644,0.035517483949661255,,0.9394397735595703,,3.8748204708099365,,,,,,,,,,,,,
19,,,,69039,,,,,,,,,,,,0.46207091212272644,0.09982094168663025,,0.5455613136291504,,4.3529887199401855,,,,,,,,,,,,,
19,,,,69059,,,,,,,,,,,,0.46207091212272644,0.030001331120729446,,0.8692948222160339,,3.651834487915039,,,,,,,,,,,,,
19,,,,69079,,,,,,,,,,,,0.46207091212272644,0.05890171229839325,,0.8736118078231812,,4.3219804763793945,,,,,,,,,,,,,
19,,,,69099,,,,,,,,,,,,0.46207091212272644,0.06134788691997528,,0.6792758107185364,,3.7174296379089355,,,,,,,,,,,,,
19,,,,69119,,,,,,,,,,,,0.46207091212272644,0.03603578358888626,,0.9857208132743835,,3.7732887268066406,,,,,,,,,,,,,
19,,,,69139,,,,,,,,,,,,0.46207091212272644,0.09516945481300354,,0.634971559047699,,4.479298114776611,,,,,,,,,,,,,
19,,,,69159,,,,,,,,,,,,0.46207091212272644,0.09904597699642181,,0.6180157661437988,,4.466159820556641,,,,,,,,,,,,,
19,,,,69179,,,,,,,,,,,,0.46207091212272644,0.03216108679771423,,0.9786824584007263,,3.8029978275299072,,,,,,,,,,,,,
19,,,,69199,,,,,,,,,,,,0.46207091212272644,0.02862507477402687,,1.1202489137649536,,4.071982383728027,,,,,,,,,,,,,
19,,,,69219,,,,,,,,,,,,0.46207091212272644,0.0997566431760788,,0.6108328104019165,,4.327622890472412,,,,,,,,,,,,,
19,,,,69239,,,,,,,,,,,,0.46207091212272644,0.027686499059200287,,1.18906569480896,,4.065292835235596,,,,,,,,,,,,,
19,,,,69259,,,,,,,,,,,,0.46207091212272644,0.0317600816488266,,1.1326740980148315,,4.119405746459961,,,,,,,,,,,,,
19,,,,69279,,,,,,,,,,,,0.46207091212272644,0.051808327436447144,,0.8501020073890686,,4.29072904586792,,,,,,,,,,,,,
19,,,,69299,,,,,,,,,,,,0.46207091212272644,0.060671910643577576,,0.70575350522995,,3.5514614582061768,,,,,,,,,,,,,
19,,,,69319,,,,,,,,,,,,0.46207091212272644,0.08939840644598007,,0.43479299545288086,,3.180677890777588,,,,,,,,,,,,,
19,,,,69339,,,,,,,,,,,,0.46207091212272644,0.10793668031692505,,0.587002158164978,,4.68089485168457,,,,,,,,,,,,,
19,,,,69359,,,,,,,,,,,,0.46207091212272644,0.12853676080703735,,0.5773929953575134,,4.662881851196289,,,,,,,,,,,,,
19,,,,69379,,,,,,,,,,,,0.46207091212272644,0.030331768095493317,,1.070617914199829,,3.961907386779785,,,,,,,,,,,,,
19,,,,69399,,,,,,,,,,,,0.46207091212272644,0.03881169110536575,,1.068691611289978,,4.15248966217041,,,,,,,,,,,,,
19,,,,69419,,,,,,,,,,,,0.46207091212272644,0.08804081380367279,,0.5793331861495972,,4.378813743591309,,,,,,,,,,,,,
19,,,,69439,,,,,,,,,,,,0.46207091212272644,0.10167405009269714,,0.4559659957885742,,3.2760276794433594,,,,,,,,,,,,,
19,,,,69459,,,,,,,,,,,,0.46207091212272644,0.0926964282989502,,0.410908043384552,,3.150455951690674,,,,,,,,,,,,,
19,,,,69479,,,,,,,,,,,,0.46207091212272644,0.041333526372909546,,0.8909878730773926,,3.6832568645477295,,,,,,,,,,,,,
19,,,,69499,,,,,,,,,,,,0.46207091212272644,0.0345974937081337,,1.1847292184829712,,4.137508392333984,,,,,,,,,,,,,
19,,,,69519,,,,,,,,,,,,0.46207091212272644,0.11371533572673798,,0.5389047265052795,,4.508485317230225,,,,,,,,,,,,,
19,,,,69539,,,,,,,,,,,,0.46207091212272644,0.09180040657520294,,0.40739938616752625,,3.2545857429504395,,,,,,,,,,,,,
19,,,,69559,,,,,,,,,,,,0.46207091212272644,0.0874202772974968,,0.7026448845863342,,4.457849025726318,,,,,,,,,,,,,
19,,,,69579,,,,,,,,,,,,0.46207091212272644,0.039643388241529465,,1.0864094495773315,,4.187748908996582,,,,,,,,,,,,,
19,,,,69599,,,,,,,,,,,,0.46207091212272644,0.036588557064533234,,1.10574209690094,,4.177699089050293,,,,,,,,,,,,,
19,,,,69619,,,,,,,,,,,,0.46207091212272644,0.03264421224594116,,1.0183460712432861,,3.8917579650878906,,,,,,,,,,,,,
19,,,,69639,,,,,,,,,,,,0.46207091212272644,0.03553599491715431,,1.1481376886367798,,4.130932331085205,,,,,,,,,,,,,
19,,,,69639,,,,,,,,,,,,,,,,,,0.6847549676895142,0.8879702091217041,0.6365879774093628,0.6498217582702637,0.502337634563446,0.6630555391311646,0.5556968450546265,0.6546145677566528,0.6711602210998535,0.8102602362632751,0.8313294649124146,0.33947211503982544,0.6847549676895142
19,,,,69639,,,,,,,,,0.5639593601226807,0.07566788792610168,0.462065726518631,,,0.7001445293426514,,3.9145047664642334,,,,,,,,,,,,,,
,0.00024822911009179276,0.00024822911009179276,2.4822911009179275e-05,69640,,,,,,,,,,,,,,,,,,,,,,,,,,,,,,
20,,,,69659,,,,,,,,,,,,0.46207091212272644,0.047119587659835815,,0.7878947854042053,,3.631835460662842,,,,,,,,,,,,,
20,,,,69679,,,,,,,,,,,,0.46207091212272644,0.06307179480791092,,0.823506772518158,,4.296792030334473,,,,,,,,,,,,,
20,,,,69699,,,,,,,,,,,,0.46207091212272644,0.030817195773124695,,1.1366221904754639,,4.004280090332031,,,,,,,,,,,,,
20,,,,69719,,,,,,,,,,,,0.46207091212272644,0.11276240646839142,,0.5357705354690552,,4.445075988769531,,,,,,,,,,,,,
20,,,,69739,,,,,,,,,,,,0.46207091212272644,0.07113063335418701,,0.45501449704170227,,3.3984994888305664,,,,,,,,,,,,,
20,,,,69759,,,,,,,,,,,,0.46207091212272644,0.055568352341651917,,1.008614182472229,,4.24207878112793,,,,,,,,,,,,,
20,,,,69779,,,,,,,,,,,,0.46207091212272644,0.10006015002727509,,0.4221532940864563,,3.288064479827881,,,,,,,,,,,,,
20,,,,69799,,,,,,,,,,,,0.46207091212272644,0.10248880088329315,,0.3982451260089874,,3.237788200378418,,,,,,,,,,,,,
20,,,,69819,,,,,,,,,,,,0.46207091212272644,0.11584994941949844,,0.5288188457489014,,4.503047943115234,,,,,,,,,,,,,
20,,,,69839,,,,,,,,,,,,0.46207091212272644,0.08487264811992645,,0.3952777087688446,,3.265392541885376,,,,,,,,,,,,,
20,,,,69859,,,,,,,,,,,,0.46207091212272644,0.11791324615478516,,0.541348397731781,,4.388716697692871,,,,,,,,,,,,,
20,,,,69879,,,,,,,,,,,,0.46207091212272644,0.10736425220966339,,0.5614306926727295,,4.3077592849731445,,,,,,,,,,,,,
20,,,,69899,,,,,,,,,,,,0.46207091212272644,0.046532824635505676,,0.9885593056678772,,4.110379219055176,,,,,,,,,,,,,
20,,,,69919,,,,,,,,,,,,0.46207091212272644,0.08026820421218872,,0.45298564434051514,,3.3894622325897217,,,,,,,,,,,,,
20,,,,69939,,,,,,,,,,,,0.46207091212272644,0.08649760484695435,,0.4928783178329468,,3.4006567001342773,,,,,,,,,,,,,
20,,,,69959,,,,,,,,,,,,0.46207091212272644,0.10786736756563187,,0.5865216255187988,,4.3440399169921875,,,,,,,,,,,,,
20,,,,69979,,,,,,,,,,,,0.46207091212272644,0.09967955201864243,,0.4629727602005005,,3.360596179962158,,,,,,,,,,,,,
20,,,,69999,,,,,,,,,,,,0.46207091212272644,0.07182736694812775,,0.7945782542228699,,4.323897361755371,,,,,,,,,,,,,
20,,,,70019,,,,,,,,,,,,0.46207091212272644,0.09818081557750702,,0.39488089084625244,,3.2427778244018555,,,,,,,,,,,,,
20,,,,70039,,,,,,,,,,,,0.46207091212272644,0.0694667398929596,,0.5821551084518433,,3.4305646419525146,,,,,,,,,,,,,
20,,,,70059,,,,,,,,,,,,0.46207091212272644,0.05474979430437088,,1.006686806678772,,4.2649641036987305,,,,,,,,,,,,,
20,,,,70079,,,,,,,,,,,,0.46207091212272644,0.058629944920539856,,0.7695962190628052,,3.462479591369629,,,,,,,,,,,,,
20,,,,70099,,,,,,,,,,,,0.46207091212272644,0.11956170201301575,,0.542301595211029,,4.56442928314209,,,,,,,,,,,,,
20,,,,70119,,,,,,,,,,,,0.46207091212272644,0.09467989206314087,,0.6592795848846436,,4.3691911697387695,,,,,,,,,,,,,
20,,,,70139,,,,,,,,,,,,0.46207091212272644,0.03966498747467995,,1.0262287855148315,,4.099738597869873,,,,,,,,,,,,,
20,,,,70159,,,,,,,,,,,,0.46207091212272644,0.09268835186958313,,0.43858906626701355,,3.3485114574432373,,,,,,,,,,,,,
20,,,,70179,,,,,,,,,,,,0.46207091212272644,0.059573568403720856,,0.8845292925834656,,4.287986755371094,,,,,,,,,,,,,
20,,,,70199,,,,,,,,,,,,0.46207091212272644,0.11820170283317566,,0.5675563216209412,,4.343439102172852,,,,,,,,,,,,,
20,,,,70219,,,,,,,,,,,,0.46207091212272644,0.0993347242474556,,0.6138706803321838,,4.387697696685791,,,,,,,,,,,,,
20,,,,70239,,,,,,,,,,,,0.46207091212272644,0.03761732205748558,,1.0232877731323242,,3.7878546714782715,,,,,,,,,,,,,
20,,,,70259,,,,,,,,,,,,0.46207091212272644,0.062451768666505814,,0.6344911456108093,,3.4744677543640137,,,,,,,,,,,,,
20,,,,70279,,,,,,,,,,,,0.46207091212272644,0.0915006697177887,,0.528328001499176,,3.398341178894043,,,,,,,,,,,,,
20,,,,70299,,,,,,,,,,,,0.46207091212272644,0.07750293612480164,,0.55035001039505,,3.287900447845459,,,,,,,,,,,,,
20,,,,70319,,,,,,,,,,,,0.46207091212272644,0.059049639850854874,,0.695328950881958,,3.4772002696990967,,,,,,,,,,,,,
20,,,,70339,,,,,,,,,,,,0.46207091212272644,0.09195753186941147,,0.621961772441864,,3.4689457416534424,,,,,,,,,,,,,
20,,,,70359,,,,,,,,,,,,0.46207091212272644,0.0687645822763443,,0.7125505805015564,,3.495623826980591,,,,,,,,,,,,,
20,,,,70379,,,,,,,,,,,,0.46207091212272644,0.08948874473571777,,0.5250541567802429,,3.462886333465576,,,,,,,,,,,,,
20,,,,70399,,,,,,,,,,,,0.46207091212272644,0.12052609771490097,,0.5179160237312317,,4.333887100219727,,,,,,,,,,,,,
20,,,,70419,,,,,,,,,,,,0.46207091212272644,0.10929763317108154,,0.5292949676513672,,4.2670512199401855,,,,,,,,,,,,,
20,,,,70439,,,,,,,,,,,,0.46207091212272644,0.11045005917549133,,0.5080162286758423,,4.270025253295898,,,,,,,,,,,,,
20,,,,70459,,,,,,,,,,,,0.46207091212272644,0.04350855201482773,,1.147769808769226,,4.143056869506836,,,,,,,,,,,,,
20,,,,70479,,,,,,,,,,,,0.46207091212272644,0.10948781669139862,,0.534324049949646,,4.384650707244873,,,,,,,,,,,,,
20,,,,70499,,,,,,,,,,,,0.46207091212272644,0.08054196834564209,,0.7153026461601257,,4.295682907104492,,,,,,,,,,,,,
20,,,,70519,,,,,,,,,,,,0.46207091212272644,0.11387933790683746,,0.5550743341445923,,4.338110446929932,,,,,,,,,,,,,
20,,,,70539,,,,,,,,,,,,0.46207091212272644,0.08895957469940186,,0.45059898495674133,,3.3307409286499023,,,,,,,,,,,,,
20,,,,70559,,,,,,,,,,,,0.46207091212272644,0.10605210065841675,,0.42763763666152954,,3.320408821105957,,,,,,,,,,,,,
20,,,,70579,,,,,,,,,,,,0.46207091212272644,0.041624780744314194,,1.0585709810256958,,3.882296562194824,,,,,,,,,,,,,
20,,,,70599,,,,,,,,,,,,0.46207091212272644,0.05432535707950592,,0.9031275510787964,,3.728677749633789,,,,,,,,,,,,,
20,,,,70619,,,,,,,,,,,,0.46207091212272644,0.10407783091068268,,0.6487508416175842,,4.395700454711914,,,,,,,,,,,,,
20,,,,70639,,,,,,,,,,,,0.46207091212272644,0.09000957012176514,,0.4069662094116211,,3.2725257873535156,,,,,,,,,,,,,
20,,,,70659,,,,,,,,,,,,0.46207091212272644,0.11059147864580154,,0.40376120805740356,,3.165801525115967,,,,,,,,,,,,,
20,,,,70679,,,,,,,,,,,,0.46207091212272644,0.04755932837724686,,1.098605990409851,,3.9328064918518066,,,,,,,,,,,,,
20,,,,70699,,,,,,,,,,,,0.46207091212272644,0.04744157940149307,,0.9360758066177368,,3.743382692337036,,,,,,,,,,,,,
20,,,,70719,,,,,,,,,,,,0.46207091212272644,0.09772348403930664,,0.4517084062099457,,3.2820022106170654,,,,,,,,,,,,,
20,,,,70739,,,,,,,,,,,,0.46207091212272644,0.04483317583799362,,1.0480612516403198,,3.8863301277160645,,,,,,,,,,,,,
20,,,,70759,,,,,,,,,,,,0.46207091212272644,0.08493675291538239,,0.6062452793121338,,3.454570770263672,,,,,,,,,,,,,
20,,,,70779,,,,,,,,,,,,0.46207091212272644,0.0751722902059555,,0.704518735408783,,3.451509475708008,,,,,,,,,,,,,
20,,,,70799,,,,,,,,,,,,0.46207091212272644,0.09151939302682877,,0.41068345308303833,,3.183647632598877,,,,,,,,,,,,,
20,,,,70819,,,,,,,,,,,,0.46207091212272644,0.039850618690252304,,0.9970887899398804,,3.8376760482788086,,,,,,,,,,,,,
20,,,,70839,,,,,,,,,,,,0.46207091212272644,0.11915825307369232,,0.5725179314613342,,4.531471252441406,,,,,,,,,,,,,
20,,,,70859,,,,,,,,,,,,0.46207091212272644,0.08105892688035965,,0.6348304152488708,,3.5605571269989014,,,,,,,,,,,,,
20,,,,70879,,,,,,,,,,,,0.46207091212272644,0.05699765682220459,,1.0445246696472168,,4.151516914367676,,,,,,,,,,,,,
20,,,,70899,,,,,,,,,,,,0.46207091212272644,0.1058872789144516,,0.6937289834022522,,4.3669562339782715,,,,,,,,,,,,,
20,,,,70919,,,,,,,,,,,,0.46207091212272644,0.044427383691072464,,1.0864907503128052,,4.026803016662598,,,,,,,,,,,,,
20,,,,70939,,,,,,,,,,,,0.46207091212272644,0.062330879271030426,,0.8966173529624939,,4.3354902267456055,,,,,,,,,,,,,
20,,,,70959,,,,,,,,,,,,0.46207091212272644,0.050339698791503906,,1.1148707866668701,,4.127279281616211,,,,,,,,,,,,,
20,,,,70979,,,,,,,,,,,,0.46207091212272644,0.05871307849884033,,0.9581197500228882,,4.268555641174316,,,,,,,,,,,,,
20,,,,70999,,,,,,,,,,,,0.46207091212272644,0.0634317696094513,,0.640739917755127,,3.4038820266723633,,,,,,,,,,,,,
20,,,,71019,,,,,,,,,,,,0.46207091212272644,0.12144488096237183,,0.5473049879074097,,4.353445529937744,,,,,,,,,,,,,
20,,,,71039,,,,,,,,,,,,0.46207091212272644,0.12999947369098663,,0.5501007437705994,,4.392524719238281,,,,,,,,,,,,,
20,,,,71059,,,,,,,,,,,,0.46207091212272644,0.06011291965842247,,1.050657868385315,,4.216954231262207,,,,,,,,,,,,,
20,,,,71079,,,,,,,,,,,,0.46207091212272644,0.1161138266324997,,0.6441695690155029,,4.42460298538208,,,,,,,,,,,,,
20,,,,71099,,,,,,,,,,,,0.46207091212272644,0.12106247246265411,,0.5290718078613281,,4.383553981781006,,,,,,,,,,,,,
20,,,,71119,,,,,,,,,,,,0.46207091212272644,0.04831366986036301,,1.0572516918182373,,4.189161777496338,,,,,,,,,,,,,
20,,,,71139,,,,,,,,,,,,0.46207091212272644,0.11629245430231094,,0.532775342464447,,4.456362247467041,,,,,,,,,,,,,
20,,,,71159,,,,,,,,,,,,0.46207091212272644,0.11786888539791107,,0.570435106754303,,4.550462245941162,,,,,,,,,,,,,
20,,,,71179,,,,,,,,,,,,0.46207091212272644,0.10872603207826614,,0.5640144944190979,,4.460175514221191,,,,,,,,,,,,,
20,,,,71199,,,,,,,,,,,,0.46207091212272644,0.058074094355106354,,0.7543939352035522,,3.4760935306549072,,,,,,,,,,,,,
20,,,,71219,,,,,,,,,,,,0.46207091212272644,0.11311552673578262,,0.5385765433311462,,4.452301025390625,,,,,,,,,,,,,
20,,,,71239,,,,,,,,,,,,0.46207091212272644,0.051837220788002014,,1.0080794095993042,,4.185113906860352,,,,,,,,,,,,,
20,,,,71259,,,,,,,,,,,,0.46207091212272644,0.11991989612579346,,0.5416456460952759,,4.4439167976379395,,,,,,,,,,,,,
20,,,,71279,,,,,,,,,,,,0.46207091212272644,0.05588148161768913,,0.9844226837158203,,3.7721166610717773,,,,,,,,,,,,,
20,,,,71299,,,,,,,,,,,,0.46207091212272644,0.08829638361930847,,0.7428087592124939,,4.3895697593688965,,,,,,,,,,,,,
20,,,,71319,,,,,,,,,,,,0.46207091212272644,0.10048195719718933,,0.4018244445323944,,3.22092342376709,,,,,,,,,,,,,
20,,,,71339,,,,,,,,,,,,0.46207091212272644,0.10909498482942581,,0.3897792100906372,,3.135295867919922,,,,,,,,,,,,,
20,,,,71359,,,,,,,,,,,,0.46207091212272644,0.07083883881568909,,0.8248445391654968,,4.331722259521484,,,,,,,,,,,,,
20,,,,71379,,,,,,,,,,,,0.46207091212272644,0.07950988411903381,,0.4726922810077667,,3.1232285499572754,,,,,,,,,,,,,
20,,,,71399,,,,,,,,,,,,0.46207091212272644,0.09211145341396332,,0.5049235224723816,,3.3602328300476074,,,,,,,,,,,,,
20,,,,71419,,,,,,,,,,,,0.46207091212272644,0.11424072086811066,,0.528191864490509,,4.341818809509277,,,,,,,,,,,,,
20,,,,71439,,,,,,,,,,,,0.46207091212272644,0.10650552064180374,,0.5780835747718811,,4.2594780921936035,,,,,,,,,,,,,
20,,,,71459,,,,,,,,,,,,0.46207091212272644,0.1061115711927414,,0.4027032256126404,,3.257127285003662,,,,,,,,,,,,,
20,,,,71479,,,,,,,,,,,,0.46207091212272644,0.10773865878582001,,0.5980311632156372,,4.33403205871582,,,,,,,,,,,,,
20,,,,71499,,,,,,,,,,,,0.46207091212272644,0.04914471507072449,,1.1702287197113037,,4.065633773803711,,,,,,,,,,,,,
20,,,,71519,,,,,,,,,,,,0.46207091212272644,0.09848334640264511,,0.42050060629844666,,3.32281756401062,,,,,,,,,,,,,
20,,,,71539,,,,,,,,,,,,0.46207091212272644,0.10727774351835251,,0.44700881838798523,,3.3125932216644287,,,,,,,,,,,,,
20,,,,71559,,,,,,,,,,,,0.46207091212272644,0.09835273027420044,,0.4309391379356384,,3.342411756515503,,,,,,,,,,,,,
20,,,,71579,,,,,,,,,,,,0.46207091212272644,0.05726700276136398,,1.0887517929077148,,4.098240852355957,,,,,,,,,,,,,
20,,,,71599,,,,,,,,,,,,0.46207091212272644,0.08386637270450592,,0.6166828274726868,,3.513216972351074,,,,,,,,,,,,,
20,,,,71619,,,,,,,,,,,,0.46207091212272644,0.05025211721658707,,1.128688931465149,,4.043331146240234,,,,,,,,,,,,,
20,,,,71639,,,,,,,,,,,,0.46207091212272644,0.10233195871114731,,0.3842686712741852,,3.0988049507141113,,,,,,,,,,,,,
20,,,,71659,,,,,,,,,,,,0.46207091212272644,0.08412499725818634,,0.5793089270591736,,3.269240379333496,,,,,,,,,,,,,
20,,,,71679,,,,,,,,,,,,0.46207091212272644,0.04711326211690903,,0.9956070780754089,,3.8292829990386963,,,,,,,,,,,,,
20,,,,71699,,,,,,,,,,,,0.46207091212272644,0.09661516547203064,,0.7266203165054321,,4.426679611206055,,,,,,,,,,,,,
20,,,,71719,,,,,,,,,,,,0.46207091212272644,0.08062292635440826,,0.7054585218429565,,4.413504600524902,,,,,,,,,,,,,
20,,,,71739,,,,,,,,,,,,0.46207091212272644,0.11269820481538773,,0.5639169216156006,,4.469664573669434,,,,,,,,,,,,,
20,,,,71759,,,,,,,,,,,,0.46207091212272644,0.12272122502326965,,0.537731409072876,,4.468601226806641,,,,,,,,,,,,,
20,,,,71779,,,,,,,,,,,,0.46207091212272644,0.09826445579528809,,0.722915530204773,,4.545839309692383,,,,,,,,,,,,,
20,,,,71799,,,,,,,,,,,,0.46207091212272644,0.08507619798183441,,0.6499293446540833,,3.6495361328125,,,,,,,,,,,,,
20,,,,71819,,,,,,,,,,,,0.46207091212272644,0.0489739291369915,,1.1044118404388428,,4.203509330749512,,,,,,,,,,,,,
20,,,,71839,,,,,,,,,,,,0.46207091212272644,0.09666728973388672,,0.7550743818283081,,4.384435176849365,,,,,,,,,,,,,
20,,,,71859,,,,,,,,,,,,0.46207091212272644,0.040254078805446625,,1.1360809803009033,,4.076470375061035,,,,,,,,,,,,,
20,,,,71879,,,,,,,,,,,,0.46207091212272644,0.08751694858074188,,0.4979460537433624,,3.3635501861572266,,,,,,,,,,,,,
20,,,,71899,,,,,,,,,,,,0.46207091212272644,0.054843705147504807,,1.1408950090408325,,3.9800376892089844,,,,,,,,,,,,,
20,,,,71919,,,,,,,,,,,,0.46207091212272644,0.08885663002729416,,0.7694658637046814,,4.402709484100342,,,,,,,,,,,,,
20,,,,71939,,,,,,,,,,,,0.46207091212272644,0.05575397238135338,,1.043236494064331,,4.2138447761535645,,,,,,,,,,,,,
20,,,,71959,,,,,,,,,,,,0.46207091212272644,0.09630540758371353,,0.41345953941345215,,3.2500691413879395,,,,,,,,,,,,,
20,,,,71979,,,,,,,,,,,,0.46207091212272644,0.10171577334403992,,0.4207670986652374,,3.279479503631592,,,,,,,,,,,,,
20,,,,71999,,,,,,,,,,,,0.46207091212272644,0.12431713938713074,,0.575957715511322,,4.4518938064575195,,,,,,,,,,,,,
20,,,,72019,,,,,,,,,,,,0.46207091212272644,0.04416592791676521,,0.8605209589004517,,3.6183013916015625,,,,,,,,,,,,,
20,,,,72039,,,,,,,,,,,,0.46207091212272644,0.07977814972400665,,0.46754318475723267,,3.240420341491699,,,,,,,,,,,,,
20,,,,72059,,,,,,,,,,,,0.46207091212272644,0.0798107385635376,,0.7679635882377625,,4.390300750732422,,,,,,,,,,,,,
20,,,,72079,,,,,,,,,,,,0.46207091212272644,0.03842408210039139,,1.0732837915420532,,4.033854961395264,,,,,,,,,,,,,
20,,,,72099,,,,,,,,,,,,0.46207091212272644,0.04823678731918335,,0.9179108738899231,,3.739794969558716,,,,,,,,,,,,,
20,,,,72119,,,,,,,,,,,,0.46207091212272644,0.0487905815243721,,1.1746951341629028,,4.055607318878174,,,,,,,,,,,,,
20,,,,72139,,,,,,,,,,,,0.46207091212272644,0.04120270162820816,,1.1272292137145996,,4.068881034851074,,,,,,,,,,,,,
20,,,,72159,,,,,,,,,,,,0.46207091212272644,0.13007424771785736,,0.6006479859352112,,4.407238960266113,,,,,,,,,,,,,
20,,,,72179,,,,,,,,,,,,0.46207091212272644,0.06513620167970657,,0.6667723059654236,,3.6486103534698486,,,,,,,,,,,,,
20,,,,72199,,,,,,,,,,,,0.46207091212272644,0.09975125640630722,,0.6139777302742004,,4.321080684661865,,,,,,,,,,,,,
20,,,,72219,,,,,,,,,,,,0.46207091212272644,0.0572962611913681,,0.7557286024093628,,3.581387758255005,,,,,,,,,,,,,
20,,,,72239,,,,,,,,,,,,0.46207091212272644,0.09688668698072433,,0.3868250846862793,,3.1726067066192627,,,,,,,,,,,,,
20,,,,72259,,,,,,,,,,,,0.46207091212272644,0.10275331139564514,,0.6303121447563171,,4.453111171722412,,,,,,,,,,,,,
20,,,,72279,,,,,,,,,,,,0.46207091212272644,0.05504544451832771,,0.8202989101409912,,3.5545473098754883,,,,,,,,,,,,,
20,,,,72299,,,,,,,,,,,,0.46207091212272644,0.09300199151039124,,0.41284674406051636,,3.2802579402923584,,,,,,,,,,,,,
20,,,,72319,,,,,,,,,,,,0.46207091212272644,0.12028694897890091,,0.5870081186294556,,4.378552436828613,,,,,,,,,,,,,
20,,,,72339,,,,,,,,,,,,0.46207091212272644,0.052539847791194916,,1.0478984117507935,,4.238543510437012,,,,,,,,,,,,,
20,,,,72359,,,,,,,,,,,,0.46207091212272644,0.10425253212451935,,0.5841594338417053,,4.447168350219727,,,,,,,,,,,,,
20,,,,72379,,,,,,,,,,,,0.46207091212272644,0.052583202719688416,,1.1073194742202759,,3.932187557220459,,,,,,,,,,,,,
20,,,,72399,,,,,,,,,,,,0.46207091212272644,0.11176666617393494,,0.41662028431892395,,3.2292280197143555,,,,,,,,,,,,,
20,,,,72419,,,,,,,,,,,,0.46207091212272644,0.1094316765666008,,0.40236198902130127,,3.1778225898742676,,,,,,,,,,,,,
20,,,,72439,,,,,,,,,,,,0.46207091212272644,0.12926916778087616,,0.4196746051311493,,3.2575907707214355,,,,,,,,,,,,,
20,,,,72459,,,,,,,,,,,,0.46207091212272644,0.09877046942710876,,0.4595888555049896,,3.3247618675231934,,,,,,,,,,,,,
20,,,,72479,,,,,,,,,,,,0.46207091212272644,0.09323304891586304,,0.6868752241134644,,4.298558235168457,,,,,,,,,,,,,
20,,,,72499,,,,,,,,,,,,0.46207091212272644,0.08697079122066498,,0.5783872604370117,,3.6266465187072754,,,,,,,,,,,,,
20,,,,72519,,,,,,,,,,,,0.46207091212272644,0.0466080866754055,,1.1305277347564697,,4.147245407104492,,,,,,,,,,,,,
20,,,,72539,,,,,,,,,,,,0.46207091212272644,0.09701640903949738,,0.5279342532157898,,3.447417974472046,,,,,,,,,,,,,
20,,,,72559,,,,,,,,,,,,0.46207091212272644,0.04020553454756737,,1.1060450077056885,,3.9573817253112793,,,,,,,,,,,,,
20,,,,72579,,,,,,,,,,,,0.46207091212272644,0.06920768320560455,,0.6389268636703491,,3.4821228981018066,,,,,,,,,,,,,
20,,,,72599,,,,,,,,,,,,0.46207091212272644,0.09139108657836914,,0.47005417943000793,,3.3482184410095215,,,,,,,,,,,,,
20,,,,72619,,,,,,,,,,,,0.46207091212272644,0.06318394094705582,,1.0035481452941895,,4.188931941986084,,,,,,,,,,,,,
20,,,,72639,,,,,,,,,,,,0.46207091212272644,0.10164466500282288,,0.6036389470100403,,4.432918548583984,,,,,,,,,,,,,
20,,,,72659,,,,,,,,,,,,0.46207091212272644,0.07640928775072098,,0.515714704990387,,3.378295421600342,,,,,,,,,,,,,
20,,,,72679,,,,,,,,,,,,0.46207091212272644,0.12410333752632141,,0.5252710580825806,,4.407461166381836,,,,,,,,,,,,,
20,,,,72699,,,,,,,,,,,,0.46207091212272644,0.04741261899471283,,0.9096419215202332,,3.703220844268799,,,,,,,,,,,,,
20,,,,72719,,,,,,,,,,,,0.46207091212272644,0.04264622554183006,,1.1168544292449951,,3.9249069690704346,,,,,,,,,,,,,
20,,,,72739,,,,,,,,,,,,0.46207091212272644,0.06275810301303864,,0.7694953083992004,,3.6320457458496094,,,,,,,,,,,,,
20,,,,72759,,,,,,,,,,,,0.46207091212272644,0.05082182586193085,,0.9930752515792847,,3.7961602210998535,,,,,,,,,,,,,
20,,,,72779,,,,,,,,,,,,0.46207091212272644,0.1273212432861328,,0.5648353695869446,,4.372895240783691,,,,,,,,,,,,,
20,,,,72799,,,,,,,,,,,,0.46207091212272644,0.10869874060153961,,0.6146925091743469,,4.461097717285156,,,,,,,,,,,,,
20,,,,72819,,,,,,,,,,,,0.46207091212272644,0.0508146807551384,,1.0756412744522095,,3.8262410163879395,,,,,,,,,,,,,
20,,,,72839,,,,,,,,,,,,0.46207091212272644,0.11409398913383484,,0.5446814298629761,,4.2863593101501465,,,,,,,,,,,,,
20,,,,72859,,,,,,,,,,,,0.46207091212272644,0.045512132346630096,,1.0757514238357544,,4.129453659057617,,,,,,,,,,,,,
20,,,,72879,,,,,,,,,,,,0.46207091212272644,0.1232185959815979,,0.5391196012496948,,4.2774152755737305,,,,,,,,,,,,,
20,,,,72899,,,,,,,,,,,,0.46207091212272644,0.08398869633674622,,0.5467140674591064,,3.450741767883301,,,,,,,,,,,,,
20,,,,72919,,,,,,,,,,,,0.46207091212272644,0.043396055698394775,,1.20058012008667,,4.05362606048584,,,,,,,,,,,,,
20,,,,72939,,,,,,,,,,,,0.46207091212272644,0.10677935183048248,,0.40747398138046265,,3.270927667617798,,,,,,,,,,,,,
20,,,,72959,,,,,,,,,,,,0.46207091212272644,0.04225603863596916,,1.0835322141647339,,4.038199424743652,,,,,,,,,,,,,
20,,,,72979,,,,,,,,,,,,0.46207091212272644,0.10110202431678772,,0.49765297770500183,,3.3664631843566895,,,,,,,,,,,,,
20,,,,72999,,,,,,,,,,,,0.46207091212272644,0.08312581479549408,,0.640141487121582,,3.5251309871673584,,,,,,,,,,,,,
20,,,,73019,,,,,,,,,,,,0.46207091212272644,0.054412201046943665,,0.7715561389923096,,3.590702533721924,,,,,,,,,,,,,
20,,,,73039,,,,,,,,,,,,0.46207091212272644,0.10984165966510773,,0.62180495262146,,4.4078569412231445,,,,,,,,,,,,,
20,,,,73059,,,,,,,,,,,,0.46207091212272644,0.042698681354522705,,0.9864374995231628,,4.108964443206787,,,,,,,,,,,,,
20,,,,73079,,,,,,,,,,,,0.46207091212272644,0.06879793107509613,,0.9182401895523071,,4.27996826171875,,,,,,,,,,,,,
20,,,,73099,,,,,,,,,,,,0.46207091212272644,0.06472982466220856,,0.8135040402412415,,3.63797664642334,,,,,,,,,,,,,
20,,,,73119,,,,,,,,,,,,0.46207091212272644,0.08102279901504517,,0.692723274230957,,3.739703416824341,,,,,,,,,,,,,
20,,,,73121,,,,,,,,,,,,,,,,,,0.7026851177215576,0.8833070993423462,0.6936295032501221,0.6912563443183899,0.49114570021629333,0.6888831853866577,0.6165673732757568,0.7210159301757812,0.6936424374580383,0.7377777695655823,0.825404167175293,0.4987083971500397,0.7026851177215576
20,,,,73121,,,,,,,,,0.5631111860275269,0.08291303366422653,0.462065726518631,,,0.7095017433166504,,3.9183173179626465,,,,,,,,,,,,,,
,0.00024159718194531572,0.00024159718194531572,2.415971819453157e-05,73122,,,,,,,,,,,,,,,,,,,,,,,,,,,,,,
21,,,,73139,,,,,,,,,,,,0.46207091212272644,0.045766960829496384,,1.0226600170135498,,3.8867599964141846,,,,,,,,,,,,,
21,,,,73159,,,,,,,,,,,,0.46207091212272644,0.0829613208770752,,0.7840151190757751,,4.289585113525391,,,,,,,,,,,,,
21,,,,73179,,,,,,,,,,,,0.46207091212272644,0.12329930812120438,,0.5303821563720703,,4.395572662353516,,,,,,,,,,,,,
21,,,,73199,,,,,,,,,,,,0.46207091212272644,0.10236889123916626,,0.6384560465812683,,4.306731224060059,,,,,,,,,,,,,
21,,,,73219,,,,,,,,,,,,0.46207091212272644,0.10736016929149628,,0.4431803226470947,,3.333341121673584,,,,,,,,,,,,,
21,,,,73239,,,,,,,,,,,,0.46207091212272644,0.045677147805690765,,1.090943455696106,,3.8921213150024414,,,,,,,,,,,,,
21,,,,73259,,,,,,,,,,,,0.46207091212272644,0.11566523462533951,,0.5799536108970642,,4.463919639587402,,,,,,,,,,,,,
21,,,,73279,,,,,,,,,,,,0.46207091212272644,0.07753115892410278,,0.8623853921890259,,4.386894226074219,,,,,,,,,,,,,
21,,,,73299,,,,,,,,,,,,0.46207091212272644,0.04888002574443817,,0.998982846736908,,4.240675926208496,,,,,,,,,,,,,
21,,,,73319,,,,,,,,,,,,0.46207091212272644,0.0777500793337822,,0.47745785117149353,,3.458599328994751,,,,,,,,,,,,,
21,,,,73339,,,,,,,,,,,,0.46207091212272644,0.08192222565412521,,0.5580372214317322,,3.562675952911377,,,,,,,,,,,,,
21,,,,73359,,,,,,,,,,,,0.46207091212272644,0.09972746670246124,,0.4949204623699188,,3.391757011413574,,,,,,,,,,,,,
21,,,,73379,,,,,,,,,,,,0.46207091212272644,0.08974555134773254,,0.7101183533668518,,4.325081825256348,,,,,,,,,,,,,
21,,,,73399,,,,,,,,,,,,0.46207091212272644,0.036523208022117615,,1.1444822549819946,,4.071167469024658,,,,,,,,,,,,,
21,,,,73419,,,,,,,,,,,,0.46207091212272644,0.0989556536078453,,0.40866896510124207,,3.2837319374084473,,,,,,,,,,,,,
21,,,,73439,,,,,,,,,,,,0.46207091212272644,0.12489433586597443,,0.5342730283737183,,4.4561614990234375,,,,,,,,,,,,,
21,,,,73459,,,,,,,,,,,,0.46207091212272644,0.08136522769927979,,0.8177756667137146,,4.404378890991211,,,,,,,,,,,,,
21,,,,73479,,,,,,,,,,,,0.46207091212272644,0.1079850047826767,,0.392011433839798,,3.122509479522705,,,,,,,,,,,,,
21,,,,73499,,,,,,,,,,,,0.46207091212272644,0.03759631887078285,,1.2446656227111816,,4.136804580688477,,,,,,,,,,,,,
21,,,,73519,,,,,,,,,,,,0.46207091212272644,0.11486652493476868,,0.5225792527198792,,4.3284010887146,,,,,,,,,,,,,
21,,,,73539,,,,,,,,,,,,0.46207091212272644,0.10293129086494446,,0.5681377649307251,,4.381872177124023,,,,,,,,,,,,,
21,,,,73559,,,,,,,,,,,,0.46207091212272644,0.04551585018634796,,1.2313767671585083,,4.186442852020264,,,,,,,,,,,,,
21,,,,73579,,,,,,,,,,,,0.46207091212272644,0.10799142718315125,,0.4094945192337036,,3.2460808753967285,,,,,,,,,,,,,
21,,,,73599,,,,,,,,,,,,0.46207091212272644,0.08742643892765045,,0.49105459451675415,,3.42862868309021,,,,,,,,,,,,,
21,,,,73619,,,,,,,,,,,,0.46207091212272644,0.04612479358911514,,0.9107931852340698,,3.696615695953369,,,,,,,,,,,,,
21,,,,73639,,,,,,,,,,,,0.46207091212272644,0.030346989631652832,,1.0929127931594849,,4.106402397155762,,,,,,,,,,,,,
21,,,,73659,,,,,,,,,,,,0.46207091212272644,0.0383169911801815,,1.0741691589355469,,4.098456382751465,,,,,,,,,,,,,
21,,,,73679,,,,,,,,,,,,0.46207091212272644,0.08003920316696167,,0.8634981513023376,,4.309201240539551,,,,,,,,,,,,,
21,,,,73699,,,,,,,,,,,,0.46207091212272644,0.08984936773777008,,0.6887744665145874,,4.376743316650391,,,,,,,,,,,,,
21,,,,73719,,,,,,,,,,,,0.46207091212272644,0.04922308772802353,,0.9139320850372314,,4.176163673400879,,,,,,,,,,,,,
21,,,,73739,,,,,,,,,,,,0.46207091212272644,0.08634012937545776,,0.5002927184104919,,3.3228836059570312,,,,,,,,,,,,,
21,,,,73759,,,,,,,,,,,,0.46207091212272644,0.06890842318534851,,0.6976293921470642,,3.641026020050049,,,,,,,,,,,,,
21,,,,73779,,,,,,,,,,,,0.46207091212272644,0.07663725316524506,,1.5144822597503662,,4.213005065917969,,,,,,,,,,,,,
21,,,,73799,,,,,,,,,,,,0.46207091212272644,0.10061931610107422,,0.39914438128471375,,3.2203080654144287,,,,,,,,,,,,,
21,,,,73819,,,,,,,,,,,,0.46207091212272644,0.11566655337810516,,0.5890387296676636,,4.42301607131958,,,,,,,,,,,,,
21,,,,73839,,,,,,,,,,,,0.46207091212272644,0.050752799957990646,,1.0929491519927979,,3.9767777919769287,,,,,,,,,,,,,
21,,,,73859,,,,,,,,,,,,0.46207091212272644,0.08063085377216339,,0.5849670767784119,,3.510728359222412,,,,,,,,,,,,,
21,,,,73879,,,,,,,,,,,,0.46207091212272644,0.11748489737510681,,0.5651368498802185,,4.4469218254089355,,,,,,,,,,,,,
21,,,,73899,,,,,,,,,,,,0.46207091212272644,0.11905879527330399,,0.5437737107276917,,4.343531608581543,,,,,,,,,,,,,
21,,,,73919,,,,,,,,,,,,0.46207091212272644,0.06700173765420914,,0.8179829716682434,,4.280595779418945,,,,,,,,,,,,,
21,,,,73939,,,,,,,,,,,,0.46207091212272644,0.07096345722675323,,0.5568974614143372,,3.5312843322753906,,,,,,,,,,,,,
21,,,,73959,,,,,,,,,,,,0.46207091212272644,0.049267832189798355,,0.9969848990440369,,4.195528030395508,,,,,,,,,,,,,
21,,,,73979,,,,,,,,,,,,0.46207091212272644,0.09790143370628357,,0.4450068771839142,,3.4029242992401123,,,,,,,,,,,,,
21,,,,73999,,,,,,,,,,,,0.46207091212272644,0.10629847645759583,,0.5230544209480286,,4.364621162414551,,,,,,,,,,,,,
21,,,,74019,,,,,,,,,,,,0.46207091212272644,0.0859622210264206,,0.7665092945098877,,4.307863235473633,,,,,,,,,,,,,
21,,,,74039,,,,,,,,,,,,0.46207091212272644,0.04343678429722786,,0.8807808756828308,,3.703094005584717,,,,,,,,,,,,,
21,,,,74059,,,,,,,,,,,,0.46207091212272644,0.11631284654140472,,0.5509541034698486,,4.551347732543945,,,,,,,,,,,,,
21,,,,74079,,,,,,,,,,,,0.46207091212272644,0.0806654840707779,,0.6760998368263245,,4.535608768463135,,,,,,,,,,,,,
21,,,,74099,,,,,,,,,,,,0.46207091212272644,0.04763410985469818,,0.9722912907600403,,3.668344497680664,,,,,,,,,,,,,
21,,,,74119,,,,,,,,,,,,0.46207091212272644,0.043884046375751495,,0.9689239859580994,,3.642882823944092,,,,,,,,,,,,,
21,,,,74139,,,,,,,,,,,,0.46207091212272644,0.11789962649345398,,0.5765983462333679,,4.573667049407959,,,,,,,,,,,,,
21,,,,74159,,,,,,,,,,,,0.46207091212272644,0.08605952560901642,,0.5070061087608337,,3.3446991443634033,,,,,,,,,,,,,
21,,,,74179,,,,,,,,,,,,0.46207091212272644,0.10908129811286926,,0.38244736194610596,,3.030691623687744,,,,,,,,,,,,,
21,,,,74199,,,,,,,,,,,,0.46207091212272644,0.0900135487318039,,0.5516722798347473,,3.3563003540039062,,,,,,,,,,,,,
21,,,,74219,,,,,,,,,,,,0.46207091212272644,0.09367277473211288,,0.4788733720779419,,3.317018508911133,,,,,,,,,,,,,
21,,,,74239,,,,,,,,,,,,0.46207091212272644,0.0874021053314209,,0.469217985868454,,3.3877501487731934,,,,,,,,,,,,,
21,,,,74259,,,,,,,,,,,,0.46207091212272644,0.05747804790735245,,0.8597645163536072,,4.258540630340576,,,,,,,,,,,,,
21,,,,74279,,,,,,,,,,,,0.46207091212272644,0.119662344455719,,0.5248827934265137,,4.398985862731934,,,,,,,,,,,,,
21,,,,74299,,,,,,,,,,,,0.46207091212272644,0.12185279279947281,,0.5529625415802002,,4.3801774978637695,,,,,,,,,,,,,
21,,,,74319,,,,,,,,,,,,0.46207091212272644,0.08191615343093872,,0.6644293069839478,,4.364835739135742,,,,,,,,,,,,,
21,,,,74339,,,,,,,,,,,,0.46207091212272644,0.09510678052902222,,0.44244685769081116,,3.352210760116577,,,,,,,,,,,,,
21,,,,74359,,,,,,,,,,,,0.46207091212272644,0.11869717389345169,,0.5345074534416199,,4.301799774169922,,,,,,,,,,,,,
21,,,,74379,,,,,,,,,,,,0.46207091212272644,0.07239820063114166,,0.5028579831123352,,3.506847381591797,,,,,,,,,,,,,
21,,,,74399,,,,,,,,,,,,0.46207091212272644,0.09962879866361618,,0.5434807538986206,,4.373462677001953,,,,,,,,,,,,,
21,,,,74419,,,,,,,,,,,,0.46207091212272644,0.09145528078079224,,0.7136971354484558,,4.336947917938232,,,,,,,,,,,,,
21,,,,74439,,,,,,,,,,,,0.46207091212272644,0.08439536392688751,,0.39057019352912903,,3.245255947113037,,,,,,,,,,,,,
21,,,,74459,,,,,,,,,,,,0.46207091212272644,0.06712377071380615,,0.744671642780304,,3.6068115234375,,,,,,,,,,,,,
21,,,,74479,,,,,,,,,,,,0.46207091212272644,0.09494899213314056,,0.40928012132644653,,3.256626605987549,,,,,,,,,,,,,
21,,,,74499,,,,,,,,,,,,0.46207091212272644,0.027506699785590172,,1.0590285062789917,,4.1108856201171875,,,,,,,,,,,,,
21,,,,74519,,,,,,,,,,,,0.46207091212272644,0.06440429389476776,,0.7602246999740601,,4.314229965209961,,,,,,,,,,,,,
21,,,,74539,,,,,,,,,,,,0.46207091212272644,0.03626120835542679,,1.054916501045227,,4.213687419891357,,,,,,,,,,,,,
21,,,,74559,,,,,,,,,,,,0.46207091212272644,0.03325272351503372,,1.1083446741104126,,4.125509262084961,,,,,,,,,,,,,
21,,,,74579,,,,,,,,,,,,0.46207091212272644,0.07928472757339478,,0.5039904117584229,,3.417942523956299,,,,,,,,,,,,,
21,,,,74599,,,,,,,,,,,,0.46207091212272644,0.03516136854887009,,1.024901270866394,,4.093047142028809,,,,,,,,,,,,,
21,,,,74619,,,,,,,,,,,,0.46207091212272644,0.11428207159042358,,0.5366621613502502,,4.524753093719482,,,,,,,,,,,,,
21,,,,74639,,,,,,,,,,,,0.46207091212272644,0.09161858260631561,,0.6379740238189697,,4.460695266723633,,,,,,,,,,,,,
21,,,,74659,,,,,,,,,,,,0.46207091212272644,0.08590744435787201,,0.3993437588214874,,3.190882682800293,,,,,,,,,,,,,
21,,,,74679,,,,,,,,,,,,0.46207091212272644,0.1154494434595108,,0.5353504419326782,,4.531839370727539,,,,,,,,,,,,,
21,,,,74699,,,,,,,,,,,,0.46207091212272644,0.04447202757000923,,1.0671131610870361,,4.2871994972229,,,,,,,,,,,,,
21,,,,74719,,,,,,,,,,,,0.46207091212272644,0.033580243587493896,,1.0116889476776123,,3.7564384937286377,,,,,,,,,,,,,
21,,,,74739,,,,,,,,,,,,0.46207091212272644,0.09588515013456345,,0.5729155540466309,,4.447250843048096,,,,,,,,,,,,,
21,,,,74759,,,,,,,,,,,,0.46207091212272644,0.0976889580488205,,0.3933013677597046,,3.178978681564331,,,,,,,,,,,,,
21,,,,74779,,,,,,,,,,,,0.46207091212272644,0.097799152135849,,0.5559232234954834,,4.5355682373046875,,,,,,,,,,,,,
21,,,,74799,,,,,,,,,,,,0.46207091212272644,0.10850109905004501,,0.5627623200416565,,4.504306316375732,,,,,,,,,,,,,
21,,,,74819,,,,,,,,,,,,0.46207091212272644,0.08567065000534058,,0.42779314517974854,,3.2276360988616943,,,,,,,,,,,,,
21,,,,74839,,,,,,,,,,,,0.46207091212272644,0.11001773923635483,,0.5347800254821777,,4.520129203796387,,,,,,,,,,,,,
21,,,,74859,,,,,,,,,,,,0.46207091212272644,0.05422423034906387,,0.9228066205978394,,4.34567928314209,,,,,,,,,,,,,
21,,,,74879,,,,,,,,,,,,0.46207091212272644,0.07924284040927887,,0.6282047629356384,,4.354409217834473,,,,,,,,,,,,,
21,,,,74899,,,,,,,,,,,,0.46207091212272644,0.06810174137353897,,0.7763295769691467,,4.333676338195801,,,,,,,,,,,,,
21,,,,74919,,,,,,,,,,,,0.46207091212272644,0.0848938524723053,,0.4153215289115906,,3.339615821838379,,,,,,,,,,,,,
21,,,,74939,,,,,,,,,,,,0.46207091212272644,0.07121135294437408,,0.7912055253982544,,4.30185604095459,,,,,,,,,,,,,
21,,,,74959,,,,,,,,,,,,0.46207091212272644,0.10026741027832031,,0.6146199703216553,,4.313072204589844,,,,,,,,,,,,,
21,,,,74979,,,,,,,,,,,,0.46207091212272644,0.1107441857457161,,0.5225385427474976,,4.375837802886963,,,,,,,,,,,,,
21,,,,74999,,,,,,,,,,,,0.46207091212272644,0.11315777897834778,,0.5228095054626465,,4.364972114562988,,,,,,,,,,,,,
21,,,,75019,,,,,,,,,,,,0.46207091212272644,0.1192982867360115,,0.5310569405555725,,4.485169410705566,,,,,,,,,,,,,
21,,,,75039,,,,,,,,,,,,0.46207091212272644,0.09831148386001587,,0.733918309211731,,4.375152587890625,,,,,,,,,,,,,
21,,,,75059,,,,,,,,,,,,0.46207091212272644,0.09873362630605698,,0.5931698083877563,,4.366726875305176,,,,,,,,,,,,,
21,,,,75079,,,,,,,,,,,,0.46207091212272644,0.026437832042574883,,0.9964208006858826,,3.793058395385742,,,,,,,,,,,,,
21,,,,75099,,,,,,,,,,,,0.46207091212272644,0.06628036499023438,,0.8289135098457336,,4.454748153686523,,,,,,,,,,,,,
21,,,,75119,,,,,,,,,,,,0.46207091212272644,0.0737108439207077,,0.4979812502861023,,3.221951723098755,,,,,,,,,,,,,
21,,,,75139,,,,,,,,,,,,0.46207091212272644,0.042563922703266144,,0.7180436253547668,,3.4162216186523438,,,,,,,,,,,,,
21,,,,75159,,,,,,,,,,,,0.46207091212272644,0.09175412356853485,,0.4019612669944763,,3.23922061920166,,,,,,,,,,,,,
21,,,,75179,,,,,,,,,,,,0.46207091212272644,0.09377023577690125,,0.6019253730773926,,4.404891014099121,,,,,,,,,,,,,
21,,,,75199,,,,,,,,,,,,0.46207091212272644,0.10809130221605301,,0.5435328483581543,,4.434340000152588,,,,,,,,,,,,,
21,,,,75219,,,,,,,,,,,,0.46207091212272644,0.1086621880531311,,0.5750186443328857,,4.424210548400879,,,,,,,,,,,,,
21,,,,75239,,,,,,,,,,,,0.46207091212272644,0.0632510557770729,,0.5795354247093201,,3.4300966262817383,,,,,,,,,,,,,
21,,,,75259,,,,,,,,,,,,0.46207091212272644,0.09574328362941742,,0.4174019694328308,,3.2516207695007324,,,,,,,,,,,,,
21,,,,75279,,,,,,,,,,,,0.46207091212272644,0.110431969165802,,0.5664149522781372,,4.463381767272949,,,,,,,,,,,,,
21,,,,75299,,,,,,,,,,,,0.46207091212272644,0.08533014357089996,,0.4091062545776367,,3.299802303314209,,,,,,,,,,,,,
21,,,,75319,,,,,,,,,,,,0.46207091212272644,0.11822458356618881,,0.5341836810112,,4.501758575439453,,,,,,,,,,,,,
21,,,,75339,,,,,,,,,,,,0.46207091212272644,0.027427706867456436,,0.9033799767494202,,3.708556652069092,,,,,,,,,,,,,
21,,,,75359,,,,,,,,,,,,0.46207091212272644,0.07929004728794098,,0.6457253694534302,,4.336684226989746,,,,,,,,,,,,,
21,,,,75379,,,,,,,,,,,,0.46207091212272644,0.10333728790283203,,0.5981329679489136,,4.355562210083008,,,,,,,,,,,,,
21,,,,75399,,,,,,,,,,,,0.46207091212272644,0.09033387154340744,,0.414211630821228,,3.3402557373046875,,,,,,,,,,,,,
21,,,,75419,,,,,,,,,,,,0.46207091212272644,0.0306695643812418,,1.0576775074005127,,3.798027992248535,,,,,,,,,,,,,
21,,,,75439,,,,,,,,,,,,0.46207091212272644,0.04199500381946564,,0.7984378337860107,,3.6489932537078857,,,,,,,,,,,,,
21,,,,75459,,,,,,,,,,,,0.46207091212272644,0.0999905914068222,,0.5226898193359375,,4.41986608505249,,,,,,,,,,,,,
21,,,,75479,,,,,,,,,,,,0.46207091212272644,0.11841100454330444,,0.5278369188308716,,4.319279193878174,,,,,,,,,,,,,
21,,,,75499,,,,,,,,,,,,0.46207091212272644,0.033672165125608444,,1.0176242589950562,,4.082360744476318,,,,,,,,,,,,,
21,,,,75519,,,,,,,,,,,,0.46207091212272644,0.11328472197055817,,0.5255835652351379,,4.380679607391357,,,,,,,,,,,,,
21,,,,75539,,,,,,,,,,,,0.46207091212272644,0.06852716207504272,,0.5374427437782288,,3.541484832763672,,,,,,,,,,,,,
21,,,,75559,,,,,,,,,,,,0.46207091212272644,0.08676968514919281,,0.6006225943565369,,3.5512919425964355,,,,,,,,,,,,,
21,,,,75579,,,,,,,,,,,,0.46207091212272644,0.08105091750621796,,0.5084031820297241,,3.4206671714782715,,,,,,,,,,,,,
21,,,,75599,,,,,,,,,,,,0.46207091212272644,0.027594830840826035,,0.9681879281997681,,3.850086212158203,,,,,,,,,,,,,
21,,,,75619,,,,,,,,,,,,0.46207091212272644,0.04558921605348587,,0.8106546401977539,,3.6615052223205566,,,,,,,,,,,,,
21,,,,75639,,,,,,,,,,,,0.46207091212272644,0.10650576651096344,,0.5764389634132385,,4.410614490509033,,,,,,,,,,,,,
21,,,,75659,,,,,,,,,,,,0.46207091212272644,0.08272503316402435,,0.4089411497116089,,3.315150022506714,,,,,,,,,,,,,
21,,,,75679,,,,,,,,,,,,0.46207091212272644,0.042602427303791046,,1.0624053478240967,,4.208807945251465,,,,,,,,,,,,,
21,,,,75699,,,,,,,,,,,,0.46207091212272644,0.04360762611031532,,0.7903550863265991,,3.591089963912964,,,,,,,,,,,,,
21,,,,75719,,,,,,,,,,,,0.46207091212272644,0.09426480531692505,,0.389068067073822,,3.223839521408081,,,,,,,,,,,,,
21,,,,75739,,,,,,,,,,,,0.46207091212272644,0.0933321937918663,,0.3960082530975342,,3.198131561279297,,,,,,,,,,,,,
21,,,,75759,,,,,,,,,,,,0.46207091212272644,0.10840505361557007,,0.5683037638664246,,4.429623126983643,,,,,,,,,,,,,
21,,,,75779,,,,,,,,,,,,0.46207091212272644,0.04511609673500061,,1.0390318632125854,,4.279989719390869,,,,,,,,,,,,,
21,,,,75799,,,,,,,,,,,,0.46207091212272644,0.038409292697906494,,0.8121311664581299,,3.5847396850585938,,,,,,,,,,,,,
21,,,,75819,,,,,,,,,,,,0.46207091212272644,0.09400832653045654,,0.4095739722251892,,3.2143540382385254,,,,,,,,,,,,,
21,,,,75839,,,,,,,,,,,,0.46207091212272644,0.09846217930316925,,0.6503669023513794,,4.337940692901611,,,,,,,,,,,,,
21,,,,75859,,,,,,,,,,,,0.46207091212272644,0.03398406505584717,,1.141136646270752,,4.2024126052856445,,,,,,,,,,,,,
21,,,,75879,,,,,,,,,,,,0.46207091212272644,0.06279656291007996,,0.6310915946960449,,3.473330020904541,,,,,,,,,,,,,
21,,,,75899,,,,,,,,,,,,0.46207091212272644,0.11100876331329346,,0.5187048316001892,,4.405589580535889,,,,,,,,,,,,,
21,,,,75919,,,,,,,,,,,,0.46207091212272644,0.09038503468036652,,0.7291575074195862,,4.275296211242676,,,,,,,,,,,,,
21,,,,75939,,,,,,,,,,,,0.46207091212272644,0.11019404232501984,,0.5242945551872253,,4.39890718460083,,,,,,,,,,,,,
21,,,,75959,,,,,,,,,,,,0.46207091212272644,0.029162921011447906,,1.0603219270706177,,4.071502685546875,,,,,,,,,,,,,
21,,,,75979,,,,,,,,,,,,0.46207091212272644,0.03454326093196869,,0.8501513004302979,,3.5859901905059814,,,,,,,,,,,,,
21,,,,75999,,,,,,,,,,,,0.46207091212272644,0.10736988484859467,,0.5210486054420471,,4.387094497680664,,,,,,,,,,,,,
21,,,,76019,,,,,,,,,,,,0.46207091212272644,0.0696968138217926,,0.5783458352088928,,3.550482988357544,,,,,,,,,,,,,
21,,,,76039,,,,,,,,,,,,0.46207091212272644,0.0826539695262909,,0.4766824543476105,,3.327989339828491,,,,,,,,,,,,,
21,,,,76059,,,,,,,,,,,,0.46207091212272644,0.10498668253421783,,0.5382164716720581,,4.413540840148926,,,,,,,,,,,,,
21,,,,76079,,,,,,,,,,,,0.46207091212272644,0.041589148342609406,,0.9720913171768188,,4.239048004150391,,,,,,,,,,,,,
21,,,,76099,,,,,,,,,,,,0.46207091212272644,0.09184407442808151,,0.39912867546081543,,3.263174057006836,,,,,,,,,,,,,
21,,,,76119,,,,,,,,,,,,0.46207091212272644,0.11315876245498657,,0.5275912880897522,,4.432377815246582,,,,,,,,,,,,,
21,,,,76139,,,,,,,,,,,,0.46207091212272644,0.05495411530137062,,1.0123565196990967,,4.261600494384766,,,,,,,,,,,,,
21,,,,76159,,,,,,,,,,,,0.46207091212272644,0.031146101653575897,,1.0913320779800415,,3.937380075454712,,,,,,,,,,,,,
21,,,,76179,,,,,,,,,,,,0.46207091212272644,0.0673309937119484,,0.6387484073638916,,3.565241813659668,,,,,,,,,,,,,
21,,,,76199,,,,,,,,,,,,0.46207091212272644,0.03421425819396973,,0.8335042595863342,,3.5904293060302734,,,,,,,,,,,,,
21,,,,76219,,,,,,,,,,,,0.46207091212272644,0.10620559751987457,,0.5508641004562378,,4.514142036437988,,,,,,,,,,,,,
21,,,,76239,,,,,,,,,,,,0.46207091212272644,0.10204270482063293,,0.5195093750953674,,4.399107933044434,,,,,,,,,,,,,
21,,,,76259,,,,,,,,,,,,0.46207091212272644,0.02683977037668228,,1.064940094947815,,3.8103818893432617,,,,,,,,,,,,,
21,,,,76279,,,,,,,,,,,,0.46207091212272644,0.08987210690975189,,0.4242251515388489,,3.352501153945923,,,,,,,,,,,,,
21,,,,76299,,,,,,,,,,,,0.46207091212272644,0.030969830229878426,,0.9450072050094604,,3.808431625366211,,,,,,,,,,,,,
21,,,,76319,,,,,,,,,,,,0.46207091212272644,0.05591997504234314,,0.8400999307632446,,4.254886627197266,,,,,,,,,,,,,
21,,,,76339,,,,,,,,,,,,0.46207091212272644,0.08971105515956879,,0.4368683099746704,,3.4113736152648926,,,,,,,,,,,,,
21,,,,76359,,,,,,,,,,,,0.46207091212272644,0.10978122055530548,,0.5113983750343323,,4.346287727355957,,,,,,,,,,,,,
21,,,,76379,,,,,,,,,,,,0.46207091212272644,0.08622172474861145,,0.6072366237640381,,4.309401512145996,,,,,,,,,,,,,
21,,,,76399,,,,,,,,,,,,0.46207091212272644,0.03809160739183426,,0.8755425810813904,,3.7072019577026367,,,,,,,,,,,,,
21,,,,76419,,,,,,,,,,,,0.46207091212272644,0.09789110720157623,,0.39454448223114014,,3.2088546752929688,,,,,,,,,,,,,
21,,,,76439,,,,,,,,,,,,0.46207091212272644,0.07882137596607208,,0.7179995775222778,,4.41980504989624,,,,,,,,,,,,,
21,,,,76459,,,,,,,,,,,,0.46207091212272644,0.07330666482448578,,0.5819396376609802,,3.5523335933685303,,,,,,,,,,,,,
21,,,,76479,,,,,,,,,,,,0.46207091212272644,0.0806172788143158,,0.5101641416549683,,3.3842649459838867,,,,,,,,,,,,,
21,,,,76499,,,,,,,,,,,,0.46207091212272644,0.03409673646092415,,1.0094891786575317,,3.8229503631591797,,,,,,,,,,,,,
21,,,,76519,,,,,,,,,,,,0.46207091212272644,0.03368121758103371,,1.0647612810134888,,4.122745513916016,,,,,,,,,,,,,
21,,,,76539,,,,,,,,,,,,0.46207091212272644,0.0840311348438263,,0.42623940110206604,,3.332792282104492,,,,,,,,,,,,,
21,,,,76559,,,,,,,,,,,,0.46207091212272644,0.05926122888922691,,0.7895262837409973,,4.33426570892334,,,,,,,,,,,,,
21,,,,76579,,,,,,,,,,,,0.46207091212272644,0.11638329178094864,,0.5390413999557495,,4.486621856689453,,,,,,,,,,,,,
21,,,,76599,,,,,,,,,,,,0.46207091212272644,0.1136477068066597,,0.5218554139137268,,4.383904933929443,,,,,,,,,,,,,
21,,,,76603,,,,,,,,,,,,,,,,,,0.7224301099777222,0.884792685508728,0.6931255459785461,0.6909241676330566,0.4945114254951477,0.6887228488922119,0.6099396347999573,0.7097257375717163,0.6810929179191589,0.760348916053772,0.8424319624900818,0.4710177481174469,0.7224301099777222
21,,,,76603,,,,,,,,,0.5683244466781616,0.07563120126724243,0.462065726518631,,,0.7002360224723816,,3.90938663482666,,,,,,,,,,,,,,
,0.00023466648283001538,0.00023466648283001538,2.346664828300154e-05,76604,,,,,,,,,,,,,,,,,,,,,,,,,,,,,,
22,,,,76619,,,,,,,,,,,,0.46207091212272644,0.0661812573671341,,0.9159207940101624,,4.292235374450684,,,,,,,,,,,,,
22,,,,76639,,,,,,,,,,,,0.46207091212272644,0.04697032272815704,,1.0157462358474731,,4.1852498054504395,,,,,,,,,,,,,
22,,,,76659,,,,,,,,,,,,0.46207091212272644,0.04125663638114929,,0.9862151145935059,,4.178606986999512,,,,,,,,,,,,,
22,,,,76679,,,,,,,,,,,,0.46207091212272644,0.03893420845270157,,1.1193281412124634,,4.11979866027832,,,,,,,,,,,,,
22,,,,76699,,,,,,,,,,,,0.46207091212272644,0.09483768790960312,,0.40473002195358276,,3.2664294242858887,,,,,,,,,,,,,
22,,,,76719,,,,,,,,,,,,0.46207091212272644,0.07525802403688431,,0.8033058643341064,,4.451476097106934,,,,,,,,,,,,,
22,,,,76739,,,,,,,,,,,,0.46207091212272644,0.09046655148267746,,0.6767736077308655,,4.334617614746094,,,,,,,,,,,,,
22,,,,76759,,,,,,,,,,,,0.46207091212272644,0.1154019683599472,,0.5645527839660645,,4.492589950561523,,,,,,,,,,,,,
22,,,,76779,,,,,,,,,,,,0.46207091212272644,0.10903300344944,,0.6130855083465576,,4.414338111877441,,,,,,,,,,,,,
22,,,,76799,,,,,,,,,,,,0.46207091212272644,0.03647183999419212,,1.065654993057251,,4.136628150939941,,,,,,,,,,,,,
22,,,,76819,,,,,,,,,,,,0.46207091212272644,0.03568270057439804,,1.0547493696212769,,4.155590057373047,,,,,,,,,,,,,
22,,,,76839,,,,,,,,,,,,0.46207091212272644,0.03787877410650253,,1.041919231414795,,4.182854652404785,,,,,,,,,,,,,
22,,,,76859,,,,,,,,,,,,0.46207091212272644,0.10123428702354431,,0.4385141432285309,,3.3520209789276123,,,,,,,,,,,,,
22,,,,76879,,,,,,,,,,,,0.46207091212272644,0.10850410163402557,,0.5501063466072083,,4.4273576736450195,,,,,,,,,,,,,
22,,,,76899,,,,,,,,,,,,0.46207091212272644,0.09084963798522949,,0.4060101807117462,,3.1672163009643555,,,,,,,,,,,,,
22,,,,76919,,,,,,,,,,,,0.46207091212272644,0.033650923520326614,,1.225967288017273,,4.091178894042969,,,,,,,,,,,,,
22,,,,76939,,,,,,,,,,,,0.46207091212272644,0.11607307195663452,,0.5402618050575256,,4.5778489112854,,,,,,,,,,,,,
22,,,,76959,,,,,,,,,,,,0.46207091212272644,0.08971944451332092,,0.6963145136833191,,4.39862060546875,,,,,,,,,,,,,
22,,,,76979,,,,,,,,,,,,0.46207091212272644,0.08173952996730804,,0.7866376638412476,,4.437925815582275,,,,,,,,,,,,,
22,,,,76999,,,,,,,,,,,,0.46207091212272644,0.09984521567821503,,0.6242927312850952,,4.446602821350098,,,,,,,,,,,,,
22,,,,77019,,,,,,,,,,,,0.46207091212272644,0.06403515487909317,,0.6601868271827698,,3.5329856872558594,,,,,,,,,,,,,
22,,,,77039,,,,,,,,,,,,0.46207091212272644,0.0397559329867363,,1.0185129642486572,,4.198667526245117,,,,,,,,,,,,,
22,,,,77059,,,,,,,,,,,,0.46207091212272644,0.08397535234689713,,0.6318207383155823,,3.481058120727539,,,,,,,,,,,,,
22,,,,77079,,,,,,,,,,,,0.46207091212272644,0.03340122103691101,,1.0663189888000488,,3.879284381866455,,,,,,,,,,,,,
22,,,,77099,,,,,,,,,,,,0.46207091212272644,0.1154920905828476,,0.5369457006454468,,4.391720294952393,,,,,,,,,,,,,
22,,,,77119,,,,,,,,,,,,0.46207091212272644,0.10067783296108246,,0.4129711985588074,,3.284364700317383,,,,,,,,,,,,,
22,,,,77139,,,,,,,,,,,,0.46207091212272644,0.06191086396574974,,0.8124296069145203,,4.271816253662109,,,,,,,,,,,,,
22,,,,77159,,,,,,,,,,,,0.46207091212272644,0.09128829091787338,,0.49458640813827515,,3.3119308948516846,,,,,,,,,,,,,
22,,,,77179,,,,,,,,,,,,0.46207091212272644,0.07075971364974976,,0.5639841556549072,,3.3931117057800293,,,,,,,,,,,,,
22,,,,77199,,,,,,,,,,,,0.46207091212272644,0.11108437925577164,,0.5805083513259888,,4.438916206359863,,,,,,,,,,,,,
22,,,,77219,,,,,,,,,,,,0.46207091212272644,0.10514400154352188,,0.5269864797592163,,4.4294843673706055,,,,,,,,,,,,,
22,,,,77239,,,,,,,,,,,,0.46207091212272644,0.046956706792116165,,0.8846109509468079,,3.703570604324341,,,,,,,,,,,,,
22,,,,77259,,,,,,,,,,,,0.46207091212272644,0.10980632156133652,,0.52805095911026,,4.487309455871582,,,,,,,,,,,,,
22,,,,77279,,,,,,,,,,,,0.46207091212272644,0.04198601841926575,,1.1105952262878418,,4.1530961990356445,,,,,,,,,,,,,
22,,,,77299,,,,,,,,,,,,0.46207091212272644,0.04088442027568817,,1.1190389394760132,,4.1734466552734375,,,,,,,,,,,,,
22,,,,77319,,,,,,,,,,,,0.46207091212272644,0.09713712334632874,,0.39936619997024536,,3.3334712982177734,,,,,,,,,,,,,
22,,,,77339,,,,,,,,,,,,0.46207091212272644,0.10914202779531479,,0.5212294459342957,,4.370275497436523,,,,,,,,,,,,,
22,,,,77359,,,,,,,,,,,,0.46207091212272644,0.031660206615924835,,1.223414659500122,,4.067080974578857,,,,,,,,,,,,,
22,,,,77379,,,,,,,,,,,,0.46207091212272644,0.06618344783782959,,0.6886880397796631,,3.468747615814209,,,,,,,,,,,,,
22,,,,77399,,,,,,,,,,,,0.46207091212272644,0.06968917697668076,,0.6243677735328674,,3.426156520843506,,,,,,,,,,,,,
22,,,,77419,,,,,,,,,,,,0.46207091212272644,0.06505613029003143,,0.5986265540122986,,3.5611305236816406,,,,,,,,,,,,,
22,,,,77439,,,,,,,,,,,,0.46207091212272644,0.038458384573459625,,1.1290827989578247,,4.0987772941589355,,,,,,,,,,,,,
22,,,,77459,,,,,,,,,,,,0.46207091212272644,0.11367925256490707,,0.5374276638031006,,4.543837070465088,,,,,,,,,,,,,
22,,,,77479,,,,,,,,,,,,0.46207091212272644,0.043663389980793,,1.0426280498504639,,3.7942686080932617,,,,,,,,,,,,,
22,,,,77499,,,,,,,,,,,,0.46207091212272644,0.08759793639183044,,0.6960858702659607,,4.355706214904785,,,,,,,,,,,,,
22,,,,77519,,,,,,,,,,,,0.46207091212272644,0.09707404673099518,,0.4535829722881317,,3.3761086463928223,,,,,,,,,,,,,
22,,,,77539,,,,,,,,,,,,0.46207091212272644,0.11118169128894806,,0.5152889490127563,,4.40264368057251,,,,,,,,,,,,,
22,,,,77559,,,,,,,,,,,,0.46207091212272644,0.09041367471218109,,0.3928864896297455,,3.155823230743408,,,,,,,,,,,,,
22,,,,77579,,,,,,,,,,,,0.46207091212272644,0.03206999599933624,,1.0651898384094238,,4.215266227722168,,,,,,,,,,,,,
22,,,,77599,,,,,,,,,,,,0.46207091212272644,0.11298048496246338,,0.5457144975662231,,4.506694316864014,,,,,,,,,,,,,
22,,,,77619,,,,,,,,,,,,0.46207091212272644,0.05466337874531746,,0.9816123843193054,,4.320609092712402,,,,,,,,,,,,,
22,,,,77639,,,,,,,,,,,,0.46207091212272644,0.09067875146865845,,0.663609504699707,,4.364628791809082,,,,,,,,,,,,,
22,,,,77659,,,,,,,,,,,,0.46207091212272644,0.11444686353206635,,0.5333654284477234,,4.503782272338867,,,,,,,,,,,,,
22,,,,77679,,,,,,,,,,,,0.46207091212272644,0.03743342310190201,,0.8978245854377747,,3.703596591949463,,,,,,,,,,,,,
22,,,,77699,,,,,,,,,,,,0.46207091212272644,0.09220970422029495,,0.44229835271835327,,3.2651028633117676,,,,,,,,,,,,,
22,,,,77719,,,,,,,,,,,,0.46207091212272644,0.04882313311100006,,0.9218646287918091,,4.2759318351745605,,,,,,,,,,,,,
22,,,,77739,,,,,,,,,,,,0.46207091212272644,0.1247812807559967,,0.5309837460517883,,4.381615161895752,,,,,,,,,,,,,
22,,,,77759,,,,,,,,,,,,0.46207091212272644,0.059651076793670654,,0.832883894443512,,4.2928266525268555,,,,,,,,,,,,,
22,,,,77779,,,,,,,,,,,,0.46207091212272644,0.07989771664142609,,0.4997643828392029,,3.3713486194610596,,,,,,,,,,,,,
22,,,,77799,,,,,,,,,,,,0.46207091212272644,0.09584790468215942,,0.40676528215408325,,3.2673752307891846,,,,,,,,,,,,,
22,,,,77819,,,,,,,,,,,,0.46207091212272644,0.09540008008480072,,0.6521635055541992,,4.311834812164307,,,,,,,,,,,,,
22,,,,77839,,,,,,,,,,,,0.46207091212272644,0.08199098706245422,,0.5262352228164673,,3.4665582180023193,,,,,,,,,,,,,
22,,,,77859,,,,,,,,,,,,0.46207091212272644,0.09216390550136566,,0.6059523820877075,,4.457956314086914,,,,,,,,,,,,,
22,,,,77879,,,,,,,,,,,,0.46207091212272644,0.0726298987865448,,0.48683756589889526,,3.2054219245910645,,,,,,,,,,,,,
22,,,,77899,,,,,,,,,,,,0.46207091212272644,0.09266550838947296,,0.38559097051620483,,3.133805990219116,,,,,,,,,,,,,
22,,,,77919,,,,,,,,,,,,0.46207091212272644,0.03870894014835358,,0.8015822172164917,,3.507192611694336,,,,,,,,,,,,,
22,,,,77939,,,,,,,,,,,,0.46207091212272644,0.03474464640021324,,1.1126476526260376,,4.181268692016602,,,,,,,,,,,,,
22,,,,77959,,,,,,,,,,,,0.46207091212272644,0.027708347886800766,,0.9870914220809937,,3.807976245880127,,,,,,,,,,,,,
22,,,,77979,,,,,,,,,,,,0.46207091212272644,0.11563761532306671,,0.5336568355560303,,4.527492523193359,,,,,,,,,,,,,
22,,,,77999,,,,,,,,,,,,0.46207091212272644,0.039154790341854095,,1.0052683353424072,,4.211843013763428,,,,,,,,,,,,,
22,,,,78019,,,,,,,,,,,,0.46207091212272644,0.030719609931111336,,1.0700960159301758,,4.021422863006592,,,,,,,,,,,,,
22,,,,78039,,,,,,,,,,,,0.46207091212272644,0.06150350719690323,,0.5888122320175171,,3.4381933212280273,,,,,,,,,,,,,
22,,,,78059,,,,,,,,,,,,0.46207091212272644,0.08854981511831284,,0.4324217438697815,,3.3422489166259766,,,,,,,,,,,,,
22,,,,78079,,,,,,,,,,,,0.46207091212272644,0.09348751604557037,,0.40361639857292175,,3.2755181789398193,,,,,,,,,,,,,
22,,,,78099,,,,,,,,,,,,0.46207091212272644,0.09427560865879059,,0.4416799545288086,,3.4002161026000977,,,,,,,,,,,,,
22,,,,78119,,,,,,,,,,,,0.46207091212272644,0.05813312530517578,,0.7224984765052795,,3.5607099533081055,,,,,,,,,,,,,
22,,,,78139,,,,,,,,,,,,0.46207091212272644,0.08425017446279526,,0.5211724638938904,,3.3592891693115234,,,,,,,,,,,,,
22,,,,78159,,,,,,,,,,,,0.46207091212272644,0.07521189004182816,,0.4740025997161865,,3.2677628993988037,,,,,,,,,,,,,
22,,,,78179,,,,,,,,,,,,0.46207091212272644,0.09098854660987854,,0.39075949788093567,,3.186415672302246,,,,,,,,,,,,,
22,,,,78199,,,,,,,,,,,,0.46207091212272644,0.028446586802601814,,1.1366286277770996,,4.006988525390625,,,,,,,,,,,,,
22,,,,78219,,,,,,,,,,,,0.46207091212272644,0.03961886838078499,,1.0537803173065186,,4.216111183166504,,,,,,,,,,,,,
22,,,,78239,,,,,,,,,,,,0.46207091212272644,0.08663980662822723,,0.7725799679756165,,4.3668718338012695,,,,,,,,,,,,,
22,,,,78259,,,,,,,,,,,,0.46207091212272644,0.10548214614391327,,0.6303338408470154,,4.4010419845581055,,,,,,,,,,,,,
22,,,,78279,,,,,,,,,,,,0.46207091212272644,0.04681331664323807,,0.8892706632614136,,4.228034019470215,,,,,,,,,,,,,
22,,,,78299,,,,,,,,,,,,0.46207091212272644,0.11323107779026031,,0.5221602320671082,,4.340463638305664,,,,,,,,,,,,,
22,,,,78319,,,,,,,,,,,,0.46207091212272644,0.07971823960542679,,0.5782695412635803,,3.476487636566162,,,,,,,,,,,,,
22,,,,78339,,,,,,,,,,,,0.46207091212272644,0.08785498887300491,,0.40502050518989563,,3.246095657348633,,,,,,,,,,,,,
22,,,,78359,,,,,,,,,,,,0.46207091212272644,0.05568486079573631,,0.609116792678833,,3.3637852668762207,,,,,,,,,,,,,
22,,,,78379,,,,,,,,,,,,0.46207091212272644,0.1095074862241745,,0.5255630016326904,,4.466240406036377,,,,,,,,,,,,,
22,,,,78399,,,,,,,,,,,,0.46207091212272644,0.029611527919769287,,1.0439636707305908,,3.991943359375,,,,,,,,,,,,,
22,,,,78419,,,,,,,,,,,,0.46207091212272644,0.055757999420166016,,0.7034122347831726,,3.504896640777588,,,,,,,,,,,,,
22,,,,78439,,,,,,,,,,,,0.46207091212272644,0.06106257438659668,,0.6745455861091614,,3.5403380393981934,,,,,,,,,,,,,
22,,,,78459,,,,,,,,,,,,0.46207091212272644,0.08437757194042206,,0.4724423885345459,,3.2840523719787598,,,,,,,,,,,,,
22,,,,78479,,,,,,,,,,,,0.46207091212272644,0.03752308338880539,,1.0146161317825317,,3.915555477142334,,,,,,,,,,,,,
22,,,,78499,,,,,,,,,,,,0.46207091212272644,0.032325759530067444,,1.064369559288025,,4.150412082672119,,,,,,,,,,,,,
22,,,,78519,,,,,,,,,,,,0.46207091212272644,0.03738177567720413,,0.9642036557197571,,3.7333827018737793,,,,,,,,,,,,,
22,,,,78539,,,,,,,,,,,,0.46207091212272644,0.0924893319606781,,0.3820840120315552,,3.097538471221924,,,,,,,,,,,,,
22,,,,78559,,,,,,,,,,,,0.46207091212272644,0.09714403748512268,,0.41605690121650696,,3.2065844535827637,,,,,,,,,,,,,
22,,,,78579,,,,,,,,,,,,0.46207091212272644,0.06087716668844223,,0.7022709846496582,,3.518566131591797,,,,,,,,,,,,,
22,,,,78599,,,,,,,,,,,,0.46207091212272644,0.0918847918510437,,0.38836535811424255,,3.144280433654785,,,,,,,,,,,,,
22,,,,78619,,,,,,,,,,,,0.46207091212272644,0.09263618290424347,,0.42386993765830994,,3.267418384552002,,,,,,,,,,,,,
22,,,,78639,,,,,,,,,,,,0.46207091212272644,0.05224360153079033,,0.7808300256729126,,3.667717695236206,,,,,,,,,,,,,
22,,,,78659,,,,,,,,,,,,0.46207091212272644,0.08810117840766907,,0.5887046456336975,,4.372238636016846,,,,,,,,,,,,,
22,,,,78679,,,,,,,,,,,,0.46207091212272644,0.10885179042816162,,0.5336604118347168,,4.449207305908203,,,,,,,,,,,,,
22,,,,78699,,,,,,,,,,,,0.46207091212272644,0.08759873360395432,,0.7036051154136658,,4.392561912536621,,,,,,,,,,,,,
22,,,,78719,,,,,,,,,,,,0.46207091212272644,0.03550775349140167,,0.8723741173744202,,3.667336940765381,,,,,,,,,,,,,
22,,,,78739,,,,,,,,,,,,0.46207091212272644,0.04420485347509384,,0.9593571424484253,,4.2497029304504395,,,,,,,,,,,,,
22,,,,78759,,,,,,,,,,,,0.46207091212272644,0.1087026298046112,,0.6281359791755676,,4.469057083129883,,,,,,,,,,,,,
22,,,,78779,,,,,,,,,,,,0.46207091212272644,0.0860673040151596,,0.6332333087921143,,4.391716957092285,,,,,,,,,,,,,
22,,,,78799,,,,,,,,,,,,0.46207091212272644,0.049556929618120193,,0.6891155242919922,,3.443230390548706,,,,,,,,,,,,,
22,,,,78819,,,,,,,,,,,,0.46207091212272644,0.08486855775117874,,0.6358007192611694,,4.341487884521484,,,,,,,,,,,,,
22,,,,78839,,,,,,,,,,,,0.46207091212272644,0.09018972516059875,,0.4239792823791504,,3.3643298149108887,,,,,,,,,,,,,
22,,,,78859,,,,,,,,,,,,0.46207091212272644,0.046275123953819275,,1.000817894935608,,4.212443828582764,,,,,,,,,,,,,
22,,,,78879,,,,,,,,,,,,0.46207091212272644,0.10536772012710571,,0.5506169199943542,,4.467878818511963,,,,,,,,,,,,,
22,,,,78899,,,,,,,,,,,,0.46207091212272644,0.0920887440443039,,0.42657095193862915,,3.284437656402588,,,,,,,,,,,,,
22,,,,78919,,,,,,,,,,,,0.46207091212272644,0.032452575862407684,,1.0818159580230713,,4.0768938064575195,,,,,,,,,,,,,
22,,,,78939,,,,,,,,,,,,0.46207091212272644,0.0888373851776123,,0.6521132588386536,,4.477519989013672,,,,,,,,,,,,,
22,,,,78959,,,,,,,,,,,,0.46207091212272644,0.10168549418449402,,0.5524201393127441,,4.46038293838501,,,,,,,,,,,,,
22,,,,78979,,,,,,,,,,,,0.46207091212272644,0.03369094803929329,,1.0993415117263794,,4.075715065002441,,,,,,,,,,,,,
22,,,,78999,,,,,,,,,,,,0.46207091212272644,0.10490868985652924,,0.5194299221038818,,4.398508548736572,,,,,,,,,,,,,
22,,,,79019,,,,,,,,,,,,0.46207091212272644,0.11415818333625793,,0.5260401964187622,,4.44442081451416,,,,,,,,,,,,,
22,,,,79039,,,,,,,,,,,,0.46207091212272644,0.1022796705365181,,0.3932298719882965,,3.1893670558929443,,,,,,,,,,,,,
22,,,,79059,,,,,,,,,,,,0.46207091212272644,0.08194959908723831,,0.6191331744194031,,4.354361057281494,,,,,,,,,,,,,
22,,,,79079,,,,,,,,,,,,0.46207091212272644,0.04155031591653824,,0.8484569191932678,,3.6067605018615723,,,,,,,,,,,,,
22,,,,79099,,,,,,,,,,,,0.46207091212272644,0.1015511304140091,,0.5841179490089417,,4.386181831359863,,,,,,,,,,,,,
22,,,,79119,,,,,,,,,,,,0.46207091212272644,0.12316665798425674,,0.5267855525016785,,4.425321578979492,,,,,,,,,,,,,
22,,,,79139,,,,,,,,,,,,0.46207091212272644,0.04301057010889053,,0.9029830098152161,,4.197314739227295,,,,,,,,,,,,,
22,,,,79159,,,,,,,,,,,,0.46207091212272644,0.03371255099773407,,1.0897576808929443,,4.158735275268555,,,,,,,,,,,,,
22,,,,79179,,,,,,,,,,,,0.46207091212272644,0.08082960546016693,,0.7167225480079651,,4.3399810791015625,,,,,,,,,,,,,
22,,,,79199,,,,,,,,,,,,0.46207091212272644,0.030388101935386658,,1.0027533769607544,,3.877930164337158,,,,,,,,,,,,,
22,,,,79219,,,,,,,,,,,,0.46207091212272644,0.08323179185390472,,0.5002028346061707,,3.3516383171081543,,,,,,,,,,,,,
22,,,,79239,,,,,,,,,,,,0.46207091212272644,0.06694892048835754,,0.8509438037872314,,4.330378532409668,,,,,,,,,,,,,
22,,,,79259,,,,,,,,,,,,0.46207091212272644,0.09239457547664642,,0.4078906774520874,,3.1875271797180176,,,,,,,,,,,,,
22,,,,79279,,,,,,,,,,,,0.46207091212272644,0.08996430039405823,,0.39537397027015686,,3.1907577514648438,,,,,,,,,,,,,
22,,,,79299,,,,,,,,,,,,0.46207091212272644,0.03250556439161301,,1.1205331087112427,,4.094491958618164,,,,,,,,,,,,,
22,,,,79319,,,,,,,,,,,,0.46207091212272644,0.08465017378330231,,0.7783947587013245,,4.330245494842529,,,,,,,,,,,,,
22,,,,79339,,,,,,,,,,,,0.46207091212272644,0.02975744567811489,,1.104560136795044,,4.109931468963623,,,,,,,,,,,,,
22,,,,79359,,,,,,,,,,,,0.46207091212272644,0.02636149898171425,,1.1295117139816284,,4.126501083374023,,,,,,,,,,,,,
22,,,,79379,,,,,,,,,,,,0.46207091212272644,0.0877467542886734,,0.5099583864212036,,3.423549175262451,,,,,,,,,,,,,
22,,,,79399,,,,,,,,,,,,0.46207091212272644,0.02935769408941269,,1.1380438804626465,,4.117672920227051,,,,,,,,,,,,,
22,,,,79419,,,,,,,,,,,,0.46207091212272644,0.08810780942440033,,0.6218042969703674,,4.281928062438965,,,,,,,,,,,,,
22,,,,79439,,,,,,,,,,,,0.46207091212272644,0.09350241720676422,,0.4053196609020233,,3.294416904449463,,,,,,,,,,,,,
22,,,,79459,,,,,,,,,,,,0.46207091212272644,0.06763707101345062,,0.5957914590835571,,3.412196636199951,,,,,,,,,,,,,
22,,,,79479,,,,,,,,,,,,0.46207091212272644,0.11772622168064117,,0.5388625860214233,,4.483762264251709,,,,,,,,,,,,,
22,,,,79499,,,,,,,,,,,,0.46207091212272644,0.10792097449302673,,0.545304000377655,,4.499473571777344,,,,,,,,,,,,,
22,,,,79519,,,,,,,,,,,,0.46207091212272644,0.1144978404045105,,0.5363191366195679,,4.5402960777282715,,,,,,,,,,,,,
22,,,,79539,,,,,,,,,,,,0.46207091212272644,0.0290570929646492,,0.9424303770065308,,3.8113961219787598,,,,,,,,,,,,,
22,,,,79559,,,,,,,,,,,,0.46207091212272644,0.02916537970304489,,1.0753897428512573,,4.150442600250244,,,,,,,,,,,,,
22,,,,79579,,,,,,,,,,,,0.46207091212272644,0.07634153962135315,,0.5835698843002319,,3.4285364151000977,,,,,,,,,,,,,
22,,,,79599,,,,,,,,,,,,0.46207091212272644,0.034398600459098816,,0.9610591530799866,,3.8221139907836914,,,,,,,,,,,,,
22,,,,79619,,,,,,,,,,,,0.46207091212272644,0.1152317076921463,,0.526909351348877,,4.3723039627075195,,,,,,,,,,,,,
22,,,,79639,,,,,,,,,,,,0.46207091212272644,0.09144885092973709,,0.4037874639034271,,3.3073153495788574,,,,,,,,,,,,,
22,,,,79659,,,,,,,,,,,,0.46207091212272644,0.08162371814250946,,0.6650215983390808,,4.319741725921631,,,,,,,,,,,,,
22,,,,79679,,,,,,,,,,,,0.46207091212272644,0.02590814232826233,,1.0966776609420776,,3.916111469268799,,,,,,,,,,,,,
22,,,,79699,,,,,,,,,,,,0.46207091212272644,0.08820681273937225,,0.4469728469848633,,3.2818870544433594,,,,,,,,,,,,,
22,,,,79719,,,,,,,,,,,,0.46207091212272644,0.027356568723917007,,1.153451681137085,,4.108553409576416,,,,,,,,,,,,,
22,,,,79739,,,,,,,,,,,,0.46207091212272644,0.08665746450424194,,0.4291946291923523,,3.3196258544921875,,,,,,,,,,,,,
22,,,,79759,,,,,,,,,,,,0.46207091212272644,0.0939943790435791,,0.4171980917453766,,3.306905746459961,,,,,,,,,,,,,
22,,,,79779,,,,,,,,,,,,0.46207091212272644,0.07969000935554504,,0.5962629914283752,,3.5218286514282227,,,,,,,,,,,,,
22,,,,79799,,,,,,,,,,,,0.46207091212272644,0.08667567372322083,,0.693646252155304,,4.423782825469971,,,,,,,,,,,,,
22,,,,79819,,,,,,,,,,,,0.46207091212272644,0.027426226064562798,,1.03959321975708,,3.947942018508911,,,,,,,,,,,,,
22,,,,79839,,,,,,,,,,,,0.46207091212272644,0.08539379388093948,,0.3810102939605713,,3.163245677947998,,,,,,,,,,,,,
22,,,,79859,,,,,,,,,,,,0.46207091212272644,0.04122411459684372,,0.9559769630432129,,3.702514410018921,,,,,,,,,,,,,
22,,,,79879,,,,,,,,,,,,0.46207091212272644,0.025787770748138428,,1.1065794229507446,,3.9500327110290527,,,,,,,,,,,,,
22,,,,79899,,,,,,,,,,,,0.46207091212272644,0.09092561155557632,,0.40523412823677063,,3.126131772994995,,,,,,,,,,,,,
22,,,,79919,,,,,,,,,,,,0.46207091212272644,0.0850219577550888,,0.39680176973342896,,3.2253313064575195,,,,,,,,,,,,,
22,,,,79939,,,,,,,,,,,,0.46207091212272644,0.08533479273319244,,0.3985048532485962,,3.227130174636841,,,,,,,,,,,,,
22,,,,79959,,,,,,,,,,,,0.46207091212272644,0.0890171229839325,,0.40634164214134216,,3.168720245361328,,,,,,,,,,,,,
22,,,,79979,,,,,,,,,,,,0.46207091212272644,0.02228192612528801,,1.074440598487854,,4.110103607177734,,,,,,,,,,,,,
22,,,,79999,,,,,,,,,,,,0.46207091212272644,0.05565573275089264,,0.8441427946090698,,4.382882118225098,,,,,,,,,,,,,
22,,,,80019,,,,,,,,,,,,0.46207091212272644,0.10912850499153137,,0.5508214831352234,,4.4229841232299805,,,,,,,,,,,,,
22,,,,80039,,,,,,,,,,,,0.46207091212272644,0.10816185176372528,,0.609719455242157,,4.372188568115234,,,,,,,,,,,,,
22,,,,80059,,,,,,,,,,,,0.46207091212272644,0.10842737555503845,,0.5222861170768738,,4.412424564361572,,,,,,,,,,,,,
22,,,,80079,,,,,,,,,,,,0.46207091212272644,0.05182687193155289,,0.9219692349433899,,4.208955764770508,,,,,,,,,,,,,
22,,,,80085,,,,,,,,,,,,,,,,,,0.7272916436195374,0.8855733871459961,0.6991001963615417,0.6971161365509033,0.49486520886421204,0.6951320171356201,0.6215237975120544,0.7200504541397095,0.7446272373199463,0.7593897581100464,0.8117731213569641,0.46473798155784607,0.7272916436195374
22,,,,80085,,,,,,,,,0.5698350667953491,0.07378040254116058,0.462065726518631,,,0.6976493000984192,,3.904667377471924,,,,,,,,,,,,,,
,0.00022745961924584428,0.00022745961924584428,2.2745961924584426e-05,80086,,,,,,,,,,,,,,,,,,,,,,,,,,,,,,
23,,,,80099,,,,,,,,,,,,0.46207091212272644,0.05591677874326706,,0.8319555521011353,,4.275952339172363,,,,,,,,,,,,,
23,,,,80119,,,,,,,,,,,,0.46207091212272644,0.025405801832675934,,1.0933973789215088,,4.090385913848877,,,,,,,,,,,,,
23,,,,80139,,,,,,,,,,,,0.46207091212272644,0.09743600338697433,,0.6275011301040649,,4.340304374694824,,,,,,,,,,,,,
23,,,,80159,,,,,,,,,,,,0.46207091212272644,0.07015252113342285,,0.5689051747322083,,3.3900721073150635,,,,,,,,,,,,,
23,,,,80179,,,,,,,,,,,,0.46207091212272644,0.05820833519101143,,0.6394963264465332,,3.461087942123413,,,,,,,,,,,,,
23,,,,80199,,,,,,,,,,,,0.46207091212272644,0.03390561789274216,,0.8401508927345276,,3.69205904006958,,,,,,,,,,,,,
23,,,,80219,,,,,,,,,,,,0.46207091212272644,0.09111251682043076,,0.4097079038619995,,3.245983123779297,,,,,,,,,,,,,
23,,,,80239,,,,,,,,,,,,0.46207091212272644,0.07892133295536041,,0.5601094365119934,,3.524855136871338,,,,,,,,,,,,,
23,,,,80259,,,,,,,,,,,,0.46207091212272644,0.09337294101715088,,0.44604799151420593,,3.400097131729126,,,,,,,,,,,,,
23,,,,80279,,,,,,,,,,,,0.46207091212272644,0.08912429958581924,,0.7067345976829529,,4.3432841300964355,,,,,,,,,,,,,
23,,,,80299,,,,,,,,,,,,0.46207091212272644,0.10931409150362015,,0.5257072448730469,,4.414095401763916,,,,,,,,,,,,,
23,,,,80319,,,,,,,,,,,,0.46207091212272644,0.09220748394727707,,0.47005993127822876,,3.3759284019470215,,,,,,,,,,,,,
23,,,,80339,,,,,,,,,,,,0.46207091212272644,0.02522679977118969,,1.1258212327957153,,4.059697151184082,,,,,,,,,,,,,
23,,,,80359,,,,,,,,,,,,0.46207091212272644,0.09804274141788483,,0.4009826183319092,,3.2012977600097656,,,,,,,,,,,,,
23,,,,80379,,,,,,,,,,,,0.46207091212272644,0.02627023681998253,,1.2313374280929565,,4.04726505279541,,,,,,,,,,,,,
23,,,,80399,,,,,,,,,,,,0.46207091212272644,0.07723583281040192,,0.7137778997421265,,4.365789413452148,,,,,,,,,,,,,
23,,,,80419,,,,,,,,,,,,0.46207091212272644,0.019776368513703346,,1.1716904640197754,,3.97158145904541,,,,,,,,,,,,,
23,,,,80439,,,,,,,,,,,,0.46207091212272644,0.09800232946872711,,0.4074993133544922,,3.283768653869629,,,,,,,,,,,,,
23,,,,80459,,,,,,,,,,,,0.46207091212272644,0.02869425341486931,,0.9203011393547058,,3.7351160049438477,,,,,,,,,,,,,
23,,,,80479,,,,,,,,,,,,0.46207091212272644,0.1198805645108223,,0.5333548784255981,,4.528863430023193,,,,,,,,,,,,,
23,,,,80499,,,,,,,,,,,,0.46207091212272644,0.06592004746198654,,0.821816086769104,,4.404364585876465,,,,,,,,,,,,,
23,,,,80519,,,,,,,,,,,,0.46207091212272644,0.035799168050289154,,1.1292588710784912,,4.245490074157715,,,,,,,,,,,,,
23,,,,80539,,,,,,,,,,,,0.46207091212272644,0.04234739765524864,,1.0870282649993896,,4.205456733703613,,,,,,,,,,,,,
23,,,,80559,,,,,,,,,,,,0.46207091212272644,0.09123574197292328,,0.3926573693752289,,3.2022461891174316,,,,,,,,,,,,,
23,,,,80579,,,,,,,,,,,,0.46207091212272644,0.06027247756719589,,0.5758237838745117,,3.401494026184082,,,,,,,,,,,,,
23,,,,80599,,,,,,,,,,,,0.46207091212272644,0.09055493026971817,,0.40267685055732727,,3.218202590942383,,,,,,,,,,,,,
23,,,,80619,,,,,,,,,,,,0.46207091212272644,0.08147822320461273,,0.43102142214775085,,3.2325382232666016,,,,,,,,,,,,,
23,,,,80639,,,,,,,,,,,,0.46207091212272644,0.03544558212161064,,0.819663405418396,,3.644357442855835,,,,,,,,,,,,,
23,,,,80659,,,,,,,,,,,,0.46207091212272644,0.08911433815956116,,0.7439404726028442,,4.37984561920166,,,,,,,,,,,,,
23,,,,80679,,,,,,,,,,,,0.46207091212272644,0.03323390707373619,,0.9010225534439087,,3.749598979949951,,,,,,,,,,,,,
23,,,,80699,,,,,,,,,,,,0.46207091212272644,0.11166827380657196,,0.5881834030151367,,4.38914680480957,,,,,,,,,,,,,
23,,,,80719,,,,,,,,,,,,0.46207091212272644,0.08125445246696472,,0.515412449836731,,3.377856731414795,,,,,,,,,,,,,
23,,,,80739,,,,,,,,,,,,0.46207091212272644,0.0937364250421524,,0.39914703369140625,,3.2349853515625,,,,,,,,,,,,,
23,,,,80759,,,,,,,,,,,,0.46207091212272644,0.09369306266307831,,0.4073958098888397,,3.286721706390381,,,,,,,,,,,,,
23,,,,80779,,,,,,,,,,,,0.46207091212272644,0.025711417198181152,,1.183767557144165,,4.117337226867676,,,,,,,,,,,,,
23,,,,80799,,,,,,,,,,,,0.46207091212272644,0.03827992454171181,,0.9735431671142578,,4.191263198852539,,,,,,,,,,,,,
23,,,,80819,,,,,,,,,,,,0.46207091212272644,0.10067165642976761,,0.5432214736938477,,4.3216118812561035,,,,,,,,,,,,,
23,,,,80839,,,,,,,,,,,,0.46207091212272644,0.11592411994934082,,0.5234497785568237,,4.3894195556640625,,,,,,,,,,,,,
23,,,,80859,,,,,,,,,,,,0.46207091212272644,0.036967214196920395,,0.9367721080780029,,3.68571400642395,,,,,,,,,,,,,
23,,,,80879,,,,,,,,,,,,0.46207091212272644,0.02845461666584015,,1.0251996517181396,,3.925983190536499,,,,,,,,,,,,,
23,,,,80899,,,,,,,,,,,,0.46207091212272644,0.07437941431999207,,0.4835999011993408,,3.319049835205078,,,,,,,,,,,,,
23,,,,80919,,,,,,,,,,,,0.46207091212272644,0.07304021716117859,,0.8025428652763367,,4.29506254196167,,,,,,,,,,,,,
23,,,,80939,,,,,,,,,,,,0.46207091212272644,0.04327531158924103,,1.0299631357192993,,4.229726791381836,,,,,,,,,,,,,
23,,,,80959,,,,,,,,,,,,0.46207091212272644,0.021598180755972862,,1.0671488046646118,,3.9506711959838867,,,,,,,,,,,,,
23,,,,80979,,,,,,,,,,,,0.46207091212272644,0.06622765958309174,,0.6017720103263855,,3.4536850452423096,,,,,,,,,,,,,
23,,,,80999,,,,,,,,,,,,0.46207091212272644,0.069312185049057,,0.5757077932357788,,3.4673404693603516,,,,,,,,,,,,,
23,,,,81019,,,,,,,,,,,,0.46207091212272644,0.08305977284908295,,0.44423753023147583,,3.3041133880615234,,,,,,,,,,,,,
23,,,,81039,,,,,,,,,,,,0.46207091212272644,0.06430841982364655,,0.7543558478355408,,4.348064422607422,,,,,,,,,,,,,
23,,,,81059,,,,,,,,,,,,0.46207091212272644,0.08357350528240204,,0.6655235290527344,,4.403866767883301,,,,,,,,,,,,,
23,,,,81079,,,,,,,,,,,,0.46207091212272644,0.023136358708143234,,1.063014268875122,,3.951669216156006,,,,,,,,,,,,,
23,,,,81099,,,,,,,,,,,,0.46207091212272644,0.0498904325067997,,0.7040586471557617,,3.6134912967681885,,,,,,,,,,,,,
23,,,,81119,,,,,,,,,,,,0.46207091212272644,0.0923134833574295,,0.4294900894165039,,3.241795301437378,,,,,,,,,,,,,
23,,,,81139,,,,,,,,,,,,0.46207091212272644,0.08652529120445251,,0.39877083897590637,,3.2116968631744385,,,,,,,,,,,,,
23,,,,81159,,,,,,,,,,,,0.46207091212272644,0.11300723254680634,,0.5330446362495422,,4.481253623962402,,,,,,,,,,,,,
23,,,,81179,,,,,,,,,,,,0.46207091212272644,0.027383605018258095,,1.081513524055481,,4.154684066772461,,,,,,,,,,,,,
23,,,,81199,,,,,,,,,,,,0.46207091212272644,0.03857415169477463,,0.965446412563324,,4.196910858154297,,,,,,,,,,,,,
23,,,,81219,,,,,,,,,,,,0.46207091212272644,0.1100965291261673,,0.5675616264343262,,4.4324212074279785,,,,,,,,,,,,,
23,,,,81239,,,,,,,,,,,,0.46207091212272644,0.04999691992998123,,0.8762922883033752,,4.29386568069458,,,,,,,,,,,,,
23,,,,81259,,,,,,,,,,,,0.46207091212272644,0.1106100007891655,,0.5385664701461792,,4.427231788635254,,,,,,,,,,,,,
23,,,,81279,,,,,,,,,,,,0.46207091212272644,0.02582389861345291,,1.0133559703826904,,4.029799461364746,,,,,,,,,,,,,
23,,,,81299,,,,,,,,,,,,0.46207091212272644,0.08383862674236298,,0.5140273571014404,,3.459949254989624,,,,,,,,,,,,,
23,,,,81319,,,,,,,,,,,,0.46207091212272644,0.09042077511548996,,0.3957056999206543,,3.1704964637756348,,,,,,,,,,,,,
23,,,,81339,,,,,,,,,,,,0.46207091212272644,0.09223313629627228,,0.3870694637298584,,3.127981662750244,,,,,,,,,,,,,
23,,,,81359,,,,,,,,,,,,0.46207091212272644,0.030454488471150398,,0.9709753394126892,,3.7237651348114014,,,,,,,,,,,,,
23,,,,81379,,,,,,,,,,,,0.46207091212272644,0.05876690149307251,,0.5408461093902588,,3.288808822631836,,,,,,,,,,,,,
23,,,,81399,,,,,,,,,,,,0.46207091212272644,0.0899815484881401,,0.3853122293949127,,3.096259117126465,,,,,,,,,,,,,
23,,,,81419,,,,,,,,,,,,0.46207091212272644,0.02679477445781231,,1.024275302886963,,3.8398706912994385,,,,,,,,,,,,,
23,,,,81439,,,,,,,,,,,,0.46207091212272644,0.023150919005274773,,1.0470213890075684,,4.015126705169678,,,,,,,,,,,,,
23,,,,81459,,,,,,,,,,,,0.46207091212272644,0.10104240477085114,,0.5199331641197205,,4.38810920715332,,,,,,,,,,,,,
23,,,,81479,,,,,,,,,,,,0.46207091212272644,0.09685619175434113,,0.4870457649230957,,3.3690881729125977,,,,,,,,,,,,,
23,,,,81499,,,,,,,,,,,,0.46207091212272644,0.09574932605028152,,0.40575680136680603,,3.210296869277954,,,,,,,,,,,,,
23,,,,81519,,,,,,,,,,,,0.46207091212272644,0.06202666833996773,,0.6254844069480896,,3.412565231323242,,,,,,,,,,,,,
23,,,,81539,,,,,,,,,,,,0.46207091212272644,0.09808854758739471,,0.3896178603172302,,3.117631435394287,,,,,,,,,,,,,
23,,,,81559,,,,,,,,,,,,0.46207091212272644,0.019424594938755035,,1.06880784034729,,3.965507984161377,,,,,,,,,,,,,
23,,,,81579,,,,,,,,,,,,0.46207091212272644,0.0992775708436966,,0.5880102515220642,,4.503551483154297,,,,,,,,,,,,,
23,,,,81599,,,,,,,,,,,,0.46207091212272644,0.07712480425834656,,0.693263828754425,,4.469747066497803,,,,,,,,,,,,,
23,,,,81619,,,,,,,,,,,,0.46207091212272644,0.07401227951049805,,0.6885524392127991,,4.43572998046875,,,,,,,,,,,,,
23,,,,81639,,,,,,,,,,,,0.46207091212272644,0.08138613402843475,,0.41950929164886475,,3.1931371688842773,,,,,,,,,,,,,
23,,,,81659,,,,,,,,,,,,0.46207091212272644,0.040943730622529984,,0.8446612358093262,,3.7063519954681396,,,,,,,,,,,,,
23,,,,81679,,,,,,,,,,,,0.46207091212272644,0.06061149016022682,,0.8358162045478821,,4.415519714355469,,,,,,,,,,,,,
23,,,,81699,,,,,,,,,,,,0.46207091212272644,0.10976293683052063,,0.5382810235023499,,4.5666608810424805,,,,,,,,,,,,,
23,,,,81719,,,,,,,,,,,,0.46207091212272644,0.09604783356189728,,0.5675565600395203,,4.454720497131348,,,,,,,,,,,,,
23,,,,81739,,,,,,,,,,,,0.46207091212272644,0.0917573943734169,,0.40032675862312317,,3.2279748916625977,,,,,,,,,,,,,
23,,,,81759,,,,,,,,,,,,0.46207091212272644,0.09602447599172592,,0.65849369764328,,4.37807035446167,,,,,,,,,,,,,
23,,,,81779,,,,,,,,,,,,0.46207091212272644,0.08406106382608414,,0.47533124685287476,,3.320081949234009,,,,,,,,,,,,,
23,,,,81799,,,,,,,,,,,,0.46207091212272644,0.08503662049770355,,0.6112362146377563,,4.399055480957031,,,,,,,,,,,,,
23,,,,81819,,,,,,,,,,,,0.46207091212272644,0.03537186235189438,,0.9631784558296204,,4.250641345977783,,,,,,,,,,,,,
23,,,,81839,,,,,,,,,,,,0.46207091212272644,0.018578987568616867,,1.0541306734085083,,3.938223361968994,,,,,,,,,,,,,
23,,,,81859,,,,,,,,,,,,0.46207091212272644,0.11027684062719345,,0.5264779925346375,,4.387213230133057,,,,,,,,,,,,,
23,,,,81879,,,,,,,,,,,,0.46207091212272644,0.11165918409824371,,0.5226075649261475,,4.359530925750732,,,,,,,,,,,,,
23,,,,81899,,,,,,,,,,,,0.46207091212272644,0.07339075207710266,,0.6932708024978638,,4.311052322387695,,,,,,,,,,,,,
23,,,,81919,,,,,,,,,,,,0.46207091212272644,0.053478844463825226,,0.7248567342758179,,3.6309561729431152,,,,,,,,,,,,,
23,,,,81939,,,,,,,,,,,,0.46207091212272644,0.039368197321891785,,0.7398961186408997,,3.5927164554595947,,,,,,,,,,,,,
23,,,,81959,,,,,,,,,,,,0.46207091212272644,0.0899302214384079,,0.6263432502746582,,4.322927474975586,,,,,,,,,,,,,
23,,,,81979,,,,,,,,,,,,0.46207091212272644,0.11677467823028564,,0.5321121215820312,,4.357705116271973,,,,,,,,,,,,,
23,,,,81999,,,,,,,,,,,,0.46207091212272644,0.1007893830537796,,0.40891170501708984,,3.315263271331787,,,,,,,,,,,,,
23,,,,82019,,,,,,,,,,,,0.46207091212272644,0.0624350979924202,,0.605806291103363,,3.4911937713623047,,,,,,,,,,,,,
23,,,,82039,,,,,,,,,,,,0.46207091212272644,0.048817913979291916,,0.9136094450950623,,4.208047389984131,,,,,,,,,,,,,
23,,,,82059,,,,,,,,,,,,0.46207091212272644,0.09464524686336517,,0.6189542412757874,,4.3444623947143555,,,,,,,,,,,,,
23,,,,82079,,,,,,,,,,,,0.46207091212272644,0.09442645311355591,,0.6580352187156677,,4.33347749710083,,,,,,,,,,,,,
23,,,,82099,,,,,,,,,,,,0.46207091212272644,0.07908323407173157,,0.4342650771141052,,3.439988374710083,,,,,,,,,,,,,
23,,,,82119,,,,,,,,,,,,0.46207091212272644,0.113425612449646,,0.5115061402320862,,4.2914018630981445,,,,,,,,,,,,,
23,,,,82139,,,,,,,,,,,,0.46207091212272644,0.05836523324251175,,0.780151903629303,,4.302696228027344,,,,,,,,,,,,,
23,,,,82159,,,,,,,,,,,,0.46207091212272644,0.026638271287083626,,1.0474539995193481,,3.8464083671569824,,,,,,,,,,,,,
23,,,,82179,,,,,,,,,,,,0.46207091212272644,0.06546680629253387,,0.7352420091629028,,4.312279224395752,,,,,,,,,,,,,
23,,,,82199,,,,,,,,,,,,0.46207091212272644,0.05561327189207077,,0.6771714687347412,,3.556129217147827,,,,,,,,,,,,,
23,,,,82219,,,,,,,,,,,,0.46207091212272644,0.053616274148225784,,0.6412523984909058,,3.5609073638916016,,,,,,,,,,,,,
23,,,,82239,,,,,,,,,,,,0.46207091212272644,0.11628678441047668,,0.5244507193565369,,4.308688640594482,,,,,,,,,,,,,
23,,,,82259,,,,,,,,,,,,0.46207091212272644,0.11516464501619339,,0.5229734182357788,,4.384871482849121,,,,,,,,,,,,,
23,,,,82279,,,,,,,,,,,,0.46207091212272644,0.08696548640727997,,0.3998076915740967,,3.2993621826171875,,,,,,,,,,,,,
23,,,,82299,,,,,,,,,,,,0.46207091212272644,0.0715060830116272,,0.7346600294113159,,4.2681965827941895,,,,,,,,,,,,,
23,,,,82319,,,,,,,,,,,,0.46207091212272644,0.03449702262878418,,0.919867217540741,,3.8322620391845703,,,,,,,,,,,,,
23,,,,82339,,,,,,,,,,,,0.46207091212272644,0.12060108780860901,,0.5370870232582092,,4.424228668212891,,,,,,,,,,,,,
23,,,,82359,,,,,,,,,,,,0.46207091212272644,0.02556190825998783,,0.9435544013977051,,3.770261287689209,,,,,,,,,,,,,
23,,,,82379,,,,,,,,,,,,0.46207091212272644,0.05170982703566551,,0.7291911244392395,,3.6442441940307617,,,,,,,,,,,,,
23,,,,82399,,,,,,,,,,,,0.46207091212272644,0.028401775285601616,,0.9572029113769531,,3.8785102367401123,,,,,,,,,,,,,
23,,,,82419,,,,,,,,,,,,0.46207091212272644,0.11038219183683395,,0.5402412414550781,,4.473039150238037,,,,,,,,,,,,,
23,,,,82439,,,,,,,,,,,,0.46207091212272644,0.0828055739402771,,0.6556522250175476,,4.489938735961914,,,,,,,,,,,,,
23,,,,82459,,,,,,,,,,,,0.46207091212272644,0.09421680122613907,,0.6536647081375122,,4.421795845031738,,,,,,,,,,,,,
23,,,,82479,,,,,,,,,,,,0.46207091212272644,0.11023527383804321,,0.5225489735603333,,4.40410041809082,,,,,,,,,,,,,
23,,,,82499,,,,,,,,,,,,0.46207091212272644,0.031016871333122253,,0.8798035979270935,,3.7732551097869873,,,,,,,,,,,,,
23,,,,82519,,,,,,,,,,,,0.46207091212272644,0.08275637030601501,,0.549248456954956,,3.359243631362915,,,,,,,,,,,,,
23,,,,82539,,,,,,,,,,,,0.46207091212272644,0.026119735091924667,,1.0369728803634644,,4.145571708679199,,,,,,,,,,,,,
23,,,,82559,,,,,,,,,,,,0.46207091212272644,0.02758900076150894,,1.0269476175308228,,3.7844738960266113,,,,,,,,,,,,,
23,,,,82579,,,,,,,,,,,,0.46207091212272644,0.04467565566301346,,0.8373553156852722,,3.572476625442505,,,,,,,,,,,,,
23,,,,82599,,,,,,,,,,,,0.46207091212272644,0.10278540104627609,,0.518730103969574,,4.416836738586426,,,,,,,,,,,,,
23,,,,82619,,,,,,,,,,,,0.46207091212272644,0.11164908111095428,,0.5414590239524841,,4.49657678604126,,,,,,,,,,,,,
23,,,,82639,,,,,,,,,,,,0.46207091212272644,0.0786757841706276,,0.6542913317680359,,4.428310871124268,,,,,,,,,,,,,
23,,,,82659,,,,,,,,,,,,0.46207091212272644,0.07968209683895111,,0.6799954771995544,,4.453212738037109,,,,,,,,,,,,,
23,,,,82679,,,,,,,,,,,,0.46207091212272644,0.0718933492898941,,0.6622495651245117,,3.554438352584839,,,,,,,,,,,,,
23,,,,82699,,,,,,,,,,,,0.46207091212272644,0.026315461844205856,,1.108797311782837,,4.140944957733154,,,,,,,,,,,,,
23,,,,82719,,,,,,,,,,,,0.46207091212272644,0.09382915496826172,,0.3925701975822449,,3.1696248054504395,,,,,,,,,,,,,
23,,,,82739,,,,,,,,,,,,0.46207091212272644,0.08130502700805664,,0.7749897837638855,,4.379232406616211,,,,,,,,,,,,,
23,,,,82759,,,,,,,,,,,,0.46207091212272644,0.10396970808506012,,0.601913571357727,,4.570372581481934,,,,,,,,,,,,,
23,,,,82779,,,,,,,,,,,,0.46207091212272644,0.0783701241016388,,0.5723236799240112,,3.4249582290649414,,,,,,,,,,,,,
23,,,,82799,,,,,,,,,,,,0.46207091212272644,0.028059519827365875,,1.044653296470642,,4.249220848083496,,,,,,,,,,,,,
23,,,,82819,,,,,,,,,,,,0.46207091212272644,0.104672871530056,,0.5289885997772217,,4.441080093383789,,,,,,,,,,,,,
23,,,,82839,,,,,,,,,,,,0.46207091212272644,0.04690282791852951,,0.9032112956047058,,4.268381118774414,,,,,,,,,,,,,
23,,,,82859,,,,,,,,,,,,0.46207091212272644,0.020489398390054703,,1.145379900932312,,4.140630722045898,,,,,,,,,,,,,
23,,,,82879,,,,,,,,,,,,0.46207091212272644,0.044795967638492584,,0.8876346945762634,,4.173396110534668,,,,,,,,,,,,,
23,,,,82899,,,,,,,,,,,,0.46207091212272644,0.08184453845024109,,0.5225991606712341,,3.490046262741089,,,,,,,,,,,,,
23,,,,82919,,,,,,,,,,,,0.46207091212272644,0.06101527065038681,,0.6443324089050293,,3.526075601577759,,,,,,,,,,,,,
23,,,,82939,,,,,,,,,,,,0.46207091212272644,0.09751780331134796,,0.4254899322986603,,3.198113441467285,,,,,,,,,,,,,
23,,,,82959,,,,,,,,,,,,0.46207091212272644,0.021579161286354065,,1.0713706016540527,,4.057405471801758,,,,,,,,,,,,,
23,,,,82979,,,,,,,,,,,,0.46207091212272644,0.028847651556134224,,1.0001037120819092,,4.190051078796387,,,,,,,,,,,,,
23,,,,82999,,,,,,,,,,,,0.46207091212272644,0.09186215698719025,,0.4090351462364197,,3.2403335571289062,,,,,,,,,,,,,
23,,,,83019,,,,,,,,,,,,0.46207091212272644,0.10908673703670502,,0.5272587537765503,,4.394661903381348,,,,,,,,,,,,,
23,,,,83039,,,,,,,,,,,,0.46207091212272644,0.10408055782318115,,0.6019976139068604,,4.308342933654785,,,,,,,,,,,,,
23,,,,83059,,,,,,,,,,,,0.46207091212272644,0.11623988300561905,,0.5395464301109314,,4.4117631912231445,,,,,,,,,,,,,
23,,,,83079,,,,,,,,,,,,0.46207091212272644,0.035896748304367065,,0.9142590165138245,,3.7396981716156006,,,,,,,,,,,,,
23,,,,83099,,,,,,,,,,,,0.46207091212272644,0.10594536364078522,,0.5150976777076721,,4.383478164672852,,,,,,,,,,,,,
23,,,,83119,,,,,,,,,,,,0.46207091212272644,0.034251559525728226,,0.958177387714386,,4.2439775466918945,,,,,,,,,,,,,
23,,,,83139,,,,,,,,,,,,0.46207091212272644,0.022594386711716652,,1.0991801023483276,,3.977656841278076,,,,,,,,,,,,,
23,,,,83159,,,,,,,,,,,,0.46207091212272644,0.11137212812900543,,0.5231911540031433,,4.3934221267700195,,,,,,,,,,,,,
23,,,,83179,,,,,,,,,,,,0.46207091212272644,0.076118603348732,,0.6971591711044312,,4.382408142089844,,,,,,,,,,,,,
23,,,,83199,,,,,,,,,,,,0.46207091212272644,0.030169807374477386,,1.0311890840530396,,4.202849388122559,,,,,,,,,,,,,
23,,,,83219,,,,,,,,,,,,0.46207091212272644,0.031223256140947342,,0.8466292023658752,,3.6960601806640625,,,,,,,,,,,,,
23,,,,83239,,,,,,,,,,,,0.46207091212272644,0.022863544523715973,,1.0834243297576904,,4.12076473236084,,,,,,,,,,,,,
23,,,,83259,,,,,,,,,,,,0.46207091212272644,0.0716414749622345,,0.7308911681175232,,4.258264541625977,,,,,,,,,,,,,
23,,,,83279,,,,,,,,,,,,0.46207091212272644,0.051961254328489304,,0.8949389457702637,,3.714425563812256,,,,,,,,,,,,,
23,,,,83299,,,,,,,,,,,,0.46207091212272644,0.05872878432273865,,0.7278359532356262,,4.319118499755859,,,,,,,,,,,,,
23,,,,83319,,,,,,,,,,,,0.46207091212272644,0.026233941316604614,,0.9664099812507629,,3.7948625087738037,,,,,,,,,,,,,
23,,,,83339,,,,,,,,,,,,0.46207091212272644,0.11709639430046082,,0.5364079475402832,,4.40886116027832,,,,,,,,,,,,,
23,,,,83359,,,,,,,,,,,,0.46207091212272644,0.02570420503616333,,1.006813883781433,,3.8540077209472656,,,,,,,,,,,,,
23,,,,83379,,,,,,,,,,,,0.46207091212272644,0.1118001788854599,,0.5234087705612183,,4.425649166107178,,,,,,,,,,,,,
23,,,,83399,,,,,,,,,,,,0.46207091212272644,0.04463020712137222,,0.6698561310768127,,3.47400164604187,,,,,,,,,,,,,
23,,,,83419,,,,,,,,,,,,0.46207091212272644,0.02292488142848015,,1.0616090297698975,,3.9258296489715576,,,,,,,,,,,,,
23,,,,83439,,,,,,,,,,,,0.46207091212272644,0.09007593989372253,,0.663598895072937,,4.348512649536133,,,,,,,,,,,,,
23,,,,83459,,,,,,,,,,,,0.46207091212272644,0.08799485862255096,,0.7409259676933289,,4.318424701690674,,,,,,,,,,,,,
23,,,,83479,,,,,,,,,,,,0.46207091212272644,0.04583938419818878,,0.7766484022140503,,3.6677639484405518,,,,,,,,,,,,,
23,,,,83499,,,,,,,,,,,,0.46207091212272644,0.034069307148456573,,0.836868405342102,,3.6786038875579834,,,,,,,,,,,,,
23,,,,83519,,,,,,,,,,,,0.46207091212272644,0.0932217612862587,,0.3983376622200012,,3.225184917449951,,,,,,,,,,,,,
23,,,,83539,,,,,,,,,,,,0.46207091212272644,0.07226739823818207,,0.5246255397796631,,3.4119458198547363,,,,,,,,,,,,,
23,,,,83559,,,,,,,,,,,,0.46207091212272644,0.023227699100971222,,1.1098908185958862,,4.065072059631348,,,,,,,,,,,,,
23,,,,83567,,,,,,,,,,,,,,,,,,0.715303897857666,0.8784780502319336,0.7074192762374878,0.7055988907814026,0.522720992565155,0.7037785053253174,0.6263917684555054,0.7281092405319214,0.6773338913917542,0.7418926358222961,0.8328279852867126,0.563059389591217,0.715303897857666
23,,,,83567,,,,,,,,,0.5623507499694824,0.07027894258499146,0.462065726518631,,,0.6949000954627991,,3.9116272926330566,,,,,,,,,,,,,,
24,,,,83568,0.6111234426498413,0.792625904083252,0.601656973361969,0.7522648572921753,0.606139063835144,0.47281160950660706,0.6144425868988037,0.6111234426498413,,,,,,,,,,,,,,,,,,,,,,
