epoch,lr-AdamW/pg1,lr-AdamW/pg2,step,test/acc,test/auroc,test/f1,test/mcc,train/acc,train/loss_epoch,train/loss_step,val/acc,val/f1,val/loss,val/mcc,val/precision,val/recall
,1.5068188140083359e-05,1.5068188140083359e-05,0,,,,,,,,,,,,,
0,,,19,,,,,,,15.370401382446289,,,,,,
0,,,39,,,,,,,10.711719512939453,,,,,,
0,,,59,,,,,,,12.564529418945312,,,,,,
0,,,79,,,,,,,11.854413032531738,,,,,,
0,,,99,,,,,,,8.335691452026367,,,,,,
0,,,119,,,,,,,10.455767631530762,,,,,,
0,,,139,,,,,,,7.9909987449646,,,,,,
0,,,159,,,,,,,4.258449554443359,,,,,,
0,,,179,,,,,,,9.937840461730957,,,,,,
0,,,199,,,,,,,2.7051780223846436,,,,,,
0,,,219,,,,,,,2.6439971923828125,,,,,,
0,,,239,,,,,,,6.100257873535156,,,,,,
0,,,259,,,,,,,5.772756576538086,,,,,,
0,,,279,,,,,,,3.949265718460083,,,,,,
0,,,299,,,,,,,3.080775737762451,,,,,,
0,,,319,,,,,,,2.6151278018951416,,,,,,
0,,,339,,,,,,,3.133584499359131,,,,,,
0,,,359,,,,,,,3.9036829471588135,,,,,,
0,,,379,,,,,,,2.403855323791504,,,,,,
0,,,399,,,,,,,3.45715069770813,,,,,,
0,,,419,,,,,,,3.0753512382507324,,,,,,
0,,,439,,,,,,,5.098404407501221,,,,,,
0,,,459,,,,,,,3.8415017127990723,,,,,,
0,,,479,,,,,,,8.652996063232422,,,,,,
0,,,499,,,,,,,2.1785547733306885,,,,,,
0,,,519,,,,,,,2.9722037315368652,,,,,,
0,,,539,,,,,,,2.5490777492523193,,,,,,
0,,,559,,,,,,,2.773203134536743,,,,,,
0,,,579,,,,,,,2.6768250465393066,,,,,,
0,,,599,,,,,,,1.9816644191741943,,,,,,
0,,,619,,,,,,,1.9411132335662842,,,,,,
0,,,639,,,,,,,2.2330164909362793,,,,,,
0,,,659,,,,,,,2.3780593872070312,,,,,,
0,,,679,,,,,,,2.280073404312134,,,,,,
0,,,699,,,,,,,3.1177492141723633,,,,,,
0,,,719,,,,,,,3.18331241607666,,,,,,
0,,,739,,,,,,,1.8324127197265625,,,,,,
0,,,759,,,,,,,2.636108160018921,,,,,,
0,,,779,,,,,,,2.1602320671081543,,,,,,
0,,,799,,,,,,,2.2504019737243652,,,,,,
0,,,819,,,,,,,8.925130844116211,,,,,,
0,,,839,,,,,,,2.028040885925293,,,,,,
0,,,859,,,,,,,1.6454503536224365,,,,,,
0,,,879,,,,,,,1.9613608121871948,,,,,,
0,,,899,,,,,,,1.806208848953247,,,,,,
0,,,919,,,,,,,1.7188588380813599,,,,,,
0,,,939,,,,,,,1.6513460874557495,,,,,,
0,,,959,,,,,,,1.7297883033752441,,,,,,
0,,,979,,,,,,,3.8557724952697754,,,,,,
0,,,999,,,,,,,1.9941935539245605,,,,,,
0,,,1019,,,,,,,2.365163564682007,,,,,,
0,,,1039,,,,,,,6.8203253746032715,,,,,,
0,,,1059,,,,,,,1.9068700075149536,,,,,,
0,,,1079,,,,,,,1.4538984298706055,,,,,,
0,,,1099,,,,,,,1.7600505352020264,,,,,,
0,,,1119,,,,,,,1.912011742591858,,,,,,
0,,,1139,,,,,,,1.521867036819458,,,,,,
0,,,1159,,,,,,,1.623097538948059,,,,,,
0,,,1179,,,,,,,2.551095724105835,,,,,,
0,,,1199,,,,,,,1.8209524154663086,,,,,,
0,,,1219,,,,,,,2.7594690322875977,,,,,,
0,,,1239,,,,,,,2.326569080352783,,,,,,
0,,,1259,,,,,,,2.300868034362793,,,,,,
0,,,1279,,,,,,,1.54596745967865,,,,,,
0,,,1299,,,,,,,2.4555540084838867,,,,,,
0,,,1319,,,,,,,1.3169121742248535,,,,,,
0,,,1339,,,,,,,1.5827226638793945,,,,,,
0,,,1359,,,,,,,2.0318727493286133,,,,,,
0,,,1379,,,,,,,1.7608187198638916,,,,,,
0,,,1399,,,,,,,1.491034746170044,,,,,,
0,,,1419,,,,,,,1.6732509136199951,,,,,,
0,,,1439,,,,,,,1.7534337043762207,,,,,,
0,,,1459,,,,,,,3.580258369445801,,,,,,
0,,,1479,,,,,,,1.4783549308776855,,,,,,
0,,,1499,,,,,,,3.116260051727295,,,,,,
0,,,1519,,,,,,,1.4651408195495605,,,,,,
0,,,1539,,,,,,,4.8446879386901855,,,,,,
0,,,1559,,,,,,,1.319181203842163,,,,,,
0,,,1579,,,,,,,1.2607160806655884,,,,,,
0,,,1599,,,,,,,1.307893991470337,,,,,,
0,,,1619,,,,,,,1.213274598121643,,,,,,
0,,,1639,,,,,,,1.6270315647125244,,,,,,
0,,,1659,,,,,,,1.5261468887329102,,,,,,
0,,,1679,,,,,,,1.8495218753814697,,,,,,
0,,,1699,,,,,,,1.4236106872558594,,,,,,
0,,,1719,,,,,,,2.094482421875,,,,,,
0,,,1739,,,,,,,1.502235770225525,,,,,,
0,,,1759,,,,,,,1.2152254581451416,,,,,,
0,,,1779,,,,,,,1.471100926399231,,,,,,
0,,,1799,,,,,,,1.3065977096557617,,,,,,
0,,,1819,,,,,,,1.7898988723754883,,,,,,
0,,,1839,,,,,,,2.9033987522125244,,,,,,
0,,,1859,,,,,,,1.6945512294769287,,,,,,
0,,,1879,,,,,,,1.8687041997909546,,,,,,
0,,,1899,,,,,,,1.6521869897842407,,,,,,
0,,,1919,,,,,,,1.2278809547424316,,,,,,
0,,,1939,,,,,,,1.2540266513824463,,,,,,
0,,,1959,,,,,,,2.4886980056762695,,,,,,
0,,,1979,,,,,,,1.9538841247558594,,,,,,
0,,,1999,,,,,,,1.2806288003921509,,,,,,
0,,,2019,,,,,,,1.869825005531311,,,,,,
0,,,2039,,,,,,,1.3609395027160645,,,,,,
0,,,2059,,,,,,,1.3531075716018677,,,,,,
0,,,2079,,,,,,,1.2370336055755615,,,,,,
0,,,2099,,,,,,,1.514002799987793,,,,,,
0,,,2119,,,,,,,1.1188304424285889,,,,,,
0,,,2139,,,,,,,2.3835813999176025,,,,,,
0,,,2159,,,,,,,1.1785075664520264,,,,,,
0,,,2179,,,,,,,2.0408177375793457,,,,,,
0,,,2199,,,,,,,1.2730813026428223,,,,,,
0,,,2219,,,,,,,1.1576542854309082,,,,,,
0,,,2239,,,,,,,1.4318472146987915,,,,,,
0,,,2259,,,,,,,2.71036434173584,,,,,,
0,,,2279,,,,,,,1.4387913942337036,,,,,,
0,,,2299,,,,,,,1.357047438621521,,,,,,
0,,,2319,,,,,,,1.33614182472229,,,,,,
0,,,2339,,,,,,,1.7943897247314453,,,,,,
0,,,2359,,,,,,,1.651167392730713,,,,,,
0,,,2379,,,,,,,1.6260924339294434,,,,,,
0,,,2399,,,,,,,1.2127318382263184,,,,,,
0,,,2419,,,,,,,2.0569908618927,,,,,,
0,,,2439,,,,,,,1.221724510192871,,,,,,
0,,,2459,,,,,,,1.528111219406128,,,,,,
0,,,2479,,,,,,,0.995772123336792,,,,,,
0,,,2499,,,,,,,1.2020639181137085,,,,,,
0,,,2519,,,,,,,1.1576526165008545,,,,,,
0,,,2539,,,,,,,1.107285976409912,,,,,,
0,,,2559,,,,,,,1.226875901222229,,,,,,
0,,,2579,,,,,,,1.2340260744094849,,,,,,
0,,,2599,,,,,,,1.0780363082885742,,,,,,
0,,,2619,,,,,,,1.2637462615966797,,,,,,
0,,,2639,,,,,,,0.998169481754303,,,,,,
0,,,2659,,,,,,,1.248263955116272,,,,,,
0,,,2679,,,,,,,2.1290955543518066,,,,,,
0,,,2699,,,,,,,1.7176291942596436,,,,,,
0,,,2719,,,,,,,0.8948025107383728,,,,,,
0,,,2739,,,,,,,1.4645953178405762,,,,,,
0,,,2759,,,,,,,1.2594223022460938,,,,,,
0,,,2779,,,,,,,1.7843680381774902,,,,,,
0,,,2799,,,,,,,1.7038803100585938,,,,,,
0,,,2819,,,,,,,1.4357242584228516,,,,,,
0,,,2839,,,,,,,1.2642267942428589,,,,,,
0,,,2859,,,,,,,1.1328669786453247,,,,,,
0,,,2869,,,,,,,,0.42008069157600403,0.3566760718822479,13.56449031829834,0.25352129340171814,0.3121204078197479,0.42008069157600403
0,,,2869,,,,,0.5959362387657166,3.0121161937713623,,,,,,,
,1.5068188140083359e-05,1.5068188140083359e-05,2870,,,,,,,,,,,,,
1,,,2879,,,,,,,1.4322447776794434,,,,,,
1,,,2899,,,,,,,2.5170185565948486,,,,,,
1,,,2919,,,,,,,2.223227024078369,,,,,,
1,,,2939,,,,,,,1.6057138442993164,,,,,,
1,,,2959,,,,,,,1.4970958232879639,,,,,,
1,,,2979,,,,,,,1.2521895170211792,,,,,,
1,,,2999,,,,,,,1.2988812923431396,,,,,,
1,,,3019,,,,,,,1.5419152975082397,,,,,,
1,,,3039,,,,,,,1.4430172443389893,,,,,,
1,,,3059,,,,,,,1.488497257232666,,,,,,
1,,,3079,,,,,,,1.234362006187439,,,,,,
1,,,3099,,,,,,,1.201329231262207,,,,,,
1,,,3119,,,,,,,0.9763539433479309,,,,,,
1,,,3139,,,,,,,1.4200419187545776,,,,,,
1,,,3159,,,,,,,1.338449478149414,,,,,,
1,,,3179,,,,,,,1.5208964347839355,,,,,,
1,,,3199,,,,,,,1.2076104879379272,,,,,,
1,,,3219,,,,,,,1.458467960357666,,,,,,
1,,,3239,,,,,,,1.2666064500808716,,,,,,
1,,,3259,,,,,,,0.9694080352783203,,,,,,
1,,,3279,,,,,,,1.030918836593628,,,,,,
1,,,3299,,,,,,,1.5966228246688843,,,,,,
1,,,3319,,,,,,,1.0535576343536377,,,,,,
1,,,3339,,,,,,,1.4250110387802124,,,,,,
1,,,3359,,,,,,,1.6493103504180908,,,,,,
1,,,3379,,,,,,,1.2545191049575806,,,,,,
1,,,3399,,,,,,,1.8113548755645752,,,,,,
1,,,3419,,,,,,,1.57086980342865,,,,,,
1,,,3439,,,,,,,0.9921069741249084,,,,,,
1,,,3459,,,,,,,1.1129086017608643,,,,,,
1,,,3479,,,,,,,1.1553752422332764,,,,,,
1,,,3499,,,,,,,1.1159356832504272,,,,,,
1,,,3519,,,,,,,1.2086223363876343,,,,,,
1,,,3539,,,,,,,1.08650541305542,,,,,,
1,,,3559,,,,,,,0.9983118772506714,,,,,,
1,,,3579,,,,,,,1.3251036405563354,,,,,,
1,,,3599,,,,,,,1.2682019472122192,,,,,,
1,,,3619,,,,,,,1.9552321434020996,,,,,,
1,,,3639,,,,,,,1.2907915115356445,,,,,,
1,,,3659,,,,,,,1.1544348001480103,,,,,,
1,,,3679,,,,,,,1.025268793106079,,,,,,
1,,,3699,,,,,,,1.6022071838378906,,,,,,
1,,,3719,,,,,,,0.9869897365570068,,,,,,
1,,,3739,,,,,,,0.9228544235229492,,,,,,
1,,,3759,,,,,,,1.0221123695373535,,,,,,
1,,,3779,,,,,,,1.0533697605133057,,,,,,
1,,,3799,,,,,,,1.063115119934082,,,,,,
1,,,3819,,,,,,,1.3077712059020996,,,,,,
1,,,3839,,,,,,,1.5154377222061157,,,,,,
1,,,3859,,,,,,,1.4392926692962646,,,,,,
1,,,3879,,,,,,,1.4357640743255615,,,,,,
1,,,3899,,,,,,,1.2075499296188354,,,,,,
1,,,3919,,,,,,,1.1036550998687744,,,,,,
1,,,3939,,,,,,,0.9139730930328369,,,,,,
1,,,3959,,,,,,,1.1319031715393066,,,,,,
1,,,3979,,,,,,,1.6067147254943848,,,,,,
1,,,3999,,,,,,,1.1225192546844482,,,,,,
1,,,4019,,,,,,,1.6677578687667847,,,,,,
1,,,4039,,,,,,,1.086106777191162,,,,,,
1,,,4059,,,,,,,1.070597767829895,,,,,,
1,,,4079,,,,,,,1.1476982831954956,,,,,,
1,,,4099,,,,,,,1.199164628982544,,,,,,
1,,,4119,,,,,,,1.005928874015808,,,,,,
1,,,4139,,,,,,,2.0566859245300293,,,,,,
1,,,4159,,,,,,,1.165002465248108,,,,,,
1,,,4179,,,,,,,1.5148046016693115,,,,,,
1,,,4199,,,,,,,1.1263928413391113,,,,,,
1,,,4219,,,,,,,1.5065559148788452,,,,,,
1,,,4239,,,,,,,0.9586502313613892,,,,,,
1,,,4259,,,,,,,1.184656023979187,,,,,,
1,,,4279,,,,,,,1.0729026794433594,,,,,,
1,,,4299,,,,,,,1.4076383113861084,,,,,,
1,,,4319,,,,,,,0.9534786939620972,,,,,,
1,,,4339,,,,,,,1.1666538715362549,,,,,,
1,,,4359,,,,,,,0.9750297665596008,,,,,,
1,,,4379,,,,,,,1.0714809894561768,,,,,,
1,,,4399,,,,,,,1.2221211194992065,,,,,,
1,,,4419,,,,,,,1.3063991069793701,,,,,,
1,,,4439,,,,,,,0.9914852380752563,,,,,,
1,,,4459,,,,,,,1.1244438886642456,,,,,,
1,,,4479,,,,,,,1.0178463459014893,,,,,,
1,,,4499,,,,,,,1.2233657836914062,,,,,,
1,,,4519,,,,,,,1.73195219039917,,,,,,
1,,,4539,,,,,,,1.3597370386123657,,,,,,
1,,,4559,,,,,,,1.2305846214294434,,,,,,
1,,,4579,,,,,,,1.1806073188781738,,,,,,
1,,,4599,,,,,,,1.3014317750930786,,,,,,
1,,,4619,,,,,,,1.2965831756591797,,,,,,
1,,,4639,,,,,,,1.3530112504959106,,,,,,
1,,,4659,,,,,,,1.2041579484939575,,,,,,
1,,,4679,,,,,,,1.2493609189987183,,,,,,
1,,,4699,,,,,,,0.9533860087394714,,,,,,
1,,,4719,,,,,,,1.3993585109710693,,,,,,
1,,,4739,,,,,,,1.0259582996368408,,,,,,
1,,,4759,,,,,,,1.2247017621994019,,,,,,
1,,,4779,,,,,,,0.9884536862373352,,,,,,
1,,,4799,,,,,,,1.903781771659851,,,,,,
1,,,4819,,,,,,,1.1553361415863037,,,,,,
1,,,4839,,,,,,,1.2714978456497192,,,,,,
1,,,4859,,,,,,,1.5884697437286377,,,,,,
1,,,4879,,,,,,,1.106909990310669,,,,,,
1,,,4899,,,,,,,1.0980613231658936,,,,,,
1,,,4919,,,,,,,1.0129082202911377,,,,,,
1,,,4939,,,,,,,1.1743897199630737,,,,,,
1,,,4959,,,,,,,0.9341982007026672,,,,,,
1,,,4979,,,,,,,0.9755523204803467,,,,,,
1,,,4999,,,,,,,1.1631925106048584,,,,,,
1,,,5019,,,,,,,1.0181573629379272,,,,,,
1,,,5039,,,,,,,1.2116737365722656,,,,,,
1,,,5059,,,,,,,1.3283947706222534,,,,,,
1,,,5079,,,,,,,1.3169419765472412,,,,,,
1,,,5099,,,,,,,1.1139016151428223,,,,,,
1,,,5119,,,,,,,1.2558143138885498,,,,,,
1,,,5139,,,,,,,1.0886268615722656,,,,,,
1,,,5159,,,,,,,1.1251864433288574,,,,,,
1,,,5179,,,,,,,1.7128961086273193,,,,,,
1,,,5199,,,,,,,1.228825569152832,,,,,,
1,,,5219,,,,,,,1.3704389333724976,,,,,,
1,,,5239,,,,,,,1.2307195663452148,,,,,,
1,,,5259,,,,,,,1.0709114074707031,,,,,,
1,,,5279,,,,,,,1.5373719930648804,,,,,,
1,,,5299,,,,,,,0.8235101103782654,,,,,,
1,,,5319,,,,,,,1.1109230518341064,,,,,,
1,,,5339,,,,,,,1.5142725706100464,,,,,,
1,,,5359,,,,,,,0.9960654377937317,,,,,,
1,,,5379,,,,,,,1.0138133764266968,,,,,,
1,,,5399,,,,,,,1.1594477891921997,,,,,,
1,,,5419,,,,,,,0.9323642253875732,,,,,,
1,,,5439,,,,,,,0.9391433000564575,,,,,,
1,,,5459,,,,,,,1.6040916442871094,,,,,,
1,,,5479,,,,,,,1.39503812789917,,,,,,
1,,,5499,,,,,,,1.246018648147583,,,,,,
1,,,5519,,,,,,,0.9422215223312378,,,,,,
1,,,5539,,,,,,,1.489511489868164,,,,,,
1,,,5559,,,,,,,0.9560543894767761,,,,,,
1,,,5579,,,,,,,1.3019719123840332,,,,,,
1,,,5599,,,,,,,1.060899257659912,,,,,,
1,,,5619,,,,,,,1.260817289352417,,,,,,
1,,,5639,,,,,,,1.0666183233261108,,,,,,
1,,,5659,,,,,,,1.1439473628997803,,,,,,
1,,,5679,,,,,,,0.966140627861023,,,,,,
1,,,5699,,,,,,,1.717286229133606,,,,,,
1,,,5719,,,,,,,1.0824217796325684,,,,,,
1,,,5739,,,,,,,1.0786805152893066,,,,,,
1,,,5739,,,,,,,,0.429820716381073,0.36794862151145935,12.623297691345215,0.2653907835483551,0.330481618642807,0.429820716381073
1,,,5739,,,,,0.6134244799613953,1.2584999799728394,,,,,,,
,3.0136376280166718e-05,3.0136376280166718e-05,5740,,,,,,,,,,,,,
2,,,5759,,,,,,,1.0890477895736694,,,,,,
2,,,5779,,,,,,,1.1697804927825928,,,,,,
2,,,5799,,,,,,,1.1701080799102783,,,,,,
2,,,5819,,,,,,,1.0067579746246338,,,,,,
2,,,5839,,,,,,,1.3594589233398438,,,,,,
2,,,5859,,,,,,,1.1807708740234375,,,,,,
2,,,5879,,,,,,,1.1675612926483154,,,,,,
2,,,5899,,,,,,,1.2882170677185059,,,,,,
2,,,5919,,,,,,,1.277241587638855,,,,,,
2,,,5939,,,,,,,0.9923456907272339,,,,,,
2,,,5959,,,,,,,1.0881839990615845,,,,,,
2,,,5979,,,,,,,1.0307343006134033,,,,,,
2,,,5999,,,,,,,1.521212100982666,,,,,,
2,,,6019,,,,,,,1.157671570777893,,,,,,
2,,,6039,,,,,,,1.288629174232483,,,,,,
2,,,6059,,,,,,,1.2746683359146118,,,,,,
2,,,6079,,,,,,,1.1882007122039795,,,,,,
2,,,6099,,,,,,,1.0761665105819702,,,,,,
2,,,6119,,,,,,,1.1634464263916016,,,,,,
2,,,6139,,,,,,,1.226783275604248,,,,,,
2,,,6159,,,,,,,1.477339744567871,,,,,,
2,,,6179,,,,,,,1.0380479097366333,,,,,,
2,,,6199,,,,,,,0.7698273062705994,,,,,,
2,,,6219,,,,,,,1.395085334777832,,,,,,
2,,,6239,,,,,,,1.1365699768066406,,,,,,
2,,,6259,,,,,,,1.8118746280670166,,,,,,
2,,,6279,,,,,,,1.105839729309082,,,,,,
2,,,6299,,,,,,,1.109117031097412,,,,,,
2,,,6319,,,,,,,4.330374717712402,,,,,,
2,,,6339,,,,,,,1.001051425933838,,,,,,
2,,,6359,,,,,,,1.690272569656372,,,,,,
2,,,6379,,,,,,,1.313072681427002,,,,,,
2,,,6399,,,,,,,3.2177915573120117,,,,,,
2,,,6419,,,,,,,1.3690029382705688,,,,,,
2,,,6439,,,,,,,1.1667729616165161,,,,,,
2,,,6459,,,,,,,0.9935252070426941,,,,,,
2,,,6479,,,,,,,1.1639434099197388,,,,,,
2,,,6499,,,,,,,0.7735763788223267,,,,,,
2,,,6519,,,,,,,1.1934704780578613,,,,,,
2,,,6539,,,,,,,1.0406951904296875,,,,,,
2,,,6559,,,,,,,0.9852935075759888,,,,,,
2,,,6579,,,,,,,1.4342899322509766,,,,,,
2,,,6599,,,,,,,1.014977216720581,,,,,,
2,,,6619,,,,,,,1.4394153356552124,,,,,,
2,,,6639,,,,,,,0.8056060075759888,,,,,,
2,,,6659,,,,,,,2.9702353477478027,,,,,,
2,,,6679,,,,,,,1.11301851272583,,,,,,
2,,,6699,,,,,,,0.925055742263794,,,,,,
2,,,6719,,,,,,,1.2152516841888428,,,,,,
2,,,6739,,,,,,,1.3634144067764282,,,,,,
2,,,6759,,,,,,,1.5805104970932007,,,,,,
2,,,6779,,,,,,,0.9241234064102173,,,,,,
2,,,6799,,,,,,,1.0798778533935547,,,,,,
2,,,6819,,,,,,,1.3348350524902344,,,,,,
2,,,6839,,,,,,,1.0806622505187988,,,,,,
2,,,6859,,,,,,,2.087132453918457,,,,,,
2,,,6879,,,,,,,1.1795461177825928,,,,,,
2,,,6899,,,,,,,0.9286110997200012,,,,,,
2,,,6919,,,,,,,1.4268770217895508,,,,,,
2,,,6939,,,,,,,0.9885080456733704,,,,,,
2,,,6959,,,,,,,1.4758297204971313,,,,,,
2,,,6979,,,,,,,1.2630252838134766,,,,,,
2,,,6999,,,,,,,1.1692156791687012,,,,,,
2,,,7019,,,,,,,1.4591273069381714,,,,,,
2,,,7039,,,,,,,1.3456647396087646,,,,,,
2,,,7059,,,,,,,1.3318932056427002,,,,,,
2,,,7079,,,,,,,4.696445941925049,,,,,,
2,,,7099,,,,,,,1.5212516784667969,,,,,,
2,,,7119,,,,,,,1.3525705337524414,,,,,,
2,,,7139,,,,,,,1.6133544445037842,,,,,,
2,,,7159,,,,,,,1.1512413024902344,,,,,,
2,,,7179,,,,,,,1.0202827453613281,,,,,,
2,,,7199,,,,,,,1.6055700778961182,,,,,,
2,,,7219,,,,,,,1.8400465250015259,,,,,,
2,,,7239,,,,,,,0.8246759176254272,,,,,,
2,,,7259,,,,,,,0.9984333515167236,,,,,,
2,,,7279,,,,,,,0.9428426623344421,,,,,,
2,,,7299,,,,,,,0.883293867111206,,,,,,
2,,,7319,,,,,,,1.0654096603393555,,,,,,
2,,,7339,,,,,,,0.9861087799072266,,,,,,
2,,,7359,,,,,,,1.6618382930755615,,,,,,
2,,,7379,,,,,,,1.0982962846755981,,,,,,
2,,,7399,,,,,,,1.1315357685089111,,,,,,
2,,,7419,,,,,,,1.0978683233261108,,,,,,
2,,,7439,,,,,,,1.044585943222046,,,,,,
2,,,7459,,,,,,,1.2383137941360474,,,,,,
2,,,7479,,,,,,,0.9104446172714233,,,,,,
2,,,7499,,,,,,,0.9284522533416748,,,,,,
2,,,7519,,,,,,,1.4625017642974854,,,,,,
2,,,7539,,,,,,,1.862274408340454,,,,,,
2,,,7559,,,,,,,1.0907070636749268,,,,,,
2,,,7579,,,,,,,1.2670999765396118,,,,,,
2,,,7599,,,,,,,3.930643081665039,,,,,,
2,,,7619,,,,,,,1.0531150102615356,,,,,,
2,,,7639,,,,,,,1.1524556875228882,,,,,,
2,,,7659,,,,,,,0.8082540035247803,,,,,,
2,,,7679,,,,,,,1.0593459606170654,,,,,,
2,,,7699,,,,,,,1.0952422618865967,,,,,,
2,,,7719,,,,,,,1.0135114192962646,,,,,,
2,,,7739,,,,,,,0.9972378015518188,,,,,,
2,,,7759,,,,,,,0.8946515917778015,,,,,,
2,,,7779,,,,,,,0.9951990246772766,,,,,,
2,,,7799,,,,,,,1.109336256980896,,,,,,
2,,,7819,,,,,,,1.4764760732650757,,,,,,
2,,,7839,,,,,,,1.111592173576355,,,,,,
2,,,7859,,,,,,,1.0287896394729614,,,,,,
2,,,7879,,,,,,,1.6014753580093384,,,,,,
2,,,7899,,,,,,,1.2742531299591064,,,,,,
2,,,7919,,,,,,,2.4157156944274902,,,,,,
2,,,7939,,,,,,,1.0142607688903809,,,,,,
2,,,7959,,,,,,,1.134251356124878,,,,,,
2,,,7979,,,,,,,1.1181148290634155,,,,,,
2,,,7999,,,,,,,0.8483025431632996,,,,,,
2,,,8019,,,,,,,0.9589649438858032,,,,,,
2,,,8039,,,,,,,1.697077989578247,,,,,,
2,,,8059,,,,,,,1.438737154006958,,,,,,
2,,,8079,,,,,,,1.2862515449523926,,,,,,
2,,,8099,,,,,,,1.458925485610962,,,,,,
2,,,8119,,,,,,,0.8084932565689087,,,,,,
2,,,8139,,,,,,,0.9606781005859375,,,,,,
2,,,8159,,,,,,,1.5181221961975098,,,,,,
2,,,8179,,,,,,,1.5182265043258667,,,,,,
2,,,8199,,,,,,,0.9154337048530579,,,,,,
2,,,8219,,,,,,,1.062889575958252,,,,,,
2,,,8239,,,,,,,0.9506321549415588,,,,,,
2,,,8259,,,,,,,0.9753962755203247,,,,,,
2,,,8279,,,,,,,1.092155933380127,,,,,,
2,,,8299,,,,,,,0.7322738170623779,,,,,,
2,,,8319,,,,,,,0.86857008934021,,,,,,
2,,,8339,,,,,,,0.9080414772033691,,,,,,
2,,,8359,,,,,,,1.046651840209961,,,,,,
2,,,8379,,,,,,,0.9146633744239807,,,,,,
2,,,8399,,,,,,,1.1839821338653564,,,,,,
2,,,8419,,,,,,,1.0839855670928955,,,,,,
2,,,8439,,,,,,,0.9092506170272827,,,,,,
2,,,8459,,,,,,,0.8371574878692627,,,,,,
2,,,8479,,,,,,,1.353924036026001,,,,,,
2,,,8499,,,,,,,1.1403228044509888,,,,,,
2,,,8519,,,,,,,0.9074916839599609,,,,,,
2,,,8539,,,,,,,1.140333652496338,,,,,,
2,,,8559,,,,,,,1.1998944282531738,,,,,,
2,,,8579,,,,,,,1.1037137508392334,,,,,,
2,,,8599,,,,,,,1.847609043121338,,,,,,
2,,,8609,,,,,,,,0.40035998821258545,0.34885546565055847,11.424508094787598,0.23514427244663239,0.3475077748298645,0.40035998821258545
2,,,8609,,,,,0.62370765209198,1.249526023864746,,,,,,,
,4.5204564420250076e-05,4.5204564420250076e-05,8610,,,,,,,,,,,,,
3,,,8619,,,,,,,8.855384826660156,,,,,,
3,,,8639,,,,,,,1.0969302654266357,,,,,,
3,,,8659,,,,,,,1.389052152633667,,,,,,
3,,,8679,,,,,,,1.1173267364501953,,,,,,
3,,,8699,,,,,,,0.9781106114387512,,,,,,
3,,,8719,,,,,,,0.8817363977432251,,,,,,
3,,,8739,,,,,,,1.4949989318847656,,,,,,
3,,,8759,,,,,,,1.4899241924285889,,,,,,
3,,,8779,,,,,,,1.1145730018615723,,,,,,
3,,,8799,,,,,,,0.910231351852417,,,,,,
3,,,8819,,,,,,,1.2338676452636719,,,,,,
3,,,8839,,,,,,,1.032692313194275,,,,,,
3,,,8859,,,,,,,0.9897111058235168,,,,,,
3,,,8879,,,,,,,0.9837844371795654,,,,,,
3,,,8899,,,,,,,1.2856746912002563,,,,,,
3,,,8919,,,,,,,0.8013903498649597,,,,,,
3,,,8939,,,,,,,1.5433576107025146,,,,,,
3,,,8959,,,,,,,1.3519258499145508,,,,,,
3,,,8979,,,,,,,1.3688125610351562,,,,,,
3,,,8999,,,,,,,1.8133472204208374,,,,,,
3,,,9019,,,,,,,1.0675138235092163,,,,,,
3,,,9039,,,,,,,1.248273491859436,,,,,,
3,,,9059,,,,,,,0.8216443657875061,,,,,,
3,,,9079,,,,,,,1.3137110471725464,,,,,,
3,,,9099,,,,,,,1.8127251863479614,,,,,,
3,,,9119,,,,,,,1.7842581272125244,,,,,,
3,,,9139,,,,,,,1.0172579288482666,,,,,,
3,,,9159,,,,,,,1.052985668182373,,,,,,
3,,,9179,,,,,,,1.314888596534729,,,,,,
3,,,9199,,,,,,,0.9514864683151245,,,,,,
3,,,9219,,,,,,,1.1596319675445557,,,,,,
3,,,9239,,,,,,,1.5550682544708252,,,,,,
3,,,9259,,,,,,,1.087836503982544,,,,,,
3,,,9279,,,,,,,1.7392120361328125,,,,,,
3,,,9299,,,,,,,1.6136090755462646,,,,,,
3,,,9319,,,,,,,1.8586982488632202,,,,,,
3,,,9339,,,,,,,0.9921414852142334,,,,,,
3,,,9359,,,,,,,1.5753085613250732,,,,,,
3,,,9379,,,,,,,1.436785340309143,,,,,,
3,,,9399,,,,,,,1.3308899402618408,,,,,,
3,,,9419,,,,,,,1.256967306137085,,,,,,
3,,,9439,,,,,,,1.3550913333892822,,,,,,
3,,,9459,,,,,,,1.1872773170471191,,,,,,
3,,,9479,,,,,,,0.7902767658233643,,,,,,
3,,,9499,,,,,,,1.0706672668457031,,,,,,
3,,,9519,,,,,,,1.4057554006576538,,,,,,
3,,,9539,,,,,,,1.19405198097229,,,,,,
3,,,9559,,,,,,,1.1312313079833984,,,,,,
3,,,9579,,,,,,,1.1297309398651123,,,,,,
3,,,9599,,,,,,,1.324526071548462,,,,,,
3,,,9619,,,,,,,1.235681414604187,,,,,,
3,,,9639,,,,,,,1.0695152282714844,,,,,,
3,,,9659,,,,,,,2.0096347332000732,,,,,,
3,,,9679,,,,,,,1.1311850547790527,,,,,,
3,,,9699,,,,,,,1.2261080741882324,,,,,,
3,,,9719,,,,,,,5.32355260848999,,,,,,
3,,,9739,,,,,,,1.3436521291732788,,,,,,
3,,,9759,,,,,,,1.511286973953247,,,,,,
3,,,9779,,,,,,,1.4019315242767334,,,,,,
3,,,9799,,,,,,,1.6692333221435547,,,,,,
3,,,9819,,,,,,,1.2526545524597168,,,,,,
3,,,9839,,,,,,,0.8650697469711304,,,,,,
3,,,9859,,,,,,,1.0976370573043823,,,,,,
3,,,9879,,,,,,,0.8842211961746216,,,,,,
3,,,9899,,,,,,,1.1122708320617676,,,,,,
3,,,9919,,,,,,,0.8679489493370056,,,,,,
3,,,9939,,,,,,,1.479693055152893,,,,,,
3,,,9959,,,,,,,0.8693038821220398,,,,,,
3,,,9979,,,,,,,0.9688345789909363,,,,,,
3,,,9999,,,,,,,1.3972506523132324,,,,,,
3,,,10019,,,,,,,1.7109557390213013,,,,,,
3,,,10039,,,,,,,0.8824326992034912,,,,,,
3,,,10059,,,,,,,1.037831425666809,,,,,,
3,,,10079,,,,,,,0.9824044704437256,,,,,,
3,,,10099,,,,,,,1.0692212581634521,,,,,,
3,,,10119,,,,,,,1.5961099863052368,,,,,,
3,,,10139,,,,,,,1.2316381931304932,,,,,,
3,,,10159,,,,,,,3.479285717010498,,,,,,
3,,,10179,,,,,,,1.250637412071228,,,,,,
3,,,10199,,,,,,,1.4681320190429688,,,,,,
3,,,10219,,,,,,,1.4156147241592407,,,,,,
3,,,10239,,,,,,,0.8124415874481201,,,,,,
3,,,10259,,,,,,,0.910010814666748,,,,,,
3,,,10279,,,,,,,1.3358701467514038,,,,,,
3,,,10299,,,,,,,1.2016518115997314,,,,,,
3,,,10319,,,,,,,1.72360360622406,,,,,,
3,,,10339,,,,,,,0.8576112389564514,,,,,,
3,,,10359,,,,,,,0.9826849102973938,,,,,,
3,,,10379,,,,,,,1.0249271392822266,,,,,,
3,,,10399,,,,,,,1.0085505247116089,,,,,,
3,,,10419,,,,,,,0.8205279111862183,,,,,,
3,,,10439,,,,,,,1.155227780342102,,,,,,
3,,,10459,,,,,,,1.006659984588623,,,,,,
3,,,10479,,,,,,,0.9009517431259155,,,,,,
3,,,10499,,,,,,,1.0063178539276123,,,,,,
3,,,10519,,,,,,,0.9927424788475037,,,,,,
3,,,10539,,,,,,,1.7219810485839844,,,,,,
3,,,10559,,,,,,,1.221076488494873,,,,,,
3,,,10579,,,,,,,1.0041128396987915,,,,,,
3,,,10599,,,,,,,1.182307481765747,,,,,,
3,,,10619,,,,,,,1.140634536743164,,,,,,
3,,,10639,,,,,,,1.1777801513671875,,,,,,
3,,,10659,,,,,,,0.9321739673614502,,,,,,
3,,,10679,,,,,,,1.0853450298309326,,,,,,
3,,,10699,,,,,,,1.63559889793396,,,,,,
3,,,10719,,,,,,,0.9554175138473511,,,,,,
3,,,10739,,,,,,,0.8847571611404419,,,,,,
3,,,10759,,,,,,,1.711080551147461,,,,,,
3,,,10779,,,,,,,0.9636761546134949,,,,,,
3,,,10799,,,,,,,1.1822848320007324,,,,,,
3,,,10819,,,,,,,1.1082496643066406,,,,,,
3,,,10839,,,,,,,1.8644568920135498,,,,,,
3,,,10859,,,,,,,0.88526850938797,,,,,,
3,,,10879,,,,,,,1.1179141998291016,,,,,,
3,,,10899,,,,,,,1.5867217779159546,,,,,,
3,,,10919,,,,,,,1.0703415870666504,,,,,,
3,,,10939,,,,,,,1.142436146736145,,,,,,
3,,,10959,,,,,,,0.963549017906189,,,,,,
3,,,10979,,,,,,,1.078932762145996,,,,,,
3,,,10999,,,,,,,0.769965410232544,,,,,,
3,,,11019,,,,,,,0.9020956754684448,,,,,,
3,,,11039,,,,,,,0.7764425277709961,,,,,,
3,,,11059,,,,,,,0.9716074466705322,,,,,,
3,,,11079,,,,,,,0.8773680925369263,,,,,,
3,,,11099,,,,,,,1.7573838233947754,,,,,,
3,,,11119,,,,,,,0.871200442314148,,,,,,
3,,,11139,,,,,,,1.0021048784255981,,,,,,
3,,,11159,,,,,,,1.2443535327911377,,,,,,
3,,,11179,,,,,,,0.938381552696228,,,,,,
3,,,11199,,,,,,,1.05338716506958,,,,,,
3,,,11219,,,,,,,0.8344416618347168,,,,,,
3,,,11239,,,,,,,1.1595041751861572,,,,,,
3,,,11259,,,,,,,2.5328454971313477,,,,,,
3,,,11279,,,,,,,1.1212387084960938,,,,,,
3,,,11299,,,,,,,1.288074254989624,,,,,,
3,,,11319,,,,,,,0.9807264804840088,,,,,,
3,,,11339,,,,,,,0.80030357837677,,,,,,
3,,,11359,,,,,,,1.0930273532867432,,,,,,
3,,,11379,,,,,,,1.1850204467773438,,,,,,
3,,,11399,,,,,,,0.8165110349655151,,,,,,
3,,,11419,,,,,,,1.3012628555297852,,,,,,
3,,,11439,,,,,,,0.9697173833847046,,,,,,
3,,,11459,,,,,,,1.0790969133377075,,,,,,
3,,,11479,,,,,,,1.6381504535675049,,,,,,
3,,,11479,,,,,,,,0.4122422933578491,0.3581768274307251,12.00443172454834,0.24807357788085938,0.3468906879425049,0.4122422933578491
3,,,11479,,,,,0.6400993466377258,1.2338860034942627,,,,,,,
,6.0272752560333435e-05,6.0272752560333435e-05,11480,,,,,,,,,,,,,
4,,,11499,,,,,,,0.9818313717842102,,,,,,
4,,,11519,,,,,,,1.0325226783752441,,,,,,
4,,,11539,,,,,,,1.7905327081680298,,,,,,
4,,,11559,,,,,,,1.3170781135559082,,,,,,
4,,,11579,,,,,,,1.349082350730896,,,,,,
4,,,11599,,,,,,,1.0845082998275757,,,,,,
4,,,11619,,,,,,,0.9111683964729309,,,,,,
4,,,11639,,,,,,,0.986140251159668,,,,,,
4,,,11659,,,,,,,1.4677765369415283,,,,,,
4,,,11679,,,,,,,1.009824514389038,,,,,,
4,,,11699,,,,,,,1.3379989862442017,,,,,,
4,,,11719,,,,,,,1.2366622686386108,,,,,,
4,,,11739,,,,,,,1.073006510734558,,,,,,
4,,,11759,,,,,,,1.0725469589233398,,,,,,
4,,,11779,,,,,,,1.0788450241088867,,,,,,
4,,,11799,,,,,,,1.3738206624984741,,,,,,
4,,,11819,,,,,,,1.2606979608535767,,,,,,
4,,,11839,,,,,,,1.3199028968811035,,,,,,
4,,,11859,,,,,,,0.9115829467773438,,,,,,
4,,,11879,,,,,,,1.1305516958236694,,,,,,
4,,,11899,,,,,,,1.4355366230010986,,,,,,
4,,,11919,,,,,,,1.175812840461731,,,,,,
4,,,11939,,,,,,,0.8003453016281128,,,,,,
4,,,11959,,,,,,,1.0922439098358154,,,,,,
4,,,11979,,,,,,,1.2569830417633057,,,,,,
4,,,11999,,,,,,,1.042231559753418,,,,,,
4,,,12019,,,,,,,0.8546106815338135,,,,,,
4,,,12039,,,,,,,1.1797795295715332,,,,,,
4,,,12059,,,,,,,1.613647699356079,,,,,,
4,,,12079,,,,,,,0.9927663207054138,,,,,,
4,,,12099,,,,,,,1.4654607772827148,,,,,,
4,,,12119,,,,,,,0.9136543273925781,,,,,,
4,,,12139,,,,,,,1.035295844078064,,,,,,
4,,,12159,,,,,,,0.8761138319969177,,,,,,
4,,,12179,,,,,,,0.8121519088745117,,,,,,
4,,,12199,,,,,,,0.8771015405654907,,,,,,
4,,,12219,,,,,,,1.5976037979125977,,,,,,
4,,,12239,,,,,,,0.9689866304397583,,,,,,
4,,,12259,,,,,,,0.9329933524131775,,,,,,
4,,,12279,,,,,,,1.1021723747253418,,,,,,
4,,,12299,,,,,,,1.3696904182434082,,,,,,
4,,,12319,,,,,,,1.6490602493286133,,,,,,
4,,,12339,,,,,,,1.0628612041473389,,,,,,
4,,,12359,,,,,,,1.1345456838607788,,,,,,
4,,,12379,,,,,,,0.7856637239456177,,,,,,
4,,,12399,,,,,,,1.0492217540740967,,,,,,
4,,,12419,,,,,,,1.0760674476623535,,,,,,
4,,,12439,,,,,,,1.4974524974822998,,,,,,
4,,,12459,,,,,,,1.2373180389404297,,,,,,
4,,,12479,,,,,,,1.3977752923965454,,,,,,
4,,,12499,,,,,,,1.4965260028839111,,,,,,
4,,,12519,,,,,,,1.3397892713546753,,,,,,
4,,,12539,,,,,,,0.8394196629524231,,,,,,
4,,,12559,,,,,,,1.4280822277069092,,,,,,
4,,,12579,,,,,,,1.035622239112854,,,,,,
4,,,12599,,,,,,,1.2391005754470825,,,,,,
4,,,12619,,,,,,,1.1018435955047607,,,,,,
4,,,12639,,,,,,,1.0337868928909302,,,,,,
4,,,12659,,,,,,,0.8325405120849609,,,,,,
4,,,12679,,,,,,,0.9044725298881531,,,,,,
4,,,12699,,,,,,,0.9830167889595032,,,,,,
4,,,12719,,,,,,,0.9601864814758301,,,,,,
4,,,12739,,,,,,,1.0122029781341553,,,,,,
4,,,12759,,,,,,,1.355367660522461,,,,,,
4,,,12779,,,,,,,6.377810001373291,,,,,,
4,,,12799,,,,,,,1.201462745666504,,,,,,
4,,,12819,,,,,,,0.8904770612716675,,,,,,
4,,,12839,,,,,,,0.7637617588043213,,,,,,
4,,,12859,,,,,,,1.93522047996521,,,,,,
4,,,12879,,,,,,,1.2271053791046143,,,,,,
4,,,12899,,,,,,,1.0651415586471558,,,,,,
4,,,12919,,,,,,,1.3163135051727295,,,,,,
4,,,12939,,,,,,,0.7846085429191589,,,,,,
4,,,12959,,,,,,,1.1613914966583252,,,,,,
4,,,12979,,,,,,,0.8393368124961853,,,,,,
4,,,12999,,,,,,,2.037320852279663,,,,,,
4,,,13019,,,,,,,1.0586259365081787,,,,,,
4,,,13039,,,,,,,1.3497304916381836,,,,,,
4,,,13059,,,,,,,0.761591911315918,,,,,,
4,,,13079,,,,,,,1.0570861101150513,,,,,,
4,,,13099,,,,,,,1.2104499340057373,,,,,,
4,,,13119,,,,,,,0.9654304385185242,,,,,,
4,,,13139,,,,,,,0.8181473612785339,,,,,,
4,,,13159,,,,,,,0.9602575302124023,,,,,,
4,,,13179,,,,,,,0.9602020382881165,,,,,,
4,,,13199,,,,,,,1.4143738746643066,,,,,,
4,,,13219,,,,,,,0.9075766801834106,,,,,,
4,,,13239,,,,,,,1.1237945556640625,,,,,,
4,,,13259,,,,,,,1.8197219371795654,,,,,,
4,,,13279,,,,,,,0.969683825969696,,,,,,
4,,,13299,,,,,,,1.5956577062606812,,,,,,
4,,,13319,,,,,,,1.4124325513839722,,,,,,
4,,,13339,,,,,,,1.1869292259216309,,,,,,
4,,,13359,,,,,,,2.253286838531494,,,,,,
4,,,13379,,,,,,,1.0644831657409668,,,,,,
4,,,13399,,,,,,,1.352807641029358,,,,,,
4,,,13419,,,,,,,0.8661986589431763,,,,,,
4,,,13439,,,,,,,0.8923555016517639,,,,,,
4,,,13459,,,,,,,1.0427800416946411,,,,,,
4,,,13479,,,,,,,1.178489089012146,,,,,,
4,,,13499,,,,,,,0.9760616421699524,,,,,,
4,,,13519,,,,,,,0.9302492737770081,,,,,,
4,,,13539,,,,,,,1.5555893182754517,,,,,,
4,,,13559,,,,,,,0.8009026646614075,,,,,,
4,,,13579,,,,,,,0.7844568490982056,,,,,,
4,,,13599,,,,,,,1.1072362661361694,,,,,,
4,,,13619,,,,,,,0.8731786012649536,,,,,,
4,,,13639,,,,,,,1.066038727760315,,,,,,
4,,,13659,,,,,,,1.0912933349609375,,,,,,
4,,,13679,,,,,,,1.0128815174102783,,,,,,
4,,,13699,,,,,,,1.1009414196014404,,,,,,
4,,,13719,,,,,,,0.7959449887275696,,,,,,
4,,,13739,,,,,,,1.3257570266723633,,,,,,
4,,,13759,,,,,,,0.9936867952346802,,,,,,
4,,,13779,,,,,,,0.7234326004981995,,,,,,
4,,,13799,,,,,,,1.150254726409912,,,,,,
4,,,13819,,,,,,,1.1507327556610107,,,,,,
4,,,13839,,,,,,,0.8168465495109558,,,,,,
4,,,13859,,,,,,,1.0230398178100586,,,,,,
4,,,13879,,,,,,,0.7125457525253296,,,,,,
4,,,13899,,,,,,,1.5815908908843994,,,,,,
4,,,13919,,,,,,,0.9268063306808472,,,,,,
4,,,13939,,,,,,,1.0920567512512207,,,,,,
4,,,13959,,,,,,,1.244061827659607,,,,,,
4,,,13979,,,,,,,1.1943020820617676,,,,,,
4,,,13999,,,,,,,1.325228214263916,,,,,,
4,,,14019,,,,,,,1.0631227493286133,,,,,,
4,,,14039,,,,,,,0.9888461828231812,,,,,,
4,,,14059,,,,,,,0.869566798210144,,,,,,
4,,,14079,,,,,,,1.8165174722671509,,,,,,
4,,,14099,,,,,,,1.171166181564331,,,,,,
4,,,14119,,,,,,,1.0374609231948853,,,,,,
4,,,14139,,,,,,,1.0692565441131592,,,,,,
4,,,14159,,,,,,,1.0162451267242432,,,,,,
4,,,14179,,,,,,,0.8468911647796631,,,,,,
4,,,14199,,,,,,,0.7434030771255493,,,,,,
4,,,14219,,,,,,,1.4608380794525146,,,,,,
4,,,14239,,,,,,,0.8654128909111023,,,,,,
4,,,14259,,,,,,,1.396470308303833,,,,,,
4,,,14279,,,,,,,1.2669868469238281,,,,,,
4,,,14299,,,,,,,1.1063039302825928,,,,,,
4,,,14319,,,,,,,1.881263017654419,,,,,,
4,,,14339,,,,,,,1.656504511833191,,,,,,
4,,,14349,,,,,,,,0.39698487520217896,0.34137168526649475,11.322978973388672,0.23198732733726501,0.34027743339538574,0.39698487520217896
4,,,14349,,,,,0.6456646919250488,1.239786982536316,,,,,,,
,7.53409407004168e-05,7.53409407004168e-05,14350,,,,,,,,,,,,,
5,,,14359,,,,,,,1.486035704612732,,,,,,
5,,,14379,,,,,,,1.1334054470062256,,,,,,
5,,,14399,,,,,,,1.222771406173706,,,,,,
5,,,14419,,,,,,,2.3594584465026855,,,,,,
5,,,14439,,,,,,,1.1728953123092651,,,,,,
5,,,14459,,,,,,,0.9118740558624268,,,,,,
5,,,14479,,,,,,,1.0733387470245361,,,,,,
5,,,14499,,,,,,,0.7770060896873474,,,,,,
5,,,14519,,,,,,,1.132498860359192,,,,,,
5,,,14539,,,,,,,0.9011484384536743,,,,,,
5,,,14559,,,,,,,0.9903845191001892,,,,,,
5,,,14579,,,,,,,1.0070942640304565,,,,,,
5,,,14599,,,,,,,1.1411516666412354,,,,,,
5,,,14619,,,,,,,1.0218212604522705,,,,,,
5,,,14639,,,,,,,1.3336846828460693,,,,,,
5,,,14659,,,,,,,1.0118794441223145,,,,,,
5,,,14679,,,,,,,1.4332382678985596,,,,,,
5,,,14699,,,,,,,2.380706310272217,,,,,,
5,,,14719,,,,,,,1.1121881008148193,,,,,,
5,,,14739,,,,,,,0.7790161371231079,,,,,,
5,,,14759,,,,,,,1.0298888683319092,,,,,,
5,,,14779,,,,,,,1.6593468189239502,,,,,,
5,,,14799,,,,,,,0.8205083608627319,,,,,,
5,,,14819,,,,,,,1.213001012802124,,,,,,
5,,,14839,,,,,,,3.6655828952789307,,,,,,
5,,,14859,,,,,,,1.1762843132019043,,,,,,
5,,,14879,,,,,,,1.3483827114105225,,,,,,
5,,,14899,,,,,,,0.9946796298027039,,,,,,
5,,,14919,,,,,,,1.0156415700912476,,,,,,
5,,,14939,,,,,,,0.9103484153747559,,,,,,
5,,,14959,,,,,,,0.8208048343658447,,,,,,
5,,,14979,,,,,,,1.256854772567749,,,,,,
5,,,14999,,,,,,,0.7636345624923706,,,,,,
5,,,15019,,,,,,,1.042482852935791,,,,,,
5,,,15039,,,,,,,0.8377998471260071,,,,,,
5,,,15059,,,,,,,1.6975431442260742,,,,,,
5,,,15079,,,,,,,0.8459884524345398,,,,,,
5,,,15099,,,,,,,1.2407833337783813,,,,,,
5,,,15119,,,,,,,5.567215442657471,,,,,,
5,,,15139,,,,,,,2.6077117919921875,,,,,,
5,,,15159,,,,,,,0.9380835294723511,,,,,,
5,,,15179,,,,,,,1.1012037992477417,,,,,,
5,,,15199,,,,,,,0.8458064198493958,,,,,,
5,,,15219,,,,,,,0.922116756439209,,,,,,
5,,,15239,,,,,,,1.091969609260559,,,,,,
5,,,15259,,,,,,,1.347672462463379,,,,,,
5,,,15279,,,,,,,0.9083921313285828,,,,,,
5,,,15299,,,,,,,1.6579960584640503,,,,,,
5,,,15319,,,,,,,0.9324719905853271,,,,,,
5,,,15339,,,,,,,1.0818142890930176,,,,,,
5,,,15359,,,,,,,3.947463274002075,,,,,,
5,,,15379,,,,,,,1.0759860277175903,,,,,,
5,,,15399,,,,,,,0.795621931552887,,,,,,
5,,,15419,,,,,,,1.4384487867355347,,,,,,
5,,,15439,,,,,,,1.217552661895752,,,,,,
5,,,15459,,,,,,,2.804041862487793,,,,,,
5,,,15479,,,,,,,1.2225654125213623,,,,,,
5,,,15499,,,,,,,1.1400632858276367,,,,,,
5,,,15519,,,,,,,0.8382041454315186,,,,,,
5,,,15539,,,,,,,1.1291691064834595,,,,,,
5,,,15559,,,,,,,1.0794856548309326,,,,,,
5,,,15579,,,,,,,0.7036033868789673,,,,,,
5,,,15599,,,,,,,1.4692944288253784,,,,,,
5,,,15619,,,,,,,1.3786851167678833,,,,,,
5,,,15639,,,,,,,1.0800048112869263,,,,,,
5,,,15659,,,,,,,1.0626332759857178,,,,,,
5,,,15679,,,,,,,1.1771595478057861,,,,,,
5,,,15699,,,,,,,1.2011234760284424,,,,,,
5,,,15719,,,,,,,1.1472856998443604,,,,,,
5,,,15739,,,,,,,0.9823328256607056,,,,,,
5,,,15759,,,,,,,1.0905084609985352,,,,,,
5,,,15779,,,,,,,1.0184881687164307,,,,,,
5,,,15799,,,,,,,0.9564371109008789,,,,,,
5,,,15819,,,,,,,1.5700325965881348,,,,,,
5,,,15839,,,,,,,1.003490924835205,,,,,,
5,,,15859,,,,,,,0.7764938473701477,,,,,,
5,,,15879,,,,,,,1.1123970746994019,,,,,,
5,,,15899,,,,,,,1.2082518339157104,,,,,,
5,,,15919,,,,,,,1.0575182437896729,,,,,,
5,,,15939,,,,,,,1.1404032707214355,,,,,,
5,,,15959,,,,,,,1.45627760887146,,,,,,
5,,,15979,,,,,,,1.617983102798462,,,,,,
5,,,15999,,,,,,,1.0387208461761475,,,,,,
5,,,16019,,,,,,,1.0620949268341064,,,,,,
5,,,16039,,,,,,,1.9485540390014648,,,,,,
5,,,16059,,,,,,,3.0977728366851807,,,,,,
5,,,16079,,,,,,,1.4430184364318848,,,,,,
5,,,16099,,,,,,,1.516535997390747,,,,,,
5,,,16119,,,,,,,0.856992244720459,,,,,,
5,,,16139,,,,,,,1.297194242477417,,,,,,
5,,,16159,,,,,,,1.0564032793045044,,,,,,
5,,,16179,,,,,,,1.2320014238357544,,,,,,
5,,,16199,,,,,,,1.098341941833496,,,,,,
5,,,16219,,,,,,,1.3399173021316528,,,,,,
5,,,16239,,,,,,,0.9480851888656616,,,,,,
5,,,16259,,,,,,,1.7257078886032104,,,,,,
5,,,16279,,,,,,,1.1178851127624512,,,,,,
5,,,16299,,,,,,,1.2987003326416016,,,,,,
5,,,16319,,,,,,,0.9378005266189575,,,,,,
5,,,16339,,,,,,,4.381470680236816,,,,,,
5,,,16359,,,,,,,0.9535369277000427,,,,,,
5,,,16379,,,,,,,1.850103735923767,,,,,,
5,,,16399,,,,,,,1.1950950622558594,,,,,,
5,,,16419,,,,,,,0.8896453976631165,,,,,,
5,,,16439,,,,,,,0.8213887214660645,,,,,,
5,,,16459,,,,,,,0.9835288524627686,,,,,,
5,,,16479,,,,,,,0.9409273266792297,,,,,,
5,,,16499,,,,,,,0.9575837850570679,,,,,,
5,,,16519,,,,,,,0.9721313714981079,,,,,,
5,,,16539,,,,,,,0.8366250991821289,,,,,,
5,,,16559,,,,,,,1.342043161392212,,,,,,
5,,,16579,,,,,,,1.0292229652404785,,,,,,
5,,,16599,,,,,,,1.0250988006591797,,,,,,
5,,,16619,,,,,,,1.1202284097671509,,,,,,
5,,,16639,,,,,,,1.7704005241394043,,,,,,
5,,,16659,,,,,,,1.2628304958343506,,,,,,
5,,,16679,,,,,,,1.3140194416046143,,,,,,
5,,,16699,,,,,,,5.513533115386963,,,,,,
5,,,16719,,,,,,,1.4175715446472168,,,,,,
5,,,16739,,,,,,,1.1002193689346313,,,,,,
5,,,16759,,,,,,,1.0909340381622314,,,,,,
5,,,16779,,,,,,,0.9451649188995361,,,,,,
5,,,16799,,,,,,,0.9546384811401367,,,,,,
5,,,16819,,,,,,,0.9999712109565735,,,,,,
5,,,16839,,,,,,,1.0906533002853394,,,,,,
5,,,16859,,,,,,,1.2232403755187988,,,,,,
5,,,16879,,,,,,,0.7807600498199463,,,,,,
5,,,16899,,,,,,,0.9636448621749878,,,,,,
5,,,16919,,,,,,,1.188040018081665,,,,,,
5,,,16939,,,,,,,1.2058234214782715,,,,,,
5,,,16959,,,,,,,0.9389694333076477,,,,,,
5,,,16979,,,,,,,1.2941644191741943,,,,,,
5,,,16999,,,,,,,0.9035264849662781,,,,,,
5,,,17019,,,,,,,1.0105935335159302,,,,,,
5,,,17039,,,,,,,1.1820486783981323,,,,,,
5,,,17059,,,,,,,1.2752407789230347,,,,,,
5,,,17079,,,,,,,0.7997347116470337,,,,,,
5,,,17099,,,,,,,0.9011009931564331,,,,,,
5,,,17119,,,,,,,0.8545675873756409,,,,,,
5,,,17139,,,,,,,0.9285354614257812,,,,,,
5,,,17159,,,,,,,0.8356623649597168,,,,,,
5,,,17179,,,,,,,1.8478211164474487,,,,,,
5,,,17199,,,,,,,1.2116522789001465,,,,,,
5,,,17219,,,,,,,0.8682792782783508,,,,,,
5,,,17219,,,,,,,,0.38437357544898987,0.329959511756897,11.039827346801758,0.2068270444869995,0.32487624883651733,0.38437357544898987
5,,,17219,,,,,0.6568428874015808,1.2237918376922607,,,,,,,
,9.040912884050015e-05,9.040912884050015e-05,17220,,,,,,,,,,,,,
6,,,17239,,,,,,,1.2471280097961426,,,,,,
6,,,17259,,,,,,,1.4017553329467773,,,,,,
6,,,17279,,,,,,,0.9465639591217041,,,,,,
6,,,17299,,,,,,,1.5724389553070068,,,,,,
6,,,17319,,,,,,,1.1998053789138794,,,,,,
6,,,17339,,,,,,,1.678739309310913,,,,,,
6,,,17359,,,,,,,3.022413730621338,,,,,,
6,,,17379,,,,,,,0.8774772882461548,,,,,,
6,,,17399,,,,,,,1.290400743484497,,,,,,
6,,,17419,,,,,,,1.2440388202667236,,,,,,
6,,,17439,,,,,,,1.8835499286651611,,,,,,
6,,,17459,,,,,,,2.021876573562622,,,,,,
6,,,17479,,,,,,,0.9197573661804199,,,,,,
6,,,17499,,,,,,,1.363759994506836,,,,,,
6,,,17519,,,,,,,1.1631773710250854,,,,,,
6,,,17539,,,,,,,2.308380126953125,,,,,,
6,,,17559,,,,,,,1.3222647905349731,,,,,,
6,,,17579,,,,,,,1.3563238382339478,,,,,,
6,,,17599,,,,,,,0.7130871415138245,,,,,,
6,,,17619,,,,,,,0.7967321276664734,,,,,,
6,,,17639,,,,,,,0.9971731901168823,,,,,,
6,,,17659,,,,,,,1.009950876235962,,,,,,
6,,,17679,,,,,,,1.7464139461517334,,,,,,
6,,,17699,,,,,,,0.6856317520141602,,,,,,
6,,,17719,,,,,,,0.8413473963737488,,,,,,
6,,,17739,,,,,,,0.750770092010498,,,,,,
6,,,17759,,,,,,,1.3977642059326172,,,,,,
6,,,17779,,,,,,,0.9312610626220703,,,,,,
6,,,17799,,,,,,,1.5491437911987305,,,,,,
6,,,17819,,,,,,,0.7190240025520325,,,,,,
6,,,17839,,,,,,,2.1414198875427246,,,,,,
6,,,17859,,,,,,,1.1263141632080078,,,,,,
6,,,17879,,,,,,,1.00333571434021,,,,,,
6,,,17899,,,,,,,0.811974287033081,,,,,,
6,,,17919,,,,,,,1.0779309272766113,,,,,,
6,,,17939,,,,,,,0.9223289489746094,,,,,,
6,,,17959,,,,,,,0.9042172431945801,,,,,,
6,,,17979,,,,,,,0.742990255355835,,,,,,
6,,,17999,,,,,,,1.142042636871338,,,,,,
6,,,18019,,,,,,,0.9334807395935059,,,,,,
6,,,18039,,,,,,,1.133984088897705,,,,,,
6,,,18059,,,,,,,1.1352944374084473,,,,,,
6,,,18079,,,,,,,0.8632088899612427,,,,,,
6,,,18099,,,,,,,0.946243405342102,,,,,,
6,,,18119,,,,,,,1.2232282161712646,,,,,,
6,,,18139,,,,,,,0.9486088752746582,,,,,,
6,,,18159,,,,,,,1.1773321628570557,,,,,,
6,,,18179,,,,,,,1.1323431730270386,,,,,,
6,,,18199,,,,,,,1.236489176750183,,,,,,
6,,,18219,,,,,,,1.148787021636963,,,,,,
6,,,18239,,,,,,,1.0134135484695435,,,,,,
6,,,18259,,,,,,,1.089795470237732,,,,,,
6,,,18279,,,,,,,1.968615174293518,,,,,,
6,,,18299,,,,,,,1.3297070264816284,,,,,,
6,,,18319,,,,,,,1.3361265659332275,,,,,,
6,,,18339,,,,,,,1.1007723808288574,,,,,,
6,,,18359,,,,,,,1.0638693571090698,,,,,,
6,,,18379,,,,,,,1.1222403049468994,,,,,,
6,,,18399,,,,,,,0.9510306715965271,,,,,,
6,,,18419,,,,,,,0.7742552161216736,,,,,,
6,,,18439,,,,,,,0.9692627787590027,,,,,,
6,,,18459,,,,,,,0.8733431696891785,,,,,,
6,,,18479,,,,,,,1.1874768733978271,,,,,,
6,,,18499,,,,,,,1.042816162109375,,,,,,
6,,,18519,,,,,,,1.2207980155944824,,,,,,
6,,,18539,,,,,,,1.55088210105896,,,,,,
6,,,18559,,,,,,,0.8317525386810303,,,,,,
6,,,18579,,,,,,,0.7324174642562866,,,,,,
6,,,18599,,,,,,,1.3506035804748535,,,,,,
6,,,18619,,,,,,,5.472285747528076,,,,,,
6,,,18639,,,,,,,1.119353175163269,,,,,,
6,,,18659,,,,,,,1.0997471809387207,,,,,,
6,,,18679,,,,,,,1.128997564315796,,,,,,
6,,,18699,,,,,,,0.9854986667633057,,,,,,
6,,,18719,,,,,,,0.9823107123374939,,,,,,
6,,,18739,,,,,,,1.0932068824768066,,,,,,
6,,,18759,,,,,,,1.2378844022750854,,,,,,
6,,,18779,,,,,,,0.9895570278167725,,,,,,
6,,,18799,,,,,,,1.2409906387329102,,,,,,
6,,,18819,,,,,,,1.066157341003418,,,,,,
6,,,18839,,,,,,,1.0793606042861938,,,,,,
6,,,18859,,,,,,,1.2974796295166016,,,,,,
6,,,18879,,,,,,,1.4077699184417725,,,,,,
6,,,18899,,,,,,,1.0028278827667236,,,,,,
6,,,18919,,,,,,,0.7688162326812744,,,,,,
6,,,18939,,,,,,,1.4316209554672241,,,,,,
6,,,18959,,,,,,,1.6005752086639404,,,,,,
6,,,18979,,,,,,,1.6100668907165527,,,,,,
6,,,18999,,,,,,,0.9780759215354919,,,,,,
6,,,19019,,,,,,,1.158496379852295,,,,,,
6,,,19039,,,,,,,0.8858113288879395,,,,,,
6,,,19059,,,,,,,1.3368812799453735,,,,,,
6,,,19079,,,,,,,1.1937600374221802,,,,,,
6,,,19099,,,,,,,1.094326138496399,,,,,,
6,,,19119,,,,,,,1.1279704570770264,,,,,,
6,,,19139,,,,,,,0.8765764236450195,,,,,,
6,,,19159,,,,,,,0.8406710028648376,,,,,,
6,,,19179,,,,,,,0.9604724049568176,,,,,,
6,,,19199,,,,,,,0.8884546756744385,,,,,,
6,,,19219,,,,,,,0.9961389303207397,,,,,,
6,,,19239,,,,,,,1.4678223133087158,,,,,,
6,,,19259,,,,,,,0.9161542654037476,,,,,,
6,,,19279,,,,,,,0.9227309226989746,,,,,,
6,,,19299,,,,,,,1.3499555587768555,,,,,,
6,,,19319,,,,,,,1.4822245836257935,,,,,,
6,,,19339,,,,,,,0.7258563041687012,,,,,,
6,,,19359,,,,,,,0.8697725534439087,,,,,,
6,,,19379,,,,,,,1.0591933727264404,,,,,,
6,,,19399,,,,,,,1.1853001117706299,,,,,,
6,,,19419,,,,,,,1.1435190439224243,,,,,,
6,,,19439,,,,,,,0.8965005874633789,,,,,,
6,,,19459,,,,,,,0.9273037314414978,,,,,,
6,,,19479,,,,,,,1.544620394706726,,,,,,
6,,,19499,,,,,,,0.9040738940238953,,,,,,
6,,,19519,,,,,,,0.9729514122009277,,,,,,
6,,,19539,,,,,,,0.9495561122894287,,,,,,
6,,,19559,,,,,,,0.9439588785171509,,,,,,
6,,,19579,,,,,,,1.1985814571380615,,,,,,
6,,,19599,,,,,,,1.0476887226104736,,,,,,
6,,,19619,,,,,,,1.0839307308197021,,,,,,
6,,,19639,,,,,,,0.940867006778717,,,,,,
6,,,19659,,,,,,,2.1592319011688232,,,,,,
6,,,19679,,,,,,,0.9674828052520752,,,,,,
6,,,19699,,,,,,,0.9379122257232666,,,,,,
6,,,19719,,,,,,,1.0416293144226074,,,,,,
6,,,19739,,,,,,,0.9096390008926392,,,,,,
6,,,19759,,,,,,,1.0223140716552734,,,,,,
6,,,19779,,,,,,,0.8953042030334473,,,,,,
6,,,19799,,,,,,,0.8509251475334167,,,,,,
6,,,19819,,,,,,,0.8519814610481262,,,,,,
6,,,19839,,,,,,,1.0573463439941406,,,,,,
6,,,19859,,,,,,,0.9281436204910278,,,,,,
6,,,19879,,,,,,,0.7901293039321899,,,,,,
6,,,19899,,,,,,,1.0494180917739868,,,,,,
6,,,19919,,,,,,,1.3718290328979492,,,,,,
6,,,19939,,,,,,,1.077070713043213,,,,,,
6,,,19959,,,,,,,1.3588807582855225,,,,,,
6,,,19979,,,,,,,1.1603071689605713,,,,,,
6,,,19999,,,,,,,2.040343761444092,,,,,,
6,,,20019,,,,,,,1.0001697540283203,,,,,,
6,,,20039,,,,,,,0.6222885251045227,,,,,,
6,,,20059,,,,,,,0.9282881617546082,,,,,,
6,,,20079,,,,,,,0.6642628908157349,,,,,,
6,,,20089,,,,,,,,0.4024730324745178,0.34931692481040955,12.033634185791016,0.2346889227628708,0.3382413685321808,0.4024730324745178
6,,,20089,,,,,0.6648616194725037,1.1653581857681274,,,,,,,
,0.00010547731698058351,0.00010547731698058351,20090,,,,,,,,,,,,,
7,,,20099,,,,,,,1.0540034770965576,,,,,,
7,,,20119,,,,,,,1.2186198234558105,,,,,,
7,,,20139,,,,,,,1.4378376007080078,,,,,,
7,,,20159,,,,,,,1.103522777557373,,,,,,
7,,,20179,,,,,,,1.1110961437225342,,,,,,
7,,,20199,,,,,,,0.7748396992683411,,,,,,
7,,,20219,,,,,,,0.7904813289642334,,,,,,
7,,,20239,,,,,,,1.915398359298706,,,,,,
7,,,20259,,,,,,,1.0431374311447144,,,,,,
7,,,20279,,,,,,,0.9065033197402954,,,,,,
7,,,20299,,,,,,,1.1124550104141235,,,,,,
7,,,20319,,,,,,,0.8255125284194946,,,,,,
7,,,20339,,,,,,,1.3158831596374512,,,,,,
7,,,20359,,,,,,,1.6973552703857422,,,,,,
7,,,20379,,,,,,,1.0588160753250122,,,,,,
7,,,20399,,,,,,,0.8709596395492554,,,,,,
7,,,20419,,,,,,,0.8041428327560425,,,,,,
7,,,20439,,,,,,,4.209323883056641,,,,,,
7,,,20459,,,,,,,1.0217983722686768,,,,,,
7,,,20479,,,,,,,1.175363540649414,,,,,,
7,,,20499,,,,,,,3.190575361251831,,,,,,
7,,,20519,,,,,,,1.1032465696334839,,,,,,
7,,,20539,,,,,,,1.3313331604003906,,,,,,
7,,,20559,,,,,,,0.799369215965271,,,,,,
7,,,20579,,,,,,,1.0237971544265747,,,,,,
7,,,20599,,,,,,,0.8625906705856323,,,,,,
7,,,20619,,,,,,,1.0325140953063965,,,,,,
7,,,20639,,,,,,,1.164232850074768,,,,,,
7,,,20659,,,,,,,1.3361449241638184,,,,,,
7,,,20679,,,,,,,0.7631113529205322,,,,,,
7,,,20699,,,,,,,1.0124433040618896,,,,,,
7,,,20719,,,,,,,0.8742706775665283,,,,,,
7,,,20739,,,,,,,0.9083685874938965,,,,,,
7,,,20759,,,,,,,1.1907589435577393,,,,,,
7,,,20779,,,,,,,1.0951826572418213,,,,,,
7,,,20799,,,,,,,0.8279083967208862,,,,,,
7,,,20819,,,,,,,0.8329700231552124,,,,,,
7,,,20839,,,,,,,0.7816094756126404,,,,,,
7,,,20859,,,,,,,1.2164859771728516,,,,,,
7,,,20879,,,,,,,1.92803156375885,,,,,,
7,,,20899,,,,,,,1.1420575380325317,,,,,,
7,,,20919,,,,,,,1.0177123546600342,,,,,,
7,,,20939,,,,,,,0.7596215605735779,,,,,,
7,,,20959,,,,,,,1.1267716884613037,,,,,,
7,,,20979,,,,,,,1.2587916851043701,,,,,,
7,,,20999,,,,,,,0.7853357791900635,,,,,,
7,,,21019,,,,,,,6.054723262786865,,,,,,
7,,,21039,,,,,,,0.9792412519454956,,,,,,
7,,,21059,,,,,,,1.0644547939300537,,,,,,
7,,,21079,,,,,,,0.7797085046768188,,,,,,
7,,,21099,,,,,,,4.404435157775879,,,,,,
7,,,21119,,,,,,,1.046728253364563,,,,,,
7,,,21139,,,,,,,0.9237174987792969,,,,,,
7,,,21159,,,,,,,0.9748794436454773,,,,,,
7,,,21179,,,,,,,1.0763763189315796,,,,,,
7,,,21199,,,,,,,1.2902717590332031,,,,,,
7,,,21219,,,,,,,0.8009059429168701,,,,,,
7,,,21239,,,,,,,1.09732985496521,,,,,,
7,,,21259,,,,,,,1.1530075073242188,,,,,,
7,,,21279,,,,,,,1.1008844375610352,,,,,,
7,,,21299,,,,,,,0.8356099724769592,,,,,,
7,,,21319,,,,,,,1.0845773220062256,,,,,,
7,,,21339,,,,,,,1.0588852167129517,,,,,,
7,,,21359,,,,,,,1.4111859798431396,,,,,,
7,,,21379,,,,,,,0.7655490636825562,,,,,,
7,,,21399,,,,,,,1.2394272089004517,,,,,,
7,,,21419,,,,,,,1.3019689321517944,,,,,,
7,,,21439,,,,,,,2.776021718978882,,,,,,
7,,,21459,,,,,,,1.1963999271392822,,,,,,
7,,,21479,,,,,,,0.9871736764907837,,,,,,
7,,,21499,,,,,,,0.7100152969360352,,,,,,
7,,,21519,,,,,,,1.545576572418213,,,,,,
7,,,21539,,,,,,,1.4610909223556519,,,,,,
7,,,21559,,,,,,,1.1909966468811035,,,,,,
7,,,21579,,,,,,,0.9826517701148987,,,,,,
7,,,21599,,,,,,,1.1166861057281494,,,,,,
7,,,21619,,,,,,,1.3484658002853394,,,,,,
7,,,21639,,,,,,,0.9496321678161621,,,,,,
7,,,21659,,,,,,,0.9429889917373657,,,,,,
7,,,21679,,,,,,,1.0259966850280762,,,,,,
7,,,21699,,,,,,,1.012862205505371,,,,,,
7,,,21719,,,,,,,1.0698661804199219,,,,,,
7,,,21739,,,,,,,1.1481189727783203,,,,,,
7,,,21759,,,,,,,1.1451940536499023,,,,,,
7,,,21779,,,,,,,1.443362832069397,,,,,,
7,,,21799,,,,,,,1.494854211807251,,,,,,
7,,,21819,,,,,,,0.8642134666442871,,,,,,
7,,,21839,,,,,,,0.9510701894760132,,,,,,
7,,,21859,,,,,,,0.8128533363342285,,,,,,
7,,,21879,,,,,,,0.8050944209098816,,,,,,
7,,,21899,,,,,,,0.9438452124595642,,,,,,
7,,,21919,,,,,,,0.800625205039978,,,,,,
7,,,21939,,,,,,,1.039151906967163,,,,,,
7,,,21959,,,,,,,0.9906898736953735,,,,,,
7,,,21979,,,,,,,1.5528247356414795,,,,,,
7,,,21999,,,,,,,1.0371061563491821,,,,,,
7,,,22019,,,,,,,0.9075760245323181,,,,,,
7,,,22039,,,,,,,0.9444241523742676,,,,,,
7,,,22059,,,,,,,0.6735390424728394,,,,,,
7,,,22079,,,,,,,0.7747496366500854,,,,,,
7,,,22099,,,,,,,0.757485032081604,,,,,,
7,,,22119,,,,,,,1.0470366477966309,,,,,,
7,,,22139,,,,,,,1.4969041347503662,,,,,,
7,,,22159,,,,,,,0.9659141302108765,,,,,,
7,,,22179,,,,,,,1.183275580406189,,,,,,
7,,,22199,,,,,,,0.9276864528656006,,,,,,
7,,,22219,,,,,,,0.7528932094573975,,,,,,
7,,,22239,,,,,,,0.8601202964782715,,,,,,
7,,,22259,,,,,,,0.9162232279777527,,,,,,
7,,,22279,,,,,,,0.9808964729309082,,,,,,
7,,,22299,,,,,,,0.8463311791419983,,,,,,
7,,,22319,,,,,,,0.7877964973449707,,,,,,
7,,,22339,,,,,,,2.2171478271484375,,,,,,
7,,,22359,,,,,,,0.958197832107544,,,,,,
7,,,22379,,,,,,,1.060166597366333,,,,,,
7,,,22399,,,,,,,0.8340227007865906,,,,,,
7,,,22419,,,,,,,0.9152042865753174,,,,,,
7,,,22439,,,,,,,0.9811437129974365,,,,,,
7,,,22459,,,,,,,0.9199615716934204,,,,,,
7,,,22479,,,,,,,0.9111472368240356,,,,,,
7,,,22499,,,,,,,1.1176193952560425,,,,,,
7,,,22519,,,,,,,0.90484619140625,,,,,,
7,,,22539,,,,,,,1.1107275485992432,,,,,,
7,,,22559,,,,,,,1.0317730903625488,,,,,,
7,,,22579,,,,,,,1.3097989559173584,,,,,,
7,,,22599,,,,,,,1.0532512664794922,,,,,,
7,,,22619,,,,,,,1.122955560684204,,,,,,
7,,,22639,,,,,,,1.161805510520935,,,,,,
7,,,22659,,,,,,,0.9083030223846436,,,,,,
7,,,22679,,,,,,,1.1944499015808105,,,,,,
7,,,22699,,,,,,,0.9181176424026489,,,,,,
7,,,22719,,,,,,,0.8217664957046509,,,,,,
7,,,22739,,,,,,,1.0624351501464844,,,,,,
7,,,22759,,,,,,,1.0741246938705444,,,,,,
7,,,22779,,,,,,,2.5434823036193848,,,,,,
7,,,22799,,,,,,,0.9130483269691467,,,,,,
7,,,22819,,,,,,,1.3046128749847412,,,,,,
7,,,22839,,,,,,,0.9909176826477051,,,,,,
7,,,22859,,,,,,,1.2275581359863281,,,,,,
7,,,22879,,,,,,,1.517533540725708,,,,,,
7,,,22899,,,,,,,0.9850748777389526,,,,,,
7,,,22919,,,,,,,0.9420168995857239,,,,,,
7,,,22939,,,,,,,0.9722567200660706,,,,,,
7,,,22959,,,,,,,0.5989927053451538,,,,,,
7,,,22959,,,,,,,,0.36830228567123413,0.316503643989563,11.738188743591309,0.19472508132457733,0.33077114820480347,0.36830228567123413
7,,,22959,,,,,0.6785496473312378,1.1422542333602905,,,,,,,
,0.00012054550512066687,0.00012054550512066687,22960,,,,,,,,,,,,,
8,,,22979,,,,,,,0.7037104368209839,,,,,,
8,,,22999,,,,,,,0.9168713688850403,,,,,,
8,,,23019,,,,,,,1.2800424098968506,,,,,,
8,,,23039,,,,,,,0.7890615463256836,,,,,,
8,,,23059,,,,,,,0.6183856725692749,,,,,,
8,,,23079,,,,,,,1.4775770902633667,,,,,,
8,,,23099,,,,,,,1.5263698101043701,,,,,,
8,,,23119,,,,,,,5.278083324432373,,,,,,
8,,,23139,,,,,,,1.026763916015625,,,,,,
8,,,23159,,,,,,,1.3519706726074219,,,,,,
8,,,23179,,,,,,,0.9046756625175476,,,,,,
8,,,23199,,,,,,,1.7174152135849,,,,,,
8,,,23219,,,,,,,1.038413166999817,,,,,,
8,,,23239,,,,,,,1.1074881553649902,,,,,,
8,,,23259,,,,,,,0.9583053588867188,,,,,,
8,,,23279,,,,,,,0.9839910268783569,,,,,,
8,,,23299,,,,,,,1.2084405422210693,,,,,,
8,,,23319,,,,,,,1.013129711151123,,,,,,
8,,,23339,,,,,,,0.8541799187660217,,,,,,
8,,,23359,,,,,,,0.7490564584732056,,,,,,
8,,,23379,,,,,,,1.404138445854187,,,,,,
8,,,23399,,,,,,,0.9646109342575073,,,,,,
8,,,23419,,,,,,,0.7066453695297241,,,,,,
8,,,23439,,,,,,,1.1758091449737549,,,,,,
8,,,23459,,,,,,,0.952399492263794,,,,,,
8,,,23479,,,,,,,1.037784218788147,,,,,,
8,,,23499,,,,,,,1.1256017684936523,,,,,,
8,,,23519,,,,,,,0.841850757598877,,,,,,
8,,,23539,,,,,,,0.8038069009780884,,,,,,
8,,,23559,,,,,,,1.2205193042755127,,,,,,
8,,,23579,,,,,,,0.804651141166687,,,,,,
8,,,23599,,,,,,,0.8688897490501404,,,,,,
8,,,23619,,,,,,,0.8207982778549194,,,,,,
8,,,23639,,,,,,,0.8049176931381226,,,,,,
8,,,23659,,,,,,,1.1396958827972412,,,,,,
8,,,23679,,,,,,,1.118041753768921,,,,,,
8,,,23699,,,,,,,0.7105507850646973,,,,,,
8,,,23719,,,,,,,0.8961448073387146,,,,,,
8,,,23739,,,,,,,1.9274324178695679,,,,,,
8,,,23759,,,,,,,1.2908490896224976,,,,,,
8,,,23779,,,,,,,1.2200349569320679,,,,,,
8,,,23799,,,,,,,1.644270658493042,,,,,,
8,,,23819,,,,,,,1.0846914052963257,,,,,,
8,,,23839,,,,,,,0.9422903656959534,,,,,,
8,,,23859,,,,,,,1.127841591835022,,,,,,
8,,,23879,,,,,,,1.2030045986175537,,,,,,
8,,,23899,,,,,,,1.3303558826446533,,,,,,
8,,,23919,,,,,,,1.6006845235824585,,,,,,
8,,,23939,,,,,,,0.8880124092102051,,,,,,
8,,,23959,,,,,,,1.235668420791626,,,,,,
8,,,23979,,,,,,,1.30482816696167,,,,,,
8,,,23999,,,,,,,1.471009373664856,,,,,,
8,,,24019,,,,,,,0.8870614767074585,,,,,,
8,,,24039,,,,,,,1.0350751876831055,,,,,,
8,,,24059,,,,,,,1.5097415447235107,,,,,,
8,,,24079,,,,,,,0.7502955198287964,,,,,,
8,,,24099,,,,,,,1.3455915451049805,,,,,,
8,,,24119,,,,,,,1.0223658084869385,,,,,,
8,,,24139,,,,,,,1.2395488023757935,,,,,,
8,,,24159,,,,,,,1.03084135055542,,,,,,
8,,,24179,,,,,,,1.1391615867614746,,,,,,
8,,,24199,,,,,,,0.7411522269248962,,,,,,
8,,,24219,,,,,,,1.1895439624786377,,,,,,
8,,,24239,,,,,,,0.7618904113769531,,,,,,
8,,,24259,,,,,,,1.2304277420043945,,,,,,
8,,,24279,,,,,,,0.929912269115448,,,,,,
8,,,24299,,,,,,,1.6059125661849976,,,,,,
8,,,24319,,,,,,,1.4810190200805664,,,,,,
8,,,24339,,,,,,,1.0135642290115356,,,,,,
8,,,24359,,,,,,,0.9029916524887085,,,,,,
8,,,24379,,,,,,,0.9687290191650391,,,,,,
8,,,24399,,,,,,,1.253990650177002,,,,,,
8,,,24419,,,,,,,1.227158784866333,,,,,,
8,,,24439,,,,,,,1.2774051427841187,,,,,,
8,,,24459,,,,,,,1.0267395973205566,,,,,,
8,,,24479,,,,,,,3.844865083694458,,,,,,
8,,,24499,,,,,,,1.1541831493377686,,,,,,
8,,,24519,,,,,,,0.9287006855010986,,,,,,
8,,,24539,,,,,,,1.3952893018722534,,,,,,
8,,,24559,,,,,,,0.7930009365081787,,,,,,
8,,,24579,,,,,,,1.6102309226989746,,,,,,
8,,,24599,,,,,,,0.994229793548584,,,,,,
8,,,24619,,,,,,,1.0600073337554932,,,,,,
8,,,24639,,,,,,,0.9255276322364807,,,,,,
8,,,24659,,,,,,,0.9400233030319214,,,,,,
8,,,24679,,,,,,,0.9244165420532227,,,,,,
8,,,24699,,,,,,,0.6873434782028198,,,,,,
8,,,24719,,,,,,,1.103557825088501,,,,,,
8,,,24739,,,,,,,0.8826292753219604,,,,,,
8,,,24759,,,,,,,0.723846435546875,,,,,,
8,,,24779,,,,,,,1.0775234699249268,,,,,,
8,,,24799,,,,,,,0.807711124420166,,,,,,
8,,,24819,,,,,,,0.8952984809875488,,,,,,
8,,,24839,,,,,,,1.0429401397705078,,,,,,
8,,,24859,,,,,,,0.9668470025062561,,,,,,
8,,,24879,,,,,,,1.1850557327270508,,,,,,
8,,,24899,,,,,,,0.9658546447753906,,,,,,
8,,,24919,,,,,,,0.9299858808517456,,,,,,
8,,,24939,,,,,,,2.030850410461426,,,,,,
8,,,24959,,,,,,,1.2229821681976318,,,,,,
8,,,24979,,,,,,,1.137505054473877,,,,,,
8,,,24999,,,,,,,1.019623041152954,,,,,,
8,,,25019,,,,,,,0.820898175239563,,,,,,
8,,,25039,,,,,,,1.094440221786499,,,,,,
8,,,25059,,,,,,,1.049019694328308,,,,,,
8,,,25079,,,,,,,0.8872547149658203,,,,,,
8,,,25099,,,,,,,0.9133388996124268,,,,,,
8,,,25119,,,,,,,0.8906420469284058,,,,,,
8,,,25139,,,,,,,1.0823421478271484,,,,,,
8,,,25159,,,,,,,0.778300404548645,,,,,,
8,,,25179,,,,,,,0.9118033647537231,,,,,,
8,,,25199,,,,,,,0.8592120409011841,,,,,,
8,,,25219,,,,,,,1.238998532295227,,,,,,
8,,,25239,,,,,,,0.9549017548561096,,,,,,
8,,,25259,,,,,,,0.7578309774398804,,,,,,
8,,,25279,,,,,,,0.8825696706771851,,,,,,
8,,,25299,,,,,,,1.198495864868164,,,,,,
8,,,25319,,,,,,,1.272390365600586,,,,,,
8,,,25339,,,,,,,0.7729719877243042,,,,,,
8,,,25359,,,,,,,0.9182142615318298,,,,,,
8,,,25379,,,,,,,0.7779582142829895,,,,,,
8,,,25399,,,,,,,0.9873539209365845,,,,,,
8,,,25419,,,,,,,1.036905288696289,,,,,,
8,,,25439,,,,,,,1.0836048126220703,,,,,,
8,,,25459,,,,,,,1.0459973812103271,,,,,,
8,,,25479,,,,,,,0.9111457467079163,,,,,,
8,,,25499,,,,,,,0.8576163053512573,,,,,,
8,,,25519,,,,,,,0.9801778197288513,,,,,,
8,,,25539,,,,,,,1.1173211336135864,,,,,,
8,,,25559,,,,,,,1.3481175899505615,,,,,,
8,,,25579,,,,,,,0.945573627948761,,,,,,
8,,,25599,,,,,,,0.7903844118118286,,,,,,
8,,,25619,,,,,,,1.1814037561416626,,,,,,
8,,,25639,,,,,,,1.0771245956420898,,,,,,
8,,,25659,,,,,,,0.876936674118042,,,,,,
8,,,25679,,,,,,,0.9174454212188721,,,,,,
8,,,25699,,,,,,,0.9252375960350037,,,,,,
8,,,25719,,,,,,,0.9612107872962952,,,,,,
8,,,25739,,,,,,,0.824786365032196,,,,,,
8,,,25759,,,,,,,1.1288726329803467,,,,,,
8,,,25779,,,,,,,1.8222720623016357,,,,,,
8,,,25799,,,,,,,1.2872569561004639,,,,,,
8,,,25819,,,,,,,0.6950386762619019,,,,,,
8,,,25829,,,,,,,,0.3901791274547577,0.3384718596935272,13.031996726989746,0.21497496962547302,0.31109797954559326,0.3901791274547577
8,,,25829,,,,,0.681989312171936,1.1057032346725464,,,,,,,
,0.00013561369326075024,0.00013561369326075024,25830,,,,,,,,,,,,,
9,,,25839,,,,,,,0.9738650918006897,,,,,,
9,,,25859,,,,,,,0.8021076917648315,,,,,,
9,,,25879,,,,,,,1.4156925678253174,,,,,,
9,,,25899,,,,,,,1.6948834657669067,,,,,,
9,,,25919,,,,,,,2.341374635696411,,,,,,
9,,,25939,,,,,,,1.0340769290924072,,,,,,
9,,,25959,,,,,,,1.2743526697158813,,,,,,
9,,,25979,,,,,,,0.7952520847320557,,,,,,
9,,,25999,,,,,,,0.8957156538963318,,,,,,
9,,,26019,,,,,,,1.0286401510238647,,,,,,
9,,,26039,,,,,,,2.2985081672668457,,,,,,
9,,,26059,,,,,,,0.9112488031387329,,,,,,
9,,,26079,,,,,,,1.6841011047363281,,,,,,
9,,,26099,,,,,,,0.9325459003448486,,,,,,
9,,,26119,,,,,,,0.7476126551628113,,,,,,
9,,,26139,,,,,,,0.6040536165237427,,,,,,
9,,,26159,,,,,,,0.7690112590789795,,,,,,
9,,,26179,,,,,,,1.2236332893371582,,,,,,
9,,,26199,,,,,,,0.9064300060272217,,,,,,
9,,,26219,,,,,,,0.8343161940574646,,,,,,
9,,,26239,,,,,,,1.1505409479141235,,,,,,
9,,,26259,,,,,,,1.5783342123031616,,,,,,
9,,,26279,,,,,,,1.0338444709777832,,,,,,
9,,,26299,,,,,,,1.0190622806549072,,,,,,
9,,,26319,,,,,,,1.1453419923782349,,,,,,
9,,,26339,,,,,,,1.0093324184417725,,,,,,
9,,,26359,,,,,,,0.8201939463615417,,,,,,
9,,,26379,,,,,,,0.6701444387435913,,,,,,
9,,,26399,,,,,,,0.7162868976593018,,,,,,
9,,,26419,,,,,,,1.8321545124053955,,,,,,
9,,,26439,,,,,,,1.0607860088348389,,,,,,
9,,,26459,,,,,,,0.9653259515762329,,,,,,
9,,,26479,,,,,,,1.0729656219482422,,,,,,
9,,,26499,,,,,,,1.0464750528335571,,,,,,
9,,,26519,,,,,,,0.922602653503418,,,,,,
9,,,26539,,,,,,,0.9076588153839111,,,,,,
9,,,26559,,,,,,,0.8614600896835327,,,,,,
9,,,26579,,,,,,,0.999854564666748,,,,,,
9,,,26599,,,,,,,0.9965782165527344,,,,,,
9,,,26619,,,,,,,1.8176864385604858,,,,,,
9,,,26639,,,,,,,0.9894347786903381,,,,,,
9,,,26659,,,,,,,1.0286048650741577,,,,,,
9,,,26679,,,,,,,1.2515809535980225,,,,,,
9,,,26699,,,,,,,0.8111020922660828,,,,,,
9,,,26719,,,,,,,1.179776668548584,,,,,,
9,,,26739,,,,,,,0.8246521353721619,,,,,,
9,,,26759,,,,,,,0.8806285262107849,,,,,,
9,,,26779,,,,,,,0.8283004760742188,,,,,,
9,,,26799,,,,,,,0.7702006697654724,,,,,,
9,,,26819,,,,,,,0.9086421728134155,,,,,,
9,,,26839,,,,,,,1.2860908508300781,,,,,,
9,,,26859,,,,,,,1.288870096206665,,,,,,
9,,,26879,,,,,,,1.1722946166992188,,,,,,
9,,,26899,,,,,,,1.1638902425765991,,,,,,
9,,,26919,,,,,,,0.9548743367195129,,,,,,
9,,,26939,,,,,,,2.9912445545196533,,,,,,
9,,,26959,,,,,,,1.002873420715332,,,,,,
9,,,26979,,,,,,,1.3912783861160278,,,,,,
9,,,26999,,,,,,,0.8367557525634766,,,,,,
9,,,27019,,,,,,,0.7832796573638916,,,,,,
9,,,27039,,,,,,,0.7460636496543884,,,,,,
9,,,27059,,,,,,,0.9716563820838928,,,,,,
9,,,27079,,,,,,,0.9221252202987671,,,,,,
9,,,27099,,,,,,,1.0743961334228516,,,,,,
9,,,27119,,,,,,,1.2142980098724365,,,,,,
9,,,27139,,,,,,,1.4339840412139893,,,,,,
9,,,27159,,,,,,,1.033101201057434,,,,,,
9,,,27179,,,,,,,0.9756016731262207,,,,,,
9,,,27199,,,,,,,1.4921000003814697,,,,,,
9,,,27219,,,,,,,0.7796480655670166,,,,,,
9,,,27239,,,,,,,0.7771624326705933,,,,,,
9,,,27259,,,,,,,0.7733229994773865,,,,,,
9,,,27279,,,,,,,0.7837128043174744,,,,,,
9,,,27299,,,,,,,1.5250017642974854,,,,,,
9,,,27319,,,,,,,1.185166835784912,,,,,,
9,,,27339,,,,,,,0.9563151001930237,,,,,,
9,,,27359,,,,,,,0.9949334859848022,,,,,,
9,,,27379,,,,,,,1.1403958797454834,,,,,,
9,,,27399,,,,,,,0.838868260383606,,,,,,
9,,,27419,,,,,,,1.2945070266723633,,,,,,
9,,,27439,,,,,,,1.5382320880889893,,,,,,
9,,,27459,,,,,,,1.1636569499969482,,,,,,
9,,,27479,,,,,,,0.7465649843215942,,,,,,
9,,,27499,,,,,,,0.8974090814590454,,,,,,
9,,,27519,,,,,,,0.9071463346481323,,,,,,
9,,,27539,,,,,,,1.1595680713653564,,,,,,
9,,,27559,,,,,,,1.179527759552002,,,,,,
9,,,27579,,,,,,,0.8055593371391296,,,,,,
9,,,27599,,,,,,,1.0058541297912598,,,,,,
9,,,27619,,,,,,,1.2679685354232788,,,,,,
9,,,27639,,,,,,,0.7075381278991699,,,,,,
9,,,27659,,,,,,,0.9394074082374573,,,,,,
9,,,27679,,,,,,,1.1616575717926025,,,,,,
9,,,27699,,,,,,,1.0245856046676636,,,,,,
9,,,27719,,,,,,,0.8753178715705872,,,,,,
9,,,27739,,,,,,,0.5828273296356201,,,,,,
9,,,27759,,,,,,,0.9821666479110718,,,,,,
9,,,27779,,,,,,,1.1168369054794312,,,,,,
9,,,27799,,,,,,,0.6702500581741333,,,,,,
9,,,27819,,,,,,,0.9974319338798523,,,,,,
9,,,27839,,,,,,,1.280369520187378,,,,,,
9,,,27859,,,,,,,0.917601466178894,,,,,,
9,,,27879,,,,,,,0.7958323955535889,,,,,,
9,,,27899,,,,,,,1.2518222332000732,,,,,,
9,,,27919,,,,,,,1.5986380577087402,,,,,,
9,,,27939,,,,,,,0.8824859857559204,,,,,,
9,,,27959,,,,,,,0.9589450359344482,,,,,,
9,,,27979,,,,,,,0.8576236367225647,,,,,,
9,,,27999,,,,,,,0.7928496599197388,,,,,,
9,,,28019,,,,,,,0.626624584197998,,,,,,
9,,,28039,,,,,,,1.0607030391693115,,,,,,
9,,,28059,,,,,,,1.1773113012313843,,,,,,
9,,,28079,,,,,,,0.759462296962738,,,,,,
9,,,28099,,,,,,,0.8304660320281982,,,,,,
9,,,28119,,,,,,,0.7738703489303589,,,,,,
9,,,28139,,,,,,,2.130126476287842,,,,,,
9,,,28159,,,,,,,0.9359221458435059,,,,,,
9,,,28179,,,,,,,0.6221839785575867,,,,,,
9,,,28199,,,,,,,1.5520405769348145,,,,,,
9,,,28219,,,,,,,2.080488681793213,,,,,,
9,,,28239,,,,,,,1.2644906044006348,,,,,,
9,,,28259,,,,,,,1.1659001111984253,,,,,,
9,,,28279,,,,,,,0.8979339599609375,,,,,,
9,,,28299,,,,,,,0.7403509020805359,,,,,,
9,,,28319,,,,,,,1.1786924600601196,,,,,,
9,,,28339,,,,,,,0.7886375188827515,,,,,,
9,,,28359,,,,,,,0.8259095549583435,,,,,,
9,,,28379,,,,,,,0.8858156204223633,,,,,,
9,,,28399,,,,,,,1.046898365020752,,,,,,
9,,,28419,,,,,,,0.8123478889465332,,,,,,
9,,,28439,,,,,,,1.4273332357406616,,,,,,
9,,,28459,,,,,,,0.9403112530708313,,,,,,
9,,,28479,,,,,,,0.7267211079597473,,,,,,
9,,,28499,,,,,,,0.9810694456100464,,,,,,
9,,,28519,,,,,,,1.632000207901001,,,,,,
9,,,28539,,,,,,,0.7124171257019043,,,,,,
9,,,28559,,,,,,,0.918376624584198,,,,,,
9,,,28579,,,,,,,0.8181478381156921,,,,,,
9,,,28599,,,,,,,0.6900827884674072,,,,,,
9,,,28619,,,,,,,1.0451140403747559,,,,,,
9,,,28639,,,,,,,1.464208960533142,,,,,,
9,,,28659,,,,,,,0.8970425128936768,,,,,,
9,,,28679,,,,,,,1.763260841369629,,,,,,
9,,,28699,,,,,,,1.0286729335784912,,,,,,
9,,,28699,,,,,,,,0.3916533589363098,0.33817124366760254,11.312368392944336,0.22348546981811523,0.34125444293022156,0.3916533589363098
9,,,28699,,,,,0.6907002329826355,1.0782270431518555,,,,,,,
,0.0001506818814008336,0.0001506818814008336,28700,,,,,,,,,,,,,
10,,,28719,,,,,,,0.8413764238357544,,,,,,
10,,,28739,,,,,,,0.7855550050735474,,,,,,
10,,,28759,,,,,,,1.2145897150039673,,,,,,
10,,,28779,,,,,,,0.9679452776908875,,,,,,
10,,,28799,,,,,,,1.344939947128296,,,,,,
10,,,28819,,,,,,,1.3633923530578613,,,,,,
10,,,28839,,,,,,,0.9001364707946777,,,,,,
10,,,28859,,,,,,,0.9350634813308716,,,,,,
10,,,28879,,,,,,,1.0488245487213135,,,,,,
10,,,28899,,,,,,,0.6035404205322266,,,,,,
10,,,28919,,,,,,,0.7024701833724976,,,,,,
10,,,28939,,,,,,,0.7104220390319824,,,,,,
10,,,28959,,,,,,,1.3113713264465332,,,,,,
10,,,28979,,,,,,,1.0535786151885986,,,,,,
10,,,28999,,,,,,,0.8868710398674011,,,,,,
10,,,29019,,,,,,,1.0257703065872192,,,,,,
10,,,29039,,,,,,,0.9523407816886902,,,,,,
10,,,29059,,,,,,,0.6455618143081665,,,,,,
10,,,29079,,,,,,,0.8285335898399353,,,,,,
10,,,29099,,,,,,,0.9954761266708374,,,,,,
10,,,29119,,,,,,,0.8524933457374573,,,,,,
10,,,29139,,,,,,,1.0029544830322266,,,,,,
10,,,29159,,,,,,,1.1671336889266968,,,,,,
10,,,29179,,,,,,,1.0869014263153076,,,,,,
10,,,29199,,,,,,,2.1622653007507324,,,,,,
10,,,29219,,,,,,,1.4240615367889404,,,,,,
10,,,29239,,,,,,,0.9869277477264404,,,,,,
10,,,29259,,,,,,,0.8796026706695557,,,,,,
10,,,29279,,,,,,,1.9476709365844727,,,,,,
10,,,29299,,,,,,,1.361934781074524,,,,,,
10,,,29319,,,,,,,0.9951400756835938,,,,,,
10,,,29339,,,,,,,1.1011213064193726,,,,,,
10,,,29359,,,,,,,0.6982865333557129,,,,,,
10,,,29379,,,,,,,0.7820751070976257,,,,,,
10,,,29399,,,,,,,0.8837531805038452,,,,,,
10,,,29419,,,,,,,0.7923046946525574,,,,,,
10,,,29439,,,,,,,1.0619008541107178,,,,,,
10,,,29459,,,,,,,0.8169836401939392,,,,,,
10,,,29479,,,,,,,1.0728765726089478,,,,,,
10,,,29499,,,,,,,1.2086188793182373,,,,,,
10,,,29519,,,,,,,1.0826178789138794,,,,,,
10,,,29539,,,,,,,0.9080814719200134,,,,,,
10,,,29559,,,,,,,0.7912802696228027,,,,,,
10,,,29579,,,,,,,1.1611688137054443,,,,,,
10,,,29599,,,,,,,1.0711822509765625,,,,,,
10,,,29619,,,,,,,1.0719599723815918,,,,,,
10,,,29639,,,,,,,0.8651434183120728,,,,,,
10,,,29659,,,,,,,1.7945060729980469,,,,,,
10,,,29679,,,,,,,1.5538424253463745,,,,,,
10,,,29699,,,,,,,0.8913376331329346,,,,,,
10,,,29719,,,,,,,1.180154800415039,,,,,,
10,,,29739,,,,,,,0.9096825122833252,,,,,,
10,,,29759,,,,,,,0.8483047485351562,,,,,,
10,,,29779,,,,,,,3.741453170776367,,,,,,
10,,,29799,,,,,,,1.0635044574737549,,,,,,
10,,,29819,,,,,,,1.1293084621429443,,,,,,
10,,,29839,,,,,,,1.0887480974197388,,,,,,
10,,,29859,,,,,,,1.1053204536437988,,,,,,
10,,,29879,,,,,,,0.865965723991394,,,,,,
10,,,29899,,,,,,,1.2823858261108398,,,,,,
10,,,29919,,,,,,,0.869598388671875,,,,,,
10,,,29939,,,,,,,1.88454270362854,,,,,,
10,,,29959,,,,,,,1.9161145687103271,,,,,,
10,,,29979,,,,,,,0.8042242527008057,,,,,,
10,,,29999,,,,,,,1.1366727352142334,,,,,,
10,,,30019,,,,,,,0.5538839101791382,,,,,,
10,,,30039,,,,,,,1.0530266761779785,,,,,,
10,,,30059,,,,,,,1.342226505279541,,,,,,
10,,,30079,,,,,,,0.785358190536499,,,,,,
10,,,30099,,,,,,,0.9397546648979187,,,,,,
10,,,30119,,,,,,,0.98694908618927,,,,,,
10,,,30139,,,,,,,0.9012821316719055,,,,,,
10,,,30159,,,,,,,0.7013929486274719,,,,,,
10,,,30179,,,,,,,0.9048367738723755,,,,,,
10,,,30199,,,,,,,1.216324806213379,,,,,,
10,,,30219,,,,,,,0.8179837465286255,,,,,,
10,,,30239,,,,,,,0.7277573347091675,,,,,,
10,,,30259,,,,,,,1.86668062210083,,,,,,
10,,,30279,,,,,,,1.1331223249435425,,,,,,
10,,,30299,,,,,,,0.9108967781066895,,,,,,
10,,,30319,,,,,,,1.0966953039169312,,,,,,
10,,,30339,,,,,,,0.8219290971755981,,,,,,
10,,,30359,,,,,,,0.6697522401809692,,,,,,
10,,,30379,,,,,,,0.8700094223022461,,,,,,
10,,,30399,,,,,,,0.9068459272384644,,,,,,
10,,,30419,,,,,,,1.5136423110961914,,,,,,
10,,,30439,,,,,,,0.67427659034729,,,,,,
10,,,30459,,,,,,,1.3763782978057861,,,,,,
10,,,30479,,,,,,,0.8112046718597412,,,,,,
10,,,30499,,,,,,,0.8167819380760193,,,,,,
10,,,30519,,,,,,,1.156874179840088,,,,,,
10,,,30539,,,,,,,0.9206384420394897,,,,,,
10,,,30559,,,,,,,0.7854357957839966,,,,,,
10,,,30579,,,,,,,1.6491806507110596,,,,,,
10,,,30599,,,,,,,0.7587215900421143,,,,,,
10,,,30619,,,,,,,0.9806127548217773,,,,,,
10,,,30639,,,,,,,1.3754360675811768,,,,,,
10,,,30659,,,,,,,0.714472770690918,,,,,,
10,,,30679,,,,,,,0.948403537273407,,,,,,
10,,,30699,,,,,,,0.7252796292304993,,,,,,
10,,,30719,,,,,,,1.020911455154419,,,,,,
10,,,30739,,,,,,,0.9313443303108215,,,,,,
10,,,30759,,,,,,,3.7495899200439453,,,,,,
10,,,30779,,,,,,,1.0287790298461914,,,,,,
10,,,30799,,,,,,,1.3739867210388184,,,,,,
10,,,30819,,,,,,,1.160705327987671,,,,,,
10,,,30839,,,,,,,0.7654933929443359,,,,,,
10,,,30859,,,,,,,1.0166174173355103,,,,,,
10,,,30879,,,,,,,1.0640870332717896,,,,,,
10,,,30899,,,,,,,0.5889739990234375,,,,,,
10,,,30919,,,,,,,1.0186803340911865,,,,,,
10,,,30939,,,,,,,1.1600737571716309,,,,,,
10,,,30959,,,,,,,0.7743727564811707,,,,,,
10,,,30979,,,,,,,1.1216105222702026,,,,,,
10,,,30999,,,,,,,0.9278087615966797,,,,,,
10,,,31019,,,,,,,1.79483962059021,,,,,,
10,,,31039,,,,,,,0.8403345942497253,,,,,,
10,,,31059,,,,,,,0.7157028317451477,,,,,,
10,,,31079,,,,,,,0.6819623708724976,,,,,,
10,,,31099,,,,,,,1.3136805295944214,,,,,,
10,,,31119,,,,,,,0.7604319453239441,,,,,,
10,,,31139,,,,,,,0.8624374866485596,,,,,,
10,,,31159,,,,,,,0.927180290222168,,,,,,
10,,,31179,,,,,,,1.0100977420806885,,,,,,
10,,,31199,,,,,,,1.008384108543396,,,,,,
10,,,31219,,,,,,,0.9946016669273376,,,,,,
10,,,31239,,,,,,,1.0280076265335083,,,,,,
10,,,31259,,,,,,,1.0241503715515137,,,,,,
10,,,31279,,,,,,,0.7069286704063416,,,,,,
10,,,31299,,,,,,,1.9154133796691895,,,,,,
10,,,31319,,,,,,,0.902629017829895,,,,,,
10,,,31339,,,,,,,0.8043485879898071,,,,,,
10,,,31359,,,,,,,0.9671024084091187,,,,,,
10,,,31379,,,,,,,0.7568358182907104,,,,,,
10,,,31399,,,,,,,0.5848532319068909,,,,,,
10,,,31419,,,,,,,0.8336130976676941,,,,,,
10,,,31439,,,,,,,0.6512118577957153,,,,,,
10,,,31459,,,,,,,0.9379693269729614,,,,,,
10,,,31479,,,,,,,0.8078621029853821,,,,,,
10,,,31499,,,,,,,1.587989330291748,,,,,,
10,,,31519,,,,,,,0.8742879629135132,,,,,,
10,,,31539,,,,,,,1.1541807651519775,,,,,,
10,,,31559,,,,,,,0.658540666103363,,,,,,
10,,,31569,,,,,,,,0.3714849352836609,0.3088671565055847,10.600275039672852,0.22531580924987793,0.405295729637146,0.3714849352836609
10,,,31569,,,,,0.6914157271385193,1.0908911228179932,,,,,,,
,0.00015063598573540298,0.00015063598573540298,31570,,,,,,,,,,,,,
11,,,31579,,,,,,,1.4228856563568115,,,,,,
11,,,31599,,,,,,,0.8378686904907227,,,,,,
11,,,31619,,,,,,,0.8486453294754028,,,,,,
11,,,31639,,,,,,,0.8966770768165588,,,,,,
11,,,31659,,,,,,,0.9158315062522888,,,,,,
11,,,31679,,,,,,,0.9489654302597046,,,,,,
11,,,31699,,,,,,,0.8390588760375977,,,,,,
11,,,31719,,,,,,,2.9828577041625977,,,,,,
11,,,31739,,,,,,,1.0533974170684814,,,,,,
11,,,31759,,,,,,,1.4600539207458496,,,,,,
11,,,31779,,,,,,,1.2693350315093994,,,,,,
11,,,31799,,,,,,,0.8061589598655701,,,,,,
11,,,31819,,,,,,,4.7916107177734375,,,,,,
11,,,31839,,,,,,,0.706295371055603,,,,,,
11,,,31859,,,,,,,1.050981044769287,,,,,,
11,,,31879,,,,,,,0.8500646352767944,,,,,,
11,,,31899,,,,,,,0.875066339969635,,,,,,
11,,,31919,,,,,,,1.062217354774475,,,,,,
11,,,31939,,,,,,,1.1566187143325806,,,,,,
11,,,31959,,,,,,,1.4223012924194336,,,,,,
11,,,31979,,,,,,,1.6942875385284424,,,,,,
11,,,31999,,,,,,,0.9143558740615845,,,,,,
11,,,32019,,,,,,,0.8749597072601318,,,,,,
11,,,32039,,,,,,,0.9863932132720947,,,,,,
11,,,32059,,,,,,,0.7951995134353638,,,,,,
11,,,32079,,,,,,,1.1589164733886719,,,,,,
11,,,32099,,,,,,,0.9582663774490356,,,,,,
11,,,32119,,,,,,,1.800544261932373,,,,,,
11,,,32139,,,,,,,1.0136531591415405,,,,,,
11,,,32159,,,,,,,0.6865448355674744,,,,,,
11,,,32179,,,,,,,0.8900809288024902,,,,,,
11,,,32199,,,,,,,1.1256210803985596,,,,,,
11,,,32219,,,,,,,0.7853366732597351,,,,,,
11,,,32239,,,,,,,1.2158584594726562,,,,,,
11,,,32259,,,,,,,1.1136912107467651,,,,,,
11,,,32279,,,,,,,1.1572840213775635,,,,,,
11,,,32299,,,,,,,0.942078709602356,,,,,,
11,,,32319,,,,,,,0.8744869232177734,,,,,,
11,,,32339,,,,,,,0.9504669904708862,,,,,,
11,,,32359,,,,,,,1.787527084350586,,,,,,
11,,,32379,,,,,,,1.1160099506378174,,,,,,
11,,,32399,,,,,,,1.0060311555862427,,,,,,
11,,,32419,,,,,,,1.3563604354858398,,,,,,
11,,,32439,,,,,,,1.474813461303711,,,,,,
11,,,32459,,,,,,,0.9913792610168457,,,,,,
11,,,32479,,,,,,,0.7287254929542542,,,,,,
11,,,32499,,,,,,,0.9059305787086487,,,,,,
11,,,32519,,,,,,,0.6500303745269775,,,,,,
11,,,32539,,,,,,,1.1524806022644043,,,,,,
11,,,32559,,,,,,,0.9037789106369019,,,,,,
11,,,32579,,,,,,,0.8288005590438843,,,,,,
11,,,32599,,,,,,,1.1711320877075195,,,,,,
11,,,32619,,,,,,,0.8335604071617126,,,,,,
11,,,32639,,,,,,,0.7367978096008301,,,,,,
11,,,32659,,,,,,,0.934514045715332,,,,,,
11,,,32679,,,,,,,0.9380224347114563,,,,,,
11,,,32699,,,,,,,1.0755555629730225,,,,,,
11,,,32719,,,,,,,1.5704172849655151,,,,,,
11,,,32739,,,,,,,0.961460530757904,,,,,,
11,,,32759,,,,,,,1.0161621570587158,,,,,,
11,,,32779,,,,,,,0.7167798280715942,,,,,,
11,,,32799,,,,,,,1.2765007019042969,,,,,,
11,,,32819,,,,,,,1.0377545356750488,,,,,,
11,,,32839,,,,,,,1.520719289779663,,,,,,
11,,,32859,,,,,,,1.0012149810791016,,,,,,
11,,,32879,,,,,,,0.8351927995681763,,,,,,
11,,,32899,,,,,,,0.8841379880905151,,,,,,
11,,,32919,,,,,,,1.3757672309875488,,,,,,
11,,,32939,,,,,,,2.5881187915802,,,,,,
11,,,32959,,,,,,,0.9505941867828369,,,,,,
11,,,32979,,,,,,,1.0786936283111572,,,,,,
11,,,32999,,,,,,,1.1748673915863037,,,,,,
11,,,33019,,,,,,,0.8528596758842468,,,,,,
11,,,33039,,,,,,,1.8654429912567139,,,,,,
11,,,33059,,,,,,,1.3810951709747314,,,,,,
11,,,33079,,,,,,,0.8129976987838745,,,,,,
11,,,33099,,,,,,,1.0444486141204834,,,,,,
11,,,33119,,,,,,,1.4953649044036865,,,,,,
11,,,33139,,,,,,,1.2504078149795532,,,,,,
11,,,33159,,,,,,,1.074187994003296,,,,,,
11,,,33179,,,,,,,0.7714404463768005,,,,,,
11,,,33199,,,,,,,0.8140419721603394,,,,,,
11,,,33219,,,,,,,1.3154939413070679,,,,,,
11,,,33239,,,,,,,0.7793787717819214,,,,,,
11,,,33259,,,,,,,0.9526092410087585,,,,,,
11,,,33279,,,,,,,0.7328284382820129,,,,,,
11,,,33299,,,,,,,1.2642881870269775,,,,,,
11,,,33319,,,,,,,1.0622467994689941,,,,,,
11,,,33339,,,,,,,1.125840187072754,,,,,,
11,,,33359,,,,,,,0.8799476623535156,,,,,,
11,,,33379,,,,,,,1.097923994064331,,,,,,
11,,,33399,,,,,,,0.9610366821289062,,,,,,
11,,,33419,,,,,,,1.0402941703796387,,,,,,
11,,,33439,,,,,,,0.7301130294799805,,,,,,
11,,,33459,,,,,,,1.3460251092910767,,,,,,
11,,,33479,,,,,,,0.7885751724243164,,,,,,
11,,,33499,,,,,,,1.1042418479919434,,,,,,
11,,,33519,,,,,,,1.0595762729644775,,,,,,
11,,,33539,,,,,,,0.8650280237197876,,,,,,
11,,,33559,,,,,,,0.8400812149047852,,,,,,
11,,,33579,,,,,,,0.6623748540878296,,,,,,
11,,,33599,,,,,,,1.1604290008544922,,,,,,
11,,,33619,,,,,,,1.582139253616333,,,,,,
11,,,33639,,,,,,,0.8683786392211914,,,,,,
11,,,33659,,,,,,,1.128784418106079,,,,,,
11,,,33679,,,,,,,0.6637316942214966,,,,,,
11,,,33699,,,,,,,1.0878777503967285,,,,,,
11,,,33719,,,,,,,0.7216546535491943,,,,,,
11,,,33739,,,,,,,0.9259289503097534,,,,,,
11,,,33759,,,,,,,0.9296861290931702,,,,,,
11,,,33779,,,,,,,1.6870663166046143,,,,,,
11,,,33799,,,,,,,0.7245660424232483,,,,,,
11,,,33819,,,,,,,0.915587842464447,,,,,,
11,,,33839,,,,,,,1.0583581924438477,,,,,,
11,,,33859,,,,,,,0.7034497261047363,,,,,,
11,,,33879,,,,,,,1.0627739429473877,,,,,,
11,,,33899,,,,,,,1.5367134809494019,,,,,,
11,,,33919,,,,,,,0.7282357215881348,,,,,,
11,,,33939,,,,,,,1.2063016891479492,,,,,,
11,,,33959,,,,,,,1.0829756259918213,,,,,,
11,,,33979,,,,,,,0.7247333526611328,,,,,,
11,,,33999,,,,,,,0.798517107963562,,,,,,
11,,,34019,,,,,,,0.5848461389541626,,,,,,
11,,,34039,,,,,,,1.6293538808822632,,,,,,
11,,,34059,,,,,,,1.714782953262329,,,,,,
11,,,34079,,,,,,,1.252659559249878,,,,,,
11,,,34099,,,,,,,0.9429212808609009,,,,,,
11,,,34119,,,,,,,0.6823700070381165,,,,,,
11,,,34139,,,,,,,0.8881664276123047,,,,,,
11,,,34159,,,,,,,0.9376153945922852,,,,,,
11,,,34179,,,,,,,0.8325461745262146,,,,,,
11,,,34199,,,,,,,0.9495984315872192,,,,,,
11,,,34219,,,,,,,0.7711382508277893,,,,,,
11,,,34239,,,,,,,0.923713207244873,,,,,,
11,,,34259,,,,,,,0.750401496887207,,,,,,
11,,,34279,,,,,,,1.1443287134170532,,,,,,
11,,,34299,,,,,,,0.8793380260467529,,,,,,
11,,,34319,,,,,,,1.1693527698516846,,,,,,
11,,,34339,,,,,,,1.075018048286438,,,,,,
11,,,34359,,,,,,,0.8589029312133789,,,,,,
11,,,34379,,,,,,,0.9371833801269531,,,,,,
11,,,34399,,,,,,,0.6838376522064209,,,,,,
11,,,34419,,,,,,,1.3191189765930176,,,,,,
11,,,34439,,,,,,,1.0852692127227783,,,,,,
11,,,34439,,,,,,,,0.36186134815216064,0.2951630651950836,9.698837280273438,0.20573505759239197,0.3853938579559326,0.36186134815216064
11,,,34439,,,,,0.7044238448143005,0.9998305439949036,,,,,,,
,0.0001504983546559098,0.0001504983546559098,34440,,,,,,,,,,,,,
12,,,34459,,,,,,,2.4866762161254883,,,,,,
12,,,34479,,,,,,,0.8166506886482239,,,,,,
12,,,34499,,,,,,,0.98554527759552,,,,,,
12,,,34519,,,,,,,0.7551753520965576,,,,,,
12,,,34539,,,,,,,1.0753896236419678,,,,,,
12,,,34559,,,,,,,1.1360843181610107,,,,,,
12,,,34579,,,,,,,0.8619163036346436,,,,,,
12,,,34599,,,,,,,1.1771188974380493,,,,,,
12,,,34619,,,,,,,0.8386826515197754,,,,,,
12,,,34639,,,,,,,0.9414432048797607,,,,,,
12,,,34659,,,,,,,0.656935453414917,,,,,,
12,,,34679,,,,,,,0.8566197156906128,,,,,,
12,,,34699,,,,,,,0.9167473316192627,,,,,,
12,,,34719,,,,,,,0.8593320846557617,,,,,,
12,,,34739,,,,,,,0.8445733785629272,,,,,,
12,,,34759,,,,,,,1.2627034187316895,,,,,,
12,,,34779,,,,,,,1.3381638526916504,,,,,,
12,,,34799,,,,,,,1.0316088199615479,,,,,,
12,,,34819,,,,,,,0.8913842439651489,,,,,,
12,,,34839,,,,,,,1.4767025709152222,,,,,,
12,,,34859,,,,,,,1.9151798486709595,,,,,,
12,,,34879,,,,,,,1.489854335784912,,,,,,
12,,,34899,,,,,,,0.7946056723594666,,,,,,
12,,,34919,,,,,,,0.7160698175430298,,,,,,
12,,,34939,,,,,,,0.9069414138793945,,,,,,
12,,,34959,,,,,,,0.6076482534408569,,,,,,
12,,,34979,,,,,,,1.6234557628631592,,,,,,
12,,,34999,,,,,,,0.7629897594451904,,,,,,
12,,,35019,,,,,,,0.8690893650054932,,,,,,
12,,,35039,,,,,,,0.8285174369812012,,,,,,
12,,,35059,,,,,,,0.744347095489502,,,,,,
12,,,35079,,,,,,,1.221234679222107,,,,,,
12,,,35099,,,,,,,0.9427241683006287,,,,,,
12,,,35119,,,,,,,0.8373565673828125,,,,,,
12,,,35139,,,,,,,0.7700686454772949,,,,,,
12,,,35159,,,,,,,0.7261126041412354,,,,,,
12,,,35179,,,,,,,1.1470593214035034,,,,,,
12,,,35199,,,,,,,0.9563911557197571,,,,,,
12,,,35219,,,,,,,0.8080464005470276,,,,,,
12,,,35239,,,,,,,0.669609785079956,,,,,,
12,,,35259,,,,,,,0.8410518169403076,,,,,,
12,,,35279,,,,,,,1.3070205450057983,,,,,,
12,,,35299,,,,,,,0.7561920881271362,,,,,,
12,,,35319,,,,,,,0.8313074707984924,,,,,,
12,,,35339,,,,,,,0.940685510635376,,,,,,
12,,,35359,,,,,,,1.025702953338623,,,,,,
12,,,35379,,,,,,,0.8542460203170776,,,,,,
12,,,35399,,,,,,,0.7308602333068848,,,,,,
12,,,35419,,,,,,,1.1530474424362183,,,,,,
12,,,35439,,,,,,,0.9645893573760986,,,,,,
12,,,35459,,,,,,,1.061051845550537,,,,,,
12,,,35479,,,,,,,1.0634732246398926,,,,,,
12,,,35499,,,,,,,1.3308846950531006,,,,,,
12,,,35519,,,,,,,0.8250860571861267,,,,,,
12,,,35539,,,,,,,0.6936942934989929,,,,,,
12,,,35559,,,,,,,0.8627795577049255,,,,,,
12,,,35579,,,,,,,1.1576218605041504,,,,,,
12,,,35599,,,,,,,0.8897570967674255,,,,,,
12,,,35619,,,,,,,1.0135903358459473,,,,,,
12,,,35639,,,,,,,0.8866348266601562,,,,,,
12,,,35659,,,,,,,0.5538298487663269,,,,,,
12,,,35679,,,,,,,1.0011298656463623,,,,,,
12,,,35699,,,,,,,0.9221627712249756,,,,,,
12,,,35719,,,,,,,0.8162767887115479,,,,,,
12,,,35739,,,,,,,1.0249266624450684,,,,,,
12,,,35759,,,,,,,0.6594167947769165,,,,,,
12,,,35779,,,,,,,0.9852451086044312,,,,,,
12,,,35799,,,,,,,0.8205358386039734,,,,,,
12,,,35819,,,,,,,0.683049201965332,,,,,,
12,,,35839,,,,,,,0.8445874452590942,,,,,,
12,,,35859,,,,,,,0.6966022253036499,,,,,,
12,,,35879,,,,,,,0.9388352632522583,,,,,,
12,,,35899,,,,,,,0.901305079460144,,,,,,
12,,,35919,,,,,,,1.0489991903305054,,,,,,
12,,,35939,,,,,,,0.9225519895553589,,,,,,
12,,,35959,,,,,,,1.0745763778686523,,,,,,
12,,,35979,,,,,,,0.9777805805206299,,,,,,
12,,,35999,,,,,,,0.8592107892036438,,,,,,
12,,,36019,,,,,,,0.9692541360855103,,,,,,
12,,,36039,,,,,,,0.8535135984420776,,,,,,
12,,,36059,,,,,,,0.6271919012069702,,,,,,
12,,,36079,,,,,,,1.1215667724609375,,,,,,
12,,,36099,,,,,,,0.9832407236099243,,,,,,
12,,,36119,,,,,,,1.513611912727356,,,,,,
12,,,36139,,,,,,,0.934139609336853,,,,,,
12,,,36159,,,,,,,0.5661534070968628,,,,,,
12,,,36179,,,,,,,0.7478430271148682,,,,,,
12,,,36199,,,,,,,0.662293016910553,,,,,,
12,,,36219,,,,,,,0.7001179456710815,,,,,,
12,,,36239,,,,,,,1.2055847644805908,,,,,,
12,,,36259,,,,,,,0.5621194839477539,,,,,,
12,,,36279,,,,,,,0.8416690826416016,,,,,,
12,,,36299,,,,,,,1.2279362678527832,,,,,,
12,,,36319,,,,,,,0.7147188186645508,,,,,,
12,,,36339,,,,,,,1.0224156379699707,,,,,,
12,,,36359,,,,,,,0.9027827978134155,,,,,,
12,,,36379,,,,,,,0.8198450803756714,,,,,,
12,,,36399,,,,,,,0.8355680704116821,,,,,,
12,,,36419,,,,,,,0.5767302513122559,,,,,,
12,,,36439,,,,,,,0.8286869525909424,,,,,,
12,,,36459,,,,,,,0.7952723503112793,,,,,,
12,,,36479,,,,,,,0.7658077478408813,,,,,,
12,,,36499,,,,,,,0.6285971999168396,,,,,,
12,,,36519,,,,,,,1.2196654081344604,,,,,,
12,,,36539,,,,,,,1.370322346687317,,,,,,
12,,,36559,,,,,,,1.192124843597412,,,,,,
12,,,36579,,,,,,,1.0262874364852905,,,,,,
12,,,36599,,,,,,,0.7649689316749573,,,,,,
12,,,36619,,,,,,,0.7737524509429932,,,,,,
12,,,36639,,,,,,,1.642414927482605,,,,,,
12,,,36659,,,,,,,1.2191643714904785,,,,,,
12,,,36679,,,,,,,0.8794898986816406,,,,,,
12,,,36699,,,,,,,0.9497801065444946,,,,,,
12,,,36719,,,,,,,1.0685328245162964,,,,,,
12,,,36739,,,,,,,0.8414784669876099,,,,,,
12,,,36759,,,,,,,1.18574059009552,,,,,,
12,,,36779,,,,,,,1.003586769104004,,,,,,
12,,,36799,,,,,,,1.7097692489624023,,,,,,
12,,,36819,,,,,,,1.0775610208511353,,,,,,
12,,,36839,,,,,,,0.969752311706543,,,,,,
12,,,36859,,,,,,,0.8090207576751709,,,,,,
12,,,36879,,,,,,,0.8331975936889648,,,,,,
12,,,36899,,,,,,,0.746192216873169,,,,,,
12,,,36919,,,,,,,0.7979269623756409,,,,,,
12,,,36939,,,,,,,0.7008230090141296,,,,,,
12,,,36959,,,,,,,0.8953539133071899,,,,,,
12,,,36979,,,,,,,0.6892013549804688,,,,,,
12,,,36999,,,,,,,0.836637556552887,,,,,,
12,,,37019,,,,,,,0.8045495748519897,,,,,,
12,,,37039,,,,,,,0.6708155870437622,,,,,,
12,,,37059,,,,,,,0.9056652784347534,,,,,,
12,,,37079,,,,,,,1.0021250247955322,,,,,,
12,,,37099,,,,,,,1.2402374744415283,,,,,,
12,,,37119,,,,,,,0.7760944366455078,,,,,,
12,,,37139,,,,,,,0.7122282981872559,,,,,,
12,,,37159,,,,,,,1.0169672966003418,,,,,,
12,,,37179,,,,,,,0.7422360181808472,,,,,,
12,,,37199,,,,,,,0.6839374303817749,,,,,,
12,,,37219,,,,,,,0.5390591025352478,,,,,,
12,,,37239,,,,,,,1.2271296977996826,,,,,,
12,,,37259,,,,,,,1.1608551740646362,,,,,,
12,,,37279,,,,,,,1.2085868120193481,,,,,,
12,,,37299,,,,,,,0.6658837795257568,,,,,,
12,,,37309,,,,,,,,0.3941079378128052,0.340728759765625,11.004880905151367,0.23311668634414673,0.3645300269126892,0.3941079378128052
12,,,37309,,,,,0.7153316736221313,0.9481298327445984,,,,,,,
,0.00015026915584462398,0.00015026915584462398,37310,,,,,,,,,,,,,
13,,,37319,,,,,,,0.9381763339042664,,,,,,
13,,,37339,,,,,,,1.1114579439163208,,,,,,
13,,,37359,,,,,,,0.7081177830696106,,,,,,
13,,,37379,,,,,,,0.8632583618164062,,,,,,
13,,,37399,,,,,,,1.0027179718017578,,,,,,
13,,,37419,,,,,,,1.2328941822052002,,,,,,
13,,,37439,,,,,,,1.0999557971954346,,,,,,
13,,,37459,,,,,,,0.7058835625648499,,,,,,
13,,,37479,,,,,,,0.7759764194488525,,,,,,
13,,,37499,,,,,,,1.3749380111694336,,,,,,
13,,,37519,,,,,,,0.7575304508209229,,,,,,
13,,,37539,,,,,,,1.1790915727615356,,,,,,
13,,,37559,,,,,,,1.3509941101074219,,,,,,
13,,,37579,,,,,,,0.5662237405776978,,,,,,
13,,,37599,,,,,,,1.137516975402832,,,,,,
13,,,37619,,,,,,,0.6701159477233887,,,,,,
13,,,37639,,,,,,,1.001591682434082,,,,,,
13,,,37659,,,,,,,1.1432877779006958,,,,,,
13,,,37679,,,,,,,0.9853485822677612,,,,,,
13,,,37699,,,,,,,1.004831075668335,,,,,,
13,,,37719,,,,,,,0.7799075245857239,,,,,,
13,,,37739,,,,,,,1.252417802810669,,,,,,
13,,,37759,,,,,,,0.5786882638931274,,,,,,
13,,,37779,,,,,,,0.755050778388977,,,,,,
13,,,37799,,,,,,,1.6657013893127441,,,,,,
13,,,37819,,,,,,,0.837087869644165,,,,,,
13,,,37839,,,,,,,0.8659951090812683,,,,,,
13,,,37859,,,,,,,0.7656834125518799,,,,,,
13,,,37879,,,,,,,1.1168864965438843,,,,,,
13,,,37899,,,,,,,0.9081292748451233,,,,,,
13,,,37919,,,,,,,1.1101386547088623,,,,,,
13,,,37939,,,,,,,0.5490222573280334,,,,,,
13,,,37959,,,,,,,0.9995343685150146,,,,,,
13,,,37979,,,,,,,1.3633307218551636,,,,,,
13,,,37999,,,,,,,0.7652572989463806,,,,,,
13,,,38019,,,,,,,0.9534229040145874,,,,,,
13,,,38039,,,,,,,0.9538176655769348,,,,,,
13,,,38059,,,,,,,0.7759538292884827,,,,,,
13,,,38079,,,,,,,1.3702201843261719,,,,,,
13,,,38099,,,,,,,0.7420046329498291,,,,,,
13,,,38119,,,,,,,0.9366583824157715,,,,,,
13,,,38139,,,,,,,1.0330660343170166,,,,,,
13,,,38159,,,,,,,0.9120191931724548,,,,,,
13,,,38179,,,,,,,1.0229692459106445,,,,,,
13,,,38199,,,,,,,0.8818227052688599,,,,,,
13,,,38219,,,,,,,0.8737277984619141,,,,,,
13,,,38239,,,,,,,0.8616254329681396,,,,,,
13,,,38259,,,,,,,1.3693032264709473,,,,,,
13,,,38279,,,,,,,1.1887503862380981,,,,,,
13,,,38299,,,,,,,1.3998154401779175,,,,,,
13,,,38319,,,,,,,0.8764162063598633,,,,,,
13,,,38339,,,,,,,0.7247416973114014,,,,,,
13,,,38359,,,,,,,0.9187765121459961,,,,,,
13,,,38379,,,,,,,0.8985967040061951,,,,,,
13,,,38399,,,,,,,0.679027795791626,,,,,,
13,,,38419,,,,,,,0.8226423859596252,,,,,,
13,,,38439,,,,,,,0.8871027827262878,,,,,,
13,,,38459,,,,,,,1.1098084449768066,,,,,,
13,,,38479,,,,,,,1.0703074932098389,,,,,,
13,,,38499,,,,,,,1.4870926141738892,,,,,,
13,,,38519,,,,,,,0.7477353811264038,,,,,,
13,,,38539,,,,,,,0.881247878074646,,,,,,
13,,,38559,,,,,,,1.7510545253753662,,,,,,
13,,,38579,,,,,,,1.0620226860046387,,,,,,
13,,,38599,,,,,,,0.8702304363250732,,,,,,
13,,,38619,,,,,,,0.7953640222549438,,,,,,
13,,,38639,,,,,,,1.0748333930969238,,,,,,
13,,,38659,,,,,,,0.839790403842926,,,,,,
13,,,38679,,,,,,,0.9188183546066284,,,,,,
13,,,38699,,,,,,,0.8635546565055847,,,,,,
13,,,38719,,,,,,,0.9047678709030151,,,,,,
13,,,38739,,,,,,,0.7891689538955688,,,,,,
13,,,38759,,,,,,,0.8699221611022949,,,,,,
13,,,38779,,,,,,,0.7670257091522217,,,,,,
13,,,38799,,,,,,,1.1728047132492065,,,,,,
13,,,38819,,,,,,,0.5364248156547546,,,,,,
13,,,38839,,,,,,,1.2583965063095093,,,,,,
13,,,38859,,,,,,,0.82581627368927,,,,,,
13,,,38879,,,,,,,0.6724876761436462,,,,,,
13,,,38899,,,,,,,1.6389515399932861,,,,,,
13,,,38919,,,,,,,0.8278575539588928,,,,,,
13,,,38939,,,,,,,0.6120896339416504,,,,,,
13,,,38959,,,,,,,0.8616726398468018,,,,,,
13,,,38979,,,,,,,1.0923651456832886,,,,,,
13,,,38999,,,,,,,0.7843009829521179,,,,,,
13,,,39019,,,,,,,0.8328971862792969,,,,,,
13,,,39039,,,,,,,0.8278105854988098,,,,,,
13,,,39059,,,,,,,1.3554584980010986,,,,,,
13,,,39079,,,,,,,0.8269715905189514,,,,,,
13,,,39099,,,,,,,0.9495384097099304,,,,,,
13,,,39119,,,,,,,1.3790106773376465,,,,,,
13,,,39139,,,,,,,0.5347861051559448,,,,,,
13,,,39159,,,,,,,0.7234928607940674,,,,,,
13,,,39179,,,,,,,1.7715219259262085,,,,,,
13,,,39199,,,,,,,0.972680389881134,,,,,,
13,,,39219,,,,,,,1.4464548826217651,,,,,,
13,,,39239,,,,,,,1.0091140270233154,,,,,,
13,,,39259,,,,,,,0.9362211227416992,,,,,,
13,,,39279,,,,,,,0.8910542726516724,,,,,,
13,,,39299,,,,,,,0.7676640748977661,,,,,,
13,,,39319,,,,,,,1.0607647895812988,,,,,,
13,,,39339,,,,,,,1.0862202644348145,,,,,,
13,,,39359,,,,,,,0.811837911605835,,,,,,
13,,,39379,,,,,,,1.2088497877120972,,,,,,
13,,,39399,,,,,,,0.9774347543716431,,,,,,
13,,,39419,,,,,,,0.48947593569755554,,,,,,
13,,,39439,,,,,,,1.275491714477539,,,,,,
13,,,39459,,,,,,,0.6782309412956238,,,,,,
13,,,39479,,,,,,,0.44587093591690063,,,,,,
13,,,39499,,,,,,,0.9146389961242676,,,,,,
13,,,39519,,,,,,,0.8485864400863647,,,,,,
13,,,39539,,,,,,,1.0019192695617676,,,,,,
13,,,39559,,,,,,,1.0449384450912476,,,,,,
13,,,39579,,,,,,,0.6584320664405823,,,,,,
13,,,39599,,,,,,,0.9194536209106445,,,,,,
13,,,39619,,,,,,,0.7700067758560181,,,,,,
13,,,39639,,,,,,,0.6419041156768799,,,,,,
13,,,39659,,,,,,,1.4680075645446777,,,,,,
13,,,39679,,,,,,,0.814937949180603,,,,,,
13,,,39699,,,,,,,1.0221015214920044,,,,,,
13,,,39719,,,,,,,0.6528928279876709,,,,,,
13,,,39739,,,,,,,0.9752848148345947,,,,,,
13,,,39759,,,,,,,0.8904773592948914,,,,,,
13,,,39779,,,,,,,0.9041973352432251,,,,,,
13,,,39799,,,,,,,0.6294607520103455,,,,,,
13,,,39819,,,,,,,1.0843534469604492,,,,,,
13,,,39839,,,,,,,1.0546588897705078,,,,,,
13,,,39859,,,,,,,0.6821929216384888,,,,,,
13,,,39879,,,,,,,1.514123797416687,,,,,,
13,,,39899,,,,,,,0.9610733985900879,,,,,,
13,,,39919,,,,,,,0.8751823306083679,,,,,,
13,,,39939,,,,,,,0.5664352178573608,,,,,,
13,,,39959,,,,,,,0.7681634426116943,,,,,,
13,,,39979,,,,,,,0.5789220333099365,,,,,,
13,,,39999,,,,,,,1.0933794975280762,,,,,,
13,,,40019,,,,,,,0.6373061537742615,,,,,,
13,,,40039,,,,,,,0.9940243363380432,,,,,,
13,,,40059,,,,,,,0.5008134245872498,,,,,,
13,,,40079,,,,,,,0.7725892066955566,,,,,,
13,,,40099,,,,,,,0.7583045363426208,,,,,,
13,,,40119,,,,,,,1.1343846321105957,,,,,,
13,,,40139,,,,,,,0.9950166344642639,,,,,,
13,,,40159,,,,,,,0.7474683523178101,,,,,,
13,,,40179,,,,,,,0.5652759671211243,,,,,,
13,,,40179,,,,,,,,0.3692622780799866,0.3164968192577362,10.570123672485352,0.19874083995819092,0.3425729274749756,0.3692622780799866
13,,,40179,,,,,0.7202961444854736,0.9222413897514343,,,,,,,
,0.0001499486685449917,0.0001499486685449917,40180,,,,,,,,,,,,,
14,,,40199,,,,,,,1.245511531829834,,,,,,
14,,,40219,,,,,,,1.6213841438293457,,,,,,
14,,,40239,,,,,,,0.7820544242858887,,,,,,
14,,,40259,,,,,,,1.1132129430770874,,,,,,
14,,,40279,,,,,,,0.6839596033096313,,,,,,
14,,,40299,,,,,,,0.8554601669311523,,,,,,
14,,,40319,,,,,,,0.871212363243103,,,,,,
14,,,40339,,,,,,,0.7000209093093872,,,,,,
14,,,40359,,,,,,,1.761986494064331,,,,,,
14,,,40379,,,,,,,0.7546663284301758,,,,,,
14,,,40399,,,,,,,0.8898888230323792,,,,,,
14,,,40419,,,,,,,1.4713531732559204,,,,,,
14,,,40439,,,,,,,1.1059648990631104,,,,,,
14,,,40459,,,,,,,1.360055923461914,,,,,,
14,,,40479,,,,,,,0.5739972591400146,,,,,,
14,,,40499,,,,,,,0.8965104818344116,,,,,,
14,,,40519,,,,,,,0.5511698722839355,,,,,,
14,,,40539,,,,,,,1.132063865661621,,,,,,
14,,,40559,,,,,,,0.7664757966995239,,,,,,
14,,,40579,,,,,,,0.7857399582862854,,,,,,
14,,,40599,,,,,,,0.7519669532775879,,,,,,
14,,,40619,,,,,,,0.7296626567840576,,,,,,
14,,,40639,,,,,,,0.7433483600616455,,,,,,
14,,,40659,,,,,,,1.027261734008789,,,,,,
14,,,40679,,,,,,,0.9704510569572449,,,,,,
14,,,40699,,,,,,,0.5666951537132263,,,,,,
14,,,40719,,,,,,,0.8438103199005127,,,,,,
14,,,40739,,,,,,,0.7143816947937012,,,,,,
14,,,40759,,,,,,,0.7431638836860657,,,,,,
14,,,40779,,,,,,,1.3501354455947876,,,,,,
14,,,40799,,,,,,,0.7004520893096924,,,,,,
14,,,40819,,,,,,,0.6831673383712769,,,,,,
14,,,40839,,,,,,,0.45636969804763794,,,,,,
14,,,40859,,,,,,,1.0184533596038818,,,,,,
14,,,40879,,,,,,,1.0100351572036743,,,,,,
14,,,40899,,,,,,,1.0947428941726685,,,,,,
14,,,40919,,,,,,,0.7007850408554077,,,,,,
14,,,40939,,,,,,,0.8515310287475586,,,,,,
14,,,40959,,,,,,,0.6456784009933472,,,,,,
14,,,40979,,,,,,,0.8163865804672241,,,,,,
14,,,40999,,,,,,,0.8257368803024292,,,,,,
14,,,41019,,,,,,,0.8018436431884766,,,,,,
14,,,41039,,,,,,,0.7189961671829224,,,,,,
14,,,41059,,,,,,,0.8565654158592224,,,,,,
14,,,41079,,,,,,,1.0401297807693481,,,,,,
14,,,41099,,,,,,,1.3116075992584229,,,,,,
14,,,41119,,,,,,,0.9903636574745178,,,,,,
14,,,41139,,,,,,,0.8186011910438538,,,,,,
14,,,41159,,,,,,,0.7648721933364868,,,,,,
14,,,41179,,,,,,,1.2924284934997559,,,,,,
14,,,41199,,,,,,,0.7558059692382812,,,,,,
14,,,41219,,,,,,,0.7625812292098999,,,,,,
14,,,41239,,,,,,,1.8261606693267822,,,,,,
14,,,41259,,,,,,,1.4740394353866577,,,,,,
14,,,41279,,,,,,,0.9120911359786987,,,,,,
14,,,41299,,,,,,,0.8690515756607056,,,,,,
14,,,41319,,,,,,,0.7997664213180542,,,,,,
14,,,41339,,,,,,,1.1885404586791992,,,,,,
14,,,41359,,,,,,,0.636868953704834,,,,,,
14,,,41379,,,,,,,0.771248459815979,,,,,,
14,,,41399,,,,,,,1.3623074293136597,,,,,,
14,,,41419,,,,,,,1.0674448013305664,,,,,,
14,,,41439,,,,,,,0.69559246301651,,,,,,
14,,,41459,,,,,,,0.7050261497497559,,,,,,
14,,,41479,,,,,,,1.0269650220870972,,,,,,
14,,,41499,,,,,,,1.237696886062622,,,,,,
14,,,41519,,,,,,,1.0287599563598633,,,,,,
14,,,41539,,,,,,,0.6117202639579773,,,,,,
14,,,41559,,,,,,,0.5858104228973389,,,,,,
14,,,41579,,,,,,,0.7790192365646362,,,,,,
14,,,41599,,,,,,,0.8388159275054932,,,,,,
14,,,41619,,,,,,,0.8039445877075195,,,,,,
14,,,41639,,,,,,,0.9859718084335327,,,,,,
14,,,41659,,,,,,,0.732541561126709,,,,,,
14,,,41679,,,,,,,0.6929073333740234,,,,,,
14,,,41699,,,,,,,0.6997042894363403,,,,,,
14,,,41719,,,,,,,1.0455206632614136,,,,,,
14,,,41739,,,,,,,1.0481120347976685,,,,,,
14,,,41759,,,,,,,0.5830507278442383,,,,,,
14,,,41779,,,,,,,0.7622013092041016,,,,,,
14,,,41799,,,,,,,1.005510926246643,,,,,,
14,,,41819,,,,,,,0.7569746971130371,,,,,,
14,,,41839,,,,,,,0.757785975933075,,,,,,
14,,,41859,,,,,,,0.9523259401321411,,,,,,
14,,,41879,,,,,,,0.8939321041107178,,,,,,
14,,,41899,,,,,,,0.6199437379837036,,,,,,
14,,,41919,,,,,,,1.598243236541748,,,,,,
14,,,41939,,,,,,,0.7099955081939697,,,,,,
14,,,41959,,,,,,,1.2588846683502197,,,,,,
14,,,41979,,,,,,,0.9672848582267761,,,,,,
14,,,41999,,,,,,,1.0330027341842651,,,,,,
14,,,42019,,,,,,,0.6131683588027954,,,,,,
14,,,42039,,,,,,,0.9030548334121704,,,,,,
14,,,42059,,,,,,,0.9013364315032959,,,,,,
14,,,42079,,,,,,,0.6353693008422852,,,,,,
14,,,42099,,,,,,,0.5549672842025757,,,,,,
14,,,42119,,,,,,,0.8397576808929443,,,,,,
14,,,42139,,,,,,,0.7802491784095764,,,,,,
14,,,42159,,,,,,,1.3142143487930298,,,,,,
14,,,42179,,,,,,,0.9710277915000916,,,,,,
14,,,42199,,,,,,,0.7349739670753479,,,,,,
14,,,42219,,,,,,,0.5487837195396423,,,,,,
14,,,42239,,,,,,,0.8783513307571411,,,,,,
14,,,42259,,,,,,,0.95406174659729,,,,,,
14,,,42279,,,,,,,0.9172253608703613,,,,,,
14,,,42299,,,,,,,0.8829827308654785,,,,,,
14,,,42319,,,,,,,1.0497429370880127,,,,,,
14,,,42339,,,,,,,1.890812635421753,,,,,,
14,,,42359,,,,,,,0.8106167316436768,,,,,,
14,,,42379,,,,,,,0.9388704895973206,,,,,,
14,,,42399,,,,,,,0.7256665229797363,,,,,,
14,,,42419,,,,,,,0.6513476371765137,,,,,,
14,,,42439,,,,,,,0.4125657081604004,,,,,,
14,,,42459,,,,,,,0.8295255899429321,,,,,,
14,,,42479,,,,,,,0.7357946038246155,,,,,,
14,,,42499,,,,,,,0.8619544506072998,,,,,,
14,,,42519,,,,,,,0.8400068879127502,,,,,,
14,,,42539,,,,,,,0.941669225692749,,,,,,
14,,,42559,,,,,,,1.6376539468765259,,,,,,
14,,,42579,,,,,,,1.1105374097824097,,,,,,
14,,,42599,,,,,,,1.2840607166290283,,,,,,
14,,,42619,,,,,,,0.6995759010314941,,,,,,
14,,,42639,,,,,,,0.8599850535392761,,,,,,
14,,,42659,,,,,,,0.8159142136573792,,,,,,
14,,,42679,,,,,,,0.7444144487380981,,,,,,
14,,,42699,,,,,,,0.9956569671630859,,,,,,
14,,,42719,,,,,,,0.8265724182128906,,,,,,
14,,,42739,,,,,,,0.9311584234237671,,,,,,
14,,,42759,,,,,,,1.090674638748169,,,,,,
14,,,42779,,,,,,,0.863093376159668,,,,,,
14,,,42799,,,,,,,0.7087158560752869,,,,,,
14,,,42819,,,,,,,0.9760169982910156,,,,,,
14,,,42839,,,,,,,0.7843830585479736,,,,,,
14,,,42859,,,,,,,0.7031525373458862,,,,,,
14,,,42879,,,,,,,0.7311135530471802,,,,,,
14,,,42899,,,,,,,0.7535425424575806,,,,,,
14,,,42919,,,,,,,0.8011531829833984,,,,,,
14,,,42939,,,,,,,0.6899275779724121,,,,,,
14,,,42959,,,,,,,1.5747764110565186,,,,,,
14,,,42979,,,,,,,0.7125463485717773,,,,,,
14,,,42999,,,,,,,1.131983995437622,,,,,,
14,,,43019,,,,,,,0.7363331317901611,,,,,,
14,,,43039,,,,,,,0.6992751359939575,,,,,,
14,,,43049,,,,,,,,0.35192057490348816,0.29508042335510254,10.6567964553833,0.18142928183078766,0.3410329818725586,0.35192057490348816
14,,,43049,,,,,0.7265896797180176,0.8954001069068909,,,,,,,
,0.00014953728322142026,0.00014953728322142026,43050,,,,,,,,,,,,,
15,,,43059,,,,,,,0.9184741973876953,,,,,,
15,,,43079,,,,,,,0.6654756665229797,,,,,,
15,,,43099,,,,,,,0.703581690788269,,,,,,
15,,,43119,,,,,,,1.834850549697876,,,,,,
15,,,43139,,,,,,,0.6959700584411621,,,,,,
15,,,43159,,,,,,,1.0589746236801147,,,,,,
15,,,43179,,,,,,,0.8901418447494507,,,,,,
15,,,43199,,,,,,,0.9886114597320557,,,,,,
15,,,43219,,,,,,,0.6756997108459473,,,,,,
15,,,43239,,,,,,,1.0130904912948608,,,,,,
15,,,43259,,,,,,,0.708868145942688,,,,,,
15,,,43279,,,,,,,0.761980414390564,,,,,,
15,,,43299,,,,,,,0.7886365056037903,,,,,,
15,,,43319,,,,,,,0.8765745162963867,,,,,,
15,,,43339,,,,,,,1.2965304851531982,,,,,,
15,,,43359,,,,,,,0.5810492038726807,,,,,,
15,,,43379,,,,,,,0.8337631225585938,,,,,,
15,,,43399,,,,,,,0.8532192707061768,,,,,,
15,,,43419,,,,,,,1.183578372001648,,,,,,
15,,,43439,,,,,,,0.9511755704879761,,,,,,
15,,,43459,,,,,,,0.806087851524353,,,,,,
15,,,43479,,,,,,,1.3002586364746094,,,,,,
15,,,43499,,,,,,,1.0085583925247192,,,,,,
15,,,43519,,,,,,,0.8281272053718567,,,,,,
15,,,43539,,,,,,,0.7470651865005493,,,,,,
15,,,43559,,,,,,,0.8254280686378479,,,,,,
15,,,43579,,,,,,,0.7630416750907898,,,,,,
15,,,43599,,,,,,,0.965313732624054,,,,,,
15,,,43619,,,,,,,0.7935974597930908,,,,,,
15,,,43639,,,,,,,0.965587317943573,,,,,,
15,,,43659,,,,,,,0.8586690425872803,,,,,,
15,,,43679,,,,,,,1.0939850807189941,,,,,,
15,,,43699,,,,,,,1.0643669366836548,,,,,,
15,,,43719,,,,,,,0.6506079435348511,,,,,,
15,,,43739,,,,,,,0.9250140190124512,,,,,,
15,,,43759,,,,,,,0.6805883646011353,,,,,,
15,,,43779,,,,,,,0.661662220954895,,,,,,
15,,,43799,,,,,,,0.7988148927688599,,,,,,
15,,,43819,,,,,,,1.0468881130218506,,,,,,
15,,,43839,,,,,,,0.7224934101104736,,,,,,
15,,,43859,,,,,,,1.0123205184936523,,,,,,
15,,,43879,,,,,,,0.8922489881515503,,,,,,
15,,,43899,,,,,,,1.117231845855713,,,,,,
15,,,43919,,,,,,,0.8364331126213074,,,,,,
15,,,43939,,,,,,,0.7942329049110413,,,,,,
15,,,43959,,,,,,,0.7109445929527283,,,,,,
15,,,43979,,,,,,,0.8509948253631592,,,,,,
15,,,43999,,,,,,,1.247821569442749,,,,,,
15,,,44019,,,,,,,1.0147875547409058,,,,,,
15,,,44039,,,,,,,1.5437694787979126,,,,,,
15,,,44059,,,,,,,0.6876251101493835,,,,,,
15,,,44079,,,,,,,0.7412185072898865,,,,,,
15,,,44099,,,,,,,0.9765480756759644,,,,,,
15,,,44119,,,,,,,0.9285513162612915,,,,,,
15,,,44139,,,,,,,0.8086048364639282,,,,,,
15,,,44159,,,,,,,1.167213797569275,,,,,,
15,,,44179,,,,,,,0.842958390712738,,,,,,
15,,,44199,,,,,,,0.8328888416290283,,,,,,
15,,,44219,,,,,,,0.907730221748352,,,,,,
15,,,44239,,,,,,,1.0870373249053955,,,,,,
15,,,44259,,,,,,,0.9094863533973694,,,,,,
15,,,44279,,,,,,,0.668595016002655,,,,,,
15,,,44299,,,,,,,0.7672420740127563,,,,,,
15,,,44319,,,,,,,0.7809271812438965,,,,,,
15,,,44339,,,,,,,0.8264215588569641,,,,,,
15,,,44359,,,,,,,0.7506049871444702,,,,,,
15,,,44379,,,,,,,1.1297187805175781,,,,,,
15,,,44399,,,,,,,0.8372092247009277,,,,,,
15,,,44419,,,,,,,0.8386133909225464,,,,,,
15,,,44439,,,,,,,2.042604923248291,,,,,,
15,,,44459,,,,,,,0.5695403218269348,,,,,,
15,,,44479,,,,,,,0.7542885541915894,,,,,,
15,,,44499,,,,,,,0.5699474215507507,,,,,,
15,,,44519,,,,,,,0.939310610294342,,,,,,
15,,,44539,,,,,,,0.777551531791687,,,,,,
15,,,44559,,,,,,,0.5190587043762207,,,,,,
15,,,44579,,,,,,,0.8065983057022095,,,,,,
15,,,44599,,,,,,,0.8869715929031372,,,,,,
15,,,44619,,,,,,,0.7415258884429932,,,,,,
15,,,44639,,,,,,,0.7706560492515564,,,,,,
15,,,44659,,,,,,,0.933506965637207,,,,,,
15,,,44679,,,,,,,0.8900039196014404,,,,,,
15,,,44699,,,,,,,0.5259237289428711,,,,,,
15,,,44719,,,,,,,0.8010695576667786,,,,,,
15,,,44739,,,,,,,0.5817824006080627,,,,,,
15,,,44759,,,,,,,0.9929162263870239,,,,,,
15,,,44779,,,,,,,0.7069091200828552,,,,,,
15,,,44799,,,,,,,0.7092021107673645,,,,,,
15,,,44819,,,,,,,0.7543165683746338,,,,,,
15,,,44839,,,,,,,0.8677937984466553,,,,,,
15,,,44859,,,,,,,0.62674880027771,,,,,,
15,,,44879,,,,,,,0.7448894381523132,,,,,,
15,,,44899,,,,,,,0.9004113674163818,,,,,,
15,,,44919,,,,,,,0.852513313293457,,,,,,
15,,,44939,,,,,,,0.8337406516075134,,,,,,
15,,,44959,,,,,,,0.8160539865493774,,,,,,
15,,,44979,,,,,,,0.9248615503311157,,,,,,
15,,,44999,,,,,,,0.6182489991188049,,,,,,
15,,,45019,,,,,,,0.7940837144851685,,,,,,
15,,,45039,,,,,,,0.7372128963470459,,,,,,
15,,,45059,,,,,,,1.1214392185211182,,,,,,
15,,,45079,,,,,,,0.9736356139183044,,,,,,
15,,,45099,,,,,,,0.9775181412696838,,,,,,
15,,,45119,,,,,,,1.0332881212234497,,,,,,
15,,,45139,,,,,,,1.142289638519287,,,,,,
15,,,45159,,,,,,,1.088871717453003,,,,,,
15,,,45179,,,,,,,0.9545854926109314,,,,,,
15,,,45199,,,,,,,0.838502049446106,,,,,,
15,,,45219,,,,,,,0.7032856941223145,,,,,,
15,,,45239,,,,,,,0.9181033968925476,,,,,,
15,,,45259,,,,,,,0.782943069934845,,,,,,
15,,,45279,,,,,,,0.645647406578064,,,,,,
15,,,45299,,,,,,,0.9144237041473389,,,,,,
15,,,45319,,,,,,,0.6624155640602112,,,,,,
15,,,45339,,,,,,,0.9669389724731445,,,,,,
15,,,45359,,,,,,,0.6943410634994507,,,,,,
15,,,45379,,,,,,,0.870090126991272,,,,,,
15,,,45399,,,,,,,1.0434999465942383,,,,,,
15,,,45419,,,,,,,0.8055528998374939,,,,,,
15,,,45439,,,,,,,0.7315840125083923,,,,,,
15,,,45459,,,,,,,1.529261589050293,,,,,,
15,,,45479,,,,,,,1.0010031461715698,,,,,,
15,,,45499,,,,,,,0.9030485153198242,,,,,,
15,,,45519,,,,,,,1.1079578399658203,,,,,,
15,,,45539,,,,,,,0.6840076446533203,,,,,,
15,,,45559,,,,,,,0.9855307340621948,,,,,,
15,,,45579,,,,,,,0.7359623908996582,,,,,,
15,,,45599,,,,,,,1.162241816520691,,,,,,
15,,,45619,,,,,,,0.6695890426635742,,,,,,
15,,,45639,,,,,,,0.7864807844161987,,,,,,
15,,,45659,,,,,,,0.6462506651878357,,,,,,
15,,,45679,,,,,,,0.7548134326934814,,,,,,
15,,,45699,,,,,,,0.8330862522125244,,,,,,
15,,,45719,,,,,,,0.8500582575798035,,,,,,
15,,,45739,,,,,,,0.764461874961853,,,,,,
15,,,45759,,,,,,,0.6205214262008667,,,,,,
15,,,45779,,,,,,,0.742651104927063,,,,,,
15,,,45799,,,,,,,0.7931268215179443,,,,,,
15,,,45819,,,,,,,0.5818277597427368,,,,,,
15,,,45839,,,,,,,0.7825775146484375,,,,,,
15,,,45859,,,,,,,0.8242736458778381,,,,,,
15,,,45879,,,,,,,0.6715555191040039,,,,,,
15,,,45899,,,,,,,0.8964980840682983,,,,,,
15,,,45919,,,,,,,0.762860119342804,,,,,,
15,,,45919,,,,,,,,0.361410915851593,0.30251097679138184,10.141528129577637,0.19967587292194366,0.3667908012866974,0.361410915851593
15,,,45919,,,,,0.7312939763069153,0.8758772611618042,,,,,,,
,0.0001490355010835574,0.0001490355010835574,45920,,,,,,,,,,,,,
16,,,45939,,,,,,,0.6614436507225037,,,,,,
16,,,45959,,,,,,,1.311025619506836,,,,,,
16,,,45979,,,,,,,0.9806270599365234,,,,,,
16,,,45999,,,,,,,1.203537106513977,,,,,,
16,,,46019,,,,,,,0.9429923295974731,,,,,,
16,,,46039,,,,,,,0.8654507398605347,,,,,,
16,,,46059,,,,,,,0.8650537133216858,,,,,,
16,,,46079,,,,,,,0.7427619695663452,,,,,,
16,,,46099,,,,,,,0.5979723930358887,,,,,,
16,,,46119,,,,,,,1.4858886003494263,,,,,,
16,,,46139,,,,,,,0.6974237561225891,,,,,,
16,,,46159,,,,,,,0.8656827211380005,,,,,,
16,,,46179,,,,,,,1.3878356218338013,,,,,,
16,,,46199,,,,,,,0.6783797740936279,,,,,,
16,,,46219,,,,,,,1.3796947002410889,,,,,,
16,,,46239,,,,,,,0.7844740152359009,,,,,,
16,,,46259,,,,,,,0.783099889755249,,,,,,
16,,,46279,,,,,,,0.6034765243530273,,,,,,
16,,,46299,,,,,,,0.832209587097168,,,,,,
16,,,46319,,,,,,,1.0549380779266357,,,,,,
16,,,46339,,,,,,,0.848319411277771,,,,,,
16,,,46359,,,,,,,0.6875541806221008,,,,,,
16,,,46379,,,,,,,0.9693757891654968,,,,,,
16,,,46399,,,,,,,0.717954695224762,,,,,,
16,,,46419,,,,,,,1.0347204208374023,,,,,,
16,,,46439,,,,,,,1.0146162509918213,,,,,,
16,,,46459,,,,,,,0.9384424686431885,,,,,,
16,,,46479,,,,,,,0.7154271602630615,,,,,,
16,,,46499,,,,,,,0.769333004951477,,,,,,
16,,,46519,,,,,,,0.5815222263336182,,,,,,
16,,,46539,,,,,,,1.0471775531768799,,,,,,
16,,,46559,,,,,,,0.823849618434906,,,,,,
16,,,46579,,,,,,,0.7467374801635742,,,,,,
16,,,46599,,,,,,,0.710355281829834,,,,,,
16,,,46619,,,,,,,0.7249890565872192,,,,,,
16,,,46639,,,,,,,0.6790610551834106,,,,,,
16,,,46659,,,,,,,0.754892885684967,,,,,,
16,,,46679,,,,,,,1.0964655876159668,,,,,,
16,,,46699,,,,,,,0.8613895177841187,,,,,,
16,,,46719,,,,,,,0.8039571046829224,,,,,,
16,,,46739,,,,,,,0.7694780826568604,,,,,,
16,,,46759,,,,,,,0.8122643828392029,,,,,,
16,,,46779,,,,,,,0.8062785863876343,,,,,,
16,,,46799,,,,,,,0.7474202513694763,,,,,,
16,,,46819,,,,,,,0.6637857556343079,,,,,,
16,,,46839,,,,,,,0.7411822080612183,,,,,,
16,,,46859,,,,,,,0.6526243686676025,,,,,,
16,,,46879,,,,,,,0.9909907579421997,,,,,,
16,,,46899,,,,,,,0.7285124063491821,,,,,,
16,,,46919,,,,,,,0.7083582282066345,,,,,,
16,,,46939,,,,,,,0.7292847037315369,,,,,,
16,,,46959,,,,,,,0.7199603915214539,,,,,,
16,,,46979,,,,,,,0.7301417589187622,,,,,,
16,,,46999,,,,,,,0.7251788973808289,,,,,,
16,,,47019,,,,,,,0.9261696934700012,,,,,,
16,,,47039,,,,,,,0.900719165802002,,,,,,
16,,,47059,,,,,,,0.8808790445327759,,,,,,
16,,,47079,,,,,,,1.0929476022720337,,,,,,
16,,,47099,,,,,,,0.9049190282821655,,,,,,
16,,,47119,,,,,,,0.6725267171859741,,,,,,
16,,,47139,,,,,,,0.8826555013656616,,,,,,
16,,,47159,,,,,,,1.6071746349334717,,,,,,
16,,,47179,,,,,,,1.5258688926696777,,,,,,
16,,,47199,,,,,,,0.678932785987854,,,,,,
16,,,47219,,,,,,,0.720335841178894,,,,,,
16,,,47239,,,,,,,0.8748156428337097,,,,,,
16,,,47259,,,,,,,0.8616585731506348,,,,,,
16,,,47279,,,,,,,0.8074182271957397,,,,,,
16,,,47299,,,,,,,0.8149183988571167,,,,,,
16,,,47319,,,,,,,0.7448468208312988,,,,,,
16,,,47339,,,,,,,0.9333527088165283,,,,,,
16,,,47359,,,,,,,1.0748200416564941,,,,,,
16,,,47379,,,,,,,0.8602534532546997,,,,,,
16,,,47399,,,,,,,0.8454623222351074,,,,,,
16,,,47419,,,,,,,0.5064760446548462,,,,,,
16,,,47439,,,,,,,0.7778624296188354,,,,,,
16,,,47459,,,,,,,0.892560601234436,,,,,,
16,,,47479,,,,,,,0.509811282157898,,,,,,
16,,,47499,,,,,,,0.6354197263717651,,,,,,
16,,,47519,,,,,,,1.0108928680419922,,,,,,
16,,,47539,,,,,,,0.9392408132553101,,,,,,
16,,,47559,,,,,,,0.4224456548690796,,,,,,
16,,,47579,,,,,,,0.8221070170402527,,,,,,
16,,,47599,,,,,,,1.058740496635437,,,,,,
16,,,47619,,,,,,,0.8104666471481323,,,,,,
16,,,47639,,,,,,,0.6510841250419617,,,,,,
16,,,47659,,,,,,,0.7225305438041687,,,,,,
16,,,47679,,,,,,,1.0028574466705322,,,,,,
16,,,47699,,,,,,,1.3653664588928223,,,,,,
16,,,47719,,,,,,,0.7966495156288147,,,,,,
16,,,47739,,,,,,,0.6862109899520874,,,,,,
16,,,47759,,,,,,,0.865925669670105,,,,,,
16,,,47779,,,,,,,0.8780561685562134,,,,,,
16,,,47799,,,,,,,0.7767413854598999,,,,,,
16,,,47819,,,,,,,0.824091911315918,,,,,,
16,,,47839,,,,,,,0.709683895111084,,,,,,
16,,,47859,,,,,,,0.9023715257644653,,,,,,
16,,,47879,,,,,,,0.8336987495422363,,,,,,
16,,,47899,,,,,,,0.8971895575523376,,,,,,
16,,,47919,,,,,,,0.482479453086853,,,,,,
16,,,47939,,,,,,,0.7537751197814941,,,,,,
16,,,47959,,,,,,,0.5967642068862915,,,,,,
16,,,47979,,,,,,,0.44385039806365967,,,,,,
16,,,47999,,,,,,,1.3907341957092285,,,,,,
16,,,48019,,,,,,,1.7055108547210693,,,,,,
16,,,48039,,,,,,,0.9144774675369263,,,,,,
16,,,48059,,,,,,,0.7997937202453613,,,,,,
16,,,48079,,,,,,,0.7562175989151001,,,,,,
16,,,48099,,,,,,,0.7380130887031555,,,,,,
16,,,48119,,,,,,,0.7038999199867249,,,,,,
16,,,48139,,,,,,,0.7387014627456665,,,,,,
16,,,48159,,,,,,,0.682368278503418,,,,,,
16,,,48179,,,,,,,0.7144838571548462,,,,,,
16,,,48199,,,,,,,0.6807199120521545,,,,,,
16,,,48219,,,,,,,0.7575470805168152,,,,,,
16,,,48239,,,,,,,0.7537118196487427,,,,,,
16,,,48259,,,,,,,0.7572107315063477,,,,,,
16,,,48279,,,,,,,0.5112032890319824,,,,,,
16,,,48299,,,,,,,0.9993928670883179,,,,,,
16,,,48319,,,,,,,1.1021451950073242,,,,,,
16,,,48339,,,,,,,0.9852942228317261,,,,,,
16,,,48359,,,,,,,0.8531702756881714,,,,,,
16,,,48379,,,,,,,0.7667273283004761,,,,,,
16,,,48399,,,,,,,0.8702703714370728,,,,,,
16,,,48419,,,,,,,0.8325170278549194,,,,,,
16,,,48439,,,,,,,0.7516340017318726,,,,,,
16,,,48459,,,,,,,0.7317144870758057,,,,,,
16,,,48479,,,,,,,0.9087759256362915,,,,,,
16,,,48499,,,,,,,0.771803617477417,,,,,,
16,,,48519,,,,,,,0.7485795021057129,,,,,,
16,,,48539,,,,,,,0.8550490140914917,,,,,,
16,,,48559,,,,,,,0.668515682220459,,,,,,
16,,,48579,,,,,,,0.5726810693740845,,,,,,
16,,,48599,,,,,,,0.597798764705658,,,,,,
16,,,48619,,,,,,,1.3281363248825073,,,,,,
16,,,48639,,,,,,,1.1043599843978882,,,,,,
16,,,48659,,,,,,,0.9644434452056885,,,,,,
16,,,48679,,,,,,,1.044257640838623,,,,,,
16,,,48699,,,,,,,0.7372074723243713,,,,,,
16,,,48719,,,,,,,0.7646836042404175,,,,,,
16,,,48739,,,,,,,0.9287115335464478,,,,,,
16,,,48759,,,,,,,0.4770016372203827,,,,,,
16,,,48779,,,,,,,0.5851330161094666,,,,,,
16,,,48789,,,,,,,,0.3651275336742401,0.3018834590911865,10.219908714294434,0.20571263134479523,0.3723953068256378,0.3651275336742401
16,,,48789,,,,,0.7332965135574341,0.8575437664985657,,,,,,,
,0.0001484439334756445,0.0001484439334756445,48790,,,,,,,,,,,,,
17,,,48799,,,,,,,0.880817174911499,,,,,,
17,,,48819,,,,,,,0.5307903289794922,,,,,,
17,,,48839,,,,,,,0.9835524559020996,,,,,,
17,,,48859,,,,,,,1.2596049308776855,,,,,,
17,,,48879,,,,,,,0.7215503454208374,,,,,,
17,,,48899,,,,,,,0.8002139925956726,,,,,,
17,,,48919,,,,,,,1.1899361610412598,,,,,,
17,,,48939,,,,,,,0.8601765632629395,,,,,,
17,,,48959,,,,,,,0.8639810085296631,,,,,,
17,,,48979,,,,,,,0.9010757207870483,,,,,,
17,,,48999,,,,,,,0.6843364238739014,,,,,,
17,,,49019,,,,,,,0.6408524513244629,,,,,,
17,,,49039,,,,,,,0.9717251062393188,,,,,,
17,,,49059,,,,,,,0.7087212800979614,,,,,,
17,,,49079,,,,,,,0.7962038516998291,,,,,,
17,,,49099,,,,,,,0.7540042400360107,,,,,,
17,,,49119,,,,,,,1.2684376239776611,,,,,,
17,,,49139,,,,,,,1.359787940979004,,,,,,
17,,,49159,,,,,,,1.0880935192108154,,,,,,
17,,,49179,,,,,,,0.9305011034011841,,,,,,
17,,,49199,,,,,,,0.8919093608856201,,,,,,
17,,,49219,,,,,,,0.6034122705459595,,,,,,
17,,,49239,,,,,,,0.8509796857833862,,,,,,
17,,,49259,,,,,,,0.7549077868461609,,,,,,
17,,,49279,,,,,,,0.9125105142593384,,,,,,
17,,,49299,,,,,,,0.7932372093200684,,,,,,
17,,,49319,,,,,,,0.6025971174240112,,,,,,
17,,,49339,,,,,,,0.7595964670181274,,,,,,
17,,,49359,,,,,,,1.355922818183899,,,,,,
17,,,49379,,,,,,,0.9077534675598145,,,,,,
17,,,49399,,,,,,,0.8046495318412781,,,,,,
17,,,49419,,,,,,,0.7657738924026489,,,,,,
17,,,49439,,,,,,,0.7874313592910767,,,,,,
17,,,49459,,,,,,,1.1656112670898438,,,,,,
17,,,49479,,,,,,,0.6727335453033447,,,,,,
17,,,49499,,,,,,,0.9960224628448486,,,,,,
17,,,49519,,,,,,,0.8169878721237183,,,,,,
17,,,49539,,,,,,,0.7173712253570557,,,,,,
17,,,49559,,,,,,,0.7666317820549011,,,,,,
17,,,49579,,,,,,,1.0659418106079102,,,,,,
17,,,49599,,,,,,,0.6647962927818298,,,,,,
17,,,49619,,,,,,,0.6813751459121704,,,,,,
17,,,49639,,,,,,,0.8175942897796631,,,,,,
17,,,49659,,,,,,,0.8618319034576416,,,,,,
17,,,49679,,,,,,,0.9141663312911987,,,,,,
17,,,49699,,,,,,,0.8414348363876343,,,,,,
17,,,49719,,,,,,,0.7357729077339172,,,,,,
17,,,49739,,,,,,,0.6647534370422363,,,,,,
17,,,49759,,,,,,,0.7981446981430054,,,,,,
17,,,49779,,,,,,,0.7403943538665771,,,,,,
17,,,49799,,,,,,,0.7578036785125732,,,,,,
17,,,49819,,,,,,,1.087630271911621,,,,,,
17,,,49839,,,,,,,1.078320026397705,,,,,,
17,,,49859,,,,,,,1.0748248100280762,,,,,,
17,,,49879,,,,,,,0.7567170858383179,,,,,,
17,,,49899,,,,,,,0.7810324430465698,,,,,,
17,,,49919,,,,,,,0.7264494895935059,,,,,,
17,,,49939,,,,,,,1.0512477159500122,,,,,,
17,,,49959,,,,,,,0.7027287483215332,,,,,,
17,,,49979,,,,,,,0.9431077241897583,,,,,,
17,,,49999,,,,,,,1.0099139213562012,,,,,,
17,,,50019,,,,,,,0.7999216318130493,,,,,,
17,,,50039,,,,,,,1.5484943389892578,,,,,,
17,,,50059,,,,,,,0.8493022918701172,,,,,,
17,,,50079,,,,,,,0.6962060928344727,,,,,,
17,,,50099,,,,,,,0.8487004637718201,,,,,,
17,,,50119,,,,,,,1.3458857536315918,,,,,,
17,,,50139,,,,,,,1.089831829071045,,,,,,
17,,,50159,,,,,,,0.7631491422653198,,,,,,
17,,,50179,,,,,,,0.6704859137535095,,,,,,
17,,,50199,,,,,,,0.9095363020896912,,,,,,
17,,,50219,,,,,,,0.7951909303665161,,,,,,
17,,,50239,,,,,,,0.8057422637939453,,,,,,
17,,,50259,,,,,,,0.7126826643943787,,,,,,
17,,,50279,,,,,,,0.7586249709129333,,,,,,
17,,,50299,,,,,,,1.1082677841186523,,,,,,
17,,,50319,,,,,,,0.7270599603652954,,,,,,
17,,,50339,,,,,,,0.871100127696991,,,,,,
17,,,50359,,,,,,,0.8536256551742554,,,,,,
17,,,50379,,,,,,,0.864749550819397,,,,,,
17,,,50399,,,,,,,0.6839837431907654,,,,,,
17,,,50419,,,,,,,0.6716738939285278,,,,,,
17,,,50439,,,,,,,0.7189706563949585,,,,,,
17,,,50459,,,,,,,0.652305543422699,,,,,,
17,,,50479,,,,,,,0.9146643877029419,,,,,,
17,,,50499,,,,,,,0.9250487089157104,,,,,,
17,,,50519,,,,,,,0.9704785346984863,,,,,,
17,,,50539,,,,,,,0.7844617962837219,,,,,,
17,,,50559,,,,,,,0.6867078542709351,,,,,,
17,,,50579,,,,,,,0.8157867193222046,,,,,,
17,,,50599,,,,,,,0.8541295528411865,,,,,,
17,,,50619,,,,,,,0.7569643259048462,,,,,,
17,,,50639,,,,,,,0.8763171434402466,,,,,,
17,,,50659,,,,,,,0.9273867607116699,,,,,,
17,,,50679,,,,,,,1.1244070529937744,,,,,,
17,,,50699,,,,,,,0.840613603591919,,,,,,
17,,,50719,,,,,,,0.5145846009254456,,,,,,
17,,,50739,,,,,,,0.7985953092575073,,,,,,
17,,,50759,,,,,,,0.6270438432693481,,,,,,
17,,,50779,,,,,,,0.7598099112510681,,,,,,
17,,,50799,,,,,,,0.6500704288482666,,,,,,
17,,,50819,,,,,,,0.7074340581893921,,,,,,
17,,,50839,,,,,,,0.7391828298568726,,,,,,
17,,,50859,,,,,,,0.5315307974815369,,,,,,
17,,,50879,,,,,,,0.8644348382949829,,,,,,
17,,,50899,,,,,,,0.6875343918800354,,,,,,
17,,,50919,,,,,,,0.8668087720870972,,,,,,
17,,,50939,,,,,,,0.755164623260498,,,,,,
17,,,50959,,,,,,,0.7867405414581299,,,,,,
17,,,50979,,,,,,,0.7785587310791016,,,,,,
17,,,50999,,,,,,,0.8068893551826477,,,,,,
17,,,51019,,,,,,,0.5996025800704956,,,,,,
17,,,51039,,,,,,,0.6210007667541504,,,,,,
17,,,51059,,,,,,,1.0657570362091064,,,,,,
17,,,51079,,,,,,,0.9502838850021362,,,,,,
17,,,51099,,,,,,,1.4319984912872314,,,,,,
17,,,51119,,,,,,,0.9621877670288086,,,,,,
17,,,51139,,,,,,,1.227744460105896,,,,,,
17,,,51159,,,,,,,0.9199260473251343,,,,,,
17,,,51179,,,,,,,1.2355561256408691,,,,,,
17,,,51199,,,,,,,0.6770738363265991,,,,,,
17,,,51219,,,,,,,0.8598799705505371,,,,,,
17,,,51239,,,,,,,0.895630955696106,,,,,,
17,,,51259,,,,,,,1.2644009590148926,,,,,,
17,,,51279,,,,,,,0.5420221090316772,,,,,,
17,,,51299,,,,,,,0.9778158664703369,,,,,,
17,,,51319,,,,,,,0.499446839094162,,,,,,
17,,,51339,,,,,,,0.8431847095489502,,,,,,
17,,,51359,,,,,,,0.5200662612915039,,,,,,
17,,,51379,,,,,,,1.0991580486297607,,,,,,
17,,,51399,,,,,,,0.640362024307251,,,,,,
17,,,51419,,,,,,,0.8197541236877441,,,,,,
17,,,51439,,,,,,,0.7288210391998291,,,,,,
17,,,51459,,,,,,,0.73081374168396,,,,,,
17,,,51479,,,,,,,0.7931184768676758,,,,,,
17,,,51499,,,,,,,0.7120523452758789,,,,,,
17,,,51519,,,,,,,0.9098623991012573,,,,,,
17,,,51539,,,,,,,0.9983311891555786,,,,,,
17,,,51559,,,,,,,0.5771081447601318,,,,,,
17,,,51579,,,,,,,1.318240761756897,,,,,,
17,,,51599,,,,,,,0.7590457201004028,,,,,,
17,,,51619,,,,,,,0.7418191432952881,,,,,,
17,,,51639,,,,,,,0.6398554444313049,,,,,,
17,,,51659,,,,,,,0.758838415145874,,,,,,
17,,,51659,,,,,,,,0.36220863461494446,0.30904215574264526,10.8159761428833,0.19639697670936584,0.3575872480869293,0.36220863461494446
17,,,51659,,,,,0.7357791662216187,0.8546775579452515,,,,,,,
,0.00014776330113168776,0.00014776330113168776,51660,,,,,,,,,,,,,
18,,,51679,,,,,,,0.7749400734901428,,,,,,
18,,,51699,,,,,,,0.657258927822113,,,,,,
18,,,51719,,,,,,,0.7137764692306519,,,,,,
18,,,51739,,,,,,,0.6653264164924622,,,,,,
18,,,51759,,,,,,,0.9432130455970764,,,,,,
18,,,51779,,,,,,,0.6262891292572021,,,,,,
18,,,51799,,,,,,,0.5706102252006531,,,,,,
18,,,51819,,,,,,,0.7495236396789551,,,,,,
18,,,51839,,,,,,,1.0909909009933472,,,,,,
18,,,51859,,,,,,,1.0238306522369385,,,,,,
18,,,51879,,,,,,,0.8322274684906006,,,,,,
18,,,51899,,,,,,,0.7414066791534424,,,,,,
18,,,51919,,,,,,,0.7183965444564819,,,,,,
18,,,51939,,,,,,,0.9151898622512817,,,,,,
18,,,51959,,,,,,,1.0037378072738647,,,,,,
18,,,51979,,,,,,,0.6333378553390503,,,,,,
18,,,51999,,,,,,,0.5682270526885986,,,,,,
18,,,52019,,,,,,,1.114215612411499,,,,,,
18,,,52039,,,,,,,0.5358070135116577,,,,,,
18,,,52059,,,,,,,0.8971353769302368,,,,,,
18,,,52079,,,,,,,0.7807236909866333,,,,,,
18,,,52099,,,,,,,0.6558539867401123,,,,,,
18,,,52119,,,,,,,1.1642563343048096,,,,,,
18,,,52139,,,,,,,0.7831352949142456,,,,,,
18,,,52159,,,,,,,0.8118634819984436,,,,,,
18,,,52179,,,,,,,0.8688603043556213,,,,,,
18,,,52199,,,,,,,1.09281325340271,,,,,,
18,,,52219,,,,,,,0.5171546936035156,,,,,,
18,,,52239,,,,,,,0.727942943572998,,,,,,
18,,,52259,,,,,,,0.843333899974823,,,,,,
18,,,52279,,,,,,,0.908169150352478,,,,,,
18,,,52299,,,,,,,0.9873164892196655,,,,,,
18,,,52319,,,,,,,0.45304518938064575,,,,,,
18,,,52339,,,,,,,0.7025624513626099,,,,,,
18,,,52359,,,,,,,0.8827327489852905,,,,,,
18,,,52379,,,,,,,0.6466984748840332,,,,,,
18,,,52399,,,,,,,0.8120585680007935,,,,,,
18,,,52419,,,,,,,0.9124367237091064,,,,,,
18,,,52439,,,,,,,0.7892820835113525,,,,,,
18,,,52459,,,,,,,0.6398636102676392,,,,,,
18,,,52479,,,,,,,0.5908926725387573,,,,,,
18,,,52499,,,,,,,0.9815105199813843,,,,,,
18,,,52519,,,,,,,1.3345375061035156,,,,,,
18,,,52539,,,,,,,0.43261000514030457,,,,,,
18,,,52559,,,,,,,0.8673099279403687,,,,,,
18,,,52579,,,,,,,0.6855719685554504,,,,,,
18,,,52599,,,,,,,0.6312629580497742,,,,,,
18,,,52619,,,,,,,0.8342607021331787,,,,,,
18,,,52639,,,,,,,0.7816599607467651,,,,,,
18,,,52659,,,,,,,1.524230718612671,,,,,,
18,,,52679,,,,,,,0.557283878326416,,,,,,
18,,,52699,,,,,,,0.9763230085372925,,,,,,
18,,,52719,,,,,,,0.6707358360290527,,,,,,
18,,,52739,,,,,,,0.9186100959777832,,,,,,
18,,,52759,,,,,,,0.6110612750053406,,,,,,
18,,,52779,,,,,,,1.065873384475708,,,,,,
18,,,52799,,,,,,,0.7406149506568909,,,,,,
18,,,52819,,,,,,,0.6228675842285156,,,,,,
18,,,52839,,,,,,,1.3329671621322632,,,,,,
18,,,52859,,,,,,,0.8637682199478149,,,,,,
18,,,52879,,,,,,,1.1978453397750854,,,,,,
18,,,52899,,,,,,,0.6352535486221313,,,,,,
18,,,52919,,,,,,,0.7507413625717163,,,,,,
18,,,52939,,,,,,,0.7001590132713318,,,,,,
18,,,52959,,,,,,,0.9162505865097046,,,,,,
18,,,52979,,,,,,,1.0001561641693115,,,,,,
18,,,52999,,,,,,,0.6602087020874023,,,,,,
18,,,53019,,,,,,,0.8242024779319763,,,,,,
18,,,53039,,,,,,,0.6358251571655273,,,,,,
18,,,53059,,,,,,,0.6625605821609497,,,,,,
18,,,53079,,,,,,,0.9536463618278503,,,,,,
18,,,53099,,,,,,,0.8398860692977905,,,,,,
18,,,53119,,,,,,,1.6703920364379883,,,,,,
18,,,53139,,,,,,,0.7214751243591309,,,,,,
18,,,53159,,,,,,,0.786246657371521,,,,,,
18,,,53179,,,,,,,0.7039905190467834,,,,,,
18,,,53199,,,,,,,1.0408532619476318,,,,,,
18,,,53219,,,,,,,0.4953663945198059,,,,,,
18,,,53239,,,,,,,0.629798948764801,,,,,,
18,,,53259,,,,,,,0.8617209196090698,,,,,,
18,,,53279,,,,,,,0.8727447986602783,,,,,,
18,,,53299,,,,,,,0.7306064367294312,,,,,,
18,,,53319,,,,,,,0.7784051299095154,,,,,,
18,,,53339,,,,,,,0.6810016632080078,,,,,,
18,,,53359,,,,,,,0.6619173288345337,,,,,,
18,,,53379,,,,,,,1.2168705463409424,,,,,,
18,,,53399,,,,,,,0.9056299924850464,,,,,,
18,,,53419,,,,,,,0.9314541220664978,,,,,,
18,,,53439,,,,,,,1.251253604888916,,,,,,
18,,,53459,,,,,,,0.5557850003242493,,,,,,
18,,,53479,,,,,,,0.5611780285835266,,,,,,
18,,,53499,,,,,,,1.0577644109725952,,,,,,
18,,,53519,,,,,,,0.6484980583190918,,,,,,
18,,,53539,,,,,,,1.122131586074829,,,,,,
18,,,53559,,,,,,,0.838300347328186,,,,,,
18,,,53579,,,,,,,0.577913224697113,,,,,,
18,,,53599,,,,,,,0.5803693532943726,,,,,,
18,,,53619,,,,,,,0.7831637859344482,,,,,,
18,,,53639,,,,,,,0.7271856069564819,,,,,,
18,,,53659,,,,,,,1.0499038696289062,,,,,,
18,,,53679,,,,,,,0.6427075862884521,,,,,,
18,,,53699,,,,,,,0.7404980659484863,,,,,,
18,,,53719,,,,,,,0.6363990306854248,,,,,,
18,,,53739,,,,,,,0.8414250612258911,,,,,,
18,,,53759,,,,,,,0.7183507084846497,,,,,,
18,,,53779,,,,,,,0.951850414276123,,,,,,
18,,,53799,,,,,,,0.5837473273277283,,,,,,
18,,,53819,,,,,,,0.9425483345985413,,,,,,
18,,,53839,,,,,,,0.6866155862808228,,,,,,
18,,,53859,,,,,,,0.9813042879104614,,,,,,
18,,,53879,,,,,,,0.8646923303604126,,,,,,
18,,,53899,,,,,,,0.8384406566619873,,,,,,
18,,,53919,,,,,,,0.937747597694397,,,,,,
18,,,53939,,,,,,,0.6780229210853577,,,,,,
18,,,53959,,,,,,,0.727425217628479,,,,,,
18,,,53979,,,,,,,0.8868207931518555,,,,,,
18,,,53999,,,,,,,0.6649290919303894,,,,,,
18,,,54019,,,,,,,0.5168472528457642,,,,,,
18,,,54039,,,,,,,1.134204387664795,,,,,,
18,,,54059,,,,,,,0.546698808670044,,,,,,
18,,,54079,,,,,,,0.7358983755111694,,,,,,
18,,,54099,,,,,,,1.1241220235824585,,,,,,
18,,,54119,,,,,,,0.9791518449783325,,,,,,
18,,,54139,,,,,,,0.774972677230835,,,,,,
18,,,54159,,,,,,,0.6480135917663574,,,,,,
18,,,54179,,,,,,,0.7388126850128174,,,,,,
18,,,54199,,,,,,,0.9203449487686157,,,,,,
18,,,54219,,,,,,,0.9371969103813171,,,,,,
18,,,54239,,,,,,,1.104537010192871,,,,,,
18,,,54259,,,,,,,1.000777244567871,,,,,,
18,,,54279,,,,,,,0.869141161441803,,,,,,
18,,,54299,,,,,,,0.6873409748077393,,,,,,
18,,,54319,,,,,,,0.7904115915298462,,,,,,
18,,,54339,,,,,,,0.7801822423934937,,,,,,
18,,,54359,,,,,,,0.8198668956756592,,,,,,
18,,,54379,,,,,,,1.0807620286941528,,,,,,
18,,,54399,,,,,,,0.8339101076126099,,,,,,
18,,,54419,,,,,,,1.0532851219177246,,,,,,
18,,,54439,,,,,,,0.8824083805084229,,,,,,
18,,,54459,,,,,,,0.8038991093635559,,,,,,
18,,,54479,,,,,,,0.6292599439620972,,,,,,
18,,,54499,,,,,,,1.1521223783493042,,,,,,
18,,,54519,,,,,,,0.6756670475006104,,,,,,
18,,,54529,,,,,,,,0.35433340072631836,0.29725658893585205,10.504497528076172,0.18809926509857178,0.3574017882347107,0.35433340072631836
18,,,54529,,,,,0.7389366030693054,0.8253211975097656,,,,,,,
,0.00014699443329735495,0.00014699443329735495,54530,,,,,,,,,,,,,
19,,,54539,,,,,,,1.0661637783050537,,,,,,
19,,,54559,,,,,,,0.8866801261901855,,,,,,
19,,,54579,,,,,,,0.9136466979980469,,,,,,
19,,,54599,,,,,,,0.9975423812866211,,,,,,
19,,,54619,,,,,,,1.072951078414917,,,,,,
19,,,54639,,,,,,,0.9165453910827637,,,,,,
19,,,54659,,,,,,,0.9309280514717102,,,,,,
19,,,54679,,,,,,,0.49835067987442017,,,,,,
19,,,54699,,,,,,,0.8048604130744934,,,,,,
19,,,54719,,,,,,,0.6078827381134033,,,,,,
19,,,54739,,,,,,,0.7910931706428528,,,,,,
19,,,54759,,,,,,,1.2076637744903564,,,,,,
19,,,54779,,,,,,,1.065327525138855,,,,,,
19,,,54799,,,,,,,0.6510465145111084,,,,,,
19,,,54819,,,,,,,0.7916842699050903,,,,,,
19,,,54839,,,,,,,0.6552019119262695,,,,,,
19,,,54859,,,,,,,0.8967236280441284,,,,,,
19,,,54879,,,,,,,0.983801007270813,,,,,,
19,,,54899,,,,,,,0.6995841264724731,,,,,,
19,,,54919,,,,,,,0.691758394241333,,,,,,
19,,,54939,,,,,,,0.6519976258277893,,,,,,
19,,,54959,,,,,,,0.7891865968704224,,,,,,
19,,,54979,,,,,,,0.6927512884140015,,,,,,
19,,,54999,,,,,,,0.9102814197540283,,,,,,
19,,,55019,,,,,,,1.3267573118209839,,,,,,
19,,,55039,,,,,,,0.636620283126831,,,,,,
19,,,55059,,,,,,,0.7816162109375,,,,,,
19,,,55079,,,,,,,0.6818887591362,,,,,,
19,,,55099,,,,,,,0.9698442220687866,,,,,,
19,,,55119,,,,,,,1.0937695503234863,,,,,,
19,,,55139,,,,,,,0.6909904479980469,,,,,,
19,,,55159,,,,,,,0.8589562773704529,,,,,,
19,,,55179,,,,,,,0.741916835308075,,,,,,
19,,,55199,,,,,,,0.619617223739624,,,,,,
19,,,55219,,,,,,,0.8057949542999268,,,,,,
19,,,55239,,,,,,,0.70540452003479,,,,,,
19,,,55259,,,,,,,0.9560152292251587,,,,,,
19,,,55279,,,,,,,0.7046887874603271,,,,,,
19,,,55299,,,,,,,0.5849491357803345,,,,,,
19,,,55319,,,,,,,1.0257034301757812,,,,,,
19,,,55339,,,,,,,1.1282544136047363,,,,,,
19,,,55359,,,,,,,0.6651981472969055,,,,,,
19,,,55379,,,,,,,0.8871073722839355,,,,,,
19,,,55399,,,,,,,1.1152019500732422,,,,,,
19,,,55419,,,,,,,0.8943969011306763,,,,,,
19,,,55439,,,,,,,0.8941441178321838,,,,,,
19,,,55459,,,,,,,0.8604828119277954,,,,,,
19,,,55479,,,,,,,0.7399879693984985,,,,,,
19,,,55499,,,,,,,0.5194588899612427,,,,,,
19,,,55519,,,,,,,0.7405309081077576,,,,,,
19,,,55539,,,,,,,0.801693856716156,,,,,,
19,,,55559,,,,,,,0.8571993112564087,,,,,,
19,,,55579,,,,,,,0.6393955945968628,,,,,,
19,,,55599,,,,,,,1.0674322843551636,,,,,,
19,,,55619,,,,,,,0.7996560335159302,,,,,,
19,,,55639,,,,,,,0.8012592196464539,,,,,,
19,,,55659,,,,,,,0.8207513689994812,,,,,,
19,,,55679,,,,,,,0.5663051009178162,,,,,,
19,,,55699,,,,,,,0.8358482122421265,,,,,,
19,,,55719,,,,,,,1.370487093925476,,,,,,
19,,,55739,,,,,,,1.0791866779327393,,,,,,
19,,,55759,,,,,,,0.5441260933876038,,,,,,
19,,,55779,,,,,,,0.6864842176437378,,,,,,
19,,,55799,,,,,,,0.8258094191551208,,,,,,
19,,,55819,,,,,,,0.8094803690910339,,,,,,
19,,,55839,,,,,,,0.9690315127372742,,,,,,
19,,,55859,,,,,,,0.5803011655807495,,,,,,
19,,,55879,,,,,,,0.40986567735671997,,,,,,
19,,,55899,,,,,,,0.6909459829330444,,,,,,
19,,,55919,,,,,,,0.677474319934845,,,,,,
19,,,55939,,,,,,,0.6377964019775391,,,,,,
19,,,55959,,,,,,,1.0566163063049316,,,,,,
19,,,55979,,,,,,,0.7947130799293518,,,,,,
19,,,55999,,,,,,,0.7492070198059082,,,,,,
19,,,56019,,,,,,,0.6704458594322205,,,,,,
19,,,56039,,,,,,,0.6100444793701172,,,,,,
19,,,56059,,,,,,,0.807630181312561,,,,,,
19,,,56079,,,,,,,1.4538521766662598,,,,,,
19,,,56099,,,,,,,0.9080621600151062,,,,,,
19,,,56119,,,,,,,0.7898751497268677,,,,,,
19,,,56139,,,,,,,0.6298816204071045,,,,,,
19,,,56159,,,,,,,0.7335480451583862,,,,,,
19,,,56179,,,,,,,0.9307354688644409,,,,,,
19,,,56199,,,,,,,0.9967526793479919,,,,,,
19,,,56219,,,,,,,0.7701249122619629,,,,,,
19,,,56239,,,,,,,0.7744590044021606,,,,,,
19,,,56259,,,,,,,1.1106523275375366,,,,,,
19,,,56279,,,,,,,1.1283007860183716,,,,,,
19,,,56299,,,,,,,0.6805926561355591,,,,,,
19,,,56319,,,,,,,0.7523335814476013,,,,,,
19,,,56339,,,,,,,0.6798017024993896,,,,,,
19,,,56359,,,,,,,1.0555217266082764,,,,,,
19,,,56379,,,,,,,0.7254682779312134,,,,,,
19,,,56399,,,,,,,0.9469009637832642,,,,,,
19,,,56419,,,,,,,1.0378507375717163,,,,,,
19,,,56439,,,,,,,0.9984537363052368,,,,,,
19,,,56459,,,,,,,0.771496057510376,,,,,,
19,,,56479,,,,,,,0.5156909227371216,,,,,,
19,,,56499,,,,,,,0.8236087560653687,,,,,,
19,,,56519,,,,,,,0.987931489944458,,,,,,
19,,,56539,,,,,,,1.3957892656326294,,,,,,
19,,,56559,,,,,,,0.7349932193756104,,,,,,
19,,,56579,,,,,,,0.8309091329574585,,,,,,
19,,,56599,,,,,,,0.7166634798049927,,,,,,
19,,,56619,,,,,,,0.7407383918762207,,,,,,
19,,,56639,,,,,,,0.5331352949142456,,,,,,
19,,,56659,,,,,,,0.8497084975242615,,,,,,
19,,,56679,,,,,,,0.5917137861251831,,,,,,
19,,,56699,,,,,,,0.8229779005050659,,,,,,
19,,,56719,,,,,,,0.7823495864868164,,,,,,
19,,,56739,,,,,,,0.8622399568557739,,,,,,
19,,,56759,,,,,,,0.6166343688964844,,,,,,
19,,,56779,,,,,,,0.8054054975509644,,,,,,
19,,,56799,,,,,,,0.6262134909629822,,,,,,
19,,,56819,,,,,,,0.8918009996414185,,,,,,
19,,,56839,,,,,,,0.9242324829101562,,,,,,
19,,,56859,,,,,,,0.6664794683456421,,,,,,
19,,,56879,,,,,,,0.8057335615158081,,,,,,
19,,,56899,,,,,,,0.9475955963134766,,,,,,
19,,,56919,,,,,,,0.9728075265884399,,,,,,
19,,,56939,,,,,,,0.8446988463401794,,,,,,
19,,,56959,,,,,,,0.7862985730171204,,,,,,
19,,,56979,,,,,,,0.8404693603515625,,,,,,
19,,,56999,,,,,,,0.8208847045898438,,,,,,
19,,,57019,,,,,,,0.63703453540802,,,,,,
19,,,57039,,,,,,,0.9929683804512024,,,,,,
19,,,57059,,,,,,,0.9671156406402588,,,,,,
19,,,57079,,,,,,,0.8790375590324402,,,,,,
19,,,57099,,,,,,,0.8499821424484253,,,,,,
19,,,57119,,,,,,,0.9723103642463684,,,,,,
19,,,57139,,,,,,,0.6167564392089844,,,,,,
19,,,57159,,,,,,,0.6217269897460938,,,,,,
19,,,57179,,,,,,,0.8208540081977844,,,,,,
19,,,57199,,,,,,,0.593363881111145,,,,,,
19,,,57219,,,,,,,0.9092086553573608,,,,,,
19,,,57239,,,,,,,0.7701179385185242,,,,,,
19,,,57259,,,,,,,0.6110963821411133,,,,,,
19,,,57279,,,,,,,1.32356858253479,,,,,,
19,,,57299,,,,,,,0.8411906957626343,,,,,,
19,,,57319,,,,,,,0.8249128460884094,,,,,,
19,,,57339,,,,,,,0.9051799774169922,,,,,,
19,,,57359,,,,,,,1.024935245513916,,,,,,
19,,,57379,,,,,,,0.7850956916809082,,,,,,
19,,,57399,,,,,,,0.7348807454109192,,,,,,
19,,,57399,,,,,,,,0.38145944476127625,0.3224843144416809,10.487767219543457,0.21552583575248718,0.3527688980102539,0.38145944476127625
19,,,57399,,,,,0.7395252585411072,0.8258214592933655,,,,,,,
,0.00014613826671966716,0.00014613826671966716,57400,,,,,,,,,,,,,
20,,,57419,,,,,,,0.8370715379714966,,,,,,
20,,,57439,,,,,,,0.865630030632019,,,,,,
20,,,57459,,,,,,,0.9598323106765747,,,,,,
20,,,57479,,,,,,,1.0105842351913452,,,,,,
20,,,57499,,,,,,,0.5433875918388367,,,,,,
20,,,57519,,,,,,,1.0176013708114624,,,,,,
20,,,57539,,,,,,,0.5977691411972046,,,,,,
20,,,57559,,,,,,,1.0557228326797485,,,,,,
20,,,57579,,,,,,,0.9482678771018982,,,,,,
20,,,57599,,,,,,,0.7319833636283875,,,,,,
20,,,57619,,,,,,,0.7092345952987671,,,,,,
20,,,57639,,,,,,,0.735373318195343,,,,,,
20,,,57659,,,,,,,0.7836654782295227,,,,,,
20,,,57679,,,,,,,0.8463214635848999,,,,,,
20,,,57699,,,,,,,0.8606522083282471,,,,,,
20,,,57719,,,,,,,0.6530941724777222,,,,,,
20,,,57739,,,,,,,1.1829127073287964,,,,,,
20,,,57759,,,,,,,0.9281817674636841,,,,,,
20,,,57779,,,,,,,0.853905200958252,,,,,,
20,,,57799,,,,,,,0.7210189700126648,,,,,,
20,,,57819,,,,,,,0.7752221822738647,,,,,,
20,,,57839,,,,,,,0.9520350694656372,,,,,,
20,,,57859,,,,,,,1.0299959182739258,,,,,,
20,,,57879,,,,,,,1.2599692344665527,,,,,,
20,,,57899,,,,,,,0.7547728419303894,,,,,,
20,,,57919,,,,,,,0.8606550097465515,,,,,,
20,,,57939,,,,,,,0.8559402227401733,,,,,,
20,,,57959,,,,,,,0.7693771123886108,,,,,,
20,,,57979,,,,,,,0.5549253225326538,,,,,,
20,,,57999,,,,,,,0.8154942989349365,,,,,,
20,,,58019,,,,,,,0.6071064472198486,,,,,,
20,,,58039,,,,,,,0.9430196285247803,,,,,,
20,,,58059,,,,,,,0.5547335743904114,,,,,,
20,,,58079,,,,,,,0.7031221389770508,,,,,,
20,,,58099,,,,,,,0.7659808397293091,,,,,,
20,,,58119,,,,,,,0.9654885530471802,,,,,,
20,,,58139,,,,,,,0.81998211145401,,,,,,
20,,,58159,,,,,,,0.8813050389289856,,,,,,
20,,,58179,,,,,,,0.7246916890144348,,,,,,
20,,,58199,,,,,,,0.5038251280784607,,,,,,
20,,,58219,,,,,,,0.768760085105896,,,,,,
20,,,58239,,,,,,,0.6693263053894043,,,,,,
20,,,58259,,,,,,,1.9113867282867432,,,,,,
20,,,58279,,,,,,,1.1648695468902588,,,,,,
20,,,58299,,,,,,,0.8341943621635437,,,,,,
20,,,58319,,,,,,,1.0813229084014893,,,,,,
20,,,58339,,,,,,,0.6246388554573059,,,,,,
20,,,58359,,,,,,,0.611980676651001,,,,,,
20,,,58379,,,,,,,0.7459660768508911,,,,,,
20,,,58399,,,,,,,0.6137121319770813,,,,,,
20,,,58419,,,,,,,0.7987638711929321,,,,,,
20,,,58439,,,,,,,0.9030483961105347,,,,,,
20,,,58459,,,,,,,0.5760390162467957,,,,,,
20,,,58479,,,,,,,1.079270839691162,,,,,,
20,,,58499,,,,,,,0.8266667127609253,,,,,,
20,,,58519,,,,,,,0.5438610315322876,,,,,,
20,,,58539,,,,,,,0.699235737323761,,,,,,
20,,,58559,,,,,,,0.7375602722167969,,,,,,
20,,,58579,,,,,,,0.4670370817184448,,,,,,
20,,,58599,,,,,,,1.1012115478515625,,,,,,
20,,,58619,,,,,,,0.7697654962539673,,,,,,
20,,,58639,,,,,,,1.2483187913894653,,,,,,
20,,,58659,,,,,,,0.6777840852737427,,,,,,
20,,,58679,,,,,,,0.8571690320968628,,,,,,
20,,,58699,,,,,,,0.6177537441253662,,,,,,
20,,,58719,,,,,,,1.4793126583099365,,,,,,
20,,,58739,,,,,,,0.7425731420516968,,,,,,
20,,,58759,,,,,,,0.9170259237289429,,,,,,
20,,,58779,,,,,,,0.8628644943237305,,,,,,
20,,,58799,,,,,,,0.7969721555709839,,,,,,
20,,,58819,,,,,,,0.8811494708061218,,,,,,
20,,,58839,,,,,,,0.6817936301231384,,,,,,
20,,,58859,,,,,,,0.6770660877227783,,,,,,
20,,,58879,,,,,,,0.6227712631225586,,,,,,
20,,,58899,,,,,,,0.9197386503219604,,,,,,
20,,,58919,,,,,,,0.9164406061172485,,,,,,
20,,,58939,,,,,,,0.7904104590415955,,,,,,
20,,,58959,,,,,,,0.8582898378372192,,,,,,
20,,,58979,,,,,,,0.5836208462715149,,,,,,
20,,,58999,,,,,,,0.44954413175582886,,,,,,
20,,,59019,,,,,,,0.8837829828262329,,,,,,
20,,,59039,,,,,,,1.0456922054290771,,,,,,
20,,,59059,,,,,,,0.5823279619216919,,,,,,
20,,,59079,,,,,,,0.6409643888473511,,,,,,
20,,,59099,,,,,,,0.931628942489624,,,,,,
20,,,59119,,,,,,,0.7459213137626648,,,,,,
20,,,59139,,,,,,,0.8114948868751526,,,,,,
20,,,59159,,,,,,,0.7759785652160645,,,,,,
20,,,59179,,,,,,,0.6260468363761902,,,,,,
20,,,59199,,,,,,,0.9014371633529663,,,,,,
20,,,59219,,,,,,,0.7389466762542725,,,,,,
20,,,59239,,,,,,,0.8383686542510986,,,,,,
20,,,59259,,,,,,,0.860554575920105,,,,,,
20,,,59279,,,,,,,0.7260071039199829,,,,,,
20,,,59299,,,,,,,0.7119008302688599,,,,,,
20,,,59319,,,,,,,0.7313616871833801,,,,,,
20,,,59339,,,,,,,0.7160333395004272,,,,,,
20,,,59359,,,,,,,0.7142064571380615,,,,,,
20,,,59379,,,,,,,0.8330333232879639,,,,,,
20,,,59399,,,,,,,0.7592882513999939,,,,,,
20,,,59419,,,,,,,0.6957099437713623,,,,,,
20,,,59439,,,,,,,0.588461697101593,,,,,,
20,,,59459,,,,,,,1.1129580736160278,,,,,,
20,,,59479,,,,,,,0.7938802242279053,,,,,,
20,,,59499,,,,,,,0.8246538639068604,,,,,,
20,,,59519,,,,,,,0.7057486176490784,,,,,,
20,,,59539,,,,,,,0.6640964150428772,,,,,,
20,,,59559,,,,,,,0.6463812589645386,,,,,,
20,,,59579,,,,,,,0.9994365572929382,,,,,,
20,,,59599,,,,,,,0.6390396356582642,,,,,,
20,,,59619,,,,,,,0.9697935581207275,,,,,,
20,,,59639,,,,,,,1.0228707790374756,,,,,,
20,,,59659,,,,,,,0.7271382808685303,,,,,,
20,,,59679,,,,,,,0.84828782081604,,,,,,
20,,,59699,,,,,,,0.47602760791778564,,,,,,
20,,,59719,,,,,,,0.7282947301864624,,,,,,
20,,,59739,,,,,,,0.5382459163665771,,,,,,
20,,,59759,,,,,,,0.8912035226821899,,,,,,
20,,,59779,,,,,,,0.6124552488327026,,,,,,
20,,,59799,,,,,,,0.8484955430030823,,,,,,
20,,,59819,,,,,,,0.8909698724746704,,,,,,
20,,,59839,,,,,,,0.6419984102249146,,,,,,
20,,,59859,,,,,,,0.7532901763916016,,,,,,
20,,,59879,,,,,,,0.9855413436889648,,,,,,
20,,,59899,,,,,,,0.7991111874580383,,,,,,
20,,,59919,,,,,,,0.6337823271751404,,,,,,
20,,,59939,,,,,,,0.4926000237464905,,,,,,
20,,,59959,,,,,,,0.9051276445388794,,,,,,
20,,,59979,,,,,,,0.6750051975250244,,,,,,
20,,,59999,,,,,,,0.8209750652313232,,,,,,
20,,,60019,,,,,,,0.8925923109054565,,,,,,
20,,,60039,,,,,,,0.8685920834541321,,,,,,
20,,,60059,,,,,,,0.6518673896789551,,,,,,
20,,,60079,,,,,,,1.0164299011230469,,,,,,
20,,,60099,,,,,,,0.8159179091453552,,,,,,
20,,,60119,,,,,,,1.0679373741149902,,,,,,
20,,,60139,,,,,,,0.5863876938819885,,,,,,
20,,,60159,,,,,,,0.5849751234054565,,,,,,
20,,,60179,,,,,,,0.5905653238296509,,,,,,
20,,,60199,,,,,,,0.7548094987869263,,,,,,
20,,,60219,,,,,,,0.9021072387695312,,,,,,
20,,,60239,,,,,,,0.6211710572242737,,,,,,
20,,,60259,,,,,,,0.8489741086959839,,,,,,
20,,,60269,,,,,,,,0.3602660298347473,0.29709845781326294,10.06025218963623,0.19692078232765198,0.36399045586586,0.3602660298347473
20,,,60269,,,,,0.7403097748756409,0.8183663487434387,,,,,,,
,0.000145195844505717,0.000145195844505717,60270,,,,,,,,,,,,,
21,,,60279,,,,,,,0.46962374448776245,,,,,,
21,,,60299,,,,,,,1.0616786479949951,,,,,,
21,,,60319,,,,,,,0.8388175964355469,,,,,,
21,,,60339,,,,,,,1.1073668003082275,,,,,,
21,,,60359,,,,,,,0.7231507301330566,,,,,,
21,,,60379,,,,,,,0.5967462062835693,,,,,,
21,,,60399,,,,,,,0.6085624694824219,,,,,,
21,,,60419,,,,,,,0.9356980919837952,,,,,,
21,,,60439,,,,,,,0.724199116230011,,,,,,
21,,,60459,,,,,,,0.7015948295593262,,,,,,
21,,,60479,,,,,,,0.7932922840118408,,,,,,
21,,,60499,,,,,,,0.6808364391326904,,,,,,
21,,,60519,,,,,,,0.9973832368850708,,,,,,
21,,,60539,,,,,,,0.8649255037307739,,,,,,
21,,,60559,,,,,,,0.8890117406845093,,,,,,
21,,,60579,,,,,,,0.93685382604599,,,,,,
21,,,60599,,,,,,,0.6517409682273865,,,,,,
21,,,60619,,,,,,,0.5350887775421143,,,,,,
21,,,60639,,,,,,,0.5060946345329285,,,,,,
21,,,60659,,,,,,,0.514345645904541,,,,,,
21,,,60679,,,,,,,0.9646233320236206,,,,,,
21,,,60699,,,,,,,1.3749691247940063,,,,,,
21,,,60719,,,,,,,1.0087662935256958,,,,,,
21,,,60739,,,,,,,1.0756916999816895,,,,,,
21,,,60759,,,,,,,0.8740099668502808,,,,,,
21,,,60779,,,,,,,0.5506066083908081,,,,,,
21,,,60799,,,,,,,1.0251669883728027,,,,,,
21,,,60819,,,,,,,0.9840966463088989,,,,,,
21,,,60839,,,,,,,0.7554164528846741,,,,,,
21,,,60859,,,,,,,0.8573061227798462,,,,,,
21,,,60879,,,,,,,0.8557431697845459,,,,,,
21,,,60899,,,,,,,0.6798795461654663,,,,,,
21,,,60919,,,,,,,0.6875214576721191,,,,,,
21,,,60939,,,,,,,0.8010822534561157,,,,,,
21,,,60959,,,,,,,1.1443637609481812,,,,,,
21,,,60979,,,,,,,0.8030951619148254,,,,,,
21,,,60999,,,,,,,0.6962070465087891,,,,,,
21,,,61019,,,,,,,0.7485200762748718,,,,,,
21,,,61039,,,,,,,0.7075116634368896,,,,,,
21,,,61059,,,,,,,0.5273976922035217,,,,,,
21,,,61079,,,,,,,0.8040643930435181,,,,,,
21,,,61099,,,,,,,1.0250542163848877,,,,,,
21,,,61119,,,,,,,0.8888301849365234,,,,,,
21,,,61139,,,,,,,0.9591794013977051,,,,,,
21,,,61159,,,,,,,0.9879754781723022,,,,,,
21,,,61179,,,,,,,1.5828608274459839,,,,,,
21,,,61199,,,,,,,0.8861750960350037,,,,,,
21,,,61219,,,,,,,0.8066878318786621,,,,,,
21,,,61239,,,,,,,0.7556228637695312,,,,,,
21,,,61259,,,,,,,0.7792807817459106,,,,,,
21,,,61279,,,,,,,0.7848866581916809,,,,,,
21,,,61299,,,,,,,0.8318396806716919,,,,,,
21,,,61319,,,,,,,0.8815883994102478,,,,,,
21,,,61339,,,,,,,0.6516444087028503,,,,,,
21,,,61359,,,,,,,0.8410953283309937,,,,,,
21,,,61379,,,,,,,0.7539382576942444,,,,,,
21,,,61399,,,,,,,1.0599267482757568,,,,,,
21,,,61419,,,,,,,1.1261298656463623,,,,,,
21,,,61439,,,,,,,0.7747935056686401,,,,,,
21,,,61459,,,,,,,0.661155104637146,,,,,,
21,,,61479,,,,,,,1.0159327983856201,,,,,,
21,,,61499,,,,,,,0.7034802436828613,,,,,,
21,,,61519,,,,,,,0.6527630090713501,,,,,,
21,,,61539,,,,,,,0.9539623260498047,,,,,,
21,,,61559,,,,,,,0.7237648963928223,,,,,,
21,,,61579,,,,,,,0.824967622756958,,,,,,
21,,,61599,,,,,,,0.8336705565452576,,,,,,
21,,,61619,,,,,,,0.8253482580184937,,,,,,
21,,,61639,,,,,,,0.7068126201629639,,,,,,
21,,,61659,,,,,,,0.678363561630249,,,,,,
21,,,61679,,,,,,,0.9531173706054688,,,,,,
21,,,61699,,,,,,,0.8208293318748474,,,,,,
21,,,61719,,,,,,,0.8287158012390137,,,,,,
21,,,61739,,,,,,,0.7979368567466736,,,,,,
21,,,61759,,,,,,,0.7960591316223145,,,,,,
21,,,61779,,,,,,,0.8449381589889526,,,,,,
21,,,61799,,,,,,,0.9005626440048218,,,,,,
21,,,61819,,,,,,,0.920089066028595,,,,,,
21,,,61839,,,,,,,1.0267903804779053,,,,,,
21,,,61859,,,,,,,0.7450977563858032,,,,,,
21,,,61879,,,,,,,0.6818979978561401,,,,,,
21,,,61899,,,,,,,0.6958272457122803,,,,,,
21,,,61919,,,,,,,0.6781319379806519,,,,,,
21,,,61939,,,,,,,0.8245898485183716,,,,,,
21,,,61959,,,,,,,0.8878092765808105,,,,,,
21,,,61979,,,,,,,1.0835775136947632,,,,,,
21,,,61999,,,,,,,1.0279418230056763,,,,,,
21,,,62019,,,,,,,0.7521402835845947,,,,,,
21,,,62039,,,,,,,0.41927772760391235,,,,,,
21,,,62059,,,,,,,0.6492931842803955,,,,,,
21,,,62079,,,,,,,0.7404933571815491,,,,,,
21,,,62099,,,,,,,0.7478411197662354,,,,,,
21,,,62119,,,,,,,0.6688023805618286,,,,,,
21,,,62139,,,,,,,0.7588281631469727,,,,,,
21,,,62159,,,,,,,1.4719786643981934,,,,,,
21,,,62179,,,,,,,0.7948933839797974,,,,,,
21,,,62199,,,,,,,0.6647458076477051,,,,,,
21,,,62219,,,,,,,0.7572776079177856,,,,,,
21,,,62239,,,,,,,0.8070815205574036,,,,,,
21,,,62259,,,,,,,0.5782465934753418,,,,,,
21,,,62279,,,,,,,0.895258903503418,,,,,,
21,,,62299,,,,,,,0.4875335097312927,,,,,,
21,,,62319,,,,,,,0.8628902435302734,,,,,,
21,,,62339,,,,,,,0.7133597135543823,,,,,,
21,,,62359,,,,,,,0.7393218278884888,,,,,,
21,,,62379,,,,,,,0.7592102289199829,,,,,,
21,,,62399,,,,,,,0.8579993844032288,,,,,,
21,,,62419,,,,,,,0.5384451150894165,,,,,,
21,,,62439,,,,,,,0.7959954142570496,,,,,,
21,,,62459,,,,,,,0.744675874710083,,,,,,
21,,,62479,,,,,,,1.4057193994522095,,,,,,
21,,,62499,,,,,,,0.8258686065673828,,,,,,
21,,,62519,,,,,,,0.5176083445549011,,,,,,
21,,,62539,,,,,,,0.9948738813400269,,,,,,
21,,,62559,,,,,,,0.8005785942077637,,,,,,
21,,,62579,,,,,,,0.8174552321434021,,,,,,
21,,,62599,,,,,,,0.9079992771148682,,,,,,
21,,,62619,,,,,,,0.6817072629928589,,,,,,
21,,,62639,,,,,,,0.8896390199661255,,,,,,
21,,,62659,,,,,,,0.8134258389472961,,,,,,
21,,,62679,,,,,,,1.0433316230773926,,,,,,
21,,,62699,,,,,,,0.7610763311386108,,,,,,
21,,,62719,,,,,,,0.9498077034950256,,,,,,
21,,,62739,,,,,,,0.712409257888794,,,,,,
21,,,62759,,,,,,,0.8999522924423218,,,,,,
21,,,62779,,,,,,,1.2558261156082153,,,,,,
21,,,62799,,,,,,,0.6845729351043701,,,,,,
21,,,62819,,,,,,,0.8433318138122559,,,,,,
21,,,62839,,,,,,,0.6958789825439453,,,,,,
21,,,62859,,,,,,,1.4378383159637451,,,,,,
21,,,62879,,,,,,,0.6564452648162842,,,,,,
21,,,62899,,,,,,,0.7222710847854614,,,,,,
21,,,62919,,,,,,,0.6789050698280334,,,,,,
21,,,62939,,,,,,,0.7768902778625488,,,,,,
21,,,62959,,,,,,,1.125605821609497,,,,,,
21,,,62979,,,,,,,0.5913940668106079,,,,,,
21,,,62999,,,,,,,0.97359699010849,,,,,,
21,,,63019,,,,,,,0.8596267700195312,,,,,,
21,,,63039,,,,,,,0.42304468154907227,,,,,,
21,,,63059,,,,,,,0.8517823219299316,,,,,,
21,,,63079,,,,,,,0.8409255743026733,,,,,,
21,,,63099,,,,,,,0.7950104475021362,,,,,,
21,,,63119,,,,,,,1.0926094055175781,,,,,,
21,,,63139,,,,,,,0.8007727265357971,,,,,,
21,,,63139,,,,,,,,0.35624605417251587,0.29579830169677734,10.314516067504883,0.1950646936893463,0.3665234446525574,0.35624605417251587
21,,,63139,,,,,0.7414413690567017,0.8124437928199768,,,,,,,
,0.0001441683148518031,0.0001441683148518031,63140,,,,,,,,,,,,,
22,,,63159,,,,,,,0.6950646042823792,,,,,,
22,,,63179,,,,,,,0.8316826820373535,,,,,,
22,,,63199,,,,,,,0.6977882385253906,,,,,,
22,,,63219,,,,,,,0.685431957244873,,,,,,
22,,,63239,,,,,,,0.7118209600448608,,,,,,
22,,,63259,,,,,,,0.7860307693481445,,,,,,
22,,,63279,,,,,,,0.8188116550445557,,,,,,
22,,,63299,,,,,,,0.6498699188232422,,,,,,
22,,,63319,,,,,,,0.9903583526611328,,,,,,
22,,,63339,,,,,,,0.6366856098175049,,,,,,
22,,,63359,,,,,,,0.7565790414810181,,,,,,
22,,,63379,,,,,,,0.5523313879966736,,,,,,
22,,,63399,,,,,,,0.7825876474380493,,,,,,
22,,,63419,,,,,,,1.3186620473861694,,,,,,
22,,,63439,,,,,,,0.5382568836212158,,,,,,
22,,,63459,,,,,,,1.1515175104141235,,,,,,
22,,,63479,,,,,,,0.8117327690124512,,,,,,
22,,,63499,,,,,,,0.7203208208084106,,,,,,
22,,,63519,,,,,,,0.8576018810272217,,,,,,
22,,,63539,,,,,,,0.772705614566803,,,,,,
22,,,63559,,,,,,,0.7230575680732727,,,,,,
22,,,63579,,,,,,,0.8566551208496094,,,,,,
22,,,63599,,,,,,,0.8358035087585449,,,,,,
22,,,63619,,,,,,,1.0765260457992554,,,,,,
22,,,63639,,,,,,,0.7149239778518677,,,,,,
22,,,63659,,,,,,,0.7289779186248779,,,,,,
22,,,63679,,,,,,,0.8924312591552734,,,,,,
22,,,63699,,,,,,,0.7454928755760193,,,,,,
22,,,63719,,,,,,,0.6598439812660217,,,,,,
22,,,63739,,,,,,,0.7739043235778809,,,,,,
22,,,63759,,,,,,,0.8428712487220764,,,,,,
22,,,63779,,,,,,,0.8236523866653442,,,,,,
22,,,63799,,,,,,,0.7969337105751038,,,,,,
22,,,63819,,,,,,,0.4781278669834137,,,,,,
22,,,63839,,,,,,,0.7319663763046265,,,,,,
22,,,63859,,,,,,,0.8336713314056396,,,,,,
22,,,63879,,,,,,,0.7620397210121155,,,,,,
22,,,63899,,,,,,,1.1429145336151123,,,,,,
22,,,63919,,,,,,,0.8905482888221741,,,,,,
22,,,63939,,,,,,,0.8134717345237732,,,,,,
22,,,63959,,,,,,,0.9247668385505676,,,,,,
22,,,63979,,,,,,,0.7897348999977112,,,,,,
22,,,63999,,,,,,,0.4866916835308075,,,,,,
22,,,64019,,,,,,,0.9292325377464294,,,,,,
22,,,64039,,,,,,,0.708588719367981,,,,,,
22,,,64059,,,,,,,0.6206710338592529,,,,,,
22,,,64079,,,,,,,0.9182018637657166,,,,,,
22,,,64099,,,,,,,0.8207371234893799,,,,,,
22,,,64119,,,,,,,0.6057146191596985,,,,,,
22,,,64139,,,,,,,0.6968214511871338,,,,,,
22,,,64159,,,,,,,0.8772592544555664,,,,,,
22,,,64179,,,,,,,0.7791883945465088,,,,,,
22,,,64199,,,,,,,0.5396833419799805,,,,,,
22,,,64219,,,,,,,0.7530621290206909,,,,,,
22,,,64239,,,,,,,0.8285164833068848,,,,,,
22,,,64259,,,,,,,1.7742738723754883,,,,,,
22,,,64279,,,,,,,0.904525876045227,,,,,,
22,,,64299,,,,,,,1.0146187543869019,,,,,,
22,,,64319,,,,,,,0.596839189529419,,,,,,
22,,,64339,,,,,,,0.8800750374794006,,,,,,
22,,,64359,,,,,,,0.7701274156570435,,,,,,
22,,,64379,,,,,,,0.746023416519165,,,,,,
22,,,64399,,,,,,,0.8004236221313477,,,,,,
22,,,64419,,,,,,,0.8760582208633423,,,,,,
22,,,64439,,,,,,,0.874693751335144,,,,,,
22,,,64459,,,,,,,0.6481072306632996,,,,,,
22,,,64479,,,,,,,0.5982334613800049,,,,,,
22,,,64499,,,,,,,0.6341320276260376,,,,,,
22,,,64519,,,,,,,0.7112836241722107,,,,,,
22,,,64539,,,,,,,0.7856354713439941,,,,,,
22,,,64559,,,,,,,1.390730857849121,,,,,,
22,,,64579,,,,,,,0.7043572664260864,,,,,,
22,,,64599,,,,,,,0.8096597194671631,,,,,,
22,,,64619,,,,,,,0.8619697093963623,,,,,,
22,,,64639,,,,,,,0.9710464477539062,,,,,,
22,,,64659,,,,,,,0.8277896046638489,,,,,,
22,,,64679,,,,,,,0.7738948464393616,,,,,,
22,,,64699,,,,,,,0.579380452632904,,,,,,
22,,,64719,,,,,,,0.8710600137710571,,,,,,
22,,,64739,,,,,,,0.7372339963912964,,,,,,
22,,,64759,,,,,,,0.8496086001396179,,,,,,
22,,,64779,,,,,,,0.7904878258705139,,,,,,
22,,,64799,,,,,,,0.917849600315094,,,,,,
22,,,64819,,,,,,,1.017646074295044,,,,,,
22,,,64839,,,,,,,0.6857930421829224,,,,,,
22,,,64859,,,,,,,0.7101147770881653,,,,,,
22,,,64879,,,,,,,0.625829815864563,,,,,,
22,,,64899,,,,,,,0.6135812401771545,,,,,,
22,,,64919,,,,,,,0.5950673222541809,,,,,,
22,,,64939,,,,,,,0.7713980674743652,,,,,,
22,,,64959,,,,,,,0.7315559983253479,,,,,,
22,,,64979,,,,,,,0.8012638688087463,,,,,,
22,,,64999,,,,,,,0.6967197060585022,,,,,,
22,,,65019,,,,,,,0.5577191710472107,,,,,,
22,,,65039,,,,,,,0.6417259573936462,,,,,,
22,,,65059,,,,,,,1.0036287307739258,,,,,,
22,,,65079,,,,,,,0.8187508583068848,,,,,,
22,,,65099,,,,,,,0.6714808940887451,,,,,,
22,,,65119,,,,,,,0.7468982934951782,,,,,,
22,,,65139,,,,,,,0.5634006261825562,,,,,,
22,,,65159,,,,,,,0.8316003084182739,,,,,,
22,,,65179,,,,,,,0.8002560138702393,,,,,,
22,,,65199,,,,,,,1.0931212902069092,,,,,,
22,,,65219,,,,,,,0.5245552062988281,,,,,,
22,,,65239,,,,,,,1.0104600191116333,,,,,,
22,,,65259,,,,,,,0.9697864651679993,,,,,,
22,,,65279,,,,,,,0.7947742342948914,,,,,,
22,,,65299,,,,,,,0.5980122685432434,,,,,,
22,,,65319,,,,,,,0.7663375735282898,,,,,,
22,,,65339,,,,,,,0.6976131200790405,,,,,,
22,,,65359,,,,,,,0.7386130690574646,,,,,,
22,,,65379,,,,,,,0.9547128677368164,,,,,,
22,,,65399,,,,,,,0.619951605796814,,,,,,
22,,,65419,,,,,,,0.8481478095054626,,,,,,
22,,,65439,,,,,,,1.0127660036087036,,,,,,
22,,,65459,,,,,,,0.9134770631790161,,,,,,
22,,,65479,,,,,,,0.5741389989852905,,,,,,
22,,,65499,,,,,,,0.9523850679397583,,,,,,
22,,,65519,,,,,,,0.7732486724853516,,,,,,
22,,,65539,,,,,,,0.7741745710372925,,,,,,
22,,,65559,,,,,,,0.6066271066665649,,,,,,
22,,,65579,,,,,,,0.9138338565826416,,,,,,
22,,,65599,,,,,,,0.7097914218902588,,,,,,
22,,,65619,,,,,,,0.9030987024307251,,,,,,
22,,,65639,,,,,,,0.6209757328033447,,,,,,
22,,,65659,,,,,,,1.1011619567871094,,,,,,
22,,,65679,,,,,,,0.8761510252952576,,,,,,
22,,,65699,,,,,,,0.8898059129714966,,,,,,
22,,,65719,,,,,,,0.7694224119186401,,,,,,
22,,,65739,,,,,,,0.8660094738006592,,,,,,
22,,,65759,,,,,,,1.2176622152328491,,,,,,
22,,,65779,,,,,,,0.740189790725708,,,,,,
22,,,65799,,,,,,,0.953404426574707,,,,,,
22,,,65819,,,,,,,0.6721124053001404,,,,,,
22,,,65839,,,,,,,0.5565668344497681,,,,,,
22,,,65859,,,,,,,0.8462307453155518,,,,,,
22,,,65879,,,,,,,0.5853292346000671,,,,,,
22,,,65899,,,,,,,1.0074595212936401,,,,,,
22,,,65919,,,,,,,0.7677433490753174,,,,,,
22,,,65939,,,,,,,0.9904187321662903,,,,,,
22,,,65959,,,,,,,0.6631839275360107,,,,,,
22,,,65979,,,,,,,0.7914813756942749,,,,,,
22,,,65999,,,,,,,1.0795327425003052,,,,,,
22,,,66009,,,,,,,,0.36498868465423584,0.3062916696071625,10.364542007446289,0.2010425329208374,0.36090049147605896,0.36498868465423584
22,,,66009,,,,,0.7412021160125732,0.8078579902648926,,,,,,,
,0.00014305692964453,0.00014305692964453,66010,,,,,,,,,,,,,
23,,,66019,,,,,,,0.6313140392303467,,,,,,
23,,,66039,,,,,,,0.6850240230560303,,,,,,
23,,,66059,,,,,,,0.5670896768569946,,,,,,
23,,,66079,,,,,,,0.5108646154403687,,,,,,
23,,,66099,,,,,,,0.889339804649353,,,,,,
23,,,66119,,,,,,,0.625552773475647,,,,,,
23,,,66139,,,,,,,0.8325182199478149,,,,,,
23,,,66159,,,,,,,0.6869991421699524,,,,,,
23,,,66179,,,,,,,0.5733039975166321,,,,,,
23,,,66199,,,,,,,0.5823500156402588,,,,,,
23,,,66219,,,,,,,0.6427482962608337,,,,,,
23,,,66239,,,,,,,0.8112400770187378,,,,,,
23,,,66259,,,,,,,0.9205199480056763,,,,,,
23,,,66279,,,,,,,1.324380874633789,,,,,,
23,,,66299,,,,,,,0.6799412369728088,,,,,,
23,,,66319,,,,,,,0.5955877304077148,,,,,,
23,,,66339,,,,,,,0.6682257652282715,,,,,,
23,,,66359,,,,,,,0.6664546728134155,,,,,,
23,,,66379,,,,,,,0.6789758205413818,,,,,,
23,,,66399,,,,,,,0.5672241449356079,,,,,,
23,,,66419,,,,,,,0.7557169198989868,,,,,,
23,,,66439,,,,,,,0.8505445718765259,,,,,,
23,,,66459,,,,,,,0.6703284978866577,,,,,,
23,,,66479,,,,,,,0.5559599995613098,,,,,,
23,,,66499,,,,,,,0.6712818145751953,,,,,,
23,,,66519,,,,,,,0.8872969150543213,,,,,,
23,,,66539,,,,,,,0.7916793823242188,,,,,,
23,,,66559,,,,,,,0.6273586750030518,,,,,,
23,,,66579,,,,,,,0.7401844263076782,,,,,,
23,,,66599,,,,,,,0.6085957288742065,,,,,,
23,,,66619,,,,,,,0.9338744878768921,,,,,,
23,,,66639,,,,,,,0.691615104675293,,,,,,
23,,,66659,,,,,,,0.6498433947563171,,,,,,
23,,,66679,,,,,,,0.5207901000976562,,,,,,
23,,,66699,,,,,,,0.4944566488265991,,,,,,
23,,,66719,,,,,,,1.1386651992797852,,,,,,
23,,,66739,,,,,,,0.5671011805534363,,,,,,
23,,,66759,,,,,,,1.1416893005371094,,,,,,
23,,,66779,,,,,,,0.5589988231658936,,,,,,
23,,,66799,,,,,,,0.7502796649932861,,,,,,
23,,,66819,,,,,,,0.944501519203186,,,,,,
23,,,66839,,,,,,,0.8937153816223145,,,,,,
23,,,66859,,,,,,,0.7343123555183411,,,,,,
23,,,66879,,,,,,,0.5544885396957397,,,,,,
23,,,66899,,,,,,,0.7870751619338989,,,,,,
23,,,66919,,,,,,,0.8732364177703857,,,,,,
23,,,66939,,,,,,,0.6799468994140625,,,,,,
23,,,66959,,,,,,,1.929335594177246,,,,,,
23,,,66979,,,,,,,1.015577793121338,,,,,,
23,,,66999,,,,,,,1.0829799175262451,,,,,,
23,,,67019,,,,,,,0.5038011074066162,,,,,,
23,,,67039,,,,,,,0.6654702425003052,,,,,,
23,,,67059,,,,,,,0.9358533620834351,,,,,,
23,,,67079,,,,,,,0.9730006456375122,,,,,,
23,,,67099,,,,,,,1.0518360137939453,,,,,,
23,,,67119,,,,,,,0.8716776967048645,,,,,,
23,,,67139,,,,,,,0.7887446284294128,,,,,,
23,,,67159,,,,,,,0.9374993443489075,,,,,,
23,,,67179,,,,,,,0.9680005311965942,,,,,,
23,,,67199,,,,,,,0.6786423921585083,,,,,,
23,,,67219,,,,,,,0.8004186153411865,,,,,,
23,,,67239,,,,,,,0.6671555638313293,,,,,,
23,,,67259,,,,,,,0.6488009691238403,,,,,,
23,,,67279,,,,,,,0.5948014855384827,,,,,,
23,,,67299,,,,,,,0.7980453968048096,,,,,,
23,,,67319,,,,,,,0.8497607707977295,,,,,,
23,,,67339,,,,,,,0.6090161204338074,,,,,,
23,,,67359,,,,,,,0.8656333088874817,,,,,,
23,,,67379,,,,,,,0.6365814805030823,,,,,,
23,,,67399,,,,,,,0.6661927103996277,,,,,,
23,,,67419,,,,,,,0.8029630184173584,,,,,,
23,,,67439,,,,,,,0.7738379836082458,,,,,,
23,,,67459,,,,,,,0.9973708391189575,,,,,,
23,,,67479,,,,,,,0.6743062734603882,,,,,,
23,,,67499,,,,,,,0.6993136405944824,,,,,,
23,,,67519,,,,,,,0.8536606431007385,,,,,,
23,,,67539,,,,,,,1.263540506362915,,,,,,
23,,,67559,,,,,,,0.5888779759407043,,,,,,
23,,,67579,,,,,,,1.0716514587402344,,,,,,
23,,,67599,,,,,,,0.8462444543838501,,,,,,
23,,,67619,,,,,,,0.7363179922103882,,,,,,
23,,,67639,,,,,,,0.8734220266342163,,,,,,
23,,,67659,,,,,,,0.6241744160652161,,,,,,
23,,,67679,,,,,,,0.6108969449996948,,,,,,
23,,,67699,,,,,,,0.6955824494361877,,,,,,
23,,,67719,,,,,,,0.836878776550293,,,,,,
23,,,67739,,,,,,,0.8609344959259033,,,,,,
23,,,67759,,,,,,,0.7833373546600342,,,,,,
23,,,67779,,,,,,,1.056631088256836,,,,,,
23,,,67799,,,,,,,0.6775366067886353,,,,,,
23,,,67819,,,,,,,0.923328697681427,,,,,,
23,,,67839,,,,,,,1.0508522987365723,,,,,,
23,,,67859,,,,,,,0.6677607297897339,,,,,,
23,,,67879,,,,,,,0.8805721998214722,,,,,,
23,,,67899,,,,,,,0.5517425537109375,,,,,,
23,,,67919,,,,,,,0.7634745240211487,,,,,,
23,,,67939,,,,,,,0.7548834085464478,,,,,,
23,,,67959,,,,,,,0.7693464756011963,,,,,,
23,,,67979,,,,,,,0.6833152770996094,,,,,,
23,,,67999,,,,,,,1.0746241807937622,,,,,,
23,,,68019,,,,,,,0.8066554069519043,,,,,,
23,,,68039,,,,,,,1.064281702041626,,,,,,
23,,,68059,,,,,,,0.7664737701416016,,,,,,
23,,,68079,,,,,,,0.7052024602890015,,,,,,
23,,,68099,,,,,,,0.6857298612594604,,,,,,
23,,,68119,,,,,,,1.4007439613342285,,,,,,
23,,,68139,,,,,,,0.6780494451522827,,,,,,
23,,,68159,,,,,,,0.7783833146095276,,,,,,
23,,,68179,,,,,,,1.0631966590881348,,,,,,
23,,,68199,,,,,,,0.9444265961647034,,,,,,
23,,,68219,,,,,,,0.7054227590560913,,,,,,
23,,,68239,,,,,,,0.802636444568634,,,,,,
23,,,68259,,,,,,,0.5350672602653503,,,,,,
23,,,68279,,,,,,,0.8524458408355713,,,,,,
23,,,68299,,,,,,,1.867746353149414,,,,,,
23,,,68319,,,,,,,0.6111864447593689,,,,,,
23,,,68339,,,,,,,0.8303308486938477,,,,,,
23,,,68359,,,,,,,0.7789981365203857,,,,,,
23,,,68379,,,,,,,0.8418297171592712,,,,,,
23,,,68399,,,,,,,0.9285685420036316,,,,,,
23,,,68419,,,,,,,0.6322548389434814,,,,,,
23,,,68439,,,,,,,1.0939886569976807,,,,,,
23,,,68459,,,,,,,0.9621434211730957,,,,,,
23,,,68479,,,,,,,0.6881356239318848,,,,,,
23,,,68499,,,,,,,1.0164449214935303,,,,,,
23,,,68519,,,,,,,0.9575901031494141,,,,,,
23,,,68539,,,,,,,0.8727254867553711,,,,,,
23,,,68559,,,,,,,0.8236527442932129,,,,,,
23,,,68579,,,,,,,0.7278329133987427,,,,,,
23,,,68599,,,,,,,0.5827950239181519,,,,,,
23,,,68619,,,,,,,0.7343813180923462,,,,,,
23,,,68639,,,,,,,0.9564856290817261,,,,,,
23,,,68659,,,,,,,0.7497187852859497,,,,,,
23,,,68679,,,,,,,0.9151102304458618,,,,,,
23,,,68699,,,,,,,0.7669721841812134,,,,,,
23,,,68719,,,,,,,0.6825698614120483,,,,,,
23,,,68739,,,,,,,1.274402141571045,,,,,,
23,,,68759,,,,,,,0.43610328435897827,,,,,,
23,,,68779,,,,,,,0.779708981513977,,,,,,
23,,,68799,,,,,,,0.5898566246032715,,,,,,
23,,,68819,,,,,,,0.9213073253631592,,,,,,
23,,,68839,,,,,,,0.883188009262085,,,,,,
23,,,68859,,,,,,,0.7262343168258667,,,,,,
23,,,68879,,,,,,,0.8309839963912964,,,,,,
23,,,68879,,,,,,,,0.3634217083454132,0.30236002802848816,9.93581485748291,0.20547866821289062,0.3769892156124115,0.3634217083454132
23,,,68879,,,,,0.7423998117446899,0.7992437481880188,,,,,,,
,0.00014186304293557696,0.00014186304293557696,68880,,,,,,,,,,,,,
24,,,68899,,,,,,,0.4595450758934021,,,,,,
24,,,68919,,,,,,,1.0671625137329102,,,,,,
24,,,68939,,,,,,,0.9335863590240479,,,,,,
24,,,68959,,,,,,,0.6445949077606201,,,,,,
24,,,68979,,,,,,,0.7653186917304993,,,,,,
24,,,68999,,,,,,,0.5891339778900146,,,,,,
24,,,69019,,,,,,,1.0946629047393799,,,,,,
24,,,69039,,,,,,,0.7479808926582336,,,,,,
24,,,69059,,,,,,,0.4424430727958679,,,,,,
24,,,69079,,,,,,,0.7123792171478271,,,,,,
24,,,69099,,,,,,,0.7865291833877563,,,,,,
24,,,69119,,,,,,,0.5677661299705505,,,,,,
24,,,69139,,,,,,,1.2190359830856323,,,,,,
24,,,69159,,,,,,,1.0119009017944336,,,,,,
24,,,69179,,,,,,,0.681644856929779,,,,,,
24,,,69199,,,,,,,1.2500622272491455,,,,,,
24,,,69219,,,,,,,0.7356275320053101,,,,,,
24,,,69239,,,,,,,0.6073578596115112,,,,,,
24,,,69259,,,,,,,0.7681050896644592,,,,,,
24,,,69279,,,,,,,0.6367647647857666,,,,,,
24,,,69299,,,,,,,0.7420206069946289,,,,,,
24,,,69319,,,,,,,0.6052299737930298,,,,,,
24,,,69339,,,,,,,0.6771776676177979,,,,,,
24,,,69359,,,,,,,0.9504258632659912,,,,,,
24,,,69379,,,,,,,1.1107022762298584,,,,,,
24,,,69399,,,,,,,0.785646378993988,,,,,,
24,,,69419,,,,,,,0.696337103843689,,,,,,
24,,,69439,,,,,,,0.803751528263092,,,,,,
24,,,69459,,,,,,,0.6647363901138306,,,,,,
24,,,69479,,,,,,,0.7321218848228455,,,,,,
24,,,69499,,,,,,,0.9358010292053223,,,,,,
24,,,69519,,,,,,,0.8920518159866333,,,,,,
24,,,69539,,,,,,,0.6065157651901245,,,,,,
24,,,69559,,,,,,,0.9554567337036133,,,,,,
24,,,69579,,,,,,,0.7486078143119812,,,,,,
24,,,69599,,,,,,,0.8002490401268005,,,,,,
24,,,69619,,,,,,,0.6252974271774292,,,,,,
24,,,69639,,,,,,,0.8143750429153442,,,,,,
24,,,69659,,,,,,,0.9944065809249878,,,,,,
24,,,69679,,,,,,,0.7291229367256165,,,,,,
24,,,69699,,,,,,,0.7270528674125671,,,,,,
24,,,69719,,,,,,,0.7587264180183411,,,,,,
24,,,69739,,,,,,,0.4672946333885193,,,,,,
24,,,69759,,,,,,,0.7196331024169922,,,,,,
24,,,69779,,,,,,,1.0400900840759277,,,,,,
24,,,69799,,,,,,,0.5558757781982422,,,,,,
24,,,69819,,,,,,,0.7679188251495361,,,,,,
24,,,69839,,,,,,,0.6640695333480835,,,,,,
24,,,69859,,,,,,,0.7127182483673096,,,,,,
24,,,69879,,,,,,,0.7426031827926636,,,,,,
24,,,69899,,,,,,,1.1790004968643188,,,,,,
24,,,69919,,,,,,,1.2891175746917725,,,,,,
24,,,69939,,,,,,,0.8725881576538086,,,,,,
24,,,69959,,,,,,,1.460739254951477,,,,,,
24,,,69979,,,,,,,0.8304076790809631,,,,,,
24,,,69999,,,,,,,0.839463472366333,,,,,,
24,,,70019,,,,,,,0.8107975721359253,,,,,,
24,,,70039,,,,,,,0.727320671081543,,,,,,
24,,,70059,,,,,,,0.9420270919799805,,,,,,
24,,,70079,,,,,,,0.8194526433944702,,,,,,
24,,,70099,,,,,,,0.7133820056915283,,,,,,
24,,,70119,,,,,,,0.6393872499465942,,,,,,
24,,,70139,,,,,,,1.0225692987442017,,,,,,
24,,,70159,,,,,,,0.5456653833389282,,,,,,
24,,,70179,,,,,,,0.5663361549377441,,,,,,
24,,,70199,,,,,,,0.9212026596069336,,,,,,
24,,,70219,,,,,,,0.6335019469261169,,,,,,
24,,,70239,,,,,,,0.9129371047019958,,,,,,
24,,,70259,,,,,,,0.7611863017082214,,,,,,
24,,,70279,,,,,,,0.8945302963256836,,,,,,
24,,,70299,,,,,,,0.8789132833480835,,,,,,
24,,,70319,,,,,,,0.7098930478096008,,,,,,
24,,,70339,,,,,,,0.7946664094924927,,,,,,
24,,,70359,,,,,,,0.6962536573410034,,,,,,
24,,,70379,,,,,,,0.6782796382904053,,,,,,
24,,,70399,,,,,,,1.2036869525909424,,,,,,
24,,,70419,,,,,,,0.7687884569168091,,,,,,
24,,,70439,,,,,,,1.4175479412078857,,,,,,
24,,,70459,,,,,,,0.7973936796188354,,,,,,
24,,,70479,,,,,,,0.8223989009857178,,,,,,
24,,,70499,,,,,,,0.7979047298431396,,,,,,
24,,,70519,,,,,,,0.8269909620285034,,,,,,
24,,,70539,,,,,,,0.6082190275192261,,,,,,
24,,,70559,,,,,,,0.7527332901954651,,,,,,
24,,,70579,,,,,,,0.699245035648346,,,,,,
24,,,70599,,,,,,,0.9464277029037476,,,,,,
24,,,70619,,,,,,,1.113182783126831,,,,,,
24,,,70639,,,,,,,1.718870759010315,,,,,,
24,,,70659,,,,,,,0.7846997976303101,,,,,,
24,,,70679,,,,,,,0.6930798292160034,,,,,,
24,,,70699,,,,,,,0.8802470564842224,,,,,,
24,,,70719,,,,,,,0.9638525247573853,,,,,,
24,,,70739,,,,,,,0.5553774833679199,,,,,,
24,,,70759,,,,,,,0.6550343036651611,,,,,,
24,,,70779,,,,,,,0.875145673751831,,,,,,
24,,,70799,,,,,,,0.8976941108703613,,,,,,
24,,,70819,,,,,,,1.0158770084381104,,,,,,
24,,,70839,,,,,,,0.8864068388938904,,,,,,
24,,,70859,,,,,,,1.019728422164917,,,,,,
24,,,70879,,,,,,,0.8131052255630493,,,,,,
24,,,70899,,,,,,,0.912582278251648,,,,,,
24,,,70919,,,,,,,0.8215643167495728,,,,,,
24,,,70939,,,,,,,0.9541698694229126,,,,,,
24,,,70959,,,,,,,0.9717357754707336,,,,,,
24,,,70979,,,,,,,1.1643621921539307,,,,,,
24,,,70999,,,,,,,0.8086626529693604,,,,,,
24,,,71019,,,,,,,0.9176046848297119,,,,,,
24,,,71039,,,,,,,0.6357602477073669,,,,,,
24,,,71059,,,,,,,0.8402625322341919,,,,,,
24,,,71079,,,,,,,0.9585040807723999,,,,,,
24,,,71099,,,,,,,0.6768249273300171,,,,,,
24,,,71119,,,,,,,0.7223984003067017,,,,,,
24,,,71139,,,,,,,0.6787569522857666,,,,,,
24,,,71159,,,,,,,0.5501405000686646,,,,,,
24,,,71179,,,,,,,0.782170832157135,,,,,,
24,,,71199,,,,,,,0.753233790397644,,,,,,
24,,,71219,,,,,,,0.6403941512107849,,,,,,
24,,,71239,,,,,,,0.7019894123077393,,,,,,
24,,,71259,,,,,,,0.782595694065094,,,,,,
24,,,71279,,,,,,,0.6246979832649231,,,,,,
24,,,71299,,,,,,,0.7538385391235352,,,,,,
24,,,71319,,,,,,,0.8692476749420166,,,,,,
24,,,71339,,,,,,,0.772850751876831,,,,,,
24,,,71359,,,,,,,0.8893274068832397,,,,,,
24,,,71379,,,,,,,0.7763724327087402,,,,,,
24,,,71399,,,,,,,0.6848072409629822,,,,,,
24,,,71419,,,,,,,1.1009775400161743,,,,,,
24,,,71439,,,,,,,0.7073615789413452,,,,,,
24,,,71459,,,,,,,0.7828016877174377,,,,,,
24,,,71479,,,,,,,0.6416521072387695,,,,,,
24,,,71499,,,,,,,0.6264809370040894,,,,,,
24,,,71519,,,,,,,0.8457711338996887,,,,,,
24,,,71539,,,,,,,0.8301035165786743,,,,,,
24,,,71559,,,,,,,0.6071656942367554,,,,,,
24,,,71579,,,,,,,0.7143261432647705,,,,,,
24,,,71599,,,,,,,0.9931749701499939,,,,,,
24,,,71619,,,,,,,0.8825385570526123,,,,,,
24,,,71639,,,,,,,0.7251238822937012,,,,,,
24,,,71659,,,,,,,0.7462717294692993,,,,,,
24,,,71679,,,,,,,0.5511420369148254,,,,,,
24,,,71699,,,,,,,0.7112928628921509,,,,,,
24,,,71719,,,,,,,0.7581368684768677,,,,,,
24,,,71739,,,,,,,0.7419257164001465,,,,,,
24,,,71749,,,,,,,,0.35802793502807617,0.29702669382095337,10.207613945007324,0.19080086052417755,0.3662276566028595,0.35802793502807617
24,,,71749,,,,,0.74303138256073,0.7928528785705566,,,,,,,
,0.0001405881092919947,0.0001405881092919947,71750,,,,,,,,,,,,,
25,,,71759,,,,,,,0.8868664503097534,,,,,,
25,,,71779,,,,,,,0.7283740043640137,,,,,,
25,,,71799,,,,,,,0.7859169244766235,,,,,,
25,,,71819,,,,,,,0.7887882590293884,,,,,,
25,,,71839,,,,,,,0.7513306140899658,,,,,,
25,,,71859,,,,,,,0.6499152183532715,,,,,,
25,,,71879,,,,,,,0.6423918604850769,,,,,,
25,,,71899,,,,,,,0.6660583019256592,,,,,,
25,,,71919,,,,,,,0.7049915790557861,,,,,,
25,,,71939,,,,,,,0.747207760810852,,,,,,
25,,,71959,,,,,,,0.7134125232696533,,,,,,
25,,,71979,,,,,,,0.7108049392700195,,,,,,
25,,,71999,,,,,,,0.7196406126022339,,,,,,
25,,,72019,,,,,,,1.1683619022369385,,,,,,
25,,,72039,,,,,,,0.7528772950172424,,,,,,
25,,,72059,,,,,,,0.6321362257003784,,,,,,
25,,,72079,,,,,,,0.8707747459411621,,,,,,
25,,,72099,,,,,,,1.0706737041473389,,,,,,
25,,,72119,,,,,,,0.5775108337402344,,,,,,
25,,,72139,,,,,,,0.7674150466918945,,,,,,
25,,,72159,,,,,,,1.0538201332092285,,,,,,
25,,,72179,,,,,,,0.7085736393928528,,,,,,
25,,,72199,,,,,,,0.7034198045730591,,,,,,
25,,,72219,,,,,,,0.7360590100288391,,,,,,
25,,,72239,,,,,,,0.7931440472602844,,,,,,
25,,,72259,,,,,,,0.5489156246185303,,,,,,
25,,,72279,,,,,,,0.8022127151489258,,,,,,
25,,,72299,,,,,,,0.6092218160629272,,,,,,
25,,,72319,,,,,,,0.7989673614501953,,,,,,
25,,,72339,,,,,,,0.7599285840988159,,,,,,
25,,,72359,,,,,,,0.9459303021430969,,,,,,
25,,,72379,,,,,,,0.514217734336853,,,,,,
25,,,72399,,,,,,,0.8256423473358154,,,,,,
25,,,72419,,,,,,,0.9718597531318665,,,,,,
25,,,72439,,,,,,,0.7023463249206543,,,,,,
25,,,72459,,,,,,,0.693606436252594,,,,,,
25,,,72479,,,,,,,0.6844254732131958,,,,,,
25,,,72499,,,,,,,0.8472371101379395,,,,,,
25,,,72519,,,,,,,0.7205246686935425,,,,,,
25,,,72539,,,,,,,0.77022385597229,,,,,,
25,,,72559,,,,,,,0.8656274080276489,,,,,,
25,,,72579,,,,,,,0.6964176297187805,,,,,,
25,,,72599,,,,,,,1.0677717924118042,,,,,,
25,,,72619,,,,,,,0.9017080664634705,,,,,,
25,,,72639,,,,,,,0.9799674153327942,,,,,,
25,,,72659,,,,,,,0.7553087472915649,,,,,,
25,,,72679,,,,,,,1.0895053148269653,,,,,,
25,,,72699,,,,,,,0.8342291712760925,,,,,,
25,,,72719,,,,,,,0.6903092861175537,,,,,,
25,,,72739,,,,,,,0.8353749513626099,,,,,,
25,,,72759,,,,,,,0.8675410151481628,,,,,,
25,,,72779,,,,,,,0.6153834462165833,,,,,,
25,,,72799,,,,,,,0.7486180067062378,,,,,,
25,,,72819,,,,,,,0.7087291479110718,,,,,,
25,,,72839,,,,,,,0.7070614099502563,,,,,,
25,,,72859,,,,,,,0.774820864200592,,,,,,
25,,,72879,,,,,,,0.7839871644973755,,,,,,
25,,,72899,,,,,,,1.0081521272659302,,,,,,
25,,,72919,,,,,,,0.7527556419372559,,,,,,
25,,,72939,,,,,,,0.7490222454071045,,,,,,
25,,,72959,,,,,,,0.7413877844810486,,,,,,
25,,,72979,,,,,,,1.5193387269973755,,,,,,
25,,,72999,,,,,,,0.8479577302932739,,,,,,
25,,,73019,,,,,,,0.49475497007369995,,,,,,
25,,,73039,,,,,,,0.7259336113929749,,,,,,
25,,,73059,,,,,,,0.7607197761535645,,,,,,
25,,,73079,,,,,,,1.159671664237976,,,,,,
25,,,73099,,,,,,,0.6854497194290161,,,,,,
25,,,73119,,,,,,,0.9842358231544495,,,,,,
25,,,73139,,,,,,,0.8898434638977051,,,,,,
25,,,73159,,,,,,,0.9493864178657532,,,,,,
25,,,73179,,,,,,,1.005908489227295,,,,,,
25,,,73199,,,,,,,0.7090526819229126,,,,,,
25,,,73219,,,,,,,0.795267641544342,,,,,,
25,,,73239,,,,,,,0.7365584373474121,,,,,,
25,,,73259,,,,,,,0.6953625679016113,,,,,,
25,,,73279,,,,,,,0.6947492957115173,,,,,,
25,,,73299,,,,,,,1.076841115951538,,,,,,
25,,,73319,,,,,,,0.7907152771949768,,,,,,
25,,,73339,,,,,,,0.8929667472839355,,,,,,
25,,,73359,,,,,,,0.7660132050514221,,,,,,
25,,,73379,,,,,,,0.7238752841949463,,,,,,
25,,,73399,,,,,,,2.3211324214935303,,,,,,
25,,,73419,,,,,,,0.7657764554023743,,,,,,
25,,,73439,,,,,,,0.7683937549591064,,,,,,
25,,,73459,,,,,,,0.887656033039093,,,,,,
25,,,73479,,,,,,,0.8643195629119873,,,,,,
25,,,73499,,,,,,,0.7836447954177856,,,,,,
25,,,73519,,,,,,,0.8103370070457458,,,,,,
25,,,73539,,,,,,,0.7376725673675537,,,,,,
25,,,73559,,,,,,,0.5303887128829956,,,,,,
25,,,73579,,,,,,,0.6158219575881958,,,,,,
25,,,73599,,,,,,,0.6917626857757568,,,,,,
25,,,73619,,,,,,,0.8062063455581665,,,,,,
25,,,73639,,,,,,,1.0635285377502441,,,,,,
25,,,73659,,,,,,,0.9498904943466187,,,,,,
25,,,73679,,,,,,,1.0615277290344238,,,,,,
25,,,73699,,,,,,,0.7975909113883972,,,,,,
25,,,73719,,,,,,,0.5441278219223022,,,,,,
25,,,73739,,,,,,,1.1438729763031006,,,,,,
25,,,73759,,,,,,,0.643427312374115,,,,,,
25,,,73779,,,,,,,0.688115656375885,,,,,,
25,,,73799,,,,,,,0.7026523947715759,,,,,,
25,,,73819,,,,,,,0.9346939325332642,,,,,,
25,,,73839,,,,,,,0.7591578960418701,,,,,,
25,,,73859,,,,,,,0.751768946647644,,,,,,
25,,,73879,,,,,,,0.5823356509208679,,,,,,
25,,,73899,,,,,,,0.6648248434066772,,,,,,
25,,,73919,,,,,,,0.7667981386184692,,,,,,
25,,,73939,,,,,,,0.6987272500991821,,,,,,
25,,,73959,,,,,,,0.5302605628967285,,,,,,
25,,,73979,,,,,,,0.9095286130905151,,,,,,
25,,,73999,,,,,,,0.5084587931632996,,,,,,
25,,,74019,,,,,,,0.9317320585250854,,,,,,
25,,,74039,,,,,,,0.8462663888931274,,,,,,
25,,,74059,,,,,,,0.8823278546333313,,,,,,
25,,,74079,,,,,,,0.9592036008834839,,,,,,
25,,,74099,,,,,,,0.5444924831390381,,,,,,
25,,,74119,,,,,,,0.7740120887756348,,,,,,
25,,,74139,,,,,,,0.7843344211578369,,,,,,
25,,,74159,,,,,,,0.716106653213501,,,,,,
25,,,74179,,,,,,,0.5755457282066345,,,,,,
25,,,74199,,,,,,,0.8066151738166809,,,,,,
25,,,74219,,,,,,,0.7448891997337341,,,,,,
25,,,74239,,,,,,,0.7276260852813721,,,,,,
25,,,74259,,,,,,,0.9370666742324829,,,,,,
25,,,74279,,,,,,,1.1171565055847168,,,,,,
25,,,74299,,,,,,,0.8723746538162231,,,,,,
25,,,74319,,,,,,,0.7950481176376343,,,,,,
25,,,74339,,,,,,,1.1974263191223145,,,,,,
25,,,74359,,,,,,,0.5814703702926636,,,,,,
25,,,74379,,,,,,,0.8151624202728271,,,,,,
25,,,74399,,,,,,,0.5815925598144531,,,,,,
25,,,74419,,,,,,,0.41954416036605835,,,,,,
25,,,74439,,,,,,,0.6039285659790039,,,,,,
25,,,74459,,,,,,,0.6928350925445557,,,,,,
25,,,74479,,,,,,,0.7368975281715393,,,,,,
25,,,74499,,,,,,,0.8750407695770264,,,,,,
25,,,74519,,,,,,,0.734111487865448,,,,,,
25,,,74539,,,,,,,0.8938605189323425,,,,,,
25,,,74559,,,,,,,0.5516577959060669,,,,,,
25,,,74579,,,,,,,0.8022847175598145,,,,,,
25,,,74599,,,,,,,0.7521039247512817,,,,,,
25,,,74619,,,,,,,1.3828229904174805,,,,,,
25,,,74619,,,,,,,,0.34875473380088806,0.2919614911079407,10.696127891540527,0.17614993453025818,0.34882187843322754,0.34875473380088806
25,,,74619,,,,,0.7436189651489258,0.793463408946991,,,,,,,
,0.00013923368202403943,0.00013923368202403943,74620,,,,,,,,,,,,,
26,,,74639,,,,,,,0.741339921951294,,,,,,
26,,,74659,,,,,,,0.8934071660041809,,,,,,
26,,,74679,,,,,,,0.6479141116142273,,,,,,
26,,,74699,,,,,,,1.0756762027740479,,,,,,
26,,,74719,,,,,,,0.6625775694847107,,,,,,
26,,,74739,,,,,,,0.8356081247329712,,,,,,
26,,,74759,,,,,,,0.8243891000747681,,,,,,
26,,,74779,,,,,,,0.5513674020767212,,,,,,
26,,,74799,,,,,,,0.9647945165634155,,,,,,
26,,,74819,,,,,,,0.6812819242477417,,,,,,
26,,,74839,,,,,,,0.568283200263977,,,,,,
26,,,74859,,,,,,,0.8759059309959412,,,,,,
26,,,74879,,,,,,,0.8740809559822083,,,,,,
26,,,74899,,,,,,,0.9953905344009399,,,,,,
26,,,74919,,,,,,,0.6679396629333496,,,,,,
26,,,74939,,,,,,,0.7122935652732849,,,,,,
26,,,74959,,,,,,,0.7803622484207153,,,,,,
26,,,74979,,,,,,,0.8263400197029114,,,,,,
26,,,74999,,,,,,,0.9789960980415344,,,,,,
26,,,75019,,,,,,,0.9792124032974243,,,,,,
26,,,75039,,,,,,,0.6318955421447754,,,,,,
26,,,75059,,,,,,,0.5837925672531128,,,,,,
26,,,75079,,,,,,,0.5393196940422058,,,,,,
26,,,75099,,,,,,,0.5826565027236938,,,,,,
26,,,75119,,,,,,,1.1357767581939697,,,,,,
26,,,75139,,,,,,,0.8778303265571594,,,,,,
26,,,75159,,,,,,,0.9037919640541077,,,,,,
26,,,75179,,,,,,,0.8263375759124756,,,,,,
26,,,75199,,,,,,,0.7982497215270996,,,,,,
26,,,75219,,,,,,,0.7506060004234314,,,,,,
26,,,75239,,,,,,,0.729869544506073,,,,,,
26,,,75259,,,,,,,0.4647531509399414,,,,,,
26,,,75279,,,,,,,0.8603374361991882,,,,,,
26,,,75299,,,,,,,0.6176567077636719,,,,,,
26,,,75319,,,,,,,1.8328837156295776,,,,,,
26,,,75339,,,,,,,1.4258008003234863,,,,,,
26,,,75359,,,,,,,0.9039700627326965,,,,,,
26,,,75379,,,,,,,0.7091339826583862,,,,,,
26,,,75399,,,,,,,0.6970435380935669,,,,,,
26,,,75419,,,,,,,1.0600084066390991,,,,,,
26,,,75439,,,,,,,0.6855835318565369,,,,,,
26,,,75459,,,,,,,0.7057767510414124,,,,,,
26,,,75479,,,,,,,0.8274844884872437,,,,,,
26,,,75499,,,,,,,0.6556084156036377,,,,,,
26,,,75519,,,,,,,0.8142686486244202,,,,,,
26,,,75539,,,,,,,0.8871970176696777,,,,,,
26,,,75559,,,,,,,0.80943763256073,,,,,,
26,,,75579,,,,,,,0.6758341789245605,,,,,,
26,,,75599,,,,,,,0.8443609476089478,,,,,,
26,,,75619,,,,,,,0.9644733667373657,,,,,,
26,,,75639,,,,,,,0.7750251293182373,,,,,,
26,,,75659,,,,,,,0.5948585271835327,,,,,,
26,,,75679,,,,,,,0.8029013872146606,,,,,,
26,,,75699,,,,,,,0.8985248804092407,,,,,,
26,,,75719,,,,,,,0.9507817029953003,,,,,,
26,,,75739,,,,,,,0.6633601188659668,,,,,,
26,,,75759,,,,,,,0.8307491540908813,,,,,,
26,,,75779,,,,,,,0.6870943307876587,,,,,,
26,,,75799,,,,,,,0.920024573802948,,,,,,
26,,,75819,,,,,,,0.7585130333900452,,,,,,
26,,,75839,,,,,,,0.7114297151565552,,,,,,
26,,,75859,,,,,,,1.004913330078125,,,,,,
26,,,75879,,,,,,,0.9535489082336426,,,,,,
26,,,75899,,,,,,,0.7202415466308594,,,,,,
26,,,75919,,,,,,,0.7198245525360107,,,,,,
26,,,75939,,,,,,,1.1824355125427246,,,,,,
26,,,75959,,,,,,,0.5361447334289551,,,,,,
26,,,75979,,,,,,,0.658820629119873,,,,,,
26,,,75999,,,,,,,0.7830089330673218,,,,,,
26,,,76019,,,,,,,0.8910880088806152,,,,,,
26,,,76039,,,,,,,0.8177607655525208,,,,,,
26,,,76059,,,,,,,0.8409021496772766,,,,,,
26,,,76079,,,,,,,0.8729716539382935,,,,,,
26,,,76099,,,,,,,0.6392019391059875,,,,,,
26,,,76119,,,,,,,0.6944747567176819,,,,,,
26,,,76139,,,,,,,0.7069665193557739,,,,,,
26,,,76159,,,,,,,0.8040090799331665,,,,,,
26,,,76179,,,,,,,0.7857666015625,,,,,,
26,,,76199,,,,,,,0.8318436741828918,,,,,,
26,,,76219,,,,,,,0.6556904315948486,,,,,,
26,,,76239,,,,,,,0.6979964375495911,,,,,,
26,,,76259,,,,,,,0.6844295263290405,,,,,,
26,,,76279,,,,,,,0.7542122602462769,,,,,,
26,,,76299,,,,,,,0.8426133394241333,,,,,,
26,,,76319,,,,,,,0.7185486555099487,,,,,,
26,,,76339,,,,,,,1.5221147537231445,,,,,,
26,,,76359,,,,,,,0.7476954460144043,,,,,,
26,,,76379,,,,,,,1.1295416355133057,,,,,,
26,,,76399,,,,,,,0.7291872501373291,,,,,,
26,,,76419,,,,,,,0.5784507989883423,,,,,,
26,,,76439,,,,,,,0.8233898878097534,,,,,,
26,,,76459,,,,,,,0.9082911014556885,,,,,,
26,,,76479,,,,,,,0.732059121131897,,,,,,
26,,,76499,,,,,,,0.8441178798675537,,,,,,
26,,,76519,,,,,,,0.5622478723526001,,,,,,
26,,,76539,,,,,,,1.1503331661224365,,,,,,
26,,,76559,,,,,,,0.6484586000442505,,,,,,
26,,,76579,,,,,,,0.5337367057800293,,,,,,
26,,,76599,,,,,,,0.4847716689109802,,,,,,
26,,,76619,,,,,,,0.8341480493545532,,,,,,
26,,,76639,,,,,,,0.8254660964012146,,,,,,
26,,,76659,,,,,,,0.8140031695365906,,,,,,
26,,,76679,,,,,,,0.6253558397293091,,,,,,
26,,,76699,,,,,,,0.8627614974975586,,,,,,
26,,,76719,,,,,,,0.7083728313446045,,,,,,
26,,,76739,,,,,,,0.8126436471939087,,,,,,
26,,,76759,,,,,,,0.8042807579040527,,,,,,
26,,,76779,,,,,,,0.7642054557800293,,,,,,
26,,,76799,,,,,,,0.8708478808403015,,,,,,
26,,,76819,,,,,,,0.8275312185287476,,,,,,
26,,,76839,,,,,,,0.9524688124656677,,,,,,
26,,,76859,,,,,,,0.8504940271377563,,,,,,
26,,,76879,,,,,,,0.7956193685531616,,,,,,
26,,,76899,,,,,,,0.7314861416816711,,,,,,
26,,,76919,,,,,,,0.9533851146697998,,,,,,
26,,,76939,,,,,,,0.6548178791999817,,,,,,
26,,,76959,,,,,,,0.7092795968055725,,,,,,
26,,,76979,,,,,,,0.7489169239997864,,,,,,
26,,,76999,,,,,,,1.1251989603042603,,,,,,
26,,,77019,,,,,,,0.581475555896759,,,,,,
26,,,77039,,,,,,,0.7866254448890686,,,,,,
26,,,77059,,,,,,,0.6431652307510376,,,,,,
26,,,77079,,,,,,,0.7199143171310425,,,,,,
26,,,77099,,,,,,,0.7401408553123474,,,,,,
26,,,77119,,,,,,,0.5087381601333618,,,,,,
26,,,77139,,,,,,,0.737769603729248,,,,,,
26,,,77159,,,,,,,0.7021679282188416,,,,,,
26,,,77179,,,,,,,0.5764545202255249,,,,,,
26,,,77199,,,,,,,1.0151500701904297,,,,,,
26,,,77219,,,,,,,0.7114948034286499,,,,,,
26,,,77239,,,,,,,0.6097308397293091,,,,,,
26,,,77259,,,,,,,0.5936571359634399,,,,,,
26,,,77279,,,,,,,0.6768476366996765,,,,,,
26,,,77299,,,,,,,0.9331797361373901,,,,,,
26,,,77319,,,,,,,0.9131901264190674,,,,,,
26,,,77339,,,,,,,0.884963870048523,,,,,,
26,,,77359,,,,,,,0.9901320934295654,,,,,,
26,,,77379,,,,,,,0.7373758554458618,,,,,,
26,,,77399,,,,,,,0.6816403269767761,,,,,,
26,,,77419,,,,,,,0.9110605120658875,,,,,,
26,,,77439,,,,,,,1.011611819267273,,,,,,
26,,,77459,,,,,,,0.8177257776260376,,,,,,
26,,,77479,,,,,,,0.6542716026306152,,,,,,
26,,,77489,,,,,,,,0.35647743940353394,0.2932898998260498,10.263599395751953,0.19027060270309448,0.3634013235569,0.35647743940353394
26,,,77489,,,,,0.7445557713508606,0.7917948961257935,,,,,,,
,0.00013780141129270368,0.00013780141129270368,77490,,,,,,,,,,,,,
27,,,77499,,,,,,,1.248502254486084,,,,,,
27,,,77519,,,,,,,0.7898008823394775,,,,,,
27,,,77539,,,,,,,1.011469841003418,,,,,,
27,,,77559,,,,,,,0.6721158027648926,,,,,,
27,,,77579,,,,,,,0.8222386837005615,,,,,,
27,,,77599,,,,,,,0.7109395265579224,,,,,,
27,,,77619,,,,,,,0.6664568185806274,,,,,,
27,,,77639,,,,,,,0.8857967257499695,,,,,,
27,,,77659,,,,,,,0.566137433052063,,,,,,
27,,,77679,,,,,,,0.8215815424919128,,,,,,
27,,,77699,,,,,,,0.8887943625450134,,,,,,
27,,,77719,,,,,,,0.6124798059463501,,,,,,
27,,,77739,,,,,,,0.8266263008117676,,,,,,
27,,,77759,,,,,,,0.9113055467605591,,,,,,
27,,,77779,,,,,,,0.7964668869972229,,,,,,
27,,,77799,,,,,,,0.8303680419921875,,,,,,
27,,,77819,,,,,,,0.8648847341537476,,,,,,
27,,,77839,,,,,,,0.6081856489181519,,,,,,
27,,,77859,,,,,,,0.79655921459198,,,,,,
27,,,77879,,,,,,,0.7717214822769165,,,,,,
27,,,77899,,,,,,,0.7584538459777832,,,,,,
27,,,77919,,,,,,,1.2411986589431763,,,,,,
27,,,77939,,,,,,,0.66981041431427,,,,,,
27,,,77959,,,,,,,0.6619129180908203,,,,,,
27,,,77979,,,,,,,0.7661441564559937,,,,,,
27,,,77999,,,,,,,0.8461046814918518,,,,,,
27,,,78019,,,,,,,0.9811692237854004,,,,,,
27,,,78039,,,,,,,0.7734009027481079,,,,,,
27,,,78059,,,,,,,0.8444721698760986,,,,,,
27,,,78079,,,,,,,0.5906410217285156,,,,,,
27,,,78099,,,,,,,1.0676453113555908,,,,,,
27,,,78119,,,,,,,0.9371294975280762,,,,,,
27,,,78139,,,,,,,0.6418725252151489,,,,,,
27,,,78159,,,,,,,0.7678093910217285,,,,,,
27,,,78179,,,,,,,1.031675100326538,,,,,,
27,,,78199,,,,,,,0.920499324798584,,,,,,
27,,,78219,,,,,,,0.6717711687088013,,,,,,
27,,,78239,,,,,,,1.1205263137817383,,,,,,
27,,,78259,,,,,,,0.9702552556991577,,,,,,
27,,,78279,,,,,,,0.575069785118103,,,,,,
27,,,78299,,,,,,,0.8929294347763062,,,,,,
27,,,78319,,,,,,,0.7546461820602417,,,,,,
27,,,78339,,,,,,,0.8719674944877625,,,,,,
27,,,78359,,,,,,,0.8722081184387207,,,,,,
27,,,78379,,,,,,,0.9136829376220703,,,,,,
27,,,78399,,,,,,,0.6669142842292786,,,,,,
27,,,78419,,,,,,,0.7180283069610596,,,,,,
27,,,78439,,,,,,,0.8414281010627747,,,,,,
27,,,78459,,,,,,,0.7858103513717651,,,,,,
27,,,78479,,,,,,,0.8287413120269775,,,,,,
27,,,78499,,,,,,,0.46517834067344666,,,,,,
27,,,78519,,,,,,,0.7368155717849731,,,,,,
27,,,78539,,,,,,,0.5263633131980896,,,,,,
27,,,78559,,,,,,,0.8272662162780762,,,,,,
27,,,78579,,,,,,,0.84259033203125,,,,,,
27,,,78599,,,,,,,0.6666438579559326,,,,,,
27,,,78619,,,,,,,0.6479024291038513,,,,,,
27,,,78639,,,,,,,1.0118328332901,,,,,,
27,,,78659,,,,,,,0.796252429485321,,,,,,
27,,,78679,,,,,,,1.0314899682998657,,,,,,
27,,,78699,,,,,,,0.7732712626457214,,,,,,
27,,,78719,,,,,,,0.4590780735015869,,,,,,
27,,,78739,,,,,,,0.8751022815704346,,,,,,
27,,,78759,,,,,,,0.6959637403488159,,,,,,
27,,,78779,,,,,,,0.7957115769386292,,,,,,
27,,,78799,,,,,,,0.9380804300308228,,,,,,
27,,,78819,,,,,,,0.643612265586853,,,,,,
27,,,78839,,,,,,,0.7592968344688416,,,,,,
27,,,78859,,,,,,,0.6906436085700989,,,,,,
27,,,78879,,,,,,,0.9016956090927124,,,,,,
27,,,78899,,,,,,,0.6681551337242126,,,,,,
27,,,78919,,,,,,,1.1301740407943726,,,,,,
27,,,78939,,,,,,,0.7377440333366394,,,,,,
27,,,78959,,,,,,,0.6644335985183716,,,,,,
27,,,78979,,,,,,,1.2640771865844727,,,,,,
27,,,78999,,,,,,,0.9942241907119751,,,,,,
27,,,79019,,,,,,,0.8712452054023743,,,,,,
27,,,79039,,,,,,,0.8176779747009277,,,,,,
27,,,79059,,,,,,,0.6567387580871582,,,,,,
27,,,79079,,,,,,,1.1669851541519165,,,,,,
27,,,79099,,,,,,,0.8806912899017334,,,,,,
27,,,79119,,,,,,,0.7759655117988586,,,,,,
27,,,79139,,,,,,,0.7401911020278931,,,,,,
27,,,79159,,,,,,,0.8280621767044067,,,,,,
27,,,79179,,,,,,,0.8050091862678528,,,,,,
27,,,79199,,,,,,,0.5530916452407837,,,,,,
27,,,79219,,,,,,,0.659775972366333,,,,,,
27,,,79239,,,,,,,0.6779952049255371,,,,,,
27,,,79259,,,,,,,0.9453009366989136,,,,,,
27,,,79279,,,,,,,0.884789228439331,,,,,,
27,,,79299,,,,,,,0.9024538993835449,,,,,,
27,,,79319,,,,,,,0.7784875631332397,,,,,,
27,,,79339,,,,,,,0.7098008394241333,,,,,,
27,,,79359,,,,,,,0.6599986553192139,,,,,,
27,,,79379,,,,,,,0.9047631025314331,,,,,,
27,,,79399,,,,,,,1.0882458686828613,,,,,,
27,,,79419,,,,,,,0.7132419943809509,,,,,,
27,,,79439,,,,,,,1.0371191501617432,,,,,,
27,,,79459,,,,,,,0.9424504041671753,,,,,,
27,,,79479,,,,,,,0.9173949956893921,,,,,,
27,,,79499,,,,,,,0.7085786461830139,,,,,,
27,,,79519,,,,,,,0.6622647047042847,,,,,,
27,,,79539,,,,,,,0.8539251685142517,,,,,,
27,,,79559,,,,,,,0.770713746547699,,,,,,
27,,,79579,,,,,,,0.7261279225349426,,,,,,
27,,,79599,,,,,,,0.7018185257911682,,,,,,
27,,,79619,,,,,,,0.7349745035171509,,,,,,
27,,,79639,,,,,,,0.6353285908699036,,,,,,
27,,,79659,,,,,,,0.5972598791122437,,,,,,
27,,,79679,,,,,,,0.6032606959342957,,,,,,
27,,,79699,,,,,,,0.9201194047927856,,,,,,
27,,,79719,,,,,,,0.7399501800537109,,,,,,
27,,,79739,,,,,,,0.6087921261787415,,,,,,
27,,,79759,,,,,,,0.7553377747535706,,,,,,
27,,,79779,,,,,,,0.7846043109893799,,,,,,
27,,,79799,,,,,,,1.0797079801559448,,,,,,
27,,,79819,,,,,,,0.8290479183197021,,,,,,
27,,,79839,,,,,,,0.588948667049408,,,,,,
27,,,79859,,,,,,,0.9676943421363831,,,,,,
27,,,79879,,,,,,,0.6175795793533325,,,,,,
27,,,79899,,,,,,,0.5938791632652283,,,,,,
27,,,79919,,,,,,,0.7382233738899231,,,,,,
27,,,79939,,,,,,,0.960209846496582,,,,,,
27,,,79959,,,,,,,0.8496513366699219,,,,,,
27,,,79979,,,,,,,0.818190336227417,,,,,,
27,,,79999,,,,,,,0.830459713935852,,,,,,
27,,,80019,,,,,,,0.6313890218734741,,,,,,
27,,,80039,,,,,,,0.7429214119911194,,,,,,
27,,,80059,,,,,,,0.6175190806388855,,,,,,
27,,,80079,,,,,,,0.5893115997314453,,,,,,
27,,,80099,,,,,,,0.7170072793960571,,,,,,
27,,,80119,,,,,,,0.5839986801147461,,,,,,
27,,,80139,,,,,,,0.5617045760154724,,,,,,
27,,,80159,,,,,,,0.8417361974716187,,,,,,
27,,,80179,,,,,,,0.6145166158676147,,,,,,
27,,,80199,,,,,,,0.8466526865959167,,,,,,
27,,,80219,,,,,,,0.7871698141098022,,,,,,
27,,,80239,,,,,,,0.6638731360435486,,,,,,
27,,,80259,,,,,,,0.5937412977218628,,,,,,
27,,,80279,,,,,,,0.7387752532958984,,,,,,
27,,,80299,,,,,,,0.8659485578536987,,,,,,
27,,,80319,,,,,,,1.0303266048431396,,,,,,
27,,,80339,,,,,,,0.7756413221359253,,,,,,
27,,,80359,,,,,,,0.9999518394470215,,,,,,
27,,,80359,,,,,,,,0.341488778591156,0.2765323519706726,10.119586944580078,0.17732687294483185,0.3757266700267792,0.341488778591156
27,,,80359,,,,,0.7447298169136047,0.7817791700363159,,,,,,,
,0.00013629304209924914,0.00013629304209924914,80360,,,,,,,,,,,,,
28,,,80379,,,,,,,0.8569763898849487,,,,,,
28,,,80399,,,,,,,0.7339376211166382,,,,,,
28,,,80419,,,,,,,0.9692730903625488,,,,,,
28,,,80439,,,,,,,0.6780402660369873,,,,,,
28,,,80459,,,,,,,0.998851478099823,,,,,,
28,,,80479,,,,,,,0.6671434640884399,,,,,,
28,,,80499,,,,,,,0.7214517593383789,,,,,,
28,,,80519,,,,,,,0.5449880957603455,,,,,,
28,,,80539,,,,,,,0.7373145222663879,,,,,,
28,,,80559,,,,,,,0.9082995653152466,,,,,,
28,,,80579,,,,,,,0.5406280159950256,,,,,,
28,,,80599,,,,,,,0.7100751399993896,,,,,,
28,,,80619,,,,,,,0.7191944718360901,,,,,,
28,,,80639,,,,,,,0.8229057192802429,,,,,,
28,,,80659,,,,,,,0.9389415979385376,,,,,,
28,,,80679,,,,,,,0.9294579029083252,,,,,,
28,,,80699,,,,,,,0.5348827838897705,,,,,,
28,,,80719,,,,,,,0.783650279045105,,,,,,
28,,,80739,,,,,,,0.757086455821991,,,,,,
28,,,80759,,,,,,,0.675186812877655,,,,,,
28,,,80779,,,,,,,0.6946413516998291,,,,,,
28,,,80799,,,,,,,0.7514688968658447,,,,,,
28,,,80819,,,,,,,0.5965657830238342,,,,,,
28,,,80839,,,,,,,0.7735053300857544,,,,,,
28,,,80859,,,,,,,0.7377822399139404,,,,,,
28,,,80879,,,,,,,0.623873233795166,,,,,,
28,,,80899,,,,,,,0.6330971717834473,,,,,,
28,,,80919,,,,,,,0.6869757771492004,,,,,,
28,,,80939,,,,,,,0.8312885761260986,,,,,,
28,,,80959,,,,,,,1.0176117420196533,,,,,,
28,,,80979,,,,,,,0.666606605052948,,,,,,
28,,,80999,,,,,,,1.9033066034317017,,,,,,
28,,,81019,,,,,,,0.8178761601448059,,,,,,
28,,,81039,,,,,,,0.8121999502182007,,,,,,
28,,,81059,,,,,,,0.6787711977958679,,,,,,
28,,,81079,,,,,,,0.704777717590332,,,,,,
28,,,81099,,,,,,,0.8261348605155945,,,,,,
28,,,81119,,,,,,,0.5629979372024536,,,,,,
28,,,81139,,,,,,,0.8044798374176025,,,,,,
28,,,81159,,,,,,,1.0174610614776611,,,,,,
28,,,81179,,,,,,,0.8452824950218201,,,,,,
28,,,81199,,,,,,,0.8007583618164062,,,,,,
28,,,81219,,,,,,,0.8188531398773193,,,,,,
28,,,81239,,,,,,,0.7480953335762024,,,,,,
28,,,81259,,,,,,,1.0998140573501587,,,,,,
28,,,81279,,,,,,,0.6671596169471741,,,,,,
28,,,81299,,,,,,,0.6338526010513306,,,,,,
28,,,81319,,,,,,,0.8171194791793823,,,,,,
28,,,81339,,,,,,,0.7502708435058594,,,,,,
28,,,81359,,,,,,,0.7914633750915527,,,,,,
28,,,81379,,,,,,,0.8612340688705444,,,,,,
28,,,81399,,,,,,,0.700175404548645,,,,,,
28,,,81419,,,,,,,0.8464319705963135,,,,,,
28,,,81439,,,,,,,1.618105173110962,,,,,,
28,,,81459,,,,,,,0.7499240636825562,,,,,,
28,,,81479,,,,,,,0.7579624652862549,,,,,,
28,,,81499,,,,,,,0.7571600079536438,,,,,,
28,,,81519,,,,,,,0.8398734331130981,,,,,,
28,,,81539,,,,,,,0.9624990224838257,,,,,,
28,,,81559,,,,,,,0.5942891836166382,,,,,,
28,,,81579,,,,,,,0.7158752679824829,,,,,,
28,,,81599,,,,,,,0.8001712560653687,,,,,,
28,,,81619,,,,,,,1.0106345415115356,,,,,,
28,,,81639,,,,,,,1.0829116106033325,,,,,,
28,,,81659,,,,,,,0.5092431306838989,,,,,,
28,,,81679,,,,,,,0.611534059047699,,,,,,
28,,,81699,,,,,,,0.8750807046890259,,,,,,
28,,,81719,,,,,,,0.7231612205505371,,,,,,
28,,,81739,,,,,,,0.6683738827705383,,,,,,
28,,,81759,,,,,,,0.7061178088188171,,,,,,
28,,,81779,,,,,,,0.5380887389183044,,,,,,
28,,,81799,,,,,,,0.6827499866485596,,,,,,
28,,,81819,,,,,,,0.871914267539978,,,,,,
28,,,81839,,,,,,,0.872308611869812,,,,,,
28,,,81859,,,,,,,0.6763893365859985,,,,,,
28,,,81879,,,,,,,0.6607778072357178,,,,,,
28,,,81899,,,,,,,0.9677994251251221,,,,,,
28,,,81919,,,,,,,0.6636485457420349,,,,,,
28,,,81939,,,,,,,0.770072877407074,,,,,,
28,,,81959,,,,,,,0.6137538552284241,,,,,,
28,,,81979,,,,,,,0.8802329897880554,,,,,,
28,,,81999,,,,,,,0.7553339600563049,,,,,,
28,,,82019,,,,,,,0.9193985462188721,,,,,,
28,,,82039,,,,,,,0.7071967124938965,,,,,,
28,,,82059,,,,,,,0.6756159067153931,,,,,,
28,,,82079,,,,,,,0.6950409412384033,,,,,,
28,,,82099,,,,,,,0.8553189635276794,,,,,,
28,,,82119,,,,,,,0.8619627952575684,,,,,,
28,,,82139,,,,,,,0.6025294065475464,,,,,,
28,,,82159,,,,,,,0.9433737397193909,,,,,,
28,,,82179,,,,,,,0.966850996017456,,,,,,
28,,,82199,,,,,,,1.0908381938934326,,,,,,
28,,,82219,,,,,,,0.6170320510864258,,,,,,
28,,,82239,,,,,,,0.6625260710716248,,,,,,
28,,,82259,,,,,,,0.6960669755935669,,,,,,
28,,,82279,,,,,,,0.8799275159835815,,,,,,
28,,,82299,,,,,,,0.6831377744674683,,,,,,
28,,,82319,,,,,,,0.7610291242599487,,,,,,
28,,,82339,,,,,,,0.7567504644393921,,,,,,
28,,,82359,,,,,,,0.6621516346931458,,,,,,
28,,,82379,,,,,,,0.810575544834137,,,,,,
28,,,82399,,,,,,,0.6685101985931396,,,,,,
28,,,82419,,,,,,,0.68394935131073,,,,,,
28,,,82439,,,,,,,0.6987602710723877,,,,,,
28,,,82459,,,,,,,0.5056530833244324,,,,,,
28,,,82479,,,,,,,0.6993985176086426,,,,,,
28,,,82499,,,,,,,0.8969796299934387,,,,,,
28,,,82519,,,,,,,0.4237804114818573,,,,,,
28,,,82539,,,,,,,0.9183453321456909,,,,,,
28,,,82559,,,,,,,0.748698353767395,,,,,,
28,,,82579,,,,,,,0.8460991382598877,,,,,,
28,,,82599,,,,,,,0.7355455160140991,,,,,,
28,,,82619,,,,,,,0.9793180823326111,,,,,,
28,,,82639,,,,,,,0.7099941968917847,,,,,,
28,,,82659,,,,,,,0.7711380124092102,,,,,,
28,,,82679,,,,,,,0.8348572254180908,,,,,,
28,,,82699,,,,,,,0.7555034756660461,,,,,,
28,,,82719,,,,,,,0.865239143371582,,,,,,
28,,,82739,,,,,,,0.7418474555015564,,,,,,
28,,,82759,,,,,,,0.5695854425430298,,,,,,
28,,,82779,,,,,,,0.7675396203994751,,,,,,
28,,,82799,,,,,,,0.8479830026626587,,,,,,
28,,,82819,,,,,,,0.7242405414581299,,,,,,
28,,,82839,,,,,,,0.5748891830444336,,,,,,
28,,,82859,,,,,,,0.8390948176383972,,,,,,
28,,,82879,,,,,,,0.8321068286895752,,,,,,
28,,,82899,,,,,,,0.8138142228126526,,,,,,
28,,,82919,,,,,,,0.7031766772270203,,,,,,
28,,,82939,,,,,,,0.9554520845413208,,,,,,
28,,,82959,,,,,,,0.6336560249328613,,,,,,
28,,,82979,,,,,,,0.8053474426269531,,,,,,
28,,,82999,,,,,,,0.6673521995544434,,,,,,
28,,,83019,,,,,,,0.8915122747421265,,,,,,
28,,,83039,,,,,,,0.8930909633636475,,,,,,
28,,,83059,,,,,,,0.7553703188896179,,,,,,
28,,,83079,,,,,,,0.6053674221038818,,,,,,
28,,,83099,,,,,,,0.5755488872528076,,,,,,
28,,,83119,,,,,,,0.667271614074707,,,,,,
28,,,83139,,,,,,,0.5216176509857178,,,,,,
28,,,83159,,,,,,,0.661212682723999,,,,,,
28,,,83179,,,,,,,0.8137246370315552,,,,,,
28,,,83199,,,,,,,0.6687783002853394,,,,,,
28,,,83219,,,,,,,0.8698513507843018,,,,,,
28,,,83229,,,,,,,,0.35697484016418457,0.29528310894966125,10.759843826293945,0.18354439735412598,0.35077160596847534,0.35697484016418457
28,,,83229,,,,,0.7450347542762756,0.7829754948616028,,,,,,,
,0.00013471041215919156,0.00013471041215919156,83230,,,,,,,,,,,,,
29,,,83239,,,,,,,0.7845228910446167,,,,,,
29,,,83259,,,,,,,0.8418154716491699,,,,,,
29,,,83279,,,,,,,0.9569516181945801,,,,,,
29,,,83299,,,,,,,0.4946668744087219,,,,,,
29,,,83319,,,,,,,1.037804126739502,,,,,,
29,,,83339,,,,,,,1.0848058462142944,,,,,,
29,,,83359,,,,,,,0.9247751832008362,,,,,,
29,,,83379,,,,,,,0.8402712345123291,,,,,,
29,,,83399,,,,,,,0.6074621677398682,,,,,,
29,,,83419,,,,,,,0.6133254766464233,,,,,,
29,,,83439,,,,,,,0.8521856069564819,,,,,,
29,,,83459,,,,,,,2.0307517051696777,,,,,,
29,,,83479,,,,,,,0.6667487621307373,,,,,,
29,,,83499,,,,,,,0.7907784581184387,,,,,,
29,,,83519,,,,,,,0.7968531847000122,,,,,,
29,,,83539,,,,,,,0.9319002628326416,,,,,,
29,,,83559,,,,,,,0.8157411217689514,,,,,,
29,,,83579,,,,,,,0.6504269242286682,,,,,,
29,,,83599,,,,,,,0.990975022315979,,,,,,
29,,,83619,,,,,,,0.5812393426895142,,,,,,
29,,,83639,,,,,,,0.7036260962486267,,,,,,
29,,,83659,,,,,,,0.5295054912567139,,,,,,
29,,,83679,,,,,,,0.5724831223487854,,,,,,
29,,,83699,,,,,,,0.8725426197052002,,,,,,
29,,,83719,,,,,,,0.6752668619155884,,,,,,
29,,,83739,,,,,,,0.8926713466644287,,,,,,
29,,,83759,,,,,,,0.5692952275276184,,,,,,
29,,,83779,,,,,,,1.134519100189209,,,,,,
29,,,83799,,,,,,,0.8955414295196533,,,,,,
29,,,83819,,,,,,,0.670935332775116,,,,,,
29,,,83839,,,,,,,0.6949752569198608,,,,,,
29,,,83859,,,,,,,0.6043906211853027,,,,,,
29,,,83879,,,,,,,1.0098717212677002,,,,,,
29,,,83899,,,,,,,0.7964673042297363,,,,,,
29,,,83919,,,,,,,0.8261688947677612,,,,,,
29,,,83939,,,,,,,0.6061673760414124,,,,,,
29,,,83959,,,,,,,0.7023493051528931,,,,,,
29,,,83979,,,,,,,0.7548366189002991,,,,,,
29,,,83999,,,,,,,0.7018750309944153,,,,,,
29,,,84019,,,,,,,0.6482046842575073,,,,,,
29,,,84039,,,,,,,0.7898388504981995,,,,,,
29,,,84059,,,,,,,0.7730202078819275,,,,,,
29,,,84079,,,,,,,0.685328483581543,,,,,,
29,,,84099,,,,,,,0.6118613481521606,,,,,,
29,,,84119,,,,,,,0.6763455867767334,,,,,,
29,,,84139,,,,,,,0.6097420454025269,,,,,,
29,,,84159,,,,,,,0.7400758266448975,,,,,,
29,,,84179,,,,,,,0.706530749797821,,,,,,
29,,,84199,,,,,,,0.9937177300453186,,,,,,
29,,,84219,,,,,,,0.8146291971206665,,,,,,
29,,,84239,,,,,,,1.0594050884246826,,,,,,
29,,,84259,,,,,,,0.5476871728897095,,,,,,
29,,,84279,,,,,,,1.097245693206787,,,,,,
29,,,84299,,,,,,,0.854571521282196,,,,,,
29,,,84319,,,,,,,0.9042054414749146,,,,,,
29,,,84339,,,,,,,0.8373841643333435,,,,,,
29,,,84359,,,,,,,0.8600356578826904,,,,,,
29,,,84379,,,,,,,0.6512817144393921,,,,,,
29,,,84399,,,,,,,0.7292363047599792,,,,,,
29,,,84419,,,,,,,0.8826625347137451,,,,,,
29,,,84439,,,,,,,1.0086266994476318,,,,,,
29,,,84459,,,,,,,0.5902771949768066,,,,,,
29,,,84479,,,,,,,0.6017532348632812,,,,,,
29,,,84499,,,,,,,0.4920670986175537,,,,,,
29,,,84519,,,,,,,0.9844615459442139,,,,,,
29,,,84539,,,,,,,0.8285895586013794,,,,,,
29,,,84559,,,,,,,0.8087834119796753,,,,,,
29,,,84579,,,,,,,0.6129753589630127,,,,,,
29,,,84599,,,,,,,0.6967535018920898,,,,,,
29,,,84619,,,,,,,0.7249941825866699,,,,,,
29,,,84639,,,,,,,0.500251054763794,,,,,,
29,,,84659,,,,,,,0.7207372188568115,,,,,,
29,,,84679,,,,,,,0.7418832778930664,,,,,,
29,,,84699,,,,,,,0.6953092813491821,,,,,,
29,,,84719,,,,,,,0.7721060514450073,,,,,,
29,,,84739,,,,,,,0.5345590114593506,,,,,,
29,,,84759,,,,,,,0.5914444923400879,,,,,,
29,,,84779,,,,,,,0.7809085845947266,,,,,,
29,,,84799,,,,,,,0.9396125078201294,,,,,,
29,,,84819,,,,,,,0.6905214786529541,,,,,,
29,,,84839,,,,,,,1.095651626586914,,,,,,
29,,,84859,,,,,,,0.8495329022407532,,,,,,
29,,,84879,,,,,,,0.91729736328125,,,,,,
29,,,84899,,,,,,,0.5779803991317749,,,,,,
29,,,84919,,,,,,,0.611572265625,,,,,,
29,,,84939,,,,,,,0.7105364799499512,,,,,,
29,,,84959,,,,,,,1.0121819972991943,,,,,,
29,,,84979,,,,,,,0.9695805311203003,,,,,,
29,,,84999,,,,,,,0.9805368185043335,,,,,,
29,,,85019,,,,,,,0.9855226874351501,,,,,,
29,,,85039,,,,,,,0.5357179641723633,,,,,,
29,,,85059,,,,,,,0.7506789565086365,,,,,,
29,,,85079,,,,,,,0.7707684636116028,,,,,,
29,,,85099,,,,,,,0.8509538173675537,,,,,,
29,,,85119,,,,,,,0.672273576259613,,,,,,
29,,,85139,,,,,,,0.7397537231445312,,,,,,
29,,,85159,,,,,,,0.6913362741470337,,,,,,
29,,,85179,,,,,,,0.7082351446151733,,,,,,
29,,,85199,,,,,,,1.1779828071594238,,,,,,
29,,,85219,,,,,,,0.7256472110748291,,,,,,
29,,,85239,,,,,,,0.8464803695678711,,,,,,
29,,,85259,,,,,,,1.1247825622558594,,,,,,
29,,,85279,,,,,,,0.5349850654602051,,,,,,
29,,,85299,,,,,,,0.6623155474662781,,,,,,
29,,,85319,,,,,,,0.9678017497062683,,,,,,
29,,,85339,,,,,,,1.0844625234603882,,,,,,
29,,,85359,,,,,,,0.9145903587341309,,,,,,
29,,,85379,,,,,,,0.7891630530357361,,,,,,
29,,,85399,,,,,,,0.8579141497612,,,,,,
29,,,85419,,,,,,,0.6788051128387451,,,,,,
29,,,85439,,,,,,,0.7502986192703247,,,,,,
29,,,85459,,,,,,,0.9184107184410095,,,,,,
29,,,85479,,,,,,,0.4133670926094055,,,,,,
29,,,85499,,,,,,,0.8099899291992188,,,,,,
29,,,85519,,,,,,,0.8103798627853394,,,,,,
29,,,85539,,,,,,,0.7046197056770325,,,,,,
29,,,85559,,,,,,,0.9323772192001343,,,,,,
29,,,85579,,,,,,,0.7243010997772217,,,,,,
29,,,85599,,,,,,,0.6614483594894409,,,,,,
29,,,85619,,,,,,,0.9474384188652039,,,,,,
29,,,85639,,,,,,,0.9165393114089966,,,,,,
29,,,85659,,,,,,,0.8098388314247131,,,,,,
29,,,85679,,,,,,,1.0877172946929932,,,,,,
29,,,85699,,,,,,,0.6456561088562012,,,,,,
29,,,85719,,,,,,,0.5268116593360901,,,,,,
29,,,85739,,,,,,,0.6914875507354736,,,,,,
29,,,85759,,,,,,,0.8681256175041199,,,,,,
29,,,85779,,,,,,,0.5265010595321655,,,,,,
29,,,85799,,,,,,,0.6084437370300293,,,,,,
29,,,85819,,,,,,,0.7077994346618652,,,,,,
29,,,85839,,,,,,,0.7398171424865723,,,,,,
29,,,85859,,,,,,,0.7644830942153931,,,,,,
29,,,85879,,,,,,,0.5795609951019287,,,,,,
29,,,85899,,,,,,,0.7555930614471436,,,,,,
29,,,85919,,,,,,,0.5914355516433716,,,,,,
29,,,85939,,,,,,,0.7387521266937256,,,,,,
29,,,85959,,,,,,,0.9930557012557983,,,,,,
29,,,85979,,,,,,,0.8854597806930542,,,,,,
29,,,85999,,,,,,,0.5779486298561096,,,,,,
29,,,86019,,,,,,,0.910103440284729,,,,,,
29,,,86039,,,,,,,0.6431084275245667,,,,,,
29,,,86059,,,,,,,0.8672717809677124,,,,,,
29,,,86079,,,,,,,0.656219482421875,,,,,,
29,,,86099,,,,,,,0.6116237640380859,,,,,,
29,,,86099,,,,,,,,0.34651365876197815,0.27360594272613525,9.729718208312988,0.19332778453826904,0.3886914849281311,0.34651365876197815
29,,,86099,,,,,0.7454706430435181,0.7741863131523132,,,,,,,
,0.00013305544966332752,0.00013305544966332752,86100,,,,,,,,,,,,,
30,,,86119,,,,,,,0.833637535572052,,,,,,
30,,,86139,,,,,,,0.7294990420341492,,,,,,
30,,,86159,,,,,,,0.5523710250854492,,,,,,
30,,,86179,,,,,,,0.7415074110031128,,,,,,
30,,,86199,,,,,,,0.8654406070709229,,,,,,
30,,,86219,,,,,,,0.3661154508590698,,,,,,
30,,,86239,,,,,,,0.5613358020782471,,,,,,
30,,,86259,,,,,,,0.8108500242233276,,,,,,
30,,,86279,,,,,,,0.6729153394699097,,,,,,
30,,,86299,,,,,,,0.5879606008529663,,,,,,
30,,,86319,,,,,,,0.8378939032554626,,,,,,
30,,,86339,,,,,,,0.49844658374786377,,,,,,
30,,,86359,,,,,,,0.7669774293899536,,,,,,
30,,,86379,,,,,,,0.8360101580619812,,,,,,
30,,,86399,,,,,,,1.0795629024505615,,,,,,
30,,,86419,,,,,,,0.9730089902877808,,,,,,
30,,,86439,,,,,,,0.494174063205719,,,,,,
30,,,86459,,,,,,,0.6964856386184692,,,,,,
30,,,86479,,,,,,,0.8875342607498169,,,,,,
30,,,86499,,,,,,,0.6194583773612976,,,,,,
30,,,86519,,,,,,,0.7826589345932007,,,,,,
30,,,86539,,,,,,,1.101611614227295,,,,,,
30,,,86559,,,,,,,0.6198320984840393,,,,,,
30,,,86579,,,,,,,0.7010078430175781,,,,,,
30,,,86599,,,,,,,0.5356085300445557,,,,,,
30,,,86619,,,,,,,1.138729453086853,,,,,,
30,,,86639,,,,,,,0.8611365556716919,,,,,,
30,,,86659,,,,,,,0.6849790811538696,,,,,,
30,,,86679,,,,,,,0.9434632062911987,,,,,,
30,,,86699,,,,,,,0.9130265712738037,,,,,,
30,,,86719,,,,,,,0.6682199239730835,,,,,,
30,,,86739,,,,,,,0.7600780129432678,,,,,,
30,,,86759,,,,,,,0.4366517663002014,,,,,,
30,,,86779,,,,,,,0.9195725917816162,,,,,,
30,,,86799,,,,,,,0.7198429107666016,,,,,,
30,,,86819,,,,,,,0.9412598013877869,,,,,,
30,,,86839,,,,,,,0.6255248785018921,,,,,,
30,,,86859,,,,,,,0.9163020849227905,,,,,,
30,,,86879,,,,,,,0.9789770245552063,,,,,,
30,,,86899,,,,,,,0.8496761322021484,,,,,,
30,,,86919,,,,,,,0.5281221866607666,,,,,,
30,,,86939,,,,,,,0.6941761374473572,,,,,,
30,,,86959,,,,,,,0.8247865438461304,,,,,,
30,,,86979,,,,,,,0.8831313848495483,,,,,,
30,,,86999,,,,,,,0.665347158908844,,,,,,
30,,,87019,,,,,,,0.6218245029449463,,,,,,
30,,,87039,,,,,,,0.49566951394081116,,,,,,
30,,,87059,,,,,,,1.252502202987671,,,,,,
30,,,87079,,,,,,,0.760579526424408,,,,,,
30,,,87099,,,,,,,0.8258780241012573,,,,,,
30,,,87119,,,,,,,0.5467586517333984,,,,,,
30,,,87139,,,,,,,0.5868662595748901,,,,,,
30,,,87159,,,,,,,0.870147168636322,,,,,,
30,,,87179,,,,,,,0.6780146360397339,,,,,,
30,,,87199,,,,,,,0.9616862535476685,,,,,,
30,,,87219,,,,,,,0.7819924354553223,,,,,,
30,,,87239,,,,,,,0.8531404733657837,,,,,,
30,,,87259,,,,,,,0.9843786954879761,,,,,,
30,,,87279,,,,,,,0.5279662013053894,,,,,,
30,,,87299,,,,,,,0.9672557711601257,,,,,,
30,,,87319,,,,,,,0.8553159832954407,,,,,,
30,,,87339,,,,,,,1.4120876789093018,,,,,,
30,,,87359,,,,,,,0.869101345539093,,,,,,
30,,,87379,,,,,,,0.9895329475402832,,,,,,
30,,,87399,,,,,,,0.7987526059150696,,,,,,
30,,,87419,,,,,,,0.5733500719070435,,,,,,
30,,,87439,,,,,,,0.607460618019104,,,,,,
30,,,87459,,,,,,,0.9642916917800903,,,,,,
30,,,87479,,,,,,,0.7107396125793457,,,,,,
30,,,87499,,,,,,,0.677140474319458,,,,,,
30,,,87519,,,,,,,0.5257662534713745,,,,,,
30,,,87539,,,,,,,0.8196547031402588,,,,,,
30,,,87559,,,,,,,0.5183142423629761,,,,,,
30,,,87579,,,,,,,0.7941110134124756,,,,,,
30,,,87599,,,,,,,0.996519923210144,,,,,,
30,,,87619,,,,,,,0.8853133916854858,,,,,,
30,,,87639,,,,,,,0.678692102432251,,,,,,
30,,,87659,,,,,,,0.7363464832305908,,,,,,
30,,,87679,,,,,,,1.107253074645996,,,,,,
30,,,87699,,,,,,,0.7469817399978638,,,,,,
30,,,87719,,,,,,,0.7578444480895996,,,,,,
30,,,87739,,,,,,,0.531498372554779,,,,,,
30,,,87759,,,,,,,0.7912061810493469,,,,,,
30,,,87779,,,,,,,0.5057395696640015,,,,,,
30,,,87799,,,,,,,0.611432671546936,,,,,,
30,,,87819,,,,,,,0.6492972373962402,,,,,,
30,,,87839,,,,,,,0.6891655921936035,,,,,,
30,,,87859,,,,,,,0.9022238254547119,,,,,,
30,,,87879,,,,,,,0.7956534624099731,,,,,,
30,,,87899,,,,,,,0.8502755165100098,,,,,,
30,,,87919,,,,,,,0.6087279319763184,,,,,,
30,,,87939,,,,,,,0.7814132571220398,,,,,,
30,,,87959,,,,,,,0.6665432453155518,,,,,,
30,,,87979,,,,,,,0.6355850696563721,,,,,,
30,,,87999,,,,,,,0.9510126709938049,,,,,,
30,,,88019,,,,,,,0.9281648397445679,,,,,,
30,,,88039,,,,,,,0.8549796938896179,,,,,,
30,,,88059,,,,,,,0.9811210036277771,,,,,,
30,,,88079,,,,,,,0.5053630471229553,,,,,,
30,,,88099,,,,,,,0.5789937973022461,,,,,,
30,,,88119,,,,,,,1.0569112300872803,,,,,,
30,,,88139,,,,,,,0.6761268377304077,,,,,,
30,,,88159,,,,,,,0.782328724861145,,,,,,
30,,,88179,,,,,,,0.6561915874481201,,,,,,
30,,,88199,,,,,,,0.6564598679542542,,,,,,
30,,,88219,,,,,,,0.7790272235870361,,,,,,
30,,,88239,,,,,,,0.7554095983505249,,,,,,
30,,,88259,,,,,,,0.6335271596908569,,,,,,
30,,,88279,,,,,,,0.6564646363258362,,,,,,
30,,,88299,,,,,,,0.8626879453659058,,,,,,
30,,,88319,,,,,,,0.563244640827179,,,,,,
30,,,88339,,,,,,,0.49472033977508545,,,,,,
30,,,88359,,,,,,,0.8446041345596313,,,,,,
30,,,88379,,,,,,,0.7515410780906677,,,,,,
30,,,88399,,,,,,,0.8384090662002563,,,,,,
30,,,88419,,,,,,,0.7854173183441162,,,,,,
30,,,88439,,,,,,,0.8852580189704895,,,,,,
30,,,88459,,,,,,,0.7495929002761841,,,,,,
30,,,88479,,,,,,,0.8121598958969116,,,,,,
30,,,88499,,,,,,,0.6344507932662964,,,,,,
30,,,88519,,,,,,,0.5802500247955322,,,,,,
30,,,88539,,,,,,,0.8885650038719177,,,,,,
30,,,88559,,,,,,,1.0638258457183838,,,,,,
30,,,88579,,,,,,,0.8901100158691406,,,,,,
30,,,88599,,,,,,,0.7950669527053833,,,,,,
30,,,88619,,,,,,,0.7045819163322449,,,,,,
30,,,88639,,,,,,,0.7495524883270264,,,,,,
30,,,88659,,,,,,,0.8175820112228394,,,,,,
30,,,88679,,,,,,,0.916608452796936,,,,,,
30,,,88699,,,,,,,0.8309971690177917,,,,,,
30,,,88719,,,,,,,0.7039773464202881,,,,,,
30,,,88739,,,,,,,0.7484365105628967,,,,,,
30,,,88759,,,,,,,0.6324505805969238,,,,,,
30,,,88779,,,,,,,0.7973914742469788,,,,,,
30,,,88799,,,,,,,0.7201839685440063,,,,,,
30,,,88819,,,,,,,0.984117865562439,,,,,,
30,,,88839,,,,,,,0.6996407508850098,,,,,,
30,,,88859,,,,,,,0.8399516940116882,,,,,,
30,,,88879,,,,,,,0.6052072048187256,,,,,,
30,,,88899,,,,,,,0.7646512985229492,,,,,,
30,,,88919,,,,,,,0.6479125022888184,,,,,,
30,,,88939,,,,,,,1.1676766872406006,,,,,,
30,,,88959,,,,,,,0.46107134222984314,,,,,,
30,,,88969,,,,,,,,0.3305969834327698,0.2579253613948822,9.898462295532227,0.16447634994983673,0.3677594065666199,0.3305969834327698
30,,,88969,,,,,0.7457537055015564,0.7723763585090637,,,,,,,
,0.00013133017092853075,0.00013133017092853075,88970,,,,,,,,,,,,,
31,,,88979,,,,,,,1.06502366065979,,,,,,
31,,,88999,,,,,,,0.4416666030883789,,,,,,
31,,,89019,,,,,,,0.6328060626983643,,,,,,
31,,,89039,,,,,,,0.9856002330780029,,,,,,
31,,,89059,,,,,,,0.6041483879089355,,,,,,
31,,,89079,,,,,,,0.7300668954849243,,,,,,
31,,,89099,,,,,,,0.9906747341156006,,,,,,
31,,,89119,,,,,,,0.8918360471725464,,,,,,
31,,,89139,,,,,,,0.4394613206386566,,,,,,
31,,,89159,,,,,,,0.68306565284729,,,,,,
31,,,89179,,,,,,,1.0062050819396973,,,,,,
31,,,89199,,,,,,,0.7191850543022156,,,,,,
31,,,89219,,,,,,,0.5637383460998535,,,,,,
31,,,89239,,,,,,,0.7712497115135193,,,,,,
31,,,89259,,,,,,,0.6944198608398438,,,,,,
31,,,89279,,,,,,,0.6621372699737549,,,,,,
31,,,89299,,,,,,,0.7211236953735352,,,,,,
31,,,89319,,,,,,,0.7040635347366333,,,,,,
31,,,89339,,,,,,,0.9747709035873413,,,,,,
31,,,89359,,,,,,,0.8372967839241028,,,,,,
31,,,89379,,,,,,,0.9917319416999817,,,,,,
31,,,89399,,,,,,,0.6556842923164368,,,,,,
31,,,89419,,,,,,,0.5672518014907837,,,,,,
31,,,89439,,,,,,,0.9212182760238647,,,,,,
31,,,89459,,,,,,,0.6909348368644714,,,,,,
31,,,89479,,,,,,,0.934853732585907,,,,,,
31,,,89499,,,,,,,0.7163716554641724,,,,,,
31,,,89519,,,,,,,0.843828558921814,,,,,,
31,,,89539,,,,,,,0.49278056621551514,,,,,,
31,,,89559,,,,,,,0.6412124037742615,,,,,,
31,,,89579,,,,,,,0.6602556705474854,,,,,,
31,,,89599,,,,,,,1.0526154041290283,,,,,,
31,,,89619,,,,,,,0.7828699350357056,,,,,,
31,,,89639,,,,,,,0.7197043895721436,,,,,,
31,,,89659,,,,,,,0.7635936737060547,,,,,,
31,,,89679,,,,,,,0.5234295725822449,,,,,,
31,,,89699,,,,,,,0.7375186681747437,,,,,,
31,,,89719,,,,,,,0.7106466293334961,,,,,,
31,,,89739,,,,,,,0.8252700567245483,,,,,,
31,,,89759,,,,,,,0.6207675933837891,,,,,,
31,,,89779,,,,,,,0.7551698088645935,,,,,,
31,,,89799,,,,,,,0.648415207862854,,,,,,
31,,,89819,,,,,,,0.703285813331604,,,,,,
31,,,89839,,,,,,,0.9471662640571594,,,,,,
31,,,89859,,,,,,,0.6229615807533264,,,,,,
31,,,89879,,,,,,,0.6499788761138916,,,,,,
31,,,89899,,,,,,,0.9163213968276978,,,,,,
31,,,89919,,,,,,,0.7663905620574951,,,,,,
31,,,89939,,,,,,,0.8328135013580322,,,,,,
31,,,89959,,,,,,,0.9116541147232056,,,,,,
31,,,89979,,,,,,,0.5562392473220825,,,,,,
31,,,89999,,,,,,,0.6820888519287109,,,,,,
31,,,90019,,,,,,,0.7564085125923157,,,,,,
31,,,90039,,,,,,,1.1327592134475708,,,,,,
31,,,90059,,,,,,,0.8160714507102966,,,,,,
31,,,90079,,,,,,,0.6158888339996338,,,,,,
31,,,90099,,,,,,,0.510894775390625,,,,,,
31,,,90119,,,,,,,0.6770483255386353,,,,,,
31,,,90139,,,,,,,0.5097323656082153,,,,,,
31,,,90159,,,,,,,0.8926709294319153,,,,,,
31,,,90179,,,,,,,1.0024399757385254,,,,,,
31,,,90199,,,,,,,0.6856662034988403,,,,,,
31,,,90219,,,,,,,0.4233464002609253,,,,,,
31,,,90239,,,,,,,0.6146343946456909,,,,,,
31,,,90259,,,,,,,0.8989163041114807,,,,,,
31,,,90279,,,,,,,0.7742036581039429,,,,,,
31,,,90299,,,,,,,0.7503660917282104,,,,,,
31,,,90319,,,,,,,0.6339747905731201,,,,,,
31,,,90339,,,,,,,0.9597241878509521,,,,,,
31,,,90359,,,,,,,0.7989801168441772,,,,,,
31,,,90379,,,,,,,0.8735650777816772,,,,,,
31,,,90399,,,,,,,0.926758348941803,,,,,,
31,,,90419,,,,,,,0.7498257756233215,,,,,,
31,,,90439,,,,,,,0.8264917135238647,,,,,,
31,,,90459,,,,,,,0.8153890371322632,,,,,,
31,,,90479,,,,,,,0.8678605556488037,,,,,,
31,,,90499,,,,,,,0.576871395111084,,,,,,
31,,,90519,,,,,,,0.567629337310791,,,,,,
31,,,90539,,,,,,,0.4981124997138977,,,,,,
31,,,90559,,,,,,,0.8853668570518494,,,,,,
31,,,90579,,,,,,,0.6094754934310913,,,,,,
31,,,90599,,,,,,,0.43842288851737976,,,,,,
31,,,90619,,,,,,,0.7384704947471619,,,,,,
31,,,90639,,,,,,,1.0140974521636963,,,,,,
31,,,90659,,,,,,,0.7386100888252258,,,,,,
31,,,90679,,,,,,,1.0995147228240967,,,,,,
31,,,90699,,,,,,,0.7790801525115967,,,,,,
31,,,90719,,,,,,,0.5897032022476196,,,,,,
31,,,90739,,,,,,,0.6387625336647034,,,,,,
31,,,90759,,,,,,,0.7583425045013428,,,,,,
31,,,90779,,,,,,,0.69708251953125,,,,,,
31,,,90799,,,,,,,0.6671055555343628,,,,,,
31,,,90819,,,,,,,0.7826641798019409,,,,,,
31,,,90839,,,,,,,0.7069354057312012,,,,,,
31,,,90859,,,,,,,1.434880018234253,,,,,,
31,,,90879,,,,,,,0.9941521286964417,,,,,,
31,,,90899,,,,,,,0.6929641366004944,,,,,,
31,,,90919,,,,,,,0.9474101662635803,,,,,,
31,,,90939,,,,,,,0.5561572909355164,,,,,,
31,,,90959,,,,,,,0.7816129922866821,,,,,,
31,,,90979,,,,,,,0.7355692386627197,,,,,,
31,,,90999,,,,,,,0.7984411716461182,,,,,,
31,,,91019,,,,,,,0.6609307527542114,,,,,,
31,,,91039,,,,,,,0.9594502449035645,,,,,,
31,,,91059,,,,,,,0.5350655913352966,,,,,,
31,,,91079,,,,,,,0.622479259967804,,,,,,
31,,,91099,,,,,,,1.062817931175232,,,,,,
31,,,91119,,,,,,,0.6106072068214417,,,,,,
31,,,91139,,,,,,,0.7533116936683655,,,,,,
31,,,91159,,,,,,,0.7358908653259277,,,,,,
31,,,91179,,,,,,,0.7756637930870056,,,,,,
31,,,91199,,,,,,,0.7809427380561829,,,,,,
31,,,91219,,,,,,,0.60756516456604,,,,,,
31,,,91239,,,,,,,0.8643379211425781,,,,,,
31,,,91259,,,,,,,0.8973468542098999,,,,,,
31,,,91279,,,,,,,0.7007278800010681,,,,,,
31,,,91299,,,,,,,0.8438697457313538,,,,,,
31,,,91319,,,,,,,0.8000418543815613,,,,,,
31,,,91339,,,,,,,0.8606682419776917,,,,,,
31,,,91359,,,,,,,1.0612773895263672,,,,,,
31,,,91379,,,,,,,0.8379992842674255,,,,,,
31,,,91399,,,,,,,0.702570915222168,,,,,,
31,,,91419,,,,,,,0.7145060300827026,,,,,,
31,,,91439,,,,,,,0.7107902765274048,,,,,,
31,,,91459,,,,,,,0.7090718746185303,,,,,,
31,,,91479,,,,,,,0.7929192185401917,,,,,,
31,,,91499,,,,,,,1.0357341766357422,,,,,,
31,,,91519,,,,,,,0.6397932767868042,,,,,,
31,,,91539,,,,,,,0.7057328820228577,,,,,,
31,,,91559,,,,,,,0.7635671496391296,,,,,,
31,,,91579,,,,,,,0.6827720403671265,,,,,,
31,,,91599,,,,,,,1.0631132125854492,,,,,,
31,,,91619,,,,,,,0.5880739688873291,,,,,,
31,,,91639,,,,,,,0.5084364414215088,,,,,,
31,,,91659,,,,,,,0.8641927242279053,,,,,,
31,,,91679,,,,,,,0.6769791841506958,,,,,,
31,,,91699,,,,,,,0.8097200393676758,,,,,,
31,,,91719,,,,,,,0.8886651396751404,,,,,,
31,,,91739,,,,,,,1.1917458772659302,,,,,,
31,,,91759,,,,,,,0.818702220916748,,,,,,
31,,,91779,,,,,,,0.5722110271453857,,,,,,
31,,,91799,,,,,,,0.579748809337616,,,,,,
31,,,91819,,,,,,,0.6497998237609863,,,,,,
31,,,91839,,,,,,,0.7115163803100586,,,,,,
31,,,91839,,,,,,,,0.34928199648857117,0.2888162136077881,10.652288436889648,0.17431114614009857,0.33723169565200806,0.34928199648857117
31,,,91839,,,,,0.7451874017715454,0.7718858122825623,,,,,,,
32,,,91840,0.429820716381073,0.7049931287765503,0.36794862151145935,0.2653907835483551,,,,,,,,,
