epoch,lr-AdamW/pg1,lr-AdamW/pg2,step,train/acc,train/loss_epoch,train/loss_step,val/acc,val/auroc,val/f1,val/loss,val/macro_precision,val/mcc,val/precision_c0,val/precision_c1,val/precision_c2,val/precision_c3,val/recall
,3.75e-05,3.75e-05,0,,,,,,,,,,,,,,
0,,,19,,,1.6687297821044922,,,,,,,,,,,
0,,,39,,,1.4915897846221924,,,,,,,,,,,
0,,,59,,,1.3173292875289917,,,,,,,,,,,
0,,,79,,,1.1482319831848145,,,,,,,,,,,
0,,,99,,,1.1230003833770752,,,,,,,,,,,
0,,,119,,,1.019068956375122,,,,,,,,,,,
0,,,139,,,1.0192197561264038,,,,,,,,,,,
0,,,159,,,1.0203676223754883,,,,,,,,,,,
0,,,179,,,0.8864812850952148,,,,,,,,,,,
0,,,199,,,0.8722212314605713,,,,,,,,,,,
0,,,219,,,0.836730420589447,,,,,,,,,,,
0,,,239,,,0.9147289991378784,,,,,,,,,,,
0,,,259,,,0.8703086972236633,,,,,,,,,,,
0,,,279,,,0.7424610257148743,,,,,,,,,,,
0,,,299,,,0.7752964496612549,,,,,,,,,,,
0,,,319,,,0.6687796711921692,,,,,,,,,,,
0,,,339,,,0.7759226560592651,,,,,,,,,,,
0,,,359,,,0.8961732387542725,,,,,,,,,,,
0,,,379,,,0.9735977649688721,,,,,,,,,,,
0,,,399,,,0.6014676690101624,,,,,,,,,,,
0,,,419,,,0.5113636255264282,,,,,,,,,,,
0,,,439,,,1.1255966424942017,,,,,,,,,,,
0,,,459,,,0.748012363910675,,,,,,,,,,,
0,,,479,,,0.7519515752792358,,,,,,,,,,,
0,,,499,,,0.5986006855964661,,,,,,,,,,,
0,,,519,,,0.6619968414306641,,,,,,,,,,,
0,,,539,,,0.7351057529449463,,,,,,,,,,,
0,,,559,,,0.5833139419555664,,,,,,,,,,,
0,,,579,,,0.8666178584098816,,,,,,,,,,,
0,,,599,,,0.810582160949707,,,,,,,,,,,
0,,,619,,,0.731720507144928,,,,,,,,,,,
0,,,639,,,0.7941604256629944,,,,,,,,,,,
0,,,659,,,0.8188334107398987,,,,,,,,,,,
0,,,679,,,0.6543664932250977,,,,,,,,,,,
0,,,699,,,0.8393221497535706,,,,,,,,,,,
0,,,719,,,0.6614636778831482,,,,,,,,,,,
0,,,739,,,0.7057097554206848,,,,,,,,,,,
0,,,759,,,0.7110748291015625,,,,,,,,,,,
0,,,779,,,0.6341792345046997,,,,,,,,,,,
0,,,799,,,0.8538923859596252,,,,,,,,,,,
0,,,819,,,0.642761766910553,,,,,,,,,,,
0,,,839,,,0.6961088180541992,,,,,,,,,,,
0,,,859,,,0.6346338987350464,,,,,,,,,,,
0,,,879,,,0.6161363124847412,,,,,,,,,,,
0,,,899,,,0.789697527885437,,,,,,,,,,,
0,,,919,,,0.7407777905464172,,,,,,,,,,,
0,,,939,,,0.7325767874717712,,,,,,,,,,,
0,,,959,,,0.5593859553337097,,,,,,,,,,,
0,,,979,,,0.7575951814651489,,,,,,,,,,,
0,,,999,,,0.9432958960533142,,,,,,,,,,,
0,,,1019,,,0.590336799621582,,,,,,,,,,,
0,,,1039,,,0.5217872858047485,,,,,,,,,,,
0,,,1059,,,0.9112563729286194,,,,,,,,,,,
0,,,1079,,,0.5381467938423157,,,,,,,,,,,
0,,,1099,,,0.5573941469192505,,,,,,,,,,,
0,,,1119,,,0.47869884967803955,,,,,,,,,,,
0,,,1139,,,0.9101331233978271,,,,,,,,,,,
0,,,1159,,,0.5333049893379211,,,,,,,,,,,
0,,,1179,,,0.7463483214378357,,,,,,,,,,,
0,,,1199,,,0.6866157054901123,,,,,,,,,,,
0,,,1219,,,0.6762657761573792,,,,,,,,,,,
0,,,1239,,,0.6552317142486572,,,,,,,,,,,
0,,,1259,,,0.6886748671531677,,,,,,,,,,,
0,,,1279,,,0.5892243981361389,,,,,,,,,,,
0,,,1299,,,0.5802369117736816,,,,,,,,,,,
0,,,1319,,,0.5772879123687744,,,,,,,,,,,
0,,,1339,,,0.7049261331558228,,,,,,,,,,,
0,,,1359,,,0.7945355176925659,,,,,,,,,,,
0,,,1379,,,0.5493361353874207,,,,,,,,,,,
0,,,1399,,,0.5796773433685303,,,,,,,,,,,
0,,,1419,,,0.6733854413032532,,,,,,,,,,,
0,,,1439,,,0.7062155604362488,,,,,,,,,,,
0,,,1459,,,0.9351798295974731,,,,,,,,,,,
0,,,1479,,,0.6943797469139099,,,,,,,,,,,
0,,,1499,,,0.5353606343269348,,,,,,,,,,,
0,,,1519,,,0.6902309060096741,,,,,,,,,,,
0,,,1539,,,0.5559825897216797,,,,,,,,,,,
0,,,1559,,,0.8326707482337952,,,,,,,,,,,
0,,,1579,,,0.6361113786697388,,,,,,,,,,,
0,,,1599,,,0.7430180311203003,,,,,,,,,,,
0,,,1619,,,0.839267909526825,,,,,,,,,,,
0,,,1639,,,0.6345826983451843,,,,,,,,,,,
0,,,1659,,,0.6842856407165527,,,,,,,,,,,
0,,,1679,,,0.5118200778961182,,,,,,,,,,,
0,,,1699,,,0.39812523126602173,,,,,,,,,,,
0,,,1719,,,0.470487505197525,,,,,,,,,,,
0,,,1739,,,0.40976426005363464,,,,,,,,,,,
0,,,1759,,,0.5434757471084595,,,,,,,,,,,
0,,,1779,,,0.4849988520145416,,,,,,,,,,,
0,,,1799,,,0.9974115490913391,,,,,,,,,,,
0,,,1819,,,0.6928992867469788,,,,,,,,,,,
0,,,1839,,,0.5528305768966675,,,,,,,,,,,
0,,,1859,,,0.669064462184906,,,,,,,,,,,
0,,,1879,,,0.665510892868042,,,,,,,,,,,
0,,,1899,,,0.8117789626121521,,,,,,,,,,,
0,,,1919,,,0.923874020576477,,,,,,,,,,,
0,,,1939,,,0.8780325055122375,,,,,,,,,,,
0,,,1959,,,0.6492245197296143,,,,,,,,,,,
0,,,1979,,,0.6055599451065063,,,,,,,,,,,
0,,,1999,,,0.31208574771881104,,,,,,,,,,,
0,,,2019,,,0.5841103196144104,,,,,,,,,,,
0,,,2039,,,0.4179486036300659,,,,,,,,,,,
0,,,2059,,,0.7337538003921509,,,,,,,,,,,
0,,,2079,,,0.719656229019165,,,,,,,,,,,
0,,,2099,,,0.5649636387825012,,,,,,,,,,,
0,,,2119,,,0.7246848344802856,,,,,,,,,,,
0,,,2139,,,0.5872846245765686,,,,,,,,,,,
0,,,2159,,,0.5381819605827332,,,,,,,,,,,
0,,,2179,,,0.4316228926181793,,,,,,,,,,,
0,,,2199,,,0.4821810722351074,,,,,,,,,,,
0,,,2219,,,0.7751795649528503,,,,,,,,,,,
0,,,2239,,,0.735461413860321,,,,,,,,,,,
0,,,2259,,,0.5643421411514282,,,,,,,,,,,
0,,,2279,,,0.4937521815299988,,,,,,,,,,,
0,,,2299,,,0.29325470328330994,,,,,,,,,,,
0,,,2319,,,0.426719605922699,,,,,,,,,,,
0,,,2339,,,0.4305369257926941,,,,,,,,,,,
0,,,2359,,,0.6518926620483398,,,,,,,,,,,
0,,,2379,,,0.5307190418243408,,,,,,,,,,,
0,,,2399,,,0.7514814734458923,,,,,,,,,,,
0,,,2419,,,0.6100525259971619,,,,,,,,,,,
0,,,2439,,,0.596697211265564,,,,,,,,,,,
0,,,2459,,,0.8070693016052246,,,,,,,,,,,
0,,,2479,,,0.588126003742218,,,,,,,,,,,
0,,,2499,,,0.8303827047348022,,,,,,,,,,,
0,,,2519,,,0.6849297881126404,,,,,,,,,,,
0,,,2539,,,0.6348288059234619,,,,,,,,,,,
0,,,2559,,,0.877716064453125,,,,,,,,,,,
0,,,2579,,,0.5501042604446411,,,,,,,,,,,
0,,,2599,,,0.6764487028121948,,,,,,,,,,,
0,,,2619,,,0.6966550946235657,,,,,,,,,,,
0,,,2639,,,0.47155383229255676,,,,,,,,,,,
0,,,2659,,,0.622559666633606,,,,,,,,,,,
0,,,2679,,,0.7069673538208008,,,,,,,,,,,
0,,,2699,,,0.47979068756103516,,,,,,,,,,,
0,,,2719,,,0.42819544672966003,,,,,,,,,,,
0,,,2739,,,0.541688859462738,,,,,,,,,,,
0,,,2759,,,0.40250325202941895,,,,,,,,,,,
0,,,2779,,,0.461540162563324,,,,,,,,,,,
0,,,2799,,,0.745046079158783,,,,,,,,,,,
0,,,2819,,,0.6283244490623474,,,,,,,,,,,
0,,,2839,,,0.5826435685157776,,,,,,,,,,,
0,,,2859,,,0.669152021408081,,,,,,,,,,,
0,,,2879,,,0.6981311440467834,,,,,,,,,,,
0,,,2899,,,0.5625972151756287,,,,,,,,,,,
0,,,2919,,,0.46935921907424927,,,,,,,,,,,
0,,,2939,,,0.4332159757614136,,,,,,,,,,,
0,,,2959,,,0.33656036853790283,,,,,,,,,,,
0,,,2979,,,0.3923933804035187,,,,,,,,,,,
0,,,2999,,,0.3661164939403534,,,,,,,,,,,
0,,,3019,,,0.4909052848815918,,,,,,,,,,,
0,,,3039,,,0.3926186263561249,,,,,,,,,,,
0,,,3059,,,0.6150171160697937,,,,,,,,,,,
0,,,3079,,,0.6238353848457336,,,,,,,,,,,
0,,,3099,,,0.5246825814247131,,,,,,,,,,,
0,,,3119,,,0.5678053498268127,,,,,,,,,,,
0,,,3139,,,0.4161721467971802,,,,,,,,,,,
0,,,3159,,,0.47306424379348755,,,,,,,,,,,
0,,,3179,,,0.4264257252216339,,,,,,,,,,,
0,,,3199,,,0.40330907702445984,,,,,,,,,,,
0,,,3219,,,0.34587669372558594,,,,,,,,,,,
0,,,3239,,,0.349750280380249,,,,,,,,,,,
0,,,3259,,,0.4853803515434265,,,,,,,,,,,
0,,,3279,,,0.4935685098171234,,,,,,,,,,,
0,,,3299,,,0.6701257228851318,,,,,,,,,,,
0,,,3319,,,0.37629225850105286,,,,,,,,,,,
0,,,3339,,,0.8105290532112122,,,,,,,,,,,
0,,,3359,,,0.6270725131034851,,,,,,,,,,,
0,,,3379,,,0.7291725277900696,,,,,,,,,,,
0,,,3399,,,0.4330844283103943,,,,,,,,,,,
0,,,3419,,,0.4184149205684662,,,,,,,,,,,
0,,,3439,,,0.4706963300704956,,,,,,,,,,,
0,,,3459,,,0.3359401822090149,,,,,,,,,,,
0,,,3479,,,0.5233498811721802,,,,,,,,,,,
0,,,3481,,,,0.5202347636222839,0.8260033130645752,0.515190601348877,1.4996716976165771,0.58062744140625,0.39430123567581177,0.3938061594963074,0.7488127946853638,0.775192141532898,0.4046986699104309,0.5202347636222839
0,,,3481,0.7286777496337891,0.6636897921562195,,,,,,,,,,,,
,7.5e-05,7.5e-05,3482,,,,,,,,,,,,,,
1,,,3499,,,0.4739185571670532,,,,,,,,,,,
1,,,3519,,,0.5091544985771179,,,,,,,,,,,
1,,,3539,,,0.5728417634963989,,,,,,,,,,,
1,,,3559,,,0.6016047596931458,,,,,,,,,,,
1,,,3579,,,0.7898656129837036,,,,,,,,,,,
1,,,3599,,,0.5271722674369812,,,,,,,,,,,
1,,,3619,,,0.48463040590286255,,,,,,,,,,,
1,,,3639,,,0.5392860770225525,,,,,,,,,,,
1,,,3659,,,0.5465258955955505,,,,,,,,,,,
1,,,3679,,,0.4186965823173523,,,,,,,,,,,
1,,,3699,,,0.581442654132843,,,,,,,,,,,
1,,,3719,,,0.6084703803062439,,,,,,,,,,,
1,,,3739,,,0.5297288298606873,,,,,,,,,,,
1,,,3759,,,0.8805404305458069,,,,,,,,,,,
1,,,3779,,,0.4081471264362335,,,,,,,,,,,
1,,,3799,,,0.713534951210022,,,,,,,,,,,
1,,,3819,,,0.4630580544471741,,,,,,,,,,,
1,,,3839,,,0.4898541569709778,,,,,,,,,,,
1,,,3859,,,0.36207765340805054,,,,,,,,,,,
1,,,3879,,,0.5530294179916382,,,,,,,,,,,
1,,,3899,,,0.47092530131340027,,,,,,,,,,,
1,,,3919,,,0.5936119556427002,,,,,,,,,,,
1,,,3939,,,0.49977877736091614,,,,,,,,,,,
1,,,3959,,,0.5354952812194824,,,,,,,,,,,
1,,,3979,,,0.5129298567771912,,,,,,,,,,,
1,,,3999,,,0.4264473021030426,,,,,,,,,,,
1,,,4019,,,0.5007732510566711,,,,,,,,,,,
1,,,4039,,,0.7899630069732666,,,,,,,,,,,
1,,,4059,,,0.7208001017570496,,,,,,,,,,,
1,,,4079,,,0.5097923874855042,,,,,,,,,,,
1,,,4099,,,0.29832351207733154,,,,,,,,,,,
1,,,4119,,,0.3469057083129883,,,,,,,,,,,
1,,,4139,,,0.4573043882846832,,,,,,,,,,,
1,,,4159,,,0.6121847629547119,,,,,,,,,,,
1,,,4179,,,0.6720437407493591,,,,,,,,,,,
1,,,4199,,,0.6992518305778503,,,,,,,,,,,
1,,,4219,,,0.4104822874069214,,,,,,,,,,,
1,,,4239,,,0.5132666826248169,,,,,,,,,,,
1,,,4259,,,0.6145269870758057,,,,,,,,,,,
1,,,4279,,,0.4910847842693329,,,,,,,,,,,
1,,,4299,,,0.5348947048187256,,,,,,,,,,,
1,,,4319,,,0.43106064200401306,,,,,,,,,,,
1,,,4339,,,0.45240119099617004,,,,,,,,,,,
1,,,4359,,,0.4249814748764038,,,,,,,,,,,
1,,,4379,,,0.5492053627967834,,,,,,,,,,,
1,,,4399,,,0.7049702405929565,,,,,,,,,,,
1,,,4419,,,0.39050304889678955,,,,,,,,,,,
1,,,4439,,,0.49269425868988037,,,,,,,,,,,
1,,,4459,,,0.39811569452285767,,,,,,,,,,,
1,,,4479,,,0.8502964973449707,,,,,,,,,,,
1,,,4499,,,0.6452460289001465,,,,,,,,,,,
1,,,4519,,,0.6325187087059021,,,,,,,,,,,
1,,,4539,,,0.4528631567955017,,,,,,,,,,,
1,,,4559,,,0.6925711035728455,,,,,,,,,,,
1,,,4579,,,0.647294282913208,,,,,,,,,,,
1,,,4599,,,0.5856226086616516,,,,,,,,,,,
1,,,4619,,,0.344824880361557,,,,,,,,,,,
1,,,4639,,,0.6302867531776428,,,,,,,,,,,
1,,,4659,,,0.6605817675590515,,,,,,,,,,,
1,,,4679,,,0.49352625012397766,,,,,,,,,,,
1,,,4699,,,0.6748626828193665,,,,,,,,,,,
1,,,4719,,,0.3590431213378906,,,,,,,,,,,
1,,,4739,,,0.7751560211181641,,,,,,,,,,,
1,,,4759,,,0.42371734976768494,,,,,,,,,,,
1,,,4779,,,0.523052453994751,,,,,,,,,,,
1,,,4799,,,0.48778924345970154,,,,,,,,,,,
1,,,4819,,,0.387526273727417,,,,,,,,,,,
1,,,4839,,,0.5799671411514282,,,,,,,,,,,
1,,,4859,,,0.45640870928764343,,,,,,,,,,,
1,,,4879,,,0.42478153109550476,,,,,,,,,,,
1,,,4899,,,0.4693065583705902,,,,,,,,,,,
1,,,4919,,,0.3250252306461334,,,,,,,,,,,
1,,,4939,,,0.45605388283729553,,,,,,,,,,,
1,,,4959,,,0.42213955521583557,,,,,,,,,,,
1,,,4979,,,0.3923167288303375,,,,,,,,,,,
1,,,4999,,,0.5320580005645752,,,,,,,,,,,
1,,,5019,,,0.651990532875061,,,,,,,,,,,
1,,,5039,,,0.53919917345047,,,,,,,,,,,
1,,,5059,,,0.44781365990638733,,,,,,,,,,,
1,,,5079,,,0.5727378726005554,,,,,,,,,,,
1,,,5099,,,0.372245192527771,,,,,,,,,,,
1,,,5119,,,0.2897269129753113,,,,,,,,,,,
1,,,5139,,,0.28759002685546875,,,,,,,,,,,
1,,,5159,,,0.510070264339447,,,,,,,,,,,
1,,,5179,,,0.6450906991958618,,,,,,,,,,,
1,,,5199,,,0.45384010672569275,,,,,,,,,,,
1,,,5219,,,0.4950234591960907,,,,,,,,,,,
1,,,5239,,,0.4350391626358032,,,,,,,,,,,
1,,,5259,,,0.290569543838501,,,,,,,,,,,
1,,,5279,,,0.3879193961620331,,,,,,,,,,,
1,,,5299,,,0.4557865858078003,,,,,,,,,,,
1,,,5319,,,0.6645268797874451,,,,,,,,,,,
1,,,5339,,,0.6003613471984863,,,,,,,,,,,
1,,,5359,,,0.34967711567878723,,,,,,,,,,,
1,,,5379,,,0.5040639638900757,,,,,,,,,,,
1,,,5399,,,0.5016211271286011,,,,,,,,,,,
1,,,5419,,,0.5689506530761719,,,,,,,,,,,
1,,,5439,,,0.5138431191444397,,,,,,,,,,,
1,,,5459,,,0.2902541756629944,,,,,,,,,,,
1,,,5479,,,0.6721665859222412,,,,,,,,,,,
1,,,5499,,,0.5820150375366211,,,,,,,,,,,
1,,,5519,,,0.4019458293914795,,,,,,,,,,,
1,,,5539,,,0.46084046363830566,,,,,,,,,,,
1,,,5559,,,0.32625600695610046,,,,,,,,,,,
1,,,5579,,,0.5008741021156311,,,,,,,,,,,
1,,,5599,,,0.36058422923088074,,,,,,,,,,,
1,,,5619,,,0.36178088188171387,,,,,,,,,,,
1,,,5639,,,0.4502688944339752,,,,,,,,,,,
1,,,5659,,,0.41732707619667053,,,,,,,,,,,
1,,,5679,,,0.393539160490036,,,,,,,,,,,
1,,,5699,,,0.3741000294685364,,,,,,,,,,,
1,,,5719,,,0.2560499608516693,,,,,,,,,,,
1,,,5739,,,0.6975526213645935,,,,,,,,,,,
1,,,5759,,,0.5772931575775146,,,,,,,,,,,
1,,,5779,,,0.4755347669124603,,,,,,,,,,,
1,,,5799,,,0.40606847405433655,,,,,,,,,,,
1,,,5819,,,0.8350635766983032,,,,,,,,,,,
1,,,5839,,,0.3239017128944397,,,,,,,,,,,
1,,,5859,,,0.31593865156173706,,,,,,,,,,,
1,,,5879,,,0.3212742507457733,,,,,,,,,,,
1,,,5899,,,0.2895675003528595,,,,,,,,,,,
1,,,5919,,,0.5003360509872437,,,,,,,,,,,
1,,,5939,,,0.5058038830757141,,,,,,,,,,,
1,,,5959,,,0.5840309858322144,,,,,,,,,,,
1,,,5979,,,0.5222981572151184,,,,,,,,,,,
1,,,5999,,,0.562473714351654,,,,,,,,,,,
1,,,6019,,,0.42351433634757996,,,,,,,,,,,
1,,,6039,,,0.45033392310142517,,,,,,,,,,,
1,,,6059,,,0.5254226922988892,,,,,,,,,,,
1,,,6079,,,0.46111688017845154,,,,,,,,,,,
1,,,6099,,,0.4218803346157074,,,,,,,,,,,
1,,,6119,,,0.2487785518169403,,,,,,,,,,,
1,,,6139,,,0.34006714820861816,,,,,,,,,,,
1,,,6159,,,0.6303261518478394,,,,,,,,,,,
1,,,6179,,,0.27928173542022705,,,,,,,,,,,
1,,,6199,,,0.4782863259315491,,,,,,,,,,,
1,,,6219,,,0.37656259536743164,,,,,,,,,,,
1,,,6239,,,0.42032623291015625,,,,,,,,,,,
1,,,6259,,,0.3187117576599121,,,,,,,,,,,
1,,,6279,,,0.45581698417663574,,,,,,,,,,,
1,,,6299,,,0.47182807326316833,,,,,,,,,,,
1,,,6319,,,0.430314838886261,,,,,,,,,,,
1,,,6339,,,0.46081075072288513,,,,,,,,,,,
1,,,6359,,,0.5465236306190491,,,,,,,,,,,
1,,,6379,,,0.4376595616340637,,,,,,,,,,,
1,,,6399,,,0.3456081748008728,,,,,,,,,,,
1,,,6419,,,0.3725523054599762,,,,,,,,,,,
1,,,6439,,,0.39089471101760864,,,,,,,,,,,
1,,,6459,,,0.6115487813949585,,,,,,,,,,,
1,,,6479,,,0.3845306634902954,,,,,,,,,,,
1,,,6499,,,0.22511088848114014,,,,,,,,,,,
1,,,6519,,,0.45812106132507324,,,,,,,,,,,
1,,,6539,,,0.4865467846393585,,,,,,,,,,,
1,,,6559,,,0.40836581587791443,,,,,,,,,,,
1,,,6579,,,0.4781287908554077,,,,,,,,,,,
1,,,6599,,,0.634345293045044,,,,,,,,,,,
1,,,6619,,,0.5169550776481628,,,,,,,,,,,
1,,,6639,,,0.23042592406272888,,,,,,,,,,,
1,,,6659,,,0.6056613326072693,,,,,,,,,,,
1,,,6679,,,0.3294697403907776,,,,,,,,,,,
1,,,6699,,,0.2811542749404907,,,,,,,,,,,
1,,,6719,,,0.31528109312057495,,,,,,,,,,,
1,,,6739,,,0.24671092629432678,,,,,,,,,,,
1,,,6759,,,0.47671934962272644,,,,,,,,,,,
1,,,6779,,,0.24123571813106537,,,,,,,,,,,
1,,,6799,,,0.4191477596759796,,,,,,,,,,,
1,,,6819,,,0.48314669728279114,,,,,,,,,,,
1,,,6839,,,0.5529645681381226,,,,,,,,,,,
1,,,6859,,,0.5494814515113831,,,,,,,,,,,
1,,,6879,,,0.5251489281654358,,,,,,,,,,,
1,,,6899,,,0.39414268732070923,,,,,,,,,,,
1,,,6919,,,0.5305664539337158,,,,,,,,,,,
1,,,6939,,,0.28899499773979187,,,,,,,,,,,
1,,,6959,,,0.6796631813049316,,,,,,,,,,,
1,,,6963,,,,0.5912833213806152,0.8362603187561035,0.553986668586731,1.4228235483169556,0.6012782454490662,0.43776723742485046,0.45623108744621277,0.7721733450889587,0.8200020790100098,0.356706440448761,0.5912833213806152
1,,,6963,0.7980324029922485,0.4843175411224365,,,,,,,,,,,,
,0.0001125,0.0001125,6964,,,,,,,,,,,,,,
2,,,6979,,,0.9503266215324402,,,,,,,,,,,
2,,,6999,,,0.6438459753990173,,,,,,,,,,,
2,,,7019,,,0.6837830543518066,,,,,,,,,,,
2,,,7039,,,0.565506100654602,,,,,,,,,,,
2,,,7059,,,0.3807550370693207,,,,,,,,,,,
2,,,7079,,,0.5254597663879395,,,,,,,,,,,
2,,,7099,,,0.5808640718460083,,,,,,,,,,,
2,,,7119,,,0.339671790599823,,,,,,,,,,,
2,,,7139,,,0.6053528785705566,,,,,,,,,,,
2,,,7159,,,0.3738366961479187,,,,,,,,,,,
2,,,7179,,,0.3591405153274536,,,,,,,,,,,
2,,,7199,,,0.5279548764228821,,,,,,,,,,,
2,,,7219,,,0.3791123628616333,,,,,,,,,,,
2,,,7239,,,0.3708591163158417,,,,,,,,,,,
2,,,7259,,,0.4095769226551056,,,,,,,,,,,
2,,,7279,,,0.38722333312034607,,,,,,,,,,,
2,,,7299,,,0.5676493048667908,,,,,,,,,,,
2,,,7319,,,0.5515865683555603,,,,,,,,,,,
2,,,7339,,,0.3026626706123352,,,,,,,,,,,
2,,,7359,,,0.4478769600391388,,,,,,,,,,,
2,,,7379,,,0.23436348140239716,,,,,,,,,,,
2,,,7399,,,0.5216269493103027,,,,,,,,,,,
2,,,7419,,,0.4436936378479004,,,,,,,,,,,
2,,,7439,,,0.354566752910614,,,,,,,,,,,
2,,,7459,,,0.6105121374130249,,,,,,,,,,,
2,,,7479,,,0.4646468758583069,,,,,,,,,,,
2,,,7499,,,0.506298840045929,,,,,,,,,,,
2,,,7519,,,0.5520846843719482,,,,,,,,,,,
2,,,7539,,,0.5561251640319824,,,,,,,,,,,
2,,,7559,,,0.48304489254951477,,,,,,,,,,,
2,,,7579,,,0.3947482705116272,,,,,,,,,,,
2,,,7599,,,0.2944832742214203,,,,,,,,,,,
2,,,7619,,,0.31629252433776855,,,,,,,,,,,
2,,,7639,,,0.3936670124530792,,,,,,,,,,,
2,,,7659,,,0.4155040383338928,,,,,,,,,,,
2,,,7679,,,0.5448014736175537,,,,,,,,,,,
2,,,7699,,,0.4341732859611511,,,,,,,,,,,
2,,,7719,,,0.5138745903968811,,,,,,,,,,,
2,,,7739,,,0.37962472438812256,,,,,,,,,,,
2,,,7759,,,0.2940913140773773,,,,,,,,,,,
2,,,7779,,,0.6261346340179443,,,,,,,,,,,
2,,,7799,,,0.45091283321380615,,,,,,,,,,,
2,,,7819,,,0.7385538220405579,,,,,,,,,,,
2,,,7839,,,0.37504714727401733,,,,,,,,,,,
2,,,7859,,,0.3961598575115204,,,,,,,,,,,
2,,,7879,,,0.5090839266777039,,,,,,,,,,,
2,,,7899,,,0.47731608152389526,,,,,,,,,,,
2,,,7919,,,0.4128793776035309,,,,,,,,,,,
2,,,7939,,,0.42617180943489075,,,,,,,,,,,
2,,,7959,,,0.4187937378883362,,,,,,,,,,,
2,,,7979,,,0.45337045192718506,,,,,,,,,,,
2,,,7999,,,0.5006902813911438,,,,,,,,,,,
2,,,8019,,,0.5578987002372742,,,,,,,,,,,
2,,,8039,,,0.3551316261291504,,,,,,,,,,,
2,,,8059,,,0.6035898327827454,,,,,,,,,,,
2,,,8079,,,0.6251079440116882,,,,,,,,,,,
2,,,8099,,,0.5334724187850952,,,,,,,,,,,
2,,,8119,,,0.19811193645000458,,,,,,,,,,,
2,,,8139,,,0.3083350658416748,,,,,,,,,,,
2,,,8159,,,0.988841712474823,,,,,,,,,,,
2,,,8179,,,0.7085716724395752,,,,,,,,,,,
2,,,8199,,,0.7189022302627563,,,,,,,,,,,
2,,,8219,,,0.6146141290664673,,,,,,,,,,,
2,,,8239,,,0.40839287638664246,,,,,,,,,,,
2,,,8259,,,0.4189406931400299,,,,,,,,,,,
2,,,8279,,,0.490608274936676,,,,,,,,,,,
2,,,8299,,,0.33772823214530945,,,,,,,,,,,
2,,,8319,,,0.3128092288970947,,,,,,,,,,,
2,,,8339,,,0.41853877902030945,,,,,,,,,,,
2,,,8359,,,0.35014960169792175,,,,,,,,,,,
2,,,8379,,,0.30955469608306885,,,,,,,,,,,
2,,,8399,,,0.3026689291000366,,,,,,,,,,,
2,,,8419,,,0.45643484592437744,,,,,,,,,,,
2,,,8439,,,0.5333932042121887,,,,,,,,,,,
2,,,8459,,,0.31277304887771606,,,,,,,,,,,
2,,,8479,,,0.2860742211341858,,,,,,,,,,,
2,,,8499,,,0.7168430685997009,,,,,,,,,,,
2,,,8519,,,0.36245864629745483,,,,,,,,,,,
2,,,8539,,,0.2790929675102234,,,,,,,,,,,
2,,,8559,,,0.3493485152721405,,,,,,,,,,,
2,,,8579,,,0.29234832525253296,,,,,,,,,,,
2,,,8599,,,0.5418102741241455,,,,,,,,,,,
2,,,8619,,,0.2963785231113434,,,,,,,,,,,
2,,,8639,,,0.45276471972465515,,,,,,,,,,,
2,,,8659,,,0.29671868681907654,,,,,,,,,,,
2,,,8679,,,0.22333094477653503,,,,,,,,,,,
2,,,8699,,,0.6467275619506836,,,,,,,,,,,
2,,,8719,,,0.23764944076538086,,,,,,,,,,,
2,,,8739,,,0.4868752956390381,,,,,,,,,,,
2,,,8759,,,0.45855212211608887,,,,,,,,,,,
2,,,8779,,,0.43809646368026733,,,,,,,,,,,
2,,,8799,,,0.37935638427734375,,,,,,,,,,,
2,,,8819,,,0.45285069942474365,,,,,,,,,,,
2,,,8839,,,0.508767306804657,,,,,,,,,,,
2,,,8859,,,0.5006380677223206,,,,,,,,,,,
2,,,8879,,,0.4291282594203949,,,,,,,,,,,
2,,,8899,,,0.20284418761730194,,,,,,,,,,,
2,,,8919,,,0.28155845403671265,,,,,,,,,,,
2,,,8939,,,0.36393293738365173,,,,,,,,,,,
2,,,8959,,,0.5274736285209656,,,,,,,,,,,
2,,,8979,,,0.49031227827072144,,,,,,,,,,,
2,,,8999,,,0.479056179523468,,,,,,,,,,,
2,,,9019,,,0.46440619230270386,,,,,,,,,,,
2,,,9039,,,0.7380018830299377,,,,,,,,,,,
2,,,9059,,,0.4033401906490326,,,,,,,,,,,
2,,,9079,,,0.2824653089046478,,,,,,,,,,,
2,,,9099,,,0.30412018299102783,,,,,,,,,,,
2,,,9119,,,0.2264520525932312,,,,,,,,,,,
2,,,9139,,,0.49134376645088196,,,,,,,,,,,
2,,,9159,,,0.4246453046798706,,,,,,,,,,,
2,,,9179,,,0.2967439889907837,,,,,,,,,,,
2,,,9199,,,0.4705771207809448,,,,,,,,,,,
2,,,9219,,,0.18010741472244263,,,,,,,,,,,
2,,,9239,,,0.404534250497818,,,,,,,,,,,
2,,,9259,,,0.521630585193634,,,,,,,,,,,
2,,,9279,,,0.38071176409721375,,,,,,,,,,,
2,,,9299,,,0.3559967577457428,,,,,,,,,,,
2,,,9319,,,0.6089487671852112,,,,,,,,,,,
2,,,9339,,,0.5010483860969543,,,,,,,,,,,
2,,,9359,,,0.4810183644294739,,,,,,,,,,,
2,,,9379,,,0.3439665734767914,,,,,,,,,,,
2,,,9399,,,0.556108832359314,,,,,,,,,,,
2,,,9419,,,0.4532870352268219,,,,,,,,,,,
2,,,9439,,,0.5319828391075134,,,,,,,,,,,
2,,,9459,,,0.6327312588691711,,,,,,,,,,,
2,,,9479,,,0.44874244928359985,,,,,,,,,,,
2,,,9499,,,0.4222038984298706,,,,,,,,,,,
2,,,9519,,,0.34043794870376587,,,,,,,,,,,
2,,,9539,,,0.37286874651908875,,,,,,,,,,,
2,,,9559,,,0.403435081243515,,,,,,,,,,,
2,,,9579,,,0.3111065626144409,,,,,,,,,,,
2,,,9599,,,0.509602963924408,,,,,,,,,,,
2,,,9619,,,0.3642650842666626,,,,,,,,,,,
2,,,9639,,,0.2524406909942627,,,,,,,,,,,
2,,,9659,,,0.4764220118522644,,,,,,,,,,,
2,,,9679,,,0.6082156300544739,,,,,,,,,,,
2,,,9699,,,0.49098077416419983,,,,,,,,,,,
2,,,9719,,,0.44237422943115234,,,,,,,,,,,
2,,,9739,,,0.32132893800735474,,,,,,,,,,,
2,,,9759,,,0.301360547542572,,,,,,,,,,,
2,,,9779,,,0.35183149576187134,,,,,,,,,,,
2,,,9799,,,0.2957957684993744,,,,,,,,,,,
2,,,9819,,,0.6197869181632996,,,,,,,,,,,
2,,,9839,,,0.25137102603912354,,,,,,,,,,,
2,,,9859,,,0.3655674457550049,,,,,,,,,,,
2,,,9879,,,0.277364045381546,,,,,,,,,,,
2,,,9899,,,0.3178888261318207,,,,,,,,,,,
2,,,9919,,,0.19235391914844513,,,,,,,,,,,
2,,,9939,,,0.4451487064361572,,,,,,,,,,,
2,,,9959,,,0.3617349863052368,,,,,,,,,,,
2,,,9979,,,0.4435715675354004,,,,,,,,,,,
2,,,9999,,,0.49891743063926697,,,,,,,,,,,
2,,,10019,,,0.4605697691440582,,,,,,,,,,,
2,,,10039,,,0.43047410249710083,,,,,,,,,,,
2,,,10059,,,0.27591145038604736,,,,,,,,,,,
2,,,10079,,,0.29404398798942566,,,,,,,,,,,
2,,,10099,,,0.38882479071617126,,,,,,,,,,,
2,,,10119,,,0.45522183179855347,,,,,,,,,,,
2,,,10139,,,0.2945145070552826,,,,,,,,,,,
2,,,10159,,,0.4214232861995697,,,,,,,,,,,
2,,,10179,,,0.22039543092250824,,,,,,,,,,,
2,,,10199,,,0.3981199860572815,,,,,,,,,,,
2,,,10219,,,0.31606927514076233,,,,,,,,,,,
2,,,10239,,,0.5178629159927368,,,,,,,,,,,
2,,,10259,,,0.43204250931739807,,,,,,,,,,,
2,,,10279,,,0.2183816134929657,,,,,,,,,,,
2,,,10299,,,0.35937026143074036,,,,,,,,,,,
2,,,10319,,,0.31598803400993347,,,,,,,,,,,
2,,,10339,,,0.5473577976226807,,,,,,,,,,,
2,,,10359,,,0.38204482197761536,,,,,,,,,,,
2,,,10379,,,0.26248839497566223,,,,,,,,,,,
2,,,10399,,,0.1769113689661026,,,,,,,,,,,
2,,,10419,,,0.37764936685562134,,,,,,,,,,,
2,,,10439,,,0.35992586612701416,,,,,,,,,,,
2,,,10445,,,,0.5994171500205994,0.869818925857544,0.5942518711090088,1.4764574766159058,0.6413429975509644,0.4830244183540344,0.45597898960113525,0.713739812374115,0.87177973985672,0.5238734483718872,0.5994171500205994
2,,,10445,0.8303868770599365,0.40900540351867676,,,,,,,,,,,,
,0.00015,0.00015,10446,,,,,,,,,,,,,,
3,,,10459,,,0.3612523376941681,,,,,,,,,,,
3,,,10479,,,0.4171779453754425,,,,,,,,,,,
3,,,10499,,,0.4684014618396759,,,,,,,,,,,
3,,,10519,,,0.5654608011245728,,,,,,,,,,,
3,,,10539,,,0.3699229955673218,,,,,,,,,,,
3,,,10559,,,0.4222508370876312,,,,,,,,,,,
3,,,10579,,,0.2858525812625885,,,,,,,,,,,
3,,,10599,,,0.4367992877960205,,,,,,,,,,,
3,,,10619,,,0.49531054496765137,,,,,,,,,,,
3,,,10639,,,0.30806708335876465,,,,,,,,,,,
3,,,10659,,,0.6515294909477234,,,,,,,,,,,
3,,,10679,,,0.3190157115459442,,,,,,,,,,,
3,,,10699,,,0.1840822994709015,,,,,,,,,,,
3,,,10719,,,0.286361962556839,,,,,,,,,,,
3,,,10739,,,0.5711122751235962,,,,,,,,,,,
3,,,10759,,,0.4541407525539398,,,,,,,,,,,
3,,,10779,,,0.28800225257873535,,,,,,,,,,,
3,,,10799,,,0.25751715898513794,,,,,,,,,,,
3,,,10819,,,0.4485224783420563,,,,,,,,,,,
3,,,10839,,,0.34616515040397644,,,,,,,,,,,
3,,,10859,,,0.43942034244537354,,,,,,,,,,,
3,,,10879,,,0.4753775894641876,,,,,,,,,,,
3,,,10899,,,0.42537909746170044,,,,,,,,,,,
3,,,10919,,,0.5450220704078674,,,,,,,,,,,
3,,,10939,,,0.3252030611038208,,,,,,,,,,,
3,,,10959,,,0.6139045357704163,,,,,,,,,,,
3,,,10979,,,0.2535591423511505,,,,,,,,,,,
3,,,10999,,,0.4825403392314911,,,,,,,,,,,
3,,,11019,,,0.24620522558689117,,,,,,,,,,,
3,,,11039,,,0.2002396583557129,,,,,,,,,,,
3,,,11059,,,0.4967638850212097,,,,,,,,,,,
3,,,11079,,,0.3486328423023224,,,,,,,,,,,
3,,,11099,,,0.35418984293937683,,,,,,,,,,,
3,,,11119,,,0.3036719262599945,,,,,,,,,,,
3,,,11139,,,0.4047033190727234,,,,,,,,,,,
3,,,11159,,,0.4173905849456787,,,,,,,,,,,
3,,,11179,,,0.21329468488693237,,,,,,,,,,,
3,,,11199,,,0.4133129119873047,,,,,,,,,,,
3,,,11219,,,0.2477770745754242,,,,,,,,,,,
3,,,11239,,,0.2238389104604721,,,,,,,,,,,
3,,,11259,,,0.22767873108386993,,,,,,,,,,,
3,,,11279,,,0.30350109934806824,,,,,,,,,,,
3,,,11299,,,0.595149040222168,,,,,,,,,,,
3,,,11319,,,0.18697106838226318,,,,,,,,,,,
3,,,11339,,,0.4283658266067505,,,,,,,,,,,
3,,,11359,,,0.2335929274559021,,,,,,,,,,,
3,,,11379,,,0.3079588711261749,,,,,,,,,,,
3,,,11399,,,0.3652637004852295,,,,,,,,,,,
3,,,11419,,,0.37707945704460144,,,,,,,,,,,
3,,,11439,,,0.2642330527305603,,,,,,,,,,,
3,,,11459,,,0.5029570460319519,,,,,,,,,,,
3,,,11479,,,0.21845412254333496,,,,,,,,,,,
3,,,11499,,,0.22396646440029144,,,,,,,,,,,
3,,,11519,,,0.28975552320480347,,,,,,,,,,,
3,,,11539,,,0.2211178094148636,,,,,,,,,,,
3,,,11559,,,0.44041183590888977,,,,,,,,,,,
3,,,11579,,,0.25268134474754333,,,,,,,,,,,
3,,,11599,,,0.3337318003177643,,,,,,,,,,,
3,,,11619,,,0.22880807518959045,,,,,,,,,,,
3,,,11639,,,0.3537712097167969,,,,,,,,,,,
3,,,11659,,,0.49914705753326416,,,,,,,,,,,
3,,,11679,,,0.32052454352378845,,,,,,,,,,,
3,,,11699,,,0.31574511528015137,,,,,,,,,,,
3,,,11719,,,0.4253443479537964,,,,,,,,,,,
3,,,11739,,,0.47843635082244873,,,,,,,,,,,
3,,,11759,,,0.6538437604904175,,,,,,,,,,,
3,,,11779,,,0.14239278435707092,,,,,,,,,,,
3,,,11799,,,0.2897298336029053,,,,,,,,,,,
3,,,11819,,,0.43275490403175354,,,,,,,,,,,
3,,,11839,,,0.44112810492515564,,,,,,,,,,,
3,,,11859,,,0.3080958127975464,,,,,,,,,,,
3,,,11879,,,0.4023120403289795,,,,,,,,,,,
3,,,11899,,,0.4558340013027191,,,,,,,,,,,
3,,,11919,,,0.31793412566185,,,,,,,,,,,
3,,,11939,,,0.32360363006591797,,,,,,,,,,,
3,,,11959,,,0.13033808767795563,,,,,,,,,,,
3,,,11979,,,0.4973745346069336,,,,,,,,,,,
3,,,11999,,,0.3723123073577881,,,,,,,,,,,
3,,,12019,,,0.21708497405052185,,,,,,,,,,,
3,,,12039,,,0.5428560972213745,,,,,,,,,,,
3,,,12059,,,0.45475834608078003,,,,,,,,,,,
3,,,12079,,,0.3007025718688965,,,,,,,,,,,
3,,,12099,,,0.5179062485694885,,,,,,,,,,,
3,,,12119,,,0.13246628642082214,,,,,,,,,,,
3,,,12139,,,0.2278781682252884,,,,,,,,,,,
3,,,12159,,,0.22876933217048645,,,,,,,,,,,
3,,,12179,,,0.23417209088802338,,,,,,,,,,,
3,,,12199,,,0.3264031708240509,,,,,,,,,,,
3,,,12219,,,0.1853107213973999,,,,,,,,,,,
3,,,12239,,,0.4063323438167572,,,,,,,,,,,
3,,,12259,,,0.24413031339645386,,,,,,,,,,,
3,,,12279,,,0.2276160567998886,,,,,,,,,,,
3,,,12299,,,0.34661951661109924,,,,,,,,,,,
3,,,12319,,,0.26268652081489563,,,,,,,,,,,
3,,,12339,,,0.31857141852378845,,,,,,,,,,,
3,,,12359,,,0.43341296911239624,,,,,,,,,,,
3,,,12379,,,0.4210560917854309,,,,,,,,,,,
3,,,12399,,,0.2968622148036957,,,,,,,,,,,
3,,,12419,,,0.4561537206172943,,,,,,,,,,,
3,,,12439,,,0.2784396708011627,,,,,,,,,,,
3,,,12459,,,0.26867929100990295,,,,,,,,,,,
3,,,12479,,,0.43436241149902344,,,,,,,,,,,
3,,,12499,,,0.5024867653846741,,,,,,,,,,,
3,,,12519,,,0.3560580015182495,,,,,,,,,,,
3,,,12539,,,0.2535642981529236,,,,,,,,,,,
3,,,12559,,,0.32665660977363586,,,,,,,,,,,
3,,,12579,,,0.3780166208744049,,,,,,,,,,,
3,,,12599,,,0.30706506967544556,,,,,,,,,,,
3,,,12619,,,0.2647325396537781,,,,,,,,,,,
3,,,12639,,,0.37955981492996216,,,,,,,,,,,
3,,,12659,,,0.21724462509155273,,,,,,,,,,,
3,,,12679,,,0.375679612159729,,,,,,,,,,,
3,,,12699,,,0.1687985211610794,,,,,,,,,,,
3,,,12719,,,0.4952070116996765,,,,,,,,,,,
3,,,12739,,,0.45898348093032837,,,,,,,,,,,
3,,,12759,,,0.4684518575668335,,,,,,,,,,,
3,,,12779,,,0.19579441845417023,,,,,,,,,,,
3,,,12799,,,0.28771334886550903,,,,,,,,,,,
3,,,12819,,,0.5960848331451416,,,,,,,,,,,
3,,,12839,,,0.24706287682056427,,,,,,,,,,,
3,,,12859,,,0.17572852969169617,,,,,,,,,,,
3,,,12879,,,0.42653030157089233,,,,,,,,,,,
3,,,12899,,,0.4256065785884857,,,,,,,,,,,
3,,,12919,,,0.42115092277526855,,,,,,,,,,,
3,,,12939,,,0.17590314149856567,,,,,,,,,,,
3,,,12959,,,0.335520476102829,,,,,,,,,,,
3,,,12979,,,0.37808758020401,,,,,,,,,,,
3,,,12999,,,0.22695021331310272,,,,,,,,,,,
3,,,13019,,,0.3403576910495758,,,,,,,,,,,
3,,,13039,,,0.36881715059280396,,,,,,,,,,,
3,,,13059,,,0.4019845724105835,,,,,,,,,,,
3,,,13079,,,0.6043623685836792,,,,,,,,,,,
3,,,13099,,,0.45269665122032166,,,,,,,,,,,
3,,,13119,,,0.12414949387311935,,,,,,,,,,,
3,,,13139,,,0.4593721330165863,,,,,,,,,,,
3,,,13159,,,0.7443721294403076,,,,,,,,,,,
3,,,13179,,,0.46199744939804077,,,,,,,,,,,
3,,,13199,,,0.47623980045318604,,,,,,,,,,,
3,,,13219,,,0.2804054319858551,,,,,,,,,,,
3,,,13239,,,0.42029356956481934,,,,,,,,,,,
3,,,13259,,,0.30135172605514526,,,,,,,,,,,
3,,,13279,,,0.1976989209651947,,,,,,,,,,,
3,,,13299,,,0.34395575523376465,,,,,,,,,,,
3,,,13319,,,0.3297649919986725,,,,,,,,,,,
3,,,13339,,,0.11689690500497818,,,,,,,,,,,
3,,,13359,,,0.3267313838005066,,,,,,,,,,,
3,,,13379,,,0.25206995010375977,,,,,,,,,,,
3,,,13399,,,0.5866565704345703,,,,,,,,,,,
3,,,13419,,,0.39479967951774597,,,,,,,,,,,
3,,,13439,,,0.5189560651779175,,,,,,,,,,,
3,,,13459,,,0.1876988410949707,,,,,,,,,,,
3,,,13479,,,0.6315600275993347,,,,,,,,,,,
3,,,13499,,,0.32576295733451843,,,,,,,,,,,
3,,,13519,,,0.21113082766532898,,,,,,,,,,,
3,,,13539,,,0.4649203419685364,,,,,,,,,,,
3,,,13559,,,0.5167852640151978,,,,,,,,,,,
3,,,13579,,,0.4749871492385864,,,,,,,,,,,
3,,,13599,,,0.2892838418483734,,,,,,,,,,,
3,,,13619,,,0.2653306722640991,,,,,,,,,,,
3,,,13639,,,0.3556901216506958,,,,,,,,,,,
3,,,13659,,,0.22028601169586182,,,,,,,,,,,
3,,,13679,,,0.17618419229984283,,,,,,,,,,,
3,,,13699,,,0.416944295167923,,,,,,,,,,,
3,,,13719,,,0.3460395336151123,,,,,,,,,,,
3,,,13739,,,0.24387748539447784,,,,,,,,,,,
3,,,13759,,,0.3607880771160126,,,,,,,,,,,
3,,,13779,,,0.5959517955780029,,,,,,,,,,,
3,,,13799,,,0.5702190399169922,,,,,,,,,,,
3,,,13819,,,0.47741037607192993,,,,,,,,,,,
3,,,13839,,,0.29055386781692505,,,,,,,,,,,
3,,,13859,,,0.3666374683380127,,,,,,,,,,,
3,,,13879,,,0.3093982934951782,,,,,,,,,,,
3,,,13899,,,0.3038814663887024,,,,,,,,,,,
3,,,13919,,,0.26185208559036255,,,,,,,,,,,
3,,,13927,,,,0.653190553188324,0.8715413808822632,0.6228063106536865,1.2099683284759521,0.6261354088783264,0.5204782485961914,0.6589409112930298,0.6546871662139893,0.8179261088371277,0.3729875683784485,0.653190553188324
3,,,13927,0.8533275127410889,0.35816922783851624,,,,,,,,,,,,
,0.00018749999999999998,0.00018749999999999998,13928,,,,,,,,,,,,,,
4,,,13939,,,0.23638084530830383,,,,,,,,,,,
4,,,13959,,,0.4533369243144989,,,,,,,,,,,
4,,,13979,,,0.3230450451374054,,,,,,,,,,,
4,,,13999,,,0.1476171612739563,,,,,,,,,,,
4,,,14019,,,0.2708362936973572,,,,,,,,,,,
4,,,14039,,,0.3957800269126892,,,,,,,,,,,
4,,,14059,,,0.3071445822715759,,,,,,,,,,,
4,,,14079,,,0.41013723611831665,,,,,,,,,,,
4,,,14099,,,0.4641314446926117,,,,,,,,,,,
4,,,14119,,,0.37179020047187805,,,,,,,,,,,
4,,,14139,,,0.425325870513916,,,,,,,,,,,
4,,,14159,,,0.7676177024841309,,,,,,,,,,,
4,,,14179,,,0.2874172627925873,,,,,,,,,,,
4,,,14199,,,0.4575352370738983,,,,,,,,,,,
4,,,14219,,,0.3997651934623718,,,,,,,,,,,
4,,,14239,,,0.27875885367393494,,,,,,,,,,,
4,,,14259,,,0.2597695589065552,,,,,,,,,,,
4,,,14279,,,0.30822205543518066,,,,,,,,,,,
4,,,14299,,,0.24238872528076172,,,,,,,,,,,
4,,,14319,,,0.40833210945129395,,,,,,,,,,,
4,,,14339,,,0.3752906620502472,,,,,,,,,,,
4,,,14359,,,0.40556684136390686,,,,,,,,,,,
4,,,14379,,,0.32885703444480896,,,,,,,,,,,
4,,,14399,,,0.41810986399650574,,,,,,,,,,,
4,,,14419,,,0.4645385444164276,,,,,,,,,,,
4,,,14439,,,0.2119261771440506,,,,,,,,,,,
4,,,14459,,,0.20248591899871826,,,,,,,,,,,
4,,,14479,,,0.30452457070350647,,,,,,,,,,,
4,,,14499,,,0.34839141368865967,,,,,,,,,,,
4,,,14519,,,0.2817798852920532,,,,,,,,,,,
4,,,14539,,,0.2303260713815689,,,,,,,,,,,
4,,,14559,,,0.46516141295433044,,,,,,,,,,,
4,,,14579,,,0.22353233397006989,,,,,,,,,,,
4,,,14599,,,0.34478896856307983,,,,,,,,,,,
4,,,14619,,,0.1548314094543457,,,,,,,,,,,
4,,,14639,,,0.3266448974609375,,,,,,,,,,,
4,,,14659,,,0.2321891486644745,,,,,,,,,,,
4,,,14679,,,0.2185640037059784,,,,,,,,,,,
4,,,14699,,,0.2802608013153076,,,,,,,,,,,
4,,,14719,,,0.4606068730354309,,,,,,,,,,,
4,,,14739,,,0.217999666929245,,,,,,,,,,,
4,,,14759,,,0.3027469217777252,,,,,,,,,,,
4,,,14779,,,0.2170415073633194,,,,,,,,,,,
4,,,14799,,,0.15624266862869263,,,,,,,,,,,
4,,,14819,,,0.15343478322029114,,,,,,,,,,,
4,,,14839,,,0.29844868183135986,,,,,,,,,,,
4,,,14859,,,0.3534482717514038,,,,,,,,,,,
4,,,14879,,,0.3815431296825409,,,,,,,,,,,
4,,,14899,,,0.4208313524723053,,,,,,,,,,,
4,,,14919,,,0.2544325292110443,,,,,,,,,,,
4,,,14939,,,0.6292438507080078,,,,,,,,,,,
4,,,14959,,,0.37273281812667847,,,,,,,,,,,
4,,,14979,,,0.2668697237968445,,,,,,,,,,,
4,,,14999,,,0.5191160440444946,,,,,,,,,,,
4,,,15019,,,0.21313686668872833,,,,,,,,,,,
4,,,15039,,,0.2634928226470947,,,,,,,,,,,
4,,,15059,,,0.13787886500358582,,,,,,,,,,,
4,,,15079,,,0.19943808019161224,,,,,,,,,,,
4,,,15099,,,0.5721595287322998,,,,,,,,,,,
4,,,15119,,,0.22404831647872925,,,,,,,,,,,
4,,,15139,,,0.43944835662841797,,,,,,,,,,,
4,,,15159,,,0.3270243704319,,,,,,,,,,,
4,,,15179,,,0.15339326858520508,,,,,,,,,,,
4,,,15199,,,0.2014743983745575,,,,,,,,,,,
4,,,15219,,,0.6065016388893127,,,,,,,,,,,
4,,,15239,,,0.3377642333507538,,,,,,,,,,,
4,,,15259,,,0.3459244966506958,,,,,,,,,,,
4,,,15279,,,0.23804189264774323,,,,,,,,,,,
4,,,15299,,,0.13424770534038544,,,,,,,,,,,
4,,,15319,,,0.2166765332221985,,,,,,,,,,,
4,,,15339,,,0.2106778919696808,,,,,,,,,,,
4,,,15359,,,0.3275386691093445,,,,,,,,,,,
4,,,15379,,,0.31736499071121216,,,,,,,,,,,
4,,,15399,,,0.2103850543498993,,,,,,,,,,,
4,,,15419,,,0.49747323989868164,,,,,,,,,,,
4,,,15439,,,0.3055824339389801,,,,,,,,,,,
4,,,15459,,,0.1688215732574463,,,,,,,,,,,
4,,,15479,,,0.8204140663146973,,,,,,,,,,,
4,,,15499,,,0.25052928924560547,,,,,,,,,,,
4,,,15519,,,0.26917192339897156,,,,,,,,,,,
4,,,15539,,,0.15616999566555023,,,,,,,,,,,
4,,,15559,,,0.32745981216430664,,,,,,,,,,,
4,,,15579,,,0.16566713154315948,,,,,,,,,,,
4,,,15599,,,0.43663525581359863,,,,,,,,,,,
4,,,15619,,,0.20101207494735718,,,,,,,,,,,
4,,,15639,,,0.21838444471359253,,,,,,,,,,,
4,,,15659,,,0.1608911156654358,,,,,,,,,,,
4,,,15679,,,0.32273292541503906,,,,,,,,,,,
4,,,15699,,,0.4071996510028839,,,,,,,,,,,
4,,,15719,,,0.28393352031707764,,,,,,,,,,,
4,,,15739,,,0.18801361322402954,,,,,,,,,,,
4,,,15759,,,0.2857140302658081,,,,,,,,,,,
4,,,15779,,,0.21128833293914795,,,,,,,,,,,
4,,,15799,,,0.22563433647155762,,,,,,,,,,,
4,,,15819,,,0.2112358808517456,,,,,,,,,,,
4,,,15839,,,0.2602614164352417,,,,,,,,,,,
4,,,15859,,,0.38840147852897644,,,,,,,,,,,
4,,,15879,,,0.2556098401546478,,,,,,,,,,,
4,,,15899,,,0.41865482926368713,,,,,,,,,,,
4,,,15919,,,0.3840242922306061,,,,,,,,,,,
4,,,15939,,,0.16356250643730164,,,,,,,,,,,
4,,,15959,,,0.17794816195964813,,,,,,,,,,,
4,,,15979,,,0.3513736128807068,,,,,,,,,,,
4,,,15999,,,0.27479299902915955,,,,,,,,,,,
4,,,16019,,,0.2630513906478882,,,,,,,,,,,
4,,,16039,,,0.28149911761283875,,,,,,,,,,,
4,,,16059,,,0.4029237627983093,,,,,,,,,,,
4,,,16079,,,0.2533806264400482,,,,,,,,,,,
4,,,16099,,,0.5309844017028809,,,,,,,,,,,
4,,,16119,,,0.2763579487800598,,,,,,,,,,,
4,,,16139,,,0.15517933666706085,,,,,,,,,,,
4,,,16159,,,0.29135429859161377,,,,,,,,,,,
4,,,16179,,,0.4012524485588074,,,,,,,,,,,
4,,,16199,,,0.4418080747127533,,,,,,,,,,,
4,,,16219,,,0.395272821187973,,,,,,,,,,,
4,,,16239,,,0.35298827290534973,,,,,,,,,,,
4,,,16259,,,0.37453344464302063,,,,,,,,,,,
4,,,16279,,,0.43232491612434387,,,,,,,,,,,
4,,,16299,,,0.27002227306365967,,,,,,,,,,,
4,,,16319,,,0.25167155265808105,,,,,,,,,,,
4,,,16339,,,0.5561769008636475,,,,,,,,,,,
4,,,16359,,,0.18794794380664825,,,,,,,,,,,
4,,,16379,,,0.25920751690864563,,,,,,,,,,,
4,,,16399,,,0.8471848368644714,,,,,,,,,,,
4,,,16419,,,0.2973270118236542,,,,,,,,,,,
4,,,16439,,,0.44494056701660156,,,,,,,,,,,
4,,,16459,,,0.3662198781967163,,,,,,,,,,,
4,,,16479,,,0.41890883445739746,,,,,,,,,,,
4,,,16499,,,0.14004969596862793,,,,,,,,,,,
4,,,16519,,,0.40795964002609253,,,,,,,,,,,
4,,,16539,,,0.2624751329421997,,,,,,,,,,,
4,,,16559,,,0.35251468420028687,,,,,,,,,,,
4,,,16579,,,0.26377764344215393,,,,,,,,,,,
4,,,16599,,,0.6702980995178223,,,,,,,,,,,
4,,,16619,,,0.3354044258594513,,,,,,,,,,,
4,,,16639,,,0.27267730236053467,,,,,,,,,,,
4,,,16659,,,0.14508824050426483,,,,,,,,,,,
4,,,16679,,,0.17489776015281677,,,,,,,,,,,
4,,,16699,,,0.2517506778240204,,,,,,,,,,,
4,,,16719,,,0.2615598738193512,,,,,,,,,,,
4,,,16739,,,0.29026755690574646,,,,,,,,,,,
4,,,16759,,,0.42575812339782715,,,,,,,,,,,
4,,,16779,,,0.13310132920742035,,,,,,,,,,,
4,,,16799,,,0.1688612699508667,,,,,,,,,,,
4,,,16819,,,0.17724286019802094,,,,,,,,,,,
4,,,16839,,,0.3244529664516449,,,,,,,,,,,
4,,,16859,,,0.375755250453949,,,,,,,,,,,
4,,,16879,,,0.23473431169986725,,,,,,,,,,,
4,,,16899,,,0.1784793883562088,,,,,,,,,,,
4,,,16919,,,0.2645481526851654,,,,,,,,,,,
4,,,16939,,,0.3300928771495819,,,,,,,,,,,
4,,,16959,,,0.17660287022590637,,,,,,,,,,,
4,,,16979,,,0.5083459615707397,,,,,,,,,,,
4,,,16999,,,0.25444310903549194,,,,,,,,,,,
4,,,17019,,,0.35668739676475525,,,,,,,,,,,
4,,,17039,,,0.21983352303504944,,,,,,,,,,,
4,,,17059,,,0.12691251933574677,,,,,,,,,,,
4,,,17079,,,0.39319753646850586,,,,,,,,,,,
4,,,17099,,,0.2574794292449951,,,,,,,,,,,
4,,,17119,,,0.15706361830234528,,,,,,,,,,,
4,,,17139,,,0.14995655417442322,,,,,,,,,,,
4,,,17159,,,0.4158199429512024,,,,,,,,,,,
4,,,17179,,,0.20249629020690918,,,,,,,,,,,
4,,,17199,,,0.35130083560943604,,,,,,,,,,,
4,,,17219,,,0.18541033565998077,,,,,,,,,,,
4,,,17239,,,0.21267250180244446,,,,,,,,,,,
4,,,17259,,,0.2040453404188156,,,,,,,,,,,
4,,,17279,,,0.4764766991138458,,,,,,,,,,,
4,,,17299,,,0.2632710039615631,,,,,,,,,,,
4,,,17319,,,0.33544233441352844,,,,,,,,,,,
4,,,17339,,,0.29133933782577515,,,,,,,,,,,
4,,,17359,,,0.20364034175872803,,,,,,,,,,,
4,,,17379,,,0.29997438192367554,,,,,,,,,,,
4,,,17399,,,0.4444989562034607,,,,,,,,,,,
4,,,17409,,,,0.573416531085968,0.8298274278640747,0.5743066072463989,1.8257988691329956,0.5974118113517761,0.4529262185096741,0.4662972390651703,0.6268417239189148,0.8226200342178345,0.47388821840286255,0.573416531085968
4,,,17409,0.8706787824630737,0.3171561658382416,,,,,,,,,,,,
,0.000225,0.000225,17410,,,,,,,,,,,,,,
5,,,17419,,,0.2578294575214386,,,,,,,,,,,
5,,,17439,,,0.147071972489357,,,,,,,,,,,
5,,,17459,,,0.1422676146030426,,,,,,,,,,,
5,,,17479,,,0.21098381280899048,,,,,,,,,,,
5,,,17499,,,0.4132764935493469,,,,,,,,,,,
5,,,17519,,,0.25693386793136597,,,,,,,,,,,
5,,,17539,,,0.2711365520954132,,,,,,,,,,,
5,,,17559,,,0.4365401566028595,,,,,,,,,,,
5,,,17579,,,0.434623658657074,,,,,,,,,,,
5,,,17599,,,0.24330395460128784,,,,,,,,,,,
5,,,17619,,,0.33238810300827026,,,,,,,,,,,
5,,,17639,,,0.2894514501094818,,,,,,,,,,,
5,,,17659,,,0.13402722775936127,,,,,,,,,,,
5,,,17679,,,0.3028165102005005,,,,,,,,,,,
5,,,17699,,,0.18013030290603638,,,,,,,,,,,
5,,,17719,,,0.18042699992656708,,,,,,,,,,,
5,,,17739,,,0.3304663896560669,,,,,,,,,,,
5,,,17759,,,0.6083725094795227,,,,,,,,,,,
5,,,17779,,,0.36660218238830566,,,,,,,,,,,
5,,,17799,,,0.24803143739700317,,,,,,,,,,,
5,,,17819,,,0.26297420263290405,,,,,,,,,,,
5,,,17839,,,0.28397148847579956,,,,,,,,,,,
5,,,17859,,,0.6714797019958496,,,,,,,,,,,
5,,,17879,,,0.38385266065597534,,,,,,,,,,,
5,,,17899,,,0.4259761869907379,,,,,,,,,,,
5,,,17919,,,0.3025280833244324,,,,,,,,,,,
5,,,17939,,,0.3797566294670105,,,,,,,,,,,
5,,,17959,,,0.20633290708065033,,,,,,,,,,,
5,,,17979,,,0.2191297858953476,,,,,,,,,,,
5,,,17999,,,0.17360906302928925,,,,,,,,,,,
5,,,18019,,,0.47528699040412903,,,,,,,,,,,
5,,,18039,,,0.25151777267456055,,,,,,,,,,,
5,,,18059,,,0.13922372460365295,,,,,,,,,,,
5,,,18079,,,0.45162320137023926,,,,,,,,,,,
5,,,18099,,,0.21707876026630402,,,,,,,,,,,
5,,,18119,,,0.2568783760070801,,,,,,,,,,,
5,,,18139,,,0.310872882604599,,,,,,,,,,,
5,,,18159,,,0.1474999636411667,,,,,,,,,,,
5,,,18179,,,0.4164760708808899,,,,,,,,,,,
5,,,18199,,,0.31866469979286194,,,,,,,,,,,
5,,,18219,,,0.30560043454170227,,,,,,,,,,,
5,,,18239,,,0.32363200187683105,,,,,,,,,,,
5,,,18259,,,0.41701510548591614,,,,,,,,,,,
5,,,18279,,,0.0954141840338707,,,,,,,,,,,
5,,,18299,,,0.21258878707885742,,,,,,,,,,,
5,,,18319,,,0.2677934765815735,,,,,,,,,,,
5,,,18339,,,0.29772233963012695,,,,,,,,,,,
5,,,18359,,,0.47132715582847595,,,,,,,,,,,
5,,,18379,,,0.11541613936424255,,,,,,,,,,,
5,,,18399,,,0.3850550651550293,,,,,,,,,,,
5,,,18419,,,0.14999288320541382,,,,,,,,,,,
5,,,18439,,,0.3158995807170868,,,,,,,,,,,
5,,,18459,,,0.14095522463321686,,,,,,,,,,,
5,,,18479,,,0.34355542063713074,,,,,,,,,,,
5,,,18499,,,0.3498476445674896,,,,,,,,,,,
5,,,18519,,,0.30409982800483704,,,,,,,,,,,
5,,,18539,,,0.19724741578102112,,,,,,,,,,,
5,,,18559,,,0.3848656415939331,,,,,,,,,,,
5,,,18579,,,0.22811178863048553,,,,,,,,,,,
5,,,18599,,,0.1832660287618637,,,,,,,,,,,
5,,,18619,,,0.2550882399082184,,,,,,,,,,,
5,,,18639,,,0.6165953874588013,,,,,,,,,,,
5,,,18659,,,0.24167107045650482,,,,,,,,,,,
5,,,18679,,,0.2820606529712677,,,,,,,,,,,
5,,,18699,,,0.2507638931274414,,,,,,,,,,,
5,,,18719,,,0.2520577311515808,,,,,,,,,,,
5,,,18739,,,0.1875455528497696,,,,,,,,,,,
5,,,18759,,,0.2932896018028259,,,,,,,,,,,
5,,,18779,,,0.31349337100982666,,,,,,,,,,,
5,,,18799,,,0.18670418858528137,,,,,,,,,,,
5,,,18819,,,0.18938760459423065,,,,,,,,,,,
5,,,18839,,,0.12920495867729187,,,,,,,,,,,
5,,,18859,,,0.4142707288265228,,,,,,,,,,,
5,,,18879,,,0.47024592757225037,,,,,,,,,,,
5,,,18899,,,0.3315972089767456,,,,,,,,,,,
5,,,18919,,,0.2173723727464676,,,,,,,,,,,
5,,,18939,,,0.3898203670978546,,,,,,,,,,,
5,,,18959,,,0.12986105680465698,,,,,,,,,,,
5,,,18979,,,0.14864665269851685,,,,,,,,,,,
5,,,18999,,,0.37203729152679443,,,,,,,,,,,
5,,,19019,,,0.22348782420158386,,,,,,,,,,,
5,,,19039,,,0.2893996834754944,,,,,,,,,,,
5,,,19059,,,0.5520200133323669,,,,,,,,,,,
5,,,19079,,,0.3364335000514984,,,,,,,,,,,
5,,,19099,,,0.11244338750839233,,,,,,,,,,,
5,,,19119,,,0.30828607082366943,,,,,,,,,,,
5,,,19139,,,0.17991548776626587,,,,,,,,,,,
5,,,19159,,,0.2637043595314026,,,,,,,,,,,
5,,,19179,,,0.23407883942127228,,,,,,,,,,,
5,,,19199,,,0.24903488159179688,,,,,,,,,,,
5,,,19219,,,0.1947755515575409,,,,,,,,,,,
5,,,19239,,,0.2534865438938141,,,,,,,,,,,
5,,,19259,,,0.1354437619447708,,,,,,,,,,,
5,,,19279,,,0.23651623725891113,,,,,,,,,,,
5,,,19299,,,0.2299492061138153,,,,,,,,,,,
5,,,19319,,,0.2372218668460846,,,,,,,,,,,
5,,,19339,,,0.33544257283210754,,,,,,,,,,,
5,,,19359,,,0.3681209087371826,,,,,,,,,,,
5,,,19379,,,0.38571199774742126,,,,,,,,,,,
5,,,19399,,,0.6037380695343018,,,,,,,,,,,
5,,,19419,,,0.701440155506134,,,,,,,,,,,
5,,,19439,,,0.14143964648246765,,,,,,,,,,,
5,,,19459,,,0.27550986409187317,,,,,,,,,,,
5,,,19479,,,0.21599081158638,,,,,,,,,,,
5,,,19499,,,0.3294025957584381,,,,,,,,,,,
5,,,19519,,,0.3521077632904053,,,,,,,,,,,
5,,,19539,,,0.1951923817396164,,,,,,,,,,,
5,,,19559,,,0.15372227132320404,,,,,,,,,,,
5,,,19579,,,0.14564578235149384,,,,,,,,,,,
5,,,19599,,,0.24122080206871033,,,,,,,,,,,
5,,,19619,,,0.398715078830719,,,,,,,,,,,
5,,,19639,,,0.24306687712669373,,,,,,,,,,,
5,,,19659,,,0.24086420238018036,,,,,,,,,,,
5,,,19679,,,0.2839093804359436,,,,,,,,,,,
5,,,19699,,,0.28435665369033813,,,,,,,,,,,
5,,,19719,,,0.144038587808609,,,,,,,,,,,
5,,,19739,,,0.1472548395395279,,,,,,,,,,,
5,,,19759,,,0.11878389865159988,,,,,,,,,,,
5,,,19779,,,0.20031443238258362,,,,,,,,,,,
5,,,19799,,,0.1315218210220337,,,,,,,,,,,
5,,,19819,,,0.29996058344841003,,,,,,,,,,,
5,,,19839,,,0.26832324266433716,,,,,,,,,,,
5,,,19859,,,0.46810513734817505,,,,,,,,,,,
5,,,19879,,,0.2315639853477478,,,,,,,,,,,
5,,,19899,,,0.49736154079437256,,,,,,,,,,,
5,,,19919,,,0.2468355894088745,,,,,,,,,,,
5,,,19939,,,0.24111640453338623,,,,,,,,,,,
5,,,19959,,,0.17511077225208282,,,,,,,,,,,
5,,,19979,,,0.2849070131778717,,,,,,,,,,,
5,,,19999,,,0.2588731348514557,,,,,,,,,,,
5,,,20019,,,0.22231312096118927,,,,,,,,,,,
5,,,20039,,,0.17218109965324402,,,,,,,,,,,
5,,,20059,,,0.3457467257976532,,,,,,,,,,,
5,,,20079,,,0.23116983473300934,,,,,,,,,,,
5,,,20099,,,0.45611676573753357,,,,,,,,,,,
5,,,20119,,,0.6340103149414062,,,,,,,,,,,
5,,,20139,,,0.18127812445163727,,,,,,,,,,,
5,,,20159,,,0.1856650859117508,,,,,,,,,,,
5,,,20179,,,0.3755989372730255,,,,,,,,,,,
5,,,20199,,,0.5575690269470215,,,,,,,,,,,
5,,,20219,,,0.2435474842786789,,,,,,,,,,,
5,,,20239,,,0.1858920007944107,,,,,,,,,,,
5,,,20259,,,0.22055211663246155,,,,,,,,,,,
5,,,20279,,,0.4569356143474579,,,,,,,,,,,
5,,,20299,,,0.4933587908744812,,,,,,,,,,,
5,,,20319,,,0.24826565384864807,,,,,,,,,,,
5,,,20339,,,0.3076290190219879,,,,,,,,,,,
5,,,20359,,,0.2537840008735657,,,,,,,,,,,
5,,,20379,,,0.14133049547672272,,,,,,,,,,,
5,,,20399,,,0.1262226700782776,,,,,,,,,,,
5,,,20419,,,0.3375075161457062,,,,,,,,,,,
5,,,20439,,,0.1869768500328064,,,,,,,,,,,
5,,,20459,,,0.32126501202583313,,,,,,,,,,,
5,,,20479,,,0.20357510447502136,,,,,,,,,,,
5,,,20499,,,0.2425229251384735,,,,,,,,,,,
5,,,20519,,,0.4116242825984955,,,,,,,,,,,
5,,,20539,,,0.3008185029029846,,,,,,,,,,,
5,,,20559,,,0.1752084344625473,,,,,,,,,,,
5,,,20579,,,0.21586711704730988,,,,,,,,,,,
5,,,20599,,,0.15068532526493073,,,,,,,,,,,
5,,,20619,,,0.13754859566688538,,,,,,,,,,,
5,,,20639,,,0.1511240005493164,,,,,,,,,,,
5,,,20659,,,0.43339526653289795,,,,,,,,,,,
5,,,20679,,,0.27869778871536255,,,,,,,,,,,
5,,,20699,,,0.0984191745519638,,,,,,,,,,,
5,,,20719,,,0.207910418510437,,,,,,,,,,,
5,,,20739,,,0.29574331641197205,,,,,,,,,,,
5,,,20759,,,0.42232808470726013,,,,,,,,,,,
5,,,20779,,,0.2604478597640991,,,,,,,,,,,
5,,,20799,,,0.14452354609966278,,,,,,,,,,,
5,,,20819,,,0.208156555891037,,,,,,,,,,,
5,,,20839,,,0.15246963500976562,,,,,,,,,,,
5,,,20859,,,0.1285223513841629,,,,,,,,,,,
5,,,20879,,,0.22973628342151642,,,,,,,,,,,
5,,,20891,,,,0.5738751292228699,0.8219724893569946,0.5685687065124512,1.7697833776474,0.5785235166549683,0.4348437190055847,0.5146300792694092,0.5356453657150269,0.8240670561790466,0.43975135684013367,0.5738751292228699
5,,,20891,0.8829346895217896,0.28873899579048157,,,,,,,,,,,,
,0.0002625,0.0002625,20892,,,,,,,,,,,,,,
6,,,20899,,,0.23437422513961792,,,,,,,,,,,
6,,,20919,,,0.3454008102416992,,,,,,,,,,,
6,,,20939,,,0.347320020198822,,,,,,,,,,,
6,,,20959,,,0.16936072707176208,,,,,,,,,,,
6,,,20979,,,0.1559440791606903,,,,,,,,,,,
6,,,20999,,,0.3875846862792969,,,,,,,,,,,
6,,,21019,,,0.2798601984977722,,,,,,,,,,,
6,,,21039,,,0.27391961216926575,,,,,,,,,,,
6,,,21059,,,0.27782636880874634,,,,,,,,,,,
6,,,21079,,,0.24221277236938477,,,,,,,,,,,
6,,,21099,,,0.16225378215312958,,,,,,,,,,,
6,,,21119,,,0.10172701627016068,,,,,,,,,,,
6,,,21139,,,0.33563363552093506,,,,,,,,,,,
6,,,21159,,,0.2216043472290039,,,,,,,,,,,
6,,,21179,,,0.14009198546409607,,,,,,,,,,,
6,,,21199,,,0.182599738240242,,,,,,,,,,,
6,,,21219,,,0.2569345533847809,,,,,,,,,,,
6,,,21239,,,0.28045138716697693,,,,,,,,,,,
6,,,21259,,,0.1817025989294052,,,,,,,,,,,
6,,,21279,,,0.22684979438781738,,,,,,,,,,,
6,,,21299,,,0.2570805847644806,,,,,,,,,,,
6,,,21319,,,0.3370322287082672,,,,,,,,,,,
6,,,21339,,,0.10695312172174454,,,,,,,,,,,
6,,,21359,,,0.3106641173362732,,,,,,,,,,,
6,,,21379,,,0.36933082342147827,,,,,,,,,,,
6,,,21399,,,0.2604907155036926,,,,,,,,,,,
6,,,21419,,,0.33246785402297974,,,,,,,,,,,
6,,,21439,,,0.2325529307126999,,,,,,,,,,,
6,,,21459,,,0.08625633269548416,,,,,,,,,,,
6,,,21479,,,0.22799882292747498,,,,,,,,,,,
6,,,21499,,,0.28136223554611206,,,,,,,,,,,
6,,,21519,,,0.17917369306087494,,,,,,,,,,,
6,,,21539,,,0.27637842297554016,,,,,,,,,,,
6,,,21559,,,0.2865195870399475,,,,,,,,,,,
6,,,21579,,,0.6313996315002441,,,,,,,,,,,
6,,,21599,,,0.11627394706010818,,,,,,,,,,,
6,,,21619,,,0.4622771143913269,,,,,,,,,,,
6,,,21639,,,0.17942722141742706,,,,,,,,,,,
6,,,21659,,,0.270369291305542,,,,,,,,,,,
6,,,21679,,,0.43021824955940247,,,,,,,,,,,
6,,,21699,,,0.20807676017284393,,,,,,,,,,,
6,,,21719,,,0.36309847235679626,,,,,,,,,,,
6,,,21739,,,0.3410963714122772,,,,,,,,,,,
6,,,21759,,,0.15897415578365326,,,,,,,,,,,
6,,,21779,,,0.2373143881559372,,,,,,,,,,,
6,,,21799,,,0.27418532967567444,,,,,,,,,,,
6,,,21819,,,0.40443047881126404,,,,,,,,,,,
6,,,21839,,,0.23195374011993408,,,,,,,,,,,
6,,,21859,,,0.45362573862075806,,,,,,,,,,,
6,,,21879,,,0.27092257142066956,,,,,,,,,,,
6,,,21899,,,0.22381380200386047,,,,,,,,,,,
6,,,21919,,,0.24893690645694733,,,,,,,,,,,
6,,,21939,,,0.2470475286245346,,,,,,,,,,,
6,,,21959,,,0.10093612223863602,,,,,,,,,,,
6,,,21979,,,0.1304769068956375,,,,,,,,,,,
6,,,21999,,,0.27433446049690247,,,,,,,,,,,
6,,,22019,,,0.29188939929008484,,,,,,,,,,,
6,,,22039,,,0.23125772178173065,,,,,,,,,,,
6,,,22059,,,0.2393801212310791,,,,,,,,,,,
6,,,22079,,,0.5361117124557495,,,,,,,,,,,
6,,,22099,,,0.1737470030784607,,,,,,,,,,,
6,,,22119,,,0.13971586525440216,,,,,,,,,,,
6,,,22139,,,0.2388317883014679,,,,,,,,,,,
6,,,22159,,,0.18771278858184814,,,,,,,,,,,
6,,,22179,,,0.09411904215812683,,,,,,,,,,,
6,,,22199,,,0.3820604085922241,,,,,,,,,,,
6,,,22219,,,0.37725040316581726,,,,,,,,,,,
6,,,22239,,,0.264146089553833,,,,,,,,,,,
6,,,22259,,,0.22533103823661804,,,,,,,,,,,
6,,,22279,,,0.24467669427394867,,,,,,,,,,,
6,,,22299,,,0.11611153185367584,,,,,,,,,,,
6,,,22319,,,0.2505202889442444,,,,,,,,,,,
6,,,22339,,,0.127497136592865,,,,,,,,,,,
6,,,22359,,,0.4833570122718811,,,,,,,,,,,
6,,,22379,,,0.2500191032886505,,,,,,,,,,,
6,,,22399,,,0.5283116698265076,,,,,,,,,,,
6,,,22419,,,0.2805923819541931,,,,,,,,,,,
6,,,22439,,,0.6002617478370667,,,,,,,,,,,
6,,,22459,,,0.1377536952495575,,,,,,,,,,,
6,,,22479,,,0.2049819529056549,,,,,,,,,,,
6,,,22499,,,0.3112591803073883,,,,,,,,,,,
6,,,22519,,,0.13609236478805542,,,,,,,,,,,
6,,,22539,,,0.15579597651958466,,,,,,,,,,,
6,,,22559,,,0.13698981702327728,,,,,,,,,,,
6,,,22579,,,0.22388780117034912,,,,,,,,,,,
6,,,22599,,,0.12489990890026093,,,,,,,,,,,
6,,,22619,,,0.19719833135604858,,,,,,,,,,,
6,,,22639,,,0.18551138043403625,,,,,,,,,,,
6,,,22659,,,0.256552129983902,,,,,,,,,,,
6,,,22679,,,0.3862469792366028,,,,,,,,,,,
6,,,22699,,,0.13116542994976044,,,,,,,,,,,
6,,,22719,,,0.20061659812927246,,,,,,,,,,,
6,,,22739,,,0.10524081438779831,,,,,,,,,,,
6,,,22759,,,0.1870870143175125,,,,,,,,,,,
6,,,22779,,,0.06617364287376404,,,,,,,,,,,
6,,,22799,,,0.3018094003200531,,,,,,,,,,,
6,,,22819,,,0.09942381829023361,,,,,,,,,,,
6,,,22839,,,0.19684481620788574,,,,,,,,,,,
6,,,22859,,,0.23202401399612427,,,,,,,,,,,
6,,,22879,,,0.054216109216213226,,,,,,,,,,,
6,,,22899,,,0.2093743085861206,,,,,,,,,,,
6,,,22919,,,0.304231196641922,,,,,,,,,,,
6,,,22939,,,0.1979055404663086,,,,,,,,,,,
6,,,22959,,,0.20591865479946136,,,,,,,,,,,
6,,,22979,,,0.19254224002361298,,,,,,,,,,,
6,,,22999,,,0.628704845905304,,,,,,,,,,,
6,,,23019,,,0.18330982327461243,,,,,,,,,,,
6,,,23039,,,0.1757444590330124,,,,,,,,,,,
6,,,23059,,,0.09694809466600418,,,,,,,,,,,
6,,,23079,,,0.722805380821228,,,,,,,,,,,
6,,,23099,,,0.09111663699150085,,,,,,,,,,,
6,,,23119,,,0.2564998269081116,,,,,,,,,,,
6,,,23139,,,0.08038534969091415,,,,,,,,,,,
6,,,23159,,,0.10148844122886658,,,,,,,,,,,
6,,,23179,,,0.15513966977596283,,,,,,,,,,,
6,,,23199,,,0.26030972599983215,,,,,,,,,,,
6,,,23219,,,0.25043898820877075,,,,,,,,,,,
6,,,23239,,,0.3451926112174988,,,,,,,,,,,
6,,,23259,,,0.2781638503074646,,,,,,,,,,,
6,,,23279,,,0.0911840945482254,,,,,,,,,,,
6,,,23299,,,0.26620233058929443,,,,,,,,,,,
6,,,23319,,,0.3093125522136688,,,,,,,,,,,
6,,,23339,,,0.5965179800987244,,,,,,,,,,,
6,,,23359,,,0.3779001533985138,,,,,,,,,,,
6,,,23379,,,0.36810967326164246,,,,,,,,,,,
6,,,23399,,,0.25224217772483826,,,,,,,,,,,
6,,,23419,,,0.1801689714193344,,,,,,,,,,,
6,,,23439,,,0.12405630201101303,,,,,,,,,,,
6,,,23459,,,0.24027441442012787,,,,,,,,,,,
6,,,23479,,,0.17103895545005798,,,,,,,,,,,
6,,,23499,,,0.1863548904657364,,,,,,,,,,,
6,,,23519,,,0.3668467402458191,,,,,,,,,,,
6,,,23539,,,0.2480744570493698,,,,,,,,,,,
6,,,23559,,,0.35107195377349854,,,,,,,,,,,
6,,,23579,,,0.3325171172618866,,,,,,,,,,,
6,,,23599,,,0.27049723267555237,,,,,,,,,,,
6,,,23619,,,0.3391467034816742,,,,,,,,,,,
6,,,23639,,,0.3448697030544281,,,,,,,,,,,
6,,,23659,,,0.31652528047561646,,,,,,,,,,,
6,,,23679,,,0.14098355174064636,,,,,,,,,,,
6,,,23699,,,0.30876028537750244,,,,,,,,,,,
6,,,23719,,,0.2328399121761322,,,,,,,,,,,
6,,,23739,,,0.1493866741657257,,,,,,,,,,,
6,,,23759,,,0.11666414886713028,,,,,,,,,,,
6,,,23779,,,0.15544292330741882,,,,,,,,,,,
6,,,23799,,,0.15176384150981903,,,,,,,,,,,
6,,,23819,,,0.09483525902032852,,,,,,,,,,,
6,,,23839,,,0.1519974321126938,,,,,,,,,,,
6,,,23859,,,0.1922178566455841,,,,,,,,,,,
6,,,23879,,,0.19707058370113373,,,,,,,,,,,
6,,,23899,,,0.2183021456003189,,,,,,,,,,,
6,,,23919,,,0.4233768582344055,,,,,,,,,,,
6,,,23939,,,0.2244018018245697,,,,,,,,,,,
6,,,23959,,,0.3509577214717865,,,,,,,,,,,
6,,,23979,,,0.606238067150116,,,,,,,,,,,
6,,,23999,,,0.2010754495859146,,,,,,,,,,,
6,,,24019,,,0.2562564015388489,,,,,,,,,,,
6,,,24039,,,0.2375667542219162,,,,,,,,,,,
6,,,24059,,,0.22336822748184204,,,,,,,,,,,
6,,,24079,,,0.23456528782844543,,,,,,,,,,,
6,,,24099,,,0.15302065014839172,,,,,,,,,,,
6,,,24119,,,0.45168909430503845,,,,,,,,,,,
6,,,24139,,,0.27462080121040344,,,,,,,,,,,
6,,,24159,,,0.11082004010677338,,,,,,,,,,,
6,,,24179,,,0.15047430992126465,,,,,,,,,,,
6,,,24199,,,0.17493093013763428,,,,,,,,,,,
6,,,24219,,,0.20862682163715363,,,,,,,,,,,
6,,,24239,,,0.29254305362701416,,,,,,,,,,,
6,,,24259,,,0.6366094350814819,,,,,,,,,,,
6,,,24279,,,0.5540910363197327,,,,,,,,,,,
6,,,24299,,,0.12655305862426758,,,,,,,,,,,
6,,,24319,,,0.35202938318252563,,,,,,,,,,,
6,,,24339,,,0.1007491797208786,,,,,,,,,,,
6,,,24359,,,0.2433084100484848,,,,,,,,,,,
6,,,24373,,,,0.6246404647827148,0.8487216234207153,0.6104342937469482,1.6462242603302002,0.6081544756889343,0.4998721778392792,0.600243330001831,0.6203821897506714,0.7928977608680725,0.41909468173980713,0.6246404647827148
6,,,24373,0.8938797116279602,0.26274603605270386,,,,,,,,,,,,
,0.0003,0.0003,24374,,,,,,,,,,,,,,
7,,,24379,,,0.17073781788349152,,,,,,,,,,,
7,,,24399,,,0.35483095049858093,,,,,,,,,,,
7,,,24419,,,0.4046761393547058,,,,,,,,,,,
7,,,24439,,,0.12586961686611176,,,,,,,,,,,
7,,,24459,,,0.31565243005752563,,,,,,,,,,,
7,,,24479,,,0.23328258097171783,,,,,,,,,,,
7,,,24499,,,0.5525995492935181,,,,,,,,,,,
7,,,24519,,,0.37417346239089966,,,,,,,,,,,
7,,,24539,,,0.1338770091533661,,,,,,,,,,,
7,,,24559,,,0.10075267404317856,,,,,,,,,,,
7,,,24579,,,0.12633204460144043,,,,,,,,,,,
7,,,24599,,,0.19930920004844666,,,,,,,,,,,
7,,,24619,,,0.16393734514713287,,,,,,,,,,,
7,,,24639,,,0.20088210701942444,,,,,,,,,,,
7,,,24659,,,0.08434511721134186,,,,,,,,,,,
7,,,24679,,,0.22149643301963806,,,,,,,,,,,
7,,,24699,,,0.15697307884693146,,,,,,,,,,,
7,,,24719,,,0.16071419417858124,,,,,,,,,,,
7,,,24739,,,0.15156270563602448,,,,,,,,,,,
7,,,24759,,,0.15520907938480377,,,,,,,,,,,
7,,,24779,,,0.14196760952472687,,,,,,,,,,,
7,,,24799,,,0.18271668255329132,,,,,,,,,,,
7,,,24819,,,0.19526714086532593,,,,,,,,,,,
7,,,24839,,,0.21069826185703278,,,,,,,,,,,
7,,,24859,,,0.42419353127479553,,,,,,,,,,,
7,,,24879,,,0.10375823825597763,,,,,,,,,,,
7,,,24899,,,0.22013014554977417,,,,,,,,,,,
7,,,24919,,,0.2547551095485687,,,,,,,,,,,
7,,,24939,,,0.32336491346359253,,,,,,,,,,,
7,,,24959,,,0.14114274084568024,,,,,,,,,,,
7,,,24979,,,0.14537237584590912,,,,,,,,,,,
7,,,24999,,,0.4366622269153595,,,,,,,,,,,
7,,,25019,,,0.24400272965431213,,,,,,,,,,,
7,,,25039,,,0.1343637853860855,,,,,,,,,,,
7,,,25059,,,0.13880419731140137,,,,,,,,,,,
7,,,25079,,,0.09554309397935867,,,,,,,,,,,
7,,,25099,,,0.44482988119125366,,,,,,,,,,,
7,,,25119,,,0.6029106378555298,,,,,,,,,,,
7,,,25139,,,0.3419351577758789,,,,,,,,,,,
7,,,25159,,,0.27909454703330994,,,,,,,,,,,
7,,,25179,,,0.6656991839408875,,,,,,,,,,,
7,,,25199,,,0.33406996726989746,,,,,,,,,,,
7,,,25219,,,0.17802606523036957,,,,,,,,,,,
7,,,25239,,,0.6564853191375732,,,,,,,,,,,
7,,,25259,,,0.29469606280326843,,,,,,,,,,,
7,,,25279,,,0.14844229817390442,,,,,,,,,,,
7,,,25299,,,0.23916712403297424,,,,,,,,,,,
7,,,25319,,,0.45121264457702637,,,,,,,,,,,
7,,,25339,,,0.31913137435913086,,,,,,,,,,,
7,,,25359,,,0.6285383701324463,,,,,,,,,,,
7,,,25379,,,0.19501949846744537,,,,,,,,,,,
7,,,25399,,,0.16063538193702698,,,,,,,,,,,
7,,,25419,,,0.20199592411518097,,,,,,,,,,,
7,,,25439,,,0.3190544843673706,,,,,,,,,,,
7,,,25459,,,0.2851882874965668,,,,,,,,,,,
7,,,25479,,,0.24067702889442444,,,,,,,,,,,
7,,,25499,,,0.5552030205726624,,,,,,,,,,,
7,,,25519,,,0.26101115345954895,,,,,,,,,,,
7,,,25539,,,0.49931254982948303,,,,,,,,,,,
7,,,25559,,,0.15991170704364777,,,,,,,,,,,
7,,,25579,,,0.3444514870643616,,,,,,,,,,,
7,,,25599,,,0.2708617150783539,,,,,,,,,,,
7,,,25619,,,0.3888629376888275,,,,,,,,,,,
7,,,25639,,,0.05950656905770302,,,,,,,,,,,
7,,,25659,,,0.0922655463218689,,,,,,,,,,,
7,,,25679,,,0.19741328060626984,,,,,,,,,,,
7,,,25699,,,0.4764510691165924,,,,,,,,,,,
7,,,25719,,,0.22871637344360352,,,,,,,,,,,
7,,,25739,,,0.19084474444389343,,,,,,,,,,,
7,,,25759,,,0.17656764388084412,,,,,,,,,,,
7,,,25779,,,0.1971987783908844,,,,,,,,,,,
7,,,25799,,,0.2870410084724426,,,,,,,,,,,
7,,,25819,,,0.20413827896118164,,,,,,,,,,,
7,,,25839,,,0.2538343071937561,,,,,,,,,,,
7,,,25859,,,0.18005496263504028,,,,,,,,,,,
7,,,25879,,,0.2131936252117157,,,,,,,,,,,
7,,,25899,,,0.14352816343307495,,,,,,,,,,,
7,,,25919,,,0.20705057680606842,,,,,,,,,,,
7,,,25939,,,0.07528527081012726,,,,,,,,,,,
7,,,25959,,,0.13030095398426056,,,,,,,,,,,
7,,,25979,,,0.2592007517814636,,,,,,,,,,,
7,,,25999,,,0.09000901877880096,,,,,,,,,,,
7,,,26019,,,0.18747498095035553,,,,,,,,,,,
7,,,26039,,,0.28012293577194214,,,,,,,,,,,
7,,,26059,,,0.06357386708259583,,,,,,,,,,,
7,,,26079,,,0.1969912350177765,,,,,,,,,,,
7,,,26099,,,0.22869093716144562,,,,,,,,,,,
7,,,26119,,,0.14034320414066315,,,,,,,,,,,
7,,,26139,,,0.5227741599082947,,,,,,,,,,,
7,,,26159,,,0.292327344417572,,,,,,,,,,,
7,,,26179,,,0.06543795019388199,,,,,,,,,,,
7,,,26199,,,0.3414064645767212,,,,,,,,,,,
7,,,26219,,,0.25565046072006226,,,,,,,,,,,
7,,,26239,,,0.35718443989753723,,,,,,,,,,,
7,,,26259,,,0.06431499868631363,,,,,,,,,,,
7,,,26279,,,0.24421066045761108,,,,,,,,,,,
7,,,26299,,,0.05669017136096954,,,,,,,,,,,
7,,,26319,,,0.5075715780258179,,,,,,,,,,,
7,,,26339,,,0.32345613837242126,,,,,,,,,,,
7,,,26359,,,0.284087598323822,,,,,,,,,,,
7,,,26379,,,0.17546774446964264,,,,,,,,,,,
7,,,26399,,,0.2349957674741745,,,,,,,,,,,
7,,,26419,,,0.1503354161977768,,,,,,,,,,,
7,,,26439,,,0.41187748312950134,,,,,,,,,,,
7,,,26459,,,0.19975844025611877,,,,,,,,,,,
7,,,26479,,,0.11958903819322586,,,,,,,,,,,
7,,,26499,,,0.3273743689060211,,,,,,,,,,,
7,,,26519,,,0.16268989443778992,,,,,,,,,,,
7,,,26539,,,0.33941733837127686,,,,,,,,,,,
7,,,26559,,,0.09503912925720215,,,,,,,,,,,
7,,,26579,,,0.13659799098968506,,,,,,,,,,,
7,,,26599,,,0.2578739523887634,,,,,,,,,,,
7,,,26619,,,0.5924370288848877,,,,,,,,,,,
7,,,26639,,,0.14972345530986786,,,,,,,,,,,
7,,,26659,,,0.22005216777324677,,,,,,,,,,,
7,,,26679,,,0.384080171585083,,,,,,,,,,,
7,,,26699,,,0.12873625755310059,,,,,,,,,,,
7,,,26719,,,0.16679470241069794,,,,,,,,,,,
7,,,26739,,,0.05509338900446892,,,,,,,,,,,
7,,,26759,,,0.30300912261009216,,,,,,,,,,,
7,,,26779,,,0.34016454219818115,,,,,,,,,,,
7,,,26799,,,0.1801016479730606,,,,,,,,,,,
7,,,26819,,,0.255872517824173,,,,,,,,,,,
7,,,26839,,,0.11494985222816467,,,,,,,,,,,
7,,,26859,,,0.3618907332420349,,,,,,,,,,,
7,,,26879,,,0.09893372654914856,,,,,,,,,,,
7,,,26899,,,0.05825618654489517,,,,,,,,,,,
7,,,26919,,,0.23608694970607758,,,,,,,,,,,
7,,,26939,,,0.17622675001621246,,,,,,,,,,,
7,,,26959,,,0.3299461007118225,,,,,,,,,,,
7,,,26979,,,0.14765900373458862,,,,,,,,,,,
7,,,26999,,,0.13030654191970825,,,,,,,,,,,
7,,,27019,,,0.48427796363830566,,,,,,,,,,,
7,,,27039,,,0.5254587531089783,,,,,,,,,,,
7,,,27059,,,0.19005897641181946,,,,,,,,,,,
7,,,27079,,,0.2535631060600281,,,,,,,,,,,
7,,,27099,,,0.1970338374376297,,,,,,,,,,,
7,,,27119,,,0.4220617413520813,,,,,,,,,,,
7,,,27139,,,0.33147993683815,,,,,,,,,,,
7,,,27159,,,0.2864670753479004,,,,,,,,,,,
7,,,27179,,,0.6888413429260254,,,,,,,,,,,
7,,,27199,,,0.2316492348909378,,,,,,,,,,,
7,,,27219,,,0.1951889842748642,,,,,,,,,,,
7,,,27239,,,0.28574681282043457,,,,,,,,,,,
7,,,27259,,,0.5518938302993774,,,,,,,,,,,
7,,,27279,,,0.1635209619998932,,,,,,,,,,,
7,,,27299,,,0.07050576061010361,,,,,,,,,,,
7,,,27319,,,0.25645896792411804,,,,,,,,,,,
7,,,27339,,,0.12551017105579376,,,,,,,,,,,
7,,,27359,,,0.22821052372455597,,,,,,,,,,,
7,,,27379,,,0.302031546831131,,,,,,,,,,,
7,,,27399,,,0.22633537650108337,,,,,,,,,,,
7,,,27419,,,0.18942762911319733,,,,,,,,,,,
7,,,27439,,,0.3024338185787201,,,,,,,,,,,
7,,,27459,,,0.4203524589538574,,,,,,,,,,,
7,,,27479,,,0.15244975686073303,,,,,,,,,,,
7,,,27499,,,0.21211257576942444,,,,,,,,,,,
7,,,27519,,,0.3798476457595825,,,,,,,,,,,
7,,,27539,,,0.35136064887046814,,,,,,,,,,,
7,,,27559,,,0.1932896077632904,,,,,,,,,,,
7,,,27579,,,0.15078572928905487,,,,,,,,,,,
7,,,27599,,,0.10978657752275467,,,,,,,,,,,
7,,,27619,,,0.18775595724582672,,,,,,,,,,,
7,,,27639,,,0.08165625482797623,,,,,,,,,,,
7,,,27659,,,0.2515047490596771,,,,,,,,,,,
7,,,27679,,,0.14856469631195068,,,,,,,,,,,
7,,,27699,,,0.21778883039951324,,,,,,,,,,,
7,,,27719,,,0.46432217955589294,,,,,,,,,,,
7,,,27739,,,0.14035280048847198,,,,,,,,,,,
7,,,27759,,,0.17669565975666046,,,,,,,,,,,
7,,,27779,,,0.3744109869003296,,,,,,,,,,,
7,,,27799,,,0.18151472508907318,,,,,,,,,,,
7,,,27819,,,0.24157339334487915,,,,,,,,,,,
7,,,27839,,,0.11381729692220688,,,,,,,,,,,
7,,,27855,,,,0.6413977742195129,0.8663000464439392,0.6227513551712036,1.5835189819335938,0.6465164422988892,0.5193489789962769,0.7715282440185547,0.5758628845214844,0.7507326006889343,0.4879421293735504,0.6413977742195129
7,,,27855,0.903123140335083,0.24243605136871338,,,,,,,,,,,,
,0.0003,0.0003,27856,,,,,,,,,,,,,,
8,,,27859,,,0.30592331290245056,,,,,,,,,,,
8,,,27879,,,0.2792152762413025,,,,,,,,,,,
8,,,27899,,,0.08353306353092194,,,,,,,,,,,
8,,,27919,,,0.211144357919693,,,,,,,,,,,
8,,,27939,,,0.11527261883020401,,,,,,,,,,,
8,,,27959,,,0.30524349212646484,,,,,,,,,,,
8,,,27979,,,0.3716660737991333,,,,,,,,,,,
8,,,27999,,,0.13091076910495758,,,,,,,,,,,
8,,,28019,,,0.13247813284397125,,,,,,,,,,,
8,,,28039,,,0.1061757504940033,,,,,,,,,,,
8,,,28059,,,0.17339925467967987,,,,,,,,,,,
8,,,28079,,,0.25570738315582275,,,,,,,,,,,
8,,,28099,,,0.12072615325450897,,,,,,,,,,,
8,,,28119,,,0.31083375215530396,,,,,,,,,,,
8,,,28139,,,0.3870670795440674,,,,,,,,,,,
8,,,28159,,,0.059255219995975494,,,,,,,,,,,
8,,,28179,,,0.12106367945671082,,,,,,,,,,,
8,,,28199,,,0.45120561122894287,,,,,,,,,,,
8,,,28219,,,0.1918768584728241,,,,,,,,,,,
8,,,28239,,,0.07385041564702988,,,,,,,,,,,
8,,,28259,,,0.14139795303344727,,,,,,,,,,,
8,,,28279,,,0.20759403705596924,,,,,,,,,,,
8,,,28299,,,0.2506067156791687,,,,,,,,,,,
8,,,28319,,,0.29132577776908875,,,,,,,,,,,
8,,,28339,,,0.06271534413099289,,,,,,,,,,,
8,,,28359,,,0.15253795683383942,,,,,,,,,,,
8,,,28379,,,0.04645560681819916,,,,,,,,,,,
8,,,28399,,,0.2777012586593628,,,,,,,,,,,
8,,,28419,,,0.16584905982017517,,,,,,,,,,,
8,,,28439,,,0.2535145580768585,,,,,,,,,,,
8,,,28459,,,0.3706376850605011,,,,,,,,,,,
8,,,28479,,,0.09725183993577957,,,,,,,,,,,
8,,,28499,,,0.08407359570264816,,,,,,,,,,,
8,,,28519,,,0.13233806192874908,,,,,,,,,,,
8,,,28539,,,0.11639291048049927,,,,,,,,,,,
8,,,28559,,,0.11291439086198807,,,,,,,,,,,
8,,,28579,,,0.35271960496902466,,,,,,,,,,,
8,,,28599,,,0.3043500483036041,,,,,,,,,,,
8,,,28619,,,0.19246311485767365,,,,,,,,,,,
8,,,28639,,,0.11692021787166595,,,,,,,,,,,
8,,,28659,,,0.6248012781143188,,,,,,,,,,,
8,,,28679,,,0.1511412262916565,,,,,,,,,,,
8,,,28699,,,0.2418186515569687,,,,,,,,,,,
8,,,28719,,,0.3010369539260864,,,,,,,,,,,
8,,,28739,,,0.05607866123318672,,,,,,,,,,,
8,,,28759,,,0.16013529896736145,,,,,,,,,,,
8,,,28779,,,0.17057015001773834,,,,,,,,,,,
8,,,28799,,,0.11791285127401352,,,,,,,,,,,
8,,,28819,,,0.3838016390800476,,,,,,,,,,,
8,,,28839,,,0.09775415062904358,,,,,,,,,,,
8,,,28859,,,0.30459994077682495,,,,,,,,,,,
8,,,28879,,,0.283223032951355,,,,,,,,,,,
8,,,28899,,,0.19735217094421387,,,,,,,,,,,
8,,,28919,,,0.1305553913116455,,,,,,,,,,,
8,,,28939,,,0.29188719391822815,,,,,,,,,,,
8,,,28959,,,0.20844218134880066,,,,,,,,,,,
8,,,28979,,,0.26780954003334045,,,,,,,,,,,
8,,,28999,,,0.3310571014881134,,,,,,,,,,,
8,,,29019,,,0.19651104509830475,,,,,,,,,,,
8,,,29039,,,0.07421008497476578,,,,,,,,,,,
8,,,29059,,,0.23740024864673615,,,,,,,,,,,
8,,,29079,,,0.07890080660581589,,,,,,,,,,,
8,,,29099,,,0.17338646948337555,,,,,,,,,,,
8,,,29119,,,0.34088924527168274,,,,,,,,,,,
8,,,29139,,,0.12420489639043808,,,,,,,,,,,
8,,,29159,,,0.2042444795370102,,,,,,,,,,,
8,,,29179,,,0.240529865026474,,,,,,,,,,,
8,,,29199,,,0.31449127197265625,,,,,,,,,,,
8,,,29219,,,0.4136357605457306,,,,,,,,,,,
8,,,29239,,,0.40047916769981384,,,,,,,,,,,
8,,,29259,,,0.14006146788597107,,,,,,,,,,,
8,,,29279,,,0.4027148485183716,,,,,,,,,,,
8,,,29299,,,0.16115880012512207,,,,,,,,,,,
8,,,29319,,,0.20689108967781067,,,,,,,,,,,
8,,,29339,,,0.17517805099487305,,,,,,,,,,,
8,,,29359,,,0.23253631591796875,,,,,,,,,,,
8,,,29379,,,0.17542387545108795,,,,,,,,,,,
8,,,29399,,,0.21644830703735352,,,,,,,,,,,
8,,,29419,,,0.12983755767345428,,,,,,,,,,,
8,,,29439,,,0.2556808590888977,,,,,,,,,,,
8,,,29459,,,0.13862867653369904,,,,,,,,,,,
8,,,29479,,,0.31446534395217896,,,,,,,,,,,
8,,,29499,,,0.5418705940246582,,,,,,,,,,,
8,,,29519,,,0.15579171478748322,,,,,,,,,,,
8,,,29539,,,0.21409715712070465,,,,,,,,,,,
8,,,29559,,,0.06800614297389984,,,,,,,,,,,
8,,,29579,,,0.3217981159687042,,,,,,,,,,,
8,,,29599,,,0.5699364542961121,,,,,,,,,,,
8,,,29619,,,0.30764734745025635,,,,,,,,,,,
8,,,29639,,,0.099008709192276,,,,,,,,,,,
8,,,29659,,,0.09969839453697205,,,,,,,,,,,
8,,,29679,,,0.3348369896411896,,,,,,,,,,,
8,,,29699,,,0.18595436215400696,,,,,,,,,,,
8,,,29719,,,0.07449980825185776,,,,,,,,,,,
8,,,29739,,,0.35324934124946594,,,,,,,,,,,
8,,,29759,,,0.45967400074005127,,,,,,,,,,,
8,,,29779,,,0.06577973067760468,,,,,,,,,,,
8,,,29799,,,0.05051424354314804,,,,,,,,,,,
8,,,29819,,,0.2863101065158844,,,,,,,,,,,
8,,,29839,,,0.06302497535943985,,,,,,,,,,,
8,,,29859,,,0.13619601726531982,,,,,,,,,,,
8,,,29879,,,0.18870951235294342,,,,,,,,,,,
8,,,29899,,,0.35541385412216187,,,,,,,,,,,
8,,,29919,,,0.04169115424156189,,,,,,,,,,,
8,,,29939,,,0.09772595018148422,,,,,,,,,,,
8,,,29959,,,0.08588815480470657,,,,,,,,,,,
8,,,29979,,,0.5073798894882202,,,,,,,,,,,
8,,,29999,,,0.1363537758588791,,,,,,,,,,,
8,,,30019,,,0.3124064803123474,,,,,,,,,,,
8,,,30039,,,0.05702276900410652,,,,,,,,,,,
8,,,30059,,,0.11181478202342987,,,,,,,,,,,
8,,,30079,,,0.09720396250486374,,,,,,,,,,,
8,,,30099,,,0.1942043900489807,,,,,,,,,,,
8,,,30119,,,0.3729857802391052,,,,,,,,,,,
8,,,30139,,,0.25905999541282654,,,,,,,,,,,
8,,,30159,,,0.14183488488197327,,,,,,,,,,,
8,,,30179,,,0.19546450674533844,,,,,,,,,,,
8,,,30199,,,0.21555455029010773,,,,,,,,,,,
8,,,30219,,,0.12612482905387878,,,,,,,,,,,
8,,,30239,,,0.19445481896400452,,,,,,,,,,,
8,,,30259,,,0.38193219900131226,,,,,,,,,,,
8,,,30279,,,0.18520542979240417,,,,,,,,,,,
8,,,30299,,,0.4379175305366516,,,,,,,,,,,
8,,,30319,,,0.1615198403596878,,,,,,,,,,,
8,,,30339,,,0.31427809596061707,,,,,,,,,,,
8,,,30359,,,0.12692007422447205,,,,,,,,,,,
8,,,30379,,,0.08975155651569366,,,,,,,,,,,
8,,,30399,,,0.37713631987571716,,,,,,,,,,,
8,,,30419,,,0.19391249120235443,,,,,,,,,,,
8,,,30439,,,0.08581672608852386,,,,,,,,,,,
8,,,30459,,,0.24348072707653046,,,,,,,,,,,
8,,,30479,,,0.12560732662677765,,,,,,,,,,,
8,,,30499,,,0.15344145894050598,,,,,,,,,,,
8,,,30519,,,0.1926945596933365,,,,,,,,,,,
8,,,30539,,,0.30529430508613586,,,,,,,,,,,
8,,,30559,,,0.33636412024497986,,,,,,,,,,,
8,,,30579,,,0.041740287095308304,,,,,,,,,,,
8,,,30599,,,0.20061443746089935,,,,,,,,,,,
8,,,30619,,,0.09311479330062866,,,,,,,,,,,
8,,,30639,,,0.15557248890399933,,,,,,,,,,,
8,,,30659,,,0.40592753887176514,,,,,,,,,,,
8,,,30679,,,0.20779334008693695,,,,,,,,,,,
8,,,30699,,,0.1685832440853119,,,,,,,,,,,
8,,,30719,,,0.28146278858184814,,,,,,,,,,,
8,,,30739,,,0.3670564293861389,,,,,,,,,,,
8,,,30759,,,0.14488638937473297,,,,,,,,,,,
8,,,30779,,,0.40763208270072937,,,,,,,,,,,
8,,,30799,,,0.13683567941188812,,,,,,,,,,,
8,,,30819,,,0.21625149250030518,,,,,,,,,,,
8,,,30839,,,0.15955118834972382,,,,,,,,,,,
8,,,30859,,,0.15133041143417358,,,,,,,,,,,
8,,,30879,,,0.23870687186717987,,,,,,,,,,,
8,,,30899,,,0.18101313710212708,,,,,,,,,,,
8,,,30919,,,0.13697262108325958,,,,,,,,,,,
8,,,30939,,,0.1200629472732544,,,,,,,,,,,
8,,,30959,,,0.21553035080432892,,,,,,,,,,,
8,,,30979,,,0.10471391677856445,,,,,,,,,,,
8,,,30999,,,0.1463819146156311,,,,,,,,,,,
8,,,31019,,,0.2287532538175583,,,,,,,,,,,
8,,,31039,,,0.2927168011665344,,,,,,,,,,,
8,,,31059,,,0.24518455564975739,,,,,,,,,,,
8,,,31079,,,0.1589192897081375,,,,,,,,,,,
8,,,31099,,,0.22029802203178406,,,,,,,,,,,
8,,,31119,,,0.08116378635168076,,,,,,,,,,,
8,,,31139,,,0.2207433581352234,,,,,,,,,,,
8,,,31159,,,0.17590993642807007,,,,,,,,,,,
8,,,31179,,,0.2700408697128296,,,,,,,,,,,
8,,,31199,,,0.363942414522171,,,,,,,,,,,
8,,,31219,,,0.4609738290309906,,,,,,,,,,,
8,,,31239,,,0.19776932895183563,,,,,,,,,,,
8,,,31259,,,0.17808721959590912,,,,,,,,,,,
8,,,31279,,,0.18442033231258392,,,,,,,,,,,
8,,,31299,,,0.4766685366630554,,,,,,,,,,,
8,,,31319,,,0.38545507192611694,,,,,,,,,,,
8,,,31337,,,,0.623953104019165,0.8646579384803772,0.6271629333496094,1.6960915327072144,0.6343896389007568,0.537399172782898,0.6574437618255615,0.6906927824020386,0.7031093835830688,0.48631274700164795,0.623953104019165
8,,,31337,0.9149404764175415,0.21271376311779022,,,,,,,,,,,,
,0.00029985723323727866,0.00029985723323727866,31338,,,,,,,,,,,,,,
9,,,31339,,,0.12239868938922882,,,,,,,,,,,
9,,,31359,,,0.06143378093838692,,,,,,,,,,,
9,,,31379,,,0.26159268617630005,,,,,,,,,,,
9,,,31399,,,0.6021727323532104,,,,,,,,,,,
9,,,31419,,,0.06255586445331573,,,,,,,,,,,
9,,,31439,,,0.11788300424814224,,,,,,,,,,,
9,,,31459,,,0.16990098357200623,,,,,,,,,,,
9,,,31479,,,0.09715130925178528,,,,,,,,,,,
9,,,31499,,,0.452379047870636,,,,,,,,,,,
9,,,31519,,,0.24150881171226501,,,,,,,,,,,
9,,,31539,,,0.03834167495369911,,,,,,,,,,,
9,,,31559,,,0.48438790440559387,,,,,,,,,,,
9,,,31579,,,0.13104617595672607,,,,,,,,,,,
9,,,31599,,,0.1885479837656021,,,,,,,,,,,
9,,,31619,,,0.14685486257076263,,,,,,,,,,,
9,,,31639,,,0.1316484808921814,,,,,,,,,,,
9,,,31659,,,0.24472883343696594,,,,,,,,,,,
9,,,31679,,,0.12870638072490692,,,,,,,,,,,
9,,,31699,,,0.12312972545623779,,,,,,,,,,,
9,,,31719,,,0.11244585365056992,,,,,,,,,,,
9,,,31739,,,0.11733292788267136,,,,,,,,,,,
9,,,31759,,,0.25157293677330017,,,,,,,,,,,
9,,,31779,,,0.046846434473991394,,,,,,,,,,,
9,,,31799,,,0.10675537586212158,,,,,,,,,,,
9,,,31819,,,0.0858718603849411,,,,,,,,,,,
9,,,31839,,,0.18777339160442352,,,,,,,,,,,
9,,,31859,,,0.08985074609518051,,,,,,,,,,,
9,,,31879,,,0.0900934636592865,,,,,,,,,,,
9,,,31899,,,0.1468779742717743,,,,,,,,,,,
9,,,31919,,,0.1839199811220169,,,,,,,,,,,
9,,,31939,,,0.1327468305826187,,,,,,,,,,,
9,,,31959,,,0.13618233799934387,,,,,,,,,,,
9,,,31979,,,0.11228283494710922,,,,,,,,,,,
9,,,31999,,,0.07396484166383743,,,,,,,,,,,
9,,,32019,,,0.04227985441684723,,,,,,,,,,,
9,,,32039,,,0.03392098471522331,,,,,,,,,,,
9,,,32059,,,0.28122028708457947,,,,,,,,,,,
9,,,32079,,,0.06674456596374512,,,,,,,,,,,
9,,,32099,,,0.5802492499351501,,,,,,,,,,,
9,,,32119,,,0.41963648796081543,,,,,,,,,,,
9,,,32139,,,0.4773588180541992,,,,,,,,,,,
9,,,32159,,,0.09546883404254913,,,,,,,,,,,
9,,,32179,,,0.14683866500854492,,,,,,,,,,,
9,,,32199,,,0.2013261318206787,,,,,,,,,,,
9,,,32219,,,0.04111700505018234,,,,,,,,,,,
9,,,32239,,,0.18833298981189728,,,,,,,,,,,
9,,,32259,,,0.28125450015068054,,,,,,,,,,,
9,,,32279,,,0.1520204246044159,,,,,,,,,,,
9,,,32299,,,0.1511453092098236,,,,,,,,,,,
9,,,32319,,,0.14717869460582733,,,,,,,,,,,
9,,,32339,,,0.16542202234268188,,,,,,,,,,,
9,,,32359,,,0.1440536379814148,,,,,,,,,,,
9,,,32379,,,0.1832175850868225,,,,,,,,,,,
9,,,32399,,,0.05290848761796951,,,,,,,,,,,
9,,,32419,,,0.11637614667415619,,,,,,,,,,,
9,,,32439,,,0.1766921877861023,,,,,,,,,,,
9,,,32459,,,0.10102248191833496,,,,,,,,,,,
9,,,32479,,,0.12491448223590851,,,,,,,,,,,
9,,,32499,,,0.09954264760017395,,,,,,,,,,,
9,,,32519,,,0.10738638788461685,,,,,,,,,,,
9,,,32539,,,0.05283958092331886,,,,,,,,,,,
9,,,32559,,,0.3599667251110077,,,,,,,,,,,
9,,,32579,,,0.3125801086425781,,,,,,,,,,,
9,,,32599,,,0.18066564202308655,,,,,,,,,,,
9,,,32619,,,0.17703016102313995,,,,,,,,,,,
9,,,32639,,,0.16528867185115814,,,,,,,,,,,
9,,,32659,,,0.2975124418735504,,,,,,,,,,,
9,,,32679,,,0.5033718347549438,,,,,,,,,,,
9,,,32699,,,0.06547671556472778,,,,,,,,,,,
9,,,32719,,,0.19563117623329163,,,,,,,,,,,
9,,,32739,,,0.23078756034374237,,,,,,,,,,,
9,,,32759,,,0.13193324208259583,,,,,,,,,,,
9,,,32779,,,0.36409205198287964,,,,,,,,,,,
9,,,32799,,,0.07644260674715042,,,,,,,,,,,
9,,,32819,,,0.13440412282943726,,,,,,,,,,,
9,,,32839,,,0.12867289781570435,,,,,,,,,,,
9,,,32859,,,0.14289361238479614,,,,,,,,,,,
9,,,32879,,,0.2682915925979614,,,,,,,,,,,
9,,,32899,,,0.2765646278858185,,,,,,,,,,,
9,,,32919,,,0.3333791196346283,,,,,,,,,,,
9,,,32939,,,0.04217841848731041,,,,,,,,,,,
9,,,32959,,,0.09019950777292252,,,,,,,,,,,
9,,,32979,,,0.22347547113895416,,,,,,,,,,,
9,,,32999,,,0.172060027718544,,,,,,,,,,,
9,,,33019,,,0.5583956241607666,,,,,,,,,,,
9,,,33039,,,0.18334996700286865,,,,,,,,,,,
9,,,33059,,,0.06918840855360031,,,,,,,,,,,
9,,,33079,,,0.12077118456363678,,,,,,,,,,,
9,,,33099,,,0.14452847838401794,,,,,,,,,,,
9,,,33119,,,0.2303624153137207,,,,,,,,,,,
9,,,33139,,,0.1253945529460907,,,,,,,,,,,
9,,,33159,,,0.22327935695648193,,,,,,,,,,,
9,,,33179,,,0.1721591055393219,,,,,,,,,,,
9,,,33199,,,0.2629409432411194,,,,,,,,,,,
9,,,33219,,,0.09703577309846878,,,,,,,,,,,
9,,,33239,,,0.1287231743335724,,,,,,,,,,,
9,,,33259,,,0.17236293852329254,,,,,,,,,,,
9,,,33279,,,0.5829370617866516,,,,,,,,,,,
9,,,33299,,,0.18523909151554108,,,,,,,,,,,
9,,,33319,,,0.4667540192604065,,,,,,,,,,,
9,,,33339,,,0.057416852563619614,,,,,,,,,,,
9,,,33359,,,0.24568912386894226,,,,,,,,,,,
9,,,33379,,,0.21318376064300537,,,,,,,,,,,
9,,,33399,,,0.18938405811786652,,,,,,,,,,,
9,,,33419,,,0.0828527957201004,,,,,,,,,,,
9,,,33439,,,0.13834013044834137,,,,,,,,,,,
9,,,33459,,,0.19787932932376862,,,,,,,,,,,
9,,,33479,,,0.43347597122192383,,,,,,,,,,,
9,,,33499,,,0.15977640450000763,,,,,,,,,,,
9,,,33519,,,0.04297955334186554,,,,,,,,,,,
9,,,33539,,,0.20155122876167297,,,,,,,,,,,
9,,,33559,,,0.5778317451477051,,,,,,,,,,,
9,,,33579,,,0.2681801915168762,,,,,,,,,,,
9,,,33599,,,0.05784650519490242,,,,,,,,,,,
9,,,33619,,,0.5319253206253052,,,,,,,,,,,
9,,,33639,,,0.13894127309322357,,,,,,,,,,,
9,,,33659,,,0.25201892852783203,,,,,,,,,,,
9,,,33679,,,0.29033395648002625,,,,,,,,,,,
9,,,33699,,,0.12019319832324982,,,,,,,,,,,
9,,,33719,,,0.10925447195768356,,,,,,,,,,,
9,,,33739,,,0.14100396633148193,,,,,,,,,,,
9,,,33759,,,0.09335755556821823,,,,,,,,,,,
9,,,33779,,,0.06888751685619354,,,,,,,,,,,
9,,,33799,,,0.2285708636045456,,,,,,,,,,,
9,,,33819,,,0.12542018294334412,,,,,,,,,,,
9,,,33839,,,0.31285178661346436,,,,,,,,,,,
9,,,33859,,,0.2768841087818146,,,,,,,,,,,
9,,,33879,,,0.1815422624349594,,,,,,,,,,,
9,,,33899,,,0.21985742449760437,,,,,,,,,,,
9,,,33919,,,0.07114230841398239,,,,,,,,,,,
9,,,33939,,,0.14328187704086304,,,,,,,,,,,
9,,,33959,,,0.26132985949516296,,,,,,,,,,,
9,,,33979,,,0.09756340831518173,,,,,,,,,,,
9,,,33999,,,0.04650678113102913,,,,,,,,,,,
9,,,34019,,,0.2387503981590271,,,,,,,,,,,
9,,,34039,,,0.2739287316799164,,,,,,,,,,,
9,,,34059,,,0.5794992446899414,,,,,,,,,,,
9,,,34079,,,0.1915256530046463,,,,,,,,,,,
9,,,34099,,,0.068989597260952,,,,,,,,,,,
9,,,34119,,,0.11617103219032288,,,,,,,,,,,
9,,,34139,,,0.3006018102169037,,,,,,,,,,,
9,,,34159,,,0.16312463581562042,,,,,,,,,,,
9,,,34179,,,0.4426374137401581,,,,,,,,,,,
9,,,34199,,,0.1692715585231781,,,,,,,,,,,
9,,,34219,,,0.20722255110740662,,,,,,,,,,,
9,,,34239,,,0.06857284903526306,,,,,,,,,,,
9,,,34259,,,0.26385149359703064,,,,,,,,,,,
9,,,34279,,,0.191997691988945,,,,,,,,,,,
9,,,34299,,,0.17018716037273407,,,,,,,,,,,
9,,,34319,,,0.2086404263973236,,,,,,,,,,,
9,,,34339,,,0.19378694891929626,,,,,,,,,,,
9,,,34359,,,0.1338026225566864,,,,,,,,,,,
9,,,34379,,,0.21708810329437256,,,,,,,,,,,
9,,,34399,,,0.1262010931968689,,,,,,,,,,,
9,,,34419,,,0.07796475291252136,,,,,,,,,,,
9,,,34439,,,0.17359258234500885,,,,,,,,,,,
9,,,34459,,,0.34336626529693604,,,,,,,,,,,
9,,,34479,,,0.11649839580059052,,,,,,,,,,,
9,,,34499,,,0.1524638831615448,,,,,,,,,,,
9,,,34519,,,0.14000727236270905,,,,,,,,,,,
9,,,34539,,,0.1411808580160141,,,,,,,,,,,
9,,,34559,,,0.2865428626537323,,,,,,,,,,,
9,,,34579,,,0.2762063145637512,,,,,,,,,,,
9,,,34599,,,0.048566680401563644,,,,,,,,,,,
9,,,34619,,,0.10235128551721573,,,,,,,,,,,
9,,,34639,,,0.1317141354084015,,,,,,,,,,,
9,,,34659,,,0.251692533493042,,,,,,,,,,,
9,,,34679,,,0.3043662905693054,,,,,,,,,,,
9,,,34699,,,0.1394079029560089,,,,,,,,,,,
9,,,34719,,,0.24544930458068848,,,,,,,,,,,
9,,,34739,,,0.12885598838329315,,,,,,,,,,,
9,,,34759,,,0.17382198572158813,,,,,,,,,,,
9,,,34779,,,0.08289573341608047,,,,,,,,,,,
9,,,34799,,,0.38243818283081055,,,,,,,,,,,
9,,,34819,,,0.12113562971353531,,,,,,,,,,,
9,,,34819,,,,0.5727660059928894,0.8462281227111816,0.5792896151542664,2.3013100624084473,0.6443614959716797,0.49428603053092957,0.7965982556343079,0.5265354514122009,0.7337723970413208,0.5205398797988892,0.5727660059928894
9,,,34819,0.9251377582550049,0.19001628458499908,,,,,,,,,,,,
,0.0002994292047137618,0.0002994292047137618,34820,,,,,,,,,,,,,,
10,,,34839,,,0.11547389626502991,,,,,,,,,,,
10,,,34859,,,0.2690671682357788,,,,,,,,,,,
10,,,34879,,,0.057987164705991745,,,,,,,,,,,
10,,,34899,,,0.24022455513477325,,,,,,,,,,,
10,,,34919,,,0.10971791297197342,,,,,,,,,,,
10,,,34939,,,0.5705577731132507,,,,,,,,,,,
10,,,34959,,,0.12245139479637146,,,,,,,,,,,
10,,,34979,,,0.04577977955341339,,,,,,,,,,,
10,,,34999,,,0.19268512725830078,,,,,,,,,,,
10,,,35019,,,0.2136814296245575,,,,,,,,,,,
10,,,35039,,,0.22313833236694336,,,,,,,,,,,
10,,,35059,,,0.21058957278728485,,,,,,,,,,,
10,,,35079,,,0.038048725575208664,,,,,,,,,,,
10,,,35099,,,0.040196049958467484,,,,,,,,,,,
10,,,35119,,,0.24369673430919647,,,,,,,,,,,
10,,,35139,,,0.17074410617351532,,,,,,,,,,,
10,,,35159,,,0.2581854462623596,,,,,,,,,,,
10,,,35179,,,0.16283325850963593,,,,,,,,,,,
10,,,35199,,,0.200884148478508,,,,,,,,,,,
10,,,35219,,,0.05540543422102928,,,,,,,,,,,
10,,,35239,,,0.1979924738407135,,,,,,,,,,,
10,,,35259,,,0.2890072464942932,,,,,,,,,,,
10,,,35279,,,0.14301393926143646,,,,,,,,,,,
10,,,35299,,,0.1908920854330063,,,,,,,,,,,
10,,,35319,,,0.15201686322689056,,,,,,,,,,,
10,,,35339,,,0.08569132536649704,,,,,,,,,,,
10,,,35359,,,0.016631897538900375,,,,,,,,,,,
10,,,35379,,,0.07511045038700104,,,,,,,,,,,
10,,,35399,,,0.12333489954471588,,,,,,,,,,,
10,,,35419,,,0.09214980900287628,,,,,,,,,,,
10,,,35439,,,0.15874570608139038,,,,,,,,,,,
10,,,35459,,,0.11075854301452637,,,,,,,,,,,
10,,,35479,,,0.19776959717273712,,,,,,,,,,,
10,,,35499,,,0.07942114770412445,,,,,,,,,,,
10,,,35519,,,0.4640902280807495,,,,,,,,,,,
10,,,35539,,,0.12043476104736328,,,,,,,,,,,
10,,,35559,,,0.27674224972724915,,,,,,,,,,,
10,,,35579,,,0.12558408081531525,,,,,,,,,,,
10,,,35599,,,0.30159103870391846,,,,,,,,,,,
10,,,35619,,,0.1715651899576187,,,,,,,,,,,
10,,,35639,,,0.08500926196575165,,,,,,,,,,,
10,,,35659,,,0.16107629239559174,,,,,,,,,,,
10,,,35679,,,0.2031567245721817,,,,,,,,,,,
10,,,35699,,,0.24994273483753204,,,,,,,,,,,
10,,,35719,,,0.13708285987377167,,,,,,,,,,,
10,,,35739,,,0.344944566488266,,,,,,,,,,,
10,,,35759,,,0.27797460556030273,,,,,,,,,,,
10,,,35779,,,0.1335635483264923,,,,,,,,,,,
10,,,35799,,,0.19602032005786896,,,,,,,,,,,
10,,,35819,,,0.12351454049348831,,,,,,,,,,,
10,,,35839,,,0.4963351786136627,,,,,,,,,,,
10,,,35859,,,0.1713770180940628,,,,,,,,,,,
10,,,35879,,,0.27795735001564026,,,,,,,,,,,
10,,,35899,,,0.22988495230674744,,,,,,,,,,,
10,,,35919,,,0.07765041291713715,,,,,,,,,,,
10,,,35939,,,0.26673781871795654,,,,,,,,,,,
10,,,35959,,,0.09842491894960403,,,,,,,,,,,
10,,,35979,,,0.08500092476606369,,,,,,,,,,,
10,,,35999,,,0.10974232852458954,,,,,,,,,,,
10,,,36019,,,0.1366737186908722,,,,,,,,,,,
10,,,36039,,,0.08022439479827881,,,,,,,,,,,
10,,,36059,,,0.176786869764328,,,,,,,,,,,
10,,,36079,,,0.2030515819787979,,,,,,,,,,,
10,,,36099,,,0.45571476221084595,,,,,,,,,,,
10,,,36119,,,0.17154629528522491,,,,,,,,,,,
10,,,36139,,,0.5158229470252991,,,,,,,,,,,
10,,,36159,,,0.123407743871212,,,,,,,,,,,
10,,,36179,,,0.16774946451187134,,,,,,,,,,,
10,,,36199,,,0.09570344537496567,,,,,,,,,,,
10,,,36219,,,0.22098469734191895,,,,,,,,,,,
10,,,36239,,,0.13806241750717163,,,,,,,,,,,
10,,,36259,,,0.11964819580316544,,,,,,,,,,,
10,,,36279,,,0.62190181016922,,,,,,,,,,,
10,,,36299,,,0.12637272477149963,,,,,,,,,,,
10,,,36319,,,0.07691586762666702,,,,,,,,,,,
10,,,36339,,,0.12656569480895996,,,,,,,,,,,
10,,,36359,,,0.179613396525383,,,,,,,,,,,
10,,,36379,,,0.010985806584358215,,,,,,,,,,,
10,,,36399,,,0.11627212166786194,,,,,,,,,,,
10,,,36419,,,0.11067593842744827,,,,,,,,,,,
10,,,36439,,,0.028029683977365494,,,,,,,,,,,
10,,,36459,,,0.39086467027664185,,,,,,,,,,,
10,,,36479,,,0.16806559264659882,,,,,,,,,,,
10,,,36499,,,0.18495799601078033,,,,,,,,,,,
10,,,36519,,,0.14685150980949402,,,,,,,,,,,
10,,,36539,,,0.03177957236766815,,,,,,,,,,,
10,,,36559,,,0.2580210864543915,,,,,,,,,,,
10,,,36579,,,0.09559107571840286,,,,,,,,,,,
10,,,36599,,,0.21525436639785767,,,,,,,,,,,
10,,,36619,,,0.31221437454223633,,,,,,,,,,,
10,,,36639,,,0.21510891616344452,,,,,,,,,,,
10,,,36659,,,0.31802868843078613,,,,,,,,,,,
10,,,36679,,,0.1619371920824051,,,,,,,,,,,
10,,,36699,,,0.14591963589191437,,,,,,,,,,,
10,,,36719,,,0.19433727860450745,,,,,,,,,,,
10,,,36739,,,0.1287461221218109,,,,,,,,,,,
10,,,36759,,,0.13022588193416595,,,,,,,,,,,
10,,,36779,,,0.09532534331083298,,,,,,,,,,,
10,,,36799,,,0.15299436450004578,,,,,,,,,,,
10,,,36819,,,0.05028342828154564,,,,,,,,,,,
10,,,36839,,,0.09367401897907257,,,,,,,,,,,
10,,,36859,,,0.19729852676391602,,,,,,,,,,,
10,,,36879,,,0.09802496433258057,,,,,,,,,,,
10,,,36899,,,0.052317313849925995,,,,,,,,,,,
10,,,36919,,,0.06437240540981293,,,,,,,,,,,
10,,,36939,,,0.1628246158361435,,,,,,,,,,,
10,,,36959,,,0.24893146753311157,,,,,,,,,,,
10,,,36979,,,0.16892914474010468,,,,,,,,,,,
10,,,36999,,,0.09456200152635574,,,,,,,,,,,
10,,,37019,,,0.042145390063524246,,,,,,,,,,,
10,,,37039,,,0.04776919633150101,,,,,,,,,,,
10,,,37059,,,0.1251034140586853,,,,,,,,,,,
10,,,37079,,,0.1357681155204773,,,,,,,,,,,
10,,,37099,,,0.18321144580841064,,,,,,,,,,,
10,,,37119,,,0.017189130187034607,,,,,,,,,,,
10,,,37139,,,0.1219448521733284,,,,,,,,,,,
10,,,37159,,,0.02383241057395935,,,,,,,,,,,
10,,,37179,,,0.0769549235701561,,,,,,,,,,,
10,,,37199,,,0.27107763290405273,,,,,,,,,,,
10,,,37219,,,0.32648828625679016,,,,,,,,,,,
10,,,37239,,,0.43705645203590393,,,,,,,,,,,
10,,,37259,,,0.17757754027843475,,,,,,,,,,,
10,,,37279,,,0.45038601756095886,,,,,,,,,,,
10,,,37299,,,0.13594210147857666,,,,,,,,,,,
10,,,37319,,,0.20971600711345673,,,,,,,,,,,
10,,,37339,,,0.19533959031105042,,,,,,,,,,,
10,,,37359,,,0.03391895443201065,,,,,,,,,,,
10,,,37379,,,0.09301333129405975,,,,,,,,,,,
10,,,37399,,,0.05938215181231499,,,,,,,,,,,
10,,,37419,,,0.24156996607780457,,,,,,,,,,,
10,,,37439,,,0.30860045552253723,,,,,,,,,,,
10,,,37459,,,0.4128904938697815,,,,,,,,,,,
10,,,37479,,,0.044148482382297516,,,,,,,,,,,
10,,,37499,,,0.06629690527915955,,,,,,,,,,,
10,,,37519,,,0.04701165854930878,,,,,,,,,,,
10,,,37539,,,0.16109533607959747,,,,,,,,,,,
10,,,37559,,,0.3299884796142578,,,,,,,,,,,
10,,,37579,,,0.12786641716957092,,,,,,,,,,,
10,,,37599,,,0.2609333097934723,,,,,,,,,,,
10,,,37619,,,0.30320248007774353,,,,,,,,,,,
10,,,37639,,,0.09598644822835922,,,,,,,,,,,
10,,,37659,,,0.039062246680259705,,,,,,,,,,,
10,,,37679,,,0.1673595905303955,,,,,,,,,,,
10,,,37699,,,0.029319338500499725,,,,,,,,,,,
10,,,37719,,,0.1386856585741043,,,,,,,,,,,
10,,,37739,,,0.11241666227579117,,,,,,,,,,,
10,,,37759,,,0.07450595498085022,,,,,,,,,,,
10,,,37779,,,0.2836207449436188,,,,,,,,,,,
10,,,37799,,,0.09227724373340607,,,,,,,,,,,
10,,,37819,,,0.048931509256362915,,,,,,,,,,,
10,,,37839,,,0.10441434383392334,,,,,,,,,,,
10,,,37859,,,0.07633417844772339,,,,,,,,,,,
10,,,37879,,,0.31183922290802,,,,,,,,,,,
10,,,37899,,,0.1083887591958046,,,,,,,,,,,
10,,,37919,,,0.09164024889469147,,,,,,,,,,,
10,,,37939,,,0.21395394206047058,,,,,,,,,,,
10,,,37959,,,0.19977186620235443,,,,,,,,,,,
10,,,37979,,,0.24999526143074036,,,,,,,,,,,
10,,,37999,,,0.12922339141368866,,,,,,,,,,,
10,,,38019,,,0.13005803525447845,,,,,,,,,,,
10,,,38039,,,0.24204207956790924,,,,,,,,,,,
10,,,38059,,,0.28050094842910767,,,,,,,,,,,
10,,,38079,,,0.10109622031450272,,,,,,,,,,,
10,,,38099,,,0.21803243458271027,,,,,,,,,,,
10,,,38119,,,0.23502102494239807,,,,,,,,,,,
10,,,38139,,,0.17056602239608765,,,,,,,,,,,
10,,,38159,,,0.11012919992208481,,,,,,,,,,,
10,,,38179,,,0.12341607362031937,,,,,,,,,,,
10,,,38199,,,0.149342879652977,,,,,,,,,,,
10,,,38219,,,0.1604587733745575,,,,,,,,,,,
10,,,38239,,,0.13443751633167267,,,,,,,,,,,
10,,,38259,,,0.054639555513858795,,,,,,,,,,,
10,,,38279,,,0.05840001255273819,,,,,,,,,,,
10,,,38299,,,0.24278883635997772,,,,,,,,,,,
10,,,38301,,,,0.5806843638420105,0.814488410949707,0.5854350924491882,3.327284097671509,0.6351909637451172,0.5094903111457825,0.6549593806266785,0.5616289973258972,0.794063925743103,0.53011155128479,0.5806843638420105
10,,,38301,0.9326506853103638,0.17125999927520752,,,,,,,,,,,,
,0.00029871672920607153,0.00029871672920607153,38302,,,,,,,,,,,,,,
11,,,38319,,,0.27694210410118103,,,,,,,,,,,
11,,,38339,,,0.14478731155395508,,,,,,,,,,,
11,,,38359,,,0.2556603252887726,,,,,,,,,,,
11,,,38379,,,0.1478690356016159,,,,,,,,,,,
11,,,38399,,,0.11266212910413742,,,,,,,,,,,
11,,,38419,,,0.10582004487514496,,,,,,,,,,,
11,,,38439,,,0.10320957005023956,,,,,,,,,,,
11,,,38459,,,0.40621498227119446,,,,,,,,,,,
11,,,38479,,,0.32141461968421936,,,,,,,,,,,
11,,,38499,,,0.046503640711307526,,,,,,,,,,,
11,,,38519,,,0.08851887285709381,,,,,,,,,,,
11,,,38539,,,0.08758152276277542,,,,,,,,,,,
11,,,38559,,,0.4872890114784241,,,,,,,,,,,
11,,,38579,,,0.31572824716567993,,,,,,,,,,,
11,,,38599,,,0.1231524795293808,,,,,,,,,,,
11,,,38619,,,0.028162844479084015,,,,,,,,,,,
11,,,38639,,,0.14693304896354675,,,,,,,,,,,
11,,,38659,,,0.1105409488081932,,,,,,,,,,,
11,,,38679,,,0.05562646687030792,,,,,,,,,,,
11,,,38699,,,0.2644818425178528,,,,,,,,,,,
11,,,38719,,,0.4325675368309021,,,,,,,,,,,
11,,,38739,,,0.3378734588623047,,,,,,,,,,,
11,,,38759,,,0.39249539375305176,,,,,,,,,,,
11,,,38779,,,0.15614314377307892,,,,,,,,,,,
11,,,38799,,,0.2478315383195877,,,,,,,,,,,
11,,,38819,,,0.16803860664367676,,,,,,,,,,,
11,,,38839,,,0.2136279046535492,,,,,,,,,,,
11,,,38859,,,0.15252834558486938,,,,,,,,,,,
11,,,38879,,,0.21933665871620178,,,,,,,,,,,
11,,,38899,,,0.04388118535280228,,,,,,,,,,,
11,,,38919,,,0.08995483070611954,,,,,,,,,,,
11,,,38939,,,0.048297107219696045,,,,,,,,,,,
11,,,38959,,,0.2618386149406433,,,,,,,,,,,
11,,,38979,,,0.2086121141910553,,,,,,,,,,,
11,,,38999,,,0.07382789999246597,,,,,,,,,,,
11,,,39019,,,0.06574054807424545,,,,,,,,,,,
11,,,39039,,,0.07669837027788162,,,,,,,,,,,
11,,,39059,,,0.0528433732688427,,,,,,,,,,,
11,,,39079,,,0.10186263918876648,,,,,,,,,,,
11,,,39099,,,0.3917621374130249,,,,,,,,,,,
11,,,39119,,,0.10962725430727005,,,,,,,,,,,
11,,,39139,,,0.2511000335216522,,,,,,,,,,,
11,,,39159,,,0.5271431803703308,,,,,,,,,,,
11,,,39179,,,0.24140135943889618,,,,,,,,,,,
11,,,39199,,,0.2576526701450348,,,,,,,,,,,
11,,,39219,,,0.10163713246583939,,,,,,,,,,,
11,,,39239,,,0.12546385824680328,,,,,,,,,,,
11,,,39259,,,0.5162457227706909,,,,,,,,,,,
11,,,39279,,,0.3537900447845459,,,,,,,,,,,
11,,,39299,,,0.08254816383123398,,,,,,,,,,,
11,,,39319,,,0.23898616433143616,,,,,,,,,,,
11,,,39339,,,0.10658415406942368,,,,,,,,,,,
11,,,39359,,,0.14073200523853302,,,,,,,,,,,
11,,,39379,,,0.08804557472467422,,,,,,,,,,,
11,,,39399,,,0.04468647390604019,,,,,,,,,,,
11,,,39419,,,0.11837299168109894,,,,,,,,,,,
11,,,39439,,,0.10410566627979279,,,,,,,,,,,
11,,,39459,,,0.36793580651283264,,,,,,,,,,,
11,,,39479,,,0.06362981349229813,,,,,,,,,,,
11,,,39499,,,0.1555434912443161,,,,,,,,,,,
11,,,39519,,,0.03939397260546684,,,,,,,,,,,
11,,,39539,,,0.1136239767074585,,,,,,,,,,,
11,,,39559,,,0.5670737624168396,,,,,,,,,,,
11,,,39579,,,0.1858542412519455,,,,,,,,,,,
11,,,39599,,,0.050768956542015076,,,,,,,,,,,
11,,,39619,,,0.38600680232048035,,,,,,,,,,,
11,,,39639,,,0.21600864827632904,,,,,,,,,,,
11,,,39659,,,0.10016480833292007,,,,,,,,,,,
11,,,39679,,,0.12520059943199158,,,,,,,,,,,
11,,,39699,,,0.046079520136117935,,,,,,,,,,,
11,,,39719,,,0.1612527072429657,,,,,,,,,,,
11,,,39739,,,0.18393577635288239,,,,,,,,,,,
11,,,39759,,,0.22103816270828247,,,,,,,,,,,
11,,,39779,,,0.09316001087427139,,,,,,,,,,,
11,,,39799,,,0.16621270775794983,,,,,,,,,,,
11,,,39819,,,0.028018787503242493,,,,,,,,,,,
11,,,39839,,,0.14930255711078644,,,,,,,,,,,
11,,,39859,,,0.27558836340904236,,,,,,,,,,,
11,,,39879,,,0.24580754339694977,,,,,,,,,,,
11,,,39899,,,0.05234450846910477,,,,,,,,,,,
11,,,39919,,,0.09893769025802612,,,,,,,,,,,
11,,,39939,,,0.01532757468521595,,,,,,,,,,,
11,,,39959,,,0.09795525670051575,,,,,,,,,,,
11,,,39979,,,0.16221775114536285,,,,,,,,,,,
11,,,39999,,,0.020630190148949623,,,,,,,,,,,
11,,,40019,,,0.14669734239578247,,,,,,,,,,,
11,,,40039,,,0.10941336303949356,,,,,,,,,,,
11,,,40059,,,0.10931271314620972,,,,,,,,,,,
11,,,40079,,,0.17502892017364502,,,,,,,,,,,
11,,,40099,,,0.36820098757743835,,,,,,,,,,,
11,,,40119,,,0.2155204564332962,,,,,,,,,,,
11,,,40139,,,0.10199474543333054,,,,,,,,,,,
11,,,40159,,,0.25862085819244385,,,,,,,,,,,
11,,,40179,,,0.07232477515935898,,,,,,,,,,,
11,,,40199,,,0.014350350946187973,,,,,,,,,,,
11,,,40219,,,0.12385246902704239,,,,,,,,,,,
11,,,40239,,,0.1529417484998703,,,,,,,,,,,
11,,,40259,,,0.3420317471027374,,,,,,,,,,,
11,,,40279,,,0.3438851535320282,,,,,,,,,,,
11,,,40299,,,0.23952306807041168,,,,,,,,,,,
11,,,40319,,,0.07236616313457489,,,,,,,,,,,
11,,,40339,,,0.07115021347999573,,,,,,,,,,,
11,,,40359,,,0.17629265785217285,,,,,,,,,,,
11,,,40379,,,0.20962253212928772,,,,,,,,,,,
11,,,40399,,,0.16668252646923065,,,,,,,,,,,
11,,,40419,,,0.06723062694072723,,,,,,,,,,,
11,,,40439,,,0.041379380971193314,,,,,,,,,,,
11,,,40459,,,0.23546551167964935,,,,,,,,,,,
11,,,40479,,,0.059195272624492645,,,,,,,,,,,
11,,,40499,,,0.08050272613763809,,,,,,,,,,,
11,,,40519,,,0.28504639863967896,,,,,,,,,,,
11,,,40539,,,0.10250147432088852,,,,,,,,,,,
11,,,40559,,,0.029156386852264404,,,,,,,,,,,
11,,,40579,,,0.05396294966340065,,,,,,,,,,,
11,,,40599,,,0.11492723971605301,,,,,,,,,,,
11,,,40619,,,0.17125804722309113,,,,,,,,,,,
11,,,40639,,,0.09802670776844025,,,,,,,,,,,
11,,,40659,,,0.25898316502571106,,,,,,,,,,,
11,,,40679,,,0.05389929562807083,,,,,,,,,,,
11,,,40699,,,0.11863043904304504,,,,,,,,,,,
11,,,40719,,,0.05273047834634781,,,,,,,,,,,
11,,,40739,,,0.08769958466291428,,,,,,,,,,,
11,,,40759,,,0.4246395230293274,,,,,,,,,,,
11,,,40779,,,0.1311459243297577,,,,,,,,,,,
11,,,40799,,,0.02912878431379795,,,,,,,,,,,
11,,,40819,,,0.2608230412006378,,,,,,,,,,,
11,,,40839,,,0.08261127769947052,,,,,,,,,,,
11,,,40859,,,0.06142900139093399,,,,,,,,,,,
11,,,40879,,,0.045975461602211,,,,,,,,,,,
11,,,40899,,,0.15818342566490173,,,,,,,,,,,
11,,,40919,,,0.19751830399036407,,,,,,,,,,,
11,,,40939,,,0.1706000119447708,,,,,,,,,,,
11,,,40959,,,0.16121657192707062,,,,,,,,,,,
11,,,40979,,,0.4819828271865845,,,,,,,,,,,
11,,,40999,,,0.3522903025150299,,,,,,,,,,,
11,,,41019,,,0.12197423726320267,,,,,,,,,,,
11,,,41039,,,0.14831237494945526,,,,,,,,,,,
11,,,41059,,,0.40243878960609436,,,,,,,,,,,
11,,,41079,,,0.14444348216056824,,,,,,,,,,,
11,,,41099,,,0.08644280582666397,,,,,,,,,,,
11,,,41119,,,0.10724693536758423,,,,,,,,,,,
11,,,41139,,,0.07131310552358627,,,,,,,,,,,
11,,,41159,,,0.010546806268393993,,,,,,,,,,,
11,,,41179,,,0.23882326483726501,,,,,,,,,,,
11,,,41199,,,0.01962430775165558,,,,,,,,,,,
11,,,41219,,,0.21315284073352814,,,,,,,,,,,
11,,,41239,,,0.1730489879846573,,,,,,,,,,,
11,,,41259,,,0.05854246765375137,,,,,,,,,,,
11,,,41279,,,0.041539791971445084,,,,,,,,,,,
11,,,41299,,,0.30208927392959595,,,,,,,,,,,
11,,,41319,,,0.16339588165283203,,,,,,,,,,,
11,,,41339,,,0.15081609785556793,,,,,,,,,,,
11,,,41359,,,0.18545123934745789,,,,,,,,,,,
11,,,41379,,,0.5497254133224487,,,,,,,,,,,
11,,,41399,,,0.36931681632995605,,,,,,,,,,,
11,,,41419,,,0.0511365681886673,,,,,,,,,,,
11,,,41439,,,0.10530191659927368,,,,,,,,,,,
11,,,41459,,,0.17147286236286163,,,,,,,,,,,
11,,,41479,,,0.2801436185836792,,,,,,,,,,,
11,,,41499,,,0.269370973110199,,,,,,,,,,,
11,,,41519,,,0.018628768622875214,,,,,,,,,,,
11,,,41539,,,0.04602016508579254,,,,,,,,,,,
11,,,41559,,,0.28314581513404846,,,,,,,,,,,
11,,,41579,,,0.034100987017154694,,,,,,,,,,,
11,,,41599,,,0.09047815203666687,,,,,,,,,,,
11,,,41619,,,0.2015489637851715,,,,,,,,,,,
11,,,41639,,,0.1547238826751709,,,,,,,,,,,
11,,,41659,,,0.14377111196517944,,,,,,,,,,,
11,,,41679,,,0.2719813287258148,,,,,,,,,,,
11,,,41699,,,0.1153559535741806,,,,,,,,,,,
11,,,41719,,,0.210731640458107,,,,,,,,,,,
11,,,41739,,,0.12138522416353226,,,,,,,,,,,
11,,,41759,,,0.09156902134418488,,,,,,,,,,,
11,,,41779,,,0.11079501360654831,,,,,,,,,,,
11,,,41783,,,,0.5866001844406128,0.8497390747070312,0.6001929640769958,2.1595849990844727,0.6585868000984192,0.49843358993530273,0.4723735749721527,0.7374179363250732,0.751785933971405,0.6727697849273682,0.5866001844406128
11,,,41783,0.9393336772918701,0.15706205368041992,,,,,,,,,,,,
,0.0002977211629518312,0.0002977211629518312,41784,,,,,,,,,,,,,,
12,,,41799,,,0.18096290528774261,,,,,,,,,,,
12,,,41819,,,0.1841065138578415,,,,,,,,,,,
12,,,41839,,,0.2033727914094925,,,,,,,,,,,
12,,,41859,,,0.020741255953907967,,,,,,,,,,,
12,,,41879,,,0.16507312655448914,,,,,,,,,,,
12,,,41899,,,0.15400363504886627,,,,,,,,,,,
12,,,41919,,,0.11132294684648514,,,,,,,,,,,
12,,,41939,,,0.10081388056278229,,,,,,,,,,,
12,,,41959,,,0.22342298924922943,,,,,,,,,,,
12,,,41979,,,0.06039787456393242,,,,,,,,,,,
12,,,41999,,,0.07356612384319305,,,,,,,,,,,
12,,,42019,,,0.08568626642227173,,,,,,,,,,,
12,,,42039,,,0.4028241038322449,,,,,,,,,,,
12,,,42059,,,0.08515463769435883,,,,,,,,,,,
12,,,42079,,,0.07420125603675842,,,,,,,,,,,
12,,,42099,,,0.07697142660617828,,,,,,,,,,,
12,,,42119,,,0.0404558926820755,,,,,,,,,,,
12,,,42139,,,0.32279589772224426,,,,,,,,,,,
12,,,42159,,,0.22160282731056213,,,,,,,,,,,
12,,,42179,,,0.08175469934940338,,,,,,,,,,,
12,,,42199,,,0.18448899686336517,,,,,,,,,,,
12,,,42219,,,0.27775299549102783,,,,,,,,,,,
12,,,42239,,,0.07567770779132843,,,,,,,,,,,
12,,,42259,,,0.05559893697500229,,,,,,,,,,,
12,,,42279,,,0.041214194148778915,,,,,,,,,,,
12,,,42299,,,0.2772725224494934,,,,,,,,,,,
12,,,42319,,,0.030894344672560692,,,,,,,,,,,
12,,,42339,,,0.13981454074382782,,,,,,,,,,,
12,,,42359,,,0.10609543323516846,,,,,,,,,,,
12,,,42379,,,0.05182046815752983,,,,,,,,,,,
12,,,42399,,,0.10913107544183731,,,,,,,,,,,
12,,,42419,,,0.19336536526679993,,,,,,,,,,,
12,,,42439,,,0.11930482089519501,,,,,,,,,,,
12,,,42459,,,0.21453768014907837,,,,,,,,,,,
12,,,42479,,,0.017772633582353592,,,,,,,,,,,
12,,,42499,,,0.145541712641716,,,,,,,,,,,
12,,,42519,,,0.23670142889022827,,,,,,,,,,,
12,,,42539,,,0.014265598729252815,,,,,,,,,,,
12,,,42559,,,0.31128066778182983,,,,,,,,,,,
12,,,42579,,,0.10698579251766205,,,,,,,,,,,
12,,,42599,,,0.048042431473731995,,,,,,,,,,,
12,,,42619,,,0.08639969676733017,,,,,,,,,,,
12,,,42639,,,0.009204519912600517,,,,,,,,,,,
12,,,42659,,,0.1407293826341629,,,,,,,,,,,
12,,,42679,,,0.19185645878314972,,,,,,,,,,,
12,,,42699,,,0.13370415568351746,,,,,,,,,,,
12,,,42719,,,0.021703463047742844,,,,,,,,,,,
12,,,42739,,,0.11343258619308472,,,,,,,,,,,
12,,,42759,,,0.028649412095546722,,,,,,,,,,,
12,,,42779,,,0.06547870486974716,,,,,,,,,,,
12,,,42799,,,0.03386026248335838,,,,,,,,,,,
12,,,42819,,,0.26333561539649963,,,,,,,,,,,
12,,,42839,,,0.7453239560127258,,,,,,,,,,,
12,,,42859,,,0.061278581619262695,,,,,,,,,,,
12,,,42879,,,0.23166750371456146,,,,,,,,,,,
12,,,42899,,,0.09898652881383896,,,,,,,,,,,
12,,,42919,,,0.06400573998689651,,,,,,,,,,,
12,,,42939,,,0.08660938590765,,,,,,,,,,,
12,,,42959,,,0.13021817803382874,,,,,,,,,,,
12,,,42979,,,0.05052586644887924,,,,,,,,,,,
12,,,42999,,,0.04961463436484337,,,,,,,,,,,
12,,,43019,,,0.012842441909015179,,,,,,,,,,,
12,,,43039,,,0.04190688207745552,,,,,,,,,,,
12,,,43059,,,0.03510410338640213,,,,,,,,,,,
12,,,43079,,,0.08909983932971954,,,,,,,,,,,
12,,,43099,,,0.09685546904802322,,,,,,,,,,,
12,,,43119,,,0.31642958521842957,,,,,,,,,,,
12,,,43139,,,0.10637830197811127,,,,,,,,,,,
12,,,43159,,,0.013017763383686543,,,,,,,,,,,
12,,,43179,,,0.11824099719524384,,,,,,,,,,,
12,,,43199,,,0.16411516070365906,,,,,,,,,,,
12,,,43219,,,0.3127467930316925,,,,,,,,,,,
12,,,43239,,,0.0468754842877388,,,,,,,,,,,
12,,,43259,,,0.49467283487319946,,,,,,,,,,,
12,,,43279,,,0.05476749688386917,,,,,,,,,,,
12,,,43299,,,0.046751778572797775,,,,,,,,,,,
12,,,43319,,,0.36287957429885864,,,,,,,,,,,
12,,,43339,,,0.21983958780765533,,,,,,,,,,,
12,,,43359,,,0.15086482465267181,,,,,,,,,,,
12,,,43379,,,0.030221518129110336,,,,,,,,,,,
12,,,43399,,,0.06241023540496826,,,,,,,,,,,
12,,,43419,,,0.055276840925216675,,,,,,,,,,,
12,,,43439,,,0.18943053483963013,,,,,,,,,,,
12,,,43459,,,0.14334851503372192,,,,,,,,,,,
12,,,43479,,,0.22888396680355072,,,,,,,,,,,
12,,,43499,,,0.08796318620443344,,,,,,,,,,,
12,,,43519,,,0.0889805406332016,,,,,,,,,,,
12,,,43539,,,0.12743639945983887,,,,,,,,,,,
12,,,43559,,,0.18414081633090973,,,,,,,,,,,
12,,,43579,,,0.042299285531044006,,,,,,,,,,,
12,,,43599,,,0.09388428181409836,,,,,,,,,,,
12,,,43619,,,0.04306595399975777,,,,,,,,,,,
12,,,43639,,,0.04256024956703186,,,,,,,,,,,
12,,,43659,,,0.15685731172561646,,,,,,,,,,,
12,,,43679,,,0.5750696659088135,,,,,,,,,,,
12,,,43699,,,0.11902711540460587,,,,,,,,,,,
12,,,43719,,,0.17121215164661407,,,,,,,,,,,
12,,,43739,,,0.12293881922960281,,,,,,,,,,,
12,,,43759,,,0.362945556640625,,,,,,,,,,,
12,,,43779,,,0.12947417795658112,,,,,,,,,,,
12,,,43799,,,0.17284880578517914,,,,,,,,,,,
12,,,43819,,,0.1772918850183487,,,,,,,,,,,
12,,,43839,,,0.029581496492028236,,,,,,,,,,,
12,,,43859,,,0.173097163438797,,,,,,,,,,,
12,,,43879,,,0.07000992447137833,,,,,,,,,,,
12,,,43899,,,0.38696053624153137,,,,,,,,,,,
12,,,43919,,,0.2103588879108429,,,,,,,,,,,
12,,,43939,,,0.06750677525997162,,,,,,,,,,,
12,,,43959,,,0.12300041317939758,,,,,,,,,,,
12,,,43979,,,0.032981179654598236,,,,,,,,,,,
12,,,43999,,,0.06456320732831955,,,,,,,,,,,
12,,,44019,,,0.13767671585083008,,,,,,,,,,,
12,,,44039,,,0.056616924703121185,,,,,,,,,,,
12,,,44059,,,0.12434987723827362,,,,,,,,,,,
12,,,44079,,,0.05910122022032738,,,,,,,,,,,
12,,,44099,,,0.2956388592720032,,,,,,,,,,,
12,,,44119,,,0.08703406155109406,,,,,,,,,,,
12,,,44139,,,0.029070941731333733,,,,,,,,,,,
12,,,44159,,,0.15076713263988495,,,,,,,,,,,
12,,,44179,,,0.07153766602277756,,,,,,,,,,,
12,,,44199,,,0.19886089861392975,,,,,,,,,,,
12,,,44219,,,0.43899005651474,,,,,,,,,,,
12,,,44239,,,0.24675902724266052,,,,,,,,,,,
12,,,44259,,,0.0038941570091992617,,,,,,,,,,,
12,,,44279,,,0.19963999092578888,,,,,,,,,,,
12,,,44299,,,0.07064112275838852,,,,,,,,,,,
12,,,44319,,,0.051393136382102966,,,,,,,,,,,
12,,,44339,,,0.24412180483341217,,,,,,,,,,,
12,,,44359,,,0.0712357759475708,,,,,,,,,,,
12,,,44379,,,0.09361899644136429,,,,,,,,,,,
12,,,44399,,,0.10595893859863281,,,,,,,,,,,
12,,,44419,,,0.1355523318052292,,,,,,,,,,,
12,,,44439,,,0.22588276863098145,,,,,,,,,,,
12,,,44459,,,0.13621903955936432,,,,,,,,,,,
12,,,44479,,,0.2224034070968628,,,,,,,,,,,
12,,,44499,,,0.21151214838027954,,,,,,,,,,,
12,,,44519,,,0.16847734153270721,,,,,,,,,,,
12,,,44539,,,0.06061568111181259,,,,,,,,,,,
12,,,44559,,,0.27673014998435974,,,,,,,,,,,
12,,,44579,,,0.05540794879198074,,,,,,,,,,,
12,,,44599,,,0.17767956852912903,,,,,,,,,,,
12,,,44619,,,0.025531988590955734,,,,,,,,,,,
12,,,44639,,,0.06770088523626328,,,,,,,,,,,
12,,,44659,,,0.08287713676691055,,,,,,,,,,,
12,,,44679,,,0.1681012213230133,,,,,,,,,,,
12,,,44699,,,0.06067425757646561,,,,,,,,,,,
12,,,44719,,,0.36049211025238037,,,,,,,,,,,
12,,,44739,,,0.047484494745731354,,,,,,,,,,,
12,,,44759,,,0.09439633041620255,,,,,,,,,,,
12,,,44779,,,0.09472480416297913,,,,,,,,,,,
12,,,44799,,,0.04774154722690582,,,,,,,,,,,
12,,,44819,,,0.2361762821674347,,,,,,,,,,,
12,,,44839,,,0.0577164925634861,,,,,,,,,,,
12,,,44859,,,0.05284726619720459,,,,,,,,,,,
12,,,44879,,,0.0538313090801239,,,,,,,,,,,
12,,,44899,,,0.0640902891755104,,,,,,,,,,,
12,,,44919,,,0.054320964962244034,,,,,,,,,,,
12,,,44939,,,0.0432208850979805,,,,,,,,,,,
12,,,44959,,,0.06711245328187943,,,,,,,,,,,
12,,,44979,,,0.10067477077245712,,,,,,,,,,,
12,,,44999,,,0.005686643999069929,,,,,,,,,,,
12,,,45019,,,0.10260461270809174,,,,,,,,,,,
12,,,45039,,,0.04478690028190613,,,,,,,,,,,
12,,,45059,,,0.05980176851153374,,,,,,,,,,,
12,,,45079,,,0.05683001130819321,,,,,,,,,,,
12,,,45099,,,0.09790699183940887,,,,,,,,,,,
12,,,45119,,,0.12283572554588318,,,,,,,,,,,
12,,,45139,,,0.11058326810598373,,,,,,,,,,,
12,,,45159,,,0.085365429520607,,,,,,,,,,,
12,,,45179,,,0.042271289974451065,,,,,,,,,,,
12,,,45199,,,0.06618556380271912,,,,,,,,,,,
12,,,45219,,,0.03914353996515274,,,,,,,,,,,
12,,,45239,,,0.20252995193004608,,,,,,,,,,,
12,,,45259,,,0.17165684700012207,,,,,,,,,,,
12,,,45265,,,,0.6385557055473328,0.8698021173477173,0.6421728134155273,1.8943403959274292,0.6479917764663696,0.5480108857154846,0.6422672867774963,0.6461593508720398,0.7708458304405212,0.5326946973800659,0.6385557055473328
12,,,45265,0.9445075988769531,0.1436956822872162,,,,,,,,,,,,
,0.00029644440106799,0.00029644440106799,45266,,,,,,,,,,,,,,
13,,,45279,,,0.3485410511493683,,,,,,,,,,,
13,,,45299,,,0.08212651312351227,,,,,,,,,,,
13,,,45319,,,0.18090373277664185,,,,,,,,,,,
13,,,45339,,,0.15333443880081177,,,,,,,,,,,
13,,,45359,,,0.08209428191184998,,,,,,,,,,,
13,,,45379,,,0.07573413103818893,,,,,,,,,,,
13,,,45399,,,0.5591657161712646,,,,,,,,,,,
13,,,45419,,,0.05373329296708107,,,,,,,,,,,
13,,,45439,,,0.08538208156824112,,,,,,,,,,,
13,,,45459,,,0.1893385797739029,,,,,,,,,,,
13,,,45479,,,0.03701673820614815,,,,,,,,,,,
13,,,45499,,,0.21111242473125458,,,,,,,,,,,
13,,,45519,,,0.11556936800479889,,,,,,,,,,,
13,,,45539,,,0.016212908551096916,,,,,,,,,,,
13,,,45559,,,0.1254611313343048,,,,,,,,,,,
13,,,45579,,,0.1862896829843521,,,,,,,,,,,
13,,,45599,,,0.04823922738432884,,,,,,,,,,,
13,,,45619,,,0.06102757155895233,,,,,,,,,,,
13,,,45639,,,0.09755352884531021,,,,,,,,,,,
13,,,45659,,,0.2493698000907898,,,,,,,,,,,
13,,,45679,,,0.4667816460132599,,,,,,,,,,,
13,,,45699,,,0.09265448153018951,,,,,,,,,,,
13,,,45719,,,0.30415308475494385,,,,,,,,,,,
13,,,45739,,,0.08024211972951889,,,,,,,,,,,
13,,,45759,,,0.11543292552232742,,,,,,,,,,,
13,,,45779,,,0.04172154888510704,,,,,,,,,,,
13,,,45799,,,0.059019628912210464,,,,,,,,,,,
13,,,45819,,,0.1696486920118332,,,,,,,,,,,
13,,,45839,,,0.31165236234664917,,,,,,,,,,,
13,,,45859,,,0.09569252282381058,,,,,,,,,,,
13,,,45879,,,0.41907060146331787,,,,,,,,,,,
13,,,45899,,,0.07853591442108154,,,,,,,,,,,
13,,,45919,,,0.14104512333869934,,,,,,,,,,,
13,,,45939,,,0.056239053606987,,,,,,,,,,,
13,,,45959,,,0.048745617270469666,,,,,,,,,,,
13,,,45979,,,0.1651715189218521,,,,,,,,,,,
13,,,45999,,,0.07049477100372314,,,,,,,,,,,
13,,,46019,,,0.19357024133205414,,,,,,,,,,,
13,,,46039,,,0.016637219116091728,,,,,,,,,,,
13,,,46059,,,0.16932208836078644,,,,,,,,,,,
13,,,46079,,,0.0897599309682846,,,,,,,,,,,
13,,,46099,,,0.031920045614242554,,,,,,,,,,,
13,,,46119,,,0.05528804287314415,,,,,,,,,,,
13,,,46139,,,0.03327420726418495,,,,,,,,,,,
13,,,46159,,,0.426837682723999,,,,,,,,,,,
13,,,46179,,,0.2310822308063507,,,,,,,,,,,
13,,,46199,,,0.03446802869439125,,,,,,,,,,,
13,,,46219,,,0.020424893125891685,,,,,,,,,,,
13,,,46239,,,0.0471140593290329,,,,,,,,,,,
13,,,46259,,,0.09894861280918121,,,,,,,,,,,
13,,,46279,,,0.10865157097578049,,,,,,,,,,,
13,,,46299,,,0.17953625321388245,,,,,,,,,,,
13,,,46319,,,0.06718292832374573,,,,,,,,,,,
13,,,46339,,,0.04601775482296944,,,,,,,,,,,
13,,,46359,,,0.039980508387088776,,,,,,,,,,,
13,,,46379,,,0.08151558041572571,,,,,,,,,,,
13,,,46399,,,0.18192490935325623,,,,,,,,,,,
13,,,46419,,,0.2501353323459625,,,,,,,,,,,
13,,,46439,,,0.11501976102590561,,,,,,,,,,,
13,,,46459,,,0.07014957815408707,,,,,,,,,,,
13,,,46479,,,0.110057033598423,,,,,,,,,,,
13,,,46499,,,0.31728121638298035,,,,,,,,,,,
13,,,46519,,,0.17558203637599945,,,,,,,,,,,
13,,,46539,,,0.05780710279941559,,,,,,,,,,,
13,,,46559,,,0.11243787407875061,,,,,,,,,,,
13,,,46579,,,0.01164932455867529,,,,,,,,,,,
13,,,46599,,,0.23324531316757202,,,,,,,,,,,
13,,,46619,,,0.006930501200258732,,,,,,,,,,,
13,,,46639,,,0.07016036659479141,,,,,,,,,,,
13,,,46659,,,0.039238136261701584,,,,,,,,,,,
13,,,46679,,,0.025489933788776398,,,,,,,,,,,
13,,,46699,,,0.07101558893918991,,,,,,,,,,,
13,,,46719,,,0.08271752297878265,,,,,,,,,,,
13,,,46739,,,0.02636517770588398,,,,,,,,,,,
13,,,46759,,,0.11476796865463257,,,,,,,,,,,
13,,,46779,,,0.0691319927573204,,,,,,,,,,,
13,,,46799,,,0.056475020945072174,,,,,,,,,,,
13,,,46819,,,0.07557466626167297,,,,,,,,,,,
13,,,46839,,,0.14323437213897705,,,,,,,,,,,
13,,,46859,,,0.14571012556552887,,,,,,,,,,,
13,,,46879,,,0.3544037938117981,,,,,,,,,,,
13,,,46899,,,0.01740221492946148,,,,,,,,,,,
13,,,46919,,,0.06500303000211716,,,,,,,,,,,
13,,,46939,,,0.03471328318119049,,,,,,,,,,,
13,,,46959,,,0.06754481792449951,,,,,,,,,,,
13,,,46979,,,0.12312205135822296,,,,,,,,,,,
13,,,46999,,,0.01508854515850544,,,,,,,,,,,
13,,,47019,,,0.3079470694065094,,,,,,,,,,,
13,,,47039,,,0.18269921839237213,,,,,,,,,,,
13,,,47059,,,0.06262383610010147,,,,,,,,,,,
13,,,47079,,,0.10822615027427673,,,,,,,,,,,
13,,,47099,,,0.04092144966125488,,,,,,,,,,,
13,,,47119,,,0.028334207832813263,,,,,,,,,,,
13,,,47139,,,0.12014193087816238,,,,,,,,,,,
13,,,47159,,,0.041435904800891876,,,,,,,,,,,
13,,,47179,,,0.2773444950580597,,,,,,,,,,,
13,,,47199,,,0.2647947669029236,,,,,,,,,,,
13,,,47219,,,0.17456971108913422,,,,,,,,,,,
13,,,47239,,,0.41155049204826355,,,,,,,,,,,
13,,,47259,,,0.0442286878824234,,,,,,,,,,,
13,,,47279,,,0.018636591732501984,,,,,,,,,,,
13,,,47299,,,0.1457257866859436,,,,,,,,,,,
13,,,47319,,,0.2132391631603241,,,,,,,,,,,
13,,,47339,,,0.024672554805874825,,,,,,,,,,,
13,,,47359,,,0.013901088386774063,,,,,,,,,,,
13,,,47379,,,0.5285583734512329,,,,,,,,,,,
13,,,47399,,,0.019172336906194687,,,,,,,,,,,
13,,,47419,,,0.17523571848869324,,,,,,,,,,,
13,,,47439,,,0.31768614053726196,,,,,,,,,,,
13,,,47459,,,0.02287791483104229,,,,,,,,,,,
13,,,47479,,,0.01847749389708042,,,,,,,,,,,
13,,,47499,,,0.07522089779376984,,,,,,,,,,,
13,,,47519,,,0.18736422061920166,,,,,,,,,,,
13,,,47539,,,0.12233026325702667,,,,,,,,,,,
13,,,47559,,,0.06580148637294769,,,,,,,,,,,
13,,,47579,,,0.1404590904712677,,,,,,,,,,,
13,,,47599,,,0.0637260228395462,,,,,,,,,,,
13,,,47619,,,0.6200668811798096,,,,,,,,,,,
13,,,47639,,,0.2746462821960449,,,,,,,,,,,
13,,,47659,,,0.15145598351955414,,,,,,,,,,,
13,,,47679,,,0.030514398589730263,,,,,,,,,,,
13,,,47699,,,0.13492855429649353,,,,,,,,,,,
13,,,47719,,,0.06025639548897743,,,,,,,,,,,
13,,,47739,,,0.10952725261449814,,,,,,,,,,,
13,,,47759,,,0.07279474288225174,,,,,,,,,,,
13,,,47779,,,0.1372224986553192,,,,,,,,,,,
13,,,47799,,,0.183807373046875,,,,,,,,,,,
13,,,47819,,,0.04679238796234131,,,,,,,,,,,
13,,,47839,,,0.4121629595756531,,,,,,,,,,,
13,,,47859,,,0.1858769655227661,,,,,,,,,,,
13,,,47879,,,0.06377867609262466,,,,,,,,,,,
13,,,47899,,,0.1627420336008072,,,,,,,,,,,
13,,,47919,,,0.08834876865148544,,,,,,,,,,,
13,,,47939,,,0.0060282014310359955,,,,,,,,,,,
13,,,47959,,,0.019824527204036713,,,,,,,,,,,
13,,,47979,,,0.11144615709781647,,,,,,,,,,,
13,,,47999,,,0.13308747112751007,,,,,,,,,,,
13,,,48019,,,0.02574804797768593,,,,,,,,,,,
13,,,48039,,,0.09040853381156921,,,,,,,,,,,
13,,,48059,,,0.047463394701480865,,,,,,,,,,,
13,,,48079,,,0.03623247519135475,,,,,,,,,,,
13,,,48099,,,0.1966644823551178,,,,,,,,,,,
13,,,48119,,,0.05028565600514412,,,,,,,,,,,
13,,,48139,,,0.10183808952569962,,,,,,,,,,,
13,,,48159,,,0.2637270390987396,,,,,,,,,,,
13,,,48179,,,0.07212106138467789,,,,,,,,,,,
13,,,48199,,,0.0659695565700531,,,,,,,,,,,
13,,,48219,,,0.050909511744976044,,,,,,,,,,,
13,,,48239,,,0.034223780035972595,,,,,,,,,,,
13,,,48259,,,0.19774121046066284,,,,,,,,,,,
13,,,48279,,,0.2178310751914978,,,,,,,,,,,
13,,,48299,,,0.08167769759893417,,,,,,,,,,,
13,,,48319,,,0.5088602900505066,,,,,,,,,,,
13,,,48339,,,0.09606877714395523,,,,,,,,,,,
13,,,48359,,,0.2240232527256012,,,,,,,,,,,
13,,,48379,,,0.02806146815419197,,,,,,,,,,,
13,,,48399,,,0.154871866106987,,,,,,,,,,,
13,,,48419,,,0.18506118655204773,,,,,,,,,,,
13,,,48439,,,0.012557635083794594,,,,,,,,,,,
13,,,48459,,,0.0882481262087822,,,,,,,,,,,
13,,,48479,,,0.11984436959028244,,,,,,,,,,,
13,,,48499,,,0.051363348960876465,,,,,,,,,,,
13,,,48519,,,0.08162448555231094,,,,,,,,,,,
13,,,48539,,,0.3777351975440979,,,,,,,,,,,
13,,,48559,,,0.14144589006900787,,,,,,,,,,,
13,,,48579,,,0.036372505128383636,,,,,,,,,,,
13,,,48599,,,0.14162108302116394,,,,,,,,,,,
13,,,48619,,,0.07603362202644348,,,,,,,,,,,
13,,,48639,,,0.11242369562387466,,,,,,,,,,,
13,,,48659,,,0.06528118252754211,,,,,,,,,,,
13,,,48679,,,0.06969931721687317,,,,,,,,,,,
13,,,48699,,,0.019186122342944145,,,,,,,,,,,
13,,,48719,,,0.11846983432769775,,,,,,,,,,,
13,,,48739,,,0.014999409206211567,,,,,,,,,,,
13,,,48747,,,,0.5937058329582214,0.8509804606437683,0.6018062829971313,2.273897409439087,0.6442540884017944,0.5196202993392944,0.552418053150177,0.6503417491912842,0.7764045000076294,0.5978520512580872,0.5937058329582214
13,,,48747,0.9506340622901917,0.12992891669273376,,,,,,,,,,,,
,0.0002948888739433602,0.0002948888739433602,48748,,,,,,,,,,,,,,
14,,,48759,,,0.05318821966648102,,,,,,,,,,,
14,,,48779,,,0.3284863233566284,,,,,,,,,,,
14,,,48799,,,0.37079986929893494,,,,,,,,,,,
14,,,48819,,,0.11428425461053848,,,,,,,,,,,
14,,,48839,,,0.01570776104927063,,,,,,,,,,,
14,,,48859,,,0.13636115193367004,,,,,,,,,,,
14,,,48879,,,0.07779043167829514,,,,,,,,,,,
14,,,48899,,,0.07729923725128174,,,,,,,,,,,
14,,,48919,,,0.1028054729104042,,,,,,,,,,,
14,,,48939,,,0.03385647013783455,,,,,,,,,,,
14,,,48959,,,0.11043816804885864,,,,,,,,,,,
14,,,48979,,,0.2811867892742157,,,,,,,,,,,
14,,,48999,,,0.050788626074790955,,,,,,,,,,,
14,,,49019,,,0.10649368911981583,,,,,,,,,,,
14,,,49039,,,0.09516007453203201,,,,,,,,,,,
14,,,49059,,,0.036317236721515656,,,,,,,,,,,
14,,,49079,,,0.18275009095668793,,,,,,,,,,,
14,,,49099,,,0.1897750198841095,,,,,,,,,,,
14,,,49119,,,0.009489924646914005,,,,,,,,,,,
14,,,49139,,,0.019196603447198868,,,,,,,,,,,
14,,,49159,,,0.039946600794792175,,,,,,,,,,,
14,,,49179,,,0.01826813630759716,,,,,,,,,,,
14,,,49199,,,0.14198388159275055,,,,,,,,,,,
14,,,49219,,,0.06622296571731567,,,,,,,,,,,
14,,,49239,,,0.09972643107175827,,,,,,,,,,,
14,,,49259,,,0.05157887563109398,,,,,,,,,,,
14,,,49279,,,0.4080091714859009,,,,,,,,,,,
14,,,49299,,,0.031996775418519974,,,,,,,,,,,
14,,,49319,,,0.04795357212424278,,,,,,,,,,,
14,,,49339,,,0.08741067349910736,,,,,,,,,,,
14,,,49359,,,0.12208440154790878,,,,,,,,,,,
14,,,49379,,,0.06306251883506775,,,,,,,,,,,
14,,,49399,,,0.018019763752818108,,,,,,,,,,,
14,,,49419,,,0.11574828624725342,,,,,,,,,,,
14,,,49439,,,0.05677178129553795,,,,,,,,,,,
14,,,49459,,,0.1618163138628006,,,,,,,,,,,
14,,,49479,,,0.1501816064119339,,,,,,,,,,,
14,,,49499,,,0.011403864249587059,,,,,,,,,,,
14,,,49519,,,0.13275353610515594,,,,,,,,,,,
14,,,49539,,,0.08012446016073227,,,,,,,,,,,
14,,,49559,,,0.02204284816980362,,,,,,,,,,,
14,,,49579,,,0.11152787506580353,,,,,,,,,,,
14,,,49599,,,0.23453179001808167,,,,,,,,,,,
14,,,49619,,,0.07337996363639832,,,,,,,,,,,
14,,,49639,,,0.06946863234043121,,,,,,,,,,,
14,,,49659,,,0.1274453103542328,,,,,,,,,,,
14,,,49679,,,0.06195938214659691,,,,,,,,,,,
14,,,49699,,,0.24657997488975525,,,,,,,,,,,
14,,,49719,,,0.0021828790195286274,,,,,,,,,,,
14,,,49739,,,0.0698515921831131,,,,,,,,,,,
14,,,49759,,,0.015650618821382523,,,,,,,,,,,
14,,,49779,,,0.08519197255373001,,,,,,,,,,,
14,,,49799,,,0.0791090726852417,,,,,,,,,,,
14,,,49819,,,0.11564989387989044,,,,,,,,,,,
14,,,49839,,,0.10269324481487274,,,,,,,,,,,
14,,,49859,,,0.04723212867975235,,,,,,,,,,,
14,,,49879,,,0.16867724061012268,,,,,,,,,,,
14,,,49899,,,0.012865528464317322,,,,,,,,,,,
14,,,49919,,,0.11211572587490082,,,,,,,,,,,
14,,,49939,,,0.08616898953914642,,,,,,,,,,,
14,,,49959,,,0.052970584481954575,,,,,,,,,,,
14,,,49979,,,0.34663859009742737,,,,,,,,,,,
14,,,49999,,,0.031305890530347824,,,,,,,,,,,
14,,,50019,,,0.10118110477924347,,,,,,,,,,,
14,,,50039,,,0.07931589335203171,,,,,,,,,,,
14,,,50059,,,0.18868087232112885,,,,,,,,,,,
14,,,50079,,,0.14092177152633667,,,,,,,,,,,
14,,,50099,,,0.04733185097575188,,,,,,,,,,,
14,,,50119,,,0.03702902793884277,,,,,,,,,,,
14,,,50139,,,0.0889999270439148,,,,,,,,,,,
14,,,50159,,,0.08646339923143387,,,,,,,,,,,
14,,,50179,,,0.061701033264398575,,,,,,,,,,,
14,,,50199,,,0.13023357093334198,,,,,,,,,,,
14,,,50219,,,0.06765029579401016,,,,,,,,,,,
14,,,50239,,,0.07763030380010605,,,,,,,,,,,
14,,,50259,,,0.031668469309806824,,,,,,,,,,,
14,,,50279,,,0.039044782519340515,,,,,,,,,,,
14,,,50299,,,0.22224704921245575,,,,,,,,,,,
14,,,50319,,,0.033203788101673126,,,,,,,,,,,
14,,,50339,,,0.022219061851501465,,,,,,,,,,,
14,,,50359,,,0.11256007105112076,,,,,,,,,,,
14,,,50379,,,0.019300706684589386,,,,,,,,,,,
14,,,50399,,,0.07379098236560822,,,,,,,,,,,
14,,,50419,,,0.3386153280735016,,,,,,,,,,,
14,,,50439,,,0.008252816274762154,,,,,,,,,,,
14,,,50459,,,0.018650809302926064,,,,,,,,,,,
14,,,50479,,,0.12412819266319275,,,,,,,,,,,
14,,,50499,,,0.17290402948856354,,,,,,,,,,,
14,,,50519,,,0.21646857261657715,,,,,,,,,,,
14,,,50539,,,0.24260453879833221,,,,,,,,,,,
14,,,50559,,,0.03142070397734642,,,,,,,,,,,
14,,,50579,,,0.03687020391225815,,,,,,,,,,,
14,,,50599,,,0.09013641625642776,,,,,,,,,,,
14,,,50619,,,0.0572744645178318,,,,,,,,,,,
14,,,50639,,,0.14095357060432434,,,,,,,,,,,
14,,,50659,,,0.048277828842401505,,,,,,,,,,,
14,,,50679,,,0.049598608165979385,,,,,,,,,,,
14,,,50699,,,0.024938661605119705,,,,,,,,,,,
14,,,50719,,,0.05420773848891258,,,,,,,,,,,
14,,,50739,,,0.011438028886914253,,,,,,,,,,,
14,,,50759,,,0.022608401253819466,,,,,,,,,,,
14,,,50779,,,0.06886166334152222,,,,,,,,,,,
14,,,50799,,,0.10022322088479996,,,,,,,,,,,
14,,,50819,,,0.039734482765197754,,,,,,,,,,,
14,,,50839,,,0.11488037556409836,,,,,,,,,,,
14,,,50859,,,0.011300868354737759,,,,,,,,,,,
14,,,50879,,,0.04603125527501106,,,,,,,,,,,
14,,,50899,,,0.028489474207162857,,,,,,,,,,,
14,,,50919,,,0.06808706372976303,,,,,,,,,,,
14,,,50939,,,0.025264674797654152,,,,,,,,,,,
14,,,50959,,,0.03335476666688919,,,,,,,,,,,
14,,,50979,,,0.07154295593500137,,,,,,,,,,,
14,,,50999,,,0.2978074252605438,,,,,,,,,,,
14,,,51019,,,0.09240871667861938,,,,,,,,,,,
14,,,51039,,,0.24933308362960815,,,,,,,,,,,
14,,,51059,,,0.32697170972824097,,,,,,,,,,,
14,,,51079,,,0.08052044361829758,,,,,,,,,,,
14,,,51099,,,0.13666492700576782,,,,,,,,,,,
14,,,51119,,,0.018840163946151733,,,,,,,,,,,
14,,,51139,,,0.05986083298921585,,,,,,,,,,,
14,,,51159,,,0.04813924804329872,,,,,,,,,,,
14,,,51179,,,0.13548719882965088,,,,,,,,,,,
14,,,51199,,,0.0652797669172287,,,,,,,,,,,
14,,,51219,,,0.11187231540679932,,,,,,,,,,,
14,,,51239,,,0.1791895180940628,,,,,,,,,,,
14,,,51259,,,0.023796845227479935,,,,,,,,,,,
14,,,51279,,,0.36493661999702454,,,,,,,,,,,
14,,,51299,,,0.04079234227538109,,,,,,,,,,,
14,,,51319,,,0.26462000608444214,,,,,,,,,,,
14,,,51339,,,0.011434581130743027,,,,,,,,,,,
14,,,51359,,,0.05678411200642586,,,,,,,,,,,
14,,,51379,,,0.011670154519379139,,,,,,,,,,,
14,,,51399,,,0.08460472524166107,,,,,,,,,,,
14,,,51419,,,0.06497076898813248,,,,,,,,,,,
14,,,51439,,,0.02083108201622963,,,,,,,,,,,
14,,,51459,,,0.03415962681174278,,,,,,,,,,,
14,,,51479,,,0.033817779272794724,,,,,,,,,,,
14,,,51499,,,0.073678158223629,,,,,,,,,,,
14,,,51519,,,0.12155777961015701,,,,,,,,,,,
14,,,51539,,,0.013962551020085812,,,,,,,,,,,
14,,,51559,,,0.1759454756975174,,,,,,,,,,,
14,,,51579,,,0.044214967638254166,,,,,,,,,,,
14,,,51599,,,0.09725385159254074,,,,,,,,,,,
14,,,51619,,,0.2477596551179886,,,,,,,,,,,
14,,,51639,,,0.03167923167347908,,,,,,,,,,,
14,,,51659,,,0.14970991015434265,,,,,,,,,,,
14,,,51679,,,0.016701314598321915,,,,,,,,,,,
14,,,51699,,,0.048962224274873734,,,,,,,,,,,
14,,,51719,,,0.11767420917749405,,,,,,,,,,,
14,,,51739,,,0.017775267362594604,,,,,,,,,,,
14,,,51759,,,0.116018146276474,,,,,,,,,,,
14,,,51779,,,0.022826874628663063,,,,,,,,,,,
14,,,51799,,,0.23300360143184662,,,,,,,,,,,
14,,,51819,,,0.061218976974487305,,,,,,,,,,,
14,,,51839,,,0.026365403085947037,,,,,,,,,,,
14,,,51859,,,0.04742559790611267,,,,,,,,,,,
14,,,51879,,,0.10878894478082657,,,,,,,,,,,
14,,,51899,,,0.038601260632276535,,,,,,,,,,,
14,,,51919,,,0.32300829887390137,,,,,,,,,,,
14,,,51939,,,0.21001917123794556,,,,,,,,,,,
14,,,51959,,,0.0984865352511406,,,,,,,,,,,
14,,,51979,,,0.16319604218006134,,,,,,,,,,,
14,,,51999,,,0.33824968338012695,,,,,,,,,,,
14,,,52019,,,0.18302243947982788,,,,,,,,,,,
14,,,52039,,,0.034480784088373184,,,,,,,,,,,
14,,,52059,,,0.07492286711931229,,,,,,,,,,,
14,,,52079,,,0.09170474857091904,,,,,,,,,,,
14,,,52099,,,0.0866236612200737,,,,,,,,,,,
14,,,52119,,,0.05015150457620621,,,,,,,,,,,
14,,,52139,,,0.13559067249298096,,,,,,,,,,,
14,,,52159,,,0.020621301606297493,,,,,,,,,,,
14,,,52179,,,0.11819449067115784,,,,,,,,,,,
14,,,52199,,,0.05943596735596657,,,,,,,,,,,
14,,,52219,,,0.10549302399158478,,,,,,,,,,,
14,,,52229,,,,0.6678509712219238,0.8694281578063965,0.657099723815918,1.9919650554656982,0.6561504602432251,0.5664108991622925,0.6923832893371582,0.6680797338485718,0.7703223824501038,0.4938163757324219,0.6678509712219238
14,,,52229,0.952774703502655,0.12436183542013168,,,,,,,,,,,,
,0.000293057542612234,0.000293057542612234,52230,,,,,,,,,,,,,,
15,,,52239,,,0.34687450528144836,,,,,,,,,,,
15,,,52259,,,0.00579764973372221,,,,,,,,,,,
15,,,52279,,,0.1951613426208496,,,,,,,,,,,
15,,,52299,,,0.11262702941894531,,,,,,,,,,,
15,,,52319,,,0.20684777200222015,,,,,,,,,,,
15,,,52339,,,0.044373057782649994,,,,,,,,,,,
15,,,52359,,,0.5258435010910034,,,,,,,,,,,
15,,,52379,,,0.04546023905277252,,,,,,,,,,,
15,,,52399,,,0.01366239134222269,,,,,,,,,,,
15,,,52419,,,0.00705253379419446,,,,,,,,,,,
15,,,52439,,,0.12422998994588852,,,,,,,,,,,
15,,,52459,,,0.236023411154747,,,,,,,,,,,
15,,,52479,,,0.12223313748836517,,,,,,,,,,,
15,,,52499,,,0.020362552255392075,,,,,,,,,,,
15,,,52519,,,0.03573956340551376,,,,,,,,,,,
15,,,52539,,,0.003939752466976643,,,,,,,,,,,
15,,,52559,,,0.09785792976617813,,,,,,,,,,,
15,,,52579,,,0.06663808971643448,,,,,,,,,,,
15,,,52599,,,0.06364650279283524,,,,,,,,,,,
15,,,52619,,,0.029514754191040993,,,,,,,,,,,
15,,,52639,,,0.07650981098413467,,,,,,,,,,,
15,,,52659,,,0.015112591907382011,,,,,,,,,,,
15,,,52679,,,0.13827084004878998,,,,,,,,,,,
15,,,52699,,,0.24194681644439697,,,,,,,,,,,
15,,,52719,,,0.07609640061855316,,,,,,,,,,,
15,,,52739,,,0.12521202862262726,,,,,,,,,,,
15,,,52759,,,0.3717217445373535,,,,,,,,,,,
15,,,52779,,,0.005262952297925949,,,,,,,,,,,
15,,,52799,,,0.02612532675266266,,,,,,,,,,,
15,,,52819,,,0.10789786279201508,,,,,,,,,,,
15,,,52839,,,0.3780534863471985,,,,,,,,,,,
15,,,52859,,,0.0908452644944191,,,,,,,,,,,
15,,,52879,,,0.06358652561903,,,,,,,,,,,
15,,,52899,,,0.03659357130527496,,,,,,,,,,,
15,,,52919,,,0.015274939127266407,,,,,,,,,,,
15,,,52939,,,0.10105153918266296,,,,,,,,,,,
15,,,52959,,,0.1501874327659607,,,,,,,,,,,
15,,,52979,,,0.18191565573215485,,,,,,,,,,,
15,,,52999,,,0.009370232000946999,,,,,,,,,,,
15,,,53019,,,0.16754887998104095,,,,,,,,,,,
15,,,53039,,,0.2590772211551666,,,,,,,,,,,
15,,,53059,,,0.13150860369205475,,,,,,,,,,,
15,,,53079,,,0.09228795021772385,,,,,,,,,,,
15,,,53099,,,0.08070291578769684,,,,,,,,,,,
15,,,53119,,,0.10384321212768555,,,,,,,,,,,
15,,,53139,,,0.15304505825042725,,,,,,,,,,,
15,,,53159,,,0.02192358672618866,,,,,,,,,,,
15,,,53179,,,0.115159772336483,,,,,,,,,,,
15,,,53199,,,0.4303772747516632,,,,,,,,,,,
15,,,53219,,,0.01634630747139454,,,,,,,,,,,
15,,,53239,,,0.04562478885054588,,,,,,,,,,,
15,,,53259,,,0.15363405644893646,,,,,,,,,,,
15,,,53279,,,0.01453937403857708,,,,,,,,,,,
15,,,53299,,,0.044251713901758194,,,,,,,,,,,
15,,,53319,,,0.04064458981156349,,,,,,,,,,,
15,,,53339,,,0.03209695592522621,,,,,,,,,,,
15,,,53359,,,0.13073793053627014,,,,,,,,,,,
15,,,53379,,,0.06538382172584534,,,,,,,,,,,
15,,,53399,,,0.19279591739177704,,,,,,,,,,,
15,,,53419,,,0.02649020031094551,,,,,,,,,,,
15,,,53439,,,0.010070186108350754,,,,,,,,,,,
15,,,53459,,,0.07666240632534027,,,,,,,,,,,
15,,,53479,,,0.0800844207406044,,,,,,,,,,,
15,,,53499,,,0.05125495418906212,,,,,,,,,,,
15,,,53519,,,0.04010812193155289,,,,,,,,,,,
15,,,53539,,,0.17212286591529846,,,,,,,,,,,
15,,,53559,,,0.21227018535137177,,,,,,,,,,,
15,,,53579,,,0.5373458862304688,,,,,,,,,,,
15,,,53599,,,0.014345748350024223,,,,,,,,,,,
15,,,53619,,,0.034917525947093964,,,,,,,,,,,
15,,,53639,,,0.008250221610069275,,,,,,,,,,,
15,,,53659,,,0.20938175916671753,,,,,,,,,,,
15,,,53679,,,0.04511479288339615,,,,,,,,,,,
15,,,53699,,,0.16586726903915405,,,,,,,,,,,
15,,,53719,,,0.006990381516516209,,,,,,,,,,,
15,,,53739,,,0.006180472206324339,,,,,,,,,,,
15,,,53759,,,0.10293886065483093,,,,,,,,,,,
15,,,53779,,,0.06277826428413391,,,,,,,,,,,
15,,,53799,,,0.1717577576637268,,,,,,,,,,,
15,,,53819,,,0.016378113999962807,,,,,,,,,,,
15,,,53839,,,0.017944443970918655,,,,,,,,,,,
15,,,53859,,,0.17986278235912323,,,,,,,,,,,
15,,,53879,,,0.27581506967544556,,,,,,,,,,,
15,,,53899,,,0.005265207029879093,,,,,,,,,,,
15,,,53919,,,0.029375161975622177,,,,,,,,,,,
15,,,53939,,,0.02847299724817276,,,,,,,,,,,
15,,,53959,,,0.3438117504119873,,,,,,,,,,,
15,,,53979,,,0.04630304500460625,,,,,,,,,,,
15,,,53999,,,0.04783594235777855,,,,,,,,,,,
15,,,54019,,,0.08084772527217865,,,,,,,,,,,
15,,,54039,,,0.021337097510695457,,,,,,,,,,,
15,,,54059,,,0.12970884144306183,,,,,,,,,,,
15,,,54079,,,0.004458836279809475,,,,,,,,,,,
15,,,54099,,,0.19094489514827728,,,,,,,,,,,
15,,,54119,,,0.005025606602430344,,,,,,,,,,,
15,,,54139,,,0.24759820103645325,,,,,,,,,,,
15,,,54159,,,0.19571970403194427,,,,,,,,,,,
15,,,54179,,,0.06676652282476425,,,,,,,,,,,
15,,,54199,,,0.13416951894760132,,,,,,,,,,,
15,,,54219,,,0.11764142662286758,,,,,,,,,,,
15,,,54239,,,0.044712282717227936,,,,,,,,,,,
15,,,54259,,,0.05249439552426338,,,,,,,,,,,
15,,,54279,,,0.05375886708498001,,,,,,,,,,,
15,,,54299,,,0.0011509389150887728,,,,,,,,,,,
15,,,54319,,,0.061102233827114105,,,,,,,,,,,
15,,,54339,,,0.05638619139790535,,,,,,,,,,,
15,,,54359,,,0.08968283981084824,,,,,,,,,,,
15,,,54379,,,0.07057857513427734,,,,,,,,,,,
15,,,54399,,,0.11403489112854004,,,,,,,,,,,
15,,,54419,,,0.1506432294845581,,,,,,,,,,,
15,,,54439,,,0.017453379929065704,,,,,,,,,,,
15,,,54459,,,0.2549968659877777,,,,,,,,,,,
15,,,54479,,,0.16271470487117767,,,,,,,,,,,
15,,,54499,,,0.09369160979986191,,,,,,,,,,,
15,,,54519,,,0.07451045513153076,,,,,,,,,,,
15,,,54539,,,0.004520887043327093,,,,,,,,,,,
15,,,54559,,,0.07286091893911362,,,,,,,,,,,
15,,,54579,,,0.018368251621723175,,,,,,,,,,,
15,,,54599,,,0.08277969807386398,,,,,,,,,,,
15,,,54619,,,0.0064023262821137905,,,,,,,,,,,
15,,,54639,,,0.08449074625968933,,,,,,,,,,,
15,,,54659,,,0.26952916383743286,,,,,,,,,,,
15,,,54679,,,0.020212437957525253,,,,,,,,,,,
15,,,54699,,,0.2717346251010895,,,,,,,,,,,
15,,,54719,,,0.04309505969285965,,,,,,,,,,,
15,,,54739,,,0.011419940739870071,,,,,,,,,,,
15,,,54759,,,0.24657689034938812,,,,,,,,,,,
15,,,54779,,,0.35679274797439575,,,,,,,,,,,
15,,,54799,,,0.1498512625694275,,,,,,,,,,,
15,,,54819,,,0.3782584071159363,,,,,,,,,,,
15,,,54839,,,0.049109380692243576,,,,,,,,,,,
15,,,54859,,,0.14193075895309448,,,,,,,,,,,
15,,,54879,,,0.010420259088277817,,,,,,,,,,,
15,,,54899,,,0.06128979101777077,,,,,,,,,,,
15,,,54919,,,0.054851651191711426,,,,,,,,,,,
15,,,54939,,,0.07306014746427536,,,,,,,,,,,
15,,,54959,,,0.12788428366184235,,,,,,,,,,,
15,,,54979,,,0.05593271553516388,,,,,,,,,,,
15,,,54999,,,0.1391289234161377,,,,,,,,,,,
15,,,55019,,,0.008687146939337254,,,,,,,,,,,
15,,,55039,,,0.0931330993771553,,,,,,,,,,,
15,,,55059,,,0.045371972024440765,,,,,,,,,,,
15,,,55079,,,0.07197107374668121,,,,,,,,,,,
15,,,55099,,,0.07216020673513412,,,,,,,,,,,
15,,,55119,,,0.021093307062983513,,,,,,,,,,,
15,,,55139,,,0.03817936033010483,,,,,,,,,,,
15,,,55159,,,0.09209166467189789,,,,,,,,,,,
15,,,55179,,,0.021718082949519157,,,,,,,,,,,
15,,,55199,,,0.011365586891770363,,,,,,,,,,,
15,,,55219,,,0.056641194969415665,,,,,,,,,,,
15,,,55239,,,0.028090238571166992,,,,,,,,,,,
15,,,55259,,,0.03456047922372818,,,,,,,,,,,
15,,,55279,,,0.23193474113941193,,,,,,,,,,,
15,,,55299,,,0.34031572937965393,,,,,,,,,,,
15,,,55319,,,0.05987247824668884,,,,,,,,,,,
15,,,55339,,,0.05049503222107887,,,,,,,,,,,
15,,,55359,,,0.03656833991408348,,,,,,,,,,,
15,,,55379,,,0.17287269234657288,,,,,,,,,,,
15,,,55399,,,0.19803234934806824,,,,,,,,,,,
15,,,55419,,,0.0724250003695488,,,,,,,,,,,
15,,,55439,,,0.3733097016811371,,,,,,,,,,,
15,,,55459,,,0.0672621801495552,,,,,,,,,,,
15,,,55479,,,0.02829870581626892,,,,,,,,,,,
15,,,55499,,,0.020571965724229813,,,,,,,,,,,
15,,,55519,,,0.037756070494651794,,,,,,,,,,,
15,,,55539,,,0.006144941784441471,,,,,,,,,,,
15,,,55559,,,0.03799063339829445,,,,,,,,,,,
15,,,55579,,,0.10022390633821487,,,,,,,,,,,
15,,,55599,,,0.05791367217898369,,,,,,,,,,,
15,,,55619,,,0.09072361141443253,,,,,,,,,,,
15,,,55639,,,0.11179979890584946,,,,,,,,,,,
15,,,55659,,,0.1941744089126587,,,,,,,,,,,
15,,,55679,,,0.03572242334485054,,,,,,,,,,,
15,,,55699,,,0.2518943250179291,,,,,,,,,,,
15,,,55711,,,,0.6598932147026062,0.8831838369369507,0.6589561700820923,1.812342882156372,0.659320592880249,0.5724589824676514,0.6367210149765015,0.7009788751602173,0.7806020975112915,0.5189803838729858,0.6598932147026062
15,,,55711,0.9567241668701172,0.11346530169248581,,,,,,,,,,,,
,0.0002909538931178862,0.0002909538931178862,55712,,,,,,,,,,,,,,
16,,,55719,,,0.004577792249619961,,,,,,,,,,,
16,,,55739,,,0.24423646926879883,,,,,,,,,,,
16,,,55759,,,0.3021778464317322,,,,,,,,,,,
16,,,55779,,,0.05349981412291527,,,,,,,,,,,
16,,,55799,,,0.07378736883401871,,,,,,,,,,,
16,,,55819,,,0.02939443662762642,,,,,,,,,,,
16,,,55839,,,0.004631509073078632,,,,,,,,,,,
16,,,55859,,,0.14269469678401947,,,,,,,,,,,
16,,,55879,,,0.1875208616256714,,,,,,,,,,,
16,,,55899,,,0.036687180399894714,,,,,,,,,,,
16,,,55919,,,0.040041808038949966,,,,,,,,,,,
16,,,55939,,,0.06880142539739609,,,,,,,,,,,
16,,,55959,,,0.09310644119977951,,,,,,,,,,,
16,,,55979,,,0.2304060459136963,,,,,,,,,,,
16,,,55999,,,0.06963734328746796,,,,,,,,,,,
16,,,56019,,,0.1759233921766281,,,,,,,,,,,
16,,,56039,,,0.38906389474868774,,,,,,,,,,,
16,,,56059,,,0.032732900232076645,,,,,,,,,,,
16,,,56079,,,0.07998323440551758,,,,,,,,,,,
16,,,56099,,,0.1434970498085022,,,,,,,,,,,
16,,,56119,,,0.14383672177791595,,,,,,,,,,,
16,,,56139,,,0.09909066557884216,,,,,,,,,,,
16,,,56159,,,0.01682943105697632,,,,,,,,,,,
16,,,56179,,,0.06022505462169647,,,,,,,,,,,
16,,,56199,,,0.1269015222787857,,,,,,,,,,,
16,,,56219,,,0.017530037090182304,,,,,,,,,,,
16,,,56239,,,0.039578311145305634,,,,,,,,,,,
16,,,56259,,,0.006062905769795179,,,,,,,,,,,
16,,,56279,,,0.08184535801410675,,,,,,,,,,,
16,,,56299,,,0.008103089407086372,,,,,,,,,,,
16,,,56319,,,0.17088186740875244,,,,,,,,,,,
16,,,56339,,,0.04277445375919342,,,,,,,,,,,
16,,,56359,,,0.15813152492046356,,,,,,,,,,,
16,,,56379,,,0.04897297918796539,,,,,,,,,,,
16,,,56399,,,0.008637438528239727,,,,,,,,,,,
16,,,56419,,,0.07017967849969864,,,,,,,,,,,
16,,,56439,,,0.1427711546421051,,,,,,,,,,,
16,,,56459,,,0.045498382300138474,,,,,,,,,,,
16,,,56479,,,0.01835048198699951,,,,,,,,,,,
16,,,56499,,,0.2645151913166046,,,,,,,,,,,
16,,,56519,,,0.30662256479263306,,,,,,,,,,,
16,,,56539,,,0.08955532312393188,,,,,,,,,,,
16,,,56559,,,0.04331180453300476,,,,,,,,,,,
16,,,56579,,,0.20238971710205078,,,,,,,,,,,
16,,,56599,,,0.252127081155777,,,,,,,,,,,
16,,,56619,,,0.023011939600110054,,,,,,,,,,,
16,,,56639,,,0.06278955191373825,,,,,,,,,,,
16,,,56659,,,0.08370029926300049,,,,,,,,,,,
16,,,56679,,,0.09289815276861191,,,,,,,,,,,
16,,,56699,,,0.06307268887758255,,,,,,,,,,,
16,,,56719,,,0.05531524866819382,,,,,,,,,,,
16,,,56739,,,0.16423450410366058,,,,,,,,,,,
16,,,56759,,,0.07757184654474258,,,,,,,,,,,
16,,,56779,,,0.00864093191921711,,,,,,,,,,,
16,,,56799,,,0.1825263649225235,,,,,,,,,,,
16,,,56819,,,0.007709207944571972,,,,,,,,,,,
16,,,56839,,,0.0146433524787426,,,,,,,,,,,
16,,,56859,,,0.006151675712317228,,,,,,,,,,,
16,,,56879,,,0.27066153287887573,,,,,,,,,,,
16,,,56899,,,0.0744386613368988,,,,,,,,,,,
16,,,56919,,,0.23428955674171448,,,,,,,,,,,
16,,,56939,,,0.010407453402876854,,,,,,,,,,,
16,,,56959,,,0.019352834671735764,,,,,,,,,,,
16,,,56979,,,0.15224561095237732,,,,,,,,,,,
16,,,56999,,,0.10553847998380661,,,,,,,,,,,
16,,,57019,,,0.009756089188158512,,,,,,,,,,,
16,,,57039,,,0.0802115648984909,,,,,,,,,,,
16,,,57059,,,0.0524740070104599,,,,,,,,,,,
16,,,57079,,,0.08740227669477463,,,,,,,,,,,
16,,,57099,,,0.07200739532709122,,,,,,,,,,,
16,,,57119,,,0.015194326639175415,,,,,,,,,,,
16,,,57139,,,0.18668241798877716,,,,,,,,,,,
16,,,57159,,,0.39819803833961487,,,,,,,,,,,
16,,,57179,,,0.15140165388584137,,,,,,,,,,,
16,,,57199,,,0.03594110161066055,,,,,,,,,,,
16,,,57219,,,0.017794201150536537,,,,,,,,,,,
16,,,57239,,,0.13712114095687866,,,,,,,,,,,
16,,,57259,,,0.25918033719062805,,,,,,,,,,,
16,,,57279,,,0.29944199323654175,,,,,,,,,,,
16,,,57299,,,0.03648827224969864,,,,,,,,,,,
16,,,57319,,,0.08939900249242783,,,,,,,,,,,
16,,,57339,,,0.043975941836833954,,,,,,,,,,,
16,,,57359,,,0.2657968997955322,,,,,,,,,,,
16,,,57379,,,0.13556155562400818,,,,,,,,,,,
16,,,57399,,,0.06592000275850296,,,,,,,,,,,
16,,,57419,,,0.006680523976683617,,,,,,,,,,,
16,,,57439,,,0.03620220720767975,,,,,,,,,,,
16,,,57459,,,0.022667255252599716,,,,,,,,,,,
16,,,57479,,,0.056545112282037735,,,,,,,,,,,
16,,,57499,,,0.02248563803732395,,,,,,,,,,,
16,,,57519,,,0.0793980211019516,,,,,,,,,,,
16,,,57539,,,0.16471728682518005,,,,,,,,,,,
16,,,57559,,,0.4478677809238434,,,,,,,,,,,
16,,,57579,,,0.19206887483596802,,,,,,,,,,,
16,,,57599,,,0.02591876871883869,,,,,,,,,,,
16,,,57619,,,0.20408467948436737,,,,,,,,,,,
16,,,57639,,,0.053172338753938675,,,,,,,,,,,
16,,,57659,,,0.11479352414608002,,,,,,,,,,,
16,,,57679,,,0.05784742906689644,,,,,,,,,,,
16,,,57699,,,0.09686589241027832,,,,,,,,,,,
16,,,57719,,,0.11339772492647171,,,,,,,,,,,
16,,,57739,,,0.07231530547142029,,,,,,,,,,,
16,,,57759,,,0.1596200168132782,,,,,,,,,,,
16,,,57779,,,0.009402354247868061,,,,,,,,,,,
16,,,57799,,,0.036640819162130356,,,,,,,,,,,
16,,,57819,,,0.011028462089598179,,,,,,,,,,,
16,,,57839,,,0.025943594053387642,,,,,,,,,,,
16,,,57859,,,0.06714363396167755,,,,,,,,,,,
16,,,57879,,,0.13369886577129364,,,,,,,,,,,
16,,,57899,,,0.059415895491838455,,,,,,,,,,,
16,,,57919,,,0.028276626020669937,,,,,,,,,,,
16,,,57939,,,0.004629738628864288,,,,,,,,,,,
16,,,57959,,,0.07799188792705536,,,,,,,,,,,
16,,,57979,,,0.12424948066473007,,,,,,,,,,,
16,,,57999,,,0.1577685922384262,,,,,,,,,,,
16,,,58019,,,0.18662060797214508,,,,,,,,,,,
16,,,58039,,,0.16015127301216125,,,,,,,,,,,
16,,,58059,,,0.3562747538089752,,,,,,,,,,,
16,,,58079,,,0.05870012566447258,,,,,,,,,,,
16,,,58099,,,0.0032290369272232056,,,,,,,,,,,
16,,,58119,,,0.16896170377731323,,,,,,,,,,,
16,,,58139,,,0.20476318895816803,,,,,,,,,,,
16,,,58159,,,0.2482115477323532,,,,,,,,,,,
16,,,58179,,,0.18240676820278168,,,,,,,,,,,
16,,,58199,,,0.019116871058940887,,,,,,,,,,,
16,,,58219,,,0.0023133244831115007,,,,,,,,,,,
16,,,58239,,,0.3126395642757416,,,,,,,,,,,
16,,,58259,,,0.01621454581618309,,,,,,,,,,,
16,,,58279,,,0.14912883937358856,,,,,,,,,,,
16,,,58299,,,0.09747336059808731,,,,,,,,,,,
16,,,58319,,,0.0494224838912487,,,,,,,,,,,
16,,,58339,,,0.04029092937707901,,,,,,,,,,,
16,,,58359,,,0.07557819038629532,,,,,,,,,,,
16,,,58379,,,0.038725126534700394,,,,,,,,,,,
16,,,58399,,,0.015015434473752975,,,,,,,,,,,
16,,,58419,,,0.09729428589344025,,,,,,,,,,,
16,,,58439,,,0.08797730505466461,,,,,,,,,,,
16,,,58459,,,0.01590237207710743,,,,,,,,,,,
16,,,58479,,,0.01695360615849495,,,,,,,,,,,
16,,,58499,,,0.06740773469209671,,,,,,,,,,,
16,,,58519,,,0.09908222407102585,,,,,,,,,,,
16,,,58539,,,0.13599467277526855,,,,,,,,,,,
16,,,58559,,,0.055105336010456085,,,,,,,,,,,
16,,,58579,,,0.12382253259420395,,,,,,,,,,,
16,,,58599,,,0.0806376188993454,,,,,,,,,,,
16,,,58619,,,0.046013496816158295,,,,,,,,,,,
16,,,58639,,,0.1721309870481491,,,,,,,,,,,
16,,,58659,,,0.38274306058883667,,,,,,,,,,,
16,,,58679,,,0.04321747273206711,,,,,,,,,,,
16,,,58699,,,0.3110412061214447,,,,,,,,,,,
16,,,58719,,,0.11070028692483902,,,,,,,,,,,
16,,,58739,,,0.2958860993385315,,,,,,,,,,,
16,,,58759,,,0.12253771722316742,,,,,,,,,,,
16,,,58779,,,0.16777744889259338,,,,,,,,,,,
16,,,58799,,,0.04439535737037659,,,,,,,,,,,
16,,,58819,,,0.1377456784248352,,,,,,,,,,,
16,,,58839,,,0.061915330588817596,,,,,,,,,,,
16,,,58859,,,0.12167473882436752,,,,,,,,,,,
16,,,58879,,,0.0688280537724495,,,,,,,,,,,
16,,,58899,,,0.2688940167427063,,,,,,,,,,,
16,,,58919,,,0.030204011127352715,,,,,,,,,,,
16,,,58939,,,0.023112796247005463,,,,,,,,,,,
16,,,58959,,,0.22836868464946747,,,,,,,,,,,
16,,,58979,,,0.01294439285993576,,,,,,,,,,,
16,,,58999,,,0.07423117756843567,,,,,,,,,,,
16,,,59019,,,0.06457439810037613,,,,,,,,,,,
16,,,59039,,,0.12868642807006836,,,,,,,,,,,
16,,,59059,,,0.022725991904735565,,,,,,,,,,,
16,,,59079,,,0.23914340138435364,,,,,,,,,,,
16,,,59099,,,0.35363930463790894,,,,,,,,,,,
16,,,59119,,,0.05627229064702988,,,,,,,,,,,
16,,,59139,,,0.079506054520607,,,,,,,,,,,
16,,,59159,,,0.2441156506538391,,,,,,,,,,,
16,,,59179,,,0.08714807778596878,,,,,,,,,,,
16,,,59193,,,,0.6249098777770996,0.8654893040657043,0.6355376243591309,2.129674196243286,0.6583145260810852,0.533291220664978,0.5951502919197083,0.713473916053772,0.6846339106559753,0.6399999856948853,0.6249098777770996
16,,,59193,0.9589448571205139,0.10857414454221725,,,,,,,,,,,,
,0.000288581929876693,0.000288581929876693,59194,,,,,,,,,,,,,,
17,,,59199,,,0.05378740280866623,,,,,,,,,,,
17,,,59219,,,0.013421124778687954,,,,,,,,,,,
17,,,59239,,,0.32528942823410034,,,,,,,,,,,
17,,,59259,,,0.09071731567382812,,,,,,,,,,,
17,,,59279,,,0.01669965498149395,,,,,,,,,,,
17,,,59299,,,0.049571242183446884,,,,,,,,,,,
17,,,59319,,,0.10820652544498444,,,,,,,,,,,
17,,,59339,,,0.1125001534819603,,,,,,,,,,,
17,,,59359,,,0.1338539868593216,,,,,,,,,,,
17,,,59379,,,0.017804710194468498,,,,,,,,,,,
17,,,59399,,,0.06385563313961029,,,,,,,,,,,
17,,,59419,,,0.2204972207546234,,,,,,,,,,,
17,,,59439,,,0.44420239329338074,,,,,,,,,,,
17,,,59459,,,0.15260860323905945,,,,,,,,,,,
17,,,59479,,,0.018509462475776672,,,,,,,,,,,
17,,,59499,,,0.23878136277198792,,,,,,,,,,,
17,,,59519,,,0.027192797511816025,,,,,,,,,,,
17,,,59539,,,0.1667712926864624,,,,,,,,,,,
17,,,59559,,,0.01301509514451027,,,,,,,,,,,
17,,,59579,,,0.027876919135451317,,,,,,,,,,,
17,,,59599,,,0.08039088547229767,,,,,,,,,,,
17,,,59619,,,0.018490605056285858,,,,,,,,,,,
17,,,59639,,,0.22872000932693481,,,,,,,,,,,
17,,,59659,,,0.006559877656400204,,,,,,,,,,,
17,,,59679,,,0.01700674556195736,,,,,,,,,,,
17,,,59699,,,0.02076191082596779,,,,,,,,,,,
17,,,59719,,,0.0039093270897865295,,,,,,,,,,,
17,,,59739,,,0.42229270935058594,,,,,,,,,,,
17,,,59759,,,0.1279837191104889,,,,,,,,,,,
17,,,59779,,,0.11385198682546616,,,,,,,,,,,
17,,,59799,,,0.44893237948417664,,,,,,,,,,,
17,,,59819,,,0.05356553569436073,,,,,,,,,,,
17,,,59839,,,0.0828317403793335,,,,,,,,,,,
17,,,59859,,,0.09899092465639114,,,,,,,,,,,
17,,,59879,,,0.021876413375139236,,,,,,,,,,,
17,,,59899,,,0.07457425445318222,,,,,,,,,,,
17,,,59919,,,0.08622822165489197,,,,,,,,,,,
17,,,59939,,,0.030576705932617188,,,,,,,,,,,
17,,,59959,,,0.07652249187231064,,,,,,,,,,,
17,,,59979,,,0.03718907758593559,,,,,,,,,,,
17,,,59999,,,0.0028513381257653236,,,,,,,,,,,
17,,,60019,,,0.11344324052333832,,,,,,,,,,,
17,,,60039,,,0.11571691930294037,,,,,,,,,,,
17,,,60059,,,0.005839448422193527,,,,,,,,,,,
17,,,60079,,,0.012623955495655537,,,,,,,,,,,
17,,,60099,,,0.010750224813818932,,,,,,,,,,,
17,,,60119,,,0.03211499750614166,,,,,,,,,,,
17,,,60139,,,0.041803739964962006,,,,,,,,,,,
17,,,60159,,,0.10812164098024368,,,,,,,,,,,
17,,,60179,,,0.06419746577739716,,,,,,,,,,,
17,,,60199,,,0.5560371279716492,,,,,,,,,,,
17,,,60219,,,0.1859971135854721,,,,,,,,,,,
17,,,60239,,,0.07244306057691574,,,,,,,,,,,
17,,,60259,,,0.09513086825609207,,,,,,,,,,,
17,,,60279,,,0.0605761781334877,,,,,,,,,,,
17,,,60299,,,0.012244565412402153,,,,,,,,,,,
17,,,60319,,,0.12583361566066742,,,,,,,,,,,
17,,,60339,,,0.24670395255088806,,,,,,,,,,,
17,,,60359,,,0.23629392683506012,,,,,,,,,,,
17,,,60379,,,0.045602358877658844,,,,,,,,,,,
17,,,60399,,,0.010496738366782665,,,,,,,,,,,
17,,,60419,,,0.4032769501209259,,,,,,,,,,,
17,,,60439,,,0.13998736441135406,,,,,,,,,,,
17,,,60459,,,0.3642391860485077,,,,,,,,,,,
17,,,60479,,,0.041979849338531494,,,,,,,,,,,
17,,,60499,,,0.042861584573984146,,,,,,,,,,,
17,,,60519,,,0.04559055715799332,,,,,,,,,,,
17,,,60539,,,0.13321754336357117,,,,,,,,,,,
17,,,60559,,,0.06483319401741028,,,,,,,,,,,
17,,,60579,,,0.15447898209095,,,,,,,,,,,
17,,,60599,,,0.09070714563131332,,,,,,,,,,,
17,,,60619,,,0.12452376633882523,,,,,,,,,,,
17,,,60639,,,0.008874603547155857,,,,,,,,,,,
17,,,60659,,,0.09221676737070084,,,,,,,,,,,
17,,,60679,,,0.014241726137697697,,,,,,,,,,,
17,,,60699,,,0.036418989300727844,,,,,,,,,,,
17,,,60719,,,0.05880315601825714,,,,,,,,,,,
17,,,60739,,,0.09111079573631287,,,,,,,,,,,
17,,,60759,,,0.11803162097930908,,,,,,,,,,,
17,,,60779,,,0.14739151298999786,,,,,,,,,,,
17,,,60799,,,0.08939468860626221,,,,,,,,,,,
17,,,60819,,,0.012471316382288933,,,,,,,,,,,
17,,,60839,,,0.21095113456249237,,,,,,,,,,,
17,,,60859,,,0.004483283497393131,,,,,,,,,,,
17,,,60879,,,0.11080935597419739,,,,,,,,,,,
17,,,60899,,,0.06519646942615509,,,,,,,,,,,
17,,,60919,,,0.14005427062511444,,,,,,,,,,,
17,,,60939,,,0.1762913316488266,,,,,,,,,,,
17,,,60959,,,0.13535964488983154,,,,,,,,,,,
17,,,60979,,,0.14100471138954163,,,,,,,,,,,
17,,,60999,,,0.05049976706504822,,,,,,,,,,,
17,,,61019,,,0.046799685806035995,,,,,,,,,,,
17,,,61039,,,0.02293587476015091,,,,,,,,,,,
17,,,61059,,,0.38392382860183716,,,,,,,,,,,
17,,,61079,,,0.39132094383239746,,,,,,,,,,,
17,,,61099,,,0.061201438307762146,,,,,,,,,,,
17,,,61119,,,0.040035270154476166,,,,,,,,,,,
17,,,61139,,,0.10341184586286545,,,,,,,,,,,
17,,,61159,,,0.25200244784355164,,,,,,,,,,,
17,,,61179,,,0.03468833491206169,,,,,,,,,,,
17,,,61199,,,0.21367669105529785,,,,,,,,,,,
17,,,61219,,,0.12938731908798218,,,,,,,,,,,
17,,,61239,,,0.05950223654508591,,,,,,,,,,,
17,,,61259,,,0.2891572415828705,,,,,,,,,,,
17,,,61279,,,0.09975434839725494,,,,,,,,,,,
17,,,61299,,,0.16465437412261963,,,,,,,,,,,
17,,,61319,,,0.12743939459323883,,,,,,,,,,,
17,,,61339,,,0.047309476882219315,,,,,,,,,,,
17,,,61359,,,0.12295614928007126,,,,,,,,,,,
17,,,61379,,,0.12137490510940552,,,,,,,,,,,
17,,,61399,,,0.062493618577718735,,,,,,,,,,,
17,,,61419,,,0.12886646389961243,,,,,,,,,,,
17,,,61439,,,0.06881973892450333,,,,,,,,,,,
17,,,61459,,,0.0032474505715072155,,,,,,,,,,,
17,,,61479,,,0.07410857826471329,,,,,,,,,,,
17,,,61499,,,0.008916220627725124,,,,,,,,,,,
17,,,61519,,,0.08139417320489883,,,,,,,,,,,
17,,,61539,,,0.008800067007541656,,,,,,,,,,,
17,,,61559,,,0.2376871258020401,,,,,,,,,,,
17,,,61579,,,0.2817603051662445,,,,,,,,,,,
17,,,61599,,,0.026493901386857033,,,,,,,,,,,
17,,,61619,,,0.18278846144676208,,,,,,,,,,,
17,,,61639,,,0.0077520753256976604,,,,,,,,,,,
17,,,61659,,,0.0030576661229133606,,,,,,,,,,,
17,,,61679,,,0.028243649750947952,,,,,,,,,,,
17,,,61699,,,0.05801788344979286,,,,,,,,,,,
17,,,61719,,,0.09422842413187027,,,,,,,,,,,
17,,,61739,,,0.019125891849398613,,,,,,,,,,,
17,,,61759,,,0.2555845379829407,,,,,,,,,,,
17,,,61779,,,0.3370310068130493,,,,,,,,,,,
17,,,61799,,,0.036542437970638275,,,,,,,,,,,
17,,,61819,,,0.03364815190434456,,,,,,,,,,,
17,,,61839,,,0.014173788018524647,,,,,,,,,,,
17,,,61859,,,0.0019241689005866647,,,,,,,,,,,
17,,,61879,,,0.021643878892064095,,,,,,,,,,,
17,,,61899,,,0.10851538181304932,,,,,,,,,,,
17,,,61919,,,0.13917046785354614,,,,,,,,,,,
17,,,61939,,,0.44232314825057983,,,,,,,,,,,
17,,,61959,,,0.0975080356001854,,,,,,,,,,,
17,,,61979,,,0.021047862246632576,,,,,,,,,,,
17,,,61999,,,0.11909519881010056,,,,,,,,,,,
17,,,62019,,,0.009015480056405067,,,,,,,,,,,
17,,,62039,,,0.17827515304088593,,,,,,,,,,,
17,,,62059,,,0.012143374420702457,,,,,,,,,,,
17,,,62079,,,0.3074180781841278,,,,,,,,,,,
17,,,62099,,,0.036319032311439514,,,,,,,,,,,
17,,,62119,,,0.03921988233923912,,,,,,,,,,,
17,,,62139,,,0.4857049882411957,,,,,,,,,,,
17,,,62159,,,0.08616003394126892,,,,,,,,,,,
17,,,62179,,,0.27502599358558655,,,,,,,,,,,
17,,,62199,,,0.04923412203788757,,,,,,,,,,,
17,,,62219,,,0.059550173580646515,,,,,,,,,,,
17,,,62239,,,0.020783880725502968,,,,,,,,,,,
17,,,62259,,,0.0016348203644156456,,,,,,,,,,,
17,,,62279,,,0.19301216304302216,,,,,,,,,,,
17,,,62299,,,0.001906638266518712,,,,,,,,,,,
17,,,62319,,,0.018646083772182465,,,,,,,,,,,
17,,,62339,,,0.2608475685119629,,,,,,,,,,,
17,,,62359,,,0.20484712719917297,,,,,,,,,,,
17,,,62379,,,0.13068550825119019,,,,,,,,,,,
17,,,62399,,,0.020638640969991684,,,,,,,,,,,
17,,,62419,,,0.018655024468898773,,,,,,,,,,,
17,,,62439,,,0.23104152083396912,,,,,,,,,,,
17,,,62459,,,0.020214786753058434,,,,,,,,,,,
17,,,62479,,,0.03062087669968605,,,,,,,,,,,
17,,,62499,,,0.01840338297188282,,,,,,,,,,,
17,,,62519,,,0.1470079869031906,,,,,,,,,,,
17,,,62539,,,0.09023134410381317,,,,,,,,,,,
17,,,62559,,,0.1010868027806282,,,,,,,,,,,
17,,,62579,,,0.05397118628025055,,,,,,,,,,,
17,,,62599,,,0.017879707738757133,,,,,,,,,,,
17,,,62619,,,0.007771218195557594,,,,,,,,,,,
17,,,62639,,,0.13425664603710175,,,,,,,,,,,
17,,,62659,,,0.27838224172592163,,,,,,,,,,,
17,,,62675,,,,0.6368266344070435,0.8704961538314819,0.6350347995758057,2.3226492404937744,0.6584012508392334,0.5551556944847107,0.7133851051330566,0.7569966316223145,0.6587364673614502,0.5044867396354675,0.6368266344070435
17,,,62675,0.9610100984573364,0.1044684499502182,,,,,,,,,,,,
,0.0002859461680554975,0.0002859461680554975,62676,,,,,,,,,,,,,,
18,,,62679,,,0.027660313993692398,,,,,,,,,,,
18,,,62699,,,0.08577490597963333,,,,,,,,,,,
18,,,62719,,,0.0036896676756441593,,,,,,,,,,,
18,,,62739,,,0.20743592083454132,,,,,,,,,,,
18,,,62759,,,0.10511139035224915,,,,,,,,,,,
18,,,62779,,,0.016958456486463547,,,,,,,,,,,
18,,,62799,,,0.09525272250175476,,,,,,,,,,,
18,,,62819,,,0.0973871499300003,,,,,,,,,,,
18,,,62839,,,0.07628543674945831,,,,,,,,,,,
18,,,62859,,,0.09121629595756531,,,,,,,,,,,
18,,,62879,,,0.003246484324336052,,,,,,,,,,,
18,,,62899,,,0.04084821045398712,,,,,,,,,,,
18,,,62919,,,0.05795755609869957,,,,,,,,,,,
18,,,62939,,,0.032307159155607224,,,,,,,,,,,
18,,,62959,,,0.03405587002635002,,,,,,,,,,,
18,,,62979,,,0.01988913118839264,,,,,,,,,,,
18,,,62999,,,0.11677463352680206,,,,,,,,,,,
18,,,63019,,,0.1004149317741394,,,,,,,,,,,
18,,,63039,,,0.0732978954911232,,,,,,,,,,,
18,,,63059,,,0.15571843087673187,,,,,,,,,,,
18,,,63079,,,0.016348816454410553,,,,,,,,,,,
18,,,63099,,,0.012898183427751064,,,,,,,,,,,
18,,,63119,,,0.11593646556138992,,,,,,,,,,,
18,,,63139,,,0.006642716471105814,,,,,,,,,,,
18,,,63159,,,0.2113153487443924,,,,,,,,,,,
18,,,63179,,,0.07018961757421494,,,,,,,,,,,
18,,,63199,,,0.03805852308869362,,,,,,,,,,,
18,,,63219,,,0.07344195246696472,,,,,,,,,,,
18,,,63239,,,0.3982579708099365,,,,,,,,,,,
18,,,63259,,,0.2739931344985962,,,,,,,,,,,
18,,,63279,,,0.054583750665187836,,,,,,,,,,,
18,,,63299,,,0.039114415645599365,,,,,,,,,,,
18,,,63319,,,0.10274700820446014,,,,,,,,,,,
18,,,63339,,,0.02631990984082222,,,,,,,,,,,
18,,,63359,,,0.08326703310012817,,,,,,,,,,,
18,,,63379,,,0.23949816823005676,,,,,,,,,,,
18,,,63399,,,0.12280388921499252,,,,,,,,,,,
18,,,63419,,,0.02356627956032753,,,,,,,,,,,
18,,,63439,,,0.1893567144870758,,,,,,,,,,,
18,,,63459,,,0.08569448441267014,,,,,,,,,,,
18,,,63479,,,0.002863167319446802,,,,,,,,,,,
18,,,63499,,,0.04664280265569687,,,,,,,,,,,
18,,,63519,,,0.07620739936828613,,,,,,,,,,,
18,,,63539,,,0.19021546840667725,,,,,,,,,,,
18,,,63559,,,0.002622039522975683,,,,,,,,,,,
18,,,63579,,,0.034683942794799805,,,,,,,,,,,
18,,,63599,,,0.01749647781252861,,,,,,,,,,,
18,,,63619,,,0.004291451070457697,,,,,,,,,,,
18,,,63639,,,0.007508656941354275,,,,,,,,,,,
18,,,63659,,,0.09884849190711975,,,,,,,,,,,
18,,,63679,,,0.007171672768890858,,,,,,,,,,,
18,,,63699,,,0.25668299198150635,,,,,,,,,,,
18,,,63719,,,0.08338073641061783,,,,,,,,,,,
18,,,63739,,,0.04362214729189873,,,,,,,,,,,
18,,,63759,,,0.09699399024248123,,,,,,,,,,,
18,,,63779,,,0.027450961992144585,,,,,,,,,,,
18,,,63799,,,0.20655855536460876,,,,,,,,,,,
18,,,63819,,,0.09445775300264359,,,,,,,,,,,
18,,,63839,,,0.01970479264855385,,,,,,,,,,,
18,,,63859,,,0.10309597849845886,,,,,,,,,,,
18,,,63879,,,0.06474045664072037,,,,,,,,,,,
18,,,63899,,,0.2348102182149887,,,,,,,,,,,
18,,,63919,,,0.12888787686824799,,,,,,,,,,,
18,,,63939,,,0.026646029204130173,,,,,,,,,,,
18,,,63959,,,0.28750312328338623,,,,,,,,,,,
18,,,63979,,,0.17192591726779938,,,,,,,,,,,
18,,,63999,,,0.04281847923994064,,,,,,,,,,,
18,,,64019,,,0.015362454578280449,,,,,,,,,,,
18,,,64039,,,0.2243315726518631,,,,,,,,,,,
18,,,64059,,,0.01392870582640171,,,,,,,,,,,
18,,,64079,,,0.07096491754055023,,,,,,,,,,,
18,,,64099,,,0.21531635522842407,,,,,,,,,,,
18,,,64119,,,0.2155623584985733,,,,,,,,,,,
18,,,64139,,,0.02435269020497799,,,,,,,,,,,
18,,,64159,,,0.10877448320388794,,,,,,,,,,,
18,,,64179,,,0.0014552564825862646,,,,,,,,,,,
18,,,64199,,,0.05210614949464798,,,,,,,,,,,
18,,,64219,,,0.23960982263088226,,,,,,,,,,,
18,,,64239,,,0.08006703853607178,,,,,,,,,,,
18,,,64259,,,0.0038910936564207077,,,,,,,,,,,
18,,,64279,,,0.13860653340816498,,,,,,,,,,,
18,,,64299,,,0.06136046722531319,,,,,,,,,,,
18,,,64319,,,0.035391561686992645,,,,,,,,,,,
18,,,64339,,,0.08358800411224365,,,,,,,,,,,
18,,,64359,,,0.08274883776903152,,,,,,,,,,,
18,,,64379,,,0.19384340941905975,,,,,,,,,,,
18,,,64399,,,0.04296768456697464,,,,,,,,,,,
18,,,64419,,,0.0170491524040699,,,,,,,,,,,
18,,,64439,,,0.03776903077960014,,,,,,,,,,,
18,,,64459,,,0.0075726634822785854,,,,,,,,,,,
18,,,64479,,,0.03259921073913574,,,,,,,,,,,
18,,,64499,,,0.12696880102157593,,,,,,,,,,,
18,,,64519,,,0.23958027362823486,,,,,,,,,,,
18,,,64539,,,0.19618624448776245,,,,,,,,,,,
18,,,64559,,,0.018710140138864517,,,,,,,,,,,
18,,,64579,,,0.18032871186733246,,,,,,,,,,,
18,,,64599,,,0.1502373367547989,,,,,,,,,,,
18,,,64619,,,0.027241557836532593,,,,,,,,,,,
18,,,64639,,,0.0021672851871699095,,,,,,,,,,,
18,,,64659,,,0.3822462856769562,,,,,,,,,,,
18,,,64679,,,0.014034784398972988,,,,,,,,,,,
18,,,64699,,,0.010891392827033997,,,,,,,,,,,
18,,,64719,,,0.08447505533695221,,,,,,,,,,,
18,,,64739,,,0.08590883016586304,,,,,,,,,,,
18,,,64759,,,0.004725933074951172,,,,,,,,,,,
18,,,64779,,,0.16650445759296417,,,,,,,,,,,
18,,,64799,,,0.0872093066573143,,,,,,,,,,,
18,,,64819,,,0.21890854835510254,,,,,,,,,,,
18,,,64839,,,0.20848695933818817,,,,,,,,,,,
18,,,64859,,,0.06825558841228485,,,,,,,,,,,
18,,,64879,,,0.07420986145734787,,,,,,,,,,,
18,,,64899,,,0.13102252781391144,,,,,,,,,,,
18,,,64919,,,0.24639776349067688,,,,,,,,,,,
18,,,64939,,,0.07319474965333939,,,,,,,,,,,
18,,,64959,,,0.10889137536287308,,,,,,,,,,,
18,,,64979,,,0.019695280119776726,,,,,,,,,,,
18,,,64999,,,0.2626952528953552,,,,,,,,,,,
18,,,65019,,,0.038693249225616455,,,,,,,,,,,
18,,,65039,,,0.03560886159539223,,,,,,,,,,,
18,,,65059,,,0.07908981293439865,,,,,,,,,,,
18,,,65079,,,0.12676313519477844,,,,,,,,,,,
18,,,65099,,,0.04134432226419449,,,,,,,,,,,
18,,,65119,,,0.039539892226457596,,,,,,,,,,,
18,,,65139,,,0.12912848591804504,,,,,,,,,,,
18,,,65159,,,0.013052409514784813,,,,,,,,,,,
18,,,65179,,,0.07638751715421677,,,,,,,,,,,
18,,,65199,,,0.1012003943324089,,,,,,,,,,,
18,,,65219,,,0.0707954615354538,,,,,,,,,,,
18,,,65239,,,0.16725173592567444,,,,,,,,,,,
18,,,65259,,,0.03845544531941414,,,,,,,,,,,
18,,,65279,,,0.12040311098098755,,,,,,,,,,,
18,,,65299,,,0.021961670368909836,,,,,,,,,,,
18,,,65319,,,0.02217644266784191,,,,,,,,,,,
18,,,65339,,,0.020709682255983353,,,,,,,,,,,
18,,,65359,,,0.06830545514822006,,,,,,,,,,,
18,,,65379,,,0.1575905978679657,,,,,,,,,,,
18,,,65399,,,0.18025736510753632,,,,,,,,,,,
18,,,65419,,,0.014928748831152916,,,,,,,,,,,
18,,,65439,,,0.33951088786125183,,,,,,,,,,,
18,,,65459,,,0.25767284631729126,,,,,,,,,,,
18,,,65479,,,0.007186182774603367,,,,,,,,,,,
18,,,65499,,,0.04424436017870903,,,,,,,,,,,
18,,,65519,,,0.007889103144407272,,,,,,,,,,,
18,,,65539,,,0.1610250174999237,,,,,,,,,,,
18,,,65559,,,0.07032440602779388,,,,,,,,,,,
18,,,65579,,,0.023176809772849083,,,,,,,,,,,
18,,,65599,,,0.05287422612309456,,,,,,,,,,,
18,,,65619,,,0.05282166227698326,,,,,,,,,,,
18,,,65639,,,0.014427127316594124,,,,,,,,,,,
18,,,65659,,,0.21435222029685974,,,,,,,,,,,
18,,,65679,,,0.005175905767828226,,,,,,,,,,,
18,,,65699,,,0.15460899472236633,,,,,,,,,,,
18,,,65719,,,0.03954149782657623,,,,,,,,,,,
18,,,65739,,,0.01743955910205841,,,,,,,,,,,
18,,,65759,,,0.06153300032019615,,,,,,,,,,,
18,,,65779,,,0.05229602009057999,,,,,,,,,,,
18,,,65799,,,0.026414833962917328,,,,,,,,,,,
18,,,65819,,,0.4689137637615204,,,,,,,,,,,
18,,,65839,,,0.02299496717751026,,,,,,,,,,,
18,,,65859,,,0.04732418432831764,,,,,,,,,,,
18,,,65879,,,0.16516560316085815,,,,,,,,,,,
18,,,65899,,,0.012501625344157219,,,,,,,,,,,
18,,,65919,,,0.20685406029224396,,,,,,,,,,,
18,,,65939,,,0.15304744243621826,,,,,,,,,,,
18,,,65959,,,0.10603994876146317,,,,,,,,,,,
18,,,65979,,,0.2344740480184555,,,,,,,,,,,
18,,,65999,,,0.002099181991070509,,,,,,,,,,,
18,,,66019,,,0.012240299955010414,,,,,,,,,,,
18,,,66039,,,0.21037569642066956,,,,,,,,,,,
18,,,66059,,,0.32803234457969666,,,,,,,,,,,
18,,,66079,,,0.1915593147277832,,,,,,,,,,,
18,,,66099,,,0.023794636130332947,,,,,,,,,,,
18,,,66119,,,0.09988992661237717,,,,,,,,,,,
18,,,66139,,,0.021390562877058983,,,,,,,,,,,
18,,,66157,,,,0.6446303129196167,0.8723973035812378,0.6546291708946228,2.2366766929626465,0.677143931388855,0.5634676218032837,0.6490928530693054,0.6462855935096741,0.771342933177948,0.6418542861938477,0.6446303129196167
18,,,66157,0.9640616774559021,0.09670767933130264,,,,,,,,,,,,
,0.0002830516249767332,0.0002830516249767332,66158,,,,,,,,,,,,,,
19,,,66159,,,0.006154729053378105,,,,,,,,,,,
19,,,66179,,,0.005013743881136179,,,,,,,,,,,
19,,,66199,,,0.029767649248242378,,,,,,,,,,,
19,,,66219,,,0.1464204639196396,,,,,,,,,,,
19,,,66239,,,0.0019397343276068568,,,,,,,,,,,
19,,,66259,,,0.017323069274425507,,,,,,,,,,,
19,,,66279,,,0.0331309512257576,,,,,,,,,,,
19,,,66299,,,0.2527886629104614,,,,,,,,,,,
19,,,66319,,,0.0385611355304718,,,,,,,,,,,
19,,,66339,,,0.03973440080881119,,,,,,,,,,,
19,,,66359,,,0.2060946226119995,,,,,,,,,,,
19,,,66379,,,0.4312399923801422,,,,,,,,,,,
19,,,66399,,,0.022070975974202156,,,,,,,,,,,
19,,,66419,,,0.019609268754720688,,,,,,,,,,,
19,,,66439,,,0.1068396046757698,,,,,,,,,,,
19,,,66459,,,0.01774488389492035,,,,,,,,,,,
19,,,66479,,,0.0997462049126625,,,,,,,,,,,
19,,,66499,,,0.004912398289889097,,,,,,,,,,,
19,,,66519,,,0.2283683717250824,,,,,,,,,,,
19,,,66539,,,0.05498671531677246,,,,,,,,,,,
19,,,66559,,,0.03113131783902645,,,,,,,,,,,
19,,,66579,,,0.012700937688350677,,,,,,,,,,,
19,,,66599,,,0.026990149170160294,,,,,,,,,,,
19,,,66619,,,0.055639781057834625,,,,,,,,,,,
19,,,66639,,,0.010891853831708431,,,,,,,,,,,
19,,,66659,,,0.2231142222881317,,,,,,,,,,,
19,,,66679,,,0.05788281187415123,,,,,,,,,,,
19,,,66699,,,0.039606936275959015,,,,,,,,,,,
19,,,66719,,,0.10113442689180374,,,,,,,,,,,
19,,,66739,,,0.14832407236099243,,,,,,,,,,,
19,,,66759,,,0.17900265753269196,,,,,,,,,,,
19,,,66779,,,0.07999590784311295,,,,,,,,,,,
19,,,66799,,,0.04112150892615318,,,,,,,,,,,
19,,,66819,,,0.01948881335556507,,,,,,,,,,,
19,,,66839,,,0.00327262538485229,,,,,,,,,,,
19,,,66859,,,0.2514294385910034,,,,,,,,,,,
19,,,66879,,,0.03492079675197601,,,,,,,,,,,
19,,,66899,,,0.018344450742006302,,,,,,,,,,,
19,,,66919,,,0.09125806391239166,,,,,,,,,,,
19,,,66939,,,0.0831935778260231,,,,,,,,,,,
19,,,66959,,,0.011609362438321114,,,,,,,,,,,
19,,,66979,,,0.004578705877065659,,,,,,,,,,,
19,,,66999,,,0.019827697426080704,,,,,,,,,,,
19,,,67019,,,0.10482186824083328,,,,,,,,,,,
19,,,67039,,,0.06961044669151306,,,,,,,,,,,
19,,,67059,,,0.09485527873039246,,,,,,,,,,,
19,,,67079,,,0.18795044720172882,,,,,,,,,,,
19,,,67099,,,0.09665560722351074,,,,,,,,,,,
19,,,67119,,,0.0011580639984458685,,,,,,,,,,,
19,,,67139,,,0.0812075287103653,,,,,,,,,,,
19,,,67159,,,0.018730726093053818,,,,,,,,,,,
19,,,67179,,,0.018309079110622406,,,,,,,,,,,
19,,,67199,,,0.020022595301270485,,,,,,,,,,,
19,,,67219,,,0.059551700949668884,,,,,,,,,,,
19,,,67239,,,0.1421252340078354,,,,,,,,,,,
19,,,67259,,,0.04992440715432167,,,,,,,,,,,
19,,,67279,,,0.2259703427553177,,,,,,,,,,,
19,,,67299,,,0.03600798174738884,,,,,,,,,,,
19,,,67319,,,0.005838810466229916,,,,,,,,,,,
19,,,67339,,,0.024317529052495956,,,,,,,,,,,
19,,,67359,,,0.07200460135936737,,,,,,,,,,,
19,,,67379,,,0.07411353290081024,,,,,,,,,,,
19,,,67399,,,0.01188899576663971,,,,,,,,,,,
19,,,67419,,,0.01247737929224968,,,,,,,,,,,
19,,,67439,,,0.12223644554615021,,,,,,,,,,,
19,,,67459,,,0.011294565163552761,,,,,,,,,,,
19,,,67479,,,0.054916590452194214,,,,,,,,,,,
19,,,67499,,,0.046847399324178696,,,,,,,,,,,
19,,,67519,,,0.0805894210934639,,,,,,,,,,,
19,,,67539,,,0.35930195450782776,,,,,,,,,,,
19,,,67559,,,0.017405662685632706,,,,,,,,,,,
19,,,67579,,,0.05444801598787308,,,,,,,,,,,
19,,,67599,,,0.1671374887228012,,,,,,,,,,,
19,,,67619,,,0.02432287111878395,,,,,,,,,,,
19,,,67639,,,0.05065884813666344,,,,,,,,,,,
19,,,67659,,,0.0512675940990448,,,,,,,,,,,
19,,,67679,,,0.012974410317838192,,,,,,,,,,,
19,,,67699,,,0.01485021598637104,,,,,,,,,,,
19,,,67719,,,0.08339306712150574,,,,,,,,,,,
19,,,67739,,,0.02869933471083641,,,,,,,,,,,
19,,,67759,,,0.13871195912361145,,,,,,,,,,,
19,,,67779,,,0.06216557323932648,,,,,,,,,,,
19,,,67799,,,0.058105774223804474,,,,,,,,,,,
19,,,67819,,,0.004109341651201248,,,,,,,,,,,
19,,,67839,,,0.0044824229553341866,,,,,,,,,,,
19,,,67859,,,0.004207609687000513,,,,,,,,,,,
19,,,67879,,,0.004476815462112427,,,,,,,,,,,
19,,,67899,,,0.2794230282306671,,,,,,,,,,,
19,,,67919,,,0.09773298352956772,,,,,,,,,,,
19,,,67939,,,0.03391697257757187,,,,,,,,,,,
19,,,67959,,,0.07947474718093872,,,,,,,,,,,
19,,,67979,,,0.12876668572425842,,,,,,,,,,,
19,,,67999,,,0.2413145899772644,,,,,,,,,,,
19,,,68019,,,0.2447011023759842,,,,,,,,,,,
19,,,68039,,,0.013841904699802399,,,,,,,,,,,
19,,,68059,,,0.043906085193157196,,,,,,,,,,,
19,,,68079,,,0.06007023900747299,,,,,,,,,,,
19,,,68099,,,0.009087038226425648,,,,,,,,,,,
19,,,68119,,,0.39049607515335083,,,,,,,,,,,
19,,,68139,,,0.07355783134698868,,,,,,,,,,,
19,,,68159,,,0.010291214101016521,,,,,,,,,,,
19,,,68179,,,0.04465945437550545,,,,,,,,,,,
19,,,68199,,,0.18411138653755188,,,,,,,,,,,
19,,,68219,,,0.040768906474113464,,,,,,,,,,,
19,,,68239,,,0.11009934544563293,,,,,,,,,,,
19,,,68259,,,0.0019445668440312147,,,,,,,,,,,
19,,,68279,,,0.02154039591550827,,,,,,,,,,,
19,,,68299,,,0.003119053551927209,,,,,,,,,,,
19,,,68319,,,0.1679801493883133,,,,,,,,,,,
19,,,68339,,,0.04844554141163826,,,,,,,,,,,
19,,,68359,,,0.01182239968329668,,,,,,,,,,,
19,,,68379,,,0.008888602256774902,,,,,,,,,,,
19,,,68399,,,0.03883569687604904,,,,,,,,,,,
19,,,68419,,,0.005754509940743446,,,,,,,,,,,
19,,,68439,,,0.1111501082777977,,,,,,,,,,,
19,,,68459,,,0.26892152428627014,,,,,,,,,,,
19,,,68479,,,0.21485909819602966,,,,,,,,,,,
19,,,68499,,,0.0839885026216507,,,,,,,,,,,
19,,,68519,,,0.028635291382670403,,,,,,,,,,,
19,,,68539,,,0.39545655250549316,,,,,,,,,,,
19,,,68559,,,0.003456161357462406,,,,,,,,,,,
19,,,68579,,,0.0955638512969017,,,,,,,,,,,
19,,,68599,,,0.01212695986032486,,,,,,,,,,,
19,,,68619,,,0.06342198699712753,,,,,,,,,,,
19,,,68639,,,0.08867743611335754,,,,,,,,,,,
19,,,68659,,,0.00218513747677207,,,,,,,,,,,
19,,,68679,,,0.005944838281720877,,,,,,,,,,,
19,,,68699,,,0.09293708950281143,,,,,,,,,,,
19,,,68719,,,0.0032195686362683773,,,,,,,,,,,
19,,,68739,,,0.003154394682496786,,,,,,,,,,,
19,,,68759,,,0.019831279292702675,,,,,,,,,,,
19,,,68779,,,0.027402056381106377,,,,,,,,,,,
19,,,68799,,,0.44538459181785583,,,,,,,,,,,
19,,,68819,,,0.08861275762319565,,,,,,,,,,,
19,,,68839,,,0.008617503568530083,,,,,,,,,,,
19,,,68859,,,0.2195083200931549,,,,,,,,,,,
19,,,68879,,,0.18041424453258514,,,,,,,,,,,
19,,,68899,,,0.0024714027531445026,,,,,,,,,,,
19,,,68919,,,0.0385606475174427,,,,,,,,,,,
19,,,68939,,,0.02602183073759079,,,,,,,,,,,
19,,,68959,,,0.013386319391429424,,,,,,,,,,,
19,,,68979,,,0.06450514495372772,,,,,,,,,,,
19,,,68999,,,0.07973537594079971,,,,,,,,,,,
19,,,69019,,,0.30065464973449707,,,,,,,,,,,
19,,,69039,,,0.02945546805858612,,,,,,,,,,,
19,,,69059,,,0.03709881380200386,,,,,,,,,,,
19,,,69079,,,0.10604414343833923,,,,,,,,,,,
19,,,69099,,,0.07909315824508667,,,,,,,,,,,
19,,,69119,,,0.11238159984350204,,,,,,,,,,,
19,,,69139,,,0.010120030492544174,,,,,,,,,,,
19,,,69159,,,0.04367734491825104,,,,,,,,,,,
19,,,69179,,,0.022492200136184692,,,,,,,,,,,
19,,,69199,,,0.017343316227197647,,,,,,,,,,,
19,,,69219,,,0.13958679139614105,,,,,,,,,,,
19,,,69239,,,0.132334902882576,,,,,,,,,,,
19,,,69259,,,0.1479508876800537,,,,,,,,,,,
19,,,69279,,,0.0419008694589138,,,,,,,,,,,
19,,,69299,,,0.12477876245975494,,,,,,,,,,,
19,,,69319,,,0.03166060894727707,,,,,,,,,,,
19,,,69339,,,0.12311379611492157,,,,,,,,,,,
19,,,69359,,,0.036006081849336624,,,,,,,,,,,
19,,,69379,,,0.14357948303222656,,,,,,,,,,,
19,,,69399,,,0.34773731231689453,,,,,,,,,,,
19,,,69419,,,0.04042883962392807,,,,,,,,,,,
19,,,69439,,,0.038482941687107086,,,,,,,,,,,
19,,,69459,,,0.11864445358514786,,,,,,,,,,,
19,,,69479,,,0.08240383863449097,,,,,,,,,,,
19,,,69499,,,0.0624232143163681,,,,,,,,,,,
19,,,69519,,,0.05104903131723404,,,,,,,,,,,
19,,,69539,,,0.2456803023815155,,,,,,,,,,,
19,,,69559,,,0.19531553983688354,,,,,,,,,,,
19,,,69579,,,0.004064879380166531,,,,,,,,,,,
19,,,69599,,,0.06713078171014786,,,,,,,,,,,
19,,,69619,,,0.3563140034675598,,,,,,,,,,,
19,,,69639,,,0.03278176113963127,,,,,,,,,,,
19,,,69639,,,,0.6434072256088257,0.8807625770568848,0.6534035205841064,2.294302225112915,0.6824816465377808,0.5780258774757385,0.6501537561416626,0.6565083861351013,0.7921849489212036,0.6310794949531555,0.6434072256088257
19,,,69639,0.9666494131088257,0.08958116918802261,,,,,,,,,,,,
,0.0002799038105676658,0.0002799038105676658,69640,,,,,,,,,,,,,,
20,,,69659,,,0.42670610547065735,,,,,,,,,,,
20,,,69679,,,0.19692212343215942,,,,,,,,,,,
20,,,69699,,,0.08290500193834305,,,,,,,,,,,
20,,,69719,,,0.06352625787258148,,,,,,,,,,,
20,,,69739,,,0.1515406370162964,,,,,,,,,,,
20,,,69759,,,0.044941678643226624,,,,,,,,,,,
20,,,69779,,,0.037312112748622894,,,,,,,,,,,
20,,,69799,,,0.04650570824742317,,,,,,,,,,,
20,,,69819,,,0.10729805380105972,,,,,,,,,,,
20,,,69839,,,0.015095759183168411,,,,,,,,,,,
20,,,69859,,,0.17621086537837982,,,,,,,,,,,
20,,,69879,,,0.006373314652591944,,,,,,,,,,,
20,,,69899,,,0.11187983304262161,,,,,,,,,,,
20,,,69919,,,0.013358548283576965,,,,,,,,,,,
20,,,69939,,,0.16711002588272095,,,,,,,,,,,
20,,,69959,,,0.001536624738946557,,,,,,,,,,,
20,,,69979,,,0.11870160698890686,,,,,,,,,,,
20,,,69999,,,0.058786023408174515,,,,,,,,,,,
20,,,70019,,,0.0044073015451431274,,,,,,,,,,,
20,,,70039,,,0.100251704454422,,,,,,,,,,,
20,,,70059,,,0.011608478613197803,,,,,,,,,,,
20,,,70079,,,0.14418675005435944,,,,,,,,,,,
20,,,70099,,,0.011741453781723976,,,,,,,,,,,
20,,,70119,,,0.23811545968055725,,,,,,,,,,,
20,,,70139,,,0.005708469543606043,,,,,,,,,,,
20,,,70159,,,0.06233412027359009,,,,,,,,,,,
20,,,70179,,,0.21094973385334015,,,,,,,,,,,
20,,,70199,,,0.006250043399631977,,,,,,,,,,,
20,,,70219,,,0.2039293795824051,,,,,,,,,,,
20,,,70239,,,0.008791537955403328,,,,,,,,,,,
20,,,70259,,,0.01549111120402813,,,,,,,,,,,
20,,,70279,,,0.07546938955783844,,,,,,,,,,,
20,,,70299,,,0.23209021985530853,,,,,,,,,,,
20,,,70319,,,0.21453885734081268,,,,,,,,,,,
20,,,70339,,,0.001224470091983676,,,,,,,,,,,
20,,,70359,,,0.045145321637392044,,,,,,,,,,,
20,,,70379,,,0.016572484746575356,,,,,,,,,,,
20,,,70399,,,0.12433446943759918,,,,,,,,,,,
20,,,70419,,,0.1757185459136963,,,,,,,,,,,
20,,,70439,,,0.15145611763000488,,,,,,,,,,,
20,,,70459,,,0.023335421457886696,,,,,,,,,,,
20,,,70479,,,0.0026925955899059772,,,,,,,,,,,
20,,,70499,,,0.0011712933192029595,,,,,,,,,,,
20,,,70519,,,0.11781758069992065,,,,,,,,,,,
20,,,70539,,,0.09937339276075363,,,,,,,,,,,
20,,,70559,,,0.029093431308865547,,,,,,,,,,,
20,,,70579,,,0.20417892932891846,,,,,,,,,,,
20,,,70599,,,0.003304635640233755,,,,,,,,,,,
20,,,70619,,,0.13404542207717896,,,,,,,,,,,
20,,,70639,,,0.030563341453671455,,,,,,,,,,,
20,,,70659,,,0.07969018071889877,,,,,,,,,,,
20,,,70679,,,0.01279512420296669,,,,,,,,,,,
20,,,70699,,,0.06660590320825577,,,,,,,,,,,
20,,,70719,,,0.03322935104370117,,,,,,,,,,,
20,,,70739,,,0.02451433800160885,,,,,,,,,,,
20,,,70759,,,0.04163367301225662,,,,,,,,,,,
20,,,70779,,,0.0023544165305793285,,,,,,,,,,,
20,,,70799,,,0.020384544506669044,,,,,,,,,,,
20,,,70819,,,0.03618794307112694,,,,,,,,,,,
20,,,70839,,,0.0774911418557167,,,,,,,,,,,
20,,,70859,,,0.01130115520209074,,,,,,,,,,,
20,,,70879,,,0.039101023226976395,,,,,,,,,,,
20,,,70899,,,0.07694920152425766,,,,,,,,,,,
20,,,70919,,,0.013301584869623184,,,,,,,,,,,
20,,,70939,,,0.07908995449542999,,,,,,,,,,,
20,,,70959,,,0.29488125443458557,,,,,,,,,,,
20,,,70979,,,0.10357808321714401,,,,,,,,,,,
20,,,70999,,,0.035893138498067856,,,,,,,,,,,
20,,,71019,,,0.013209357857704163,,,,,,,,,,,
20,,,71039,,,0.004300519824028015,,,,,,,,,,,
20,,,71059,,,0.1509370654821396,,,,,,,,,,,
20,,,71079,,,0.13267545402050018,,,,,,,,,,,
20,,,71099,,,0.03677881881594658,,,,,,,,,,,
20,,,71119,,,0.007053616922348738,,,,,,,,,,,
20,,,71139,,,0.027485698461532593,,,,,,,,,,,
20,,,71159,,,0.25431203842163086,,,,,,,,,,,
20,,,71179,,,0.047667838633060455,,,,,,,,,,,
20,,,71199,,,0.0851193442940712,,,,,,,,,,,
20,,,71219,,,0.0439719632267952,,,,,,,,,,,
20,,,71239,,,0.21439819037914276,,,,,,,,,,,
20,,,71259,,,0.029109951108694077,,,,,,,,,,,
20,,,71279,,,0.04210761561989784,,,,,,,,,,,
20,,,71299,,,0.10949154943227768,,,,,,,,,,,
20,,,71319,,,0.3297285735607147,,,,,,,,,,,
20,,,71339,,,0.0018051635706797242,,,,,,,,,,,
20,,,71359,,,0.006172324530780315,,,,,,,,,,,
20,,,71379,,,0.03731270134449005,,,,,,,,,,,
20,,,71399,,,0.0009592902497388422,,,,,,,,,,,
20,,,71419,,,0.00537274032831192,,,,,,,,,,,
20,,,71439,,,0.18503297865390778,,,,,,,,,,,
20,,,71459,,,0.4343922734260559,,,,,,,,,,,
20,,,71479,,,0.11829958856105804,,,,,,,,,,,
20,,,71499,,,0.11823121458292007,,,,,,,,,,,
20,,,71519,,,0.2721365690231323,,,,,,,,,,,
20,,,71539,,,0.06978455185890198,,,,,,,,,,,
20,,,71559,,,0.2742583155632019,,,,,,,,,,,
20,,,71579,,,0.1339622586965561,,,,,,,,,,,
20,,,71599,,,0.009724774397909641,,,,,,,,,,,
20,,,71619,,,0.012676967307925224,,,,,,,,,,,
20,,,71639,,,0.07199045270681381,,,,,,,,,,,
20,,,71659,,,0.030413374304771423,,,,,,,,,,,
20,,,71679,,,0.11175045371055603,,,,,,,,,,,
20,,,71699,,,0.044167064130306244,,,,,,,,,,,
20,,,71719,,,0.08055341243743896,,,,,,,,,,,
20,,,71739,,,0.01790294237434864,,,,,,,,,,,
20,,,71759,,,0.031252969056367874,,,,,,,,,,,
20,,,71779,,,0.05029568076133728,,,,,,,,,,,
20,,,71799,,,0.001641967915929854,,,,,,,,,,,
20,,,71819,,,0.03672067075967789,,,,,,,,,,,
20,,,71839,,,0.061345674097537994,,,,,,,,,,,
20,,,71859,,,0.024897854775190353,,,,,,,,,,,
20,,,71879,,,0.010047855786979198,,,,,,,,,,,
20,,,71899,,,0.03374772146344185,,,,,,,,,,,
20,,,71919,,,0.14628194272518158,,,,,,,,,,,
20,,,71939,,,0.026151688769459724,,,,,,,,,,,
20,,,71959,,,0.004675873555243015,,,,,,,,,,,
20,,,71979,,,0.013038714416325092,,,,,,,,,,,
20,,,71999,,,0.14015305042266846,,,,,,,,,,,
20,,,72019,,,0.4574030339717865,,,,,,,,,,,
20,,,72039,,,0.1930253505706787,,,,,,,,,,,
20,,,72059,,,0.005117145366966724,,,,,,,,,,,
20,,,72079,,,0.12773559987545013,,,,,,,,,,,
20,,,72099,,,0.013108707964420319,,,,,,,,,,,
20,,,72119,,,0.09327401965856552,,,,,,,,,,,
20,,,72139,,,0.10309052467346191,,,,,,,,,,,
20,,,72159,,,0.10332443565130234,,,,,,,,,,,
20,,,72179,,,0.009082458913326263,,,,,,,,,,,
20,,,72199,,,0.06887870281934738,,,,,,,,,,,
20,,,72219,,,0.025226116180419922,,,,,,,,,,,
20,,,72239,,,0.03740893676877022,,,,,,,,,,,
20,,,72259,,,0.034966256469488144,,,,,,,,,,,
20,,,72279,,,0.066231869161129,,,,,,,,,,,
20,,,72299,,,0.39222973585128784,,,,,,,,,,,
20,,,72319,,,0.17690715193748474,,,,,,,,,,,
20,,,72339,,,0.03930509835481644,,,,,,,,,,,
20,,,72359,,,0.06562912464141846,,,,,,,,,,,
20,,,72379,,,0.044281020760536194,,,,,,,,,,,
20,,,72399,,,0.04423165321350098,,,,,,,,,,,
20,,,72419,,,0.006834347266703844,,,,,,,,,,,
20,,,72439,,,0.24832205474376678,,,,,,,,,,,
20,,,72459,,,0.0762106254696846,,,,,,,,,,,
20,,,72479,,,0.006565649528056383,,,,,,,,,,,
20,,,72499,,,0.024707308039069176,,,,,,,,,,,
20,,,72519,,,0.14767801761627197,,,,,,,,,,,
20,,,72539,,,0.0021041485015302896,,,,,,,,,,,
20,,,72559,,,0.03933951258659363,,,,,,,,,,,
20,,,72579,,,0.05059536173939705,,,,,,,,,,,
20,,,72599,,,0.1236918717622757,,,,,,,,,,,
20,,,72619,,,0.14494428038597107,,,,,,,,,,,
20,,,72639,,,0.09234438091516495,,,,,,,,,,,
20,,,72659,,,0.012496436014771461,,,,,,,,,,,
20,,,72679,,,0.10010705888271332,,,,,,,,,,,
20,,,72699,,,0.36685171723365784,,,,,,,,,,,
20,,,72719,,,0.016213497146964073,,,,,,,,,,,
20,,,72739,,,0.011197458952665329,,,,,,,,,,,
20,,,72759,,,0.005439464468508959,,,,,,,,,,,
20,,,72779,,,0.03898739442229271,,,,,,,,,,,
20,,,72799,,,0.036232661455869675,,,,,,,,,,,
20,,,72819,,,0.23892846703529358,,,,,,,,,,,
20,,,72839,,,0.015996575355529785,,,,,,,,,,,
20,,,72859,,,0.11184649914503098,,,,,,,,,,,
20,,,72879,,,0.17188748717308044,,,,,,,,,,,
20,,,72899,,,0.1550145000219345,,,,,,,,,,,
20,,,72919,,,0.20382767915725708,,,,,,,,,,,
20,,,72939,,,0.08932411670684814,,,,,,,,,,,
20,,,72959,,,0.3624935746192932,,,,,,,,,,,
20,,,72979,,,0.10238497704267502,,,,,,,,,,,
20,,,72999,,,0.24998117983341217,,,,,,,,,,,
20,,,73019,,,0.040715593844652176,,,,,,,,,,,
20,,,73039,,,0.05288310721516609,,,,,,,,,,,
20,,,73059,,,0.11931189149618149,,,,,,,,,,,
20,,,73079,,,0.0021057140547782183,,,,,,,,,,,
20,,,73099,,,0.4356803596019745,,,,,,,,,,,
20,,,73119,,,0.07812698930501938,,,,,,,,,,,
20,,,73121,,,,0.613810122013092,0.8494229316711426,0.6262556314468384,2.8615429401397705,0.6951658725738525,0.5573360919952393,0.6309918165206909,0.6426267027854919,0.7576580047607422,0.7493869662284851,0.613810122013092
20,,,73121,0.9662860631942749,0.09133806079626083,,,,,,,,,,,,
,0.0002765087168719328,0.0002765087168719328,73122,,,,,,,,,,,,,,
21,,,73139,,,0.2997802495956421,,,,,,,,,,,
21,,,73159,,,0.006490959785878658,,,,,,,,,,,
21,,,73179,,,0.06850628554821014,,,,,,,,,,,
21,,,73199,,,0.04855303466320038,,,,,,,,,,,
21,,,73219,,,0.030117787420749664,,,,,,,,,,,
21,,,73239,,,0.0837288498878479,,,,,,,,,,,
21,,,73259,,,0.09209344536066055,,,,,,,,,,,
21,,,73279,,,0.09246008843183517,,,,,,,,,,,
21,,,73299,,,0.24815474450588226,,,,,,,,,,,
21,,,73319,,,0.0020630708895623684,,,,,,,,,,,
21,,,73339,,,0.09264229238033295,,,,,,,,,,,
21,,,73359,,,0.03259513899683952,,,,,,,,,,,
21,,,73379,,,0.3114931881427765,,,,,,,,,,,
21,,,73399,,,0.16969318687915802,,,,,,,,,,,
21,,,73419,,,0.02323957532644272,,,,,,,,,,,
21,,,73439,,,0.007153563667088747,,,,,,,,,,,
21,,,73459,,,0.06810477375984192,,,,,,,,,,,
21,,,73479,,,0.1311584860086441,,,,,,,,,,,
21,,,73499,,,0.009899724274873734,,,,,,,,,,,
21,,,73519,,,0.010239806957542896,,,,,,,,,,,
21,,,73539,,,0.025440867990255356,,,,,,,,,,,
21,,,73559,,,0.0715925544500351,,,,,,,,,,,
21,,,73579,,,0.17069800198078156,,,,,,,,,,,
21,,,73599,,,0.2812500596046448,,,,,,,,,,,
21,,,73619,,,0.2905818223953247,,,,,,,,,,,
21,,,73639,,,0.07711684703826904,,,,,,,,,,,
21,,,73659,,,0.046213772147893906,,,,,,,,,,,
21,,,73679,,,0.024491745978593826,,,,,,,,,,,
21,,,73699,,,0.3407621383666992,,,,,,,,,,,
21,,,73719,,,0.1213848739862442,,,,,,,,,,,
21,,,73739,,,0.13531388342380524,,,,,,,,,,,
21,,,73759,,,0.009347682818770409,,,,,,,,,,,
21,,,73779,,,0.15456350147724152,,,,,,,,,,,
21,,,73799,,,0.05917585268616676,,,,,,,,,,,
21,,,73819,,,0.1840331107378006,,,,,,,,,,,
21,,,73839,,,0.04639207571744919,,,,,,,,,,,
21,,,73859,,,0.050625577569007874,,,,,,,,,,,
21,,,73879,,,0.025468742474913597,,,,,,,,,,,
21,,,73899,,,0.05041790381073952,,,,,,,,,,,
21,,,73919,,,0.04397871717810631,,,,,,,,,,,
21,,,73939,,,0.0767495408654213,,,,,,,,,,,
21,,,73959,,,0.0177753958851099,,,,,,,,,,,
21,,,73979,,,0.37329787015914917,,,,,,,,,,,
21,,,73999,,,0.07870883494615555,,,,,,,,,,,
21,,,74019,,,0.047512803226709366,,,,,,,,,,,
21,,,74039,,,0.009060456417500973,,,,,,,,,,,
21,,,74059,,,0.4248548448085785,,,,,,,,,,,
21,,,74079,,,0.08056113868951797,,,,,,,,,,,
21,,,74099,,,0.016937732696533203,,,,,,,,,,,
21,,,74119,,,0.04129581153392792,,,,,,,,,,,
21,,,74139,,,0.011346637271344662,,,,,,,,,,,
21,,,74159,,,0.30642908811569214,,,,,,,,,,,
21,,,74179,,,0.11057259887456894,,,,,,,,,,,
21,,,74199,,,0.011165441945195198,,,,,,,,,,,
21,,,74219,,,0.010511742904782295,,,,,,,,,,,
21,,,74239,,,0.36952415108680725,,,,,,,,,,,
21,,,74259,,,0.002489677397534251,,,,,,,,,,,
21,,,74279,,,0.029598088935017586,,,,,,,,,,,
21,,,74299,,,0.04366657882928848,,,,,,,,,,,
21,,,74319,,,0.014332694932818413,,,,,,,,,,,
21,,,74339,,,0.0026441633235663176,,,,,,,,,,,
21,,,74359,,,0.08927958458662033,,,,,,,,,,,
21,,,74379,,,0.035376161336898804,,,,,,,,,,,
21,,,74399,,,0.20807874202728271,,,,,,,,,,,
21,,,74419,,,0.0050603244453668594,,,,,,,,,,,
21,,,74439,,,0.26479169726371765,,,,,,,,,,,
21,,,74459,,,0.13812851905822754,,,,,,,,,,,
21,,,74479,,,0.1805034875869751,,,,,,,,,,,
21,,,74499,,,0.11375565081834793,,,,,,,,,,,
21,,,74519,,,0.01563706062734127,,,,,,,,,,,
21,,,74539,,,0.17731834948062897,,,,,,,,,,,
21,,,74559,,,0.019001636654138565,,,,,,,,,,,
21,,,74579,,,0.013651419430971146,,,,,,,,,,,
21,,,74599,,,0.023028355091810226,,,,,,,,,,,
21,,,74619,,,0.1280938684940338,,,,,,,,,,,
21,,,74639,,,0.07227405160665512,,,,,,,,,,,
21,,,74659,,,0.08945249766111374,,,,,,,,,,,
21,,,74679,,,0.03079252503812313,,,,,,,,,,,
21,,,74699,,,0.04669298231601715,,,,,,,,,,,
21,,,74719,,,0.015419384464621544,,,,,,,,,,,
21,,,74739,,,0.005760523956269026,,,,,,,,,,,
21,,,74759,,,0.0027445475570857525,,,,,,,,,,,
21,,,74779,,,0.04640302434563637,,,,,,,,,,,
21,,,74799,,,0.09718064218759537,,,,,,,,,,,
21,,,74819,,,0.0163316298276186,,,,,,,,,,,
21,,,74839,,,0.14246059954166412,,,,,,,,,,,
21,,,74859,,,0.13932941854000092,,,,,,,,,,,
21,,,74879,,,0.03640647232532501,,,,,,,,,,,
21,,,74899,,,0.06263414025306702,,,,,,,,,,,
21,,,74919,,,0.06748759001493454,,,,,,,,,,,
21,,,74939,,,0.19451852142810822,,,,,,,,,,,
21,,,74959,,,0.26609301567077637,,,,,,,,,,,
21,,,74979,,,0.01851147972047329,,,,,,,,,,,
21,,,74999,,,0.3133167624473572,,,,,,,,,,,
21,,,75019,,,0.012111445888876915,,,,,,,,,,,
21,,,75039,,,0.017985543236136436,,,,,,,,,,,
21,,,75059,,,0.33707112073898315,,,,,,,,,,,
21,,,75079,,,0.012885654345154762,,,,,,,,,,,
21,,,75099,,,0.0071740709245204926,,,,,,,,,,,
21,,,75119,,,0.0005083864089101553,,,,,,,,,,,
21,,,75139,,,0.30716651678085327,,,,,,,,,,,
21,,,75159,,,0.0043633063323795795,,,,,,,,,,,
21,,,75179,,,0.01708154007792473,,,,,,,,,,,
21,,,75199,,,0.18937820196151733,,,,,,,,,,,
21,,,75219,,,0.14082492887973785,,,,,,,,,,,
21,,,75239,,,0.24063558876514435,,,,,,,,,,,
21,,,75259,,,0.2748979330062866,,,,,,,,,,,
21,,,75279,,,0.28863760828971863,,,,,,,,,,,
21,,,75299,,,0.016213083639740944,,,,,,,,,,,
21,,,75319,,,0.20162636041641235,,,,,,,,,,,
21,,,75339,,,0.005561393219977617,,,,,,,,,,,
21,,,75359,,,0.046498287469148636,,,,,,,,,,,
21,,,75379,,,0.0008467562729492784,,,,,,,,,,,
21,,,75399,,,0.2489645630121231,,,,,,,,,,,
21,,,75419,,,0.09166215360164642,,,,,,,,,,,
21,,,75439,,,0.354538232088089,,,,,,,,,,,
21,,,75459,,,0.010131741873919964,,,,,,,,,,,
21,,,75479,,,0.01472553238272667,,,,,,,,,,,
21,,,75499,,,0.03654444217681885,,,,,,,,,,,
21,,,75519,,,0.33872395753860474,,,,,,,,,,,
21,,,75539,,,0.004031930584460497,,,,,,,,,,,
21,,,75559,,,0.005675816908478737,,,,,,,,,,,
21,,,75579,,,0.06042676419019699,,,,,,,,,,,
21,,,75599,,,0.07437953352928162,,,,,,,,,,,
21,,,75619,,,0.020640496164560318,,,,,,,,,,,
21,,,75639,,,0.08682335168123245,,,,,,,,,,,
21,,,75659,,,0.15852724015712738,,,,,,,,,,,
21,,,75679,,,0.00597959803417325,,,,,,,,,,,
21,,,75699,,,0.0881960466504097,,,,,,,,,,,
21,,,75719,,,0.15385538339614868,,,,,,,,,,,
21,,,75739,,,0.11772744357585907,,,,,,,,,,,
21,,,75759,,,0.03381290286779404,,,,,,,,,,,
21,,,75779,,,0.14529502391815186,,,,,,,,,,,
21,,,75799,,,0.07396994531154633,,,,,,,,,,,
21,,,75819,,,0.0018090964294970036,,,,,,,,,,,
21,,,75839,,,0.042501889169216156,,,,,,,,,,,
21,,,75859,,,0.013419615104794502,,,,,,,,,,,
21,,,75879,,,0.05022551864385605,,,,,,,,,,,
21,,,75899,,,0.0006566131487488747,,,,,,,,,,,
21,,,75919,,,0.0364251583814621,,,,,,,,,,,
21,,,75939,,,0.19908000528812408,,,,,,,,,,,
21,,,75959,,,0.1559605747461319,,,,,,,,,,,
21,,,75979,,,0.009788704104721546,,,,,,,,,,,
21,,,75999,,,0.005224904045462608,,,,,,,,,,,
21,,,76019,,,0.024105263873934746,,,,,,,,,,,
21,,,76039,,,0.237472265958786,,,,,,,,,,,
21,,,76059,,,0.01285110879689455,,,,,,,,,,,
21,,,76079,,,0.14310817420482635,,,,,,,,,,,
21,,,76099,,,0.05306514352560043,,,,,,,,,,,
21,,,76119,,,0.3000989854335785,,,,,,,,,,,
21,,,76139,,,0.13519395887851715,,,,,,,,,,,
21,,,76159,,,0.013810085132718086,,,,,,,,,,,
21,,,76179,,,0.08511689305305481,,,,,,,,,,,
21,,,76199,,,0.0021492524538189173,,,,,,,,,,,
21,,,76219,,,0.04178974777460098,,,,,,,,,,,
21,,,76239,,,0.1574254035949707,,,,,,,,,,,
21,,,76259,,,0.026744460687041283,,,,,,,,,,,
21,,,76279,,,0.010914746671915054,,,,,,,,,,,
21,,,76299,,,0.19438667595386505,,,,,,,,,,,
21,,,76319,,,0.019431937485933304,,,,,,,,,,,
21,,,76339,,,0.05358075723052025,,,,,,,,,,,
21,,,76359,,,0.1986037939786911,,,,,,,,,,,
21,,,76379,,,0.049990687519311905,,,,,,,,,,,
21,,,76399,,,0.09339044243097305,,,,,,,,,,,
21,,,76419,,,0.039046868681907654,,,,,,,,,,,
21,,,76439,,,0.16151756048202515,,,,,,,,,,,
21,,,76459,,,0.07247596234083176,,,,,,,,,,,
21,,,76479,,,0.07191063463687897,,,,,,,,,,,
21,,,76499,,,0.13549664616584778,,,,,,,,,,,
21,,,76519,,,0.21531085669994354,,,,,,,,,,,
21,,,76539,,,0.053175847977399826,,,,,,,,,,,
21,,,76559,,,0.0835273489356041,,,,,,,,,,,
21,,,76579,,,0.01629519835114479,,,,,,,,,,,
21,,,76599,,,0.17863506078720093,,,,,,,,,,,
21,,,76603,,,,0.6325098276138306,0.8427885174751282,0.6406135559082031,3.249734878540039,0.6643786430358887,0.5648980736732483,0.6415610313415527,0.6488329768180847,0.7908636331558228,0.5762567520141602,0.6325098276138306
21,,,76603,0.9685839414596558,0.08605632185935974,,,,,,,,,,,,
,0.00027287280664334875,0.00027287280664334875,76604,,,,,,,,,,,,,,
22,,,76619,,,0.12438444048166275,,,,,,,,,,,
22,,,76639,,,0.16003677248954773,,,,,,,,,,,
22,,,76659,,,0.02425105683505535,,,,,,,,,,,
22,,,76679,,,0.07562911510467529,,,,,,,,,,,
22,,,76699,,,0.1521940529346466,,,,,,,,,,,
22,,,76719,,,0.017213324084877968,,,,,,,,,,,
22,,,76739,,,0.01768464408814907,,,,,,,,,,,
22,,,76759,,,0.03533032909035683,,,,,,,,,,,
22,,,76779,,,0.03706057742238045,,,,,,,,,,,
22,,,76799,,,0.11535035818815231,,,,,,,,,,,
22,,,76819,,,0.40319961309432983,,,,,,,,,,,
22,,,76839,,,0.39834246039390564,,,,,,,,,,,
22,,,76859,,,0.02916558086872101,,,,,,,,,,,
22,,,76879,,,0.004204585216939449,,,,,,,,,,,
22,,,76899,,,0.1367582231760025,,,,,,,,,,,
22,,,76919,,,0.06722239404916763,,,,,,,,,,,
22,,,76939,,,0.01968730241060257,,,,,,,,,,,
22,,,76959,,,0.0024487036280333996,,,,,,,,,,,
22,,,76979,,,0.040323156863451004,,,,,,,,,,,
22,,,76999,,,0.016000356525182724,,,,,,,,,,,
22,,,77019,,,0.011303311213850975,,,,,,,,,,,
22,,,77039,,,0.0015897960402071476,,,,,,,,,,,
22,,,77059,,,0.009038915857672691,,,,,,,,,,,
22,,,77079,,,0.043671026825904846,,,,,,,,,,,
22,,,77099,,,0.019366100430488586,,,,,,,,,,,
22,,,77119,,,0.07541327178478241,,,,,,,,,,,
22,,,77139,,,0.2702556550502777,,,,,,,,,,,
22,,,77159,,,0.026924824342131615,,,,,,,,,,,
22,,,77179,,,0.10697954148054123,,,,,,,,,,,
22,,,77199,,,0.01069884467869997,,,,,,,,,,,
22,,,77219,,,0.5159103274345398,,,,,,,,,,,
22,,,77239,,,0.1439264416694641,,,,,,,,,,,
22,,,77259,,,0.011419222690165043,,,,,,,,,,,
22,,,77279,,,0.028736818581819534,,,,,,,,,,,
22,,,77299,,,0.07428624480962753,,,,,,,,,,,
22,,,77319,,,0.026343071833252907,,,,,,,,,,,
22,,,77339,,,0.3719113767147064,,,,,,,,,,,
22,,,77359,,,0.007195136044174433,,,,,,,,,,,
22,,,77379,,,0.052602000534534454,,,,,,,,,,,
22,,,77399,,,0.15997357666492462,,,,,,,,,,,
22,,,77419,,,0.3177279829978943,,,,,,,,,,,
22,,,77439,,,0.013827426359057426,,,,,,,,,,,
22,,,77459,,,0.06844782084226608,,,,,,,,,,,
22,,,77479,,,0.01458783634006977,,,,,,,,,,,
22,,,77499,,,0.0012078052386641502,,,,,,,,,,,
22,,,77519,,,0.08904608339071274,,,,,,,,,,,
22,,,77539,,,0.024987725540995598,,,,,,,,,,,
22,,,77559,,,0.03187389671802521,,,,,,,,,,,
22,,,77579,,,0.0027209939435124397,,,,,,,,,,,
22,,,77599,,,0.23728254437446594,,,,,,,,,,,
22,,,77619,,,0.02400948666036129,,,,,,,,,,,
22,,,77639,,,0.003348927479237318,,,,,,,,,,,
22,,,77659,,,0.3197930157184601,,,,,,,,,,,
22,,,77679,,,0.03017100878059864,,,,,,,,,,,
22,,,77699,,,0.006411774083971977,,,,,,,,,,,
22,,,77719,,,0.055920183658599854,,,,,,,,,,,
22,,,77739,,,0.005473789293318987,,,,,,,,,,,
22,,,77759,,,0.1190391406416893,,,,,,,,,,,
22,,,77779,,,0.3155972361564636,,,,,,,,,,,
22,,,77799,,,0.03354509919881821,,,,,,,,,,,
22,,,77819,,,0.03203367814421654,,,,,,,,,,,
22,,,77839,,,0.0725635439157486,,,,,,,,,,,
22,,,77859,,,0.033485297113657,,,,,,,,,,,
22,,,77879,,,0.003743900451809168,,,,,,,,,,,
22,,,77899,,,0.015021855011582375,,,,,,,,,,,
22,,,77919,,,0.025900358334183693,,,,,,,,,,,
22,,,77939,,,0.0430767796933651,,,,,,,,,,,
22,,,77959,,,0.008301797322928905,,,,,,,,,,,
22,,,77979,,,0.021717509254813194,,,,,,,,,,,
22,,,77999,,,0.0013420567847788334,,,,,,,,,,,
22,,,78019,,,0.1825903207063675,,,,,,,,,,,
22,,,78039,,,0.17361170053482056,,,,,,,,,,,
22,,,78059,,,0.07270659506320953,,,,,,,,,,,
22,,,78079,,,0.0034611416049301624,,,,,,,,,,,
22,,,78099,,,0.05853261426091194,,,,,,,,,,,
22,,,78119,,,0.005954036023467779,,,,,,,,,,,
22,,,78139,,,0.12170290946960449,,,,,,,,,,,
22,,,78159,,,0.05832333117723465,,,,,,,,,,,
22,,,78179,,,0.006381859537214041,,,,,,,,,,,
22,,,78199,,,0.008064662106335163,,,,,,,,,,,
22,,,78219,,,0.00516957463696599,,,,,,,,,,,
22,,,78239,,,0.008326735347509384,,,,,,,,,,,
22,,,78259,,,0.031489551067352295,,,,,,,,,,,
22,,,78279,,,0.16389991343021393,,,,,,,,,,,
22,,,78299,,,0.0034968480467796326,,,,,,,,,,,
22,,,78319,,,0.06033315137028694,,,,,,,,,,,
22,,,78339,,,0.002746913116425276,,,,,,,,,,,
22,,,78359,,,0.01278019230812788,,,,,,,,,,,
22,,,78379,,,0.07277897000312805,,,,,,,,,,,
22,,,78399,,,0.015066266059875488,,,,,,,,,,,
22,,,78419,,,0.0019019728060811758,,,,,,,,,,,
22,,,78439,,,0.010846016928553581,,,,,,,,,,,
22,,,78459,,,0.07201957702636719,,,,,,,,,,,
22,,,78479,,,0.025489386171102524,,,,,,,,,,,
22,,,78499,,,0.014017217792570591,,,,,,,,,,,
22,,,78519,,,0.0005852156900800765,,,,,,,,,,,
22,,,78539,,,0.0009473863756284118,,,,,,,,,,,
22,,,78559,,,0.03330818936228752,,,,,,,,,,,
22,,,78579,,,0.0041090622544288635,,,,,,,,,,,
22,,,78599,,,0.0861855298280716,,,,,,,,,,,
22,,,78619,,,0.05140277370810509,,,,,,,,,,,
22,,,78639,,,0.2823687493801117,,,,,,,,,,,
22,,,78659,,,0.22935380041599274,,,,,,,,,,,
22,,,78679,,,0.049518149346113205,,,,,,,,,,,
22,,,78699,,,0.03149626404047012,,,,,,,,,,,
22,,,78719,,,0.0006099327001720667,,,,,,,,,,,
22,,,78739,,,0.03493953496217728,,,,,,,,,,,
22,,,78759,,,0.022391842678189278,,,,,,,,,,,
22,,,78779,,,0.05142492800951004,,,,,,,,,,,
22,,,78799,,,0.002685096114873886,,,,,,,,,,,
22,,,78819,,,0.24365806579589844,,,,,,,,,,,
22,,,78839,,,0.07280583679676056,,,,,,,,,,,
22,,,78859,,,0.02162022702395916,,,,,,,,,,,
22,,,78879,,,0.05030941590666771,,,,,,,,,,,
22,,,78899,,,0.511215090751648,,,,,,,,,,,
22,,,78919,,,0.061465922743082047,,,,,,,,,,,
22,,,78939,,,0.07522832602262497,,,,,,,,,,,
22,,,78959,,,0.008387169800698757,,,,,,,,,,,
22,,,78979,,,0.30253157019615173,,,,,,,,,,,
22,,,78999,,,0.0012839211849495769,,,,,,,,,,,
22,,,79019,,,0.07752243429422379,,,,,,,,,,,
22,,,79039,,,0.012799391523003578,,,,,,,,,,,
22,,,79059,,,0.05519114062190056,,,,,,,,,,,
22,,,79079,,,0.06224526837468147,,,,,,,,,,,
22,,,79099,,,0.011195022612810135,,,,,,,,,,,
22,,,79119,,,0.05643408000469208,,,,,,,,,,,
22,,,79139,,,0.17770621180534363,,,,,,,,,,,
22,,,79159,,,0.17465339601039886,,,,,,,,,,,
22,,,79179,,,0.1825689822435379,,,,,,,,,,,
22,,,79199,,,0.033876221626996994,,,,,,,,,,,
22,,,79219,,,0.08509807288646698,,,,,,,,,,,
22,,,79239,,,0.11500092595815659,,,,,,,,,,,
22,,,79259,,,0.034011416137218475,,,,,,,,,,,
22,,,79279,,,0.05613604560494423,,,,,,,,,,,
22,,,79299,,,0.049036964774131775,,,,,,,,,,,
22,,,79319,,,0.03464078530669212,,,,,,,,,,,
22,,,79339,,,0.11373551934957504,,,,,,,,,,,
22,,,79359,,,0.0016649074386805296,,,,,,,,,,,
22,,,79379,,,0.2734995484352112,,,,,,,,,,,
22,,,79399,,,0.001004243502393365,,,,,,,,,,,
22,,,79419,,,0.015695732086896896,,,,,,,,,,,
22,,,79439,,,0.008716902695596218,,,,,,,,,,,
22,,,79459,,,0.14490622282028198,,,,,,,,,,,
22,,,79479,,,0.012738294899463654,,,,,,,,,,,
22,,,79499,,,0.006111877970397472,,,,,,,,,,,
22,,,79519,,,0.05589675530791283,,,,,,,,,,,
22,,,79539,,,0.055312518030405045,,,,,,,,,,,
22,,,79559,,,0.047732334583997726,,,,,,,,,,,
22,,,79579,,,0.038455571979284286,,,,,,,,,,,
22,,,79599,,,0.09605640172958374,,,,,,,,,,,
22,,,79619,,,0.02425473928451538,,,,,,,,,,,
22,,,79639,,,0.0951722115278244,,,,,,,,,,,
22,,,79659,,,0.05096255987882614,,,,,,,,,,,
22,,,79679,,,0.034556880593299866,,,,,,,,,,,
22,,,79699,,,0.11547398567199707,,,,,,,,,,,
22,,,79719,,,0.2891594171524048,,,,,,,,,,,
22,,,79739,,,0.19240155816078186,,,,,,,,,,,
22,,,79759,,,0.0002509871555957943,,,,,,,,,,,
22,,,79779,,,0.2154095470905304,,,,,,,,,,,
22,,,79799,,,0.18898464739322662,,,,,,,,,,,
22,,,79819,,,0.057554032653570175,,,,,,,,,,,
22,,,79839,,,0.045153405517339706,,,,,,,,,,,
22,,,79859,,,0.01191729586571455,,,,,,,,,,,
22,,,79879,,,0.008427444845438004,,,,,,,,,,,
22,,,79899,,,0.046417735517024994,,,,,,,,,,,
22,,,79919,,,0.0662539154291153,,,,,,,,,,,
22,,,79939,,,0.006517094559967518,,,,,,,,,,,
22,,,79959,,,0.12186270952224731,,,,,,,,,,,
22,,,79979,,,0.004866042640060186,,,,,,,,,,,
22,,,79999,,,0.04477957636117935,,,,,,,,,,,
22,,,80019,,,0.03828945383429527,,,,,,,,,,,
22,,,80039,,,0.08224678039550781,,,,,,,,,,,
22,,,80059,,,0.1986447423696518,,,,,,,,,,,
22,,,80079,,,0.027507316321134567,,,,,,,,,,,
22,,,80085,,,,0.600390613079071,0.8501212000846863,0.6121795773506165,3.023394823074341,0.6658058166503906,0.5327547192573547,0.5400460362434387,0.7098201513290405,0.7392287850379944,0.6741282939910889,0.600390613079071
22,,,80085,0.9704820513725281,0.08048708736896515,,,,,,,,,,,,
,0.00026900300104368524,0.00026900300104368524,80086,,,,,,,,,,,,,,
23,,,80099,,,0.05482226610183716,,,,,,,,,,,
23,,,80119,,,0.14093975722789764,,,,,,,,,,,
23,,,80139,,,0.007713508326560259,,,,,,,,,,,
23,,,80159,,,0.06349842250347137,,,,,,,,,,,
23,,,80179,,,0.28645873069763184,,,,,,,,,,,
23,,,80199,,,0.21187719702720642,,,,,,,,,,,
23,,,80219,,,0.08545026183128357,,,,,,,,,,,
23,,,80239,,,0.03751617670059204,,,,,,,,,,,
23,,,80259,,,0.04530273377895355,,,,,,,,,,,
23,,,80279,,,0.3026239275932312,,,,,,,,,,,
23,,,80299,,,0.02436256594955921,,,,,,,,,,,
23,,,80319,,,0.0040458501316607,,,,,,,,,,,
23,,,80339,,,0.013276292942464352,,,,,,,,,,,
23,,,80359,,,0.010213535279035568,,,,,,,,,,,
23,,,80379,,,0.11478328704833984,,,,,,,,,,,
23,,,80399,,,0.015382369980216026,,,,,,,,,,,
23,,,80419,,,0.03157026693224907,,,,,,,,,,,
23,,,80439,,,0.04643173888325691,,,,,,,,,,,
23,,,80459,,,0.017211921513080597,,,,,,,,,,,
23,,,80479,,,0.06442839652299881,,,,,,,,,,,
23,,,80499,,,0.0071076746098697186,,,,,,,,,,,
23,,,80519,,,0.19672930240631104,,,,,,,,,,,
23,,,80539,,,0.013588681817054749,,,,,,,,,,,
23,,,80559,,,0.008437815122306347,,,,,,,,,,,
23,,,80579,,,0.08497895300388336,,,,,,,,,,,
23,,,80599,,,0.09038442373275757,,,,,,,,,,,
23,,,80619,,,0.04166601225733757,,,,,,,,,,,
23,,,80639,,,0.015096861869096756,,,,,,,,,,,
23,,,80659,,,0.15149636566638947,,,,,,,,,,,
23,,,80679,,,0.12226662784814835,,,,,,,,,,,
23,,,80699,,,0.012146222405135632,,,,,,,,,,,
23,,,80719,,,0.19572773575782776,,,,,,,,,,,
23,,,80739,,,0.18495863676071167,,,,,,,,,,,
23,,,80759,,,0.0027572461403906345,,,,,,,,,,,
23,,,80779,,,0.028431598097085953,,,,,,,,,,,
23,,,80799,,,0.08068696409463882,,,,,,,,,,,
23,,,80819,,,0.0330815464258194,,,,,,,,,,,
23,,,80839,,,0.011711489409208298,,,,,,,,,,,
23,,,80859,,,0.11595162004232407,,,,,,,,,,,
23,,,80879,,,0.017171889543533325,,,,,,,,,,,
23,,,80899,,,0.1474686563014984,,,,,,,,,,,
23,,,80919,,,0.0074506960809230804,,,,,,,,,,,
23,,,80939,,,0.08960235863924026,,,,,,,,,,,
23,,,80959,,,0.142702117562294,,,,,,,,,,,
23,,,80979,,,0.03785526007413864,,,,,,,,,,,
23,,,80999,,,0.20308439433574677,,,,,,,,,,,
23,,,81019,,,0.05667591467499733,,,,,,,,,,,
23,,,81039,,,0.053473591804504395,,,,,,,,,,,
23,,,81059,,,0.02939707413315773,,,,,,,,,,,
23,,,81079,,,0.21133345365524292,,,,,,,,,,,
23,,,81099,,,0.006295235827565193,,,,,,,,,,,
23,,,81119,,,0.18515974283218384,,,,,,,,,,,
23,,,81139,,,0.09804147481918335,,,,,,,,,,,
23,,,81159,,,0.13394179940223694,,,,,,,,,,,
23,,,81179,,,0.0855100154876709,,,,,,,,,,,
23,,,81199,,,0.09302151203155518,,,,,,,,,,,
23,,,81219,,,0.03175961971282959,,,,,,,,,,,
23,,,81239,,,0.02418864704668522,,,,,,,,,,,
23,,,81259,,,0.008431605994701385,,,,,,,,,,,
23,,,81279,,,0.007284472696483135,,,,,,,,,,,
23,,,81299,,,0.017533134669065475,,,,,,,,,,,
23,,,81319,,,0.05022700875997543,,,,,,,,,,,
23,,,81339,,,0.10898938775062561,,,,,,,,,,,
23,,,81359,,,0.21657763421535492,,,,,,,,,,,
23,,,81379,,,0.13926953077316284,,,,,,,,,,,
23,,,81399,,,0.1817520707845688,,,,,,,,,,,
23,,,81419,,,0.016907380893826485,,,,,,,,,,,
23,,,81439,,,0.1275550276041031,,,,,,,,,,,
23,,,81459,,,0.03981253504753113,,,,,,,,,,,
23,,,81479,,,0.12582005560398102,,,,,,,,,,,
23,,,81499,,,0.004954141099005938,,,,,,,,,,,
23,,,81519,,,0.003777363570407033,,,,,,,,,,,
23,,,81539,,,0.027015212923288345,,,,,,,,,,,
23,,,81559,,,0.015374314039945602,,,,,,,,,,,
23,,,81579,,,0.09540463238954544,,,,,,,,,,,
23,,,81599,,,0.0594155453145504,,,,,,,,,,,
23,,,81619,,,0.041787128895521164,,,,,,,,,,,
23,,,81639,,,0.03752748668193817,,,,,,,,,,,
23,,,81659,,,0.0012109832605347037,,,,,,,,,,,
23,,,81679,,,0.07442735880613327,,,,,,,,,,,
23,,,81699,,,0.06851352751255035,,,,,,,,,,,
23,,,81719,,,0.00020835071336477995,,,,,,,,,,,
23,,,81739,,,0.13467925786972046,,,,,,,,,,,
23,,,81759,,,0.08410809189081192,,,,,,,,,,,
23,,,81779,,,0.001929283607751131,,,,,,,,,,,
23,,,81799,,,0.07532399892807007,,,,,,,,,,,
23,,,81819,,,0.004275511018931866,,,,,,,,,,,
23,,,81839,,,0.03186099976301193,,,,,,,,,,,
23,,,81859,,,0.0026478138752281666,,,,,,,,,,,
23,,,81879,,,0.03312743455171585,,,,,,,,,,,
23,,,81899,,,0.17421483993530273,,,,,,,,,,,
23,,,81919,,,0.01565159671008587,,,,,,,,,,,
23,,,81939,,,0.06922102719545364,,,,,,,,,,,
23,,,81959,,,0.01895759254693985,,,,,,,,,,,
23,,,81979,,,0.08474165946245193,,,,,,,,,,,
23,,,81999,,,0.035884737968444824,,,,,,,,,,,
23,,,82019,,,0.012040874920785427,,,,,,,,,,,
23,,,82039,,,0.1815757304430008,,,,,,,,,,,
23,,,82059,,,0.0014406616101041436,,,,,,,,,,,
23,,,82079,,,0.021372586488723755,,,,,,,,,,,
23,,,82099,,,0.2570277452468872,,,,,,,,,,,
23,,,82119,,,0.15313562750816345,,,,,,,,,,,
23,,,82139,,,0.00883055105805397,,,,,,,,,,,
23,,,82159,,,0.12115390598773956,,,,,,,,,,,
23,,,82179,,,0.07384733855724335,,,,,,,,,,,
23,,,82199,,,0.008311405777931213,,,,,,,,,,,
23,,,82219,,,0.1272626370191574,,,,,,,,,,,
23,,,82239,,,0.3092705011367798,,,,,,,,,,,
23,,,82259,,,0.09240815788507462,,,,,,,,,,,
23,,,82279,,,0.1832233965396881,,,,,,,,,,,
23,,,82299,,,0.03357623517513275,,,,,,,,,,,
23,,,82319,,,0.10006681084632874,,,,,,,,,,,
23,,,82339,,,0.014946948736906052,,,,,,,,,,,
23,,,82359,,,0.0036695755552500486,,,,,,,,,,,
23,,,82379,,,0.006011757999658585,,,,,,,,,,,
23,,,82399,,,0.11370452493429184,,,,,,,,,,,
23,,,82419,,,0.06830643117427826,,,,,,,,,,,
23,,,82439,,,0.04118618369102478,,,,,,,,,,,
23,,,82459,,,0.0015368879539892077,,,,,,,,,,,
23,,,82479,,,0.16587521135807037,,,,,,,,,,,
23,,,82499,,,0.3470783531665802,,,,,,,,,,,
23,,,82519,,,0.12208370119333267,,,,,,,,,,,
23,,,82539,,,0.3535190522670746,,,,,,,,,,,
23,,,82559,,,0.2929244935512543,,,,,,,,,,,
23,,,82579,,,0.021520087495446205,,,,,,,,,,,
23,,,82599,,,0.03394787758588791,,,,,,,,,,,
23,,,82619,,,0.33412256836891174,,,,,,,,,,,
23,,,82639,,,0.32065004110336304,,,,,,,,,,,
23,,,82659,,,0.2399851530790329,,,,,,,,,,,
23,,,82679,,,0.22643816471099854,,,,,,,,,,,
23,,,82699,,,0.04738409444689751,,,,,,,,,,,
23,,,82719,,,0.10353060066699982,,,,,,,,,,,
23,,,82739,,,0.06928578019142151,,,,,,,,,,,
23,,,82759,,,0.10554881393909454,,,,,,,,,,,
23,,,82779,,,0.08662047237157822,,,,,,,,,,,
23,,,82799,,,0.0022170329466462135,,,,,,,,,,,
23,,,82819,,,0.07268032431602478,,,,,,,,,,,
23,,,82839,,,0.23881760239601135,,,,,,,,,,,
23,,,82859,,,0.010285142809152603,,,,,,,,,,,
23,,,82879,,,0.11959418654441833,,,,,,,,,,,
23,,,82899,,,0.18712522089481354,,,,,,,,,,,
23,,,82919,,,0.15954965353012085,,,,,,,,,,,
23,,,82939,,,0.0018098660511896014,,,,,,,,,,,
23,,,82959,,,0.033405549824237823,,,,,,,,,,,
23,,,82979,,,0.02655727043747902,,,,,,,,,,,
23,,,82999,,,0.052975673228502274,,,,,,,,,,,
23,,,83019,,,0.11107973009347916,,,,,,,,,,,
23,,,83039,,,0.027388596907258034,,,,,,,,,,,
23,,,83059,,,0.08071573823690414,,,,,,,,,,,
23,,,83079,,,0.008306443691253662,,,,,,,,,,,
23,,,83099,,,0.10178345441818237,,,,,,,,,,,
23,,,83119,,,0.054550617933273315,,,,,,,,,,,
23,,,83139,,,0.39556193351745605,,,,,,,,,,,
23,,,83159,,,0.022177519276738167,,,,,,,,,,,
23,,,83179,,,0.3658357262611389,,,,,,,,,,,
23,,,83199,,,0.07179882377386093,,,,,,,,,,,
23,,,83219,,,0.0022056729067116976,,,,,,,,,,,
23,,,83239,,,0.017784874886274338,,,,,,,,,,,
23,,,83259,,,0.07700439542531967,,,,,,,,,,,
23,,,83279,,,0.03667014464735985,,,,,,,,,,,
23,,,83299,,,0.06336840987205505,,,,,,,,,,,
23,,,83319,,,0.31179171800613403,,,,,,,,,,,
23,,,83339,,,0.056294020265340805,,,,,,,,,,,
23,,,83359,,,0.050714168697595596,,,,,,,,,,,
23,,,83379,,,0.011053434573113918,,,,,,,,,,,
23,,,83399,,,0.24671496450901031,,,,,,,,,,,
23,,,83419,,,0.12598182260990143,,,,,,,,,,,
23,,,83439,,,0.2948963940143585,,,,,,,,,,,
23,,,83459,,,0.024959562346339226,,,,,,,,,,,
23,,,83479,,,0.05254679173231125,,,,,,,,,,,
23,,,83499,,,0.10257906466722488,,,,,,,,,,,
23,,,83519,,,0.005224068649113178,,,,,,,,,,,
23,,,83539,,,0.05696024000644684,,,,,,,,,,,
23,,,83559,,,0.07341408729553223,,,,,,,,,,,
23,,,83567,,,,0.6331292390823364,0.8655943870544434,0.6453570127487183,2.8017971515655518,0.6919488906860352,0.5745561122894287,0.6791210770606995,0.6397679448127747,0.7629936337471008,0.6859130263328552,0.6331292390823364
23,,,83567,0.970751166343689,0.08036837726831436,,,,,,,,,,,,
,0.00026490666646784665,0.00026490666646784665,83568,,,,,,,,,,,,,,
24,,,83579,,,0.018700692802667618,,,,,,,,,,,
24,,,83599,,,0.33441197872161865,,,,,,,,,,,
24,,,83619,,,0.0019361232407391071,,,,,,,,,,,
24,,,83639,,,0.2786523997783661,,,,,,,,,,,
24,,,83659,,,0.03664030879735947,,,,,,,,,,,
24,,,83679,,,0.11327706277370453,,,,,,,,,,,
24,,,83699,,,0.03273826465010643,,,,,,,,,,,
24,,,83719,,,0.011563144624233246,,,,,,,,,,,
24,,,83739,,,0.018436249345541,,,,,,,,,,,
24,,,83759,,,0.0035756323486566544,,,,,,,,,,,
24,,,83779,,,0.19708795845508575,,,,,,,,,,,
24,,,83799,,,0.08768028765916824,,,,,,,,,,,
24,,,83819,,,0.09976407140493393,,,,,,,,,,,
24,,,83839,,,0.004771707113832235,,,,,,,,,,,
24,,,83859,,,0.14516082406044006,,,,,,,,,,,
24,,,83879,,,0.06301146745681763,,,,,,,,,,,
24,,,83899,,,0.22525951266288757,,,,,,,,,,,
24,,,83919,,,0.03330680727958679,,,,,,,,,,,
24,,,83939,,,0.16161026060581207,,,,,,,,,,,
24,,,83959,,,0.001302834483794868,,,,,,,,,,,
24,,,83979,,,0.0068069095723330975,,,,,,,,,,,
24,,,83999,,,0.03792298212647438,,,,,,,,,,,
24,,,84019,,,0.016835106536746025,,,,,,,,,,,
24,,,84039,,,0.030709778890013695,,,,,,,,,,,
24,,,84059,,,0.017622370272874832,,,,,,,,,,,
24,,,84079,,,0.0019951150752604008,,,,,,,,,,,
24,,,84099,,,0.26096010208129883,,,,,,,,,,,
24,,,84119,,,0.008588208816945553,,,,,,,,,,,
24,,,84139,,,0.05452321842312813,,,,,,,,,,,
24,,,84159,,,0.024439163506031036,,,,,,,,,,,
24,,,84179,,,0.03575945645570755,,,,,,,,,,,
24,,,84199,,,0.18087807297706604,,,,,,,,,,,
24,,,84219,,,0.0011422596871852875,,,,,,,,,,,
24,,,84239,,,0.014176400378346443,,,,,,,,,,,
24,,,84259,,,0.00547040905803442,,,,,,,,,,,
24,,,84279,,,0.1774805784225464,,,,,,,,,,,
24,,,84299,,,0.00179203727748245,,,,,,,,,,,
24,,,84319,,,0.1638079136610031,,,,,,,,,,,
24,,,84339,,,0.058868467807769775,,,,,,,,,,,
24,,,84359,,,0.03561646118760109,,,,,,,,,,,
24,,,84379,,,0.001578537398017943,,,,,,,,,,,
24,,,84399,,,0.017099017277359962,,,,,,,,,,,
24,,,84419,,,0.00035877921618521214,,,,,,,,,,,
24,,,84439,,,0.04125271365046501,,,,,,,,,,,
24,,,84459,,,0.011340225115418434,,,,,,,,,,,
24,,,84479,,,0.021435106173157692,,,,,,,,,,,
24,,,84499,,,0.033091213554143906,,,,,,,,,,,
24,,,84519,,,0.03144722059369087,,,,,,,,,,,
24,,,84539,,,0.01875915378332138,,,,,,,,,,,
24,,,84559,,,0.0037500164471566677,,,,,,,,,,,
24,,,84579,,,0.00037364193121902645,,,,,,,,,,,
24,,,84599,,,0.02625417709350586,,,,,,,,,,,
24,,,84619,,,0.04697464033961296,,,,,,,,,,,
24,,,84639,,,0.19705712795257568,,,,,,,,,,,
24,,,84659,,,0.01820611208677292,,,,,,,,,,,
24,,,84679,,,0.00606615049764514,,,,,,,,,,,
24,,,84699,,,0.04661920294165611,,,,,,,,,,,
24,,,84719,,,0.01097259670495987,,,,,,,,,,,
24,,,84739,,,0.10143928229808807,,,,,,,,,,,
24,,,84759,,,0.03632497042417526,,,,,,,,,,,
24,,,84779,,,0.010213158093392849,,,,,,,,,,,
24,,,84799,,,0.0009626885876059532,,,,,,,,,,,
24,,,84819,,,0.23223689198493958,,,,,,,,,,,
24,,,84839,,,0.052983541041612625,,,,,,,,,,,
24,,,84859,,,0.04738626629114151,,,,,,,,,,,
24,,,84879,,,0.013873795047402382,,,,,,,,,,,
24,,,84899,,,0.10742101073265076,,,,,,,,,,,
24,,,84919,,,0.574914276599884,,,,,,,,,,,
24,,,84939,,,0.01847805082798004,,,,,,,,,,,
24,,,84959,,,0.13616372644901276,,,,,,,,,,,
24,,,84979,,,0.010957159101963043,,,,,,,,,,,
24,,,84999,,,0.037036068737506866,,,,,,,,,,,
24,,,85019,,,0.06067061424255371,,,,,,,,,,,
24,,,85039,,,0.01403646171092987,,,,,,,,,,,
24,,,85059,,,0.16592657566070557,,,,,,,,,,,
24,,,85079,,,0.014792636968195438,,,,,,,,,,,
24,,,85099,,,0.10981865227222443,,,,,,,,,,,
24,,,85119,,,0.0504012331366539,,,,,,,,,,,
24,,,85139,,,0.07114391773939133,,,,,,,,,,,
24,,,85159,,,0.10160066187381744,,,,,,,,,,,
24,,,85179,,,0.024211950600147247,,,,,,,,,,,
24,,,85199,,,0.014862783253192902,,,,,,,,,,,
24,,,85219,,,0.03833902254700661,,,,,,,,,,,
24,,,85239,,,0.01593218371272087,,,,,,,,,,,
24,,,85259,,,0.025687310844659805,,,,,,,,,,,
24,,,85279,,,0.003071108367294073,,,,,,,,,,,
24,,,85299,,,0.029623981565237045,,,,,,,,,,,
24,,,85319,,,0.1584092676639557,,,,,,,,,,,
24,,,85339,,,0.00277822301723063,,,,,,,,,,,
24,,,85359,,,0.05077508091926575,,,,,,,,,,,
24,,,85379,,,0.05909207463264465,,,,,,,,,,,
24,,,85399,,,0.008415980264544487,,,,,,,,,,,
24,,,85419,,,0.4382103383541107,,,,,,,,,,,
24,,,85439,,,0.019275285303592682,,,,,,,,,,,
24,,,85459,,,0.043881624937057495,,,,,,,,,,,
24,,,85479,,,0.013175459578633308,,,,,,,,,,,
24,,,85499,,,0.11868833005428314,,,,,,,,,,,
24,,,85519,,,0.046447306871414185,,,,,,,,,,,
24,,,85539,,,0.16200242936611176,,,,,,,,,,,
24,,,85559,,,0.0006654552416875958,,,,,,,,,,,
24,,,85579,,,0.001630269456654787,,,,,,,,,,,
24,,,85599,,,0.11720883846282959,,,,,,,,,,,
24,,,85619,,,0.08666148781776428,,,,,,,,,,,
24,,,85639,,,0.012499629519879818,,,,,,,,,,,
24,,,85659,,,0.05780039727687836,,,,,,,,,,,
24,,,85679,,,0.0051580131985247135,,,,,,,,,,,
24,,,85699,,,0.02039974369108677,,,,,,,,,,,
24,,,85719,,,0.24179473519325256,,,,,,,,,,,
24,,,85739,,,0.0007075956091284752,,,,,,,,,,,
24,,,85759,,,0.17301739752292633,,,,,,,,,,,
24,,,85779,,,0.5067242383956909,,,,,,,,,,,
24,,,85799,,,0.06902390718460083,,,,,,,,,,,
24,,,85819,,,0.002064637839794159,,,,,,,,,,,
24,,,85839,,,0.04236461594700813,,,,,,,,,,,
24,,,85859,,,0.0045702336356043816,,,,,,,,,,,
24,,,85879,,,0.04304122179746628,,,,,,,,,,,
24,,,85899,,,0.18065112829208374,,,,,,,,,,,
24,,,85919,,,0.34171774983406067,,,,,,,,,,,
24,,,85939,,,0.041363928467035294,,,,,,,,,,,
24,,,85959,,,0.0622892752289772,,,,,,,,,,,
24,,,85979,,,0.036393940448760986,,,,,,,,,,,
24,,,85999,,,0.0007888651452958584,,,,,,,,,,,
24,,,86019,,,0.07317967712879181,,,,,,,,,,,
24,,,86039,,,0.023792529478669167,,,,,,,,,,,
24,,,86059,,,0.016239317134022713,,,,,,,,,,,
24,,,86079,,,0.3997180461883545,,,,,,,,,,,
24,,,86099,,,0.0004971513990312815,,,,,,,,,,,
24,,,86119,,,0.04362336918711662,,,,,,,,,,,
24,,,86139,,,0.181379497051239,,,,,,,,,,,
24,,,86159,,,0.0017833515303209424,,,,,,,,,,,
24,,,86179,,,0.030978478491306305,,,,,,,,,,,
24,,,86199,,,0.0002198360307374969,,,,,,,,,,,
24,,,86219,,,0.008808515034615993,,,,,,,,,,,
24,,,86239,,,0.025685114786028862,,,,,,,,,,,
24,,,86259,,,0.08688981831073761,,,,,,,,,,,
24,,,86279,,,0.05455685406923294,,,,,,,,,,,
24,,,86299,,,0.11780749261379242,,,,,,,,,,,
24,,,86319,,,0.0006384369335137308,,,,,,,,,,,
24,,,86339,,,0.3217291533946991,,,,,,,,,,,
24,,,86359,,,0.0033897715620696545,,,,,,,,,,,
24,,,86379,,,0.0009832377545535564,,,,,,,,,,,
24,,,86399,,,0.004200995434075594,,,,,,,,,,,
24,,,86419,,,0.0016596348723396659,,,,,,,,,,,
24,,,86439,,,0.016876431182026863,,,,,,,,,,,
24,,,86459,,,0.0014086503069847822,,,,,,,,,,,
24,,,86479,,,0.022727999836206436,,,,,,,,,,,
24,,,86499,,,0.27597352862358093,,,,,,,,,,,
24,,,86519,,,0.05639466270804405,,,,,,,,,,,
24,,,86539,,,0.0017930481117218733,,,,,,,,,,,
24,,,86559,,,0.01696120947599411,,,,,,,,,,,
24,,,86579,,,0.015755657106637955,,,,,,,,,,,
24,,,86599,,,0.01448629330843687,,,,,,,,,,,
24,,,86619,,,0.06090956926345825,,,,,,,,,,,
24,,,86639,,,0.18977394700050354,,,,,,,,,,,
24,,,86659,,,0.024073811247944832,,,,,,,,,,,
24,,,86679,,,0.04957612603902817,,,,,,,,,,,
24,,,86699,,,0.02435404062271118,,,,,,,,,,,
24,,,86719,,,0.07227194309234619,,,,,,,,,,,
24,,,86739,,,0.026402577757835388,,,,,,,,,,,
24,,,86759,,,0.0413995087146759,,,,,,,,,,,
24,,,86779,,,0.006934336852282286,,,,,,,,,,,
24,,,86799,,,0.003943793475627899,,,,,,,,,,,
24,,,86819,,,0.06837797164916992,,,,,,,,,,,
24,,,86839,,,0.032310571521520615,,,,,,,,,,,
24,,,86859,,,0.1766047328710556,,,,,,,,,,,
24,,,86879,,,0.043382465839385986,,,,,,,,,,,
24,,,86899,,,0.02345702052116394,,,,,,,,,,,
24,,,86919,,,0.009492004290223122,,,,,,,,,,,
24,,,86939,,,0.2942175567150116,,,,,,,,,,,
24,,,86959,,,0.007264407351613045,,,,,,,,,,,
24,,,86979,,,0.16332963109016418,,,,,,,,,,,
24,,,86999,,,0.04220801964402199,,,,,,,,,,,
24,,,87019,,,0.052532970905303955,,,,,,,,,,,
24,,,87039,,,0.26152047514915466,,,,,,,,,,,
24,,,87049,,,,0.6257412433624268,0.8611664772033691,0.6341511011123657,3.062931537628174,0.6797398328781128,0.5806769132614136,0.7366217374801636,0.6406893134117126,0.7570720911026001,0.5845761895179749,0.6257412433624268
24,,,87049,0.972801923751831,0.07492061704397202,,,,,,,,,,,,
,0.0002605916005215186,0.0002605916005215186,87050,,,,,,,,,,,,,,
25,,,87059,,,0.08621291816234589,,,,,,,,,,,
25,,,87079,,,0.04996555298566818,,,,,,,,,,,
25,,,87099,,,0.09268144518136978,,,,,,,,,,,
25,,,87119,,,0.011440921574831009,,,,,,,,,,,
25,,,87139,,,0.009838496334850788,,,,,,,,,,,
25,,,87159,,,0.18693067133426666,,,,,,,,,,,
25,,,87179,,,0.02839776501059532,,,,,,,,,,,
25,,,87199,,,0.004544292110949755,,,,,,,,,,,
25,,,87219,,,0.09061682969331741,,,,,,,,,,,
25,,,87239,,,0.021367736160755157,,,,,,,,,,,
25,,,87259,,,0.0005763641092926264,,,,,,,,,,,
25,,,87279,,,0.00672276271507144,,,,,,,,,,,
25,,,87299,,,0.050231508910655975,,,,,,,,,,,
25,,,87319,,,0.012496226467192173,,,,,,,,,,,
25,,,87339,,,0.029099147766828537,,,,,,,,,,,
25,,,87359,,,0.11183292418718338,,,,,,,,,,,
25,,,87379,,,0.00408994359895587,,,,,,,,,,,
25,,,87399,,,0.021731004118919373,,,,,,,,,,,
25,,,87419,,,0.002884355839341879,,,,,,,,,,,
25,,,87439,,,0.005514515098184347,,,,,,,,,,,
25,,,87459,,,0.30638352036476135,,,,,,,,,,,
25,,,87479,,,0.022240454331040382,,,,,,,,,,,
25,,,87499,,,0.0002293344005011022,,,,,,,,,,,
25,,,87519,,,0.050460003316402435,,,,,,,,,,,
25,,,87539,,,0.0021699215285480022,,,,,,,,,,,
25,,,87559,,,0.3870055675506592,,,,,,,,,,,
25,,,87579,,,0.0034571823198348284,,,,,,,,,,,
25,,,87599,,,0.017985306680202484,,,,,,,,,,,
25,,,87619,,,0.6080109477043152,,,,,,,,,,,
25,,,87639,,,0.0068482449278235435,,,,,,,,,,,
25,,,87659,,,0.25412517786026,,,,,,,,,,,
25,,,87679,,,0.15221668779850006,,,,,,,,,,,
25,,,87699,,,0.06203736364841461,,,,,,,,,,,
25,,,87719,,,0.060917578637599945,,,,,,,,,,,
25,,,87739,,,0.10314279049634933,,,,,,,,,,,
25,,,87759,,,0.026339512318372726,,,,,,,,,,,
25,,,87779,,,0.030003173276782036,,,,,,,,,,,
25,,,87799,,,0.017775535583496094,,,,,,,,,,,
25,,,87819,,,0.047412268817424774,,,,,,,,,,,
25,,,87839,,,0.012101495638489723,,,,,,,,,,,
25,,,87859,,,0.039127811789512634,,,,,,,,,,,
25,,,87879,,,0.04763506352901459,,,,,,,,,,,
25,,,87899,,,0.04970329999923706,,,,,,,,,,,
25,,,87919,,,0.3451406955718994,,,,,,,,,,,
25,,,87939,,,0.004067827947437763,,,,,,,,,,,
25,,,87959,,,0.045840177685022354,,,,,,,,,,,
25,,,87979,,,0.05130138620734215,,,,,,,,,,,
25,,,87999,,,0.05958280712366104,,,,,,,,,,,
25,,,88019,,,0.09197857975959778,,,,,,,,,,,
25,,,88039,,,0.11569469422101974,,,,,,,,,,,
25,,,88059,,,0.10274438560009003,,,,,,,,,,,
25,,,88079,,,0.01170481089502573,,,,,,,,,,,
25,,,88099,,,0.011354243382811546,,,,,,,,,,,
25,,,88119,,,0.014044058509171009,,,,,,,,,,,
25,,,88139,,,0.013924366794526577,,,,,,,,,,,
25,,,88159,,,0.5165061950683594,,,,,,,,,,,
25,,,88179,,,0.2739831805229187,,,,,,,,,,,
25,,,88199,,,0.043271504342556,,,,,,,,,,,
25,,,88219,,,0.04180755466222763,,,,,,,,,,,
25,,,88239,,,0.05784690007567406,,,,,,,,,,,
25,,,88259,,,0.018374821171164513,,,,,,,,,,,
25,,,88279,,,0.001483401982113719,,,,,,,,,,,
25,,,88299,,,0.02317783422768116,,,,,,,,,,,
25,,,88319,,,0.006687103770673275,,,,,,,,,,,
25,,,88339,,,0.005899996031075716,,,,,,,,,,,
25,,,88359,,,0.0814240425825119,,,,,,,,,,,
25,,,88379,,,0.18988680839538574,,,,,,,,,,,
25,,,88399,,,0.0014087454183027148,,,,,,,,,,,
25,,,88419,,,0.05223992466926575,,,,,,,,,,,
25,,,88439,,,0.03876357153058052,,,,,,,,,,,
25,,,88459,,,0.0835486501455307,,,,,,,,,,,
25,,,88479,,,0.014874506741762161,,,,,,,,,,,
25,,,88499,,,0.006135041359812021,,,,,,,,,,,
25,,,88519,,,0.12127126753330231,,,,,,,,,,,
25,,,88539,,,0.0017088537570089102,,,,,,,,,,,
25,,,88559,,,0.032011084258556366,,,,,,,,,,,
25,,,88579,,,0.22405534982681274,,,,,,,,,,,
25,,,88599,,,0.015643160790205002,,,,,,,,,,,
25,,,88619,,,0.006621066015213728,,,,,,,,,,,
25,,,88639,,,0.03326408565044403,,,,,,,,,,,
25,,,88659,,,0.24410505592823029,,,,,,,,,,,
25,,,88679,,,0.0030800108797848225,,,,,,,,,,,
25,,,88699,,,0.0028010390233248472,,,,,,,,,,,
25,,,88719,,,0.010215431451797485,,,,,,,,,,,
25,,,88739,,,0.01738828606903553,,,,,,,,,,,
25,,,88759,,,0.0420314259827137,,,,,,,,,,,
25,,,88779,,,0.04698234423995018,,,,,,,,,,,
25,,,88799,,,0.2427048534154892,,,,,,,,,,,
25,,,88819,,,0.00482172379270196,,,,,,,,,,,
25,,,88839,,,0.01828920468688011,,,,,,,,,,,
25,,,88859,,,0.04347241297364235,,,,,,,,,,,
25,,,88879,,,0.004110102541744709,,,,,,,,,,,
25,,,88899,,,0.00023448769934475422,,,,,,,,,,,
25,,,88919,,,0.3142789304256439,,,,,,,,,,,
25,,,88939,,,0.18565139174461365,,,,,,,,,,,
25,,,88959,,,0.0006260619265958667,,,,,,,,,,,
25,,,88979,,,0.02711194008588791,,,,,,,,,,,
25,,,88999,,,0.010738096199929714,,,,,,,,,,,
25,,,89019,,,0.15671566128730774,,,,,,,,,,,
25,,,89039,,,0.026259738951921463,,,,,,,,,,,
25,,,89059,,,0.16812218725681305,,,,,,,,,,,
25,,,89079,,,0.0709354504942894,,,,,,,,,,,
25,,,89099,,,0.031361546367406845,,,,,,,,,,,
25,,,89119,,,0.06666606664657593,,,,,,,,,,,
25,,,89139,,,0.14041844010353088,,,,,,,,,,,
25,,,89159,,,0.025831367820501328,,,,,,,,,,,
25,,,89179,,,0.25131237506866455,,,,,,,,,,,
25,,,89199,,,0.258089154958725,,,,,,,,,,,
25,,,89219,,,0.2558186650276184,,,,,,,,,,,
25,,,89239,,,0.027437502518296242,,,,,,,,,,,
25,,,89259,,,0.18007102608680725,,,,,,,,,,,
25,,,89279,,,0.006806008517742157,,,,,,,,,,,
25,,,89299,,,0.050196629017591476,,,,,,,,,,,
25,,,89319,,,0.007823104038834572,,,,,,,,,,,
25,,,89339,,,0.0022569685243070126,,,,,,,,,,,
25,,,89359,,,0.033247750252485275,,,,,,,,,,,
25,,,89379,,,0.2911469638347626,,,,,,,,,,,
25,,,89399,,,0.0004919610219076276,,,,,,,,,,,
25,,,89419,,,0.001541757257655263,,,,,,,,,,,
25,,,89439,,,0.03143460303544998,,,,,,,,,,,
25,,,89459,,,0.037825267761945724,,,,,,,,,,,
25,,,89479,,,0.0367930606007576,,,,,,,,,,,
25,,,89499,,,0.09025494009256363,,,,,,,,,,,
25,,,89519,,,0.03794480487704277,,,,,,,,,,,
25,,,89539,,,0.008290399797260761,,,,,,,,,,,
25,,,89559,,,0.10978174954652786,,,,,,,,,,,
25,,,89579,,,0.015333113260567188,,,,,,,,,,,
25,,,89599,,,0.09343122690916061,,,,,,,,,,,
25,,,89619,,,0.056545376777648926,,,,,,,,,,,
25,,,89639,,,0.10682982206344604,,,,,,,,,,,
25,,,89659,,,0.00042939806007780135,,,,,,,,,,,
25,,,89679,,,0.018194660544395447,,,,,,,,,,,
25,,,89699,,,0.0044242506846785545,,,,,,,,,,,
25,,,89719,,,0.062420640140771866,,,,,,,,,,,
25,,,89739,,,0.08057110011577606,,,,,,,,,,,
25,,,89759,,,0.1559470295906067,,,,,,,,,,,
25,,,89779,,,0.025615297257900238,,,,,,,,,,,
25,,,89799,,,0.02808455377817154,,,,,,,,,,,
25,,,89819,,,0.014845333993434906,,,,,,,,,,,
25,,,89839,,,0.020982645452022552,,,,,,,,,,,
25,,,89859,,,0.040763549506664276,,,,,,,,,,,
25,,,89879,,,0.012089632451534271,,,,,,,,,,,
25,,,89899,,,0.1937216818332672,,,,,,,,,,,
25,,,89919,,,0.024287261068820953,,,,,,,,,,,
25,,,89939,,,0.0811956375837326,,,,,,,,,,,
25,,,89959,,,0.01907941699028015,,,,,,,,,,,
25,,,89979,,,0.00661479402333498,,,,,,,,,,,
25,,,89999,,,0.10890250653028488,,,,,,,,,,,
25,,,90019,,,0.20000045001506805,,,,,,,,,,,
25,,,90039,,,0.0002328085247427225,,,,,,,,,,,
25,,,90059,,,0.001315841218456626,,,,,,,,,,,
25,,,90079,,,0.00016713966033421457,,,,,,,,,,,
25,,,90099,,,0.06432759016752243,,,,,,,,,,,
25,,,90119,,,0.02348722517490387,,,,,,,,,,,
25,,,90139,,,0.022097790613770485,,,,,,,,,,,
25,,,90159,,,0.07186860591173172,,,,,,,,,,,
25,,,90179,,,0.001397360349074006,,,,,,,,,,,
25,,,90199,,,0.05283920466899872,,,,,,,,,,,
25,,,90219,,,0.12693314254283905,,,,,,,,,,,
25,,,90239,,,0.022215817123651505,,,,,,,,,,,
25,,,90259,,,0.0030763926915824413,,,,,,,,,,,
25,,,90279,,,0.08806603401899338,,,,,,,,,,,
25,,,90299,,,0.017962170764803886,,,,,,,,,,,
25,,,90319,,,0.18850401043891907,,,,,,,,,,,
25,,,90339,,,0.03635358810424805,,,,,,,,,,,
25,,,90359,,,0.014473493210971355,,,,,,,,,,,
25,,,90379,,,0.08239422738552094,,,,,,,,,,,
25,,,90399,,,0.1408916860818863,,,,,,,,,,,
25,,,90419,,,0.005783815402537584,,,,,,,,,,,
25,,,90439,,,0.008935949765145779,,,,,,,,,,,
25,,,90459,,,0.09648802876472473,,,,,,,,,,,
25,,,90479,,,0.12819209694862366,,,,,,,,,,,
25,,,90499,,,0.047462284564971924,,,,,,,,,,,
25,,,90519,,,0.09325655549764633,,,,,,,,,,,
25,,,90531,,,,0.6179218292236328,0.8748338222503662,0.6263118386268616,2.4126698970794678,0.6523594856262207,0.5561157464981079,0.6118223071098328,0.7083779573440552,0.735301673412323,0.5539358854293823,0.6179218292236328
25,,,90531,0.9729987978935242,0.07419654726982117,,,,,,,,,,,,
,0.00025606601717798207,0.00025606601717798207,90532,,,,,,,,,,,,,,
26,,,90539,,,0.0015095380367711186,,,,,,,,,,,
26,,,90559,,,0.0406050980091095,,,,,,,,,,,
26,,,90579,,,0.01729070022702217,,,,,,,,,,,
26,,,90599,,,0.005786275956779718,,,,,,,,,,,
26,,,90619,,,0.02621377259492874,,,,,,,,,,,
26,,,90639,,,0.04447358474135399,,,,,,,,,,,
26,,,90659,,,0.058172762393951416,,,,,,,,,,,
26,,,90679,,,0.033981554210186005,,,,,,,,,,,
26,,,90699,,,0.055031999945640564,,,,,,,,,,,
26,,,90719,,,0.02250712923705578,,,,,,,,,,,
26,,,90739,,,0.04730159416794777,,,,,,,,,,,
26,,,90759,,,0.01329564955085516,,,,,,,,,,,
26,,,90779,,,0.22748687863349915,,,,,,,,,,,
26,,,90799,,,0.17026707530021667,,,,,,,,,,,
26,,,90819,,,0.006074839271605015,,,,,,,,,,,
26,,,90839,,,0.2161407619714737,,,,,,,,,,,
26,,,90859,,,0.03353419527411461,,,,,,,,,,,
26,,,90879,,,0.02489599399268627,,,,,,,,,,,
26,,,90899,,,0.10822895914316177,,,,,,,,,,,
26,,,90919,,,0.07184217870235443,,,,,,,,,,,
26,,,90939,,,0.017180325463414192,,,,,,,,,,,
26,,,90959,,,0.0004094233154319227,,,,,,,,,,,
26,,,90979,,,0.026752259582281113,,,,,,,,,,,
26,,,90999,,,0.11167759448289871,,,,,,,,,,,
26,,,91019,,,0.1717613786458969,,,,,,,,,,,
26,,,91039,,,0.05920353904366493,,,,,,,,,,,
26,,,91059,,,0.1389036476612091,,,,,,,,,,,
26,,,91079,,,0.1417587846517563,,,,,,,,,,,
26,,,91099,,,0.02400606870651245,,,,,,,,,,,
26,,,91119,,,0.014598053880035877,,,,,,,,,,,
26,,,91139,,,0.009876989759504795,,,,,,,,,,,
26,,,91159,,,0.0074446131475269794,,,,,,,,,,,
26,,,91179,,,0.0004952354356646538,,,,,,,,,,,
26,,,91199,,,0.03142407163977623,,,,,,,,,,,
26,,,91219,,,0.0016528076957911253,,,,,,,,,,,
26,,,91239,,,0.009198340587317944,,,,,,,,,,,
26,,,91259,,,0.06755013018846512,,,,,,,,,,,
26,,,91279,,,0.06621551513671875,,,,,,,,,,,
26,,,91299,,,0.04902239516377449,,,,,,,,,,,
26,,,91319,,,0.05522892251610756,,,,,,,,,,,
26,,,91339,,,0.0015244497917592525,,,,,,,,,,,
26,,,91359,,,0.21044155955314636,,,,,,,,,,,
26,,,91379,,,0.061079252511262894,,,,,,,,,,,
26,,,91399,,,0.0038959793746471405,,,,,,,,,,,
26,,,91419,,,0.09661394357681274,,,,,,,,,,,
26,,,91439,,,0.08818920701742172,,,,,,,,,,,
26,,,91459,,,0.10124213993549347,,,,,,,,,,,
26,,,91479,,,0.10768922418355942,,,,,,,,,,,
26,,,91499,,,0.036086004227399826,,,,,,,,,,,
26,,,91519,,,0.004577381070703268,,,,,,,,,,,
26,,,91539,,,0.07921624183654785,,,,,,,,,,,
26,,,91559,,,0.04514550790190697,,,,,,,,,,,
26,,,91579,,,0.00021228595869615674,,,,,,,,,,,
26,,,91599,,,0.05744696408510208,,,,,,,,,,,
26,,,91619,,,0.05715106055140495,,,,,,,,,,,
26,,,91639,,,0.02078631892800331,,,,,,,,,,,
26,,,91659,,,0.00020211483933962882,,,,,,,,,,,
26,,,91679,,,0.009957128204405308,,,,,,,,,,,
26,,,91699,,,0.00267598545178771,,,,,,,,,,,
26,,,91719,,,0.0013205467257648706,,,,,,,,,,,
26,,,91739,,,0.018537187948822975,,,,,,,,,,,
26,,,91759,,,0.10599371790885925,,,,,,,,,,,
26,,,91779,,,0.0015249958960339427,,,,,,,,,,,
26,,,91799,,,0.13607549667358398,,,,,,,,,,,
26,,,91819,,,0.05695101246237755,,,,,,,,,,,
26,,,91839,,,0.00047359446762129664,,,,,,,,,,,
26,,,91859,,,0.06315316259860992,,,,,,,,,,,
26,,,91879,,,0.04784160852432251,,,,,,,,,,,
26,,,91899,,,0.22615143656730652,,,,,,,,,,,
26,,,91919,,,0.19730621576309204,,,,,,,,,,,
26,,,91939,,,0.0007075231987982988,,,,,,,,,,,
26,,,91959,,,0.022445272654294968,,,,,,,,,,,
26,,,91979,,,0.1636955291032791,,,,,,,,,,,
26,,,91999,,,0.013866851106286049,,,,,,,,,,,
26,,,92019,,,0.06534681469202042,,,,,,,,,,,
26,,,92039,,,0.0011815488105639815,,,,,,,,,,,
26,,,92059,,,0.057443104684352875,,,,,,,,,,,
26,,,92079,,,0.033326178789138794,,,,,,,,,,,
26,,,92099,,,0.09829095005989075,,,,,,,,,,,
26,,,92119,,,0.08620700240135193,,,,,,,,,,,
26,,,92139,,,0.005047894082963467,,,,,,,,,,,
26,,,92159,,,0.09335244446992874,,,,,,,,,,,
26,,,92179,,,0.022448347881436348,,,,,,,,,,,
26,,,92199,,,0.00165669119451195,,,,,,,,,,,
26,,,92219,,,0.04231644049286842,,,,,,,,,,,
26,,,92239,,,0.008653206750750542,,,,,,,,,,,
26,,,92259,,,0.001157290069386363,,,,,,,,,,,
26,,,92279,,,0.3668650686740875,,,,,,,,,,,
26,,,92299,,,0.03233184665441513,,,,,,,,,,,
26,,,92319,,,0.04086838662624359,,,,,,,,,,,
26,,,92339,,,0.02830677479505539,,,,,,,,,,,
26,,,92359,,,0.23590993881225586,,,,,,,,,,,
26,,,92379,,,0.08928389102220535,,,,,,,,,,,
26,,,92399,,,0.14573520421981812,,,,,,,,,,,
26,,,92419,,,0.0766875371336937,,,,,,,,,,,
26,,,92439,,,0.020804034546017647,,,,,,,,,,,
26,,,92459,,,0.12193574011325836,,,,,,,,,,,
26,,,92479,,,0.023367037996649742,,,,,,,,,,,
26,,,92499,,,0.0037259282544255257,,,,,,,,,,,
26,,,92519,,,0.04273524880409241,,,,,,,,,,,
26,,,92539,,,0.06683333218097687,,,,,,,,,,,
26,,,92559,,,0.010631770826876163,,,,,,,,,,,
26,,,92579,,,0.0014717947924509645,,,,,,,,,,,
26,,,92599,,,0.009656361304223537,,,,,,,,,,,
26,,,92619,,,0.0600351020693779,,,,,,,,,,,
26,,,92639,,,0.05165749788284302,,,,,,,,,,,
26,,,92659,,,0.1330299824476242,,,,,,,,,,,
26,,,92679,,,0.10268581658601761,,,,,,,,,,,
26,,,92699,,,0.13594503700733185,,,,,,,,,,,
26,,,92719,,,0.2575768232345581,,,,,,,,,,,
26,,,92739,,,0.035248495638370514,,,,,,,,,,,
26,,,92759,,,0.04348171129822731,,,,,,,,,,,
26,,,92779,,,0.009649594314396381,,,,,,,,,,,
26,,,92799,,,0.00045595067786052823,,,,,,,,,,,
26,,,92819,,,0.0009689513826742768,,,,,,,,,,,
26,,,92839,,,0.15694059431552887,,,,,,,,,,,
26,,,92859,,,0.12684836983680725,,,,,,,,,,,
26,,,92879,,,0.03326934203505516,,,,,,,,,,,
26,,,92899,,,0.002331086667254567,,,,,,,,,,,
26,,,92919,,,0.04752266779541969,,,,,,,,,,,
26,,,92939,,,0.4019428491592407,,,,,,,,,,,
26,,,92959,,,0.135877326130867,,,,,,,,,,,
26,,,92979,,,0.0039015747606754303,,,,,,,,,,,
26,,,92999,,,0.006592249497771263,,,,,,,,,,,
26,,,93019,,,0.02520161122083664,,,,,,,,,,,
26,,,93039,,,0.044583678245544434,,,,,,,,,,,
26,,,93059,,,0.028857499361038208,,,,,,,,,,,
26,,,93079,,,0.1652049422264099,,,,,,,,,,,
26,,,93099,,,0.18554498255252838,,,,,,,,,,,
26,,,93119,,,0.011710084043443203,,,,,,,,,,,
26,,,93139,,,0.012666136026382446,,,,,,,,,,,
26,,,93159,,,0.05120205506682396,,,,,,,,,,,
26,,,93179,,,0.0015650000423192978,,,,,,,,,,,
26,,,93199,,,0.085614413022995,,,,,,,,,,,
26,,,93219,,,0.04204661399126053,,,,,,,,,,,
26,,,93239,,,0.00023730253451503813,,,,,,,,,,,
26,,,93259,,,0.03411836549639702,,,,,,,,,,,
26,,,93279,,,0.004042280837893486,,,,,,,,,,,
26,,,93299,,,0.0006058925064280629,,,,,,,,,,,
26,,,93319,,,0.04489937424659729,,,,,,,,,,,
26,,,93339,,,0.10310667753219604,,,,,,,,,,,
26,,,93359,,,0.02606000006198883,,,,,,,,,,,
26,,,93379,,,0.007697000168263912,,,,,,,,,,,
26,,,93399,,,0.09697883576154709,,,,,,,,,,,
26,,,93419,,,0.23788270354270935,,,,,,,,,,,
26,,,93439,,,0.1166251003742218,,,,,,,,,,,
26,,,93459,,,0.11624731868505478,,,,,,,,,,,
26,,,93479,,,0.000452644337201491,,,,,,,,,,,
26,,,93499,,,0.0020279691088944674,,,,,,,,,,,
26,,,93519,,,0.25565019249916077,,,,,,,,,,,
26,,,93539,,,0.03472471237182617,,,,,,,,,,,
26,,,93559,,,0.1907913237810135,,,,,,,,,,,
26,,,93579,,,0.07349681109189987,,,,,,,,,,,
26,,,93599,,,0.2503884732723236,,,,,,,,,,,
26,,,93619,,,0.029265211895108223,,,,,,,,,,,
26,,,93639,,,0.07429640740156174,,,,,,,,,,,
26,,,93659,,,0.0007228432223200798,,,,,,,,,,,
26,,,93679,,,0.053966037929058075,,,,,,,,,,,
26,,,93699,,,0.047596368938684464,,,,,,,,,,,
26,,,93719,,,0.16960829496383667,,,,,,,,,,,
26,,,93739,,,0.13049063086509705,,,,,,,,,,,
26,,,93759,,,0.044614482671022415,,,,,,,,,,,
26,,,93779,,,0.04176148772239685,,,,,,,,,,,
26,,,93799,,,0.001767445239238441,,,,,,,,,,,
26,,,93819,,,0.01182466559112072,,,,,,,,,,,
26,,,93839,,,0.1889704018831253,,,,,,,,,,,
26,,,93859,,,0.013684972189366817,,,,,,,,,,,
26,,,93879,,,0.04698333144187927,,,,,,,,,,,
26,,,93899,,,0.0011477487860247493,,,,,,,,,,,
26,,,93919,,,0.07692848891019821,,,,,,,,,,,
26,,,93939,,,0.16840168833732605,,,,,,,,,,,
26,,,93959,,,0.17835983633995056,,,,,,,,,,,
26,,,93979,,,0.3458736836910248,,,,,,,,,,,
26,,,93999,,,0.007077437825500965,,,,,,,,,,,
26,,,94013,,,,0.643060564994812,0.8670405149459839,0.6553772687911987,3.0921685695648193,0.700732946395874,0.5912728905677795,0.705369234085083,0.6637835502624512,0.7540134191513062,0.6797655820846558,0.643060564994812
26,,,94013,0.975023627281189,0.0691189095377922,,,,,,,,,,,,
,0.00025133853114234905,0.00025133853114234905,94014,,,,,,,,,,,,,,
27,,,94019,,,0.061301663517951965,,,,,,,,,,,
27,,,94039,,,0.02105763554573059,,,,,,,,,,,
27,,,94059,,,0.000532963895238936,,,,,,,,,,,
27,,,94079,,,0.25019124150276184,,,,,,,,,,,
27,,,94099,,,0.027262233197689056,,,,,,,,,,,
27,,,94119,,,0.07461957633495331,,,,,,,,,,,
27,,,94139,,,0.08389531075954437,,,,,,,,,,,
27,,,94159,,,0.05145084857940674,,,,,,,,,,,
27,,,94179,,,0.0005094488733448088,,,,,,,,,,,
27,,,94199,,,0.010582194663584232,,,,,,,,,,,
27,,,94219,,,0.24766579270362854,,,,,,,,,,,
27,,,94239,,,0.00040235230699181557,,,,,,,,,,,
27,,,94259,,,0.01623385027050972,,,,,,,,,,,
27,,,94279,,,0.06465422362089157,,,,,,,,,,,
27,,,94299,,,0.003160896711051464,,,,,,,,,,,
27,,,94319,,,0.17429900169372559,,,,,,,,,,,
27,,,94339,,,0.09713725000619888,,,,,,,,,,,
27,,,94359,,,0.03202465549111366,,,,,,,,,,,
27,,,94379,,,0.0004171461332589388,,,,,,,,,,,
27,,,94399,,,0.003302272642031312,,,,,,,,,,,
27,,,94419,,,0.046757183969020844,,,,,,,,,,,
27,,,94439,,,0.0711621418595314,,,,,,,,,,,
27,,,94459,,,0.33442002534866333,,,,,,,,,,,
27,,,94479,,,0.07385551929473877,,,,,,,,,,,
27,,,94499,,,0.17484287917613983,,,,,,,,,,,
27,,,94519,,,0.1736743152141571,,,,,,,,,,,
27,,,94539,,,0.0824229046702385,,,,,,,,,,,
27,,,94559,,,0.0017145790625363588,,,,,,,,,,,
27,,,94579,,,0.023127859458327293,,,,,,,,,,,
27,,,94599,,,0.12749263644218445,,,,,,,,,,,
27,,,94619,,,0.0024289246648550034,,,,,,,,,,,
27,,,94639,,,0.1494310051202774,,,,,,,,,,,
27,,,94659,,,0.001877924194559455,,,,,,,,,,,
27,,,94679,,,0.12687385082244873,,,,,,,,,,,
27,,,94699,,,0.1259932518005371,,,,,,,,,,,
27,,,94719,,,0.05095217376947403,,,,,,,,,,,
27,,,94739,,,0.00028882265905849636,,,,,,,,,,,
27,,,94759,,,0.00335191423073411,,,,,,,,,,,
27,,,94779,,,0.2772146165370941,,,,,,,,,,,
27,,,94799,,,0.0008045270224101841,,,,,,,,,,,
27,,,94819,,,0.1616717278957367,,,,,,,,,,,
27,,,94839,,,0.2610011696815491,,,,,,,,,,,
27,,,94859,,,0.10787849128246307,,,,,,,,,,,
27,,,94879,,,0.01948413997888565,,,,,,,,,,,
27,,,94899,,,0.08724476397037506,,,,,,,,,,,
27,,,94919,,,0.00277002458460629,,,,,,,,,,,
27,,,94939,,,0.054233815521001816,,,,,,,,,,,
27,,,94959,,,0.0008853048784658313,,,,,,,,,,,
27,,,94979,,,0.10448990017175674,,,,,,,,,,,
27,,,94999,,,0.012966098263859749,,,,,,,,,,,
27,,,95019,,,0.1609339714050293,,,,,,,,,,,
27,,,95039,,,0.0004815988359041512,,,,,,,,,,,
27,,,95059,,,0.07821791619062424,,,,,,,,,,,
27,,,95079,,,0.05268767476081848,,,,,,,,,,,
27,,,95099,,,0.02499428018927574,,,,,,,,,,,
27,,,95119,,,0.0009257745696231723,,,,,,,,,,,
27,,,95139,,,0.12888029217720032,,,,,,,,,,,
27,,,95159,,,0.0831359252333641,,,,,,,,,,,
27,,,95179,,,0.002756047062575817,,,,,,,,,,,
27,,,95199,,,0.021494578570127487,,,,,,,,,,,
27,,,95219,,,0.220327690243721,,,,,,,,,,,
27,,,95239,,,0.003963238559663296,,,,,,,,,,,
27,,,95259,,,0.04943959787487984,,,,,,,,,,,
27,,,95279,,,0.2033151388168335,,,,,,,,,,,
27,,,95299,,,0.012701286002993584,,,,,,,,,,,
27,,,95319,,,0.08142472058534622,,,,,,,,,,,
27,,,95339,,,0.08229535073041916,,,,,,,,,,,
27,,,95359,,,0.034384869039058685,,,,,,,,,,,
27,,,95379,,,0.012481236830353737,,,,,,,,,,,
27,,,95399,,,0.07509457319974899,,,,,,,,,,,
27,,,95419,,,0.10361850261688232,,,,,,,,,,,
27,,,95439,,,0.07924217730760574,,,,,,,,,,,
27,,,95459,,,0.016112828627228737,,,,,,,,,,,
27,,,95479,,,0.17778757214546204,,,,,,,,,,,
27,,,95499,,,0.01055583730340004,,,,,,,,,,,
27,,,95519,,,0.13993507623672485,,,,,,,,,,,
27,,,95539,,,0.03731604292988777,,,,,,,,,,,
27,,,95559,,,0.10222504287958145,,,,,,,,,,,
27,,,95579,,,0.010839346796274185,,,,,,,,,,,
27,,,95599,,,0.018703224137425423,,,,,,,,,,,
27,,,95619,,,0.11768337339162827,,,,,,,,,,,
27,,,95639,,,0.22907426953315735,,,,,,,,,,,
27,,,95659,,,0.2668303847312927,,,,,,,,,,,
27,,,95679,,,0.0730532854795456,,,,,,,,,,,
27,,,95699,,,0.0259990431368351,,,,,,,,,,,
27,,,95719,,,0.16371583938598633,,,,,,,,,,,
27,,,95739,,,0.008787093684077263,,,,,,,,,,,
27,,,95759,,,0.025371501222252846,,,,,,,,,,,
27,,,95779,,,0.0044040558859705925,,,,,,,,,,,
27,,,95799,,,0.12765830755233765,,,,,,,,,,,
27,,,95819,,,0.031152209267020226,,,,,,,,,,,
27,,,95839,,,0.013878345489501953,,,,,,,,,,,
27,,,95859,,,0.13444465398788452,,,,,,,,,,,
27,,,95879,,,0.020566735416650772,,,,,,,,,,,
27,,,95899,,,0.03496279940009117,,,,,,,,,,,
27,,,95919,,,0.07841788232326508,,,,,,,,,,,
27,,,95939,,,0.03472118079662323,,,,,,,,,,,
27,,,95959,,,0.19107089936733246,,,,,,,,,,,
27,,,95979,,,0.0005321167991496623,,,,,,,,,,,
27,,,95999,,,0.002703256905078888,,,,,,,,,,,
27,,,96019,,,0.07641159743070602,,,,,,,,,,,
27,,,96039,,,0.022239692509174347,,,,,,,,,,,
27,,,96059,,,0.023189136758446693,,,,,,,,,,,
27,,,96079,,,0.021911190822720528,,,,,,,,,,,
27,,,96099,,,0.0161866657435894,,,,,,,,,,,
27,,,96119,,,0.009776484221220016,,,,,,,,,,,
27,,,96139,,,0.08095239102840424,,,,,,,,,,,
27,,,96159,,,0.0005537200486287475,,,,,,,,,,,
27,,,96179,,,0.005412868689745665,,,,,,,,,,,
27,,,96199,,,0.019245747476816177,,,,,,,,,,,
27,,,96219,,,0.030728980898857117,,,,,,,,,,,
27,,,96239,,,0.0007729599019512534,,,,,,,,,,,
27,,,96259,,,0.09051161259412766,,,,,,,,,,,
27,,,96279,,,0.33502131700515747,,,,,,,,,,,
27,,,96299,,,0.006665775086730719,,,,,,,,,,,
27,,,96319,,,0.2254941165447235,,,,,,,,,,,
27,,,96339,,,0.004750966094434261,,,,,,,,,,,
27,,,96359,,,0.006823556497693062,,,,,,,,,,,
27,,,96379,,,0.1591411530971527,,,,,,,,,,,
27,,,96399,,,0.06857609003782272,,,,,,,,,,,
27,,,96419,,,0.09117744863033295,,,,,,,,,,,
27,,,96439,,,0.0198083333671093,,,,,,,,,,,
27,,,96459,,,0.011750834994018078,,,,,,,,,,,
27,,,96479,,,0.09274570643901825,,,,,,,,,,,
27,,,96499,,,0.032557982951402664,,,,,,,,,,,
27,,,96519,,,0.000857651699334383,,,,,,,,,,,
27,,,96539,,,0.0037853457033634186,,,,,,,,,,,
27,,,96559,,,0.03316391259431839,,,,,,,,,,,
27,,,96579,,,0.021578343585133553,,,,,,,,,,,
27,,,96599,,,0.18348465859889984,,,,,,,,,,,
27,,,96619,,,0.0027590563986450434,,,,,,,,,,,
27,,,96639,,,0.090107262134552,,,,,,,,,,,
27,,,96659,,,0.09281948208808899,,,,,,,,,,,
27,,,96679,,,0.03733433410525322,,,,,,,,,,,
27,,,96699,,,0.010113856755197048,,,,,,,,,,,
27,,,96719,,,0.3721705675125122,,,,,,,,,,,
27,,,96739,,,0.038643978536129,,,,,,,,,,,
27,,,96759,,,0.0019963118247687817,,,,,,,,,,,
27,,,96779,,,0.19295507669448853,,,,,,,,,,,
27,,,96799,,,0.010108405724167824,,,,,,,,,,,
27,,,96819,,,0.12679362297058105,,,,,,,,,,,
27,,,96839,,,0.05091084539890289,,,,,,,,,,,
27,,,96859,,,0.1192152202129364,,,,,,,,,,,
27,,,96879,,,0.10806012153625488,,,,,,,,,,,
27,,,96899,,,0.03716413304209709,,,,,,,,,,,
27,,,96919,,,0.0026849054265767336,,,,,,,,,,,
27,,,96939,,,0.06958868354558945,,,,,,,,,,,
27,,,96959,,,0.0009841225109994411,,,,,,,,,,,
27,,,96979,,,0.32414180040359497,,,,,,,,,,,
27,,,96999,,,0.06127699837088585,,,,,,,,,,,
27,,,97019,,,0.0025050509721040726,,,,,,,,,,,
27,,,97039,,,0.05184542015194893,,,,,,,,,,,
27,,,97059,,,0.004269391298294067,,,,,,,,,,,
27,,,97079,,,0.0033696088939905167,,,,,,,,,,,
27,,,97099,,,0.25941312313079834,,,,,,,,,,,
27,,,97119,,,0.013365544378757477,,,,,,,,,,,
27,,,97139,,,0.05486232042312622,,,,,,,,,,,
27,,,97159,,,0.0012465153122320771,,,,,,,,,,,
27,,,97179,,,0.0037997011095285416,,,,,,,,,,,
27,,,97199,,,0.17727278172969818,,,,,,,,,,,
27,,,97219,,,0.01916966587305069,,,,,,,,,,,
27,,,97239,,,0.0029478822834789753,,,,,,,,,,,
27,,,97259,,,0.0018235878087580204,,,,,,,,,,,
27,,,97279,,,0.036890700459480286,,,,,,,,,,,
27,,,97299,,,0.0017919674282893538,,,,,,,,,,,
27,,,97319,,,0.08053682744503021,,,,,,,,,,,
27,,,97339,,,0.050049010664224625,,,,,,,,,,,
27,,,97359,,,0.034544385969638824,,,,,,,,,,,
27,,,97379,,,0.07241570949554443,,,,,,,,,,,
27,,,97399,,,0.23046055436134338,,,,,,,,,,,
27,,,97419,,,0.0025097315665334463,,,,,,,,,,,
27,,,97439,,,0.007560499012470245,,,,,,,,,,,
27,,,97459,,,0.023775344714522362,,,,,,,,,,,
27,,,97479,,,0.10117986053228378,,,,,,,,,,,
27,,,97495,,,,0.6159368753433228,0.8503590822219849,0.6282891631126404,2.9978227615356445,0.6714866161346436,0.5489063858985901,0.6307902932167053,0.6777777671813965,0.7108336091041565,0.6665446758270264,0.6159368753433228
27,,,97495,0.974906861782074,0.06920348107814789,,,,,,,,,,,,
,0.0002464181414529809,0.0002464181414529809,97496,,,,,,,,,,,,,,
28,,,97499,,,0.23185747861862183,,,,,,,,,,,
28,,,97519,,,0.2890778183937073,,,,,,,,,,,
28,,,97539,,,0.2763086259365082,,,,,,,,,,,
28,,,97559,,,0.02911839820444584,,,,,,,,,,,
28,,,97579,,,0.04838196188211441,,,,,,,,,,,
28,,,97599,,,0.19219161570072174,,,,,,,,,,,
28,,,97619,,,0.0669286921620369,,,,,,,,,,,
28,,,97639,,,0.0289885513484478,,,,,,,,,,,
28,,,97659,,,0.2302553951740265,,,,,,,,,,,
28,,,97679,,,0.016964703798294067,,,,,,,,,,,
28,,,97699,,,0.10282595455646515,,,,,,,,,,,
28,,,97719,,,0.06111927330493927,,,,,,,,,,,
28,,,97739,,,0.010883740149438381,,,,,,,,,,,
28,,,97759,,,0.008224648423492908,,,,,,,,,,,
28,,,97779,,,0.17300227284431458,,,,,,,,,,,
28,,,97799,,,0.5533716678619385,,,,,,,,,,,
28,,,97819,,,0.03972021862864494,,,,,,,,,,,
28,,,97839,,,0.00032893905881792307,,,,,,,,,,,
28,,,97859,,,0.0125096645206213,,,,,,,,,,,
28,,,97879,,,0.001652957871556282,,,,,,,,,,,
28,,,97899,,,0.002561441855505109,,,,,,,,,,,
28,,,97919,,,0.012141983956098557,,,,,,,,,,,
28,,,97939,,,0.0031628527212888002,,,,,,,,,,,
28,,,97959,,,0.029884181916713715,,,,,,,,,,,
28,,,97979,,,0.01042843610048294,,,,,,,,,,,
28,,,97999,,,0.023888565599918365,,,,,,,,,,,
28,,,98019,,,0.07865273952484131,,,,,,,,,,,
28,,,98039,,,0.007453833241015673,,,,,,,,,,,
28,,,98059,,,0.0632883757352829,,,,,,,,,,,
28,,,98079,,,0.006434915587306023,,,,,,,,,,,
28,,,98099,,,0.08762956410646439,,,,,,,,,,,
28,,,98119,,,0.01804177463054657,,,,,,,,,,,
28,,,98139,,,0.006499740295112133,,,,,,,,,,,
28,,,98159,,,0.10912836343050003,,,,,,,,,,,
28,,,98179,,,0.001860561897046864,,,,,,,,,,,
28,,,98199,,,0.03162967786192894,,,,,,,,,,,
28,,,98219,,,0.28501608967781067,,,,,,,,,,,
28,,,98239,,,0.16353513300418854,,,,,,,,,,,
28,,,98259,,,0.0032278255093842745,,,,,,,,,,,
28,,,98279,,,0.010321599431335926,,,,,,,,,,,
28,,,98299,,,0.1689567118883133,,,,,,,,,,,
28,,,98319,,,0.008641992695629597,,,,,,,,,,,
28,,,98339,,,0.05126849189400673,,,,,,,,,,,
28,,,98359,,,0.007880454882979393,,,,,,,,,,,
28,,,98379,,,0.0053447335958480835,,,,,,,,,,,
28,,,98399,,,0.5405995845794678,,,,,,,,,,,
28,,,98419,,,0.01655363291501999,,,,,,,,,,,
28,,,98439,,,0.008514096029102802,,,,,,,,,,,
28,,,98459,,,0.002516933949664235,,,,,,,,,,,
28,,,98479,,,0.0030550032388418913,,,,,,,,,,,
28,,,98499,,,0.0356304831802845,,,,,,,,,,,
28,,,98519,,,0.01984085515141487,,,,,,,,,,,
28,,,98539,,,0.01890740729868412,,,,,,,,,,,
28,,,98559,,,0.03101247362792492,,,,,,,,,,,
28,,,98579,,,0.08468255400657654,,,,,,,,,,,
28,,,98599,,,0.003663466079160571,,,,,,,,,,,
28,,,98619,,,0.009180894121527672,,,,,,,,,,,
28,,,98639,,,0.17556223273277283,,,,,,,,,,,
28,,,98659,,,0.07679799944162369,,,,,,,,,,,
28,,,98679,,,0.09242695569992065,,,,,,,,,,,
28,,,98699,,,0.0002630572416819632,,,,,,,,,,,
28,,,98719,,,0.0003469139919616282,,,,,,,,,,,
28,,,98739,,,0.001812501111999154,,,,,,,,,,,
28,,,98759,,,0.138645738363266,,,,,,,,,,,
28,,,98779,,,0.10777223855257034,,,,,,,,,,,
28,,,98799,,,0.01049648504704237,,,,,,,,,,,
28,,,98819,,,0.1265011578798294,,,,,,,,,,,
28,,,98839,,,0.009480666369199753,,,,,,,,,,,
28,,,98859,,,0.05449720472097397,,,,,,,,,,,
28,,,98879,,,0.023397820070385933,,,,,,,,,,,
28,,,98899,,,0.010888746939599514,,,,,,,,,,,
28,,,98919,,,0.12385015189647675,,,,,,,,,,,
28,,,98939,,,0.10751378536224365,,,,,,,,,,,
28,,,98959,,,0.07425007969141006,,,,,,,,,,,
28,,,98979,,,0.08159127086400986,,,,,,,,,,,
28,,,98999,,,0.014202444814145565,,,,,,,,,,,
28,,,99019,,,0.0013672469649463892,,,,,,,,,,,
28,,,99039,,,0.006718098185956478,,,,,,,,,,,
28,,,99059,,,0.00962301716208458,,,,,,,,,,,
28,,,99079,,,0.034702952951192856,,,,,,,,,,,
28,,,99099,,,0.0015231084544211626,,,,,,,,,,,
28,,,99119,,,0.10280761867761612,,,,,,,,,,,
28,,,99139,,,0.0002692353446036577,,,,,,,,,,,
28,,,99159,,,0.0012760789832100272,,,,,,,,,,,
28,,,99179,,,0.00043862906750291586,,,,,,,,,,,
28,,,99199,,,0.005060267634689808,,,,,,,,,,,
28,,,99219,,,0.06295817345380783,,,,,,,,,,,
28,,,99239,,,0.016764186322689056,,,,,,,,,,,
28,,,99259,,,0.0074249450117349625,,,,,,,,,,,
28,,,99279,,,0.003140481188893318,,,,,,,,,,,
28,,,99299,,,0.22830815613269806,,,,,,,,,,,
28,,,99319,,,0.011019531637430191,,,,,,,,,,,
28,,,99339,,,0.236532062292099,,,,,,,,,,,
28,,,99359,,,0.0015231611905619502,,,,,,,,,,,
28,,,99379,,,0.00610738480463624,,,,,,,,,,,
28,,,99399,,,0.01710294745862484,,,,,,,,,,,
28,,,99419,,,0.02755679562687874,,,,,,,,,,,
28,,,99439,,,0.001107136602513492,,,,,,,,,,,
28,,,99459,,,0.00843055173754692,,,,,,,,,,,
28,,,99479,,,0.04812207072973251,,,,,,,,,,,
28,,,99499,,,0.010452348738908768,,,,,,,,,,,
28,,,99519,,,0.20463481545448303,,,,,,,,,,,
28,,,99539,,,0.002242101589217782,,,,,,,,,,,
28,,,99559,,,0.21324484050273895,,,,,,,,,,,
28,,,99579,,,0.000807714881375432,,,,,,,,,,,
28,,,99599,,,0.09275785833597183,,,,,,,,,,,
28,,,99619,,,0.01330472994595766,,,,,,,,,,,
28,,,99639,,,0.01806006208062172,,,,,,,,,,,
28,,,99659,,,0.04583306238055229,,,,,,,,,,,
28,,,99679,,,0.11477166414260864,,,,,,,,,,,
28,,,99699,,,0.31094539165496826,,,,,,,,,,,
28,,,99719,,,0.05222510173916817,,,,,,,,,,,
28,,,99739,,,0.0013177597429603338,,,,,,,,,,,
28,,,99759,,,0.0002840705565176904,,,,,,,,,,,
28,,,99779,,,0.00037147142575122416,,,,,,,,,,,
28,,,99799,,,0.00910017266869545,,,,,,,,,,,
28,,,99819,,,0.08835870772600174,,,,,,,,,,,
28,,,99839,,,0.00021319619554560632,,,,,,,,,,,
28,,,99859,,,0.18144793808460236,,,,,,,,,,,
28,,,99879,,,0.256069540977478,,,,,,,,,,,
28,,,99899,,,0.07793616503477097,,,,,,,,,,,
28,,,99919,,,0.039034098386764526,,,,,,,,,,,
28,,,99939,,,0.0014675376005470753,,,,,,,,,,,
28,,,99959,,,0.0045144567266106606,,,,,,,,,,,
28,,,99979,,,0.05061269551515579,,,,,,,,,,,
28,,,99999,,,0.03027736395597458,,,,,,,,,,,
28,,,100019,,,0.00042428303277119994,,,,,,,,,,,
28,,,100039,,,0.016172701492905617,,,,,,,,,,,
28,,,100059,,,0.003071410581469536,,,,,,,,,,,
28,,,100079,,,0.006558770313858986,,,,,,,,,,,
28,,,100099,,,0.003317443421110511,,,,,,,,,,,
28,,,100119,,,0.6759646534919739,,,,,,,,,,,
28,,,100139,,,0.09430906176567078,,,,,,,,,,,
28,,,100159,,,0.0012304210104048252,,,,,,,,,,,
28,,,100179,,,0.0029291948303580284,,,,,,,,,,,
28,,,100199,,,0.003918467555195093,,,,,,,,,,,
28,,,100219,,,0.0624639056622982,,,,,,,,,,,
28,,,100239,,,0.0030663541983813047,,,,,,,,,,,
28,,,100259,,,0.037764012813568115,,,,,,,,,,,
28,,,100279,,,0.06457293033599854,,,,,,,,,,,
28,,,100299,,,0.17575648427009583,,,,,,,,,,,
28,,,100319,,,0.10806678980588913,,,,,,,,,,,
28,,,100339,,,0.07374546676874161,,,,,,,,,,,
28,,,100359,,,0.002609877847135067,,,,,,,,,,,
28,,,100379,,,0.10119486600160599,,,,,,,,,,,
28,,,100399,,,0.14102815091609955,,,,,,,,,,,
28,,,100419,,,0.005270926281809807,,,,,,,,,,,
28,,,100439,,,0.032540708780288696,,,,,,,,,,,
28,,,100459,,,0.05166563391685486,,,,,,,,,,,
28,,,100479,,,0.28846636414527893,,,,,,,,,,,
28,,,100499,,,0.07353775948286057,,,,,,,,,,,
28,,,100519,,,0.05282489210367203,,,,,,,,,,,
28,,,100539,,,0.03756605461239815,,,,,,,,,,,
28,,,100559,,,0.040252506732940674,,,,,,,,,,,
28,,,100579,,,0.010774210095405579,,,,,,,,,,,
28,,,100599,,,0.0015784860588610172,,,,,,,,,,,
28,,,100619,,,0.00312156998552382,,,,,,,,,,,
28,,,100639,,,0.024308830499649048,,,,,,,,,,,
28,,,100659,,,0.03535405546426773,,,,,,,,,,,
28,,,100679,,,0.16867685317993164,,,,,,,,,,,
28,,,100699,,,0.2712268829345703,,,,,,,,,,,
28,,,100719,,,0.1475171148777008,,,,,,,,,,,
28,,,100739,,,0.641785740852356,,,,,,,,,,,
28,,,100759,,,0.08276983350515366,,,,,,,,,,,
28,,,100779,,,0.27314236760139465,,,,,,,,,,,
28,,,100799,,,0.06792314350605011,,,,,,,,,,,
28,,,100819,,,0.015336316078901291,,,,,,,,,,,
28,,,100839,,,0.05856980383396149,,,,,,,,,,,
28,,,100859,,,0.12069829553365707,,,,,,,,,,,
28,,,100879,,,0.22865241765975952,,,,,,,,,,,
28,,,100899,,,0.04565255343914032,,,,,,,,,,,
28,,,100919,,,0.25625962018966675,,,,,,,,,,,
28,,,100939,,,0.010908904485404491,,,,,,,,,,,
28,,,100959,,,0.016443243250250816,,,,,,,,,,,
28,,,100977,,,,0.6218781471252441,0.8439288139343262,0.6296548843383789,3.8043324947357178,0.6778885722160339,0.5787798166275024,0.7309629321098328,0.6229283213615417,0.7804179191589355,0.5772450566291809,0.6218781471252441
28,,,100977,0.9757366180419922,0.06837889552116394,,,,,,,,,,,,
,0.00024131421435130807,0.00024131421435130807,100978,,,,,,,,,,,,,,
29,,,100979,,,0.23367805778980255,,,,,,,,,,,
29,,,100999,,,0.0010370435193181038,,,,,,,,,,,
29,,,101019,,,0.1460326761007309,,,,,,,,,,,
29,,,101039,,,0.03588205575942993,,,,,,,,,,,
29,,,101059,,,0.0064577385783195496,,,,,,,,,,,
29,,,101079,,,0.00023641728330403566,,,,,,,,,,,
29,,,101099,,,0.09988266229629517,,,,,,,,,,,
29,,,101119,,,0.03390039503574371,,,,,,,,,,,
29,,,101139,,,0.07579665631055832,,,,,,,,,,,
29,,,101159,,,0.029775375500321388,,,,,,,,,,,
29,,,101179,,,0.1982942819595337,,,,,,,,,,,
29,,,101199,,,0.19455216825008392,,,,,,,,,,,
29,,,101219,,,0.0009380113333463669,,,,,,,,,,,
29,,,101239,,,0.001685868832282722,,,,,,,,,,,
29,,,101259,,,0.014967186376452446,,,,,,,,,,,
29,,,101279,,,0.022482458502054214,,,,,,,,,,,
29,,,101299,,,0.0003187974216416478,,,,,,,,,,,
29,,,101319,,,0.0028588040731847286,,,,,,,,,,,
29,,,101339,,,0.0005718613392673433,,,,,,,,,,,
29,,,101359,,,0.11341200023889542,,,,,,,,,,,
29,,,101379,,,0.013621838763356209,,,,,,,,,,,
29,,,101399,,,0.029828790575265884,,,,,,,,,,,
29,,,101419,,,0.030303221195936203,,,,,,,,,,,
29,,,101439,,,0.0025487691164016724,,,,,,,,,,,
29,,,101459,,,0.005231795832514763,,,,,,,,,,,
29,,,101479,,,0.08473272621631622,,,,,,,,,,,
29,,,101499,,,0.10314714908599854,,,,,,,,,,,
29,,,101519,,,0.1434471607208252,,,,,,,,,,,
29,,,101539,,,0.00960985291749239,,,,,,,,,,,
29,,,101559,,,0.08937586098909378,,,,,,,,,,,
29,,,101579,,,0.0644693598151207,,,,,,,,,,,
29,,,101599,,,0.09574570506811142,,,,,,,,,,,
29,,,101619,,,0.004369485192000866,,,,,,,,,,,
29,,,101639,,,0.04913537949323654,,,,,,,,,,,
29,,,101659,,,0.09510783851146698,,,,,,,,,,,
29,,,101679,,,0.22783248126506805,,,,,,,,,,,
29,,,101699,,,0.06913138180971146,,,,,,,,,,,
29,,,101719,,,0.009472765028476715,,,,,,,,,,,
29,,,101739,,,0.009069223888218403,,,,,,,,,,,
29,,,101759,,,0.07510869950056076,,,,,,,,,,,
29,,,101779,,,0.0024922615848481655,,,,,,,,,,,
29,,,101799,,,0.051566995680332184,,,,,,,,,,,
29,,,101819,,,0.07083449512720108,,,,,,,,,,,
29,,,101839,,,0.015265374444425106,,,,,,,,,,,
29,,,101859,,,0.0006405106978490949,,,,,,,,,,,
29,,,101879,,,0.020546941086649895,,,,,,,,,,,
29,,,101899,,,0.06615518778562546,,,,,,,,,,,
29,,,101919,,,0.005139184650033712,,,,,,,,,,,
29,,,101939,,,0.1478065848350525,,,,,,,,,,,
29,,,101959,,,0.004594023339450359,,,,,,,,,,,
29,,,101979,,,0.0660165473818779,,,,,,,,,,,
29,,,101999,,,0.04851771891117096,,,,,,,,,,,
29,,,102019,,,0.005186627618968487,,,,,,,,,,,
29,,,102039,,,0.00022756439284421504,,,,,,,,,,,
29,,,102059,,,0.0027262310031801462,,,,,,,,,,,
29,,,102079,,,0.0697179064154625,,,,,,,,,,,
29,,,102099,,,0.12516218423843384,,,,,,,,,,,
29,,,102119,,,0.2608906924724579,,,,,,,,,,,
29,,,102139,,,0.08434376120567322,,,,,,,,,,,
29,,,102159,,,0.013070513494312763,,,,,,,,,,,
29,,,102179,,,0.017517004162073135,,,,,,,,,,,
29,,,102199,,,0.001206402201205492,,,,,,,,,,,
29,,,102219,,,0.0032902760431170464,,,,,,,,,,,
29,,,102239,,,0.07337263226509094,,,,,,,,,,,
29,,,102259,,,0.3009396195411682,,,,,,,,,,,
29,,,102279,,,0.12529557943344116,,,,,,,,,,,
29,,,102299,,,0.026511983945965767,,,,,,,,,,,
29,,,102319,,,0.0020823287777602673,,,,,,,,,,,
29,,,102339,,,0.058761220425367355,,,,,,,,,,,
29,,,102359,,,0.08006154745817184,,,,,,,,,,,
29,,,102379,,,0.00023537964443676174,,,,,,,,,,,
29,,,102399,,,0.05863600969314575,,,,,,,,,,,
29,,,102419,,,0.14557945728302002,,,,,,,,,,,
29,,,102439,,,0.05743056535720825,,,,,,,,,,,
29,,,102459,,,0.01587589457631111,,,,,,,,,,,
29,,,102479,,,0.09272470325231552,,,,,,,,,,,
29,,,102499,,,0.05527991056442261,,,,,,,,,,,
29,,,102519,,,0.039593666791915894,,,,,,,,,,,
29,,,102539,,,0.0008007797296158969,,,,,,,,,,,
29,,,102559,,,0.00954408012330532,,,,,,,,,,,
29,,,102579,,,0.12167581915855408,,,,,,,,,,,
29,,,102599,,,0.010947457514703274,,,,,,,,,,,
29,,,102619,,,0.014123662374913692,,,,,,,,,,,
29,,,102639,,,0.0331185981631279,,,,,,,,,,,
29,,,102659,,,0.008813474327325821,,,,,,,,,,,
29,,,102679,,,0.007746592164039612,,,,,,,,,,,
29,,,102699,,,0.005529666319489479,,,,,,,,,,,
29,,,102719,,,0.00027698074700310826,,,,,,,,,,,
29,,,102739,,,0.0016139078652486205,,,,,,,,,,,
29,,,102759,,,0.10234358161687851,,,,,,,,,,,
29,,,102779,,,0.0028676693327724934,,,,,,,,,,,
29,,,102799,,,0.0012277071364223957,,,,,,,,,,,
29,,,102819,,,0.03897707536816597,,,,,,,,,,,
29,,,102839,,,0.035164788365364075,,,,,,,,,,,
29,,,102859,,,0.0012057023122906685,,,,,,,,,,,
29,,,102879,,,0.00842799711972475,,,,,,,,,,,
29,,,102899,,,5.9500758652575314e-05,,,,,,,,,,,
29,,,102919,,,0.2968136668205261,,,,,,,,,,,
29,,,102939,,,0.14139218628406525,,,,,,,,,,,
29,,,102959,,,0.11866780370473862,,,,,,,,,,,
29,,,102979,,,0.11275596171617508,,,,,,,,,,,
29,,,102999,,,0.05152764916419983,,,,,,,,,,,
29,,,103019,,,0.00907306931912899,,,,,,,,,,,
29,,,103039,,,0.0002374508767388761,,,,,,,,,,,
29,,,103059,,,0.041933394968509674,,,,,,,,,,,
29,,,103079,,,0.009737960994243622,,,,,,,,,,,
29,,,103099,,,0.0900927186012268,,,,,,,,,,,
29,,,103119,,,0.05457817390561104,,,,,,,,,,,
29,,,103139,,,0.09088775515556335,,,,,,,,,,,
29,,,103159,,,0.003593247849494219,,,,,,,,,,,
29,,,103179,,,0.04103856906294823,,,,,,,,,,,
29,,,103199,,,0.045245762914419174,,,,,,,,,,,
29,,,103219,,,0.0009169095428660512,,,,,,,,,,,
29,,,103239,,,0.004984772764146328,,,,,,,,,,,
29,,,103259,,,0.006847972050309181,,,,,,,,,,,
29,,,103279,,,0.07100524008274078,,,,,,,,,,,
29,,,103299,,,0.08324655145406723,,,,,,,,,,,
29,,,103319,,,0.1358902007341385,,,,,,,,,,,
29,,,103339,,,0.008288648910820484,,,,,,,,,,,
29,,,103359,,,0.0019343160092830658,,,,,,,,,,,
29,,,103379,,,0.00033656100276857615,,,,,,,,,,,
29,,,103399,,,0.06898079067468643,,,,,,,,,,,
29,,,103419,,,0.008169911801815033,,,,,,,,,,,
29,,,103439,,,0.1388176828622818,,,,,,,,,,,
29,,,103459,,,0.12333633750677109,,,,,,,,,,,
29,,,103479,,,0.00418005371466279,,,,,,,,,,,
29,,,103499,,,0.0889241099357605,,,,,,,,,,,
29,,,103519,,,0.1529010832309723,,,,,,,,,,,
29,,,103539,,,0.043405819684267044,,,,,,,,,,,
29,,,103559,,,0.07014881074428558,,,,,,,,,,,
29,,,103579,,,0.24848656356334686,,,,,,,,,,,
29,,,103599,,,0.03961599990725517,,,,,,,,,,,
29,,,103619,,,0.07767853140830994,,,,,,,,,,,
29,,,103639,,,0.00798883754760027,,,,,,,,,,,
29,,,103659,,,0.03966076672077179,,,,,,,,,,,
29,,,103679,,,0.014356978237628937,,,,,,,,,,,
29,,,103699,,,0.10652077198028564,,,,,,,,,,,
29,,,103719,,,0.006204964127391577,,,,,,,,,,,
29,,,103739,,,0.007281675934791565,,,,,,,,,,,
29,,,103759,,,0.0028533507138490677,,,,,,,,,,,
29,,,103779,,,0.02100049890577793,,,,,,,,,,,
29,,,103799,,,0.03140149265527725,,,,,,,,,,,
29,,,103819,,,0.00967250857502222,,,,,,,,,,,
29,,,103839,,,0.0005953253712505102,,,,,,,,,,,
29,,,103859,,,0.2578394412994385,,,,,,,,,,,
29,,,103879,,,0.1426205039024353,,,,,,,,,,,
29,,,103899,,,0.014631949365139008,,,,,,,,,,,
29,,,103919,,,0.007341551128774881,,,,,,,,,,,
29,,,103939,,,0.007297491654753685,,,,,,,,,,,
29,,,103959,,,0.09411031007766724,,,,,,,,,,,
29,,,103979,,,0.0007503244560211897,,,,,,,,,,,
29,,,103999,,,0.035714782774448395,,,,,,,,,,,
29,,,104019,,,0.0010138486977666616,,,,,,,,,,,
29,,,104039,,,0.006714871618896723,,,,,,,,,,,
29,,,104059,,,0.16709080338478088,,,,,,,,,,,
29,,,104079,,,0.04743804410099983,,,,,,,,,,,
29,,,104099,,,0.012357034720480442,,,,,,,,,,,
29,,,104119,,,0.015122737735509872,,,,,,,,,,,
29,,,104139,,,0.08473171293735504,,,,,,,,,,,
29,,,104159,,,0.3823125660419464,,,,,,,,,,,
29,,,104179,,,0.03569917753338814,,,,,,,,,,,
29,,,104199,,,0.1087181344628334,,,,,,,,,,,
29,,,104219,,,0.1856621503829956,,,,,,,,,,,
29,,,104239,,,0.000729254970792681,,,,,,,,,,,
29,,,104259,,,0.045545633882284164,,,,,,,,,,,
29,,,104279,,,0.08128904551267624,,,,,,,,,,,
29,,,104299,,,0.005771776661276817,,,,,,,,,,,
29,,,104319,,,0.000676700146868825,,,,,,,,,,,
29,,,104339,,,0.004626682493835688,,,,,,,,,,,
29,,,104359,,,0.06952109187841415,,,,,,,,,,,
29,,,104379,,,0.004977236036211252,,,,,,,,,,,
29,,,104399,,,0.052791159600019455,,,,,,,,,,,
29,,,104419,,,0.0005561726866289973,,,,,,,,,,,
29,,,104439,,,0.03129934147000313,,,,,,,,,,,
29,,,104459,,,0.018658483400940895,,,,,,,,,,,
29,,,104459,,,,0.6415643692016602,0.87680983543396,0.6496824622154236,2.574995756149292,0.664517343044281,0.5681789517402649,0.6040447354316711,0.6975063681602478,0.7775708436965942,0.5789473652839661,0.6415643692016602
29,,,104459,0.9765266180038452,0.06704578548669815,,,,,,,,,,,,
,0.00023603646545265687,0.00023603646545265687,104460,,,,,,,,,,,,,,
30,,,104479,,,0.014576364308595657,,,,,,,,,,,
30,,,104499,,,0.06743654608726501,,,,,,,,,,,
30,,,104519,,,0.001176514895632863,,,,,,,,,,,
30,,,104539,,,0.004197056405246258,,,,,,,,,,,
30,,,104559,,,0.0004352522373665124,,,,,,,,,,,
30,,,104579,,,0.08353903889656067,,,,,,,,,,,
30,,,104599,,,0.1561073660850525,,,,,,,,,,,
30,,,104619,,,0.0005100235575810075,,,,,,,,,,,
30,,,104639,,,0.1325836330652237,,,,,,,,,,,
30,,,104659,,,0.06305103749036789,,,,,,,,,,,
30,,,104679,,,0.04097418114542961,,,,,,,,,,,
30,,,104699,,,0.0019920864142477512,,,,,,,,,,,
30,,,104719,,,0.18069829046726227,,,,,,,,,,,
30,,,104739,,,0.0014005008852109313,,,,,,,,,,,
30,,,104759,,,0.08533697575330734,,,,,,,,,,,
30,,,104779,,,0.0003678596403915435,,,,,,,,,,,
30,,,104799,,,0.058562271296978,,,,,,,,,,,
30,,,104819,,,0.021330153569579124,,,,,,,,,,,
30,,,104839,,,0.0016740523278713226,,,,,,,,,,,
30,,,104859,,,0.01906520500779152,,,,,,,,,,,
30,,,104879,,,0.0297001451253891,,,,,,,,,,,
30,,,104899,,,0.031983185559511185,,,,,,,,,,,
30,,,104919,,,0.00018671457655727863,,,,,,,,,,,
30,,,104939,,,0.0007723612943664193,,,,,,,,,,,
30,,,104959,,,0.22893358767032623,,,,,,,,,,,
30,,,104979,,,0.0017390266293659806,,,,,,,,,,,
30,,,104999,,,0.0470476970076561,,,,,,,,,,,
30,,,105019,,,0.0012439809506759048,,,,,,,,,,,
30,,,105039,,,0.024525705724954605,,,,,,,,,,,
30,,,105059,,,0.24654752016067505,,,,,,,,,,,
30,,,105079,,,0.3341844081878662,,,,,,,,,,,
30,,,105099,,,0.0007148383883759379,,,,,,,,,,,
30,,,105119,,,0.0003922806936316192,,,,,,,,,,,
30,,,105139,,,0.0003302804834675044,,,,,,,,,,,
30,,,105159,,,0.0006695231422781944,,,,,,,,,,,
30,,,105179,,,0.0007323519675992429,,,,,,,,,,,
30,,,105199,,,0.058095335960388184,,,,,,,,,,,
30,,,105219,,,0.09515391290187836,,,,,,,,,,,
30,,,105239,,,0.01035289280116558,,,,,,,,,,,
30,,,105259,,,0.0840049758553505,,,,,,,,,,,
30,,,105279,,,0.17641673982143402,,,,,,,,,,,
30,,,105299,,,0.010569911450147629,,,,,,,,,,,
30,,,105319,,,0.0069074188359081745,,,,,,,,,,,
30,,,105339,,,0.04532865807414055,,,,,,,,,,,
30,,,105359,,,0.00037575431633740664,,,,,,,,,,,
30,,,105379,,,0.24394187331199646,,,,,,,,,,,
30,,,105399,,,0.00049134052824229,,,,,,,,,,,
30,,,105419,,,0.14463572204113007,,,,,,,,,,,
30,,,105439,,,0.047584593296051025,,,,,,,,,,,
30,,,105459,,,0.002324216067790985,,,,,,,,,,,
30,,,105479,,,0.003968551754951477,,,,,,,,,,,
30,,,105499,,,0.020927641540765762,,,,,,,,,,,
30,,,105519,,,0.3082782030105591,,,,,,,,,,,
30,,,105539,,,0.00649584224447608,,,,,,,,,,,
30,,,105559,,,0.007452328689396381,,,,,,,,,,,
30,,,105579,,,0.0007185926660895348,,,,,,,,,,,
30,,,105599,,,0.02657199837267399,,,,,,,,,,,
30,,,105619,,,0.01825723424553871,,,,,,,,,,,
30,,,105639,,,0.007467859424650669,,,,,,,,,,,
30,,,105659,,,0.001272046472877264,,,,,,,,,,,
30,,,105679,,,0.001277012750506401,,,,,,,,,,,
30,,,105699,,,0.15174052119255066,,,,,,,,,,,
30,,,105719,,,0.27981969714164734,,,,,,,,,,,
30,,,105739,,,0.005287627223879099,,,,,,,,,,,
30,,,105759,,,0.0009558446472510695,,,,,,,,,,,
30,,,105779,,,0.11712568998336792,,,,,,,,,,,
30,,,105799,,,0.020791396498680115,,,,,,,,,,,
30,,,105819,,,0.048061128705739975,,,,,,,,,,,
30,,,105839,,,0.008030509576201439,,,,,,,,,,,
30,,,105859,,,0.0008291203994303942,,,,,,,,,,,
30,,,105879,,,0.0012086151400581002,,,,,,,,,,,
30,,,105899,,,0.2077452540397644,,,,,,,,,,,
30,,,105919,,,0.0003661765076685697,,,,,,,,,,,
30,,,105939,,,0.08401322364807129,,,,,,,,,,,
30,,,105959,,,0.09734559059143066,,,,,,,,,,,
30,,,105979,,,0.0030928312335163355,,,,,,,,,,,
30,,,105999,,,0.01161522138863802,,,,,,,,,,,
30,,,106019,,,0.019839700311422348,,,,,,,,,,,
30,,,106039,,,0.009210944175720215,,,,,,,,,,,
30,,,106059,,,0.04628024622797966,,,,,,,,,,,
30,,,106079,,,0.3209431767463684,,,,,,,,,,,
30,,,106099,,,0.0002925125299952924,,,,,,,,,,,
30,,,106119,,,0.059287261217832565,,,,,,,,,,,
30,,,106139,,,0.0721723735332489,,,,,,,,,,,
30,,,106159,,,0.002263891976326704,,,,,,,,,,,
30,,,106179,,,0.04377872124314308,,,,,,,,,,,
30,,,106199,,,0.11523561924695969,,,,,,,,,,,
30,,,106219,,,0.08844058960676193,,,,,,,,,,,
30,,,106239,,,0.025075947865843773,,,,,,,,,,,
30,,,106259,,,0.04928675666451454,,,,,,,,,,,
30,,,106279,,,0.02124258689582348,,,,,,,,,,,
30,,,106299,,,0.028394339606165886,,,,,,,,,,,
30,,,106319,,,0.19478055834770203,,,,,,,,,,,
30,,,106339,,,0.003442600602284074,,,,,,,,,,,
30,,,106359,,,0.0025041766930371523,,,,,,,,,,,
30,,,106379,,,0.04052639752626419,,,,,,,,,,,
30,,,106399,,,0.029060982167720795,,,,,,,,,,,
30,,,106419,,,8.904256537789479e-05,,,,,,,,,,,
30,,,106439,,,0.028818171471357346,,,,,,,,,,,
30,,,106459,,,0.3358273208141327,,,,,,,,,,,
30,,,106479,,,0.032525744289159775,,,,,,,,,,,
30,,,106499,,,0.24783426523208618,,,,,,,,,,,
30,,,106519,,,0.0173694659024477,,,,,,,,,,,
30,,,106539,,,0.10115446150302887,,,,,,,,,,,
30,,,106559,,,0.02019437775015831,,,,,,,,,,,
30,,,106579,,,0.05209457874298096,,,,,,,,,,,
30,,,106599,,,0.0077038537710905075,,,,,,,,,,,
30,,,106619,,,0.004145537503063679,,,,,,,,,,,
30,,,106639,,,0.09462285041809082,,,,,,,,,,,
30,,,106659,,,0.0028527616523206234,,,,,,,,,,,
30,,,106679,,,0.0008704165811650455,,,,,,,,,,,
30,,,106699,,,0.010567163117229939,,,,,,,,,,,
30,,,106719,,,0.13951376080513,,,,,,,,,,,
30,,,106739,,,0.0008749065455049276,,,,,,,,,,,
30,,,106759,,,0.046570148319005966,,,,,,,,,,,
30,,,106779,,,0.04938456788659096,,,,,,,,,,,
30,,,106799,,,0.019298354163765907,,,,,,,,,,,
30,,,106819,,,0.02455914579331875,,,,,,,,,,,
30,,,106839,,,0.005605567246675491,,,,,,,,,,,
30,,,106859,,,0.28824150562286377,,,,,,,,,,,
30,,,106879,,,0.07344885915517807,,,,,,,,,,,
30,,,106899,,,0.019794927909970284,,,,,,,,,,,
30,,,106919,,,0.0954563170671463,,,,,,,,,,,
30,,,106939,,,0.18389640748500824,,,,,,,,,,,
30,,,106959,,,0.0425843819975853,,,,,,,,,,,
30,,,106979,,,0.015971796587109566,,,,,,,,,,,
30,,,106999,,,0.028242234140634537,,,,,,,,,,,
30,,,107019,,,0.17188671231269836,,,,,,,,,,,
30,,,107039,,,0.00027207270613871515,,,,,,,,,,,
30,,,107059,,,0.01520245335996151,,,,,,,,,,,
30,,,107079,,,0.04714541137218475,,,,,,,,,,,
30,,,107099,,,0.00019318821432534605,,,,,,,,,,,
30,,,107119,,,0.0877610370516777,,,,,,,,,,,
30,,,107139,,,0.020526796579360962,,,,,,,,,,,
30,,,107159,,,0.11080335825681686,,,,,,,,,,,
30,,,107179,,,0.18661463260650635,,,,,,,,,,,
30,,,107199,,,0.03211013227701187,,,,,,,,,,,
30,,,107219,,,0.2399783730506897,,,,,,,,,,,
30,,,107239,,,0.0017720662290230393,,,,,,,,,,,
30,,,107259,,,0.025210190564393997,,,,,,,,,,,
30,,,107279,,,0.06606429070234299,,,,,,,,,,,
30,,,107299,,,0.16503718495368958,,,,,,,,,,,
30,,,107319,,,0.004349763970822096,,,,,,,,,,,
30,,,107339,,,0.046155184507369995,,,,,,,,,,,
30,,,107359,,,0.029248343780636787,,,,,,,,,,,
30,,,107379,,,0.0015344787389039993,,,,,,,,,,,
30,,,107399,,,0.04012339189648628,,,,,,,,,,,
30,,,107419,,,0.000543555652257055,,,,,,,,,,,
30,,,107439,,,0.07115624099969864,,,,,,,,,,,
30,,,107459,,,0.10103745758533478,,,,,,,,,,,
30,,,107479,,,0.006624625995755196,,,,,,,,,,,
30,,,107499,,,0.039196498692035675,,,,,,,,,,,
30,,,107519,,,0.0038512281607836485,,,,,,,,,,,
30,,,107539,,,0.003560928162187338,,,,,,,,,,,
30,,,107559,,,0.001270761014893651,,,,,,,,,,,
30,,,107579,,,0.026735426858067513,,,,,,,,,,,
30,,,107599,,,0.21342936158180237,,,,,,,,,,,
30,,,107619,,,0.320575475692749,,,,,,,,,,,
30,,,107639,,,0.004148164764046669,,,,,,,,,,,
30,,,107659,,,0.129426047205925,,,,,,,,,,,
30,,,107679,,,0.021924350410699844,,,,,,,,,,,
30,,,107699,,,0.018306570127606392,,,,,,,,,,,
30,,,107719,,,0.06253978610038757,,,,,,,,,,,
30,,,107739,,,0.09125477820634842,,,,,,,,,,,
30,,,107759,,,0.2786344587802887,,,,,,,,,,,
30,,,107779,,,0.04425643011927605,,,,,,,,,,,
30,,,107799,,,0.019160939380526543,,,,,,,,,,,
30,,,107819,,,0.0024302068632096052,,,,,,,,,,,
30,,,107839,,,0.18552960455417633,,,,,,,,,,,
30,,,107859,,,0.06583908200263977,,,,,,,,,,,
30,,,107879,,,0.08835631608963013,,,,,,,,,,,
30,,,107899,,,0.007297869771718979,,,,,,,,,,,
30,,,107919,,,0.20589697360992432,,,,,,,,,,,
30,,,107939,,,0.08955170959234238,,,,,,,,,,,
30,,,107941,,,,0.5853331685066223,0.831794023513794,0.5931945443153381,3.5796828269958496,0.6413943767547607,0.5222305059432983,0.631118893623352,0.6292082071304321,0.712052583694458,0.5931978821754456,0.5853331685066223
30,,,107941,0.97754967212677,0.062168825417757034,,,,,,,,,,,,
,0.00023059494125202357,0.00023059494125202357,107942,,,,,,,,,,,,,,
31,,,107959,,,0.003015202935785055,,,,,,,,,,,
31,,,107979,,,0.00028961311909370124,,,,,,,,,,,
31,,,107999,,,0.019150838255882263,,,,,,,,,,,
31,,,108019,,,0.1778908669948578,,,,,,,,,,,
31,,,108039,,,0.033507753163576126,,,,,,,,,,,
31,,,108059,,,0.03638485074043274,,,,,,,,,,,
31,,,108079,,,0.007589941844344139,,,,,,,,,,,
31,,,108099,,,0.0001832089328672737,,,,,,,,,,,
31,,,108119,,,0.03457638621330261,,,,,,,,,,,
31,,,108139,,,5.232842522673309e-05,,,,,,,,,,,
31,,,108159,,,0.05894295498728752,,,,,,,,,,,
31,,,108179,,,0.0037205470725893974,,,,,,,,,,,
31,,,108199,,,0.03337080404162407,,,,,,,,,,,
31,,,108219,,,0.00018077922868542373,,,,,,,,,,,
31,,,108239,,,0.04294729232788086,,,,,,,,,,,
31,,,108259,,,0.04323490709066391,,,,,,,,,,,
31,,,108279,,,0.005676953587681055,,,,,,,,,,,
31,,,108299,,,0.15177547931671143,,,,,,,,,,,
31,,,108319,,,0.00045663717901334167,,,,,,,,,,,
31,,,108339,,,0.025481685996055603,,,,,,,,,,,
31,,,108359,,,0.06962648034095764,,,,,,,,,,,
31,,,108379,,,0.0019451079424470663,,,,,,,,,,,
31,,,108399,,,0.062480248510837555,,,,,,,,,,,
31,,,108419,,,0.0034017949365079403,,,,,,,,,,,
31,,,108439,,,0.00023650894581805915,,,,,,,,,,,
31,,,108459,,,0.09340164065361023,,,,,,,,,,,
31,,,108479,,,0.03823857754468918,,,,,,,,,,,
31,,,108499,,,0.006127562839537859,,,,,,,,,,,
31,,,108519,,,0.2839339077472687,,,,,,,,,,,
31,,,108539,,,0.001382351154461503,,,,,,,,,,,
31,,,108559,,,0.0005636654095724225,,,,,,,,,,,
31,,,108579,,,0.027642488479614258,,,,,,,,,,,
31,,,108599,,,0.001552618807181716,,,,,,,,,,,
31,,,108619,,,0.01430478971451521,,,,,,,,,,,
31,,,108639,,,0.023180734366178513,,,,,,,,,,,
31,,,108659,,,0.004665504675358534,,,,,,,,,,,
31,,,108679,,,0.00019178488582838327,,,,,,,,,,,
31,,,108699,,,0.3742137551307678,,,,,,,,,,,
31,,,108719,,,0.00018969115626532584,,,,,,,,,,,
31,,,108739,,,0.031861912459135056,,,,,,,,,,,
31,,,108759,,,0.0929478332400322,,,,,,,,,,,
31,,,108779,,,0.0027795392088592052,,,,,,,,,,,
31,,,108799,,,0.0011302926577627659,,,,,,,,,,,
31,,,108819,,,0.09944044798612595,,,,,,,,,,,
31,,,108839,,,0.0915493369102478,,,,,,,,,,,
31,,,108859,,,0.172734797000885,,,,,,,,,,,
31,,,108879,,,0.001327877282164991,,,,,,,,,,,
31,,,108899,,,0.0012426384491845965,,,,,,,,,,,
31,,,108919,,,0.006832994986325502,,,,,,,,,,,
31,,,108939,,,0.0032811276614665985,,,,,,,,,,,
31,,,108959,,,0.11839432269334793,,,,,,,,,,,
31,,,108979,,,0.03263171762228012,,,,,,,,,,,
31,,,108999,,,0.0029837593901902437,,,,,,,,,,,
31,,,109019,,,0.020778484642505646,,,,,,,,,,,
31,,,109039,,,0.05598059669137001,,,,,,,,,,,
31,,,109059,,,0.0012579967733472586,,,,,,,,,,,
31,,,109079,,,0.006412244401872158,,,,,,,,,,,
31,,,109099,,,0.022549249231815338,,,,,,,,,,,
31,,,109119,,,0.1547633856534958,,,,,,,,,,,
31,,,109139,,,0.05434461310505867,,,,,,,,,,,
31,,,109159,,,0.08723991364240646,,,,,,,,,,,
31,,,109179,,,0.056528765708208084,,,,,,,,,,,
31,,,109199,,,0.2044907957315445,,,,,,,,,,,
31,,,109219,,,0.05194823443889618,,,,,,,,,,,
31,,,109239,,,0.13274778425693512,,,,,,,,,,,
31,,,109259,,,0.018121391534805298,,,,,,,,,,,
31,,,109279,,,0.0015188902616500854,,,,,,,,,,,
31,,,109299,,,0.03568240627646446,,,,,,,,,,,
31,,,109319,,,0.00015861878637224436,,,,,,,,,,,
31,,,109339,,,0.014254597947001457,,,,,,,,,,,
31,,,109359,,,0.05411806330084801,,,,,,,,,,,
31,,,109379,,,0.18776634335517883,,,,,,,,,,,
31,,,109399,,,0.07962008565664291,,,,,,,,,,,
31,,,109419,,,0.18622246384620667,,,,,,,,,,,
31,,,109439,,,0.004592442885041237,,,,,,,,,,,
31,,,109459,,,0.010019805282354355,,,,,,,,,,,
31,,,109479,,,0.0038472802843898535,,,,,,,,,,,
31,,,109499,,,0.04588524252176285,,,,,,,,,,,
31,,,109519,,,0.0059722005389630795,,,,,,,,,,,
31,,,109539,,,0.35801658034324646,,,,,,,,,,,
31,,,109559,,,0.27965664863586426,,,,,,,,,,,
31,,,109579,,,0.08117645978927612,,,,,,,,,,,
31,,,109599,,,0.0568341501057148,,,,,,,,,,,
31,,,109619,,,0.053659576922655106,,,,,,,,,,,
31,,,109639,,,0.00045030313776805997,,,,,,,,,,,
31,,,109659,,,0.2071525752544403,,,,,,,,,,,
31,,,109679,,,0.0006352537893690169,,,,,,,,,,,
31,,,109699,,,0.012821972370147705,,,,,,,,,,,
31,,,109719,,,0.11223220825195312,,,,,,,,,,,
31,,,109739,,,0.03834940865635872,,,,,,,,,,,
31,,,109759,,,0.09873377531766891,,,,,,,,,,,
31,,,109779,,,0.0003905069315806031,,,,,,,,,,,
31,,,109799,,,0.08918801695108414,,,,,,,,,,,
31,,,109819,,,0.0009509035153314471,,,,,,,,,,,
31,,,109839,,,0.4117898941040039,,,,,,,,,,,
31,,,109859,,,0.010377961210906506,,,,,,,,,,,
31,,,109879,,,0.032380685210227966,,,,,,,,,,,
31,,,109899,,,0.1259613186120987,,,,,,,,,,,
31,,,109919,,,0.009294716641306877,,,,,,,,,,,
31,,,109939,,,0.0013734089443460107,,,,,,,,,,,
31,,,109959,,,0.2953110933303833,,,,,,,,,,,
31,,,109979,,,0.009570688009262085,,,,,,,,,,,
31,,,109999,,,0.32013535499572754,,,,,,,,,,,
31,,,110019,,,0.09928148239850998,,,,,,,,,,,
31,,,110039,,,0.030684849247336388,,,,,,,,,,,
31,,,110059,,,0.1144273579120636,,,,,,,,,,,
31,,,110079,,,0.01810462959110737,,,,,,,,,,,
31,,,110099,,,0.02238956093788147,,,,,,,,,,,
31,,,110119,,,0.0038575155194848776,,,,,,,,,,,
31,,,110139,,,0.004779909271746874,,,,,,,,,,,
31,,,110159,,,0.0023088702000677586,,,,,,,,,,,
31,,,110179,,,0.005524140782654285,,,,,,,,,,,
31,,,110199,,,0.04473615437746048,,,,,,,,,,,
31,,,110219,,,0.01255570538341999,,,,,,,,,,,
31,,,110239,,,0.040574949234724045,,,,,,,,,,,
31,,,110259,,,0.05925074964761734,,,,,,,,,,,
31,,,110279,,,0.03360598906874657,,,,,,,,,,,
31,,,110299,,,0.001364890136756003,,,,,,,,,,,
31,,,110319,,,0.06793814897537231,,,,,,,,,,,
31,,,110339,,,0.10386756807565689,,,,,,,,,,,
31,,,110359,,,0.0005166467162780464,,,,,,,,,,,
31,,,110379,,,0.031154850497841835,,,,,,,,,,,
31,,,110399,,,0.04491843283176422,,,,,,,,,,,
31,,,110419,,,0.22813992202281952,,,,,,,,,,,
31,,,110439,,,0.02123539336025715,,,,,,,,,,,
31,,,110459,,,0.027256863191723824,,,,,,,,,,,
31,,,110479,,,0.17357896268367767,,,,,,,,,,,
31,,,110499,,,0.0422343872487545,,,,,,,,,,,
31,,,110519,,,0.031043460592627525,,,,,,,,,,,
31,,,110539,,,0.09196200221776962,,,,,,,,,,,
31,,,110559,,,0.052927181124687195,,,,,,,,,,,
31,,,110579,,,0.032761190086603165,,,,,,,,,,,
31,,,110599,,,0.017619524151086807,,,,,,,,,,,
31,,,110619,,,0.019123928621411324,,,,,,,,,,,
31,,,110639,,,0.019245237112045288,,,,,,,,,,,
31,,,110659,,,0.025192741304636,,,,,,,,,,,
31,,,110679,,,0.006751561537384987,,,,,,,,,,,
31,,,110699,,,0.005563259124755859,,,,,,,,,,,
31,,,110719,,,0.03118445910513401,,,,,,,,,,,
31,,,110739,,,0.02307363972067833,,,,,,,,,,,
31,,,110759,,,0.06317251920700073,,,,,,,,,,,
31,,,110779,,,0.10483235120773315,,,,,,,,,,,
31,,,110799,,,0.0010788857471197844,,,,,,,,,,,
31,,,110819,,,0.19725646078586578,,,,,,,,,,,
31,,,110839,,,0.0035404323134571314,,,,,,,,,,,
31,,,110859,,,0.03929289057850838,,,,,,,,,,,
31,,,110879,,,0.00013605353888124228,,,,,,,,,,,
31,,,110899,,,0.11625668406486511,,,,,,,,,,,
31,,,110919,,,0.023541852831840515,,,,,,,,,,,
31,,,110939,,,0.02048731967806816,,,,,,,,,,,
31,,,110959,,,0.033424459397792816,,,,,,,,,,,
31,,,110979,,,0.11941578984260559,,,,,,,,,,,
31,,,110999,,,0.016108542680740356,,,,,,,,,,,
31,,,111019,,,0.055246371775865555,,,,,,,,,,,
31,,,111039,,,0.013411235995590687,,,,,,,,,,,
31,,,111059,,,0.15027303993701935,,,,,,,,,,,
31,,,111079,,,0.3043767809867859,,,,,,,,,,,
31,,,111099,,,0.0283185001462698,,,,,,,,,,,
31,,,111119,,,0.16044941544532776,,,,,,,,,,,
31,,,111139,,,0.0020024583209306,,,,,,,,,,,
31,,,111159,,,0.0012999654281884432,,,,,,,,,,,
31,,,111179,,,0.0005700127221643925,,,,,,,,,,,
31,,,111199,,,0.259390652179718,,,,,,,,,,,
31,,,111219,,,0.08602853119373322,,,,,,,,,,,
31,,,111239,,,0.08908301591873169,,,,,,,,,,,
31,,,111259,,,0.03743932768702507,,,,,,,,,,,
31,,,111279,,,0.001772944233380258,,,,,,,,,,,
31,,,111299,,,0.06180160492658615,,,,,,,,,,,
31,,,111319,,,0.004782066214829683,,,,,,,,,,,
31,,,111339,,,5.10319005115889e-05,,,,,,,,,,,
31,,,111359,,,0.04586101323366165,,,,,,,,,,,
31,,,111379,,,0.002003088127821684,,,,,,,,,,,
31,,,111399,,,0.0005569040076807141,,,,,,,,,,,
31,,,111419,,,0.002327274065464735,,,,,,,,,,,
31,,,111423,,,,0.6439535617828369,0.8846267461776733,0.6542848348617554,2.657625913619995,0.7041571140289307,0.6067089438438416,0.7221958041191101,0.7007509469985962,0.7422375679016113,0.6514441967010498,0.6439535617828369
31,,,111423,0.9777379035949707,0.06207238882780075,,,,,,,,,,,,
,0.000225,0.000225,111424,,,,,,,,,,,,,,
32,,,111439,,,0.2919405698776245,,,,,,,,,,,
32,,,111459,,,0.08768763393163681,,,,,,,,,,,
32,,,111479,,,0.017093146219849586,,,,,,,,,,,
32,,,111499,,,0.07364176213741302,,,,,,,,,,,
32,,,111519,,,0.2965449094772339,,,,,,,,,,,
32,,,111539,,,0.004583852365612984,,,,,,,,,,,
32,,,111559,,,0.02484292723238468,,,,,,,,,,,
32,,,111579,,,0.0369272418320179,,,,,,,,,,,
32,,,111599,,,0.00284622423350811,,,,,,,,,,,
32,,,111619,,,0.0027567518409341574,,,,,,,,,,,
32,,,111639,,,0.20617185533046722,,,,,,,,,,,
32,,,111659,,,0.0017714666901156306,,,,,,,,,,,
32,,,111679,,,0.008419194258749485,,,,,,,,,,,
32,,,111699,,,0.006596476770937443,,,,,,,,,,,
32,,,111719,,,0.0820925384759903,,,,,,,,,,,
32,,,111739,,,0.16994699835777283,,,,,,,,,,,
32,,,111759,,,0.2825157642364502,,,,,,,,,,,
32,,,111779,,,0.05783409625291824,,,,,,,,,,,
32,,,111799,,,0.005064630880951881,,,,,,,,,,,
32,,,111819,,,0.3209277093410492,,,,,,,,,,,
32,,,111839,,,0.08211887627840042,,,,,,,,,,,
32,,,111859,,,0.06785184144973755,,,,,,,,,,,
32,,,111879,,,0.0007633462082594633,,,,,,,,,,,
32,,,111899,,,0.0022038486786186695,,,,,,,,,,,
32,,,111919,,,0.005336014088243246,,,,,,,,,,,
32,,,111939,,,0.000207068573217839,,,,,,,,,,,
32,,,111959,,,0.0050100525841116905,,,,,,,,,,,
32,,,111979,,,0.01845231093466282,,,,,,,,,,,
32,,,111999,,,0.0036940297577530146,,,,,,,,,,,
32,,,112019,,,0.007003879174590111,,,,,,,,,,,
32,,,112039,,,0.0019136033952236176,,,,,,,,,,,
32,,,112059,,,0.021272584795951843,,,,,,,,,,,
32,,,112079,,,0.000839600688777864,,,,,,,,,,,
32,,,112099,,,0.19901207089424133,,,,,,,,,,,
32,,,112119,,,0.2782629728317261,,,,,,,,,,,
32,,,112139,,,0.07540850341320038,,,,,,,,,,,
32,,,112159,,,0.0054666269570589066,,,,,,,,,,,
32,,,112179,,,0.011990178376436234,,,,,,,,,,,
32,,,112199,,,0.1877272129058838,,,,,,,,,,,
32,,,112219,,,0.1110401377081871,,,,,,,,,,,
32,,,112239,,,0.00033948986674658954,,,,,,,,,,,
32,,,112259,,,0.03424733132123947,,,,,,,,,,,
32,,,112279,,,0.07046083360910416,,,,,,,,,,,
32,,,112299,,,0.03315327316522598,,,,,,,,,,,
32,,,112319,,,0.003691913792863488,,,,,,,,,,,
32,,,112339,,,0.08261574804782867,,,,,,,,,,,
32,,,112359,,,0.24706527590751648,,,,,,,,,,,
32,,,112379,,,0.04396467283368111,,,,,,,,,,,
32,,,112399,,,0.3206242322921753,,,,,,,,,,,
32,,,112419,,,0.039654817432165146,,,,,,,,,,,
32,,,112439,,,0.016915662214159966,,,,,,,,,,,
32,,,112459,,,0.0003160348569508642,,,,,,,,,,,
32,,,112479,,,0.044321734458208084,,,,,,,,,,,
32,,,112499,,,0.0003650655853562057,,,,,,,,,,,
32,,,112519,,,0.021585945039987564,,,,,,,,,,,
32,,,112539,,,0.00013626017607748508,,,,,,,,,,,
32,,,112559,,,0.001005199272185564,,,,,,,,,,,
32,,,112579,,,0.004014501813799143,,,,,,,,,,,
32,,,112599,,,0.02822345495223999,,,,,,,,,,,
32,,,112619,,,0.002056901575997472,,,,,,,,,,,
32,,,112639,,,0.004018986131995916,,,,,,,,,,,
32,,,112659,,,0.07102133333683014,,,,,,,,,,,
32,,,112679,,,0.0004506642580963671,,,,,,,,,,,
32,,,112699,,,0.011864750646054745,,,,,,,,,,,
32,,,112719,,,0.002751593478024006,,,,,,,,,,,
32,,,112739,,,0.022267982363700867,,,,,,,,,,,
32,,,112759,,,0.030458582565188408,,,,,,,,,,,
32,,,112779,,,0.1138424202799797,,,,,,,,,,,
32,,,112799,,,0.003000537632033229,,,,,,,,,,,
32,,,112819,,,0.00897413119673729,,,,,,,,,,,
32,,,112839,,,0.004869417753070593,,,,,,,,,,,
32,,,112859,,,0.009427732788026333,,,,,,,,,,,
32,,,112879,,,0.027109626680612564,,,,,,,,,,,
32,,,112899,,,0.02815929800271988,,,,,,,,,,,
32,,,112919,,,0.016043715178966522,,,,,,,,,,,
32,,,112939,,,0.015460941009223461,,,,,,,,,,,
32,,,112959,,,0.024860166013240814,,,,,,,,,,,
32,,,112979,,,0.01281114760786295,,,,,,,,,,,
32,,,112999,,,0.019750427454710007,,,,,,,,,,,
32,,,113019,,,0.15959662199020386,,,,,,,,,,,
32,,,113039,,,0.011103983037173748,,,,,,,,,,,
32,,,113059,,,0.0009494834812358022,,,,,,,,,,,
32,,,113079,,,0.003387309145182371,,,,,,,,,,,
32,,,113099,,,0.1679641157388687,,,,,,,,,,,
32,,,113119,,,0.00026018769131042063,,,,,,,,,,,
32,,,113139,,,0.16880165040493011,,,,,,,,,,,
32,,,113159,,,0.0016570859588682652,,,,,,,,,,,
32,,,113179,,,0.024306943640112877,,,,,,,,,,,
32,,,113199,,,0.0026213638484477997,,,,,,,,,,,
32,,,113219,,,0.0017216084524989128,,,,,,,,,,,
32,,,113239,,,0.00014753897266928107,,,,,,,,,,,
32,,,113259,,,0.0002092513459501788,,,,,,,,,,,
32,,,113279,,,0.09200430661439896,,,,,,,,,,,
32,,,113299,,,0.0038570945616811514,,,,,,,,,,,
32,,,113319,,,0.0027674275916069746,,,,,,,,,,,
32,,,113339,,,0.009992185048758984,,,,,,,,,,,
32,,,113359,,,0.0004856895830016583,,,,,,,,,,,
32,,,113379,,,0.13639593124389648,,,,,,,,,,,
32,,,113399,,,0.013859194703400135,,,,,,,,,,,
32,,,113419,,,0.032682400196790695,,,,,,,,,,,
32,,,113439,,,0.04205679893493652,,,,,,,,,,,
32,,,113459,,,0.008121652528643608,,,,,,,,,,,
32,,,113479,,,5.117293767398223e-05,,,,,,,,,,,
32,,,113499,,,0.0480649471282959,,,,,,,,,,,
32,,,113519,,,0.012439812533557415,,,,,,,,,,,
32,,,113539,,,0.2237924039363861,,,,,,,,,,,
32,,,113559,,,0.0006978019373491406,,,,,,,,,,,
32,,,113579,,,0.00161179865244776,,,,,,,,,,,
32,,,113599,,,0.00017443748947698623,,,,,,,,,,,
32,,,113619,,,0.006657630205154419,,,,,,,,,,,
32,,,113639,,,0.42013174295425415,,,,,,,,,,,
32,,,113659,,,0.00011875428754137829,,,,,,,,,,,
32,,,113679,,,0.07363419234752655,,,,,,,,,,,
32,,,113699,,,0.09233257174491882,,,,,,,,,,,
32,,,113719,,,0.002460732124745846,,,,,,,,,,,
32,,,113739,,,0.10187137126922607,,,,,,,,,,,
32,,,113759,,,0.08436835557222366,,,,,,,,,,,
32,,,113779,,,0.02579241245985031,,,,,,,,,,,
32,,,113799,,,0.02435275912284851,,,,,,,,,,,
32,,,113819,,,0.03742903098464012,,,,,,,,,,,
32,,,113839,,,0.0049844360910356045,,,,,,,,,,,
32,,,113859,,,0.0007244836306199431,,,,,,,,,,,
32,,,113879,,,0.032641541212797165,,,,,,,,,,,
32,,,113899,,,0.06009590998291969,,,,,,,,,,,
32,,,113919,,,0.005212137475609779,,,,,,,,,,,
32,,,113939,,,0.05699146166443825,,,,,,,,,,,
32,,,113959,,,0.015092197805643082,,,,,,,,,,,
32,,,113979,,,0.09805455803871155,,,,,,,,,,,
32,,,113999,,,0.23401615023612976,,,,,,,,,,,
32,,,114019,,,0.04986273869872093,,,,,,,,,,,
32,,,114039,,,0.07919015735387802,,,,,,,,,,,
32,,,114059,,,0.04231943562626839,,,,,,,,,,,
32,,,114079,,,0.0008018751395866275,,,,,,,,,,,
32,,,114099,,,0.01027294434607029,,,,,,,,,,,
32,,,114119,,,0.12913702428340912,,,,,,,,,,,
32,,,114139,,,0.020368820056319237,,,,,,,,,,,
32,,,114159,,,0.15366174280643463,,,,,,,,,,,
32,,,114179,,,0.08573861420154572,,,,,,,,,,,
32,,,114199,,,0.013239513151347637,,,,,,,,,,,
32,,,114219,,,0.013208792544901371,,,,,,,,,,,
32,,,114239,,,0.16284094750881195,,,,,,,,,,,
32,,,114259,,,0.0035186358727514744,,,,,,,,,,,
32,,,114279,,,0.02151113748550415,,,,,,,,,,,
32,,,114299,,,0.13733938336372375,,,,,,,,,,,
32,,,114319,,,0.0015075893606990576,,,,,,,,,,,
32,,,114339,,,0.06959442049264908,,,,,,,,,,,
32,,,114359,,,0.005893218331038952,,,,,,,,,,,
32,,,114379,,,0.0007517743506468832,,,,,,,,,,,
32,,,114399,,,0.0004982384853065014,,,,,,,,,,,
32,,,114419,,,0.10311213880777359,,,,,,,,,,,
32,,,114439,,,0.0001332793035544455,,,,,,,,,,,
32,,,114459,,,0.0030516867991536856,,,,,,,,,,,
32,,,114479,,,0.0031933393329381943,,,,,,,,,,,
32,,,114499,,,0.04826463758945465,,,,,,,,,,,
32,,,114519,,,0.044450126588344574,,,,,,,,,,,
32,,,114539,,,0.03910740837454796,,,,,,,,,,,
32,,,114559,,,0.0006162173813208938,,,,,,,,,,,
32,,,114579,,,0.020052706822752953,,,,,,,,,,,
32,,,114599,,,0.001255124807357788,,,,,,,,,,,
32,,,114619,,,0.03816701099276543,,,,,,,,,,,
32,,,114639,,,0.00045234360732138157,,,,,,,,,,,
32,,,114659,,,0.003455905243754387,,,,,,,,,,,
32,,,114679,,,0.03336888924241066,,,,,,,,,,,
32,,,114699,,,0.015643853694200516,,,,,,,,,,,
32,,,114719,,,0.001886456273496151,,,,,,,,,,,
32,,,114739,,,0.08826205134391785,,,,,,,,,,,
32,,,114759,,,0.03121522255241871,,,,,,,,,,,
32,,,114779,,,0.0037472746334969997,,,,,,,,,,,
32,,,114799,,,0.09221923351287842,,,,,,,,,,,
32,,,114819,,,0.02979492023587227,,,,,,,,,,,
32,,,114839,,,0.006804070435464382,,,,,,,,,,,
32,,,114859,,,0.029524752870202065,,,,,,,,,,,
32,,,114879,,,0.006675920449197292,,,,,,,,,,,
32,,,114899,,,0.04402368888258934,,,,,,,,,,,
32,,,114905,,,,0.6299060583114624,0.8566877841949463,0.640501856803894,3.171867609024048,0.6866965889930725,0.570088803768158,0.6880764961242676,0.6051066517829895,0.8192542195320129,0.6343490481376648,0.6299060583114624
32,,,114905,0.9784156084060669,0.06061500310897827,,,,,,,,,,,,
,0.0002192622919852551,0.0002192622919852551,114906,,,,,,,,,,,,,,
33,,,114919,,,0.030017882585525513,,,,,,,,,,,
33,,,114939,,,0.24601085484027863,,,,,,,,,,,
33,,,114959,,,0.009372033178806305,,,,,,,,,,,
33,,,114979,,,0.0007249039481393993,,,,,,,,,,,
33,,,114999,,,0.018248863518238068,,,,,,,,,,,
33,,,115019,,,0.0002460678806528449,,,,,,,,,,,
33,,,115039,,,0.0046614306047558784,,,,,,,,,,,
33,,,115059,,,0.0021928944624960423,,,,,,,,,,,
33,,,115079,,,0.012596710585057735,,,,,,,,,,,
33,,,115099,,,0.012492393143475056,,,,,,,,,,,
33,,,115119,,,0.12610146403312683,,,,,,,,,,,
33,,,115139,,,0.023490428924560547,,,,,,,,,,,
33,,,115159,,,0.06762771308422089,,,,,,,,,,,
33,,,115179,,,0.005867329426109791,,,,,,,,,,,
33,,,115199,,,0.0018145390786230564,,,,,,,,,,,
33,,,115219,,,0.001563499215990305,,,,,,,,,,,
33,,,115239,,,0.14600399136543274,,,,,,,,,,,
33,,,115259,,,0.023742344230413437,,,,,,,,,,,
33,,,115279,,,0.06141725182533264,,,,,,,,,,,
33,,,115299,,,0.004313704092055559,,,,,,,,,,,
33,,,115319,,,0.007491599768400192,,,,,,,,,,,
33,,,115339,,,0.23631560802459717,,,,,,,,,,,
33,,,115359,,,8.549046469852328e-05,,,,,,,,,,,
33,,,115379,,,0.1428852528333664,,,,,,,,,,,
33,,,115399,,,0.08566711097955704,,,,,,,,,,,
33,,,115419,,,0.015781331807374954,,,,,,,,,,,
33,,,115439,,,0.002024209825322032,,,,,,,,,,,
33,,,115459,,,0.00014523025311063975,,,,,,,,,,,
33,,,115479,,,0.0010718575213104486,,,,,,,,,,,
33,,,115499,,,0.00011503843415994197,,,,,,,,,,,
33,,,115519,,,0.04573001340031624,,,,,,,,,,,
33,,,115539,,,0.0015403376892209053,,,,,,,,,,,
33,,,115559,,,0.004407306667417288,,,,,,,,,,,
33,,,115579,,,0.0030330349691212177,,,,,,,,,,,
33,,,115599,,,0.027730122208595276,,,,,,,,,,,
33,,,115619,,,0.0007599231321364641,,,,,,,,,,,
33,,,115639,,,0.10308849811553955,,,,,,,,,,,
33,,,115659,,,0.012147901579737663,,,,,,,,,,,
33,,,115679,,,0.014874930493533611,,,,,,,,,,,
33,,,115699,,,0.001758320489898324,,,,,,,,,,,
33,,,115719,,,0.012791123241186142,,,,,,,,,,,
33,,,115739,,,7.950955478008837e-05,,,,,,,,,,,
33,,,115759,,,0.042461100965738297,,,,,,,,,,,
33,,,115779,,,0.046285588294267654,,,,,,,,,,,
33,,,115799,,,0.0012961053289473057,,,,,,,,,,,
33,,,115819,,,0.0005370565340854228,,,,,,,,,,,
33,,,115839,,,0.019769610837101936,,,,,,,,,,,
33,,,115859,,,0.017552975565195084,,,,,,,,,,,
33,,,115879,,,0.008351876400411129,,,,,,,,,,,
33,,,115899,,,0.1959378570318222,,,,,,,,,,,
33,,,115919,,,0.09339052438735962,,,,,,,,,,,
33,,,115939,,,0.13392330706119537,,,,,,,,,,,
33,,,115959,,,0.0011228409130126238,,,,,,,,,,,
33,,,115979,,,0.08884512633085251,,,,,,,,,,,
33,,,115999,,,0.1151704266667366,,,,,,,,,,,
33,,,116019,,,0.0616547130048275,,,,,,,,,,,
33,,,116039,,,0.007717789616435766,,,,,,,,,,,
33,,,116059,,,0.019032327458262444,,,,,,,,,,,
33,,,116079,,,0.003981775138527155,,,,,,,,,,,
33,,,116099,,,0.000569141237065196,,,,,,,,,,,
33,,,116119,,,0.05993164703249931,,,,,,,,,,,
33,,,116139,,,0.001569411251693964,,,,,,,,,,,
33,,,116159,,,0.021196993067860603,,,,,,,,,,,
33,,,116179,,,0.11137925088405609,,,,,,,,,,,
33,,,116199,,,0.0509471595287323,,,,,,,,,,,
33,,,116219,,,0.05565812438726425,,,,,,,,,,,
33,,,116239,,,0.005799856968224049,,,,,,,,,,,
33,,,116259,,,0.008042273111641407,,,,,,,,,,,
33,,,116279,,,0.010236572474241257,,,,,,,,,,,
33,,,116299,,,0.0008038447122089565,,,,,,,,,,,
33,,,116319,,,0.0028769171331077814,,,,,,,,,,,
33,,,116339,,,0.008506778627634048,,,,,,,,,,,
33,,,116359,,,0.03312992677092552,,,,,,,,,,,
33,,,116379,,,0.0019911061972379684,,,,,,,,,,,
33,,,116399,,,0.0020824335515499115,,,,,,,,,,,
33,,,116419,,,0.00017581309657543898,,,,,,,,,,,
33,,,116439,,,9.71666959230788e-05,,,,,,,,,,,
33,,,116459,,,0.10945863276720047,,,,,,,,,,,
33,,,116479,,,0.01480703242123127,,,,,,,,,,,
33,,,116499,,,0.004657038953155279,,,,,,,,,,,
33,,,116519,,,0.042308203876018524,,,,,,,,,,,
33,,,116539,,,0.0033578546717762947,,,,,,,,,,,
33,,,116559,,,0.05360356345772743,,,,,,,,,,,
33,,,116579,,,0.000178333226358518,,,,,,,,,,,
33,,,116599,,,0.0945955365896225,,,,,,,,,,,
33,,,116619,,,0.016486532986164093,,,,,,,,,,,
33,,,116639,,,0.001536190160550177,,,,,,,,,,,
33,,,116659,,,0.04063921421766281,,,,,,,,,,,
33,,,116679,,,0.27178311347961426,,,,,,,,,,,
33,,,116699,,,0.07020961493253708,,,,,,,,,,,
33,,,116719,,,0.0035291053354740143,,,,,,,,,,,
33,,,116739,,,0.1448289006948471,,,,,,,,,,,
33,,,116759,,,0.06213465332984924,,,,,,,,,,,
33,,,116779,,,0.03406226634979248,,,,,,,,,,,
33,,,116799,,,0.009178834035992622,,,,,,,,,,,
33,,,116819,,,0.0005000762757845223,,,,,,,,,,,
33,,,116839,,,0.017033621668815613,,,,,,,,,,,
33,,,116859,,,0.0022548597771674395,,,,,,,,,,,
33,,,116879,,,0.005425539333373308,,,,,,,,,,,
33,,,116899,,,0.1481337696313858,,,,,,,,,,,
33,,,116919,,,0.18232181668281555,,,,,,,,,,,
33,,,116939,,,0.0001673363003646955,,,,,,,,,,,
33,,,116959,,,0.020841408520936966,,,,,,,,,,,
33,,,116979,,,0.43847256898880005,,,,,,,,,,,
33,,,116999,,,0.012961081229150295,,,,,,,,,,,
33,,,117019,,,0.0022762534208595753,,,,,,,,,,,
33,,,117039,,,0.1105237528681755,,,,,,,,,,,
33,,,117059,,,0.09181046485900879,,,,,,,,,,,
33,,,117079,,,0.031297467648983,,,,,,,,,,,
33,,,117099,,,0.006334682926535606,,,,,,,,,,,
33,,,117119,,,0.08911886811256409,,,,,,,,,,,
33,,,117139,,,0.0036048695910722017,,,,,,,,,,,
33,,,117159,,,0.07508857548236847,,,,,,,,,,,
33,,,117179,,,0.018226297572255135,,,,,,,,,,,
33,,,117199,,,0.038985442370176315,,,,,,,,,,,
33,,,117219,,,0.05474134534597397,,,,,,,,,,,
33,,,117239,,,0.06081192567944527,,,,,,,,,,,
33,,,117259,,,0.0026217512786388397,,,,,,,,,,,
33,,,117279,,,0.07983323931694031,,,,,,,,,,,
33,,,117299,,,0.0002029618772212416,,,,,,,,,,,
33,,,117319,,,0.04771766439080238,,,,,,,,,,,
33,,,117339,,,0.057221170514822006,,,,,,,,,,,
33,,,117359,,,0.001397021347656846,,,,,,,,,,,
33,,,117379,,,0.00670582614839077,,,,,,,,,,,
33,,,117399,,,0.0005548465996980667,,,,,,,,,,,
33,,,117419,,,0.00039871217450127006,,,,,,,,,,,
33,,,117439,,,0.00450978334993124,,,,,,,,,,,
33,,,117459,,,0.07333323359489441,,,,,,,,,,,
33,,,117479,,,0.12028534710407257,,,,,,,,,,,
33,,,117499,,,0.07265494763851166,,,,,,,,,,,
33,,,117519,,,0.04230974614620209,,,,,,,,,,,
33,,,117539,,,0.1202884390950203,,,,,,,,,,,
33,,,117559,,,0.11929730325937271,,,,,,,,,,,
33,,,117579,,,0.008159712888300419,,,,,,,,,,,
33,,,117599,,,0.0006377666722983122,,,,,,,,,,,
33,,,117619,,,0.0006789210019633174,,,,,,,,,,,
33,,,117639,,,0.0019143292447552085,,,,,,,,,,,
33,,,117659,,,0.000426604034146294,,,,,,,,,,,
33,,,117679,,,0.06403812766075134,,,,,,,,,,,
33,,,117699,,,0.04920613020658493,,,,,,,,,,,
33,,,117719,,,0.00285657262429595,,,,,,,,,,,
33,,,117739,,,0.01040525920689106,,,,,,,,,,,
33,,,117759,,,0.0001702200243016705,,,,,,,,,,,
33,,,117779,,,0.051479507237672806,,,,,,,,,,,
33,,,117799,,,0.04563064128160477,,,,,,,,,,,
33,,,117819,,,0.0258770938962698,,,,,,,,,,,
33,,,117839,,,0.11963992565870285,,,,,,,,,,,
33,,,117859,,,0.006001588888466358,,,,,,,,,,,
33,,,117879,,,0.0023999069817364216,,,,,,,,,,,
33,,,117899,,,0.3012927770614624,,,,,,,,,,,
33,,,117919,,,0.1513245403766632,,,,,,,,,,,
33,,,117939,,,0.037991974502801895,,,,,,,,,,,
33,,,117959,,,0.0008770067943260074,,,,,,,,,,,
33,,,117979,,,0.11280743032693863,,,,,,,,,,,
33,,,117999,,,0.021781811490654945,,,,,,,,,,,
33,,,118019,,,0.011696544475853443,,,,,,,,,,,
33,,,118039,,,0.07021285593509674,,,,,,,,,,,
33,,,118059,,,0.09022653102874756,,,,,,,,,,,
33,,,118079,,,6.660701910732314e-05,,,,,,,,,,,
33,,,118099,,,0.1938384622335434,,,,,,,,,,,
33,,,118119,,,0.07000727951526642,,,,,,,,,,,
33,,,118139,,,0.0004369431408122182,,,,,,,,,,,
33,,,118159,,,0.0276971235871315,,,,,,,,,,,
33,,,118179,,,0.06730687618255615,,,,,,,,,,,
33,,,118199,,,0.022034192457795143,,,,,,,,,,,
33,,,118219,,,0.06803297251462936,,,,,,,,,,,
33,,,118239,,,0.14310303330421448,,,,,,,,,,,
33,,,118259,,,0.3119986951351166,,,,,,,,,,,
33,,,118279,,,0.08478205651044846,,,,,,,,,,,
33,,,118299,,,0.02250494249165058,,,,,,,,,,,
33,,,118319,,,0.12184029817581177,,,,,,,,,,,
33,,,118339,,,0.2240040898323059,,,,,,,,,,,
33,,,118359,,,0.0001279490243177861,,,,,,,,,,,
33,,,118379,,,0.0014713117852807045,,,,,,,,,,,
33,,,118387,,,,0.6213374733924866,0.8642027974128723,0.6333657503128052,3.088604688644409,0.6970965266227722,0.5647128224372864,0.626325249671936,0.6282902956008911,0.8088617920875549,0.7249087691307068,0.6213374733924866
33,,,118387,0.9796543121337891,0.0572047084569931,,,,,,,,,,,,
,0.0002133927392611049,0.0002133927392611049,118388,,,,,,,,,,,,,,
34,,,118399,,,0.0062054418958723545,,,,,,,,,,,
34,,,118419,,,0.022167915478348732,,,,,,,,,,,
34,,,118439,,,0.24828559160232544,,,,,,,,,,,
34,,,118459,,,0.010751311667263508,,,,,,,,,,,
34,,,118479,,,0.04785589128732681,,,,,,,,,,,
34,,,118499,,,0.0007312772795557976,,,,,,,,,,,
34,,,118519,,,0.0007368818623945117,,,,,,,,,,,
34,,,118539,,,0.006638430990278721,,,,,,,,,,,
34,,,118559,,,0.02967522293329239,,,,,,,,,,,
34,,,118579,,,0.24440938234329224,,,,,,,,,,,
34,,,118599,,,0.0978613793849945,,,,,,,,,,,
34,,,118619,,,0.0006148002576082945,,,,,,,,,,,
34,,,118639,,,0.02107701264321804,,,,,,,,,,,
34,,,118659,,,0.05464382842183113,,,,,,,,,,,
34,,,118679,,,0.10347586870193481,,,,,,,,,,,
34,,,118699,,,0.09127014130353928,,,,,,,,,,,
34,,,118719,,,0.0015061584999784827,,,,,,,,,,,
34,,,118739,,,0.06800580769777298,,,,,,,,,,,
34,,,118759,,,0.012194840237498283,,,,,,,,,,,
34,,,118779,,,0.008758191019296646,,,,,,,,,,,
34,,,118799,,,0.01938013918697834,,,,,,,,,,,
34,,,118819,,,0.015469836071133614,,,,,,,,,,,
34,,,118839,,,0.020641842857003212,,,,,,,,,,,
34,,,118859,,,0.19840294122695923,,,,,,,,,,,
34,,,118879,,,0.3594208359718323,,,,,,,,,,,
34,,,118899,,,0.026919549331068993,,,,,,,,,,,
34,,,118919,,,0.0005830489099025726,,,,,,,,,,,
34,,,118939,,,0.01240728422999382,,,,,,,,,,,
34,,,118959,,,0.0011683283373713493,,,,,,,,,,,
34,,,118979,,,0.006863747723400593,,,,,,,,,,,
34,,,118999,,,0.013433713465929031,,,,,,,,,,,
34,,,119019,,,0.010447083041071892,,,,,,,,,,,
34,,,119039,,,0.07392290234565735,,,,,,,,,,,
34,,,119059,,,0.017585035413503647,,,,,,,,,,,
34,,,119079,,,0.0003856371622532606,,,,,,,,,,,
34,,,119099,,,0.2733880877494812,,,,,,,,,,,
34,,,119119,,,0.004153725225478411,,,,,,,,,,,
34,,,119139,,,0.05795949324965477,,,,,,,,,,,
34,,,119159,,,0.09522920101881027,,,,,,,,,,,
34,,,119179,,,0.07657354325056076,,,,,,,,,,,
34,,,119199,,,0.12956032156944275,,,,,,,,,,,
34,,,119219,,,0.0001474229065934196,,,,,,,,,,,
34,,,119239,,,0.06724752485752106,,,,,,,,,,,
34,,,119259,,,0.0024727722629904747,,,,,,,,,,,
34,,,119279,,,0.001247679814696312,,,,,,,,,,,
34,,,119299,,,0.005907606333494186,,,,,,,,,,,
34,,,119319,,,0.016414066776633263,,,,,,,,,,,
34,,,119339,,,0.0051645017229020596,,,,,,,,,,,
34,,,119359,,,0.14043940603733063,,,,,,,,,,,
34,,,119379,,,0.00047713593812659383,,,,,,,,,,,
34,,,119399,,,0.10768630355596542,,,,,,,,,,,
34,,,119419,,,0.11118918657302856,,,,,,,,,,,
34,,,119439,,,0.08583205193281174,,,,,,,,,,,
34,,,119459,,,0.001991492696106434,,,,,,,,,,,
34,,,119479,,,0.004961964674293995,,,,,,,,,,,
34,,,119499,,,0.0007576276548206806,,,,,,,,,,,
34,,,119519,,,0.0019347439520061016,,,,,,,,,,,
34,,,119539,,,0.024201292544603348,,,,,,,,,,,
34,,,119559,,,0.0029023203533142805,,,,,,,,,,,
34,,,119579,,,0.036918070167303085,,,,,,,,,,,
34,,,119599,,,0.10074231773614883,,,,,,,,,,,
34,,,119619,,,0.14399415254592896,,,,,,,,,,,
34,,,119639,,,0.10361441224813461,,,,,,,,,,,
34,,,119659,,,0.0274112019687891,,,,,,,,,,,
34,,,119679,,,0.07506553083658218,,,,,,,,,,,
34,,,119699,,,0.0002232048864243552,,,,,,,,,,,
34,,,119719,,,0.0004413060378283262,,,,,,,,,,,
34,,,119739,,,0.0010772066889330745,,,,,,,,,,,
34,,,119759,,,0.12473930418491364,,,,,,,,,,,
34,,,119779,,,0.00037174858152866364,,,,,,,,,,,
34,,,119799,,,0.04752938449382782,,,,,,,,,,,
34,,,119819,,,0.2890605032444,,,,,,,,,,,
34,,,119839,,,0.01894237846136093,,,,,,,,,,,
34,,,119859,,,0.09265252947807312,,,,,,,,,,,
34,,,119879,,,0.0006440209108404815,,,,,,,,,,,
34,,,119899,,,0.0001946198899531737,,,,,,,,,,,
34,,,119919,,,0.0979604497551918,,,,,,,,,,,
34,,,119939,,,0.0064718765206635,,,,,,,,,,,
34,,,119959,,,0.14770568907260895,,,,,,,,,,,
34,,,119979,,,0.0010473013389855623,,,,,,,,,,,
34,,,119999,,,0.040115490555763245,,,,,,,,,,,
34,,,120019,,,0.2905482351779938,,,,,,,,,,,
34,,,120039,,,0.019443854689598083,,,,,,,,,,,
34,,,120059,,,0.0012326603755354881,,,,,,,,,,,
34,,,120079,,,0.0022078456822782755,,,,,,,,,,,
34,,,120099,,,0.001134019112214446,,,,,,,,,,,
34,,,120119,,,0.00011336072930134833,,,,,,,,,,,
34,,,120139,,,0.00016586229321546853,,,,,,,,,,,
34,,,120159,,,0.14192484319210052,,,,,,,,,,,
34,,,120179,,,0.007989631034433842,,,,,,,,,,,
34,,,120199,,,0.25499147176742554,,,,,,,,,,,
34,,,120219,,,0.11774460971355438,,,,,,,,,,,
34,,,120239,,,0.006255594082176685,,,,,,,,,,,
34,,,120259,,,0.0019638657104223967,,,,,,,,,,,
34,,,120279,,,0.021630672737956047,,,,,,,,,,,
34,,,120299,,,0.14054682850837708,,,,,,,,,,,
34,,,120319,,,0.0808146595954895,,,,,,,,,,,
34,,,120339,,,0.004228136036545038,,,,,,,,,,,
34,,,120359,,,0.012025331147015095,,,,,,,,,,,
34,,,120379,,,0.006066001020371914,,,,,,,,,,,
34,,,120399,,,0.036223821341991425,,,,,,,,,,,
34,,,120419,,,0.0048833624459803104,,,,,,,,,,,
34,,,120439,,,0.00026313457055948675,,,,,,,,,,,
34,,,120459,,,0.07573796063661575,,,,,,,,,,,
34,,,120479,,,0.01906506158411503,,,,,,,,,,,
34,,,120499,,,0.1625339686870575,,,,,,,,,,,
34,,,120519,,,0.13099205493927002,,,,,,,,,,,
34,,,120539,,,0.005117727909237146,,,,,,,,,,,
34,,,120559,,,0.05627792328596115,,,,,,,,,,,
34,,,120579,,,0.00018264353275299072,,,,,,,,,,,
34,,,120599,,,0.06035306304693222,,,,,,,,,,,
34,,,120619,,,0.0008252607076428831,,,,,,,,,,,
34,,,120639,,,0.014874798245728016,,,,,,,,,,,
34,,,120659,,,0.06815962493419647,,,,,,,,,,,
34,,,120679,,,0.0025570164434611797,,,,,,,,,,,
34,,,120699,,,0.18635278940200806,,,,,,,,,,,
34,,,120719,,,0.0009194618323817849,,,,,,,,,,,
34,,,120739,,,0.0006284135743044317,,,,,,,,,,,
34,,,120759,,,0.00013790527009405196,,,,,,,,,,,
34,,,120779,,,0.2273273766040802,,,,,,,,,,,
34,,,120799,,,0.10108063369989395,,,,,,,,,,,
34,,,120819,,,0.0016190474852919579,,,,,,,,,,,
34,,,120839,,,0.08921416848897934,,,,,,,,,,,
34,,,120859,,,0.09757526218891144,,,,,,,,,,,
34,,,120879,,,0.06312694400548935,,,,,,,,,,,
34,,,120899,,,0.010849419981241226,,,,,,,,,,,
34,,,120919,,,0.00396107230335474,,,,,,,,,,,
34,,,120939,,,0.09954920411109924,,,,,,,,,,,
34,,,120959,,,0.3379259407520294,,,,,,,,,,,
34,,,120979,,,0.16394667327404022,,,,,,,,,,,
34,,,120999,,,0.001065840944647789,,,,,,,,,,,
34,,,121019,,,0.0016725361347198486,,,,,,,,,,,
34,,,121039,,,0.033353980630636215,,,,,,,,,,,
34,,,121059,,,0.003187664318829775,,,,,,,,,,,
34,,,121079,,,0.28568053245544434,,,,,,,,,,,
34,,,121099,,,0.006022257264703512,,,,,,,,,,,
34,,,121119,,,0.0037481982726603746,,,,,,,,,,,
34,,,121139,,,0.013796496205031872,,,,,,,,,,,
34,,,121159,,,0.00029017915949225426,,,,,,,,,,,
34,,,121179,,,0.07385251671075821,,,,,,,,,,,
34,,,121199,,,0.0002256962761748582,,,,,,,,,,,
34,,,121219,,,5.8475558034842834e-05,,,,,,,,,,,
34,,,121239,,,0.06671715527772903,,,,,,,,,,,
34,,,121259,,,0.000721952470485121,,,,,,,,,,,
34,,,121279,,,0.011417394503951073,,,,,,,,,,,
34,,,121299,,,0.04352584481239319,,,,,,,,,,,
34,,,121319,,,0.09272696077823639,,,,,,,,,,,
34,,,121339,,,0.0003942376933991909,,,,,,,,,,,
34,,,121359,,,0.2776431739330292,,,,,,,,,,,
34,,,121379,,,0.0001711598306428641,,,,,,,,,,,
34,,,121399,,,0.1792852133512497,,,,,,,,,,,
34,,,121419,,,0.08941088616847992,,,,,,,,,,,
34,,,121439,,,0.0021277600899338722,,,,,,,,,,,
34,,,121459,,,1.9073375369771384e-05,,,,,,,,,,,
34,,,121479,,,0.007199764717370272,,,,,,,,,,,
34,,,121499,,,0.2696046233177185,,,,,,,,,,,
34,,,121519,,,0.021339941769838333,,,,,,,,,,,
34,,,121539,,,0.25411251187324524,,,,,,,,,,,
34,,,121559,,,0.10958638042211533,,,,,,,,,,,
34,,,121579,,,0.09621773660182953,,,,,,,,,,,
34,,,121599,,,0.3040541410446167,,,,,,,,,,,
34,,,121619,,,0.059432338923215866,,,,,,,,,,,
34,,,121639,,,0.04165855050086975,,,,,,,,,,,
34,,,121659,,,0.00038012146251276135,,,,,,,,,,,
34,,,121679,,,0.00274336664006114,,,,,,,,,,,
34,,,121699,,,8.496695954818279e-05,,,,,,,,,,,
34,,,121719,,,0.02138807438313961,,,,,,,,,,,
34,,,121739,,,0.03307915851473808,,,,,,,,,,,
34,,,121759,,,0.052403774112463,,,,,,,,,,,
34,,,121779,,,0.001525613130070269,,,,,,,,,,,
34,,,121799,,,0.027827829122543335,,,,,,,,,,,
34,,,121819,,,0.015229028649628162,,,,,,,,,,,
34,,,121839,,,0.02858637645840645,,,,,,,,,,,
34,,,121859,,,0.012609032914042473,,,,,,,,,,,
34,,,121869,,,,0.6262818574905396,0.8721110820770264,0.6369640827178955,2.9571664333343506,0.6661587953567505,0.5592478513717651,0.5906025767326355,0.7016197443008423,0.7574518918991089,0.6149611473083496,0.6262818574905396
34,,,121869,0.9795334339141846,0.05699269101023674,,,,,,,,,,,,
,0.00020740251485476345,0.00020740251485476345,121870,,,,,,,,,,,,,,
35,,,121879,,,0.2672063112258911,,,,,,,,,,,
35,,,121899,,,0.004254850093275309,,,,,,,,,,,
35,,,121919,,,0.2072014957666397,,,,,,,,,,,
35,,,121939,,,0.1994602531194687,,,,,,,,,,,
35,,,121959,,,0.10240338742733002,,,,,,,,,,,
35,,,121979,,,0.006104066036641598,,,,,,,,,,,
35,,,121999,,,0.0007910107378847897,,,,,,,,,,,
35,,,122019,,,0.19873027503490448,,,,,,,,,,,
35,,,122039,,,0.14517143368721008,,,,,,,,,,,
35,,,122059,,,0.08718826621770859,,,,,,,,,,,
35,,,122079,,,0.21412160992622375,,,,,,,,,,,
35,,,122099,,,0.1642819046974182,,,,,,,,,,,
35,,,122119,,,0.0023074946366250515,,,,,,,,,,,
35,,,122139,,,0.0064275143668055534,,,,,,,,,,,
35,,,122159,,,0.03974911943078041,,,,,,,,,,,
35,,,122179,,,0.09158898144960403,,,,,,,,,,,
35,,,122199,,,0.17597852647304535,,,,,,,,,,,
35,,,122219,,,0.17673805356025696,,,,,,,,,,,
35,,,122239,,,0.025830309838056564,,,,,,,,,,,
35,,,122259,,,0.022990602999925613,,,,,,,,,,,
35,,,122279,,,0.0007863760110922158,,,,,,,,,,,
35,,,122299,,,0.04935862123966217,,,,,,,,,,,
35,,,122319,,,0.03731078281998634,,,,,,,,,,,
35,,,122339,,,0.00043416512198746204,,,,,,,,,,,
35,,,122359,,,0.12823371589183807,,,,,,,,,,,
35,,,122379,,,0.012392306700348854,,,,,,,,,,,
35,,,122399,,,0.0059243422001600266,,,,,,,,,,,
35,,,122419,,,0.003992000594735146,,,,,,,,,,,
35,,,122439,,,0.287718802690506,,,,,,,,,,,
35,,,122459,,,0.05465374514460564,,,,,,,,,,,
35,,,122479,,,0.1197279840707779,,,,,,,,,,,
35,,,122499,,,0.0005133837694302201,,,,,,,,,,,
35,,,122519,,,0.0301902387291193,,,,,,,,,,,
35,,,122539,,,0.025719773024320602,,,,,,,,,,,
35,,,122559,,,0.03865597024559975,,,,,,,,,,,
35,,,122579,,,0.0003653279272839427,,,,,,,,,,,
35,,,122599,,,0.0017103702994063497,,,,,,,,,,,
35,,,122619,,,0.053609903901815414,,,,,,,,,,,
35,,,122639,,,0.25461670756340027,,,,,,,,,,,
35,,,122659,,,0.09787342697381973,,,,,,,,,,,
35,,,122679,,,0.00013010908151045442,,,,,,,,,,,
35,,,122699,,,0.045629143714904785,,,,,,,,,,,
35,,,122719,,,0.00010081508662551641,,,,,,,,,,,
35,,,122739,,,0.006381907034665346,,,,,,,,,,,
35,,,122759,,,0.032575108110904694,,,,,,,,,,,
35,,,122779,,,0.12257895618677139,,,,,,,,,,,
35,,,122799,,,0.13022316992282867,,,,,,,,,,,
35,,,122819,,,0.03934523090720177,,,,,,,,,,,
35,,,122839,,,0.02134467102587223,,,,,,,,,,,
35,,,122859,,,0.01927795819938183,,,,,,,,,,,
35,,,122879,,,0.20094548165798187,,,,,,,,,,,
35,,,122899,,,0.025424590334296227,,,,,,,,,,,
35,,,122919,,,0.0015620040940120816,,,,,,,,,,,
35,,,122939,,,0.0008443292463198304,,,,,,,,,,,
35,,,122959,,,0.06700603663921356,,,,,,,,,,,
35,,,122979,,,0.00010906132956733927,,,,,,,,,,,
35,,,122999,,,0.037863340228796005,,,,,,,,,,,
35,,,123019,,,0.06839600950479507,,,,,,,,,,,
35,,,123039,,,0.0712377056479454,,,,,,,,,,,
35,,,123059,,,0.02289006859064102,,,,,,,,,,,
35,,,123079,,,0.13705988228321075,,,,,,,,,,,
35,,,123099,,,0.009856733493506908,,,,,,,,,,,
35,,,123119,,,0.00014385329268407077,,,,,,,,,,,
35,,,123139,,,0.18767012655735016,,,,,,,,,,,
35,,,123159,,,0.13570627570152283,,,,,,,,,,,
35,,,123179,,,0.10435380786657333,,,,,,,,,,,
35,,,123199,,,8.276379958260804e-05,,,,,,,,,,,
35,,,123219,,,0.08567726612091064,,,,,,,,,,,
35,,,123239,,,0.0012570733670145273,,,,,,,,,,,
35,,,123259,,,0.0004713048110716045,,,,,,,,,,,
35,,,123279,,,0.02826887182891369,,,,,,,,,,,
35,,,123299,,,0.17947760224342346,,,,,,,,,,,
35,,,123319,,,0.00038017547922208905,,,,,,,,,,,
35,,,123339,,,0.01604660600423813,,,,,,,,,,,
35,,,123359,,,0.13636045157909393,,,,,,,,,,,
35,,,123379,,,0.07833616435527802,,,,,,,,,,,
35,,,123399,,,0.002353405114263296,,,,,,,,,,,
35,,,123419,,,0.03181973844766617,,,,,,,,,,,
35,,,123439,,,0.024966299533843994,,,,,,,,,,,
35,,,123459,,,0.0021202662028372288,,,,,,,,,,,
35,,,123479,,,0.01431681215763092,,,,,,,,,,,
35,,,123499,,,0.06959465891122818,,,,,,,,,,,
35,,,123519,,,0.21524561941623688,,,,,,,,,,,
35,,,123539,,,0.0005347976111806929,,,,,,,,,,,
35,,,123559,,,0.043542150408029556,,,,,,,,,,,
35,,,123579,,,0.0009912413079291582,,,,,,,,,,,
35,,,123599,,,0.014100578613579273,,,,,,,,,,,
35,,,123619,,,0.06396272778511047,,,,,,,,,,,
35,,,123639,,,0.08213765174150467,,,,,,,,,,,
35,,,123659,,,0.0005113852676004171,,,,,,,,,,,
35,,,123679,,,0.08767524361610413,,,,,,,,,,,
35,,,123699,,,0.014906154945492744,,,,,,,,,,,
35,,,123719,,,0.026159552857279778,,,,,,,,,,,
35,,,123739,,,0.19854581356048584,,,,,,,,,,,
35,,,123759,,,0.18265344202518463,,,,,,,,,,,
35,,,123779,,,0.0014877752400934696,,,,,,,,,,,
35,,,123799,,,6.831868086010218e-05,,,,,,,,,,,
35,,,123819,,,0.3073531985282898,,,,,,,,,,,
35,,,123839,,,0.013343483209609985,,,,,,,,,,,
35,,,123859,,,0.0015879494603723288,,,,,,,,,,,
35,,,123879,,,0.012648601084947586,,,,,,,,,,,
35,,,123899,,,0.33688077330589294,,,,,,,,,,,
35,,,123919,,,0.0001287288760067895,,,,,,,,,,,
35,,,123939,,,0.2104354351758957,,,,,,,,,,,
35,,,123959,,,0.15074601769447327,,,,,,,,,,,
35,,,123979,,,0.000503402785398066,,,,,,,,,,,
35,,,123999,,,0.0005986981559544802,,,,,,,,,,,
35,,,124019,,,0.002540437038987875,,,,,,,,,,,
35,,,124039,,,0.000314371136482805,,,,,,,,,,,
35,,,124059,,,0.08472353219985962,,,,,,,,,,,
35,,,124079,,,0.0007744267350062728,,,,,,,,,,,
35,,,124099,,,0.021284248679876328,,,,,,,,,,,
35,,,124119,,,0.0014409921132028103,,,,,,,,,,,
35,,,124139,,,0.006961773615330458,,,,,,,,,,,
35,,,124159,,,0.032274387776851654,,,,,,,,,,,
35,,,124179,,,0.23106512427330017,,,,,,,,,,,
35,,,124199,,,0.30846577882766724,,,,,,,,,,,
35,,,124219,,,0.012739738449454308,,,,,,,,,,,
35,,,124239,,,0.017612414434552193,,,,,,,,,,,
35,,,124259,,,0.0893602967262268,,,,,,,,,,,
35,,,124279,,,0.026624228805303574,,,,,,,,,,,
35,,,124299,,,0.002742148470133543,,,,,,,,,,,
35,,,124319,,,0.008947632275521755,,,,,,,,,,,
35,,,124339,,,0.036041710525751114,,,,,,,,,,,
35,,,124359,,,0.07540925592184067,,,,,,,,,,,
35,,,124379,,,0.0003639410715550184,,,,,,,,,,,
35,,,124399,,,0.02306021936237812,,,,,,,,,,,
35,,,124419,,,0.2594011425971985,,,,,,,,,,,
35,,,124439,,,0.21748954057693481,,,,,,,,,,,
35,,,124459,,,0.18486319482326508,,,,,,,,,,,
35,,,124479,,,0.2756854295730591,,,,,,,,,,,
35,,,124499,,,9.50747707975097e-05,,,,,,,,,,,
35,,,124519,,,0.00021026072499807924,,,,,,,,,,,
35,,,124539,,,0.000389315711800009,,,,,,,,,,,
35,,,124559,,,0.00015930956578813493,,,,,,,,,,,
35,,,124579,,,0.00032880372600629926,,,,,,,,,,,
35,,,124599,,,0.01984885148704052,,,,,,,,,,,
35,,,124619,,,0.04533153772354126,,,,,,,,,,,
35,,,124639,,,0.00041150167817249894,,,,,,,,,,,
35,,,124659,,,0.02925444021821022,,,,,,,,,,,
35,,,124679,,,0.010900049470365047,,,,,,,,,,,
35,,,124699,,,0.18799369037151337,,,,,,,,,,,
35,,,124719,,,0.010097654536366463,,,,,,,,,,,
35,,,124739,,,0.018182415515184402,,,,,,,,,,,
35,,,124759,,,0.1009562537074089,,,,,,,,,,,
35,,,124779,,,0.019743625074625015,,,,,,,,,,,
35,,,124799,,,0.0004351191164460033,,,,,,,,,,,
35,,,124819,,,0.012082341127097607,,,,,,,,,,,
35,,,124839,,,0.12435686588287354,,,,,,,,,,,
35,,,124859,,,0.009156337939202785,,,,,,,,,,,
35,,,124879,,,0.03547867387533188,,,,,,,,,,,
35,,,124899,,,0.03680897131562233,,,,,,,,,,,
35,,,124919,,,0.1645411252975464,,,,,,,,,,,
35,,,124939,,,0.006419315468519926,,,,,,,,,,,
35,,,124959,,,0.009027271531522274,,,,,,,,,,,
35,,,124979,,,0.019845545291900635,,,,,,,,,,,
35,,,124999,,,0.012550665996968746,,,,,,,,,,,
35,,,125019,,,0.0032737338915467262,,,,,,,,,,,
35,,,125039,,,0.01954696513712406,,,,,,,,,,,
35,,,125059,,,0.0054475245997309685,,,,,,,,,,,
35,,,125079,,,0.11661692708730698,,,,,,,,,,,
35,,,125099,,,0.04721817374229431,,,,,,,,,,,
35,,,125119,,,0.00028418502188287675,,,,,,,,,,,
35,,,125139,,,0.0069562215358018875,,,,,,,,,,,
35,,,125159,,,0.0644194632768631,,,,,,,,,,,
35,,,125179,,,0.046897683292627335,,,,,,,,,,,
35,,,125199,,,0.22059735655784607,,,,,,,,,,,
35,,,125219,,,0.009947283193469048,,,,,,,,,,,
35,,,125239,,,0.000839017448015511,,,,,,,,,,,
35,,,125259,,,0.3490004539489746,,,,,,,,,,,
35,,,125279,,,0.013393869623541832,,,,,,,,,,,
35,,,125299,,,0.01598713919520378,,,,,,,,,,,
35,,,125319,,,0.002569430973380804,,,,,,,,,,,
35,,,125339,,,0.03578998148441315,,,,,,,,,,,
35,,,125351,,,,0.6382913589477539,0.87228924036026,0.6495355367660522,3.3595190048217773,0.7019886374473572,0.5914048552513123,0.6949344277381897,0.6524399518966675,0.7813348770141602,0.6792452931404114,0.6382913589477539
35,,,125351,0.9801703691482544,0.05606330186128616,,,,,,,,,,,,
,0.00020130302149885031,0.00020130302149885031,125352,,,,,,,,,,,,,,
36,,,125359,,,2.454875357216224e-05,,,,,,,,,,,
36,,,125379,,,0.10691214352846146,,,,,,,,,,,
36,,,125399,,,0.012823549099266529,,,,,,,,,,,
36,,,125419,,,0.010820855386555195,,,,,,,,,,,
36,,,125439,,,0.0007142495014704764,,,,,,,,,,,
36,,,125459,,,0.006632952019572258,,,,,,,,,,,
36,,,125479,,,0.00752201909199357,,,,,,,,,,,
36,,,125499,,,0.015675252303481102,,,,,,,,,,,
36,,,125519,,,0.028464825823903084,,,,,,,,,,,
36,,,125539,,,0.02093326300382614,,,,,,,,,,,
36,,,125559,,,0.0018492769449949265,,,,,,,,,,,
36,,,125579,,,0.018076881766319275,,,,,,,,,,,
36,,,125599,,,0.000527221302036196,,,,,,,,,,,
36,,,125619,,,0.06370677798986435,,,,,,,,,,,
36,,,125639,,,0.03382501378655434,,,,,,,,,,,
36,,,125659,,,0.08156571537256241,,,,,,,,,,,
36,,,125679,,,0.008473320864140987,,,,,,,,,,,
36,,,125699,,,0.07350645959377289,,,,,,,,,,,
36,,,125719,,,0.20012831687927246,,,,,,,,,,,
36,,,125739,,,0.007105344906449318,,,,,,,,,,,
36,,,125759,,,0.049264442175626755,,,,,,,,,,,
36,,,125779,,,0.0038035886827856302,,,,,,,,,,,
36,,,125799,,,0.0005831355229020119,,,,,,,,,,,
36,,,125819,,,0.023848598822951317,,,,,,,,,,,
36,,,125839,,,0.1288699358701706,,,,,,,,,,,
36,,,125859,,,0.02163769118487835,,,,,,,,,,,
36,,,125879,,,0.027069861069321632,,,,,,,,,,,
36,,,125899,,,0.0049058073200285435,,,,,,,,,,,
36,,,125919,,,0.03566260263323784,,,,,,,,,,,
36,,,125939,,,0.023847773671150208,,,,,,,,,,,
36,,,125959,,,0.005731191486120224,,,,,,,,,,,
36,,,125979,,,0.0007445625960826874,,,,,,,,,,,
36,,,125999,,,0.09103463590145111,,,,,,,,,,,
36,,,126019,,,0.001180415041744709,,,,,,,,,,,
36,,,126039,,,0.09035173803567886,,,,,,,,,,,
36,,,126059,,,0.05235889181494713,,,,,,,,,,,
36,,,126079,,,0.0002589273208286613,,,,,,,,,,,
36,,,126099,,,0.00023995694937184453,,,,,,,,,,,
36,,,126119,,,0.2510443925857544,,,,,,,,,,,
36,,,126139,,,0.022750258445739746,,,,,,,,,,,
36,,,126159,,,0.004539751447737217,,,,,,,,,,,
36,,,126179,,,0.0010072770528495312,,,,,,,,,,,
36,,,126199,,,0.06272011250257492,,,,,,,,,,,
36,,,126219,,,0.04249882325530052,,,,,,,,,,,
36,,,126239,,,0.008448302745819092,,,,,,,,,,,
36,,,126259,,,0.04163859412074089,,,,,,,,,,,
36,,,126279,,,0.0002855167258530855,,,,,,,,,,,
36,,,126299,,,0.0018158785533159971,,,,,,,,,,,
36,,,126319,,,0.05376632511615753,,,,,,,,,,,
36,,,126339,,,0.10584603995084763,,,,,,,,,,,
36,,,126359,,,8.280249312520027e-05,,,,,,,,,,,
36,,,126379,,,0.10136028379201889,,,,,,,,,,,
36,,,126399,,,0.04623110219836235,,,,,,,,,,,
36,,,126419,,,0.0985758826136589,,,,,,,,,,,
36,,,126439,,,0.27490589022636414,,,,,,,,,,,
36,,,126459,,,0.024029893800616264,,,,,,,,,,,
36,,,126479,,,0.0003248198190703988,,,,,,,,,,,
36,,,126499,,,0.11464269459247589,,,,,,,,,,,
36,,,126519,,,0.24321113526821136,,,,,,,,,,,
36,,,126539,,,0.04888845235109329,,,,,,,,,,,
36,,,126559,,,0.1402369886636734,,,,,,,,,,,
36,,,126579,,,0.0005038816598244011,,,,,,,,,,,
36,,,126599,,,0.0005882639670744538,,,,,,,,,,,
36,,,126619,,,0.046770188957452774,,,,,,,,,,,
36,,,126639,,,6.316688086371869e-05,,,,,,,,,,,
36,,,126659,,,0.0002469267637934536,,,,,,,,,,,
36,,,126679,,,0.0003841978614218533,,,,,,,,,,,
36,,,126699,,,0.00414685346186161,,,,,,,,,,,
36,,,126719,,,0.007500041276216507,,,,,,,,,,,
36,,,126739,,,0.0008944469736889005,,,,,,,,,,,
36,,,126759,,,0.27723997831344604,,,,,,,,,,,
36,,,126779,,,0.020657997578382492,,,,,,,,,,,
36,,,126799,,,0.0008433141047134995,,,,,,,,,,,
36,,,126819,,,0.008582633920013905,,,,,,,,,,,
36,,,126839,,,0.030578838661313057,,,,,,,,,,,
36,,,126859,,,0.011026882566511631,,,,,,,,,,,
36,,,126879,,,0.3192873001098633,,,,,,,,,,,
36,,,126899,,,0.004039534833282232,,,,,,,,,,,
36,,,126919,,,0.013518129475414753,,,,,,,,,,,
36,,,126939,,,0.010327102616429329,,,,,,,,,,,
36,,,126959,,,0.0001180307735921815,,,,,,,,,,,
36,,,126979,,,0.04750952124595642,,,,,,,,,,,
36,,,126999,,,0.00016653785132803023,,,,,,,,,,,
36,,,127019,,,0.31806692481040955,,,,,,,,,,,
36,,,127039,,,0.0007438420434482396,,,,,,,,,,,
36,,,127059,,,0.1892618089914322,,,,,,,,,,,
36,,,127079,,,0.00951560027897358,,,,,,,,,,,
36,,,127099,,,0.1813458353281021,,,,,,,,,,,
36,,,127119,,,0.014640913344919682,,,,,,,,,,,
36,,,127139,,,0.002390390494838357,,,,,,,,,,,
36,,,127159,,,0.008102687075734138,,,,,,,,,,,
36,,,127179,,,0.09905014932155609,,,,,,,,,,,
36,,,127199,,,0.0029050784651190042,,,,,,,,,,,
36,,,127219,,,0.00019964613602496684,,,,,,,,,,,
36,,,127239,,,0.1734165996313095,,,,,,,,,,,
36,,,127259,,,0.00016205006977543235,,,,,,,,,,,
36,,,127279,,,0.023219358175992966,,,,,,,,,,,
36,,,127299,,,0.07192864269018173,,,,,,,,,,,
36,,,127319,,,0.0010371304815635085,,,,,,,,,,,
36,,,127339,,,0.00015427308971993625,,,,,,,,,,,
36,,,127359,,,0.0006079475278966129,,,,,,,,,,,
36,,,127379,,,0.0007240214035846293,,,,,,,,,,,
36,,,127399,,,0.053352952003479004,,,,,,,,,,,
36,,,127419,,,0.022575804963707924,,,,,,,,,,,
36,,,127439,,,0.037058331072330475,,,,,,,,,,,
36,,,127459,,,0.014902339316904545,,,,,,,,,,,
36,,,127479,,,0.0015853975201025605,,,,,,,,,,,
36,,,127499,,,0.0002818460634443909,,,,,,,,,,,
36,,,127519,,,0.06765499711036682,,,,,,,,,,,
36,,,127539,,,0.1359926164150238,,,,,,,,,,,
36,,,127559,,,0.00022703508147969842,,,,,,,,,,,
36,,,127579,,,0.1562454253435135,,,,,,,,,,,
36,,,127599,,,0.04321397468447685,,,,,,,,,,,
36,,,127619,,,0.014688339084386826,,,,,,,,,,,
36,,,127639,,,0.23768781125545502,,,,,,,,,,,
36,,,127659,,,0.09912664443254471,,,,,,,,,,,
36,,,127679,,,0.0013557857600972056,,,,,,,,,,,
36,,,127699,,,0.0008238347945734859,,,,,,,,,,,
36,,,127719,,,0.05691920965909958,,,,,,,,,,,
36,,,127739,,,0.0012176305754110217,,,,,,,,,,,
36,,,127759,,,0.13874268531799316,,,,,,,,,,,
36,,,127779,,,0.03809669613838196,,,,,,,,,,,
36,,,127799,,,0.0009869352215901017,,,,,,,,,,,
36,,,127819,,,0.02068057842552662,,,,,,,,,,,
36,,,127839,,,0.016784753650426865,,,,,,,,,,,
36,,,127859,,,0.047349896281957626,,,,,,,,,,,
36,,,127879,,,0.03503313288092613,,,,,,,,,,,
36,,,127899,,,0.19335001707077026,,,,,,,,,,,
36,,,127919,,,0.008683773688971996,,,,,,,,,,,
36,,,127939,,,0.006969894282519817,,,,,,,,,,,
36,,,127959,,,0.0431375652551651,,,,,,,,,,,
36,,,127979,,,0.17978301644325256,,,,,,,,,,,
36,,,127999,,,0.00015493665705434978,,,,,,,,,,,
36,,,128019,,,0.011015266180038452,,,,,,,,,,,
36,,,128039,,,0.0002067169698420912,,,,,,,,,,,
36,,,128059,,,0.013132868334650993,,,,,,,,,,,
36,,,128079,,,0.01695363037288189,,,,,,,,,,,
36,,,128099,,,0.2647745907306671,,,,,,,,,,,
36,,,128119,,,0.0027986872009932995,,,,,,,,,,,
36,,,128139,,,0.0007393386913463473,,,,,,,,,,,
36,,,128159,,,0.022103561088442802,,,,,,,,,,,
36,,,128179,,,0.00012726866407319903,,,,,,,,,,,
36,,,128199,,,0.00031806499464437366,,,,,,,,,,,
36,,,128219,,,0.009656236506998539,,,,,,,,,,,
36,,,128239,,,0.056317832320928574,,,,,,,,,,,
36,,,128259,,,0.0005194238619878888,,,,,,,,,,,
36,,,128279,,,0.011217966675758362,,,,,,,,,,,
36,,,128299,,,0.025645719841122627,,,,,,,,,,,
36,,,128319,,,0.061205483973026276,,,,,,,,,,,
36,,,128339,,,0.24302102625370026,,,,,,,,,,,
36,,,128359,,,0.23560114204883575,,,,,,,,,,,
36,,,128379,,,0.00013037538155913353,,,,,,,,,,,
36,,,128399,,,0.01332099549472332,,,,,,,,,,,
36,,,128419,,,0.08665952831506729,,,,,,,,,,,
36,,,128439,,,0.000519643712323159,,,,,,,,,,,
36,,,128459,,,0.29308441281318665,,,,,,,,,,,
36,,,128479,,,0.03303428739309311,,,,,,,,,,,
36,,,128499,,,0.02162264473736286,,,,,,,,,,,
36,,,128519,,,0.01824246533215046,,,,,,,,,,,
36,,,128539,,,0.001033018110319972,,,,,,,,,,,
36,,,128559,,,0.0018319312948733568,,,,,,,,,,,
36,,,128579,,,0.4120360016822815,,,,,,,,,,,
36,,,128599,,,0.05882332846522331,,,,,,,,,,,
36,,,128619,,,0.018161797896027565,,,,,,,,,,,
36,,,128639,,,0.05180618166923523,,,,,,,,,,,
36,,,128659,,,0.02527596242725849,,,,,,,,,,,
36,,,128679,,,0.014136267825961113,,,,,,,,,,,
36,,,128699,,,0.011506005190312862,,,,,,,,,,,
36,,,128719,,,0.00019212697225157171,,,,,,,,,,,
36,,,128739,,,0.044234082102775574,,,,,,,,,,,
36,,,128759,,,0.08865834772586823,,,,,,,,,,,
36,,,128779,,,0.11435465514659882,,,,,,,,,,,
36,,,128799,,,0.08611559867858887,,,,,,,,,,,
36,,,128819,,,0.17757591605186462,,,,,,,,,,,
36,,,128833,,,,0.6277371644973755,0.86214280128479,0.6400423049926758,3.4657559394836426,0.6869561076164246,0.5656331181526184,0.6441580653190613,0.6411225199699402,0.7801320552825928,0.6824116706848145,0.6277371644973755
36,,,128833,0.9810134172439575,0.05309810861945152,,,,,,,,,,,,
,0.00019510586992564093,0.00019510586992564093,128834,,,,,,,,,,,,,,
37,,,128839,,,0.008063145913183689,,,,,,,,,,,
37,,,128859,,,8.755442831898108e-05,,,,,,,,,,,
37,,,128879,,,0.00033345865085721016,,,,,,,,,,,
37,,,128899,,,4.564701521303505e-05,,,,,,,,,,,
37,,,128919,,,0.04032125696539879,,,,,,,,,,,
37,,,128939,,,0.009681043215095997,,,,,,,,,,,
37,,,128959,,,0.01893448829650879,,,,,,,,,,,
37,,,128979,,,0.005158622283488512,,,,,,,,,,,
37,,,128999,,,0.07257851958274841,,,,,,,,,,,
37,,,129019,,,0.007214984390884638,,,,,,,,,,,
37,,,129039,,,5.947237150394358e-05,,,,,,,,,,,
37,,,129059,,,0.08640424907207489,,,,,,,,,,,
37,,,129079,,,0.03763323277235031,,,,,,,,,,,
37,,,129099,,,0.29950419068336487,,,,,,,,,,,
37,,,129119,,,0.035074230283498764,,,,,,,,,,,
37,,,129139,,,0.0027231876738369465,,,,,,,,,,,
37,,,129159,,,0.0070212166756391525,,,,,,,,,,,
37,,,129179,,,0.03694421052932739,,,,,,,,,,,
37,,,129199,,,0.0015792991034686565,,,,,,,,,,,
37,,,129219,,,0.054768819361925125,,,,,,,,,,,
37,,,129239,,,0.003479701466858387,,,,,,,,,,,
37,,,129259,,,0.00042480998672544956,,,,,,,,,,,
37,,,129279,,,0.1225152537226677,,,,,,,,,,,
37,,,129299,,,0.006801605690270662,,,,,,,,,,,
37,,,129319,,,0.18958181142807007,,,,,,,,,,,
37,,,129339,,,0.0018299648072570562,,,,,,,,,,,
37,,,129359,,,0.08751019090414047,,,,,,,,,,,
37,,,129379,,,0.002936057047918439,,,,,,,,,,,
37,,,129399,,,0.009837066754698753,,,,,,,,,,,
37,,,129419,,,8.927565795602277e-05,,,,,,,,,,,
37,,,129439,,,0.07051252573728561,,,,,,,,,,,
37,,,129459,,,0.00042289099656045437,,,,,,,,,,,
37,,,129479,,,0.03572425618767738,,,,,,,,,,,
37,,,129499,,,0.00026665584300644696,,,,,,,,,,,
37,,,129519,,,0.00029175239615142345,,,,,,,,,,,
37,,,129539,,,0.18333011865615845,,,,,,,,,,,
37,,,129559,,,0.0015470172511413693,,,,,,,,,,,
37,,,129579,,,0.049963779747486115,,,,,,,,,,,
37,,,129599,,,0.0648726373910904,,,,,,,,,,,
37,,,129619,,,0.00020472875621635467,,,,,,,,,,,
37,,,129639,,,0.052620720118284225,,,,,,,,,,,
37,,,129659,,,0.00010832716361619532,,,,,,,,,,,
37,,,129679,,,0.01080382615327835,,,,,,,,,,,
37,,,129699,,,0.0016272286884486675,,,,,,,,,,,
37,,,129719,,,0.0011003862600773573,,,,,,,,,,,
37,,,129739,,,0.07345623522996902,,,,,,,,,,,
37,,,129759,,,0.0756593868136406,,,,,,,,,,,
37,,,129779,,,0.05062710866332054,,,,,,,,,,,
37,,,129799,,,0.0025630882009863853,,,,,,,,,,,
37,,,129819,,,0.001666420605033636,,,,,,,,,,,
37,,,129839,,,0.01964268833398819,,,,,,,,,,,
37,,,129859,,,0.0005137074622325599,,,,,,,,,,,
37,,,129879,,,0.047693707048892975,,,,,,,,,,,
37,,,129899,,,0.1778171807527542,,,,,,,,,,,
37,,,129919,,,0.0009103385964408517,,,,,,,,,,,
37,,,129939,,,0.0016523736994713545,,,,,,,,,,,
37,,,129959,,,0.0684848353266716,,,,,,,,,,,
37,,,129979,,,0.014396016485989094,,,,,,,,,,,
37,,,129999,,,0.00015686331607867032,,,,,,,,,,,
37,,,130019,,,0.03561596944928169,,,,,,,,,,,
37,,,130039,,,0.00017460889648646116,,,,,,,,,,,
37,,,130059,,,0.0035761292092502117,,,,,,,,,,,
37,,,130079,,,0.018617777153849602,,,,,,,,,,,
37,,,130099,,,0.03723727911710739,,,,,,,,,,,
37,,,130119,,,0.023995209485292435,,,,,,,,,,,
37,,,130139,,,0.029868630692362785,,,,,,,,,,,
37,,,130159,,,0.01011681742966175,,,,,,,,,,,
37,,,130179,,,0.09425243735313416,,,,,,,,,,,
37,,,130199,,,0.00014600696158595383,,,,,,,,,,,
37,,,130219,,,7.000978075666353e-05,,,,,,,,,,,
37,,,130239,,,0.1655915081501007,,,,,,,,,,,
37,,,130259,,,0.02541370876133442,,,,,,,,,,,
37,,,130279,,,0.010666207410395145,,,,,,,,,,,
37,,,130299,,,0.054987967014312744,,,,,,,,,,,
37,,,130319,,,0.26887431740760803,,,,,,,,,,,
37,,,130339,,,0.003817035350948572,,,,,,,,,,,
37,,,130359,,,0.0010536162881180644,,,,,,,,,,,
37,,,130379,,,0.005901181139051914,,,,,,,,,,,
37,,,130399,,,0.004082679748535156,,,,,,,,,,,
37,,,130419,,,0.003003232181072235,,,,,,,,,,,
37,,,130439,,,0.03794586658477783,,,,,,,,,,,
37,,,130459,,,0.020568059757351875,,,,,,,,,,,
37,,,130479,,,0.11096310615539551,,,,,,,,,,,
37,,,130499,,,0.09549178183078766,,,,,,,,,,,
37,,,130519,,,0.04269624501466751,,,,,,,,,,,
37,,,130539,,,0.049338314682245255,,,,,,,,,,,
37,,,130559,,,0.00029871193692088127,,,,,,,,,,,
37,,,130579,,,0.01671585813164711,,,,,,,,,,,
37,,,130599,,,0.06697016209363937,,,,,,,,,,,
37,,,130619,,,0.0029305792413651943,,,,,,,,,,,
37,,,130639,,,0.011905918829143047,,,,,,,,,,,
37,,,130659,,,0.16289347410202026,,,,,,,,,,,
37,,,130679,,,0.06087349355220795,,,,,,,,,,,
37,,,130699,,,0.014883545227348804,,,,,,,,,,,
37,,,130719,,,0.05349363014101982,,,,,,,,,,,
37,,,130739,,,0.00023013961617834866,,,,,,,,,,,
37,,,130759,,,0.02935834601521492,,,,,,,,,,,
37,,,130779,,,0.007826846092939377,,,,,,,,,,,
37,,,130799,,,1.5196259482763708e-05,,,,,,,,,,,
37,,,130819,,,0.14125198125839233,,,,,,,,,,,
37,,,130839,,,0.0021702491212636232,,,,,,,,,,,
37,,,130859,,,0.114803746342659,,,,,,,,,,,
37,,,130879,,,0.12882180511951447,,,,,,,,,,,
37,,,130899,,,0.16000522673130035,,,,,,,,,,,
37,,,130919,,,0.021892087534070015,,,,,,,,,,,
37,,,130939,,,0.0005505899316631258,,,,,,,,,,,
37,,,130959,,,0.022041158750653267,,,,,,,,,,,
37,,,130979,,,0.0005361355724744499,,,,,,,,,,,
37,,,130999,,,0.18597015738487244,,,,,,,,,,,
37,,,131019,,,0.3090306520462036,,,,,,,,,,,
37,,,131039,,,0.00037762970896437764,,,,,,,,,,,
37,,,131059,,,0.02251466177403927,,,,,,,,,,,
37,,,131079,,,0.0002093044895445928,,,,,,,,,,,
37,,,131099,,,0.06360188126564026,,,,,,,,,,,
37,,,131119,,,0.003125922754406929,,,,,,,,,,,
37,,,131139,,,0.07854992151260376,,,,,,,,,,,
37,,,131159,,,0.03484643995761871,,,,,,,,,,,
37,,,131179,,,0.0002693147398531437,,,,,,,,,,,
37,,,131199,,,0.012747393921017647,,,,,,,,,,,
37,,,131219,,,8.981744758784771e-05,,,,,,,,,,,
37,,,131239,,,0.03150192275643349,,,,,,,,,,,
37,,,131259,,,0.0006666992558166385,,,,,,,,,,,
37,,,131279,,,0.08848874270915985,,,,,,,,,,,
37,,,131299,,,0.0019259167602285743,,,,,,,,,,,
37,,,131319,,,0.2807674705982208,,,,,,,,,,,
37,,,131339,,,0.1372653841972351,,,,,,,,,,,
37,,,131359,,,0.0009564976207911968,,,,,,,,,,,
37,,,131379,,,0.08998095989227295,,,,,,,,,,,
37,,,131399,,,6.09597991569899e-05,,,,,,,,,,,
37,,,131419,,,0.150736004114151,,,,,,,,,,,
37,,,131439,,,0.12207449227571487,,,,,,,,,,,
37,,,131459,,,0.08159829676151276,,,,,,,,,,,
37,,,131479,,,0.08537794649600983,,,,,,,,,,,
37,,,131499,,,0.13533946871757507,,,,,,,,,,,
37,,,131519,,,0.001078411703929305,,,,,,,,,,,
37,,,131539,,,0.0008800223586149514,,,,,,,,,,,
37,,,131559,,,0.07918253540992737,,,,,,,,,,,
37,,,131579,,,0.10298129916191101,,,,,,,,,,,
37,,,131599,,,0.0854739099740982,,,,,,,,,,,
37,,,131619,,,0.05681832134723663,,,,,,,,,,,
37,,,131639,,,0.09939395636320114,,,,,,,,,,,
37,,,131659,,,0.0025644891429692507,,,,,,,,,,,
37,,,131679,,,0.15227659046649933,,,,,,,,,,,
37,,,131699,,,0.0005626896163448691,,,,,,,,,,,
37,,,131719,,,0.1101662814617157,,,,,,,,,,,
37,,,131739,,,0.0022206336725503206,,,,,,,,,,,
37,,,131759,,,0.01963270828127861,,,,,,,,,,,
37,,,131779,,,0.006419723387807608,,,,,,,,,,,
37,,,131799,,,0.021444816142320633,,,,,,,,,,,
37,,,131819,,,0.16171279549598694,,,,,,,,,,,
37,,,131839,,,0.04676065966486931,,,,,,,,,,,
37,,,131859,,,0.015792841091752052,,,,,,,,,,,
37,,,131879,,,0.000786663731560111,,,,,,,,,,,
37,,,131899,,,0.06062385439872742,,,,,,,,,,,
37,,,131919,,,0.009607509709894657,,,,,,,,,,,
37,,,131939,,,0.0068781739100813866,,,,,,,,,,,
37,,,131959,,,0.01292623020708561,,,,,,,,,,,
37,,,131979,,,0.07757214456796646,,,,,,,,,,,
37,,,131999,,,0.46935200691223145,,,,,,,,,,,
37,,,132019,,,0.00019207106379326433,,,,,,,,,,,
37,,,132039,,,0.00021627989190164953,,,,,,,,,,,
37,,,132059,,,0.0010338140418753028,,,,,,,,,,,
37,,,132079,,,0.09812320023775101,,,,,,,,,,,
37,,,132099,,,0.014332963153719902,,,,,,,,,,,
37,,,132119,,,0.0007935558678582311,,,,,,,,,,,
37,,,132139,,,0.22761890292167664,,,,,,,,,,,
37,,,132159,,,1.632584462640807e-05,,,,,,,,,,,
37,,,132179,,,0.13200749456882477,,,,,,,,,,,
37,,,132199,,,0.008558235131204128,,,,,,,,,,,
37,,,132219,,,0.031383320689201355,,,,,,,,,,,
37,,,132239,,,0.07429162412881851,,,,,,,,,,,
37,,,132259,,,0.19736254215240479,,,,,,,,,,,
37,,,132279,,,0.0010612525511533022,,,,,,,,,,,
37,,,132299,,,0.0024639051407575607,,,,,,,,,,,
37,,,132315,,,,0.6093563437461853,0.8353214859962463,0.6238572001457214,4.15924072265625,0.6886690855026245,0.5419352650642395,0.6532095074653625,0.5833452939987183,0.7835282683372498,0.7345932722091675,0.6093563437461853
37,,,132315,0.9808568954467773,0.05371066927909851,,,,,,,,,,,,
,0.0001888228567653781,0.0001888228567653781,132316,,,,,,,,,,,,,,
38,,,132319,,,0.0005533111980184913,,,,,,,,,,,
38,,,132339,,,0.0004008039541076869,,,,,,,,,,,
38,,,132359,,,0.017060410231351852,,,,,,,,,,,
38,,,132379,,,0.042724523693323135,,,,,,,,,,,
38,,,132399,,,0.12633360922336578,,,,,,,,,,,
38,,,132419,,,0.010435440577566624,,,,,,,,,,,
38,,,132439,,,0.1115952655673027,,,,,,,,,,,
38,,,132459,,,0.19582374393939972,,,,,,,,,,,
38,,,132479,,,0.02789066731929779,,,,,,,,,,,
38,,,132499,,,0.13927236199378967,,,,,,,,,,,
38,,,132519,,,0.0573040172457695,,,,,,,,,,,
38,,,132539,,,0.00042544223833829165,,,,,,,,,,,
38,,,132559,,,0.0010333178797736764,,,,,,,,,,,
38,,,132579,,,0.11038969457149506,,,,,,,,,,,
38,,,132599,,,0.00018834439106285572,,,,,,,,,,,
38,,,132619,,,0.08160040527582169,,,,,,,,,,,
38,,,132639,,,0.00021356643992476165,,,,,,,,,,,
38,,,132659,,,0.007405505981296301,,,,,,,,,,,
38,,,132679,,,0.00015867121692281216,,,,,,,,,,,
38,,,132699,,,0.16230712831020355,,,,,,,,,,,
38,,,132719,,,3.2292824471369386e-05,,,,,,,,,,,
38,,,132739,,,2.9397831895039417e-05,,,,,,,,,,,
38,,,132759,,,0.14400939643383026,,,,,,,,,,,
38,,,132779,,,0.010078462772071362,,,,,,,,,,,
38,,,132799,,,0.08035247772932053,,,,,,,,,,,
38,,,132819,,,0.024284666404128075,,,,,,,,,,,
38,,,132839,,,0.05173196271061897,,,,,,,,,,,
38,,,132859,,,0.001537426607683301,,,,,,,,,,,
38,,,132879,,,0.002651762682944536,,,,,,,,,,,
38,,,132899,,,0.0003898511058650911,,,,,,,,,,,
38,,,132919,,,0.0005615839036181569,,,,,,,,,,,
38,,,132939,,,0.022390466183423996,,,,,,,,,,,
38,,,132959,,,0.005334497895091772,,,,,,,,,,,
38,,,132979,,,0.00035201417631469667,,,,,,,,,,,
38,,,132999,,,3.214743628632277e-05,,,,,,,,,,,
38,,,133019,,,0.008404652588069439,,,,,,,,,,,
38,,,133039,,,0.001108884927816689,,,,,,,,,,,
38,,,133059,,,0.00822847243398428,,,,,,,,,,,
38,,,133079,,,0.0732799619436264,,,,,,,,,,,
38,,,133099,,,0.09470388293266296,,,,,,,,,,,
38,,,133119,,,0.0010387989459559321,,,,,,,,,,,
38,,,133139,,,0.06867332011461258,,,,,,,,,,,
38,,,133159,,,0.3211509883403778,,,,,,,,,,,
38,,,133179,,,0.1519855111837387,,,,,,,,,,,
38,,,133199,,,0.12948565185070038,,,,,,,,,,,
38,,,133219,,,6.407318142009899e-05,,,,,,,,,,,
38,,,133239,,,0.002508138306438923,,,,,,,,,,,
38,,,133259,,,0.19712787866592407,,,,,,,,,,,
38,,,133279,,,0.15722696483135223,,,,,,,,,,,
38,,,133299,,,0.0003625758399721235,,,,,,,,,,,
38,,,133319,,,0.07624609023332596,,,,,,,,,,,
38,,,133339,,,0.05133549124002457,,,,,,,,,,,
38,,,133359,,,0.1057669073343277,,,,,,,,,,,
38,,,133379,,,0.029024168848991394,,,,,,,,,,,
38,,,133399,,,0.00018847506726160645,,,,,,,,,,,
38,,,133419,,,0.08263273537158966,,,,,,,,,,,
38,,,133439,,,5.747875911765732e-05,,,,,,,,,,,
38,,,133459,,,0.003015238093212247,,,,,,,,,,,
38,,,133479,,,0.0030143624171614647,,,,,,,,,,,
38,,,133499,,,0.03319137543439865,,,,,,,,,,,
38,,,133519,,,0.01704540103673935,,,,,,,,,,,
38,,,133539,,,0.002139287069439888,,,,,,,,,,,
38,,,133559,,,0.00019218039233237505,,,,,,,,,,,
38,,,133579,,,0.1464296579360962,,,,,,,,,,,
38,,,133599,,,0.02069113776087761,,,,,,,,,,,
38,,,133619,,,0.00023453941685147583,,,,,,,,,,,
38,,,133639,,,0.00017977409879676998,,,,,,,,,,,
38,,,133659,,,0.08571875840425491,,,,,,,,,,,
38,,,133679,,,0.0147966668009758,,,,,,,,,,,
38,,,133699,,,0.00018423894653096795,,,,,,,,,,,
38,,,133719,,,0.0043215504847466946,,,,,,,,,,,
38,,,133739,,,0.1801154613494873,,,,,,,,,,,
38,,,133759,,,0.0009959910530596972,,,,,,,,,,,
38,,,133779,,,0.0473477765917778,,,,,,,,,,,
38,,,133799,,,0.024562835693359375,,,,,,,,,,,
38,,,133819,,,3.4432890970492736e-05,,,,,,,,,,,
38,,,133839,,,0.005903874523937702,,,,,,,,,,,
38,,,133859,,,0.00056964106624946,,,,,,,,,,,
38,,,133879,,,0.04788222163915634,,,,,,,,,,,
38,,,133899,,,0.01120111346244812,,,,,,,,,,,
38,,,133919,,,0.0001118858708650805,,,,,,,,,,,
38,,,133939,,,0.1390705108642578,,,,,,,,,,,
38,,,133959,,,0.2941073775291443,,,,,,,,,,,
38,,,133979,,,0.004281072411686182,,,,,,,,,,,
38,,,133999,,,0.4104165732860565,,,,,,,,,,,
38,,,134019,,,0.039393264800310135,,,,,,,,,,,
38,,,134039,,,0.05945897102355957,,,,,,,,,,,
38,,,134059,,,0.004755057860165834,,,,,,,,,,,
38,,,134079,,,0.005344940349459648,,,,,,,,,,,
38,,,134099,,,0.026069724932312965,,,,,,,,,,,
38,,,134119,,,0.08710914850234985,,,,,,,,,,,
38,,,134139,,,0.00034267682349309325,,,,,,,,,,,
38,,,134159,,,0.0009821202838793397,,,,,,,,,,,
38,,,134179,,,0.27660441398620605,,,,,,,,,,,
38,,,134199,,,0.00768691673874855,,,,,,,,,,,
38,,,134219,,,0.0074142334051430225,,,,,,,,,,,
38,,,134239,,,0.102213554084301,,,,,,,,,,,
38,,,134259,,,0.0038974261842668056,,,,,,,,,,,
38,,,134279,,,0.0008931572083383799,,,,,,,,,,,
38,,,134299,,,0.0028064455837011337,,,,,,,,,,,
38,,,134319,,,0.032713741064071655,,,,,,,,,,,
38,,,134339,,,0.022162050008773804,,,,,,,,,,,
38,,,134359,,,0.001444260822609067,,,,,,,,,,,
38,,,134379,,,0.0011998398695141077,,,,,,,,,,,
38,,,134399,,,0.0959298312664032,,,,,,,,,,,
38,,,134419,,,0.000832165009342134,,,,,,,,,,,
38,,,134439,,,0.03550055995583534,,,,,,,,,,,
38,,,134459,,,0.005419973749667406,,,,,,,,,,,
38,,,134479,,,0.009488452225923538,,,,,,,,,,,
38,,,134499,,,0.046022843569517136,,,,,,,,,,,
38,,,134519,,,0.0047301133163273335,,,,,,,,,,,
38,,,134539,,,0.054547056555747986,,,,,,,,,,,
38,,,134559,,,0.11471003293991089,,,,,,,,,,,
38,,,134579,,,0.12305863946676254,,,,,,,,,,,
38,,,134599,,,0.0018324271077290177,,,,,,,,,,,
38,,,134619,,,0.0010892325080931187,,,,,,,,,,,
38,,,134639,,,0.00251179002225399,,,,,,,,,,,
38,,,134659,,,0.16844624280929565,,,,,,,,,,,
38,,,134679,,,0.2086976170539856,,,,,,,,,,,
38,,,134699,,,0.009642461314797401,,,,,,,,,,,
38,,,134719,,,0.19937318563461304,,,,,,,,,,,
38,,,134739,,,0.06846875697374344,,,,,,,,,,,
38,,,134759,,,0.31549015641212463,,,,,,,,,,,
38,,,134779,,,0.0007189758471213281,,,,,,,,,,,
38,,,134799,,,0.2913443148136139,,,,,,,,,,,
38,,,134819,,,0.024522138759493828,,,,,,,,,,,
38,,,134839,,,0.05749686434864998,,,,,,,,,,,
38,,,134859,,,0.00040537118911743164,,,,,,,,,,,
38,,,134879,,,0.0006073459517210722,,,,,,,,,,,
38,,,134899,,,0.011750701814889908,,,,,,,,,,,
38,,,134919,,,0.34726783633232117,,,,,,,,,,,
38,,,134939,,,0.23558437824249268,,,,,,,,,,,
38,,,134959,,,0.020236322656273842,,,,,,,,,,,
38,,,134979,,,0.3852437138557434,,,,,,,,,,,
38,,,134999,,,0.193831667304039,,,,,,,,,,,
38,,,135019,,,0.06809044629335403,,,,,,,,,,,
38,,,135039,,,0.025297123938798904,,,,,,,,,,,
38,,,135059,,,0.021773790940642357,,,,,,,,,,,
38,,,135079,,,0.018689513206481934,,,,,,,,,,,
38,,,135099,,,0.007400251924991608,,,,,,,,,,,
38,,,135119,,,0.0025513903237879276,,,,,,,,,,,
38,,,135139,,,0.2496660053730011,,,,,,,,,,,
38,,,135159,,,0.03181084990501404,,,,,,,,,,,
38,,,135179,,,0.0006160031189210713,,,,,,,,,,,
38,,,135199,,,0.00034393195528537035,,,,,,,,,,,
38,,,135219,,,9.00037121027708e-05,,,,,,,,,,,
38,,,135239,,,0.0385558046400547,,,,,,,,,,,
38,,,135259,,,0.002186598489060998,,,,,,,,,,,
38,,,135279,,,0.04005379229784012,,,,,,,,,,,
38,,,135299,,,0.03537748008966446,,,,,,,,,,,
38,,,135319,,,0.042831793427467346,,,,,,,,,,,
38,,,135339,,,0.1935691386461258,,,,,,,,,,,
38,,,135359,,,0.004250975325703621,,,,,,,,,,,
38,,,135379,,,0.00016418399172835052,,,,,,,,,,,
38,,,135399,,,4.016690581920557e-05,,,,,,,,,,,
38,,,135419,,,0.04845042526721954,,,,,,,,,,,
38,,,135439,,,0.0002663947525434196,,,,,,,,,,,
38,,,135459,,,0.13408377766609192,,,,,,,,,,,
38,,,135479,,,0.0013601465616375208,,,,,,,,,,,
38,,,135499,,,0.0022600945085287094,,,,,,,,,,,
38,,,135519,,,0.02733771689236164,,,,,,,,,,,
38,,,135539,,,0.008171794936060905,,,,,,,,,,,
38,,,135559,,,0.020927628502249718,,,,,,,,,,,
38,,,135579,,,0.0001663711154833436,,,,,,,,,,,
38,,,135599,,,0.10255418717861176,,,,,,,,,,,
38,,,135619,,,0.00016624618729110807,,,,,,,,,,,
38,,,135639,,,0.0024885591119527817,,,,,,,,,,,
38,,,135659,,,0.014223994687199593,,,,,,,,,,,
38,,,135679,,,5.1977101975353435e-05,,,,,,,,,,,
38,,,135699,,,0.018903745338320732,,,,,,,,,,,
38,,,135719,,,0.0017360032070428133,,,,,,,,,,,
38,,,135739,,,0.022504134103655815,,,,,,,,,,,
38,,,135759,,,0.19826413691043854,,,,,,,,,,,
38,,,135779,,,0.019762957468628883,,,,,,,,,,,
38,,,135797,,,,0.6525380611419678,0.872713565826416,0.6637809872627258,3.0163826942443848,0.689246654510498,0.580815315246582,0.6634765863418579,0.6754897832870483,0.7550218105316162,0.662998616695404,0.6525380611419678
38,,,135797,0.9822481870651245,0.05093178525567055,,,,,,,,,,,,
,0.0001824659420907154,0.0001824659420907154,135798,,,,,,,,,,,,,,
39,,,135799,,,0.09943077713251114,,,,,,,,,,,
39,,,135819,,,0.00157273025251925,,,,,,,,,,,
39,,,135839,,,0.20123206079006195,,,,,,,,,,,
39,,,135859,,,0.0035615433007478714,,,,,,,,,,,
39,,,135879,,,0.02268913760781288,,,,,,,,,,,
39,,,135899,,,0.018660569563508034,,,,,,,,,,,
39,,,135919,,,0.0021174962166696787,,,,,,,,,,,
39,,,135939,,,0.0017257609870284796,,,,,,,,,,,
39,,,135959,,,0.0009820081759244204,,,,,,,,,,,
39,,,135979,,,0.0030567904468625784,,,,,,,,,,,
39,,,135999,,,0.15681608021259308,,,,,,,,,,,
39,,,136019,,,0.2951284348964691,,,,,,,,,,,
39,,,136039,,,0.06602803617715836,,,,,,,,,,,
39,,,136059,,,0.014997074380517006,,,,,,,,,,,
39,,,136079,,,0.0005577473202720284,,,,,,,,,,,
39,,,136099,,,0.00814183708280325,,,,,,,,,,,
39,,,136119,,,0.08298541605472565,,,,,,,,,,,
39,,,136139,,,0.04395915940403938,,,,,,,,,,,
39,,,136159,,,5.9035908634541556e-05,,,,,,,,,,,
39,,,136179,,,0.00041737192077562213,,,,,,,,,,,
39,,,136199,,,0.004081082530319691,,,,,,,,,,,
39,,,136219,,,9.056904673343524e-06,,,,,,,,,,,
39,,,136239,,,0.00023915198107715696,,,,,,,,,,,
39,,,136259,,,0.08328086882829666,,,,,,,,,,,
39,,,136279,,,0.0022066496312618256,,,,,,,,,,,
39,,,136299,,,0.002535446546971798,,,,,,,,,,,
39,,,136319,,,0.14500677585601807,,,,,,,,,,,
39,,,136339,,,0.07680795341730118,,,,,,,,,,,
39,,,136359,,,0.00011192960664629936,,,,,,,,,,,
39,,,136379,,,0.03609727695584297,,,,,,,,,,,
39,,,136399,,,0.032447315752506256,,,,,,,,,,,
39,,,136419,,,0.0007842405466362834,,,,,,,,,,,
39,,,136439,,,0.006910131312906742,,,,,,,,,,,
39,,,136459,,,0.10380414873361588,,,,,,,,,,,
39,,,136479,,,0.0001389019307680428,,,,,,,,,,,
39,,,136499,,,0.00012709647126030177,,,,,,,,,,,
39,,,136519,,,7.187521987361833e-05,,,,,,,,,,,
39,,,136539,,,0.016902849078178406,,,,,,,,,,,
39,,,136559,,,0.02057027444243431,,,,,,,,,,,
39,,,136579,,,0.0035928119905292988,,,,,,,,,,,
39,,,136599,,,0.0003670023870654404,,,,,,,,,,,
39,,,136619,,,0.02357555739581585,,,,,,,,,,,
39,,,136639,,,0.2187385857105255,,,,,,,,,,,
39,,,136659,,,0.292564332485199,,,,,,,,,,,
39,,,136679,,,0.037855133414268494,,,,,,,,,,,
39,,,136699,,,0.22911685705184937,,,,,,,,,,,
39,,,136719,,,0.0005628714570775628,,,,,,,,,,,
39,,,136739,,,0.05259983241558075,,,,,,,,,,,
39,,,136759,,,0.09846371412277222,,,,,,,,,,,
39,,,136779,,,0.17470766603946686,,,,,,,,,,,
39,,,136799,,,0.00040668260771781206,,,,,,,,,,,
39,,,136819,,,0.03993748128414154,,,,,,,,,,,
39,,,136839,,,0.0032955030910670757,,,,,,,,,,,
39,,,136859,,,5.3576826758217067e-05,,,,,,,,,,,
39,,,136879,,,0.0026102059055119753,,,,,,,,,,,
39,,,136899,,,0.12040715664625168,,,,,,,,,,,
39,,,136919,,,0.004598304163664579,,,,,,,,,,,
39,,,136939,,,0.10449714213609695,,,,,,,,,,,
39,,,136959,,,0.0010793700348585844,,,,,,,,,,,
39,,,136979,,,0.01634811796247959,,,,,,,,,,,
39,,,136999,,,0.0205296128988266,,,,,,,,,,,
39,,,137019,,,0.22036215662956238,,,,,,,,,,,
39,,,137039,,,0.2298394739627838,,,,,,,,,,,
39,,,137059,,,0.007833980023860931,,,,,,,,,,,
39,,,137079,,,2.644348751346115e-05,,,,,,,,,,,
39,,,137099,,,0.006635595578700304,,,,,,,,,,,
39,,,137119,,,0.015842292457818985,,,,,,,,,,,
39,,,137139,,,0.20535482466220856,,,,,,,,,,,
39,,,137159,,,6.337359809549525e-05,,,,,,,,,,,
39,,,137179,,,0.15330876410007477,,,,,,,,,,,
39,,,137199,,,0.00027382938424125314,,,,,,,,,,,
39,,,137219,,,0.0001024635712383315,,,,,,,,,,,
39,,,137239,,,0.016297053545713425,,,,,,,,,,,
39,,,137259,,,0.0009065716294571757,,,,,,,,,,,
39,,,137279,,,0.04544384777545929,,,,,,,,,,,
39,,,137299,,,0.02340978942811489,,,,,,,,,,,
39,,,137319,,,3.143763024127111e-05,,,,,,,,,,,
39,,,137339,,,0.1548956036567688,,,,,,,,,,,
39,,,137359,,,0.0558599978685379,,,,,,,,,,,
39,,,137379,,,0.003123280592262745,,,,,,,,,,,
39,,,137399,,,0.002679061610251665,,,,,,,,,,,
39,,,137419,,,0.04970511049032211,,,,,,,,,,,
39,,,137439,,,0.00017250058590434492,,,,,,,,,,,
39,,,137459,,,8.076152153080329e-05,,,,,,,,,,,
39,,,137479,,,0.0002780337235890329,,,,,,,,,,,
39,,,137499,,,4.822041228180751e-05,,,,,,,,,,,
39,,,137519,,,0.00039430244942195714,,,,,,,,,,,
39,,,137539,,,0.01439129188656807,,,,,,,,,,,
39,,,137559,,,0.03024446591734886,,,,,,,,,,,
39,,,137579,,,0.0035723261535167694,,,,,,,,,,,
39,,,137599,,,0.06142393499612808,,,,,,,,,,,
39,,,137619,,,0.06791621446609497,,,,,,,,,,,
