epoch,lr-AdamW/pg1,lr-AdamW/pg2,step,test/acc,test/auroc,test/f1,test/mcc,train/acc,train/loss_epoch,train/loss_step,val/acc,val/f1,val/loss,val/mcc,val/precision,val/recall
,4.200472316702202e-05,4.200472316702202e-05,0,,,,,,,,,,,,,
0,,,19,,,,,,,30.205007553100586,,,,,,
0,,,39,,,,,,,7.639012336730957,,,,,,
0,,,59,,,,,,,8.269426345825195,,,,,,
0,,,79,,,,,,,5.760838985443115,,,,,,
0,,,99,,,,,,,9.893802642822266,,,,,,
0,,,119,,,,,,,8.122504234313965,,,,,,
0,,,139,,,,,,,3.3177642822265625,,,,,,
0,,,159,,,,,,,2.798197031021118,,,,,,
0,,,179,,,,,,,2.5630626678466797,,,,,,
0,,,199,,,,,,,5.543966293334961,,,,,,
0,,,219,,,,,,,1.9465196132659912,,,,,,
0,,,239,,,,,,,3.418438196182251,,,,,,
0,,,259,,,,,,,1.739202857017517,,,,,,
0,,,279,,,,,,,2.3571996688842773,,,,,,
0,,,299,,,,,,,1.775023341178894,,,,,,
0,,,319,,,,,,,1.8653411865234375,,,,,,
0,,,339,,,,,,,1.5275803804397583,,,,,,
0,,,359,,,,,,,1.7762236595153809,,,,,,
0,,,379,,,,,,,1.7329962253570557,,,,,,
0,,,399,,,,,,,1.7557505369186401,,,,,,
0,,,419,,,,,,,1.4249753952026367,,,,,,
0,,,439,,,,,,,1.687870979309082,,,,,,
0,,,459,,,,,,,4.648201942443848,,,,,,
0,,,479,,,,,,,1.4280107021331787,,,,,,
0,,,499,,,,,,,1.7886345386505127,,,,,,
0,,,519,,,,,,,1.4305912256240845,,,,,,
0,,,539,,,,,,,1.3019160032272339,,,,,,
0,,,559,,,,,,,1.215369701385498,,,,,,
0,,,579,,,,,,,1.5542030334472656,,,,,,
0,,,599,,,,,,,1.1586923599243164,,,,,,
0,,,619,,,,,,,1.553197979927063,,,,,,
0,,,639,,,,,,,1.1607639789581299,,,,,,
0,,,659,,,,,,,1.4206461906433105,,,,,,
0,,,679,,,,,,,1.3760347366333008,,,,,,
0,,,699,,,,,,,3.2605204582214355,,,,,,
0,,,719,,,,,,,1.605952262878418,,,,,,
0,,,739,,,,,,,1.8200732469558716,,,,,,
0,,,759,,,,,,,1.6617603302001953,,,,,,
0,,,779,,,,,,,1.0893478393554688,,,,,,
0,,,799,,,,,,,1.2766649723052979,,,,,,
0,,,819,,,,,,,1.638799786567688,,,,,,
0,,,839,,,,,,,1.3767073154449463,,,,,,
0,,,859,,,,,,,1.39302659034729,,,,,,
0,,,879,,,,,,,1.2279231548309326,,,,,,
0,,,899,,,,,,,0.9999945759773254,,,,,,
0,,,919,,,,,,,1.3470606803894043,,,,,,
0,,,939,,,,,,,1.1356655359268188,,,,,,
0,,,959,,,,,,,1.0995421409606934,,,,,,
0,,,979,,,,,,,1.1951892375946045,,,,,,
0,,,999,,,,,,,1.2601075172424316,,,,,,
0,,,1019,,,,,,,1.3570852279663086,,,,,,
0,,,1039,,,,,,,1.3453350067138672,,,,,,
0,,,1059,,,,,,,1.2376071214675903,,,,,,
0,,,1079,,,,,,,0.8701387047767639,,,,,,
0,,,1099,,,,,,,1.03525972366333,,,,,,
0,,,1119,,,,,,,1.4465267658233643,,,,,,
0,,,1139,,,,,,,1.4562888145446777,,,,,,
0,,,1159,,,,,,,0.9750988483428955,,,,,,
0,,,1179,,,,,,,1.1183350086212158,,,,,,
0,,,1199,,,,,,,1.2568379640579224,,,,,,
0,,,1219,,,,,,,1.1374062299728394,,,,,,
0,,,1239,,,,,,,2.2258594036102295,,,,,,
0,,,1259,,,,,,,0.9204258918762207,,,,,,
0,,,1279,,,,,,,1.5018155574798584,,,,,,
0,,,1299,,,,,,,0.9440730214118958,,,,,,
0,,,1319,,,,,,,1.1380316019058228,,,,,,
0,,,1339,,,,,,,1.1757278442382812,,,,,,
0,,,1359,,,,,,,1.2623460292816162,,,,,,
0,,,1379,,,,,,,1.1216648817062378,,,,,,
0,,,1399,,,,,,,0.8394311666488647,,,,,,
0,,,1419,,,,,,,1.2534492015838623,,,,,,
0,,,1439,,,,,,,1.1847686767578125,,,,,,
0,,,1459,,,,,,,1.121368408203125,,,,,,
0,,,1479,,,,,,,1.0049200057983398,,,,,,
0,,,1499,,,,,,,1.21804940700531,,,,,,
0,,,1519,,,,,,,1.0658252239227295,,,,,,
0,,,1539,,,,,,,0.8433434367179871,,,,,,
0,,,1559,,,,,,,1.1674656867980957,,,,,,
0,,,1579,,,,,,,1.0380983352661133,,,,,,
0,,,1599,,,,,,,1.8137850761413574,,,,,,
0,,,1619,,,,,,,1.0669230222702026,,,,,,
0,,,1639,,,,,,,1.2866923809051514,,,,,,
0,,,1659,,,,,,,1.280049204826355,,,,,,
0,,,1679,,,,,,,1.0038342475891113,,,,,,
0,,,1699,,,,,,,1.2935594320297241,,,,,,
0,,,1719,,,,,,,1.3931905031204224,,,,,,
0,,,1739,,,,,,,0.9787858724594116,,,,,,
0,,,1759,,,,,,,1.0623427629470825,,,,,,
0,,,1779,,,,,,,1.241969108581543,,,,,,
0,,,1799,,,,,,,0.7940146923065186,,,,,,
0,,,1819,,,,,,,1.0063575506210327,,,,,,
0,,,1839,,,,,,,0.9558130502700806,,,,,,
0,,,1859,,,,,,,1.2276407480239868,,,,,,
0,,,1879,,,,,,,1.388681411743164,,,,,,
0,,,1899,,,,,,,0.8356420397758484,,,,,,
0,,,1919,,,,,,,0.8966900706291199,,,,,,
0,,,1939,,,,,,,1.1927567720413208,,,,,,
0,,,1959,,,,,,,1.0685094594955444,,,,,,
0,,,1979,,,,,,,2.0666613578796387,,,,,,
0,,,1999,,,,,,,0.9283718466758728,,,,,,
0,,,2019,,,,,,,0.9275838136672974,,,,,,
0,,,2039,,,,,,,1.1046605110168457,,,,,,
0,,,2059,,,,,,,0.9692162275314331,,,,,,
0,,,2079,,,,,,,0.8151828050613403,,,,,,
0,,,2099,,,,,,,1.065598726272583,,,,,,
0,,,2119,,,,,,,0.9006763696670532,,,,,,
0,,,2139,,,,,,,1.1488466262817383,,,,,,
0,,,2159,,,,,,,0.981203556060791,,,,,,
0,,,2179,,,,,,,0.8846807479858398,,,,,,
0,,,2199,,,,,,,0.7488671541213989,,,,,,
0,,,2219,,,,,,,0.9614578485488892,,,,,,
0,,,2239,,,,,,,0.901882529258728,,,,,,
0,,,2259,,,,,,,1.2936369180679321,,,,,,
0,,,2279,,,,,,,0.9227576851844788,,,,,,
0,,,2299,,,,,,,1.055665135383606,,,,,,
0,,,2319,,,,,,,1.2962924242019653,,,,,,
0,,,2339,,,,,,,1.0086593627929688,,,,,,
0,,,2359,,,,,,,1.0454027652740479,,,,,,
0,,,2379,,,,,,,0.9656967520713806,,,,,,
0,,,2399,,,,,,,1.066362738609314,,,,,,
0,,,2419,,,,,,,0.7722817659378052,,,,,,
0,,,2439,,,,,,,0.8461303114891052,,,,,,
0,,,2459,,,,,,,0.8556573390960693,,,,,,
0,,,2479,,,,,,,0.8502870798110962,,,,,,
0,,,2499,,,,,,,0.8685595393180847,,,,,,
0,,,2519,,,,,,,0.9578078985214233,,,,,,
0,,,2539,,,,,,,1.3306422233581543,,,,,,
0,,,2559,,,,,,,0.9805017709732056,,,,,,
0,,,2579,,,,,,,1.1450979709625244,,,,,,
0,,,2599,,,,,,,1.2090457677841187,,,,,,
0,,,2619,,,,,,,0.8749698400497437,,,,,,
0,,,2639,,,,,,,0.7283493280410767,,,,,,
0,,,2659,,,,,,,0.9465430974960327,,,,,,
0,,,2679,,,,,,,1.2686208486557007,,,,,,
0,,,2699,,,,,,,1.2893067598342896,,,,,,
0,,,2719,,,,,,,1.1194331645965576,,,,,,
0,,,2739,,,,,,,0.785369873046875,,,,,,
0,,,2759,,,,,,,0.7627595663070679,,,,,,
0,,,2779,,,,,,,1.2332398891448975,,,,,,
0,,,2799,,,,,,,1.0689088106155396,,,,,,
0,,,2819,,,,,,,0.8906134963035583,,,,,,
0,,,2839,,,,,,,0.7097429633140564,,,,,,
0,,,2859,,,,,,,1.2627198696136475,,,,,,
0,,,2869,,,,,,,,0.44304192066192627,0.3746015429496765,12.635723114013672,0.28601861000061035,0.5394785404205322,0.44304192066192627
0,,,2869,,,,,0.6255850791931152,1.7444281578063965,,,,,,,
,4.200472316702202e-05,4.200472316702202e-05,2870,,,,,,,,,,,,,
1,,,2879,,,,,,,0.852408766746521,,,,,,
1,,,2899,,,,,,,0.8420183658599854,,,,,,
1,,,2919,,,,,,,0.7632992267608643,,,,,,
1,,,2939,,,,,,,0.7238020300865173,,,,,,
1,,,2959,,,,,,,0.9738812446594238,,,,,,
1,,,2979,,,,,,,0.8532681465148926,,,,,,
1,,,2999,,,,,,,0.8467562794685364,,,,,,
1,,,3019,,,,,,,1.1134862899780273,,,,,,
1,,,3039,,,,,,,0.7295898795127869,,,,,,
1,,,3059,,,,,,,0.8726589679718018,,,,,,
1,,,3079,,,,,,,1.0108991861343384,,,,,,
1,,,3099,,,,,,,0.9933488965034485,,,,,,
1,,,3119,,,,,,,1.213998794555664,,,,,,
1,,,3139,,,,,,,1.1897422075271606,,,,,,
1,,,3159,,,,,,,1.0739173889160156,,,,,,
1,,,3179,,,,,,,1.04365074634552,,,,,,
1,,,3199,,,,,,,0.9225436449050903,,,,,,
1,,,3219,,,,,,,0.9981277585029602,,,,,,
1,,,3239,,,,,,,1.0099633932113647,,,,,,
1,,,3259,,,,,,,0.792515218257904,,,,,,
1,,,3279,,,,,,,0.75422203540802,,,,,,
1,,,3299,,,,,,,1.0700984001159668,,,,,,
1,,,3319,,,,,,,0.9567325711250305,,,,,,
1,,,3339,,,,,,,0.9477295875549316,,,,,,
1,,,3359,,,,,,,1.254891276359558,,,,,,
1,,,3379,,,,,,,1.0057880878448486,,,,,,
1,,,3399,,,,,,,1.7569528818130493,,,,,,
1,,,3419,,,,,,,0.9984657764434814,,,,,,
1,,,3439,,,,,,,0.9635495543479919,,,,,,
1,,,3459,,,,,,,1.10167396068573,,,,,,
1,,,3479,,,,,,,0.8840317130088806,,,,,,
1,,,3499,,,,,,,0.9353505373001099,,,,,,
1,,,3519,,,,,,,1.0116513967514038,,,,,,
1,,,3539,,,,,,,0.9867158532142639,,,,,,
1,,,3559,,,,,,,0.8247531652450562,,,,,,
1,,,3579,,,,,,,1.0471677780151367,,,,,,
1,,,3599,,,,,,,0.7355951070785522,,,,,,
1,,,3619,,,,,,,0.8148519396781921,,,,,,
1,,,3639,,,,,,,1.0234438180923462,,,,,,
1,,,3659,,,,,,,0.9509522914886475,,,,,,
1,,,3679,,,,,,,1.3851652145385742,,,,,,
1,,,3699,,,,,,,0.964693546295166,,,,,,
1,,,3719,,,,,,,0.996145486831665,,,,,,
1,,,3739,,,,,,,0.9457966685295105,,,,,,
1,,,3759,,,,,,,0.8306804895401001,,,,,,
1,,,3779,,,,,,,1.0243339538574219,,,,,,
1,,,3799,,,,,,,1.3172696828842163,,,,,,
1,,,3819,,,,,,,1.3228020668029785,,,,,,
1,,,3839,,,,,,,1.1706695556640625,,,,,,
1,,,3859,,,,,,,1.099928855895996,,,,,,
1,,,3879,,,,,,,0.829254150390625,,,,,,
1,,,3899,,,,,,,0.8647911548614502,,,,,,
1,,,3919,,,,,,,0.9130291938781738,,,,,,
1,,,3939,,,,,,,1.1253422498703003,,,,,,
1,,,3959,,,,,,,0.7761854529380798,,,,,,
1,,,3979,,,,,,,1.3853740692138672,,,,,,
1,,,3999,,,,,,,1.0619007349014282,,,,,,
1,,,4019,,,,,,,0.9071907997131348,,,,,,
1,,,4039,,,,,,,0.72053062915802,,,,,,
1,,,4059,,,,,,,0.7056537866592407,,,,,,
1,,,4079,,,,,,,0.7526081204414368,,,,,,
1,,,4099,,,,,,,0.8245377540588379,,,,,,
1,,,4119,,,,,,,0.5527446269989014,,,,,,
1,,,4139,,,,,,,0.8089777827262878,,,,,,
1,,,4159,,,,,,,1.3540258407592773,,,,,,
1,,,4179,,,,,,,0.8785532712936401,,,,,,
1,,,4199,,,,,,,0.6496624946594238,,,,,,
1,,,4219,,,,,,,0.6729227304458618,,,,,,
1,,,4239,,,,,,,0.751429557800293,,,,,,
1,,,4259,,,,,,,0.9070102572441101,,,,,,
1,,,4279,,,,,,,0.7396929264068604,,,,,,
1,,,4299,,,,,,,0.7675349116325378,,,,,,
1,,,4319,,,,,,,0.7008966207504272,,,,,,
1,,,4339,,,,,,,0.7643386721611023,,,,,,
1,,,4359,,,,,,,0.8874837160110474,,,,,,
1,,,4379,,,,,,,0.8546068072319031,,,,,,
1,,,4399,,,,,,,1.023181438446045,,,,,,
1,,,4419,,,,,,,0.8714779615402222,,,,,,
1,,,4439,,,,,,,0.8419000506401062,,,,,,
1,,,4459,,,,,,,1.0718637704849243,,,,,,
1,,,4479,,,,,,,0.9420313835144043,,,,,,
1,,,4499,,,,,,,0.8793182373046875,,,,,,
1,,,4519,,,,,,,0.8890663385391235,,,,,,
1,,,4539,,,,,,,0.6282880902290344,,,,,,
1,,,4559,,,,,,,0.9085034728050232,,,,,,
1,,,4579,,,,,,,0.9560598134994507,,,,,,
1,,,4599,,,,,,,1.2010138034820557,,,,,,
1,,,4619,,,,,,,0.9642655849456787,,,,,,
1,,,4639,,,,,,,0.8541644215583801,,,,,,
1,,,4659,,,,,,,0.7172656059265137,,,,,,
1,,,4679,,,,,,,1.1805192232131958,,,,,,
1,,,4699,,,,,,,0.7931445837020874,,,,,,
1,,,4719,,,,,,,0.5800361037254333,,,,,,
1,,,4739,,,,,,,1.006941795349121,,,,,,
1,,,4759,,,,,,,1.689190149307251,,,,,,
1,,,4779,,,,,,,1.0721549987792969,,,,,,
1,,,4799,,,,,,,0.8962034583091736,,,,,,
1,,,4819,,,,,,,0.9021958112716675,,,,,,
1,,,4839,,,,,,,0.7651594877243042,,,,,,
1,,,4859,,,,,,,0.997139036655426,,,,,,
1,,,4879,,,,,,,1.0957131385803223,,,,,,
1,,,4899,,,,,,,1.0023479461669922,,,,,,
1,,,4919,,,,,,,1.7309341430664062,,,,,,
1,,,4939,,,,,,,0.8354156613349915,,,,,,
1,,,4959,,,,,,,1.0265824794769287,,,,,,
1,,,4979,,,,,,,0.8369251489639282,,,,,,
1,,,4999,,,,,,,0.8528356552124023,,,,,,
1,,,5019,,,,,,,1.0391571521759033,,,,,,
1,,,5039,,,,,,,0.671042799949646,,,,,,
1,,,5059,,,,,,,1.229366660118103,,,,,,
1,,,5079,,,,,,,0.806906521320343,,,,,,
1,,,5099,,,,,,,0.6738541722297668,,,,,,
1,,,5119,,,,,,,0.7244495749473572,,,,,,
1,,,5139,,,,,,,1.111250400543213,,,,,,
1,,,5159,,,,,,,0.8049942255020142,,,,,,
1,,,5179,,,,,,,0.9969528317451477,,,,,,
1,,,5199,,,,,,,1.5860435962677002,,,,,,
1,,,5219,,,,,,,0.9470346570014954,,,,,,
1,,,5239,,,,,,,1.0726410150527954,,,,,,
1,,,5259,,,,,,,1.092999815940857,,,,,,
1,,,5279,,,,,,,1.0885910987854004,,,,,,
1,,,5299,,,,,,,1.4495251178741455,,,,,,
1,,,5319,,,,,,,0.7529128193855286,,,,,,
1,,,5339,,,,,,,1.0285876989364624,,,,,,
1,,,5359,,,,,,,0.9159016609191895,,,,,,
1,,,5379,,,,,,,0.9391378164291382,,,,,,
1,,,5399,,,,,,,1.079841136932373,,,,,,
1,,,5419,,,,,,,0.8279004693031311,,,,,,
1,,,5439,,,,,,,1.2123150825500488,,,,,,
1,,,5459,,,,,,,0.8714340925216675,,,,,,
1,,,5479,,,,,,,1.1025488376617432,,,,,,
1,,,5499,,,,,,,1.0128369331359863,,,,,,
1,,,5519,,,,,,,1.5148391723632812,,,,,,
1,,,5539,,,,,,,0.8175891637802124,,,,,,
1,,,5559,,,,,,,0.8796417713165283,,,,,,
1,,,5579,,,,,,,0.898102343082428,,,,,,
1,,,5599,,,,,,,0.7861741185188293,,,,,,
1,,,5619,,,,,,,0.9200518131256104,,,,,,
1,,,5639,,,,,,,0.7697734832763672,,,,,,
1,,,5659,,,,,,,0.9498258233070374,,,,,,
1,,,5679,,,,,,,1.0034334659576416,,,,,,
1,,,5699,,,,,,,1.0585944652557373,,,,,,
1,,,5719,,,,,,,0.787024974822998,,,,,,
1,,,5739,,,,,,,0.6482009887695312,,,,,,
1,,,5739,,,,,,,,0.42109018564224243,0.3561926484107971,10.573169708251953,0.2692243456840515,0.3889033794403076,0.42109018564224243
1,,,5739,,,,,0.683606743812561,0.9394270777702332,,,,,,,
,8.400944633404404e-05,8.400944633404404e-05,5740,,,,,,,,,,,,,
2,,,5759,,,,,,,0.9923402667045593,,,,,,
2,,,5779,,,,,,,0.8750795125961304,,,,,,
2,,,5799,,,,,,,0.9533648490905762,,,,,,
2,,,5819,,,,,,,1.0966579914093018,,,,,,
2,,,5839,,,,,,,0.7312009930610657,,,,,,
2,,,5859,,,,,,,1.5303735733032227,,,,,,
2,,,5879,,,,,,,0.7612254619598389,,,,,,
2,,,5899,,,,,,,0.9011446237564087,,,,,,
2,,,5919,,,,,,,1.3220196962356567,,,,,,
2,,,5939,,,,,,,0.9476340413093567,,,,,,
2,,,5959,,,,,,,1.447224497795105,,,,,,
2,,,5979,,,,,,,0.7716637849807739,,,,,,
2,,,5999,,,,,,,0.798042356967926,,,,,,
2,,,6019,,,,,,,0.8607428073883057,,,,,,
2,,,6039,,,,,,,1.0737167596817017,,,,,,
2,,,6059,,,,,,,1.031231164932251,,,,,,
2,,,6079,,,,,,,0.9992316961288452,,,,,,
2,,,6099,,,,,,,0.8424959778785706,,,,,,
2,,,6119,,,,,,,0.8308596611022949,,,,,,
2,,,6139,,,,,,,1.126186490058899,,,,,,
2,,,6159,,,,,,,0.8904080986976624,,,,,,
2,,,6179,,,,,,,0.9511505961418152,,,,,,
2,,,6199,,,,,,,0.8771828413009644,,,,,,
2,,,6219,,,,,,,0.7385340332984924,,,,,,
2,,,6239,,,,,,,0.8596228361129761,,,,,,
2,,,6259,,,,,,,1.4415009021759033,,,,,,
2,,,6279,,,,,,,0.8898924589157104,,,,,,
2,,,6299,,,,,,,0.6951915621757507,,,,,,
2,,,6319,,,,,,,0.9172900319099426,,,,,,
2,,,6339,,,,,,,0.715133786201477,,,,,,
2,,,6359,,,,,,,1.0010738372802734,,,,,,
2,,,6379,,,,,,,1.242544412612915,,,,,,
2,,,6399,,,,,,,1.2234103679656982,,,,,,
2,,,6419,,,,,,,1.117516279220581,,,,,,
2,,,6439,,,,,,,0.8338302373886108,,,,,,
2,,,6459,,,,,,,1.146317958831787,,,,,,
2,,,6479,,,,,,,0.9425166845321655,,,,,,
2,,,6499,,,,,,,1.040311336517334,,,,,,
2,,,6519,,,,,,,0.924673318862915,,,,,,
2,,,6539,,,,,,,1.1241422891616821,,,,,,
2,,,6559,,,,,,,0.780140221118927,,,,,,
2,,,6579,,,,,,,1.3110480308532715,,,,,,
2,,,6599,,,,,,,1.0224440097808838,,,,,,
2,,,6619,,,,,,,0.6590080857276917,,,,,,
2,,,6639,,,,,,,0.7890036106109619,,,,,,
2,,,6659,,,,,,,0.8926534056663513,,,,,,
2,,,6679,,,,,,,1.2538139820098877,,,,,,
2,,,6699,,,,,,,0.7074897289276123,,,,,,
2,,,6719,,,,,,,0.8043730854988098,,,,,,
2,,,6739,,,,,,,1.1341173648834229,,,,,,
2,,,6759,,,,,,,0.9526790380477905,,,,,,
2,,,6779,,,,,,,1.2398321628570557,,,,,,
2,,,6799,,,,,,,1.464432954788208,,,,,,
2,,,6819,,,,,,,0.8377299904823303,,,,,,
2,,,6839,,,,,,,1.5628126859664917,,,,,,
2,,,6859,,,,,,,0.9615845680236816,,,,,,
2,,,6879,,,,,,,1.6637071371078491,,,,,,
2,,,6899,,,,,,,0.8814027905464172,,,,,,
2,,,6919,,,,,,,0.9302244782447815,,,,,,
2,,,6939,,,,,,,1.0439518690109253,,,,,,
2,,,6959,,,,,,,0.750104546546936,,,,,,
2,,,6979,,,,,,,0.7573509812355042,,,,,,
2,,,6999,,,,,,,0.8844034671783447,,,,,,
2,,,7019,,,,,,,0.9935466051101685,,,,,,
2,,,7039,,,,,,,1.0866749286651611,,,,,,
2,,,7059,,,,,,,0.7042337656021118,,,,,,
2,,,7079,,,,,,,0.6779426336288452,,,,,,
2,,,7099,,,,,,,0.915219783782959,,,,,,
2,,,7119,,,,,,,1.2082831859588623,,,,,,
2,,,7139,,,,,,,1.0947104692459106,,,,,,
2,,,7159,,,,,,,0.8448014259338379,,,,,,
2,,,7179,,,,,,,0.9324505925178528,,,,,,
2,,,7199,,,,,,,1.1719927787780762,,,,,,
2,,,7219,,,,,,,0.8163840174674988,,,,,,
2,,,7239,,,,,,,0.7442425489425659,,,,,,
2,,,7259,,,,,,,1.0294959545135498,,,,,,
2,,,7279,,,,,,,0.7575081586837769,,,,,,
2,,,7299,,,,,,,0.8577914834022522,,,,,,
2,,,7319,,,,,,,1.0062615871429443,,,,,,
2,,,7339,,,,,,,1.3701727390289307,,,,,,
2,,,7359,,,,,,,0.7219168543815613,,,,,,
2,,,7379,,,,,,,1.0093926191329956,,,,,,
2,,,7399,,,,,,,0.9449106454849243,,,,,,
2,,,7419,,,,,,,1.14695143699646,,,,,,
2,,,7439,,,,,,,0.7549145817756653,,,,,,
2,,,7459,,,,,,,0.9559035301208496,,,,,,
2,,,7479,,,,,,,0.982300877571106,,,,,,
2,,,7499,,,,,,,0.7782231569290161,,,,,,
2,,,7519,,,,,,,0.8752166628837585,,,,,,
2,,,7539,,,,,,,1.0072691440582275,,,,,,
2,,,7559,,,,,,,1.5469149351119995,,,,,,
2,,,7579,,,,,,,0.9500511288642883,,,,,,
2,,,7599,,,,,,,1.2545292377471924,,,,,,
2,,,7619,,,,,,,1.2967655658721924,,,,,,
2,,,7639,,,,,,,1.311239242553711,,,,,,
2,,,7659,,,,,,,1.1686384677886963,,,,,,
2,,,7679,,,,,,,0.7320888638496399,,,,,,
2,,,7699,,,,,,,1.1641640663146973,,,,,,
2,,,7719,,,,,,,0.8635647296905518,,,,,,
2,,,7739,,,,,,,0.7909867763519287,,,,,,
2,,,7759,,,,,,,0.6708561182022095,,,,,,
2,,,7779,,,,,,,1.1325416564941406,,,,,,
2,,,7799,,,,,,,0.6614781618118286,,,,,,
2,,,7819,,,,,,,0.7772839069366455,,,,,,
2,,,7839,,,,,,,0.7537401914596558,,,,,,
2,,,7859,,,,,,,1.1366301774978638,,,,,,
2,,,7879,,,,,,,0.6713402271270752,,,,,,
2,,,7899,,,,,,,0.7858099341392517,,,,,,
2,,,7919,,,,,,,0.9612724781036377,,,,,,
2,,,7939,,,,,,,0.969739556312561,,,,,,
2,,,7959,,,,,,,0.8785333633422852,,,,,,
2,,,7979,,,,,,,1.0198216438293457,,,,,,
2,,,7999,,,,,,,0.8804210424423218,,,,,,
2,,,8019,,,,,,,1.1299216747283936,,,,,,
2,,,8039,,,,,,,0.9744033813476562,,,,,,
2,,,8059,,,,,,,0.7889460921287537,,,,,,
2,,,8079,,,,,,,0.7522062659263611,,,,,,
2,,,8099,,,,,,,0.8222098350524902,,,,,,
2,,,8119,,,,,,,0.5525557398796082,,,,,,
2,,,8139,,,,,,,0.6636554002761841,,,,,,
2,,,8159,,,,,,,0.9778988361358643,,,,,,
2,,,8179,,,,,,,0.8013404011726379,,,,,,
2,,,8199,,,,,,,1.0604002475738525,,,,,,
2,,,8219,,,,,,,0.9045994877815247,,,,,,
2,,,8239,,,,,,,0.9852316975593567,,,,,,
2,,,8259,,,,,,,0.9277316331863403,,,,,,
2,,,8279,,,,,,,1.3725292682647705,,,,,,
2,,,8299,,,,,,,1.0362472534179688,,,,,,
2,,,8319,,,,,,,0.9388943910598755,,,,,,
2,,,8339,,,,,,,0.8347713351249695,,,,,,
2,,,8359,,,,,,,0.9357383847236633,,,,,,
2,,,8379,,,,,,,1.0808398723602295,,,,,,
2,,,8399,,,,,,,0.8018461465835571,,,,,,
2,,,8419,,,,,,,0.7987006306648254,,,,,,
2,,,8439,,,,,,,1.0508512258529663,,,,,,
2,,,8459,,,,,,,0.796423614025116,,,,,,
2,,,8479,,,,,,,0.7664293050765991,,,,,,
2,,,8499,,,,,,,0.6719730496406555,,,,,,
2,,,8519,,,,,,,0.5960699319839478,,,,,,
2,,,8539,,,,,,,1.1244502067565918,,,,,,
2,,,8559,,,,,,,0.9065473079681396,,,,,,
2,,,8579,,,,,,,0.9129383563995361,,,,,,
2,,,8599,,,,,,,0.5817463397979736,,,,,,
2,,,8609,,,,,,,,0.37455302476882935,0.297038197517395,12.345890998840332,0.1908065676689148,0.45042917132377625,0.37455302476882935
2,,,8609,,,,,0.6936672925949097,0.9469471573829651,,,,,,,
,0.00012601416950106605,0.00012601416950106605,8610,,,,,,,,,,,,,
3,,,8619,,,,,,,0.8554821610450745,,,,,,
3,,,8639,,,,,,,1.035679578781128,,,,,,
3,,,8659,,,,,,,0.8371217846870422,,,,,,
3,,,8679,,,,,,,1.1590831279754639,,,,,,
3,,,8699,,,,,,,1.039177656173706,,,,,,
3,,,8719,,,,,,,1.1650270223617554,,,,,,
3,,,8739,,,,,,,0.8437761068344116,,,,,,
3,,,8759,,,,,,,0.8213860392570496,,,,,,
3,,,8779,,,,,,,0.9349143505096436,,,,,,
3,,,8799,,,,,,,1.1302311420440674,,,,,,
3,,,8819,,,,,,,0.7534492015838623,,,,,,
3,,,8839,,,,,,,0.9337999224662781,,,,,,
3,,,8859,,,,,,,0.7858694791793823,,,,,,
3,,,8879,,,,,,,0.7299941778182983,,,,,,
3,,,8899,,,,,,,0.8001672029495239,,,,,,
3,,,8919,,,,,,,0.9102106094360352,,,,,,
3,,,8939,,,,,,,0.7325886487960815,,,,,,
3,,,8959,,,,,,,0.8951234221458435,,,,,,
3,,,8979,,,,,,,0.899379551410675,,,,,,
3,,,8999,,,,,,,1.7540843486785889,,,,,,
3,,,9019,,,,,,,0.8945070505142212,,,,,,
3,,,9039,,,,,,,0.7994133234024048,,,,,,
3,,,9059,,,,,,,0.8669241666793823,,,,,,
3,,,9079,,,,,,,1.0761923789978027,,,,,,
3,,,9099,,,,,,,0.7251996397972107,,,,,,
3,,,9119,,,,,,,0.7343981266021729,,,,,,
3,,,9139,,,,,,,0.6930691003799438,,,,,,
3,,,9159,,,,,,,1.5622873306274414,,,,,,
3,,,9179,,,,,,,0.893657386302948,,,,,,
3,,,9199,,,,,,,0.9321527481079102,,,,,,
3,,,9219,,,,,,,0.7910928726196289,,,,,,
3,,,9239,,,,,,,1.642261266708374,,,,,,
3,,,9259,,,,,,,0.9090151786804199,,,,,,
3,,,9279,,,,,,,0.7409385442733765,,,,,,
3,,,9299,,,,,,,1.1436725854873657,,,,,,
3,,,9319,,,,,,,0.7132037281990051,,,,,,
3,,,9339,,,,,,,0.6694782972335815,,,,,,
3,,,9359,,,,,,,0.86363685131073,,,,,,
3,,,9379,,,,,,,0.8809784650802612,,,,,,
3,,,9399,,,,,,,1.1098220348358154,,,,,,
3,,,9419,,,,,,,0.9827070236206055,,,,,,
3,,,9439,,,,,,,0.9395765066146851,,,,,,
3,,,9459,,,,,,,0.8879788517951965,,,,,,
3,,,9479,,,,,,,1.243553638458252,,,,,,
3,,,9499,,,,,,,1.079925298690796,,,,,,
3,,,9519,,,,,,,0.7359333038330078,,,,,,
3,,,9539,,,,,,,0.9740537405014038,,,,,,
3,,,9559,,,,,,,0.697614312171936,,,,,,
3,,,9579,,,,,,,0.9601222276687622,,,,,,
3,,,9599,,,,,,,0.8162446022033691,,,,,,
3,,,9619,,,,,,,0.8518220782279968,,,,,,
3,,,9639,,,,,,,0.9549514651298523,,,,,,
3,,,9659,,,,,,,0.8859530687332153,,,,,,
3,,,9679,,,,,,,0.9786444902420044,,,,,,
3,,,9699,,,,,,,0.933753252029419,,,,,,
3,,,9719,,,,,,,1.7097797393798828,,,,,,
3,,,9739,,,,,,,0.9766972064971924,,,,,,
3,,,9759,,,,,,,0.7018187046051025,,,,,,
3,,,9779,,,,,,,0.8438726663589478,,,,,,
3,,,9799,,,,,,,0.8487968444824219,,,,,,
3,,,9819,,,,,,,0.7871034145355225,,,,,,
3,,,9839,,,,,,,0.9355195760726929,,,,,,
3,,,9859,,,,,,,0.9160248041152954,,,,,,
3,,,9879,,,,,,,0.9104559421539307,,,,,,
3,,,9899,,,,,,,1.1310584545135498,,,,,,
3,,,9919,,,,,,,0.7898494005203247,,,,,,
3,,,9939,,,,,,,0.9757874608039856,,,,,,
3,,,9959,,,,,,,0.8190501928329468,,,,,,
3,,,9979,,,,,,,0.700788140296936,,,,,,
3,,,9999,,,,,,,0.7788945436477661,,,,,,
3,,,10019,,,,,,,0.9425337910652161,,,,,,
3,,,10039,,,,,,,1.1164085865020752,,,,,,
3,,,10059,,,,,,,0.9757648706436157,,,,,,
3,,,10079,,,,,,,0.9327915906906128,,,,,,
3,,,10099,,,,,,,1.390716552734375,,,,,,
3,,,10119,,,,,,,0.7584662437438965,,,,,,
3,,,10139,,,,,,,0.9375561475753784,,,,,,
3,,,10159,,,,,,,0.5665428638458252,,,,,,
3,,,10179,,,,,,,1.07224702835083,,,,,,
3,,,10199,,,,,,,0.6769455671310425,,,,,,
3,,,10219,,,,,,,1.3894100189208984,,,,,,
3,,,10239,,,,,,,0.5413283109664917,,,,,,
3,,,10259,,,,,,,1.024754285812378,,,,,,
3,,,10279,,,,,,,0.878070592880249,,,,,,
3,,,10299,,,,,,,1.138520359992981,,,,,,
3,,,10319,,,,,,,0.9536057710647583,,,,,,
3,,,10339,,,,,,,0.8828800320625305,,,,,,
3,,,10359,,,,,,,1.16426420211792,,,,,,
3,,,10379,,,,,,,0.818803071975708,,,,,,
3,,,10399,,,,,,,0.9119352102279663,,,,,,
3,,,10419,,,,,,,0.9120754599571228,,,,,,
3,,,10439,,,,,,,0.691336452960968,,,,,,
3,,,10459,,,,,,,0.8573361039161682,,,,,,
3,,,10479,,,,,,,1.4554216861724854,,,,,,
3,,,10499,,,,,,,1.1496851444244385,,,,,,
3,,,10519,,,,,,,0.5767165422439575,,,,,,
3,,,10539,,,,,,,0.9975053071975708,,,,,,
3,,,10559,,,,,,,1.0869412422180176,,,,,,
3,,,10579,,,,,,,0.8047225475311279,,,,,,
3,,,10599,,,,,,,0.7873523235321045,,,,,,
3,,,10619,,,,,,,0.9710533618927002,,,,,,
3,,,10639,,,,,,,0.7942794561386108,,,,,,
3,,,10659,,,,,,,0.8627446889877319,,,,,,
3,,,10679,,,,,,,0.8336482048034668,,,,,,
3,,,10699,,,,,,,1.3193806409835815,,,,,,
3,,,10719,,,,,,,1.1213626861572266,,,,,,
3,,,10739,,,,,,,0.800663948059082,,,,,,
3,,,10759,,,,,,,0.9487820863723755,,,,,,
3,,,10779,,,,,,,1.008494257926941,,,,,,
3,,,10799,,,,,,,0.8723960518836975,,,,,,
3,,,10819,,,,,,,0.6980639100074768,,,,,,
3,,,10839,,,,,,,0.970426082611084,,,,,,
3,,,10859,,,,,,,0.9906091094017029,,,,,,
3,,,10879,,,,,,,0.5649205446243286,,,,,,
3,,,10899,,,,,,,0.914043664932251,,,,,,
3,,,10919,,,,,,,0.8953181505203247,,,,,,
3,,,10939,,,,,,,0.746554970741272,,,,,,
3,,,10959,,,,,,,0.866064190864563,,,,,,
3,,,10979,,,,,,,0.6463473439216614,,,,,,
3,,,10999,,,,,,,0.6510390043258667,,,,,,
3,,,11019,,,,,,,1.39751136302948,,,,,,
3,,,11039,,,,,,,0.9132996201515198,,,,,,
3,,,11059,,,,,,,0.5059483051300049,,,,,,
3,,,11079,,,,,,,0.9625570774078369,,,,,,
3,,,11099,,,,,,,0.6599085330963135,,,,,,
3,,,11119,,,,,,,1.0041396617889404,,,,,,
3,,,11139,,,,,,,0.9554092288017273,,,,,,
3,,,11159,,,,,,,0.6450098752975464,,,,,,
3,,,11179,,,,,,,1.3868482112884521,,,,,,
3,,,11199,,,,,,,0.7683184146881104,,,,,,
3,,,11219,,,,,,,0.9029130339622498,,,,,,
3,,,11239,,,,,,,0.7884053587913513,,,,,,
3,,,11259,,,,,,,1.0587326288223267,,,,,,
3,,,11279,,,,,,,0.5440118312835693,,,,,,
3,,,11299,,,,,,,0.9503828287124634,,,,,,
3,,,11319,,,,,,,0.8650235533714294,,,,,,
3,,,11339,,,,,,,0.902271032333374,,,,,,
3,,,11359,,,,,,,1.2684974670410156,,,,,,
3,,,11379,,,,,,,0.804362952709198,,,,,,
3,,,11399,,,,,,,0.7907315492630005,,,,,,
3,,,11419,,,,,,,0.933321475982666,,,,,,
3,,,11439,,,,,,,0.7932227849960327,,,,,,
3,,,11459,,,,,,,1.0128870010375977,,,,,,
3,,,11479,,,,,,,0.6939860582351685,,,,,,
3,,,11479,,,,,,,,0.3903728723526001,0.3372483253479004,10.374732971191406,0.23057906329631805,0.37605321407318115,0.3903728723526001
3,,,11479,,,,,0.7020905613899231,0.9390186667442322,,,,,,,
,0.00016801889266808808,0.00016801889266808808,11480,,,,,,,,,,,,,
4,,,11499,,,,,,,1.2415037155151367,,,,,,
4,,,11519,,,,,,,1.0666627883911133,,,,,,
4,,,11539,,,,,,,1.0666704177856445,,,,,,
4,,,11559,,,,,,,0.8489230871200562,,,,,,
4,,,11579,,,,,,,1.0060105323791504,,,,,,
4,,,11599,,,,,,,0.8711209297180176,,,,,,
4,,,11619,,,,,,,1.173783302307129,,,,,,
4,,,11639,,,,,,,1.083167314529419,,,,,,
4,,,11659,,,,,,,0.8737673759460449,,,,,,
4,,,11679,,,,,,,0.7191717624664307,,,,,,
4,,,11699,,,,,,,0.9154456853866577,,,,,,
4,,,11719,,,,,,,1.0367095470428467,,,,,,
4,,,11739,,,,,,,0.8206442594528198,,,,,,
4,,,11759,,,,,,,0.7368595004081726,,,,,,
4,,,11779,,,,,,,0.6579739451408386,,,,,,
4,,,11799,,,,,,,0.8860353231430054,,,,,,
4,,,11819,,,,,,,0.9190890192985535,,,,,,
4,,,11839,,,,,,,0.9762784242630005,,,,,,
4,,,11859,,,,,,,0.9429579973220825,,,,,,
4,,,11879,,,,,,,0.8040037155151367,,,,,,
4,,,11899,,,,,,,0.727135181427002,,,,,,
4,,,11919,,,,,,,0.873203694820404,,,,,,
4,,,11939,,,,,,,0.9566157460212708,,,,,,
4,,,11959,,,,,,,0.7040179371833801,,,,,,
4,,,11979,,,,,,,1.3851580619812012,,,,,,
4,,,11999,,,,,,,0.9150720834732056,,,,,,
4,,,12019,,,,,,,0.9684704542160034,,,,,,
4,,,12039,,,,,,,1.1723589897155762,,,,,,
4,,,12059,,,,,,,0.8285070657730103,,,,,,
4,,,12079,,,,,,,0.683052659034729,,,,,,
4,,,12099,,,,,,,1.030003309249878,,,,,,
4,,,12119,,,,,,,0.9658781290054321,,,,,,
4,,,12139,,,,,,,0.9326822757720947,,,,,,
4,,,12159,,,,,,,0.7326955795288086,,,,,,
4,,,12179,,,,,,,1.0609593391418457,,,,,,
4,,,12199,,,,,,,0.7823683023452759,,,,,,
4,,,12219,,,,,,,1.0232348442077637,,,,,,
4,,,12239,,,,,,,0.8220520615577698,,,,,,
4,,,12259,,,,,,,0.9779025912284851,,,,,,
4,,,12279,,,,,,,1.6761945486068726,,,,,,
4,,,12299,,,,,,,0.8937619924545288,,,,,,
4,,,12319,,,,,,,0.7861377596855164,,,,,,
4,,,12339,,,,,,,0.7750741243362427,,,,,,
4,,,12359,,,,,,,1.1082285642623901,,,,,,
4,,,12379,,,,,,,0.7580084204673767,,,,,,
4,,,12399,,,,,,,0.8275741338729858,,,,,,
4,,,12419,,,,,,,1.126566767692566,,,,,,
4,,,12439,,,,,,,0.9439855813980103,,,,,,
4,,,12459,,,,,,,0.9071217179298401,,,,,,
4,,,12479,,,,,,,0.638308048248291,,,,,,
4,,,12499,,,,,,,0.9560770392417908,,,,,,
4,,,12519,,,,,,,1.267866611480713,,,,,,
4,,,12539,,,,,,,0.7297695279121399,,,,,,
4,,,12559,,,,,,,1.2551944255828857,,,,,,
4,,,12579,,,,,,,1.1804735660552979,,,,,,
4,,,12599,,,,,,,0.8491466045379639,,,,,,
4,,,12619,,,,,,,0.9747709035873413,,,,,,
4,,,12639,,,,,,,1.0839512348175049,,,,,,
4,,,12659,,,,,,,0.6840009093284607,,,,,,
4,,,12679,,,,,,,1.2152347564697266,,,,,,
4,,,12699,,,,,,,1.6874030828475952,,,,,,
4,,,12719,,,,,,,0.9068889021873474,,,,,,
4,,,12739,,,,,,,0.9885916709899902,,,,,,
4,,,12759,,,,,,,0.6800004243850708,,,,,,
4,,,12779,,,,,,,1.0119473934173584,,,,,,
4,,,12799,,,,,,,0.8215502500534058,,,,,,
4,,,12819,,,,,,,0.8616956472396851,,,,,,
4,,,12839,,,,,,,1.1074000597000122,,,,,,
4,,,12859,,,,,,,0.8214388489723206,,,,,,
4,,,12879,,,,,,,1.6607394218444824,,,,,,
4,,,12899,,,,,,,0.8390881419181824,,,,,,
4,,,12919,,,,,,,1.0670499801635742,,,,,,
4,,,12939,,,,,,,0.6495769023895264,,,,,,
4,,,12959,,,,,,,0.9434915781021118,,,,,,
4,,,12979,,,,,,,0.9016769528388977,,,,,,
4,,,12999,,,,,,,1.224226474761963,,,,,,
4,,,13019,,,,,,,0.6624555587768555,,,,,,
4,,,13039,,,,,,,0.9007081985473633,,,,,,
4,,,13059,,,,,,,1.2520503997802734,,,,,,
4,,,13079,,,,,,,0.9015222191810608,,,,,,
4,,,13099,,,,,,,0.7730947732925415,,,,,,
4,,,13119,,,,,,,0.8834018707275391,,,,,,
4,,,13139,,,,,,,0.45709651708602905,,,,,,
4,,,13159,,,,,,,0.8679973483085632,,,,,,
4,,,13179,,,,,,,0.9853986501693726,,,,,,
4,,,13199,,,,,,,0.6450198888778687,,,,,,
4,,,13219,,,,,,,1.5148776769638062,,,,,,
4,,,13239,,,,,,,0.9389479756355286,,,,,,
4,,,13259,,,,,,,0.7684450745582581,,,,,,
4,,,13279,,,,,,,0.8126575946807861,,,,,,
4,,,13299,,,,,,,0.7264841794967651,,,,,,
4,,,13319,,,,,,,0.9784061908721924,,,,,,
4,,,13339,,,,,,,1.4473421573638916,,,,,,
4,,,13359,,,,,,,1.325433373451233,,,,,,
4,,,13379,,,,,,,0.9794133305549622,,,,,,
4,,,13399,,,,,,,0.6547810435295105,,,,,,
4,,,13419,,,,,,,0.785563588142395,,,,,,
4,,,13439,,,,,,,0.6638638377189636,,,,,,
4,,,13459,,,,,,,0.8058076500892639,,,,,,
4,,,13479,,,,,,,0.8756154179573059,,,,,,
4,,,13499,,,,,,,1.0853594541549683,,,,,,
4,,,13519,,,,,,,0.7220590114593506,,,,,,
4,,,13539,,,,,,,0.8814635276794434,,,,,,
4,,,13559,,,,,,,0.9904595613479614,,,,,,
4,,,13579,,,,,,,0.755329966545105,,,,,,
4,,,13599,,,,,,,0.7069711089134216,,,,,,
4,,,13619,,,,,,,0.7860907316207886,,,,,,
4,,,13639,,,,,,,0.7671288251876831,,,,,,
4,,,13659,,,,,,,0.7317258715629578,,,,,,
4,,,13679,,,,,,,0.8776892423629761,,,,,,
4,,,13699,,,,,,,0.6094255447387695,,,,,,
4,,,13719,,,,,,,1.0007481575012207,,,,,,
4,,,13739,,,,,,,0.7100463509559631,,,,,,
4,,,13759,,,,,,,0.6211793422698975,,,,,,
4,,,13779,,,,,,,1.0865733623504639,,,,,,
4,,,13799,,,,,,,0.8585129976272583,,,,,,
4,,,13819,,,,,,,0.7217346429824829,,,,,,
4,,,13839,,,,,,,0.8063070178031921,,,,,,
4,,,13859,,,,,,,1.7279255390167236,,,,,,
4,,,13879,,,,,,,0.9705407619476318,,,,,,
4,,,13899,,,,,,,0.7138334512710571,,,,,,
4,,,13919,,,,,,,1.2692278623580933,,,,,,
4,,,13939,,,,,,,0.7930141687393188,,,,,,
4,,,13959,,,,,,,0.9730949401855469,,,,,,
4,,,13979,,,,,,,0.5747689604759216,,,,,,
4,,,13999,,,,,,,1.0802825689315796,,,,,,
4,,,14019,,,,,,,0.6935132741928101,,,,,,
4,,,14039,,,,,,,1.058675765991211,,,,,,
4,,,14059,,,,,,,0.7959849834442139,,,,,,
4,,,14079,,,,,,,0.7690554857254028,,,,,,
4,,,14099,,,,,,,0.8910974264144897,,,,,,
4,,,14119,,,,,,,1.115614652633667,,,,,,
4,,,14139,,,,,,,1.2234091758728027,,,,,,
4,,,14159,,,,,,,0.8695769906044006,,,,,,
4,,,14179,,,,,,,0.772899329662323,,,,,,
4,,,14199,,,,,,,0.7267059087753296,,,,,,
4,,,14219,,,,,,,0.7733691334724426,,,,,,
4,,,14239,,,,,,,1.2674742937088013,,,,,,
4,,,14259,,,,,,,1.0129966735839844,,,,,,
4,,,14279,,,,,,,0.7367271780967712,,,,,,
4,,,14299,,,,,,,0.7476004362106323,,,,,,
4,,,14319,,,,,,,2.2099034786224365,,,,,,
4,,,14339,,,,,,,0.8386199474334717,,,,,,
4,,,14349,,,,,,,,0.39075326919555664,0.32414141297340393,10.010029792785645,0.23206640779972076,0.3830426335334778,0.39075326919555664
4,,,14349,,,,,0.7112612128257751,0.913922131061554,,,,,,,
,0.00021002361583511008,0.00021002361583511008,14350,,,,,,,,,,,,,
5,,,14359,,,,,,,0.8183062076568604,,,,,,
5,,,14379,,,,,,,0.583146333694458,,,,,,
5,,,14399,,,,,,,1.1483219861984253,,,,,,
5,,,14419,,,,,,,1.3279772996902466,,,,,,
5,,,14439,,,,,,,0.7758992910385132,,,,,,
5,,,14459,,,,,,,0.8848206400871277,,,,,,
5,,,14479,,,,,,,1.1314153671264648,,,,,,
5,,,14499,,,,,,,0.6881518363952637,,,,,,
5,,,14519,,,,,,,1.2795071601867676,,,,,,
5,,,14539,,,,,,,0.982968270778656,,,,,,
5,,,14559,,,,,,,0.8516418933868408,,,,,,
5,,,14579,,,,,,,0.8252922296524048,,,,,,
5,,,14599,,,,,,,0.9786084890365601,,,,,,
5,,,14619,,,,,,,1.0780150890350342,,,,,,
5,,,14639,,,,,,,0.9403058290481567,,,,,,
5,,,14659,,,,,,,0.7035303115844727,,,,,,
5,,,14679,,,,,,,0.9542256593704224,,,,,,
5,,,14699,,,,,,,0.8566277027130127,,,,,,
5,,,14719,,,,,,,4.580377578735352,,,,,,
5,,,14739,,,,,,,0.766303539276123,,,,,,
5,,,14759,,,,,,,0.9110658764839172,,,,,,
5,,,14779,,,,,,,1.0302751064300537,,,,,,
5,,,14799,,,,,,,0.571637749671936,,,,,,
5,,,14819,,,,,,,0.8072556257247925,,,,,,
5,,,14839,,,,,,,1.8856950998306274,,,,,,
5,,,14859,,,,,,,0.9181398153305054,,,,,,
5,,,14879,,,,,,,0.9971466064453125,,,,,,
5,,,14899,,,,,,,0.7196193933486938,,,,,,
5,,,14919,,,,,,,0.7398687601089478,,,,,,
5,,,14939,,,,,,,0.8551938533782959,,,,,,
5,,,14959,,,,,,,0.7248494625091553,,,,,,
5,,,14979,,,,,,,0.8484954237937927,,,,,,
5,,,14999,,,,,,,0.9153950214385986,,,,,,
5,,,15019,,,,,,,0.6559042930603027,,,,,,
5,,,15039,,,,,,,0.7496539354324341,,,,,,
5,,,15059,,,,,,,1.1681602001190186,,,,,,
5,,,15079,,,,,,,1.1527245044708252,,,,,,
5,,,15099,,,,,,,0.7342538833618164,,,,,,
5,,,15119,,,,,,,0.8747509717941284,,,,,,
5,,,15139,,,,,,,0.669735312461853,,,,,,
5,,,15159,,,,,,,0.7984497547149658,,,,,,
5,,,15179,,,,,,,1.5529024600982666,,,,,,
5,,,15199,,,,,,,0.7514813542366028,,,,,,
5,,,15219,,,,,,,0.6557416915893555,,,,,,
5,,,15239,,,,,,,1.1034080982208252,,,,,,
5,,,15259,,,,,,,0.826467752456665,,,,,,
5,,,15279,,,,,,,0.7923452854156494,,,,,,
5,,,15299,,,,,,,0.7408987283706665,,,,,,
5,,,15319,,,,,,,0.8687312602996826,,,,,,
5,,,15339,,,,,,,1.2414634227752686,,,,,,
5,,,15359,,,,,,,0.7215852737426758,,,,,,
5,,,15379,,,,,,,0.9187054634094238,,,,,,
5,,,15399,,,,,,,0.9767858982086182,,,,,,
5,,,15419,,,,,,,0.8269957900047302,,,,,,
5,,,15439,,,,,,,0.986691951751709,,,,,,
5,,,15459,,,,,,,0.605993390083313,,,,,,
5,,,15479,,,,,,,0.8218094110488892,,,,,,
5,,,15499,,,,,,,1.1914607286453247,,,,,,
5,,,15519,,,,,,,0.859204888343811,,,,,,
5,,,15539,,,,,,,0.7008770108222961,,,,,,
5,,,15559,,,,,,,0.8164412975311279,,,,,,
5,,,15579,,,,,,,0.9252387881278992,,,,,,
5,,,15599,,,,,,,1.17361319065094,,,,,,
5,,,15619,,,,,,,1.0056891441345215,,,,,,
5,,,15639,,,,,,,0.9396096467971802,,,,,,
5,,,15659,,,,,,,0.6326403617858887,,,,,,
5,,,15679,,,,,,,0.8432709574699402,,,,,,
5,,,15699,,,,,,,0.7440710067749023,,,,,,
5,,,15719,,,,,,,1.009265422821045,,,,,,
5,,,15739,,,,,,,0.9502008557319641,,,,,,
5,,,15759,,,,,,,0.9016096591949463,,,,,,
5,,,15779,,,,,,,0.8266414403915405,,,,,,
5,,,15799,,,,,,,1.0088342428207397,,,,,,
5,,,15819,,,,,,,0.8566859364509583,,,,,,
5,,,15839,,,,,,,1.0826854705810547,,,,,,
5,,,15859,,,,,,,0.7116224765777588,,,,,,
5,,,15879,,,,,,,1.167503833770752,,,,,,
5,,,15899,,,,,,,1.0141355991363525,,,,,,
5,,,15919,,,,,,,0.8243151903152466,,,,,,
5,,,15939,,,,,,,0.9603267908096313,,,,,,
5,,,15959,,,,,,,0.8296142816543579,,,,,,
5,,,15979,,,,,,,0.6711944937705994,,,,,,
5,,,15999,,,,,,,0.7523596882820129,,,,,,
5,,,16019,,,,,,,0.708932638168335,,,,,,
5,,,16039,,,,,,,0.9446622729301453,,,,,,
5,,,16059,,,,,,,0.7571797370910645,,,,,,
5,,,16079,,,,,,,0.6465206742286682,,,,,,
5,,,16099,,,,,,,1.044588565826416,,,,,,
5,,,16119,,,,,,,0.9002171754837036,,,,,,
5,,,16139,,,,,,,0.5964852571487427,,,,,,
5,,,16159,,,,,,,0.8185498714447021,,,,,,
5,,,16179,,,,,,,0.6690824627876282,,,,,,
5,,,16199,,,,,,,0.6476027965545654,,,,,,
5,,,16219,,,,,,,0.7826734185218811,,,,,,
5,,,16239,,,,,,,0.9000693559646606,,,,,,
5,,,16259,,,,,,,1.0283851623535156,,,,,,
5,,,16279,,,,,,,0.8312419056892395,,,,,,
5,,,16299,,,,,,,0.7636814117431641,,,,,,
5,,,16319,,,,,,,1.3157241344451904,,,,,,
5,,,16339,,,,,,,0.560746431350708,,,,,,
5,,,16359,,,,,,,0.7610771059989929,,,,,,
5,,,16379,,,,,,,0.7035219073295593,,,,,,
5,,,16399,,,,,,,0.8059244751930237,,,,,,
5,,,16419,,,,,,,0.7974917888641357,,,,,,
5,,,16439,,,,,,,0.6832396388053894,,,,,,
5,,,16459,,,,,,,0.6444346308708191,,,,,,
5,,,16479,,,,,,,0.7162235975265503,,,,,,
5,,,16499,,,,,,,0.7825539112091064,,,,,,
5,,,16519,,,,,,,0.729476273059845,,,,,,
5,,,16539,,,,,,,0.5792267322540283,,,,,,
5,,,16559,,,,,,,0.9208384156227112,,,,,,
5,,,16579,,,,,,,0.8937118053436279,,,,,,
5,,,16599,,,,,,,1.3913524150848389,,,,,,
5,,,16619,,,,,,,0.9037712812423706,,,,,,
5,,,16639,,,,,,,0.8749890327453613,,,,,,
5,,,16659,,,,,,,0.8625869750976562,,,,,,
5,,,16679,,,,,,,1.2649816274642944,,,,,,
5,,,16699,,,,,,,0.9083305597305298,,,,,,
5,,,16719,,,,,,,1.0168333053588867,,,,,,
5,,,16739,,,,,,,0.7207125425338745,,,,,,
5,,,16759,,,,,,,0.7918111085891724,,,,,,
5,,,16779,,,,,,,0.8662122488021851,,,,,,
5,,,16799,,,,,,,0.7674694061279297,,,,,,
5,,,16819,,,,,,,0.9827104806900024,,,,,,
5,,,16839,,,,,,,1.0424675941467285,,,,,,
5,,,16859,,,,,,,0.9504570364952087,,,,,,
5,,,16879,,,,,,,1.0458638668060303,,,,,,
5,,,16899,,,,,,,0.8602421283721924,,,,,,
5,,,16919,,,,,,,0.9102503061294556,,,,,,
5,,,16939,,,,,,,0.7295863032341003,,,,,,
5,,,16959,,,,,,,0.829490065574646,,,,,,
5,,,16979,,,,,,,0.91396164894104,,,,,,
5,,,16999,,,,,,,1.222037672996521,,,,,,
5,,,17019,,,,,,,0.74622642993927,,,,,,
5,,,17039,,,,,,,1.0383052825927734,,,,,,
5,,,17059,,,,,,,0.983595609664917,,,,,,
5,,,17079,,,,,,,0.6263853311538696,,,,,,
5,,,17099,,,,,,,0.7796562314033508,,,,,,
5,,,17119,,,,,,,0.9298442602157593,,,,,,
5,,,17139,,,,,,,1.054398536682129,,,,,,
5,,,17159,,,,,,,0.9651639461517334,,,,,,
5,,,17179,,,,,,,0.7657502889633179,,,,,,
5,,,17199,,,,,,,0.5374354124069214,,,,,,
5,,,17219,,,,,,,0.5420873165130615,,,,,,
5,,,17219,,,,,,,,0.4325401186943054,0.3629179000854492,11.409489631652832,0.2714178264141083,0.3576245903968811,0.4325401186943054
5,,,17219,,,,,0.7167494297027588,0.8959523439407349,,,,,,,
,0.0002520283390021321,0.0002520283390021321,17220,,,,,,,,,,,,,
6,,,17239,,,,,,,0.6774961948394775,,,,,,
6,,,17259,,,,,,,0.873888373374939,,,,,,
6,,,17279,,,,,,,0.680552065372467,,,,,,
6,,,17299,,,,,,,0.9146060943603516,,,,,,
6,,,17319,,,,,,,0.5169439315795898,,,,,,
6,,,17339,,,,,,,0.7262831926345825,,,,,,
6,,,17359,,,,,,,0.8999425172805786,,,,,,
6,,,17379,,,,,,,0.882027268409729,,,,,,
6,,,17399,,,,,,,1.0789053440093994,,,,,,
6,,,17419,,,,,,,1.1373531818389893,,,,,,
6,,,17439,,,,,,,0.6411693692207336,,,,,,
6,,,17459,,,,,,,0.5384049415588379,,,,,,
6,,,17479,,,,,,,1.132678747177124,,,,,,
6,,,17499,,,,,,,1.3360940217971802,,,,,,
6,,,17519,,,,,,,1.0061595439910889,,,,,,
6,,,17539,,,,,,,0.9529683589935303,,,,,,
6,,,17559,,,,,,,0.6733575463294983,,,,,,
6,,,17579,,,,,,,0.741963267326355,,,,,,
6,,,17599,,,,,,,0.7011289596557617,,,,,,
6,,,17619,,,,,,,0.7527354955673218,,,,,,
6,,,17639,,,,,,,1.1822490692138672,,,,,,
6,,,17659,,,,,,,0.6394765377044678,,,,,,
6,,,17679,,,,,,,0.8525372743606567,,,,,,
6,,,17699,,,,,,,1.1503403186798096,,,,,,
6,,,17719,,,,,,,0.8708206415176392,,,,,,
6,,,17739,,,,,,,0.8785357475280762,,,,,,
6,,,17759,,,,,,,1.3275516033172607,,,,,,
6,,,17779,,,,,,,1.2464218139648438,,,,,,
6,,,17799,,,,,,,0.7019743919372559,,,,,,
6,,,17819,,,,,,,0.8458878993988037,,,,,,
6,,,17839,,,,,,,0.5461995601654053,,,,,,
6,,,17859,,,,,,,0.6520606279373169,,,,,,
6,,,17879,,,,,,,1.251462459564209,,,,,,
6,,,17899,,,,,,,0.9769454598426819,,,,,,
6,,,17919,,,,,,,0.7190414667129517,,,,,,
6,,,17939,,,,,,,0.739759087562561,,,,,,
6,,,17959,,,,,,,0.6877108812332153,,,,,,
6,,,17979,,,,,,,0.6824824213981628,,,,,,
6,,,17999,,,,,,,1.0114266872406006,,,,,,
6,,,18019,,,,,,,0.9286183714866638,,,,,,
6,,,18039,,,,,,,0.946636438369751,,,,,,
6,,,18059,,,,,,,0.9359675049781799,,,,,,
6,,,18079,,,,,,,0.8387956619262695,,,,,,
6,,,18099,,,,,,,0.77900630235672,,,,,,
6,,,18119,,,,,,,0.6799913048744202,,,,,,
6,,,18139,,,,,,,0.9684620499610901,,,,,,
6,,,18159,,,,,,,1.1382029056549072,,,,,,
6,,,18179,,,,,,,1.98537278175354,,,,,,
6,,,18199,,,,,,,0.7829172015190125,,,,,,
6,,,18219,,,,,,,1.1528728008270264,,,,,,
6,,,18239,,,,,,,0.701762318611145,,,,,,
6,,,18259,,,,,,,0.8265985250473022,,,,,,
6,,,18279,,,,,,,0.9754737615585327,,,,,,
6,,,18299,,,,,,,0.784864604473114,,,,,,
6,,,18319,,,,,,,0.9019265174865723,,,,,,
6,,,18339,,,,,,,1.0761712789535522,,,,,,
6,,,18359,,,,,,,0.7035958766937256,,,,,,
6,,,18379,,,,,,,0.8287138342857361,,,,,,
6,,,18399,,,,,,,0.9336565732955933,,,,,,
6,,,18419,,,,,,,0.7941006422042847,,,,,,
6,,,18439,,,,,,,0.9076762795448303,,,,,,
6,,,18459,,,,,,,0.9493591785430908,,,,,,
6,,,18479,,,,,,,1.5239886045455933,,,,,,
6,,,18499,,,,,,,0.7071908116340637,,,,,,
6,,,18519,,,,,,,0.9299488067626953,,,,,,
6,,,18539,,,,,,,0.6513214707374573,,,,,,
6,,,18559,,,,,,,0.6779530048370361,,,,,,
6,,,18579,,,,,,,0.8261622190475464,,,,,,
6,,,18599,,,,,,,0.9024823904037476,,,,,,
6,,,18619,,,,,,,0.4845537543296814,,,,,,
6,,,18639,,,,,,,0.8136345148086548,,,,,,
6,,,18659,,,,,,,0.8682704567909241,,,,,,
6,,,18679,,,,,,,1.1041594743728638,,,,,,
6,,,18699,,,,,,,0.6021782159805298,,,,,,
6,,,18719,,,,,,,0.7606583833694458,,,,,,
6,,,18739,,,,,,,0.8445236682891846,,,,,,
6,,,18759,,,,,,,0.8655475378036499,,,,,,
6,,,18779,,,,,,,0.7895694375038147,,,,,,
6,,,18799,,,,,,,0.7176452279090881,,,,,,
6,,,18819,,,,,,,0.8234673142433167,,,,,,
6,,,18839,,,,,,,0.798574686050415,,,,,,
6,,,18859,,,,,,,0.6037173271179199,,,,,,
6,,,18879,,,,,,,0.9215969443321228,,,,,,
6,,,18899,,,,,,,0.5661871433258057,,,,,,
6,,,18919,,,,,,,1.0732084512710571,,,,,,
6,,,18939,,,,,,,0.7689924240112305,,,,,,
6,,,18959,,,,,,,0.7569005489349365,,,,,,
6,,,18979,,,,,,,0.8022083044052124,,,,,,
6,,,18999,,,,,,,0.8099535703659058,,,,,,
6,,,19019,,,,,,,0.7461839914321899,,,,,,
6,,,19039,,,,,,,0.8119779825210571,,,,,,
6,,,19059,,,,,,,0.6206863522529602,,,,,,
6,,,19079,,,,,,,0.7738015651702881,,,,,,
6,,,19099,,,,,,,1.000355839729309,,,,,,
6,,,19119,,,,,,,1.0270867347717285,,,,,,
6,,,19139,,,,,,,0.9175520539283752,,,,,,
6,,,19159,,,,,,,0.8625370264053345,,,,,,
6,,,19179,,,,,,,2.2433197498321533,,,,,,
6,,,19199,,,,,,,0.7159746885299683,,,,,,
6,,,19219,,,,,,,0.5889170169830322,,,,,,
6,,,19239,,,,,,,0.7354652285575867,,,,,,
6,,,19259,,,,,,,0.8835752010345459,,,,,,
6,,,19279,,,,,,,2.067093849182129,,,,,,
6,,,19299,,,,,,,0.8584073185920715,,,,,,
6,,,19319,,,,,,,0.7688095569610596,,,,,,
6,,,19339,,,,,,,1.0739604234695435,,,,,,
6,,,19359,,,,,,,1.2288804054260254,,,,,,
6,,,19379,,,,,,,0.8548290133476257,,,,,,
6,,,19399,,,,,,,0.8226074576377869,,,,,,
6,,,19419,,,,,,,0.9110550880432129,,,,,,
6,,,19439,,,,,,,0.712783932685852,,,,,,
6,,,19459,,,,,,,1.0068793296813965,,,,,,
6,,,19479,,,,,,,0.6779927611351013,,,,,,
6,,,19499,,,,,,,0.9550397396087646,,,,,,
6,,,19519,,,,,,,0.6938725709915161,,,,,,
6,,,19539,,,,,,,0.7702717781066895,,,,,,
6,,,19559,,,,,,,0.9252541065216064,,,,,,
6,,,19579,,,,,,,0.7832040786743164,,,,,,
6,,,19599,,,,,,,0.6895631551742554,,,,,,
6,,,19619,,,,,,,0.6536189317703247,,,,,,
6,,,19639,,,,,,,0.7159244418144226,,,,,,
6,,,19659,,,,,,,0.706661581993103,,,,,,
6,,,19679,,,,,,,1.061735987663269,,,,,,
6,,,19699,,,,,,,0.8140460848808289,,,,,,
6,,,19719,,,,,,,1.077146053314209,,,,,,
6,,,19739,,,,,,,0.8789280652999878,,,,,,
6,,,19759,,,,,,,0.7858257293701172,,,,,,
6,,,19779,,,,,,,0.6844184398651123,,,,,,
6,,,19799,,,,,,,0.7003155946731567,,,,,,
6,,,19819,,,,,,,1.0877140760421753,,,,,,
6,,,19839,,,,,,,0.7588251829147339,,,,,,
6,,,19859,,,,,,,0.7996444702148438,,,,,,
6,,,19879,,,,,,,1.3913317918777466,,,,,,
6,,,19899,,,,,,,0.7279253602027893,,,,,,
6,,,19919,,,,,,,1.1919665336608887,,,,,,
6,,,19939,,,,,,,1.082589864730835,,,,,,
6,,,19959,,,,,,,0.8239946365356445,,,,,,
6,,,19979,,,,,,,0.851260781288147,,,,,,
6,,,19999,,,,,,,0.8476980328559875,,,,,,
6,,,20019,,,,,,,0.7807489633560181,,,,,,
6,,,20039,,,,,,,0.7322904467582703,,,,,,
6,,,20059,,,,,,,0.747268557548523,,,,,,
6,,,20079,,,,,,,0.7865549921989441,,,,,,
6,,,20089,,,,,,,,0.41883108019828796,0.3342955708503723,10.488134384155273,0.25237828493118286,0.3557880222797394,0.41883108019828796
6,,,20089,,,,,0.7221693396568298,0.882060170173645,,,,,,,
,0.0002940330621691541,0.0002940330621691541,20090,,,,,,,,,,,,,
7,,,20099,,,,,,,0.463545560836792,,,,,,
7,,,20119,,,,,,,0.7250124216079712,,,,,,
7,,,20139,,,,,,,0.7298350930213928,,,,,,
7,,,20159,,,,,,,1.260756015777588,,,,,,
7,,,20179,,,,,,,1.0988593101501465,,,,,,
7,,,20199,,,,,,,0.8946576118469238,,,,,,
7,,,20219,,,,,,,1.158916711807251,,,,,,
7,,,20239,,,,,,,0.7461010813713074,,,,,,
7,,,20259,,,,,,,0.7528845071792603,,,,,,
7,,,20279,,,,,,,0.8667967319488525,,,,,,
7,,,20299,,,,,,,0.9527024030685425,,,,,,
7,,,20319,,,,,,,0.5927067399024963,,,,,,
7,,,20339,,,,,,,0.7902147173881531,,,,,,
7,,,20359,,,,,,,0.9476497173309326,,,,,,
7,,,20379,,,,,,,1.2856743335723877,,,,,,
7,,,20399,,,,,,,0.7371345162391663,,,,,,
7,,,20419,,,,,,,0.9307788610458374,,,,,,
7,,,20439,,,,,,,0.7018609046936035,,,,,,
7,,,20459,,,,,,,0.729299783706665,,,,,,
7,,,20479,,,,,,,0.7364852428436279,,,,,,
7,,,20499,,,,,,,0.8096308708190918,,,,,,
7,,,20519,,,,,,,0.9513735771179199,,,,,,
7,,,20539,,,,,,,0.8229200839996338,,,,,,
7,,,20559,,,,,,,0.732374370098114,,,,,,
7,,,20579,,,,,,,0.6831399202346802,,,,,,
7,,,20599,,,,,,,0.8505378365516663,,,,,,
7,,,20619,,,,,,,0.7475840449333191,,,,,,
7,,,20639,,,,,,,0.8300087451934814,,,,,,
7,,,20659,,,,,,,0.807571530342102,,,,,,
7,,,20679,,,,,,,0.6918462514877319,,,,,,
7,,,20699,,,,,,,0.9067481756210327,,,,,,
7,,,20719,,,,,,,0.7375828623771667,,,,,,
7,,,20739,,,,,,,0.8321845531463623,,,,,,
7,,,20759,,,,,,,0.6730812788009644,,,,,,
7,,,20779,,,,,,,1.146043300628662,,,,,,
7,,,20799,,,,,,,0.9890193939208984,,,,,,
7,,,20819,,,,,,,0.9476417303085327,,,,,,
7,,,20839,,,,,,,0.8485301733016968,,,,,,
7,,,20859,,,,,,,0.8588435649871826,,,,,,
7,,,20879,,,,,,,0.7139157056808472,,,,,,
7,,,20899,,,,,,,0.840463399887085,,,,,,
7,,,20919,,,,,,,0.8892415761947632,,,,,,
7,,,20939,,,,,,,0.7472244501113892,,,,,,
7,,,20959,,,,,,,1.001629114151001,,,,,,
7,,,20979,,,,,,,0.9795944690704346,,,,,,
7,,,20999,,,,,,,1.2337462902069092,,,,,,
7,,,21019,,,,,,,0.9409166574478149,,,,,,
7,,,21039,,,,,,,0.6170207262039185,,,,,,
7,,,21059,,,,,,,0.619920015335083,,,,,,
7,,,21079,,,,,,,0.6812703609466553,,,,,,
7,,,21099,,,,,,,0.8760318756103516,,,,,,
7,,,21119,,,,,,,0.7630993127822876,,,,,,
7,,,21139,,,,,,,0.9872090816497803,,,,,,
7,,,21159,,,,,,,0.9456899166107178,,,,,,
7,,,21179,,,,,,,0.8487988710403442,,,,,,
7,,,21199,,,,,,,1.1080479621887207,,,,,,
7,,,21219,,,,,,,0.6853277087211609,,,,,,
7,,,21239,,,,,,,0.8098441362380981,,,,,,
7,,,21259,,,,,,,0.6654178500175476,,,,,,
7,,,21279,,,,,,,0.9065869450569153,,,,,,
7,,,21299,,,,,,,1.031221866607666,,,,,,
7,,,21319,,,,,,,0.9073473215103149,,,,,,
7,,,21339,,,,,,,0.5151287913322449,,,,,,
7,,,21359,,,,,,,0.9475822448730469,,,,,,
7,,,21379,,,,,,,1.0851521492004395,,,,,,
7,,,21399,,,,,,,1.1270846128463745,,,,,,
7,,,21419,,,,,,,0.9189836382865906,,,,,,
7,,,21439,,,,,,,0.7922242879867554,,,,,,
7,,,21459,,,,,,,0.703051745891571,,,,,,
7,,,21479,,,,,,,1.3900666236877441,,,,,,
7,,,21499,,,,,,,1.0641379356384277,,,,,,
7,,,21519,,,,,,,0.8718827366828918,,,,,,
7,,,21539,,,,,,,0.7298246622085571,,,,,,
7,,,21559,,,,,,,0.7634657621383667,,,,,,
7,,,21579,,,,,,,1.3267860412597656,,,,,,
7,,,21599,,,,,,,0.9856712222099304,,,,,,
7,,,21619,,,,,,,0.7258368730545044,,,,,,
7,,,21639,,,,,,,0.7827337980270386,,,,,,
7,,,21659,,,,,,,1.0248740911483765,,,,,,
7,,,21679,,,,,,,0.8821408748626709,,,,,,
7,,,21699,,,,,,,0.920346736907959,,,,,,
7,,,21719,,,,,,,0.4994707703590393,,,,,,
7,,,21739,,,,,,,0.8938955068588257,,,,,,
7,,,21759,,,,,,,0.9319787621498108,,,,,,
7,,,21779,,,,,,,1.3124947547912598,,,,,,
7,,,21799,,,,,,,1.5954363346099854,,,,,,
7,,,21819,,,,,,,0.7091530561447144,,,,,,
7,,,21839,,,,,,,0.8732627034187317,,,,,,
7,,,21859,,,,,,,1.4540183544158936,,,,,,
7,,,21879,,,,,,,0.7584223747253418,,,,,,
7,,,21899,,,,,,,0.975420355796814,,,,,,
7,,,21919,,,,,,,1.0286085605621338,,,,,,
7,,,21939,,,,,,,0.5088353157043457,,,,,,
7,,,21959,,,,,,,1.109511375427246,,,,,,
7,,,21979,,,,,,,0.6234328150749207,,,,,,
7,,,21999,,,,,,,0.8086135387420654,,,,,,
7,,,22019,,,,,,,1.5153075456619263,,,,,,
7,,,22039,,,,,,,0.8005862236022949,,,,,,
7,,,22059,,,,,,,0.7057235836982727,,,,,,
7,,,22079,,,,,,,0.7861981391906738,,,,,,
7,,,22099,,,,,,,0.5862832069396973,,,,,,
7,,,22119,,,,,,,0.746934175491333,,,,,,
7,,,22139,,,,,,,0.6645715236663818,,,,,,
7,,,22159,,,,,,,0.9338178038597107,,,,,,
7,,,22179,,,,,,,0.8340386152267456,,,,,,
7,,,22199,,,,,,,0.7770280838012695,,,,,,
7,,,22219,,,,,,,0.8524919748306274,,,,,,
7,,,22239,,,,,,,0.8898648023605347,,,,,,
7,,,22259,,,,,,,1.0165234804153442,,,,,,
7,,,22279,,,,,,,0.7726712226867676,,,,,,
7,,,22299,,,,,,,0.9329777956008911,,,,,,
7,,,22319,,,,,,,0.7697066068649292,,,,,,
7,,,22339,,,,,,,0.9101097583770752,,,,,,
7,,,22359,,,,,,,0.8759366273880005,,,,,,
7,,,22379,,,,,,,0.5706769227981567,,,,,,
7,,,22399,,,,,,,0.8510358333587646,,,,,,
7,,,22419,,,,,,,0.7263938784599304,,,,,,
7,,,22439,,,,,,,1.0089246034622192,,,,,,
7,,,22459,,,,,,,0.7800065279006958,,,,,,
7,,,22479,,,,,,,1.0023994445800781,,,,,,
7,,,22499,,,,,,,0.8013924360275269,,,,,,
7,,,22519,,,,,,,1.015270471572876,,,,,,
7,,,22539,,,,,,,0.9913824796676636,,,,,,
7,,,22559,,,,,,,2.0226452350616455,,,,,,
7,,,22579,,,,,,,0.9734350442886353,,,,,,
7,,,22599,,,,,,,0.624021053314209,,,,,,
7,,,22619,,,,,,,0.8854318857192993,,,,,,
7,,,22639,,,,,,,0.7345099449157715,,,,,,
7,,,22659,,,,,,,0.7446048259735107,,,,,,
7,,,22679,,,,,,,0.8082704544067383,,,,,,
7,,,22699,,,,,,,0.8241519927978516,,,,,,
7,,,22719,,,,,,,1.137169599533081,,,,,,
7,,,22739,,,,,,,1.1362665891647339,,,,,,
7,,,22759,,,,,,,0.8742964863777161,,,,,,
7,,,22779,,,,,,,0.7971935272216797,,,,,,
7,,,22799,,,,,,,0.8346035480499268,,,,,,
7,,,22819,,,,,,,0.9192793965339661,,,,,,
7,,,22839,,,,,,,0.9407147765159607,,,,,,
7,,,22859,,,,,,,0.6978970170021057,,,,,,
7,,,22879,,,,,,,0.6043459177017212,,,,,,
7,,,22899,,,,,,,1.0528209209442139,,,,,,
7,,,22919,,,,,,,0.7999391555786133,,,,,,
7,,,22939,,,,,,,1.160433292388916,,,,,,
7,,,22959,,,,,,,0.8009358644485474,,,,,,
7,,,22959,,,,,,,,0.38037529587745667,0.31918346881866455,12.18869686126709,0.20017513632774353,0.32072773575782776,0.38037529587745667
7,,,22959,,,,,0.7251981496810913,0.858653724193573,,,,,,,
,0.00033603778533617616,0.00033603778533617616,22960,,,,,,,,,,,,,
8,,,22979,,,,,,,1.1681278944015503,,,,,,
8,,,22999,,,,,,,1.035672903060913,,,,,,
8,,,23019,,,,,,,0.9427036643028259,,,,,,
8,,,23039,,,,,,,0.732046902179718,,,,,,
8,,,23059,,,,,,,1.0298141241073608,,,,,,
8,,,23079,,,,,,,0.9521452188491821,,,,,,
8,,,23099,,,,,,,0.770160436630249,,,,,,
8,,,23119,,,,,,,0.9781075716018677,,,,,,
8,,,23139,,,,,,,1.46852707862854,,,,,,
8,,,23159,,,,,,,0.5377037525177002,,,,,,
8,,,23179,,,,,,,1.2127478122711182,,,,,,
8,,,23199,,,,,,,0.6712812781333923,,,,,,
8,,,23219,,,,,,,0.8923925757408142,,,,,,
8,,,23239,,,,,,,0.6775494813919067,,,,,,
8,,,23259,,,,,,,0.6742931604385376,,,,,,
8,,,23279,,,,,,,0.8812206983566284,,,,,,
8,,,23299,,,,,,,0.836524486541748,,,,,,
8,,,23319,,,,,,,0.7732551097869873,,,,,,
8,,,23339,,,,,,,0.7315154075622559,,,,,,
8,,,23359,,,,,,,0.5951741933822632,,,,,,
8,,,23379,,,,,,,0.656402051448822,,,,,,
8,,,23399,,,,,,,0.7371232509613037,,,,,,
8,,,23419,,,,,,,0.799480140209198,,,,,,
8,,,23439,,,,,,,0.6920313835144043,,,,,,
8,,,23459,,,,,,,0.7779359221458435,,,,,,
8,,,23479,,,,,,,0.8245800137519836,,,,,,
8,,,23499,,,,,,,1.3596782684326172,,,,,,
8,,,23519,,,,,,,1.1898995637893677,,,,,,
8,,,23539,,,,,,,0.8210341930389404,,,,,,
8,,,23559,,,,,,,0.847945511341095,,,,,,
8,,,23579,,,,,,,0.8173985481262207,,,,,,
8,,,23599,,,,,,,0.8577122688293457,,,,,,
8,,,23619,,,,,,,1.0322898626327515,,,,,,
8,,,23639,,,,,,,0.760341465473175,,,,,,
8,,,23659,,,,,,,1.2378473281860352,,,,,,
8,,,23679,,,,,,,0.8027876615524292,,,,,,
8,,,23699,,,,,,,0.9315227270126343,,,,,,
8,,,23719,,,,,,,1.4180247783660889,,,,,,
8,,,23739,,,,,,,0.9450939893722534,,,,,,
8,,,23759,,,,,,,0.6880694031715393,,,,,,
8,,,23779,,,,,,,1.1137521266937256,,,,,,
8,,,23799,,,,,,,0.8979265689849854,,,,,,
8,,,23819,,,,,,,1.4688760042190552,,,,,,
8,,,23839,,,,,,,0.6058803796768188,,,,,,
8,,,23859,,,,,,,0.8223896026611328,,,,,,
8,,,23879,,,,,,,0.9054195880889893,,,,,,
8,,,23899,,,,,,,1.3610539436340332,,,,,,
8,,,23919,,,,,,,0.7084310054779053,,,,,,
8,,,23939,,,,,,,0.8093661069869995,,,,,,
8,,,23959,,,,,,,1.0350370407104492,,,,,,
8,,,23979,,,,,,,0.6838636994361877,,,,,,
8,,,23999,,,,,,,0.8606688976287842,,,,,,
8,,,24019,,,,,,,0.8968894481658936,,,,,,
8,,,24039,,,,,,,0.7677505612373352,,,,,,
8,,,24059,,,,,,,0.9360787272453308,,,,,,
8,,,24079,,,,,,,0.8335237503051758,,,,,,
8,,,24099,,,,,,,0.5389419794082642,,,,,,
8,,,24119,,,,,,,1.1467913389205933,,,,,,
8,,,24139,,,,,,,0.5744038820266724,,,,,,
8,,,24159,,,,,,,0.8467056751251221,,,,,,
8,,,24179,,,,,,,0.5957787036895752,,,,,,
8,,,24199,,,,,,,0.8493280410766602,,,,,,
8,,,24219,,,,,,,1.0746769905090332,,,,,,
8,,,24239,,,,,,,0.9620293378829956,,,,,,
8,,,24259,,,,,,,0.5084750652313232,,,,,,
8,,,24279,,,,,,,1.6236544847488403,,,,,,
8,,,24299,,,,,,,0.7106821537017822,,,,,,
8,,,24319,,,,,,,1.0086919069290161,,,,,,
8,,,24339,,,,,,,0.5712464451789856,,,,,,
8,,,24359,,,,,,,0.7550055384635925,,,,,,
8,,,24379,,,,,,,0.6256564855575562,,,,,,
8,,,24399,,,,,,,1.856859803199768,,,,,,
8,,,24419,,,,,,,0.6704925298690796,,,,,,
8,,,24439,,,,,,,0.7251749038696289,,,,,,
8,,,24459,,,,,,,1.0607019662857056,,,,,,
8,,,24479,,,,,,,0.6470874547958374,,,,,,
8,,,24499,,,,,,,0.6982448697090149,,,,,,
8,,,24519,,,,,,,0.9723319411277771,,,,,,
8,,,24539,,,,,,,0.8484323024749756,,,,,,
8,,,24559,,,,,,,0.9604086875915527,,,,,,
8,,,24579,,,,,,,0.7565008401870728,,,,,,
8,,,24599,,,,,,,0.7578531503677368,,,,,,
8,,,24619,,,,,,,0.6903238296508789,,,,,,
8,,,24639,,,,,,,0.6977604627609253,,,,,,
8,,,24659,,,,,,,0.836455225944519,,,,,,
8,,,24679,,,,,,,0.5917527675628662,,,,,,
8,,,24699,,,,,,,0.6926350593566895,,,,,,
8,,,24719,,,,,,,0.601057767868042,,,,,,
8,,,24739,,,,,,,0.9809805154800415,,,,,,
8,,,24759,,,,,,,0.731404185295105,,,,,,
8,,,24779,,,,,,,0.8498263359069824,,,,,,
8,,,24799,,,,,,,0.790030300617218,,,,,,
8,,,24819,,,,,,,0.759839653968811,,,,,,
8,,,24839,,,,,,,0.6358524560928345,,,,,,
8,,,24859,,,,,,,0.7388213872909546,,,,,,
8,,,24879,,,,,,,0.805766224861145,,,,,,
8,,,24899,,,,,,,0.942435622215271,,,,,,
8,,,24919,,,,,,,0.9011484980583191,,,,,,
8,,,24939,,,,,,,0.9583221077919006,,,,,,
8,,,24959,,,,,,,2.033813238143921,,,,,,
8,,,24979,,,,,,,0.9010426998138428,,,,,,
8,,,24999,,,,,,,0.8052777051925659,,,,,,
8,,,25019,,,,,,,0.7141120433807373,,,,,,
8,,,25039,,,,,,,0.7471617460250854,,,,,,
8,,,25059,,,,,,,0.7320550084114075,,,,,,
8,,,25079,,,,,,,0.667499303817749,,,,,,
8,,,25099,,,,,,,0.7164329886436462,,,,,,
8,,,25119,,,,,,,1.0412981510162354,,,,,,
8,,,25139,,,,,,,1.3985345363616943,,,,,,
8,,,25159,,,,,,,1.2583881616592407,,,,,,
8,,,25179,,,,,,,0.6392741799354553,,,,,,
8,,,25199,,,,,,,0.7794364094734192,,,,,,
8,,,25219,,,,,,,0.6496918201446533,,,,,,
8,,,25239,,,,,,,0.7082926034927368,,,,,,
8,,,25259,,,,,,,1.023620367050171,,,,,,
8,,,25279,,,,,,,0.7739663124084473,,,,,,
8,,,25299,,,,,,,0.6389902830123901,,,,,,
8,,,25319,,,,,,,1.1132395267486572,,,,,,
8,,,25339,,,,,,,0.5565107464790344,,,,,,
8,,,25359,,,,,,,0.875216007232666,,,,,,
8,,,25379,,,,,,,0.9063378572463989,,,,,,
8,,,25399,,,,,,,0.7133821249008179,,,,,,
8,,,25419,,,,,,,1.0211272239685059,,,,,,
8,,,25439,,,,,,,0.8731622695922852,,,,,,
8,,,25459,,,,,,,0.8853302597999573,,,,,,
8,,,25479,,,,,,,0.623109757900238,,,,,,
8,,,25499,,,,,,,0.71733158826828,,,,,,
8,,,25519,,,,,,,0.9248367547988892,,,,,,
8,,,25539,,,,,,,1.1176764965057373,,,,,,
8,,,25559,,,,,,,0.6855612993240356,,,,,,
8,,,25579,,,,,,,0.6889704465866089,,,,,,
8,,,25599,,,,,,,0.7812353372573853,,,,,,
8,,,25619,,,,,,,0.9736555814743042,,,,,,
8,,,25639,,,,,,,0.6224977970123291,,,,,,
8,,,25659,,,,,,,0.5090145468711853,,,,,,
8,,,25679,,,,,,,0.4929882287979126,,,,,,
8,,,25699,,,,,,,0.9928430318832397,,,,,,
8,,,25719,,,,,,,0.8385175466537476,,,,,,
8,,,25739,,,,,,,0.5419824123382568,,,,,,
8,,,25759,,,,,,,0.8582375049591064,,,,,,
8,,,25779,,,,,,,0.8935736417770386,,,,,,
8,,,25799,,,,,,,0.6620523929595947,,,,,,
8,,,25819,,,,,,,1.0423457622528076,,,,,,
8,,,25829,,,,,,,,0.4051252007484436,0.34824854135513306,11.390186309814453,0.23949994146823883,0.35303205251693726,0.4051252007484436
8,,,25829,,,,,0.7289431691169739,0.8450983762741089,,,,,,,
,0.00037804250850319814,0.00037804250850319814,25830,,,,,,,,,,,,,
9,,,25839,,,,,,,0.8217155933380127,,,,,,
9,,,25859,,,,,,,0.9886682033538818,,,,,,
9,,,25879,,,,,,,0.4959928095340729,,,,,,
9,,,25899,,,,,,,1.295825481414795,,,,,,
9,,,25919,,,,,,,0.8392532467842102,,,,,,
9,,,25939,,,,,,,0.5457783937454224,,,,,,
9,,,25959,,,,,,,0.7996821999549866,,,,,,
9,,,25979,,,,,,,1.1223602294921875,,,,,,
9,,,25999,,,,,,,0.957007110118866,,,,,,
9,,,26019,,,,,,,0.6593118906021118,,,,,,
9,,,26039,,,,,,,0.659712016582489,,,,,,
9,,,26059,,,,,,,1.2228288650512695,,,,,,
9,,,26079,,,,,,,0.8432326316833496,,,,,,
9,,,26099,,,,,,,0.919870913028717,,,,,,
9,,,26119,,,,,,,0.978504478931427,,,,,,
9,,,26139,,,,,,,0.7010855078697205,,,,,,
9,,,26159,,,,,,,0.868810772895813,,,,,,
9,,,26179,,,,,,,0.830933690071106,,,,,,
9,,,26199,,,,,,,0.7133241891860962,,,,,,
9,,,26219,,,,,,,0.6354756355285645,,,,,,
9,,,26239,,,,,,,0.5520428419113159,,,,,,
9,,,26259,,,,,,,1.351035714149475,,,,,,
9,,,26279,,,,,,,0.9319289922714233,,,,,,
9,,,26299,,,,,,,0.7602434158325195,,,,,,
9,,,26319,,,,,,,0.7212166786193848,,,,,,
9,,,26339,,,,,,,0.6874091625213623,,,,,,
9,,,26359,,,,,,,0.862185001373291,,,,,,
9,,,26379,,,,,,,1.405585765838623,,,,,,
9,,,26399,,,,,,,0.6376528739929199,,,,,,
9,,,26419,,,,,,,0.5756480097770691,,,,,,
9,,,26439,,,,,,,0.7680854797363281,,,,,,
9,,,26459,,,,,,,0.7785872220993042,,,,,,
9,,,26479,,,,,,,1.4820486307144165,,,,,,
9,,,26499,,,,,,,0.9577201008796692,,,,,,
9,,,26519,,,,,,,0.5460782647132874,,,,,,
9,,,26539,,,,,,,0.7795568704605103,,,,,,
9,,,26559,,,,,,,0.7764149904251099,,,,,,
9,,,26579,,,,,,,1.0165951251983643,,,,,,
9,,,26599,,,,,,,0.45850878953933716,,,,,,
9,,,26619,,,,,,,0.5658861994743347,,,,,,
9,,,26639,,,,,,,1.012451410293579,,,,,,
9,,,26659,,,,,,,0.6588017344474792,,,,,,
9,,,26679,,,,,,,0.8407704830169678,,,,,,
9,,,26699,,,,,,,0.7108087539672852,,,,,,
9,,,26719,,,,,,,0.648879885673523,,,,,,
9,,,26739,,,,,,,1.0090802907943726,,,,,,
9,,,26759,,,,,,,0.7338230609893799,,,,,,
9,,,26779,,,,,,,0.8905112147331238,,,,,,
9,,,26799,,,,,,,0.902920126914978,,,,,,
9,,,26819,,,,,,,1.0667164325714111,,,,,,
9,,,26839,,,,,,,0.6983373165130615,,,,,,
9,,,26859,,,,,,,1.1614530086517334,,,,,,
9,,,26879,,,,,,,0.7642244696617126,,,,,,
9,,,26899,,,,,,,1.082214593887329,,,,,,
9,,,26919,,,,,,,0.9145357608795166,,,,,,
9,,,26939,,,,,,,1.1749191284179688,,,,,,
9,,,26959,,,,,,,1.5048006772994995,,,,,,
9,,,26979,,,,,,,0.7793760895729065,,,,,,
9,,,26999,,,,,,,0.8770543932914734,,,,,,
9,,,27019,,,,,,,0.7319194078445435,,,,,,
9,,,27039,,,,,,,0.535839319229126,,,,,,
9,,,27059,,,,,,,0.6858967542648315,,,,,,
9,,,27079,,,,,,,1.2038569450378418,,,,,,
9,,,27099,,,,,,,1.0028047561645508,,,,,,
9,,,27119,,,,,,,0.9618420600891113,,,,,,
9,,,27139,,,,,,,0.8673845529556274,,,,,,
9,,,27159,,,,,,,0.8740876913070679,,,,,,
9,,,27179,,,,,,,0.6134707927703857,,,,,,
9,,,27199,,,,,,,0.6879197359085083,,,,,,
9,,,27219,,,,,,,0.6016496419906616,,,,,,
9,,,27239,,,,,,,0.6273624300956726,,,,,,
9,,,27259,,,,,,,0.8992868661880493,,,,,,
9,,,27279,,,,,,,0.7860116958618164,,,,,,
9,,,27299,,,,,,,0.8973438739776611,,,,,,
9,,,27319,,,,,,,0.8277031183242798,,,,,,
9,,,27339,,,,,,,0.5983067750930786,,,,,,
9,,,27359,,,,,,,0.9988403916358948,,,,,,
9,,,27379,,,,,,,0.6462697982788086,,,,,,
9,,,27399,,,,,,,0.8420098423957825,,,,,,
9,,,27419,,,,,,,0.8508339524269104,,,,,,
9,,,27439,,,,,,,0.9001798629760742,,,,,,
9,,,27459,,,,,,,1.0815627574920654,,,,,,
9,,,27479,,,,,,,0.7994017601013184,,,,,,
9,,,27499,,,,,,,0.8270061016082764,,,,,,
9,,,27519,,,,,,,1.1674712896347046,,,,,,
9,,,27539,,,,,,,0.9097729921340942,,,,,,
9,,,27559,,,,,,,0.951468825340271,,,,,,
9,,,27579,,,,,,,0.9708983898162842,,,,,,
9,,,27599,,,,,,,0.6829110383987427,,,,,,
9,,,27619,,,,,,,0.7521503567695618,,,,,,
9,,,27639,,,,,,,0.7863901853561401,,,,,,
9,,,27659,,,,,,,1.0797274112701416,,,,,,
9,,,27679,,,,,,,0.9438210725784302,,,,,,
9,,,27699,,,,,,,0.9914424419403076,,,,,,
9,,,27719,,,,,,,0.7645559310913086,,,,,,
9,,,27739,,,,,,,0.7203834056854248,,,,,,
9,,,27759,,,,,,,0.6857823729515076,,,,,,
9,,,27779,,,,,,,1.0588884353637695,,,,,,
9,,,27799,,,,,,,0.7810686230659485,,,,,,
9,,,27819,,,,,,,0.8721568584442139,,,,,,
9,,,27839,,,,,,,1.040486454963684,,,,,,
9,,,27859,,,,,,,0.6977201104164124,,,,,,
9,,,27879,,,,,,,0.8288965225219727,,,,,,
9,,,27899,,,,,,,0.7554595470428467,,,,,,
9,,,27919,,,,,,,0.8772704601287842,,,,,,
9,,,27939,,,,,,,0.8429242968559265,,,,,,
9,,,27959,,,,,,,0.7637342214584351,,,,,,
9,,,27979,,,,,,,0.8089781999588013,,,,,,
9,,,27999,,,,,,,0.7548822164535522,,,,,,
9,,,28019,,,,,,,0.512397289276123,,,,,,
9,,,28039,,,,,,,0.8730372190475464,,,,,,
9,,,28059,,,,,,,0.8881990909576416,,,,,,
9,,,28079,,,,,,,0.8175389170646667,,,,,,
9,,,28099,,,,,,,1.3328074216842651,,,,,,
9,,,28119,,,,,,,0.7775475978851318,,,,,,
9,,,28139,,,,,,,0.9606539011001587,,,,,,
9,,,28159,,,,,,,0.6540656089782715,,,,,,
9,,,28179,,,,,,,0.641605794429779,,,,,,
9,,,28199,,,,,,,0.5341604948043823,,,,,,
9,,,28219,,,,,,,1.0328449010849,,,,,,
9,,,28239,,,,,,,1.1730719804763794,,,,,,
9,,,28259,,,,,,,0.6579717397689819,,,,,,
9,,,28279,,,,,,,0.6312960386276245,,,,,,
9,,,28299,,,,,,,0.8155686855316162,,,,,,
9,,,28319,,,,,,,0.8926687836647034,,,,,,
9,,,28339,,,,,,,0.6564018726348877,,,,,,
9,,,28359,,,,,,,1.0334439277648926,,,,,,
9,,,28379,,,,,,,0.8136574029922485,,,,,,
9,,,28399,,,,,,,1.0853897333145142,,,,,,
9,,,28419,,,,,,,0.5809491276741028,,,,,,
9,,,28439,,,,,,,0.3361116051673889,,,,,,
9,,,28459,,,,,,,0.819506049156189,,,,,,
9,,,28479,,,,,,,0.6792193055152893,,,,,,
9,,,28499,,,,,,,0.943469762802124,,,,,,
9,,,28519,,,,,,,0.6612387299537659,,,,,,
9,,,28539,,,,,,,1.1193125247955322,,,,,,
9,,,28559,,,,,,,0.7213039398193359,,,,,,
9,,,28579,,,,,,,0.9598360061645508,,,,,,
9,,,28599,,,,,,,0.5349328517913818,,,,,,
9,,,28619,,,,,,,1.1468191146850586,,,,,,
9,,,28639,,,,,,,0.9503417611122131,,,,,,
9,,,28659,,,,,,,0.8735926747322083,,,,,,
9,,,28679,,,,,,,0.6679245233535767,,,,,,
9,,,28699,,,,,,,1.0534223318099976,,,,,,
9,,,28699,,,,,,,,0.41809988021850586,0.35363656282424927,11.503107070922852,0.2527485191822052,0.3539242148399353,0.41809988021850586
9,,,28699,,,,,0.7317506074905396,0.8293548822402954,,,,,,,
,0.00042004723167022017,0.00042004723167022017,28700,,,,,,,,,,,,,
10,,,28719,,,,,,,0.6793855428695679,,,,,,
10,,,28739,,,,,,,1.068268060684204,,,,,,
10,,,28759,,,,,,,1.0228230953216553,,,,,,
10,,,28779,,,,,,,0.8903414011001587,,,,,,
10,,,28799,,,,,,,0.7945725917816162,,,,,,
10,,,28819,,,,,,,0.7901660203933716,,,,,,
10,,,28839,,,,,,,0.7794387340545654,,,,,,
10,,,28859,,,,,,,0.6788341403007507,,,,,,
10,,,28879,,,,,,,0.8757836818695068,,,,,,
10,,,28899,,,,,,,0.9165889024734497,,,,,,
10,,,28919,,,,,,,0.7511845231056213,,,,,,
10,,,28939,,,,,,,0.9095056056976318,,,,,,
10,,,28959,,,,,,,0.969683825969696,,,,,,
10,,,28979,,,,,,,0.816222071647644,,,,,,
10,,,28999,,,,,,,0.797762393951416,,,,,,
10,,,29019,,,,,,,0.9381507635116577,,,,,,
10,,,29039,,,,,,,0.6971526145935059,,,,,,
10,,,29059,,,,,,,0.902641773223877,,,,,,
10,,,29079,,,,,,,0.49363642930984497,,,,,,
10,,,29099,,,,,,,0.8404884338378906,,,,,,
10,,,29119,,,,,,,0.7512476444244385,,,,,,
10,,,29139,,,,,,,0.618332028388977,,,,,,
10,,,29159,,,,,,,0.7169309854507446,,,,,,
10,,,29179,,,,,,,0.9372049570083618,,,,,,
10,,,29199,,,,,,,0.9743775725364685,,,,,,
10,,,29219,,,,,,,0.9322068095207214,,,,,,
10,,,29239,,,,,,,0.7377961874008179,,,,,,
10,,,29259,,,,,,,0.7577325701713562,,,,,,
10,,,29279,,,,,,,0.6147205829620361,,,,,,
10,,,29299,,,,,,,0.7896919250488281,,,,,,
10,,,29319,,,,,,,0.7968803644180298,,,,,,
10,,,29339,,,,,,,0.9241329431533813,,,,,,
10,,,29359,,,,,,,0.8158746957778931,,,,,,
10,,,29379,,,,,,,0.7247912883758545,,,,,,
10,,,29399,,,,,,,0.764455258846283,,,,,,
10,,,29419,,,,,,,1.2928831577301025,,,,,,
10,,,29439,,,,,,,0.8426496982574463,,,,,,
10,,,29459,,,,,,,0.6583890318870544,,,,,,
10,,,29479,,,,,,,0.7992302775382996,,,,,,
10,,,29499,,,,,,,0.6897308826446533,,,,,,
10,,,29519,,,,,,,1.0034058094024658,,,,,,
10,,,29539,,,,,,,0.8829364776611328,,,,,,
10,,,29559,,,,,,,0.7808958292007446,,,,,,
10,,,29579,,,,,,,0.6964105367660522,,,,,,
10,,,29599,,,,,,,0.5303370952606201,,,,,,
10,,,29619,,,,,,,0.7353963255882263,,,,,,
10,,,29639,,,,,,,0.8666810989379883,,,,,,
10,,,29659,,,,,,,1.0088624954223633,,,,,,
10,,,29679,,,,,,,0.6426560282707214,,,,,,
10,,,29699,,,,,,,0.6715825796127319,,,,,,
10,,,29719,,,,,,,0.8775694370269775,,,,,,
10,,,29739,,,,,,,0.8127775192260742,,,,,,
10,,,29759,,,,,,,0.8121302127838135,,,,,,
10,,,29779,,,,,,,0.8277627229690552,,,,,,
10,,,29799,,,,,,,0.8009961247444153,,,,,,
10,,,29819,,,,,,,0.9604175090789795,,,,,,
10,,,29839,,,,,,,1.2345898151397705,,,,,,
10,,,29859,,,,,,,0.6350595951080322,,,,,,
10,,,29879,,,,,,,1.1326797008514404,,,,,,
10,,,29899,,,,,,,0.6673492193222046,,,,,,
10,,,29919,,,,,,,1.3474395275115967,,,,,,
10,,,29939,,,,,,,1.012086033821106,,,,,,
10,,,29959,,,,,,,1.3382713794708252,,,,,,
10,,,29979,,,,,,,0.5587185621261597,,,,,,
10,,,29999,,,,,,,0.8944032788276672,,,,,,
10,,,30019,,,,,,,0.8000183701515198,,,,,,
10,,,30039,,,,,,,0.6053566932678223,,,,,,
10,,,30059,,,,,,,0.7089207172393799,,,,,,
10,,,30079,,,,,,,0.8018919229507446,,,,,,
10,,,30099,,,,,,,0.9684619307518005,,,,,,
10,,,30119,,,,,,,0.4288511276245117,,,,,,
10,,,30139,,,,,,,0.5783873200416565,,,,,,
10,,,30159,,,,,,,0.9403494596481323,,,,,,
10,,,30179,,,,,,,0.8267761468887329,,,,,,
10,,,30199,,,,,,,0.6693512201309204,,,,,,
10,,,30219,,,,,,,0.8069123029708862,,,,,,
10,,,30239,,,,,,,0.7826989889144897,,,,,,
10,,,30259,,,,,,,0.6381962895393372,,,,,,
10,,,30279,,,,,,,0.7639431953430176,,,,,,
10,,,30299,,,,,,,0.7281092405319214,,,,,,
10,,,30319,,,,,,,0.8325412273406982,,,,,,
10,,,30339,,,,,,,0.8344018459320068,,,,,,
10,,,30359,,,,,,,0.7129636406898499,,,,,,
10,,,30379,,,,,,,1.1280066967010498,,,,,,
10,,,30399,,,,,,,0.7922398447990417,,,,,,
10,,,30419,,,,,,,0.9153037667274475,,,,,,
10,,,30439,,,,,,,0.7579619884490967,,,,,,
10,,,30459,,,,,,,0.9193950891494751,,,,,,
10,,,30479,,,,,,,0.8403278589248657,,,,,,
10,,,30499,,,,,,,0.7499450445175171,,,,,,
10,,,30519,,,,,,,0.9041049480438232,,,,,,
10,,,30539,,,,,,,0.8467352390289307,,,,,,
10,,,30559,,,,,,,0.7240530252456665,,,,,,
10,,,30579,,,,,,,0.9313126802444458,,,,,,
10,,,30599,,,,,,,0.7576746940612793,,,,,,
10,,,30619,,,,,,,0.6100356578826904,,,,,,
10,,,30639,,,,,,,0.6438758969306946,,,,,,
10,,,30659,,,,,,,1.3764584064483643,,,,,,
10,,,30679,,,,,,,0.830450177192688,,,,,,
10,,,30699,,,,,,,0.8028018474578857,,,,,,
10,,,30719,,,,,,,1.0063652992248535,,,,,,
10,,,30739,,,,,,,0.7350822687149048,,,,,,
10,,,30759,,,,,,,0.9574552774429321,,,,,,
10,,,30779,,,,,,,0.8232947587966919,,,,,,
10,,,30799,,,,,,,0.9142313599586487,,,,,,
10,,,30819,,,,,,,0.6524450778961182,,,,,,
10,,,30839,,,,,,,0.8715111017227173,,,,,,
10,,,30859,,,,,,,0.6417877674102783,,,,,,
10,,,30879,,,,,,,0.6630749106407166,,,,,,
10,,,30899,,,,,,,0.7781649827957153,,,,,,
10,,,30919,,,,,,,0.7587968111038208,,,,,,
10,,,30939,,,,,,,0.8474868535995483,,,,,,
10,,,30959,,,,,,,0.6327178478240967,,,,,,
10,,,30979,,,,,,,0.83797687292099,,,,,,
10,,,30999,,,,,,,0.9979438781738281,,,,,,
10,,,31019,,,,,,,0.8868461847305298,,,,,,
10,,,31039,,,,,,,0.7505244612693787,,,,,,
10,,,31059,,,,,,,0.8043280839920044,,,,,,
10,,,31079,,,,,,,0.6461241245269775,,,,,,
10,,,31099,,,,,,,0.7694844007492065,,,,,,
10,,,31119,,,,,,,0.8542002439498901,,,,,,
10,,,31139,,,,,,,0.7271105051040649,,,,,,
10,,,31159,,,,,,,0.7197858095169067,,,,,,
10,,,31179,,,,,,,0.678952693939209,,,,,,
10,,,31199,,,,,,,0.7019489407539368,,,,,,
10,,,31219,,,,,,,0.8589845895767212,,,,,,
10,,,31239,,,,,,,0.8795393109321594,,,,,,
10,,,31259,,,,,,,1.034287691116333,,,,,,
10,,,31279,,,,,,,0.8288930058479309,,,,,,
10,,,31299,,,,,,,0.5938332080841064,,,,,,
10,,,31319,,,,,,,0.8181983828544617,,,,,,
10,,,31339,,,,,,,0.6996410489082336,,,,,,
10,,,31359,,,,,,,0.8648828268051147,,,,,,
10,,,31379,,,,,,,0.7099736928939819,,,,,,
10,,,31399,,,,,,,1.1166599988937378,,,,,,
10,,,31419,,,,,,,0.8033400774002075,,,,,,
10,,,31439,,,,,,,0.7276748418807983,,,,,,
10,,,31459,,,,,,,0.8903859853744507,,,,,,
10,,,31479,,,,,,,0.8675004243850708,,,,,,
10,,,31499,,,,,,,0.823564887046814,,,,,,
10,,,31519,,,,,,,0.7726198434829712,,,,,,
10,,,31539,,,,,,,0.9075653553009033,,,,,,
10,,,31559,,,,,,,0.9358038902282715,,,,,,
10,,,31569,,,,,,,,0.3925584554672241,0.33446037769317627,11.592255592346191,0.22234003245830536,0.3466930389404297,0.3925584554672241
10,,,31569,,,,,0.7330577373504639,0.8267310261726379,,,,,,,
,0.0004199192909581016,0.0004199192909581016,31570,,,,,,,,,,,,,
11,,,31579,,,,,,,0.7595676183700562,,,,,,
11,,,31599,,,,,,,0.6955203413963318,,,,,,
11,,,31619,,,,,,,0.9396402835845947,,,,,,
11,,,31639,,,,,,,0.6827430129051208,,,,,,
11,,,31659,,,,,,,0.7776395678520203,,,,,,
11,,,31679,,,,,,,0.9204214811325073,,,,,,
11,,,31699,,,,,,,0.7990480661392212,,,,,,
11,,,31719,,,,,,,0.8926301598548889,,,,,,
11,,,31739,,,,,,,0.8391103744506836,,,,,,
11,,,31759,,,,,,,0.6426353454589844,,,,,,
11,,,31779,,,,,,,0.585797905921936,,,,,,
11,,,31799,,,,,,,0.6579999327659607,,,,,,
11,,,31819,,,,,,,0.8977290391921997,,,,,,
11,,,31839,,,,,,,1.1906325817108154,,,,,,
11,,,31859,,,,,,,0.5384615659713745,,,,,,
11,,,31879,,,,,,,0.5848871469497681,,,,,,
11,,,31899,,,,,,,0.8465846180915833,,,,,,
11,,,31919,,,,,,,0.7167150974273682,,,,,,
11,,,31939,,,,,,,1.006871223449707,,,,,,
11,,,31959,,,,,,,0.5587902069091797,,,,,,
11,,,31979,,,,,,,0.6409936547279358,,,,,,
11,,,31999,,,,,,,0.6623930931091309,,,,,,
11,,,32019,,,,,,,0.9173200726509094,,,,,,
11,,,32039,,,,,,,0.8861982822418213,,,,,,
11,,,32059,,,,,,,0.6496928930282593,,,,,,
11,,,32079,,,,,,,0.760860025882721,,,,,,
11,,,32099,,,,,,,0.8776119351387024,,,,,,
11,,,32119,,,,,,,0.7896062135696411,,,,,,
11,,,32139,,,,,,,0.7678608298301697,,,,,,
11,,,32159,,,,,,,1.0471348762512207,,,,,,
11,,,32179,,,,,,,0.6801318526268005,,,,,,
11,,,32199,,,,,,,0.7481374740600586,,,,,,
11,,,32219,,,,,,,0.7378525733947754,,,,,,
11,,,32239,,,,,,,0.606354832649231,,,,,,
11,,,32259,,,,,,,0.5869860649108887,,,,,,
11,,,32279,,,,,,,0.6787631511688232,,,,,,
11,,,32299,,,,,,,0.621543824672699,,,,,,
11,,,32319,,,,,,,0.606255829334259,,,,,,
11,,,32339,,,,,,,0.6362001895904541,,,,,,
11,,,32359,,,,,,,0.765426754951477,,,,,,
11,,,32379,,,,,,,0.8154276013374329,,,,,,
11,,,32399,,,,,,,0.5170602798461914,,,,,,
11,,,32419,,,,,,,0.5394611358642578,,,,,,
11,,,32439,,,,,,,0.8980029821395874,,,,,,
11,,,32459,,,,,,,0.8060429096221924,,,,,,
11,,,32479,,,,,,,0.7250694036483765,,,,,,
11,,,32499,,,,,,,0.9705658555030823,,,,,,
11,,,32519,,,,,,,0.852048397064209,,,,,,
11,,,32539,,,,,,,0.6489495038986206,,,,,,
11,,,32559,,,,,,,0.7352630496025085,,,,,,
11,,,32579,,,,,,,0.8410412669181824,,,,,,
11,,,32599,,,,,,,0.8388603925704956,,,,,,
11,,,32619,,,,,,,0.8836048245429993,,,,,,
11,,,32639,,,,,,,0.6370929479598999,,,,,,
11,,,32659,,,,,,,0.9914857149124146,,,,,,
11,,,32679,,,,,,,0.8448869585990906,,,,,,
11,,,32699,,,,,,,0.8242937326431274,,,,,,
11,,,32719,,,,,,,0.5411527752876282,,,,,,
11,,,32739,,,,,,,0.6831879615783691,,,,,,
11,,,32759,,,,,,,0.7887402176856995,,,,,,
11,,,32779,,,,,,,0.8086330890655518,,,,,,
11,,,32799,,,,,,,0.9205982685089111,,,,,,
11,,,32819,,,,,,,0.9047303199768066,,,,,,
11,,,32839,,,,,,,0.7472302913665771,,,,,,
11,,,32859,,,,,,,0.7644622325897217,,,,,,
11,,,32879,,,,,,,0.8842281699180603,,,,,,
11,,,32899,,,,,,,0.7326778769493103,,,,,,
11,,,32919,,,,,,,0.8377985954284668,,,,,,
11,,,32939,,,,,,,0.6937775611877441,,,,,,
11,,,32959,,,,,,,0.9828377366065979,,,,,,
11,,,32979,,,,,,,0.7344396114349365,,,,,,
11,,,32999,,,,,,,0.662473201751709,,,,,,
11,,,33019,,,,,,,1.2979881763458252,,,,,,
11,,,33039,,,,,,,0.75372314453125,,,,,,
11,,,33059,,,,,,,0.708155632019043,,,,,,
11,,,33079,,,,,,,0.616939902305603,,,,,,
11,,,33099,,,,,,,0.6069076061248779,,,,,,
11,,,33119,,,,,,,0.8125132322311401,,,,,,
11,,,33139,,,,,,,0.6510560512542725,,,,,,
11,,,33159,,,,,,,0.5914311408996582,,,,,,
11,,,33179,,,,,,,0.8447599411010742,,,,,,
11,,,33199,,,,,,,0.9128386378288269,,,,,,
11,,,33219,,,,,,,1.3197323083877563,,,,,,
11,,,33239,,,,,,,0.9262745976448059,,,,,,
11,,,33259,,,,,,,0.6681371927261353,,,,,,
11,,,33279,,,,,,,0.6811138391494751,,,,,,
11,,,33299,,,,,,,0.6648066639900208,,,,,,
11,,,33319,,,,,,,0.7667511701583862,,,,,,
11,,,33339,,,,,,,0.6981862783432007,,,,,,
11,,,33359,,,,,,,0.7609497308731079,,,,,,
11,,,33379,,,,,,,0.6673886775970459,,,,,,
11,,,33399,,,,,,,0.6683932542800903,,,,,,
11,,,33419,,,,,,,0.9574850797653198,,,,,,
11,,,33439,,,,,,,0.6360527276992798,,,,,,
11,,,33459,,,,,,,0.6460660099983215,,,,,,
11,,,33479,,,,,,,0.6831134557723999,,,,,,
11,,,33499,,,,,,,0.6974965333938599,,,,,,
11,,,33519,,,,,,,0.8669396638870239,,,,,,
11,,,33539,,,,,,,0.6130415201187134,,,,,,
11,,,33559,,,,,,,0.8814351558685303,,,,,,
11,,,33579,,,,,,,0.53819340467453,,,,,,
11,,,33599,,,,,,,0.89951491355896,,,,,,
11,,,33619,,,,,,,0.7989891767501831,,,,,,
11,,,33639,,,,,,,0.8340764045715332,,,,,,
11,,,33659,,,,,,,0.7045549750328064,,,,,,
11,,,33679,,,,,,,0.7703679800033569,,,,,,
11,,,33699,,,,,,,1.1597440242767334,,,,,,
11,,,33719,,,,,,,0.5604302883148193,,,,,,
11,,,33739,,,,,,,0.9153838753700256,,,,,,
11,,,33759,,,,,,,0.9014809131622314,,,,,,
11,,,33779,,,,,,,0.703798770904541,,,,,,
11,,,33799,,,,,,,0.9126768112182617,,,,,,
11,,,33819,,,,,,,0.8653009533882141,,,,,,
11,,,33839,,,,,,,0.6754778623580933,,,,,,
11,,,33859,,,,,,,0.8550892472267151,,,,,,
11,,,33879,,,,,,,0.6833469867706299,,,,,,
11,,,33899,,,,,,,0.6275017261505127,,,,,,
11,,,33919,,,,,,,0.7367469668388367,,,,,,
11,,,33939,,,,,,,0.7544002532958984,,,,,,
11,,,33959,,,,,,,0.6453779935836792,,,,,,
11,,,33979,,,,,,,0.8018840551376343,,,,,,
11,,,33999,,,,,,,0.8343974947929382,,,,,,
11,,,34019,,,,,,,0.6980308294296265,,,,,,
11,,,34039,,,,,,,0.6478902697563171,,,,,,
11,,,34059,,,,,,,0.5406194925308228,,,,,,
11,,,34079,,,,,,,0.7964205741882324,,,,,,
11,,,34099,,,,,,,0.7225668430328369,,,,,,
11,,,34119,,,,,,,0.7932469844818115,,,,,,
11,,,34139,,,,,,,0.709040641784668,,,,,,
11,,,34159,,,,,,,0.7715051770210266,,,,,,
11,,,34179,,,,,,,0.921019434928894,,,,,,
11,,,34199,,,,,,,0.5773648023605347,,,,,,
11,,,34219,,,,,,,0.8029766082763672,,,,,,
11,,,34239,,,,,,,0.7124154567718506,,,,,,
11,,,34259,,,,,,,0.7895821332931519,,,,,,
11,,,34279,,,,,,,0.6191577911376953,,,,,,
11,,,34299,,,,,,,0.7853615283966064,,,,,,
11,,,34319,,,,,,,0.49279433488845825,,,,,,
11,,,34339,,,,,,,0.7794823050498962,,,,,,
11,,,34359,,,,,,,0.595880925655365,,,,,,
11,,,34379,,,,,,,0.659590482711792,,,,,,
11,,,34399,,,,,,,0.649442195892334,,,,,,
11,,,34419,,,,,,,0.6890518665313721,,,,,,
11,,,34439,,,,,,,0.9236036539077759,,,,,,
11,,,34439,,,,,,,,0.3639408051967621,0.32086536288261414,12.291544914245605,0.19127127528190613,0.34359943866729736,0.3639408051967621
11,,,34439,,,,,0.7371742725372314,0.8075090050697327,,,,,,,
,0.00041953562469779584,0.00041953562469779584,34440,,,,,,,,,,,,,
12,,,34459,,,,,,,0.6079570055007935,,,,,,
12,,,34479,,,,,,,1.0630457401275635,,,,,,
12,,,34499,,,,,,,0.474496066570282,,,,,,
12,,,34519,,,,,,,1.17824387550354,,,,,,
12,,,34539,,,,,,,0.726365327835083,,,,,,
12,,,34559,,,,,,,0.8653133511543274,,,,,,
12,,,34579,,,,,,,1.0867284536361694,,,,,,
12,,,34599,,,,,,,0.6269795894622803,,,,,,
12,,,34619,,,,,,,1.2034995555877686,,,,,,
12,,,34639,,,,,,,0.8326202034950256,,,,,,
12,,,34659,,,,,,,0.5708279609680176,,,,,,
12,,,34679,,,,,,,0.7858443260192871,,,,,,
12,,,34699,,,,,,,0.8402824997901917,,,,,,
12,,,34719,,,,,,,0.9053407907485962,,,,,,
12,,,34739,,,,,,,0.7443373799324036,,,,,,
12,,,34759,,,,,,,0.8557051420211792,,,,,,
12,,,34779,,,,,,,0.7777667045593262,,,,,,
12,,,34799,,,,,,,0.4971446990966797,,,,,,
12,,,34819,,,,,,,1.083761215209961,,,,,,
12,,,34839,,,,,,,0.8877461552619934,,,,,,
12,,,34859,,,,,,,0.6653376817703247,,,,,,
12,,,34879,,,,,,,0.7871519327163696,,,,,,
12,,,34899,,,,,,,0.7848255038261414,,,,,,
12,,,34919,,,,,,,1.2439969778060913,,,,,,
12,,,34939,,,,,,,0.9060555696487427,,,,,,
12,,,34959,,,,,,,0.5951966047286987,,,,,,
12,,,34979,,,,,,,0.8592705130577087,,,,,,
12,,,34999,,,,,,,0.7097600698471069,,,,,,
12,,,35019,,,,,,,0.6019024848937988,,,,,,
12,,,35039,,,,,,,0.6757699847221375,,,,,,
12,,,35059,,,,,,,0.8572566509246826,,,,,,
12,,,35079,,,,,,,1.978058099746704,,,,,,
12,,,35099,,,,,,,0.8653839826583862,,,,,,
12,,,35119,,,,,,,0.7661552429199219,,,,,,
12,,,35139,,,,,,,0.7169828414916992,,,,,,
12,,,35159,,,,,,,0.8959084153175354,,,,,,
12,,,35179,,,,,,,0.8722661137580872,,,,,,
12,,,35199,,,,,,,0.9079452753067017,,,,,,
12,,,35219,,,,,,,1.0907628536224365,,,,,,
12,,,35239,,,,,,,0.7810713052749634,,,,,,
12,,,35259,,,,,,,0.7161531448364258,,,,,,
12,,,35279,,,,,,,0.9082323908805847,,,,,,
12,,,35299,,,,,,,0.5666967034339905,,,,,,
12,,,35319,,,,,,,0.892386257648468,,,,,,
12,,,35339,,,,,,,1.1096644401550293,,,,,,
12,,,35359,,,,,,,0.6432422399520874,,,,,,
12,,,35379,,,,,,,1.0668365955352783,,,,,,
12,,,35399,,,,,,,0.8788334131240845,,,,,,
12,,,35419,,,,,,,0.9676281213760376,,,,,,
12,,,35439,,,,,,,1.1646373271942139,,,,,,
12,,,35459,,,,,,,0.6807743310928345,,,,,,
12,,,35479,,,,,,,0.7701296806335449,,,,,,
12,,,35499,,,,,,,0.6816732883453369,,,,,,
12,,,35519,,,,,,,0.690692663192749,,,,,,
12,,,35539,,,,,,,0.716789960861206,,,,,,
12,,,35559,,,,,,,0.6267939805984497,,,,,,
12,,,35579,,,,,,,0.8991110920906067,,,,,,
12,,,35599,,,,,,,0.6839500665664673,,,,,,
12,,,35619,,,,,,,0.8760610818862915,,,,,,
12,,,35639,,,,,,,0.8241465091705322,,,,,,
12,,,35659,,,,,,,0.8794177174568176,,,,,,
12,,,35679,,,,,,,0.6595738530158997,,,,,,
12,,,35699,,,,,,,0.6983972787857056,,,,,,
12,,,35719,,,,,,,1.0081948041915894,,,,,,
12,,,35739,,,,,,,0.8037069439888,,,,,,
12,,,35759,,,,,,,0.6697503328323364,,,,,,
12,,,35779,,,,,,,0.8076053857803345,,,,,,
12,,,35799,,,,,,,0.5385071635246277,,,,,,
12,,,35819,,,,,,,0.7504063844680786,,,,,,
12,,,35839,,,,,,,0.6143255233764648,,,,,,
12,,,35859,,,,,,,0.7567551136016846,,,,,,
12,,,35879,,,,,,,0.7252360582351685,,,,,,
12,,,35899,,,,,,,0.882503867149353,,,,,,
12,,,35919,,,,,,,0.6776127815246582,,,,,,
12,,,35939,,,,,,,1.2625248432159424,,,,,,
12,,,35959,,,,,,,0.8517028093338013,,,,,,
12,,,35979,,,,,,,0.7380256652832031,,,,,,
12,,,35999,,,,,,,0.6896949410438538,,,,,,
12,,,36019,,,,,,,0.677810549736023,,,,,,
12,,,36039,,,,,,,0.8307981491088867,,,,,,
12,,,36059,,,,,,,0.9409737586975098,,,,,,
12,,,36079,,,,,,,0.9094538688659668,,,,,,
12,,,36099,,,,,,,0.7859956622123718,,,,,,
12,,,36119,,,,,,,0.753890335559845,,,,,,
12,,,36139,,,,,,,0.771070122718811,,,,,,
12,,,36159,,,,,,,0.5998587012290955,,,,,,
12,,,36179,,,,,,,0.6422134637832642,,,,,,
12,,,36199,,,,,,,0.9610049724578857,,,,,,
12,,,36219,,,,,,,0.4737003445625305,,,,,,
12,,,36239,,,,,,,0.7235021591186523,,,,,,
12,,,36259,,,,,,,0.7812234163284302,,,,,,
12,,,36279,,,,,,,0.7671682834625244,,,,,,
12,,,36299,,,,,,,0.6801871061325073,,,,,,
12,,,36319,,,,,,,0.6452007293701172,,,,,,
12,,,36339,,,,,,,0.8956265449523926,,,,,,
12,,,36359,,,,,,,0.948010265827179,,,,,,
12,,,36379,,,,,,,0.6035956144332886,,,,,,
12,,,36399,,,,,,,0.8632429838180542,,,,,,
12,,,36419,,,,,,,0.5639257431030273,,,,,,
12,,,36439,,,,,,,0.7047850489616394,,,,,,
12,,,36459,,,,,,,0.7080353498458862,,,,,,
12,,,36479,,,,,,,0.5813936591148376,,,,,,
12,,,36499,,,,,,,0.8677123785018921,,,,,,
12,,,36519,,,,,,,0.8088210821151733,,,,,,
12,,,36539,,,,,,,0.8654317855834961,,,,,,
12,,,36559,,,,,,,0.9103896617889404,,,,,,
12,,,36579,,,,,,,0.6655126810073853,,,,,,
12,,,36599,,,,,,,0.5969878435134888,,,,,,
12,,,36619,,,,,,,0.6132404804229736,,,,,,
12,,,36639,,,,,,,0.6588401794433594,,,,,,
12,,,36659,,,,,,,1.280513882637024,,,,,,
12,,,36679,,,,,,,0.6830508708953857,,,,,,
12,,,36699,,,,,,,0.757912814617157,,,,,,
12,,,36719,,,,,,,0.9757996201515198,,,,,,
12,,,36739,,,,,,,0.7122615575790405,,,,,,
12,,,36759,,,,,,,0.5914976596832275,,,,,,
12,,,36779,,,,,,,0.6794667840003967,,,,,,
12,,,36799,,,,,,,0.8162213563919067,,,,,,
12,,,36819,,,,,,,0.833694338798523,,,,,,
12,,,36839,,,,,,,0.7824174761772156,,,,,,
12,,,36859,,,,,,,1.1675512790679932,,,,,,
12,,,36879,,,,,,,0.7840850353240967,,,,,,
12,,,36899,,,,,,,0.8788332939147949,,,,,,
12,,,36919,,,,,,,0.7689942717552185,,,,,,
12,,,36939,,,,,,,0.5891414880752563,,,,,,
12,,,36959,,,,,,,0.9919376373291016,,,,,,
12,,,36979,,,,,,,0.931398332118988,,,,,,
12,,,36999,,,,,,,0.6857824325561523,,,,,,
12,,,37019,,,,,,,1.000701904296875,,,,,,
12,,,37039,,,,,,,0.844797670841217,,,,,,
12,,,37059,,,,,,,0.7601437568664551,,,,,,
12,,,37079,,,,,,,0.8649383783340454,,,,,,
12,,,37099,,,,,,,0.6309283971786499,,,,,,
12,,,37119,,,,,,,0.7152495384216309,,,,,,
12,,,37139,,,,,,,0.6224566698074341,,,,,,
12,,,37159,,,,,,,0.7124012112617493,,,,,,
12,,,37179,,,,,,,0.7678532004356384,,,,,,
12,,,37199,,,,,,,0.7570514678955078,,,,,,
12,,,37219,,,,,,,0.9575375318527222,,,,,,
12,,,37239,,,,,,,0.8685119152069092,,,,,,
12,,,37259,,,,,,,0.8224200010299683,,,,,,
12,,,37279,,,,,,,0.8002052307128906,,,,,,
12,,,37299,,,,,,,0.9348093271255493,,,,,,
12,,,37309,,,,,,,,0.40846624970436096,0.35543984174728394,11.33984088897705,0.25332409143447876,0.3786764442920685,0.40846624970436096
12,,,37309,,,,,0.7396553158760071,0.7888251543045044,,,,,,,
,0.00041889670032754187,0.00041889670032754187,37310,,,,,,,,,,,,,
13,,,37319,,,,,,,0.7800002098083496,,,,,,
13,,,37339,,,,,,,0.6836438179016113,,,,,,
13,,,37359,,,,,,,0.6403781771659851,,,,,,
13,,,37379,,,,,,,0.7542173266410828,,,,,,
13,,,37399,,,,,,,0.7452018857002258,,,,,,
13,,,37419,,,,,,,0.8097510933876038,,,,,,
13,,,37439,,,,,,,0.9776862263679504,,,,,,
13,,,37459,,,,,,,1.0387868881225586,,,,,,
13,,,37479,,,,,,,0.6418405771255493,,,,,,
13,,,37499,,,,,,,0.5166081190109253,,,,,,
13,,,37519,,,,,,,0.7295998930931091,,,,,,
13,,,37539,,,,,,,1.020474910736084,,,,,,
13,,,37559,,,,,,,0.6616984605789185,,,,,,
13,,,37579,,,,,,,0.8958009481430054,,,,,,
13,,,37599,,,,,,,0.6110119819641113,,,,,,
13,,,37619,,,,,,,0.8365705013275146,,,,,,
13,,,37639,,,,,,,0.6895080804824829,,,,,,
13,,,37659,,,,,,,0.7134785056114197,,,,,,
13,,,37679,,,,,,,0.8151708841323853,,,,,,
13,,,37699,,,,,,,0.8600149750709534,,,,,,
13,,,37719,,,,,,,0.6713401079177856,,,,,,
13,,,37739,,,,,,,0.6575133800506592,,,,,,
13,,,37759,,,,,,,0.6781259775161743,,,,,,
13,,,37779,,,,,,,0.6427188515663147,,,,,,
13,,,37799,,,,,,,0.7986741065979004,,,,,,
13,,,37819,,,,,,,0.8949404358863831,,,,,,
13,,,37839,,,,,,,0.8040399551391602,,,,,,
13,,,37859,,,,,,,0.8322151899337769,,,,,,
13,,,37879,,,,,,,0.3888806104660034,,,,,,
13,,,37899,,,,,,,0.6661161184310913,,,,,,
13,,,37919,,,,,,,1.0463714599609375,,,,,,
13,,,37939,,,,,,,0.6131312251091003,,,,,,
13,,,37959,,,,,,,0.6285457611083984,,,,,,
13,,,37979,,,,,,,0.8320841193199158,,,,,,
13,,,37999,,,,,,,0.702666163444519,,,,,,
13,,,38019,,,,,,,0.7509527802467346,,,,,,
13,,,38039,,,,,,,0.7003264427185059,,,,,,
13,,,38059,,,,,,,0.6786216497421265,,,,,,
13,,,38079,,,,,,,0.6755814552307129,,,,,,
13,,,38099,,,,,,,0.7136147022247314,,,,,,
13,,,38119,,,,,,,0.753779411315918,,,,,,
13,,,38139,,,,,,,0.8547475934028625,,,,,,
13,,,38159,,,,,,,0.956024169921875,,,,,,
13,,,38179,,,,,,,1.1067607402801514,,,,,,
13,,,38199,,,,,,,0.7113434076309204,,,,,,
13,,,38219,,,,,,,0.6836641430854797,,,,,,
13,,,38239,,,,,,,0.6678315997123718,,,,,,
13,,,38259,,,,,,,0.8527007699012756,,,,,,
13,,,38279,,,,,,,0.9308511018753052,,,,,,
13,,,38299,,,,,,,0.7390985488891602,,,,,,
13,,,38319,,,,,,,0.7290295362472534,,,,,,
13,,,38339,,,,,,,0.7049229145050049,,,,,,
13,,,38359,,,,,,,0.8239681124687195,,,,,,
13,,,38379,,,,,,,0.6834100484848022,,,,,,
13,,,38399,,,,,,,0.5779204964637756,,,,,,
13,,,38419,,,,,,,0.7298274040222168,,,,,,
13,,,38439,,,,,,,1.1004506349563599,,,,,,
13,,,38459,,,,,,,0.9318218231201172,,,,,,
13,,,38479,,,,,,,0.6171878576278687,,,,,,
13,,,38499,,,,,,,1.1584233045578003,,,,,,
13,,,38519,,,,,,,0.9701488614082336,,,,,,
13,,,38539,,,,,,,1.047851800918579,,,,,,
13,,,38559,,,,,,,0.826134979724884,,,,,,
13,,,38579,,,,,,,0.6741939187049866,,,,,,
13,,,38599,,,,,,,0.724478006362915,,,,,,
13,,,38619,,,,,,,0.7225675582885742,,,,,,
13,,,38639,,,,,,,0.6471719741821289,,,,,,
13,,,38659,,,,,,,0.6710281372070312,,,,,,
13,,,38679,,,,,,,0.9944812059402466,,,,,,
13,,,38699,,,,,,,1.0229841470718384,,,,,,
13,,,38719,,,,,,,0.6411023139953613,,,,,,
13,,,38739,,,,,,,0.6120171546936035,,,,,,
13,,,38759,,,,,,,1.1911137104034424,,,,,,
13,,,38779,,,,,,,0.7102354764938354,,,,,,
13,,,38799,,,,,,,0.9477493762969971,,,,,,
13,,,38819,,,,,,,0.7668906450271606,,,,,,
13,,,38839,,,,,,,0.6532715559005737,,,,,,
13,,,38859,,,,,,,0.7227628231048584,,,,,,
13,,,38879,,,,,,,0.6530096530914307,,,,,,
13,,,38899,,,,,,,0.7759955525398254,,,,,,
13,,,38919,,,,,,,0.6357904672622681,,,,,,
13,,,38939,,,,,,,0.9111722707748413,,,,,,
13,,,38959,,,,,,,0.6581628322601318,,,,,,
13,,,38979,,,,,,,0.6400219202041626,,,,,,
13,,,38999,,,,,,,1.107563853263855,,,,,,
13,,,39019,,,,,,,0.894487202167511,,,,,,
13,,,39039,,,,,,,0.8810932636260986,,,,,,
13,,,39059,,,,,,,1.4256044626235962,,,,,,
13,,,39079,,,,,,,0.6208328604698181,,,,,,
13,,,39099,,,,,,,0.6640125513076782,,,,,,
13,,,39119,,,,,,,0.6635913848876953,,,,,,
13,,,39139,,,,,,,0.5673066973686218,,,,,,
13,,,39159,,,,,,,0.7647862434387207,,,,,,
13,,,39179,,,,,,,0.819175124168396,,,,,,
13,,,39199,,,,,,,0.8281304240226746,,,,,,
13,,,39219,,,,,,,0.7370842099189758,,,,,,
13,,,39239,,,,,,,3.231640338897705,,,,,,
13,,,39259,,,,,,,0.527157187461853,,,,,,
13,,,39279,,,,,,,0.9914942979812622,,,,,,
13,,,39299,,,,,,,0.6419079303741455,,,,,,
13,,,39319,,,,,,,0.8076655864715576,,,,,,
13,,,39339,,,,,,,0.7354055643081665,,,,,,
13,,,39359,,,,,,,0.6084149479866028,,,,,,
13,,,39379,,,,,,,0.8905494213104248,,,,,,
13,,,39399,,,,,,,0.6683315634727478,,,,,,
13,,,39419,,,,,,,0.7497870326042175,,,,,,
13,,,39439,,,,,,,0.9111849069595337,,,,,,
13,,,39459,,,,,,,0.9606893062591553,,,,,,
13,,,39479,,,,,,,0.5876736640930176,,,,,,
13,,,39499,,,,,,,0.6412560939788818,,,,,,
13,,,39519,,,,,,,0.6955032348632812,,,,,,
13,,,39539,,,,,,,0.6366735696792603,,,,,,
13,,,39559,,,,,,,1.1635520458221436,,,,,,
13,,,39579,,,,,,,0.584487795829773,,,,,,
13,,,39599,,,,,,,0.9401669502258301,,,,,,
13,,,39619,,,,,,,1.0594464540481567,,,,,,
13,,,39639,,,,,,,0.9119610786437988,,,,,,
13,,,39659,,,,,,,0.7403600811958313,,,,,,
13,,,39679,,,,,,,0.6263484954833984,,,,,,
13,,,39699,,,,,,,0.7988631725311279,,,,,,
13,,,39719,,,,,,,0.8069813847541809,,,,,,
13,,,39739,,,,,,,0.8051609992980957,,,,,,
13,,,39759,,,,,,,0.5986944437026978,,,,,,
13,,,39779,,,,,,,0.7433511018753052,,,,,,
13,,,39799,,,,,,,0.8930315971374512,,,,,,
13,,,39819,,,,,,,0.561458945274353,,,,,,
13,,,39839,,,,,,,0.6193739175796509,,,,,,
13,,,39859,,,,,,,0.7890099287033081,,,,,,
13,,,39879,,,,,,,0.8873697519302368,,,,,,
13,,,39899,,,,,,,0.7832565903663635,,,,,,
13,,,39919,,,,,,,0.6709448099136353,,,,,,
13,,,39939,,,,,,,0.6116291284561157,,,,,,
13,,,39959,,,,,,,0.5675553679466248,,,,,,
13,,,39979,,,,,,,0.7887957692146301,,,,,,
13,,,39999,,,,,,,0.7859534025192261,,,,,,
13,,,40019,,,,,,,0.8421503305435181,,,,,,
13,,,40039,,,,,,,0.8887611031532288,,,,,,
13,,,40059,,,,,,,0.7904694080352783,,,,,,
13,,,40079,,,,,,,0.7741966247558594,,,,,,
13,,,40099,,,,,,,0.7539756298065186,,,,,,
13,,,40119,,,,,,,0.6320033669471741,,,,,,
13,,,40139,,,,,,,1.1902083158493042,,,,,,
13,,,40159,,,,,,,0.8405435085296631,,,,,,
13,,,40179,,,,,,,1.0359907150268555,,,,,,
13,,,40179,,,,,,,,0.38940078020095825,0.33632439374923706,10.69618034362793,0.22915945947170258,0.3723377585411072,0.38940078020095825
13,,,40179,,,,,0.7410702109336853,0.7853724956512451,,,,,,,
,0.00041800329627826604,0.00041800329627826604,40180,,,,,,,,,,,,,
14,,,40199,,,,,,,0.5655861496925354,,,,,,
14,,,40219,,,,,,,0.5562433004379272,,,,,,
14,,,40239,,,,,,,0.6932814121246338,,,,,,
14,,,40259,,,,,,,0.9408076405525208,,,,,,
14,,,40279,,,,,,,0.5564590692520142,,,,,,
14,,,40299,,,,,,,0.7014834880828857,,,,,,
14,,,40319,,,,,,,1.0632823705673218,,,,,,
14,,,40339,,,,,,,0.706188440322876,,,,,,
14,,,40359,,,,,,,0.6258846521377563,,,,,,
14,,,40379,,,,,,,0.5939918756484985,,,,,,
14,,,40399,,,,,,,0.7067683935165405,,,,,,
14,,,40419,,,,,,,0.7963322401046753,,,,,,
14,,,40439,,,,,,,1.1727468967437744,,,,,,
14,,,40459,,,,,,,0.8389622569084167,,,,,,
14,,,40479,,,,,,,0.5553724765777588,,,,,,
14,,,40499,,,,,,,0.6918985247612,,,,,,
14,,,40519,,,,,,,0.7659862041473389,,,,,,
14,,,40539,,,,,,,0.544421911239624,,,,,,
14,,,40559,,,,,,,0.5830247402191162,,,,,,
14,,,40579,,,,,,,0.887421727180481,,,,,,
14,,,40599,,,,,,,0.6126638650894165,,,,,,
14,,,40619,,,,,,,0.7280036211013794,,,,,,
14,,,40639,,,,,,,0.9777689576148987,,,,,,
14,,,40659,,,,,,,0.7393144369125366,,,,,,
14,,,40679,,,,,,,0.7837664484977722,,,,,,
14,,,40699,,,,,,,0.44494929909706116,,,,,,
14,,,40719,,,,,,,0.8825967907905579,,,,,,
14,,,40739,,,,,,,0.7683471441268921,,,,,,
14,,,40759,,,,,,,0.6429190635681152,,,,,,
14,,,40779,,,,,,,0.6739764213562012,,,,,,
14,,,40799,,,,,,,0.7290002107620239,,,,,,
14,,,40819,,,,,,,0.5463364124298096,,,,,,
14,,,40839,,,,,,,0.8072978258132935,,,,,,
14,,,40859,,,,,,,0.8538409471511841,,,,,,
14,,,40879,,,,,,,0.7684428691864014,,,,,,
14,,,40899,,,,,,,0.6372799277305603,,,,,,
14,,,40919,,,,,,,0.8216047286987305,,,,,,
14,,,40939,,,,,,,0.8428064584732056,,,,,,
14,,,40959,,,,,,,0.7364294528961182,,,,,,
14,,,40979,,,,,,,0.903428852558136,,,,,,
14,,,40999,,,,,,,0.7666903734207153,,,,,,
14,,,41019,,,,,,,0.8517032265663147,,,,,,
14,,,41039,,,,,,,1.090576171875,,,,,,
14,,,41059,,,,,,,0.7594341039657593,,,,,,
14,,,41079,,,,,,,0.9843848943710327,,,,,,
14,,,41099,,,,,,,0.9244834184646606,,,,,,
14,,,41119,,,,,,,0.7131843566894531,,,,,,
14,,,41139,,,,,,,0.5966938138008118,,,,,,
14,,,41159,,,,,,,0.723147988319397,,,,,,
14,,,41179,,,,,,,0.9643888473510742,,,,,,
14,,,41199,,,,,,,0.7080903053283691,,,,,,
14,,,41219,,,,,,,0.6087361574172974,,,,,,
14,,,41239,,,,,,,0.7414966821670532,,,,,,
14,,,41259,,,,,,,0.834083080291748,,,,,,
14,,,41279,,,,,,,0.8494976758956909,,,,,,
14,,,41299,,,,,,,0.9388522505760193,,,,,,
14,,,41319,,,,,,,1.0162016153335571,,,,,,
14,,,41339,,,,,,,0.6710827350616455,,,,,,
14,,,41359,,,,,,,0.9690138697624207,,,,,,
14,,,41379,,,,,,,1.5447332859039307,,,,,,
14,,,41399,,,,,,,0.4207462668418884,,,,,,
14,,,41419,,,,,,,0.5984038710594177,,,,,,
14,,,41439,,,,,,,0.8056738376617432,,,,,,
14,,,41459,,,,,,,0.7480630874633789,,,,,,
14,,,41479,,,,,,,0.7661387920379639,,,,,,
14,,,41499,,,,,,,0.7595895528793335,,,,,,
14,,,41519,,,,,,,0.7455993890762329,,,,,,
14,,,41539,,,,,,,0.7478889226913452,,,,,,
14,,,41559,,,,,,,0.7248432040214539,,,,,,
14,,,41579,,,,,,,0.5587120056152344,,,,,,
14,,,41599,,,,,,,0.7405452728271484,,,,,,
14,,,41619,,,,,,,0.8709933757781982,,,,,,
14,,,41639,,,,,,,0.6069334745407104,,,,,,
14,,,41659,,,,,,,0.8750873804092407,,,,,,
14,,,41679,,,,,,,0.7742012739181519,,,,,,
14,,,41699,,,,,,,0.8193546533584595,,,,,,
14,,,41719,,,,,,,0.7744107246398926,,,,,,
14,,,41739,,,,,,,0.9636480808258057,,,,,,
14,,,41759,,,,,,,0.8897311687469482,,,,,,
14,,,41779,,,,,,,0.9433171153068542,,,,,,
14,,,41799,,,,,,,0.8181049227714539,,,,,,
14,,,41819,,,,,,,0.7149806022644043,,,,,,
14,,,41839,,,,,,,0.6850319504737854,,,,,,
14,,,41859,,,,,,,0.678973913192749,,,,,,
14,,,41879,,,,,,,0.7831501960754395,,,,,,
14,,,41899,,,,,,,0.7999954223632812,,,,,,
14,,,41919,,,,,,,0.7384793758392334,,,,,,
14,,,41939,,,,,,,0.8580505847930908,,,,,,
14,,,41959,,,,,,,0.9886410236358643,,,,,,
14,,,41979,,,,,,,0.8775684237480164,,,,,,
14,,,41999,,,,,,,0.9399009943008423,,,,,,
14,,,42019,,,,,,,0.8858969211578369,,,,,,
14,,,42039,,,,,,,0.7100141048431396,,,,,,
14,,,42059,,,,,,,0.5957444906234741,,,,,,
14,,,42079,,,,,,,0.8012523651123047,,,,,,
14,,,42099,,,,,,,0.9622803926467896,,,,,,
14,,,42119,,,,,,,0.8752990961074829,,,,,,
14,,,42139,,,,,,,0.9234493970870972,,,,,,
14,,,42159,,,,,,,0.5792722105979919,,,,,,
14,,,42179,,,,,,,0.724663496017456,,,,,,
14,,,42199,,,,,,,0.7119879722595215,,,,,,
14,,,42219,,,,,,,0.5966523289680481,,,,,,
14,,,42239,,,,,,,0.8860077857971191,,,,,,
14,,,42259,,,,,,,0.8727355003356934,,,,,,
14,,,42279,,,,,,,0.6707502603530884,,,,,,
14,,,42299,,,,,,,0.9517151713371277,,,,,,
14,,,42319,,,,,,,0.5344697833061218,,,,,,
14,,,42339,,,,,,,0.6689085960388184,,,,,,
14,,,42359,,,,,,,0.7071669101715088,,,,,,
14,,,42379,,,,,,,0.656889796257019,,,,,,
14,,,42399,,,,,,,0.6382006406784058,,,,,,
14,,,42419,,,,,,,0.7403847575187683,,,,,,
14,,,42439,,,,,,,0.8302756547927856,,,,,,
14,,,42459,,,,,,,0.7885350584983826,,,,,,
14,,,42479,,,,,,,0.8783813118934631,,,,,,
14,,,42499,,,,,,,0.6341300010681152,,,,,,
14,,,42519,,,,,,,0.5446829199790955,,,,,,
14,,,42539,,,,,,,0.600601077079773,,,,,,
14,,,42559,,,,,,,0.9291994571685791,,,,,,
14,,,42579,,,,,,,0.8205974102020264,,,,,,
14,,,42599,,,,,,,0.63211590051651,,,,,,
14,,,42619,,,,,,,0.7949826717376709,,,,,,
14,,,42639,,,,,,,0.40982651710510254,,,,,,
14,,,42659,,,,,,,0.9781120419502258,,,,,,
14,,,42679,,,,,,,0.6123114228248596,,,,,,
14,,,42699,,,,,,,0.3816370666027069,,,,,,
14,,,42719,,,,,,,0.8105093240737915,,,,,,
14,,,42739,,,,,,,0.7396354079246521,,,,,,
14,,,42759,,,,,,,0.6965087652206421,,,,,,
14,,,42779,,,,,,,0.785405695438385,,,,,,
14,,,42799,,,,,,,0.8108795881271362,,,,,,
14,,,42819,,,,,,,0.8443887233734131,,,,,,
14,,,42839,,,,,,,0.7945891618728638,,,,,,
14,,,42859,,,,,,,0.8487201929092407,,,,,,
14,,,42879,,,,,,,0.9614892601966858,,,,,,
14,,,42899,,,,,,,0.6129947900772095,,,,,,
14,,,42919,,,,,,,0.7079560160636902,,,,,,
14,,,42939,,,,,,,0.7975056171417236,,,,,,
14,,,42959,,,,,,,0.8009319305419922,,,,,,
14,,,42979,,,,,,,0.7199312448501587,,,,,,
14,,,42999,,,,,,,0.6182460784912109,,,,,,
14,,,43019,,,,,,,0.5777696371078491,,,,,,
14,,,43039,,,,,,,0.803710401058197,,,,,,
14,,,43049,,,,,,,,0.40257447957992554,0.34822362661361694,10.729555130004883,0.2454501837491989,0.37758415937423706,0.40257447957992554
14,,,43049,,,,,0.7426824569702148,0.7763419151306152,,,,,,,
,0.0004168565010251841,0.0004168565010251841,43050,,,,,,,,,,,,,
15,,,43059,,,,,,,0.8628988265991211,,,,,,
15,,,43079,,,,,,,0.8470281362533569,,,,,,
15,,,43099,,,,,,,0.5562919974327087,,,,,,
15,,,43119,,,,,,,0.7917632460594177,,,,,,
15,,,43139,,,,,,,0.5761833190917969,,,,,,
15,,,43159,,,,,,,1.180535078048706,,,,,,
15,,,43179,,,,,,,0.7306483387947083,,,,,,
15,,,43199,,,,,,,0.7418558597564697,,,,,,
15,,,43219,,,,,,,0.7520020604133606,,,,,,
15,,,43239,,,,,,,1.283707618713379,,,,,,
15,,,43259,,,,,,,0.8179464936256409,,,,,,
15,,,43279,,,,,,,0.6850913763046265,,,,,,
15,,,43299,,,,,,,0.5046601891517639,,,,,,
15,,,43319,,,,,,,0.7140454649925232,,,,,,
15,,,43339,,,,,,,0.607391357421875,,,,,,
15,,,43359,,,,,,,0.5765329003334045,,,,,,
15,,,43379,,,,,,,0.7721248865127563,,,,,,
15,,,43399,,,,,,,0.810141384601593,,,,,,
15,,,43419,,,,,,,0.5342569351196289,,,,,,
15,,,43439,,,,,,,0.5315572619438171,,,,,,
15,,,43459,,,,,,,0.6727112531661987,,,,,,
15,,,43479,,,,,,,0.7295078039169312,,,,,,
15,,,43499,,,,,,,0.7625479698181152,,,,,,
15,,,43519,,,,,,,0.6220064759254456,,,,,,
15,,,43539,,,,,,,0.6628715991973877,,,,,,
15,,,43559,,,,,,,0.5805168151855469,,,,,,
15,,,43579,,,,,,,0.5209854245185852,,,,,,
15,,,43599,,,,,,,0.8466525077819824,,,,,,
15,,,43619,,,,,,,0.7576432824134827,,,,,,
15,,,43639,,,,,,,0.715732753276825,,,,,,
15,,,43659,,,,,,,0.7475787401199341,,,,,,
15,,,43679,,,,,,,0.6213815212249756,,,,,,
15,,,43699,,,,,,,0.5931532382965088,,,,,,
15,,,43719,,,,,,,1.1344192028045654,,,,,,
15,,,43739,,,,,,,0.8476269841194153,,,,,,
15,,,43759,,,,,,,0.8011257648468018,,,,,,
15,,,43779,,,,,,,0.9849749207496643,,,,,,
15,,,43799,,,,,,,0.754518449306488,,,,,,
15,,,43819,,,,,,,0.902779221534729,,,,,,
15,,,43839,,,,,,,0.9738945960998535,,,,,,
15,,,43859,,,,,,,0.8944554328918457,,,,,,
15,,,43879,,,,,,,0.8908507823944092,,,,,,
15,,,43899,,,,,,,0.8648155927658081,,,,,,
15,,,43919,,,,,,,0.6705352663993835,,,,,,
15,,,43939,,,,,,,0.5111501216888428,,,,,,
15,,,43959,,,,,,,0.8479008674621582,,,,,,
15,,,43979,,,,,,,0.8505580425262451,,,,,,
15,,,43999,,,,,,,0.6610612869262695,,,,,,
15,,,44019,,,,,,,0.5950390100479126,,,,,,
15,,,44039,,,,,,,0.7723492383956909,,,,,,
15,,,44059,,,,,,,0.7613400220870972,,,,,,
15,,,44079,,,,,,,0.7463460564613342,,,,,,
15,,,44099,,,,,,,0.7363685369491577,,,,,,
15,,,44119,,,,,,,0.8938067555427551,,,,,,
15,,,44139,,,,,,,0.8288748860359192,,,,,,
15,,,44159,,,,,,,0.8575239181518555,,,,,,
15,,,44179,,,,,,,0.9827501773834229,,,,,,
15,,,44199,,,,,,,0.8126538395881653,,,,,,
15,,,44219,,,,,,,0.6602731943130493,,,,,,
15,,,44239,,,,,,,0.6253901720046997,,,,,,
15,,,44259,,,,,,,0.8856661319732666,,,,,,
15,,,44279,,,,,,,0.7278661727905273,,,,,,
15,,,44299,,,,,,,0.9416466355323792,,,,,,
15,,,44319,,,,,,,0.9695502519607544,,,,,,
15,,,44339,,,,,,,0.7862483263015747,,,,,,
15,,,44359,,,,,,,0.640403687953949,,,,,,
15,,,44379,,,,,,,0.8627332448959351,,,,,,
15,,,44399,,,,,,,0.757259726524353,,,,,,
15,,,44419,,,,,,,0.7848085761070251,,,,,,
15,,,44439,,,,,,,0.7156419157981873,,,,,,
15,,,44459,,,,,,,0.6189430356025696,,,,,,
15,,,44479,,,,,,,0.839597225189209,,,,,,
15,,,44499,,,,,,,0.8926204442977905,,,,,,
15,,,44519,,,,,,,0.8530912399291992,,,,,,
15,,,44539,,,,,,,0.5713023543357849,,,,,,
15,,,44559,,,,,,,0.5517445206642151,,,,,,
15,,,44579,,,,,,,0.7524811625480652,,,,,,
15,,,44599,,,,,,,0.6758513450622559,,,,,,
15,,,44619,,,,,,,0.5818796157836914,,,,,,
15,,,44639,,,,,,,0.8370046615600586,,,,,,
15,,,44659,,,,,,,0.9394491314888,,,,,,
15,,,44679,,,,,,,0.8579644560813904,,,,,,
15,,,44699,,,,,,,0.9117298126220703,,,,,,
15,,,44719,,,,,,,0.9326410293579102,,,,,,
15,,,44739,,,,,,,0.8052394986152649,,,,,,
15,,,44759,,,,,,,1.446763277053833,,,,,,
15,,,44779,,,,,,,0.9163689017295837,,,,,,
15,,,44799,,,,,,,0.6944721937179565,,,,,,
15,,,44819,,,,,,,1.0626548528671265,,,,,,
15,,,44839,,,,,,,0.7383195161819458,,,,,,
15,,,44859,,,,,,,0.8551665544509888,,,,,,
15,,,44879,,,,,,,1.0012240409851074,,,,,,
15,,,44899,,,,,,,0.5823874473571777,,,,,,
15,,,44919,,,,,,,0.5550262928009033,,,,,,
15,,,44939,,,,,,,0.8065055012702942,,,,,,
15,,,44959,,,,,,,0.7880306839942932,,,,,,
15,,,44979,,,,,,,0.67676842212677,,,,,,
15,,,44999,,,,,,,0.7166456580162048,,,,,,
15,,,45019,,,,,,,0.5222916603088379,,,,,,
15,,,45039,,,,,,,0.6172405481338501,,,,,,
15,,,45059,,,,,,,0.8935968279838562,,,,,,
15,,,45079,,,,,,,0.907698392868042,,,,,,
15,,,45099,,,,,,,0.7685132026672363,,,,,,
15,,,45119,,,,,,,0.6991370320320129,,,,,,
15,,,45139,,,,,,,0.8444684147834778,,,,,,
15,,,45159,,,,,,,0.7115556597709656,,,,,,
15,,,45179,,,,,,,0.8457003831863403,,,,,,
15,,,45199,,,,,,,0.7612491846084595,,,,,,
15,,,45219,,,,,,,0.8926951885223389,,,,,,
15,,,45239,,,,,,,0.49469879269599915,,,,,,
15,,,45259,,,,,,,0.8461901545524597,,,,,,
15,,,45279,,,,,,,0.8321678638458252,,,,,,
15,,,45299,,,,,,,0.8720504641532898,,,,,,
15,,,45319,,,,,,,0.6541745662689209,,,,,,
15,,,45339,,,,,,,0.5703612565994263,,,,,,
15,,,45359,,,,,,,0.6770538687705994,,,,,,
15,,,45379,,,,,,,0.7748912572860718,,,,,,
15,,,45399,,,,,,,1.0595917701721191,,,,,,
15,,,45419,,,,,,,0.7981292009353638,,,,,,
15,,,45439,,,,,,,0.5544838309288025,,,,,,
15,,,45459,,,,,,,0.8883329629898071,,,,,,
15,,,45479,,,,,,,0.9905389547348022,,,,,,
15,,,45499,,,,,,,0.7929665446281433,,,,,,
15,,,45519,,,,,,,1.1480238437652588,,,,,,
15,,,45539,,,,,,,0.8131970167160034,,,,,,
15,,,45559,,,,,,,0.904975414276123,,,,,,
15,,,45579,,,,,,,0.8158940076828003,,,,,,
15,,,45599,,,,,,,0.7779090404510498,,,,,,
15,,,45619,,,,,,,0.7102952003479004,,,,,,
15,,,45639,,,,,,,0.8289761543273926,,,,,,
15,,,45659,,,,,,,0.9595720171928406,,,,,,
15,,,45679,,,,,,,0.7304619550704956,,,,,,
15,,,45699,,,,,,,0.6290507912635803,,,,,,
15,,,45719,,,,,,,0.7279733419418335,,,,,,
15,,,45739,,,,,,,0.7482237219810486,,,,,,
15,,,45759,,,,,,,0.8108529448509216,,,,,,
15,,,45779,,,,,,,0.7346760034561157,,,,,,
15,,,45799,,,,,,,0.7536970973014832,,,,,,
15,,,45819,,,,,,,0.6126335859298706,,,,,,
15,,,45839,,,,,,,0.5732415914535522,,,,,,
15,,,45859,,,,,,,0.6081525087356567,,,,,,
15,,,45879,,,,,,,0.8840917348861694,,,,,,
15,,,45899,,,,,,,0.7037099599838257,,,,,,
15,,,45919,,,,,,,0.7834240198135376,,,,,,
15,,,45919,,,,,,,,0.408202588558197,0.3393513560295105,10.739096641540527,0.24686028063297272,0.37366631627082825,0.408202588558197
15,,,45919,,,,,0.7433581352233887,0.7742562890052795,,,,,,,
,0.00041545771176166153,0.00041545771176166153,45920,,,,,,,,,,,,,
16,,,45939,,,,,,,0.5584077835083008,,,,,,
16,,,45959,,,,,,,0.5826877355575562,,,,,,
16,,,45979,,,,,,,0.8854591846466064,,,,,,
16,,,45999,,,,,,,0.8301306962966919,,,,,,
16,,,46019,,,,,,,0.6840506196022034,,,,,,
16,,,46039,,,,,,,0.7874001264572144,,,,,,
16,,,46059,,,,,,,0.6085400581359863,,,,,,
16,,,46079,,,,,,,0.6646804809570312,,,,,,
16,,,46099,,,,,,,0.7555642127990723,,,,,,
16,,,46119,,,,,,,0.8833884596824646,,,,,,
16,,,46139,,,,,,,0.6668635010719299,,,,,,
16,,,46159,,,,,,,0.6899793148040771,,,,,,
16,,,46179,,,,,,,0.8618176579475403,,,,,,
16,,,46199,,,,,,,0.7868785858154297,,,,,,
16,,,46219,,,,,,,0.7409446239471436,,,,,,
16,,,46239,,,,,,,0.9758230447769165,,,,,,
16,,,46259,,,,,,,0.9886537790298462,,,,,,
16,,,46279,,,,,,,0.7203114032745361,,,,,,
16,,,46299,,,,,,,0.8691024780273438,,,,,,
16,,,46319,,,,,,,0.739594578742981,,,,,,
16,,,46339,,,,,,,0.6352589726448059,,,,,,
16,,,46359,,,,,,,0.7237696051597595,,,,,,
16,,,46379,,,,,,,0.6951989531517029,,,,,,
16,,,46399,,,,,,,0.5951637625694275,,,,,,
16,,,46419,,,,,,,0.8474326133728027,,,,,,
16,,,46439,,,,,,,0.7329176664352417,,,,,,
16,,,46459,,,,,,,0.5959019660949707,,,,,,
16,,,46479,,,,,,,0.9007933139801025,,,,,,
16,,,46499,,,,,,,0.6357831954956055,,,,,,
16,,,46519,,,,,,,0.73505038022995,,,,,,
16,,,46539,,,,,,,0.9369106292724609,,,,,,
16,,,46559,,,,,,,0.68467116355896,,,,,,
16,,,46579,,,,,,,0.8753354549407959,,,,,,
16,,,46599,,,,,,,0.7928779125213623,,,,,,
16,,,46619,,,,,,,0.715524435043335,,,,,,
16,,,46639,,,,,,,1.047398567199707,,,,,,
16,,,46659,,,,,,,0.8476264476776123,,,,,,
16,,,46679,,,,,,,0.8885839581489563,,,,,,
16,,,46699,,,,,,,0.9137694239616394,,,,,,
16,,,46719,,,,,,,0.7231960296630859,,,,,,
16,,,46739,,,,,,,0.5375166535377502,,,,,,
16,,,46759,,,,,,,0.7751580476760864,,,,,,
16,,,46779,,,,,,,0.6386877298355103,,,,,,
16,,,46799,,,,,,,0.8273484110832214,,,,,,
16,,,46819,,,,,,,0.6913382411003113,,,,,,
16,,,46839,,,,,,,0.9018667340278625,,,,,,
16,,,46859,,,,,,,0.8983336687088013,,,,,,
16,,,46879,,,,,,,0.8296641111373901,,,,,,
16,,,46899,,,,,,,0.9879480600357056,,,,,,
16,,,46919,,,,,,,0.7033636569976807,,,,,,
16,,,46939,,,,,,,0.9166032671928406,,,,,,
16,,,46959,,,,,,,0.7047461867332458,,,,,,
16,,,46979,,,,,,,0.7490903735160828,,,,,,
16,,,46999,,,,,,,0.6927410364151001,,,,,,
16,,,47019,,,,,,,1.1422233581542969,,,,,,
16,,,47039,,,,,,,1.0776817798614502,,,,,,
16,,,47059,,,,,,,0.7111374139785767,,,,,,
16,,,47079,,,,,,,0.8167839646339417,,,,,,
16,,,47099,,,,,,,0.810955822467804,,,,,,
16,,,47119,,,,,,,0.6691156625747681,,,,,,
16,,,47139,,,,,,,0.5669088363647461,,,,,,
16,,,47159,,,,,,,0.7844208478927612,,,,,,
16,,,47179,,,,,,,0.8004686236381531,,,,,,
16,,,47199,,,,,,,0.9943695664405823,,,,,,
16,,,47219,,,,,,,0.7824223041534424,,,,,,
16,,,47239,,,,,,,0.4163155257701874,,,,,,
16,,,47259,,,,,,,0.7382044792175293,,,,,,
16,,,47279,,,,,,,0.8459401726722717,,,,,,
16,,,47299,,,,,,,0.6181187629699707,,,,,,
16,,,47319,,,,,,,0.6771992444992065,,,,,,
16,,,47339,,,,,,,0.8566619157791138,,,,,,
16,,,47359,,,,,,,1.3898885250091553,,,,,,
16,,,47379,,,,,,,0.9512453079223633,,,,,,
16,,,47399,,,,,,,0.5499954223632812,,,,,,
16,,,47419,,,,,,,0.7661638259887695,,,,,,
16,,,47439,,,,,,,0.9504063129425049,,,,,,
16,,,47459,,,,,,,0.9536657929420471,,,,,,
16,,,47479,,,,,,,0.5902557969093323,,,,,,
16,,,47499,,,,,,,0.5359634160995483,,,,,,
16,,,47519,,,,,,,0.6656309962272644,,,,,,
16,,,47539,,,,,,,0.75440514087677,,,,,,
16,,,47559,,,,,,,0.9189276695251465,,,,,,
16,,,47579,,,,,,,0.5876061916351318,,,,,,
16,,,47599,,,,,,,0.8018054962158203,,,,,,
16,,,47619,,,,,,,0.467001736164093,,,,,,
16,,,47639,,,,,,,0.8647732734680176,,,,,,
16,,,47659,,,,,,,0.7218422889709473,,,,,,
16,,,47679,,,,,,,0.8020955920219421,,,,,,
16,,,47699,,,,,,,0.8279237747192383,,,,,,
16,,,47719,,,,,,,0.8465703129768372,,,,,,
16,,,47739,,,,,,,0.8292662501335144,,,,,,
16,,,47759,,,,,,,0.6352779269218445,,,,,,
16,,,47779,,,,,,,0.721376359462738,,,,,,
16,,,47799,,,,,,,0.8627220988273621,,,,,,
16,,,47819,,,,,,,0.8428794741630554,,,,,,
16,,,47839,,,,,,,0.773307204246521,,,,,,
16,,,47859,,,,,,,0.8293918371200562,,,,,,
16,,,47879,,,,,,,0.8889190554618835,,,,,,
16,,,47899,,,,,,,0.8571974039077759,,,,,,
16,,,47919,,,,,,,0.8584915399551392,,,,,,
16,,,47939,,,,,,,0.6080108880996704,,,,,,
16,,,47959,,,,,,,0.7057874202728271,,,,,,
16,,,47979,,,,,,,1.1222337484359741,,,,,,
16,,,47999,,,,,,,0.7943936586380005,,,,,,
16,,,48019,,,,,,,0.6544077396392822,,,,,,
16,,,48039,,,,,,,0.5675659775733948,,,,,,
16,,,48059,,,,,,,0.7668285965919495,,,,,,
16,,,48079,,,,,,,0.9003437757492065,,,,,,
16,,,48099,,,,,,,0.8374022245407104,,,,,,
16,,,48119,,,,,,,0.5100096464157104,,,,,,
16,,,48139,,,,,,,0.5485928058624268,,,,,,
16,,,48159,,,,,,,0.6985232830047607,,,,,,
16,,,48179,,,,,,,0.9349730610847473,,,,,,
16,,,48199,,,,,,,1.051008701324463,,,,,,
16,,,48219,,,,,,,0.7558870315551758,,,,,,
16,,,48239,,,,,,,0.6898280382156372,,,,,,
16,,,48259,,,,,,,0.7233935594558716,,,,,,
16,,,48279,,,,,,,0.876203179359436,,,,,,
16,,,48299,,,,,,,0.8208415508270264,,,,,,
16,,,48319,,,,,,,0.7331468462944031,,,,,,
16,,,48339,,,,,,,0.6585506200790405,,,,,,
16,,,48359,,,,,,,0.6045443415641785,,,,,,
16,,,48379,,,,,,,0.6131001710891724,,,,,,
16,,,48399,,,,,,,0.7494972944259644,,,,,,
16,,,48419,,,,,,,0.5600337982177734,,,,,,
16,,,48439,,,,,,,0.8454293608665466,,,,,,
16,,,48459,,,,,,,0.7242406606674194,,,,,,
16,,,48479,,,,,,,0.7984845638275146,,,,,,
16,,,48499,,,,,,,0.7722198367118835,,,,,,
16,,,48519,,,,,,,0.9044721126556396,,,,,,
16,,,48539,,,,,,,1.257529854774475,,,,,,
16,,,48559,,,,,,,0.5894886255264282,,,,,,
16,,,48579,,,,,,,0.7959622144699097,,,,,,
16,,,48599,,,,,,,0.7774480581283569,,,,,,
16,,,48619,,,,,,,0.8186066746711731,,,,,,
16,,,48639,,,,,,,0.6860959529876709,,,,,,
16,,,48659,,,,,,,0.9434934854507446,,,,,,
16,,,48679,,,,,,,0.8537631630897522,,,,,,
16,,,48699,,,,,,,0.6155548095703125,,,,,,
16,,,48719,,,,,,,0.6832413673400879,,,,,,
16,,,48739,,,,,,,0.5912637710571289,,,,,,
16,,,48759,,,,,,,0.9892303943634033,,,,,,
16,,,48779,,,,,,,0.7494182586669922,,,,,,
16,,,48789,,,,,,,,0.37791603803634644,0.3221008777618408,11.509562492370605,0.20712518692016602,0.34882938861846924,0.37791603803634644
16,,,48789,,,,,0.7454049587249756,0.7685258388519287,,,,,,,
,0.0004138086326969491,0.0004138086326969491,48790,,,,,,,,,,,,,
17,,,48799,,,,,,,0.9047529101371765,,,,,,
17,,,48819,,,,,,,0.7554621696472168,,,,,,
17,,,48839,,,,,,,0.7886356115341187,,,,,,
17,,,48859,,,,,,,1.089990258216858,,,,,,
17,,,48879,,,,,,,0.7548841238021851,,,,,,
17,,,48899,,,,,,,0.7668812274932861,,,,,,
17,,,48919,,,,,,,0.7475380301475525,,,,,,
17,,,48939,,,,,,,0.6161108016967773,,,,,,
17,,,48959,,,,,,,1.0346859693527222,,,,,,
17,,,48979,,,,,,,0.4773397445678711,,,,,,
17,,,48999,,,,,,,0.6006114482879639,,,,,,
17,,,49019,,,,,,,0.9506285786628723,,,,,,
17,,,49039,,,,,,,0.9941939115524292,,,,,,
17,,,49059,,,,,,,0.9539570808410645,,,,,,
17,,,49079,,,,,,,0.6674357056617737,,,,,,
17,,,49099,,,,,,,0.8923554420471191,,,,,,
17,,,49119,,,,,,,0.758577823638916,,,,,,
17,,,49139,,,,,,,1.0269348621368408,,,,,,
17,,,49159,,,,,,,0.7326744794845581,,,,,,
17,,,49179,,,,,,,0.860268235206604,,,,,,
17,,,49199,,,,,,,0.9170396327972412,,,,,,
17,,,49219,,,,,,,1.0388715267181396,,,,,,
17,,,49239,,,,,,,0.8281351327896118,,,,,,
17,,,49259,,,,,,,0.5233862996101379,,,,,,
17,,,49279,,,,,,,0.9428818225860596,,,,,,
17,,,49299,,,,,,,1.0056623220443726,,,,,,
17,,,49319,,,,,,,1.0671162605285645,,,,,,
17,,,49339,,,,,,,0.7712744474411011,,,,,,
17,,,49359,,,,,,,0.7391242384910583,,,,,,
17,,,49379,,,,,,,0.6520905494689941,,,,,,
17,,,49399,,,,,,,0.6410458087921143,,,,,,
17,,,49419,,,,,,,0.7141841650009155,,,,,,
17,,,49439,,,,,,,0.6892357468605042,,,,,,
17,,,49459,,,,,,,0.5626770257949829,,,,,,
17,,,49479,,,,,,,0.8622950315475464,,,,,,
17,,,49499,,,,,,,0.5897451639175415,,,,,,
17,,,49519,,,,,,,0.7732006311416626,,,,,,
17,,,49539,,,,,,,0.6744840145111084,,,,,,
17,,,49559,,,,,,,0.9459609985351562,,,,,,
17,,,49579,,,,,,,0.6237786412239075,,,,,,
17,,,49599,,,,,,,0.8109326958656311,,,,,,
17,,,49619,,,,,,,0.7724217176437378,,,,,,
17,,,49639,,,,,,,0.5984411835670471,,,,,,
17,,,49659,,,,,,,0.686145007610321,,,,,,
17,,,49679,,,,,,,0.9771444797515869,,,,,,
17,,,49699,,,,,,,0.8393052816390991,,,,,,
17,,,49719,,,,,,,0.9423167705535889,,,,,,
17,,,49739,,,,,,,0.6645819544792175,,,,,,
17,,,49759,,,,,,,0.7811327576637268,,,,,,
17,,,49779,,,,,,,0.8564833402633667,,,,,,
17,,,49799,,,,,,,0.7388629913330078,,,,,,
17,,,49819,,,,,,,0.7444266676902771,,,,,,
17,,,49839,,,,,,,0.8332587480545044,,,,,,
17,,,49859,,,,,,,0.7942016124725342,,,,,,
17,,,49879,,,,,,,0.6840478181838989,,,,,,
17,,,49899,,,,,,,1.666817307472229,,,,,,
17,,,49919,,,,,,,1.0054335594177246,,,,,,
17,,,49939,,,,,,,0.8038462400436401,,,,,,
17,,,49959,,,,,,,0.7124584317207336,,,,,,
17,,,49979,,,,,,,0.6960805058479309,,,,,,
17,,,49999,,,,,,,1.1557565927505493,,,,,,
17,,,50019,,,,,,,0.6755914688110352,,,,,,
17,,,50039,,,,,,,0.7701712250709534,,,,,,
17,,,50059,,,,,,,0.7708598971366882,,,,,,
17,,,50079,,,,,,,0.7186619639396667,,,,,,
17,,,50099,,,,,,,0.5062155723571777,,,,,,
17,,,50119,,,,,,,0.7838109731674194,,,,,,
17,,,50139,,,,,,,0.5720672011375427,,,,,,
17,,,50159,,,,,,,0.8475179076194763,,,,,,
17,,,50179,,,,,,,0.7752510905265808,,,,,,
17,,,50199,,,,,,,0.5518889427185059,,,,,,
17,,,50219,,,,,,,1.0316526889801025,,,,,,
17,,,50239,,,,,,,0.7898080348968506,,,,,,
17,,,50259,,,,,,,0.6113231778144836,,,,,,
17,,,50279,,,,,,,0.8013008832931519,,,,,,
17,,,50299,,,,,,,0.6175398826599121,,,,,,
17,,,50319,,,,,,,0.8170223236083984,,,,,,
17,,,50339,,,,,,,0.8564981818199158,,,,,,
17,,,50359,,,,,,,0.723401665687561,,,,,,
17,,,50379,,,,,,,0.567603349685669,,,,,,
17,,,50399,,,,,,,0.6984301209449768,,,,,,
17,,,50419,,,,,,,0.49712568521499634,,,,,,
17,,,50439,,,,,,,0.6462671160697937,,,,,,
17,,,50459,,,,,,,0.7976217269897461,,,,,,
17,,,50479,,,,,,,0.8738314509391785,,,,,,
17,,,50499,,,,,,,0.6064924001693726,,,,,,
17,,,50519,,,,,,,0.6442962884902954,,,,,,
17,,,50539,,,,,,,0.8032224774360657,,,,,,
17,,,50559,,,,,,,0.7098726034164429,,,,,,
17,,,50579,,,,,,,0.6787817478179932,,,,,,
17,,,50599,,,,,,,0.8772268891334534,,,,,,
17,,,50619,,,,,,,0.7375923991203308,,,,,,
17,,,50639,,,,,,,0.9632167816162109,,,,,,
17,,,50659,,,,,,,0.6074056625366211,,,,,,
17,,,50679,,,,,,,0.9817297458648682,,,,,,
17,,,50699,,,,,,,0.8450452089309692,,,,,,
17,,,50719,,,,,,,0.5828573703765869,,,,,,
17,,,50739,,,,,,,0.5813010931015015,,,,,,
17,,,50759,,,,,,,0.8183895349502563,,,,,,
17,,,50779,,,,,,,0.6249421238899231,,,,,,
17,,,50799,,,,,,,0.7645107507705688,,,,,,
17,,,50819,,,,,,,0.8662228584289551,,,,,,
17,,,50839,,,,,,,0.5206764340400696,,,,,,
17,,,50859,,,,,,,0.7132736444473267,,,,,,
17,,,50879,,,,,,,0.7950711846351624,,,,,,
17,,,50899,,,,,,,0.6356430053710938,,,,,,
17,,,50919,,,,,,,0.8448823094367981,,,,,,
17,,,50939,,,,,,,0.6372566223144531,,,,,,
17,,,50959,,,,,,,0.6322927474975586,,,,,,
17,,,50979,,,,,,,0.855063796043396,,,,,,
17,,,50999,,,,,,,0.6509559154510498,,,,,,
17,,,51019,,,,,,,0.6495425701141357,,,,,,
17,,,51039,,,,,,,0.8836385011672974,,,,,,
17,,,51059,,,,,,,0.7148674130439758,,,,,,
17,,,51079,,,,,,,0.9406095743179321,,,,,,
17,,,51099,,,,,,,0.9490364193916321,,,,,,
17,,,51119,,,,,,,1.0615146160125732,,,,,,
17,,,51139,,,,,,,0.7300686836242676,,,,,,
17,,,51159,,,,,,,0.47992703318595886,,,,,,
17,,,51179,,,,,,,0.7577801942825317,,,,,,
17,,,51199,,,,,,,0.7190394401550293,,,,,,
17,,,51219,,,,,,,0.8195708394050598,,,,,,
17,,,51239,,,,,,,0.9234538078308105,,,,,,
17,,,51259,,,,,,,0.9579629898071289,,,,,,
17,,,51279,,,,,,,0.6029298901557922,,,,,,
17,,,51299,,,,,,,1.0712623596191406,,,,,,
17,,,51319,,,,,,,0.9147146940231323,,,,,,
17,,,51339,,,,,,,0.6971313953399658,,,,,,
17,,,51359,,,,,,,0.617867648601532,,,,,,
17,,,51379,,,,,,,1.0357755422592163,,,,,,
17,,,51399,,,,,,,0.6660971641540527,,,,,,
17,,,51419,,,,,,,1.1694235801696777,,,,,,
17,,,51439,,,,,,,0.7920680046081543,,,,,,
17,,,51459,,,,,,,0.7627350091934204,,,,,,
17,,,51479,,,,,,,0.8909391760826111,,,,,,
17,,,51499,,,,,,,0.783066987991333,,,,,,
17,,,51519,,,,,,,0.6554269790649414,,,,,,
17,,,51539,,,,,,,0.9246723651885986,,,,,,
17,,,51559,,,,,,,0.603073000907898,,,,,,
17,,,51579,,,,,,,0.6971889138221741,,,,,,
17,,,51599,,,,,,,0.5645910501480103,,,,,,
17,,,51619,,,,,,,0.8796936273574829,,,,,,
17,,,51639,,,,,,,0.8434622287750244,,,,,,
17,,,51659,,,,,,,0.6522034406661987,,,,,,
17,,,51659,,,,,,,,0.3930809497833252,0.3424333333969116,11.039324760437012,0.23690567910671234,0.3770844340324402,0.3930809497833252
17,,,51659,,,,,0.7454267740249634,0.7645076513290405,,,,,,,
,0.000411911272979866,0.000411911272979866,51660,,,,,,,,,,,,,
18,,,51679,,,,,,,0.799814760684967,,,,,,
18,,,51699,,,,,,,0.9049866199493408,,,,,,
18,,,51719,,,,,,,0.7922043800354004,,,,,,
18,,,51739,,,,,,,0.6030837297439575,,,,,,
18,,,51759,,,,,,,0.5271090269088745,,,,,,
18,,,51779,,,,,,,0.6660904288291931,,,,,,
18,,,51799,,,,,,,0.49004608392715454,,,,,,
18,,,51819,,,,,,,0.6846134662628174,,,,,,
18,,,51839,,,,,,,0.7925915718078613,,,,,,
18,,,51859,,,,,,,0.6050578355789185,,,,,,
18,,,51879,,,,,,,0.6115227937698364,,,,,,
18,,,51899,,,,,,,0.871273398399353,,,,,,
18,,,51919,,,,,,,0.7921635508537292,,,,,,
18,,,51939,,,,,,,0.6077748537063599,,,,,,
18,,,51959,,,,,,,0.7387638092041016,,,,,,
18,,,51979,,,,,,,1.0624394416809082,,,,,,
18,,,51999,,,,,,,0.552283763885498,,,,,,
18,,,52019,,,,,,,0.9982669353485107,,,,,,
18,,,52039,,,,,,,0.815266489982605,,,,,,
18,,,52059,,,,,,,0.592458963394165,,,,,,
18,,,52079,,,,,,,0.8868231773376465,,,,,,
18,,,52099,,,,,,,0.6004324555397034,,,,,,
18,,,52119,,,,,,,0.7034220695495605,,,,,,
18,,,52139,,,,,,,0.6467111110687256,,,,,,
18,,,52159,,,,,,,0.8446431756019592,,,,,,
18,,,52179,,,,,,,0.735602617263794,,,,,,
18,,,52199,,,,,,,0.6635391712188721,,,,,,
18,,,52219,,,,,,,0.7489092350006104,,,,,,
18,,,52239,,,,,,,0.7769237756729126,,,,,,
18,,,52259,,,,,,,0.7730683088302612,,,,,,
18,,,52279,,,,,,,0.6940479278564453,,,,,,
18,,,52299,,,,,,,0.7294445633888245,,,,,,
18,,,52319,,,,,,,0.6291319727897644,,,,,,
18,,,52339,,,,,,,1.203554391860962,,,,,,
18,,,52359,,,,,,,0.6220314502716064,,,,,,
18,,,52379,,,,,,,0.9787613153457642,,,,,,
18,,,52399,,,,,,,0.7865251898765564,,,,,,
18,,,52419,,,,,,,0.9217233657836914,,,,,,
18,,,52439,,,,,,,0.6341757774353027,,,,,,
18,,,52459,,,,,,,0.9834160804748535,,,,,,
18,,,52479,,,,,,,0.9052047729492188,,,,,,
18,,,52499,,,,,,,0.8408530950546265,,,,,,
18,,,52519,,,,,,,0.7789157032966614,,,,,,
18,,,52539,,,,,,,0.81541907787323,,,,,,
18,,,52559,,,,,,,0.5378714799880981,,,,,,
18,,,52579,,,,,,,0.7395409345626831,,,,,,
18,,,52599,,,,,,,0.6238198280334473,,,,,,
18,,,52619,,,,,,,0.738017737865448,,,,,,
18,,,52639,,,,,,,0.7084450721740723,,,,,,
18,,,52659,,,,,,,0.5950688123703003,,,,,,
18,,,52679,,,,,,,4.6641130447387695,,,,,,
18,,,52699,,,,,,,0.8279668092727661,,,,,,
18,,,52719,,,,,,,0.890060544013977,,,,,,
18,,,52739,,,,,,,0.5578063130378723,,,,,,
18,,,52759,,,,,,,0.6591549515724182,,,,,,
18,,,52779,,,,,,,1.0736944675445557,,,,,,
18,,,52799,,,,,,,0.7519040703773499,,,,,,
18,,,52819,,,,,,,0.609733521938324,,,,,,
18,,,52839,,,,,,,0.7271111607551575,,,,,,
18,,,52859,,,,,,,0.7549581527709961,,,,,,
18,,,52879,,,,,,,0.7395222187042236,,,,,,
18,,,52899,,,,,,,0.7783709168434143,,,,,,
18,,,52919,,,,,,,0.6724205017089844,,,,,,
18,,,52939,,,,,,,0.8293460607528687,,,,,,
18,,,52959,,,,,,,0.862379252910614,,,,,,
18,,,52979,,,,,,,0.775598406791687,,,,,,
18,,,52999,,,,,,,0.8766939640045166,,,,,,
18,,,53019,,,,,,,0.6268651485443115,,,,,,
18,,,53039,,,,,,,0.9820958375930786,,,,,,
18,,,53059,,,,,,,0.6652693748474121,,,,,,
18,,,53079,,,,,,,0.7958130240440369,,,,,,
18,,,53099,,,,,,,0.5975765585899353,,,,,,
18,,,53119,,,,,,,0.9534919261932373,,,,,,
18,,,53139,,,,,,,0.8024102449417114,,,,,,
18,,,53159,,,,,,,0.9987471103668213,,,,,,
18,,,53179,,,,,,,0.7743464708328247,,,,,,
18,,,53199,,,,,,,0.761784017086029,,,,,,
18,,,53219,,,,,,,0.7862962484359741,,,,,,
18,,,53239,,,,,,,0.7653566002845764,,,,,,
18,,,53259,,,,,,,0.9100766777992249,,,,,,
18,,,53279,,,,,,,0.7497506141662598,,,,,,
18,,,53299,,,,,,,0.8963428139686584,,,,,,
18,,,53319,,,,,,,0.6945555210113525,,,,,,
18,,,53339,,,,,,,0.725183367729187,,,,,,
18,,,53359,,,,,,,0.7853349447250366,,,,,,
18,,,53379,,,,,,,0.859617292881012,,,,,,
18,,,53399,,,,,,,0.8448700904846191,,,,,,
18,,,53419,,,,,,,0.7333667278289795,,,,,,
18,,,53439,,,,,,,0.9057385921478271,,,,,,
18,,,53459,,,,,,,1.0414001941680908,,,,,,
18,,,53479,,,,,,,4.9123992919921875,,,,,,
18,,,53499,,,,,,,0.6063505411148071,,,,,,
18,,,53519,,,,,,,0.5564612150192261,,,,,,
18,,,53539,,,,,,,0.7980583906173706,,,,,,
18,,,53559,,,,,,,0.6361312866210938,,,,,,
18,,,53579,,,,,,,0.7185908555984497,,,,,,
18,,,53599,,,,,,,0.8297202587127686,,,,,,
18,,,53619,,,,,,,0.7904252409934998,,,,,,
18,,,53639,,,,,,,0.8876326084136963,,,,,,
18,,,53659,,,,,,,0.6092560887336731,,,,,,
18,,,53679,,,,,,,0.7791557908058167,,,,,,
18,,,53699,,,,,,,0.8656957149505615,,,,,,
18,,,53719,,,,,,,0.9634414911270142,,,,,,
18,,,53739,,,,,,,0.9053012132644653,,,,,,
18,,,53759,,,,,,,0.902743935585022,,,,,,
18,,,53779,,,,,,,0.7450366020202637,,,,,,
18,,,53799,,,,,,,0.8304383754730225,,,,,,
18,,,53819,,,,,,,0.8439743518829346,,,,,,
18,,,53839,,,,,,,0.6967388391494751,,,,,,
18,,,53859,,,,,,,0.6692531108856201,,,,,,
18,,,53879,,,,,,,0.8778759241104126,,,,,,
18,,,53899,,,,,,,0.7244430780410767,,,,,,
18,,,53919,,,,,,,0.8735312223434448,,,,,,
18,,,53939,,,,,,,0.6712453365325928,,,,,,
18,,,53959,,,,,,,0.8575621843338013,,,,,,
18,,,53979,,,,,,,0.8015286922454834,,,,,,
18,,,53999,,,,,,,0.7136628031730652,,,,,,
18,,,54019,,,,,,,0.778161883354187,,,,,,
18,,,54039,,,,,,,0.9435057640075684,,,,,,
18,,,54059,,,,,,,0.8710219860076904,,,,,,
18,,,54079,,,,,,,1.300215482711792,,,,,,
18,,,54099,,,,,,,0.6083539724349976,,,,,,
18,,,54119,,,,,,,0.6056594848632812,,,,,,
18,,,54139,,,,,,,0.828278660774231,,,,,,
18,,,54159,,,,,,,0.5250439047813416,,,,,,
18,,,54179,,,,,,,0.6890623569488525,,,,,,
18,,,54199,,,,,,,0.8500210046768188,,,,,,
18,,,54219,,,,,,,0.5042457580566406,,,,,,
18,,,54239,,,,,,,0.4365844428539276,,,,,,
18,,,54259,,,,,,,0.9735889434814453,,,,,,
18,,,54279,,,,,,,0.7263994216918945,,,,,,
18,,,54299,,,,,,,0.936053991317749,,,,,,
18,,,54319,,,,,,,0.7590159177780151,,,,,,
18,,,54339,,,,,,,0.8552060127258301,,,,,,
18,,,54359,,,,,,,0.7236925959587097,,,,,,
18,,,54379,,,,,,,0.7749332785606384,,,,,,
18,,,54399,,,,,,,0.663300096988678,,,,,,
18,,,54419,,,,,,,0.720986008644104,,,,,,
18,,,54439,,,,,,,0.8470664024353027,,,,,,
18,,,54459,,,,,,,0.9930886626243591,,,,,,
18,,,54479,,,,,,,0.7429262399673462,,,,,,
18,,,54499,,,,,,,0.6863187551498413,,,,,,
18,,,54519,,,,,,,0.7485133409500122,,,,,,
18,,,54529,,,,,,,,0.4020334780216217,0.3439485430717468,11.584699630737305,0.23606494069099426,0.35484084486961365,0.4020334780216217
18,,,54529,,,,,0.7457098364830017,0.7679200768470764,,,,,,,
,0.00040976794425096156,0.00040976794425096156,54530,,,,,,,,,,,,,
19,,,54539,,,,,,,0.6431025266647339,,,,,,
19,,,54559,,,,,,,0.7130197882652283,,,,,,
19,,,54579,,,,,,,0.7506527900695801,,,,,,
19,,,54599,,,,,,,0.8381750583648682,,,,,,
19,,,54619,,,,,,,0.8529208898544312,,,,,,
19,,,54639,,,,,,,0.5037956237792969,,,,,,
19,,,54659,,,,,,,0.8014806509017944,,,,,,
19,,,54679,,,,,,,0.6839261651039124,,,,,,
19,,,54699,,,,,,,0.7342586517333984,,,,,,
19,,,54719,,,,,,,1.0873985290527344,,,,,,
19,,,54739,,,,,,,0.7232916355133057,,,,,,
19,,,54759,,,,,,,0.8142446279525757,,,,,,
19,,,54779,,,,,,,0.6407900452613831,,,,,,
19,,,54799,,,,,,,0.8254786133766174,,,,,,
19,,,54819,,,,,,,0.7693447470664978,,,,,,
19,,,54839,,,,,,,0.8489525318145752,,,,,,
19,,,54859,,,,,,,0.8838499188423157,,,,,,
19,,,54879,,,,,,,0.8332998752593994,,,,,,
19,,,54899,,,,,,,0.858863890171051,,,,,,
19,,,54919,,,,,,,0.6496734619140625,,,,,,
19,,,54939,,,,,,,0.7132817506790161,,,,,,
19,,,54959,,,,,,,0.4751185178756714,,,,,,
19,,,54979,,,,,,,0.6668500900268555,,,,,,
19,,,54999,,,,,,,0.6236186623573303,,,,,,
19,,,55019,,,,,,,0.8124630451202393,,,,,,
19,,,55039,,,,,,,0.7348939776420593,,,,,,
19,,,55059,,,,,,,0.6938604116439819,,,,,,
19,,,55079,,,,,,,0.5610963702201843,,,,,,
19,,,55099,,,,,,,0.8589251041412354,,,,,,
19,,,55119,,,,,,,0.7495743036270142,,,,,,
19,,,55139,,,,,,,0.5440253019332886,,,,,,
19,,,55159,,,,,,,0.5840733051300049,,,,,,
19,,,55179,,,,,,,0.669629693031311,,,,,,
19,,,55199,,,,,,,0.5575335025787354,,,,,,
19,,,55219,,,,,,,0.6802628636360168,,,,,,
19,,,55239,,,,,,,0.8264799118041992,,,,,,
19,,,55259,,,,,,,0.9915974140167236,,,,,,
19,,,55279,,,,,,,0.7958300113677979,,,,,,
19,,,55299,,,,,,,0.5310888290405273,,,,,,
19,,,55319,,,,,,,0.7209513187408447,,,,,,
19,,,55339,,,,,,,0.7022879123687744,,,,,,
19,,,55359,,,,,,,0.6525580286979675,,,,,,
19,,,55379,,,,,,,0.8728562593460083,,,,,,
19,,,55399,,,,,,,0.8572914600372314,,,,,,
19,,,55419,,,,,,,0.8135061860084534,,,,,,
19,,,55439,,,,,,,0.8483597040176392,,,,,,
19,,,55459,,,,,,,0.7191035747528076,,,,,,
19,,,55479,,,,,,,0.5958843231201172,,,,,,
19,,,55499,,,,,,,0.4651058316230774,,,,,,
19,,,55519,,,,,,,0.7205043435096741,,,,,,
19,,,55539,,,,,,,0.8755829930305481,,,,,,
19,,,55559,,,,,,,0.9295788407325745,,,,,,
19,,,55579,,,,,,,0.7276673913002014,,,,,,
19,,,55599,,,,,,,0.585096538066864,,,,,,
19,,,55619,,,,,,,1.2841565608978271,,,,,,
19,,,55639,,,,,,,1.2461994886398315,,,,,,
19,,,55659,,,,,,,0.7016746997833252,,,,,,
19,,,55679,,,,,,,0.9461139440536499,,,,,,
19,,,55699,,,,,,,0.753933310508728,,,,,,
19,,,55719,,,,,,,0.6480454802513123,,,,,,
19,,,55739,,,,,,,0.9859357476234436,,,,,,
19,,,55759,,,,,,,0.8729230761528015,,,,,,
19,,,55779,,,,,,,0.7227293848991394,,,,,,
19,,,55799,,,,,,,0.5587312579154968,,,,,,
19,,,55819,,,,,,,0.8331296443939209,,,,,,
19,,,55839,,,,,,,1.0280494689941406,,,,,,
19,,,55859,,,,,,,1.0778100490570068,,,,,,
19,,,55879,,,,,,,0.781429648399353,,,,,,
19,,,55899,,,,,,,0.5766674280166626,,,,,,
19,,,55919,,,,,,,1.181179165840149,,,,,,
19,,,55939,,,,,,,1.1293739080429077,,,,,,
19,,,55959,,,,,,,1.0935382843017578,,,,,,
19,,,55979,,,,,,,0.7396928071975708,,,,,,
19,,,55999,,,,,,,1.06014084815979,,,,,,
19,,,56019,,,,,,,0.7211794853210449,,,,,,
19,,,56039,,,,,,,0.7239764928817749,,,,,,
19,,,56059,,,,,,,1.0771013498306274,,,,,,
19,,,56079,,,,,,,0.7514932155609131,,,,,,
19,,,56099,,,,,,,0.7566860914230347,,,,,,
19,,,56119,,,,,,,0.7740492224693298,,,,,,
19,,,56139,,,,,,,0.7982546091079712,,,,,,
19,,,56159,,,,,,,0.6131635904312134,,,,,,
19,,,56179,,,,,,,0.7146071195602417,,,,,,
19,,,56199,,,,,,,0.73968505859375,,,,,,
19,,,56219,,,,,,,0.704531729221344,,,,,,
19,,,56239,,,,,,,0.7388168573379517,,,,,,
19,,,56259,,,,,,,0.6424135565757751,,,,,,
19,,,56279,,,,,,,0.6531004309654236,,,,,,
19,,,56299,,,,,,,0.8979175090789795,,,,,,
19,,,56319,,,,,,,0.9698646068572998,,,,,,
19,,,56339,,,,,,,0.560927152633667,,,,,,
19,,,56359,,,,,,,0.7137937545776367,,,,,,
19,,,56379,,,,,,,0.6855989694595337,,,,,,
19,,,56399,,,,,,,0.7990051507949829,,,,,,
19,,,56419,,,,,,,0.5285043120384216,,,,,,
19,,,56439,,,,,,,0.5633031725883484,,,,,,
19,,,56459,,,,,,,0.7077096700668335,,,,,,
19,,,56479,,,,,,,0.5141124725341797,,,,,,
19,,,56499,,,,,,,1.0502376556396484,,,,,,
19,,,56519,,,,,,,0.8028029799461365,,,,,,
19,,,56539,,,,,,,0.6093316078186035,,,,,,
19,,,56559,,,,,,,0.6173549890518188,,,,,,
19,,,56579,,,,,,,0.7313158512115479,,,,,,
19,,,56599,,,,,,,0.3362717032432556,,,,,,
19,,,56619,,,,,,,0.7385274171829224,,,,,,
19,,,56639,,,,,,,0.5714205503463745,,,,,,
19,,,56659,,,,,,,0.5573554039001465,,,,,,
19,,,56679,,,,,,,0.6077908277511597,,,,,,
19,,,56699,,,,,,,0.8259338140487671,,,,,,
19,,,56719,,,,,,,0.790856122970581,,,,,,
19,,,56739,,,,,,,0.7875673770904541,,,,,,
19,,,56759,,,,,,,0.8813030123710632,,,,,,
19,,,56779,,,,,,,0.7719491124153137,,,,,,
19,,,56799,,,,,,,0.8427873849868774,,,,,,
19,,,56819,,,,,,,0.575233519077301,,,,,,
19,,,56839,,,,,,,0.7189599871635437,,,,,,
19,,,56859,,,,,,,0.9800690412521362,,,,,,
19,,,56879,,,,,,,1.034182071685791,,,,,,
19,,,56899,,,,,,,0.921811580657959,,,,,,
19,,,56919,,,,,,,0.7256918549537659,,,,,,
19,,,56939,,,,,,,0.8244994282722473,,,,,,
19,,,56959,,,,,,,0.9827311635017395,,,,,,
19,,,56979,,,,,,,0.6767507195472717,,,,,,
19,,,56999,,,,,,,0.6245360970497131,,,,,,
19,,,57019,,,,,,,0.8566653728485107,,,,,,
19,,,57039,,,,,,,0.8590894937515259,,,,,,
19,,,57059,,,,,,,1.0029853582382202,,,,,,
19,,,57079,,,,,,,0.7976129055023193,,,,,,
19,,,57099,,,,,,,0.6052271127700806,,,,,,
19,,,57119,,,,,,,0.8413048982620239,,,,,,
19,,,57139,,,,,,,0.6488572955131531,,,,,,
19,,,57159,,,,,,,0.8776336908340454,,,,,,
19,,,57179,,,,,,,0.5431830883026123,,,,,,
19,,,57199,,,,,,,0.8920068740844727,,,,,,
19,,,57219,,,,,,,0.5650954842567444,,,,,,
19,,,57239,,,,,,,0.7680278420448303,,,,,,
19,,,57259,,,,,,,0.519631028175354,,,,,,
19,,,57279,,,,,,,0.7362608313560486,,,,,,
19,,,57299,,,,,,,0.652328610420227,,,,,,
19,,,57319,,,,,,,1.1172935962677002,,,,,,
19,,,57339,,,,,,,0.8551479578018188,,,,,,
19,,,57359,,,,,,,0.826982319355011,,,,,,
19,,,57379,,,,,,,0.7995730638504028,,,,,,
19,,,57399,,,,,,,0.9741371870040894,,,,,,
19,,,57399,,,,,,,,0.3855435848236084,0.3274572491645813,11.465413093566895,0.2154218703508377,0.34883803129196167,0.3855435848236084
19,,,57399,,,,,0.7456662654876709,0.7603548765182495,,,,,,,
,0.0004073812578261375,0.0004073812578261375,57400,,,,,,,,,,,,,
20,,,57419,,,,,,,0.6382816433906555,,,,,,
20,,,57439,,,,,,,0.7052518129348755,,,,,,
20,,,57459,,,,,,,0.7132136225700378,,,,,,
20,,,57479,,,,,,,0.5963994860649109,,,,,,
20,,,57499,,,,,,,0.6102558970451355,,,,,,
20,,,57519,,,,,,,0.7994668483734131,,,,,,
20,,,57539,,,,,,,0.8407837748527527,,,,,,
20,,,57559,,,,,,,0.481320321559906,,,,,,
20,,,57579,,,,,,,0.7569997906684875,,,,,,
20,,,57599,,,,,,,0.761905312538147,,,,,,
20,,,57619,,,,,,,0.8891676068305969,,,,,,
20,,,57639,,,,,,,0.7241945266723633,,,,,,
20,,,57659,,,,,,,0.8689711093902588,,,,,,
20,,,57679,,,,,,,0.6665964126586914,,,,,,
20,,,57699,,,,,,,0.7977610230445862,,,,,,
20,,,57719,,,,,,,0.81428062915802,,,,,,
20,,,57739,,,,,,,0.80018150806427,,,,,,
20,,,57759,,,,,,,0.8659713268280029,,,,,,
20,,,57779,,,,,,,0.8395865559577942,,,,,,
20,,,57799,,,,,,,0.979071855545044,,,,,,
20,,,57819,,,,,,,0.7379044890403748,,,,,,
20,,,57839,,,,,,,0.6007543802261353,,,,,,
20,,,57859,,,,,,,0.5762990713119507,,,,,,
20,,,57879,,,,,,,0.65362548828125,,,,,,
20,,,57899,,,,,,,0.6286768913269043,,,,,,
20,,,57919,,,,,,,0.8546725511550903,,,,,,
20,,,57939,,,,,,,0.8062856197357178,,,,,,
20,,,57959,,,,,,,0.49967336654663086,,,,,,
20,,,57979,,,,,,,0.8742543458938599,,,,,,
20,,,57999,,,,,,,0.5949361324310303,,,,,,
20,,,58019,,,,,,,0.5107367634773254,,,,,,
20,,,58039,,,,,,,0.6268817186355591,,,,,,
20,,,58059,,,,,,,0.6571204662322998,,,,,,
20,,,58079,,,,,,,0.5915448069572449,,,,,,
20,,,58099,,,,,,,0.7487476468086243,,,,,,
20,,,58119,,,,,,,0.753290057182312,,,,,,
20,,,58139,,,,,,,0.49294155836105347,,,,,,
20,,,58159,,,,,,,0.919914960861206,,,,,,
20,,,58179,,,,,,,0.8706009984016418,,,,,,
20,,,58199,,,,,,,0.4820822477340698,,,,,,
20,,,58219,,,,,,,0.7865242958068848,,,,,,
20,,,58239,,,,,,,0.6260234117507935,,,,,,
20,,,58259,,,,,,,0.7064118981361389,,,,,,
20,,,58279,,,,,,,0.9169706106185913,,,,,,
20,,,58299,,,,,,,0.7579832673072815,,,,,,
20,,,58319,,,,,,,0.605573296546936,,,,,,
20,,,58339,,,,,,,0.7663633823394775,,,,,,
20,,,58359,,,,,,,0.46960175037384033,,,,,,
20,,,58379,,,,,,,0.5673893690109253,,,,,,
20,,,58399,,,,,,,0.7687311172485352,,,,,,
20,,,58419,,,,,,,0.7379398345947266,,,,,,
20,,,58439,,,,,,,0.8012608289718628,,,,,,
20,,,58459,,,,,,,0.6964759826660156,,,,,,
20,,,58479,,,,,,,0.7854523062705994,,,,,,
20,,,58499,,,,,,,0.7989376783370972,,,,,,
20,,,58519,,,,,,,0.7961924076080322,,,,,,
20,,,58539,,,,,,,0.5637871623039246,,,,,,
20,,,58559,,,,,,,0.9194467067718506,,,,,,
20,,,58579,,,,,,,0.6856532096862793,,,,,,
20,,,58599,,,,,,,0.8885709047317505,,,,,,
20,,,58619,,,,,,,1.0269626379013062,,,,,,
20,,,58639,,,,,,,0.7548482418060303,,,,,,
20,,,58659,,,,,,,0.640617847442627,,,,,,
20,,,58679,,,,,,,0.6045558452606201,,,,,,
20,,,58699,,,,,,,0.7466529011726379,,,,,,
20,,,58719,,,,,,,0.6527577638626099,,,,,,
20,,,58739,,,,,,,0.7146716117858887,,,,,,
20,,,58759,,,,,,,0.5660947561264038,,,,,,
20,,,58779,,,,,,,0.7215980291366577,,,,,,
20,,,58799,,,,,,,0.8413131237030029,,,,,,
20,,,58819,,,,,,,0.7409543395042419,,,,,,
20,,,58839,,,,,,,0.8002592921257019,,,,,,
20,,,58859,,,,,,,0.7406227588653564,,,,,,
20,,,58879,,,,,,,0.5631325244903564,,,,,,
20,,,58899,,,,,,,0.5494375824928284,,,,,,
20,,,58919,,,,,,,0.6197797060012817,,,,,,
20,,,58939,,,,,,,0.8696825504302979,,,,,,
20,,,58959,,,,,,,0.822123646736145,,,,,,
20,,,58979,,,,,,,0.8710799217224121,,,,,,
20,,,58999,,,,,,,0.5166425108909607,,,,,,
20,,,59019,,,,,,,0.757372260093689,,,,,,
20,,,59039,,,,,,,0.7258379459381104,,,,,,
20,,,59059,,,,,,,0.5535667538642883,,,,,,
20,,,59079,,,,,,,0.7724969983100891,,,,,,
20,,,59099,,,,,,,0.7248455286026001,,,,,,
20,,,59119,,,,,,,0.714115560054779,,,,,,
20,,,59139,,,,,,,0.47771918773651123,,,,,,
20,,,59159,,,,,,,0.7500420808792114,,,,,,
20,,,59179,,,,,,,0.6358343362808228,,,,,,
20,,,59199,,,,,,,0.686043381690979,,,,,,
20,,,59219,,,,,,,1.0936919450759888,,,,,,
20,,,59239,,,,,,,0.7406449317932129,,,,,,
20,,,59259,,,,,,,0.5758582353591919,,,,,,
20,,,59279,,,,,,,0.7816097140312195,,,,,,
20,,,59299,,,,,,,0.6953644752502441,,,,,,
20,,,59319,,,,,,,1.1250598430633545,,,,,,
20,,,59339,,,,,,,0.5103361010551453,,,,,,
20,,,59359,,,,,,,0.6440433263778687,,,,,,
20,,,59379,,,,,,,0.7156386971473694,,,,,,
20,,,59399,,,,,,,1.1513539552688599,,,,,,
20,,,59419,,,,,,,0.6695477962493896,,,,,,
20,,,59439,,,,,,,0.5968847870826721,,,,,,
20,,,59459,,,,,,,0.7109653353691101,,,,,,
20,,,59479,,,,,,,0.7702041864395142,,,,,,
20,,,59499,,,,,,,0.9584303498268127,,,,,,
20,,,59519,,,,,,,0.7816504836082458,,,,,,
20,,,59539,,,,,,,0.817246675491333,,,,,,
20,,,59559,,,,,,,0.5190247297286987,,,,,,
20,,,59579,,,,,,,0.4666622281074524,,,,,,
20,,,59599,,,,,,,0.9493699669837952,,,,,,
20,,,59619,,,,,,,0.9592768549919128,,,,,,
20,,,59639,,,,,,,0.851199209690094,,,,,,
20,,,59659,,,,,,,0.8524868488311768,,,,,,
20,,,59679,,,,,,,0.6511648893356323,,,,,,
20,,,59699,,,,,,,0.6633647084236145,,,,,,
20,,,59719,,,,,,,0.94035404920578,,,,,,
20,,,59739,,,,,,,0.8165411949157715,,,,,,
20,,,59759,,,,,,,0.5967780351638794,,,,,,
20,,,59779,,,,,,,0.9255053997039795,,,,,,
20,,,59799,,,,,,,0.4320923686027527,,,,,,
20,,,59819,,,,,,,0.8132898211479187,,,,,,
20,,,59839,,,,,,,0.7421822547912598,,,,,,
20,,,59859,,,,,,,0.8339818716049194,,,,,,
20,,,59879,,,,,,,0.8468260765075684,,,,,,
20,,,59899,,,,,,,0.76438307762146,,,,,,
20,,,59919,,,,,,,0.6517878770828247,,,,,,
20,,,59939,,,,,,,0.6858232617378235,,,,,,
20,,,59959,,,,,,,0.9191362857818604,,,,,,
20,,,59979,,,,,,,0.6788185834884644,,,,,,
20,,,59999,,,,,,,0.6323673129081726,,,,,,
20,,,60019,,,,,,,0.5648859739303589,,,,,,
20,,,60039,,,,,,,0.7453152537345886,,,,,,
20,,,60059,,,,,,,1.1030170917510986,,,,,,
20,,,60079,,,,,,,0.8095707893371582,,,,,,
20,,,60099,,,,,,,0.8113049268722534,,,,,,
20,,,60119,,,,,,,0.7048521041870117,,,,,,
20,,,60139,,,,,,,0.7726544141769409,,,,,,
20,,,60159,,,,,,,0.7807276248931885,,,,,,
20,,,60179,,,,,,,0.6103619337081909,,,,,,
20,,,60199,,,,,,,1.0375127792358398,,,,,,
20,,,60219,,,,,,,0.6064420342445374,,,,,,
20,,,60239,,,,,,,0.7118509411811829,,,,,,
20,,,60259,,,,,,,0.6150209307670593,,,,,,
20,,,60269,,,,,,,,0.4001607894897461,0.3308636248111725,11.317784309387207,0.23254507780075073,0.35943397879600525,0.4001607894897461
20,,,60269,,,,,0.7464067935943604,0.757929801940918,,,,,,,
,0.0004047541215151616,0.0004047541215151616,60270,,,,,,,,,,,,,
21,,,60279,,,,,,,0.7936038970947266,,,,,,
21,,,60299,,,,,,,0.6934874057769775,,,,,,
21,,,60319,,,,,,,0.8006925582885742,,,,,,
21,,,60339,,,,,,,0.8246027827262878,,,,,,
21,,,60359,,,,,,,0.7117760181427002,,,,,,
21,,,60379,,,,,,,0.661690890789032,,,,,,
21,,,60399,,,,,,,0.9022605419158936,,,,,,
21,,,60419,,,,,,,0.6410276889801025,,,,,,
21,,,60439,,,,,,,0.968830943107605,,,,,,
21,,,60459,,,,,,,0.7275350093841553,,,,,,
21,,,60479,,,,,,,0.6887324452400208,,,,,,
21,,,60499,,,,,,,1.1443822383880615,,,,,,
21,,,60519,,,,,,,1.1119877099990845,,,,,,
21,,,60539,,,,,,,1.2507178783416748,,,,,,
21,,,60559,,,,,,,0.8292374610900879,,,,,,
21,,,60579,,,,,,,0.7317266464233398,,,,,,
21,,,60599,,,,,,,0.7815296649932861,,,,,,
21,,,60619,,,,,,,0.6335740685462952,,,,,,
21,,,60639,,,,,,,0.8763138055801392,,,,,,
21,,,60659,,,,,,,0.8358457088470459,,,,,,
21,,,60679,,,,,,,0.6046185493469238,,,,,,
21,,,60699,,,,,,,0.7277168035507202,,,,,,
21,,,60719,,,,,,,0.776473879814148,,,,,,
21,,,60739,,,,,,,0.7736225128173828,,,,,,
21,,,60759,,,,,,,0.8577412962913513,,,,,,
21,,,60779,,,,,,,0.8393428325653076,,,,,,
21,,,60799,,,,,,,0.7056835889816284,,,,,,
21,,,60819,,,,,,,0.7727311849594116,,,,,,
21,,,60839,,,,,,,0.9493946433067322,,,,,,
21,,,60859,,,,,,,1.0313794612884521,,,,,,
21,,,60879,,,,,,,0.8492523431777954,,,,,,
21,,,60899,,,,,,,0.6145999431610107,,,,,,
21,,,60919,,,,,,,0.7030967473983765,,,,,,
21,,,60939,,,,,,,0.5714168548583984,,,,,,
21,,,60959,,,,,,,0.7026172876358032,,,,,,
21,,,60979,,,,,,,0.7123647928237915,,,,,,
21,,,60999,,,,,,,1.0063785314559937,,,,,,
21,,,61019,,,,,,,0.5207178592681885,,,,,,
21,,,61039,,,,,,,0.6504625082015991,,,,,,
21,,,61059,,,,,,,0.9367120862007141,,,,,,
21,,,61079,,,,,,,1.2521352767944336,,,,,,
21,,,61099,,,,,,,0.5401303172111511,,,,,,
21,,,61119,,,,,,,0.4726047217845917,,,,,,
21,,,61139,,,,,,,0.9047614932060242,,,,,,
21,,,61159,,,,,,,0.8263238668441772,,,,,,
21,,,61179,,,,,,,0.975200355052948,,,,,,
21,,,61199,,,,,,,0.5357518196105957,,,,,,
21,,,61219,,,,,,,0.8393137454986572,,,,,,
21,,,61239,,,,,,,0.7983514070510864,,,,,,
21,,,61259,,,,,,,0.7265853881835938,,,,,,
21,,,61279,,,,,,,0.9925415515899658,,,,,,
21,,,61299,,,,,,,0.7213561534881592,,,,,,
21,,,61319,,,,,,,0.5350866317749023,,,,,,
21,,,61339,,,,,,,0.8538446426391602,,,,,,
21,,,61359,,,,,,,0.7389359474182129,,,,,,
21,,,61379,,,,,,,0.8557367324829102,,,,,,
21,,,61399,,,,,,,0.9566619396209717,,,,,,
21,,,61419,,,,,,,1.0066068172454834,,,,,,
21,,,61439,,,,,,,0.7718027830123901,,,,,,
21,,,61459,,,,,,,0.5121806263923645,,,,,,
21,,,61479,,,,,,,0.8102362155914307,,,,,,
21,,,61499,,,,,,,0.8543207049369812,,,,,,
21,,,61519,,,,,,,0.8106886744499207,,,,,,
21,,,61539,,,,,,,0.8129590749740601,,,,,,
21,,,61559,,,,,,,0.8970983028411865,,,,,,
21,,,61579,,,,,,,0.8132856488227844,,,,,,
21,,,61599,,,,,,,0.7963728904724121,,,,,,
21,,,61619,,,,,,,0.5302107930183411,,,,,,
21,,,61639,,,,,,,0.7263587713241577,,,,,,
21,,,61659,,,,,,,0.605818510055542,,,,,,
21,,,61679,,,,,,,0.5083489418029785,,,,,,
21,,,61699,,,,,,,0.5874199867248535,,,,,,
21,,,61719,,,,,,,0.804126501083374,,,,,,
21,,,61739,,,,,,,0.6937917470932007,,,,,,
21,,,61759,,,,,,,0.8254954814910889,,,,,,
21,,,61779,,,,,,,0.7298101186752319,,,,,,
21,,,61799,,,,,,,0.7868844270706177,,,,,,
21,,,61819,,,,,,,0.9920824766159058,,,,,,
21,,,61839,,,,,,,0.6842441558837891,,,,,,
21,,,61859,,,,,,,0.7113605737686157,,,,,,
21,,,61879,,,,,,,0.8354774117469788,,,,,,
21,,,61899,,,,,,,0.6684437990188599,,,,,,
21,,,61919,,,,,,,0.7139045596122742,,,,,,
21,,,61939,,,,,,,0.6438969373703003,,,,,,
21,,,61959,,,,,,,0.9606804847717285,,,,,,
21,,,61979,,,,,,,0.921872615814209,,,,,,
21,,,61999,,,,,,,0.7562957406044006,,,,,,
21,,,62019,,,,,,,0.8970613479614258,,,,,,
21,,,62039,,,,,,,0.8330405354499817,,,,,,
21,,,62059,,,,,,,0.8317539095878601,,,,,,
21,,,62079,,,,,,,0.7378242611885071,,,,,,
21,,,62099,,,,,,,0.5037870407104492,,,,,,
21,,,62119,,,,,,,0.6357676386833191,,,,,,
21,,,62139,,,,,,,0.9031466245651245,,,,,,
21,,,62159,,,,,,,0.800286054611206,,,,,,
21,,,62179,,,,,,,0.5037257075309753,,,,,,
21,,,62199,,,,,,,0.7258594036102295,,,,,,
21,,,62219,,,,,,,0.6904468536376953,,,,,,
21,,,62239,,,,,,,0.909007728099823,,,,,,
21,,,62259,,,,,,,0.6660248041152954,,,,,,
21,,,62279,,,,,,,0.7066478133201599,,,,,,
21,,,62299,,,,,,,0.6138514280319214,,,,,,
21,,,62319,,,,,,,0.6963842511177063,,,,,,
21,,,62339,,,,,,,0.6830297708511353,,,,,,
21,,,62359,,,,,,,0.7840479016304016,,,,,,
21,,,62379,,,,,,,0.8362488746643066,,,,,,
21,,,62399,,,,,,,0.7409878969192505,,,,,,
21,,,62419,,,,,,,0.7023382782936096,,,,,,
21,,,62439,,,,,,,0.6952521800994873,,,,,,
21,,,62459,,,,,,,1.023072600364685,,,,,,
21,,,62479,,,,,,,0.49028879404067993,,,,,,
21,,,62499,,,,,,,1.0534653663635254,,,,,,
21,,,62519,,,,,,,0.8216961026191711,,,,,,
21,,,62539,,,,,,,1.0309157371520996,,,,,,
21,,,62559,,,,,,,0.9582650661468506,,,,,,
21,,,62579,,,,,,,0.6076574325561523,,,,,,
21,,,62599,,,,,,,0.7648294568061829,,,,,,
21,,,62619,,,,,,,1.009751796722412,,,,,,
21,,,62639,,,,,,,0.6209093332290649,,,,,,
21,,,62659,,,,,,,1.0198073387145996,,,,,,
21,,,62679,,,,,,,1.1378147602081299,,,,,,
21,,,62699,,,,,,,0.8845037221908569,,,,,,
21,,,62719,,,,,,,0.8289037942886353,,,,,,
21,,,62739,,,,,,,0.7904331684112549,,,,,,
21,,,62759,,,,,,,0.6525670886039734,,,,,,
21,,,62779,,,,,,,1.3865294456481934,,,,,,
21,,,62799,,,,,,,0.7941546440124512,,,,,,
21,,,62819,,,,,,,0.6043468713760376,,,,,,
21,,,62839,,,,,,,0.7681702971458435,,,,,,
21,,,62859,,,,,,,0.5619770884513855,,,,,,
21,,,62879,,,,,,,0.9459118843078613,,,,,,
21,,,62899,,,,,,,0.6828621029853821,,,,,,
21,,,62919,,,,,,,0.7386839389801025,,,,,,
21,,,62939,,,,,,,0.5358666777610779,,,,,,
21,,,62959,,,,,,,0.5942016839981079,,,,,,
21,,,62979,,,,,,,0.8020337820053101,,,,,,
21,,,62999,,,,,,,0.6386545896530151,,,,,,
21,,,63019,,,,,,,0.747551441192627,,,,,,
21,,,63039,,,,,,,0.5985361933708191,,,,,,
21,,,63059,,,,,,,0.827340841293335,,,,,,
21,,,63079,,,,,,,0.9943845272064209,,,,,,
21,,,63099,,,,,,,1.0603969097137451,,,,,,
21,,,63119,,,,,,,0.9159464240074158,,,,,,
21,,,63139,,,,,,,0.7682234048843384,,,,,,
21,,,63139,,,,,,,,0.4074702858924866,0.3541039228439331,11.090495109558105,0.2510213255882263,0.37594324350357056,0.4074702858924866
21,,,63139,,,,,0.7469950318336487,0.7552472352981567,,,,,,,
,0.0004018897360789495,0.0004018897360789495,63140,,,,,,,,,,,,,
22,,,63159,,,,,,,1.1354866027832031,,,,,,
22,,,63179,,,,,,,0.6952586770057678,,,,,,
22,,,63199,,,,,,,0.9942431449890137,,,,,,
22,,,63219,,,,,,,1.0638283491134644,,,,,,
22,,,63239,,,,,,,0.5894684791564941,,,,,,
22,,,63259,,,,,,,0.9073807001113892,,,,,,
22,,,63279,,,,,,,0.578858494758606,,,,,,
22,,,63299,,,,,,,0.5496876239776611,,,,,,
22,,,63319,,,,,,,0.794898509979248,,,,,,
22,,,63339,,,,,,,0.716031551361084,,,,,,
22,,,63359,,,,,,,1.2737534046173096,,,,,,
22,,,63379,,,,,,,0.8705977201461792,,,,,,
22,,,63399,,,,,,,0.594171404838562,,,,,,
22,,,63419,,,,,,,0.73958820104599,,,,,,
22,,,63439,,,,,,,0.6907705068588257,,,,,,
22,,,63459,,,,,,,0.8602412939071655,,,,,,
22,,,63479,,,,,,,0.8990725874900818,,,,,,
22,,,63499,,,,,,,0.48205694556236267,,,,,,
22,,,63519,,,,,,,0.6739529371261597,,,,,,
22,,,63539,,,,,,,0.7091528177261353,,,,,,
22,,,63559,,,,,,,0.6564438939094543,,,,,,
22,,,63579,,,,,,,0.6056962013244629,,,,,,
22,,,63599,,,,,,,1.0076289176940918,,,,,,
22,,,63619,,,,,,,0.6933177709579468,,,,,,
22,,,63639,,,,,,,0.5874888896942139,,,,,,
22,,,63659,,,,,,,0.5800337791442871,,,,,,
22,,,63679,,,,,,,0.632879376411438,,,,,,
22,,,63699,,,,,,,0.7396335601806641,,,,,,
22,,,63719,,,,,,,0.7143266201019287,,,,,,
22,,,63739,,,,,,,0.5114971399307251,,,,,,
22,,,63759,,,,,,,0.8259087800979614,,,,,,
22,,,63779,,,,,,,0.5738908648490906,,,,,,
22,,,63799,,,,,,,0.6425424814224243,,,,,,
22,,,63819,,,,,,,0.9370154142379761,,,,,,
22,,,63839,,,,,,,0.7421942353248596,,,,,,
22,,,63859,,,,,,,0.9322471022605896,,,,,,
22,,,63879,,,,,,,1.158879280090332,,,,,,
22,,,63899,,,,,,,0.7739124298095703,,,,,,
22,,,63919,,,,,,,0.6042065620422363,,,,,,
22,,,63939,,,,,,,0.4472354054450989,,,,,,
22,,,63959,,,,,,,0.7364476323127747,,,,,,
22,,,63979,,,,,,,0.8430266380310059,,,,,,
22,,,63999,,,,,,,0.7992863059043884,,,,,,
22,,,64019,,,,,,,0.8314676284790039,,,,,,
22,,,64039,,,,,,,0.6796354055404663,,,,,,
22,,,64059,,,,,,,0.8861203193664551,,,,,,
22,,,64079,,,,,,,0.7441295981407166,,,,,,
22,,,64099,,,,,,,0.7477197647094727,,,,,,
22,,,64119,,,,,,,0.6521788835525513,,,,,,
22,,,64139,,,,,,,0.5368449687957764,,,,,,
22,,,64159,,,,,,,1.052342176437378,,,,,,
22,,,64179,,,,,,,0.8038272857666016,,,,,,
22,,,64199,,,,,,,0.9285792708396912,,,,,,
22,,,64219,,,,,,,0.6046034693717957,,,,,,
22,,,64239,,,,,,,0.7815075516700745,,,,,,
22,,,64259,,,,,,,0.874292254447937,,,,,,
22,,,64279,,,,,,,0.5392367243766785,,,,,,
22,,,64299,,,,,,,0.8536505699157715,,,,,,
22,,,64319,,,,,,,1.0056276321411133,,,,,,
22,,,64339,,,,,,,0.5421836376190186,,,,,,
22,,,64359,,,,,,,0.8074629902839661,,,,,,
22,,,64379,,,,,,,0.8443608283996582,,,,,,
22,,,64399,,,,,,,0.6604856848716736,,,,,,
22,,,64419,,,,,,,1.3496501445770264,,,,,,
22,,,64439,,,,,,,0.5452355146408081,,,,,,
22,,,64459,,,,,,,0.9729794263839722,,,,,,
22,,,64479,,,,,,,0.5787736177444458,,,,,,
22,,,64499,,,,,,,0.8793120384216309,,,,,,
22,,,64519,,,,,,,0.6346675157546997,,,,,,
22,,,64539,,,,,,,0.6457842588424683,,,,,,
22,,,64559,,,,,,,0.8119010329246521,,,,,,
22,,,64579,,,,,,,0.6815364360809326,,,,,,
22,,,64599,,,,,,,0.5397838354110718,,,,,,
22,,,64619,,,,,,,0.8440602421760559,,,,,,
22,,,64639,,,,,,,0.8173243403434753,,,,,,
22,,,64659,,,,,,,0.7404927015304565,,,,,,
22,,,64679,,,,,,,0.6537261605262756,,,,,,
22,,,64699,,,,,,,0.7688803672790527,,,,,,
22,,,64719,,,,,,,0.8135313391685486,,,,,,
22,,,64739,,,,,,,0.6363880038261414,,,,,,
22,,,64759,,,,,,,0.8788914084434509,,,,,,
22,,,64779,,,,,,,1.0358688831329346,,,,,,
22,,,64799,,,,,,,0.5064653754234314,,,,,,
22,,,64819,,,,,,,0.7544367909431458,,,,,,
22,,,64839,,,,,,,0.6664701104164124,,,,,,
22,,,64859,,,,,,,0.6682795882225037,,,,,,
22,,,64879,,,,,,,0.6517770886421204,,,,,,
22,,,64899,,,,,,,0.7703171968460083,,,,,,
22,,,64919,,,,,,,0.7319955825805664,,,,,,
22,,,64939,,,,,,,0.9350628852844238,,,,,,
22,,,64959,,,,,,,0.6843700408935547,,,,,,
22,,,64979,,,,,,,0.6160863637924194,,,,,,
22,,,64999,,,,,,,0.9682259559631348,,,,,,
22,,,65019,,,,,,,0.9079573154449463,,,,,,
22,,,65039,,,,,,,0.7942850589752197,,,,,,
22,,,65059,,,,,,,0.6948644518852234,,,,,,
22,,,65079,,,,,,,0.7026022672653198,,,,,,
22,,,65099,,,,,,,0.8388912081718445,,,,,,
22,,,65119,,,,,,,0.8301814794540405,,,,,,
22,,,65139,,,,,,,0.7833069562911987,,,,,,
22,,,65159,,,,,,,0.8416709303855896,,,,,,
22,,,65179,,,,,,,0.7053430080413818,,,,,,
22,,,65199,,,,,,,0.8440361022949219,,,,,,
22,,,65219,,,,,,,0.8109444975852966,,,,,,
22,,,65239,,,,,,,0.4707579016685486,,,,,,
22,,,65259,,,,,,,0.8032684922218323,,,,,,
22,,,65279,,,,,,,0.8831080198287964,,,,,,
22,,,65299,,,,,,,0.6151129007339478,,,,,,
22,,,65319,,,,,,,0.8523273468017578,,,,,,
22,,,65339,,,,,,,0.8588732481002808,,,,,,
22,,,65359,,,,,,,0.5931178331375122,,,,,,
22,,,65379,,,,,,,0.8849182724952698,,,,,,
22,,,65399,,,,,,,0.7774878144264221,,,,,,
22,,,65419,,,,,,,0.6583535671234131,,,,,,
22,,,65439,,,,,,,0.5729777216911316,,,,,,
22,,,65459,,,,,,,0.543826162815094,,,,,,
22,,,65479,,,,,,,0.6405938267707825,,,,,,
22,,,65499,,,,,,,0.7255982160568237,,,,,,
22,,,65519,,,,,,,0.7474349737167358,,,,,,
22,,,65539,,,,,,,0.6240783333778381,,,,,,
22,,,65559,,,,,,,0.8479716777801514,,,,,,
22,,,65579,,,,,,,0.8081020712852478,,,,,,
22,,,65599,,,,,,,0.49405455589294434,,,,,,
22,,,65619,,,,,,,0.7568466663360596,,,,,,
22,,,65639,,,,,,,0.7987205386161804,,,,,,
22,,,65659,,,,,,,0.8137103319168091,,,,,,
22,,,65679,,,,,,,0.7199205160140991,,,,,,
22,,,65699,,,,,,,0.8447092175483704,,,,,,
22,,,65719,,,,,,,0.5534790754318237,,,,,,
22,,,65739,,,,,,,0.7279280424118042,,,,,,
22,,,65759,,,,,,,0.7990031242370605,,,,,,
22,,,65779,,,,,,,0.8567646741867065,,,,,,
22,,,65799,,,,,,,0.7318204641342163,,,,,,
22,,,65819,,,,,,,0.5547124147415161,,,,,,
22,,,65839,,,,,,,0.6683615446090698,,,,,,
22,,,65859,,,,,,,0.6635923981666565,,,,,,
22,,,65879,,,,,,,0.6659331917762756,,,,,,
22,,,65899,,,,,,,0.7563295364379883,,,,,,
22,,,65919,,,,,,,0.8127820491790771,,,,,,
22,,,65939,,,,,,,0.7012009024620056,,,,,,
22,,,65959,,,,,,,1.0093510150909424,,,,,,
22,,,65979,,,,,,,0.6373721361160278,,,,,,
22,,,65999,,,,,,,0.6127384901046753,,,,,,
22,,,66009,,,,,,,,0.3850136399269104,0.32784298062324524,11.250164031982422,0.2178688496351242,0.35886046290397644,0.3850136399269104
22,,,66009,,,,,0.7472562193870544,0.7636695504188538,,,,,,,
,0.0003987915913299305,0.0003987915913299305,66010,,,,,,,,,,,,,
23,,,66019,,,,,,,0.6829730272293091,,,,,,
23,,,66039,,,,,,,0.895950436592102,,,,,,
23,,,66059,,,,,,,0.7053133249282837,,,,,,
23,,,66079,,,,,,,0.6929717659950256,,,,,,
23,,,66099,,,,,,,1.2179940938949585,,,,,,
23,,,66119,,,,,,,0.6533432006835938,,,,,,
23,,,66139,,,,,,,0.6996147632598877,,,,,,
23,,,66159,,,,,,,0.7666319608688354,,,,,,
23,,,66179,,,,,,,1.0394937992095947,,,,,,
23,,,66199,,,,,,,0.71392822265625,,,,,,
23,,,66219,,,,,,,0.7992008328437805,,,,,,
23,,,66239,,,,,,,0.5394772291183472,,,,,,
23,,,66259,,,,,,,1.0061341524124146,,,,,,
23,,,66279,,,,,,,0.5478474497795105,,,,,,
23,,,66299,,,,,,,0.8001937866210938,,,,,,
23,,,66319,,,,,,,1.0415825843811035,,,,,,
23,,,66339,,,,,,,0.8894561529159546,,,,,,
23,,,66359,,,,,,,0.6586855053901672,,,,,,
23,,,66379,,,,,,,0.7444615364074707,,,,,,
23,,,66399,,,,,,,0.7084597945213318,,,,,,
23,,,66419,,,,,,,0.6612690091133118,,,,,,
23,,,66439,,,,,,,0.5090751051902771,,,,,,
23,,,66459,,,,,,,0.5808218717575073,,,,,,
23,,,66479,,,,,,,0.753547728061676,,,,,,
23,,,66499,,,,,,,0.8110367059707642,,,,,,
23,,,66519,,,,,,,0.8194506168365479,,,,,,
23,,,66539,,,,,,,0.8969116806983948,,,,,,
23,,,66559,,,,,,,0.7030647993087769,,,,,,
23,,,66579,,,,,,,0.7625798583030701,,,,,,
23,,,66599,,,,,,,0.6719722747802734,,,,,,
23,,,66619,,,,,,,0.8434872627258301,,,,,,
23,,,66639,,,,,,,0.7863326072692871,,,,,,
23,,,66659,,,,,,,0.5961195826530457,,,,,,
23,,,66679,,,,,,,0.9110311269760132,,,,,,
23,,,66699,,,,,,,0.6782582998275757,,,,,,
23,,,66719,,,,,,,0.9406089782714844,,,,,,
23,,,66739,,,,,,,0.6787175536155701,,,,,,
23,,,66759,,,,,,,0.4781859517097473,,,,,,
23,,,66779,,,,,,,0.5404139757156372,,,,,,
23,,,66799,,,,,,,0.7256078720092773,,,,,,
23,,,66819,,,,,,,0.8473553657531738,,,,,,
23,,,66839,,,,,,,0.699514627456665,,,,,,
23,,,66859,,,,,,,0.5329185724258423,,,,,,
23,,,66879,,,,,,,0.7514537572860718,,,,,,
23,,,66899,,,,,,,0.9964475631713867,,,,,,
23,,,66919,,,,,,,0.6633786559104919,,,,,,
23,,,66939,,,,,,,0.8376405239105225,,,,,,
23,,,66959,,,,,,,0.7785429954528809,,,,,,
23,,,66979,,,,,,,0.8481171131134033,,,,,,
23,,,66999,,,,,,,0.8163989782333374,,,,,,
23,,,67019,,,,,,,0.6115639209747314,,,,,,
23,,,67039,,,,,,,0.47466570138931274,,,,,,
23,,,67059,,,,,,,0.7683082222938538,,,,,,
23,,,67079,,,,,,,0.902121901512146,,,,,,
23,,,67099,,,,,,,0.598864734172821,,,,,,
23,,,67119,,,,,,,0.6882344484329224,,,,,,
23,,,67139,,,,,,,0.7053105235099792,,,,,,
23,,,67159,,,,,,,0.8576164245605469,,,,,,
23,,,67179,,,,,,,0.828636884689331,,,,,,
23,,,67199,,,,,,,0.7580038905143738,,,,,,
23,,,67219,,,,,,,0.7071448564529419,,,,,,
23,,,67239,,,,,,,0.9180477857589722,,,,,,
23,,,67259,,,,,,,0.5846143960952759,,,,,,
23,,,67279,,,,,,,0.5886584520339966,,,,,,
23,,,67299,,,,,,,0.857765793800354,,,,,,
23,,,67319,,,,,,,0.7022488117218018,,,,,,
23,,,67339,,,,,,,0.5085415840148926,,,,,,
23,,,67359,,,,,,,0.862848162651062,,,,,,
23,,,67379,,,,,,,0.737141489982605,,,,,,
23,,,67399,,,,,,,0.8445594310760498,,,,,,
23,,,67419,,,,,,,0.6585384011268616,,,,,,
23,,,67439,,,,,,,0.70866858959198,,,,,,
23,,,67459,,,,,,,0.7324137687683105,,,,,,
23,,,67479,,,,,,,0.7410755157470703,,,,,,
23,,,67499,,,,,,,0.5465526580810547,,,,,,
23,,,67519,,,,,,,0.9382324814796448,,,,,,
23,,,67539,,,,,,,1.3210868835449219,,,,,,
23,,,67559,,,,,,,0.9786589741706848,,,,,,
23,,,67579,,,,,,,0.5454833507537842,,,,,,
23,,,67599,,,,,,,0.6621989011764526,,,,,,
23,,,67619,,,,,,,0.9070040583610535,,,,,,
23,,,67639,,,,,,,0.7494218349456787,,,,,,
23,,,67659,,,,,,,0.91572105884552,,,,,,
23,,,67679,,,,,,,0.5252636671066284,,,,,,
23,,,67699,,,,,,,0.9014260768890381,,,,,,
23,,,67719,,,,,,,0.694892168045044,,,,,,
23,,,67739,,,,,,,0.9318197965621948,,,,,,
23,,,67759,,,,,,,0.9755266904830933,,,,,,
23,,,67779,,,,,,,0.8563047647476196,,,,,,
23,,,67799,,,,,,,0.837078869342804,,,,,,
23,,,67819,,,,,,,0.7861154079437256,,,,,,
23,,,67839,,,,,,,0.8079988360404968,,,,,,
23,,,67859,,,,,,,0.7397328615188599,,,,,,
23,,,67879,,,,,,,0.48489701747894287,,,,,,
23,,,67899,,,,,,,0.7775693535804749,,,,,,
23,,,67919,,,,,,,0.8280602693557739,,,,,,
23,,,67939,,,,,,,0.4920744001865387,,,,,,
23,,,67959,,,,,,,0.9838535785675049,,,,,,
23,,,67979,,,,,,,0.605979323387146,,,,,,
23,,,67999,,,,,,,0.5931315422058105,,,,,,
23,,,68019,,,,,,,0.7525202035903931,,,,,,
23,,,68039,,,,,,,0.8010978102684021,,,,,,
23,,,68059,,,,,,,0.6794594526290894,,,,,,
23,,,68079,,,,,,,0.6499269008636475,,,,,,
23,,,68099,,,,,,,0.6330969333648682,,,,,,
23,,,68119,,,,,,,0.6336562633514404,,,,,,
23,,,68139,,,,,,,0.5571495294570923,,,,,,
23,,,68159,,,,,,,1.005807638168335,,,,,,
23,,,68179,,,,,,,0.8089320659637451,,,,,,
23,,,68199,,,,,,,0.43520188331604004,,,,,,
23,,,68219,,,,,,,0.6962971091270447,,,,,,
23,,,68239,,,,,,,0.516097903251648,,,,,,
23,,,68259,,,,,,,0.650001049041748,,,,,,
23,,,68279,,,,,,,0.8877584934234619,,,,,,
23,,,68299,,,,,,,0.5965495109558105,,,,,,
23,,,68319,,,,,,,0.8538514375686646,,,,,,
23,,,68339,,,,,,,0.6648948192596436,,,,,,
23,,,68359,,,,,,,1.2305257320404053,,,,,,
23,,,68379,,,,,,,0.9138057231903076,,,,,,
23,,,68399,,,,,,,0.8303337097167969,,,,,,
23,,,68419,,,,,,,0.7859011888504028,,,,,,
23,,,68439,,,,,,,0.6968281269073486,,,,,,
23,,,68459,,,,,,,0.9670376777648926,,,,,,
23,,,68479,,,,,,,0.4534419775009155,,,,,,
23,,,68499,,,,,,,0.564530611038208,,,,,,
23,,,68519,,,,,,,0.5982006192207336,,,,,,
23,,,68539,,,,,,,0.7680654525756836,,,,,,
23,,,68559,,,,,,,0.7252742052078247,,,,,,
23,,,68579,,,,,,,1.0817029476165771,,,,,,
23,,,68599,,,,,,,0.7557480931282043,,,,,,
23,,,68619,,,,,,,1.05100679397583,,,,,,
23,,,68639,,,,,,,0.5285534262657166,,,,,,
23,,,68659,,,,,,,0.8715335130691528,,,,,,
23,,,68679,,,,,,,0.5684288740158081,,,,,,
23,,,68699,,,,,,,0.9427940845489502,,,,,,
23,,,68719,,,,,,,0.5186966061592102,,,,,,
23,,,68739,,,,,,,0.7122485041618347,,,,,,
23,,,68759,,,,,,,0.555063009262085,,,,,,
23,,,68779,,,,,,,0.5791863203048706,,,,,,
23,,,68799,,,,,,,0.6688756942749023,,,,,,
23,,,68819,,,,,,,0.9292518496513367,,,,,,
23,,,68839,,,,,,,0.5755536556243896,,,,,,
23,,,68859,,,,,,,1.0552558898925781,,,,,,
23,,,68879,,,,,,,0.8160724639892578,,,,,,
23,,,68879,,,,,,,,0.40004515647888184,0.3421449065208435,11.191370964050293,0.2367253601551056,0.36351513862609863,0.40004515647888184
23,,,68879,,,,,0.7469078302383423,0.7599900960922241,,,,,,,
,0.00039546346188024854,0.00039546346188024854,68880,,,,,,,,,,,,,
24,,,68899,,,,,,,0.7500482797622681,,,,,,
24,,,68919,,,,,,,0.8975740671157837,,,,,,
24,,,68939,,,,,,,0.5530376434326172,,,,,,
24,,,68959,,,,,,,0.5842635631561279,,,,,,
24,,,68979,,,,,,,0.6549134850502014,,,,,,
24,,,68999,,,,,,,0.8735746145248413,,,,,,
24,,,69019,,,,,,,0.6229928135871887,,,,,,
24,,,69039,,,,,,,0.3908001482486725,,,,,,
24,,,69059,,,,,,,0.723046064376831,,,,,,
24,,,69079,,,,,,,1.0050320625305176,,,,,,
24,,,69099,,,,,,,0.5721679925918579,,,,,,
24,,,69119,,,,,,,0.6313506364822388,,,,,,
24,,,69139,,,,,,,0.6782615184783936,,,,,,
24,,,69159,,,,,,,0.926760196685791,,,,,,
24,,,69179,,,,,,,0.7756576538085938,,,,,,
24,,,69199,,,,,,,0.594312310218811,,,,,,
24,,,69219,,,,,,,0.7847384214401245,,,,,,
24,,,69239,,,,,,,0.5181904435157776,,,,,,
24,,,69259,,,,,,,0.7481263279914856,,,,,,
24,,,69279,,,,,,,0.7364395260810852,,,,,,
24,,,69299,,,,,,,0.8254165053367615,,,,,,
24,,,69319,,,,,,,0.8994784355163574,,,,,,
24,,,69339,,,,,,,0.7850658893585205,,,,,,
24,,,69359,,,,,,,0.8329861164093018,,,,,,
24,,,69379,,,,,,,0.6306942701339722,,,,,,
24,,,69399,,,,,,,0.6767901182174683,,,,,,
24,,,69419,,,,,,,0.7371628284454346,,,,,,
24,,,69439,,,,,,,0.7269293069839478,,,,,,
24,,,69459,,,,,,,0.7937566041946411,,,,,,
24,,,69479,,,,,,,0.8576520681381226,,,,,,
24,,,69499,,,,,,,1.034399151802063,,,,,,
24,,,69519,,,,,,,0.5769808292388916,,,,,,
24,,,69539,,,,,,,0.6947956085205078,,,,,,
24,,,69559,,,,,,,0.6548174023628235,,,,,,
24,,,69579,,,,,,,0.5068202018737793,,,,,,
24,,,69599,,,,,,,0.843829333782196,,,,,,
24,,,69619,,,,,,,0.7354114651679993,,,,,,
24,,,69639,,,,,,,0.727580189704895,,,,,,
24,,,69659,,,,,,,0.677587628364563,,,,,,
24,,,69679,,,,,,,0.6938843727111816,,,,,,
24,,,69699,,,,,,,0.6331776976585388,,,,,,
24,,,69719,,,,,,,0.7210783958435059,,,,,,
24,,,69739,,,,,,,0.5084253549575806,,,,,,
24,,,69759,,,,,,,1.023391604423523,,,,,,
24,,,69779,,,,,,,0.8229401111602783,,,,,,
24,,,69799,,,,,,,0.612637996673584,,,,,,
24,,,69819,,,,,,,0.7132347822189331,,,,,,
24,,,69839,,,,,,,0.8856141567230225,,,,,,
24,,,69859,,,,,,,0.5763946771621704,,,,,,
24,,,69879,,,,,,,0.7186183333396912,,,,,,
24,,,69899,,,,,,,0.9031933546066284,,,,,,
24,,,69919,,,,,,,0.5214947462081909,,,,,,
24,,,69939,,,,,,,0.6239802837371826,,,,,,
24,,,69959,,,,,,,0.7573626041412354,,,,,,
24,,,69979,,,,,,,1.1539585590362549,,,,,,
24,,,69999,,,,,,,0.9860923290252686,,,,,,
24,,,70019,,,,,,,0.9479891061782837,,,,,,
24,,,70039,,,,,,,0.7911397218704224,,,,,,
24,,,70059,,,,,,,0.5912232995033264,,,,,,
24,,,70079,,,,,,,0.9287149906158447,,,,,,
24,,,70099,,,,,,,0.8559303879737854,,,,,,
24,,,70119,,,,,,,0.7730953097343445,,,,,,
24,,,70139,,,,,,,0.6613497734069824,,,,,,
24,,,70159,,,,,,,0.5818719863891602,,,,,,
24,,,70179,,,,,,,0.6538384556770325,,,,,,
24,,,70199,,,,,,,0.5630375146865845,,,,,,
24,,,70219,,,,,,,0.7909806966781616,,,,,,
24,,,70239,,,,,,,0.9616843461990356,,,,,,
24,,,70259,,,,,,,0.7227837443351746,,,,,,
24,,,70279,,,,,,,0.6502393484115601,,,,,,
24,,,70299,,,,,,,0.8095912337303162,,,,,,
24,,,70319,,,,,,,0.44070398807525635,,,,,,
24,,,70339,,,,,,,0.6782687902450562,,,,,,
24,,,70359,,,,,,,0.888422966003418,,,,,,
24,,,70379,,,,,,,0.6749788522720337,,,,,,
24,,,70399,,,,,,,0.8289053440093994,,,,,,
24,,,70419,,,,,,,0.699616014957428,,,,,,
24,,,70439,,,,,,,0.5527553558349609,,,,,,
24,,,70459,,,,,,,0.545924186706543,,,,,,
24,,,70479,,,,,,,0.9473457336425781,,,,,,
24,,,70499,,,,,,,1.0077950954437256,,,,,,
24,,,70519,,,,,,,0.8121973276138306,,,,,,
24,,,70539,,,,,,,0.7480784058570862,,,,,,
24,,,70559,,,,,,,0.8748303651809692,,,,,,
24,,,70579,,,,,,,0.622044563293457,,,,,,
24,,,70599,,,,,,,1.1534452438354492,,,,,,
24,,,70619,,,,,,,0.7043532133102417,,,,,,
24,,,70639,,,,,,,0.8880700469017029,,,,,,
24,,,70659,,,,,,,0.40291303396224976,,,,,,
24,,,70679,,,,,,,0.8656808137893677,,,,,,
24,,,70699,,,,,,,0.8355643153190613,,,,,,
24,,,70719,,,,,,,0.7754117250442505,,,,,,
24,,,70739,,,,,,,0.3999345600605011,,,,,,
24,,,70759,,,,,,,0.6853711605072021,,,,,,
24,,,70779,,,,,,,0.6155703067779541,,,,,,
24,,,70799,,,,,,,0.8787515163421631,,,,,,
24,,,70819,,,,,,,0.687381386756897,,,,,,
24,,,70839,,,,,,,0.6241449117660522,,,,,,
24,,,70859,,,,,,,0.40272560715675354,,,,,,
24,,,70879,,,,,,,0.9868414998054504,,,,,,
24,,,70899,,,,,,,0.6925735473632812,,,,,,
24,,,70919,,,,,,,0.5980433225631714,,,,,,
24,,,70939,,,,,,,0.8869302272796631,,,,,,
24,,,70959,,,,,,,0.6832963228225708,,,,,,
24,,,70979,,,,,,,0.69157874584198,,,,,,
24,,,70999,,,,,,,0.6314818859100342,,,,,,
24,,,71019,,,,,,,0.7999565005302429,,,,,,
24,,,71039,,,,,,,0.7217810153961182,,,,,,
24,,,71059,,,,,,,0.6873931884765625,,,,,,
24,,,71079,,,,,,,0.6908244490623474,,,,,,
24,,,71099,,,,,,,0.7770943641662598,,,,,,
24,,,71119,,,,,,,0.6404975056648254,,,,,,
24,,,71139,,,,,,,0.825208306312561,,,,,,
24,,,71159,,,,,,,0.9641885757446289,,,,,,
24,,,71179,,,,,,,0.7978317737579346,,,,,,
24,,,71199,,,,,,,0.7771518230438232,,,,,,
24,,,71219,,,,,,,0.7208958864212036,,,,,,
24,,,71239,,,,,,,0.7044520378112793,,,,,,
24,,,71259,,,,,,,0.6219223737716675,,,,,,
24,,,71279,,,,,,,0.8965105414390564,,,,,,
24,,,71299,,,,,,,0.8701670169830322,,,,,,
24,,,71319,,,,,,,0.7050861120223999,,,,,,
24,,,71339,,,,,,,0.9521259665489197,,,,,,
24,,,71359,,,,,,,0.7119205594062805,,,,,,
24,,,71379,,,,,,,0.7389713525772095,,,,,,
24,,,71399,,,,,,,0.4173140525817871,,,,,,
24,,,71419,,,,,,,0.9736765623092651,,,,,,
24,,,71439,,,,,,,0.5999528765678406,,,,,,
24,,,71459,,,,,,,0.9278258085250854,,,,,,
24,,,71479,,,,,,,0.6971480846405029,,,,,,
24,,,71499,,,,,,,0.7440133094787598,,,,,,
24,,,71519,,,,,,,1.0480259656906128,,,,,,
24,,,71539,,,,,,,0.7403330206871033,,,,,,
24,,,71559,,,,,,,0.8382267951965332,,,,,,
24,,,71579,,,,,,,0.7654715776443481,,,,,,
24,,,71599,,,,,,,0.6631486415863037,,,,,,
24,,,71619,,,,,,,0.6540781259536743,,,,,,
24,,,71639,,,,,,,0.7189765572547913,,,,,,
24,,,71659,,,,,,,0.7385191917419434,,,,,,
24,,,71679,,,,,,,0.7367934584617615,,,,,,
24,,,71699,,,,,,,0.781222939491272,,,,,,
24,,,71719,,,,,,,0.892842173576355,,,,,,
24,,,71739,,,,,,,0.7597322463989258,,,,,,
24,,,71749,,,,,,,,0.3850454092025757,0.3386368453502655,12.039458274841309,0.22094900906085968,0.35930123925209045,0.3850454092025757
24,,,71749,,,,,0.7477569580078125,0.7517864108085632,,,,,,,
25,,,71750,0.44304192066192627,0.7204586863517761,0.3746015429496765,0.28601861000061035,,,,,,,,,
