epoch,lr-AdamW/pg1,lr-AdamW/pg2,step,test/acc,test/auroc,test/f1,test/mcc,train/acc,train/loss_epoch,train/loss_step,val/acc,val/f1,val/loss,val/mcc,val/precision,val/recall
,1.450735546757163e-05,1.450735546757163e-05,0,,,,,,,,,,,,,
0,,,19,,,,,,,26.300174713134766,,,,,,
0,,,39,,,,,,,21.826269149780273,,,,,,
0,,,59,,,,,,,6.445184230804443,,,,,,
0,,,79,,,,,,,7.9896345138549805,,,,,,
0,,,99,,,,,,,5.649077892303467,,,,,,
0,,,119,,,,,,,3.3365044593811035,,,,,,
0,,,139,,,,,,,4.6604838371276855,,,,,,
0,,,159,,,,,,,2.668631076812744,,,,,,
0,,,179,,,,,,,2.4670252799987793,,,,,,
0,,,199,,,,,,,2.678175926208496,,,,,,
0,,,219,,,,,,,2.6564807891845703,,,,,,
0,,,239,,,,,,,2.491851806640625,,,,,,
0,,,259,,,,,,,3.093215227127075,,,,,,
0,,,279,,,,,,,2.302253007888794,,,,,,
0,,,299,,,,,,,2.3199543952941895,,,,,,
0,,,319,,,,,,,2.1636033058166504,,,,,,
0,,,339,,,,,,,2.3825459480285645,,,,,,
0,,,359,,,,,,,2.1957921981811523,,,,,,
0,,,379,,,,,,,2.1308586597442627,,,,,,
0,,,399,,,,,,,2.545994997024536,,,,,,
0,,,419,,,,,,,2.1423025131225586,,,,,,
0,,,439,,,,,,,1.89483642578125,,,,,,
0,,,459,,,,,,,2.068385124206543,,,,,,
0,,,479,,,,,,,1.8372352123260498,,,,,,
0,,,499,,,,,,,1.5337581634521484,,,,,,
0,,,519,,,,,,,1.7528276443481445,,,,,,
0,,,539,,,,,,,1.8170936107635498,,,,,,
0,,,559,,,,,,,1.8456557989120483,,,,,,
0,,,579,,,,,,,1.7542345523834229,,,,,,
0,,,599,,,,,,,1.954935073852539,,,,,,
0,,,619,,,,,,,2.256119728088379,,,,,,
0,,,639,,,,,,,2.1338999271392822,,,,,,
0,,,659,,,,,,,1.6970869302749634,,,,,,
0,,,679,,,,,,,1.8721359968185425,,,,,,
0,,,699,,,,,,,1.462813377380371,,,,,,
0,,,719,,,,,,,1.4561117887496948,,,,,,
0,,,739,,,,,,,1.495954990386963,,,,,,
0,,,759,,,,,,,1.4978938102722168,,,,,,
0,,,779,,,,,,,1.8197557926177979,,,,,,
0,,,799,,,,,,,1.4343411922454834,,,,,,
0,,,819,,,,,,,1.3724172115325928,,,,,,
0,,,839,,,,,,,1.9051884412765503,,,,,,
0,,,859,,,,,,,1.5625174045562744,,,,,,
0,,,879,,,,,,,1.2074809074401855,,,,,,
0,,,899,,,,,,,1.4609088897705078,,,,,,
0,,,919,,,,,,,1.4217753410339355,,,,,,
0,,,939,,,,,,,1.3979110717773438,,,,,,
0,,,959,,,,,,,1.259114384651184,,,,,,
0,,,979,,,,,,,1.3641198873519897,,,,,,
0,,,999,,,,,,,1.5067236423492432,,,,,,
0,,,1019,,,,,,,1.3548065423965454,,,,,,
0,,,1039,,,,,,,1.2040683031082153,,,,,,
0,,,1059,,,,,,,1.2914443016052246,,,,,,
0,,,1079,,,,,,,1.2743446826934814,,,,,,
0,,,1099,,,,,,,1.5884084701538086,,,,,,
0,,,1119,,,,,,,1.342983365058899,,,,,,
0,,,1139,,,,,,,1.370732069015503,,,,,,
0,,,1159,,,,,,,1.2583656311035156,,,,,,
0,,,1179,,,,,,,1.244288444519043,,,,,,
0,,,1199,,,,,,,1.3115568161010742,,,,,,
0,,,1219,,,,,,,1.3978605270385742,,,,,,
0,,,1239,,,,,,,1.2440840005874634,,,,,,
0,,,1259,,,,,,,1.1030248403549194,,,,,,
0,,,1279,,,,,,,1.1533000469207764,,,,,,
0,,,1299,,,,,,,1.1499969959259033,,,,,,
0,,,1319,,,,,,,1.1909085512161255,,,,,,
0,,,1339,,,,,,,1.3897939920425415,,,,,,
0,,,1359,,,,,,,1.6978126764297485,,,,,,
0,,,1379,,,,,,,1.4086264371871948,,,,,,
0,,,1399,,,,,,,1.237094521522522,,,,,,
0,,,1419,,,,,,,1.1889607906341553,,,,,,
0,,,1434,,,,,,,,0.4158167243003845,0.348068505525589,15.171844482421875,0.24445344507694244,0.42015910148620605,0.4158167243003845
0,,,1434,,,,,0.6539086103439331,2.6114275455474854,,,,,,,
,1.450735546757163e-05,1.450735546757163e-05,1435,,,,,,,,,,,,,
1,,,1439,,,,,,,1.1891233921051025,,,,,,
1,,,1459,,,,,,,1.1108160018920898,,,,,,
1,,,1479,,,,,,,1.0895448923110962,,,,,,
1,,,1499,,,,,,,1.226555347442627,,,,,,
1,,,1519,,,,,,,1.1108897924423218,,,,,,
1,,,1539,,,,,,,1.0339667797088623,,,,,,
1,,,1559,,,,,,,1.1043860912322998,,,,,,
1,,,1579,,,,,,,1.069624662399292,,,,,,
1,,,1599,,,,,,,1.065517544746399,,,,,,
1,,,1619,,,,,,,1.000931978225708,,,,,,
1,,,1639,,,,,,,1.0262376070022583,,,,,,
1,,,1659,,,,,,,1.2787244319915771,,,,,,
1,,,1679,,,,,,,1.0148780345916748,,,,,,
1,,,1699,,,,,,,1.037089467048645,,,,,,
1,,,1719,,,,,,,1.3542895317077637,,,,,,
1,,,1739,,,,,,,0.9214866161346436,,,,,,
1,,,1759,,,,,,,1.2696958780288696,,,,,,
1,,,1779,,,,,,,1.0224738121032715,,,,,,
1,,,1799,,,,,,,1.2939379215240479,,,,,,
1,,,1819,,,,,,,1.0272566080093384,,,,,,
1,,,1839,,,,,,,0.9642229676246643,,,,,,
1,,,1859,,,,,,,0.9990317225456238,,,,,,
1,,,1879,,,,,,,0.9510928392410278,,,,,,
1,,,1899,,,,,,,1.1024539470672607,,,,,,
1,,,1919,,,,,,,0.9957882165908813,,,,,,
1,,,1939,,,,,,,0.9442862868309021,,,,,,
1,,,1959,,,,,,,0.9103720188140869,,,,,,
1,,,1979,,,,,,,1.0440607070922852,,,,,,
1,,,1999,,,,,,,1.1205940246582031,,,,,,
1,,,2019,,,,,,,0.9703567624092102,,,,,,
1,,,2039,,,,,,,1.0311204195022583,,,,,,
1,,,2059,,,,,,,1.0067338943481445,,,,,,
1,,,2079,,,,,,,1.0399787425994873,,,,,,
1,,,2099,,,,,,,0.8525329232215881,,,,,,
1,,,2119,,,,,,,0.9334597587585449,,,,,,
1,,,2139,,,,,,,0.9336255192756653,,,,,,
1,,,2159,,,,,,,0.9188212156295776,,,,,,
1,,,2179,,,,,,,0.9306495189666748,,,,,,
1,,,2199,,,,,,,0.8969163298606873,,,,,,
1,,,2219,,,,,,,1.0279953479766846,,,,,,
1,,,2239,,,,,,,0.8966347575187683,,,,,,
1,,,2259,,,,,,,0.9302703738212585,,,,,,
1,,,2279,,,,,,,0.9317210912704468,,,,,,
1,,,2299,,,,,,,0.8490490913391113,,,,,,
1,,,2319,,,,,,,0.8233984708786011,,,,,,
1,,,2339,,,,,,,0.9347760081291199,,,,,,
1,,,2359,,,,,,,0.9261091351509094,,,,,,
1,,,2379,,,,,,,0.8546321392059326,,,,,,
1,,,2399,,,,,,,0.8333638310432434,,,,,,
1,,,2419,,,,,,,0.9650194048881531,,,,,,
1,,,2439,,,,,,,0.9945981502532959,,,,,,
1,,,2459,,,,,,,0.8757277727127075,,,,,,
1,,,2479,,,,,,,1.0934779644012451,,,,,,
1,,,2499,,,,,,,0.9599325656890869,,,,,,
1,,,2519,,,,,,,0.7695196866989136,,,,,,
1,,,2539,,,,,,,0.9306035041809082,,,,,,
1,,,2559,,,,,,,1.06504487991333,,,,,,
1,,,2579,,,,,,,0.8432877063751221,,,,,,
1,,,2599,,,,,,,0.8718490600585938,,,,,,
1,,,2619,,,,,,,1.1585705280303955,,,,,,
1,,,2639,,,,,,,0.952533483505249,,,,,,
1,,,2659,,,,,,,0.8413134813308716,,,,,,
1,,,2679,,,,,,,0.8990890979766846,,,,,,
1,,,2699,,,,,,,0.9044824242591858,,,,,,
1,,,2719,,,,,,,0.9464424848556519,,,,,,
1,,,2739,,,,,,,0.8317857980728149,,,,,,
1,,,2759,,,,,,,0.8833544850349426,,,,,,
1,,,2779,,,,,,,0.9359868168830872,,,,,,
1,,,2799,,,,,,,1.005837321281433,,,,,,
1,,,2819,,,,,,,1.092022180557251,,,,,,
1,,,2839,,,,,,,0.8185254335403442,,,,,,
1,,,2859,,,,,,,1.0319857597351074,,,,,,
1,,,2869,,,,,,,,0.41487038135528564,0.35831958055496216,11.96192455291748,0.2527937591075897,0.5364158153533936,0.41487038135528564
1,,,2869,,,,,0.6770193576812744,1.0238909721374512,,,,,,,
,2.901471093514326e-05,2.901471093514326e-05,2870,,,,,,,,,,,,,
2,,,2879,,,,,,,0.8924898505210876,,,,,,
2,,,2899,,,,,,,0.7995978593826294,,,,,,
2,,,2919,,,,,,,0.9322338104248047,,,,,,
2,,,2939,,,,,,,0.9415244460105896,,,,,,
2,,,2959,,,,,,,0.9261946678161621,,,,,,
2,,,2979,,,,,,,1.0019330978393555,,,,,,
2,,,2999,,,,,,,0.9680367708206177,,,,,,
2,,,3019,,,,,,,0.8533658981323242,,,,,,
2,,,3039,,,,,,,0.8877894282341003,,,,,,
2,,,3059,,,,,,,1.1062257289886475,,,,,,
2,,,3079,,,,,,,0.9618273377418518,,,,,,
2,,,3099,,,,,,,0.7842474579811096,,,,,,
2,,,3119,,,,,,,1.0188965797424316,,,,,,
2,,,3139,,,,,,,1.1284323930740356,,,,,,
2,,,3159,,,,,,,0.9388949871063232,,,,,,
2,,,3179,,,,,,,1.041654348373413,,,,,,
2,,,3199,,,,,,,0.9250263571739197,,,,,,
2,,,3219,,,,,,,1.1545066833496094,,,,,,
2,,,3239,,,,,,,0.8653475642204285,,,,,,
2,,,3259,,,,,,,1.0461307764053345,,,,,,
2,,,3279,,,,,,,0.8760413527488708,,,,,,
2,,,3299,,,,,,,0.8170135021209717,,,,,,
2,,,3319,,,,,,,0.9251635074615479,,,,,,
2,,,3339,,,,,,,0.8760710954666138,,,,,,
2,,,3359,,,,,,,0.8272746801376343,,,,,,
2,,,3379,,,,,,,0.8883892297744751,,,,,,
2,,,3399,,,,,,,1.0077646970748901,,,,,,
2,,,3419,,,,,,,0.8425321578979492,,,,,,
2,,,3439,,,,,,,0.86240553855896,,,,,,
2,,,3459,,,,,,,0.7955896854400635,,,,,,
2,,,3479,,,,,,,0.7952840328216553,,,,,,
2,,,3499,,,,,,,0.7481081485748291,,,,,,
2,,,3519,,,,,,,1.0202782154083252,,,,,,
2,,,3539,,,,,,,0.9070286750793457,,,,,,
2,,,3559,,,,,,,0.7470901012420654,,,,,,
2,,,3579,,,,,,,0.9771509766578674,,,,,,
2,,,3599,,,,,,,0.6568371057510376,,,,,,
2,,,3619,,,,,,,0.9021273255348206,,,,,,
2,,,3639,,,,,,,0.8784161806106567,,,,,,
2,,,3659,,,,,,,0.8849980235099792,,,,,,
2,,,3679,,,,,,,0.9084535837173462,,,,,,
2,,,3699,,,,,,,0.7428812980651855,,,,,,
2,,,3719,,,,,,,0.90183424949646,,,,,,
2,,,3739,,,,,,,0.7701590061187744,,,,,,
2,,,3759,,,,,,,0.9067410826683044,,,,,,
2,,,3779,,,,,,,0.8598646521568298,,,,,,
2,,,3799,,,,,,,0.9140967130661011,,,,,,
2,,,3819,,,,,,,0.7814642190933228,,,,,,
2,,,3839,,,,,,,0.7939379215240479,,,,,,
2,,,3859,,,,,,,0.9090497493743896,,,,,,
2,,,3879,,,,,,,0.8258253931999207,,,,,,
2,,,3899,,,,,,,0.9096914529800415,,,,,,
2,,,3919,,,,,,,0.766973614692688,,,,,,
2,,,3939,,,,,,,0.6814471483230591,,,,,,
2,,,3959,,,,,,,0.8480068445205688,,,,,,
2,,,3979,,,,,,,0.8805091381072998,,,,,,
2,,,3999,,,,,,,0.8991137742996216,,,,,,
2,,,4019,,,,,,,0.7917816638946533,,,,,,
2,,,4039,,,,,,,0.8656352758407593,,,,,,
2,,,4059,,,,,,,0.8890719413757324,,,,,,
2,,,4079,,,,,,,0.6605944633483887,,,,,,
2,,,4099,,,,,,,0.9817860126495361,,,,,,
2,,,4119,,,,,,,0.7743796110153198,,,,,,
2,,,4139,,,,,,,0.8340104818344116,,,,,,
2,,,4159,,,,,,,0.7900892496109009,,,,,,
2,,,4179,,,,,,,0.7314072847366333,,,,,,
2,,,4199,,,,,,,1.1806704998016357,,,,,,
2,,,4219,,,,,,,0.8675445318222046,,,,,,
2,,,4239,,,,,,,0.7990468144416809,,,,,,
2,,,4259,,,,,,,0.680010199546814,,,,,,
2,,,4279,,,,,,,0.8440818786621094,,,,,,
2,,,4299,,,,,,,0.8968416452407837,,,,,,
2,,,4304,,,,,,,,0.4037795066833496,0.34798550605773926,11.874606132507324,0.2429438829421997,0.36952364444732666,0.4037795066833496
2,,,4304,,,,,0.6967383623123169,0.9072162508964539,,,,,,,
,4.3522066402714884e-05,4.3522066402714884e-05,4305,,,,,,,,,,,,,
3,,,4319,,,,,,,0.8149044513702393,,,,,,
3,,,4339,,,,,,,0.8151342868804932,,,,,,
3,,,4359,,,,,,,1.1517651081085205,,,,,,
3,,,4379,,,,,,,0.8238686323165894,,,,,,
3,,,4399,,,,,,,0.874419093132019,,,,,,
3,,,4419,,,,,,,0.7222381830215454,,,,,,
3,,,4439,,,,,,,0.7792623043060303,,,,,,
3,,,4459,,,,,,,0.9087477922439575,,,,,,
3,,,4479,,,,,,,0.6938701868057251,,,,,,
3,,,4499,,,,,,,0.9920629262924194,,,,,,
3,,,4519,,,,,,,0.6505354046821594,,,,,,
3,,,4539,,,,,,,0.8739094734191895,,,,,,
3,,,4559,,,,,,,0.8437525033950806,,,,,,
3,,,4579,,,,,,,0.8836109042167664,,,,,,
3,,,4599,,,,,,,0.7140862941741943,,,,,,
3,,,4619,,,,,,,0.8479585647583008,,,,,,
3,,,4639,,,,,,,0.7079006433486938,,,,,,
3,,,4659,,,,,,,0.9852063655853271,,,,,,
3,,,4679,,,,,,,0.9414098262786865,,,,,,
3,,,4699,,,,,,,1.2164031267166138,,,,,,
3,,,4719,,,,,,,0.9306683540344238,,,,,,
3,,,4739,,,,,,,0.930260181427002,,,,,,
3,,,4759,,,,,,,0.8101863861083984,,,,,,
3,,,4779,,,,,,,0.720527708530426,,,,,,
3,,,4799,,,,,,,0.7936093211174011,,,,,,
3,,,4819,,,,,,,0.9245837926864624,,,,,,
3,,,4839,,,,,,,0.7310447096824646,,,,,,
3,,,4859,,,,,,,1.1277735233306885,,,,,,
3,,,4879,,,,,,,0.9498804807662964,,,,,,
3,,,4899,,,,,,,0.9555613994598389,,,,,,
3,,,4919,,,,,,,0.7771091461181641,,,,,,
3,,,4939,,,,,,,0.998597264289856,,,,,,
3,,,4959,,,,,,,0.9241615533828735,,,,,,
3,,,4979,,,,,,,0.782124400138855,,,,,,
3,,,4999,,,,,,,0.8784868717193604,,,,,,
3,,,5019,,,,,,,0.8139400482177734,,,,,,
3,,,5039,,,,,,,0.8145502805709839,,,,,,
3,,,5059,,,,,,,0.8060321807861328,,,,,,
3,,,5079,,,,,,,0.6700983047485352,,,,,,
3,,,5099,,,,,,,0.7716982364654541,,,,,,
3,,,5119,,,,,,,0.8704591989517212,,,,,,
3,,,5139,,,,,,,1.2136095762252808,,,,,,
3,,,5159,,,,,,,0.788658618927002,,,,,,
3,,,5179,,,,,,,0.9288535118103027,,,,,,
3,,,5199,,,,,,,0.9170680642127991,,,,,,
3,,,5219,,,,,,,0.7540814876556396,,,,,,
3,,,5239,,,,,,,0.9236229658126831,,,,,,
3,,,5259,,,,,,,0.9575425386428833,,,,,,
3,,,5279,,,,,,,1.0269646644592285,,,,,,
3,,,5299,,,,,,,0.8054794073104858,,,,,,
3,,,5319,,,,,,,0.6906082630157471,,,,,,
3,,,5339,,,,,,,0.8311222791671753,,,,,,
3,,,5359,,,,,,,0.6721218824386597,,,,,,
3,,,5379,,,,,,,0.794366717338562,,,,,,
3,,,5399,,,,,,,0.9259818196296692,,,,,,
3,,,5419,,,,,,,0.7433353662490845,,,,,,
3,,,5439,,,,,,,1.1485323905944824,,,,,,
3,,,5459,,,,,,,0.7146985530853271,,,,,,
3,,,5479,,,,,,,0.8985841274261475,,,,,,
3,,,5499,,,,,,,0.9775166511535645,,,,,,
3,,,5519,,,,,,,0.9530500769615173,,,,,,
3,,,5539,,,,,,,0.7520097494125366,,,,,,
3,,,5559,,,,,,,0.8316422700881958,,,,,,
3,,,5579,,,,,,,0.8612706065177917,,,,,,
3,,,5599,,,,,,,0.7099063396453857,,,,,,
3,,,5619,,,,,,,0.9390460252761841,,,,,,
3,,,5639,,,,,,,0.7971908450126648,,,,,,
3,,,5659,,,,,,,0.8014799356460571,,,,,,
3,,,5679,,,,,,,1.1201856136322021,,,,,,
3,,,5699,,,,,,,0.9648830890655518,,,,,,
3,,,5719,,,,,,,0.7533007264137268,,,,,,
3,,,5739,,,,,,,0.7909215688705444,,,,,,
3,,,5739,,,,,,,,0.3809446096420288,0.3304062783718109,10.89865779876709,0.2192697823047638,0.3708234429359436,0.3809446096420288
3,,,5739,,,,,0.7127177715301514,0.8552072644233704,,,,,,,
,5.802942187028652e-05,5.802942187028652e-05,5740,,,,,,,,,,,,,
4,,,5759,,,,,,,0.6306434869766235,,,,,,
4,,,5779,,,,,,,1.033101201057434,,,,,,
4,,,5799,,,,,,,0.8371416330337524,,,,,,
4,,,5819,,,,,,,0.8418946862220764,,,,,,
4,,,5839,,,,,,,0.8548387885093689,,,,,,
4,,,5859,,,,,,,0.9321003556251526,,,,,,
4,,,5879,,,,,,,0.980005145072937,,,,,,
4,,,5899,,,,,,,0.8234221935272217,,,,,,
4,,,5919,,,,,,,0.8995539546012878,,,,,,
4,,,5939,,,,,,,0.6644980907440186,,,,,,
4,,,5959,,,,,,,0.8403830528259277,,,,,,
4,,,5979,,,,,,,0.9015322923660278,,,,,,
4,,,5999,,,,,,,0.7052531242370605,,,,,,
4,,,6019,,,,,,,1.0572974681854248,,,,,,
4,,,6039,,,,,,,0.7463434338569641,,,,,,
4,,,6059,,,,,,,0.8018225431442261,,,,,,
4,,,6079,,,,,,,0.8629933595657349,,,,,,
4,,,6099,,,,,,,0.846030056476593,,,,,,
4,,,6119,,,,,,,0.8020358681678772,,,,,,
4,,,6139,,,,,,,1.079695224761963,,,,,,
4,,,6159,,,,,,,0.956118643283844,,,,,,
4,,,6179,,,,,,,0.8892177939414978,,,,,,
4,,,6199,,,,,,,0.7447368502616882,,,,,,
4,,,6219,,,,,,,0.812598466873169,,,,,,
4,,,6239,,,,,,,0.787905216217041,,,,,,
4,,,6259,,,,,,,0.8565164804458618,,,,,,
4,,,6279,,,,,,,0.784241259098053,,,,,,
4,,,6299,,,,,,,1.1960725784301758,,,,,,
4,,,6319,,,,,,,0.7490559816360474,,,,,,
4,,,6339,,,,,,,0.6863632202148438,,,,,,
4,,,6359,,,,,,,0.6756876707077026,,,,,,
4,,,6379,,,,,,,0.7891007661819458,,,,,,
4,,,6399,,,,,,,0.7634371519088745,,,,,,
4,,,6419,,,,,,,0.832008957862854,,,,,,
4,,,6439,,,,,,,0.8287898302078247,,,,,,
4,,,6459,,,,,,,0.8622333407402039,,,,,,
4,,,6479,,,,,,,0.785088300704956,,,,,,
4,,,6499,,,,,,,0.7963712811470032,,,,,,
4,,,6519,,,,,,,0.7543915510177612,,,,,,
4,,,6539,,,,,,,0.8736062049865723,,,,,,
4,,,6559,,,,,,,1.0117402076721191,,,,,,
4,,,6579,,,,,,,0.6964998245239258,,,,,,
4,,,6599,,,,,,,0.9305598735809326,,,,,,
4,,,6619,,,,,,,1.1078951358795166,,,,,,
4,,,6639,,,,,,,1.0215423107147217,,,,,,
4,,,6659,,,,,,,0.98980712890625,,,,,,
4,,,6679,,,,,,,0.8934687376022339,,,,,,
4,,,6699,,,,,,,0.9672726392745972,,,,,,
4,,,6719,,,,,,,0.8262907266616821,,,,,,
4,,,6739,,,,,,,0.792942464351654,,,,,,
4,,,6759,,,,,,,1.032943606376648,,,,,,
4,,,6779,,,,,,,1.013103723526001,,,,,,
4,,,6799,,,,,,,1.0634392499923706,,,,,,
4,,,6819,,,,,,,1.105125904083252,,,,,,
4,,,6839,,,,,,,1.0044515132904053,,,,,,
4,,,6859,,,,,,,0.8085653781890869,,,,,,
4,,,6879,,,,,,,0.8633322715759277,,,,,,
4,,,6899,,,,,,,0.8202121257781982,,,,,,
4,,,6919,,,,,,,1.0221331119537354,,,,,,
4,,,6939,,,,,,,1.0665814876556396,,,,,,
4,,,6959,,,,,,,0.8961759805679321,,,,,,
4,,,6979,,,,,,,0.8038082122802734,,,,,,
4,,,6999,,,,,,,0.8540283441543579,,,,,,
4,,,7019,,,,,,,1.2395459413528442,,,,,,
4,,,7039,,,,,,,0.9580249786376953,,,,,,
4,,,7059,,,,,,,0.9421674013137817,,,,,,
4,,,7079,,,,,,,1.0296118259429932,,,,,,
4,,,7099,,,,,,,0.7516919374465942,,,,,,
4,,,7119,,,,,,,0.7554048299789429,,,,,,
4,,,7139,,,,,,,0.6568807363510132,,,,,,
4,,,7159,,,,,,,0.7444111704826355,,,,,,
4,,,7174,,,,,,,,0.35325512290000916,0.282299280166626,11.05863094329834,0.17260225117206573,0.3424595892429352,0.35325512290000916
4,,,7174,,,,,0.7188392877578735,0.8423682451248169,,,,,,,
,7.253677733785814e-05,7.253677733785814e-05,7175,,,,,,,,,,,,,
5,,,7179,,,,,,,1.186264991760254,,,,,,
5,,,7199,,,,,,,0.9951747059822083,,,,,,
5,,,7219,,,,,,,0.8418607711791992,,,,,,
5,,,7239,,,,,,,1.0849721431732178,,,,,,
5,,,7259,,,,,,,0.8390160202980042,,,,,,
5,,,7279,,,,,,,0.9943689107894897,,,,,,
5,,,7299,,,,,,,0.9118598699569702,,,,,,
5,,,7319,,,,,,,0.7885481119155884,,,,,,
5,,,7339,,,,,,,0.7878904938697815,,,,,,
5,,,7359,,,,,,,0.8585255146026611,,,,,,
5,,,7379,,,,,,,1.0025393962860107,,,,,,
5,,,7399,,,,,,,0.7874675989151001,,,,,,
5,,,7419,,,,,,,0.8390160202980042,,,,,,
5,,,7439,,,,,,,0.8665351271629333,,,,,,
5,,,7459,,,,,,,0.8446907997131348,,,,,,
5,,,7479,,,,,,,0.9149020910263062,,,,,,
5,,,7499,,,,,,,0.960771918296814,,,,,,
5,,,7519,,,,,,,0.8708257675170898,,,,,,
5,,,7539,,,,,,,0.8439586162567139,,,,,,
5,,,7559,,,,,,,1.2492491006851196,,,,,,
5,,,7579,,,,,,,0.882402241230011,,,,,,
5,,,7599,,,,,,,0.8730916976928711,,,,,,
5,,,7619,,,,,,,0.7346314191818237,,,,,,
5,,,7639,,,,,,,0.8424804210662842,,,,,,
5,,,7659,,,,,,,0.641728401184082,,,,,,
5,,,7679,,,,,,,0.7531105279922485,,,,,,
5,,,7699,,,,,,,0.7514725923538208,,,,,,
5,,,7719,,,,,,,0.7938694953918457,,,,,,
5,,,7739,,,,,,,0.7512916326522827,,,,,,
5,,,7759,,,,,,,0.8393551111221313,,,,,,
5,,,7779,,,,,,,0.7443592548370361,,,,,,
5,,,7799,,,,,,,0.7421571016311646,,,,,,
5,,,7819,,,,,,,1.0260425806045532,,,,,,
5,,,7839,,,,,,,0.6940009593963623,,,,,,
5,,,7859,,,,,,,0.6451512575149536,,,,,,
5,,,7879,,,,,,,0.8333616256713867,,,,,,
5,,,7899,,,,,,,0.7150439023971558,,,,,,
5,,,7919,,,,,,,0.9020233750343323,,,,,,
5,,,7939,,,,,,,0.7749740481376648,,,,,,
5,,,7959,,,,,,,0.9075522422790527,,,,,,
5,,,7979,,,,,,,0.7742632627487183,,,,,,
5,,,7999,,,,,,,0.7451205849647522,,,,,,
5,,,8019,,,,,,,0.841495156288147,,,,,,
5,,,8039,,,,,,,0.9304972290992737,,,,,,
5,,,8059,,,,,,,0.7071382999420166,,,,,,
5,,,8079,,,,,,,0.7642239332199097,,,,,,
5,,,8099,,,,,,,0.8165140151977539,,,,,,
5,,,8119,,,,,,,0.6837474703788757,,,,,,
5,,,8139,,,,,,,0.7511990070343018,,,,,,
5,,,8159,,,,,,,0.8478273153305054,,,,,,
5,,,8179,,,,,,,0.9594310522079468,,,,,,
5,,,8199,,,,,,,0.7516363859176636,,,,,,
5,,,8219,,,,,,,0.8546891212463379,,,,,,
5,,,8239,,,,,,,0.9399692416191101,,,,,,
5,,,8259,,,,,,,0.8414736986160278,,,,,,
5,,,8279,,,,,,,0.7458940744400024,,,,,,
5,,,8299,,,,,,,0.9171141386032104,,,,,,
5,,,8319,,,,,,,0.7147356271743774,,,,,,
5,,,8339,,,,,,,1.076191782951355,,,,,,
5,,,8359,,,,,,,0.6908010840415955,,,,,,
5,,,8379,,,,,,,0.6786044836044312,,,,,,
5,,,8399,,,,,,,0.7342703938484192,,,,,,
5,,,8419,,,,,,,0.7568825483322144,,,,,,
5,,,8439,,,,,,,0.9378756284713745,,,,,,
5,,,8459,,,,,,,0.8863658308982849,,,,,,
5,,,8479,,,,,,,0.7309080958366394,,,,,,
5,,,8499,,,,,,,0.833629846572876,,,,,,
5,,,8519,,,,,,,0.7170655727386475,,,,,,
5,,,8539,,,,,,,0.8203202486038208,,,,,,
5,,,8559,,,,,,,0.8488327264785767,,,,,,
5,,,8579,,,,,,,0.9737845063209534,,,,,,
5,,,8599,,,,,,,0.679776668548584,,,,,,
5,,,8609,,,,,,,,0.3989315629005432,0.3388293385505676,10.70495319366455,0.23562751710414886,0.366171658039093,0.3989315629005432
5,,,8609,,,,,0.7223217487335205,0.8371798396110535,,,,,,,
,8.704413280542977e-05,8.704413280542977e-05,8610,,,,,,,,,,,,,
6,,,8619,,,,,,,1.1945654153823853,,,,,,
6,,,8639,,,,,,,0.8048785924911499,,,,,,
6,,,8659,,,,,,,0.8930896520614624,,,,,,
6,,,8679,,,,,,,0.973529577255249,,,,,,
6,,,8699,,,,,,,0.9285274147987366,,,,,,
6,,,8719,,,,,,,0.8466960191726685,,,,,,
6,,,8739,,,,,,,1.1759098768234253,,,,,,
6,,,8759,,,,,,,0.6991207003593445,,,,,,
6,,,8779,,,,,,,0.8458435535430908,,,,,,
6,,,8799,,,,,,,0.7095617651939392,,,,,,
6,,,8819,,,,,,,0.8017823696136475,,,,,,
6,,,8839,,,,,,,0.7536927461624146,,,,,,
6,,,8859,,,,,,,1.466421127319336,,,,,,
6,,,8879,,,,,,,0.758156955242157,,,,,,
6,,,8899,,,,,,,0.6477922201156616,,,,,,
6,,,8919,,,,,,,0.7030284404754639,,,,,,
6,,,8939,,,,,,,0.7828251123428345,,,,,,
6,,,8959,,,,,,,0.9906530976295471,,,,,,
6,,,8979,,,,,,,0.792275071144104,,,,,,
6,,,8999,,,,,,,0.7529119253158569,,,,,,
6,,,9019,,,,,,,0.9794132113456726,,,,,,
6,,,9039,,,,,,,0.8113840818405151,,,,,,
6,,,9059,,,,,,,0.7265318036079407,,,,,,
6,,,9079,,,,,,,0.9016999006271362,,,,,,
6,,,9099,,,,,,,0.8023594617843628,,,,,,
6,,,9119,,,,,,,0.8232706785202026,,,,,,
6,,,9139,,,,,,,0.7822463512420654,,,,,,
6,,,9159,,,,,,,0.7545392513275146,,,,,,
6,,,9179,,,,,,,0.8258075714111328,,,,,,
6,,,9199,,,,,,,0.8029080629348755,,,,,,
6,,,9219,,,,,,,0.6245046257972717,,,,,,
6,,,9239,,,,,,,0.9631068706512451,,,,,,
6,,,9259,,,,,,,0.7242221236228943,,,,,,
6,,,9279,,,,,,,0.6958650946617126,,,,,,
6,,,9299,,,,,,,0.6903746724128723,,,,,,
6,,,9319,,,,,,,0.7438012957572937,,,,,,
6,,,9339,,,,,,,0.7005094885826111,,,,,,
6,,,9359,,,,,,,0.7676544785499573,,,,,,
6,,,9379,,,,,,,0.9917871952056885,,,,,,
6,,,9399,,,,,,,0.8986653685569763,,,,,,
6,,,9419,,,,,,,0.7816475629806519,,,,,,
6,,,9439,,,,,,,0.7923622727394104,,,,,,
6,,,9459,,,,,,,0.8553398847579956,,,,,,
6,,,9479,,,,,,,0.9848757386207581,,,,,,
6,,,9499,,,,,,,0.8255675435066223,,,,,,
6,,,9519,,,,,,,0.8602683544158936,,,,,,
6,,,9539,,,,,,,0.8814971446990967,,,,,,
6,,,9559,,,,,,,1.0266156196594238,,,,,,
6,,,9579,,,,,,,0.9648160338401794,,,,,,
6,,,9599,,,,,,,0.7248169183731079,,,,,,
6,,,9619,,,,,,,0.7628505229949951,,,,,,
6,,,9639,,,,,,,0.8801966309547424,,,,,,
6,,,9659,,,,,,,0.8004894256591797,,,,,,
6,,,9679,,,,,,,0.6062191128730774,,,,,,
6,,,9699,,,,,,,1.095346212387085,,,,,,
6,,,9719,,,,,,,0.9567824602127075,,,,,,
6,,,9739,,,,,,,0.9701524376869202,,,,,,
6,,,9759,,,,,,,0.8960329294204712,,,,,,
6,,,9779,,,,,,,0.7846739292144775,,,,,,
6,,,9799,,,,,,,1.2100995779037476,,,,,,
6,,,9819,,,,,,,0.9226629734039307,,,,,,
6,,,9839,,,,,,,0.6515696048736572,,,,,,
6,,,9859,,,,,,,1.232932448387146,,,,,,
6,,,9879,,,,,,,0.7343888878822327,,,,,,
6,,,9899,,,,,,,0.8587651252746582,,,,,,
6,,,9919,,,,,,,0.9277602434158325,,,,,,
6,,,9939,,,,,,,0.8016705513000488,,,,,,
6,,,9959,,,,,,,0.6318814754486084,,,,,,
6,,,9979,,,,,,,0.9382518529891968,,,,,,
6,,,9999,,,,,,,0.9158119559288025,,,,,,
6,,,10019,,,,,,,1.04721999168396,,,,,,
6,,,10039,,,,,,,0.8178972005844116,,,,,,
6,,,10044,,,,,,,,0.40089595317840576,0.3476349711418152,12.750021934509277,0.23062844574451447,0.3394080698490143,0.40089595317840576
6,,,10044,,,,,0.7241939306259155,0.8362414240837097,,,,,,,
,0.0001015514882730014,0.0001015514882730014,10045,,,,,,,,,,,,,
7,,,10059,,,,,,,0.7152436971664429,,,,,,
7,,,10079,,,,,,,0.8155419826507568,,,,,,
7,,,10099,,,,,,,0.7117480039596558,,,,,,
7,,,10119,,,,,,,0.575200080871582,,,,,,
7,,,10139,,,,,,,1.2818348407745361,,,,,,
7,,,10159,,,,,,,0.7875021696090698,,,,,,
7,,,10179,,,,,,,1.1076796054840088,,,,,,
7,,,10199,,,,,,,0.9423872232437134,,,,,,
7,,,10219,,,,,,,0.9148056507110596,,,,,,
7,,,10239,,,,,,,0.8187520503997803,,,,,,
7,,,10259,,,,,,,0.8059695959091187,,,,,,
7,,,10279,,,,,,,0.7383365035057068,,,,,,
7,,,10299,,,,,,,0.9564862251281738,,,,,,
7,,,10319,,,,,,,0.7204827070236206,,,,,,
7,,,10339,,,,,,,0.7476164698600769,,,,,,
7,,,10359,,,,,,,0.8191668391227722,,,,,,
7,,,10379,,,,,,,0.9198911786079407,,,,,,
7,,,10399,,,,,,,0.771950900554657,,,,,,
7,,,10419,,,,,,,0.7733955383300781,,,,,,
7,,,10439,,,,,,,0.9544240236282349,,,,,,
7,,,10459,,,,,,,0.8069150447845459,,,,,,
7,,,10479,,,,,,,0.746666431427002,,,,,,
7,,,10499,,,,,,,0.9024592638015747,,,,,,
7,,,10519,,,,,,,0.8138430118560791,,,,,,
7,,,10539,,,,,,,0.9738717675209045,,,,,,
7,,,10559,,,,,,,0.8870733976364136,,,,,,
7,,,10579,,,,,,,0.9647551774978638,,,,,,
7,,,10599,,,,,,,0.8932599425315857,,,,,,
7,,,10619,,,,,,,1.2229808568954468,,,,,,
7,,,10639,,,,,,,0.706950306892395,,,,,,
7,,,10659,,,,,,,0.6784695386886597,,,,,,
7,,,10679,,,,,,,0.7923900485038757,,,,,,
7,,,10699,,,,,,,0.7541347742080688,,,,,,
7,,,10719,,,,,,,0.8299909234046936,,,,,,
7,,,10739,,,,,,,0.9157841801643372,,,,,,
7,,,10759,,,,,,,0.9428664445877075,,,,,,
7,,,10779,,,,,,,0.9720924496650696,,,,,,
7,,,10799,,,,,,,0.6862196326255798,,,,,,
7,,,10819,,,,,,,0.8769127726554871,,,,,,
7,,,10839,,,,,,,0.750343382358551,,,,,,
7,,,10859,,,,,,,0.7820290923118591,,,,,,
7,,,10879,,,,,,,0.8642810583114624,,,,,,
7,,,10899,,,,,,,0.9843836426734924,,,,,,
7,,,10919,,,,,,,0.889041543006897,,,,,,
7,,,10939,,,,,,,0.8927744626998901,,,,,,
7,,,10959,,,,,,,0.699310302734375,,,,,,
7,,,10979,,,,,,,0.7632917165756226,,,,,,
7,,,10999,,,,,,,0.8552395701408386,,,,,,
7,,,11019,,,,,,,0.7504317164421082,,,,,,
7,,,11039,,,,,,,0.7200460433959961,,,,,,
7,,,11059,,,,,,,0.8300575613975525,,,,,,
7,,,11079,,,,,,,1.0160492658615112,,,,,,
7,,,11099,,,,,,,0.6485934853553772,,,,,,
7,,,11119,,,,,,,0.8631245493888855,,,,,,
7,,,11139,,,,,,,0.6786834001541138,,,,,,
7,,,11159,,,,,,,0.8455111980438232,,,,,,
7,,,11179,,,,,,,0.6451306343078613,,,,,,
7,,,11199,,,,,,,0.9232658743858337,,,,,,
7,,,11219,,,,,,,0.7329834699630737,,,,,,
7,,,11239,,,,,,,0.8009445667266846,,,,,,
7,,,11259,,,,,,,0.7662134170532227,,,,,,
7,,,11279,,,,,,,0.6164662837982178,,,,,,
7,,,11299,,,,,,,0.6625973582267761,,,,,,
7,,,11319,,,,,,,0.876615583896637,,,,,,
7,,,11339,,,,,,,0.6963260173797607,,,,,,
7,,,11359,,,,,,,0.8892884254455566,,,,,,
7,,,11379,,,,,,,0.7638700008392334,,,,,,
7,,,11399,,,,,,,0.6583654880523682,,,,,,
7,,,11419,,,,,,,0.8746308088302612,,,,,,
7,,,11439,,,,,,,0.7651112079620361,,,,,,
7,,,11459,,,,,,,1.031139612197876,,,,,,
7,,,11479,,,,,,,0.685359537601471,,,,,,
7,,,11479,,,,,,,,0.37815386056900024,0.3323093056678772,11.659414291381836,0.20954324305057526,0.3516526222229004,0.37815386056900024
7,,,11479,,,,,0.7284203767776489,0.8307409882545471,,,,,,,
,0.00011605884374057303,0.00011605884374057303,11480,,,,,,,,,,,,,
8,,,11499,,,,,,,0.6208783984184265,,,,,,
8,,,11519,,,,,,,0.8417214155197144,,,,,,
8,,,11539,,,,,,,0.901547908782959,,,,,,
8,,,11559,,,,,,,0.993889331817627,,,,,,
8,,,11579,,,,,,,1.0179195404052734,,,,,,
8,,,11599,,,,,,,0.7939032316207886,,,,,,
8,,,11619,,,,,,,0.8743239045143127,,,,,,
8,,,11639,,,,,,,0.6092584729194641,,,,,,
8,,,11659,,,,,,,0.7857212424278259,,,,,,
8,,,11679,,,,,,,0.8184741735458374,,,,,,
8,,,11699,,,,,,,0.7146759033203125,,,,,,
8,,,11719,,,,,,,0.7238798141479492,,,,,,
8,,,11739,,,,,,,0.832854151725769,,,,,,
8,,,11759,,,,,,,0.7003908157348633,,,,,,
8,,,11779,,,,,,,0.7820713520050049,,,,,,
8,,,11799,,,,,,,0.7356839179992676,,,,,,
8,,,11819,,,,,,,0.773317277431488,,,,,,
8,,,11839,,,,,,,0.7265944480895996,,,,,,
8,,,11859,,,,,,,0.682831346988678,,,,,,
8,,,11879,,,,,,,0.7655307054519653,,,,,,
8,,,11899,,,,,,,0.7534229159355164,,,,,,
8,,,11919,,,,,,,0.9407929182052612,,,,,,
8,,,11939,,,,,,,0.7787003517150879,,,,,,
8,,,11959,,,,,,,0.7736509442329407,,,,,,
8,,,11979,,,,,,,1.1759917736053467,,,,,,
8,,,11999,,,,,,,1.0473802089691162,,,,,,
8,,,12019,,,,,,,0.9342139959335327,,,,,,
8,,,12039,,,,,,,0.7351865768432617,,,,,,
8,,,12059,,,,,,,0.9458625316619873,,,,,,
8,,,12079,,,,,,,0.7931001782417297,,,,,,
8,,,12099,,,,,,,0.7234646081924438,,,,,,
8,,,12119,,,,,,,0.7560179829597473,,,,,,
8,,,12139,,,,,,,0.9421097636222839,,,,,,
8,,,12159,,,,,,,0.8362321257591248,,,,,,
8,,,12179,,,,,,,0.7813147902488708,,,,,,
8,,,12199,,,,,,,0.7225346565246582,,,,,,
8,,,12219,,,,,,,0.9154897928237915,,,,,,
8,,,12239,,,,,,,0.8042141199111938,,,,,,
8,,,12259,,,,,,,0.7343167066574097,,,,,,
8,,,12279,,,,,,,0.8834123611450195,,,,,,
8,,,12299,,,,,,,0.929744303226471,,,,,,
8,,,12319,,,,,,,0.7918692827224731,,,,,,
8,,,12339,,,,,,,1.0150487422943115,,,,,,
8,,,12359,,,,,,,0.7072818279266357,,,,,,
8,,,12379,,,,,,,0.6864547729492188,,,,,,
8,,,12399,,,,,,,0.8753320574760437,,,,,,
8,,,12419,,,,,,,0.8059839010238647,,,,,,
8,,,12439,,,,,,,0.6548058986663818,,,,,,
8,,,12459,,,,,,,0.7109428644180298,,,,,,
8,,,12479,,,,,,,0.6052882671356201,,,,,,
8,,,12499,,,,,,,0.7563291788101196,,,,,,
8,,,12519,,,,,,,0.778110921382904,,,,,,
8,,,12539,,,,,,,0.8161423206329346,,,,,,
8,,,12559,,,,,,,0.8784192800521851,,,,,,
8,,,12579,,,,,,,0.8148429989814758,,,,,,
8,,,12599,,,,,,,0.8959081172943115,,,,,,
8,,,12619,,,,,,,0.8781059980392456,,,,,,
8,,,12639,,,,,,,0.7382913827896118,,,,,,
8,,,12659,,,,,,,0.7704965472221375,,,,,,
8,,,12679,,,,,,,0.7929968237876892,,,,,,
8,,,12699,,,,,,,0.7162765264511108,,,,,,
8,,,12719,,,,,,,0.6443221569061279,,,,,,
8,,,12739,,,,,,,0.7098956108093262,,,,,,
8,,,12759,,,,,,,0.8530661463737488,,,,,,
8,,,12779,,,,,,,0.9063095450401306,,,,,,
8,,,12799,,,,,,,0.8895841836929321,,,,,,
8,,,12819,,,,,,,0.8964476585388184,,,,,,
8,,,12839,,,,,,,0.6550920605659485,,,,,,
8,,,12859,,,,,,,0.8165111541748047,,,,,,
8,,,12879,,,,,,,1.074855923652649,,,,,,
8,,,12899,,,,,,,0.7160553932189941,,,,,,
8,,,12914,,,,,,,,0.41473567485809326,0.34168875217437744,11.753058433532715,0.25042033195495605,0.3673681616783142,0.41473567485809326
8,,,12914,,,,,0.7324270009994507,0.82127845287323,,,,,,,
,0.00013056619920814467,0.00013056619920814467,12915,,,,,,,,,,,,,
9,,,12919,,,,,,,0.9937518835067749,,,,,,
9,,,12939,,,,,,,0.800757646560669,,,,,,
9,,,12959,,,,,,,0.7928835153579712,,,,,,
9,,,12979,,,,,,,0.8606433868408203,,,,,,
9,,,12999,,,,,,,0.7142000198364258,,,,,,
9,,,13019,,,,,,,0.8786261081695557,,,,,,
9,,,13039,,,,,,,0.779547929763794,,,,,,
9,,,13059,,,,,,,0.9005575180053711,,,,,,
9,,,13079,,,,,,,0.7926840782165527,,,,,,
9,,,13099,,,,,,,0.714434027671814,,,,,,
9,,,13119,,,,,,,0.7954809665679932,,,,,,
9,,,13139,,,,,,,0.6646863222122192,,,,,,
9,,,13159,,,,,,,0.8684988021850586,,,,,,
9,,,13179,,,,,,,0.7263708114624023,,,,,,
9,,,13199,,,,,,,0.705945611000061,,,,,,
9,,,13219,,,,,,,0.8312463164329529,,,,,,
9,,,13239,,,,,,,0.7841292023658752,,,,,,
9,,,13259,,,,,,,0.7650269865989685,,,,,,
9,,,13279,,,,,,,0.8811081051826477,,,,,,
9,,,13299,,,,,,,0.8991608619689941,,,,,,
9,,,13319,,,,,,,0.91294264793396,,,,,,
9,,,13339,,,,,,,0.9437565207481384,,,,,,
9,,,13359,,,,,,,0.6296619176864624,,,,,,
9,,,13379,,,,,,,1.0799598693847656,,,,,,
9,,,13399,,,,,,,0.8303369879722595,,,,,,
9,,,13419,,,,,,,0.7468934059143066,,,,,,
9,,,13439,,,,,,,0.9305589199066162,,,,,,
9,,,13459,,,,,,,1.047863483428955,,,,,,
9,,,13479,,,,,,,0.8943896889686584,,,,,,
9,,,13499,,,,,,,0.7176370024681091,,,,,,
9,,,13519,,,,,,,0.9084284901618958,,,,,,
9,,,13539,,,,,,,0.8593899607658386,,,,,,
9,,,13559,,,,,,,0.5950551629066467,,,,,,
9,,,13579,,,,,,,0.6586024761199951,,,,,,
9,,,13599,,,,,,,0.6836420297622681,,,,,,
9,,,13619,,,,,,,0.6973424553871155,,,,,,
9,,,13639,,,,,,,1.1925292015075684,,,,,,
9,,,13659,,,,,,,0.8379687070846558,,,,,,
9,,,13679,,,,,,,0.9685753583908081,,,,,,
9,,,13699,,,,,,,0.7002124786376953,,,,,,
9,,,13719,,,,,,,0.7653862237930298,,,,,,
9,,,13739,,,,,,,0.8329745531082153,,,,,,
9,,,13759,,,,,,,0.8717299699783325,,,,,,
9,,,13779,,,,,,,0.8082916736602783,,,,,,
9,,,13799,,,,,,,0.855842113494873,,,,,,
9,,,13819,,,,,,,0.7657456398010254,,,,,,
9,,,13839,,,,,,,0.7341023683547974,,,,,,
9,,,13859,,,,,,,0.8765794634819031,,,,,,
9,,,13879,,,,,,,0.7336744666099548,,,,,,
9,,,13899,,,,,,,0.6918413639068604,,,,,,
9,,,13919,,,,,,,0.695166289806366,,,,,,
9,,,13939,,,,,,,0.9885344505310059,,,,,,
9,,,13959,,,,,,,0.6798286437988281,,,,,,
9,,,13979,,,,,,,0.8151238560676575,,,,,,
9,,,13999,,,,,,,0.7925574779510498,,,,,,
9,,,14019,,,,,,,0.6760681867599487,,,,,,
9,,,14039,,,,,,,0.6923457980155945,,,,,,
9,,,14059,,,,,,,0.736562967300415,,,,,,
9,,,14079,,,,,,,0.6266979575157166,,,,,,
9,,,14099,,,,,,,0.6665893793106079,,,,,,
9,,,14119,,,,,,,0.9270234704017639,,,,,,
9,,,14139,,,,,,,0.9261388182640076,,,,,,
9,,,14159,,,,,,,0.8190642595291138,,,,,,
9,,,14179,,,,,,,0.7260380983352661,,,,,,
9,,,14199,,,,,,,0.7297977805137634,,,,,,
9,,,14219,,,,,,,0.6023248434066772,,,,,,
9,,,14239,,,,,,,0.9147422909736633,,,,,,
9,,,14259,,,,,,,0.7815228700637817,,,,,,
9,,,14279,,,,,,,0.8293978571891785,,,,,,
9,,,14299,,,,,,,0.7665441036224365,,,,,,
9,,,14319,,,,,,,0.7808042168617249,,,,,,
9,,,14339,,,,,,,0.9632447957992554,,,,,,
9,,,14349,,,,,,,,0.3903220295906067,0.33768656849861145,10.878499984741211,0.23129355907440186,0.3746016025543213,0.3903220295906067
9,,,14349,,,,,0.733035683631897,0.8216245770454407,,,,,,,
,0.00014507355467571629,0.00014507355467571629,14350,,,,,,,,,,,,,
10,,,14359,,,,,,,1.1997096538543701,,,,,,
10,,,14379,,,,,,,0.7777512073516846,,,,,,
10,,,14399,,,,,,,0.745150625705719,,,,,,
10,,,14419,,,,,,,0.688590407371521,,,,,,
10,,,14439,,,,,,,0.6234042644500732,,,,,,
10,,,14459,,,,,,,0.7622576951980591,,,,,,
10,,,14479,,,,,,,0.8421666622161865,,,,,,
10,,,14499,,,,,,,0.7143265008926392,,,,,,
10,,,14519,,,,,,,0.7644758224487305,,,,,,
10,,,14539,,,,,,,0.7801663875579834,,,,,,
10,,,14559,,,,,,,0.9179018139839172,,,,,,
10,,,14579,,,,,,,0.7533998489379883,,,,,,
10,,,14599,,,,,,,0.9925358295440674,,,,,,
10,,,14619,,,,,,,0.8779398202896118,,,,,,
10,,,14639,,,,,,,0.6495606899261475,,,,,,
10,,,14659,,,,,,,0.870766282081604,,,,,,
10,,,14679,,,,,,,0.6626421809196472,,,,,,
10,,,14699,,,,,,,0.9447692036628723,,,,,,
10,,,14719,,,,,,,0.8906135559082031,,,,,,
10,,,14739,,,,,,,0.6965758800506592,,,,,,
10,,,14759,,,,,,,0.8378686904907227,,,,,,
10,,,14779,,,,,,,1.1011848449707031,,,,,,
10,,,14799,,,,,,,0.7503308057785034,,,,,,
10,,,14819,,,,,,,0.7622656226158142,,,,,,
10,,,14839,,,,,,,0.8128286600112915,,,,,,
10,,,14859,,,,,,,1.3619602918624878,,,,,,
10,,,14879,,,,,,,0.5741146802902222,,,,,,
10,,,14899,,,,,,,0.8154861927032471,,,,,,
10,,,14919,,,,,,,0.8433706760406494,,,,,,
10,,,14939,,,,,,,0.9053888320922852,,,,,,
10,,,14959,,,,,,,0.7902233600616455,,,,,,
10,,,14979,,,,,,,0.7634013891220093,,,,,,
10,,,14999,,,,,,,0.812900960445404,,,,,,
10,,,15019,,,,,,,0.7540067434310913,,,,,,
10,,,15039,,,,,,,0.7971372604370117,,,,,,
10,,,15059,,,,,,,0.8034879565238953,,,,,,
10,,,15079,,,,,,,0.6717981100082397,,,,,,
10,,,15099,,,,,,,0.8642538785934448,,,,,,
10,,,15119,,,,,,,0.7767950296401978,,,,,,
10,,,15139,,,,,,,0.607576847076416,,,,,,
10,,,15159,,,,,,,0.8805619478225708,,,,,,
10,,,15179,,,,,,,0.5263826251029968,,,,,,
10,,,15199,,,,,,,1.029867172241211,,,,,,
10,,,15219,,,,,,,0.7365562915802002,,,,,,
10,,,15239,,,,,,,0.7662544250488281,,,,,,
10,,,15259,,,,,,,0.7843592166900635,,,,,,
10,,,15279,,,,,,,0.7909979820251465,,,,,,
10,,,15299,,,,,,,0.704235315322876,,,,,,
10,,,15319,,,,,,,0.7838767766952515,,,,,,
10,,,15339,,,,,,,0.7118604183197021,,,,,,
10,,,15359,,,,,,,0.8055238723754883,,,,,,
10,,,15379,,,,,,,0.8032147288322449,,,,,,
10,,,15399,,,,,,,0.5872107744216919,,,,,,
10,,,15419,,,,,,,0.7299668788909912,,,,,,
10,,,15439,,,,,,,0.7366318106651306,,,,,,
10,,,15459,,,,,,,0.9624148011207581,,,,,,
10,,,15479,,,,,,,1.2213590145111084,,,,,,
10,,,15499,,,,,,,0.7642913460731506,,,,,,
10,,,15519,,,,,,,0.8586410880088806,,,,,,
10,,,15539,,,,,,,0.8336817026138306,,,,,,
10,,,15559,,,,,,,0.7016565799713135,,,,,,
10,,,15579,,,,,,,0.9318853616714478,,,,,,
10,,,15599,,,,,,,0.6671574115753174,,,,,,
10,,,15619,,,,,,,0.9384779930114746,,,,,,
10,,,15639,,,,,,,0.9788533449172974,,,,,,
10,,,15659,,,,,,,0.9383262395858765,,,,,,
10,,,15679,,,,,,,0.6418518424034119,,,,,,
10,,,15699,,,,,,,0.8289332985877991,,,,,,
10,,,15719,,,,,,,0.6287915706634521,,,,,,
10,,,15739,,,,,,,0.6826426982879639,,,,,,
10,,,15759,,,,,,,0.7663798332214355,,,,,,
10,,,15779,,,,,,,0.8839496374130249,,,,,,
10,,,15784,,,,,,,,0.39979487657546997,0.336134672164917,12.038432121276855,0.22836707532405853,0.3413282632827759,0.39979487657546997
10,,,15784,,,,,0.7329278588294983,0.8230767250061035,,,,,,,
,0.00014502936723084022,0.00014502936723084022,15785,,,,,,,,,,,,,
11,,,15799,,,,,,,0.7093607187271118,,,,,,
11,,,15819,,,,,,,0.9206162691116333,,,,,,
11,,,15839,,,,,,,0.8779926896095276,,,,,,
11,,,15859,,,,,,,0.673507809638977,,,,,,
11,,,15879,,,,,,,0.8441622257232666,,,,,,
11,,,15899,,,,,,,0.7396924495697021,,,,,,
11,,,15919,,,,,,,0.6213693618774414,,,,,,
11,,,15939,,,,,,,0.6410390138626099,,,,,,
11,,,15959,,,,,,,0.7022737264633179,,,,,,
11,,,15979,,,,,,,0.9052922129631042,,,,,,
11,,,15999,,,,,,,0.673321008682251,,,,,,
11,,,16019,,,,,,,0.6800664663314819,,,,,,
11,,,16039,,,,,,,0.8563247919082642,,,,,,
11,,,16059,,,,,,,0.7603042125701904,,,,,,
11,,,16079,,,,,,,0.7810618281364441,,,,,,
11,,,16099,,,,,,,0.7097554206848145,,,,,,
11,,,16119,,,,,,,0.5452839136123657,,,,,,
11,,,16139,,,,,,,1.0819926261901855,,,,,,
11,,,16159,,,,,,,0.6424670815467834,,,,,,
11,,,16179,,,,,,,0.6884865760803223,,,,,,
11,,,16199,,,,,,,0.6836658716201782,,,,,,
11,,,16219,,,,,,,0.6788135766983032,,,,,,
11,,,16239,,,,,,,0.7575502395629883,,,,,,
11,,,16259,,,,,,,0.8972192406654358,,,,,,
11,,,16279,,,,,,,0.8715431690216064,,,,,,
11,,,16299,,,,,,,0.7487796545028687,,,,,,
11,,,16319,,,,,,,0.6796232461929321,,,,,,
11,,,16339,,,,,,,1.0532684326171875,,,,,,
11,,,16359,,,,,,,0.8474559783935547,,,,,,
11,,,16379,,,,,,,0.814181923866272,,,,,,
11,,,16399,,,,,,,0.6923584938049316,,,,,,
11,,,16419,,,,,,,0.6715404391288757,,,,,,
11,,,16439,,,,,,,0.7591932415962219,,,,,,
11,,,16459,,,,,,,0.6676955223083496,,,,,,
11,,,16479,,,,,,,0.7833834886550903,,,,,,
11,,,16499,,,,,,,0.7983883619308472,,,,,,
11,,,16519,,,,,,,0.7404954433441162,,,,,,
11,,,16539,,,,,,,0.8543741703033447,,,,,,
11,,,16559,,,,,,,0.8051028847694397,,,,,,
11,,,16579,,,,,,,0.9850962162017822,,,,,,
11,,,16599,,,,,,,0.7517648935317993,,,,,,
11,,,16619,,,,,,,0.795548677444458,,,,,,
11,,,16639,,,,,,,0.6894609928131104,,,,,,
11,,,16659,,,,,,,0.8079128265380859,,,,,,
11,,,16679,,,,,,,1.1392295360565186,,,,,,
11,,,16699,,,,,,,0.7384088039398193,,,,,,
11,,,16719,,,,,,,1.3263176679611206,,,,,,
11,,,16739,,,,,,,0.9636144638061523,,,,,,
11,,,16759,,,,,,,0.7281836271286011,,,,,,
11,,,16779,,,,,,,0.5957996845245361,,,,,,
11,,,16799,,,,,,,0.8330599069595337,,,,,,
11,,,16819,,,,,,,0.7208954095840454,,,,,,
11,,,16839,,,,,,,0.8262802958488464,,,,,,
11,,,16859,,,,,,,0.6454688310623169,,,,,,
11,,,16879,,,,,,,0.8446844816207886,,,,,,
11,,,16899,,,,,,,0.7689931392669678,,,,,,
11,,,16919,,,,,,,0.883969783782959,,,,,,
11,,,16939,,,,,,,0.7897539138793945,,,,,,
11,,,16959,,,,,,,0.6961041688919067,,,,,,
11,,,16979,,,,,,,0.7660601735115051,,,,,,
11,,,16999,,,,,,,0.9199405908584595,,,,,,
11,,,17019,,,,,,,0.6498931050300598,,,,,,
11,,,17039,,,,,,,0.7887265682220459,,,,,,
11,,,17059,,,,,,,0.781657874584198,,,,,,
11,,,17079,,,,,,,0.5921912789344788,,,,,,
11,,,17099,,,,,,,0.6600371599197388,,,,,,
11,,,17119,,,,,,,0.7199363708496094,,,,,,
11,,,17139,,,,,,,0.6538596153259277,,,,,,
11,,,17159,,,,,,,0.5742430090904236,,,,,,
11,,,17179,,,,,,,0.6652942895889282,,,,,,
11,,,17199,,,,,,,0.8505753874778748,,,,,,
11,,,17219,,,,,,,0.7886903285980225,,,,,,
11,,,17219,,,,,,,,0.3939347267150879,0.3392757177352905,12.06088924407959,0.22486205399036407,0.34269291162490845,0.3939347267150879
11,,,17219,,,,,0.7385880947113037,0.7970960736274719,,,,,,,
,0.00014489685873180695,0.00014489685873180695,17220,,,,,,,,,,,,,
12,,,17239,,,,,,,0.7484578490257263,,,,,,
12,,,17259,,,,,,,0.7774311304092407,,,,,,
12,,,17279,,,,,,,0.6539669036865234,,,,,,
12,,,17299,,,,,,,0.911953330039978,,,,,,
12,,,17319,,,,,,,0.7320581674575806,,,,,,
12,,,17339,,,,,,,0.6821308135986328,,,,,,
12,,,17359,,,,,,,0.7323373556137085,,,,,,
12,,,17379,,,,,,,0.7098698019981384,,,,,,
12,,,17399,,,,,,,0.8971360921859741,,,,,,
12,,,17419,,,,,,,0.9269046783447266,,,,,,
12,,,17439,,,,,,,0.8024114966392517,,,,,,
12,,,17459,,,,,,,0.8411038517951965,,,,,,
12,,,17479,,,,,,,0.8119755983352661,,,,,,
12,,,17499,,,,,,,0.7760120034217834,,,,,,
12,,,17519,,,,,,,0.8596625328063965,,,,,,
12,,,17539,,,,,,,0.6246459484100342,,,,,,
12,,,17559,,,,,,,0.5622506141662598,,,,,,
12,,,17579,,,,,,,0.8599450588226318,,,,,,
12,,,17599,,,,,,,0.6008706092834473,,,,,,
12,,,17619,,,,,,,0.672827959060669,,,,,,
12,,,17639,,,,,,,1.0844545364379883,,,,,,
12,,,17659,,,,,,,0.7792049646377563,,,,,,
12,,,17679,,,,,,,1.0248390436172485,,,,,,
12,,,17699,,,,,,,1.114813208580017,,,,,,
12,,,17719,,,,,,,0.678192675113678,,,,,,
12,,,17739,,,,,,,0.8787019848823547,,,,,,
12,,,17759,,,,,,,0.9051035642623901,,,,,,
12,,,17779,,,,,,,0.7951350212097168,,,,,,
12,,,17799,,,,,,,0.6151618361473083,,,,,,
12,,,17819,,,,,,,0.7490086555480957,,,,,,
12,,,17839,,,,,,,0.5415427684783936,,,,,,
12,,,17859,,,,,,,0.8185550570487976,,,,,,
12,,,17879,,,,,,,0.8209272623062134,,,,,,
12,,,17899,,,,,,,0.9713395237922668,,,,,,
12,,,17919,,,,,,,0.8036397099494934,,,,,,
12,,,17939,,,,,,,0.7601826786994934,,,,,,
12,,,17959,,,,,,,0.794780969619751,,,,,,
12,,,17979,,,,,,,0.7254778146743774,,,,,,
12,,,17999,,,,,,,0.6508725881576538,,,,,,
12,,,18019,,,,,,,0.807731032371521,,,,,,
12,,,18039,,,,,,,0.8650269508361816,,,,,,
12,,,18059,,,,,,,0.8961869478225708,,,,,,
12,,,18079,,,,,,,0.9657366275787354,,,,,,
12,,,18099,,,,,,,0.7220287322998047,,,,,,
12,,,18119,,,,,,,0.8033720850944519,,,,,,
12,,,18139,,,,,,,0.8766930103302002,,,,,,
12,,,18159,,,,,,,0.8151487112045288,,,,,,
12,,,18179,,,,,,,0.5839757919311523,,,,,,
12,,,18199,,,,,,,0.9569664001464844,,,,,,
12,,,18219,,,,,,,0.8421103954315186,,,,,,
12,,,18239,,,,,,,0.626649022102356,,,,,,
12,,,18259,,,,,,,0.6891098022460938,,,,,,
12,,,18279,,,,,,,0.7195613980293274,,,,,,
12,,,18299,,,,,,,0.7631887197494507,,,,,,
12,,,18319,,,,,,,0.8205280900001526,,,,,,
12,,,18339,,,,,,,0.8250670433044434,,,,,,
12,,,18359,,,,,,,0.8658355474472046,,,,,,
12,,,18379,,,,,,,0.7435774803161621,,,,,,
12,,,18399,,,,,,,0.649084210395813,,,,,,
12,,,18419,,,,,,,0.6894197463989258,,,,,,
12,,,18439,,,,,,,0.703872799873352,,,,,,
12,,,18459,,,,,,,0.6884989142417908,,,,,,
12,,,18479,,,,,,,0.7782629728317261,,,,,,
12,,,18499,,,,,,,0.6722902059555054,,,,,,
12,,,18519,,,,,,,0.7369645237922668,,,,,,
12,,,18539,,,,,,,0.711524248123169,,,,,,
12,,,18559,,,,,,,0.842669665813446,,,,,,
12,,,18579,,,,,,,0.6477504968643188,,,,,,
12,,,18599,,,,,,,0.6319741010665894,,,,,,
12,,,18619,,,,,,,0.8868281245231628,,,,,,
12,,,18639,,,,,,,0.8087384700775146,,,,,,
12,,,18654,,,,,,,,0.3957505226135254,0.34264498949050903,11.05284595489502,0.23506376147270203,0.3714052438735962,0.3957505226135254
12,,,18654,,,,,0.7405929565429688,0.7860471606254578,,,,,,,
,0.00014467619061981124,0.00014467619061981124,18655,,,,,,,,,,,,,
13,,,18659,,,,,,,0.674102246761322,,,,,,
13,,,18679,,,,,,,0.7218831777572632,,,,,,
13,,,18699,,,,,,,0.7920222282409668,,,,,,
13,,,18719,,,,,,,0.8018385171890259,,,,,,
13,,,18739,,,,,,,0.8067871332168579,,,,,,
13,,,18759,,,,,,,0.6514610052108765,,,,,,
13,,,18779,,,,,,,0.8740939497947693,,,,,,
13,,,18799,,,,,,,0.7346140742301941,,,,,,
13,,,18819,,,,,,,1.1406989097595215,,,,,,
13,,,18839,,,,,,,0.6824566721916199,,,,,,
13,,,18859,,,,,,,0.6572088003158569,,,,,,
13,,,18879,,,,,,,0.8756488561630249,,,,,,
13,,,18899,,,,,,,1.105249285697937,,,,,,
13,,,18919,,,,,,,0.9059491157531738,,,,,,
13,,,18939,,,,,,,0.6661055088043213,,,,,,
13,,,18959,,,,,,,0.5748568177223206,,,,,,
13,,,18979,,,,,,,0.9664625525474548,,,,,,
13,,,18999,,,,,,,0.8290205597877502,,,,,,
13,,,19019,,,,,,,0.83768630027771,,,,,,
13,,,19039,,,,,,,0.9377926588058472,,,,,,
13,,,19059,,,,,,,0.8893646001815796,,,,,,
13,,,19079,,,,,,,0.6493529081344604,,,,,,
13,,,19099,,,,,,,0.7336851954460144,,,,,,
13,,,19119,,,,,,,0.8927963972091675,,,,,,
13,,,19139,,,,,,,0.9319095611572266,,,,,,
13,,,19159,,,,,,,0.6403822898864746,,,,,,
13,,,19179,,,,,,,0.6750454902648926,,,,,,
13,,,19199,,,,,,,0.9925237894058228,,,,,,
13,,,19219,,,,,,,0.8912712335586548,,,,,,
13,,,19239,,,,,,,0.7043711543083191,,,,,,
13,,,19259,,,,,,,0.6832534074783325,,,,,,
13,,,19279,,,,,,,0.747524619102478,,,,,,
13,,,19299,,,,,,,0.589708685874939,,,,,,
13,,,19319,,,,,,,0.6494927406311035,,,,,,
13,,,19339,,,,,,,0.7760855555534363,,,,,,
13,,,19359,,,,,,,0.7333624958992004,,,,,,
13,,,19379,,,,,,,0.7008246183395386,,,,,,
13,,,19399,,,,,,,0.8119711875915527,,,,,,
13,,,19419,,,,,,,0.6274054646492004,,,,,,
13,,,19439,,,,,,,0.6805880665779114,,,,,,
13,,,19459,,,,,,,0.5960628986358643,,,,,,
13,,,19479,,,,,,,0.5828298926353455,,,,,,
13,,,19499,,,,,,,0.6922027468681335,,,,,,
13,,,19519,,,,,,,1.0333739519119263,,,,,,
13,,,19539,,,,,,,0.6967265605926514,,,,,,
13,,,19559,,,,,,,0.7355263233184814,,,,,,
13,,,19579,,,,,,,0.8135920166969299,,,,,,
13,,,19599,,,,,,,0.8161437511444092,,,,,,
13,,,19619,,,,,,,0.8406901359558105,,,,,,
13,,,19639,,,,,,,0.9459604024887085,,,,,,
13,,,19659,,,,,,,0.5898279547691345,,,,,,
13,,,19679,,,,,,,0.6468660235404968,,,,,,
13,,,19699,,,,,,,0.6878246068954468,,,,,,
13,,,19719,,,,,,,0.7148206830024719,,,,,,
13,,,19739,,,,,,,0.6861138343811035,,,,,,
13,,,19759,,,,,,,0.5807220339775085,,,,,,
13,,,19779,,,,,,,0.8962968587875366,,,,,,
13,,,19799,,,,,,,0.8000335693359375,,,,,,
13,,,19819,,,,,,,0.8654333353042603,,,,,,
13,,,19839,,,,,,,0.8227264285087585,,,,,,
13,,,19859,,,,,,,0.8147175908088684,,,,,,
13,,,19879,,,,,,,0.8767051696777344,,,,,,
13,,,19899,,,,,,,0.9526132345199585,,,,,,
13,,,19919,,,,,,,0.6842650175094604,,,,,,
13,,,19939,,,,,,,0.7243697643280029,,,,,,
13,,,19959,,,,,,,0.7225944995880127,,,,,,
13,,,19979,,,,,,,0.7879641056060791,,,,,,
13,,,19999,,,,,,,0.8877438306808472,,,,,,
13,,,20019,,,,,,,0.7024016380310059,,,,,,
13,,,20039,,,,,,,0.8254091739654541,,,,,,
13,,,20059,,,,,,,0.7689071297645569,,,,,,
13,,,20079,,,,,,,0.6767566800117493,,,,,,
13,,,20089,,,,,,,,0.38233330845832825,0.3178175985813141,10.541864395141602,0.2111140489578247,0.3489277958869934,0.38233330845832825
13,,,20089,,,,,0.7430102229118347,0.7811530828475952,,,,,,,
,0.00014436763174495624,0.00014436763174495624,20090,,,,,,,,,,,,,
14,,,20099,,,,,,,0.8623042106628418,,,,,,
14,,,20119,,,,,,,0.7241840958595276,,,,,,
14,,,20139,,,,,,,0.7761337161064148,,,,,,
14,,,20159,,,,,,,0.6982016563415527,,,,,,
14,,,20179,,,,,,,0.7077640891075134,,,,,,
14,,,20199,,,,,,,0.7563163042068481,,,,,,
14,,,20219,,,,,,,0.8474052548408508,,,,,,
14,,,20239,,,,,,,0.8463460206985474,,,,,,
14,,,20259,,,,,,,0.7317358255386353,,,,,,
14,,,20279,,,,,,,0.769527792930603,,,,,,
14,,,20299,,,,,,,0.7895484566688538,,,,,,
14,,,20319,,,,,,,0.7946972846984863,,,,,,
14,,,20339,,,,,,,0.8678994178771973,,,,,,
14,,,20359,,,,,,,0.8174153566360474,,,,,,
14,,,20379,,,,,,,0.7895310521125793,,,,,,
14,,,20399,,,,,,,0.8666422367095947,,,,,,
14,,,20419,,,,,,,0.7939625382423401,,,,,,
14,,,20439,,,,,,,1.2974499464035034,,,,,,
14,,,20459,,,,,,,0.8596816062927246,,,,,,
14,,,20479,,,,,,,1.010947585105896,,,,,,
14,,,20499,,,,,,,0.9466513395309448,,,,,,
14,,,20519,,,,,,,0.7869425415992737,,,,,,
14,,,20539,,,,,,,0.8784210681915283,,,,,,
14,,,20559,,,,,,,1.0304508209228516,,,,,,
14,,,20579,,,,,,,0.5700492858886719,,,,,,
14,,,20599,,,,,,,0.5797480344772339,,,,,,
14,,,20619,,,,,,,0.8595193028450012,,,,,,
14,,,20639,,,,,,,0.7780007719993591,,,,,,
14,,,20659,,,,,,,0.7486588954925537,,,,,,
14,,,20679,,,,,,,0.9347817301750183,,,,,,
14,,,20699,,,,,,,0.9178047776222229,,,,,,
14,,,20719,,,,,,,0.8436001539230347,,,,,,
14,,,20739,,,,,,,0.9779129028320312,,,,,,
14,,,20759,,,,,,,0.6323758959770203,,,,,,
14,,,20779,,,,,,,0.7614011168479919,,,,,,
14,,,20799,,,,,,,0.722409188747406,,,,,,
14,,,20819,,,,,,,0.7990767955780029,,,,,,
14,,,20839,,,,,,,0.8982229828834534,,,,,,
14,,,20859,,,,,,,0.824502170085907,,,,,,
14,,,20879,,,,,,,0.698807954788208,,,,,,
14,,,20899,,,,,,,0.9869691133499146,,,,,,
14,,,20919,,,,,,,0.842679500579834,,,,,,
14,,,20939,,,,,,,0.7487282156944275,,,,,,
14,,,20959,,,,,,,0.772971510887146,,,,,,
14,,,20979,,,,,,,0.6777893304824829,,,,,,
14,,,20999,,,,,,,0.7629357576370239,,,,,,
14,,,21019,,,,,,,0.7466687560081482,,,,,,
14,,,21039,,,,,,,0.6192454099655151,,,,,,
14,,,21059,,,,,,,0.7096959352493286,,,,,,
14,,,21079,,,,,,,0.8129611611366272,,,,,,
14,,,21099,,,,,,,0.6692823171615601,,,,,,
14,,,21119,,,,,,,1.1545090675354004,,,,,,
14,,,21139,,,,,,,0.6214728951454163,,,,,,
14,,,21159,,,,,,,0.7221384048461914,,,,,,
14,,,21179,,,,,,,0.7333217859268188,,,,,,
14,,,21199,,,,,,,0.7439353466033936,,,,,,
14,,,21219,,,,,,,1.0199427604675293,,,,,,
14,,,21239,,,,,,,0.6354601383209229,,,,,,
14,,,21259,,,,,,,0.7863529920578003,,,,,,
14,,,21279,,,,,,,0.8511890769004822,,,,,,
14,,,21299,,,,,,,0.7129888534545898,,,,,,
14,,,21319,,,,,,,0.9289382696151733,,,,,,
14,,,21339,,,,,,,0.6533929109573364,,,,,,
14,,,21359,,,,,,,0.9976695775985718,,,,,,
14,,,21379,,,,,,,0.7188155651092529,,,,,,
14,,,21399,,,,,,,0.6836041212081909,,,,,,
14,,,21419,,,,,,,0.7695541381835938,,,,,,
14,,,21439,,,,,,,0.8263174295425415,,,,,,
14,,,21459,,,,,,,0.6716091632843018,,,,,,
14,,,21479,,,,,,,0.7240682244300842,,,,,,
14,,,21499,,,,,,,0.8524343371391296,,,,,,
14,,,21519,,,,,,,0.6662451028823853,,,,,,
14,,,21524,,,,,,,,0.40178143978118896,0.3455226719379425,11.45708179473877,0.23470042645931244,0.35032737255096436,0.40178143978118896
14,,,21524,,,,,0.7440113425254822,0.7737011909484863,,,,,,,
,0.00014397155803870109,0.00014397155803870109,21525,,,,,,,,,,,,,
15,,,21539,,,,,,,1.0488784313201904,,,,,,
15,,,21559,,,,,,,0.6751805543899536,,,,,,
15,,,21579,,,,,,,0.803264319896698,,,,,,
15,,,21599,,,,,,,0.6386509537696838,,,,,,
15,,,21619,,,,,,,0.8291910886764526,,,,,,
15,,,21639,,,,,,,0.8289833068847656,,,,,,
15,,,21659,,,,,,,0.6401820182800293,,,,,,
15,,,21679,,,,,,,0.8598681688308716,,,,,,
15,,,21699,,,,,,,0.730555534362793,,,,,,
15,,,21719,,,,,,,0.8234606981277466,,,,,,
15,,,21739,,,,,,,0.717018723487854,,,,,,
15,,,21759,,,,,,,1.065709114074707,,,,,,
15,,,21779,,,,,,,0.9225679636001587,,,,,,
15,,,21799,,,,,,,0.6368052959442139,,,,,,
15,,,21819,,,,,,,0.858830451965332,,,,,,
15,,,21839,,,,,,,0.7090684175491333,,,,,,
15,,,21859,,,,,,,0.7344685196876526,,,,,,
15,,,21879,,,,,,,0.7885569334030151,,,,,,
15,,,21899,,,,,,,0.7958067655563354,,,,,,
15,,,21919,,,,,,,0.5584573149681091,,,,,,
15,,,21939,,,,,,,0.718031644821167,,,,,,
15,,,21959,,,,,,,0.595561146736145,,,,,,
15,,,21979,,,,,,,0.7134816646575928,,,,,,
15,,,21999,,,,,,,0.8001716136932373,,,,,,
15,,,22019,,,,,,,0.8889392614364624,,,,,,
15,,,22039,,,,,,,0.7782878875732422,,,,,,
15,,,22059,,,,,,,0.7219688892364502,,,,,,
15,,,22079,,,,,,,0.7501758337020874,,,,,,
15,,,22099,,,,,,,0.8999109268188477,,,,,,
15,,,22119,,,,,,,0.7521717548370361,,,,,,
15,,,22139,,,,,,,0.6674891710281372,,,,,,
15,,,22159,,,,,,,0.9895519018173218,,,,,,
15,,,22179,,,,,,,0.6359429359436035,,,,,,
15,,,22199,,,,,,,0.8168429136276245,,,,,,
15,,,22219,,,,,,,0.7376571297645569,,,,,,
15,,,22239,,,,,,,0.8921797275543213,,,,,,
15,,,22259,,,,,,,0.763149619102478,,,,,,
15,,,22279,,,,,,,0.7177879810333252,,,,,,
15,,,22299,,,,,,,0.5977282524108887,,,,,,
15,,,22319,,,,,,,0.7897002696990967,,,,,,
15,,,22339,,,,,,,0.7537528276443481,,,,,,
15,,,22359,,,,,,,0.8914405107498169,,,,,,
15,,,22379,,,,,,,0.751411497592926,,,,,,
15,,,22399,,,,,,,0.8234999179840088,,,,,,
15,,,22419,,,,,,,0.7998279929161072,,,,,,
15,,,22439,,,,,,,1.029401183128357,,,,,,
15,,,22459,,,,,,,0.7429928779602051,,,,,,
15,,,22479,,,,,,,0.8100652694702148,,,,,,
15,,,22499,,,,,,,0.8906885981559753,,,,,,
15,,,22519,,,,,,,0.9745761156082153,,,,,,
15,,,22539,,,,,,,0.585008978843689,,,,,,
15,,,22559,,,,,,,0.6165878176689148,,,,,,
15,,,22579,,,,,,,0.650962233543396,,,,,,
15,,,22599,,,,,,,0.8163055777549744,,,,,,
15,,,22619,,,,,,,0.6027565002441406,,,,,,
15,,,22639,,,,,,,0.6812657713890076,,,,,,
15,,,22659,,,,,,,0.8106088638305664,,,,,,
15,,,22679,,,,,,,0.7444616556167603,,,,,,
15,,,22699,,,,,,,0.849479079246521,,,,,,
15,,,22719,,,,,,,0.9054161310195923,,,,,,
15,,,22739,,,,,,,0.9416704177856445,,,,,,
15,,,22759,,,,,,,0.7240982055664062,,,,,,
15,,,22779,,,,,,,0.8119808435440063,,,,,,
15,,,22799,,,,,,,0.6795377731323242,,,,,,
15,,,22819,,,,,,,0.6340327262878418,,,,,,
15,,,22839,,,,,,,0.7004978656768799,,,,,,
15,,,22859,,,,,,,0.7607381939888,,,,,,
15,,,22879,,,,,,,0.6791534423828125,,,,,,
15,,,22899,,,,,,,0.7180852890014648,,,,,,
15,,,22919,,,,,,,0.599347710609436,,,,,,
15,,,22939,,,,,,,0.7637525796890259,,,,,,
15,,,22959,,,,,,,0.8804076313972473,,,,,,
15,,,22959,,,,,,,,0.3845798373222351,0.323030024766922,11.421394348144531,0.21392306685447693,0.3522358536720276,0.3845798373222351
15,,,22959,,,,,0.7441420555114746,0.7734739780426025,,,,,,,
,0.00014348845205584636,0.00014348845205584636,22960,,,,,,,,,,,,,
16,,,22979,,,,,,,0.7461761236190796,,,,,,
16,,,22999,,,,,,,0.8000860214233398,,,,,,
16,,,23019,,,,,,,0.7669395208358765,,,,,,
16,,,23039,,,,,,,0.7378106713294983,,,,,,
16,,,23059,,,,,,,1.0894429683685303,,,,,,
16,,,23079,,,,,,,0.851484477519989,,,,,,
16,,,23099,,,,,,,0.721916675567627,,,,,,
16,,,23119,,,,,,,0.7346850633621216,,,,,,
16,,,23139,,,,,,,0.7159192562103271,,,,,,
16,,,23159,,,,,,,0.6652406454086304,,,,,,
16,,,23179,,,,,,,0.5768657922744751,,,,,,
16,,,23199,,,,,,,0.7106812000274658,,,,,,
16,,,23219,,,,,,,1.0341143608093262,,,,,,
16,,,23239,,,,,,,0.631330132484436,,,,,,
16,,,23259,,,,,,,0.7007080316543579,,,,,,
16,,,23279,,,,,,,0.8083946108818054,,,,,,
16,,,23299,,,,,,,0.7228318452835083,,,,,,
16,,,23319,,,,,,,0.7095128893852234,,,,,,
16,,,23339,,,,,,,0.7196840643882751,,,,,,
16,,,23359,,,,,,,1.0665408372879028,,,,,,
16,,,23379,,,,,,,0.9029214382171631,,,,,,
16,,,23399,,,,,,,0.5470951795578003,,,,,,
16,,,23419,,,,,,,0.8168582320213318,,,,,,
16,,,23439,,,,,,,0.6301101446151733,,,,,,
16,,,23459,,,,,,,0.5627810955047607,,,,,,
16,,,23479,,,,,,,0.6820910573005676,,,,,,
16,,,23499,,,,,,,0.8309379816055298,,,,,,
16,,,23519,,,,,,,0.8664339780807495,,,,,,
16,,,23539,,,,,,,1.0054559707641602,,,,,,
16,,,23559,,,,,,,0.7768650054931641,,,,,,
16,,,23579,,,,,,,0.670573353767395,,,,,,
16,,,23599,,,,,,,0.6565042734146118,,,,,,
16,,,23619,,,,,,,0.7904974222183228,,,,,,
16,,,23639,,,,,,,0.8040378093719482,,,,,,
16,,,23659,,,,,,,0.7896713614463806,,,,,,
16,,,23679,,,,,,,0.6555541753768921,,,,,,
16,,,23699,,,,,,,0.7598623037338257,,,,,,
16,,,23719,,,,,,,0.6680323481559753,,,,,,
16,,,23739,,,,,,,0.6502411365509033,,,,,,
16,,,23759,,,,,,,0.5873671174049377,,,,,,
16,,,23779,,,,,,,0.9632585048675537,,,,,,
16,,,23799,,,,,,,0.6687997579574585,,,,,,
16,,,23819,,,,,,,1.0076713562011719,,,,,,
16,,,23839,,,,,,,0.8212168216705322,,,,,,
16,,,23859,,,,,,,0.8219540119171143,,,,,,
16,,,23879,,,,,,,0.6754523515701294,,,,,,
16,,,23899,,,,,,,0.830729603767395,,,,,,
16,,,23919,,,,,,,0.8037720918655396,,,,,,
16,,,23939,,,,,,,0.8925018906593323,,,,,,
16,,,23959,,,,,,,1.0174394845962524,,,,,,
16,,,23979,,,,,,,0.6869891285896301,,,,,,
16,,,23999,,,,,,,0.6786678433418274,,,,,,
16,,,24019,,,,,,,1.0063693523406982,,,,,,
16,,,24039,,,,,,,0.714478075504303,,,,,,
16,,,24059,,,,,,,0.666698694229126,,,,,,
16,,,24079,,,,,,,0.7383987903594971,,,,,,
16,,,24099,,,,,,,0.9192029237747192,,,,,,
16,,,24119,,,,,,,0.8319717645645142,,,,,,
16,,,24139,,,,,,,0.8155699968338013,,,,,,
16,,,24159,,,,,,,0.6563414335250854,,,,,,
16,,,24179,,,,,,,0.6964899301528931,,,,,,
16,,,24199,,,,,,,0.8255590796470642,,,,,,
16,,,24219,,,,,,,0.8508129119873047,,,,,,
16,,,24239,,,,,,,0.5747241973876953,,,,,,
16,,,24259,,,,,,,0.730752170085907,,,,,,
16,,,24279,,,,,,,0.6528640985488892,,,,,,
16,,,24299,,,,,,,0.6818957328796387,,,,,,
16,,,24319,,,,,,,0.535162091255188,,,,,,
16,,,24339,,,,,,,0.7428998351097107,,,,,,
16,,,24359,,,,,,,0.7089473605155945,,,,,,
16,,,24379,,,,,,,0.9729306697845459,,,,,,
16,,,24394,,,,,,,,0.37974366545677185,0.32267260551452637,10.47944164276123,0.21186463534832,0.3581019341945648,0.37974366545677185
16,,,24394,,,,,0.7454703450202942,0.7736722826957703,,,,,,,
,0.00014291890238661545,0.00014291890238661545,24395,,,,,,,,,,,,,
17,,,24399,,,,,,,0.9306122660636902,,,,,,
17,,,24419,,,,,,,0.6338768005371094,,,,,,
17,,,24439,,,,,,,0.5489416122436523,,,,,,
17,,,24459,,,,,,,0.6384666562080383,,,,,,
17,,,24479,,,,,,,0.7196769714355469,,,,,,
17,,,24499,,,,,,,0.7756568193435669,,,,,,
17,,,24519,,,,,,,0.8436762094497681,,,,,,
17,,,24539,,,,,,,0.7488492131233215,,,,,,
17,,,24559,,,,,,,0.7400241494178772,,,,,,
17,,,24579,,,,,,,1.202012538909912,,,,,,
17,,,24599,,,,,,,1.0651686191558838,,,,,,
17,,,24619,,,,,,,0.7758033871650696,,,,,,
17,,,24639,,,,,,,0.8196163177490234,,,,,,
17,,,24659,,,,,,,0.7850977182388306,,,,,,
17,,,24679,,,,,,,0.7950642108917236,,,,,,
17,,,24699,,,,,,,0.960918664932251,,,,,,
17,,,24719,,,,,,,0.708307147026062,,,,,,
17,,,24739,,,,,,,0.6082026958465576,,,,,,
17,,,24759,,,,,,,0.7381429672241211,,,,,,
17,,,24779,,,,,,,0.7726625204086304,,,,,,
17,,,24799,,,,,,,0.5393419861793518,,,,,,
17,,,24819,,,,,,,0.7240090370178223,,,,,,
17,,,24839,,,,,,,0.6781319975852966,,,,,,
17,,,24859,,,,,,,0.7562140226364136,,,,,,
17,,,24879,,,,,,,0.7985092401504517,,,,,,
17,,,24899,,,,,,,0.8142879009246826,,,,,,
17,,,24919,,,,,,,0.8327385187149048,,,,,,
17,,,24939,,,,,,,0.7911913394927979,,,,,,
17,,,24959,,,,,,,0.7038223743438721,,,,,,
17,,,24979,,,,,,,0.7576797604560852,,,,,,
17,,,24999,,,,,,,0.9377201199531555,,,,,,
17,,,25019,,,,,,,0.7770963907241821,,,,,,
17,,,25039,,,,,,,0.7147462368011475,,,,,,
17,,,25059,,,,,,,1.0571309328079224,,,,,,
17,,,25079,,,,,,,1.1726868152618408,,,,,,
17,,,25099,,,,,,,0.8530238270759583,,,,,,
17,,,25119,,,,,,,0.7406163811683655,,,,,,
17,,,25139,,,,,,,0.7287260293960571,,,,,,
17,,,25159,,,,,,,0.6676082015037537,,,,,,
17,,,25179,,,,,,,0.7638900876045227,,,,,,
17,,,25199,,,,,,,0.7433791160583496,,,,,,
17,,,25219,,,,,,,0.6942803263664246,,,,,,
17,,,25239,,,,,,,0.6231932640075684,,,,,,
17,,,25259,,,,,,,0.7102018594741821,,,,,,
17,,,25279,,,,,,,0.8693709373474121,,,,,,
17,,,25299,,,,,,,0.7090381383895874,,,,,,
17,,,25319,,,,,,,0.7555971145629883,,,,,,
17,,,25339,,,,,,,0.8764880895614624,,,,,,
17,,,25359,,,,,,,0.6916342377662659,,,,,,
17,,,25379,,,,,,,0.7070678472518921,,,,,,
17,,,25399,,,,,,,0.6457805037498474,,,,,,
17,,,25419,,,,,,,0.9370999932289124,,,,,,
17,,,25439,,,,,,,0.6794087290763855,,,,,,
17,,,25459,,,,,,,0.630782961845398,,,,,,
17,,,25479,,,,,,,0.6294428706169128,,,,,,
17,,,25499,,,,,,,0.7749229073524475,,,,,,
17,,,25519,,,,,,,0.7589460015296936,,,,,,
17,,,25539,,,,,,,1.0640199184417725,,,,,,
17,,,25559,,,,,,,0.6683299541473389,,,,,,
17,,,25579,,,,,,,0.8326165676116943,,,,,,
17,,,25599,,,,,,,0.7697758674621582,,,,,,
17,,,25619,,,,,,,0.7264413833618164,,,,,,
17,,,25639,,,,,,,0.8656458854675293,,,,,,
17,,,25659,,,,,,,1.0485914945602417,,,,,,
17,,,25679,,,,,,,0.7208173274993896,,,,,,
17,,,25699,,,,,,,0.6789504289627075,,,,,,
17,,,25719,,,,,,,0.736103892326355,,,,,,
17,,,25739,,,,,,,1.3026092052459717,,,,,,
17,,,25759,,,,,,,0.6952983140945435,,,,,,
17,,,25779,,,,,,,0.6242027282714844,,,,,,
17,,,25799,,,,,,,0.7986576557159424,,,,,,
17,,,25819,,,,,,,0.728643000125885,,,,,,
17,,,25829,,,,,,,,0.39523425698280334,0.34339380264282227,12.002208709716797,0.225033700466156,0.3379303812980652,0.39523425698280334
17,,,25829,,,,,0.7449692487716675,0.7688103914260864,,,,,,,
,0.00014226360293954787,0.00014226360293954787,25830,,,,,,,,,,,,,
18,,,25839,,,,,,,0.9472496509552002,,,,,,
18,,,25859,,,,,,,0.6759262084960938,,,,,,
18,,,25879,,,,,,,0.5781625509262085,,,,,,
18,,,25899,,,,,,,0.8924566507339478,,,,,,
18,,,25919,,,,,,,0.6597737669944763,,,,,,
18,,,25939,,,,,,,0.865015983581543,,,,,,
18,,,25959,,,,,,,0.6791707873344421,,,,,,
18,,,25979,,,,,,,0.8738172650337219,,,,,,
18,,,25999,,,,,,,0.873256266117096,,,,,,
18,,,26019,,,,,,,0.6871392726898193,,,,,,
18,,,26039,,,,,,,0.7567726373672485,,,,,,
18,,,26059,,,,,,,0.7424993515014648,,,,,,
18,,,26079,,,,,,,0.811570405960083,,,,,,
18,,,26099,,,,,,,0.7528311014175415,,,,,,
18,,,26119,,,,,,,0.6241235733032227,,,,,,
18,,,26139,,,,,,,0.5637654066085815,,,,,,
18,,,26159,,,,,,,0.7068459987640381,,,,,,
18,,,26179,,,,,,,0.8729627132415771,,,,,,
18,,,26199,,,,,,,0.9179610013961792,,,,,,
18,,,26219,,,,,,,0.8651790618896484,,,,,,
18,,,26239,,,,,,,0.7436452507972717,,,,,,
18,,,26259,,,,,,,0.7009336948394775,,,,,,
18,,,26279,,,,,,,0.7339392304420471,,,,,,
18,,,26299,,,,,,,0.882034420967102,,,,,,
18,,,26319,,,,,,,0.6684463024139404,,,,,,
18,,,26339,,,,,,,0.611359179019928,,,,,,
18,,,26359,,,,,,,0.6614299416542053,,,,,,
18,,,26379,,,,,,,0.7132943868637085,,,,,,
18,,,26399,,,,,,,0.9737536907196045,,,,,,
18,,,26419,,,,,,,0.7389264106750488,,,,,,
18,,,26439,,,,,,,0.6953222751617432,,,,,,
18,,,26459,,,,,,,0.7908076047897339,,,,,,
18,,,26479,,,,,,,0.7150699496269226,,,,,,
18,,,26499,,,,,,,0.7659181952476501,,,,,,
18,,,26519,,,,,,,0.6679423451423645,,,,,,
18,,,26539,,,,,,,0.8042104244232178,,,,,,
18,,,26559,,,,,,,0.8380719423294067,,,,,,
18,,,26579,,,,,,,0.6043993234634399,,,,,,
18,,,26599,,,,,,,0.8341925144195557,,,,,,
18,,,26619,,,,,,,0.7072787284851074,,,,,,
18,,,26639,,,,,,,0.7763503789901733,,,,,,
18,,,26659,,,,,,,0.8188191652297974,,,,,,
18,,,26679,,,,,,,0.8504265546798706,,,,,,
18,,,26699,,,,,,,0.6428850293159485,,,,,,
18,,,26719,,,,,,,0.6699538230895996,,,,,,
18,,,26739,,,,,,,0.7669282555580139,,,,,,
18,,,26759,,,,,,,0.7535074949264526,,,,,,
18,,,26779,,,,,,,0.7522577047348022,,,,,,
18,,,26799,,,,,,,0.8200849294662476,,,,,,
18,,,26819,,,,,,,0.9045883417129517,,,,,,
18,,,26839,,,,,,,0.7233356237411499,,,,,,
18,,,26859,,,,,,,0.7040729522705078,,,,,,
18,,,26879,,,,,,,0.5965920686721802,,,,,,
18,,,26899,,,,,,,0.7006499171257019,,,,,,
18,,,26919,,,,,,,0.7975289225578308,,,,,,
18,,,26939,,,,,,,0.7171179056167603,,,,,,
18,,,26959,,,,,,,0.791614294052124,,,,,,
18,,,26979,,,,,,,0.7076671123504639,,,,,,
18,,,26999,,,,,,,0.8230836987495422,,,,,,
18,,,27019,,,,,,,0.7454266548156738,,,,,,
18,,,27039,,,,,,,0.7922134399414062,,,,,,
18,,,27059,,,,,,,0.6811558604240417,,,,,,
18,,,27079,,,,,,,0.6205788850784302,,,,,,
18,,,27099,,,,,,,0.7901380658149719,,,,,,
18,,,27119,,,,,,,0.8294792175292969,,,,,,
18,,,27139,,,,,,,0.8050645589828491,,,,,,
18,,,27159,,,,,,,0.570035457611084,,,,,,
18,,,27179,,,,,,,0.5995802283287048,,,,,,
18,,,27199,,,,,,,0.5981735587120056,,,,,,
18,,,27219,,,,,,,0.8358973264694214,,,,,,
18,,,27239,,,,,,,0.6087336540222168,,,,,,
18,,,27259,,,,,,,0.7983828186988831,,,,,,
18,,,27264,,,,,,,,0.3986825942993164,0.32974445819854736,10.064835548400879,0.23967638611793518,0.38533902168273926,0.3986825942993164
18,,,27264,,,,,0.7463634014129639,0.7612137198448181,,,,,,,
,0.00014152335209607875,0.00014152335209607875,27265,,,,,,,,,,,,,
19,,,27279,,,,,,,0.8085425496101379,,,,,,
19,,,27299,,,,,,,0.6527302265167236,,,,,,
19,,,27319,,,,,,,0.7793823480606079,,,,,,
19,,,27339,,,,,,,0.9030402898788452,,,,,,
19,,,27359,,,,,,,0.6896902322769165,,,,,,
19,,,27379,,,,,,,0.652161717414856,,,,,,
19,,,27399,,,,,,,0.5995609760284424,,,,,,
19,,,27419,,,,,,,0.6839562058448792,,,,,,
19,,,27439,,,,,,,0.6258914470672607,,,,,,
19,,,27459,,,,,,,0.8574979901313782,,,,,,
19,,,27479,,,,,,,0.5687500238418579,,,,,,
19,,,27499,,,,,,,0.6657447814941406,,,,,,
19,,,27519,,,,,,,0.7481809258460999,,,,,,
19,,,27539,,,,,,,1.0153272151947021,,,,,,
19,,,27559,,,,,,,0.8672232627868652,,,,,,
19,,,27579,,,,,,,1.3713748455047607,,,,,,
19,,,27599,,,,,,,0.7627444267272949,,,,,,
19,,,27619,,,,,,,0.6103920936584473,,,,,,
19,,,27639,,,,,,,0.5190873146057129,,,,,,
19,,,27659,,,,,,,0.8283357620239258,,,,,,
19,,,27679,,,,,,,0.683621883392334,,,,,,
19,,,27699,,,,,,,0.8561854958534241,,,,,,
19,,,27719,,,,,,,0.767159104347229,,,,,,
19,,,27739,,,,,,,0.7971141338348389,,,,,,
19,,,27759,,,,,,,0.9469999670982361,,,,,,
19,,,27779,,,,,,,0.8010364770889282,,,,,,
19,,,27799,,,,,,,0.8878334760665894,,,,,,
19,,,27819,,,,,,,0.829290509223938,,,,,,
19,,,27839,,,,,,,0.8922118544578552,,,,,,
19,,,27859,,,,,,,0.6924316883087158,,,,,,
19,,,27879,,,,,,,0.6278518438339233,,,,,,
19,,,27899,,,,,,,0.7108207941055298,,,,,,
19,,,27919,,,,,,,0.7524227499961853,,,,,,
19,,,27939,,,,,,,0.5597702860832214,,,,,,
19,,,27959,,,,,,,0.7536200284957886,,,,,,
19,,,27979,,,,,,,0.8283399343490601,,,,,,
19,,,27999,,,,,,,0.5868856906890869,,,,,,
19,,,28019,,,,,,,0.7550155520439148,,,,,,
19,,,28039,,,,,,,0.6812945604324341,,,,,,
19,,,28059,,,,,,,0.6728672981262207,,,,,,
19,,,28079,,,,,,,0.6394305229187012,,,,,,
19,,,28099,,,,,,,0.7577771544456482,,,,,,
19,,,28119,,,,,,,0.7935734987258911,,,,,,
19,,,28139,,,,,,,0.9249708652496338,,,,,,
19,,,28159,,,,,,,0.6710554361343384,,,,,,
19,,,28179,,,,,,,0.7511131167411804,,,,,,
19,,,28199,,,,,,,0.7170090675354004,,,,,,
19,,,28219,,,,,,,0.8092361688613892,,,,,,
19,,,28239,,,,,,,0.7895816564559937,,,,,,
19,,,28259,,,,,,,0.6695867776870728,,,,,,
19,,,28279,,,,,,,0.7076369524002075,,,,,,
19,,,28299,,,,,,,0.6455591917037964,,,,,,
19,,,28319,,,,,,,1.0423879623413086,,,,,,
19,,,28339,,,,,,,0.5782639980316162,,,,,,
19,,,28359,,,,,,,0.7110276818275452,,,,,,
19,,,28379,,,,,,,0.9066305160522461,,,,,,
19,,,28399,,,,,,,0.7982199192047119,,,,,,
19,,,28419,,,,,,,0.6092908382415771,,,,,,
19,,,28439,,,,,,,0.8232743144035339,,,,,,
19,,,28459,,,,,,,0.7677226066589355,,,,,,
19,,,28479,,,,,,,0.7522297501564026,,,,,,
19,,,28499,,,,,,,0.7508641481399536,,,,,,
19,,,28519,,,,,,,0.6719801425933838,,,,,,
19,,,28539,,,,,,,0.813744068145752,,,,,,
19,,,28559,,,,,,,0.9619795680046082,,,,,,
19,,,28579,,,,,,,0.6706357002258301,,,,,,
19,,,28599,,,,,,,0.7055982351303101,,,,,,
19,,,28619,,,,,,,0.7503665685653687,,,,,,
19,,,28639,,,,,,,0.7294688820838928,,,,,,
19,,,28659,,,,,,,0.8137575387954712,,,,,,
19,,,28679,,,,,,,0.7490516901016235,,,,,,
19,,,28699,,,,,,,0.6788517236709595,,,,,,
19,,,28699,,,,,,,,0.37031424045562744,0.32614758610725403,11.614412307739258,0.19985467195510864,0.34841984510421753,0.37031424045562744
19,,,28699,,,,,0.7464280724525452,0.758877694606781,,,,,,,
,0.00014069905173783395,0.00014069905173783395,28700,,,,,,,,,,,,,
20,,,28719,,,,,,,0.8257416486740112,,,,,,
20,,,28739,,,,,,,0.7993444204330444,,,,,,
20,,,28759,,,,,,,0.7200775146484375,,,,,,
20,,,28779,,,,,,,0.5956763625144958,,,,,,
20,,,28799,,,,,,,0.941789448261261,,,,,,
20,,,28819,,,,,,,0.6785614490509033,,,,,,
20,,,28839,,,,,,,0.7694072127342224,,,,,,
20,,,28859,,,,,,,0.7162672281265259,,,,,,
20,,,28879,,,,,,,0.7392281293869019,,,,,,
20,,,28899,,,,,,,0.9250630140304565,,,,,,
20,,,28919,,,,,,,0.7968133687973022,,,,,,
20,,,28939,,,,,,,0.6806043386459351,,,,,,
20,,,28959,,,,,,,0.8410631418228149,,,,,,
20,,,28979,,,,,,,0.6753073930740356,,,,,,
20,,,28999,,,,,,,0.7448701858520508,,,,,,
20,,,29019,,,,,,,0.6931679248809814,,,,,,
20,,,29039,,,,,,,0.6832585334777832,,,,,,
20,,,29059,,,,,,,0.7755985260009766,,,,,,
20,,,29079,,,,,,,0.6207812428474426,,,,,,
20,,,29099,,,,,,,0.7778016924858093,,,,,,
20,,,29119,,,,,,,0.6913878917694092,,,,,,
20,,,29139,,,,,,,0.6535241603851318,,,,,,
20,,,29159,,,,,,,0.7259343862533569,,,,,,
20,,,29179,,,,,,,0.6708327531814575,,,,,,
20,,,29199,,,,,,,0.7028980851173401,,,,,,
20,,,29219,,,,,,,0.6588551998138428,,,,,,
20,,,29239,,,,,,,0.6733556985855103,,,,,,
20,,,29259,,,,,,,0.714189887046814,,,,,,
20,,,29279,,,,,,,0.6793718338012695,,,,,,
20,,,29299,,,,,,,0.6698544025421143,,,,,,
20,,,29319,,,,,,,0.9863731861114502,,,,,,
20,,,29339,,,,,,,0.8048320412635803,,,,,,
20,,,29359,,,,,,,0.8576647043228149,,,,,,
20,,,29379,,,,,,,0.9086254239082336,,,,,,
20,,,29399,,,,,,,0.7042906284332275,,,,,,
20,,,29419,,,,,,,0.744866132736206,,,,,,
20,,,29439,,,,,,,0.7390913963317871,,,,,,
20,,,29459,,,,,,,0.5884087681770325,,,,,,
20,,,29479,,,,,,,0.651958703994751,,,,,,
20,,,29499,,,,,,,0.6904809474945068,,,,,,
20,,,29519,,,,,,,0.7437238097190857,,,,,,
20,,,29539,,,,,,,0.6751785278320312,,,,,,
20,,,29559,,,,,,,0.7854673862457275,,,,,,
20,,,29579,,,,,,,0.9294679760932922,,,,,,
20,,,29599,,,,,,,0.7198440432548523,,,,,,
20,,,29619,,,,,,,0.7238153219223022,,,,,,
20,,,29639,,,,,,,0.7746500372886658,,,,,,
20,,,29659,,,,,,,0.5954334139823914,,,,,,
20,,,29679,,,,,,,0.5904414653778076,,,,,,
20,,,29699,,,,,,,0.8108281493186951,,,,,,
20,,,29719,,,,,,,0.6792035102844238,,,,,,
20,,,29739,,,,,,,0.9620048999786377,,,,,,
20,,,29759,,,,,,,0.7579341530799866,,,,,,
20,,,29779,,,,,,,0.7144144177436829,,,,,,
20,,,29799,,,,,,,0.72250896692276,,,,,,
20,,,29819,,,,,,,0.6029346585273743,,,,,,
20,,,29839,,,,,,,0.7065940499305725,,,,,,
20,,,29859,,,,,,,0.6808042526245117,,,,,,
20,,,29879,,,,,,,0.7252427339553833,,,,,,
20,,,29899,,,,,,,0.6282461881637573,,,,,,
20,,,29919,,,,,,,0.7178156971931458,,,,,,
20,,,29939,,,,,,,0.7777200937271118,,,,,,
20,,,29959,,,,,,,0.822787880897522,,,,,,
20,,,29979,,,,,,,0.7631320953369141,,,,,,
20,,,29999,,,,,,,0.8983047604560852,,,,,,
20,,,30019,,,,,,,0.7145032286643982,,,,,,
20,,,30039,,,,,,,0.7068019509315491,,,,,,
20,,,30059,,,,,,,0.6811120510101318,,,,,,
20,,,30079,,,,,,,0.6708368062973022,,,,,,
20,,,30099,,,,,,,0.8354148864746094,,,,,,
20,,,30119,,,,,,,0.9569681882858276,,,,,,
20,,,30134,,,,,,,,0.4028042256832123,0.344285786151886,12.145163536071777,0.2319614291191101,0.3310406804084778,0.4028042256832123
20,,,30134,,,,,0.7461016774177551,0.7601577043533325,,,,,,,
,0.00013979170614782625,0.00013979170614782625,30135,,,,,,,,,,,,,
21,,,30139,,,,,,,0.7426919341087341,,,,,,
21,,,30159,,,,,,,0.7757085561752319,,,,,,
21,,,30179,,,,,,,0.6151647567749023,,,,,,
21,,,30199,,,,,,,0.7583855390548706,,,,,,
21,,,30219,,,,,,,0.8793469071388245,,,,,,
21,,,30239,,,,,,,0.9082310199737549,,,,,,
21,,,30259,,,,,,,0.6931900978088379,,,,,,
21,,,30279,,,,,,,0.6527390480041504,,,,,,
21,,,30299,,,,,,,0.8171616196632385,,,,,,
21,,,30319,,,,,,,0.7469561696052551,,,,,,
21,,,30339,,,,,,,0.8545750379562378,,,,,,
21,,,30359,,,,,,,0.7040069103240967,,,,,,
21,,,30379,,,,,,,0.8035679459571838,,,,,,
21,,,30399,,,,,,,0.8542400598526001,,,,,,
21,,,30419,,,,,,,0.8166178464889526,,,,,,
21,,,30439,,,,,,,0.7902791500091553,,,,,,
21,,,30459,,,,,,,0.6703426837921143,,,,,,
21,,,30479,,,,,,,0.7590131759643555,,,,,,
21,,,30499,,,,,,,0.7116577625274658,,,,,,
21,,,30519,,,,,,,0.7230389714241028,,,,,,
21,,,30539,,,,,,,0.6977425813674927,,,,,,
21,,,30559,,,,,,,0.8495250940322876,,,,,,
21,,,30579,,,,,,,0.8061603903770447,,,,,,
21,,,30599,,,,,,,0.7145220637321472,,,,,,
21,,,30619,,,,,,,0.7169160842895508,,,,,,
21,,,30639,,,,,,,1.0852924585342407,,,,,,
21,,,30659,,,,,,,0.6257061958312988,,,,,,
21,,,30679,,,,,,,0.7229316234588623,,,,,,
21,,,30699,,,,,,,0.7713111639022827,,,,,,
21,,,30719,,,,,,,0.7640441656112671,,,,,,
21,,,30739,,,,,,,0.7406017780303955,,,,,,
21,,,30759,,,,,,,0.7340373992919922,,,,,,
21,,,30779,,,,,,,1.1090478897094727,,,,,,
21,,,30799,,,,,,,0.7000753283500671,,,,,,
21,,,30819,,,,,,,0.7194811105728149,,,,,,
21,,,30839,,,,,,,0.5974448919296265,,,,,,
21,,,30859,,,,,,,0.7200394868850708,,,,,,
21,,,30879,,,,,,,0.7861912250518799,,,,,,
21,,,30899,,,,,,,0.6441602110862732,,,,,,
21,,,30919,,,,,,,0.7694209218025208,,,,,,
21,,,30939,,,,,,,0.7095872759819031,,,,,,
21,,,30959,,,,,,,0.7259962558746338,,,,,,
21,,,30979,,,,,,,0.6217065453529358,,,,,,
21,,,30999,,,,,,,0.6780756711959839,,,,,,
21,,,31019,,,,,,,0.7242282629013062,,,,,,
21,,,31039,,,,,,,0.6717886924743652,,,,,,
21,,,31059,,,,,,,0.7629513740539551,,,,,,
21,,,31079,,,,,,,0.616827130317688,,,,,,
21,,,31099,,,,,,,0.7321032285690308,,,,,,
21,,,31119,,,,,,,0.8510462641716003,,,,,,
21,,,31139,,,,,,,0.6154991984367371,,,,,,
21,,,31159,,,,,,,0.7442334890365601,,,,,,
21,,,31179,,,,,,,0.7232484817504883,,,,,,
21,,,31199,,,,,,,0.8261270523071289,,,,,,
21,,,31219,,,,,,,0.9705952405929565,,,,,,
21,,,31239,,,,,,,0.7739059925079346,,,,,,
21,,,31259,,,,,,,0.8577325344085693,,,,,,
21,,,31279,,,,,,,0.5215564370155334,,,,,,
21,,,31299,,,,,,,0.5951651334762573,,,,,,
21,,,31319,,,,,,,0.686672568321228,,,,,,
21,,,31339,,,,,,,0.8049356937408447,,,,,,
21,,,31359,,,,,,,0.6132580041885376,,,,,,
21,,,31379,,,,,,,0.8621253967285156,,,,,,
21,,,31399,,,,,,,0.6766645312309265,,,,,,
21,,,31419,,,,,,,0.6473764777183533,,,,,,
21,,,31439,,,,,,,0.6618972420692444,,,,,,
21,,,31459,,,,,,,0.7181291580200195,,,,,,
21,,,31479,,,,,,,0.6835666298866272,,,,,,
21,,,31499,,,,,,,0.7260717749595642,,,,,,
21,,,31519,,,,,,,1.0067925453186035,,,,,,
21,,,31539,,,,,,,0.8562107086181641,,,,,,
21,,,31559,,,,,,,0.867806613445282,,,,,,
21,,,31569,,,,,,,,0.3956090807914734,0.34250983595848083,11.381843566894531,0.2291732132434845,0.3534277379512787,0.3956090807914734
21,,,31569,,,,,0.7473434209823608,0.7538833618164062,,,,,,,
,0.0001388024207868912,0.0001388024207868912,31570,,,,,,,,,,,,,
22,,,31579,,,,,,,0.7242470383644104,,,,,,
22,,,31599,,,,,,,0.6149048805236816,,,,,,
22,,,31619,,,,,,,0.8723728656768799,,,,,,
22,,,31639,,,,,,,0.8713189959526062,,,,,,
22,,,31659,,,,,,,0.733894944190979,,,,,,
22,,,31679,,,,,,,0.8028666377067566,,,,,,
22,,,31699,,,,,,,0.5925872325897217,,,,,,
22,,,31719,,,,,,,0.8839489221572876,,,,,,
22,,,31739,,,,,,,0.7960611581802368,,,,,,
22,,,31759,,,,,,,0.9881513714790344,,,,,,
22,,,31779,,,,,,,0.8627740740776062,,,,,,
22,,,31799,,,,,,,0.757178544998169,,,,,,
22,,,31819,,,,,,,0.6941801309585571,,,,,,
22,,,31839,,,,,,,0.834871768951416,,,,,,
22,,,31859,,,,,,,0.7583309412002563,,,,,,
22,,,31879,,,,,,,0.7754817605018616,,,,,,
22,,,31899,,,,,,,0.7827836275100708,,,,,,
22,,,31919,,,,,,,0.7813718318939209,,,,,,
22,,,31939,,,,,,,0.6803094148635864,,,,,,
22,,,31959,,,,,,,0.734946608543396,,,,,,
22,,,31979,,,,,,,0.5184020400047302,,,,,,
22,,,31999,,,,,,,0.8360468149185181,,,,,,
22,,,32019,,,,,,,0.7149172425270081,,,,,,
22,,,32039,,,,,,,0.615409791469574,,,,,,
22,,,32059,,,,,,,0.7381901741027832,,,,,,
22,,,32079,,,,,,,0.7492766380310059,,,,,,
22,,,32099,,,,,,,0.6662962436676025,,,,,,
22,,,32119,,,,,,,0.6751271486282349,,,,,,
22,,,32139,,,,,,,0.8480497598648071,,,,,,
22,,,32159,,,,,,,0.7987226247787476,,,,,,
22,,,32179,,,,,,,0.8743767142295837,,,,,,
22,,,32199,,,,,,,0.6792328357696533,,,,,,
22,,,32219,,,,,,,0.9440162777900696,,,,,,
22,,,32239,,,,,,,0.9805567860603333,,,,,,
22,,,32259,,,,,,,0.874072790145874,,,,,,
22,,,32279,,,,,,,0.7832983732223511,,,,,,
22,,,32299,,,,,,,0.746173083782196,,,,,,
22,,,32319,,,,,,,0.758339524269104,,,,,,
22,,,32339,,,,,,,0.7710922956466675,,,,,,
22,,,32359,,,,,,,0.6275088787078857,,,,,,
22,,,32379,,,,,,,0.9177747964859009,,,,,,
22,,,32399,,,,,,,0.795405387878418,,,,,,
22,,,32419,,,,,,,0.7573767304420471,,,,,,
22,,,32439,,,,,,,0.8208786845207214,,,,,,
22,,,32459,,,,,,,0.8449334502220154,,,,,,
22,,,32479,,,,,,,0.6820989847183228,,,,,,
22,,,32499,,,,,,,0.7774351835250854,,,,,,
22,,,32519,,,,,,,0.7031119465827942,,,,,,
22,,,32539,,,,,,,0.6817513704299927,,,,,,
22,,,32559,,,,,,,0.7007638216018677,,,,,,
22,,,32579,,,,,,,0.7288801670074463,,,,,,
22,,,32599,,,,,,,0.6749066710472107,,,,,,
22,,,32619,,,,,,,0.7245296239852905,,,,,,
22,,,32639,,,,,,,0.6706111431121826,,,,,,
22,,,32659,,,,,,,0.5782903432846069,,,,,,
22,,,32679,,,,,,,0.7700007557868958,,,,,,
22,,,32699,,,,,,,0.6481162309646606,,,,,,
22,,,32719,,,,,,,0.796627402305603,,,,,,
22,,,32739,,,,,,,0.6854540109634399,,,,,,
22,,,32759,,,,,,,0.9371479749679565,,,,,,
22,,,32779,,,,,,,0.6243361234664917,,,,,,
22,,,32799,,,,,,,0.7027567028999329,,,,,,
22,,,32819,,,,,,,0.6357787847518921,,,,,,
22,,,32839,,,,,,,0.7604137659072876,,,,,,
22,,,32859,,,,,,,0.5868687033653259,,,,,,
22,,,32879,,,,,,,0.566082775592804,,,,,,
22,,,32899,,,,,,,0.6887334585189819,,,,,,
22,,,32919,,,,,,,0.8686636686325073,,,,,,
22,,,32939,,,,,,,0.5937902927398682,,,,,,
22,,,32959,,,,,,,0.7943331003189087,,,,,,
22,,,32979,,,,,,,0.79001384973526,,,,,,
22,,,32999,,,,,,,0.6720757484436035,,,,,,
22,,,33004,,,,,,,,0.39333468675613403,0.344626247882843,10.278196334838867,0.2362683266401291,0.37739455699920654,0.39333468675613403
22,,,33004,,,,,0.7474958300590515,0.7585414052009583,,,,,,,
,0.00013773240094685338,0.00013773240094685338,33005,,,,,,,,,,,,,
23,,,33019,,,,,,,0.9076882004737854,,,,,,
23,,,33039,,,,,,,0.6963163614273071,,,,,,
23,,,33059,,,,,,,0.7675244808197021,,,,,,
23,,,33079,,,,,,,0.6064900755882263,,,,,,
23,,,33099,,,,,,,0.7123422622680664,,,,,,
23,,,33119,,,,,,,0.7005112171173096,,,,,,
23,,,33139,,,,,,,0.6265146136283875,,,,,,
23,,,33159,,,,,,,0.7024253010749817,,,,,,
23,,,33179,,,,,,,0.8579157590866089,,,,,,
23,,,33199,,,,,,,0.8384389877319336,,,,,,
23,,,33219,,,,,,,0.8509023189544678,,,,,,
23,,,33239,,,,,,,0.8172010183334351,,,,,,
23,,,33259,,,,,,,0.8042274713516235,,,,,,
23,,,33279,,,,,,,0.8437927961349487,,,,,,
23,,,33299,,,,,,,0.8319270610809326,,,,,,
23,,,33319,,,,,,,0.7019857168197632,,,,,,
23,,,33339,,,,,,,0.6944500207901001,,,,,,
23,,,33359,,,,,,,0.9332504868507385,,,,,,
23,,,33379,,,,,,,0.8787820935249329,,,,,,
23,,,33399,,,,,,,0.7254871129989624,,,,,,
23,,,33419,,,,,,,0.9100852608680725,,,,,,
23,,,33439,,,,,,,0.6576976776123047,,,,,,
23,,,33459,,,,,,,0.7663209438323975,,,,,,
23,,,33479,,,,,,,0.7040717005729675,,,,,,
23,,,33499,,,,,,,0.7169616222381592,,,,,,
23,,,33519,,,,,,,0.6552051305770874,,,,,,
23,,,33539,,,,,,,0.7148751020431519,,,,,,
23,,,33559,,,,,,,0.7588021755218506,,,,,,
23,,,33579,,,,,,,0.6755931973457336,,,,,,
23,,,33599,,,,,,,0.8495271801948547,,,,,,
23,,,33619,,,,,,,0.6801668405532837,,,,,,
23,,,33639,,,,,,,0.7400095462799072,,,,,,
23,,,33659,,,,,,,0.698237419128418,,,,,,
23,,,33679,,,,,,,0.6169255971908569,,,,,,
23,,,33699,,,,,,,0.8773024678230286,,,,,,
23,,,33719,,,,,,,0.8809324502944946,,,,,,
23,,,33739,,,,,,,0.7060097455978394,,,,,,
23,,,33759,,,,,,,0.7737348675727844,,,,,,
23,,,33779,,,,,,,0.7920837998390198,,,,,,
23,,,33799,,,,,,,0.6257599592208862,,,,,,
23,,,33819,,,,,,,0.47568628191947937,,,,,,
23,,,33839,,,,,,,0.6515254974365234,,,,,,
23,,,33859,,,,,,,0.894093930721283,,,,,,
23,,,33879,,,,,,,0.8323513865470886,,,,,,
23,,,33899,,,,,,,0.820366621017456,,,,,,
23,,,33919,,,,,,,0.6371686458587646,,,,,,
23,,,33939,,,,,,,0.7895422577857971,,,,,,
23,,,33959,,,,,,,0.7650582790374756,,,,,,
23,,,33979,,,,,,,0.7459830045700073,,,,,,
23,,,33999,,,,,,,0.8354546427726746,,,,,,
23,,,34019,,,,,,,0.8652406930923462,,,,,,
23,,,34039,,,,,,,0.6682286858558655,,,,,,
23,,,34059,,,,,,,0.7661725282669067,,,,,,
23,,,34079,,,,,,,0.6528753042221069,,,,,,
23,,,34099,,,,,,,0.7518694400787354,,,,,,
23,,,34119,,,,,,,0.7279223799705505,,,,,,
23,,,34139,,,,,,,0.8283897638320923,,,,,,
23,,,34159,,,,,,,0.6188297867774963,,,,,,
23,,,34179,,,,,,,0.8817524313926697,,,,,,
23,,,34199,,,,,,,0.6854501962661743,,,,,,
23,,,34219,,,,,,,0.6581206917762756,,,,,,
23,,,34239,,,,,,,0.5652310252189636,,,,,,
23,,,34259,,,,,,,0.7188106775283813,,,,,,
23,,,34279,,,,,,,0.7651145458221436,,,,,,
23,,,34299,,,,,,,0.6390558481216431,,,,,,
23,,,34319,,,,,,,0.6541061401367188,,,,,,
23,,,34339,,,,,,,0.813541054725647,,,,,,
23,,,34359,,,,,,,0.614897608757019,,,,,,
23,,,34379,,,,,,,0.6719319820404053,,,,,,
23,,,34399,,,,,,,0.6085265278816223,,,,,,
23,,,34419,,,,,,,0.6798558235168457,,,,,,
23,,,34439,,,,,,,0.6750659942626953,,,,,,
23,,,34439,,,,,,,,0.38713040947914124,0.33348721265792847,10.80574893951416,0.2207113355398178,0.35691580176353455,0.38713040947914124
23,,,34439,,,,,0.7471036911010742,0.7556857466697693,,,,,,,
,0.00013658295028206395,0.00013658295028206395,34440,,,,,,,,,,,,,
24,,,34459,,,,,,,0.7153010368347168,,,,,,
24,,,34479,,,,,,,0.7045708894729614,,,,,,
24,,,34499,,,,,,,0.5533221960067749,,,,,,
24,,,34519,,,,,,,0.9283334016799927,,,,,,
24,,,34539,,,,,,,0.8970155119895935,,,,,,
24,,,34559,,,,,,,0.7659993767738342,,,,,,
24,,,34579,,,,,,,0.6799230575561523,,,,,,
24,,,34599,,,,,,,0.6197830438613892,,,,,,
24,,,34619,,,,,,,0.8513847589492798,,,,,,
24,,,34639,,,,,,,0.6845155954360962,,,,,,
24,,,34659,,,,,,,0.5903702974319458,,,,,,
24,,,34679,,,,,,,0.8188790678977966,,,,,,
24,,,34699,,,,,,,0.7301338911056519,,,,,,
24,,,34719,,,,,,,0.5903171896934509,,,,,,
24,,,34739,,,,,,,0.7059388160705566,,,,,,
24,,,34759,,,,,,,0.7515641450881958,,,,,,
24,,,34779,,,,,,,0.7283456921577454,,,,,,
24,,,34799,,,,,,,0.8301981687545776,,,,,,
24,,,34819,,,,,,,0.7408655285835266,,,,,,
24,,,34839,,,,,,,0.7152734994888306,,,,,,
24,,,34859,,,,,,,0.7302393913269043,,,,,,
24,,,34879,,,,,,,0.8901393413543701,,,,,,
24,,,34899,,,,,,,0.800419807434082,,,,,,
24,,,34919,,,,,,,0.8794106245040894,,,,,,
24,,,34939,,,,,,,0.9022167921066284,,,,,,
24,,,34959,,,,,,,0.8223303556442261,,,,,,
24,,,34979,,,,,,,0.8653360605239868,,,,,,
24,,,34999,,,,,,,0.836144745349884,,,,,,
24,,,35019,,,,,,,0.8301692008972168,,,,,,
24,,,35039,,,,,,,0.7291208505630493,,,,,,
24,,,35059,,,,,,,0.7021493911743164,,,,,,
24,,,35079,,,,,,,0.47459524869918823,,,,,,
24,,,35099,,,,,,,0.5823174715042114,,,,,,
24,,,35119,,,,,,,0.7609974145889282,,,,,,
24,,,35139,,,,,,,0.8366376161575317,,,,,,
24,,,35159,,,,,,,0.6886061429977417,,,,,,
24,,,35179,,,,,,,0.6744927167892456,,,,,,
24,,,35199,,,,,,,0.783926248550415,,,,,,
24,,,35219,,,,,,,0.7879836559295654,,,,,,
24,,,35239,,,,,,,0.7381646633148193,,,,,,
24,,,35259,,,,,,,0.7608747482299805,,,,,,
24,,,35279,,,,,,,0.7911186218261719,,,,,,
24,,,35299,,,,,,,0.8196738958358765,,,,,,
24,,,35319,,,,,,,0.5633245706558228,,,,,,
24,,,35339,,,,,,,0.8128528594970703,,,,,,
24,,,35359,,,,,,,0.6221106052398682,,,,,,
24,,,35379,,,,,,,0.6165058016777039,,,,,,
24,,,35399,,,,,,,0.6503791809082031,,,,,,
24,,,35419,,,,,,,0.9194591045379639,,,,,,
24,,,35439,,,,,,,0.6759041547775269,,,,,,
24,,,35459,,,,,,,0.5405426025390625,,,,,,
24,,,35479,,,,,,,0.5856478214263916,,,,,,
24,,,35499,,,,,,,0.6839406490325928,,,,,,
24,,,35519,,,,,,,0.8591312766075134,,,,,,
24,,,35539,,,,,,,0.7298388481140137,,,,,,
24,,,35559,,,,,,,0.7501574754714966,,,,,,
24,,,35579,,,,,,,0.6799917817115784,,,,,,
24,,,35599,,,,,,,0.9179576635360718,,,,,,
24,,,35619,,,,,,,0.7555829286575317,,,,,,
24,,,35639,,,,,,,0.7496269941329956,,,,,,
24,,,35659,,,,,,,0.8364549279212952,,,,,,
24,,,35679,,,,,,,0.6998789310455322,,,,,,
24,,,35699,,,,,,,0.7201480865478516,,,,,,
24,,,35719,,,,,,,0.827533483505249,,,,,,
24,,,35739,,,,,,,0.6019896268844604,,,,,,
24,,,35759,,,,,,,0.7351949214935303,,,,,,
24,,,35779,,,,,,,0.8374226093292236,,,,,,
24,,,35799,,,,,,,0.6131032705307007,,,,,,
24,,,35819,,,,,,,0.6223284006118774,,,,,,
24,,,35839,,,,,,,0.6638785600662231,,,,,,
24,,,35859,,,,,,,0.7079330682754517,,,,,,
24,,,35874,,,,,,,,0.3850352168083191,0.32486391067504883,10.703755378723145,0.21657073497772217,0.35540875792503357,0.3850352168083191
24,,,35874,,,,,0.7475607991218567,0.7539975047111511,,,,,,,
,0.00013535546922109867,0.00013535546922109867,35875,,,,,,,,,,,,,
25,,,35879,,,,,,,0.7169945240020752,,,,,,
25,,,35899,,,,,,,0.7525550127029419,,,,,,
25,,,35919,,,,,,,0.692703366279602,,,,,,
25,,,35939,,,,,,,0.653754711151123,,,,,,
25,,,35959,,,,,,,0.6754593849182129,,,,,,
25,,,35979,,,,,,,0.6161494851112366,,,,,,
25,,,35999,,,,,,,0.6318439245223999,,,,,,
25,,,36019,,,,,,,0.5933532118797302,,,,,,
25,,,36039,,,,,,,0.7567965984344482,,,,,,
25,,,36059,,,,,,,0.9378607869148254,,,,,,
25,,,36079,,,,,,,0.7572050094604492,,,,,,
25,,,36099,,,,,,,0.8278461694717407,,,,,,
25,,,36119,,,,,,,0.8190464973449707,,,,,,
25,,,36139,,,,,,,0.8975582122802734,,,,,,
25,,,36159,,,,,,,0.624424397945404,,,,,,
25,,,36179,,,,,,,0.7553666830062866,,,,,,
25,,,36199,,,,,,,0.708957314491272,,,,,,
25,,,36219,,,,,,,0.8225459456443787,,,,,,
25,,,36239,,,,,,,0.8035542964935303,,,,,,
25,,,36259,,,,,,,0.8304265141487122,,,,,,
25,,,36279,,,,,,,0.6521745920181274,,,,,,
25,,,36299,,,,,,,0.781051516532898,,,,,,
25,,,36319,,,,,,,0.7920617461204529,,,,,,
25,,,36339,,,,,,,0.7989582419395447,,,,,,
25,,,36359,,,,,,,0.7234883308410645,,,,,,
25,,,36379,,,,,,,0.5969694256782532,,,,,,
25,,,36399,,,,,,,0.8013244867324829,,,,,,
25,,,36419,,,,,,,0.6592909097671509,,,,,,
25,,,36439,,,,,,,0.6594808101654053,,,,,,
25,,,36459,,,,,,,0.7083265781402588,,,,,,
25,,,36479,,,,,,,0.677480936050415,,,,,,
25,,,36499,,,,,,,0.6481161713600159,,,,,,
25,,,36519,,,,,,,0.8539006114006042,,,,,,
25,,,36539,,,,,,,0.6992387771606445,,,,,,
25,,,36559,,,,,,,0.6453169584274292,,,,,,
25,,,36579,,,,,,,0.7685850858688354,,,,,,
25,,,36599,,,,,,,0.9324979782104492,,,,,,
25,,,36619,,,,,,,0.8122445344924927,,,,,,
25,,,36639,,,,,,,0.675762951374054,,,,,,
25,,,36659,,,,,,,0.6353079080581665,,,,,,
25,,,36679,,,,,,,0.8527034521102905,,,,,,
25,,,36699,,,,,,,0.7460604310035706,,,,,,
25,,,36719,,,,,,,0.8179836869239807,,,,,,
25,,,36739,,,,,,,0.8826321363449097,,,,,,
25,,,36759,,,,,,,0.8141516447067261,,,,,,
25,,,36779,,,,,,,0.6695390343666077,,,,,,
25,,,36799,,,,,,,1.0377603769302368,,,,,,
25,,,36819,,,,,,,0.6699033975601196,,,,,,
25,,,36839,,,,,,,0.6426801085472107,,,,,,
25,,,36859,,,,,,,0.6904990673065186,,,,,,
25,,,36879,,,,,,,0.8467767238616943,,,,,,
25,,,36899,,,,,,,0.7074054479598999,,,,,,
25,,,36919,,,,,,,0.7813953161239624,,,,,,
25,,,36939,,,,,,,0.8047485947608948,,,,,,
25,,,36959,,,,,,,0.7773779630661011,,,,,,
25,,,36979,,,,,,,0.8148523569107056,,,,,,
25,,,36999,,,,,,,0.5900681018829346,,,,,,
25,,,37019,,,,,,,0.9888083338737488,,,,,,
25,,,37039,,,,,,,0.7455706596374512,,,,,,
25,,,37059,,,,,,,0.7461965084075928,,,,,,
25,,,37079,,,,,,,0.7519544363021851,,,,,,
25,,,37099,,,,,,,0.6679443717002869,,,,,,
25,,,37119,,,,,,,0.44697052240371704,,,,,,
25,,,37139,,,,,,,0.7975298762321472,,,,,,
25,,,37159,,,,,,,0.8372509479522705,,,,,,
25,,,37179,,,,,,,0.7225825190544128,,,,,,
25,,,37199,,,,,,,0.5903416872024536,,,,,,
25,,,37219,,,,,,,0.7927606105804443,,,,,,
25,,,37239,,,,,,,0.6183518171310425,,,,,,
25,,,37259,,,,,,,0.8344272375106812,,,,,,
25,,,37279,,,,,,,0.8554431796073914,,,,,,
25,,,37299,,,,,,,0.6997826099395752,,,,,,
25,,,37309,,,,,,,,0.38639315962791443,0.3284037113189697,10.138779640197754,0.22474004328250885,0.36889541149139404,0.38639315962791443
25,,,37309,,,,,0.7480617165565491,0.7530449628829956,,,,,,,
,0.00013405145326055132,0.00013405145326055132,37310,,,,,,,,,,,,,
26,,,37319,,,,,,,0.7055691480636597,,,,,,
26,,,37339,,,,,,,0.8234257102012634,,,,,,
26,,,37359,,,,,,,0.8334977626800537,,,,,,
26,,,37379,,,,,,,0.9836689829826355,,,,,,
26,,,37399,,,,,,,0.982046365737915,,,,,,
26,,,37419,,,,,,,0.736013650894165,,,,,,
26,,,37439,,,,,,,0.7823755145072937,,,,,,
26,,,37459,,,,,,,0.6802418828010559,,,,,,
26,,,37479,,,,,,,0.9533394575119019,,,,,,
26,,,37499,,,,,,,0.6940534114837646,,,,,,
26,,,37519,,,,,,,0.6674851179122925,,,,,,
26,,,37539,,,,,,,0.7395647764205933,,,,,,
26,,,37559,,,,,,,0.7754933834075928,,,,,,
26,,,37579,,,,,,,0.523195743560791,,,,,,
26,,,37599,,,,,,,0.6885154247283936,,,,,,
26,,,37619,,,,,,,0.9750968813896179,,,,,,
26,,,37639,,,,,,,0.7310358881950378,,,,,,
26,,,37659,,,,,,,0.7646899223327637,,,,,,
26,,,37679,,,,,,,0.7082724571228027,,,,,,
26,,,37699,,,,,,,0.7332422137260437,,,,,,
26,,,37719,,,,,,,0.8470532894134521,,,,,,
26,,,37739,,,,,,,0.7004252672195435,,,,,,
26,,,37759,,,,,,,0.5892053842544556,,,,,,
26,,,37779,,,,,,,0.6660430431365967,,,,,,
26,,,37799,,,,,,,0.5874696373939514,,,,,,
26,,,37819,,,,,,,0.7099401950836182,,,,,,
26,,,37839,,,,,,,0.6775801181793213,,,,,,
26,,,37859,,,,,,,0.7255401611328125,,,,,,
26,,,37879,,,,,,,0.5893025398254395,,,,,,
26,,,37899,,,,,,,0.9093444347381592,,,,,,
26,,,37919,,,,,,,0.741593062877655,,,,,,
26,,,37939,,,,,,,0.74726402759552,,,,,,
26,,,37959,,,,,,,0.8980488777160645,,,,,,
26,,,37979,,,,,,,0.6344025135040283,,,,,,
26,,,37999,,,,,,,0.6715762615203857,,,,,,
26,,,38019,,,,,,,0.744671106338501,,,,,,
26,,,38039,,,,,,,0.5789847373962402,,,,,,
26,,,38059,,,,,,,0.7247105836868286,,,,,,
26,,,38079,,,,,,,0.7855418920516968,,,,,,
26,,,38099,,,,,,,0.7944818735122681,,,,,,
26,,,38119,,,,,,,0.7653094530105591,,,,,,
26,,,38139,,,,,,,0.7900720834732056,,,,,,
26,,,38159,,,,,,,0.547931969165802,,,,,,
26,,,38179,,,,,,,0.7663109302520752,,,,,,
26,,,38199,,,,,,,0.7122839093208313,,,,,,
26,,,38219,,,,,,,0.7004694938659668,,,,,,
26,,,38239,,,,,,,0.691592276096344,,,,,,
26,,,38259,,,,,,,0.8878593444824219,,,,,,
26,,,38279,,,,,,,0.6504470109939575,,,,,,
26,,,38299,,,,,,,0.659794270992279,,,,,,
26,,,38319,,,,,,,0.6750558614730835,,,,,,
26,,,38339,,,,,,,0.7747902870178223,,,,,,
26,,,38359,,,,,,,1.0102760791778564,,,,,,
26,,,38379,,,,,,,0.8755329847335815,,,,,,
26,,,38399,,,,,,,0.7709311246871948,,,,,,
26,,,38419,,,,,,,0.6640243530273438,,,,,,
26,,,38439,,,,,,,0.7968436479568481,,,,,,
26,,,38459,,,,,,,0.7494341731071472,,,,,,
26,,,38479,,,,,,,0.7302001714706421,,,,,,
26,,,38499,,,,,,,0.8998513221740723,,,,,,
26,,,38519,,,,,,,0.7532567977905273,,,,,,
26,,,38539,,,,,,,1.0334233045578003,,,,,,
26,,,38559,,,,,,,0.8550668954849243,,,,,,
26,,,38579,,,,,,,0.8636388778686523,,,,,,
26,,,38599,,,,,,,0.6327201724052429,,,,,,
26,,,38619,,,,,,,0.6638108491897583,,,,,,
26,,,38639,,,,,,,0.5699215531349182,,,,,,
26,,,38659,,,,,,,0.6143480539321899,,,,,,
26,,,38679,,,,,,,0.548705518245697,,,,,,
26,,,38699,,,,,,,0.7212015390396118,,,,,,
26,,,38719,,,,,,,0.608222484588623,,,,,,
26,,,38739,,,,,,,0.6576999425888062,,,,,,
26,,,38744,,,,,,,,0.39803892374038696,0.34290552139282227,10.14632511138916,0.23963606357574463,0.37350207567214966,0.39803892374038696
26,,,38744,,,,,0.7482796311378479,0.7559396028518677,,,,,,,
,0.00013267249114300161,0.00013267249114300161,38745,,,,,,,,,,,,,
27,,,38759,,,,,,,0.6889326572418213,,,,,,
27,,,38779,,,,,,,0.8113714456558228,,,,,,
27,,,38799,,,,,,,0.8363125324249268,,,,,,
27,,,38819,,,,,,,0.6948548555374146,,,,,,
27,,,38839,,,,,,,0.7023148536682129,,,,,,
27,,,38859,,,,,,,0.9060667753219604,,,,,,
27,,,38879,,,,,,,0.6455674171447754,,,,,,
27,,,38899,,,,,,,0.7214806079864502,,,,,,
27,,,38919,,,,,,,0.7808831930160522,,,,,,
27,,,38939,,,,,,,0.6240198612213135,,,,,,
27,,,38959,,,,,,,0.7233299016952515,,,,,,
27,,,38979,,,,,,,0.8131512999534607,,,,,,
27,,,38999,,,,,,,0.8905844688415527,,,,,,
27,,,39019,,,,,,,0.7619186043739319,,,,,,
27,,,39039,,,,,,,0.651721179485321,,,,,,
27,,,39059,,,,,,,0.7808021903038025,,,,,,
27,,,39079,,,,,,,0.7353323698043823,,,,,,
27,,,39099,,,,,,,1.0961241722106934,,,,,,
27,,,39119,,,,,,,0.7707454562187195,,,,,,
27,,,39139,,,,,,,0.7498208284378052,,,,,,
27,,,39159,,,,,,,0.9041061401367188,,,,,,
27,,,39179,,,,,,,0.7225642204284668,,,,,,
27,,,39199,,,,,,,0.6938211917877197,,,,,,
27,,,39219,,,,,,,0.814368486404419,,,,,,
27,,,39239,,,,,,,0.6862562894821167,,,,,,
27,,,39259,,,,,,,0.7114861011505127,,,,,,
27,,,39279,,,,,,,0.8927724361419678,,,,,,
27,,,39299,,,,,,,0.7331374287605286,,,,,,
27,,,39319,,,,,,,0.9596644043922424,,,,,,
27,,,39339,,,,,,,0.7707449793815613,,,,,,
27,,,39359,,,,,,,0.8064606189727783,,,,,,
27,,,39379,,,,,,,0.6719697713851929,,,,,,
27,,,39399,,,,,,,0.8717644810676575,,,,,,
27,,,39419,,,,,,,0.6275955438613892,,,,,,
27,,,39439,,,,,,,0.7580127716064453,,,,,,
27,,,39459,,,,,,,0.7153304815292358,,,,,,
27,,,39479,,,,,,,0.7368185520172119,,,,,,
27,,,39499,,,,,,,0.7738165259361267,,,,,,
27,,,39519,,,,,,,0.7998384237289429,,,,,,
27,,,39539,,,,,,,0.8049508333206177,,,,,,
27,,,39559,,,,,,,0.769312858581543,,,,,,
27,,,39579,,,,,,,0.9039255380630493,,,,,,
27,,,39599,,,,,,,0.7396429181098938,,,,,,
27,,,39619,,,,,,,0.6180293560028076,,,,,,
27,,,39639,,,,,,,0.6693741083145142,,,,,,
27,,,39659,,,,,,,0.8829654455184937,,,,,,
27,,,39679,,,,,,,0.6780644059181213,,,,,,
27,,,39699,,,,,,,0.6549909114837646,,,,,,
27,,,39719,,,,,,,0.604719877243042,,,,,,
27,,,39739,,,,,,,0.8841729164123535,,,,,,
27,,,39759,,,,,,,0.6354703307151794,,,,,,
27,,,39779,,,,,,,0.5870785713195801,,,,,,
27,,,39799,,,,,,,0.7813950777053833,,,,,,
27,,,39819,,,,,,,0.7301193475723267,,,,,,
27,,,39839,,,,,,,0.914383053779602,,,,,,
27,,,39859,,,,,,,0.5766396522521973,,,,,,
27,,,39879,,,,,,,0.8207014799118042,,,,,,
27,,,39899,,,,,,,0.6586329936981201,,,,,,
27,,,39919,,,,,,,0.8023927807807922,,,,,,
27,,,39939,,,,,,,0.5745224952697754,,,,,,
27,,,39959,,,,,,,0.6641547679901123,,,,,,
27,,,39979,,,,,,,0.7967311143875122,,,,,,
27,,,39999,,,,,,,0.8266387581825256,,,,,,
27,,,40019,,,,,,,0.8921636343002319,,,,,,
27,,,40039,,,,,,,0.6795650720596313,,,,,,
27,,,40059,,,,,,,0.6324144601821899,,,,,,
27,,,40079,,,,,,,0.8757646679878235,,,,,,
27,,,40099,,,,,,,0.855699360370636,,,,,,
27,,,40119,,,,,,,0.9069902300834656,,,,,,
27,,,40139,,,,,,,0.8665376305580139,,,,,,
27,,,40159,,,,,,,0.9628986120223999,,,,,,
27,,,40179,,,,,,,0.6728283762931824,,,,,,
27,,,40179,,,,,,,,0.40202808380126953,0.3521885573863983,10.309196472167969,0.25087642669677734,0.38770297169685364,0.40202808380126953
27,,,40179,,,,,0.7481054067611694,0.750029444694519,,,,,,,
,0.00013122026292137695,0.00013122026292137695,40180,,,,,,,,,,,,,
28,,,40199,,,,,,,0.7547165155410767,,,,,,
28,,,40219,,,,,,,0.7199538350105286,,,,,,
28,,,40239,,,,,,,0.8055180311203003,,,,,,
28,,,40259,,,,,,,0.7910925149917603,,,,,,
28,,,40279,,,,,,,0.7681179046630859,,,,,,
28,,,40299,,,,,,,0.8004981279373169,,,,,,
28,,,40319,,,,,,,0.6310256719589233,,,,,,
28,,,40339,,,,,,,0.764002799987793,,,,,,
28,,,40359,,,,,,,0.9227375984191895,,,,,,
28,,,40379,,,,,,,0.6986193656921387,,,,,,
28,,,40399,,,,,,,0.6838915944099426,,,,,,
28,,,40419,,,,,,,0.7854586243629456,,,,,,
28,,,40439,,,,,,,0.8077864646911621,,,,,,
28,,,40459,,,,,,,0.709358811378479,,,,,,
28,,,40479,,,,,,,0.7919291257858276,,,,,,
28,,,40499,,,,,,,0.7617827653884888,,,,,,
28,,,40519,,,,,,,0.6768225431442261,,,,,,
28,,,40539,,,,,,,0.5878906846046448,,,,,,
28,,,40559,,,,,,,0.7023904919624329,,,,,,
28,,,40579,,,,,,,0.7444508075714111,,,,,,
28,,,40599,,,,,,,0.7502349019050598,,,,,,
28,,,40619,,,,,,,0.7290191054344177,,,,,,
28,,,40639,,,,,,,0.5228302478790283,,,,,,
28,,,40659,,,,,,,0.8036456108093262,,,,,,
28,,,40679,,,,,,,0.8549827337265015,,,,,,
28,,,40699,,,,,,,0.754041314125061,,,,,,
28,,,40719,,,,,,,0.9177281856536865,,,,,,
28,,,40739,,,,,,,0.6322594881057739,,,,,,
28,,,40759,,,,,,,0.7920181155204773,,,,,,
28,,,40779,,,,,,,0.7088895440101624,,,,,,
28,,,40799,,,,,,,0.833856463432312,,,,,,
28,,,40819,,,,,,,0.9048750400543213,,,,,,
28,,,40839,,,,,,,0.7598514556884766,,,,,,
28,,,40859,,,,,,,0.6921894550323486,,,,,,
28,,,40879,,,,,,,0.6573851704597473,,,,,,
28,,,40899,,,,,,,0.7806349992752075,,,,,,
28,,,40919,,,,,,,0.7775806784629822,,,,,,
28,,,40939,,,,,,,0.6757396459579468,,,,,,
28,,,40959,,,,,,,0.7017070055007935,,,,,,
28,,,40979,,,,,,,0.7662003636360168,,,,,,
28,,,40999,,,,,,,0.6368227005004883,,,,,,
28,,,41019,,,,,,,0.8146573305130005,,,,,,
28,,,41039,,,,,,,0.7532094717025757,,,,,,
28,,,41059,,,,,,,0.7757374048233032,,,,,,
28,,,41079,,,,,,,0.7740108966827393,,,,,,
28,,,41099,,,,,,,0.6921947598457336,,,,,,
28,,,41119,,,,,,,0.8409028053283691,,,,,,
28,,,41139,,,,,,,0.6092479825019836,,,,,,
28,,,41159,,,,,,,0.8883686661720276,,,,,,
28,,,41179,,,,,,,0.7074424624443054,,,,,,
28,,,41199,,,,,,,0.6163989901542664,,,,,,
28,,,41219,,,,,,,0.9388088583946228,,,,,,
28,,,41239,,,,,,,0.8728278279304504,,,,,,
28,,,41259,,,,,,,0.8023736476898193,,,,,,
28,,,41279,,,,,,,0.7971056699752808,,,,,,
28,,,41299,,,,,,,0.6991485357284546,,,,,,
28,,,41319,,,,,,,0.7869210243225098,,,,,,
28,,,41339,,,,,,,0.6899689435958862,,,,,,
28,,,41359,,,,,,,0.9137239456176758,,,,,,
28,,,41379,,,,,,,0.9423637390136719,,,,,,
28,,,41399,,,,,,,0.7019200325012207,,,,,,
28,,,41419,,,,,,,0.7807689905166626,,,,,,
28,,,41439,,,,,,,1.0690258741378784,,,,,,
28,,,41459,,,,,,,0.6029376983642578,,,,,,
28,,,41479,,,,,,,0.5965303182601929,,,,,,
28,,,41499,,,,,,,0.7355810403823853,,,,,,
28,,,41519,,,,,,,0.8474878072738647,,,,,,
28,,,41539,,,,,,,0.693864643573761,,,,,,
28,,,41559,,,,,,,0.5147291421890259,,,,,,
28,,,41579,,,,,,,0.694725513458252,,,,,,
28,,,41599,,,,,,,0.9324795007705688,,,,,,
28,,,41614,,,,,,,,0.42238694429397583,0.3656444847583771,10.09325122833252,0.2744448184967041,0.39717715978622437,0.42238694429397583
28,,,41614,,,,,0.7476482391357422,0.7508977651596069,,,,,,,
,0.00012969653791206672,0.00012969653791206672,41615,,,,,,,,,,,,,
29,,,41619,,,,,,,1.1686484813690186,,,,,,
29,,,41639,,,,,,,0.8861294984817505,,,,,,
29,,,41659,,,,,,,0.7645019292831421,,,,,,
29,,,41679,,,,,,,0.9254175424575806,,,,,,
29,,,41699,,,,,,,0.7942582368850708,,,,,,
29,,,41719,,,,,,,0.8585024476051331,,,,,,
29,,,41739,,,,,,,0.7765549421310425,,,,,,
29,,,41759,,,,,,,0.821781575679779,,,,,,
29,,,41779,,,,,,,0.8090054988861084,,,,,,
29,,,41799,,,,,,,0.5361169576644897,,,,,,
29,,,41819,,,,,,,0.8290377855300903,,,,,,
29,,,41839,,,,,,,0.7871580123901367,,,,,,
29,,,41859,,,,,,,0.6927327513694763,,,,,,
29,,,41879,,,,,,,0.7536989450454712,,,,,,
29,,,41899,,,,,,,0.6464306116104126,,,,,,
29,,,41919,,,,,,,0.7067561149597168,,,,,,
29,,,41939,,,,,,,0.6106871962547302,,,,,,
29,,,41959,,,,,,,0.504167377948761,,,,,,
29,,,41979,,,,,,,0.776950478553772,,,,,,
29,,,41999,,,,,,,0.6344852447509766,,,,,,
29,,,42019,,,,,,,0.6849794387817383,,,,,,
29,,,42039,,,,,,,0.629033088684082,,,,,,
29,,,42059,,,,,,,0.818576455116272,,,,,,
29,,,42079,,,,,,,0.8089029788970947,,,,,,
29,,,42099,,,,,,,0.7359415888786316,,,,,,
29,,,42119,,,,,,,0.7315376996994019,,,,,,
29,,,42139,,,,,,,0.7381595373153687,,,,,,
29,,,42159,,,,,,,0.7235516905784607,,,,,,
29,,,42179,,,,,,,0.7490422129631042,,,,,,
29,,,42199,,,,,,,0.8952454924583435,,,,,,
29,,,42219,,,,,,,0.7534271478652954,,,,,,
29,,,42239,,,,,,,0.8164582252502441,,,,,,
29,,,42259,,,,,,,0.7461032867431641,,,,,,
29,,,42279,,,,,,,0.6458355784416199,,,,,,
29,,,42299,,,,,,,0.8172979354858398,,,,,,
29,,,42319,,,,,,,0.7412279844284058,,,,,,
29,,,42339,,,,,,,0.7054136395454407,,,,,,
29,,,42359,,,,,,,0.7458025217056274,,,,,,
29,,,42379,,,,,,,0.6185915470123291,,,,,,
29,,,42399,,,,,,,0.6596283912658691,,,,,,
29,,,42419,,,,,,,0.7177309989929199,,,,,,
29,,,42439,,,,,,,0.7003238797187805,,,,,,
29,,,42459,,,,,,,0.9101895093917847,,,,,,
29,,,42479,,,,,,,0.6600202322006226,,,,,,
29,,,42499,,,,,,,0.765231192111969,,,,,,
29,,,42519,,,,,,,0.9589343667030334,,,,,,
29,,,42539,,,,,,,0.6353564262390137,,,,,,
29,,,42559,,,,,,,0.671103835105896,,,,,,
29,,,42579,,,,,,,0.7918045520782471,,,,,,
29,,,42599,,,,,,,0.600347638130188,,,,,,
29,,,42619,,,,,,,0.5874738693237305,,,,,,
29,,,42639,,,,,,,0.6031782627105713,,,,,,
29,,,42659,,,,,,,0.6684805154800415,,,,,,
29,,,42679,,,,,,,0.8331657648086548,,,,,,
29,,,42699,,,,,,,0.7900779247283936,,,,,,
29,,,42719,,,,,,,0.7655133008956909,,,,,,
29,,,42739,,,,,,,0.8500356674194336,,,,,,
29,,,42759,,,,,,,0.759250819683075,,,,,,
29,,,42779,,,,,,,0.726234495639801,,,,,,
29,,,42799,,,,,,,0.748897135257721,,,,,,
29,,,42819,,,,,,,1.6840602159500122,,,,,,
29,,,42839,,,,,,,0.8089361190795898,,,,,,
29,,,42859,,,,,,,0.6738492250442505,,,,,,
29,,,42879,,,,,,,0.7957513332366943,,,,,,
29,,,42899,,,,,,,0.7497340440750122,,,,,,
29,,,42919,,,,,,,0.6943046450614929,,,,,,
29,,,42939,,,,,,,0.7003306746482849,,,,,,
29,,,42959,,,,,,,0.7817983627319336,,,,,,
29,,,42979,,,,,,,0.7691607475280762,,,,,,
29,,,42999,,,,,,,0.8719096183776855,,,,,,
29,,,43019,,,,,,,0.9360253810882568,,,,,,
29,,,43039,,,,,,,0.6043484210968018,,,,,,
29,,,43049,,,,,,,,0.38106873631477356,0.3390786647796631,10.732938766479492,0.22351600229740143,0.3757823407649994,0.38106873631477356
29,,,43049,,,,,0.7485409379005432,0.7486438751220703,,,,,,,
,0.00012810317253928298,0.00012810317253928298,43050,,,,,,,,,,,,,
30,,,43059,,,,,,,0.8511614799499512,,,,,,
30,,,43079,,,,,,,0.7492696046829224,,,,,,
30,,,43099,,,,,,,0.7018182277679443,,,,,,
30,,,43119,,,,,,,0.6989871859550476,,,,,,
30,,,43139,,,,,,,0.6851494312286377,,,,,,
30,,,43159,,,,,,,0.7590306997299194,,,,,,
30,,,43179,,,,,,,0.7521690130233765,,,,,,
30,,,43199,,,,,,,0.6279341578483582,,,,,,
30,,,43219,,,,,,,0.6420897245407104,,,,,,
30,,,43239,,,,,,,0.9282921552658081,,,,,,
30,,,43259,,,,,,,0.9021224975585938,,,,,,
30,,,43279,,,,,,,0.775225043296814,,,,,,
30,,,43299,,,,,,,0.9620888233184814,,,,,,
30,,,43319,,,,,,,0.6613646745681763,,,,,,
30,,,43339,,,,,,,0.6313639879226685,,,,,,
30,,,43359,,,,,,,0.8505281805992126,,,,,,
30,,,43379,,,,,,,0.7300506830215454,,,,,,
30,,,43399,,,,,,,0.675999641418457,,,,,,
30,,,43419,,,,,,,0.5908737182617188,,,,,,
30,,,43439,,,,,,,0.7005676031112671,,,,,,
30,,,43459,,,,,,,0.7622827291488647,,,,,,
30,,,43479,,,,,,,0.6448014974594116,,,,,,
30,,,43499,,,,,,,0.8115158081054688,,,,,,
30,,,43519,,,,,,,0.8301610946655273,,,,,,
30,,,43539,,,,,,,0.7504545450210571,,,,,,
30,,,43559,,,,,,,0.76808762550354,,,,,,
30,,,43579,,,,,,,0.7968931198120117,,,,,,
30,,,43599,,,,,,,0.7162266969680786,,,,,,
30,,,43619,,,,,,,0.595318078994751,,,,,,
30,,,43639,,,,,,,0.5565245747566223,,,,,,
30,,,43659,,,,,,,1.1327778100967407,,,,,,
30,,,43679,,,,,,,0.9067258834838867,,,,,,
30,,,43699,,,,,,,0.6240100264549255,,,,,,
30,,,43719,,,,,,,0.6313494443893433,,,,,,
30,,,43739,,,,,,,0.5640643239021301,,,,,,
30,,,43759,,,,,,,0.6775543689727783,,,,,,
30,,,43779,,,,,,,0.8516930937767029,,,,,,
30,,,43799,,,,,,,0.648667573928833,,,,,,
30,,,43819,,,,,,,0.5780826210975647,,,,,,
30,,,43839,,,,,,,0.8819295167922974,,,,,,
30,,,43859,,,,,,,0.8329199552536011,,,,,,
30,,,43879,,,,,,,0.5891991853713989,,,,,,
30,,,43899,,,,,,,0.8004240393638611,,,,,,
30,,,43919,,,,,,,0.6366222500801086,,,,,,
30,,,43939,,,,,,,0.6839362382888794,,,,,,
30,,,43959,,,,,,,0.9332329034805298,,,,,,
30,,,43979,,,,,,,0.8059116005897522,,,,,,
30,,,43999,,,,,,,0.6130760908126831,,,,,,
30,,,44019,,,,,,,0.783039927482605,,,,,,
30,,,44039,,,,,,,0.7290003299713135,,,,,,
30,,,44059,,,,,,,0.7754666805267334,,,,,,
30,,,44079,,,,,,,0.7964034080505371,,,,,,
30,,,44099,,,,,,,0.595733642578125,,,,,,
30,,,44119,,,,,,,0.5988345146179199,,,,,,
30,,,44139,,,,,,,0.6585996747016907,,,,,,
30,,,44159,,,,,,,0.753428041934967,,,,,,
30,,,44179,,,,,,,0.7653167247772217,,,,,,
30,,,44199,,,,,,,0.9024742245674133,,,,,,
30,,,44219,,,,,,,0.7537539005279541,,,,,,
30,,,44239,,,,,,,0.7688798308372498,,,,,,
30,,,44259,,,,,,,0.8059957027435303,,,,,,
30,,,44279,,,,,,,0.6473531126976013,,,,,,
30,,,44299,,,,,,,0.8165604472160339,,,,,,
30,,,44319,,,,,,,0.6591843962669373,,,,,,
30,,,44339,,,,,,,0.6140238642692566,,,,,,
30,,,44359,,,,,,,0.7437011003494263,,,,,,
30,,,44379,,,,,,,0.7017654180526733,,,,,,
30,,,44399,,,,,,,0.833911657333374,,,,,,
30,,,44419,,,,,,,0.6275693774223328,,,,,,
30,,,44439,,,,,,,0.9051558971405029,,,,,,
30,,,44459,,,,,,,0.6385247707366943,,,,,,
30,,,44479,,,,,,,0.571426510810852,,,,,,
30,,,44484,,,,,,,,0.3847953677177429,0.3198670446872711,10.686795234680176,0.2171068638563156,0.36671367287635803,0.3847953677177429
30,,,44484,,,,,0.7484973669052124,0.7477594614028931,,,,,,,
,0.00012644210807329334,0.00012644210807329334,44485,,,,,,,,,,,,,
31,,,44499,,,,,,,0.8515502214431763,,,,,,
31,,,44519,,,,,,,0.6559736728668213,,,,,,
31,,,44539,,,,,,,0.6019901037216187,,,,,,
31,,,44559,,,,,,,0.6787572503089905,,,,,,
31,,,44579,,,,,,,0.5769516229629517,,,,,,
31,,,44599,,,,,,,0.8654796481132507,,,,,,
31,,,44619,,,,,,,0.7675634622573853,,,,,,
31,,,44639,,,,,,,0.8808146715164185,,,,,,
31,,,44659,,,,,,,0.570457935333252,,,,,,
31,,,44679,,,,,,,0.7171690464019775,,,,,,
31,,,44699,,,,,,,0.7735495567321777,,,,,,
31,,,44719,,,,,,,0.9732762575149536,,,,,,
31,,,44739,,,,,,,0.6943594217300415,,,,,,
31,,,44759,,,,,,,0.9594483971595764,,,,,,
31,,,44779,,,,,,,0.6702337861061096,,,,,,
31,,,44799,,,,,,,0.8257306814193726,,,,,,
31,,,44819,,,,,,,0.7390542030334473,,,,,,
31,,,44839,,,,,,,0.82718825340271,,,,,,
31,,,44859,,,,,,,0.6668563485145569,,,,,,
31,,,44879,,,,,,,0.6370354294776917,,,,,,
31,,,44899,,,,,,,0.7654132843017578,,,,,,
31,,,44919,,,,,,,0.818454921245575,,,,,,
31,,,44939,,,,,,,0.6143125295639038,,,,,,
31,,,44959,,,,,,,0.8549057841300964,,,,,,
31,,,44979,,,,,,,0.7833342552185059,,,,,,
31,,,44999,,,,,,,0.6411474943161011,,,,,,
31,,,45019,,,,,,,0.7330589890480042,,,,,,
31,,,45039,,,,,,,0.7348921298980713,,,,,,
31,,,45059,,,,,,,0.6442579030990601,,,,,,
31,,,45079,,,,,,,0.7690002918243408,,,,,,
31,,,45099,,,,,,,0.6648435592651367,,,,,,
31,,,45119,,,,,,,0.838472843170166,,,,,,
31,,,45139,,,,,,,0.8270230889320374,,,,,,
31,,,45159,,,,,,,0.6554215550422668,,,,,,
31,,,45179,,,,,,,0.7976232767105103,,,,,,
31,,,45199,,,,,,,0.6333202123641968,,,,,,
31,,,45219,,,,,,,0.9476490020751953,,,,,,
31,,,45239,,,,,,,0.5375509262084961,,,,,,
31,,,45259,,,,,,,0.9729946851730347,,,,,,
31,,,45279,,,,,,,0.6986303329467773,,,,,,
31,,,45299,,,,,,,0.8189802169799805,,,,,,
31,,,45319,,,,,,,0.755856990814209,,,,,,
31,,,45339,,,,,,,0.745689332485199,,,,,,
31,,,45359,,,,,,,0.7285219430923462,,,,,,
31,,,45379,,,,,,,0.6485357880592346,,,,,,
31,,,45399,,,,,,,0.6977789998054504,,,,,,
31,,,45419,,,,,,,0.5730897188186646,,,,,,
31,,,45439,,,,,,,0.9308499693870544,,,,,,
31,,,45459,,,,,,,0.867871880531311,,,,,,
31,,,45479,,,,,,,0.8037784099578857,,,,,,
31,,,45499,,,,,,,0.6792885065078735,,,,,,
31,,,45519,,,,,,,0.7760932445526123,,,,,,
31,,,45539,,,,,,,0.7714705467224121,,,,,,
31,,,45559,,,,,,,0.6985058188438416,,,,,,
31,,,45579,,,,,,,0.746371865272522,,,,,,
31,,,45599,,,,,,,0.7568334341049194,,,,,,
31,,,45619,,,,,,,0.8345624208450317,,,,,,
31,,,45639,,,,,,,0.9248220920562744,,,,,,
31,,,45659,,,,,,,0.7944679260253906,,,,,,
31,,,45679,,,,,,,0.8536941409111023,,,,,,
31,,,45699,,,,,,,0.8054389953613281,,,,,,
31,,,45719,,,,,,,0.6023950576782227,,,,,,
31,,,45739,,,,,,,0.6880538463592529,,,,,,
31,,,45759,,,,,,,0.6596277952194214,,,,,,
31,,,45779,,,,,,,0.6167998313903809,,,,,,
31,,,45799,,,,,,,1.0174627304077148,,,,,,
31,,,45819,,,,,,,0.6495872735977173,,,,,,
31,,,45839,,,,,,,1.0125712156295776,,,,,,
31,,,45859,,,,,,,0.6969922780990601,,,,,,
31,,,45879,,,,,,,0.6378432512283325,,,,,,
31,,,45899,,,,,,,0.9003735780715942,,,,,,
31,,,45919,,,,,,,0.5659221410751343,,,,,,
31,,,45919,,,,,,,,0.35974347591400146,0.30395761132240295,11.506426811218262,0.17863792181015015,0.33711132407188416,0.35974347591400146
31,,,45919,,,,,0.7484100461006165,0.7476806640625,,,,,,,
,0.00012471536826528222,0.00012471536826528222,45920,,,,,,,,,,,,,
32,,,45939,,,,,,,0.7570585608482361,,,,,,
32,,,45959,,,,,,,0.684009850025177,,,,,,
32,,,45979,,,,,,,0.7156654596328735,,,,,,
32,,,45999,,,,,,,0.5738098621368408,,,,,,
32,,,46019,,,,,,,0.8758535385131836,,,,,,
32,,,46039,,,,,,,0.5613189935684204,,,,,,
32,,,46059,,,,,,,0.6260566711425781,,,,,,
32,,,46079,,,,,,,0.7564871311187744,,,,,,
32,,,46099,,,,,,,0.7289972305297852,,,,,,
32,,,46119,,,,,,,0.8599746227264404,,,,,,
32,,,46139,,,,,,,0.6186022758483887,,,,,,
32,,,46159,,,,,,,0.6550743579864502,,,,,,
32,,,46179,,,,,,,0.7923290729522705,,,,,,
32,,,46199,,,,,,,0.7660602331161499,,,,,,
32,,,46219,,,,,,,0.64137202501297,,,,,,
32,,,46239,,,,,,,0.6584109663963318,,,,,,
32,,,46259,,,,,,,0.5740922689437866,,,,,,
32,,,46279,,,,,,,0.8463102579116821,,,,,,
32,,,46299,,,,,,,0.7134963274002075,,,,,,
32,,,46319,,,,,,,0.6130905151367188,,,,,,
32,,,46339,,,,,,,0.7910522222518921,,,,,,
32,,,46359,,,,,,,0.6768876314163208,,,,,,
32,,,46379,,,,,,,0.7897059917449951,,,,,,
32,,,46399,,,,,,,0.8660639524459839,,,,,,
32,,,46419,,,,,,,0.6908571720123291,,,,,,
32,,,46439,,,,,,,0.6622658967971802,,,,,,
32,,,46459,,,,,,,0.807502031326294,,,,,,
32,,,46479,,,,,,,0.7672857046127319,,,,,,
32,,,46499,,,,,,,0.9159064292907715,,,,,,
32,,,46519,,,,,,,0.8523070812225342,,,,,,
32,,,46539,,,,,,,0.7281099557876587,,,,,,
32,,,46559,,,,,,,0.7884107232093811,,,,,,
32,,,46579,,,,,,,0.6397759914398193,,,,,,
32,,,46599,,,,,,,0.8404545187950134,,,,,,
32,,,46619,,,,,,,0.6645289063453674,,,,,,
32,,,46639,,,,,,,0.797661542892456,,,,,,
32,,,46659,,,,,,,0.9990730285644531,,,,,,
32,,,46679,,,,,,,0.7708417177200317,,,,,,
32,,,46699,,,,,,,0.6523740887641907,,,,,,
32,,,46719,,,,,,,0.6772599220275879,,,,,,
32,,,46739,,,,,,,0.8102766275405884,,,,,,
32,,,46759,,,,,,,0.795793890953064,,,,,,
32,,,46779,,,,,,,0.744164228439331,,,,,,
32,,,46799,,,,,,,0.816276490688324,,,,,,
32,,,46819,,,,,,,0.9424790740013123,,,,,,
32,,,46839,,,,,,,0.6592276096343994,,,,,,
32,,,46859,,,,,,,0.5931684970855713,,,,,,
32,,,46879,,,,,,,0.762128472328186,,,,,,
32,,,46899,,,,,,,0.9339061975479126,,,,,,
32,,,46919,,,,,,,0.9081048965454102,,,,,,
32,,,46939,,,,,,,0.6627747416496277,,,,,,
32,,,46959,,,,,,,0.8191747665405273,,,,,,
32,,,46979,,,,,,,0.7203770875930786,,,,,,
32,,,46999,,,,,,,0.6064472198486328,,,,,,
32,,,47019,,,,,,,0.7203323841094971,,,,,,
32,,,47039,,,,,,,0.6627676486968994,,,,,,
32,,,47059,,,,,,,0.6042129993438721,,,,,,
32,,,47079,,,,,,,0.8250975608825684,,,,,,
32,,,47099,,,,,,,0.8187552690505981,,,,,,
32,,,47119,,,,,,,0.7968849539756775,,,,,,
32,,,47139,,,,,,,0.6641706228256226,,,,,,
32,,,47159,,,,,,,0.7743202447891235,,,,,,
32,,,47179,,,,,,,0.7728691697120667,,,,,,
32,,,47199,,,,,,,0.556080162525177,,,,,,
32,,,47219,,,,,,,0.6426428556442261,,,,,,
32,,,47239,,,,,,,0.6568719148635864,,,,,,
32,,,47259,,,,,,,0.733588695526123,,,,,,
32,,,47279,,,,,,,0.7652433514595032,,,,,,
32,,,47299,,,,,,,0.6146612167358398,,,,,,
32,,,47319,,,,,,,0.9069631099700928,,,,,,
32,,,47339,,,,,,,0.6796479225158691,,,,,,
32,,,47354,,,,,,,,0.37152373790740967,0.31135016679763794,10.260126113891602,0.2054816037416458,0.36718323826789856,0.37152373790740967
32,,,47354,,,,,0.7487370371818542,0.7468129992485046,,,,,,,
,0.0001229250568817218,0.0001229250568817218,47355,,,,,,,,,,,,,
33,,,47359,,,,,,,0.8713801503181458,,,,,,
33,,,47379,,,,,,,0.5921754240989685,,,,,,
33,,,47399,,,,,,,0.9955216646194458,,,,,,
33,,,47419,,,,,,,0.9502918124198914,,,,,,
33,,,47439,,,,,,,0.7443750500679016,,,,,,
33,,,47459,,,,,,,0.679201602935791,,,,,,
33,,,47479,,,,,,,0.8780615925788879,,,,,,
33,,,47499,,,,,,,0.6904696822166443,,,,,,
33,,,47519,,,,,,,0.6205726861953735,,,,,,
33,,,47539,,,,,,,0.7948870062828064,,,,,,
33,,,47559,,,,,,,0.8896414041519165,,,,,,
33,,,47579,,,,,,,0.6245009899139404,,,,,,
33,,,47599,,,,,,,0.7280735969543457,,,,,,
33,,,47619,,,,,,,0.7022765874862671,,,,,,
33,,,47639,,,,,,,0.6799548864364624,,,,,,
33,,,47659,,,,,,,0.8424080610275269,,,,,,
33,,,47679,,,,,,,0.9113895893096924,,,,,,
33,,,47699,,,,,,,0.6238020658493042,,,,,,
33,,,47719,,,,,,,0.6003197431564331,,,,,,
33,,,47739,,,,,,,0.7828042507171631,,,,,,
33,,,47759,,,,,,,0.7321686148643494,,,,,,
33,,,47779,,,,,,,0.759760856628418,,,,,,
33,,,47799,,,,,,,0.8640525341033936,,,,,,
33,,,47819,,,,,,,0.8222119808197021,,,,,,
33,,,47839,,,,,,,0.7446572780609131,,,,,,
33,,,47859,,,,,,,0.7635111808776855,,,,,,
33,,,47879,,,,,,,0.760732889175415,,,,,,
33,,,47899,,,,,,,0.5964643955230713,,,,,,
33,,,47919,,,,,,,0.7087016701698303,,,,,,
33,,,47939,,,,,,,0.8659144639968872,,,,,,
33,,,47959,,,,,,,0.7491531372070312,,,,,,
33,,,47979,,,,,,,0.8509525656700134,,,,,,
33,,,47999,,,,,,,0.5583404302597046,,,,,,
33,,,48019,,,,,,,0.6991907954216003,,,,,,
33,,,48039,,,,,,,0.6935341358184814,,,,,,
33,,,48059,,,,,,,0.5777034163475037,,,,,,
33,,,48079,,,,,,,0.8918013572692871,,,,,,
33,,,48099,,,,,,,0.7604939937591553,,,,,,
33,,,48119,,,,,,,0.8178685903549194,,,,,,
33,,,48139,,,,,,,0.7771924734115601,,,,,,
33,,,48159,,,,,,,0.7206655144691467,,,,,,
33,,,48179,,,,,,,0.628016471862793,,,,,,
33,,,48199,,,,,,,0.5814460515975952,,,,,,
33,,,48219,,,,,,,0.8394169807434082,,,,,,
33,,,48239,,,,,,,0.6325793266296387,,,,,,
33,,,48259,,,,,,,0.6754797697067261,,,,,,
33,,,48279,,,,,,,0.7946821451187134,,,,,,
33,,,48299,,,,,,,0.6895653009414673,,,,,,
33,,,48319,,,,,,,0.6867587566375732,,,,,,
33,,,48339,,,,,,,0.7760093212127686,,,,,,
33,,,48359,,,,,,,0.7525280714035034,,,,,,
33,,,48379,,,,,,,0.7942610383033752,,,,,,
33,,,48399,,,,,,,0.8563998937606812,,,,,,
33,,,48419,,,,,,,0.7335788607597351,,,,,,
33,,,48439,,,,,,,0.6199840307235718,,,,,,
33,,,48459,,,,,,,0.9265950918197632,,,,,,
33,,,48479,,,,,,,0.7101427316665649,,,,,,
33,,,48499,,,,,,,0.7459171414375305,,,,,,
33,,,48519,,,,,,,0.809725821018219,,,,,,
33,,,48539,,,,,,,0.9726701974868774,,,,,,
33,,,48559,,,,,,,0.7021220922470093,,,,,,
33,,,48579,,,,,,,0.6496102213859558,,,,,,
33,,,48599,,,,,,,0.925635576248169,,,,,,
33,,,48619,,,,,,,0.8087545037269592,,,,,,
33,,,48639,,,,,,,0.7479028105735779,,,,,,
33,,,48659,,,,,,,0.7367107272148132,,,,,,
33,,,48679,,,,,,,0.8530870676040649,,,,,,
33,,,48699,,,,,,,0.7056604623794556,,,,,,
33,,,48719,,,,,,,0.6539283990859985,,,,,,
33,,,48739,,,,,,,0.5791505575180054,,,,,,
33,,,48759,,,,,,,0.6311150789260864,,,,,,
33,,,48779,,,,,,,0.9513510465621948,,,,,,
33,,,48789,,,,,,,,0.3879398703575134,0.34528031945228577,11.12901496887207,0.2295244038105011,0.37371212244033813,0.3879398703575134
33,,,48789,,,,,0.7483449578285217,0.7492437362670898,,,,,,,
,0.00012107335514125665,0.00012107335514125665,48790,,,,,,,,,,,,,
34,,,48799,,,,,,,0.723258376121521,,,,,,
34,,,48819,,,,,,,0.7794106602668762,,,,,,
34,,,48839,,,,,,,0.6470866203308105,,,,,,
34,,,48859,,,,,,,0.7547584772109985,,,,,,
34,,,48879,,,,,,,0.6319368481636047,,,,,,
34,,,48899,,,,,,,0.7689931392669678,,,,,,
34,,,48919,,,,,,,0.6582876443862915,,,,,,
34,,,48939,,,,,,,0.720244824886322,,,,,,
34,,,48959,,,,,,,0.7521191835403442,,,,,,
34,,,48979,,,,,,,0.8860061168670654,,,,,,
34,,,48999,,,,,,,0.8644187450408936,,,,,,
34,,,49019,,,,,,,0.6577101945877075,,,,,,
34,,,49039,,,,,,,0.9156615734100342,,,,,,
34,,,49059,,,,,,,0.8850353360176086,,,,,,
34,,,49079,,,,,,,0.6589826345443726,,,,,,
34,,,49099,,,,,,,0.6928335428237915,,,,,,
34,,,49119,,,,,,,0.8987972736358643,,,,,,
34,,,49139,,,,,,,0.8364065885543823,,,,,,
34,,,49159,,,,,,,0.7423278093338013,,,,,,
34,,,49179,,,,,,,0.7035664319992065,,,,,,
34,,,49199,,,,,,,0.7521219849586487,,,,,,
34,,,49219,,,,,,,0.9066524505615234,,,,,,
34,,,49239,,,,,,,0.732912003993988,,,,,,
34,,,49259,,,,,,,0.8685823678970337,,,,,,
34,,,49279,,,,,,,0.7806994318962097,,,,,,
34,,,49299,,,,,,,0.5892040729522705,,,,,,
34,,,49319,,,,,,,0.766964316368103,,,,,,
34,,,49339,,,,,,,0.8209448456764221,,,,,,
34,,,49359,,,,,,,0.8395671844482422,,,,,,
34,,,49379,,,,,,,0.7649310231208801,,,,,,
34,,,49399,,,,,,,0.870101273059845,,,,,,
34,,,49419,,,,,,,0.7198604345321655,,,,,,
34,,,49439,,,,,,,0.618945837020874,,,,,,
34,,,49459,,,,,,,0.7065370082855225,,,,,,
34,,,49479,,,,,,,0.6575431823730469,,,,,,
34,,,49499,,,,,,,0.6282421946525574,,,,,,
34,,,49519,,,,,,,0.7644813060760498,,,,,,
34,,,49539,,,,,,,0.5904802083969116,,,,,,
34,,,49559,,,,,,,0.8509244322776794,,,,,,
34,,,49579,,,,,,,0.8352683782577515,,,,,,
34,,,49599,,,,,,,0.9043475985527039,,,,,,
34,,,49619,,,,,,,0.7238649129867554,,,,,,
34,,,49639,,,,,,,0.7729004621505737,,,,,,
34,,,49659,,,,,,,0.8253567814826965,,,,,,
34,,,49679,,,,,,,0.8138923048973083,,,,,,
34,,,49699,,,,,,,0.7398160099983215,,,,,,
34,,,49719,,,,,,,0.7194463014602661,,,,,,
34,,,49739,,,,,,,0.8459574580192566,,,,,,
34,,,49759,,,,,,,0.8622169494628906,,,,,,
34,,,49779,,,,,,,0.8507347106933594,,,,,,
34,,,49799,,,,,,,0.688146710395813,,,,,,
34,,,49819,,,,,,,0.7986656427383423,,,,,,
34,,,49839,,,,,,,0.7152484059333801,,,,,,
34,,,49859,,,,,,,0.729209840297699,,,,,,
34,,,49879,,,,,,,0.8159409761428833,,,,,,
34,,,49899,,,,,,,0.8257505297660828,,,,,,
34,,,49919,,,,,,,0.7198057174682617,,,,,,
34,,,49939,,,,,,,0.7255075573921204,,,,,,
34,,,49959,,,,,,,0.6849557757377625,,,,,,
34,,,49979,,,,,,,0.906562864780426,,,,,,
34,,,49999,,,,,,,0.8823597431182861,,,,,,
34,,,50019,,,,,,,0.7524440288543701,,,,,,
34,,,50039,,,,,,,0.7642124891281128,,,,,,
34,,,50059,,,,,,,0.7416293621063232,,,,,,
34,,,50079,,,,,,,0.9035032987594604,,,,,,
34,,,50099,,,,,,,0.723801851272583,,,,,,
34,,,50119,,,,,,,0.9236469864845276,,,,,,
34,,,50139,,,,,,,0.6036291122436523,,,,,,
34,,,50159,,,,,,,0.6707739233970642,,,,,,
34,,,50179,,,,,,,0.8081751465797424,,,,,,
34,,,50199,,,,,,,0.7655327916145325,,,,,,
34,,,50219,,,,,,,0.7468132972717285,,,,,,
34,,,50224,,,,,,,,0.39605990052223206,0.3429737389087677,10.204657554626465,0.24433104693889618,0.39391082525253296,0.39605990052223206
34,,,50224,,,,,0.7491506338119507,0.7448360323905945,,,,,,,
,0.00011916251905722471,0.00011916251905722471,50225,,,,,,,,,,,,,
35,,,50239,,,,,,,0.7238382697105408,,,,,,
35,,,50259,,,,,,,0.8310797214508057,,,,,,
35,,,50279,,,,,,,0.6838964223861694,,,,,,
35,,,50299,,,,,,,0.6061398983001709,,,,,,
35,,,50319,,,,,,,0.8478204607963562,,,,,,
35,,,50339,,,,,,,0.967024028301239,,,,,,
35,,,50359,,,,,,,0.8164925575256348,,,,,,
35,,,50379,,,,,,,0.5425750613212585,,,,,,
35,,,50399,,,,,,,0.9071537256240845,,,,,,
35,,,50419,,,,,,,0.6427357792854309,,,,,,
35,,,50439,,,,,,,0.6707718372344971,,,,,,
35,,,50459,,,,,,,0.8455454111099243,,,,,,
35,,,50479,,,,,,,0.6807151436805725,,,,,,
35,,,50499,,,,,,,0.7053322792053223,,,,,,
35,,,50519,,,,,,,0.8299506306648254,,,,,,
35,,,50539,,,,,,,0.7321723699569702,,,,,,
35,,,50559,,,,,,,0.8354403972625732,,,,,,
35,,,50579,,,,,,,0.6828247308731079,,,,,,
35,,,50599,,,,,,,0.6060646176338196,,,,,,
35,,,50619,,,,,,,0.6548020243644714,,,,,,
35,,,50639,,,,,,,0.6767843961715698,,,,,,
35,,,50659,,,,,,,0.6246147155761719,,,,,,
35,,,50679,,,,,,,0.5233396291732788,,,,,,
35,,,50699,,,,,,,0.6569421291351318,,,,,,
35,,,50719,,,,,,,0.7218054533004761,,,,,,
35,,,50739,,,,,,,0.7632890939712524,,,,,,
35,,,50759,,,,,,,0.750767171382904,,,,,,
35,,,50779,,,,,,,0.7910445332527161,,,,,,
35,,,50799,,,,,,,0.8139181137084961,,,,,,
35,,,50819,,,,,,,0.8804984092712402,,,,,,
35,,,50839,,,,,,,0.7291807532310486,,,,,,
35,,,50859,,,,,,,0.731330931186676,,,,,,
35,,,50879,,,,,,,0.5113972425460815,,,,,,
35,,,50899,,,,,,,0.7768735885620117,,,,,,
35,,,50919,,,,,,,0.9546895623207092,,,,,,
35,,,50939,,,,,,,0.6472184658050537,,,,,,
35,,,50959,,,,,,,0.8193217515945435,,,,,,
35,,,50979,,,,,,,0.8084164261817932,,,,,,
35,,,50999,,,,,,,0.6714658737182617,,,,,,
35,,,51019,,,,,,,0.7065044641494751,,,,,,
35,,,51039,,,,,,,0.454279363155365,,,,,,
35,,,51059,,,,,,,0.5941444635391235,,,,,,
35,,,51079,,,,,,,0.600761890411377,,,,,,
35,,,51099,,,,,,,0.779487133026123,,,,,,
35,,,51119,,,,,,,0.9425503015518188,,,,,,
35,,,51139,,,,,,,0.6134655475616455,,,,,,
35,,,51159,,,,,,,0.6649971008300781,,,,,,
35,,,51179,,,,,,,0.6924684643745422,,,,,,
35,,,51199,,,,,,,0.6865269541740417,,,,,,
35,,,51219,,,,,,,0.8201673626899719,,,,,,
35,,,51239,,,,,,,0.7011944651603699,,,,,,
35,,,51259,,,,,,,0.5771744251251221,,,,,,
35,,,51279,,,,,,,0.6219000816345215,,,,,,
35,,,51299,,,,,,,0.6206623315811157,,,,,,
35,,,51319,,,,,,,0.6441706418991089,,,,,,
35,,,51339,,,,,,,0.5518869757652283,,,,,,
35,,,51359,,,,,,,0.6716287136077881,,,,,,
35,,,51379,,,,,,,0.7689706087112427,,,,,,
35,,,51399,,,,,,,0.7440030574798584,,,,,,
35,,,51419,,,,,,,0.9663095474243164,,,,,,
35,,,51439,,,,,,,0.6611083149909973,,,,,,
35,,,51459,,,,,,,0.9328485131263733,,,,,,
35,,,51479,,,,,,,0.8639640808105469,,,,,,
35,,,51499,,,,,,,0.6782468557357788,,,,,,
35,,,51519,,,,,,,0.76515793800354,,,,,,
35,,,51539,,,,,,,0.831499457359314,,,,,,
35,,,51559,,,,,,,0.8407965302467346,,,,,,
35,,,51579,,,,,,,0.7495714426040649,,,,,,
35,,,51599,,,,,,,0.6265467405319214,,,,,,
35,,,51619,,,,,,,0.5043901205062866,,,,,,
35,,,51639,,,,,,,0.7416399121284485,,,,,,
35,,,51659,,,,,,,0.8534796833992004,,,,,,
35,,,51659,,,,,,,,0.3582378029823303,0.3096517026424408,11.143027305603027,0.18271149694919586,0.34184950590133667,0.3582378029823303
35,,,51659,,,,,0.7484755516052246,0.7461238503456116,,,,,,,
,0.00011719487668905266,0.00011719487668905266,51660,,,,,,,,,,,,,
36,,,51679,,,,,,,0.8747909069061279,,,,,,
36,,,51699,,,,,,,0.8648455142974854,,,,,,
36,,,51719,,,,,,,0.7603969573974609,,,,,,
36,,,51739,,,,,,,0.7349059581756592,,,,,,
36,,,51759,,,,,,,0.6981245279312134,,,,,,
36,,,51779,,,,,,,0.6100611686706543,,,,,,
36,,,51799,,,,,,,0.7665713429450989,,,,,,
36,,,51819,,,,,,,0.7214972972869873,,,,,,
36,,,51839,,,,,,,0.6132054328918457,,,,,,
36,,,51859,,,,,,,0.6372304558753967,,,,,,
36,,,51879,,,,,,,0.8917540311813354,,,,,,
36,,,51899,,,,,,,0.7758963704109192,,,,,,
36,,,51919,,,,,,,0.8097586631774902,,,,,,
36,,,51939,,,,,,,0.55454421043396,,,,,,
36,,,51959,,,,,,,0.829829752445221,,,,,,
36,,,51979,,,,,,,0.6125606298446655,,,,,,
36,,,51999,,,,,,,0.6258871555328369,,,,,,
36,,,52019,,,,,,,0.852567195892334,,,,,,
36,,,52039,,,,,,,0.6880607604980469,,,,,,
36,,,52059,,,,,,,0.966316819190979,,,,,,
36,,,52079,,,,,,,0.6777753829956055,,,,,,
36,,,52099,,,,,,,0.8257102966308594,,,,,,
36,,,52119,,,,,,,0.8058759570121765,,,,,,
36,,,52139,,,,,,,0.5092790126800537,,,,,,
36,,,52159,,,,,,,0.6492049098014832,,,,,,
36,,,52179,,,,,,,0.7000588774681091,,,,,,
36,,,52199,,,,,,,0.7956912517547607,,,,,,
36,,,52219,,,,,,,0.7038925290107727,,,,,,
36,,,52239,,,,,,,0.6189473867416382,,,,,,
36,,,52259,,,,,,,0.9066737294197083,,,,,,
36,,,52279,,,,,,,0.8213847875595093,,,,,,
36,,,52299,,,,,,,0.8864880800247192,,,,,,
36,,,52319,,,,,,,0.46964311599731445,,,,,,
36,,,52339,,,,,,,0.5286939144134521,,,,,,
36,,,52359,,,,,,,0.5103682279586792,,,,,,
36,,,52379,,,,,,,0.8144093751907349,,,,,,
36,,,52399,,,,,,,0.6056383848190308,,,,,,
36,,,52419,,,,,,,0.8732584714889526,,,,,,
36,,,52439,,,,,,,0.6349998116493225,,,,,,
36,,,52459,,,,,,,0.8929205536842346,,,,,,
36,,,52479,,,,,,,0.7520051002502441,,,,,,
36,,,52499,,,,,,,0.8040134906768799,,,,,,
36,,,52519,,,,,,,1.0378072261810303,,,,,,
36,,,52539,,,,,,,0.8351162075996399,,,,,,
36,,,52559,,,,,,,1.078786015510559,,,,,,
36,,,52579,,,,,,,0.5730598568916321,,,,,,
36,,,52599,,,,,,,0.7797813415527344,,,,,,
36,,,52619,,,,,,,0.6993358135223389,,,,,,
36,,,52639,,,,,,,0.65474933385849,,,,,,
36,,,52659,,,,,,,0.6121292114257812,,,,,,
36,,,52679,,,,,,,0.6361764073371887,,,,,,
36,,,52699,,,,,,,0.8732218742370605,,,,,,
36,,,52719,,,,,,,0.772944450378418,,,,,,
36,,,52739,,,,,,,0.6623920798301697,,,,,,
36,,,52759,,,,,,,0.863822877407074,,,,,,
36,,,52779,,,,,,,0.6688997745513916,,,,,,
36,,,52799,,,,,,,1.0483208894729614,,,,,,
36,,,52819,,,,,,,0.7915036082267761,,,,,,
36,,,52839,,,,,,,0.9340357780456543,,,,,,
36,,,52859,,,,,,,0.8230013847351074,,,,,,
36,,,52879,,,,,,,0.749759316444397,,,,,,
36,,,52899,,,,,,,0.7864772081375122,,,,,,
36,,,52919,,,,,,,0.6920794248580933,,,,,,
36,,,52939,,,,,,,0.8767945766448975,,,,,,
36,,,52959,,,,,,,0.6793324947357178,,,,,,
36,,,52979,,,,,,,0.6877520084381104,,,,,,
36,,,52999,,,,,,,0.6408346891403198,,,,,,
36,,,53019,,,,,,,0.7951894998550415,,,,,,
36,,,53039,,,,,,,0.7846524715423584,,,,,,
36,,,53059,,,,,,,0.5345759391784668,,,,,,
36,,,53079,,,,,,,0.6312844157218933,,,,,,
36,,,53094,,,,,,,,0.39280861616134644,0.34476014971733093,10.667229652404785,0.23654182255268097,0.3807331621646881,0.39280861616134644
36,,,53094,,,,,0.7490200400352478,0.7444410920143127,,,,,,,
,0.00011517282530587404,0.00011517282530587404,53095,,,,,,,,,,,,,
37,,,53099,,,,,,,0.7624019384384155,,,,,,
37,,,53119,,,,,,,0.6439759731292725,,,,,,
37,,,53139,,,,,,,0.7057870626449585,,,,,,
37,,,53159,,,,,,,0.8766576051712036,,,,,,
37,,,53179,,,,,,,0.7117469310760498,,,,,,
37,,,53199,,,,,,,0.7615317106246948,,,,,,
37,,,53219,,,,,,,0.920501708984375,,,,,,
37,,,53239,,,,,,,0.6471105813980103,,,,,,
37,,,53259,,,,,,,0.8073415756225586,,,,,,
37,,,53279,,,,,,,0.7695077657699585,,,,,,
37,,,53299,,,,,,,0.5787724256515503,,,,,,
37,,,53319,,,,,,,0.9131213426589966,,,,,,
37,,,53339,,,,,,,0.7235132455825806,,,,,,
37,,,53359,,,,,,,0.7451943159103394,,,,,,
37,,,53379,,,,,,,0.7656599283218384,,,,,,
37,,,53399,,,,,,,0.873982846736908,,,,,,
37,,,53419,,,,,,,0.6302270889282227,,,,,,
37,,,53439,,,,,,,0.7008993029594421,,,,,,
37,,,53459,,,,,,,0.7618018388748169,,,,,,
37,,,53479,,,,,,,0.7962590456008911,,,,,,
37,,,53499,,,,,,,0.6984692811965942,,,,,,
37,,,53519,,,,,,,0.9034552574157715,,,,,,
37,,,53539,,,,,,,0.8466827869415283,,,,,,
37,,,53559,,,,,,,0.8567694425582886,,,,,,
37,,,53579,,,,,,,0.7336784601211548,,,,,,
37,,,53599,,,,,,,0.8457021713256836,,,,,,
37,,,53619,,,,,,,0.6318597793579102,,,,,,
37,,,53639,,,,,,,0.5779932141304016,,,,,,
37,,,53659,,,,,,,0.6193370819091797,,,,,,
37,,,53679,,,,,,,0.6496937274932861,,,,,,
37,,,53699,,,,,,,0.8375501036643982,,,,,,
37,,,53719,,,,,,,0.9075015187263489,,,,,,
37,,,53739,,,,,,,0.7421084642410278,,,,,,
37,,,53759,,,,,,,0.6668568849563599,,,,,,
37,,,53779,,,,,,,0.8476794362068176,,,,,,
37,,,53799,,,,,,,0.7823655605316162,,,,,,
37,,,53819,,,,,,,0.655403733253479,,,,,,
37,,,53839,,,,,,,0.7445589900016785,,,,,,
37,,,53859,,,,,,,0.8092951774597168,,,,,,
37,,,53879,,,,,,,0.6487011313438416,,,,,,
37,,,53899,,,,,,,0.8504688739776611,,,,,,
37,,,53919,,,,,,,0.818267822265625,,,,,,
37,,,53939,,,,,,,0.7290558815002441,,,,,,
37,,,53959,,,,,,,0.8275429010391235,,,,,,
37,,,53979,,,,,,,0.6276911497116089,,,,,,
37,,,53999,,,,,,,0.5022451877593994,,,,,,
37,,,54019,,,,,,,0.7895399332046509,,,,,,
37,,,54039,,,,,,,0.5961968302726746,,,,,,
37,,,54059,,,,,,,0.6408687829971313,,,,,,
37,,,54079,,,,,,,0.7044734954833984,,,,,,
37,,,54099,,,,,,,0.7862240076065063,,,,,,
37,,,54119,,,,,,,0.7236955165863037,,,,,,
37,,,54139,,,,,,,0.7532057762145996,,,,,,
37,,,54159,,,,,,,0.729296863079071,,,,,,
37,,,54179,,,,,,,0.7191148996353149,,,,,,
37,,,54199,,,,,,,0.7659176588058472,,,,,,
37,,,54219,,,,,,,0.6948208212852478,,,,,,
37,,,54239,,,,,,,0.6228103637695312,,,,,,
37,,,54259,,,,,,,0.7301017642021179,,,,,,
37,,,54279,,,,,,,0.8086584806442261,,,,,,
37,,,54299,,,,,,,0.6578096151351929,,,,,,
37,,,54319,,,,,,,0.8552122712135315,,,,,,
37,,,54339,,,,,,,0.934635579586029,,,,,,
37,,,54359,,,,,,,0.8324251174926758,,,,,,
37,,,54379,,,,,,,0.7207993268966675,,,,,,
37,,,54399,,,,,,,0.655275821685791,,,,,,
37,,,54419,,,,,,,0.8005505800247192,,,,,,
37,,,54439,,,,,,,0.6275413036346436,,,,,,
37,,,54459,,,,,,,0.7786530256271362,,,,,,
37,,,54479,,,,,,,0.7651134729385376,,,,,,
37,,,54499,,,,,,,0.7497323751449585,,,,,,
37,,,54519,,,,,,,0.8204532265663147,,,,,,
37,,,54529,,,,,,,,0.38559186458587646,0.3307822644710541,10.635353088378906,0.22501444816589355,0.3727107644081116,0.38559186458587646
37,,,54529,,,,,0.7490636706352234,0.7483718991279602,,,,,,,
,0.0001130988284658261,0.0001130988284658261,54530,,,,,,,,,,,,,
38,,,54539,,,,,,,0.7109284400939941,,,,,,
38,,,54559,,,,,,,0.788935661315918,,,,,,
38,,,54579,,,,,,,0.9052144885063171,,,,,,
38,,,54599,,,,,,,0.801772952079773,,,,,,
38,,,54619,,,,,,,0.8780121803283691,,,,,,
38,,,54639,,,,,,,0.6626349687576294,,,,,,
38,,,54659,,,,,,,0.7622696757316589,,,,,,
38,,,54679,,,,,,,0.7995578646659851,,,,,,
38,,,54699,,,,,,,0.8552334308624268,,,,,,
38,,,54719,,,,,,,0.9717645049095154,,,,,,
38,,,54739,,,,,,,0.7718745470046997,,,,,,
38,,,54759,,,,,,,0.6350778341293335,,,,,,
38,,,54779,,,,,,,0.9066713452339172,,,,,,
38,,,54799,,,,,,,0.8579351902008057,,,,,,
38,,,54819,,,,,,,0.8071445822715759,,,,,,
38,,,54839,,,,,,,0.7532257437705994,,,,,,
38,,,54859,,,,,,,0.781843900680542,,,,,,
38,,,54879,,,,,,,0.9093538522720337,,,,,,
38,,,54899,,,,,,,0.7481658458709717,,,,,,
38,,,54919,,,,,,,0.7241660952568054,,,,,,
38,,,54939,,,,,,,0.7677807807922363,,,,,,
38,,,54959,,,,,,,0.5698122382164001,,,,,,
38,,,54979,,,,,,,0.6857196092605591,,,,,,
38,,,54999,,,,,,,0.7060434818267822,,,,,,
38,,,55019,,,,,,,0.7197674512863159,,,,,,
38,,,55039,,,,,,,0.6370115280151367,,,,,,
38,,,55059,,,,,,,0.815882682800293,,,,,,
38,,,55079,,,,,,,0.7179803848266602,,,,,,
38,,,55099,,,,,,,0.7378620505332947,,,,,,
38,,,55119,,,,,,,0.6579888463020325,,,,,,
38,,,55139,,,,,,,0.8798880577087402,,,,,,
38,,,55159,,,,,,,0.7829256057739258,,,,,,
38,,,55179,,,,,,,0.8389544486999512,,,,,,
38,,,55199,,,,,,,0.6058748960494995,,,,,,
38,,,55219,,,,,,,0.6464495658874512,,,,,,
38,,,55239,,,,,,,0.8813483715057373,,,,,,
38,,,55259,,,,,,,0.5781290531158447,,,,,,
38,,,55279,,,,,,,0.8162933588027954,,,,,,
38,,,55299,,,,,,,0.8030496835708618,,,,,,
38,,,55319,,,,,,,0.6790767908096313,,,,,,
38,,,55339,,,,,,,0.7902418971061707,,,,,,
38,,,55359,,,,,,,0.8792519569396973,,,,,,
38,,,55379,,,,,,,0.8992526531219482,,,,,,
38,,,55399,,,,,,,0.6074927449226379,,,,,,
38,,,55419,,,,,,,0.6528041362762451,,,,,,
38,,,55439,,,,,,,0.5731191635131836,,,,,,
38,,,55459,,,,,,,0.6970617175102234,,,,,,
38,,,55479,,,,,,,0.792424201965332,,,,,,
38,,,55499,,,,,,,0.6778165698051453,,,,,,
38,,,55519,,,,,,,0.7007352113723755,,,,,,
38,,,55539,,,,,,,0.7554341554641724,,,,,,
38,,,55559,,,,,,,0.7233632206916809,,,,,,
38,,,55579,,,,,,,0.7635617256164551,,,,,,
38,,,55599,,,,,,,0.6849284172058105,,,,,,
38,,,55619,,,,,,,0.8626408576965332,,,,,,
38,,,55639,,,,,,,0.5810508131980896,,,,,,
38,,,55659,,,,,,,0.5657004117965698,,,,,,
38,,,55679,,,,,,,0.7159527540206909,,,,,,
38,,,55699,,,,,,,0.6619254946708679,,,,,,
38,,,55719,,,,,,,0.8300537467002869,,,,,,
38,,,55739,,,,,,,0.5068193674087524,,,,,,
38,,,55759,,,,,,,0.6968474984169006,,,,,,
38,,,55779,,,,,,,0.5793715119361877,,,,,,
38,,,55799,,,,,,,0.7464804649353027,,,,,,
38,,,55819,,,,,,,0.8406012654304504,,,,,,
38,,,55839,,,,,,,0.7236854434013367,,,,,,
38,,,55859,,,,,,,0.7968016862869263,,,,,,
38,,,55879,,,,,,,0.702942430973053,,,,,,
38,,,55899,,,,,,,0.7515472173690796,,,,,,
38,,,55919,,,,,,,0.8488909006118774,,,,,,
38,,,55939,,,,,,,0.8190141916275024,,,,,,
38,,,55959,,,,,,,0.8552135825157166,,,,,,
38,,,55964,,,,,,,,0.3961445689201355,0.3415665626525879,11.089179039001465,0.23373685777187347,0.3654320240020752,0.3961445689201355
38,,,55964,,,,,0.7495208978652954,0.7436626553535461,,,,,,,
39,,,55965,0.42238694429397583,0.7259948253631592,0.3656444847583771,0.2744448184967041,,,,,,,,,
