epoch,lr-AdamW/pg1,lr-AdamW/pg2,step,test/acc,test/auroc,test/f1,test/loss,test/macro_precision,test/mcc,test/recall,train/acc,train/loss_epoch,train/loss_step,val/acc,val/auroc,val/f1,val/loss,val/macro_precision,val/mcc,val/precision_c0,val/precision_c1,val/recall
,3.75e-05,3.75e-05,0,,,,,,,,,,,,,,,,,,,
0,,,19,,,,,,,,,,8.868078231811523,,,,,,,,,
0,,,39,,,,,,,,,,5.978708267211914,,,,,,,,,
0,,,59,,,,,,,,,,3.596916913986206,,,,,,,,,
0,,,79,,,,,,,,,,3.5009732246398926,,,,,,,,,
0,,,99,,,,,,,,,,4.704946041107178,,,,,,,,,
0,,,119,,,,,,,,,,5.314237594604492,,,,,,,,,
0,,,139,,,,,,,,,,3.6847195625305176,,,,,,,,,
0,,,159,,,,,,,,,,5.160980224609375,,,,,,,,,
0,,,179,,,,,,,,,,3.7622857093811035,,,,,,,,,
0,,,199,,,,,,,,,,2.2230637073516846,,,,,,,,,
0,,,219,,,,,,,,,,4.600793838500977,,,,,,,,,
0,,,239,,,,,,,,,,2.980710506439209,,,,,,,,,
0,,,259,,,,,,,,,,3.916112184524536,,,,,,,,,
0,,,279,,,,,,,,,,3.5226449966430664,,,,,,,,,
0,,,299,,,,,,,,,,4.402219772338867,,,,,,,,,
0,,,319,,,,,,,,,,4.329489707946777,,,,,,,,,
0,,,339,,,,,,,,,,4.6808977127075195,,,,,,,,,
0,,,359,,,,,,,,,,4.555592060089111,,,,,,,,,
0,,,379,,,,,,,,,,3.3597474098205566,,,,,,,,,
0,,,399,,,,,,,,,,2.75415301322937,,,,,,,,,
0,,,419,,,,,,,,,,4.56803560256958,,,,,,,,,
0,,,439,,,,,,,,,,3.9733400344848633,,,,,,,,,
0,,,459,,,,,,,,,,3.790393590927124,,,,,,,,,
0,,,479,,,,,,,,,,4.384810924530029,,,,,,,,,
0,,,499,,,,,,,,,,2.7114055156707764,,,,,,,,,
0,,,519,,,,,,,,,,3.39713716506958,,,,,,,,,
0,,,539,,,,,,,,,,2.3640456199645996,,,,,,,,,
0,,,559,,,,,,,,,,2.564075469970703,,,,,,,,,
0,,,579,,,,,,,,,,3.672761917114258,,,,,,,,,
0,,,599,,,,,,,,,,3.2646560668945312,,,,,,,,,
0,,,619,,,,,,,,,,3.089643716812134,,,,,,,,,
0,,,639,,,,,,,,,,3.055209159851074,,,,,,,,,
0,,,659,,,,,,,,,,3.298691987991333,,,,,,,,,
0,,,679,,,,,,,,,,3.047818183898926,,,,,,,,,
0,,,699,,,,,,,,,,2.0829248428344727,,,,,,,,,
0,,,719,,,,,,,,,,3.10178279876709,,,,,,,,,
0,,,739,,,,,,,,,,3.4147114753723145,,,,,,,,,
0,,,759,,,,,,,,,,4.058614730834961,,,,,,,,,
0,,,779,,,,,,,,,,1.692408800125122,,,,,,,,,
0,,,799,,,,,,,,,,1.9454329013824463,,,,,,,,,
0,,,819,,,,,,,,,,3.1324071884155273,,,,,,,,,
0,,,839,,,,,,,,,,2.079195022583008,,,,,,,,,
0,,,859,,,,,,,,,,2.2513203620910645,,,,,,,,,
0,,,879,,,,,,,,,,3.6496381759643555,,,,,,,,,
0,,,899,,,,,,,,,,3.3777072429656982,,,,,,,,,
0,,,919,,,,,,,,,,2.2425596714019775,,,,,,,,,
0,,,939,,,,,,,,,,3.3179166316986084,,,,,,,,,
0,,,959,,,,,,,,,,3.618868112564087,,,,,,,,,
0,,,979,,,,,,,,,,2.564171552658081,,,,,,,,,
0,,,999,,,,,,,,,,3.1806607246398926,,,,,,,,,
0,,,1019,,,,,,,,,,2.318718671798706,,,,,,,,,
0,,,1039,,,,,,,,,,2.4646711349487305,,,,,,,,,
0,,,1059,,,,,,,,,,3.277846097946167,,,,,,,,,
0,,,1079,,,,,,,,,,3.35343861579895,,,,,,,,,
0,,,1099,,,,,,,,,,3.127124547958374,,,,,,,,,
0,,,1119,,,,,,,,,,2.4820363521575928,,,,,,,,,
0,,,1139,,,,,,,,,,2.535285472869873,,,,,,,,,
0,,,1159,,,,,,,,,,5.118156909942627,,,,,,,,,
0,,,1179,,,,,,,,,,3.4240260124206543,,,,,,,,,
0,,,1199,,,,,,,,,,2.7548422813415527,,,,,,,,,
0,,,1219,,,,,,,,,,2.790480136871338,,,,,,,,,
0,,,1239,,,,,,,,,,1.840652346611023,,,,,,,,,
0,,,1259,,,,,,,,,,2.7362382411956787,,,,,,,,,
0,,,1279,,,,,,,,,,2.809380531311035,,,,,,,,,
0,,,1299,,,,,,,,,,1.5651367902755737,,,,,,,,,
0,,,1319,,,,,,,,,,2.4282281398773193,,,,,,,,,
0,,,1339,,,,,,,,,,2.573190689086914,,,,,,,,,
0,,,1359,,,,,,,,,,2.9148852825164795,,,,,,,,,
0,,,1379,,,,,,,,,,2.100661039352417,,,,,,,,,
0,,,1399,,,,,,,,,,2.7165095806121826,,,,,,,,,
0,,,1419,,,,,,,,,,4.417117118835449,,,,,,,,,
0,,,1439,,,,,,,,,,2.2015514373779297,,,,,,,,,
0,,,1459,,,,,,,,,,3.970606565475464,,,,,,,,,
0,,,1479,,,,,,,,,,3.06972074508667,,,,,,,,,
0,,,1499,,,,,,,,,,2.5608644485473633,,,,,,,,,
0,,,1519,,,,,,,,,,4.315116882324219,,,,,,,,,
0,,,1539,,,,,,,,,,2.5138607025146484,,,,,,,,,
0,,,1559,,,,,,,,,,3.3512461185455322,,,,,,,,,
0,,,1579,,,,,,,,,,1.6767070293426514,,,,,,,,,
0,,,1599,,,,,,,,,,1.402939796447754,,,,,,,,,
0,,,1619,,,,,,,,,,4.0666327476501465,,,,,,,,,
0,,,1639,,,,,,,,,,1.9935107231140137,,,,,,,,,
0,,,1659,,,,,,,,,,3.392458915710449,,,,,,,,,
0,,,1679,,,,,,,,,,3.111689329147339,,,,,,,,,
0,,,1699,,,,,,,,,,3.21623158454895,,,,,,,,,
0,,,1719,,,,,,,,,,1.5147360563278198,,,,,,,,,
0,,,1739,,,,,,,,,,1.6226931810379028,,,,,,,,,
0,,,1759,,,,,,,,,,2.271622896194458,,,,,,,,,
0,,,1779,,,,,,,,,,1.5287065505981445,,,,,,,,,
0,,,1799,,,,,,,,,,2.016115188598633,,,,,,,,,
0,,,1819,,,,,,,,,,3.0761187076568604,,,,,,,,,
0,,,1839,,,,,,,,,,2.742459297180176,,,,,,,,,
0,,,1859,,,,,,,,,,3.5936758518218994,,,,,,,,,
0,,,1879,,,,,,,,,,1.1495758295059204,,,,,,,,,
0,,,1899,,,,,,,,,,3.6017768383026123,,,,,,,,,
0,,,1919,,,,,,,,,,2.5828771591186523,,,,,,,,,
0,,,1939,,,,,,,,,,2.79002046585083,,,,,,,,,
0,,,1959,,,,,,,,,,3.9587020874023438,,,,,,,,,
0,,,1979,,,,,,,,,,3.5444507598876953,,,,,,,,,
0,,,1999,,,,,,,,,,3.0696794986724854,,,,,,,,,
0,,,2019,,,,,,,,,,3.633697748184204,,,,,,,,,
0,,,2039,,,,,,,,,,3.044041156768799,,,,,,,,,
0,,,2059,,,,,,,,,,1.0855205059051514,,,,,,,,,
0,,,2079,,,,,,,,,,2.575920343399048,,,,,,,,,
0,,,2099,,,,,,,,,,3.585315704345703,,,,,,,,,
0,,,2119,,,,,,,,,,4.24781608581543,,,,,,,,,
0,,,2139,,,,,,,,,,2.141974687576294,,,,,,,,,
0,,,2159,,,,,,,,,,3.3686776161193848,,,,,,,,,
0,,,2179,,,,,,,,,,3.463499069213867,,,,,,,,,
0,,,2199,,,,,,,,,,1.0712788105010986,,,,,,,,,
0,,,2219,,,,,,,,,,3.665154457092285,,,,,,,,,
0,,,2239,,,,,,,,,,3.927016019821167,,,,,,,,,
0,,,2259,,,,,,,,,,2.5225534439086914,,,,,,,,,
0,,,2279,,,,,,,,,,3.3540539741516113,,,,,,,,,
0,,,2299,,,,,,,,,,2.19146990776062,,,,,,,,,
0,,,2319,,,,,,,,,,1.8319790363311768,,,,,,,,,
0,,,2339,,,,,,,,,,2.5485687255859375,,,,,,,,,
0,,,2359,,,,,,,,,,2.409428834915161,,,,,,,,,
0,,,2379,,,,,,,,,,1.340539574623108,,,,,,,,,
0,,,2399,,,,,,,,,,2.6925439834594727,,,,,,,,,
0,,,2419,,,,,,,,,,1.8269107341766357,,,,,,,,,
0,,,2439,,,,,,,,,,2.46456241607666,,,,,,,,,
0,,,2459,,,,,,,,,,2.2451281547546387,,,,,,,,,
0,,,2479,,,,,,,,,,3.609924554824829,,,,,,,,,
0,,,2499,,,,,,,,,,1.235050916671753,,,,,,,,,
0,,,2519,,,,,,,,,,1.7253003120422363,,,,,,,,,
0,,,2539,,,,,,,,,,1.6557739973068237,,,,,,,,,
0,,,2559,,,,,,,,,,2.240530014038086,,,,,,,,,
0,,,2579,,,,,,,,,,3.1698544025421143,,,,,,,,,
0,,,2599,,,,,,,,,,2.106351137161255,,,,,,,,,
0,,,2619,,,,,,,,,,2.402709484100342,,,,,,,,,
0,,,2639,,,,,,,,,,3.0264086723327637,,,,,,,,,
0,,,2659,,,,,,,,,,2.7201507091522217,,,,,,,,,
0,,,2679,,,,,,,,,,3.2686643600463867,,,,,,,,,
0,,,2699,,,,,,,,,,2.5187723636627197,,,,,,,,,
0,,,2719,,,,,,,,,,1.8886686563491821,,,,,,,,,
0,,,2739,,,,,,,,,,1.7598659992218018,,,,,,,,,
0,,,2759,,,,,,,,,,2.300884246826172,,,,,,,,,
0,,,2779,,,,,,,,,,2.50925350189209,,,,,,,,,
0,,,2799,,,,,,,,,,2.2246603965759277,,,,,,,,,
0,,,2819,,,,,,,,,,1.6798514127731323,,,,,,,,,
0,,,2839,,,,,,,,,,2.651942729949951,,,,,,,,,
0,,,2859,,,,,,,,,,2.868715763092041,,,,,,,,,
0,,,2879,,,,,,,,,,1.7954903841018677,,,,,,,,,
0,,,2899,,,,,,,,,,2.1640303134918213,,,,,,,,,
0,,,2919,,,,,,,,,,2.4794976711273193,,,,,,,,,
0,,,2939,,,,,,,,,,2.9305672645568848,,,,,,,,,
0,,,2959,,,,,,,,,,1.7758121490478516,,,,,,,,,
0,,,2979,,,,,,,,,,2.1352157592773438,,,,,,,,,
0,,,2999,,,,,,,,,,3.614633321762085,,,,,,,,,
0,,,3019,,,,,,,,,,2.185786485671997,,,,,,,,,
0,,,3039,,,,,,,,,,1.9257450103759766,,,,,,,,,
0,,,3059,,,,,,,,,,2.088438034057617,,,,,,,,,
0,,,3079,,,,,,,,,,1.533624529838562,,,,,,,,,
0,,,3099,,,,,,,,,,1.593137502670288,,,,,,,,,
0,,,3119,,,,,,,,,,1.808584213256836,,,,,,,,,
0,,,3139,,,,,,,,,,2.2421298027038574,,,,,,,,,
0,,,3159,,,,,,,,,,1.7606215476989746,,,,,,,,,
0,,,3179,,,,,,,,,,2.540660858154297,,,,,,,,,
0,,,3199,,,,,,,,,,1.761548399925232,,,,,,,,,
0,,,3219,,,,,,,,,,3.3890528678894043,,,,,,,,,
0,,,3239,,,,,,,,,,1.4990981817245483,,,,,,,,,
0,,,3259,,,,,,,,,,2.7005527019500732,,,,,,,,,
0,,,3279,,,,,,,,,,2.9367051124572754,,,,,,,,,
0,,,3299,,,,,,,,,,1.7025086879730225,,,,,,,,,
0,,,3319,,,,,,,,,,2.539564609527588,,,,,,,,,
0,,,3339,,,,,,,,,,0.9808050394058228,,,,,,,,,
0,,,3359,,,,,,,,,,1.3564045429229736,,,,,,,,,
0,,,3379,,,,,,,,,,4.004734516143799,,,,,,,,,
0,,,3399,,,,,,,,,,2.1839869022369385,,,,,,,,,
0,,,3419,,,,,,,,,,3.4184060096740723,,,,,,,,,
0,,,3439,,,,,,,,,,2.2089762687683105,,,,,,,,,
0,,,3459,,,,,,,,,,2.2886712551116943,,,,,,,,,
0,,,3479,,,,,,,,,,1.8919349908828735,,,,,,,,,
0,,,3499,,,,,,,,,,1.3744556903839111,,,,,,,,,
0,,,3519,,,,,,,,,,2.2293741703033447,,,,,,,,,
0,,,3539,,,,,,,,,,4.1379499435424805,,,,,,,,,
0,,,3559,,,,,,,,,,2.265272855758667,,,,,,,,,
0,,,3579,,,,,,,,,,2.775639057159424,,,,,,,,,
0,,,3599,,,,,,,,,,1.6812225580215454,,,,,,,,,
0,,,3619,,,,,,,,,,1.4745984077453613,,,,,,,,,
0,,,3639,,,,,,,,,,3.6753783226013184,,,,,,,,,
0,,,3659,,,,,,,,,,3.1099159717559814,,,,,,,,,
0,,,3679,,,,,,,,,,1.3148589134216309,,,,,,,,,
0,,,3699,,,,,,,,,,1.6104867458343506,,,,,,,,,
0,,,3719,,,,,,,,,,2.8347320556640625,,,,,,,,,
0,,,3739,,,,,,,,,,0.4979378581047058,,,,,,,,,
0,,,3759,,,,,,,,,,1.72727632522583,,,,,,,,,
0,,,3779,,,,,,,,,,2.508129119873047,,,,,,,,,
0,,,3799,,,,,,,,,,2.595761775970459,,,,,,,,,
0,,,3819,,,,,,,,,,3.7088184356689453,,,,,,,,,
0,,,3839,,,,,,,,,,2.1052582263946533,,,,,,,,,
0,,,3859,,,,,,,,,,2.2405846118927,,,,,,,,,
0,,,3879,,,,,,,,,,2.3202247619628906,,,,,,,,,
0,,,3899,,,,,,,,,,1.4960094690322876,,,,,,,,,
0,,,3919,,,,,,,,,,2.5037314891815186,,,,,,,,,
0,,,3939,,,,,,,,,,4.341799259185791,,,,,,,,,
0,,,3959,,,,,,,,,,2.2145183086395264,,,,,,,,,
0,,,3979,,,,,,,,,,1.5178794860839844,,,,,,,,,
0,,,3999,,,,,,,,,,0.9605993032455444,,,,,,,,,
0,,,4019,,,,,,,,,,2.2256882190704346,,,,,,,,,
0,,,4039,,,,,,,,,,2.3932321071624756,,,,,,,,,
0,,,4059,,,,,,,,,,2.0224852561950684,,,,,,,,,
0,,,4079,,,,,,,,,,2.2892916202545166,,,,,,,,,
0,,,4099,,,,,,,,,,1.0485641956329346,,,,,,,,,
0,,,4119,,,,,,,,,,2.023911952972412,,,,,,,,,
0,,,4139,,,,,,,,,,1.239011287689209,,,,,,,,,
0,,,4159,,,,,,,,,,3.275932788848877,,,,,,,,,
0,,,4179,,,,,,,,,,2.0301616191864014,,,,,,,,,
0,,,4199,,,,,,,,,,3.212759256362915,,,,,,,,,
0,,,4219,,,,,,,,,,1.8657004833221436,,,,,,,,,
0,,,4239,,,,,,,,,,2.6953110694885254,,,,,,,,,
0,,,4259,,,,,,,,,,2.13765549659729,,,,,,,,,
0,,,4279,,,,,,,,,,1.2026931047439575,,,,,,,,,
0,,,4299,,,,,,,,,,1.3396471738815308,,,,,,,,,
0,,,4319,,,,,,,,,,1.2470310926437378,,,,,,,,,
0,,,4339,,,,,,,,,,4.351858139038086,,,,,,,,,
0,,,4359,,,,,,,,,,3.02901291847229,,,,,,,,,
0,,,4379,,,,,,,,,,1.526432991027832,,,,,,,,,
0,,,4399,,,,,,,,,,1.5269614458084106,,,,,,,,,
0,,,4419,,,,,,,,,,3.081071376800537,,,,,,,,,
0,,,4439,,,,,,,,,,1.830021619796753,,,,,,,,,
0,,,4459,,,,,,,,,,1.7483206987380981,,,,,,,,,
0,,,4479,,,,,,,,,,1.8326029777526855,,,,,,,,,
0,,,4499,,,,,,,,,,0.6633619666099548,,,,,,,,,
0,,,4519,,,,,,,,,,1.4085646867752075,,,,,,,,,
0,,,4539,,,,,,,,,,3.2009024620056152,,,,,,,,,
0,,,4559,,,,,,,,,,3.2953360080718994,,,,,,,,,
0,,,4579,,,,,,,,,,1.6157708168029785,,,,,,,,,
0,,,4599,,,,,,,,,,0.9165103435516357,,,,,,,,,
0,,,4619,,,,,,,,,,1.5170704126358032,,,,,,,,,
0,,,4639,,,,,,,,,,1.7423765659332275,,,,,,,,,
0,,,4659,,,,,,,,,,0.39070552587509155,,,,,,,,,
0,,,4679,,,,,,,,,,2.237967014312744,,,,,,,,,
0,,,4699,,,,,,,,,,0.8906779289245605,,,,,,,,,
0,,,4719,,,,,,,,,,0.9762580990791321,,,,,,,,,
0,,,4739,,,,,,,,,,2.402188539505005,,,,,,,,,
0,,,4759,,,,,,,,,,2.0416059494018555,,,,,,,,,
0,,,4772,,,,,,,,,,,0.7733495235443115,0.8232959508895874,0.646292507648468,5.204983234405518,0.6310907006263733,0.3785950541496277,0.297163724899292,0.9650176763534546,0.7733495235443115
0,,,4772,,,,,,,,0.9082039594650269,2.6868388652801514,,,,,,,,,,
,7.5e-05,7.5e-05,4773,,,,,,,,,,,,,,,,,,,
1,,,4779,,,,,,,,,,1.8946490287780762,,,,,,,,,
1,,,4799,,,,,,,,,,2.6681296825408936,,,,,,,,,
1,,,4819,,,,,,,,,,3.1457576751708984,,,,,,,,,
1,,,4839,,,,,,,,,,1.8001837730407715,,,,,,,,,
1,,,4859,,,,,,,,,,1.9856488704681396,,,,,,,,,
1,,,4879,,,,,,,,,,2.4089794158935547,,,,,,,,,
1,,,4899,,,,,,,,,,0.9961584210395813,,,,,,,,,
1,,,4919,,,,,,,,,,1.3869843482971191,,,,,,,,,
1,,,4939,,,,,,,,,,1.3157650232315063,,,,,,,,,
1,,,4959,,,,,,,,,,5.934398174285889,,,,,,,,,
1,,,4979,,,,,,,,,,1.4844789505004883,,,,,,,,,
1,,,4999,,,,,,,,,,3.9398512840270996,,,,,,,,,
1,,,5019,,,,,,,,,,2.4109013080596924,,,,,,,,,
1,,,5039,,,,,,,,,,1.9684351682662964,,,,,,,,,
1,,,5059,,,,,,,,,,2.7717912197113037,,,,,,,,,
1,,,5079,,,,,,,,,,2.453521251678467,,,,,,,,,
1,,,5099,,,,,,,,,,2.6130428314208984,,,,,,,,,
1,,,5119,,,,,,,,,,3.3865318298339844,,,,,,,,,
1,,,5139,,,,,,,,,,3.296649932861328,,,,,,,,,
1,,,5159,,,,,,,,,,1.9635777473449707,,,,,,,,,
1,,,5179,,,,,,,,,,2.402308702468872,,,,,,,,,
1,,,5199,,,,,,,,,,2.3612987995147705,,,,,,,,,
1,,,5219,,,,,,,,,,4.255317211151123,,,,,,,,,
1,,,5239,,,,,,,,,,2.960395336151123,,,,,,,,,
1,,,5259,,,,,,,,,,2.5614047050476074,,,,,,,,,
1,,,5279,,,,,,,,,,1.7826132774353027,,,,,,,,,
1,,,5299,,,,,,,,,,2.809006690979004,,,,,,,,,
1,,,5319,,,,,,,,,,1.612334132194519,,,,,,,,,
1,,,5339,,,,,,,,,,1.4416245222091675,,,,,,,,,
1,,,5359,,,,,,,,,,3.705564260482788,,,,,,,,,
1,,,5379,,,,,,,,,,2.7231333255767822,,,,,,,,,
1,,,5399,,,,,,,,,,0.49585744738578796,,,,,,,,,
1,,,5419,,,,,,,,,,3.10001277923584,,,,,,,,,
1,,,5439,,,,,,,,,,2.0518581867218018,,,,,,,,,
1,,,5459,,,,,,,,,,2.4677317142486572,,,,,,,,,
1,,,5479,,,,,,,,,,1.623011589050293,,,,,,,,,
1,,,5499,,,,,,,,,,1.4357563257217407,,,,,,,,,
1,,,5519,,,,,,,,,,3.1526541709899902,,,,,,,,,
1,,,5539,,,,,,,,,,1.4784823656082153,,,,,,,,,
1,,,5559,,,,,,,,,,1.6416243314743042,,,,,,,,,
1,,,5579,,,,,,,,,,3.3771073818206787,,,,,,,,,
1,,,5599,,,,,,,,,,2.157280683517456,,,,,,,,,
1,,,5619,,,,,,,,,,1.3060705661773682,,,,,,,,,
1,,,5639,,,,,,,,,,1.6078872680664062,,,,,,,,,
1,,,5659,,,,,,,,,,3.755402088165283,,,,,,,,,
1,,,5679,,,,,,,,,,0.9532788991928101,,,,,,,,,
1,,,5699,,,,,,,,,,2.3749396800994873,,,,,,,,,
1,,,5719,,,,,,,,,,1.8305165767669678,,,,,,,,,
1,,,5739,,,,,,,,,,0.8503854870796204,,,,,,,,,
1,,,5759,,,,,,,,,,0.5200713872909546,,,,,,,,,
1,,,5779,,,,,,,,,,2.162273645401001,,,,,,,,,
1,,,5799,,,,,,,,,,3.036512613296509,,,,,,,,,
1,,,5819,,,,,,,,,,1.6045849323272705,,,,,,,,,
1,,,5839,,,,,,,,,,1.8466078042984009,,,,,,,,,
1,,,5859,,,,,,,,,,4.352232456207275,,,,,,,,,
1,,,5879,,,,,,,,,,3.2208640575408936,,,,,,,,,
1,,,5899,,,,,,,,,,1.0376667976379395,,,,,,,,,
1,,,5919,,,,,,,,,,1.6262567043304443,,,,,,,,,
1,,,5939,,,,,,,,,,1.8646212816238403,,,,,,,,,
1,,,5959,,,,,,,,,,1.7983871698379517,,,,,,,,,
1,,,5979,,,,,,,,,,2.5552611351013184,,,,,,,,,
1,,,5999,,,,,,,,,,2.482132911682129,,,,,,,,,
1,,,6019,,,,,,,,,,1.6075021028518677,,,,,,,,,
1,,,6039,,,,,,,,,,1.661794900894165,,,,,,,,,
1,,,6059,,,,,,,,,,2.9837646484375,,,,,,,,,
1,,,6079,,,,,,,,,,3.5395665168762207,,,,,,,,,
1,,,6099,,,,,,,,,,1.9048185348510742,,,,,,,,,
1,,,6119,,,,,,,,,,1.980811357498169,,,,,,,,,
1,,,6139,,,,,,,,,,2.1446216106414795,,,,,,,,,
1,,,6159,,,,,,,,,,1.6810463666915894,,,,,,,,,
1,,,6179,,,,,,,,,,3.059925079345703,,,,,,,,,
1,,,6199,,,,,,,,,,1.8422452211380005,,,,,,,,,
1,,,6219,,,,,,,,,,2.728790760040283,,,,,,,,,
1,,,6239,,,,,,,,,,3.3353302478790283,,,,,,,,,
1,,,6259,,,,,,,,,,2.9137330055236816,,,,,,,,,
1,,,6279,,,,,,,,,,2.0072147846221924,,,,,,,,,
1,,,6299,,,,,,,,,,1.5539218187332153,,,,,,,,,
1,,,6319,,,,,,,,,,2.4197559356689453,,,,,,,,,
1,,,6339,,,,,,,,,,2.4858522415161133,,,,,,,,,
1,,,6359,,,,,,,,,,1.7719058990478516,,,,,,,,,
1,,,6379,,,,,,,,,,1.7088372707366943,,,,,,,,,
1,,,6399,,,,,,,,,,2.699772357940674,,,,,,,,,
1,,,6419,,,,,,,,,,3.1465396881103516,,,,,,,,,
1,,,6439,,,,,,,,,,2.845092296600342,,,,,,,,,
1,,,6459,,,,,,,,,,2.384164810180664,,,,,,,,,
1,,,6479,,,,,,,,,,1.3821173906326294,,,,,,,,,
1,,,6499,,,,,,,,,,4.2671356201171875,,,,,,,,,
1,,,6519,,,,,,,,,,2.0710699558258057,,,,,,,,,
1,,,6539,,,,,,,,,,3.5376369953155518,,,,,,,,,
1,,,6559,,,,,,,,,,0.8956642746925354,,,,,,,,,
1,,,6579,,,,,,,,,,1.860755443572998,,,,,,,,,
1,,,6599,,,,,,,,,,2.164957284927368,,,,,,,,,
1,,,6619,,,,,,,,,,1.7947828769683838,,,,,,,,,
1,,,6639,,,,,,,,,,3.227548360824585,,,,,,,,,
1,,,6659,,,,,,,,,,0.5942718982696533,,,,,,,,,
1,,,6679,,,,,,,,,,3.588418960571289,,,,,,,,,
1,,,6699,,,,,,,,,,2.3816916942596436,,,,,,,,,
1,,,6719,,,,,,,,,,3.271629810333252,,,,,,,,,
1,,,6739,,,,,,,,,,1.158080816268921,,,,,,,,,
1,,,6759,,,,,,,,,,1.5906131267547607,,,,,,,,,
1,,,6779,,,,,,,,,,3.637481451034546,,,,,,,,,
1,,,6799,,,,,,,,,,2.1841678619384766,,,,,,,,,
1,,,6819,,,,,,,,,,1.7851715087890625,,,,,,,,,
1,,,6839,,,,,,,,,,1.7746745347976685,,,,,,,,,
1,,,6859,,,,,,,,,,2.455164670944214,,,,,,,,,
1,,,6879,,,,,,,,,,0.45144957304000854,,,,,,,,,
1,,,6899,,,,,,,,,,2.1038553714752197,,,,,,,,,
1,,,6919,,,,,,,,,,2.3899247646331787,,,,,,,,,
1,,,6939,,,,,,,,,,1.533494234085083,,,,,,,,,
1,,,6959,,,,,,,,,,0.2776148021221161,,,,,,,,,
1,,,6979,,,,,,,,,,1.7622392177581787,,,,,,,,,
1,,,6999,,,,,,,,,,0.8898501992225647,,,,,,,,,
1,,,7019,,,,,,,,,,1.3432537317276,,,,,,,,,
1,,,7039,,,,,,,,,,1.394055962562561,,,,,,,,,
1,,,7059,,,,,,,,,,0.6480264067649841,,,,,,,,,
1,,,7079,,,,,,,,,,2.4431912899017334,,,,,,,,,
1,,,7099,,,,,,,,,,2.049879789352417,,,,,,,,,
1,,,7119,,,,,,,,,,1.5244646072387695,,,,,,,,,
1,,,7139,,,,,,,,,,1.235367774963379,,,,,,,,,
1,,,7159,,,,,,,,,,1.871454119682312,,,,,,,,,
1,,,7179,,,,,,,,,,2.61374568939209,,,,,,,,,
1,,,7199,,,,,,,,,,2.2042694091796875,,,,,,,,,
1,,,7219,,,,,,,,,,2.275297164916992,,,,,,,,,
1,,,7239,,,,,,,,,,1.3772468566894531,,,,,,,,,
1,,,7259,,,,,,,,,,1.4076727628707886,,,,,,,,,
1,,,7279,,,,,,,,,,2.0558176040649414,,,,,,,,,
1,,,7299,,,,,,,,,,1.9362066984176636,,,,,,,,,
1,,,7319,,,,,,,,,,3.3069071769714355,,,,,,,,,
1,,,7339,,,,,,,,,,3.2536702156066895,,,,,,,,,
1,,,7359,,,,,,,,,,2.692664623260498,,,,,,,,,
1,,,7379,,,,,,,,,,1.1821248531341553,,,,,,,,,
1,,,7399,,,,,,,,,,2.4707422256469727,,,,,,,,,
1,,,7419,,,,,,,,,,2.0837345123291016,,,,,,,,,
1,,,7439,,,,,,,,,,0.9800093173980713,,,,,,,,,
1,,,7459,,,,,,,,,,0.6695842146873474,,,,,,,,,
1,,,7479,,,,,,,,,,3.8823490142822266,,,,,,,,,
1,,,7499,,,,,,,,,,1.4880646467208862,,,,,,,,,
1,,,7519,,,,,,,,,,1.3993947505950928,,,,,,,,,
1,,,7539,,,,,,,,,,0.669671356678009,,,,,,,,,
1,,,7559,,,,,,,,,,2.129678249359131,,,,,,,,,
1,,,7579,,,,,,,,,,0.9636423587799072,,,,,,,,,
1,,,7599,,,,,,,,,,1.6395727396011353,,,,,,,,,
1,,,7619,,,,,,,,,,3.21158504486084,,,,,,,,,
1,,,7639,,,,,,,,,,2.9151370525360107,,,,,,,,,
1,,,7659,,,,,,,,,,3.455127000808716,,,,,,,,,
1,,,7679,,,,,,,,,,1.63751220703125,,,,,,,,,
1,,,7699,,,,,,,,,,2.2135708332061768,,,,,,,,,
1,,,7719,,,,,,,,,,1.404067039489746,,,,,,,,,
1,,,7739,,,,,,,,,,1.54083251953125,,,,,,,,,
1,,,7759,,,,,,,,,,1.8836034536361694,,,,,,,,,
1,,,7779,,,,,,,,,,1.399843454360962,,,,,,,,,
1,,,7799,,,,,,,,,,1.2466124296188354,,,,,,,,,
1,,,7819,,,,,,,,,,1.791202425956726,,,,,,,,,
1,,,7839,,,,,,,,,,1.8189929723739624,,,,,,,,,
1,,,7859,,,,,,,,,,1.8881362676620483,,,,,,,,,
1,,,7879,,,,,,,,,,1.5623518228530884,,,,,,,,,
1,,,7899,,,,,,,,,,0.29692187905311584,,,,,,,,,
1,,,7919,,,,,,,,,,2.1204915046691895,,,,,,,,,
1,,,7939,,,,,,,,,,1.283835768699646,,,,,,,,,
1,,,7959,,,,,,,,,,1.7581419944763184,,,,,,,,,
1,,,7979,,,,,,,,,,2.782196044921875,,,,,,,,,
1,,,7999,,,,,,,,,,2.27285099029541,,,,,,,,,
1,,,8019,,,,,,,,,,1.4260140657424927,,,,,,,,,
1,,,8039,,,,,,,,,,2.383610725402832,,,,,,,,,
1,,,8059,,,,,,,,,,1.9957926273345947,,,,,,,,,
1,,,8079,,,,,,,,,,1.128953456878662,,,,,,,,,
1,,,8099,,,,,,,,,,1.1107157468795776,,,,,,,,,
1,,,8119,,,,,,,,,,2.0663533210754395,,,,,,,,,
1,,,8139,,,,,,,,,,1.7053812742233276,,,,,,,,,
1,,,8159,,,,,,,,,,2.9933559894561768,,,,,,,,,
1,,,8179,,,,,,,,,,0.6275964975357056,,,,,,,,,
1,,,8199,,,,,,,,,,1.8874855041503906,,,,,,,,,
1,,,8219,,,,,,,,,,2.567495107650757,,,,,,,,,
1,,,8239,,,,,,,,,,1.5662853717803955,,,,,,,,,
1,,,8259,,,,,,,,,,2.157750368118286,,,,,,,,,
1,,,8279,,,,,,,,,,0.5894491672515869,,,,,,,,,
1,,,8299,,,,,,,,,,2.150183916091919,,,,,,,,,
1,,,8319,,,,,,,,,,2.778801679611206,,,,,,,,,
1,,,8339,,,,,,,,,,1.4099862575531006,,,,,,,,,
1,,,8359,,,,,,,,,,1.0381176471710205,,,,,,,,,
1,,,8379,,,,,,,,,,0.7279554605484009,,,,,,,,,
1,,,8399,,,,,,,,,,2.939052104949951,,,,,,,,,
1,,,8419,,,,,,,,,,3.755667209625244,,,,,,,,,
1,,,8439,,,,,,,,,,2.262277364730835,,,,,,,,,
1,,,8459,,,,,,,,,,2.484544515609741,,,,,,,,,
1,,,8479,,,,,,,,,,2.478623390197754,,,,,,,,,
1,,,8499,,,,,,,,,,2.543523073196411,,,,,,,,,
1,,,8519,,,,,,,,,,1.6325491666793823,,,,,,,,,
1,,,8539,,,,,,,,,,0.8716418147087097,,,,,,,,,
1,,,8559,,,,,,,,,,2.010232925415039,,,,,,,,,
1,,,8579,,,,,,,,,,1.4626829624176025,,,,,,,,,
1,,,8599,,,,,,,,,,1.5945799350738525,,,,,,,,,
1,,,8619,,,,,,,,,,0.8499398827552795,,,,,,,,,
1,,,8639,,,,,,,,,,1.4105955362319946,,,,,,,,,
1,,,8659,,,,,,,,,,1.5129272937774658,,,,,,,,,
1,,,8679,,,,,,,,,,2.207000255584717,,,,,,,,,
1,,,8699,,,,,,,,,,2.5027549266815186,,,,,,,,,
1,,,8719,,,,,,,,,,1.964043140411377,,,,,,,,,
1,,,8739,,,,,,,,,,2.1384763717651367,,,,,,,,,
1,,,8759,,,,,,,,,,2.2503247261047363,,,,,,,,,
1,,,8779,,,,,,,,,,2.776379346847534,,,,,,,,,
1,,,8799,,,,,,,,,,0.7393279671669006,,,,,,,,,
1,,,8819,,,,,,,,,,1.0058786869049072,,,,,,,,,
1,,,8839,,,,,,,,,,1.8643550872802734,,,,,,,,,
1,,,8859,,,,,,,,,,0.8757655024528503,,,,,,,,,
1,,,8879,,,,,,,,,,1.6248672008514404,,,,,,,,,
1,,,8899,,,,,,,,,,1.2370414733886719,,,,,,,,,
1,,,8919,,,,,,,,,,2.691721200942993,,,,,,,,,
1,,,8939,,,,,,,,,,0.3857962489128113,,,,,,,,,
1,,,8959,,,,,,,,,,1.0101901292800903,,,,,,,,,
1,,,8979,,,,,,,,,,1.9465593099594116,,,,,,,,,
1,,,8999,,,,,,,,,,1.3182464838027954,,,,,,,,,
1,,,9019,,,,,,,,,,1.660029411315918,,,,,,,,,
1,,,9039,,,,,,,,,,2.4295897483825684,,,,,,,,,
1,,,9059,,,,,,,,,,1.977651596069336,,,,,,,,,
1,,,9079,,,,,,,,,,0.6669422388076782,,,,,,,,,
1,,,9099,,,,,,,,,,1.3682537078857422,,,,,,,,,
1,,,9119,,,,,,,,,,1.3668252229690552,,,,,,,,,
1,,,9139,,,,,,,,,,0.9664202332496643,,,,,,,,,
1,,,9159,,,,,,,,,,1.5260778665542603,,,,,,,,,
1,,,9179,,,,,,,,,,0.9311413168907166,,,,,,,,,
1,,,9199,,,,,,,,,,1.7284934520721436,,,,,,,,,
1,,,9219,,,,,,,,,,1.6718997955322266,,,,,,,,,
1,,,9239,,,,,,,,,,1.9399738311767578,,,,,,,,,
1,,,9259,,,,,,,,,,0.4075244665145874,,,,,,,,,
1,,,9279,,,,,,,,,,1.818054437637329,,,,,,,,,
1,,,9299,,,,,,,,,,1.4170069694519043,,,,,,,,,
1,,,9319,,,,,,,,,,0.937737762928009,,,,,,,,,
1,,,9339,,,,,,,,,,2.1125833988189697,,,,,,,,,
1,,,9359,,,,,,,,,,3.10931658744812,,,,,,,,,
1,,,9379,,,,,,,,,,1.8941689729690552,,,,,,,,,
1,,,9399,,,,,,,,,,1.7297601699829102,,,,,,,,,
1,,,9419,,,,,,,,,,1.3588813543319702,,,,,,,,,
1,,,9439,,,,,,,,,,2.8474392890930176,,,,,,,,,
1,,,9459,,,,,,,,,,3.0562119483947754,,,,,,,,,
1,,,9479,,,,,,,,,,1.819705843925476,,,,,,,,,
1,,,9499,,,,,,,,,,1.074022889137268,,,,,,,,,
1,,,9519,,,,,,,,,,1.252117395401001,,,,,,,,,
1,,,9539,,,,,,,,,,0.8728524446487427,,,,,,,,,
1,,,9545,,,,,,,,,,,0.7652413845062256,0.8280619382858276,0.6177206039428711,6.580307960510254,0.6167304515838623,0.3519187867641449,0.2660493850708008,0.967411458492279,0.7652413845062256
1,,,9545,,,,,,,,0.9335194826126099,1.9122902154922485,,,,,,,,,,
,0.0001125,0.0001125,9546,,,,,,,,,,,,,,,,,,,
2,,,9559,,,,,,,,,,2.778214693069458,,,,,,,,,
2,,,9579,,,,,,,,,,2.4162912368774414,,,,,,,,,
2,,,9599,,,,,,,,,,1.5766226053237915,,,,,,,,,
2,,,9619,,,,,,,,,,1.1963123083114624,,,,,,,,,
2,,,9639,,,,,,,,,,0.9686747193336487,,,,,,,,,
2,,,9659,,,,,,,,,,3.2636196613311768,,,,,,,,,
2,,,9679,,,,,,,,,,1.2148183584213257,,,,,,,,,
2,,,9699,,,,,,,,,,0.9239552617073059,,,,,,,,,
2,,,9719,,,,,,,,,,0.6151431202888489,,,,,,,,,
2,,,9739,,,,,,,,,,1.6736057996749878,,,,,,,,,
2,,,9759,,,,,,,,,,0.28908103704452515,,,,,,,,,
2,,,9779,,,,,,,,,,1.7157679796218872,,,,,,,,,
2,,,9799,,,,,,,,,,1.6414729356765747,,,,,,,,,
2,,,9819,,,,,,,,,,2.3851068019866943,,,,,,,,,
2,,,9839,,,,,,,,,,1.2637789249420166,,,,,,,,,
2,,,9859,,,,,,,,,,1.3890538215637207,,,,,,,,,
2,,,9879,,,,,,,,,,0.6813993453979492,,,,,,,,,
2,,,9899,,,,,,,,,,1.6371155977249146,,,,,,,,,
2,,,9919,,,,,,,,,,1.643540382385254,,,,,,,,,
2,,,9939,,,,,,,,,,1.3181982040405273,,,,,,,,,
2,,,9959,,,,,,,,,,1.264979362487793,,,,,,,,,
2,,,9979,,,,,,,,,,0.817986011505127,,,,,,,,,
2,,,9999,,,,,,,,,,2.5721797943115234,,,,,,,,,
2,,,10019,,,,,,,,,,2.1709108352661133,,,,,,,,,
2,,,10039,,,,,,,,,,2.184642791748047,,,,,,,,,
2,,,10059,,,,,,,,,,1.1963496208190918,,,,,,,,,
2,,,10079,,,,,,,,,,2.0978431701660156,,,,,,,,,
2,,,10099,,,,,,,,,,0.6876948475837708,,,,,,,,,
2,,,10119,,,,,,,,,,0.8246158361434937,,,,,,,,,
2,,,10139,,,,,,,,,,1.7765569686889648,,,,,,,,,
2,,,10159,,,,,,,,,,2.1806530952453613,,,,,,,,,
2,,,10179,,,,,,,,,,1.3609075546264648,,,,,,,,,
2,,,10199,,,,,,,,,,1.930359959602356,,,,,,,,,
2,,,10219,,,,,,,,,,1.8266816139221191,,,,,,,,,
2,,,10239,,,,,,,,,,2.7050912380218506,,,,,,,,,
2,,,10259,,,,,,,,,,2.499711513519287,,,,,,,,,
2,,,10279,,,,,,,,,,2.0433335304260254,,,,,,,,,
2,,,10299,,,,,,,,,,1.3774553537368774,,,,,,,,,
2,,,10319,,,,,,,,,,1.04839026927948,,,,,,,,,
2,,,10339,,,,,,,,,,2.2972633838653564,,,,,,,,,
2,,,10359,,,,,,,,,,0.736204981803894,,,,,,,,,
2,,,10379,,,,,,,,,,4.015137672424316,,,,,,,,,
2,,,10399,,,,,,,,,,1.525986909866333,,,,,,,,,
2,,,10419,,,,,,,,,,1.4796582460403442,,,,,,,,,
2,,,10439,,,,,,,,,,3.6306400299072266,,,,,,,,,
2,,,10459,,,,,,,,,,2.5005810260772705,,,,,,,,,
2,,,10479,,,,,,,,,,2.2963008880615234,,,,,,,,,
2,,,10499,,,,,,,,,,1.7115669250488281,,,,,,,,,
2,,,10519,,,,,,,,,,1.5906935930252075,,,,,,,,,
2,,,10539,,,,,,,,,,1.0850176811218262,,,,,,,,,
2,,,10559,,,,,,,,,,1.5544813871383667,,,,,,,,,
2,,,10579,,,,,,,,,,1.9507205486297607,,,,,,,,,
2,,,10599,,,,,,,,,,0.8457518219947815,,,,,,,,,
2,,,10619,,,,,,,,,,2.894721508026123,,,,,,,,,
2,,,10639,,,,,,,,,,3.6439619064331055,,,,,,,,,
2,,,10659,,,,,,,,,,1.0258898735046387,,,,,,,,,
2,,,10679,,,,,,,,,,1.7090320587158203,,,,,,,,,
2,,,10699,,,,,,,,,,1.7752456665039062,,,,,,,,,
2,,,10719,,,,,,,,,,1.5346286296844482,,,,,,,,,
2,,,10739,,,,,,,,,,1.6948655843734741,,,,,,,,,
2,,,10759,,,,,,,,,,2.004662036895752,,,,,,,,,
2,,,10779,,,,,,,,,,1.185642123222351,,,,,,,,,
2,,,10799,,,,,,,,,,2.4261043071746826,,,,,,,,,
2,,,10819,,,,,,,,,,1.8173160552978516,,,,,,,,,
2,,,10839,,,,,,,,,,3.297961950302124,,,,,,,,,
2,,,10859,,,,,,,,,,2.432055711746216,,,,,,,,,
2,,,10879,,,,,,,,,,2.2550299167633057,,,,,,,,,
2,,,10899,,,,,,,,,,0.7517114281654358,,,,,,,,,
2,,,10919,,,,,,,,,,0.8595898151397705,,,,,,,,,
2,,,10939,,,,,,,,,,1.8610448837280273,,,,,,,,,
2,,,10959,,,,,,,,,,0.297152578830719,,,,,,,,,
2,,,10979,,,,,,,,,,2.424685001373291,,,,,,,,,
2,,,10999,,,,,,,,,,3.7457501888275146,,,,,,,,,
2,,,11019,,,,,,,,,,2.1528801918029785,,,,,,,,,
2,,,11039,,,,,,,,,,1.4485362768173218,,,,,,,,,
2,,,11059,,,,,,,,,,1.4370836019515991,,,,,,,,,
2,,,11079,,,,,,,,,,2.496230125427246,,,,,,,,,
2,,,11099,,,,,,,,,,3.2816896438598633,,,,,,,,,
2,,,11119,,,,,,,,,,2.3362207412719727,,,,,,,,,
2,,,11139,,,,,,,,,,1.427248477935791,,,,,,,,,
2,,,11159,,,,,,,,,,1.4022105932235718,,,,,,,,,
2,,,11179,,,,,,,,,,1.2060370445251465,,,,,,,,,
2,,,11199,,,,,,,,,,0.959618866443634,,,,,,,,,
2,,,11219,,,,,,,,,,1.6245574951171875,,,,,,,,,
2,,,11239,,,,,,,,,,1.0893434286117554,,,,,,,,,
2,,,11259,,,,,,,,,,1.9312703609466553,,,,,,,,,
2,,,11279,,,,,,,,,,0.8658044934272766,,,,,,,,,
2,,,11299,,,,,,,,,,0.29602110385894775,,,,,,,,,
2,,,11319,,,,,,,,,,2.892455816268921,,,,,,,,,
2,,,11339,,,,,,,,,,2.2490882873535156,,,,,,,,,
2,,,11359,,,,,,,,,,1.0468761920928955,,,,,,,,,
2,,,11379,,,,,,,,,,0.9582026600837708,,,,,,,,,
2,,,11399,,,,,,,,,,1.0032389163970947,,,,,,,,,
2,,,11419,,,,,,,,,,0.9730432629585266,,,,,,,,,
2,,,11439,,,,,,,,,,1.9174555540084839,,,,,,,,,
2,,,11459,,,,,,,,,,2.404581308364868,,,,,,,,,
2,,,11479,,,,,,,,,,3.68272066116333,,,,,,,,,
2,,,11499,,,,,,,,,,0.9720834493637085,,,,,,,,,
2,,,11519,,,,,,,,,,1.0612717866897583,,,,,,,,,
2,,,11539,,,,,,,,,,1.635872721672058,,,,,,,,,
2,,,11559,,,,,,,,,,0.3651013970375061,,,,,,,,,
2,,,11579,,,,,,,,,,2.6044750213623047,,,,,,,,,
2,,,11599,,,,,,,,,,1.0424020290374756,,,,,,,,,
2,,,11619,,,,,,,,,,0.9875134229660034,,,,,,,,,
2,,,11639,,,,,,,,,,2.6002819538116455,,,,,,,,,
2,,,11659,,,,,,,,,,0.6867227554321289,,,,,,,,,
2,,,11679,,,,,,,,,,1.2235060930252075,,,,,,,,,
2,,,11699,,,,,,,,,,1.856756329536438,,,,,,,,,
2,,,11719,,,,,,,,,,1.7521439790725708,,,,,,,,,
2,,,11739,,,,,,,,,,1.0187581777572632,,,,,,,,,
2,,,11759,,,,,,,,,,0.8654776811599731,,,,,,,,,
2,,,11779,,,,,,,,,,1.0394574403762817,,,,,,,,,
2,,,11799,,,,,,,,,,3.0426621437072754,,,,,,,,,
2,,,11819,,,,,,,,,,1.1586366891860962,,,,,,,,,
2,,,11839,,,,,,,,,,2.0357346534729004,,,,,,,,,
2,,,11859,,,,,,,,,,2.309373378753662,,,,,,,,,
2,,,11879,,,,,,,,,,3.086360454559326,,,,,,,,,
2,,,11899,,,,,,,,,,0.18727177381515503,,,,,,,,,
2,,,11919,,,,,,,,,,0.6784367561340332,,,,,,,,,
2,,,11939,,,,,,,,,,3.3865602016448975,,,,,,,,,
2,,,11959,,,,,,,,,,1.7985870838165283,,,,,,,,,
2,,,11979,,,,,,,,,,1.9714735746383667,,,,,,,,,
2,,,11999,,,,,,,,,,2.2106404304504395,,,,,,,,,
2,,,12019,,,,,,,,,,1.0200929641723633,,,,,,,,,
2,,,12039,,,,,,,,,,1.096798300743103,,,,,,,,,
2,,,12059,,,,,,,,,,0.9224904179573059,,,,,,,,,
2,,,12079,,,,,,,,,,1.225351095199585,,,,,,,,,
2,,,12099,,,,,,,,,,2.214186668395996,,,,,,,,,
2,,,12119,,,,,,,,,,2.438082695007324,,,,,,,,,
2,,,12139,,,,,,,,,,1.5618058443069458,,,,,,,,,
2,,,12159,,,,,,,,,,0.9105748534202576,,,,,,,,,
2,,,12179,,,,,,,,,,1.785068392753601,,,,,,,,,
2,,,12199,,,,,,,,,,1.565967082977295,,,,,,,,,
2,,,12219,,,,,,,,,,2.568638563156128,,,,,,,,,
2,,,12239,,,,,,,,,,2.3812007904052734,,,,,,,,,
2,,,12259,,,,,,,,,,0.7482427358627319,,,,,,,,,
2,,,12279,,,,,,,,,,1.5629262924194336,,,,,,,,,
2,,,12299,,,,,,,,,,1.3473602533340454,,,,,,,,,
2,,,12319,,,,,,,,,,1.343675971031189,,,,,,,,,
2,,,12339,,,,,,,,,,1.385764718055725,,,,,,,,,
2,,,12359,,,,,,,,,,1.6422432661056519,,,,,,,,,
2,,,12379,,,,,,,,,,1.9075618982315063,,,,,,,,,
2,,,12399,,,,,,,,,,1.3502370119094849,,,,,,,,,
2,,,12419,,,,,,,,,,1.266825795173645,,,,,,,,,
2,,,12439,,,,,,,,,,1.4941892623901367,,,,,,,,,
2,,,12459,,,,,,,,,,0.5991913080215454,,,,,,,,,
2,,,12479,,,,,,,,,,3.026858329772949,,,,,,,,,
2,,,12499,,,,,,,,,,1.7583438158035278,,,,,,,,,
2,,,12519,,,,,,,,,,0.7054968476295471,,,,,,,,,
2,,,12539,,,,,,,,,,1.829836130142212,,,,,,,,,
2,,,12559,,,,,,,,,,0.7396134734153748,,,,,,,,,
2,,,12579,,,,,,,,,,1.8274861574172974,,,,,,,,,
2,,,12599,,,,,,,,,,3.8100273609161377,,,,,,,,,
2,,,12619,,,,,,,,,,1.0138661861419678,,,,,,,,,
2,,,12639,,,,,,,,,,1.4756946563720703,,,,,,,,,
2,,,12659,,,,,,,,,,2.625236749649048,,,,,,,,,
2,,,12679,,,,,,,,,,1.2701739072799683,,,,,,,,,
2,,,12699,,,,,,,,,,1.862963318824768,,,,,,,,,
2,,,12719,,,,,,,,,,1.0800846815109253,,,,,,,,,
2,,,12739,,,,,,,,,,0.8867490291595459,,,,,,,,,
2,,,12759,,,,,,,,,,2.2188777923583984,,,,,,,,,
2,,,12779,,,,,,,,,,1.7244521379470825,,,,,,,,,
2,,,12799,,,,,,,,,,1.617291808128357,,,,,,,,,
2,,,12819,,,,,,,,,,1.418300986289978,,,,,,,,,
2,,,12839,,,,,,,,,,1.5452040433883667,,,,,,,,,
2,,,12859,,,,,,,,,,1.9287577867507935,,,,,,,,,
2,,,12879,,,,,,,,,,0.5761744379997253,,,,,,,,,
2,,,12899,,,,,,,,,,1.6685608625411987,,,,,,,,,
2,,,12919,,,,,,,,,,1.1466312408447266,,,,,,,,,
2,,,12939,,,,,,,,,,2.172769784927368,,,,,,,,,
2,,,12959,,,,,,,,,,2.7018253803253174,,,,,,,,,
2,,,12979,,,,,,,,,,3.8332042694091797,,,,,,,,,
2,,,12999,,,,,,,,,,0.8877828121185303,,,,,,,,,
2,,,13019,,,,,,,,,,1.1799030303955078,,,,,,,,,
2,,,13039,,,,,,,,,,1.3491475582122803,,,,,,,,,
2,,,13059,,,,,,,,,,1.7003452777862549,,,,,,,,,
2,,,13079,,,,,,,,,,2.9378881454467773,,,,,,,,,
2,,,13099,,,,,,,,,,0.5601752400398254,,,,,,,,,
2,,,13119,,,,,,,,,,2.4931440353393555,,,,,,,,,
2,,,13139,,,,,,,,,,1.433456301689148,,,,,,,,,
2,,,13159,,,,,,,,,,0.9851886630058289,,,,,,,,,
2,,,13179,,,,,,,,,,1.5162413120269775,,,,,,,,,
2,,,13199,,,,,,,,,,1.390571117401123,,,,,,,,,
2,,,13219,,,,,,,,,,1.5038164854049683,,,,,,,,,
2,,,13239,,,,,,,,,,1.5908100605010986,,,,,,,,,
2,,,13259,,,,,,,,,,2.4408392906188965,,,,,,,,,
2,,,13279,,,,,,,,,,1.7551281452178955,,,,,,,,,
2,,,13299,,,,,,,,,,1.1593669652938843,,,,,,,,,
2,,,13319,,,,,,,,,,0.684361457824707,,,,,,,,,
2,,,13339,,,,,,,,,,2.721982717514038,,,,,,,,,
2,,,13359,,,,,,,,,,1.3569380044937134,,,,,,,,,
2,,,13379,,,,,,,,,,1.2996795177459717,,,,,,,,,
2,,,13399,,,,,,,,,,3.312952995300293,,,,,,,,,
2,,,13419,,,,,,,,,,1.6648365259170532,,,,,,,,,
2,,,13439,,,,,,,,,,1.5149180889129639,,,,,,,,,
2,,,13459,,,,,,,,,,1.2684820890426636,,,,,,,,,
2,,,13479,,,,,,,,,,0.6377267837524414,,,,,,,,,
2,,,13499,,,,,,,,,,0.9574984908103943,,,,,,,,,
2,,,13519,,,,,,,,,,1.7661468982696533,,,,,,,,,
2,,,13539,,,,,,,,,,5.258525371551514,,,,,,,,,
2,,,13559,,,,,,,,,,0.8442236185073853,,,,,,,,,
2,,,13579,,,,,,,,,,1.1638250350952148,,,,,,,,,
2,,,13599,,,,,,,,,,1.7015669345855713,,,,,,,,,
2,,,13619,,,,,,,,,,2.294180393218994,,,,,,,,,
2,,,13639,,,,,,,,,,1.174863576889038,,,,,,,,,
2,,,13659,,,,,,,,,,3.75054669380188,,,,,,,,,
2,,,13679,,,,,,,,,,0.593265950679779,,,,,,,,,
2,,,13699,,,,,,,,,,1.4488943815231323,,,,,,,,,
2,,,13719,,,,,,,,,,1.692436933517456,,,,,,,,,
2,,,13739,,,,,,,,,,1.1735002994537354,,,,,,,,,
2,,,13759,,,,,,,,,,0.5632149577140808,,,,,,,,,
2,,,13779,,,,,,,,,,2.189542531967163,,,,,,,,,
2,,,13799,,,,,,,,,,1.1155272722244263,,,,,,,,,
2,,,13819,,,,,,,,,,2.355116844177246,,,,,,,,,
2,,,13839,,,,,,,,,,1.6024820804595947,,,,,,,,,
2,,,13859,,,,,,,,,,0.6934507489204407,,,,,,,,,
2,,,13879,,,,,,,,,,0.8487913012504578,,,,,,,,,
2,,,13899,,,,,,,,,,0.7818770408630371,,,,,,,,,
2,,,13919,,,,,,,,,,1.7503256797790527,,,,,,,,,
2,,,13939,,,,,,,,,,0.9649658203125,,,,,,,,,
2,,,13959,,,,,,,,,,2.5423426628112793,,,,,,,,,
2,,,13979,,,,,,,,,,1.9596803188323975,,,,,,,,,
2,,,13999,,,,,,,,,,1.751699447631836,,,,,,,,,
2,,,14019,,,,,,,,,,1.244367241859436,,,,,,,,,
2,,,14039,,,,,,,,,,1.664047122001648,,,,,,,,,
2,,,14059,,,,,,,,,,2.459197759628296,,,,,,,,,
2,,,14079,,,,,,,,,,0.22976839542388916,,,,,,,,,
2,,,14099,,,,,,,,,,0.7581341862678528,,,,,,,,,
2,,,14119,,,,,,,,,,0.7050001621246338,,,,,,,,,
2,,,14139,,,,,,,,,,2.308899402618408,,,,,,,,,
2,,,14159,,,,,,,,,,1.2845933437347412,,,,,,,,,
2,,,14179,,,,,,,,,,2.1932387351989746,,,,,,,,,
2,,,14199,,,,,,,,,,1.3607009649276733,,,,,,,,,
2,,,14219,,,,,,,,,,1.8262240886688232,,,,,,,,,
2,,,14239,,,,,,,,,,2.020453691482544,,,,,,,,,
2,,,14259,,,,,,,,,,2.1004600524902344,,,,,,,,,
2,,,14279,,,,,,,,,,0.9094618558883667,,,,,,,,,
2,,,14299,,,,,,,,,,1.1556460857391357,,,,,,,,,
2,,,14318,,,,,,,,,,,0.7048007249832153,0.7546658515930176,0.5586534738540649,7.830312728881836,0.5836945176124573,0.2618449628353119,0.21196138858795166,0.9554276466369629,0.7048007249832153
2,,,14318,,,,,,,,0.940662145614624,1.685984492301941,,,,,,,,,,
,0.00015,0.00015,14319,,,,,,,,,,,,,,,,,,,
3,,,14319,,,,,,,,,,3.646890878677368,,,,,,,,,
3,,,14339,,,,,,,,,,0.6126065254211426,,,,,,,,,
3,,,14359,,,,,,,,,,0.39925143122673035,,,,,,,,,
3,,,14379,,,,,,,,,,3.8112635612487793,,,,,,,,,
3,,,14399,,,,,,,,,,0.6500992774963379,,,,,,,,,
3,,,14419,,,,,,,,,,1.2324860095977783,,,,,,,,,
3,,,14439,,,,,,,,,,1.6579819917678833,,,,,,,,,
3,,,14459,,,,,,,,,,0.8850886821746826,,,,,,,,,
3,,,14479,,,,,,,,,,2.1899573802948,,,,,,,,,
3,,,14499,,,,,,,,,,1.7494086027145386,,,,,,,,,
3,,,14519,,,,,,,,,,0.6623690724372864,,,,,,,,,
3,,,14539,,,,,,,,,,1.339713454246521,,,,,,,,,
3,,,14559,,,,,,,,,,1.6602809429168701,,,,,,,,,
3,,,14579,,,,,,,,,,1.7522777318954468,,,,,,,,,
3,,,14599,,,,,,,,,,1.7112382650375366,,,,,,,,,
3,,,14619,,,,,,,,,,3.3603551387786865,,,,,,,,,
3,,,14639,,,,,,,,,,2.486602783203125,,,,,,,,,
3,,,14659,,,,,,,,,,2.257843255996704,,,,,,,,,
3,,,14679,,,,,,,,,,1.0170294046401978,,,,,,,,,
3,,,14699,,,,,,,,,,0.8052284121513367,,,,,,,,,
3,,,14719,,,,,,,,,,0.7041794657707214,,,,,,,,,
3,,,14739,,,,,,,,,,1.2301479578018188,,,,,,,,,
3,,,14759,,,,,,,,,,3.1853389739990234,,,,,,,,,
3,,,14779,,,,,,,,,,0.8699738383293152,,,,,,,,,
3,,,14799,,,,,,,,,,1.5376125574111938,,,,,,,,,
3,,,14819,,,,,,,,,,0.6829028129577637,,,,,,,,,
3,,,14839,,,,,,,,,,2.3697257041931152,,,,,,,,,
3,,,14859,,,,,,,,,,1.6517333984375,,,,,,,,,
3,,,14879,,,,,,,,,,1.3506348133087158,,,,,,,,,
3,,,14899,,,,,,,,,,1.2893164157867432,,,,,,,,,
3,,,14919,,,,,,,,,,1.1074968576431274,,,,,,,,,
3,,,14939,,,,,,,,,,2.1086246967315674,,,,,,,,,
3,,,14959,,,,,,,,,,1.3450243473052979,,,,,,,,,
3,,,14979,,,,,,,,,,0.23438572883605957,,,,,,,,,
3,,,14999,,,,,,,,,,2.190924882888794,,,,,,,,,
3,,,15019,,,,,,,,,,2.962017059326172,,,,,,,,,
3,,,15039,,,,,,,,,,0.6197546720504761,,,,,,,,,
3,,,15059,,,,,,,,,,1.597214937210083,,,,,,,,,
3,,,15079,,,,,,,,,,1.5934844017028809,,,,,,,,,
3,,,15099,,,,,,,,,,1.506555438041687,,,,,,,,,
3,,,15119,,,,,,,,,,2.718534231185913,,,,,,,,,
3,,,15139,,,,,,,,,,2.0067620277404785,,,,,,,,,
3,,,15159,,,,,,,,,,1.7677483558654785,,,,,,,,,
3,,,15179,,,,,,,,,,1.9905405044555664,,,,,,,,,
3,,,15199,,,,,,,,,,1.1097874641418457,,,,,,,,,
3,,,15219,,,,,,,,,,1.7822095155715942,,,,,,,,,
3,,,15239,,,,,,,,,,0.7225051522254944,,,,,,,,,
3,,,15259,,,,,,,,,,1.665791630744934,,,,,,,,,
3,,,15279,,,,,,,,,,0.8725558519363403,,,,,,,,,
3,,,15299,,,,,,,,,,0.9959819316864014,,,,,,,,,
3,,,15319,,,,,,,,,,1.6047594547271729,,,,,,,,,
3,,,15339,,,,,,,,,,1.5173859596252441,,,,,,,,,
3,,,15359,,,,,,,,,,1.828009009361267,,,,,,,,,
3,,,15379,,,,,,,,,,1.172932744026184,,,,,,,,,
3,,,15399,,,,,,,,,,1.5926365852355957,,,,,,,,,
3,,,15419,,,,,,,,,,1.4119017124176025,,,,,,,,,
3,,,15439,,,,,,,,,,1.8104749917984009,,,,,,,,,
3,,,15459,,,,,,,,,,0.6238932013511658,,,,,,,,,
3,,,15479,,,,,,,,,,0.6679477691650391,,,,,,,,,
3,,,15499,,,,,,,,,,1.6266019344329834,,,,,,,,,
3,,,15519,,,,,,,,,,2.1994681358337402,,,,,,,,,
3,,,15539,,,,,,,,,,2.0122363567352295,,,,,,,,,
3,,,15559,,,,,,,,,,0.5530264973640442,,,,,,,,,
3,,,15579,,,,,,,,,,1.9630398750305176,,,,,,,,,
3,,,15599,,,,,,,,,,1.1244916915893555,,,,,,,,,
3,,,15619,,,,,,,,,,1.5732258558273315,,,,,,,,,
3,,,15639,,,,,,,,,,2.4404850006103516,,,,,,,,,
3,,,15659,,,,,,,,,,0.42125311493873596,,,,,,,,,
3,,,15679,,,,,,,,,,2.27768611907959,,,,,,,,,
3,,,15699,,,,,,,,,,2.05301833152771,,,,,,,,,
3,,,15719,,,,,,,,,,1.0261133909225464,,,,,,,,,
3,,,15739,,,,,,,,,,1.2411102056503296,,,,,,,,,
3,,,15759,,,,,,,,,,2.923382520675659,,,,,,,,,
3,,,15779,,,,,,,,,,1.7083715200424194,,,,,,,,,
3,,,15799,,,,,,,,,,2.1384077072143555,,,,,,,,,
3,,,15819,,,,,,,,,,1.5115002393722534,,,,,,,,,
3,,,15839,,,,,,,,,,0.8619470000267029,,,,,,,,,
3,,,15859,,,,,,,,,,0.7598926424980164,,,,,,,,,
3,,,15879,,,,,,,,,,1.1477646827697754,,,,,,,,,
3,,,15899,,,,,,,,,,2.4055159091949463,,,,,,,,,
3,,,15919,,,,,,,,,,2.1819629669189453,,,,,,,,,
3,,,15939,,,,,,,,,,1.9660422801971436,,,,,,,,,
3,,,15959,,,,,,,,,,2.489698886871338,,,,,,,,,
3,,,15979,,,,,,,,,,3.2081849575042725,,,,,,,,,
3,,,15999,,,,,,,,,,1.4713490009307861,,,,,,,,,
3,,,16019,,,,,,,,,,2.797680377960205,,,,,,,,,
3,,,16039,,,,,,,,,,1.0456141233444214,,,,,,,,,
3,,,16059,,,,,,,,,,1.5548423528671265,,,,,,,,,
3,,,16079,,,,,,,,,,1.607306957244873,,,,,,,,,
3,,,16099,,,,,,,,,,2.100940465927124,,,,,,,,,
3,,,16119,,,,,,,,,,0.7254499793052673,,,,,,,,,
3,,,16139,,,,,,,,,,0.6276057958602905,,,,,,,,,
3,,,16159,,,,,,,,,,1.8686717748641968,,,,,,,,,
3,,,16179,,,,,,,,,,1.000675916671753,,,,,,,,,
3,,,16199,,,,,,,,,,0.6614727973937988,,,,,,,,,
3,,,16219,,,,,,,,,,1.8718613386154175,,,,,,,,,
3,,,16239,,,,,,,,,,1.3257367610931396,,,,,,,,,
3,,,16259,,,,,,,,,,1.5727956295013428,,,,,,,,,
3,,,16279,,,,,,,,,,1.1893408298492432,,,,,,,,,
3,,,16299,,,,,,,,,,1.1761983633041382,,,,,,,,,
3,,,16319,,,,,,,,,,1.1808890104293823,,,,,,,,,
3,,,16339,,,,,,,,,,1.6089591979980469,,,,,,,,,
3,,,16359,,,,,,,,,,2.0013206005096436,,,,,,,,,
3,,,16379,,,,,,,,,,0.9383969902992249,,,,,,,,,
3,,,16399,,,,,,,,,,0.6574445962905884,,,,,,,,,
3,,,16419,,,,,,,,,,1.088923692703247,,,,,,,,,
3,,,16439,,,,,,,,,,1.599241018295288,,,,,,,,,
3,,,16459,,,,,,,,,,2.8131558895111084,,,,,,,,,
3,,,16479,,,,,,,,,,0.8900896310806274,,,,,,,,,
3,,,16499,,,,,,,,,,3.3668618202209473,,,,,,,,,
3,,,16519,,,,,,,,,,0.9594548940658569,,,,,,,,,
3,,,16539,,,,,,,,,,1.7687445878982544,,,,,,,,,
3,,,16559,,,,,,,,,,1.4648845195770264,,,,,,,,,
3,,,16579,,,,,,,,,,2.0994527339935303,,,,,,,,,
3,,,16599,,,,,,,,,,0.9858786463737488,,,,,,,,,
3,,,16619,,,,,,,,,,1.1826438903808594,,,,,,,,,
3,,,16639,,,,,,,,,,2.9993488788604736,,,,,,,,,
3,,,16659,,,,,,,,,,1.571874737739563,,,,,,,,,
3,,,16679,,,,,,,,,,1.2271095514297485,,,,,,,,,
3,,,16699,,,,,,,,,,1.437917709350586,,,,,,,,,
3,,,16719,,,,,,,,,,2.890840768814087,,,,,,,,,
3,,,16739,,,,,,,,,,2.8406949043273926,,,,,,,,,
3,,,16759,,,,,,,,,,0.6191362142562866,,,,,,,,,
3,,,16779,,,,,,,,,,1.4308369159698486,,,,,,,,,
3,,,16799,,,,,,,,,,1.6503159999847412,,,,,,,,,
3,,,16819,,,,,,,,,,1.2287266254425049,,,,,,,,,
3,,,16839,,,,,,,,,,0.40279558300971985,,,,,,,,,
3,,,16859,,,,,,,,,,0.9487331509590149,,,,,,,,,
3,,,16879,,,,,,,,,,0.20039406418800354,,,,,,,,,
3,,,16899,,,,,,,,,,2.135395050048828,,,,,,,,,
3,,,16919,,,,,,,,,,4.627255439758301,,,,,,,,,
3,,,16939,,,,,,,,,,0.273101806640625,,,,,,,,,
3,,,16959,,,,,,,,,,1.7442553043365479,,,,,,,,,
3,,,16979,,,,,,,,,,1.1302098035812378,,,,,,,,,
3,,,16999,,,,,,,,,,0.9663879871368408,,,,,,,,,
3,,,17019,,,,,,,,,,0.4237448573112488,,,,,,,,,
3,,,17039,,,,,,,,,,1.3065274953842163,,,,,,,,,
3,,,17059,,,,,,,,,,1.2201788425445557,,,,,,,,,
3,,,17079,,,,,,,,,,1.9490292072296143,,,,,,,,,
3,,,17099,,,,,,,,,,0.23237809538841248,,,,,,,,,
3,,,17119,,,,,,,,,,0.8508308529853821,,,,,,,,,
3,,,17139,,,,,,,,,,1.712804913520813,,,,,,,,,
3,,,17159,,,,,,,,,,1.5861172676086426,,,,,,,,,
3,,,17179,,,,,,,,,,1.511679768562317,,,,,,,,,
3,,,17199,,,,,,,,,,1.7178733348846436,,,,,,,,,
3,,,17219,,,,,,,,,,2.5600340366363525,,,,,,,,,
3,,,17239,,,,,,,,,,0.4804355800151825,,,,,,,,,
3,,,17259,,,,,,,,,,1.5066745281219482,,,,,,,,,
3,,,17279,,,,,,,,,,2.5697274208068848,,,,,,,,,
3,,,17299,,,,,,,,,,0.4258615970611572,,,,,,,,,
3,,,17319,,,,,,,,,,1.139981746673584,,,,,,,,,
3,,,17339,,,,,,,,,,0.8273265361785889,,,,,,,,,
3,,,17359,,,,,,,,,,1.4051902294158936,,,,,,,,,
3,,,17379,,,,,,,,,,0.589544415473938,,,,,,,,,
3,,,17399,,,,,,,,,,1.4337506294250488,,,,,,,,,
3,,,17419,,,,,,,,,,1.0727097988128662,,,,,,,,,
3,,,17439,,,,,,,,,,0.6068472266197205,,,,,,,,,
3,,,17459,,,,,,,,,,1.4117876291275024,,,,,,,,,
3,,,17479,,,,,,,,,,1.3620421886444092,,,,,,,,,
3,,,17499,,,,,,,,,,2.6099085807800293,,,,,,,,,
3,,,17519,,,,,,,,,,0.9785330891609192,,,,,,,,,
3,,,17539,,,,,,,,,,0.3810417354106903,,,,,,,,,
3,,,17559,,,,,,,,,,1.1203980445861816,,,,,,,,,
3,,,17579,,,,,,,,,,2.742903470993042,,,,,,,,,
3,,,17599,,,,,,,,,,0.6462240815162659,,,,,,,,,
3,,,17619,,,,,,,,,,0.8373964428901672,,,,,,,,,
3,,,17639,,,,,,,,,,2.5393331050872803,,,,,,,,,
3,,,17659,,,,,,,,,,1.1424901485443115,,,,,,,,,
3,,,17679,,,,,,,,,,0.34994128346443176,,,,,,,,,
3,,,17699,,,,,,,,,,1.152303695678711,,,,,,,,,
3,,,17719,,,,,,,,,,0.8931043148040771,,,,,,,,,
3,,,17739,,,,,,,,,,1.8869625329971313,,,,,,,,,
3,,,17759,,,,,,,,,,2.0102007389068604,,,,,,,,,
3,,,17779,,,,,,,,,,1.3960356712341309,,,,,,,,,
3,,,17799,,,,,,,,,,1.59015691280365,,,,,,,,,
3,,,17819,,,,,,,,,,2.001265048980713,,,,,,,,,
3,,,17839,,,,,,,,,,3.097966194152832,,,,,,,,,
3,,,17859,,,,,,,,,,2.7371826171875,,,,,,,,,
3,,,17879,,,,,,,,,,0.21253037452697754,,,,,,,,,
3,,,17899,,,,,,,,,,1.0234529972076416,,,,,,,,,
3,,,17919,,,,,,,,,,1.3263943195343018,,,,,,,,,
3,,,17939,,,,,,,,,,2.217787981033325,,,,,,,,,
3,,,17959,,,,,,,,,,2.3128294944763184,,,,,,,,,
3,,,17979,,,,,,,,,,1.1152098178863525,,,,,,,,,
3,,,17999,,,,,,,,,,1.0498138666152954,,,,,,,,,
3,,,18019,,,,,,,,,,1.6882781982421875,,,,,,,,,
3,,,18039,,,,,,,,,,1.0329251289367676,,,,,,,,,
3,,,18059,,,,,,,,,,2.1614067554473877,,,,,,,,,
3,,,18079,,,,,,,,,,0.5446978807449341,,,,,,,,,
3,,,18099,,,,,,,,,,1.6740260124206543,,,,,,,,,
3,,,18119,,,,,,,,,,3.6570053100585938,,,,,,,,,
3,,,18139,,,,,,,,,,0.8050950765609741,,,,,,,,,
3,,,18159,,,,,,,,,,2.1930737495422363,,,,,,,,,
3,,,18179,,,,,,,,,,0.4945051968097687,,,,,,,,,
3,,,18199,,,,,,,,,,0.20640170574188232,,,,,,,,,
3,,,18219,,,,,,,,,,1.0195761919021606,,,,,,,,,
3,,,18239,,,,,,,,,,1.895835280418396,,,,,,,,,
3,,,18259,,,,,,,,,,1.179343342781067,,,,,,,,,
3,,,18279,,,,,,,,,,0.5796745419502258,,,,,,,,,
3,,,18299,,,,,,,,,,1.2150912284851074,,,,,,,,,
3,,,18319,,,,,,,,,,2.673983097076416,,,,,,,,,
3,,,18339,,,,,,,,,,2.9919309616088867,,,,,,,,,
3,,,18359,,,,,,,,,,2.3724842071533203,,,,,,,,,
3,,,18379,,,,,,,,,,1.3779178857803345,,,,,,,,,
3,,,18399,,,,,,,,,,1.0073480606079102,,,,,,,,,
3,,,18419,,,,,,,,,,1.2729759216308594,,,,,,,,,
3,,,18439,,,,,,,,,,0.6292692422866821,,,,,,,,,
3,,,18459,,,,,,,,,,2.2371439933776855,,,,,,,,,
3,,,18479,,,,,,,,,,1.530198097229004,,,,,,,,,
3,,,18499,,,,,,,,,,2.2571637630462646,,,,,,,,,
3,,,18519,,,,,,,,,,2.44594669342041,,,,,,,,,
3,,,18539,,,,,,,,,,0.7048196792602539,,,,,,,,,
3,,,18559,,,,,,,,,,2.0558340549468994,,,,,,,,,
3,,,18579,,,,,,,,,,1.8836134672164917,,,,,,,,,
3,,,18599,,,,,,,,,,0.6399561166763306,,,,,,,,,
3,,,18619,,,,,,,,,,1.6649441719055176,,,,,,,,,
3,,,18639,,,,,,,,,,2.468337059020996,,,,,,,,,
3,,,18659,,,,,,,,,,0.6220422387123108,,,,,,,,,
3,,,18679,,,,,,,,,,2.2759437561035156,,,,,,,,,
3,,,18699,,,,,,,,,,0.7653185129165649,,,,,,,,,
3,,,18719,,,,,,,,,,1.5098992586135864,,,,,,,,,
3,,,18739,,,,,,,,,,1.0221718549728394,,,,,,,,,
3,,,18759,,,,,,,,,,1.1891993284225464,,,,,,,,,
3,,,18779,,,,,,,,,,0.9564732313156128,,,,,,,,,
3,,,18799,,,,,,,,,,0.2575090527534485,,,,,,,,,
3,,,18819,,,,,,,,,,1.4881134033203125,,,,,,,,,
3,,,18839,,,,,,,,,,1.5312023162841797,,,,,,,,,
3,,,18859,,,,,,,,,,2.5558011531829834,,,,,,,,,
3,,,18879,,,,,,,,,,2.280836820602417,,,,,,,,,
3,,,18899,,,,,,,,,,1.5705126523971558,,,,,,,,,
3,,,18919,,,,,,,,,,2.2027475833892822,,,,,,,,,
3,,,18939,,,,,,,,,,0.9243908524513245,,,,,,,,,
3,,,18959,,,,,,,,,,3.1494364738464355,,,,,,,,,
3,,,18979,,,,,,,,,,1.5740811824798584,,,,,,,,,
3,,,18999,,,,,,,,,,2.859483480453491,,,,,,,,,
3,,,19019,,,,,,,,,,1.794973611831665,,,,,,,,,
3,,,19039,,,,,,,,,,2.712301254272461,,,,,,,,,
3,,,19059,,,,,,,,,,2.488229513168335,,,,,,,,,
3,,,19079,,,,,,,,,,1.179428219795227,,,,,,,,,
3,,,19091,,,,,,,,,,,0.7468459606170654,0.8268673419952393,0.6291846036911011,5.434769153594971,0.6180247068405151,0.34137311577796936,0.2779044806957245,0.9581449627876282,0.7468459606170654
3,,,19091,,,,,,,,0.9455069303512573,1.5500175952911377,,,,,,,,,,
,0.00018749999999999998,0.00018749999999999998,19092,,,,,,,,,,,,,,,,,,,
4,,,19099,,,,,,,,,,1.6577577590942383,,,,,,,,,
4,,,19119,,,,,,,,,,2.247217893600464,,,,,,,,,
4,,,19139,,,,,,,,,,0.4539499878883362,,,,,,,,,
4,,,19159,,,,,,,,,,0.9248590469360352,,,,,,,,,
4,,,19179,,,,,,,,,,0.3589451313018799,,,,,,,,,
4,,,19199,,,,,,,,,,0.995552659034729,,,,,,,,,
4,,,19219,,,,,,,,,,1.2214398384094238,,,,,,,,,
4,,,19239,,,,,,,,,,0.666496753692627,,,,,,,,,
4,,,19259,,,,,,,,,,0.631479024887085,,,,,,,,,
4,,,19279,,,,,,,,,,0.2640664577484131,,,,,,,,,
4,,,19299,,,,,,,,,,0.9732365608215332,,,,,,,,,
4,,,19319,,,,,,,,,,0.21695618331432343,,,,,,,,,
4,,,19339,,,,,,,,,,2.56193470954895,,,,,,,,,
4,,,19359,,,,,,,,,,2.139615058898926,,,,,,,,,
4,,,19379,,,,,,,,,,0.9244282841682434,,,,,,,,,
4,,,19399,,,,,,,,,,0.6255820393562317,,,,,,,,,
4,,,19419,,,,,,,,,,1.2697925567626953,,,,,,,,,
4,,,19439,,,,,,,,,,1.5452238321304321,,,,,,,,,
4,,,19459,,,,,,,,,,2.496690034866333,,,,,,,,,
4,,,19479,,,,,,,,,,2.8010566234588623,,,,,,,,,
4,,,19499,,,,,,,,,,2.094827175140381,,,,,,,,,
4,,,19519,,,,,,,,,,1.6775089502334595,,,,,,,,,
4,,,19539,,,,,,,,,,0.8818288445472717,,,,,,,,,
4,,,19559,,,,,,,,,,1.7362562417984009,,,,,,,,,
4,,,19579,,,,,,,,,,3.2031610012054443,,,,,,,,,
4,,,19599,,,,,,,,,,1.0330265760421753,,,,,,,,,
4,,,19619,,,,,,,,,,1.3603978157043457,,,,,,,,,
4,,,19639,,,,,,,,,,1.2955589294433594,,,,,,,,,
4,,,19659,,,,,,,,,,1.568310260772705,,,,,,,,,
4,,,19679,,,,,,,,,,1.9503573179244995,,,,,,,,,
4,,,19699,,,,,,,,,,1.2280545234680176,,,,,,,,,
4,,,19719,,,,,,,,,,1.332257866859436,,,,,,,,,
4,,,19739,,,,,,,,,,2.7331862449645996,,,,,,,,,
4,,,19759,,,,,,,,,,1.6896883249282837,,,,,,,,,
4,,,19779,,,,,,,,,,0.9822182655334473,,,,,,,,,
4,,,19799,,,,,,,,,,1.7737016677856445,,,,,,,,,
4,,,19819,,,,,,,,,,0.9575979113578796,,,,,,,,,
4,,,19839,,,,,,,,,,0.5859465599060059,,,,,,,,,
4,,,19859,,,,,,,,,,1.6921517848968506,,,,,,,,,
4,,,19879,,,,,,,,,,0.8963754773139954,,,,,,,,,
4,,,19899,,,,,,,,,,1.54833984375,,,,,,,,,
4,,,19919,,,,,,,,,,2.125978946685791,,,,,,,,,
4,,,19939,,,,,,,,,,1.0062484741210938,,,,,,,,,
4,,,19959,,,,,,,,,,1.358206033706665,,,,,,,,,
4,,,19979,,,,,,,,,,1.2178609371185303,,,,,,,,,
4,,,19999,,,,,,,,,,0.9418485760688782,,,,,,,,,
4,,,20019,,,,,,,,,,1.316880464553833,,,,,,,,,
4,,,20039,,,,,,,,,,1.0132588148117065,,,,,,,,,
4,,,20059,,,,,,,,,,1.3576781749725342,,,,,,,,,
4,,,20079,,,,,,,,,,1.1977107524871826,,,,,,,,,
4,,,20099,,,,,,,,,,1.1589319705963135,,,,,,,,,
4,,,20119,,,,,,,,,,1.542063593864441,,,,,,,,,
4,,,20139,,,,,,,,,,0.7295246124267578,,,,,,,,,
4,,,20159,,,,,,,,,,1.9367610216140747,,,,,,,,,
4,,,20179,,,,,,,,,,3.4431991577148438,,,,,,,,,
4,,,20199,,,,,,,,,,1.0174025297164917,,,,,,,,,
4,,,20219,,,,,,,,,,2.0600719451904297,,,,,,,,,
4,,,20239,,,,,,,,,,2.9035332202911377,,,,,,,,,
4,,,20259,,,,,,,,,,1.8220746517181396,,,,,,,,,
4,,,20279,,,,,,,,,,2.0321593284606934,,,,,,,,,
4,,,20299,,,,,,,,,,1.1142219305038452,,,,,,,,,
4,,,20319,,,,,,,,,,1.4285430908203125,,,,,,,,,
4,,,20339,,,,,,,,,,0.8829107880592346,,,,,,,,,
4,,,20359,,,,,,,,,,1.3708350658416748,,,,,,,,,
4,,,20379,,,,,,,,,,0.8984310626983643,,,,,,,,,
4,,,20399,,,,,,,,,,1.1295502185821533,,,,,,,,,
4,,,20419,,,,,,,,,,1.2313475608825684,,,,,,,,,
4,,,20439,,,,,,,,,,2.0204412937164307,,,,,,,,,
4,,,20459,,,,,,,,,,2.504455327987671,,,,,,,,,
4,,,20479,,,,,,,,,,2.1204073429107666,,,,,,,,,
4,,,20499,,,,,,,,,,2.195370674133301,,,,,,,,,
4,,,20519,,,,,,,,,,1.21920907497406,,,,,,,,,
4,,,20539,,,,,,,,,,1.813971757888794,,,,,,,,,
4,,,20559,,,,,,,,,,2.506986618041992,,,,,,,,,
4,,,20579,,,,,,,,,,2.9494833946228027,,,,,,,,,
4,,,20599,,,,,,,,,,1.3913763761520386,,,,,,,,,
4,,,20619,,,,,,,,,,1.3024661540985107,,,,,,,,,
4,,,20639,,,,,,,,,,1.6003180742263794,,,,,,,,,
4,,,20659,,,,,,,,,,2.079955577850342,,,,,,,,,
4,,,20679,,,,,,,,,,2.9082281589508057,,,,,,,,,
4,,,20699,,,,,,,,,,0.6919689774513245,,,,,,,,,
4,,,20719,,,,,,,,,,0.6665949821472168,,,,,,,,,
4,,,20739,,,,,,,,,,0.5987838506698608,,,,,,,,,
4,,,20759,,,,,,,,,,3.9543325901031494,,,,,,,,,
4,,,20779,,,,,,,,,,0.7081310749053955,,,,,,,,,
4,,,20799,,,,,,,,,,1.0868842601776123,,,,,,,,,
4,,,20819,,,,,,,,,,0.9522328972816467,,,,,,,,,
4,,,20839,,,,,,,,,,1.8318167924880981,,,,,,,,,
4,,,20859,,,,,,,,,,1.4253981113433838,,,,,,,,,
4,,,20879,,,,,,,,,,1.403993010520935,,,,,,,,,
4,,,20899,,,,,,,,,,1.0393766164779663,,,,,,,,,
4,,,20919,,,,,,,,,,2.0215516090393066,,,,,,,,,
4,,,20939,,,,,,,,,,1.1805455684661865,,,,,,,,,
4,,,20959,,,,,,,,,,1.109212875366211,,,,,,,,,
4,,,20979,,,,,,,,,,2.2108092308044434,,,,,,,,,
4,,,20999,,,,,,,,,,1.6282923221588135,,,,,,,,,
4,,,21019,,,,,,,,,,1.4748733043670654,,,,,,,,,
4,,,21039,,,,,,,,,,1.3180077075958252,,,,,,,,,
4,,,21059,,,,,,,,,,2.6603896617889404,,,,,,,,,
4,,,21079,,,,,,,,,,1.251279592514038,,,,,,,,,
4,,,21099,,,,,,,,,,1.0022094249725342,,,,,,,,,
4,,,21119,,,,,,,,,,2.2983834743499756,,,,,,,,,
4,,,21139,,,,,,,,,,1.119956135749817,,,,,,,,,
4,,,21159,,,,,,,,,,2.3653533458709717,,,,,,,,,
4,,,21179,,,,,,,,,,1.76163649559021,,,,,,,,,
4,,,21199,,,,,,,,,,1.2919234037399292,,,,,,,,,
4,,,21219,,,,,,,,,,1.370284914970398,,,,,,,,,
4,,,21239,,,,,,,,,,0.5596337914466858,,,,,,,,,
4,,,21259,,,,,,,,,,1.6849687099456787,,,,,,,,,
4,,,21279,,,,,,,,,,1.0524957180023193,,,,,,,,,
4,,,21299,,,,,,,,,,0.7658654451370239,,,,,,,,,
4,,,21319,,,,,,,,,,1.477819561958313,,,,,,,,,
4,,,21339,,,,,,,,,,1.6085189580917358,,,,,,,,,
4,,,21359,,,,,,,,,,1.1097991466522217,,,,,,,,,
4,,,21379,,,,,,,,,,2.054800033569336,,,,,,,,,
4,,,21399,,,,,,,,,,0.9945799112319946,,,,,,,,,
4,,,21419,,,,,,,,,,2.6741344928741455,,,,,,,,,
4,,,21439,,,,,,,,,,1.5761620998382568,,,,,,,,,
4,,,21459,,,,,,,,,,1.1991829872131348,,,,,,,,,
4,,,21479,,,,,,,,,,0.6423208713531494,,,,,,,,,
4,,,21499,,,,,,,,,,1.0285754203796387,,,,,,,,,
4,,,21519,,,,,,,,,,3.2937521934509277,,,,,,,,,
4,,,21539,,,,,,,,,,1.1092534065246582,,,,,,,,,
4,,,21559,,,,,,,,,,1.5828514099121094,,,,,,,,,
4,,,21579,,,,,,,,,,1.355106234550476,,,,,,,,,
4,,,21599,,,,,,,,,,1.8836430311203003,,,,,,,,,
4,,,21619,,,,,,,,,,1.329965591430664,,,,,,,,,
4,,,21639,,,,,,,,,,3.535633087158203,,,,,,,,,
4,,,21659,,,,,,,,,,0.34605008363723755,,,,,,,,,
4,,,21679,,,,,,,,,,1.3884330987930298,,,,,,,,,
4,,,21699,,,,,,,,,,0.5996831655502319,,,,,,,,,
4,,,21719,,,,,,,,,,1.8088663816452026,,,,,,,,,
4,,,21739,,,,,,,,,,0.9288928508758545,,,,,,,,,
4,,,21759,,,,,,,,,,1.3628830909729004,,,,,,,,,
4,,,21779,,,,,,,,,,0.19461281597614288,,,,,,,,,
4,,,21799,,,,,,,,,,2.4571022987365723,,,,,,,,,
4,,,21819,,,,,,,,,,1.2758883237838745,,,,,,,,,
4,,,21839,,,,,,,,,,0.1853952258825302,,,,,,,,,
4,,,21859,,,,,,,,,,0.9644691944122314,,,,,,,,,
4,,,21879,,,,,,,,,,2.913343667984009,,,,,,,,,
4,,,21899,,,,,,,,,,0.685043215751648,,,,,,,,,
4,,,21919,,,,,,,,,,0.9285867214202881,,,,,,,,,
4,,,21939,,,,,,,,,,1.033251166343689,,,,,,,,,
4,,,21959,,,,,,,,,,0.896528959274292,,,,,,,,,
4,,,21979,,,,,,,,,,0.187425896525383,,,,,,,,,
4,,,21999,,,,,,,,,,1.8563145399093628,,,,,,,,,
4,,,22019,,,,,,,,,,3.3386263847351074,,,,,,,,,
4,,,22039,,,,,,,,,,1.0496647357940674,,,,,,,,,
4,,,22059,,,,,,,,,,2.5282373428344727,,,,,,,,,
4,,,22079,,,,,,,,,,4.116575717926025,,,,,,,,,
4,,,22099,,,,,,,,,,1.3767751455307007,,,,,,,,,
4,,,22119,,,,,,,,,,1.128436803817749,,,,,,,,,
4,,,22139,,,,,,,,,,2.3402771949768066,,,,,,,,,
4,,,22159,,,,,,,,,,0.31798839569091797,,,,,,,,,
4,,,22179,,,,,,,,,,1.7559510469436646,,,,,,,,,
4,,,22199,,,,,,,,,,1.8289794921875,,,,,,,,,
4,,,22219,,,,,,,,,,0.28802093863487244,,,,,,,,,
4,,,22239,,,,,,,,,,1.6842466592788696,,,,,,,,,
4,,,22259,,,,,,,,,,0.9998796582221985,,,,,,,,,
4,,,22279,,,,,,,,,,0.6753156781196594,,,,,,,,,
4,,,22299,,,,,,,,,,1.0033413171768188,,,,,,,,,
4,,,22319,,,,,,,,,,1.646406888961792,,,,,,,,,
4,,,22339,,,,,,,,,,0.9318845272064209,,,,,,,,,
4,,,22359,,,,,,,,,,1.7304435968399048,,,,,,,,,
4,,,22379,,,,,,,,,,0.6249280571937561,,,,,,,,,
4,,,22399,,,,,,,,,,1.6805883646011353,,,,,,,,,
4,,,22419,,,,,,,,,,1.1907894611358643,,,,,,,,,
4,,,22439,,,,,,,,,,0.8539722561836243,,,,,,,,,
4,,,22459,,,,,,,,,,2.1949102878570557,,,,,,,,,
4,,,22479,,,,,,,,,,2.130173683166504,,,,,,,,,
4,,,22499,,,,,,,,,,0.6526483297348022,,,,,,,,,
4,,,22519,,,,,,,,,,0.494721919298172,,,,,,,,,
4,,,22539,,,,,,,,,,2.4191577434539795,,,,,,,,,
4,,,22559,,,,,,,,,,1.724015474319458,,,,,,,,,
4,,,22579,,,,,,,,,,2.0056469440460205,,,,,,,,,
4,,,22599,,,,,,,,,,0.6613689064979553,,,,,,,,,
4,,,22619,,,,,,,,,,3.4194679260253906,,,,,,,,,
4,,,22639,,,,,,,,,,0.8961390852928162,,,,,,,,,
4,,,22659,,,,,,,,,,0.3598906695842743,,,,,,,,,
4,,,22679,,,,,,,,,,1.8000472784042358,,,,,,,,,
4,,,22699,,,,,,,,,,1.636558175086975,,,,,,,,,
4,,,22719,,,,,,,,,,0.7105129361152649,,,,,,,,,
4,,,22739,,,,,,,,,,0.9828087687492371,,,,,,,,,
4,,,22759,,,,,,,,,,0.8695065379142761,,,,,,,,,
4,,,22779,,,,,,,,,,0.6400530338287354,,,,,,,,,
4,,,22799,,,,,,,,,,1.4299310445785522,,,,,,,,,
4,,,22819,,,,,,,,,,1.013798475265503,,,,,,,,,
4,,,22839,,,,,,,,,,1.298020601272583,,,,,,,,,
4,,,22859,,,,,,,,,,0.6667506098747253,,,,,,,,,
4,,,22879,,,,,,,,,,0.7230004668235779,,,,,,,,,
4,,,22899,,,,,,,,,,0.7900039553642273,,,,,,,,,
4,,,22919,,,,,,,,,,1.8350814580917358,,,,,,,,,
4,,,22939,,,,,,,,,,1.3557335138320923,,,,,,,,,
4,,,22959,,,,,,,,,,1.8803181648254395,,,,,,,,,
4,,,22979,,,,,,,,,,1.6078990697860718,,,,,,,,,
4,,,22999,,,,,,,,,,0.9458546042442322,,,,,,,,,
4,,,23019,,,,,,,,,,2.781745672225952,,,,,,,,,
4,,,23039,,,,,,,,,,0.6502213478088379,,,,,,,,,
4,,,23059,,,,,,,,,,1.1186643838882446,,,,,,,,,
4,,,23079,,,,,,,,,,0.6026522517204285,,,,,,,,,
4,,,23099,,,,,,,,,,0.24616548418998718,,,,,,,,,
4,,,23119,,,,,,,,,,3.108577251434326,,,,,,,,,
4,,,23139,,,,,,,,,,1.8291471004486084,,,,,,,,,
4,,,23159,,,,,,,,,,2.515636920928955,,,,,,,,,
4,,,23179,,,,,,,,,,0.6585579514503479,,,,,,,,,
4,,,23199,,,,,,,,,,2.7315797805786133,,,,,,,,,
4,,,23219,,,,,,,,,,1.3311620950698853,,,,,,,,,
4,,,23239,,,,,,,,,,0.7726021409034729,,,,,,,,,
4,,,23259,,,,,,,,,,1.3136134147644043,,,,,,,,,
4,,,23279,,,,,,,,,,0.7588483691215515,,,,,,,,,
4,,,23299,,,,,,,,,,2.2558798789978027,,,,,,,,,
4,,,23319,,,,,,,,,,1.8231674432754517,,,,,,,,,
4,,,23339,,,,,,,,,,0.5832849144935608,,,,,,,,,
4,,,23359,,,,,,,,,,1.451497197151184,,,,,,,,,
4,,,23379,,,,,,,,,,2.1845016479492188,,,,,,,,,
4,,,23399,,,,,,,,,,1.0895030498504639,,,,,,,,,
4,,,23419,,,,,,,,,,0.18505163490772247,,,,,,,,,
4,,,23439,,,,,,,,,,0.7976334691047668,,,,,,,,,
4,,,23459,,,,,,,,,,0.9619865417480469,,,,,,,,,
4,,,23479,,,,,,,,,,3.1947782039642334,,,,,,,,,
4,,,23499,,,,,,,,,,0.5047299265861511,,,,,,,,,
4,,,23519,,,,,,,,,,1.1419018507003784,,,,,,,,,
4,,,23539,,,,,,,,,,2.8337173461914062,,,,,,,,,
4,,,23559,,,,,,,,,,2.2407824993133545,,,,,,,,,
4,,,23579,,,,,,,,,,2.370150327682495,,,,,,,,,
4,,,23599,,,,,,,,,,0.9534300565719604,,,,,,,,,
4,,,23619,,,,,,,,,,1.50130295753479,,,,,,,,,
4,,,23639,,,,,,,,,,1.3666645288467407,,,,,,,,,
4,,,23659,,,,,,,,,,0.19872845709323883,,,,,,,,,
4,,,23679,,,,,,,,,,1.60819673538208,,,,,,,,,
4,,,23699,,,,,,,,,,1.4943209886550903,,,,,,,,,
4,,,23719,,,,,,,,,,1.2308142185211182,,,,,,,,,
4,,,23739,,,,,,,,,,1.0049728155136108,,,,,,,,,
4,,,23759,,,,,,,,,,2.557412624359131,,,,,,,,,
4,,,23779,,,,,,,,,,0.6285834908485413,,,,,,,,,
4,,,23799,,,,,,,,,,2.196355104446411,,,,,,,,,
4,,,23819,,,,,,,,,,1.0551000833511353,,,,,,,,,
4,,,23839,,,,,,,,,,0.775827944278717,,,,,,,,,
4,,,23859,,,,,,,,,,1.5081512928009033,,,,,,,,,
4,,,23864,,,,,,,,,,,0.7718742489814758,0.856622576713562,0.6973398923873901,3.7774417400360107,0.667594313621521,0.4269171953201294,0.3779374063014984,0.9572511911392212,0.7718742489814758
4,,,23864,,,,,,,,0.9508464336395264,1.4161956310272217,,,,,,,,,,
,0.000225,0.000225,23865,,,,,,,,,,,,,,,,,,,
5,,,23879,,,,,,,,,,1.2097548246383667,,,,,,,,,
5,,,23899,,,,,,,,,,1.0504266023635864,,,,,,,,,
5,,,23919,,,,,,,,,,0.6287564039230347,,,,,,,,,
5,,,23939,,,,,,,,,,0.5819665789604187,,,,,,,,,
5,,,23959,,,,,,,,,,1.7256534099578857,,,,,,,,,
5,,,23979,,,,,,,,,,1.3916804790496826,,,,,,,,,
5,,,23999,,,,,,,,,,1.7051502466201782,,,,,,,,,
5,,,24019,,,,,,,,,,1.3775980472564697,,,,,,,,,
5,,,24039,,,,,,,,,,1.298230528831482,,,,,,,,,
5,,,24059,,,,,,,,,,0.19150221347808838,,,,,,,,,
5,,,24079,,,,,,,,,,0.42708462476730347,,,,,,,,,
5,,,24099,,,,,,,,,,1.3629403114318848,,,,,,,,,
5,,,24119,,,,,,,,,,1.1280951499938965,,,,,,,,,
5,,,24139,,,,,,,,,,2.271636962890625,,,,,,,,,
5,,,24159,,,,,,,,,,1.1171284914016724,,,,,,,,,
5,,,24179,,,,,,,,,,1.1365114450454712,,,,,,,,,
5,,,24199,,,,,,,,,,0.8022838830947876,,,,,,,,,
5,,,24219,,,,,,,,,,1.5102156400680542,,,,,,,,,
5,,,24239,,,,,,,,,,2.166701555252075,,,,,,,,,
5,,,24259,,,,,,,,,,1.2387644052505493,,,,,,,,,
5,,,24279,,,,,,,,,,1.0903819799423218,,,,,,,,,
5,,,24299,,,,,,,,,,1.7180771827697754,,,,,,,,,
5,,,24319,,,,,,,,,,0.5811086297035217,,,,,,,,,
5,,,24339,,,,,,,,,,2.5298147201538086,,,,,,,,,
5,,,24359,,,,,,,,,,0.2942774295806885,,,,,,,,,
5,,,24379,,,,,,,,,,1.296372413635254,,,,,,,,,
5,,,24399,,,,,,,,,,2.27877140045166,,,,,,,,,
5,,,24419,,,,,,,,,,1.548759937286377,,,,,,,,,
5,,,24439,,,,,,,,,,3.302356004714966,,,,,,,,,
5,,,24459,,,,,,,,,,1.5029289722442627,,,,,,,,,
5,,,24479,,,,,,,,,,2.2201976776123047,,,,,,,,,
5,,,24499,,,,,,,,,,1.239377737045288,,,,,,,,,
5,,,24519,,,,,,,,,,0.24988175928592682,,,,,,,,,
5,,,24539,,,,,,,,,,0.6097659468650818,,,,,,,,,
5,,,24559,,,,,,,,,,1.3702973127365112,,,,,,,,,
5,,,24579,,,,,,,,,,2.0626938343048096,,,,,,,,,
5,,,24599,,,,,,,,,,1.1682580709457397,,,,,,,,,
5,,,24619,,,,,,,,,,2.3105850219726562,,,,,,,,,
5,,,24639,,,,,,,,,,0.28705474734306335,,,,,,,,,
5,,,24659,,,,,,,,,,1.1659748554229736,,,,,,,,,
5,,,24679,,,,,,,,,,1.1280349493026733,,,,,,,,,
5,,,24699,,,,,,,,,,0.8481563329696655,,,,,,,,,
5,,,24719,,,,,,,,,,0.4141181707382202,,,,,,,,,
5,,,24739,,,,,,,,,,0.5959911346435547,,,,,,,,,
5,,,24759,,,,,,,,,,1.469153881072998,,,,,,,,,
5,,,24779,,,,,,,,,,0.9819434285163879,,,,,,,,,
5,,,24799,,,,,,,,,,1.4871110916137695,,,,,,,,,
5,,,24819,,,,,,,,,,2.380671262741089,,,,,,,,,
5,,,24839,,,,,,,,,,1.1351789236068726,,,,,,,,,
5,,,24859,,,,,,,,,,1.241490364074707,,,,,,,,,
5,,,24879,,,,,,,,,,1.600537657737732,,,,,,,,,
5,,,24899,,,,,,,,,,1.179140567779541,,,,,,,,,
5,,,24919,,,,,,,,,,0.9767399430274963,,,,,,,,,
5,,,24939,,,,,,,,,,0.7690809965133667,,,,,,,,,
5,,,24959,,,,,,,,,,1.3584579229354858,,,,,,,,,
5,,,24979,,,,,,,,,,2.9977779388427734,,,,,,,,,
5,,,24999,,,,,,,,,,2.2619717121124268,,,,,,,,,
5,,,25019,,,,,,,,,,0.9828904271125793,,,,,,,,,
5,,,25039,,,,,,,,,,1.410123348236084,,,,,,,,,
5,,,25059,,,,,,,,,,0.7815739512443542,,,,,,,,,
5,,,25079,,,,,,,,,,0.6481171250343323,,,,,,,,,
5,,,25099,,,,,,,,,,0.9502166509628296,,,,,,,,,
5,,,25119,,,,,,,,,,2.0660455226898193,,,,,,,,,
5,,,25139,,,,,,,,,,0.881959080696106,,,,,,,,,
5,,,25159,,,,,,,,,,2.0970232486724854,,,,,,,,,
5,,,25179,,,,,,,,,,0.5357316136360168,,,,,,,,,
5,,,25199,,,,,,,,,,0.9030591249465942,,,,,,,,,
5,,,25219,,,,,,,,,,1.2639048099517822,,,,,,,,,
5,,,25239,,,,,,,,,,1.6449841260910034,,,,,,,,,
5,,,25259,,,,,,,,,,1.108234167098999,,,,,,,,,
5,,,25279,,,,,,,,,,0.8762010335922241,,,,,,,,,
5,,,25299,,,,,,,,,,0.7288875579833984,,,,,,,,,
5,,,25319,,,,,,,,,,1.0458649396896362,,,,,,,,,
5,,,25339,,,,,,,,,,1.3284591436386108,,,,,,,,,
5,,,25359,,,,,,,,,,0.971182644367218,,,,,,,,,
5,,,25379,,,,,,,,,,1.860028624534607,,,,,,,,,
5,,,25399,,,,,,,,,,2.419079303741455,,,,,,,,,
5,,,25419,,,,,,,,,,0.2133735865354538,,,,,,,,,
5,,,25439,,,,,,,,,,0.6321010589599609,,,,,,,,,
5,,,25459,,,,,,,,,,1.056938886642456,,,,,,,,,
5,,,25479,,,,,,,,,,1.1164584159851074,,,,,,,,,
5,,,25499,,,,,,,,,,0.9512981176376343,,,,,,,,,
5,,,25519,,,,,,,,,,1.2369409799575806,,,,,,,,,
5,,,25539,,,,,,,,,,0.4710545837879181,,,,,,,,,
5,,,25559,,,,,,,,,,1.1842597723007202,,,,,,,,,
5,,,25579,,,,,,,,,,2.1720972061157227,,,,,,,,,
5,,,25599,,,,,,,,,,0.9481756091117859,,,,,,,,,
5,,,25619,,,,,,,,,,1.439958930015564,,,,,,,,,
5,,,25639,,,,,,,,,,1.2274671792984009,,,,,,,,,
5,,,25659,,,,,,,,,,0.7312972545623779,,,,,,,,,
5,,,25679,,,,,,,,,,1.795549750328064,,,,,,,,,
5,,,25699,,,,,,,,,,1.5656529664993286,,,,,,,,,
5,,,25719,,,,,,,,,,0.6248028874397278,,,,,,,,,
5,,,25739,,,,,,,,,,0.6495565176010132,,,,,,,,,
5,,,25759,,,,,,,,,,0.8094843029975891,,,,,,,,,
5,,,25779,,,,,,,,,,0.38552385568618774,,,,,,,,,
5,,,25799,,,,,,,,,,1.0294636487960815,,,,,,,,,
5,,,25819,,,,,,,,,,1.0084134340286255,,,,,,,,,
5,,,25839,,,,,,,,,,0.23747161030769348,,,,,,,,,
5,,,25859,,,,,,,,,,0.8375271558761597,,,,,,,,,
5,,,25879,,,,,,,,,,2.0074362754821777,,,,,,,,,
5,,,25899,,,,,,,,,,0.21226194500923157,,,,,,,,,
5,,,25919,,,,,,,,,,2.409022808074951,,,,,,,,,
5,,,25939,,,,,,,,,,1.8894615173339844,,,,,,,,,
5,,,25959,,,,,,,,,,1.625367283821106,,,,,,,,,
5,,,25979,,,,,,,,,,1.5458658933639526,,,,,,,,,
5,,,25999,,,,,,,,,,0.9624897837638855,,,,,,,,,
5,,,26019,,,,,,,,,,2.846932888031006,,,,,,,,,
5,,,26039,,,,,,,,,,1.044247031211853,,,,,,,,,
5,,,26059,,,,,,,,,,1.651258111000061,,,,,,,,,
5,,,26079,,,,,,,,,,0.8642333149909973,,,,,,,,,
5,,,26099,,,,,,,,,,1.572379469871521,,,,,,,,,
5,,,26119,,,,,,,,,,2.6726877689361572,,,,,,,,,
5,,,26139,,,,,,,,,,0.2358141392469406,,,,,,,,,
5,,,26159,,,,,,,,,,1.2771888971328735,,,,,,,,,
5,,,26179,,,,,,,,,,0.5358339548110962,,,,,,,,,
5,,,26199,,,,,,,,,,1.18684720993042,,,,,,,,,
5,,,26219,,,,,,,,,,1.9798773527145386,,,,,,,,,
5,,,26239,,,,,,,,,,2.899042844772339,,,,,,,,,
5,,,26259,,,,,,,,,,0.5404210090637207,,,,,,,,,
5,,,26279,,,,,,,,,,2.9872612953186035,,,,,,,,,
5,,,26299,,,,,,,,,,1.3980368375778198,,,,,,,,,
5,,,26319,,,,,,,,,,0.8729916214942932,,,,,,,,,
5,,,26339,,,,,,,,,,4.292669296264648,,,,,,,,,
5,,,26359,,,,,,,,,,0.4463775157928467,,,,,,,,,
5,,,26379,,,,,,,,,,1.326596736907959,,,,,,,,,
5,,,26399,,,,,,,,,,1.0181068181991577,,,,,,,,,
5,,,26419,,,,,,,,,,0.971690833568573,,,,,,,,,
5,,,26439,,,,,,,,,,0.9032251834869385,,,,,,,,,
5,,,26459,,,,,,,,,,1.3553357124328613,,,,,,,,,
5,,,26479,,,,,,,,,,1.6328548192977905,,,,,,,,,
5,,,26499,,,,,,,,,,1.0651583671569824,,,,,,,,,
5,,,26519,,,,,,,,,,2.191988468170166,,,,,,,,,
5,,,26539,,,,,,,,,,0.6088285446166992,,,,,,,,,
5,,,26559,,,,,,,,,,0.8609685301780701,,,,,,,,,
5,,,26579,,,,,,,,,,0.5713723301887512,,,,,,,,,
5,,,26599,,,,,,,,,,2.7823073863983154,,,,,,,,,
5,,,26619,,,,,,,,,,0.9700973629951477,,,,,,,,,
5,,,26639,,,,,,,,,,0.5953445434570312,,,,,,,,,
5,,,26659,,,,,,,,,,0.8285235166549683,,,,,,,,,
5,,,26679,,,,,,,,,,0.5744985938072205,,,,,,,,,
5,,,26699,,,,,,,,,,1.0799102783203125,,,,,,,,,
5,,,26719,,,,,,,,,,1.4161107540130615,,,,,,,,,
5,,,26739,,,,,,,,,,0.6413233280181885,,,,,,,,,
5,,,26759,,,,,,,,,,1.513182282447815,,,,,,,,,
5,,,26779,,,,,,,,,,0.9708489179611206,,,,,,,,,
5,,,26799,,,,,,,,,,0.5973493456840515,,,,,,,,,
5,,,26819,,,,,,,,,,0.6093173623085022,,,,,,,,,
5,,,26839,,,,,,,,,,0.4353334307670593,,,,,,,,,
5,,,26859,,,,,,,,,,0.5912290215492249,,,,,,,,,
5,,,26879,,,,,,,,,,2.0915794372558594,,,,,,,,,
5,,,26899,,,,,,,,,,1.7639033794403076,,,,,,,,,
5,,,26919,,,,,,,,,,1.5491570234298706,,,,,,,,,
5,,,26939,,,,,,,,,,1.0594695806503296,,,,,,,,,
5,,,26959,,,,,,,,,,0.18993251025676727,,,,,,,,,
5,,,26979,,,,,,,,,,2.872171640396118,,,,,,,,,
5,,,26999,,,,,,,,,,1.3482929468154907,,,,,,,,,
5,,,27019,,,,,,,,,,0.5739603638648987,,,,,,,,,
5,,,27039,,,,,,,,,,0.8060299158096313,,,,,,,,,
5,,,27059,,,,,,,,,,0.6584427952766418,,,,,,,,,
5,,,27079,,,,,,,,,,1.1087117195129395,,,,,,,,,
5,,,27099,,,,,,,,,,1.319913625717163,,,,,,,,,
5,,,27119,,,,,,,,,,1.2160630226135254,,,,,,,,,
5,,,27139,,,,,,,,,,2.016390323638916,,,,,,,,,
5,,,27159,,,,,,,,,,0.6273780465126038,,,,,,,,,
5,,,27179,,,,,,,,,,0.18546052277088165,,,,,,,,,
5,,,27199,,,,,,,,,,0.5855072140693665,,,,,,,,,
5,,,27219,,,,,,,,,,1.6539500951766968,,,,,,,,,
5,,,27239,,,,,,,,,,1.3604214191436768,,,,,,,,,
5,,,27259,,,,,,,,,,1.6935577392578125,,,,,,,,,
5,,,27279,,,,,,,,,,2.675309896469116,,,,,,,,,
5,,,27299,,,,,,,,,,2.2911217212677,,,,,,,,,
5,,,27319,,,,,,,,,,0.9935576319694519,,,,,,,,,
5,,,27339,,,,,,,,,,0.6141610741615295,,,,,,,,,
5,,,27359,,,,,,,,,,0.8735492825508118,,,,,,,,,
5,,,27379,,,,,,,,,,2.3980846405029297,,,,,,,,,
5,,,27399,,,,,,,,,,1.7343062162399292,,,,,,,,,
5,,,27419,,,,,,,,,,1.5007096529006958,,,,,,,,,
5,,,27439,,,,,,,,,,2.1010842323303223,,,,,,,,,
5,,,27459,,,,,,,,,,1.2923232316970825,,,,,,,,,
5,,,27479,,,,,,,,,,0.21714791655540466,,,,,,,,,
5,,,27499,,,,,,,,,,0.9124813079833984,,,,,,,,,
5,,,27519,,,,,,,,,,0.18151576817035675,,,,,,,,,
5,,,27539,,,,,,,,,,1.4214508533477783,,,,,,,,,
5,,,27559,,,,,,,,,,1.2325927019119263,,,,,,,,,
5,,,27579,,,,,,,,,,0.42002061009407043,,,,,,,,,
5,,,27599,,,,,,,,,,1.4861814975738525,,,,,,,,,
5,,,27619,,,,,,,,,,1.5007634162902832,,,,,,,,,
5,,,27639,,,,,,,,,,3.374399423599243,,,,,,,,,
5,,,27659,,,,,,,,,,1.018850564956665,,,,,,,,,
5,,,27679,,,,,,,,,,0.6417695879936218,,,,,,,,,
5,,,27699,,,,,,,,,,0.9351580142974854,,,,,,,,,
5,,,27719,,,,,,,,,,1.5683138370513916,,,,,,,,,
5,,,27739,,,,,,,,,,0.6151480078697205,,,,,,,,,
5,,,27759,,,,,,,,,,0.9312978982925415,,,,,,,,,
5,,,27779,,,,,,,,,,0.6663561463356018,,,,,,,,,
5,,,27799,,,,,,,,,,0.9134975671768188,,,,,,,,,
5,,,27819,,,,,,,,,,1.3884350061416626,,,,,,,,,
5,,,27839,,,,,,,,,,1.0551302433013916,,,,,,,,,
5,,,27859,,,,,,,,,,1.7072210311889648,,,,,,,,,
5,,,27879,,,,,,,,,,0.5822934508323669,,,,,,,,,
5,,,27899,,,,,,,,,,1.480855107307434,,,,,,,,,
5,,,27919,,,,,,,,,,1.9759718179702759,,,,,,,,,
5,,,27939,,,,,,,,,,0.6763167977333069,,,,,,,,,
5,,,27959,,,,,,,,,,0.5237382650375366,,,,,,,,,
5,,,27979,,,,,,,,,,1.3064788579940796,,,,,,,,,
5,,,27999,,,,,,,,,,0.9414190053939819,,,,,,,,,
5,,,28019,,,,,,,,,,1.4364484548568726,,,,,,,,,
5,,,28039,,,,,,,,,,2.0215375423431396,,,,,,,,,
5,,,28059,,,,,,,,,,1.5201289653778076,,,,,,,,,
5,,,28079,,,,,,,,,,0.17609141767024994,,,,,,,,,
5,,,28099,,,,,,,,,,2.3028643131256104,,,,,,,,,
5,,,28119,,,,,,,,,,0.41354838013648987,,,,,,,,,
5,,,28139,,,,,,,,,,0.5442765951156616,,,,,,,,,
5,,,28159,,,,,,,,,,1.3441060781478882,,,,,,,,,
5,,,28179,,,,,,,,,,0.8040318489074707,,,,,,,,,
5,,,28199,,,,,,,,,,1.6518906354904175,,,,,,,,,
5,,,28219,,,,,,,,,,0.6787174344062805,,,,,,,,,
5,,,28239,,,,,,,,,,2.3377723693847656,,,,,,,,,
5,,,28259,,,,,,,,,,1.2850077152252197,,,,,,,,,
5,,,28279,,,,,,,,,,1.0812947750091553,,,,,,,,,
5,,,28299,,,,,,,,,,0.6810542941093445,,,,,,,,,
5,,,28319,,,,,,,,,,0.2765064239501953,,,,,,,,,
5,,,28339,,,,,,,,,,1.4710348844528198,,,,,,,,,
5,,,28359,,,,,,,,,,1.3579132556915283,,,,,,,,,
5,,,28379,,,,,,,,,,0.9713903665542603,,,,,,,,,
5,,,28399,,,,,,,,,,1.474037766456604,,,,,,,,,
5,,,28419,,,,,,,,,,1.2878917455673218,,,,,,,,,
5,,,28439,,,,,,,,,,2.6127052307128906,,,,,,,,,
5,,,28459,,,,,,,,,,1.3417766094207764,,,,,,,,,
5,,,28479,,,,,,,,,,0.8638201355934143,,,,,,,,,
5,,,28499,,,,,,,,,,0.3087485134601593,,,,,,,,,
5,,,28519,,,,,,,,,,2.2514595985412598,,,,,,,,,
5,,,28539,,,,,,,,,,1.5542923212051392,,,,,,,,,
5,,,28559,,,,,,,,,,1.3269466161727905,,,,,,,,,
5,,,28579,,,,,,,,,,0.7876175045967102,,,,,,,,,
5,,,28599,,,,,,,,,,0.5927026867866516,,,,,,,,,
5,,,28619,,,,,,,,,,1.1466995477676392,,,,,,,,,
5,,,28637,,,,,,,,,,,0.6930705308914185,0.7391461133956909,0.7226376533508301,2.600114583969116,0.7697694301605225,0.45644018054008484,0.6067715287208557,0.932767391204834,0.6930705308914185
5,,,28637,,,,,,,,0.9550464749336243,1.3089863061904907,,,,,,,,,,
,0.0002625,0.0002625,28638,,,,,,,,,,,,,,,,,,,
6,,,28639,,,,,,,,,,1.8128584623336792,,,,,,,,,
6,,,28659,,,,,,,,,,1.788957953453064,,,,,,,,,
6,,,28679,,,,,,,,,,1.4446600675582886,,,,,,,,,
6,,,28699,,,,,,,,,,1.3557157516479492,,,,,,,,,
6,,,28719,,,,,,,,,,1.1268025636672974,,,,,,,,,
6,,,28739,,,,,,,,,,0.24152031540870667,,,,,,,,,
6,,,28759,,,,,,,,,,1.8473674058914185,,,,,,,,,
6,,,28779,,,,,,,,,,1.0490304231643677,,,,,,,,,
6,,,28799,,,,,,,,,,0.6185093522071838,,,,,,,,,
6,,,28819,,,,,,,,,,0.9669498205184937,,,,,,,,,
6,,,28839,,,,,,,,,,0.5911060571670532,,,,,,,,,
6,,,28859,,,,,,,,,,0.6171373128890991,,,,,,,,,
6,,,28879,,,,,,,,,,0.24729694426059723,,,,,,,,,
6,,,28899,,,,,,,,,,1.00729501247406,,,,,,,,,
6,,,28919,,,,,,,,,,1.5453011989593506,,,,,,,,,
6,,,28939,,,,,,,,,,0.491922527551651,,,,,,,,,
6,,,28959,,,,,,,,,,2.019127130508423,,,,,,,,,
6,,,28979,,,,,,,,,,0.7541111707687378,,,,,,,,,
6,,,28999,,,,,,,,,,1.0184043645858765,,,,,,,,,
6,,,29019,,,,,,,,,,4.684101581573486,,,,,,,,,
6,,,29039,,,,,,,,,,2.4854159355163574,,,,,,,,,
6,,,29059,,,,,,,,,,2.3144872188568115,,,,,,,,,
6,,,29079,,,,,,,,,,0.6564022898674011,,,,,,,,,
6,,,29099,,,,,,,,,,1.5180549621582031,,,,,,,,,
6,,,29119,,,,,,,,,,1.6045993566513062,,,,,,,,,
6,,,29139,,,,,,,,,,0.3971622884273529,,,,,,,,,
6,,,29159,,,,,,,,,,1.1283495426177979,,,,,,,,,
6,,,29179,,,,,,,,,,1.015267014503479,,,,,,,,,
6,,,29199,,,,,,,,,,0.9562329053878784,,,,,,,,,
6,,,29219,,,,,,,,,,2.0058085918426514,,,,,,,,,
6,,,29239,,,,,,,,,,1.2897355556488037,,,,,,,,,
6,,,29259,,,,,,,,,,0.9565284848213196,,,,,,,,,
6,,,29279,,,,,,,,,,0.5538057088851929,,,,,,,,,
6,,,29299,,,,,,,,,,0.6110503077507019,,,,,,,,,
6,,,29319,,,,,,,,,,0.8367576599121094,,,,,,,,,
6,,,29339,,,,,,,,,,0.4251522421836853,,,,,,,,,
6,,,29359,,,,,,,,,,2.7068841457366943,,,,,,,,,
6,,,29379,,,,,,,,,,0.562599241733551,,,,,,,,,
6,,,29399,,,,,,,,,,1.3634955883026123,,,,,,,,,
6,,,29419,,,,,,,,,,0.6329941153526306,,,,,,,,,
6,,,29439,,,,,,,,,,0.22752635180950165,,,,,,,,,
6,,,29459,,,,,,,,,,0.6239368319511414,,,,,,,,,
6,,,29479,,,,,,,,,,1.1155123710632324,,,,,,,,,
6,,,29499,,,,,,,,,,1.3295142650604248,,,,,,,,,
6,,,29519,,,,,,,,,,2.137788772583008,,,,,,,,,
6,,,29539,,,,,,,,,,1.0357693433761597,,,,,,,,,
6,,,29559,,,,,,,,,,0.30331534147262573,,,,,,,,,
6,,,29579,,,,,,,,,,0.20521768927574158,,,,,,,,,
6,,,29599,,,,,,,,,,1.969164490699768,,,,,,,,,
6,,,29619,,,,,,,,,,1.7067630290985107,,,,,,,,,
6,,,29639,,,,,,,,,,2.0177457332611084,,,,,,,,,
6,,,29659,,,,,,,,,,1.2635619640350342,,,,,,,,,
6,,,29679,,,,,,,,,,2.060314893722534,,,,,,,,,
6,,,29699,,,,,,,,,,1.174198865890503,,,,,,,,,
6,,,29719,,,,,,,,,,2.3577158451080322,,,,,,,,,
6,,,29739,,,,,,,,,,1.5880872011184692,,,,,,,,,
6,,,29759,,,,,,,,,,1.7653424739837646,,,,,,,,,
6,,,29779,,,,,,,,,,1.1102590560913086,,,,,,,,,
6,,,29799,,,,,,,,,,0.20816276967525482,,,,,,,,,
6,,,29819,,,,,,,,,,2.3271965980529785,,,,,,,,,
6,,,29839,,,,,,,,,,1.0393809080123901,,,,,,,,,
6,,,29859,,,,,,,,,,1.9381989240646362,,,,,,,,,
6,,,29879,,,,,,,,,,1.347343921661377,,,,,,,,,
6,,,29899,,,,,,,,,,2.424567461013794,,,,,,,,,
6,,,29919,,,,,,,,,,0.7747042179107666,,,,,,,,,
6,,,29939,,,,,,,,,,0.24872040748596191,,,,,,,,,
6,,,29959,,,,,,,,,,4.015535354614258,,,,,,,,,
6,,,29979,,,,,,,,,,1.3893522024154663,,,,,,,,,
6,,,29999,,,,,,,,,,1.1401052474975586,,,,,,,,,
6,,,30019,,,,,,,,,,2.549316644668579,,,,,,,,,
6,,,30039,,,,,,,,,,1.1548892259597778,,,,,,,,,
6,,,30059,,,,,,,,,,0.8967304229736328,,,,,,,,,
6,,,30079,,,,,,,,,,2.5035297870635986,,,,,,,,,
6,,,30099,,,,,,,,,,1.4002691507339478,,,,,,,,,
6,,,30119,,,,,,,,,,0.6974300742149353,,,,,,,,,
6,,,30139,,,,,,,,,,0.4066547453403473,,,,,,,,,
6,,,30159,,,,,,,,,,0.1866133213043213,,,,,,,,,
6,,,30179,,,,,,,,,,0.754754900932312,,,,,,,,,
6,,,30199,,,,,,,,,,0.8401317596435547,,,,,,,,,
6,,,30219,,,,,,,,,,0.6010033488273621,,,,,,,,,
6,,,30239,,,,,,,,,,1.8345450162887573,,,,,,,,,
6,,,30259,,,,,,,,,,1.1502482891082764,,,,,,,,,
6,,,30279,,,,,,,,,,2.438505172729492,,,,,,,,,
6,,,30299,,,,,,,,,,0.5944814085960388,,,,,,,,,
6,,,30319,,,,,,,,,,1.798598289489746,,,,,,,,,
6,,,30339,,,,,,,,,,2.4619903564453125,,,,,,,,,
6,,,30359,,,,,,,,,,0.648120105266571,,,,,,,,,
6,,,30379,,,,,,,,,,1.737637996673584,,,,,,,,,
6,,,30399,,,,,,,,,,0.9644791483879089,,,,,,,,,
6,,,30419,,,,,,,,,,1.389544129371643,,,,,,,,,
6,,,30439,,,,,,,,,,0.9267371296882629,,,,,,,,,
6,,,30459,,,,,,,,,,1.2726970911026,,,,,,,,,
6,,,30479,,,,,,,,,,0.9852808713912964,,,,,,,,,
6,,,30499,,,,,,,,,,2.0968077182769775,,,,,,,,,
6,,,30519,,,,,,,,,,0.2106172740459442,,,,,,,,,
6,,,30539,,,,,,,,,,1.0139080286026,,,,,,,,,
6,,,30559,,,,,,,,,,3.560840368270874,,,,,,,,,
6,,,30579,,,,,,,,,,0.9903349280357361,,,,,,,,,
6,,,30599,,,,,,,,,,1.3100281953811646,,,,,,,,,
6,,,30619,,,,,,,,,,2.691319227218628,,,,,,,,,
6,,,30639,,,,,,,,,,1.5345091819763184,,,,,,,,,
6,,,30659,,,,,,,,,,1.1094322204589844,,,,,,,,,
6,,,30679,,,,,,,,,,1.2782588005065918,,,,,,,,,
6,,,30699,,,,,,,,,,0.46513935923576355,,,,,,,,,
6,,,30719,,,,,,,,,,2.1066246032714844,,,,,,,,,
6,,,30739,,,,,,,,,,2.1543798446655273,,,,,,,,,
6,,,30759,,,,,,,,,,1.449634075164795,,,,,,,,,
6,,,30779,,,,,,,,,,0.5638704895973206,,,,,,,,,
6,,,30799,,,,,,,,,,2.2581918239593506,,,,,,,,,
6,,,30819,,,,,,,,,,1.9097330570220947,,,,,,,,,
6,,,30839,,,,,,,,,,0.9292453527450562,,,,,,,,,
6,,,30859,,,,,,,,,,0.5662022829055786,,,,,,,,,
6,,,30879,,,,,,,,,,1.7091715335845947,,,,,,,,,
6,,,30899,,,,,,,,,,1.3328269720077515,,,,,,,,,
6,,,30919,,,,,,,,,,0.23002108931541443,,,,,,,,,
6,,,30939,,,,,,,,,,2.0965566635131836,,,,,,,,,
6,,,30959,,,,,,,,,,1.428387999534607,,,,,,,,,
6,,,30979,,,,,,,,,,2.2643253803253174,,,,,,,,,
6,,,30999,,,,,,,,,,1.9883943796157837,,,,,,,,,
6,,,31019,,,,,,,,,,1.0208420753479004,,,,,,,,,
6,,,31039,,,,,,,,,,0.39511874318122864,,,,,,,,,
6,,,31059,,,,,,,,,,1.7791030406951904,,,,,,,,,
6,,,31079,,,,,,,,,,0.20828483998775482,,,,,,,,,
6,,,31099,,,,,,,,,,1.3440324068069458,,,,,,,,,
6,,,31119,,,,,,,,,,3.276151657104492,,,,,,,,,
6,,,31139,,,,,,,,,,0.7071059346199036,,,,,,,,,
6,,,31159,,,,,,,,,,3.488196849822998,,,,,,,,,
6,,,31179,,,,,,,,,,0.547958254814148,,,,,,,,,
6,,,31199,,,,,,,,,,0.4297477900981903,,,,,,,,,
6,,,31219,,,,,,,,,,3.2891082763671875,,,,,,,,,
6,,,31239,,,,,,,,,,0.6233900189399719,,,,,,,,,
6,,,31259,,,,,,,,,,0.6908886432647705,,,,,,,,,
6,,,31279,,,,,,,,,,1.6481157541275024,,,,,,,,,
6,,,31299,,,,,,,,,,1.0234878063201904,,,,,,,,,
6,,,31319,,,,,,,,,,0.4522968828678131,,,,,,,,,
6,,,31339,,,,,,,,,,0.6038488149642944,,,,,,,,,
6,,,31359,,,,,,,,,,1.2165464162826538,,,,,,,,,
6,,,31379,,,,,,,,,,1.3386902809143066,,,,,,,,,
6,,,31399,,,,,,,,,,1.6542751789093018,,,,,,,,,
6,,,31419,,,,,,,,,,0.6084511280059814,,,,,,,,,
6,,,31439,,,,,,,,,,0.5508943796157837,,,,,,,,,
6,,,31459,,,,,,,,,,0.19396230578422546,,,,,,,,,
6,,,31479,,,,,,,,,,1.1340079307556152,,,,,,,,,
6,,,31499,,,,,,,,,,2.126452684402466,,,,,,,,,
6,,,31519,,,,,,,,,,0.21824243664741516,,,,,,,,,
6,,,31539,,,,,,,,,,0.7807917594909668,,,,,,,,,
6,,,31559,,,,,,,,,,1.0162640810012817,,,,,,,,,
6,,,31579,,,,,,,,,,0.7757580280303955,,,,,,,,,
6,,,31599,,,,,,,,,,3.069814682006836,,,,,,,,,
6,,,31619,,,,,,,,,,0.23570439219474792,,,,,,,,,
6,,,31639,,,,,,,,,,2.100132703781128,,,,,,,,,
6,,,31659,,,,,,,,,,2.0049784183502197,,,,,,,,,
6,,,31679,,,,,,,,,,1.1271917819976807,,,,,,,,,
6,,,31699,,,,,,,,,,1.0543968677520752,,,,,,,,,
6,,,31719,,,,,,,,,,0.9750993251800537,,,,,,,,,
6,,,31739,,,,,,,,,,2.070080518722534,,,,,,,,,
6,,,31759,,,,,,,,,,0.5431759357452393,,,,,,,,,
6,,,31779,,,,,,,,,,2.180337429046631,,,,,,,,,
6,,,31799,,,,,,,,,,1.2240394353866577,,,,,,,,,
6,,,31819,,,,,,,,,,0.8859049677848816,,,,,,,,,
6,,,31839,,,,,,,,,,1.7678096294403076,,,,,,,,,
6,,,31859,,,,,,,,,,0.5631742477416992,,,,,,,,,
6,,,31879,,,,,,,,,,1.8347164392471313,,,,,,,,,
6,,,31899,,,,,,,,,,2.592785596847534,,,,,,,,,
6,,,31919,,,,,,,,,,0.8884974718093872,,,,,,,,,
6,,,31939,,,,,,,,,,1.3140968084335327,,,,,,,,,
6,,,31959,,,,,,,,,,0.8108068108558655,,,,,,,,,
6,,,31979,,,,,,,,,,0.7148892879486084,,,,,,,,,
6,,,31999,,,,,,,,,,1.6306676864624023,,,,,,,,,
6,,,32019,,,,,,,,,,1.7926963567733765,,,,,,,,,
6,,,32039,,,,,,,,,,0.8701943755149841,,,,,,,,,
6,,,32059,,,,,,,,,,0.7304844260215759,,,,,,,,,
6,,,32079,,,,,,,,,,1.1510576009750366,,,,,,,,,
6,,,32099,,,,,,,,,,1.124172329902649,,,,,,,,,
6,,,32119,,,,,,,,,,1.5982682704925537,,,,,,,,,
6,,,32139,,,,,,,,,,1.9071681499481201,,,,,,,,,
6,,,32159,,,,,,,,,,0.7782334089279175,,,,,,,,,
6,,,32179,,,,,,,,,,1.671815037727356,,,,,,,,,
6,,,32199,,,,,,,,,,1.0583686828613281,,,,,,,,,
6,,,32219,,,,,,,,,,1.6600016355514526,,,,,,,,,
6,,,32239,,,,,,,,,,1.8296335935592651,,,,,,,,,
6,,,32259,,,,,,,,,,1.3072305917739868,,,,,,,,,
6,,,32279,,,,,,,,,,0.8932901620864868,,,,,,,,,
6,,,32299,,,,,,,,,,0.9215760827064514,,,,,,,,,
6,,,32319,,,,,,,,,,2.25856876373291,,,,,,,,,
6,,,32339,,,,,,,,,,1.3440083265304565,,,,,,,,,
6,,,32359,,,,,,,,,,0.849826455116272,,,,,,,,,
6,,,32379,,,,,,,,,,0.41372543573379517,,,,,,,,,
6,,,32399,,,,,,,,,,1.7204238176345825,,,,,,,,,
6,,,32419,,,,,,,,,,1.9341970682144165,,,,,,,,,
6,,,32439,,,,,,,,,,2.185755491256714,,,,,,,,,
6,,,32459,,,,,,,,,,1.3058664798736572,,,,,,,,,
6,,,32479,,,,,,,,,,1.601203203201294,,,,,,,,,
6,,,32499,,,,,,,,,,2.4568676948547363,,,,,,,,,
6,,,32519,,,,,,,,,,0.6633484363555908,,,,,,,,,
6,,,32539,,,,,,,,,,0.9453213214874268,,,,,,,,,
6,,,32559,,,,,,,,,,1.3164401054382324,,,,,,,,,
6,,,32579,,,,,,,,,,0.49624618887901306,,,,,,,,,
6,,,32599,,,,,,,,,,1.2975555658340454,,,,,,,,,
6,,,32619,,,,,,,,,,1.6525907516479492,,,,,,,,,
6,,,32639,,,,,,,,,,1.9503785371780396,,,,,,,,,
6,,,32659,,,,,,,,,,1.4249502420425415,,,,,,,,,
6,,,32679,,,,,,,,,,1.3461843729019165,,,,,,,,,
6,,,32699,,,,,,,,,,0.5652967095375061,,,,,,,,,
6,,,32719,,,,,,,,,,1.7136067152023315,,,,,,,,,
6,,,32739,,,,,,,,,,1.4406037330627441,,,,,,,,,
6,,,32759,,,,,,,,,,1.467283010482788,,,,,,,,,
6,,,32779,,,,,,,,,,1.1058293581008911,,,,,,,,,
6,,,32799,,,,,,,,,,0.5297173857688904,,,,,,,,,
6,,,32819,,,,,,,,,,1.0887866020202637,,,,,,,,,
6,,,32839,,,,,,,,,,0.8411825299263,,,,,,,,,
6,,,32859,,,,,,,,,,0.5716679692268372,,,,,,,,,
6,,,32879,,,,,,,,,,1.1243666410446167,,,,,,,,,
6,,,32899,,,,,,,,,,1.3615083694458008,,,,,,,,,
6,,,32919,,,,,,,,,,2.3546831607818604,,,,,,,,,
6,,,32939,,,,,,,,,,2.262615919113159,,,,,,,,,
6,,,32959,,,,,,,,,,1.3836878538131714,,,,,,,,,
6,,,32979,,,,,,,,,,0.5119021534919739,,,,,,,,,
6,,,32999,,,,,,,,,,1.0335936546325684,,,,,,,,,
6,,,33019,,,,,,,,,,1.5042731761932373,,,,,,,,,
6,,,33039,,,,,,,,,,0.9889135956764221,,,,,,,,,
6,,,33059,,,,,,,,,,1.6369668245315552,,,,,,,,,
6,,,33079,,,,,,,,,,1.6629716157913208,,,,,,,,,
6,,,33099,,,,,,,,,,1.9138538837432861,,,,,,,,,
6,,,33119,,,,,,,,,,0.6398380398750305,,,,,,,,,
6,,,33139,,,,,,,,,,0.8833142518997192,,,,,,,,,
6,,,33159,,,,,,,,,,0.6911331415176392,,,,,,,,,
6,,,33179,,,,,,,,,,0.5554820895195007,,,,,,,,,
6,,,33199,,,,,,,,,,0.5576120615005493,,,,,,,,,
6,,,33219,,,,,,,,,,0.23960189521312714,,,,,,,,,
6,,,33239,,,,,,,,,,0.6788420677185059,,,,,,,,,
6,,,33259,,,,,,,,,,0.7179089784622192,,,,,,,,,
6,,,33279,,,,,,,,,,1.50984525680542,,,,,,,,,
6,,,33299,,,,,,,,,,1.2755547761917114,,,,,,,,,
6,,,33319,,,,,,,,,,0.24283167719841003,,,,,,,,,
6,,,33339,,,,,,,,,,1.36137056350708,,,,,,,,,
6,,,33359,,,,,,,,,,0.35724714398384094,,,,,,,,,
6,,,33379,,,,,,,,,,0.923109233379364,,,,,,,,,
6,,,33399,,,,,,,,,,0.5524159669876099,,,,,,,,,
6,,,33410,,,,,,,,,,,0.6484616994857788,0.8323264122009277,0.6582285165786743,3.155320167541504,0.6703668832778931,0.3180754482746124,0.41657719016075134,0.9241566061973572,0.6484616994857788
6,,,33410,,,,,,,,0.958395779132843,1.2269108295440674,,,,,,,,,,
,0.0003,0.0003,33411,,,,,,,,,,,,,,,,,,,
7,,,33419,,,,,,,,,,1.324323058128357,,,,,,,,,
7,,,33439,,,,,,,,,,1.2335197925567627,,,,,,,,,
7,,,33459,,,,,,,,,,0.5605420470237732,,,,,,,,,
7,,,33479,,,,,,,,,,2.151284694671631,,,,,,,,,
7,,,33499,,,,,,,,,,0.6156055927276611,,,,,,,,,
7,,,33519,,,,,,,,,,2.3457517623901367,,,,,,,,,
7,,,33539,,,,,,,,,,1.3526850938796997,,,,,,,,,
7,,,33559,,,,,,,,,,2.415010452270508,,,,,,,,,
7,,,33579,,,,,,,,,,1.0423389673233032,,,,,,,,,
7,,,33599,,,,,,,,,,2.297459602355957,,,,,,,,,
7,,,33619,,,,,,,,,,1.3145030736923218,,,,,,,,,
7,,,33639,,,,,,,,,,1.0663946866989136,,,,,,,,,
7,,,33659,,,,,,,,,,0.9399557709693909,,,,,,,,,
7,,,33679,,,,,,,,,,0.453058123588562,,,,,,,,,
7,,,33699,,,,,,,,,,1.0388343334197998,,,,,,,,,
7,,,33719,,,,,,,,,,1.4060348272323608,,,,,,,,,
7,,,33739,,,,,,,,,,1.5963164567947388,,,,,,,,,
7,,,33759,,,,,,,,,,1.2353421449661255,,,,,,,,,
7,,,33779,,,,,,,,,,0.899344801902771,,,,,,,,,
7,,,33799,,,,,,,,,,0.9157143831253052,,,,,,,,,
7,,,33819,,,,,,,,,,1.4165856838226318,,,,,,,,,
7,,,33839,,,,,,,,,,2.3025715351104736,,,,,,,,,
7,,,33859,,,,,,,,,,1.1358146667480469,,,,,,,,,
7,,,33879,,,,,,,,,,1.0299551486968994,,,,,,,,,
7,,,33899,,,,,,,,,,0.8879178166389465,,,,,,,,,
7,,,33919,,,,,,,,,,1.0071418285369873,,,,,,,,,
7,,,33939,,,,,,,,,,1.6992312669754028,,,,,,,,,
7,,,33959,,,,,,,,,,2.497704029083252,,,,,,,,,
7,,,33979,,,,,,,,,,2.415588140487671,,,,,,,,,
7,,,33999,,,,,,,,,,0.5944806337356567,,,,,,,,,
7,,,34019,,,,,,,,,,2.090456485748291,,,,,,,,,
7,,,34039,,,,,,,,,,1.9818716049194336,,,,,,,,,
7,,,34059,,,,,,,,,,0.8428837656974792,,,,,,,,,
7,,,34079,,,,,,,,,,0.21726123988628387,,,,,,,,,
7,,,34099,,,,,,,,,,1.1845065355300903,,,,,,,,,
7,,,34119,,,,,,,,,,0.6365350484848022,,,,,,,,,
7,,,34139,,,,,,,,,,1.940387487411499,,,,,,,,,
7,,,34159,,,,,,,,,,0.9588220715522766,,,,,,,,,
7,,,34179,,,,,,,,,,1.215883731842041,,,,,,,,,
7,,,34199,,,,,,,,,,2.237900972366333,,,,,,,,,
7,,,34219,,,,,,,,,,0.7148226499557495,,,,,,,,,
7,,,34239,,,,,,,,,,0.7437235116958618,,,,,,,,,
7,,,34259,,,,,,,,,,1.0530494451522827,,,,,,,,,
7,,,34279,,,,,,,,,,2.4893205165863037,,,,,,,,,
7,,,34299,,,,,,,,,,4.42072868347168,,,,,,,,,
7,,,34319,,,,,,,,,,0.7983241081237793,,,,,,,,,
7,,,34339,,,,,,,,,,1.414648175239563,,,,,,,,,
7,,,34359,,,,,,,,,,1.537877082824707,,,,,,,,,
7,,,34379,,,,,,,,,,1.6425894498825073,,,,,,,,,
7,,,34399,,,,,,,,,,1.168176293373108,,,,,,,,,
7,,,34419,,,,,,,,,,1.0584499835968018,,,,,,,,,
7,,,34439,,,,,,,,,,1.4742318391799927,,,,,,,,,
7,,,34459,,,,,,,,,,0.28420162200927734,,,,,,,,,
7,,,34479,,,,,,,,,,0.6470911502838135,,,,,,,,,
7,,,34499,,,,,,,,,,2.714594841003418,,,,,,,,,
7,,,34519,,,,,,,,,,0.8086907267570496,,,,,,,,,
7,,,34539,,,,,,,,,,2.33540415763855,,,,,,,,,
7,,,34559,,,,,,,,,,0.9560937285423279,,,,,,,,,
7,,,34579,,,,,,,,,,1.8567112684249878,,,,,,,,,
7,,,34599,,,,,,,,,,0.48317402601242065,,,,,,,,,
7,,,34619,,,,,,,,,,0.5186959505081177,,,,,,,,,
7,,,34639,,,,,,,,,,1.0942225456237793,,,,,,,,,
7,,,34659,,,,,,,,,,0.845881462097168,,,,,,,,,
7,,,34679,,,,,,,,,,1.520606279373169,,,,,,,,,
7,,,34699,,,,,,,,,,0.2675911486148834,,,,,,,,,
7,,,34719,,,,,,,,,,0.19359496235847473,,,,,,,,,
7,,,34739,,,,,,,,,,1.4993515014648438,,,,,,,,,
7,,,34759,,,,,,,,,,1.3114967346191406,,,,,,,,,
7,,,34779,,,,,,,,,,1.5141093730926514,,,,,,,,,
7,,,34799,,,,,,,,,,0.5848168730735779,,,,,,,,,
7,,,34819,,,,,,,,,,0.4075045585632324,,,,,,,,,
7,,,34839,,,,,,,,,,2.1575067043304443,,,,,,,,,
7,,,34859,,,,,,,,,,0.5961377024650574,,,,,,,,,
7,,,34879,,,,,,,,,,0.19350934028625488,,,,,,,,,
7,,,34899,,,,,,,,,,1.9612325429916382,,,,,,,,,
7,,,34919,,,,,,,,,,1.6084016561508179,,,,,,,,,
7,,,34939,,,,,,,,,,0.3265223205089569,,,,,,,,,
7,,,34959,,,,,,,,,,1.8751879930496216,,,,,,,,,
7,,,34979,,,,,,,,,,0.5325100421905518,,,,,,,,,
7,,,34999,,,,,,,,,,2.2472622394561768,,,,,,,,,
7,,,35019,,,,,,,,,,0.8310996890068054,,,,,,,,,
7,,,35039,,,,,,,,,,1.1933776140213013,,,,,,,,,
7,,,35059,,,,,,,,,,0.32298266887664795,,,,,,,,,
7,,,35079,,,,,,,,,,1.1209994554519653,,,,,,,,,
7,,,35099,,,,,,,,,,1.4437329769134521,,,,,,,,,
7,,,35119,,,,,,,,,,1.0237786769866943,,,,,,,,,
7,,,35139,,,,,,,,,,0.6639769077301025,,,,,,,,,
7,,,35159,,,,,,,,,,0.8899959921836853,,,,,,,,,
7,,,35179,,,,,,,,,,1.31879723072052,,,,,,,,,
7,,,35199,,,,,,,,,,0.3228265047073364,,,,,,,,,
7,,,35219,,,,,,,,,,1.37545907497406,,,,,,,,,
7,,,35239,,,,,,,,,,1.1799176931381226,,,,,,,,,
7,,,35259,,,,,,,,,,1.9012439250946045,,,,,,,,,
7,,,35279,,,,,,,,,,2.395120143890381,,,,,,,,,
7,,,35299,,,,,,,,,,1.2579609155654907,,,,,,,,,
7,,,35319,,,,,,,,,,1.3535828590393066,,,,,,,,,
7,,,35339,,,,,,,,,,1.4927928447723389,,,,,,,,,
7,,,35359,,,,,,,,,,0.5629078149795532,,,,,,,,,
7,,,35379,,,,,,,,,,0.1830103099346161,,,,,,,,,
7,,,35399,,,,,,,,,,2.9633424282073975,,,,,,,,,
7,,,35419,,,,,,,,,,2.2984044551849365,,,,,,,,,
7,,,35439,,,,,,,,,,0.9496393799781799,,,,,,,,,
7,,,35459,,,,,,,,,,0.6322146058082581,,,,,,,,,
7,,,35479,,,,,,,,,,1.849323034286499,,,,,,,,,
7,,,35499,,,,,,,,,,0.9792706370353699,,,,,,,,,
7,,,35519,,,,,,,,,,0.6316105127334595,,,,,,,,,
7,,,35539,,,,,,,,,,1.0612919330596924,,,,,,,,,
7,,,35559,,,,,,,,,,1.065369725227356,,,,,,,,,
7,,,35579,,,,,,,,,,0.660084068775177,,,,,,,,,
7,,,35599,,,,,,,,,,0.6308377981185913,,,,,,,,,
7,,,35619,,,,,,,,,,1.3402665853500366,,,,,,,,,
7,,,35639,,,,,,,,,,0.7239689826965332,,,,,,,,,
7,,,35659,,,,,,,,,,0.5781123638153076,,,,,,,,,
7,,,35679,,,,,,,,,,0.5959547758102417,,,,,,,,,
7,,,35699,,,,,,,,,,1.509028673171997,,,,,,,,,
7,,,35719,,,,,,,,,,2.3639326095581055,,,,,,,,,
7,,,35739,,,,,,,,,,0.8867934346199036,,,,,,,,,
7,,,35759,,,,,,,,,,0.5582703948020935,,,,,,,,,
7,,,35779,,,,,,,,,,2.1103858947753906,,,,,,,,,
7,,,35799,,,,,,,,,,0.49770107865333557,,,,,,,,,
7,,,35819,,,,,,,,,,1.0184416770935059,,,,,,,,,
7,,,35839,,,,,,,,,,0.9857852458953857,,,,,,,,,
7,,,35859,,,,,,,,,,0.5708909034729004,,,,,,,,,
7,,,35879,,,,,,,,,,1.6941783428192139,,,,,,,,,
7,,,35899,,,,,,,,,,0.5050855875015259,,,,,,,,,
7,,,35919,,,,,,,,,,1.0301820039749146,,,,,,,,,
7,,,35939,,,,,,,,,,1.0954256057739258,,,,,,,,,
7,,,35959,,,,,,,,,,0.6756308674812317,,,,,,,,,
7,,,35979,,,,,,,,,,0.24072721600532532,,,,,,,,,
7,,,35999,,,,,,,,,,1.1018085479736328,,,,,,,,,
7,,,36019,,,,,,,,,,0.7381026744842529,,,,,,,,,
7,,,36039,,,,,,,,,,2.4313852787017822,,,,,,,,,
7,,,36059,,,,,,,,,,0.2198750525712967,,,,,,,,,
7,,,36079,,,,,,,,,,0.9087487459182739,,,,,,,,,
7,,,36099,,,,,,,,,,0.6156834363937378,,,,,,,,,
7,,,36119,,,,,,,,,,0.5010366439819336,,,,,,,,,
7,,,36139,,,,,,,,,,2.3077495098114014,,,,,,,,,
7,,,36159,,,,,,,,,,0.6567844152450562,,,,,,,,,
7,,,36179,,,,,,,,,,1.3067835569381714,,,,,,,,,
7,,,36199,,,,,,,,,,0.8701785206794739,,,,,,,,,
7,,,36219,,,,,,,,,,0.40940576791763306,,,,,,,,,
7,,,36239,,,,,,,,,,0.9376809597015381,,,,,,,,,
7,,,36259,,,,,,,,,,2.0111746788024902,,,,,,,,,
7,,,36279,,,,,,,,,,1.5005735158920288,,,,,,,,,
7,,,36299,,,,,,,,,,0.6187657117843628,,,,,,,,,
7,,,36319,,,,,,,,,,1.152082085609436,,,,,,,,,
7,,,36339,,,,,,,,,,0.7730463743209839,,,,,,,,,
7,,,36359,,,,,,,,,,0.5275519490242004,,,,,,,,,
7,,,36379,,,,,,,,,,0.2675539255142212,,,,,,,,,
7,,,36399,,,,,,,,,,1.3303170204162598,,,,,,,,,
7,,,36419,,,,,,,,,,1.633399248123169,,,,,,,,,
7,,,36439,,,,,,,,,,1.7844531536102295,,,,,,,,,
7,,,36459,,,,,,,,,,0.7477321028709412,,,,,,,,,
7,,,36479,,,,,,,,,,2.006290912628174,,,,,,,,,
7,,,36499,,,,,,,,,,0.5274078249931335,,,,,,,,,
7,,,36519,,,,,,,,,,0.6373401284217834,,,,,,,,,
7,,,36539,,,,,,,,,,1.3415777683258057,,,,,,,,,
7,,,36559,,,,,,,,,,2.2932729721069336,,,,,,,,,
7,,,36579,,,,,,,,,,0.27758127450942993,,,,,,,,,
7,,,36599,,,,,,,,,,0.8525376915931702,,,,,,,,,
7,,,36619,,,,,,,,,,2.4725613594055176,,,,,,,,,
7,,,36639,,,,,,,,,,1.4358710050582886,,,,,,,,,
7,,,36659,,,,,,,,,,1.3610061407089233,,,,,,,,,
7,,,36679,,,,,,,,,,0.5996820330619812,,,,,,,,,
7,,,36699,,,,,,,,,,0.20490163564682007,,,,,,,,,
7,,,36719,,,,,,,,,,0.36229419708251953,,,,,,,,,
7,,,36739,,,,,,,,,,0.3676581382751465,,,,,,,,,
7,,,36759,,,,,,,,,,0.8514315485954285,,,,,,,,,
7,,,36779,,,,,,,,,,1.679321527481079,,,,,,,,,
7,,,36799,,,,,,,,,,0.3935500681400299,,,,,,,,,
7,,,36819,,,,,,,,,,1.3770310878753662,,,,,,,,,
7,,,36839,,,,,,,,,,1.2579166889190674,,,,,,,,,
7,,,36859,,,,,,,,,,1.5334720611572266,,,,,,,,,
7,,,36879,,,,,,,,,,0.4140409529209137,,,,,,,,,
7,,,36899,,,,,,,,,,0.5533059239387512,,,,,,,,,
7,,,36919,,,,,,,,,,0.1964767724275589,,,,,,,,,
7,,,36939,,,,,,,,,,0.5179839730262756,,,,,,,,,
7,,,36959,,,,,,,,,,0.8573798537254333,,,,,,,,,
7,,,36979,,,,,,,,,,0.5632987022399902,,,,,,,,,
7,,,36999,,,,,,,,,,0.7778801918029785,,,,,,,,,
7,,,37019,,,,,,,,,,1.8963896036148071,,,,,,,,,
7,,,37039,,,,,,,,,,1.1647306680679321,,,,,,,,,
7,,,37059,,,,,,,,,,1.1588590145111084,,,,,,,,,
7,,,37079,,,,,,,,,,0.5167280435562134,,,,,,,,,
7,,,37099,,,,,,,,,,1.2473665475845337,,,,,,,,,
7,,,37119,,,,,,,,,,1.013939619064331,,,,,,,,,
7,,,37139,,,,,,,,,,0.4350754916667938,,,,,,,,,
7,,,37159,,,,,,,,,,0.9357373714447021,,,,,,,,,
7,,,37179,,,,,,,,,,0.974236786365509,,,,,,,,,
7,,,37199,,,,,,,,,,1.8207335472106934,,,,,,,,,
7,,,37219,,,,,,,,,,0.47161003947257996,,,,,,,,,
7,,,37239,,,,,,,,,,0.7606796026229858,,,,,,,,,
7,,,37259,,,,,,,,,,1.4632340669631958,,,,,,,,,
7,,,37279,,,,,,,,,,1.4062044620513916,,,,,,,,,
7,,,37299,,,,,,,,,,0.6337034702301025,,,,,,,,,
7,,,37319,,,,,,,,,,0.5212320685386658,,,,,,,,,
7,,,37339,,,,,,,,,,1.0369937419891357,,,,,,,,,
7,,,37359,,,,,,,,,,1.740755558013916,,,,,,,,,
7,,,37379,,,,,,,,,,0.8922598361968994,,,,,,,,,
7,,,37399,,,,,,,,,,1.0511077642440796,,,,,,,,,
7,,,37419,,,,,,,,,,0.6082037091255188,,,,,,,,,
7,,,37439,,,,,,,,,,0.5161648392677307,,,,,,,,,
7,,,37459,,,,,,,,,,1.626275897026062,,,,,,,,,
7,,,37479,,,,,,,,,,0.9486879110336304,,,,,,,,,
7,,,37499,,,,,,,,,,1.1670745611190796,,,,,,,,,
7,,,37519,,,,,,,,,,0.21762143075466156,,,,,,,,,
7,,,37539,,,,,,,,,,0.41962361335754395,,,,,,,,,
7,,,37559,,,,,,,,,,2.040276050567627,,,,,,,,,
7,,,37579,,,,,,,,,,1.9076913595199585,,,,,,,,,
7,,,37599,,,,,,,,,,0.20326268672943115,,,,,,,,,
7,,,37619,,,,,,,,,,1.6917449235916138,,,,,,,,,
7,,,37639,,,,,,,,,,1.3793613910675049,,,,,,,,,
7,,,37659,,,,,,,,,,0.6152369379997253,,,,,,,,,
7,,,37679,,,,,,,,,,0.8948283195495605,,,,,,,,,
7,,,37699,,,,,,,,,,2.848348617553711,,,,,,,,,
7,,,37719,,,,,,,,,,2.1836302280426025,,,,,,,,,
7,,,37739,,,,,,,,,,0.6881530284881592,,,,,,,,,
7,,,37759,,,,,,,,,,0.561432421207428,,,,,,,,,
7,,,37779,,,,,,,,,,2.26190185546875,,,,,,,,,
7,,,37799,,,,,,,,,,1.1000722646713257,,,,,,,,,
7,,,37819,,,,,,,,,,0.2073419690132141,,,,,,,,,
7,,,37839,,,,,,,,,,1.2584642171859741,,,,,,,,,
7,,,37859,,,,,,,,,,0.5645701289176941,,,,,,,,,
7,,,37879,,,,,,,,,,2.2047548294067383,,,,,,,,,
7,,,37899,,,,,,,,,,1.5098010301589966,,,,,,,,,
7,,,37919,,,,,,,,,,0.855129063129425,,,,,,,,,
7,,,37939,,,,,,,,,,0.9040969610214233,,,,,,,,,
7,,,37959,,,,,,,,,,1.0447397232055664,,,,,,,,,
7,,,37979,,,,,,,,,,0.5824732184410095,,,,,,,,,
7,,,37999,,,,,,,,,,1.6786705255508423,,,,,,,,,
7,,,38019,,,,,,,,,,1.6450414657592773,,,,,,,,,
7,,,38039,,,,,,,,,,1.7546522617340088,,,,,,,,,
7,,,38059,,,,,,,,,,0.6241877675056458,,,,,,,,,
7,,,38079,,,,,,,,,,0.7744319438934326,,,,,,,,,
7,,,38099,,,,,,,,,,0.9410632252693176,,,,,,,,,
7,,,38119,,,,,,,,,,1.0553853511810303,,,,,,,,,
7,,,38139,,,,,,,,,,1.3452156782150269,,,,,,,,,
7,,,38159,,,,,,,,,,1.6669878959655762,,,,,,,,,
7,,,38179,,,,,,,,,,0.18050239980220795,,,,,,,,,
7,,,38183,,,,,,,,,,,0.7882544994354248,0.8585684299468994,0.7377570867538452,3.0772480964660645,0.7082300186157227,0.4899928569793701,0.4581608474254608,0.9582992196083069,0.7882544994354248
7,,,38183,,,,,,,,0.9611586332321167,1.156983733177185,,,,,,,,,,
,0.0003,0.0003,38184,,,,,,,,,,,,,,,,,,,
8,,,38199,,,,,,,,,,1.6136943101882935,,,,,,,,,
8,,,38219,,,,,,,,,,1.531183123588562,,,,,,,,,
8,,,38239,,,,,,,,,,0.18583917617797852,,,,,,,,,
8,,,38259,,,,,,,,,,0.7069888114929199,,,,,,,,,
8,,,38279,,,,,,,,,,0.7474296689033508,,,,,,,,,
8,,,38299,,,,,,,,,,0.9852091670036316,,,,,,,,,
8,,,38319,,,,,,,,,,0.7223813533782959,,,,,,,,,
8,,,38339,,,,,,,,,,0.9639180898666382,,,,,,,,,
8,,,38359,,,,,,,,,,0.5664127469062805,,,,,,,,,
8,,,38379,,,,,,,,,,0.971916675567627,,,,,,,,,
8,,,38399,,,,,,,,,,0.19281204044818878,,,,,,,,,
8,,,38419,,,,,,,,,,0.6203688383102417,,,,,,,,,
8,,,38439,,,,,,,,,,2.2499992847442627,,,,,,,,,
8,,,38459,,,,,,,,,,1.8051025867462158,,,,,,,,,
8,,,38479,,,,,,,,,,0.9624953866004944,,,,,,,,,
8,,,38499,,,,,,,,,,0.538147509098053,,,,,,,,,
8,,,38519,,,,,,,,,,0.9590210914611816,,,,,,,,,
8,,,38539,,,,,,,,,,0.1984611302614212,,,,,,,,,
8,,,38559,,,,,,,,,,0.7867749929428101,,,,,,,,,
8,,,38579,,,,,,,,,,3.149998426437378,,,,,,,,,
8,,,38599,,,,,,,,,,1.376970648765564,,,,,,,,,
8,,,38619,,,,,,,,,,1.4728853702545166,,,,,,,,,
8,,,38639,,,,,,,,,,1.1483325958251953,,,,,,,,,
8,,,38659,,,,,,,,,,1.213267207145691,,,,,,,,,
8,,,38679,,,,,,,,,,0.17425845563411713,,,,,,,,,
8,,,38699,,,,,,,,,,0.21997612714767456,,,,,,,,,
8,,,38719,,,,,,,,,,0.5862091183662415,,,,,,,,,
8,,,38739,,,,,,,,,,0.8283177614212036,,,,,,,,,
8,,,38759,,,,,,,,,,0.9635014533996582,,,,,,,,,
8,,,38779,,,,,,,,,,0.2671229839324951,,,,,,,,,
8,,,38799,,,,,,,,,,1.148581624031067,,,,,,,,,
8,,,38819,,,,,,,,,,0.77793949842453,,,,,,,,,
8,,,38839,,,,,,,,,,0.7691770195960999,,,,,,,,,
8,,,38859,,,,,,,,,,0.35999801754951477,,,,,,,,,
8,,,38879,,,,,,,,,,0.5558913946151733,,,,,,,,,
8,,,38899,,,,,,,,,,0.8485178351402283,,,,,,,,,
8,,,38919,,,,,,,,,,0.21411192417144775,,,,,,,,,
8,,,38939,,,,,,,,,,1.3388965129852295,,,,,,,,,
8,,,38959,,,,,,,,,,0.9862274527549744,,,,,,,,,
8,,,38979,,,,,,,,,,1.0259945392608643,,,,,,,,,
8,,,38999,,,,,,,,,,1.3751100301742554,,,,,,,,,
8,,,39019,,,,,,,,,,0.18469524383544922,,,,,,,,,
8,,,39039,,,,,,,,,,0.28479868173599243,,,,,,,,,
8,,,39059,,,,,,,,,,1.0467135906219482,,,,,,,,,
8,,,39079,,,,,,,,,,1.5001236200332642,,,,,,,,,
8,,,39099,,,,,,,,,,0.9957815408706665,,,,,,,,,
8,,,39119,,,,,,,,,,1.3852094411849976,,,,,,,,,
8,,,39139,,,,,,,,,,3.056450128555298,,,,,,,,,
8,,,39159,,,,,,,,,,0.6765831708908081,,,,,,,,,
8,,,39179,,,,,,,,,,1.1655131578445435,,,,,,,,,
8,,,39199,,,,,,,,,,0.2148875892162323,,,,,,,,,
8,,,39219,,,,,,,,,,0.24591556191444397,,,,,,,,,
8,,,39239,,,,,,,,,,0.8334119319915771,,,,,,,,,
8,,,39259,,,,,,,,,,2.079345464706421,,,,,,,,,
8,,,39279,,,,,,,,,,1.0578577518463135,,,,,,,,,
8,,,39299,,,,,,,,,,0.8958495259284973,,,,,,,,,
8,,,39319,,,,,,,,,,1.035925269126892,,,,,,,,,
8,,,39339,,,,,,,,,,1.6977001428604126,,,,,,,,,
8,,,39359,,,,,,,,,,1.007878065109253,,,,,,,,,
8,,,39379,,,,,,,,,,1.3755431175231934,,,,,,,,,
8,,,39399,,,,,,,,,,1.0614792108535767,,,,,,,,,
8,,,39419,,,,,,,,,,0.24673405289649963,,,,,,,,,
8,,,39439,,,,,,,,,,0.5642685890197754,,,,,,,,,
8,,,39459,,,,,,,,,,1.2133049964904785,,,,,,,,,
8,,,39479,,,,,,,,,,0.5637678503990173,,,,,,,,,
8,,,39499,,,,,,,,,,0.9322488307952881,,,,,,,,,
8,,,39519,,,,,,,,,,0.9547184109687805,,,,,,,,,
8,,,39539,,,,,,,,,,0.1762978434562683,,,,,,,,,
8,,,39559,,,,,,,,,,0.9580253958702087,,,,,,,,,
8,,,39579,,,,,,,,,,1.6015874147415161,,,,,,,,,
8,,,39599,,,,,,,,,,2.1990914344787598,,,,,,,,,
8,,,39619,,,,,,,,,,2.7570784091949463,,,,,,,,,
8,,,39639,,,,,,,,,,0.9873899221420288,,,,,,,,,
8,,,39659,,,,,,,,,,1.067458152770996,,,,,,,,,
8,,,39679,,,,,,,,,,0.18916217982769012,,,,,,,,,
8,,,39699,,,,,,,,,,1.005144715309143,,,,,,,,,
8,,,39719,,,,,,,,,,0.2202153503894806,,,,,,,,,
8,,,39739,,,,,,,,,,2.083770275115967,,,,,,,,,
8,,,39759,,,,,,,,,,0.18050095438957214,,,,,,,,,
8,,,39779,,,,,,,,,,1.8467442989349365,,,,,,,,,
8,,,39799,,,,,,,,,,2.5082626342773438,,,,,,,,,
8,,,39819,,,,,,,,,,0.5795532464981079,,,,,,,,,
8,,,39839,,,,,,,,,,0.6058218479156494,,,,,,,,,
8,,,39859,,,,,,,,,,2.403775215148926,,,,,,,,,
8,,,39879,,,,,,,,,,1.16997230052948,,,,,,,,,
8,,,39899,,,,,,,,,,1.6088097095489502,,,,,,,,,
8,,,39919,,,,,,,,,,1.0843760967254639,,,,,,,,,
8,,,39939,,,,,,,,,,1.8439134359359741,,,,,,,,,
8,,,39959,,,,,,,,,,0.6121325492858887,,,,,,,,,
8,,,39979,,,,,,,,,,2.7644450664520264,,,,,,,,,
8,,,39999,,,,,,,,,,1.6300673484802246,,,,,,,,,
8,,,40019,,,,,,,,,,0.6177935600280762,,,,,,,,,
8,,,40039,,,,,,,,,,0.28572916984558105,,,,,,,,,
8,,,40059,,,,,,,,,,0.6526208519935608,,,,,,,,,
8,,,40079,,,,,,,,,,2.149374485015869,,,,,,,,,
8,,,40099,,,,,,,,,,2.5955827236175537,,,,,,,,,
8,,,40119,,,,,,,,,,0.6441797018051147,,,,,,,,,
8,,,40139,,,,,,,,,,1.6926147937774658,,,,,,,,,
8,,,40159,,,,,,,,,,1.2768707275390625,,,,,,,,,
8,,,40179,,,,,,,,,,1.7691892385482788,,,,,,,,,
8,,,40199,,,,,,,,,,0.9448935389518738,,,,,,,,,
8,,,40219,,,,,,,,,,1.8141179084777832,,,,,,,,,
8,,,40239,,,,,,,,,,0.8033080697059631,,,,,,,,,
8,,,40259,,,,,,,,,,0.5408433675765991,,,,,,,,,
8,,,40279,,,,,,,,,,1.4855860471725464,,,,,,,,,
8,,,40299,,,,,,,,,,0.25212594866752625,,,,,,,,,
8,,,40319,,,,,,,,,,2.114347457885742,,,,,,,,,
8,,,40339,,,,,,,,,,0.5041879415512085,,,,,,,,,
8,,,40359,,,,,,,,,,1.3324185609817505,,,,,,,,,
8,,,40379,,,,,,,,,,0.893683135509491,,,,,,,,,
8,,,40399,,,,,,,,,,1.3235867023468018,,,,,,,,,
8,,,40419,,,,,,,,,,1.3430356979370117,,,,,,,,,
8,,,40439,,,,,,,,,,0.9525914192199707,,,,,,,,,
8,,,40459,,,,,,,,,,1.7496166229248047,,,,,,,,,
8,,,40479,,,,,,,,,,0.5849071145057678,,,,,,,,,
8,,,40499,,,,,,,,,,0.5713459253311157,,,,,,,,,
8,,,40519,,,,,,,,,,0.6565485000610352,,,,,,,,,
8,,,40539,,,,,,,,,,1.1349129676818848,,,,,,,,,
8,,,40559,,,,,,,,,,0.21378207206726074,,,,,,,,,
8,,,40579,,,,,,,,,,0.7395503520965576,,,,,,,,,
8,,,40599,,,,,,,,,,0.7278319001197815,,,,,,,,,
8,,,40619,,,,,,,,,,0.5989226698875427,,,,,,,,,
8,,,40639,,,,,,,,,,0.4276692271232605,,,,,,,,,
8,,,40659,,,,,,,,,,0.9634076952934265,,,,,,,,,
8,,,40679,,,,,,,,,,0.984775185585022,,,,,,,,,
8,,,40699,,,,,,,,,,2.791053533554077,,,,,,,,,
8,,,40719,,,,,,,,,,1.5821207761764526,,,,,,,,,
8,,,40739,,,,,,,,,,1.5405619144439697,,,,,,,,,
8,,,40759,,,,,,,,,,0.5586583614349365,,,,,,,,,
8,,,40779,,,,,,,,,,1.0627636909484863,,,,,,,,,
8,,,40799,,,,,,,,,,0.19183528423309326,,,,,,,,,
8,,,40819,,,,,,,,,,0.18745620548725128,,,,,,,,,
8,,,40839,,,,,,,,,,1.720109224319458,,,,,,,,,
8,,,40859,,,,,,,,,,1.2006721496582031,,,,,,,,,
8,,,40879,,,,,,,,,,0.26751580834388733,,,,,,,,,
8,,,40899,,,,,,,,,,2.2366905212402344,,,,,,,,,
8,,,40919,,,,,,,,,,0.6576846241950989,,,,,,,,,
8,,,40939,,,,,,,,,,0.6018999814987183,,,,,,,,,
8,,,40959,,,,,,,,,,0.9314720034599304,,,,,,,,,
8,,,40979,,,,,,,,,,1.181191325187683,,,,,,,,,
8,,,40999,,,,,,,,,,1.6040852069854736,,,,,,,,,
8,,,41019,,,,,,,,,,0.48863816261291504,,,,,,,,,
8,,,41039,,,,,,,,,,0.23261818289756775,,,,,,,,,
8,,,41059,,,,,,,,,,1.3881235122680664,,,,,,,,,
8,,,41079,,,,,,,,,,0.7662402391433716,,,,,,,,,
8,,,41099,,,,,,,,,,1.7136847972869873,,,,,,,,,
8,,,41119,,,,,,,,,,0.5091222524642944,,,,,,,,,
8,,,41139,,,,,,,,,,1.6474636793136597,,,,,,,,,
8,,,41159,,,,,,,,,,0.9728738069534302,,,,,,,,,
8,,,41179,,,,,,,,,,0.25028786063194275,,,,,,,,,
8,,,41199,,,,,,,,,,1.223023772239685,,,,,,,,,
8,,,41219,,,,,,,,,,0.31433358788490295,,,,,,,,,
8,,,41239,,,,,,,,,,1.2814724445343018,,,,,,,,,
8,,,41259,,,,,,,,,,1.1138817071914673,,,,,,,,,
8,,,41279,,,,,,,,,,0.30134108662605286,,,,,,,,,
8,,,41299,,,,,,,,,,1.857374906539917,,,,,,,,,
8,,,41319,,,,,,,,,,1.073016881942749,,,,,,,,,
8,,,41339,,,,,,,,,,1.2835147380828857,,,,,,,,,
8,,,41359,,,,,,,,,,0.6779770255088806,,,,,,,,,
8,,,41379,,,,,,,,,,1.5927674770355225,,,,,,,,,
8,,,41399,,,,,,,,,,0.1772097945213318,,,,,,,,,
8,,,41419,,,,,,,,,,2.047809362411499,,,,,,,,,
8,,,41439,,,,,,,,,,0.7827809453010559,,,,,,,,,
8,,,41459,,,,,,,,,,0.20991507172584534,,,,,,,,,
8,,,41479,,,,,,,,,,0.8239421844482422,,,,,,,,,
8,,,41499,,,,,,,,,,0.18054886162281036,,,,,,,,,
8,,,41519,,,,,,,,,,0.9560694098472595,,,,,,,,,
8,,,41539,,,,,,,,,,0.6054252982139587,,,,,,,,,
8,,,41559,,,,,,,,,,0.3710978925228119,,,,,,,,,
8,,,41579,,,,,,,,,,1.27206289768219,,,,,,,,,
8,,,41599,,,,,,,,,,1.025403380393982,,,,,,,,,
8,,,41619,,,,,,,,,,1.7052768468856812,,,,,,,,,
8,,,41639,,,,,,,,,,2.134049654006958,,,,,,,,,
8,,,41659,,,,,,,,,,0.9311004877090454,,,,,,,,,
8,,,41679,,,,,,,,,,0.4905240833759308,,,,,,,,,
8,,,41699,,,,,,,,,,1.107435703277588,,,,,,,,,
8,,,41719,,,,,,,,,,1.8880038261413574,,,,,,,,,
8,,,41739,,,,,,,,,,0.7759872674942017,,,,,,,,,
8,,,41759,,,,,,,,,,0.18107002973556519,,,,,,,,,
8,,,41779,,,,,,,,,,1.8516336679458618,,,,,,,,,
8,,,41799,,,,,,,,,,0.6576777696609497,,,,,,,,,
8,,,41819,,,,,,,,,,0.8547362685203552,,,,,,,,,
8,,,41839,,,,,,,,,,0.4504987597465515,,,,,,,,,
8,,,41859,,,,,,,,,,0.9555233120918274,,,,,,,,,
8,,,41879,,,,,,,,,,2.220820903778076,,,,,,,,,
8,,,41899,,,,,,,,,,1.300197720527649,,,,,,,,,
8,,,41919,,,,,,,,,,0.18627364933490753,,,,,,,,,
8,,,41939,,,,,,,,,,0.20018135011196136,,,,,,,,,
8,,,41959,,,,,,,,,,0.8804513812065125,,,,,,,,,
8,,,41979,,,,,,,,,,1.088831901550293,,,,,,,,,
8,,,41999,,,,,,,,,,0.7770075798034668,,,,,,,,,
8,,,42019,,,,,,,,,,0.5468912124633789,,,,,,,,,
8,,,42039,,,,,,,,,,1.2621686458587646,,,,,,,,,
8,,,42059,,,,,,,,,,1.007168173789978,,,,,,,,,
8,,,42079,,,,,,,,,,0.27134251594543457,,,,,,,,,
8,,,42099,,,,,,,,,,0.3154538869857788,,,,,,,,,
8,,,42119,,,,,,,,,,1.1516213417053223,,,,,,,,,
8,,,42139,,,,,,,,,,0.31435149908065796,,,,,,,,,
8,,,42159,,,,,,,,,,1.2055600881576538,,,,,,,,,
8,,,42179,,,,,,,,,,0.6046859622001648,,,,,,,,,
8,,,42199,,,,,,,,,,1.974792242050171,,,,,,,,,
8,,,42219,,,,,,,,,,1.1418895721435547,,,,,,,,,
8,,,42239,,,,,,,,,,0.6463369727134705,,,,,,,,,
8,,,42259,,,,,,,,,,1.556496262550354,,,,,,,,,
8,,,42279,,,,,,,,,,0.195536807179451,,,,,,,,,
8,,,42299,,,,,,,,,,1.6708875894546509,,,,,,,,,
8,,,42319,,,,,,,,,,0.19042018055915833,,,,,,,,,
8,,,42339,,,,,,,,,,2.18229341506958,,,,,,,,,
8,,,42359,,,,,,,,,,1.2599077224731445,,,,,,,,,
8,,,42379,,,,,,,,,,1.3394532203674316,,,,,,,,,
8,,,42399,,,,,,,,,,0.18914303183555603,,,,,,,,,
8,,,42419,,,,,,,,,,0.955670177936554,,,,,,,,,
8,,,42439,,,,,,,,,,0.6024060249328613,,,,,,,,,
8,,,42459,,,,,,,,,,1.176202416419983,,,,,,,,,
8,,,42479,,,,,,,,,,0.9511036276817322,,,,,,,,,
8,,,42499,,,,,,,,,,0.19532433152198792,,,,,,,,,
8,,,42519,,,,,,,,,,2.2771432399749756,,,,,,,,,
8,,,42539,,,,,,,,,,0.58713299036026,,,,,,,,,
8,,,42559,,,,,,,,,,1.090147614479065,,,,,,,,,
8,,,42579,,,,,,,,,,1.4944040775299072,,,,,,,,,
8,,,42599,,,,,,,,,,1.2233033180236816,,,,,,,,,
8,,,42619,,,,,,,,,,0.8631892800331116,,,,,,,,,
8,,,42639,,,,,,,,,,1.7865595817565918,,,,,,,,,
8,,,42659,,,,,,,,,,0.6050078868865967,,,,,,,,,
8,,,42679,,,,,,,,,,0.4237514138221741,,,,,,,,,
8,,,42699,,,,,,,,,,0.8684399127960205,,,,,,,,,
8,,,42719,,,,,,,,,,2.1228039264678955,,,,,,,,,
8,,,42739,,,,,,,,,,1.3079081773757935,,,,,,,,,
8,,,42759,,,,,,,,,,0.7533059120178223,,,,,,,,,
8,,,42779,,,,,,,,,,0.6315596103668213,,,,,,,,,
8,,,42799,,,,,,,,,,1.3433570861816406,,,,,,,,,
8,,,42819,,,,,,,,,,0.17564359307289124,,,,,,,,,
8,,,42839,,,,,,,,,,1.9317587614059448,,,,,,,,,
8,,,42859,,,,,,,,,,1.3434958457946777,,,,,,,,,
8,,,42879,,,,,,,,,,1.309590458869934,,,,,,,,,
8,,,42899,,,,,,,,,,2.1216142177581787,,,,,,,,,
8,,,42919,,,,,,,,,,0.7897312045097351,,,,,,,,,
8,,,42939,,,,,,,,,,0.20672164857387543,,,,,,,,,
8,,,42956,,,,,,,,,,,0.6898614168167114,0.7764028310775757,0.6588220596313477,3.8905704021453857,0.6409206986427307,0.3271416127681732,0.346128910779953,0.935712456703186,0.6898614168167114
8,,,42956,,,,,,,,0.964808464050293,1.0613049268722534,,,,,,,,,,
,0.00029927770900082954,0.00029927770900082954,42957,,,,,,,,,,,,,,,,,,,
9,,,42959,,,,,,,,,,0.934843122959137,,,,,,,,,
9,,,42979,,,,,,,,,,1.004040241241455,,,,,,,,,
9,,,42999,,,,,,,,,,1.5445562601089478,,,,,,,,,
9,,,43019,,,,,,,,,,0.49944671988487244,,,,,,,,,
9,,,43039,,,,,,,,,,2.464306354522705,,,,,,,,,
9,,,43059,,,,,,,,,,1.0003663301467896,,,,,,,,,
9,,,43079,,,,,,,,,,1.3526535034179688,,,,,,,,,
9,,,43099,,,,,,,,,,0.7396392822265625,,,,,,,,,
9,,,43119,,,,,,,,,,1.481846570968628,,,,,,,,,
9,,,43139,,,,,,,,,,0.4559030830860138,,,,,,,,,
9,,,43159,,,,,,,,,,0.26529115438461304,,,,,,,,,
9,,,43179,,,,,,,,,,0.9555454254150391,,,,,,,,,
9,,,43199,,,,,,,,,,0.5692740678787231,,,,,,,,,
9,,,43219,,,,,,,,,,0.6065723896026611,,,,,,,,,
9,,,43239,,,,,,,,,,3.354301691055298,,,,,,,,,
9,,,43259,,,,,,,,,,0.535354733467102,,,,,,,,,
9,,,43279,,,,,,,,,,0.5805811285972595,,,,,,,,,
9,,,43299,,,,,,,,,,1.9805023670196533,,,,,,,,,
9,,,43319,,,,,,,,,,1.0859801769256592,,,,,,,,,
9,,,43339,,,,,,,,,,2.4378719329833984,,,,,,,,,
9,,,43359,,,,,,,,,,0.8725420236587524,,,,,,,,,
9,,,43379,,,,,,,,,,1.0968475341796875,,,,,,,,,
9,,,43399,,,,,,,,,,2.6168766021728516,,,,,,,,,
9,,,43419,,,,,,,,,,1.4852724075317383,,,,,,,,,
9,,,43439,,,,,,,,,,1.3882348537445068,,,,,,,,,
9,,,43459,,,,,,,,,,0.8180379271507263,,,,,,,,,
9,,,43479,,,,,,,,,,0.8562866449356079,,,,,,,,,
9,,,43499,,,,,,,,,,1.179689645767212,,,,,,,,,
9,,,43519,,,,,,,,,,0.762518048286438,,,,,,,,,
9,,,43539,,,,,,,,,,0.29553714394569397,,,,,,,,,
9,,,43559,,,,,,,,,,0.6996943354606628,,,,,,,,,
9,,,43579,,,,,,,,,,0.6647434830665588,,,,,,,,,
9,,,43599,,,,,,,,,,0.5792215466499329,,,,,,,,,
9,,,43619,,,,,,,,,,0.6899032592773438,,,,,,,,,
9,,,43639,,,,,,,,,,0.35984617471694946,,,,,,,,,
9,,,43659,,,,,,,,,,0.35809579491615295,,,,,,,,,
9,,,43679,,,,,,,,,,2.1923861503601074,,,,,,,,,
9,,,43699,,,,,,,,,,1.6910936832427979,,,,,,,,,
9,,,43719,,,,,,,,,,1.115830421447754,,,,,,,,,
9,,,43739,,,,,,,,,,0.40174052119255066,,,,,,,,,
9,,,43759,,,,,,,,,,0.1907132863998413,,,,,,,,,
9,,,43779,,,,,,,,,,0.6010280847549438,,,,,,,,,
9,,,43799,,,,,,,,,,0.5226497650146484,,,,,,,,,
9,,,43819,,,,,,,,,,0.5802108645439148,,,,,,,,,
9,,,43839,,,,,,,,,,0.25099483132362366,,,,,,,,,
9,,,43859,,,,,,,,,,0.18757247924804688,,,,,,,,,
9,,,43879,,,,,,,,,,0.6545323729515076,,,,,,,,,
9,,,43899,,,,,,,,,,2.0743908882141113,,,,,,,,,
9,,,43919,,,,,,,,,,2.0128042697906494,,,,,,,,,
9,,,43939,,,,,,,,,,0.845019519329071,,,,,,,,,
9,,,43959,,,,,,,,,,0.5230227112770081,,,,,,,,,
9,,,43979,,,,,,,,,,0.9705089330673218,,,,,,,,,
9,,,43999,,,,,,,,,,1.0544720888137817,,,,,,,,,
9,,,44019,,,,,,,,,,0.9464316368103027,,,,,,,,,
9,,,44039,,,,,,,,,,1.388775110244751,,,,,,,,,
9,,,44059,,,,,,,,,,1.0463783740997314,,,,,,,,,
9,,,44079,,,,,,,,,,0.19371947646141052,,,,,,,,,
9,,,44099,,,,,,,,,,0.5425539612770081,,,,,,,,,
9,,,44119,,,,,,,,,,3.630596876144409,,,,,,,,,
9,,,44139,,,,,,,,,,0.5827738642692566,,,,,,,,,
9,,,44159,,,,,,,,,,1.4104360342025757,,,,,,,,,
9,,,44179,,,,,,,,,,0.8790364265441895,,,,,,,,,
9,,,44199,,,,,,,,,,0.6863365173339844,,,,,,,,,
9,,,44219,,,,,,,,,,1.72217857837677,,,,,,,,,
9,,,44239,,,,,,,,,,2.33666729927063,,,,,,,,,
9,,,44259,,,,,,,,,,0.8755214214324951,,,,,,,,,
9,,,44279,,,,,,,,,,0.8826766014099121,,,,,,,,,
9,,,44299,,,,,,,,,,0.7337101697921753,,,,,,,,,
9,,,44319,,,,,,,,,,2.2859244346618652,,,,,,,,,
9,,,44339,,,,,,,,,,1.2764003276824951,,,,,,,,,
9,,,44359,,,,,,,,,,0.20522961020469666,,,,,,,,,
9,,,44379,,,,,,,,,,1.1008070707321167,,,,,,,,,
9,,,44399,,,,,,,,,,1.2155741453170776,,,,,,,,,
9,,,44419,,,,,,,,,,0.9502977132797241,,,,,,,,,
9,,,44439,,,,,,,,,,2.6819021701812744,,,,,,,,,
9,,,44459,,,,,,,,,,1.4344983100891113,,,,,,,,,
9,,,44479,,,,,,,,,,1.5545960664749146,,,,,,,,,
9,,,44499,,,,,,,,,,0.5167543888092041,,,,,,,,,
9,,,44519,,,,,,,,,,1.3092037439346313,,,,,,,,,
9,,,44539,,,,,,,,,,0.34682419896125793,,,,,,,,,
9,,,44559,,,,,,,,,,0.580482006072998,,,,,,,,,
9,,,44579,,,,,,,,,,1.6307039260864258,,,,,,,,,
9,,,44599,,,,,,,,,,0.1865374594926834,,,,,,,,,
9,,,44619,,,,,,,,,,0.678749680519104,,,,,,,,,
9,,,44639,,,,,,,,,,0.993479311466217,,,,,,,,,
9,,,44659,,,,,,,,,,1.4538990259170532,,,,,,,,,
9,,,44679,,,,,,,,,,0.2247762531042099,,,,,,,,,
9,,,44699,,,,,,,,,,0.758469820022583,,,,,,,,,
9,,,44719,,,,,,,,,,0.6807021498680115,,,,,,,,,
9,,,44739,,,,,,,,,,0.49309778213500977,,,,,,,,,
9,,,44759,,,,,,,,,,0.7306735515594482,,,,,,,,,
9,,,44779,,,,,,,,,,1.3891441822052002,,,,,,,,,
9,,,44799,,,,,,,,,,1.3828428983688354,,,,,,,,,
9,,,44819,,,,,,,,,,0.8758529424667358,,,,,,,,,
9,,,44839,,,,,,,,,,0.8545567989349365,,,,,,,,,
9,,,44859,,,,,,,,,,1.6776578426361084,,,,,,,,,
9,,,44879,,,,,,,,,,1.1026725769042969,,,,,,,,,
9,,,44899,,,,,,,,,,0.17997494339942932,,,,,,,,,
9,,,44919,,,,,,,,,,1.4130070209503174,,,,,,,,,
9,,,44939,,,,,,,,,,2.099306344985962,,,,,,,,,
9,,,44959,,,,,,,,,,1.3877108097076416,,,,,,,,,
9,,,44979,,,,,,,,,,0.5429529547691345,,,,,,,,,
9,,,44999,,,,,,,,,,0.6073172092437744,,,,,,,,,
9,,,45019,,,,,,,,,,1.3035295009613037,,,,,,,,,
9,,,45039,,,,,,,,,,0.5773850083351135,,,,,,,,,
9,,,45059,,,,,,,,,,1.9147809743881226,,,,,,,,,
9,,,45079,,,,,,,,,,0.9655992388725281,,,,,,,,,
9,,,45099,,,,,,,,,,0.40853193402290344,,,,,,,,,
9,,,45119,,,,,,,,,,0.915851354598999,,,,,,,,,
9,,,45139,,,,,,,,,,0.9978731274604797,,,,,,,,,
9,,,45159,,,,,,,,,,0.18839946389198303,,,,,,,,,
9,,,45179,,,,,,,,,,0.4759248197078705,,,,,,,,,
9,,,45199,,,,,,,,,,0.5204914808273315,,,,,,,,,
9,,,45219,,,,,,,,,,0.21405169367790222,,,,,,,,,
9,,,45239,,,,,,,,,,3.206109046936035,,,,,,,,,
9,,,45259,,,,,,,,,,0.19408558309078217,,,,,,,,,
9,,,45279,,,,,,,,,,0.22608424723148346,,,,,,,,,
9,,,45299,,,,,,,,,,0.1803848296403885,,,,,,,,,
9,,,45319,,,,,,,,,,0.22741729021072388,,,,,,,,,
9,,,45339,,,,,,,,,,1.5793834924697876,,,,,,,,,
9,,,45359,,,,,,,,,,0.5819187760353088,,,,,,,,,
9,,,45379,,,,,,,,,,2.1381077766418457,,,,,,,,,
9,,,45399,,,,,,,,,,1.8882290124893188,,,,,,,,,
9,,,45419,,,,,,,,,,0.5887343883514404,,,,,,,,,
9,,,45439,,,,,,,,,,0.9815416932106018,,,,,,,,,
9,,,45459,,,,,,,,,,3.3556201457977295,,,,,,,,,
9,,,45479,,,,,,,,,,0.1792067289352417,,,,,,,,,
9,,,45499,,,,,,,,,,0.8392120599746704,,,,,,,,,
9,,,45519,,,,,,,,,,0.2381206601858139,,,,,,,,,
9,,,45539,,,,,,,,,,1.1149898767471313,,,,,,,,,
9,,,45559,,,,,,,,,,1.7492116689682007,,,,,,,,,
9,,,45579,,,,,,,,,,0.17908592522144318,,,,,,,,,
9,,,45599,,,,,,,,,,2.893683671951294,,,,,,,,,
9,,,45619,,,,,,,,,,0.1944880187511444,,,,,,,,,
9,,,45639,,,,,,,,,,0.5191068649291992,,,,,,,,,
9,,,45659,,,,,,,,,,1.1813020706176758,,,,,,,,,
9,,,45679,,,,,,,,,,0.8689257502555847,,,,,,,,,
9,,,45699,,,,,,,,,,2.2825307846069336,,,,,,,,,
9,,,45719,,,,,,,,,,0.8132774233818054,,,,,,,,,
9,,,45739,,,,,,,,,,0.9251048564910889,,,,,,,,,
9,,,45759,,,,,,,,,,1.0497959852218628,,,,,,,,,
9,,,45779,,,,,,,,,,0.9827805161476135,,,,,,,,,
9,,,45799,,,,,,,,,,0.6258342266082764,,,,,,,,,
9,,,45819,,,,,,,,,,0.2979813814163208,,,,,,,,,
9,,,45839,,,,,,,,,,0.8423271179199219,,,,,,,,,
9,,,45859,,,,,,,,,,0.4410170018672943,,,,,,,,,
9,,,45879,,,,,,,,,,0.7271208167076111,,,,,,,,,
9,,,45899,,,,,,,,,,1.410161018371582,,,,,,,,,
9,,,45919,,,,,,,,,,0.25569018721580505,,,,,,,,,
9,,,45939,,,,,,,,,,0.6867095232009888,,,,,,,,,
9,,,45959,,,,,,,,,,0.6685425639152527,,,,,,,,,
9,,,45979,,,,,,,,,,0.9013425707817078,,,,,,,,,
9,,,45999,,,,,,,,,,0.18000736832618713,,,,,,,,,
9,,,46019,,,,,,,,,,1.3425761461257935,,,,,,,,,
9,,,46039,,,,,,,,,,1.4853415489196777,,,,,,,,,
9,,,46059,,,,,,,,,,0.6388667225837708,,,,,,,,,
9,,,46079,,,,,,,,,,1.7071857452392578,,,,,,,,,
9,,,46099,,,,,,,,,,0.5803138613700867,,,,,,,,,
9,,,46119,,,,,,,,,,1.8497563600540161,,,,,,,,,
9,,,46139,,,,,,,,,,0.5722264647483826,,,,,,,,,
9,,,46159,,,,,,,,,,0.9049004912376404,,,,,,,,,
9,,,46179,,,,,,,,,,1.2396752834320068,,,,,,,,,
9,,,46199,,,,,,,,,,0.18851937353610992,,,,,,,,,
9,,,46219,,,,,,,,,,1.859946608543396,,,,,,,,,
9,,,46239,,,,,,,,,,0.539000391960144,,,,,,,,,
9,,,46259,,,,,,,,,,0.5622948408126831,,,,,,,,,
9,,,46279,,,,,,,,,,0.2882223129272461,,,,,,,,,
9,,,46299,,,,,,,,,,0.803708553314209,,,,,,,,,
9,,,46319,,,,,,,,,,0.47809213399887085,,,,,,,,,
9,,,46339,,,,,,,,,,0.9491738677024841,,,,,,,,,
9,,,46359,,,,,,,,,,1.0734604597091675,,,,,,,,,
9,,,46379,,,,,,,,,,0.18760575354099274,,,,,,,,,
9,,,46399,,,,,,,,,,0.37213560938835144,,,,,,,,,
9,,,46419,,,,,,,,,,2.4029805660247803,,,,,,,,,
9,,,46439,,,,,,,,,,1.7941652536392212,,,,,,,,,
9,,,46459,,,,,,,,,,0.18715700507164001,,,,,,,,,
9,,,46479,,,,,,,,,,0.17798419296741486,,,,,,,,,
9,,,46499,,,,,,,,,,0.7039892673492432,,,,,,,,,
9,,,46519,,,,,,,,,,0.6057859659194946,,,,,,,,,
9,,,46539,,,,,,,,,,0.8704784512519836,,,,,,,,,
9,,,46559,,,,,,,,,,0.9473123550415039,,,,,,,,,
9,,,46579,,,,,,,,,,0.1846017688512802,,,,,,,,,
9,,,46599,,,,,,,,,,1.7591227293014526,,,,,,,,,
9,,,46619,,,,,,,,,,0.5748065114021301,,,,,,,,,
9,,,46639,,,,,,,,,,1.9565560817718506,,,,,,,,,
9,,,46659,,,,,,,,,,0.5525767803192139,,,,,,,,,
9,,,46679,,,,,,,,,,1.3254474401474,,,,,,,,,
9,,,46699,,,,,,,,,,2.860814332962036,,,,,,,,,
9,,,46719,,,,,,,,,,0.5562232732772827,,,,,,,,,
9,,,46739,,,,,,,,,,0.37424784898757935,,,,,,,,,
9,,,46759,,,,,,,,,,0.18293187022209167,,,,,,,,,
9,,,46779,,,,,,,,,,0.5968613624572754,,,,,,,,,
9,,,46799,,,,,,,,,,0.2218850553035736,,,,,,,,,
9,,,46819,,,,,,,,,,0.6201492547988892,,,,,,,,,
9,,,46839,,,,,,,,,,0.9902262687683105,,,,,,,,,
9,,,46859,,,,,,,,,,1.967674970626831,,,,,,,,,
9,,,46879,,,,,,,,,,0.47461479902267456,,,,,,,,,
9,,,46899,,,,,,,,,,0.5576804876327515,,,,,,,,,
9,,,46919,,,,,,,,,,1.0112965106964111,,,,,,,,,
9,,,46939,,,,,,,,,,1.0072193145751953,,,,,,,,,
9,,,46959,,,,,,,,,,1.0077742338180542,,,,,,,,,
9,,,46979,,,,,,,,,,1.4703248739242554,,,,,,,,,
9,,,46999,,,,,,,,,,0.4516325891017914,,,,,,,,,
9,,,47019,,,,,,,,,,0.1971004456281662,,,,,,,,,
9,,,47039,,,,,,,,,,1.360349416732788,,,,,,,,,
9,,,47059,,,,,,,,,,1.000466227531433,,,,,,,,,
9,,,47079,,,,,,,,,,1.2982288599014282,,,,,,,,,
9,,,47099,,,,,,,,,,1.0795631408691406,,,,,,,,,
9,,,47119,,,,,,,,,,0.9525403380393982,,,,,,,,,
9,,,47139,,,,,,,,,,0.5638831853866577,,,,,,,,,
9,,,47159,,,,,,,,,,1.367779016494751,,,,,,,,,
9,,,47179,,,,,,,,,,0.7730433940887451,,,,,,,,,
9,,,47199,,,,,,,,,,0.9700243473052979,,,,,,,,,
9,,,47219,,,,,,,,,,1.1719075441360474,,,,,,,,,
9,,,47239,,,,,,,,,,1.9783815145492554,,,,,,,,,
9,,,47259,,,,,,,,,,1.018086314201355,,,,,,,,,
9,,,47279,,,,,,,,,,0.31763899326324463,,,,,,,,,
9,,,47299,,,,,,,,,,2.039614677429199,,,,,,,,,
9,,,47319,,,,,,,,,,1.1056551933288574,,,,,,,,,
9,,,47339,,,,,,,,,,2.225515604019165,,,,,,,,,
9,,,47359,,,,,,,,,,1.750962495803833,,,,,,,,,
9,,,47379,,,,,,,,,,0.9452114701271057,,,,,,,,,
9,,,47399,,,,,,,,,,1.3494608402252197,,,,,,,,,
9,,,47419,,,,,,,,,,0.5768771767616272,,,,,,,,,
9,,,47439,,,,,,,,,,1.5395270586013794,,,,,,,,,
9,,,47459,,,,,,,,,,0.382734477519989,,,,,,,,,
9,,,47479,,,,,,,,,,1.5220052003860474,,,,,,,,,
9,,,47499,,,,,,,,,,0.5742713212966919,,,,,,,,,
9,,,47519,,,,,,,,,,1.7818771600723267,,,,,,,,,
9,,,47539,,,,,,,,,,0.9706127643585205,,,,,,,,,
9,,,47559,,,,,,,,,,0.7230899333953857,,,,,,,,,
9,,,47579,,,,,,,,,,0.20115850865840912,,,,,,,,,
9,,,47599,,,,,,,,,,0.5729170441627502,,,,,,,,,
9,,,47619,,,,,,,,,,0.5826906561851501,,,,,,,,,
9,,,47639,,,,,,,,,,0.31310832500457764,,,,,,,,,
9,,,47659,,,,,,,,,,0.1859894096851349,,,,,,,,,
9,,,47679,,,,,,,,,,0.35562726855278015,,,,,,,,,
9,,,47699,,,,,,,,,,2.92769455909729,,,,,,,,,
9,,,47719,,,,,,,,,,0.18467868864536285,,,,,,,,,
9,,,47729,,,,,,,,,,,0.6494796872138977,0.7641631364822388,0.6790096759796143,2.7749898433685303,0.735481858253479,0.37523165345191956,0.5474961996078491,0.9234675765037537,0.6494796872138977
9,,,47729,,,,,,,,0.9684848189353943,0.9657493233680725,,,,,,,,,,
,0.00029711779206048454,0.00029711779206048454,47730,,,,,,,,,,,,,,,,,,,
10,,,47739,,,,,,,,,,0.9891237020492554,,,,,,,,,
10,,,47759,,,,,,,,,,0.5297293066978455,,,,,,,,,
10,,,47779,,,,,,,,,,1.5357102155685425,,,,,,,,,
10,,,47799,,,,,,,,,,0.5462197065353394,,,,,,,,,
10,,,47819,,,,,,,,,,0.9941230416297913,,,,,,,,,
10,,,47839,,,,,,,,,,0.8318161368370056,,,,,,,,,
10,,,47859,,,,,,,,,,0.5805761814117432,,,,,,,,,
10,,,47879,,,,,,,,,,2.071547269821167,,,,,,,,,
10,,,47899,,,,,,,,,,1.3863686323165894,,,,,,,,,
10,,,47919,,,,,,,,,,2.4830543994903564,,,,,,,,,
10,,,47939,,,,,,,,,,0.5495783090591431,,,,,,,,,
10,,,47959,,,,,,,,,,0.48603901267051697,,,,,,,,,
10,,,47979,,,,,,,,,,1.9914137125015259,,,,,,,,,
10,,,47999,,,,,,,,,,1.7135776281356812,,,,,,,,,
10,,,48019,,,,,,,,,,0.5685073137283325,,,,,,,,,
10,,,48039,,,,,,,,,,1.374790906906128,,,,,,,,,
10,,,48059,,,,,,,,,,0.9425808787345886,,,,,,,,,
10,,,48079,,,,,,,,,,2.3769783973693848,,,,,,,,,
10,,,48099,,,,,,,,,,0.7206323742866516,,,,,,,,,
10,,,48119,,,,,,,,,,0.5886913537979126,,,,,,,,,
10,,,48139,,,,,,,,,,0.5983288884162903,,,,,,,,,
10,,,48159,,,,,,,,,,1.0242654085159302,,,,,,,,,
10,,,48179,,,,,,,,,,0.5793222188949585,,,,,,,,,
10,,,48199,,,,,,,,,,0.7994718551635742,,,,,,,,,
10,,,48219,,,,,,,,,,0.3895479738712311,,,,,,,,,
10,,,48239,,,,,,,,,,0.1770467907190323,,,,,,,,,
10,,,48259,,,,,,,,,,0.5802571773529053,,,,,,,,,
10,,,48279,,,,,,,,,,0.9950991868972778,,,,,,,,,
10,,,48299,,,,,,,,,,1.8658130168914795,,,,,,,,,
10,,,48319,,,,,,,,,,0.7529990673065186,,,,,,,,,
10,,,48339,,,,,,,,,,0.24666769802570343,,,,,,,,,
10,,,48359,,,,,,,,,,0.19769415259361267,,,,,,,,,
10,,,48379,,,,,,,,,,2.6461005210876465,,,,,,,,,
10,,,48399,,,,,,,,,,0.5765637159347534,,,,,,,,,
10,,,48419,,,,,,,,,,0.5922753214836121,,,,,,,,,
10,,,48439,,,,,,,,,,1.4323033094406128,,,,,,,,,
10,,,48459,,,,,,,,,,0.4034969210624695,,,,,,,,,
10,,,48479,,,,,,,,,,0.6375253200531006,,,,,,,,,
10,,,48499,,,,,,,,,,0.18010810017585754,,,,,,,,,
10,,,48519,,,,,,,,,,0.558763861656189,,,,,,,,,
10,,,48539,,,,,,,,,,0.9740028977394104,,,,,,,,,
10,,,48559,,,,,,,,,,0.7001901268959045,,,,,,,,,
10,,,48579,,,,,,,,,,1.1213054656982422,,,,,,,,,
10,,,48599,,,,,,,,,,0.9643236398696899,,,,,,,,,
10,,,48619,,,,,,,,,,0.2028942108154297,,,,,,,,,
10,,,48639,,,,,,,,,,1.2184221744537354,,,,,,,,,
10,,,48659,,,,,,,,,,1.0394126176834106,,,,,,,,,
10,,,48679,,,,,,,,,,2.4494714736938477,,,,,,,,,
10,,,48699,,,,,,,,,,0.8646299839019775,,,,,,,,,
10,,,48719,,,,,,,,,,2.1261227130889893,,,,,,,,,
10,,,48739,,,,,,,,,,0.5848571062088013,,,,,,,,,
10,,,48759,,,,,,,,,,0.613906741142273,,,,,,,,,
10,,,48779,,,,,,,,,,0.625267744064331,,,,,,,,,
10,,,48799,,,,,,,,,,1.1949409246444702,,,,,,,,,
10,,,48819,,,,,,,,,,1.3226637840270996,,,,,,,,,
10,,,48839,,,,,,,,,,0.6928143501281738,,,,,,,,,
10,,,48859,,,,,,,,,,0.29439622163772583,,,,,,,,,
10,,,48879,,,,,,,,,,0.6185715794563293,,,,,,,,,
10,,,48899,,,,,,,,,,0.5557062029838562,,,,,,,,,
10,,,48919,,,,,,,,,,0.8985907435417175,,,,,,,,,
10,,,48939,,,,,,,,,,1.508726716041565,,,,,,,,,
10,,,48959,,,,,,,,,,0.8964276313781738,,,,,,,,,
10,,,48979,,,,,,,,,,1.5547000169754028,,,,,,,,,
10,,,48999,,,,,,,,,,1.0544962882995605,,,,,,,,,
10,,,49019,,,,,,,,,,1.6849740743637085,,,,,,,,,
10,,,49039,,,,,,,,,,0.9425626397132874,,,,,,,,,
10,,,49059,,,,,,,,,,1.0024503469467163,,,,,,,,,
10,,,49079,,,,,,,,,,1.5150017738342285,,,,,,,,,
10,,,49099,,,,,,,,,,1.723293423652649,,,,,,,,,
10,,,49119,,,,,,,,,,0.37910082936286926,,,,,,,,,
10,,,49139,,,,,,,,,,0.3292977213859558,,,,,,,,,
10,,,49159,,,,,,,,,,0.7808328866958618,,,,,,,,,
10,,,49179,,,,,,,,,,0.20159003138542175,,,,,,,,,
10,,,49199,,,,,,,,,,0.17387446761131287,,,,,,,,,
10,,,49219,,,,,,,,,,0.5686378479003906,,,,,,,,,
10,,,49239,,,,,,,,,,1.4381091594696045,,,,,,,,,
10,,,49259,,,,,,,,,,2.5022647380828857,,,,,,,,,
10,,,49279,,,,,,,,,,0.9297623634338379,,,,,,,,,
10,,,49299,,,,,,,,,,1.4221116304397583,,,,,,,,,
10,,,49319,,,,,,,,,,0.35310614109039307,,,,,,,,,
10,,,49339,,,,,,,,,,0.5464134216308594,,,,,,,,,
10,,,49359,,,,,,,,,,0.9565455913543701,,,,,,,,,
10,,,49379,,,,,,,,,,0.9359111189842224,,,,,,,,,
10,,,49399,,,,,,,,,,0.6346566677093506,,,,,,,,,
10,,,49419,,,,,,,,,,1.3880648612976074,,,,,,,,,
10,,,49439,,,,,,,,,,1.5798777341842651,,,,,,,,,
10,,,49459,,,,,,,,,,1.008775234222412,,,,,,,,,
10,,,49479,,,,,,,,,,0.8036092519760132,,,,,,,,,
10,,,49499,,,,,,,,,,1.767591953277588,,,,,,,,,
10,,,49519,,,,,,,,,,2.42952036857605,,,,,,,,,
10,,,49539,,,,,,,,,,0.2726621925830841,,,,,,,,,
10,,,49559,,,,,,,,,,1.0801860094070435,,,,,,,,,
10,,,49579,,,,,,,,,,1.368985891342163,,,,,,,,,
10,,,49599,,,,,,,,,,0.9178947806358337,,,,,,,,,
10,,,49619,,,,,,,,,,0.3245958387851715,,,,,,,,,
10,,,49639,,,,,,,,,,0.58576500415802,,,,,,,,,
10,,,49659,,,,,,,,,,0.731900691986084,,,,,,,,,
10,,,49679,,,,,,,,,,0.20247551798820496,,,,,,,,,
10,,,49699,,,,,,,,,,1.1202980279922485,,,,,,,,,
10,,,49719,,,,,,,,,,0.5973883271217346,,,,,,,,,
10,,,49739,,,,,,,,,,0.35108283162117004,,,,,,,,,
10,,,49759,,,,,,,,,,0.23072141408920288,,,,,,,,,
10,,,49779,,,,,,,,,,0.17924180626869202,,,,,,,,,
10,,,49799,,,,,,,,,,0.9710528254508972,,,,,,,,,
10,,,49819,,,,,,,,,,0.5378682017326355,,,,,,,,,
10,,,49839,,,,,,,,,,0.7263999581336975,,,,,,,,,
10,,,49859,,,,,,,,,,0.18328601121902466,,,,,,,,,
10,,,49879,,,,,,,,,,0.39056479930877686,,,,,,,,,
10,,,49899,,,,,,,,,,0.6107832193374634,,,,,,,,,
10,,,49919,,,,,,,,,,0.5270535945892334,,,,,,,,,
10,,,49939,,,,,,,,,,1.5891027450561523,,,,,,,,,
10,,,49959,,,,,,,,,,0.4332972466945648,,,,,,,,,
10,,,49979,,,,,,,,,,0.2405591607093811,,,,,,,,,
10,,,49999,,,,,,,,,,1.8716236352920532,,,,,,,,,
10,,,50019,,,,,,,,,,1.9813989400863647,,,,,,,,,
10,,,50039,,,,,,,,,,0.6128860116004944,,,,,,,,,
10,,,50059,,,,,,,,,,0.20612306892871857,,,,,,,,,
10,,,50079,,,,,,,,,,0.6348075866699219,,,,,,,,,
10,,,50099,,,,,,,,,,0.18889710307121277,,,,,,,,,
10,,,50119,,,,,,,,,,0.9517736434936523,,,,,,,,,
10,,,50139,,,,,,,,,,0.90302574634552,,,,,,,,,
10,,,50159,,,,,,,,,,0.5687024593353271,,,,,,,,,
10,,,50179,,,,,,,,,,0.5549585819244385,,,,,,,,,
10,,,50199,,,,,,,,,,1.3971532583236694,,,,,,,,,
10,,,50219,,,,,,,,,,1.1733427047729492,,,,,,,,,
10,,,50239,,,,,,,,,,0.8380275964736938,,,,,,,,,
10,,,50259,,,,,,,,,,0.17057955265045166,,,,,,,,,
10,,,50279,,,,,,,,,,1.4990501403808594,,,,,,,,,
10,,,50299,,,,,,,,,,0.7695456147193909,,,,,,,,,
10,,,50319,,,,,,,,,,2.324198007583618,,,,,,,,,
10,,,50339,,,,,,,,,,0.6497179865837097,,,,,,,,,
10,,,50359,,,,,,,,,,1.3725496530532837,,,,,,,,,
10,,,50379,,,,,,,,,,0.6386525630950928,,,,,,,,,
10,,,50399,,,,,,,,,,0.5533550381660461,,,,,,,,,
10,,,50419,,,,,,,,,,0.5999273061752319,,,,,,,,,
10,,,50439,,,,,,,,,,0.2681952118873596,,,,,,,,,
10,,,50459,,,,,,,,,,1.0429129600524902,,,,,,,,,
10,,,50479,,,,,,,,,,0.1923818588256836,,,,,,,,,
10,,,50499,,,,,,,,,,0.970531702041626,,,,,,,,,
10,,,50519,,,,,,,,,,1.3871755599975586,,,,,,,,,
10,,,50539,,,,,,,,,,1.3070290088653564,,,,,,,,,
10,,,50559,,,,,,,,,,2.499034881591797,,,,,,,,,
10,,,50579,,,,,,,,,,0.9159044623374939,,,,,,,,,
10,,,50599,,,,,,,,,,2.1984713077545166,,,,,,,,,
10,,,50619,,,,,,,,,,2.428783893585205,,,,,,,,,
10,,,50639,,,,,,,,,,0.195806622505188,,,,,,,,,
10,,,50659,,,,,,,,,,1.0431751012802124,,,,,,,,,
10,,,50679,,,,,,,,,,0.9827344417572021,,,,,,,,,
10,,,50699,,,,,,,,,,0.5667977929115295,,,,,,,,,
10,,,50719,,,,,,,,,,1.3646982908248901,,,,,,,,,
10,,,50739,,,,,,,,,,0.6084237694740295,,,,,,,,,
10,,,50759,,,,,,,,,,2.0489108562469482,,,,,,,,,
10,,,50779,,,,,,,,,,0.32693687081336975,,,,,,,,,
10,,,50799,,,,,,,,,,0.8328086733818054,,,,,,,,,
10,,,50819,,,,,,,,,,0.19160331785678864,,,,,,,,,
10,,,50839,,,,,,,,,,0.5821219086647034,,,,,,,,,
10,,,50859,,,,,,,,,,0.7992942333221436,,,,,,,,,
10,,,50879,,,,,,,,,,0.8209063410758972,,,,,,,,,
10,,,50899,,,,,,,,,,1.124498724937439,,,,,,,,,
10,,,50919,,,,,,,,,,0.21033437550067902,,,,,,,,,
10,,,50939,,,,,,,,,,0.8899264335632324,,,,,,,,,
10,,,50959,,,,,,,,,,1.1862691640853882,,,,,,,,,
10,,,50979,,,,,,,,,,0.5188090205192566,,,,,,,,,
10,,,50999,,,,,,,,,,1.6746153831481934,,,,,,,,,
10,,,51019,,,,,,,,,,1.0598033666610718,,,,,,,,,
10,,,51039,,,,,,,,,,2.238426923751831,,,,,,,,,
10,,,51059,,,,,,,,,,0.1785643994808197,,,,,,,,,
10,,,51079,,,,,,,,,,0.8477887511253357,,,,,,,,,
10,,,51099,,,,,,,,,,0.8630128502845764,,,,,,,,,
10,,,51119,,,,,,,,,,0.9489215016365051,,,,,,,,,
10,,,51139,,,,,,,,,,0.5356463193893433,,,,,,,,,
10,,,51159,,,,,,,,,,0.18637028336524963,,,,,,,,,
10,,,51179,,,,,,,,,,0.17907431721687317,,,,,,,,,
10,,,51199,,,,,,,,,,0.8283172845840454,,,,,,,,,
10,,,51219,,,,,,,,,,0.18156462907791138,,,,,,,,,
10,,,51239,,,,,,,,,,0.5853326916694641,,,,,,,,,
10,,,51259,,,,,,,,,,1.1299420595169067,,,,,,,,,
10,,,51279,,,,,,,,,,1.7761902809143066,,,,,,,,,
10,,,51299,,,,,,,,,,0.34263089299201965,,,,,,,,,
10,,,51319,,,,,,,,,,0.9430224895477295,,,,,,,,,
10,,,51339,,,,,,,,,,0.9595738053321838,,,,,,,,,
10,,,51359,,,,,,,,,,0.6060711145401001,,,,,,,,,
10,,,51379,,,,,,,,,,0.6384764909744263,,,,,,,,,
10,,,51399,,,,,,,,,,1.4520857334136963,,,,,,,,,
10,,,51419,,,,,,,,,,0.6101731657981873,,,,,,,,,
10,,,51439,,,,,,,,,,0.8705713152885437,,,,,,,,,
10,,,51459,,,,,,,,,,1.284058928489685,,,,,,,,,
10,,,51479,,,,,,,,,,0.2189314216375351,,,,,,,,,
10,,,51499,,,,,,,,,,1.5284631252288818,,,,,,,,,
10,,,51519,,,,,,,,,,2.2414777278900146,,,,,,,,,
10,,,51539,,,,,,,,,,3.3796393871307373,,,,,,,,,
10,,,51559,,,,,,,,,,0.17619067430496216,,,,,,,,,
10,,,51579,,,,,,,,,,2.7130227088928223,,,,,,,,,
10,,,51599,,,,,,,,,,1.0212688446044922,,,,,,,,,
10,,,51619,,,,,,,,,,1.12667977809906,,,,,,,,,
10,,,51639,,,,,,,,,,0.23991230130195618,,,,,,,,,
10,,,51659,,,,,,,,,,1.2401728630065918,,,,,,,,,
10,,,51679,,,,,,,,,,0.8054041266441345,,,,,,,,,
10,,,51699,,,,,,,,,,1.1411709785461426,,,,,,,,,
10,,,51719,,,,,,,,,,0.22124366462230682,,,,,,,,,
10,,,51739,,,,,,,,,,2.6681339740753174,,,,,,,,,
10,,,51759,,,,,,,,,,1.327677845954895,,,,,,,,,
10,,,51779,,,,,,,,,,0.23877713084220886,,,,,,,,,
10,,,51799,,,,,,,,,,0.20516113936901093,,,,,,,,,
10,,,51819,,,,,,,,,,0.5967969298362732,,,,,,,,,
10,,,51839,,,,,,,,,,1.4582525491714478,,,,,,,,,
10,,,51859,,,,,,,,,,0.19434088468551636,,,,,,,,,
10,,,51879,,,,,,,,,,0.3845815062522888,,,,,,,,,
10,,,51899,,,,,,,,,,1.0913770198822021,,,,,,,,,
10,,,51919,,,,,,,,,,1.422160029411316,,,,,,,,,
10,,,51939,,,,,,,,,,0.46304604411125183,,,,,,,,,
10,,,51959,,,,,,,,,,0.45968571305274963,,,,,,,,,
10,,,51979,,,,,,,,,,0.32338884472846985,,,,,,,,,
10,,,51999,,,,,,,,,,1.297370433807373,,,,,,,,,
10,,,52019,,,,,,,,,,0.34122520685195923,,,,,,,,,
10,,,52039,,,,,,,,,,1.049798607826233,,,,,,,,,
10,,,52059,,,,,,,,,,0.7234558463096619,,,,,,,,,
10,,,52079,,,,,,,,,,0.528553307056427,,,,,,,,,
10,,,52099,,,,,,,,,,1.2577497959136963,,,,,,,,,
10,,,52119,,,,,,,,,,0.528084933757782,,,,,,,,,
10,,,52139,,,,,,,,,,0.8597613573074341,,,,,,,,,
10,,,52159,,,,,,,,,,1.69625985622406,,,,,,,,,
10,,,52179,,,,,,,,,,0.9393728971481323,,,,,,,,,
10,,,52199,,,,,,,,,,1.8362948894500732,,,,,,,,,
10,,,52219,,,,,,,,,,0.6334052085876465,,,,,,,,,
10,,,52239,,,,,,,,,,1.364721655845642,,,,,,,,,
10,,,52259,,,,,,,,,,0.5815836191177368,,,,,,,,,
10,,,52279,,,,,,,,,,1.496917724609375,,,,,,,,,
10,,,52299,,,,,,,,,,0.5098337531089783,,,,,,,,,
10,,,52319,,,,,,,,,,0.17794254422187805,,,,,,,,,
10,,,52339,,,,,,,,,,0.9520553946495056,,,,,,,,,
10,,,52359,,,,,,,,,,2.349304437637329,,,,,,,,,
10,,,52379,,,,,,,,,,1.9690641164779663,,,,,,,,,
10,,,52399,,,,,,,,,,0.6261385679244995,,,,,,,,,
10,,,52419,,,,,,,,,,0.17870549857616425,,,,,,,,,
10,,,52439,,,,,,,,,,0.34472960233688354,,,,,,,,,
10,,,52459,,,,,,,,,,0.3677036762237549,,,,,,,,,
10,,,52479,,,,,,,,,,1.3464666604995728,,,,,,,,,
10,,,52499,,,,,,,,,,1.2267143726348877,,,,,,,,,
10,,,52502,,,,,,,,,,,0.6562154293060303,0.7078901529312134,0.6456722021102905,3.7917356491088867,0.6372805833816528,0.29288461804389954,0.34755033254623413,0.9270108938217163,0.6562154293060303
10,,,52502,,,,,,,,0.9706025123596191,0.9125873446464539,,,,,,,,,,
,0.0002935410503598313,0.0002935410503598313,52503,,,,,,,,,,,,,,,,,,,
11,,,52519,,,,,,,,,,1.6573351621627808,,,,,,,,,
11,,,52539,,,,,,,,,,0.5601255893707275,,,,,,,,,
11,,,52559,,,,,,,,,,0.8696206212043762,,,,,,,,,
11,,,52579,,,,,,,,,,0.18567201495170593,,,,,,,,,
11,,,52599,,,,,,,,,,2.827788829803467,,,,,,,,,
11,,,52619,,,,,,,,,,1.6689000129699707,,,,,,,,,
11,,,52639,,,,,,,,,,1.5835002660751343,,,,,,,,,
11,,,52659,,,,,,,,,,0.9462375044822693,,,,,,,,,
11,,,52679,,,,,,,,,,0.5346846580505371,,,,,,,,,
11,,,52699,,,,,,,,,,0.61765456199646,,,,,,,,,
11,,,52719,,,,,,,,,,1.5165538787841797,,,,,,,,,
11,,,52739,,,,,,,,,,0.3152010440826416,,,,,,,,,
11,,,52759,,,,,,,,,,1.2878079414367676,,,,,,,,,
11,,,52779,,,,,,,,,,1.0241788625717163,,,,,,,,,
11,,,52799,,,,,,,,,,2.2569448947906494,,,,,,,,,
11,,,52819,,,,,,,,,,0.1754121482372284,,,,,,,,,
11,,,52839,,,,,,,,,,0.3695288896560669,,,,,,,,,
11,,,52859,,,,,,,,,,2.115183115005493,,,,,,,,,
11,,,52879,,,,,,,,,,0.1924169957637787,,,,,,,,,
11,,,52899,,,,,,,,,,0.3175601661205292,,,,,,,,,
11,,,52919,,,,,,,,,,1.0572822093963623,,,,,,,,,
11,,,52939,,,,,,,,,,1.6521199941635132,,,,,,,,,
11,,,52959,,,,,,,,,,0.18642815947532654,,,,,,,,,
11,,,52979,,,,,,,,,,0.728216290473938,,,,,,,,,
11,,,52999,,,,,,,,,,1.8201886415481567,,,,,,,,,
11,,,53019,,,,,,,,,,0.45453715324401855,,,,,,,,,
11,,,53039,,,,,,,,,,0.1838771253824234,,,,,,,,,
11,,,53059,,,,,,,,,,0.7107417583465576,,,,,,,,,
11,,,53079,,,,,,,,,,2.8797411918640137,,,,,,,,,
11,,,53099,,,,,,,,,,0.17522954940795898,,,,,,,,,
11,,,53119,,,,,,,,,,1.1864607334136963,,,,,,,,,
11,,,53139,,,,,,,,,,2.5550315380096436,,,,,,,,,
11,,,53159,,,,,,,,,,0.7950839400291443,,,,,,,,,
11,,,53179,,,,,,,,,,1.6535946130752563,,,,,,,,,
11,,,53199,,,,,,,,,,1.3758517503738403,,,,,,,,,
11,,,53219,,,,,,,,,,0.1766585260629654,,,,,,,,,
11,,,53239,,,,,,,,,,0.17370110750198364,,,,,,,,,
11,,,53259,,,,,,,,,,0.5210963487625122,,,,,,,,,
11,,,53279,,,,,,,,,,1.0660221576690674,,,,,,,,,
11,,,53299,,,,,,,,,,3.237370491027832,,,,,,,,,
11,,,53319,,,,,,,,,,1.4292441606521606,,,,,,,,,
11,,,53339,,,,,,,,,,1.1042612791061401,,,,,,,,,
11,,,53359,,,,,,,,,,0.4664040803909302,,,,,,,,,
11,,,53379,,,,,,,,,,0.8700236678123474,,,,,,,,,
11,,,53399,,,,,,,,,,0.2933463156223297,,,,,,,,,
11,,,53419,,,,,,,,,,0.47690367698669434,,,,,,,,,
11,,,53439,,,,,,,,,,2.438688039779663,,,,,,,,,
11,,,53459,,,,,,,,,,1.334158182144165,,,,,,,,,
11,,,53479,,,,,,,,,,1.4704320430755615,,,,,,,,,
11,,,53499,,,,,,,,,,0.39725226163864136,,,,,,,,,
11,,,53519,,,,,,,,,,0.35686060786247253,,,,,,,,,
11,,,53539,,,,,,,,,,0.7589454650878906,,,,,,,,,
11,,,53559,,,,,,,,,,0.5738608837127686,,,,,,,,,
11,,,53579,,,,,,,,,,1.0016554594039917,,,,,,,,,
11,,,53599,,,,,,,,,,2.1709821224212646,,,,,,,,,
11,,,53619,,,,,,,,,,0.5758983492851257,,,,,,,,,
11,,,53639,,,,,,,,,,0.5374908447265625,,,,,,,,,
11,,,53659,,,,,,,,,,0.4835052490234375,,,,,,,,,
11,,,53679,,,,,,,,,,0.6656795144081116,,,,,,,,,
11,,,53699,,,,,,,,,,0.9243550896644592,,,,,,,,,
11,,,53719,,,,,,,,,,0.5809771418571472,,,,,,,,,
11,,,53739,,,,,,,,,,0.5822231769561768,,,,,,,,,
11,,,53759,,,,,,,,,,1.9718499183654785,,,,,,,,,
11,,,53779,,,,,,,,,,1.5321056842803955,,,,,,,,,
11,,,53799,,,,,,,,,,1.0801202058792114,,,,,,,,,
11,,,53819,,,,,,,,,,0.21909481287002563,,,,,,,,,
11,,,53839,,,,,,,,,,0.18412816524505615,,,,,,,,,
11,,,53859,,,,,,,,,,0.5303459167480469,,,,,,,,,
11,,,53879,,,,,,,,,,1.0767154693603516,,,,,,,,,
11,,,53899,,,,,,,,,,1.7881650924682617,,,,,,,,,
11,,,53919,,,,,,,,,,0.8820645213127136,,,,,,,,,
11,,,53939,,,,,,,,,,0.6079599261283875,,,,,,,,,
11,,,53959,,,,,,,,,,0.5475571155548096,,,,,,,,,
11,,,53979,,,,,,,,,,0.20521856844425201,,,,,,,,,
11,,,53999,,,,,,,,,,0.5833076238632202,,,,,,,,,
11,,,54019,,,,,,,,,,1.5222508907318115,,,,,,,,,
11,,,54039,,,,,,,,,,1.9970272779464722,,,,,,,,,
11,,,54059,,,,,,,,,,1.0293831825256348,,,,,,,,,
11,,,54079,,,,,,,,,,0.8250563740730286,,,,,,,,,
11,,,54099,,,,,,,,,,0.1818884164094925,,,,,,,,,
11,,,54119,,,,,,,,,,0.8890177607536316,,,,,,,,,
11,,,54139,,,,,,,,,,0.23072773218154907,,,,,,,,,
11,,,54159,,,,,,,,,,2.5278751850128174,,,,,,,,,
11,,,54179,,,,,,,,,,0.2716565430164337,,,,,,,,,
11,,,54199,,,,,,,,,,1.0746980905532837,,,,,,,,,
11,,,54219,,,,,,,,,,0.6793412566184998,,,,,,,,,
11,,,54239,,,,,,,,,,0.5923504829406738,,,,,,,,,
11,,,54259,,,,,,,,,,0.710439920425415,,,,,,,,,
11,,,54279,,,,,,,,,,0.5063887238502502,,,,,,,,,
11,,,54299,,,,,,,,,,0.2566457688808441,,,,,,,,,
11,,,54319,,,,,,,,,,0.764677882194519,,,,,,,,,
11,,,54339,,,,,,,,,,0.6249756217002869,,,,,,,,,
11,,,54359,,,,,,,,,,1.7684683799743652,,,,,,,,,
11,,,54379,,,,,,,,,,2.1455037593841553,,,,,,,,,
11,,,54399,,,,,,,,,,0.5557645559310913,,,,,,,,,
11,,,54419,,,,,,,,,,2.4257218837738037,,,,,,,,,
11,,,54439,,,,,,,,,,1.3933308124542236,,,,,,,,,
11,,,54459,,,,,,,,,,0.8637104034423828,,,,,,,,,
11,,,54479,,,,,,,,,,0.9462563395500183,,,,,,,,,
11,,,54499,,,,,,,,,,0.5473204851150513,,,,,,,,,
11,,,54519,,,,,,,,,,0.18335813283920288,,,,,,,,,
11,,,54539,,,,,,,,,,0.6593301892280579,,,,,,,,,
11,,,54559,,,,,,,,,,0.1832488477230072,,,,,,,,,
11,,,54579,,,,,,,,,,3.3007216453552246,,,,,,,,,
11,,,54599,,,,,,,,,,1.152451515197754,,,,,,,,,
11,,,54619,,,,,,,,,,0.44959548115730286,,,,,,,,,
11,,,54639,,,,,,,,,,0.7115518450737,,,,,,,,,
11,,,54659,,,,,,,,,,0.1900523602962494,,,,,,,,,
11,,,54679,,,,,,,,,,0.7572516798973083,,,,,,,,,
11,,,54699,,,,,,,,,,1.6978813409805298,,,,,,,,,
11,,,54719,,,,,,,,,,0.9601543545722961,,,,,,,,,
11,,,54739,,,,,,,,,,1.307579517364502,,,,,,,,,
11,,,54759,,,,,,,,,,0.5856717824935913,,,,,,,,,
11,,,54779,,,,,,,,,,0.7000593543052673,,,,,,,,,
11,,,54799,,,,,,,,,,0.2115849107503891,,,,,,,,,
11,,,54819,,,,,,,,,,0.39307087659835815,,,,,,,,,
11,,,54839,,,,,,,,,,0.9912997484207153,,,,,,,,,
11,,,54859,,,,,,,,,,0.8761831521987915,,,,,,,,,
11,,,54879,,,,,,,,,,0.6050657033920288,,,,,,,,,
11,,,54899,,,,,,,,,,1.380052089691162,,,,,,,,,
11,,,54919,,,,,,,,,,0.5523742437362671,,,,,,,,,
11,,,54939,,,,,,,,,,2.094780921936035,,,,,,,,,
11,,,54959,,,,,,,,,,0.22906652092933655,,,,,,,,,
11,,,54979,,,,,,,,,,0.9893218874931335,,,,,,,,,
11,,,54999,,,,,,,,,,0.1813170313835144,,,,,,,,,
11,,,55019,,,,,,,,,,0.2208232581615448,,,,,,,,,
11,,,55039,,,,,,,,,,0.733479917049408,,,,,,,,,
11,,,55059,,,,,,,,,,0.1775646209716797,,,,,,,,,
11,,,55079,,,,,,,,,,1.3893476724624634,,,,,,,,,
11,,,55099,,,,,,,,,,1.0565235614776611,,,,,,,,,
11,,,55119,,,,,,,,,,0.6278335452079773,,,,,,,,,
11,,,55139,,,,,,,,,,0.7032021284103394,,,,,,,,,
11,,,55159,,,,,,,,,,0.17866569757461548,,,,,,,,,
11,,,55179,,,,,,,,,,0.5892590284347534,,,,,,,,,
11,,,55199,,,,,,,,,,0.8127705454826355,,,,,,,,,
11,,,55219,,,,,,,,,,0.9200839400291443,,,,,,,,,
11,,,55239,,,,,,,,,,0.9865429401397705,,,,,,,,,
11,,,55259,,,,,,,,,,0.2001352608203888,,,,,,,,,
11,,,55279,,,,,,,,,,0.5801126956939697,,,,,,,,,
11,,,55299,,,,,,,,,,0.8133829832077026,,,,,,,,,
11,,,55319,,,,,,,,,,0.6276119351387024,,,,,,,,,
11,,,55339,,,,,,,,,,0.6444124579429626,,,,,,,,,
11,,,55359,,,,,,,,,,0.5497579574584961,,,,,,,,,
11,,,55379,,,,,,,,,,0.7566309571266174,,,,,,,,,
11,,,55399,,,,,,,,,,1.761448860168457,,,,,,,,,
11,,,55419,,,,,,,,,,0.34880074858665466,,,,,,,,,
11,,,55439,,,,,,,,,,0.7760988473892212,,,,,,,,,
11,,,55459,,,,,,,,,,0.5249612331390381,,,,,,,,,
11,,,55479,,,,,,,,,,0.19586116075515747,,,,,,,,,
11,,,55499,,,,,,,,,,0.6158511638641357,,,,,,,,,
11,,,55519,,,,,,,,,,1.019194483757019,,,,,,,,,
11,,,55539,,,,,,,,,,1.1836402416229248,,,,,,,,,
11,,,55559,,,,,,,,,,0.22314082086086273,,,,,,,,,
11,,,55579,,,,,,,,,,0.9500406980514526,,,,,,,,,
11,,,55599,,,,,,,,,,0.21696598827838898,,,,,,,,,
11,,,55619,,,,,,,,,,1.341646432876587,,,,,,,,,
11,,,55639,,,,,,,,,,0.38990405201911926,,,,,,,,,
11,,,55659,,,,,,,,,,0.2660207152366638,,,,,,,,,
11,,,55679,,,,,,,,,,1.1556599140167236,,,,,,,,,
11,,,55699,,,,,,,,,,1.5340079069137573,,,,,,,,,
11,,,55719,,,,,,,,,,0.9987315535545349,,,,,,,,,
11,,,55739,,,,,,,,,,2.6628804206848145,,,,,,,,,
11,,,55759,,,,,,,,,,1.6619733572006226,,,,,,,,,
11,,,55779,,,,,,,,,,0.9811413288116455,,,,,,,,,
11,,,55799,,,,,,,,,,1.1679456233978271,,,,,,,,,
11,,,55819,,,,,,,,,,0.1808779239654541,,,,,,,,,
11,,,55839,,,,,,,,,,0.1820719838142395,,,,,,,,,
11,,,55859,,,,,,,,,,0.6060502529144287,,,,,,,,,
11,,,55879,,,,,,,,,,1.1508504152297974,,,,,,,,,
11,,,55899,,,,,,,,,,0.9317570328712463,,,,,,,,,
11,,,55919,,,,,,,,,,0.583573043346405,,,,,,,,,
11,,,55939,,,,,,,,,,0.18184129893779755,,,,,,,,,
11,,,55959,,,,,,,,,,0.19957640767097473,,,,,,,,,
11,,,55979,,,,,,,,,,1.3661770820617676,,,,,,,,,
11,,,55999,,,,,,,,,,0.17649686336517334,,,,,,,,,
11,,,56019,,,,,,,,,,1.468590259552002,,,,,,,,,
11,,,56039,,,,,,,,,,0.4423714876174927,,,,,,,,,
11,,,56059,,,,,,,,,,0.6127819418907166,,,,,,,,,
11,,,56079,,,,,,,,,,0.5528178811073303,,,,,,,,,
11,,,56099,,,,,,,,,,0.6653899550437927,,,,,,,,,
11,,,56119,,,,,,,,,,0.62200927734375,,,,,,,,,
11,,,56139,,,,,,,,,,0.554888129234314,,,,,,,,,
11,,,56159,,,,,,,,,,0.7499896883964539,,,,,,,,,
11,,,56179,,,,,,,,,,0.5801768898963928,,,,,,,,,
11,,,56199,,,,,,,,,,0.5232158899307251,,,,,,,,,
11,,,56219,,,,,,,,,,0.6768634915351868,,,,,,,,,
11,,,56239,,,,,,,,,,0.21797975897789001,,,,,,,,,
11,,,56259,,,,,,,,,,0.17600588500499725,,,,,,,,,
11,,,56279,,,,,,,,,,0.22108328342437744,,,,,,,,,
11,,,56299,,,,,,,,,,0.19179673492908478,,,,,,,,,
11,,,56319,,,,,,,,,,0.331454336643219,,,,,,,,,
11,,,56339,,,,,,,,,,0.5537204146385193,,,,,,,,,
11,,,56359,,,,,,,,,,0.27978646755218506,,,,,,,,,
11,,,56379,,,,,,,,,,0.7052504420280457,,,,,,,,,
11,,,56399,,,,,,,,,,0.49566149711608887,,,,,,,,,
11,,,56419,,,,,,,,,,0.23216181993484497,,,,,,,,,
11,,,56439,,,,,,,,,,1.1474345922470093,,,,,,,,,
11,,,56459,,,,,,,,,,0.728574812412262,,,,,,,,,
11,,,56479,,,,,,,,,,0.3109799027442932,,,,,,,,,
11,,,56499,,,,,,,,,,0.5893532633781433,,,,,,,,,
11,,,56519,,,,,,,,,,1.390716791152954,,,,,,,,,
11,,,56539,,,,,,,,,,0.5118827223777771,,,,,,,,,
11,,,56559,,,,,,,,,,2.0465121269226074,,,,,,,,,
11,,,56579,,,,,,,,,,0.22233061492443085,,,,,,,,,
11,,,56599,,,,,,,,,,0.5852058529853821,,,,,,,,,
11,,,56619,,,,,,,,,,0.759086549282074,,,,,,,,,
11,,,56639,,,,,,,,,,0.3795997202396393,,,,,,,,,
11,,,56659,,,,,,,,,,2.3968143463134766,,,,,,,,,
11,,,56679,,,,,,,,,,0.4236343204975128,,,,,,,,,
11,,,56699,,,,,,,,,,0.20924921333789825,,,,,,,,,
11,,,56719,,,,,,,,,,1.3138986825942993,,,,,,,,,
11,,,56739,,,,,,,,,,0.43501392006874084,,,,,,,,,
11,,,56759,,,,,,,,,,0.5622836351394653,,,,,,,,,
11,,,56779,,,,,,,,,,0.17406029999256134,,,,,,,,,
11,,,56799,,,,,,,,,,0.32336902618408203,,,,,,,,,
11,,,56819,,,,,,,,,,0.5928953886032104,,,,,,,,,
11,,,56839,,,,,,,,,,0.8739185333251953,,,,,,,,,
11,,,56859,,,,,,,,,,0.7937583327293396,,,,,,,,,
11,,,56879,,,,,,,,,,0.9671177268028259,,,,,,,,,
11,,,56899,,,,,,,,,,0.9497351050376892,,,,,,,,,
11,,,56919,,,,,,,,,,0.1838429868221283,,,,,,,,,
11,,,56939,,,,,,,,,,0.17199651896953583,,,,,,,,,
11,,,56959,,,,,,,,,,0.18896161019802094,,,,,,,,,
11,,,56979,,,,,,,,,,0.5819398760795593,,,,,,,,,
11,,,56999,,,,,,,,,,0.20414553582668304,,,,,,,,,
11,,,57019,,,,,,,,,,0.3345112204551697,,,,,,,,,
11,,,57039,,,,,,,,,,1.0600084066390991,,,,,,,,,
11,,,57059,,,,,,,,,,1.0220011472702026,,,,,,,,,
11,,,57079,,,,,,,,,,1.3771625757217407,,,,,,,,,
11,,,57099,,,,,,,,,,0.2687237560749054,,,,,,,,,
11,,,57119,,,,,,,,,,0.17860817909240723,,,,,,,,,
11,,,57139,,,,,,,,,,0.6979092359542847,,,,,,,,,
11,,,57159,,,,,,,,,,1.5766563415527344,,,,,,,,,
11,,,57179,,,,,,,,,,1.7637567520141602,,,,,,,,,
11,,,57199,,,,,,,,,,0.19910892844200134,,,,,,,,,
11,,,57219,,,,,,,,,,0.18608224391937256,,,,,,,,,
11,,,57239,,,,,,,,,,0.20867815613746643,,,,,,,,,
11,,,57259,,,,,,,,,,0.6498600244522095,,,,,,,,,
11,,,57275,,,,,,,,,,,0.6855641007423401,0.8011363744735718,0.684115469455719,3.1329283714294434,0.6827020645141602,0.368255078792572,0.43267667293548584,0.9327273964881897,0.6855641007423401
11,,,57275,,,,,,,,0.9729956388473511,0.8534797430038452,,,,,,,,,,
,0.000288581929876693,0.000288581929876693,57276,,,,,,,,,,,,,,,,,,,
12,,,57279,,,,,,,,,,2.3228600025177,,,,,,,,,
12,,,57299,,,,,,,,,,1.0464138984680176,,,,,,,,,
12,,,57319,,,,,,,,,,0.9747011065483093,,,,,,,,,
12,,,57339,,,,,,,,,,0.7650123834609985,,,,,,,,,
12,,,57359,,,,,,,,,,0.5876133441925049,,,,,,,,,
12,,,57379,,,,,,,,,,1.7102466821670532,,,,,,,,,
12,,,57399,,,,,,,,,,0.9335915446281433,,,,,,,,,
12,,,57419,,,,,,,,,,0.3817402720451355,,,,,,,,,
12,,,57439,,,,,,,,,,1.1391100883483887,,,,,,,,,
12,,,57459,,,,,,,,,,1.6071938276290894,,,,,,,,,
12,,,57479,,,,,,,,,,1.104056715965271,,,,,,,,,
12,,,57499,,,,,,,,,,0.2809993028640747,,,,,,,,,
12,,,57519,,,,,,,,,,0.575644314289093,,,,,,,,,
12,,,57539,,,,,,,,,,1.350735068321228,,,,,,,,,
12,,,57559,,,,,,,,,,1.4133696556091309,,,,,,,,,
12,,,57579,,,,,,,,,,0.4205285608768463,,,,,,,,,
12,,,57599,,,,,,,,,,0.649376630783081,,,,,,,,,
12,,,57619,,,,,,,,,,2.173560619354248,,,,,,,,,
12,,,57639,,,,,,,,,,0.22903640568256378,,,,,,,,,
12,,,57659,,,,,,,,,,0.18142849206924438,,,,,,,,,
12,,,57679,,,,,,,,,,2.769099473953247,,,,,,,,,
12,,,57699,,,,,,,,,,1.4281129837036133,,,,,,,,,
12,,,57719,,,,,,,,,,0.18744802474975586,,,,,,,,,
12,,,57739,,,,,,,,,,0.6398111581802368,,,,,,,,,
12,,,57759,,,,,,,,,,2.1871988773345947,,,,,,,,,
12,,,57779,,,,,,,,,,1.1701453924179077,,,,,,,,,
12,,,57799,,,,,,,,,,0.18741607666015625,,,,,,,,,
12,,,57819,,,,,,,,,,0.31681230664253235,,,,,,,,,
12,,,57839,,,,,,,,,,0.7252596616744995,,,,,,,,,
12,,,57859,,,,,,,,,,1.1597559452056885,,,,,,,,,
12,,,57879,,,,,,,,,,0.3642476499080658,,,,,,,,,
12,,,57899,,,,,,,,,,0.7253572940826416,,,,,,,,,
12,,,57919,,,,,,,,,,0.6849649548530579,,,,,,,,,
12,,,57939,,,,,,,,,,0.1800861358642578,,,,,,,,,
12,,,57959,,,,,,,,,,0.20461654663085938,,,,,,,,,
12,,,57979,,,,,,,,,,0.972825288772583,,,,,,,,,
12,,,57999,,,,,,,,,,2.939168930053711,,,,,,,,,
12,,,58019,,,,,,,,,,0.2075246274471283,,,,,,,,,
12,,,58039,,,,,,,,,,0.9961861968040466,,,,,,,,,
12,,,58059,,,,,,,,,,2.5599451065063477,,,,,,,,,
12,,,58079,,,,,,,,,,3.0009336471557617,,,,,,,,,
12,,,58099,,,,,,,,,,0.1746831089258194,,,,,,,,,
12,,,58119,,,,,,,,,,0.6573183536529541,,,,,,,,,
12,,,58139,,,,,,,,,,0.1854807436466217,,,,,,,,,
12,,,58159,,,,,,,,,,1.7047975063323975,,,,,,,,,
12,,,58179,,,,,,,,,,0.5844228863716125,,,,,,,,,
12,,,58199,,,,,,,,,,0.5344417095184326,,,,,,,,,
12,,,58219,,,,,,,,,,1.767141342163086,,,,,,,,,
12,,,58239,,,,,,,,,,0.905166745185852,,,,,,,,,
12,,,58259,,,,,,,,,,0.8076536059379578,,,,,,,,,
12,,,58279,,,,,,,,,,1.2853184938430786,,,,,,,,,
12,,,58299,,,,,,,,,,0.7463958859443665,,,,,,,,,
12,,,58319,,,,,,,,,,1.016227126121521,,,,,,,,,
12,,,58339,,,,,,,,,,0.8250088691711426,,,,,,,,,
12,,,58359,,,,,,,,,,0.2573848366737366,,,,,,,,,
12,,,58379,,,,,,,,,,3.0106201171875,,,,,,,,,
12,,,58399,,,,,,,,,,0.1835593581199646,,,,,,,,,
12,,,58419,,,,,,,,,,0.7742993235588074,,,,,,,,,
12,,,58439,,,,,,,,,,0.5413564443588257,,,,,,,,,
12,,,58459,,,,,,,,,,0.9848657846450806,,,,,,,,,
12,,,58479,,,,,,,,,,0.17373502254486084,,,,,,,,,
12,,,58499,,,,,,,,,,0.9655150175094604,,,,,,,,,
12,,,58519,,,,,,,,,,0.1998777687549591,,,,,,,,,
12,,,58539,,,,,,,,,,0.1963379979133606,,,,,,,,,
12,,,58559,,,,,,,,,,0.953688383102417,,,,,,,,,
12,,,58579,,,,,,,,,,0.968862771987915,,,,,,,,,
12,,,58599,,,,,,,,,,1.282525658607483,,,,,,,,,
12,,,58619,,,,,,,,,,0.9898444414138794,,,,,,,,,
12,,,58639,,,,,,,,,,0.9370025992393494,,,,,,,,,
12,,,58659,,,,,,,,,,0.9913612008094788,,,,,,,,,
12,,,58679,,,,,,,,,,0.7963643074035645,,,,,,,,,
12,,,58699,,,,,,,,,,0.46614885330200195,,,,,,,,,
12,,,58719,,,,,,,,,,0.5815841555595398,,,,,,,,,
12,,,58739,,,,,,,,,,0.7640535831451416,,,,,,,,,
12,,,58759,,,,,,,,,,0.1741681694984436,,,,,,,,,
12,,,58779,,,,,,,,,,0.5805898308753967,,,,,,,,,
12,,,58799,,,,,,,,,,0.30242636799812317,,,,,,,,,
12,,,58819,,,,,,,,,,0.33362826704978943,,,,,,,,,
12,,,58839,,,,,,,,,,0.22960111498832703,,,,,,,,,
12,,,58859,,,,,,,,,,0.6513898968696594,,,,,,,,,
12,,,58879,,,,,,,,,,0.7058699727058411,,,,,,,,,
12,,,58899,,,,,,,,,,1.4011991024017334,,,,,,,,,
12,,,58919,,,,,,,,,,1.3358492851257324,,,,,,,,,
12,,,58939,,,,,,,,,,0.9735260605812073,,,,,,,,,
12,,,58959,,,,,,,,,,0.5956906080245972,,,,,,,,,
12,,,58979,,,,,,,,,,1.0131422281265259,,,,,,,,,
12,,,58999,,,,,,,,,,0.6690641045570374,,,,,,,,,
12,,,59019,,,,,,,,,,0.5702514052391052,,,,,,,,,
12,,,59039,,,,,,,,,,0.19434967637062073,,,,,,,,,
12,,,59059,,,,,,,,,,0.17685115337371826,,,,,,,,,
12,,,59079,,,,,,,,,,0.20876158773899078,,,,,,,,,
12,,,59099,,,,,,,,,,0.8471413850784302,,,,,,,,,
12,,,59119,,,,,,,,,,0.17882150411605835,,,,,,,,,
12,,,59139,,,,,,,,,,0.20475782454013824,,,,,,,,,
12,,,59159,,,,,,,,,,1.016638994216919,,,,,,,,,
12,,,59179,,,,,,,,,,0.9893807768821716,,,,,,,,,
12,,,59199,,,,,,,,,,1.1801209449768066,,,,,,,,,
12,,,59219,,,,,,,,,,0.45143458247184753,,,,,,,,,
12,,,59239,,,,,,,,,,0.7894899845123291,,,,,,,,,
12,,,59259,,,,,,,,,,0.8520448803901672,,,,,,,,,
12,,,59279,,,,,,,,,,1.282827615737915,,,,,,,,,
12,,,59299,,,,,,,,,,0.2507064640522003,,,,,,,,,
12,,,59319,,,,,,,,,,0.1792144924402237,,,,,,,,,
12,,,59339,,,,,,,,,,2.6808695793151855,,,,,,,,,
12,,,59359,,,,,,,,,,4.566333770751953,,,,,,,,,
12,,,59379,,,,,,,,,,1.4678324460983276,,,,,,,,,
12,,,59399,,,,,,,,,,0.6000984311103821,,,,,,,,,
12,,,59419,,,,,,,,,,0.31922346353530884,,,,,,,,,
12,,,59439,,,,,,,,,,0.9342031478881836,,,,,,,,,
12,,,59459,,,,,,,,,,0.8883933424949646,,,,,,,,,
12,,,59479,,,,,,,,,,0.558487057685852,,,,,,,,,
12,,,59499,,,,,,,,,,0.21112118661403656,,,,,,,,,
12,,,59519,,,,,,,,,,0.9413392543792725,,,,,,,,,
12,,,59539,,,,,,,,,,0.18057742714881897,,,,,,,,,
12,,,59559,,,,,,,,,,0.18556950986385345,,,,,,,,,
12,,,59579,,,,,,,,,,1.1285181045532227,,,,,,,,,
12,,,59599,,,,,,,,,,0.17809617519378662,,,,,,,,,
12,,,59619,,,,,,,,,,1.0333608388900757,,,,,,,,,
12,,,59639,,,,,,,,,,0.3462732434272766,,,,,,,,,
12,,,59659,,,,,,,,,,0.8198025822639465,,,,,,,,,
12,,,59679,,,,,,,,,,0.5158798694610596,,,,,,,,,
12,,,59699,,,,,,,,,,2.1148712635040283,,,,,,,,,
12,,,59719,,,,,,,,,,0.18099689483642578,,,,,,,,,
12,,,59739,,,,,,,,,,0.9815357327461243,,,,,,,,,
12,,,59759,,,,,,,,,,0.1750287562608719,,,,,,,,,
12,,,59779,,,,,,,,,,0.17870131134986877,,,,,,,,,
12,,,59799,,,,,,,,,,0.7352427840232849,,,,,,,,,
12,,,59819,,,,,,,,,,0.2516627013683319,,,,,,,,,
12,,,59839,,,,,,,,,,0.5951996445655823,,,,,,,,,
12,,,59859,,,,,,,,,,0.5736277103424072,,,,,,,,,
12,,,59879,,,,,,,,,,1.3912081718444824,,,,,,,,,
12,,,59899,,,,,,,,,,0.23405370116233826,,,,,,,,,
12,,,59919,,,,,,,,,,0.24141141772270203,,,,,,,,,
12,,,59939,,,,,,,,,,0.6180955767631531,,,,,,,,,
12,,,59959,,,,,,,,,,0.5590934753417969,,,,,,,,,
12,,,59979,,,,,,,,,,1.4467283487319946,,,,,,,,,
12,,,59999,,,,,,,,,,0.49348652362823486,,,,,,,,,
12,,,60019,,,,,,,,,,1.6479449272155762,,,,,,,,,
12,,,60039,,,,,,,,,,0.18920393288135529,,,,,,,,,
12,,,60059,,,,,,,,,,1.1217424869537354,,,,,,,,,
12,,,60079,,,,,,,,,,0.21200041472911835,,,,,,,,,
12,,,60099,,,,,,,,,,0.19517771899700165,,,,,,,,,
12,,,60119,,,,,,,,,,0.21275219321250916,,,,,,,,,
12,,,60139,,,,,,,,,,1.7434375286102295,,,,,,,,,
12,,,60159,,,,,,,,,,0.41521114110946655,,,,,,,,,
12,,,60179,,,,,,,,,,0.5120492577552795,,,,,,,,,
12,,,60199,,,,,,,,,,0.9830480813980103,,,,,,,,,
12,,,60219,,,,,,,,,,0.19199055433273315,,,,,,,,,
12,,,60239,,,,,,,,,,0.5177793502807617,,,,,,,,,
12,,,60259,,,,,,,,,,0.8846817016601562,,,,,,,,,
12,,,60279,,,,,,,,,,0.7877836227416992,,,,,,,,,
12,,,60299,,,,,,,,,,1.1943120956420898,,,,,,,,,
12,,,60319,,,,,,,,,,0.4737756848335266,,,,,,,,,
12,,,60339,,,,,,,,,,0.5735478401184082,,,,,,,,,
12,,,60359,,,,,,,,,,0.9670596718788147,,,,,,,,,
12,,,60379,,,,,,,,,,1.0523289442062378,,,,,,,,,
12,,,60399,,,,,,,,,,0.24129198491573334,,,,,,,,,
12,,,60419,,,,,,,,,,0.5712774395942688,,,,,,,,,
12,,,60439,,,,,,,,,,0.18661242723464966,,,,,,,,,
12,,,60459,,,,,,,,,,0.1763104945421219,,,,,,,,,
12,,,60479,,,,,,,,,,1.3587546348571777,,,,,,,,,
12,,,60499,,,,,,,,,,1.1608302593231201,,,,,,,,,
12,,,60519,,,,,,,,,,1.8403968811035156,,,,,,,,,
12,,,60539,,,,,,,,,,0.6773980259895325,,,,,,,,,
12,,,60559,,,,,,,,,,0.24826101958751678,,,,,,,,,
12,,,60579,,,,,,,,,,0.5697923302650452,,,,,,,,,
12,,,60599,,,,,,,,,,0.5679357051849365,,,,,,,,,
12,,,60619,,,,,,,,,,0.5333619713783264,,,,,,,,,
12,,,60639,,,,,,,,,,1.2972618341445923,,,,,,,,,
12,,,60659,,,,,,,,,,1.321826696395874,,,,,,,,,
12,,,60679,,,,,,,,,,0.5957719683647156,,,,,,,,,
12,,,60699,,,,,,,,,,0.9134265780448914,,,,,,,,,
12,,,60719,,,,,,,,,,1.247802972793579,,,,,,,,,
12,,,60739,,,,,,,,,,1.2359185218811035,,,,,,,,,
12,,,60759,,,,,,,,,,0.20570024847984314,,,,,,,,,
12,,,60779,,,,,,,,,,0.17269080877304077,,,,,,,,,
12,,,60799,,,,,,,,,,1.2204042673110962,,,,,,,,,
12,,,60819,,,,,,,,,,0.31136542558670044,,,,,,,,,
12,,,60839,,,,,,,,,,0.45519328117370605,,,,,,,,,
12,,,60859,,,,,,,,,,1.3916475772857666,,,,,,,,,
12,,,60879,,,,,,,,,,0.5659063458442688,,,,,,,,,
12,,,60899,,,,,,,,,,0.6601598858833313,,,,,,,,,
12,,,60919,,,,,,,,,,1.4382100105285645,,,,,,,,,
12,,,60939,,,,,,,,,,0.2531646490097046,,,,,,,,,
12,,,60959,,,,,,,,,,1.5473672151565552,,,,,,,,,
12,,,60979,,,,,,,,,,0.7442615032196045,,,,,,,,,
12,,,60999,,,,,,,,,,0.9564669728279114,,,,,,,,,
12,,,61019,,,,,,,,,,1.1236027479171753,,,,,,,,,
12,,,61039,,,,,,,,,,0.5730969905853271,,,,,,,,,
12,,,61059,,,,,,,,,,0.17419739067554474,,,,,,,,,
12,,,61079,,,,,,,,,,0.6368193626403809,,,,,,,,,
12,,,61099,,,,,,,,,,0.19580918550491333,,,,,,,,,
12,,,61119,,,,,,,,,,1.6855664253234863,,,,,,,,,
12,,,61139,,,,,,,,,,0.6274772882461548,,,,,,,,,
12,,,61159,,,,,,,,,,0.6984685659408569,,,,,,,,,
12,,,61179,,,,,,,,,,0.8501089215278625,,,,,,,,,
12,,,61199,,,,,,,,,,0.9613013863563538,,,,,,,,,
12,,,61219,,,,,,,,,,0.19076304137706757,,,,,,,,,
12,,,61239,,,,,,,,,,0.9291388988494873,,,,,,,,,
12,,,61259,,,,,,,,,,0.6046352982521057,,,,,,,,,
12,,,61279,,,,,,,,,,0.566668689250946,,,,,,,,,
12,,,61299,,,,,,,,,,0.5703262686729431,,,,,,,,,
12,,,61319,,,,,,,,,,0.32945287227630615,,,,,,,,,
12,,,61339,,,,,,,,,,0.1830473244190216,,,,,,,,,
12,,,61359,,,,,,,,,,1.2987452745437622,,,,,,,,,
12,,,61379,,,,,,,,,,1.6068507432937622,,,,,,,,,
12,,,61399,,,,,,,,,,0.5895179510116577,,,,,,,,,
12,,,61419,,,,,,,,,,3.180424690246582,,,,,,,,,
12,,,61439,,,,,,,,,,0.17555849254131317,,,,,,,,,
12,,,61459,,,,,,,,,,1.1885100603103638,,,,,,,,,
12,,,61479,,,,,,,,,,0.5411502122879028,,,,,,,,,
12,,,61499,,,,,,,,,,1.32948637008667,,,,,,,,,
12,,,61519,,,,,,,,,,0.6037279367446899,,,,,,,,,
12,,,61539,,,,,,,,,,0.8982621431350708,,,,,,,,,
12,,,61559,,,,,,,,,,0.17145666480064392,,,,,,,,,
12,,,61579,,,,,,,,,,0.7327730059623718,,,,,,,,,
12,,,61599,,,,,,,,,,0.18209968507289886,,,,,,,,,
12,,,61619,,,,,,,,,,0.8502821922302246,,,,,,,,,
12,,,61639,,,,,,,,,,1.291754961013794,,,,,,,,,
12,,,61659,,,,,,,,,,0.1839296519756317,,,,,,,,,
12,,,61679,,,,,,,,,,0.3140682876110077,,,,,,,,,
12,,,61699,,,,,,,,,,0.20891085267066956,,,,,,,,,
12,,,61719,,,,,,,,,,0.8489276170730591,,,,,,,,,
12,,,61739,,,,,,,,,,0.6378453969955444,,,,,,,,,
12,,,61759,,,,,,,,,,0.20613226294517517,,,,,,,,,
12,,,61779,,,,,,,,,,0.458688348531723,,,,,,,,,
12,,,61799,,,,,,,,,,0.9394424557685852,,,,,,,,,
12,,,61819,,,,,,,,,,0.932174563407898,,,,,,,,,
12,,,61839,,,,,,,,,,2.216458797454834,,,,,,,,,
12,,,61859,,,,,,,,,,1.3447399139404297,,,,,,,,,
12,,,61879,,,,,,,,,,0.9503129124641418,,,,,,,,,
12,,,61899,,,,,,,,,,0.5753950476646423,,,,,,,,,
12,,,61919,,,,,,,,,,0.18392938375473022,,,,,,,,,
12,,,61939,,,,,,,,,,0.580675482749939,,,,,,,,,
12,,,61959,,,,,,,,,,0.17659789323806763,,,,,,,,,
12,,,61979,,,,,,,,,,0.17645195126533508,,,,,,,,,
12,,,61999,,,,,,,,,,1.8006818294525146,,,,,,,,,
12,,,62019,,,,,,,,,,0.3575786352157593,,,,,,,,,
12,,,62039,,,,,,,,,,0.18384742736816406,,,,,,,,,
12,,,62048,,,,,,,,,,,0.7124068737030029,0.7554839849472046,0.6917642951011658,3.366868257522583,0.6765652894973755,0.38731738924980164,0.4133986830711365,0.9397319555282593,0.7124068737030029
12,,,62048,,,,,,,,0.9741743803024292,0.8199377059936523,,,,,,,,,,
,0.0002822881896522532,0.0002822881896522532,62049,,,,,,,,,,,,,,,,,,,
13,,,62059,,,,,,,,,,0.19063401222229004,,,,,,,,,
13,,,62079,,,,,,,,,,0.3767088055610657,,,,,,,,,
13,,,62099,,,,,,,,,,0.8996157646179199,,,,,,,,,
13,,,62119,,,,,,,,,,0.2825356721878052,,,,,,,,,
13,,,62139,,,,,,,,,,0.2596944272518158,,,,,,,,,
13,,,62159,,,,,,,,,,0.1774534285068512,,,,,,,,,
13,,,62179,,,,,,,,,,0.19885773956775665,,,,,,,,,
13,,,62199,,,,,,,,,,0.9612919688224792,,,,,,,,,
13,,,62219,,,,,,,,,,0.5709142684936523,,,,,,,,,
13,,,62239,,,,,,,,,,0.23867331445217133,,,,,,,,,
13,,,62259,,,,,,,,,,0.9486660957336426,,,,,,,,,
13,,,62279,,,,,,,,,,0.6234332323074341,,,,,,,,,
13,,,62299,,,,,,,,,,0.34852728247642517,,,,,,,,,
13,,,62319,,,,,,,,,,0.1789350062608719,,,,,,,,,
13,,,62339,,,,,,,,,,0.18265989422798157,,,,,,,,,
13,,,62359,,,,,,,,,,0.9651555418968201,,,,,,,,,
13,,,62379,,,,,,,,,,0.5675793290138245,,,,,,,,,
13,,,62399,,,,,,,,,,0.2379254847764969,,,,,,,,,
13,,,62419,,,,,,,,,,0.608753502368927,,,,,,,,,
13,,,62439,,,,,,,,,,0.20141173899173737,,,,,,,,,
13,,,62459,,,,,,,,,,0.6089370846748352,,,,,,,,,
13,,,62479,,,,,,,,,,1.7722910642623901,,,,,,,,,
13,,,62499,,,,,,,,,,0.49064841866493225,,,,,,,,,
13,,,62519,,,,,,,,,,0.9667450189590454,,,,,,,,,
13,,,62539,,,,,,,,,,0.2802903652191162,,,,,,,,,
13,,,62559,,,,,,,,,,0.19368071854114532,,,,,,,,,
13,,,62579,,,,,,,,,,1.2471500635147095,,,,,,,,,
13,,,62599,,,,,,,,,,0.47732582688331604,,,,,,,,,
13,,,62619,,,,,,,,,,0.19151005148887634,,,,,,,,,
13,,,62639,,,,,,,,,,0.5732396245002747,,,,,,,,,
13,,,62659,,,,,,,,,,1.3660707473754883,,,,,,,,,
13,,,62679,,,,,,,,,,0.7546250820159912,,,,,,,,,
13,,,62699,,,,,,,,,,0.18217207491397858,,,,,,,,,
13,,,62719,,,,,,,,,,1.0597285032272339,,,,,,,,,
13,,,62739,,,,,,,,,,0.5127422213554382,,,,,,,,,
13,,,62759,,,,,,,,,,0.7107158899307251,,,,,,,,,
13,,,62779,,,,,,,,,,0.41142165660858154,,,,,,,,,
13,,,62799,,,,,,,,,,0.5865105390548706,,,,,,,,,
13,,,62819,,,,,,,,,,1.4194577932357788,,,,,,,,,
13,,,62839,,,,,,,,,,0.5875939130783081,,,,,,,,,
13,,,62859,,,,,,,,,,0.8415147662162781,,,,,,,,,
13,,,62879,,,,,,,,,,0.5677063465118408,,,,,,,,,
13,,,62899,,,,,,,,,,1.0370813608169556,,,,,,,,,
13,,,62919,,,,,,,,,,0.19153299927711487,,,,,,,,,
13,,,62939,,,,,,,,,,0.9966526031494141,,,,,,,,,
13,,,62959,,,,,,,,,,0.29960304498672485,,,,,,,,,
13,,,62979,,,,,,,,,,2.776270866394043,,,,,,,,,
13,,,62999,,,,,,,,,,0.31181204319000244,,,,,,,,,
13,,,63019,,,,,,,,,,0.22258572280406952,,,,,,,,,
13,,,63039,,,,,,,,,,0.39546316862106323,,,,,,,,,
13,,,63059,,,,,,,,,,0.5579077005386353,,,,,,,,,
13,,,63079,,,,,,,,,,1.1634926795959473,,,,,,,,,
13,,,63099,,,,,,,,,,0.21031655371189117,,,,,,,,,
13,,,63119,,,,,,,,,,0.32007691264152527,,,,,,,,,
13,,,63139,,,,,,,,,,1.2400776147842407,,,,,,,,,
13,,,63159,,,,,,,,,,1.1782349348068237,,,,,,,,,
13,,,63179,,,,,,,,,,2.395820140838623,,,,,,,,,
13,,,63199,,,,,,,,,,2.1902236938476562,,,,,,,,,
13,,,63219,,,,,,,,,,0.9356987476348877,,,,,,,,,
13,,,63239,,,,,,,,,,0.9770860075950623,,,,,,,,,
13,,,63259,,,,,,,,,,0.93663489818573,,,,,,,,,
13,,,63279,,,,,,,,,,0.8941934108734131,,,,,,,,,
13,,,63299,,,,,,,,,,1.2229114770889282,,,,,,,,,
13,,,63319,,,,,,,,,,0.8648407459259033,,,,,,,,,
13,,,63339,,,,,,,,,,0.603117823600769,,,,,,,,,
13,,,63359,,,,,,,,,,1.192962646484375,,,,,,,,,
13,,,63379,,,,,,,,,,0.18333062529563904,,,,,,,,,
13,,,63399,,,,,,,,,,1.9962563514709473,,,,,,,,,
13,,,63419,,,,,,,,,,0.6011212468147278,,,,,,,,,
13,,,63439,,,,,,,,,,1.0275298357009888,,,,,,,,,
13,,,63459,,,,,,,,,,2.077134847640991,,,,,,,,,
13,,,63479,,,,,,,,,,0.28073936700820923,,,,,,,,,
13,,,63499,,,,,,,,,,0.17802174389362335,,,,,,,,,
13,,,63519,,,,,,,,,,0.9107876420021057,,,,,,,,,
13,,,63539,,,,,,,,,,0.43190160393714905,,,,,,,,,
13,,,63559,,,,,,,,,,1.3122681379318237,,,,,,,,,
13,,,63579,,,,,,,,,,0.6606356501579285,,,,,,,,,
13,,,63599,,,,,,,,,,2.223984718322754,,,,,,,,,
13,,,63619,,,,,,,,,,0.17857447266578674,,,,,,,,,
13,,,63639,,,,,,,,,,1.503904938697815,,,,,,,,,
13,,,63659,,,,,,,,,,0.21762272715568542,,,,,,,,,
13,,,63679,,,,,,,,,,0.18440288305282593,,,,,,,,,
13,,,63699,,,,,,,,,,0.8467940092086792,,,,,,,,,
13,,,63719,,,,,,,,,,3.3498175144195557,,,,,,,,,
13,,,63739,,,,,,,,,,0.18398508429527283,,,,,,,,,
13,,,63759,,,,,,,,,,0.6798073053359985,,,,,,,,,
13,,,63779,,,,,,,,,,0.21938814222812653,,,,,,,,,
13,,,63799,,,,,,,,,,1.3433173894882202,,,,,,,,,
13,,,63819,,,,,,,,,,0.18512049317359924,,,,,,,,,
13,,,63839,,,,,,,,,,0.5340049862861633,,,,,,,,,
13,,,63859,,,,,,,,,,1.0828156471252441,,,,,,,,,
13,,,63879,,,,,,,,,,0.9217007160186768,,,,,,,,,
13,,,63899,,,,,,,,,,0.7665015459060669,,,,,,,,,
13,,,63919,,,,,,,,,,0.5898450613021851,,,,,,,,,
13,,,63939,,,,,,,,,,0.7532092332839966,,,,,,,,,
13,,,63959,,,,,,,,,,0.8699010014533997,,,,,,,,,
13,,,63979,,,,,,,,,,1.2967660427093506,,,,,,,,,
13,,,63999,,,,,,,,,,0.19587230682373047,,,,,,,,,
13,,,64019,,,,,,,,,,1.736095905303955,,,,,,,,,
13,,,64039,,,,,,,,,,0.5725647807121277,,,,,,,,,
13,,,64059,,,,,,,,,,0.35167786478996277,,,,,,,,,
13,,,64079,,,,,,,,,,0.21165722608566284,,,,,,,,,
13,,,64099,,,,,,,,,,0.9518749713897705,,,,,,,,,
13,,,64119,,,,,,,,,,1.9046802520751953,,,,,,,,,
13,,,64139,,,,,,,,,,0.4435332715511322,,,,,,,,,
13,,,64159,,,,,,,,,,0.6998367309570312,,,,,,,,,
13,,,64179,,,,,,,,,,0.9308053851127625,,,,,,,,,
13,,,64199,,,,,,,,,,2.2780654430389404,,,,,,,,,
13,,,64219,,,,,,,,,,0.5774408578872681,,,,,,,,,
13,,,64239,,,,,,,,,,0.6494531035423279,,,,,,,,,
13,,,64259,,,,,,,,,,0.20957891643047333,,,,,,,,,
13,,,64279,,,,,,,,,,0.6523433327674866,,,,,,,,,
13,,,64299,,,,,,,,,,0.9240759611129761,,,,,,,,,
13,,,64319,,,,,,,,,,1.3842196464538574,,,,,,,,,
13,,,64339,,,,,,,,,,1.018893837928772,,,,,,,,,
13,,,64359,,,,,,,,,,0.5605676174163818,,,,,,,,,
13,,,64379,,,,,,,,,,0.2244587540626526,,,,,,,,,
13,,,64399,,,,,,,,,,0.9915634393692017,,,,,,,,,
13,,,64419,,,,,,,,,,0.910413920879364,,,,,,,,,
13,,,64439,,,,,,,,,,0.9137435555458069,,,,,,,,,
13,,,64459,,,,,,,,,,0.5647132992744446,,,,,,,,,
13,,,64479,,,,,,,,,,0.5464807748794556,,,,,,,,,
13,,,64499,,,,,,,,,,0.2471131682395935,,,,,,,,,
13,,,64519,,,,,,,,,,1.9539077281951904,,,,,,,,,
13,,,64539,,,,,,,,,,2.459821939468384,,,,,,,,,
13,,,64559,,,,,,,,,,0.5152528285980225,,,,,,,,,
13,,,64579,,,,,,,,,,0.5743757486343384,,,,,,,,,
13,,,64599,,,,,,,,,,1.8921411037445068,,,,,,,,,
13,,,64619,,,,,,,,,,0.18477335572242737,,,,,,,,,
13,,,64639,,,,,,,,,,0.19342325627803802,,,,,,,,,
13,,,64659,,,,,,,,,,1.066349744796753,,,,,,,,,
13,,,64679,,,,,,,,,,0.9383005499839783,,,,,,,,,
13,,,64699,,,,,,,,,,0.6073651313781738,,,,,,,,,
13,,,64719,,,,,,,,,,0.187969371676445,,,,,,,,,
13,,,64739,,,,,,,,,,0.18216736614704132,,,,,,,,,
13,,,64759,,,,,,,,,,0.5766912698745728,,,,,,,,,
13,,,64779,,,,,,,,,,0.5780887007713318,,,,,,,,,
13,,,64799,,,,,,,,,,0.5651708841323853,,,,,,,,,
13,,,64819,,,,,,,,,,0.5632920861244202,,,,,,,,,
13,,,64839,,,,,,,,,,0.623561680316925,,,,,,,,,
13,,,64859,,,,,,,,,,0.9219157695770264,,,,,,,,,
13,,,64879,,,,,,,,,,0.5631885528564453,,,,,,,,,
13,,,64899,,,,,,,,,,0.671637237071991,,,,,,,,,
13,,,64919,,,,,,,,,,0.21670959889888763,,,,,,,,,
13,,,64939,,,,,,,,,,1.4787309169769287,,,,,,,,,
13,,,64959,,,,,,,,,,2.0864853858947754,,,,,,,,,
13,,,64979,,,,,,,,,,0.2008427381515503,,,,,,,,,
13,,,64999,,,,,,,,,,0.19069147109985352,,,,,,,,,
13,,,65019,,,,,,,,,,0.6517823934555054,,,,,,,,,
13,,,65039,,,,,,,,,,0.17737597227096558,,,,,,,,,
13,,,65059,,,,,,,,,,0.20329633355140686,,,,,,,,,
13,,,65079,,,,,,,,,,0.5296717286109924,,,,,,,,,
13,,,65099,,,,,,,,,,0.17466986179351807,,,,,,,,,
13,,,65119,,,,,,,,,,0.9694445729255676,,,,,,,,,
13,,,65139,,,,,,,,,,0.8996567726135254,,,,,,,,,
13,,,65159,,,,,,,,,,1.1723695993423462,,,,,,,,,
13,,,65179,,,,,,,,,,0.17674493789672852,,,,,,,,,
13,,,65199,,,,,,,,,,0.5639538764953613,,,,,,,,,
13,,,65219,,,,,,,,,,0.20276309549808502,,,,,,,,,
13,,,65239,,,,,,,,,,0.17710182070732117,,,,,,,,,
13,,,65259,,,,,,,,,,0.5423383712768555,,,,,,,,,
13,,,65279,,,,,,,,,,1.5732983350753784,,,,,,,,,
13,,,65299,,,,,,,,,,0.189340740442276,,,,,,,,,
13,,,65319,,,,,,,,,,0.19841048121452332,,,,,,,,,
13,,,65339,,,,,,,,,,0.17885497212409973,,,,,,,,,
13,,,65359,,,,,,,,,,0.6965046525001526,,,,,,,,,
13,,,65379,,,,,,,,,,0.5934001803398132,,,,,,,,,
13,,,65399,,,,,,,,,,0.1813347190618515,,,,,,,,,
13,,,65419,,,,,,,,,,0.5038062930107117,,,,,,,,,
13,,,65439,,,,,,,,,,0.9085869789123535,,,,,,,,,
13,,,65459,,,,,,,,,,0.19975675642490387,,,,,,,,,
13,,,65479,,,,,,,,,,0.5030651092529297,,,,,,,,,
13,,,65499,,,,,,,,,,2.361056089401245,,,,,,,,,
13,,,65519,,,,,,,,,,0.9226622581481934,,,,,,,,,
13,,,65539,,,,,,,,,,0.8621786832809448,,,,,,,,,
13,,,65559,,,,,,,,,,0.9661716818809509,,,,,,,,,
13,,,65579,,,,,,,,,,0.5119761228561401,,,,,,,,,
13,,,65599,,,,,,,,,,0.6757872700691223,,,,,,,,,
13,,,65619,,,,,,,,,,0.4968116283416748,,,,,,,,,
13,,,65639,,,,,,,,,,1.5583820343017578,,,,,,,,,
13,,,65659,,,,,,,,,,1.0596585273742676,,,,,,,,,
13,,,65679,,,,,,,,,,0.53348308801651,,,,,,,,,
13,,,65699,,,,,,,,,,0.8806690573692322,,,,,,,,,
13,,,65719,,,,,,,,,,2.27934193611145,,,,,,,,,
13,,,65739,,,,,,,,,,0.954208254814148,,,,,,,,,
13,,,65759,,,,,,,,,,1.1839102506637573,,,,,,,,,
13,,,65779,,,,,,,,,,0.1765836626291275,,,,,,,,,
13,,,65799,,,,,,,,,,1.840681552886963,,,,,,,,,
13,,,65819,,,,,,,,,,0.17254069447517395,,,,,,,,,
13,,,65839,,,,,,,,,,0.5975398421287537,,,,,,,,,
13,,,65859,,,,,,,,,,0.5811999440193176,,,,,,,,,
13,,,65879,,,,,,,,,,1.6041640043258667,,,,,,,,,
13,,,65899,,,,,,,,,,1.3325204849243164,,,,,,,,,
13,,,65919,,,,,,,,,,0.18208010494709015,,,,,,,,,
13,,,65939,,,,,,,,,,0.17684486508369446,,,,,,,,,
13,,,65959,,,,,,,,,,1.0997694730758667,,,,,,,,,
13,,,65979,,,,,,,,,,3.155750036239624,,,,,,,,,
13,,,65999,,,,,,,,,,1.3176249265670776,,,,,,,,,
13,,,66019,,,,,,,,,,0.5278010964393616,,,,,,,,,
13,,,66039,,,,,,,,,,0.21545346081256866,,,,,,,,,
13,,,66059,,,,,,,,,,0.415063738822937,,,,,,,,,
13,,,66079,,,,,,,,,,0.9601794481277466,,,,,,,,,
13,,,66099,,,,,,,,,,0.2722876965999603,,,,,,,,,
13,,,66119,,,,,,,,,,0.1959325522184372,,,,,,,,,
13,,,66139,,,,,,,,,,1.2217587232589722,,,,,,,,,
13,,,66159,,,,,,,,,,0.9702010750770569,,,,,,,,,
13,,,66179,,,,,,,,,,0.17967349290847778,,,,,,,,,
13,,,66199,,,,,,,,,,2.489297866821289,,,,,,,,,
13,,,66219,,,,,,,,,,0.5695756673812866,,,,,,,,,
13,,,66239,,,,,,,,,,0.18430079519748688,,,,,,,,,
13,,,66259,,,,,,,,,,1.39243483543396,,,,,,,,,
13,,,66279,,,,,,,,,,0.6513254046440125,,,,,,,,,
13,,,66299,,,,,,,,,,0.9060145020484924,,,,,,,,,
13,,,66319,,,,,,,,,,0.1877249777317047,,,,,,,,,
13,,,66339,,,,,,,,,,0.6595061421394348,,,,,,,,,
13,,,66359,,,,,,,,,,0.8329735994338989,,,,,,,,,
13,,,66379,,,,,,,,,,0.3465670049190521,,,,,,,,,
13,,,66399,,,,,,,,,,1.9158769845962524,,,,,,,,,
13,,,66419,,,,,,,,,,1.2683322429656982,,,,,,,,,
13,,,66439,,,,,,,,,,0.9458600878715515,,,,,,,,,
13,,,66459,,,,,,,,,,1.7255584001541138,,,,,,,,,
13,,,66479,,,,,,,,,,0.17193332314491272,,,,,,,,,
13,,,66499,,,,,,,,,,0.622668981552124,,,,,,,,,
13,,,66519,,,,,,,,,,0.37402474880218506,,,,,,,,,
13,,,66539,,,,,,,,,,1.8042094707489014,,,,,,,,,
13,,,66559,,,,,,,,,,2.2029850482940674,,,,,,,,,
13,,,66579,,,,,,,,,,0.1766459196805954,,,,,,,,,
13,,,66599,,,,,,,,,,1.70699942111969,,,,,,,,,
13,,,66619,,,,,,,,,,0.5542632341384888,,,,,,,,,
13,,,66639,,,,,,,,,,0.5477282404899597,,,,,,,,,
13,,,66659,,,,,,,,,,0.1900022029876709,,,,,,,,,
13,,,66679,,,,,,,,,,0.5930995345115662,,,,,,,,,
13,,,66699,,,,,,,,,,0.17272110283374786,,,,,,,,,
13,,,66719,,,,,,,,,,0.16881367564201355,,,,,,,,,
13,,,66739,,,,,,,,,,1.4451508522033691,,,,,,,,,
13,,,66759,,,,,,,,,,0.6091349124908447,,,,,,,,,
13,,,66779,,,,,,,,,,0.530552327632904,,,,,,,,,
13,,,66799,,,,,,,,,,1.3303730487823486,,,,,,,,,
13,,,66819,,,,,,,,,,1.5493656396865845,,,,,,,,,
13,,,66821,,,,,,,,,,,0.638953685760498,0.841343879699707,0.6672768592834473,2.7230772972106934,0.7235156297683716,0.35246697068214417,0.5257604122161865,0.9212707877159119,0.638953685760498
13,,,66821,,,,,,,,0.9759583473205566,0.7735799551010132,,,,,,,,,,
14,,,66822,0.5741710066795349,0.49822357296943665,0.5920860767364502,3.2583818435668945,0.6457746028900146,0.20796406269073486,0.5741710066795349,,,,,,,,,,,,
