epoch,lr-AdamW/pg1,lr-AdamW/pg2,step,test/acc,test/auroc,test/f1,test/mcc,train/acc,train/loss_epoch,train/loss_step,val/acc,val/f1,val/loss,val/mcc,val/precision,val/recall
,1.6988211733135792e-05,1.6988211733135792e-05,0,,,,,,,,,,,,,
0,,,19,,,,,,,17.66100311279297,,,,,,
0,,,39,,,,,,,5.222479820251465,,,,,,
0,,,59,,,,,,,21.97559928894043,,,,,,
0,,,79,,,,,,,4.624610900878906,,,,,,
0,,,99,,,,,,,7.826684951782227,,,,,,
0,,,119,,,,,,,8.996719360351562,,,,,,
0,,,139,,,,,,,4.644876480102539,,,,,,
0,,,159,,,,,,,2.6811907291412354,,,,,,
0,,,179,,,,,,,6.289769649505615,,,,,,
0,,,199,,,,,,,4.741452693939209,,,,,,
0,,,219,,,,,,,3.8696861267089844,,,,,,
0,,,239,,,,,,,2.374258518218994,,,,,,
0,,,259,,,,,,,3.044459342956543,,,,,,
0,,,279,,,,,,,3.1689748764038086,,,,,,
0,,,299,,,,,,,2.4891059398651123,,,,,,
0,,,319,,,,,,,5.726576805114746,,,,,,
0,,,339,,,,,,,3.872122049331665,,,,,,
0,,,359,,,,,,,2.7446370124816895,,,,,,
0,,,379,,,,,,,2.9956417083740234,,,,,,
0,,,399,,,,,,,2.551361560821533,,,,,,
0,,,419,,,,,,,3.073509931564331,,,,,,
0,,,439,,,,,,,3.0939199924468994,,,,,,
0,,,459,,,,,,,4.217462062835693,,,,,,
0,,,479,,,,,,,2.2035298347473145,,,,,,
0,,,499,,,,,,,2.497325897216797,,,,,,
0,,,519,,,,,,,2.68422269821167,,,,,,
0,,,539,,,,,,,2.3425052165985107,,,,,,
0,,,559,,,,,,,4.748580455780029,,,,,,
0,,,579,,,,,,,2.3638086318969727,,,,,,
0,,,599,,,,,,,1.8336514234542847,,,,,,
0,,,619,,,,,,,2.190875291824341,,,,,,
0,,,639,,,,,,,2.280771255493164,,,,,,
0,,,659,,,,,,,2.4125988483428955,,,,,,
0,,,679,,,,,,,6.071198463439941,,,,,,
0,,,699,,,,,,,2.01566219329834,,,,,,
0,,,719,,,,,,,2.114194393157959,,,,,,
0,,,739,,,,,,,1.8897031545639038,,,,,,
0,,,759,,,,,,,2.0483152866363525,,,,,,
0,,,779,,,,,,,2.263684034347534,,,,,,
0,,,799,,,,,,,1.6946697235107422,,,,,,
0,,,819,,,,,,,2.0580830574035645,,,,,,
0,,,839,,,,,,,2.4664855003356934,,,,,,
0,,,859,,,,,,,2.1001195907592773,,,,,,
0,,,879,,,,,,,1.9792108535766602,,,,,,
0,,,899,,,,,,,1.9856079816818237,,,,,,
0,,,919,,,,,,,1.559217929840088,,,,,,
0,,,939,,,,,,,2.072597026824951,,,,,,
0,,,959,,,,,,,2.599335193634033,,,,,,
0,,,979,,,,,,,1.4681323766708374,,,,,,
0,,,999,,,,,,,1.6281306743621826,,,,,,
0,,,1019,,,,,,,1.300807237625122,,,,,,
0,,,1039,,,,,,,1.5087742805480957,,,,,,
0,,,1059,,,,,,,1.664909839630127,,,,,,
0,,,1079,,,,,,,1.5859746932983398,,,,,,
0,,,1099,,,,,,,2.5012221336364746,,,,,,
0,,,1119,,,,,,,1.5345664024353027,,,,,,
0,,,1139,,,,,,,1.3447381258010864,,,,,,
0,,,1159,,,,,,,1.6262487173080444,,,,,,
0,,,1179,,,,,,,1.39924955368042,,,,,,
0,,,1199,,,,,,,1.783745288848877,,,,,,
0,,,1219,,,,,,,1.4210578203201294,,,,,,
0,,,1239,,,,,,,1.7470474243164062,,,,,,
0,,,1259,,,,,,,1.1323349475860596,,,,,,
0,,,1279,,,,,,,1.4812055826187134,,,,,,
0,,,1299,,,,,,,1.2669625282287598,,,,,,
0,,,1319,,,,,,,1.3019530773162842,,,,,,
0,,,1339,,,,,,,1.3941867351531982,,,,,,
0,,,1359,,,,,,,1.5360362529754639,,,,,,
0,,,1379,,,,,,,1.397477149963379,,,,,,
0,,,1399,,,,,,,1.1461063623428345,,,,,,
0,,,1419,,,,,,,1.2653294801712036,,,,,,
0,,,1439,,,,,,,1.492166519165039,,,,,,
0,,,1459,,,,,,,1.5349704027175903,,,,,,
0,,,1479,,,,,,,1.6312479972839355,,,,,,
0,,,1499,,,,,,,1.5371202230453491,,,,,,
0,,,1519,,,,,,,1.276940107345581,,,,,,
0,,,1539,,,,,,,1.3958678245544434,,,,,,
0,,,1559,,,,,,,1.179418683052063,,,,,,
0,,,1579,,,,,,,1.6408305168151855,,,,,,
0,,,1599,,,,,,,1.3439693450927734,,,,,,
0,,,1619,,,,,,,1.3014914989471436,,,,,,
0,,,1639,,,,,,,1.1591439247131348,,,,,,
0,,,1659,,,,,,,1.7326958179473877,,,,,,
0,,,1679,,,,,,,1.1244075298309326,,,,,,
0,,,1699,,,,,,,1.162008285522461,,,,,,
0,,,1719,,,,,,,1.3838906288146973,,,,,,
0,,,1739,,,,,,,1.2602757215499878,,,,,,
0,,,1759,,,,,,,1.3112763166427612,,,,,,
0,,,1779,,,,,,,1.230215311050415,,,,,,
0,,,1799,,,,,,,1.0037071704864502,,,,,,
0,,,1819,,,,,,,1.3884515762329102,,,,,,
0,,,1839,,,,,,,1.120363712310791,,,,,,
0,,,1859,,,,,,,1.1175649166107178,,,,,,
0,,,1879,,,,,,,1.3173518180847168,,,,,,
0,,,1899,,,,,,,1.0857816934585571,,,,,,
0,,,1919,,,,,,,1.0741703510284424,,,,,,
0,,,1939,,,,,,,1.3175071477890015,,,,,,
0,,,1959,,,,,,,1.3612172603607178,,,,,,
0,,,1979,,,,,,,1.1036391258239746,,,,,,
0,,,1999,,,,,,,1.1509932279586792,,,,,,
0,,,2019,,,,,,,1.2419089078903198,,,,,,
0,,,2039,,,,,,,1.1562868356704712,,,,,,
0,,,2059,,,,,,,1.1762040853500366,,,,,,
0,,,2079,,,,,,,1.4616059064865112,,,,,,
0,,,2099,,,,,,,1.1965292692184448,,,,,,
0,,,2119,,,,,,,1.0305209159851074,,,,,,
0,,,2139,,,,,,,1.0869793891906738,,,,,,
0,,,2159,,,,,,,1.224677562713623,,,,,,
0,,,2179,,,,,,,1.1866681575775146,,,,,,
0,,,2199,,,,,,,1.3395187854766846,,,,,,
0,,,2219,,,,,,,1.207939863204956,,,,,,
0,,,2239,,,,,,,1.3127275705337524,,,,,,
0,,,2259,,,,,,,1.1187959909439087,,,,,,
0,,,2279,,,,,,,0.9107093214988708,,,,,,
0,,,2299,,,,,,,1.1672110557556152,,,,,,
0,,,2319,,,,,,,1.3114326000213623,,,,,,
0,,,2339,,,,,,,1.1068217754364014,,,,,,
0,,,2359,,,,,,,1.152819037437439,,,,,,
0,,,2379,,,,,,,1.0104575157165527,,,,,,
0,,,2399,,,,,,,1.0676002502441406,,,,,,
0,,,2419,,,,,,,1.1866981983184814,,,,,,
0,,,2439,,,,,,,0.9419621825218201,,,,,,
0,,,2459,,,,,,,1.0786861181259155,,,,,,
0,,,2479,,,,,,,1.0902173519134521,,,,,,
0,,,2499,,,,,,,0.9786273837089539,,,,,,
0,,,2519,,,,,,,1.3920197486877441,,,,,,
0,,,2539,,,,,,,0.8829949498176575,,,,,,
0,,,2559,,,,,,,1.2192447185516357,,,,,,
0,,,2579,,,,,,,1.2148759365081787,,,,,,
0,,,2599,,,,,,,0.978169858455658,,,,,,
0,,,2619,,,,,,,0.9641866087913513,,,,,,
0,,,2639,,,,,,,1.1609011888504028,,,,,,
0,,,2659,,,,,,,0.846043586730957,,,,,,
0,,,2679,,,,,,,1.648053526878357,,,,,,
0,,,2699,,,,,,,0.9788376688957214,,,,,,
0,,,2719,,,,,,,1.0137708187103271,,,,,,
0,,,2739,,,,,,,1.1164414882659912,,,,,,
0,,,2759,,,,,,,0.743409276008606,,,,,,
0,,,2779,,,,,,,1.6414436101913452,,,,,,
0,,,2799,,,,,,,0.9987580180168152,,,,,,
0,,,2819,,,,,,,0.8954873085021973,,,,,,
0,,,2839,,,,,,,1.0734999179840088,,,,,,
0,,,2859,,,,,,,0.9727828502655029,,,,,,
0,,,2869,,,,,,,,0.4272327721118927,0.3720598518848419,11.869138717651367,0.2657407522201538,0.5119136571884155,0.4272327721118927
0,,,2869,,,,,0.6391527056694031,2.496326208114624,,,,,,,
,1.6988211733135792e-05,1.6988211733135792e-05,2870,,,,,,,,,,,,,
1,,,2879,,,,,,,1.1783524751663208,,,,,,
1,,,2899,,,,,,,1.271693468093872,,,,,,
1,,,2919,,,,,,,1.2433944940567017,,,,,,
1,,,2939,,,,,,,1.2809295654296875,,,,,,
1,,,2959,,,,,,,0.859565258026123,,,,,,
1,,,2979,,,,,,,1.1109305620193481,,,,,,
1,,,2999,,,,,,,0.7631017565727234,,,,,,
1,,,3019,,,,,,,0.8824892044067383,,,,,,
1,,,3039,,,,,,,1.1096264123916626,,,,,,
1,,,3059,,,,,,,1.0115227699279785,,,,,,
1,,,3079,,,,,,,0.9235297441482544,,,,,,
1,,,3099,,,,,,,1.2351560592651367,,,,,,
1,,,3119,,,,,,,1.1865460872650146,,,,,,
1,,,3139,,,,,,,1.0846439599990845,,,,,,
1,,,3159,,,,,,,0.9322658777236938,,,,,,
1,,,3179,,,,,,,1.0488967895507812,,,,,,
1,,,3199,,,,,,,1.147137999534607,,,,,,
1,,,3219,,,,,,,1.1155049800872803,,,,,,
1,,,3239,,,,,,,0.7800641655921936,,,,,,
1,,,3259,,,,,,,0.7256149649620056,,,,,,
1,,,3279,,,,,,,1.5049402713775635,,,,,,
1,,,3299,,,,,,,0.9200786352157593,,,,,,
1,,,3319,,,,,,,1.0525026321411133,,,,,,
1,,,3339,,,,,,,0.954215407371521,,,,,,
1,,,3359,,,,,,,0.9901427030563354,,,,,,
1,,,3379,,,,,,,1.2370924949645996,,,,,,
1,,,3399,,,,,,,0.9751659631729126,,,,,,
1,,,3419,,,,,,,0.8905954957008362,,,,,,
1,,,3439,,,,,,,0.9993327856063843,,,,,,
1,,,3459,,,,,,,0.7845608592033386,,,,,,
1,,,3479,,,,,,,1.214641809463501,,,,,,
1,,,3499,,,,,,,0.8346453309059143,,,,,,
1,,,3519,,,,,,,0.9828786849975586,,,,,,
1,,,3539,,,,,,,1.151832103729248,,,,,,
1,,,3559,,,,,,,0.9328896403312683,,,,,,
1,,,3579,,,,,,,0.8630307912826538,,,,,,
1,,,3599,,,,,,,1.2286531925201416,,,,,,
1,,,3619,,,,,,,3.067660093307495,,,,,,
1,,,3639,,,,,,,1.74820077419281,,,,,,
1,,,3659,,,,,,,1.283958911895752,,,,,,
1,,,3679,,,,,,,1.0854830741882324,,,,,,
1,,,3699,,,,,,,0.9665623903274536,,,,,,
1,,,3719,,,,,,,1.2862813472747803,,,,,,
1,,,3739,,,,,,,1.0483254194259644,,,,,,
1,,,3759,,,,,,,1.0027824640274048,,,,,,
1,,,3779,,,,,,,1.243118405342102,,,,,,
1,,,3799,,,,,,,1.0107616186141968,,,,,,
1,,,3819,,,,,,,1.0289630889892578,,,,,,
1,,,3839,,,,,,,1.0459110736846924,,,,,,
1,,,3859,,,,,,,1.1925511360168457,,,,,,
1,,,3879,,,,,,,0.694669246673584,,,,,,
1,,,3899,,,,,,,1.0593677759170532,,,,,,
1,,,3919,,,,,,,0.9202425479888916,,,,,,
1,,,3939,,,,,,,0.9803916215896606,,,,,,
1,,,3959,,,,,,,0.8704824447631836,,,,,,
1,,,3979,,,,,,,2.159248113632202,,,,,,
1,,,3999,,,,,,,0.8139580488204956,,,,,,
1,,,4019,,,,,,,0.8840022087097168,,,,,,
1,,,4039,,,,,,,1.7364473342895508,,,,,,
1,,,4059,,,,,,,0.9733494520187378,,,,,,
1,,,4079,,,,,,,0.8347370624542236,,,,,,
1,,,4099,,,,,,,1.0465219020843506,,,,,,
1,,,4119,,,,,,,1.2992393970489502,,,,,,
1,,,4139,,,,,,,0.9487428069114685,,,,,,
1,,,4159,,,,,,,0.7695385217666626,,,,,,
1,,,4179,,,,,,,0.9244941473007202,,,,,,
1,,,4199,,,,,,,1.1936345100402832,,,,,,
1,,,4219,,,,,,,0.8774097561836243,,,,,,
1,,,4239,,,,,,,1.2397855520248413,,,,,,
1,,,4259,,,,,,,1.3885924816131592,,,,,,
1,,,4279,,,,,,,0.833764374256134,,,,,,
1,,,4299,,,,,,,1.2337243556976318,,,,,,
1,,,4319,,,,,,,1.0825188159942627,,,,,,
1,,,4339,,,,,,,0.7776892185211182,,,,,,
1,,,4359,,,,,,,1.3478527069091797,,,,,,
1,,,4379,,,,,,,0.7656042575836182,,,,,,
1,,,4399,,,,,,,1.2740894556045532,,,,,,
1,,,4419,,,,,,,0.936562180519104,,,,,,
1,,,4439,,,,,,,0.8059567213058472,,,,,,
1,,,4459,,,,,,,0.7339416742324829,,,,,,
1,,,4479,,,,,,,0.914401650428772,,,,,,
1,,,4499,,,,,,,0.8416585922241211,,,,,,
1,,,4519,,,,,,,1.1664059162139893,,,,,,
1,,,4539,,,,,,,0.8904772996902466,,,,,,
1,,,4559,,,,,,,1.0382695198059082,,,,,,
1,,,4579,,,,,,,0.8074048757553101,,,,,,
1,,,4599,,,,,,,0.8632058501243591,,,,,,
1,,,4619,,,,,,,0.9572018980979919,,,,,,
1,,,4639,,,,,,,1.0270683765411377,,,,,,
1,,,4659,,,,,,,0.8023266196250916,,,,,,
1,,,4679,,,,,,,1.4956085681915283,,,,,,
1,,,4699,,,,,,,0.8653231859207153,,,,,,
1,,,4719,,,,,,,0.8674002885818481,,,,,,
1,,,4739,,,,,,,1.3649780750274658,,,,,,
1,,,4759,,,,,,,0.9509191513061523,,,,,,
1,,,4779,,,,,,,0.8761503100395203,,,,,,
1,,,4799,,,,,,,0.7336212396621704,,,,,,
1,,,4819,,,,,,,0.9379590153694153,,,,,,
1,,,4839,,,,,,,1.0486083030700684,,,,,,
1,,,4859,,,,,,,0.9641363620758057,,,,,,
1,,,4879,,,,,,,1.3556058406829834,,,,,,
1,,,4899,,,,,,,0.7823516130447388,,,,,,
1,,,4919,,,,,,,0.9446479678153992,,,,,,
1,,,4939,,,,,,,0.8817297220230103,,,,,,
1,,,4959,,,,,,,0.9968230724334717,,,,,,
1,,,4979,,,,,,,0.7488391399383545,,,,,,
1,,,4999,,,,,,,0.9922356009483337,,,,,,
1,,,5019,,,,,,,0.8306094408035278,,,,,,
1,,,5039,,,,,,,0.673578679561615,,,,,,
1,,,5059,,,,,,,1.2444705963134766,,,,,,
1,,,5079,,,,,,,0.8288305997848511,,,,,,
1,,,5099,,,,,,,1.006089448928833,,,,,,
1,,,5119,,,,,,,1.0358936786651611,,,,,,
1,,,5139,,,,,,,0.7898397445678711,,,,,,
1,,,5159,,,,,,,1.134120225906372,,,,,,
1,,,5179,,,,,,,0.8454456329345703,,,,,,
1,,,5199,,,,,,,0.9091185927391052,,,,,,
1,,,5219,,,,,,,0.8208366632461548,,,,,,
1,,,5239,,,,,,,1.6940010786056519,,,,,,
1,,,5259,,,,,,,0.7946383357048035,,,,,,
1,,,5279,,,,,,,0.8227156400680542,,,,,,
1,,,5299,,,,,,,1.0101662874221802,,,,,,
1,,,5319,,,,,,,1.3260624408721924,,,,,,
1,,,5339,,,,,,,1.0298714637756348,,,,,,
1,,,5359,,,,,,,0.7196331024169922,,,,,,
1,,,5379,,,,,,,0.8123965263366699,,,,,,
1,,,5399,,,,,,,0.9252265095710754,,,,,,
1,,,5419,,,,,,,0.7756085395812988,,,,,,
1,,,5439,,,,,,,0.8242707252502441,,,,,,
1,,,5459,,,,,,,0.8335772156715393,,,,,,
1,,,5479,,,,,,,0.8994158506393433,,,,,,
1,,,5499,,,,,,,1.4056991338729858,,,,,,
1,,,5519,,,,,,,0.729364275932312,,,,,,
1,,,5539,,,,,,,1.1415293216705322,,,,,,
1,,,5559,,,,,,,1.1608794927597046,,,,,,
1,,,5579,,,,,,,0.8388627767562866,,,,,,
1,,,5599,,,,,,,1.0051336288452148,,,,,,
1,,,5619,,,,,,,0.9166656136512756,,,,,,
1,,,5639,,,,,,,0.8312762975692749,,,,,,
1,,,5659,,,,,,,0.7047117948532104,,,,,,
1,,,5679,,,,,,,0.9972469806671143,,,,,,
1,,,5699,,,,,,,1.0358717441558838,,,,,,
1,,,5719,,,,,,,1.1159021854400635,,,,,,
1,,,5739,,,,,,,1.037365198135376,,,,,,
1,,,5739,,,,,,,,0.4039735198020935,0.35657835006713867,11.638456344604492,0.24529555439949036,0.6247292757034302,0.4039735198020935
1,,,5739,,,,,0.6716024875640869,0.9867342114448547,,,,,,,
,3.3976423466271585e-05,3.3976423466271585e-05,5740,,,,,,,,,,,,,
2,,,5759,,,,,,,0.8391352891921997,,,,,,
2,,,5779,,,,,,,0.8405528664588928,,,,,,
2,,,5799,,,,,,,0.9190914630889893,,,,,,
2,,,5819,,,,,,,0.9667002558708191,,,,,,
2,,,5839,,,,,,,0.9512925148010254,,,,,,
2,,,5859,,,,,,,0.6942969560623169,,,,,,
2,,,5879,,,,,,,1.1013588905334473,,,,,,
2,,,5899,,,,,,,0.9288976192474365,,,,,,
2,,,5919,,,,,,,0.9722700119018555,,,,,,
2,,,5939,,,,,,,0.814908504486084,,,,,,
2,,,5959,,,,,,,0.817261815071106,,,,,,
2,,,5979,,,,,,,0.985668957233429,,,,,,
2,,,5999,,,,,,,1.4335331916809082,,,,,,
2,,,6019,,,,,,,0.6516448259353638,,,,,,
2,,,6039,,,,,,,0.7714954018592834,,,,,,
2,,,6059,,,,,,,0.90366530418396,,,,,,
2,,,6079,,,,,,,1.2701327800750732,,,,,,
2,,,6099,,,,,,,0.8508855700492859,,,,,,
2,,,6119,,,,,,,0.8049939870834351,,,,,,
2,,,6139,,,,,,,0.9212082624435425,,,,,,
2,,,6159,,,,,,,0.6849589347839355,,,,,,
2,,,6179,,,,,,,0.9444335103034973,,,,,,
2,,,6199,,,,,,,0.7204588055610657,,,,,,
2,,,6219,,,,,,,0.7937172055244446,,,,,,
2,,,6239,,,,,,,0.7556698322296143,,,,,,
2,,,6259,,,,,,,1.2080485820770264,,,,,,
2,,,6279,,,,,,,1.0958380699157715,,,,,,
2,,,6299,,,,,,,1.0099208354949951,,,,,,
2,,,6319,,,,,,,1.0009658336639404,,,,,,
2,,,6339,,,,,,,0.7623051404953003,,,,,,
2,,,6359,,,,,,,0.8523111939430237,,,,,,
2,,,6379,,,,,,,1.0583422183990479,,,,,,
2,,,6399,,,,,,,1.0214049816131592,,,,,,
2,,,6419,,,,,,,1.2048872709274292,,,,,,
2,,,6439,,,,,,,1.0674382448196411,,,,,,
2,,,6459,,,,,,,0.9253604412078857,,,,,,
2,,,6479,,,,,,,0.8635222315788269,,,,,,
2,,,6499,,,,,,,0.9442955255508423,,,,,,
2,,,6519,,,,,,,0.7749122977256775,,,,,,
2,,,6539,,,,,,,0.9291937351226807,,,,,,
2,,,6559,,,,,,,0.9825451970100403,,,,,,
2,,,6579,,,,,,,1.0982708930969238,,,,,,
2,,,6599,,,,,,,0.7410305738449097,,,,,,
2,,,6619,,,,,,,1.401250958442688,,,,,,
2,,,6639,,,,,,,1.2942445278167725,,,,,,
2,,,6659,,,,,,,0.8219573497772217,,,,,,
2,,,6679,,,,,,,0.7267993688583374,,,,,,
2,,,6699,,,,,,,0.9310612678527832,,,,,,
2,,,6719,,,,,,,1.0181946754455566,,,,,,
2,,,6739,,,,,,,1.0929758548736572,,,,,,
2,,,6759,,,,,,,1.151997685432434,,,,,,
2,,,6779,,,,,,,0.6585009098052979,,,,,,
2,,,6799,,,,,,,1.0930709838867188,,,,,,
2,,,6819,,,,,,,1.012837290763855,,,,,,
2,,,6839,,,,,,,1.363903522491455,,,,,,
2,,,6859,,,,,,,1.2833337783813477,,,,,,
2,,,6879,,,,,,,0.8781374096870422,,,,,,
2,,,6899,,,,,,,0.9337955713272095,,,,,,
2,,,6919,,,,,,,0.912888765335083,,,,,,
2,,,6939,,,,,,,1.142911672592163,,,,,,
2,,,6959,,,,,,,0.6985886096954346,,,,,,
2,,,6979,,,,,,,0.907290518283844,,,,,,
2,,,6999,,,,,,,0.7561233043670654,,,,,,
2,,,7019,,,,,,,0.7865719199180603,,,,,,
2,,,7039,,,,,,,0.878035843372345,,,,,,
2,,,7059,,,,,,,0.9623783230781555,,,,,,
2,,,7079,,,,,,,1.0502839088439941,,,,,,
2,,,7099,,,,,,,0.8844733238220215,,,,,,
2,,,7119,,,,,,,1.0357447862625122,,,,,,
2,,,7139,,,,,,,0.9955334663391113,,,,,,
2,,,7159,,,,,,,1.1048334836959839,,,,,,
2,,,7179,,,,,,,0.9283521175384521,,,,,,
2,,,7199,,,,,,,0.8447732329368591,,,,,,
2,,,7219,,,,,,,0.9205440282821655,,,,,,
2,,,7239,,,,,,,0.7450542449951172,,,,,,
2,,,7259,,,,,,,0.8585584759712219,,,,,,
2,,,7279,,,,,,,0.8740913271903992,,,,,,
2,,,7299,,,,,,,0.828911304473877,,,,,,
2,,,7319,,,,,,,1.1849145889282227,,,,,,
2,,,7339,,,,,,,1.125985026359558,,,,,,
2,,,7359,,,,,,,0.9243321418762207,,,,,,
2,,,7379,,,,,,,0.8347547054290771,,,,,,
2,,,7399,,,,,,,0.6237173080444336,,,,,,
2,,,7419,,,,,,,0.9144690036773682,,,,,,
2,,,7439,,,,,,,1.3781113624572754,,,,,,
2,,,7459,,,,,,,0.7924528121948242,,,,,,
2,,,7479,,,,,,,1.0350978374481201,,,,,,
2,,,7499,,,,,,,0.980246901512146,,,,,,
2,,,7519,,,,,,,0.9164671897888184,,,,,,
2,,,7539,,,,,,,0.670342206954956,,,,,,
2,,,7559,,,,,,,1.053917407989502,,,,,,
2,,,7579,,,,,,,0.7418906092643738,,,,,,
2,,,7599,,,,,,,0.7963711023330688,,,,,,
2,,,7619,,,,,,,0.704099178314209,,,,,,
2,,,7639,,,,,,,0.9470261335372925,,,,,,
2,,,7659,,,,,,,0.7045392990112305,,,,,,
2,,,7679,,,,,,,1.2938368320465088,,,,,,
2,,,7699,,,,,,,0.7082405090332031,,,,,,
2,,,7719,,,,,,,0.9124799370765686,,,,,,
2,,,7739,,,,,,,0.6811103224754333,,,,,,
2,,,7759,,,,,,,0.7246392369270325,,,,,,
2,,,7779,,,,,,,0.6637763977050781,,,,,,
2,,,7799,,,,,,,0.8900699615478516,,,,,,
2,,,7819,,,,,,,0.9289003610610962,,,,,,
2,,,7839,,,,,,,0.7455245852470398,,,,,,
2,,,7859,,,,,,,0.7112083435058594,,,,,,
2,,,7879,,,,,,,0.8477526903152466,,,,,,
2,,,7899,,,,,,,1.1783348321914673,,,,,,
2,,,7919,,,,,,,0.8153261542320251,,,,,,
2,,,7939,,,,,,,0.9145308136940002,,,,,,
2,,,7959,,,,,,,0.8900446891784668,,,,,,
2,,,7979,,,,,,,0.962045431137085,,,,,,
2,,,7999,,,,,,,0.622192919254303,,,,,,
2,,,8019,,,,,,,0.7012419700622559,,,,,,
2,,,8039,,,,,,,0.645622968673706,,,,,,
2,,,8059,,,,,,,0.8426896333694458,,,,,,
2,,,8079,,,,,,,1.0119158029556274,,,,,,
2,,,8099,,,,,,,0.7902377247810364,,,,,,
2,,,8119,,,,,,,1.11448073387146,,,,,,
2,,,8139,,,,,,,0.9413366317749023,,,,,,
2,,,8159,,,,,,,0.92271488904953,,,,,,
2,,,8179,,,,,,,0.830275297164917,,,,,,
2,,,8199,,,,,,,0.7662546038627625,,,,,,
2,,,8219,,,,,,,0.9406068921089172,,,,,,
2,,,8239,,,,,,,0.7617596983909607,,,,,,
2,,,8259,,,,,,,0.6748549938201904,,,,,,
2,,,8279,,,,,,,0.9679001569747925,,,,,,
2,,,8299,,,,,,,0.8141098618507385,,,,,,
2,,,8319,,,,,,,0.7994488477706909,,,,,,
2,,,8339,,,,,,,0.6410070061683655,,,,,,
2,,,8359,,,,,,,0.8094403743743896,,,,,,
2,,,8379,,,,,,,0.6222143173217773,,,,,,
2,,,8399,,,,,,,1.0544027090072632,,,,,,
2,,,8419,,,,,,,0.8859900832176208,,,,,,
2,,,8439,,,,,,,0.8664856553077698,,,,,,
2,,,8459,,,,,,,1.11210298538208,,,,,,
2,,,8479,,,,,,,1.4518020153045654,,,,,,
2,,,8499,,,,,,,0.6495910882949829,,,,,,
2,,,8519,,,,,,,0.9758418798446655,,,,,,
2,,,8539,,,,,,,0.7798600196838379,,,,,,
2,,,8559,,,,,,,0.8139791488647461,,,,,,
2,,,8579,,,,,,,0.7444497346878052,,,,,,
2,,,8599,,,,,,,0.8914680480957031,,,,,,
2,,,8609,,,,,,,,0.3891834616661072,0.34377938508987427,11.86487865447998,0.2218226045370102,0.3525089919567108,0.3891834616661072
2,,,8609,,,,,0.6919772624969482,0.9280192852020264,,,,,,,
,5.096463519940738e-05,5.096463519940738e-05,8610,,,,,,,,,,,,,
3,,,8619,,,,,,,0.7426491975784302,,,,,,
3,,,8639,,,,,,,0.7310294508934021,,,,,,
3,,,8659,,,,,,,0.5642684698104858,,,,,,
3,,,8679,,,,,,,0.8476786613464355,,,,,,
3,,,8699,,,,,,,1.0560503005981445,,,,,,
3,,,8719,,,,,,,0.9752887487411499,,,,,,
3,,,8739,,,,,,,0.7262948155403137,,,,,,
3,,,8759,,,,,,,1.2488830089569092,,,,,,
3,,,8779,,,,,,,1.047690749168396,,,,,,
3,,,8799,,,,,,,1.2452518939971924,,,,,,
3,,,8819,,,,,,,0.7338745594024658,,,,,,
3,,,8839,,,,,,,0.6796950101852417,,,,,,
3,,,8859,,,,,,,0.9297810196876526,,,,,,
3,,,8879,,,,,,,1.0721112489700317,,,,,,
3,,,8899,,,,,,,0.7952769994735718,,,,,,
3,,,8919,,,,,,,0.7301870584487915,,,,,,
3,,,8939,,,,,,,0.9143601655960083,,,,,,
3,,,8959,,,,,,,0.8658648729324341,,,,,,
3,,,8979,,,,,,,0.7352287769317627,,,,,,
3,,,8999,,,,,,,1.0070774555206299,,,,,,
3,,,9019,,,,,,,0.8895044326782227,,,,,,
3,,,9039,,,,,,,0.9195464849472046,,,,,,
3,,,9059,,,,,,,0.8879270553588867,,,,,,
3,,,9079,,,,,,,0.6958268880844116,,,,,,
3,,,9099,,,,,,,0.762405514717102,,,,,,
3,,,9119,,,,,,,0.8279258012771606,,,,,,
3,,,9139,,,,,,,0.700503408908844,,,,,,
3,,,9159,,,,,,,0.6735105514526367,,,,,,
3,,,9179,,,,,,,0.6913413405418396,,,,,,
3,,,9199,,,,,,,0.8590042591094971,,,,,,
3,,,9219,,,,,,,0.8782790303230286,,,,,,
3,,,9239,,,,,,,1.0354745388031006,,,,,,
3,,,9259,,,,,,,0.7365245223045349,,,,,,
3,,,9279,,,,,,,0.8569087386131287,,,,,,
3,,,9299,,,,,,,1.3424134254455566,,,,,,
3,,,9319,,,,,,,1.1837053298950195,,,,,,
3,,,9339,,,,,,,0.8735479712486267,,,,,,
3,,,9359,,,,,,,1.01564621925354,,,,,,
3,,,9379,,,,,,,0.9824317097663879,,,,,,
3,,,9399,,,,,,,0.8265443444252014,,,,,,
3,,,9419,,,,,,,0.6678520441055298,,,,,,
3,,,9439,,,,,,,0.7973067164421082,,,,,,
3,,,9459,,,,,,,0.7924432158470154,,,,,,
3,,,9479,,,,,,,0.6996641159057617,,,,,,
3,,,9499,,,,,,,0.9714281558990479,,,,,,
3,,,9519,,,,,,,0.8678474426269531,,,,,,
3,,,9539,,,,,,,0.7559455633163452,,,,,,
3,,,9559,,,,,,,1.2950949668884277,,,,,,
3,,,9579,,,,,,,0.8100318908691406,,,,,,
3,,,9599,,,,,,,2.7439301013946533,,,,,,
3,,,9619,,,,,,,0.8276960849761963,,,,,,
3,,,9639,,,,,,,0.8564715385437012,,,,,,
3,,,9659,,,,,,,0.9899567365646362,,,,,,
3,,,9679,,,,,,,1.1801468133926392,,,,,,
3,,,9699,,,,,,,0.917403519153595,,,,,,
3,,,9719,,,,,,,0.889660656452179,,,,,,
3,,,9739,,,,,,,0.8633385300636292,,,,,,
3,,,9759,,,,,,,0.8123013973236084,,,,,,
3,,,9779,,,,,,,0.8550646901130676,,,,,,
3,,,9799,,,,,,,1.5076014995574951,,,,,,
3,,,9819,,,,,,,0.6590686440467834,,,,,,
3,,,9839,,,,,,,0.7125586271286011,,,,,,
3,,,9859,,,,,,,0.7844643592834473,,,,,,
3,,,9879,,,,,,,0.6272305846214294,,,,,,
3,,,9899,,,,,,,0.7055710554122925,,,,,,
3,,,9919,,,,,,,0.8822953104972839,,,,,,
3,,,9939,,,,,,,0.9070824384689331,,,,,,
3,,,9959,,,,,,,0.6895186305046082,,,,,,
3,,,9979,,,,,,,1.2182581424713135,,,,,,
3,,,9999,,,,,,,0.9433894157409668,,,,,,
3,,,10019,,,,,,,1.1486296653747559,,,,,,
3,,,10039,,,,,,,0.664822518825531,,,,,,
3,,,10059,,,,,,,0.8159917593002319,,,,,,
3,,,10079,,,,,,,0.9837281107902527,,,,,,
3,,,10099,,,,,,,0.9258679151535034,,,,,,
3,,,10119,,,,,,,0.7353658676147461,,,,,,
3,,,10139,,,,,,,0.8347512483596802,,,,,,
3,,,10159,,,,,,,0.823798656463623,,,,,,
3,,,10179,,,,,,,0.7265766859054565,,,,,,
3,,,10199,,,,,,,0.8193656206130981,,,,,,
3,,,10219,,,,,,,0.5860468149185181,,,,,,
3,,,10239,,,,,,,0.7896901369094849,,,,,,
3,,,10259,,,,,,,0.5886058211326599,,,,,,
3,,,10279,,,,,,,0.7296372652053833,,,,,,
3,,,10299,,,,,,,0.6671053767204285,,,,,,
3,,,10319,,,,,,,0.9782360792160034,,,,,,
3,,,10339,,,,,,,0.8418687582015991,,,,,,
3,,,10359,,,,,,,0.7192766666412354,,,,,,
3,,,10379,,,,,,,0.7331675291061401,,,,,,
3,,,10399,,,,,,,1.4982417821884155,,,,,,
3,,,10419,,,,,,,0.8064028024673462,,,,,,
3,,,10439,,,,,,,0.8525732159614563,,,,,,
3,,,10459,,,,,,,0.7422357201576233,,,,,,
3,,,10479,,,,,,,1.1171767711639404,,,,,,
3,,,10499,,,,,,,0.671497642993927,,,,,,
3,,,10519,,,,,,,0.8299754858016968,,,,,,
3,,,10539,,,,,,,0.6513035297393799,,,,,,
3,,,10559,,,,,,,0.7610496282577515,,,,,,
3,,,10579,,,,,,,0.8450037837028503,,,,,,
3,,,10599,,,,,,,0.9555677771568298,,,,,,
3,,,10619,,,,,,,0.8252682685852051,,,,,,
3,,,10639,,,,,,,0.9057691097259521,,,,,,
3,,,10659,,,,,,,1.0356459617614746,,,,,,
3,,,10679,,,,,,,1.1929621696472168,,,,,,
3,,,10699,,,,,,,0.8519412875175476,,,,,,
3,,,10719,,,,,,,0.8559871912002563,,,,,,
3,,,10739,,,,,,,1.0893210172653198,,,,,,
3,,,10759,,,,,,,0.7575421333312988,,,,,,
3,,,10779,,,,,,,0.7561348676681519,,,,,,
3,,,10799,,,,,,,0.7858350276947021,,,,,,
3,,,10819,,,,,,,0.860942542552948,,,,,,
3,,,10839,,,,,,,0.988905668258667,,,,,,
3,,,10859,,,,,,,1.0605113506317139,,,,,,
3,,,10879,,,,,,,1.2695398330688477,,,,,,
3,,,10899,,,,,,,0.7248660326004028,,,,,,
3,,,10919,,,,,,,0.7819886207580566,,,,,,
3,,,10939,,,,,,,0.8664796352386475,,,,,,
3,,,10959,,,,,,,0.7462559938430786,,,,,,
3,,,10979,,,,,,,1.086834192276001,,,,,,
3,,,10999,,,,,,,0.9796582460403442,,,,,,
3,,,11019,,,,,,,0.6286817789077759,,,,,,
3,,,11039,,,,,,,0.7813906073570251,,,,,,
3,,,11059,,,,,,,0.7549622654914856,,,,,,
3,,,11079,,,,,,,1.3307013511657715,,,,,,
3,,,11099,,,,,,,1.0302706956863403,,,,,,
3,,,11119,,,,,,,0.90389484167099,,,,,,
3,,,11139,,,,,,,0.6460988521575928,,,,,,
3,,,11159,,,,,,,0.8417012095451355,,,,,,
3,,,11179,,,,,,,0.7235085964202881,,,,,,
3,,,11199,,,,,,,1.1061670780181885,,,,,,
3,,,11219,,,,,,,0.6894723773002625,,,,,,
3,,,11239,,,,,,,0.7435421347618103,,,,,,
3,,,11259,,,,,,,1.1071139574050903,,,,,,
3,,,11279,,,,,,,0.8864797353744507,,,,,,
3,,,11299,,,,,,,0.8005673885345459,,,,,,
3,,,11319,,,,,,,0.7271435856819153,,,,,,
3,,,11339,,,,,,,0.8231450319290161,,,,,,
3,,,11359,,,,,,,1.297519326210022,,,,,,
3,,,11379,,,,,,,0.9599348902702332,,,,,,
3,,,11399,,,,,,,0.8088301420211792,,,,,,
3,,,11419,,,,,,,0.7841063737869263,,,,,,
3,,,11439,,,,,,,0.745559811592102,,,,,,
3,,,11459,,,,,,,0.8076334595680237,,,,,,
3,,,11479,,,,,,,0.7689766883850098,,,,,,
3,,,11479,,,,,,,,0.4131123721599579,0.31754085421562195,10.42050552368164,0.24797211587429047,0.3590126931667328,0.4131123721599579
3,,,11479,,,,,0.6996086239814758,0.9092621803283691,,,,,,,
,6.795284693254317e-05,6.795284693254317e-05,11480,,,,,,,,,,,,,
4,,,11499,,,,,,,0.7905476689338684,,,,,,
4,,,11519,,,,,,,1.0345159769058228,,,,,,
4,,,11539,,,,,,,0.9381837844848633,,,,,,
4,,,11559,,,,,,,0.9884347319602966,,,,,,
4,,,11579,,,,,,,0.8979881405830383,,,,,,
4,,,11599,,,,,,,0.8301982283592224,,,,,,
4,,,11619,,,,,,,0.7080560922622681,,,,,,
4,,,11639,,,,,,,0.9647613763809204,,,,,,
4,,,11659,,,,,,,1.539924144744873,,,,,,
4,,,11679,,,,,,,0.7853002548217773,,,,,,
4,,,11699,,,,,,,0.83837890625,,,,,,
4,,,11719,,,,,,,0.8779676556587219,,,,,,
4,,,11739,,,,,,,0.8483830690383911,,,,,,
4,,,11759,,,,,,,1.2389938831329346,,,,,,
4,,,11779,,,,,,,1.0634815692901611,,,,,,
4,,,11799,,,,,,,0.9468469619750977,,,,,,
4,,,11819,,,,,,,0.7147342562675476,,,,,,
4,,,11839,,,,,,,0.9149191379547119,,,,,,
4,,,11859,,,,,,,0.8165124654769897,,,,,,
4,,,11879,,,,,,,0.659132719039917,,,,,,
4,,,11899,,,,,,,1.882727861404419,,,,,,
4,,,11919,,,,,,,0.7566726207733154,,,,,,
4,,,11939,,,,,,,0.6768266558647156,,,,,,
4,,,11959,,,,,,,0.7526999711990356,,,,,,
4,,,11979,,,,,,,1.0889296531677246,,,,,,
4,,,11999,,,,,,,1.497843623161316,,,,,,
4,,,12019,,,,,,,0.6907250881195068,,,,,,
4,,,12039,,,,,,,0.796107292175293,,,,,,
4,,,12059,,,,,,,0.9601693749427795,,,,,,
4,,,12079,,,,,,,1.203617811203003,,,,,,
4,,,12099,,,,,,,0.7181295156478882,,,,,,
4,,,12119,,,,,,,0.8219617009162903,,,,,,
4,,,12139,,,,,,,1.523071527481079,,,,,,
4,,,12159,,,,,,,0.6155598759651184,,,,,,
4,,,12179,,,,,,,0.920966386795044,,,,,,
4,,,12199,,,,,,,0.911166250705719,,,,,,
4,,,12219,,,,,,,0.6214056015014648,,,,,,
4,,,12239,,,,,,,0.625316858291626,,,,,,
4,,,12259,,,,,,,0.9540536999702454,,,,,,
4,,,12279,,,,,,,0.9900333881378174,,,,,,
4,,,12299,,,,,,,0.76552414894104,,,,,,
4,,,12319,,,,,,,1.9316859245300293,,,,,,
4,,,12339,,,,,,,1.140429973602295,,,,,,
4,,,12359,,,,,,,0.6163147687911987,,,,,,
4,,,12379,,,,,,,0.979387640953064,,,,,,
4,,,12399,,,,,,,1.7820982933044434,,,,,,
4,,,12419,,,,,,,1.3435564041137695,,,,,,
4,,,12439,,,,,,,0.874800443649292,,,,,,
4,,,12459,,,,,,,0.8801963329315186,,,,,,
4,,,12479,,,,,,,0.9165816307067871,,,,,,
4,,,12499,,,,,,,1.1742708683013916,,,,,,
4,,,12519,,,,,,,0.9253299236297607,,,,,,
4,,,12539,,,,,,,0.7756738066673279,,,,,,
4,,,12559,,,,,,,0.6560889482498169,,,,,,
4,,,12579,,,,,,,0.9367106556892395,,,,,,
4,,,12599,,,,,,,0.6577639579772949,,,,,,
4,,,12619,,,,,,,0.9069504737854004,,,,,,
4,,,12639,,,,,,,0.9071913957595825,,,,,,
4,,,12659,,,,,,,0.7252986431121826,,,,,,
4,,,12679,,,,,,,0.7755640745162964,,,,,,
4,,,12699,,,,,,,0.6611990332603455,,,,,,
4,,,12719,,,,,,,1.3042960166931152,,,,,,
4,,,12739,,,,,,,0.8492622375488281,,,,,,
4,,,12759,,,,,,,0.7760577201843262,,,,,,
4,,,12779,,,,,,,0.91499924659729,,,,,,
4,,,12799,,,,,,,0.937660276889801,,,,,,
4,,,12819,,,,,,,0.7041708827018738,,,,,,
4,,,12839,,,,,,,0.7713384628295898,,,,,,
4,,,12859,,,,,,,0.8819091320037842,,,,,,
4,,,12879,,,,,,,1.189894676208496,,,,,,
4,,,12899,,,,,,,0.9676180481910706,,,,,,
4,,,12919,,,,,,,0.7217952609062195,,,,,,
4,,,12939,,,,,,,0.8099048137664795,,,,,,
4,,,12959,,,,,,,0.7178471088409424,,,,,,
4,,,12979,,,,,,,1.0129773616790771,,,,,,
4,,,12999,,,,,,,0.7466439604759216,,,,,,
4,,,13019,,,,,,,0.8628732562065125,,,,,,
4,,,13039,,,,,,,0.7756531238555908,,,,,,
4,,,13059,,,,,,,0.8762825727462769,,,,,,
4,,,13079,,,,,,,0.6995301246643066,,,,,,
4,,,13099,,,,,,,0.9097623229026794,,,,,,
4,,,13119,,,,,,,1.0505353212356567,,,,,,
4,,,13139,,,,,,,0.7257622480392456,,,,,,
4,,,13159,,,,,,,0.9677387475967407,,,,,,
4,,,13179,,,,,,,0.7629522085189819,,,,,,
4,,,13199,,,,,,,0.8607569932937622,,,,,,
4,,,13219,,,,,,,0.7471671104431152,,,,,,
4,,,13239,,,,,,,0.899217963218689,,,,,,
4,,,13259,,,,,,,1.0289804935455322,,,,,,
4,,,13279,,,,,,,1.0085985660552979,,,,,,
4,,,13299,,,,,,,0.8684778213500977,,,,,,
4,,,13319,,,,,,,2.647824287414551,,,,,,
4,,,13339,,,,,,,0.8309115171432495,,,,,,
4,,,13359,,,,,,,0.7255876660346985,,,,,,
4,,,13379,,,,,,,0.9415620565414429,,,,,,
4,,,13399,,,,,,,1.3927627801895142,,,,,,
4,,,13419,,,,,,,0.6396819949150085,,,,,,
4,,,13439,,,,,,,0.7367528676986694,,,,,,
4,,,13459,,,,,,,0.6947804689407349,,,,,,
4,,,13479,,,,,,,0.9133164882659912,,,,,,
4,,,13499,,,,,,,0.6595302820205688,,,,,,
4,,,13519,,,,,,,0.7037376761436462,,,,,,
4,,,13539,,,,,,,0.7866246700286865,,,,,,
4,,,13559,,,,,,,1.0391944646835327,,,,,,
4,,,13579,,,,,,,1.0506789684295654,,,,,,
4,,,13599,,,,,,,0.9723302125930786,,,,,,
4,,,13619,,,,,,,1.2078853845596313,,,,,,
4,,,13639,,,,,,,1.2726486921310425,,,,,,
4,,,13659,,,,,,,0.9171788692474365,,,,,,
4,,,13679,,,,,,,1.1043038368225098,,,,,,
4,,,13699,,,,,,,0.6287969350814819,,,,,,
4,,,13719,,,,,,,2.2145426273345947,,,,,,
4,,,13739,,,,,,,0.8496416807174683,,,,,,
4,,,13759,,,,,,,0.6796867847442627,,,,,,
4,,,13779,,,,,,,0.6724834442138672,,,,,,
4,,,13799,,,,,,,0.7503257393836975,,,,,,
4,,,13819,,,,,,,0.868675172328949,,,,,,
4,,,13839,,,,,,,0.6320441961288452,,,,,,
4,,,13859,,,,,,,1.1848669052124023,,,,,,
4,,,13879,,,,,,,1.166874885559082,,,,,,
4,,,13899,,,,,,,0.7546913027763367,,,,,,
4,,,13919,,,,,,,1.0005240440368652,,,,,,
4,,,13939,,,,,,,0.9911222457885742,,,,,,
4,,,13959,,,,,,,0.8143124580383301,,,,,,
4,,,13979,,,,,,,0.7335745096206665,,,,,,
4,,,13999,,,,,,,1.106874704360962,,,,,,
4,,,14019,,,,,,,0.9311051964759827,,,,,,
4,,,14039,,,,,,,1.0030497312545776,,,,,,
4,,,14059,,,,,,,1.185723900794983,,,,,,
4,,,14079,,,,,,,0.8363838195800781,,,,,,
4,,,14099,,,,,,,0.8416177034378052,,,,,,
4,,,14119,,,,,,,0.7137044668197632,,,,,,
4,,,14139,,,,,,,0.9653895497322083,,,,,,
4,,,14159,,,,,,,0.857256293296814,,,,,,
4,,,14179,,,,,,,0.7805411219596863,,,,,,
4,,,14199,,,,,,,0.6179077625274658,,,,,,
4,,,14219,,,,,,,0.7731262445449829,,,,,,
4,,,14239,,,,,,,0.6287883520126343,,,,,,
4,,,14259,,,,,,,1.094801664352417,,,,,,
4,,,14279,,,,,,,0.8071370124816895,,,,,,
4,,,14299,,,,,,,1.119216799736023,,,,,,
4,,,14319,,,,,,,0.7618731260299683,,,,,,
4,,,14339,,,,,,,0.9398609399795532,,,,,,
4,,,14349,,,,,,,,0.39796751737594604,0.3538236618041992,12.29793930053711,0.23809657990932465,0.3670487105846405,0.39796751737594604
4,,,14349,,,,,0.7079480886459351,0.9140485525131226,,,,,,,
,8.494105866567896e-05,8.494105866567896e-05,14350,,,,,,,,,,,,,
5,,,14359,,,,,,,0.7585203647613525,,,,,,
5,,,14379,,,,,,,1.3215399980545044,,,,,,
5,,,14399,,,,,,,0.7900597453117371,,,,,,
5,,,14419,,,,,,,1.2766674757003784,,,,,,
5,,,14439,,,,,,,0.9706608057022095,,,,,,
5,,,14459,,,,,,,0.8163895606994629,,,,,,
5,,,14479,,,,,,,0.5882918834686279,,,,,,
5,,,14499,,,,,,,0.7144813537597656,,,,,,
5,,,14519,,,,,,,0.6883604526519775,,,,,,
5,,,14539,,,,,,,0.8722052574157715,,,,,,
5,,,14559,,,,,,,0.9366059899330139,,,,,,
5,,,14579,,,,,,,0.9814728498458862,,,,,,
5,,,14599,,,,,,,0.7884504795074463,,,,,,
5,,,14619,,,,,,,0.6484129428863525,,,,,,
5,,,14639,,,,,,,0.9652957916259766,,,,,,
5,,,14659,,,,,,,0.9524338245391846,,,,,,
5,,,14679,,,,,,,0.8082337379455566,,,,,,
5,,,14699,,,,,,,0.6834610104560852,,,,,,
5,,,14719,,,,,,,0.7090861797332764,,,,,,
5,,,14739,,,,,,,0.6690247058868408,,,,,,
5,,,14759,,,,,,,0.9774692058563232,,,,,,
5,,,14779,,,,,,,1.0537549257278442,,,,,,
5,,,14799,,,,,,,0.8846849203109741,,,,,,
5,,,14819,,,,,,,0.7194878458976746,,,,,,
5,,,14839,,,,,,,1.0419986248016357,,,,,,
5,,,14859,,,,,,,1.7037420272827148,,,,,,
5,,,14879,,,,,,,0.8832032680511475,,,,,,
5,,,14899,,,,,,,0.8364220857620239,,,,,,
5,,,14919,,,,,,,0.6490194797515869,,,,,,
5,,,14939,,,,,,,0.8931258916854858,,,,,,
5,,,14959,,,,,,,0.6819271445274353,,,,,,
5,,,14979,,,,,,,0.9293306469917297,,,,,,
5,,,14999,,,,,,,0.7138394713401794,,,,,,
5,,,15019,,,,,,,0.8304580450057983,,,,,,
5,,,15039,,,,,,,0.8278707265853882,,,,,,
5,,,15059,,,,,,,0.7721682786941528,,,,,,
5,,,15079,,,,,,,1.3549319505691528,,,,,,
5,,,15099,,,,,,,0.8210356831550598,,,,,,
5,,,15119,,,,,,,0.7837002277374268,,,,,,
5,,,15139,,,,,,,0.6686159372329712,,,,,,
5,,,15159,,,,,,,0.7159303426742554,,,,,,
5,,,15179,,,,,,,1.0291659832000732,,,,,,
5,,,15199,,,,,,,0.8012220859527588,,,,,,
5,,,15219,,,,,,,0.8209929466247559,,,,,,
5,,,15239,,,,,,,0.7524619698524475,,,,,,
5,,,15259,,,,,,,0.6683496236801147,,,,,,
5,,,15279,,,,,,,0.8010943531990051,,,,,,
5,,,15299,,,,,,,1.100757360458374,,,,,,
5,,,15319,,,,,,,0.9643997550010681,,,,,,
5,,,15339,,,,,,,1.2248133420944214,,,,,,
5,,,15359,,,,,,,0.7009813189506531,,,,,,
5,,,15379,,,,,,,0.9176240563392639,,,,,,
5,,,15399,,,,,,,0.8055952191352844,,,,,,
5,,,15419,,,,,,,0.8881242275238037,,,,,,
5,,,15439,,,,,,,0.6976743936538696,,,,,,
5,,,15459,,,,,,,0.910865068435669,,,,,,
5,,,15479,,,,,,,0.7981499433517456,,,,,,
5,,,15499,,,,,,,0.840644896030426,,,,,,
5,,,15519,,,,,,,0.9492722749710083,,,,,,
5,,,15539,,,,,,,0.7851007580757141,,,,,,
5,,,15559,,,,,,,1.074730396270752,,,,,,
5,,,15579,,,,,,,0.6363308429718018,,,,,,
5,,,15599,,,,,,,0.8119218349456787,,,,,,
5,,,15619,,,,,,,0.8180553913116455,,,,,,
5,,,15639,,,,,,,0.7733994722366333,,,,,,
5,,,15659,,,,,,,0.8911192417144775,,,,,,
5,,,15679,,,,,,,1.0184516906738281,,,,,,
5,,,15699,,,,,,,0.8540575504302979,,,,,,
5,,,15719,,,,,,,0.7638063430786133,,,,,,
5,,,15739,,,,,,,0.9072227478027344,,,,,,
5,,,15759,,,,,,,0.8611400723457336,,,,,,
5,,,15779,,,,,,,0.7133899927139282,,,,,,
5,,,15799,,,,,,,0.9925534129142761,,,,,,
5,,,15819,,,,,,,0.9550349116325378,,,,,,
5,,,15839,,,,,,,3.0279650688171387,,,,,,
5,,,15859,,,,,,,0.7962325811386108,,,,,,
5,,,15879,,,,,,,0.8253028988838196,,,,,,
5,,,15899,,,,,,,0.7993001341819763,,,,,,
5,,,15919,,,,,,,0.6420702934265137,,,,,,
5,,,15939,,,,,,,0.9575954675674438,,,,,,
5,,,15959,,,,,,,0.750604510307312,,,,,,
5,,,15979,,,,,,,0.7818995714187622,,,,,,
5,,,15999,,,,,,,0.8828544616699219,,,,,,
5,,,16019,,,,,,,0.9628927707672119,,,,,,
5,,,16039,,,,,,,1.060535192489624,,,,,,
5,,,16059,,,,,,,0.7689277529716492,,,,,,
5,,,16079,,,,,,,0.8599082231521606,,,,,,
5,,,16099,,,,,,,0.7155584096908569,,,,,,
5,,,16119,,,,,,,1.0308659076690674,,,,,,
5,,,16139,,,,,,,0.7127184867858887,,,,,,
5,,,16159,,,,,,,0.9105790853500366,,,,,,
5,,,16179,,,,,,,0.8643184304237366,,,,,,
5,,,16199,,,,,,,0.5233437418937683,,,,,,
5,,,16219,,,,,,,0.5008982419967651,,,,,,
5,,,16239,,,,,,,0.563102126121521,,,,,,
5,,,16259,,,,,,,0.9158492684364319,,,,,,
5,,,16279,,,,,,,0.820569634437561,,,,,,
5,,,16299,,,,,,,0.8009903430938721,,,,,,
5,,,16319,,,,,,,0.7018246650695801,,,,,,
5,,,16339,,,,,,,0.6959843635559082,,,,,,
5,,,16359,,,,,,,0.8174547553062439,,,,,,
5,,,16379,,,,,,,0.6863487362861633,,,,,,
5,,,16399,,,,,,,4.6132049560546875,,,,,,
5,,,16419,,,,,,,1.1073696613311768,,,,,,
5,,,16439,,,,,,,1.246881127357483,,,,,,
5,,,16459,,,,,,,0.8816454410552979,,,,,,
5,,,16479,,,,,,,1.0137842893600464,,,,,,
5,,,16499,,,,,,,0.7511968612670898,,,,,,
5,,,16519,,,,,,,0.7572669982910156,,,,,,
5,,,16539,,,,,,,0.6274669170379639,,,,,,
5,,,16559,,,,,,,0.5803697109222412,,,,,,
5,,,16579,,,,,,,0.8176973462104797,,,,,,
5,,,16599,,,,,,,0.9631197452545166,,,,,,
5,,,16619,,,,,,,0.7335705757141113,,,,,,
5,,,16639,,,,,,,0.6527031660079956,,,,,,
5,,,16659,,,,,,,0.7279860377311707,,,,,,
5,,,16679,,,,,,,0.9353963732719421,,,,,,
5,,,16699,,,,,,,0.9085607528686523,,,,,,
5,,,16719,,,,,,,0.9239675402641296,,,,,,
5,,,16739,,,,,,,0.77812659740448,,,,,,
5,,,16759,,,,,,,0.703184962272644,,,,,,
5,,,16779,,,,,,,1.0725609064102173,,,,,,
5,,,16799,,,,,,,1.2467989921569824,,,,,,
5,,,16819,,,,,,,0.8242324590682983,,,,,,
5,,,16839,,,,,,,0.8213745355606079,,,,,,
5,,,16859,,,,,,,0.7504128217697144,,,,,,
5,,,16879,,,,,,,0.8598812818527222,,,,,,
5,,,16899,,,,,,,0.7283040285110474,,,,,,
5,,,16919,,,,,,,0.7637041807174683,,,,,,
5,,,16939,,,,,,,0.9911901354789734,,,,,,
5,,,16959,,,,,,,2.6496315002441406,,,,,,
5,,,16979,,,,,,,0.6832871437072754,,,,,,
5,,,16999,,,,,,,0.6129469275474548,,,,,,
5,,,17019,,,,,,,0.9247531890869141,,,,,,
5,,,17039,,,,,,,0.7219129800796509,,,,,,
5,,,17059,,,,,,,0.7139040231704712,,,,,,
5,,,17079,,,,,,,1.7562434673309326,,,,,,
5,,,17099,,,,,,,1.0264370441436768,,,,,,
5,,,17119,,,,,,,0.8632411956787109,,,,,,
5,,,17139,,,,,,,0.884060800075531,,,,,,
5,,,17159,,,,,,,0.8610307574272156,,,,,,
5,,,17179,,,,,,,0.6704186201095581,,,,,,
5,,,17199,,,,,,,0.766543447971344,,,,,,
5,,,17219,,,,,,,0.9823809266090393,,,,,,
5,,,17219,,,,,,,,0.4162279963493347,0.3668423295021057,12.190644264221191,0.2606648802757263,0.3752540647983551,0.4162279963493347
5,,,17219,,,,,0.7168139815330505,0.8880734443664551,,,,,,,
,0.00010192927039881475,0.00010192927039881475,17220,,,,,,,,,,,,,
6,,,17239,,,,,,,0.6438620686531067,,,,,,
6,,,17259,,,,,,,0.9312480688095093,,,,,,
6,,,17279,,,,,,,0.6641379594802856,,,,,,
6,,,17299,,,,,,,0.7136068344116211,,,,,,
6,,,17319,,,,,,,0.630282998085022,,,,,,
6,,,17339,,,,,,,0.7901729941368103,,,,,,
6,,,17359,,,,,,,0.8195983171463013,,,,,,
6,,,17379,,,,,,,0.8157613277435303,,,,,,
6,,,17399,,,,,,,0.5850693583488464,,,,,,
6,,,17419,,,,,,,0.9120596647262573,,,,,,
6,,,17439,,,,,,,0.8285523653030396,,,,,,
6,,,17459,,,,,,,0.9651004076004028,,,,,,
6,,,17479,,,,,,,1.2850247621536255,,,,,,
6,,,17499,,,,,,,1.0504748821258545,,,,,,
6,,,17519,,,,,,,0.8460700511932373,,,,,,
6,,,17539,,,,,,,0.9794173240661621,,,,,,
6,,,17559,,,,,,,0.8366508483886719,,,,,,
6,,,17579,,,,,,,1.064119815826416,,,,,,
6,,,17599,,,,,,,0.911942183971405,,,,,,
6,,,17619,,,,,,,1.3204655647277832,,,,,,
6,,,17639,,,,,,,1.7947086095809937,,,,,,
6,,,17659,,,,,,,1.1481704711914062,,,,,,
6,,,17679,,,,,,,0.6880812644958496,,,,,,
6,,,17699,,,,,,,0.8635355830192566,,,,,,
6,,,17719,,,,,,,0.7998508214950562,,,,,,
6,,,17739,,,,,,,0.9239913821220398,,,,,,
6,,,17759,,,,,,,0.8612275719642639,,,,,,
6,,,17779,,,,,,,1.2432559728622437,,,,,,
6,,,17799,,,,,,,2.6530072689056396,,,,,,
6,,,17819,,,,,,,0.7804797887802124,,,,,,
6,,,17839,,,,,,,0.7670844793319702,,,,,,
6,,,17859,,,,,,,0.68812096118927,,,,,,
6,,,17879,,,,,,,0.7262611985206604,,,,,,
6,,,17899,,,,,,,0.6589497327804565,,,,,,
6,,,17919,,,,,,,1.0578162670135498,,,,,,
6,,,17939,,,,,,,0.6924742460250854,,,,,,
6,,,17959,,,,,,,0.7578567266464233,,,,,,
6,,,17979,,,,,,,4.192752361297607,,,,,,
6,,,17999,,,,,,,0.7440293431282043,,,,,,
6,,,18019,,,,,,,0.8110226392745972,,,,,,
6,,,18039,,,,,,,0.8804243803024292,,,,,,
6,,,18059,,,,,,,0.984516441822052,,,,,,
6,,,18079,,,,,,,0.963421106338501,,,,,,
6,,,18099,,,,,,,2.914700746536255,,,,,,
6,,,18119,,,,,,,0.7180123329162598,,,,,,
6,,,18139,,,,,,,0.8027956485748291,,,,,,
6,,,18159,,,,,,,1.009946584701538,,,,,,
6,,,18179,,,,,,,1.0332235097885132,,,,,,
6,,,18199,,,,,,,0.8287531733512878,,,,,,
6,,,18219,,,,,,,0.8357094526290894,,,,,,
6,,,18239,,,,,,,0.9723128080368042,,,,,,
6,,,18259,,,,,,,0.8670532703399658,,,,,,
6,,,18279,,,,,,,1.1036992073059082,,,,,,
6,,,18299,,,,,,,0.8226478099822998,,,,,,
6,,,18319,,,,,,,0.9740824103355408,,,,,,
6,,,18339,,,,,,,1.0277807712554932,,,,,,
6,,,18359,,,,,,,0.8747386336326599,,,,,,
6,,,18379,,,,,,,1.0326998233795166,,,,,,
6,,,18399,,,,,,,1.1195324659347534,,,,,,
6,,,18419,,,,,,,0.8868944644927979,,,,,,
6,,,18439,,,,,,,0.8365808129310608,,,,,,
6,,,18459,,,,,,,0.5949273109436035,,,,,,
6,,,18479,,,,,,,0.6517307758331299,,,,,,
6,,,18499,,,,,,,1.0457710027694702,,,,,,
6,,,18519,,,,,,,0.7752186059951782,,,,,,
6,,,18539,,,,,,,0.6853653788566589,,,,,,
6,,,18559,,,,,,,0.5384944081306458,,,,,,
6,,,18579,,,,,,,0.8918883800506592,,,,,,
6,,,18599,,,,,,,0.7685040235519409,,,,,,
6,,,18619,,,,,,,0.7572787404060364,,,,,,
6,,,18639,,,,,,,1.0050073862075806,,,,,,
6,,,18659,,,,,,,0.984557032585144,,,,,,
6,,,18679,,,,,,,0.6790827512741089,,,,,,
6,,,18699,,,,,,,0.6993105411529541,,,,,,
6,,,18719,,,,,,,1.4219244718551636,,,,,,
6,,,18739,,,,,,,0.6502106785774231,,,,,,
6,,,18759,,,,,,,0.7431403398513794,,,,,,
6,,,18779,,,,,,,0.5612792372703552,,,,,,
6,,,18799,,,,,,,0.76535964012146,,,,,,
6,,,18819,,,,,,,0.7834721803665161,,,,,,
6,,,18839,,,,,,,0.7520516514778137,,,,,,
6,,,18859,,,,,,,0.6557239294052124,,,,,,
6,,,18879,,,,,,,0.8972024917602539,,,,,,
6,,,18899,,,,,,,0.6932039856910706,,,,,,
6,,,18919,,,,,,,0.6174657344818115,,,,,,
6,,,18939,,,,,,,0.5887219905853271,,,,,,
6,,,18959,,,,,,,0.8934738039970398,,,,,,
6,,,18979,,,,,,,0.7282475829124451,,,,,,
6,,,18999,,,,,,,0.6698441505432129,,,,,,
6,,,19019,,,,,,,0.759183406829834,,,,,,
6,,,19039,,,,,,,0.9111218452453613,,,,,,
6,,,19059,,,,,,,0.6337130665779114,,,,,,
6,,,19079,,,,,,,0.7692450881004333,,,,,,
6,,,19099,,,,,,,0.8355362415313721,,,,,,
6,,,19119,,,,,,,0.8675005435943604,,,,,,
6,,,19139,,,,,,,0.9101619720458984,,,,,,
6,,,19159,,,,,,,0.5240615010261536,,,,,,
6,,,19179,,,,,,,0.7695294618606567,,,,,,
6,,,19199,,,,,,,0.8212347030639648,,,,,,
6,,,19219,,,,,,,0.6562641859054565,,,,,,
6,,,19239,,,,,,,0.43506309390068054,,,,,,
6,,,19259,,,,,,,1.0868927240371704,,,,,,
6,,,19279,,,,,,,0.9806815385818481,,,,,,
6,,,19299,,,,,,,0.6493675708770752,,,,,,
6,,,19319,,,,,,,0.7325620651245117,,,,,,
6,,,19339,,,,,,,0.8472354412078857,,,,,,
6,,,19359,,,,,,,0.9767704606056213,,,,,,
6,,,19379,,,,,,,1.2273582220077515,,,,,,
6,,,19399,,,,,,,0.7731338143348694,,,,,,
6,,,19419,,,,,,,1.06548273563385,,,,,,
6,,,19439,,,,,,,0.9498617649078369,,,,,,
6,,,19459,,,,,,,0.9795445203781128,,,,,,
6,,,19479,,,,,,,0.8349277973175049,,,,,,
6,,,19499,,,,,,,0.8083446025848389,,,,,,
6,,,19519,,,,,,,0.9632111191749573,,,,,,
6,,,19539,,,,,,,1.477095603942871,,,,,,
6,,,19559,,,,,,,0.6811136603355408,,,,,,
6,,,19579,,,,,,,0.8705545663833618,,,,,,
6,,,19599,,,,,,,0.8052614331245422,,,,,,
6,,,19619,,,,,,,0.653138279914856,,,,,,
6,,,19639,,,,,,,0.863483190536499,,,,,,
6,,,19659,,,,,,,1.0371778011322021,,,,,,
6,,,19679,,,,,,,0.8816649913787842,,,,,,
6,,,19699,,,,,,,0.5650943517684937,,,,,,
6,,,19719,,,,,,,0.6785510182380676,,,,,,
6,,,19739,,,,,,,1.9129693508148193,,,,,,
6,,,19759,,,,,,,1.1056609153747559,,,,,,
6,,,19779,,,,,,,0.7561625242233276,,,,,,
6,,,19799,,,,,,,0.8915863633155823,,,,,,
6,,,19819,,,,,,,0.6286755800247192,,,,,,
6,,,19839,,,,,,,1.0643322467803955,,,,,,
6,,,19859,,,,,,,0.539103090763092,,,,,,
6,,,19879,,,,,,,0.8079683780670166,,,,,,
6,,,19899,,,,,,,0.7027274370193481,,,,,,
6,,,19919,,,,,,,1.0349348783493042,,,,,,
6,,,19939,,,,,,,0.6276255249977112,,,,,,
6,,,19959,,,,,,,0.9925897717475891,,,,,,
6,,,19979,,,,,,,0.7245868444442749,,,,,,
6,,,19999,,,,,,,0.872757613658905,,,,,,
6,,,20019,,,,,,,0.676277756690979,,,,,,
6,,,20039,,,,,,,1.0353245735168457,,,,,,
6,,,20059,,,,,,,1.0905382633209229,,,,,,
6,,,20079,,,,,,,0.7264372706413269,,,,,,
6,,,20089,,,,,,,,0.38523656129837036,0.3405734598636627,11.430230140686035,0.22174197435379028,0.36165210604667664,0.38523656129837036
6,,,20089,,,,,0.7230182886123657,0.8766902089118958,,,,,,,
,0.00011891748213195053,0.00011891748213195053,20090,,,,,,,,,,,,,
7,,,20099,,,,,,,1.1737054586410522,,,,,,
7,,,20119,,,,,,,0.92409348487854,,,,,,
7,,,20139,,,,,,,0.6751511096954346,,,,,,
7,,,20159,,,,,,,0.7836959362030029,,,,,,
7,,,20179,,,,,,,0.7689040303230286,,,,,,
7,,,20199,,,,,,,0.9523530006408691,,,,,,
7,,,20219,,,,,,,1.1939997673034668,,,,,,
7,,,20239,,,,,,,0.916724681854248,,,,,,
7,,,20259,,,,,,,0.711220920085907,,,,,,
7,,,20279,,,,,,,0.8394529819488525,,,,,,
7,,,20299,,,,,,,0.6845228672027588,,,,,,
7,,,20319,,,,,,,1.0891436338424683,,,,,,
7,,,20339,,,,,,,0.6501901745796204,,,,,,
7,,,20359,,,,,,,1.3404123783111572,,,,,,
7,,,20379,,,,,,,0.7113773822784424,,,,,,
7,,,20399,,,,,,,0.9520823955535889,,,,,,
7,,,20419,,,,,,,0.7738624811172485,,,,,,
7,,,20439,,,,,,,0.8168522715568542,,,,,,
7,,,20459,,,,,,,0.5831577181816101,,,,,,
7,,,20479,,,,,,,0.7296247482299805,,,,,,
7,,,20499,,,,,,,0.7216602563858032,,,,,,
7,,,20519,,,,,,,0.7595046758651733,,,,,,
7,,,20539,,,,,,,1.006247878074646,,,,,,
7,,,20559,,,,,,,0.650589108467102,,,,,,
7,,,20579,,,,,,,0.7711554765701294,,,,,,
7,,,20599,,,,,,,0.7319592237472534,,,,,,
7,,,20619,,,,,,,1.3329799175262451,,,,,,
7,,,20639,,,,,,,1.084128975868225,,,,,,
7,,,20659,,,,,,,0.6141859292984009,,,,,,
7,,,20679,,,,,,,1.2027781009674072,,,,,,
7,,,20699,,,,,,,0.9095211029052734,,,,,,
7,,,20719,,,,,,,0.7117449045181274,,,,,,
7,,,20739,,,,,,,0.7104568481445312,,,,,,
7,,,20759,,,,,,,0.5991584062576294,,,,,,
7,,,20779,,,,,,,0.6602201461791992,,,,,,
7,,,20799,,,,,,,1.2320959568023682,,,,,,
7,,,20819,,,,,,,1.109808325767517,,,,,,
7,,,20839,,,,,,,0.7045228481292725,,,,,,
7,,,20859,,,,,,,0.7135358452796936,,,,,,
7,,,20879,,,,,,,1.24290132522583,,,,,,
7,,,20899,,,,,,,0.8103078603744507,,,,,,
7,,,20919,,,,,,,0.8074856996536255,,,,,,
7,,,20939,,,,,,,1.1040112972259521,,,,,,
7,,,20959,,,,,,,0.6165841817855835,,,,,,
7,,,20979,,,,,,,0.6903106570243835,,,,,,
7,,,20999,,,,,,,0.7968127131462097,,,,,,
7,,,21019,,,,,,,0.9398448467254639,,,,,,
7,,,21039,,,,,,,0.6679942607879639,,,,,,
7,,,21059,,,,,,,0.8430821299552917,,,,,,
7,,,21079,,,,,,,0.917582094669342,,,,,,
7,,,21099,,,,,,,0.7620687484741211,,,,,,
7,,,21119,,,,,,,0.6052820682525635,,,,,,
7,,,21139,,,,,,,0.9361233711242676,,,,,,
7,,,21159,,,,,,,1.2193617820739746,,,,,,
7,,,21179,,,,,,,0.7065997123718262,,,,,,
7,,,21199,,,,,,,0.8268463611602783,,,,,,
7,,,21219,,,,,,,0.8388376235961914,,,,,,
7,,,21239,,,,,,,0.8301628828048706,,,,,,
7,,,21259,,,,,,,0.8308604955673218,,,,,,
7,,,21279,,,,,,,0.8352305889129639,,,,,,
7,,,21299,,,,,,,0.798226535320282,,,,,,
7,,,21319,,,,,,,0.8093259930610657,,,,,,
7,,,21339,,,,,,,0.6062664985656738,,,,,,
7,,,21359,,,,,,,0.940645158290863,,,,,,
7,,,21379,,,,,,,0.8095592856407166,,,,,,
7,,,21399,,,,,,,0.6067925691604614,,,,,,
7,,,21419,,,,,,,0.797187328338623,,,,,,
7,,,21439,,,,,,,0.7355021238327026,,,,,,
7,,,21459,,,,,,,0.9483956098556519,,,,,,
7,,,21479,,,,,,,0.6948007345199585,,,,,,
7,,,21499,,,,,,,0.9141599535942078,,,,,,
7,,,21519,,,,,,,0.697023868560791,,,,,,
7,,,21539,,,,,,,0.8954769372940063,,,,,,
7,,,21559,,,,,,,0.8457825779914856,,,,,,
7,,,21579,,,,,,,1.0258593559265137,,,,,,
7,,,21599,,,,,,,0.6490616202354431,,,,,,
7,,,21619,,,,,,,0.9811078310012817,,,,,,
7,,,21639,,,,,,,1.783142328262329,,,,,,
7,,,21659,,,,,,,0.7792376279830933,,,,,,
7,,,21679,,,,,,,1.450187087059021,,,,,,
7,,,21699,,,,,,,0.805255651473999,,,,,,
7,,,21719,,,,,,,1.104260802268982,,,,,,
7,,,21739,,,,,,,0.6947690844535828,,,,,,
7,,,21759,,,,,,,0.7732884883880615,,,,,,
7,,,21779,,,,,,,1.1888439655303955,,,,,,
7,,,21799,,,,,,,0.7416491508483887,,,,,,
7,,,21819,,,,,,,0.7497210502624512,,,,,,
7,,,21839,,,,,,,0.7040504813194275,,,,,,
7,,,21859,,,,,,,0.6093880534172058,,,,,,
7,,,21879,,,,,,,0.6948534250259399,,,,,,
7,,,21899,,,,,,,0.6698283553123474,,,,,,
7,,,21919,,,,,,,1.0469197034835815,,,,,,
7,,,21939,,,,,,,0.5840835571289062,,,,,,
7,,,21959,,,,,,,0.8594452142715454,,,,,,
7,,,21979,,,,,,,0.9437004923820496,,,,,,
7,,,21999,,,,,,,0.9569023251533508,,,,,,
7,,,22019,,,,,,,0.5514569282531738,,,,,,
7,,,22039,,,,,,,1.4449317455291748,,,,,,
7,,,22059,,,,,,,0.8378832936286926,,,,,,
7,,,22079,,,,,,,0.5602972507476807,,,,,,
7,,,22099,,,,,,,0.8312007188796997,,,,,,
7,,,22119,,,,,,,0.9445480108261108,,,,,,
7,,,22139,,,,,,,0.7690516710281372,,,,,,
7,,,22159,,,,,,,0.8666717410087585,,,,,,
7,,,22179,,,,,,,0.6005147695541382,,,,,,
7,,,22199,,,,,,,0.7267500162124634,,,,,,
7,,,22219,,,,,,,0.6623135805130005,,,,,,
7,,,22239,,,,,,,0.63990718126297,,,,,,
7,,,22259,,,,,,,0.9799758195877075,,,,,,
7,,,22279,,,,,,,1.1713159084320068,,,,,,
7,,,22299,,,,,,,0.6952192783355713,,,,,,
7,,,22319,,,,,,,0.6229478716850281,,,,,,
7,,,22339,,,,,,,1.0502439737319946,,,,,,
7,,,22359,,,,,,,0.8837567567825317,,,,,,
7,,,22379,,,,,,,1.0420539379119873,,,,,,
7,,,22399,,,,,,,0.6517462134361267,,,,,,
7,,,22419,,,,,,,0.7314503788948059,,,,,,
7,,,22439,,,,,,,0.916063666343689,,,,,,
7,,,22459,,,,,,,0.7161815762519836,,,,,,
7,,,22479,,,,,,,0.7106514573097229,,,,,,
7,,,22499,,,,,,,0.606377899646759,,,,,,
7,,,22519,,,,,,,0.6620326042175293,,,,,,
7,,,22539,,,,,,,1.131840467453003,,,,,,
7,,,22559,,,,,,,1.3819072246551514,,,,,,
7,,,22579,,,,,,,0.6215516924858093,,,,,,
7,,,22599,,,,,,,0.6477134227752686,,,,,,
7,,,22619,,,,,,,0.8960556983947754,,,,,,
7,,,22639,,,,,,,0.6451960802078247,,,,,,
7,,,22659,,,,,,,0.9454962015151978,,,,,,
7,,,22679,,,,,,,1.020986795425415,,,,,,
7,,,22699,,,,,,,0.632514476776123,,,,,,
7,,,22719,,,,,,,0.780258297920227,,,,,,
7,,,22739,,,,,,,0.7607443928718567,,,,,,
7,,,22759,,,,,,,0.6803876161575317,,,,,,
7,,,22779,,,,,,,0.912666916847229,,,,,,
7,,,22799,,,,,,,0.9154325127601624,,,,,,
7,,,22819,,,,,,,0.6805335879325867,,,,,,
7,,,22839,,,,,,,1.2021458148956299,,,,,,
7,,,22859,,,,,,,0.7174080610275269,,,,,,
7,,,22879,,,,,,,0.9660015106201172,,,,,,
7,,,22899,,,,,,,0.6189446449279785,,,,,,
7,,,22919,,,,,,,0.8377026319503784,,,,,,
7,,,22939,,,,,,,0.8748759031295776,,,,,,
7,,,22959,,,,,,,0.7617327570915222,,,,,,
7,,,22959,,,,,,,,0.4296887516975403,0.37309926748275757,11.798291206359863,0.2714804708957672,0.3618336617946625,0.4296887516975403
7,,,22959,,,,,0.7275911569595337,0.8648031949996948,,,,,,,
,0.00013590569386508634,0.00013590569386508634,22960,,,,,,,,,,,,,
8,,,22979,,,,,,,1.0340807437896729,,,,,,
8,,,22999,,,,,,,0.6959114074707031,,,,,,
8,,,23019,,,,,,,0.7301726341247559,,,,,,
8,,,23039,,,,,,,0.5929797291755676,,,,,,
8,,,23059,,,,,,,0.7155395150184631,,,,,,
8,,,23079,,,,,,,0.9053723812103271,,,,,,
8,,,23099,,,,,,,0.9995484352111816,,,,,,
8,,,23119,,,,,,,0.8891347050666809,,,,,,
8,,,23139,,,,,,,0.8999322652816772,,,,,,
8,,,23159,,,,,,,0.718463659286499,,,,,,
8,,,23179,,,,,,,0.7149019837379456,,,,,,
8,,,23199,,,,,,,0.8616584539413452,,,,,,
8,,,23219,,,,,,,0.5934394001960754,,,,,,
8,,,23239,,,,,,,0.6222999095916748,,,,,,
8,,,23259,,,,,,,0.6989122629165649,,,,,,
8,,,23279,,,,,,,1.052008867263794,,,,,,
8,,,23299,,,,,,,0.8378393650054932,,,,,,
8,,,23319,,,,,,,0.6991317272186279,,,,,,
8,,,23339,,,,,,,0.5366051197052002,,,,,,
8,,,23359,,,,,,,0.5889761447906494,,,,,,
8,,,23379,,,,,,,0.6891294717788696,,,,,,
8,,,23399,,,,,,,0.7281988859176636,,,,,,
8,,,23419,,,,,,,0.8247666358947754,,,,,,
8,,,23439,,,,,,,0.8008360862731934,,,,,,
8,,,23459,,,,,,,0.7689617872238159,,,,,,
8,,,23479,,,,,,,0.826561450958252,,,,,,
8,,,23499,,,,,,,0.6415523290634155,,,,,,
8,,,23519,,,,,,,1.3749754428863525,,,,,,
8,,,23539,,,,,,,1.549204707145691,,,,,,
8,,,23559,,,,,,,0.8352839946746826,,,,,,
8,,,23579,,,,,,,1.6890020370483398,,,,,,
8,,,23599,,,,,,,0.7946723699569702,,,,,,
8,,,23619,,,,,,,0.8258881568908691,,,,,,
8,,,23639,,,,,,,0.8932530283927917,,,,,,
8,,,23659,,,,,,,0.9116337299346924,,,,,,
8,,,23679,,,,,,,0.9281054139137268,,,,,,
8,,,23699,,,,,,,0.7402808666229248,,,,,,
8,,,23719,,,,,,,0.8099309206008911,,,,,,
8,,,23739,,,,,,,0.8542182445526123,,,,,,
8,,,23759,,,,,,,0.8015760183334351,,,,,,
8,,,23779,,,,,,,0.9124872088432312,,,,,,
8,,,23799,,,,,,,0.6427690982818604,,,,,,
8,,,23819,,,,,,,1.0309414863586426,,,,,,
8,,,23839,,,,,,,1.098443627357483,,,,,,
8,,,23859,,,,,,,1.2884536981582642,,,,,,
8,,,23879,,,,,,,0.6179758906364441,,,,,,
8,,,23899,,,,,,,0.8646506071090698,,,,,,
8,,,23919,,,,,,,0.9887497425079346,,,,,,
8,,,23939,,,,,,,0.9792063236236572,,,,,,
8,,,23959,,,,,,,0.9605430960655212,,,,,,
8,,,23979,,,,,,,0.7026242017745972,,,,,,
8,,,23999,,,,,,,0.8324439525604248,,,,,,
8,,,24019,,,,,,,1.1571017503738403,,,,,,
8,,,24039,,,,,,,0.9638464450836182,,,,,,
8,,,24059,,,,,,,1.5827383995056152,,,,,,
8,,,24079,,,,,,,0.6770035028457642,,,,,,
8,,,24099,,,,,,,1.0081686973571777,,,,,,
8,,,24119,,,,,,,0.7003082036972046,,,,,,
8,,,24139,,,,,,,0.6944675445556641,,,,,,
8,,,24159,,,,,,,0.6080144047737122,,,,,,
8,,,24179,,,,,,,1.0708863735198975,,,,,,
8,,,24199,,,,,,,0.8377431631088257,,,,,,
8,,,24219,,,,,,,0.9595078825950623,,,,,,
8,,,24239,,,,,,,0.7545977830886841,,,,,,
8,,,24259,,,,,,,0.804219663143158,,,,,,
8,,,24279,,,,,,,0.8457151055335999,,,,,,
8,,,24299,,,,,,,0.8067797422409058,,,,,,
8,,,24319,,,,,,,0.6975465416908264,,,,,,
8,,,24339,,,,,,,1.1145379543304443,,,,,,
8,,,24359,,,,,,,0.902336061000824,,,,,,
8,,,24379,,,,,,,0.6537301540374756,,,,,,
8,,,24399,,,,,,,0.7904981374740601,,,,,,
8,,,24419,,,,,,,0.8347631096839905,,,,,,
8,,,24439,,,,,,,0.7745468616485596,,,,,,
8,,,24459,,,,,,,0.7203027009963989,,,,,,
8,,,24479,,,,,,,1.230296015739441,,,,,,
8,,,24499,,,,,,,0.5205302238464355,,,,,,
8,,,24519,,,,,,,1.4627060890197754,,,,,,
8,,,24539,,,,,,,1.0372200012207031,,,,,,
8,,,24559,,,,,,,0.8517411351203918,,,,,,
8,,,24579,,,,,,,0.589609682559967,,,,,,
8,,,24599,,,,,,,0.5644375681877136,,,,,,
8,,,24619,,,,,,,0.6987472772598267,,,,,,
8,,,24639,,,,,,,0.8315308094024658,,,,,,
8,,,24659,,,,,,,0.6769626140594482,,,,,,
8,,,24679,,,,,,,1.1379051208496094,,,,,,
8,,,24699,,,,,,,0.7810128927230835,,,,,,
8,,,24719,,,,,,,0.7592333555221558,,,,,,
8,,,24739,,,,,,,0.8013370633125305,,,,,,
8,,,24759,,,,,,,0.6968048214912415,,,,,,
8,,,24779,,,,,,,0.9605085849761963,,,,,,
8,,,24799,,,,,,,1.4424757957458496,,,,,,
8,,,24819,,,,,,,0.6302497386932373,,,,,,
8,,,24839,,,,,,,1.2300615310668945,,,,,,
8,,,24859,,,,,,,0.7722324132919312,,,,,,
8,,,24879,,,,,,,0.7312278747558594,,,,,,
8,,,24899,,,,,,,0.9206375479698181,,,,,,
8,,,24919,,,,,,,0.6586951613426208,,,,,,
8,,,24939,,,,,,,0.7154515981674194,,,,,,
8,,,24959,,,,,,,0.7162066698074341,,,,,,
8,,,24979,,,,,,,0.8726143836975098,,,,,,
8,,,24999,,,,,,,0.6630175709724426,,,,,,
8,,,25019,,,,,,,0.8973749279975891,,,,,,
8,,,25039,,,,,,,0.9738223552703857,,,,,,
8,,,25059,,,,,,,0.7397589683532715,,,,,,
8,,,25079,,,,,,,0.8772021532058716,,,,,,
8,,,25099,,,,,,,0.7766715884208679,,,,,,
8,,,25119,,,,,,,0.5997574329376221,,,,,,
8,,,25139,,,,,,,0.6718404293060303,,,,,,
8,,,25159,,,,,,,0.5567543506622314,,,,,,
8,,,25179,,,,,,,1.6749799251556396,,,,,,
8,,,25199,,,,,,,0.5851273536682129,,,,,,
8,,,25219,,,,,,,0.8946429491043091,,,,,,
8,,,25239,,,,,,,1.233452320098877,,,,,,
8,,,25259,,,,,,,0.6337345838546753,,,,,,
8,,,25279,,,,,,,0.6788856983184814,,,,,,
8,,,25299,,,,,,,0.8042682409286499,,,,,,
8,,,25319,,,,,,,0.501072108745575,,,,,,
8,,,25339,,,,,,,0.7225531935691833,,,,,,
8,,,25359,,,,,,,0.754146933555603,,,,,,
8,,,25379,,,,,,,0.7087500691413879,,,,,,
8,,,25399,,,,,,,0.8001675009727478,,,,,,
8,,,25419,,,,,,,0.9374632835388184,,,,,,
8,,,25439,,,,,,,0.7995586395263672,,,,,,
8,,,25459,,,,,,,1.104929804801941,,,,,,
8,,,25479,,,,,,,1.0783342123031616,,,,,,
8,,,25499,,,,,,,0.6484978199005127,,,,,,
8,,,25519,,,,,,,0.5319948196411133,,,,,,
8,,,25539,,,,,,,0.9756516218185425,,,,,,
8,,,25559,,,,,,,0.5903685092926025,,,,,,
8,,,25579,,,,,,,1.8044629096984863,,,,,,
8,,,25599,,,,,,,0.6376594305038452,,,,,,
8,,,25619,,,,,,,0.5511938333511353,,,,,,
8,,,25639,,,,,,,0.8803561329841614,,,,,,
8,,,25659,,,,,,,0.7912348508834839,,,,,,
8,,,25679,,,,,,,0.8006709814071655,,,,,,
8,,,25699,,,,,,,0.8821449279785156,,,,,,
8,,,25719,,,,,,,0.9002279043197632,,,,,,
8,,,25739,,,,,,,0.8950032591819763,,,,,,
8,,,25759,,,,,,,0.994761049747467,,,,,,
8,,,25779,,,,,,,0.7869723439216614,,,,,,
8,,,25799,,,,,,,0.7047274112701416,,,,,,
8,,,25819,,,,,,,0.6607112884521484,,,,,,
8,,,25829,,,,,,,,0.3899942934513092,0.3338317275047302,12.018865585327148,0.21552462875843048,0.33314231038093567,0.3899942934513092
8,,,25829,,,,,0.7303123474121094,0.8562934398651123,,,,,,,
,0.00015289390559822215,0.00015289390559822215,25830,,,,,,,,,,,,,
9,,,25839,,,,,,,0.8925951719284058,,,,,,
9,,,25859,,,,,,,1.1088621616363525,,,,,,
9,,,25879,,,,,,,0.7992653846740723,,,,,,
9,,,25899,,,,,,,0.8685427904129028,,,,,,
9,,,25919,,,,,,,0.6800899505615234,,,,,,
9,,,25939,,,,,,,0.7524197697639465,,,,,,
9,,,25959,,,,,,,0.6805838346481323,,,,,,
9,,,25979,,,,,,,0.6298078298568726,,,,,,
9,,,25999,,,,,,,1.47054123878479,,,,,,
9,,,26019,,,,,,,0.6458160281181335,,,,,,
9,,,26039,,,,,,,0.953207790851593,,,,,,
9,,,26059,,,,,,,0.8539422750473022,,,,,,
9,,,26079,,,,,,,0.7849593162536621,,,,,,
9,,,26099,,,,,,,0.6794868111610413,,,,,,
9,,,26119,,,,,,,0.6405126452445984,,,,,,
9,,,26139,,,,,,,0.5943480730056763,,,,,,
9,,,26159,,,,,,,0.6695300936698914,,,,,,
9,,,26179,,,,,,,0.931153416633606,,,,,,
9,,,26199,,,,,,,0.8687855005264282,,,,,,
9,,,26219,,,,,,,0.734078049659729,,,,,,
9,,,26239,,,,,,,0.6484365463256836,,,,,,
9,,,26259,,,,,,,0.9676069021224976,,,,,,
9,,,26279,,,,,,,0.7793682217597961,,,,,,
9,,,26299,,,,,,,1.2012594938278198,,,,,,
9,,,26319,,,,,,,0.7245112657546997,,,,,,
9,,,26339,,,,,,,0.8206965923309326,,,,,,
9,,,26359,,,,,,,0.8160865306854248,,,,,,
9,,,26379,,,,,,,0.7207023501396179,,,,,,
9,,,26399,,,,,,,1.1110857725143433,,,,,,
9,,,26419,,,,,,,1.0397560596466064,,,,,,
9,,,26439,,,,,,,0.7415919303894043,,,,,,
9,,,26459,,,,,,,1.1543233394622803,,,,,,
9,,,26479,,,,,,,0.7039874792098999,,,,,,
9,,,26499,,,,,,,0.648456335067749,,,,,,
9,,,26519,,,,,,,0.6864084601402283,,,,,,
9,,,26539,,,,,,,0.6641954779624939,,,,,,
9,,,26559,,,,,,,1.3479554653167725,,,,,,
9,,,26579,,,,,,,0.7100832462310791,,,,,,
9,,,26599,,,,,,,0.6983399987220764,,,,,,
9,,,26619,,,,,,,0.9272921681404114,,,,,,
9,,,26639,,,,,,,0.9312376379966736,,,,,,
9,,,26659,,,,,,,1.0376694202423096,,,,,,
9,,,26679,,,,,,,0.7378190755844116,,,,,,
9,,,26699,,,,,,,0.744594931602478,,,,,,
9,,,26719,,,,,,,0.8046700954437256,,,,,,
9,,,26739,,,,,,,0.7946202754974365,,,,,,
9,,,26759,,,,,,,1.2679970264434814,,,,,,
9,,,26779,,,,,,,0.7173638343811035,,,,,,
9,,,26799,,,,,,,0.5952557325363159,,,,,,
9,,,26819,,,,,,,0.6618812680244446,,,,,,
9,,,26839,,,,,,,0.6585036516189575,,,,,,
9,,,26859,,,,,,,0.8135307431221008,,,,,,
9,,,26879,,,,,,,0.6195322275161743,,,,,,
9,,,26899,,,,,,,0.8074915409088135,,,,,,
9,,,26919,,,,,,,0.5604485273361206,,,,,,
9,,,26939,,,,,,,0.8680061101913452,,,,,,
9,,,26959,,,,,,,0.6502394080162048,,,,,,
9,,,26979,,,,,,,1.0172772407531738,,,,,,
9,,,26999,,,,,,,0.881475567817688,,,,,,
9,,,27019,,,,,,,0.8054811954498291,,,,,,
9,,,27039,,,,,,,0.8991140127182007,,,,,,
9,,,27059,,,,,,,0.8022795915603638,,,,,,
9,,,27079,,,,,,,0.8625383377075195,,,,,,
9,,,27099,,,,,,,0.7704529762268066,,,,,,
9,,,27119,,,,,,,0.7589017152786255,,,,,,
9,,,27139,,,,,,,0.7319828867912292,,,,,,
9,,,27159,,,,,,,0.8258269429206848,,,,,,
9,,,27179,,,,,,,1.0141241550445557,,,,,,
9,,,27199,,,,,,,0.6547659039497375,,,,,,
9,,,27219,,,,,,,0.6402804255485535,,,,,,
9,,,27239,,,,,,,1.2347244024276733,,,,,,
9,,,27259,,,,,,,0.5103764533996582,,,,,,
9,,,27279,,,,,,,0.9662041664123535,,,,,,
9,,,27299,,,,,,,0.8344186544418335,,,,,,
9,,,27319,,,,,,,0.8577156066894531,,,,,,
9,,,27339,,,,,,,0.9324119091033936,,,,,,
9,,,27359,,,,,,,1.0233564376831055,,,,,,
9,,,27379,,,,,,,0.6848658323287964,,,,,,
9,,,27399,,,,,,,0.775870680809021,,,,,,
9,,,27419,,,,,,,0.569478452205658,,,,,,
9,,,27439,,,,,,,0.7394713163375854,,,,,,
9,,,27459,,,,,,,0.7526212930679321,,,,,,
9,,,27479,,,,,,,0.7792209386825562,,,,,,
9,,,27499,,,,,,,0.9207406044006348,,,,,,
9,,,27519,,,,,,,0.9964830875396729,,,,,,
9,,,27539,,,,,,,0.7879389524459839,,,,,,
9,,,27559,,,,,,,0.8690812587738037,,,,,,
9,,,27579,,,,,,,0.7318809032440186,,,,,,
9,,,27599,,,,,,,0.8740693926811218,,,,,,
9,,,27619,,,,,,,0.9562510251998901,,,,,,
9,,,27639,,,,,,,0.5137702822685242,,,,,,
9,,,27659,,,,,,,0.7539788484573364,,,,,,
9,,,27679,,,,,,,0.7165318727493286,,,,,,
9,,,27699,,,,,,,0.797747015953064,,,,,,
9,,,27719,,,,,,,0.697130024433136,,,,,,
9,,,27739,,,,,,,0.5884857177734375,,,,,,
9,,,27759,,,,,,,1.1016950607299805,,,,,,
9,,,27779,,,,,,,0.7647887468338013,,,,,,
9,,,27799,,,,,,,0.7350277900695801,,,,,,
9,,,27819,,,,,,,0.5123285055160522,,,,,,
9,,,27839,,,,,,,0.9481131434440613,,,,,,
9,,,27859,,,,,,,0.8212802410125732,,,,,,
9,,,27879,,,,,,,0.8118513822555542,,,,,,
9,,,27899,,,,,,,0.6793802976608276,,,,,,
9,,,27919,,,,,,,0.8525886535644531,,,,,,
9,,,27939,,,,,,,1.2400197982788086,,,,,,
9,,,27959,,,,,,,1.218106985092163,,,,,,
9,,,27979,,,,,,,0.7433046698570251,,,,,,
9,,,27999,,,,,,,0.5426573753356934,,,,,,
9,,,28019,,,,,,,0.8325691223144531,,,,,,
9,,,28039,,,,,,,0.46366286277770996,,,,,,
9,,,28059,,,,,,,0.6738923788070679,,,,,,
9,,,28079,,,,,,,0.6030511260032654,,,,,,
9,,,28099,,,,,,,0.6143553853034973,,,,,,
9,,,28119,,,,,,,0.8671144247055054,,,,,,
9,,,28139,,,,,,,0.7057055830955505,,,,,,
9,,,28159,,,,,,,0.6279811859130859,,,,,,
9,,,28179,,,,,,,0.5399185419082642,,,,,,
9,,,28199,,,,,,,1.4331047534942627,,,,,,
9,,,28219,,,,,,,0.5772340297698975,,,,,,
9,,,28239,,,,,,,1.030351161956787,,,,,,
9,,,28259,,,,,,,0.6681594848632812,,,,,,
9,,,28279,,,,,,,1.0499061346054077,,,,,,
9,,,28299,,,,,,,0.7733441591262817,,,,,,
9,,,28319,,,,,,,0.8266329765319824,,,,,,
9,,,28339,,,,,,,1.02889084815979,,,,,,
9,,,28359,,,,,,,1.4129917621612549,,,,,,
9,,,28379,,,,,,,0.728257417678833,,,,,,
9,,,28399,,,,,,,1.008103847503662,,,,,,
9,,,28419,,,,,,,0.8291246891021729,,,,,,
9,,,28439,,,,,,,0.7847117185592651,,,,,,
9,,,28459,,,,,,,0.8832097053527832,,,,,,
9,,,28479,,,,,,,0.8951148986816406,,,,,,
9,,,28499,,,,,,,0.898651123046875,,,,,,
9,,,28519,,,,,,,0.5335528254508972,,,,,,
9,,,28539,,,,,,,1.2762335538864136,,,,,,
9,,,28559,,,,,,,0.8580441474914551,,,,,,
9,,,28579,,,,,,,0.5283204913139343,,,,,,
9,,,28599,,,,,,,0.7489914894104004,,,,,,
9,,,28619,,,,,,,0.835442841053009,,,,,,
9,,,28639,,,,,,,0.6588203310966492,,,,,,
9,,,28659,,,,,,,0.7798916101455688,,,,,,
9,,,28679,,,,,,,0.8579890131950378,,,,,,
9,,,28699,,,,,,,0.8644809126853943,,,,,,
9,,,28699,,,,,,,,0.4150376319885254,0.36119651794433594,12.09284782409668,0.25118687748908997,0.3514256477355957,0.4150376319885254
9,,,28699,,,,,0.7331445813179016,0.8451709747314453,,,,,,,
,0.00016988211733135792,0.00016988211733135792,28700,,,,,,,,,,,,,
10,,,28719,,,,,,,0.740296483039856,,,,,,
10,,,28739,,,,,,,0.6256815791130066,,,,,,
10,,,28759,,,,,,,0.6272231936454773,,,,,,
10,,,28779,,,,,,,0.8255301713943481,,,,,,
10,,,28799,,,,,,,0.84914231300354,,,,,,
10,,,28819,,,,,,,0.662663459777832,,,,,,
10,,,28839,,,,,,,0.900331974029541,,,,,,
10,,,28859,,,,,,,3.529600143432617,,,,,,
10,,,28879,,,,,,,0.5532017946243286,,,,,,
10,,,28899,,,,,,,0.6332483291625977,,,,,,
10,,,28919,,,,,,,0.5778869390487671,,,,,,
10,,,28939,,,,,,,0.8572385907173157,,,,,,
10,,,28959,,,,,,,1.0002518892288208,,,,,,
10,,,28979,,,,,,,0.6107745170593262,,,,,,
10,,,28999,,,,,,,0.5999699831008911,,,,,,
10,,,29019,,,,,,,1.052882194519043,,,,,,
10,,,29039,,,,,,,0.7178117036819458,,,,,,
10,,,29059,,,,,,,1.2580878734588623,,,,,,
10,,,29079,,,,,,,0.6047798991203308,,,,,,
10,,,29099,,,,,,,0.7928266525268555,,,,,,
10,,,29119,,,,,,,0.5943450927734375,,,,,,
10,,,29139,,,,,,,0.6721716523170471,,,,,,
10,,,29159,,,,,,,0.5341583490371704,,,,,,
10,,,29179,,,,,,,0.824772834777832,,,,,,
10,,,29199,,,,,,,0.655803918838501,,,,,,
10,,,29219,,,,,,,0.828284502029419,,,,,,
10,,,29239,,,,,,,1.5086127519607544,,,,,,
10,,,29259,,,,,,,0.6583947539329529,,,,,,
10,,,29279,,,,,,,0.7840903401374817,,,,,,
10,,,29299,,,,,,,0.6417682766914368,,,,,,
10,,,29319,,,,,,,0.7747769355773926,,,,,,
10,,,29339,,,,,,,0.5556347370147705,,,,,,
10,,,29359,,,,,,,0.573089599609375,,,,,,
10,,,29379,,,,,,,0.9597116708755493,,,,,,
10,,,29399,,,,,,,0.94805908203125,,,,,,
10,,,29419,,,,,,,1.2195343971252441,,,,,,
10,,,29439,,,,,,,0.9272763133049011,,,,,,
10,,,29459,,,,,,,0.6130552291870117,,,,,,
10,,,29479,,,,,,,0.7623467445373535,,,,,,
10,,,29499,,,,,,,1.1279139518737793,,,,,,
10,,,29519,,,,,,,0.8452839851379395,,,,,,
10,,,29539,,,,,,,0.7025274038314819,,,,,,
10,,,29559,,,,,,,0.591977596282959,,,,,,
10,,,29579,,,,,,,0.9761314392089844,,,,,,
10,,,29599,,,,,,,0.7865508198738098,,,,,,
10,,,29619,,,,,,,0.860012948513031,,,,,,
10,,,29639,,,,,,,0.8206627368927002,,,,,,
10,,,29659,,,,,,,0.938765823841095,,,,,,
10,,,29679,,,,,,,0.9147714376449585,,,,,,
10,,,29699,,,,,,,0.5316146016120911,,,,,,
10,,,29719,,,,,,,0.5685302019119263,,,,,,
10,,,29739,,,,,,,0.8675128221511841,,,,,,
10,,,29759,,,,,,,0.6458795666694641,,,,,,
10,,,29779,,,,,,,0.7949520349502563,,,,,,
10,,,29799,,,,,,,1.2602695226669312,,,,,,
10,,,29819,,,,,,,0.9126551151275635,,,,,,
10,,,29839,,,,,,,1.055355429649353,,,,,,
10,,,29859,,,,,,,0.865583062171936,,,,,,
10,,,29879,,,,,,,0.8171266317367554,,,,,,
10,,,29899,,,,,,,0.7942221164703369,,,,,,
10,,,29919,,,,,,,0.9839643239974976,,,,,,
10,,,29939,,,,,,,0.5571978688240051,,,,,,
10,,,29959,,,,,,,0.8709467649459839,,,,,,
10,,,29979,,,,,,,0.714270830154419,,,,,,
10,,,29999,,,,,,,0.762277364730835,,,,,,
10,,,30019,,,,,,,0.7035495042800903,,,,,,
10,,,30039,,,,,,,0.7696826457977295,,,,,,
10,,,30059,,,,,,,0.7297149896621704,,,,,,
10,,,30079,,,,,,,1.047735571861267,,,,,,
10,,,30099,,,,,,,0.6653610467910767,,,,,,
10,,,30119,,,,,,,0.792597234249115,,,,,,
10,,,30139,,,,,,,0.7003419399261475,,,,,,
10,,,30159,,,,,,,0.6626856327056885,,,,,,
10,,,30179,,,,,,,0.4828436076641083,,,,,,
10,,,30199,,,,,,,0.8037965297698975,,,,,,
10,,,30219,,,,,,,1.1070690155029297,,,,,,
10,,,30239,,,,,,,0.7880979776382446,,,,,,
10,,,30259,,,,,,,0.723031222820282,,,,,,
10,,,30279,,,,,,,0.7510760426521301,,,,,,
10,,,30299,,,,,,,0.9367578029632568,,,,,,
10,,,30319,,,,,,,0.7295217514038086,,,,,,
10,,,30339,,,,,,,0.7328445911407471,,,,,,
10,,,30359,,,,,,,2.605815887451172,,,,,,
10,,,30379,,,,,,,0.8143155574798584,,,,,,
10,,,30399,,,,,,,0.8239119052886963,,,,,,
10,,,30419,,,,,,,0.6395770907402039,,,,,,
10,,,30439,,,,,,,0.7965182662010193,,,,,,
10,,,30459,,,,,,,2.278115749359131,,,,,,
10,,,30479,,,,,,,0.6496177911758423,,,,,,
10,,,30499,,,,,,,0.6323310136795044,,,,,,
10,,,30519,,,,,,,0.7647479772567749,,,,,,
10,,,30539,,,,,,,0.6821128129959106,,,,,,
10,,,30559,,,,,,,0.795193076133728,,,,,,
10,,,30579,,,,,,,0.80985426902771,,,,,,
10,,,30599,,,,,,,0.5920932292938232,,,,,,
10,,,30619,,,,,,,1.485880970954895,,,,,,
10,,,30639,,,,,,,0.7597863078117371,,,,,,
10,,,30659,,,,,,,0.8087812662124634,,,,,,
10,,,30679,,,,,,,0.9333577752113342,,,,,,
10,,,30699,,,,,,,0.7832916975021362,,,,,,
10,,,30719,,,,,,,0.7409816384315491,,,,,,
10,,,30739,,,,,,,0.9249380826950073,,,,,,
10,,,30759,,,,,,,0.6786185503005981,,,,,,
10,,,30779,,,,,,,1.0350606441497803,,,,,,
10,,,30799,,,,,,,0.7229098081588745,,,,,,
10,,,30819,,,,,,,0.5043066740036011,,,,,,
10,,,30839,,,,,,,0.5076541900634766,,,,,,
10,,,30859,,,,,,,0.7112136483192444,,,,,,
10,,,30879,,,,,,,1.0564210414886475,,,,,,
10,,,30899,,,,,,,0.8484714031219482,,,,,,
10,,,30919,,,,,,,0.6581376791000366,,,,,,
10,,,30939,,,,,,,0.6988310813903809,,,,,,
10,,,30959,,,,,,,0.9459893107414246,,,,,,
10,,,30979,,,,,,,0.8894007205963135,,,,,,
10,,,30999,,,,,,,0.9056821465492249,,,,,,
10,,,31019,,,,,,,0.9404578804969788,,,,,,
10,,,31039,,,,,,,0.8663709759712219,,,,,,
10,,,31059,,,,,,,0.8633986115455627,,,,,,
10,,,31079,,,,,,,0.8715779185295105,,,,,,
10,,,31099,,,,,,,0.6711023449897766,,,,,,
10,,,31119,,,,,,,0.6803261041641235,,,,,,
10,,,31139,,,,,,,0.6979879140853882,,,,,,
10,,,31159,,,,,,,0.8307818174362183,,,,,,
10,,,31179,,,,,,,0.7953733801841736,,,,,,
10,,,31199,,,,,,,0.7889374494552612,,,,,,
10,,,31219,,,,,,,0.73192298412323,,,,,,
10,,,31239,,,,,,,0.6891713738441467,,,,,,
10,,,31259,,,,,,,0.8077309727668762,,,,,,
10,,,31279,,,,,,,0.6403274536132812,,,,,,
10,,,31299,,,,,,,1.0490882396697998,,,,,,
10,,,31319,,,,,,,0.7020252346992493,,,,,,
10,,,31339,,,,,,,0.7585783004760742,,,,,,
10,,,31359,,,,,,,0.8639261722564697,,,,,,
10,,,31379,,,,,,,0.8478147387504578,,,,,,
10,,,31399,,,,,,,0.6179235577583313,,,,,,
10,,,31419,,,,,,,0.7306889891624451,,,,,,
10,,,31439,,,,,,,0.6705694794654846,,,,,,
10,,,31459,,,,,,,0.824913740158081,,,,,,
10,,,31479,,,,,,,0.8426275253295898,,,,,,
10,,,31499,,,,,,,1.0715270042419434,,,,,,
10,,,31519,,,,,,,0.6270551681518555,,,,,,
10,,,31539,,,,,,,0.8558518886566162,,,,,,
10,,,31559,,,,,,,0.6287867426872253,,,,,,
10,,,31569,,,,,,,,0.3513713479042053,0.28890329599380493,12.602985382080078,0.15995250642299652,0.30459532141685486,0.3513713479042053
10,,,31569,,,,,0.7357580065727234,0.831682562828064,,,,,,,
,0.0001698303735334494,0.0001698303735334494,31570,,,,,,,,,,,,,
11,,,31579,,,,,,,1.120042085647583,,,,,,
11,,,31599,,,,,,,0.871719241142273,,,,,,
11,,,31619,,,,,,,0.7211418151855469,,,,,,
11,,,31639,,,,,,,0.6852270364761353,,,,,,
11,,,31659,,,,,,,0.9048961400985718,,,,,,
11,,,31679,,,,,,,0.7523115873336792,,,,,,
11,,,31699,,,,,,,0.7504440546035767,,,,,,
11,,,31719,,,,,,,1.0202414989471436,,,,,,
11,,,31739,,,,,,,0.7118144035339355,,,,,,
11,,,31759,,,,,,,0.8762854933738708,,,,,,
11,,,31779,,,,,,,1.1129766702651978,,,,,,
11,,,31799,,,,,,,0.8184278011322021,,,,,,
11,,,31819,,,,,,,0.9926538467407227,,,,,,
11,,,31839,,,,,,,0.8161991238594055,,,,,,
11,,,31859,,,,,,,0.7442646622657776,,,,,,
11,,,31879,,,,,,,0.8264929056167603,,,,,,
11,,,31899,,,,,,,0.7611017227172852,,,,,,
11,,,31919,,,,,,,0.843323826789856,,,,,,
11,,,31939,,,,,,,1.2408578395843506,,,,,,
11,,,31959,,,,,,,0.6315966844558716,,,,,,
11,,,31979,,,,,,,0.6468725800514221,,,,,,
11,,,31999,,,,,,,0.7873467803001404,,,,,,
11,,,32019,,,,,,,0.9945875406265259,,,,,,
11,,,32039,,,,,,,0.5957117080688477,,,,,,
11,,,32059,,,,,,,0.9973950982093811,,,,,,
11,,,32079,,,,,,,0.665321946144104,,,,,,
11,,,32099,,,,,,,0.7837933301925659,,,,,,
11,,,32119,,,,,,,0.5797656178474426,,,,,,
11,,,32139,,,,,,,0.9213023781776428,,,,,,
11,,,32159,,,,,,,0.690555214881897,,,,,,
11,,,32179,,,,,,,0.9016627073287964,,,,,,
11,,,32199,,,,,,,0.8877383470535278,,,,,,
11,,,32219,,,,,,,0.8054819107055664,,,,,,
11,,,32239,,,,,,,0.7034322023391724,,,,,,
11,,,32259,,,,,,,0.5285731554031372,,,,,,
11,,,32279,,,,,,,0.7003802061080933,,,,,,
11,,,32299,,,,,,,0.8201742172241211,,,,,,
11,,,32319,,,,,,,0.8974699378013611,,,,,,
11,,,32339,,,,,,,0.7675257921218872,,,,,,
11,,,32359,,,,,,,0.6443533897399902,,,,,,
11,,,32379,,,,,,,0.8253147006034851,,,,,,
11,,,32399,,,,,,,0.827995240688324,,,,,,
11,,,32419,,,,,,,1.0273306369781494,,,,,,
11,,,32439,,,,,,,0.9567961692810059,,,,,,
11,,,32459,,,,,,,0.7324860692024231,,,,,,
11,,,32479,,,,,,,0.875691294670105,,,,,,
11,,,32499,,,,,,,0.6264725923538208,,,,,,
11,,,32519,,,,,,,0.9268320202827454,,,,,,
11,,,32539,,,,,,,0.7672106027603149,,,,,,
11,,,32559,,,,,,,0.6723996996879578,,,,,,
11,,,32579,,,,,,,0.7516894340515137,,,,,,
11,,,32599,,,,,,,1.092599868774414,,,,,,
11,,,32619,,,,,,,0.5924840569496155,,,,,,
11,,,32639,,,,,,,0.8842633366584778,,,,,,
11,,,32659,,,,,,,0.9417173266410828,,,,,,
11,,,32679,,,,,,,0.848746120929718,,,,,,
11,,,32699,,,,,,,1.2465481758117676,,,,,,
11,,,32719,,,,,,,0.8077971935272217,,,,,,
11,,,32739,,,,,,,0.8051794767379761,,,,,,
11,,,32759,,,,,,,0.7509074807167053,,,,,,
11,,,32779,,,,,,,0.7217915058135986,,,,,,
11,,,32799,,,,,,,0.5378325581550598,,,,,,
11,,,32819,,,,,,,1.5801458358764648,,,,,,
11,,,32839,,,,,,,0.6676679849624634,,,,,,
11,,,32859,,,,,,,0.8794635534286499,,,,,,
11,,,32879,,,,,,,1.0599799156188965,,,,,,
11,,,32899,,,,,,,0.5640629529953003,,,,,,
11,,,32919,,,,,,,0.9731084108352661,,,,,,
11,,,32939,,,,,,,0.7232046127319336,,,,,,
11,,,32959,,,,,,,1.0685503482818604,,,,,,
11,,,32979,,,,,,,0.6964311599731445,,,,,,
11,,,32999,,,,,,,0.5713789463043213,,,,,,
11,,,33019,,,,,,,0.7949641942977905,,,,,,
11,,,33039,,,,,,,0.7053990364074707,,,,,,
11,,,33059,,,,,,,0.6376668810844421,,,,,,
11,,,33079,,,,,,,0.9071489572525024,,,,,,
11,,,33099,,,,,,,1.5677378177642822,,,,,,
11,,,33119,,,,,,,1.0747827291488647,,,,,,
11,,,33139,,,,,,,0.6273603439331055,,,,,,
11,,,33159,,,,,,,0.8990275859832764,,,,,,
11,,,33179,,,,,,,0.6440578699111938,,,,,,
11,,,33199,,,,,,,0.5865825414657593,,,,,,
11,,,33219,,,,,,,0.8513765931129456,,,,,,
11,,,33239,,,,,,,0.8263267874717712,,,,,,
11,,,33259,,,,,,,0.7826654314994812,,,,,,
11,,,33279,,,,,,,0.9709340929985046,,,,,,
11,,,33299,,,,,,,0.8655636310577393,,,,,,
11,,,33319,,,,,,,0.7200838923454285,,,,,,
11,,,33339,,,,,,,0.6877603530883789,,,,,,
11,,,33359,,,,,,,0.7520098686218262,,,,,,
11,,,33379,,,,,,,0.6493878364562988,,,,,,
11,,,33399,,,,,,,0.6438433527946472,,,,,,
11,,,33419,,,,,,,0.7415851354598999,,,,,,
11,,,33439,,,,,,,0.8166605234146118,,,,,,
11,,,33459,,,,,,,0.9274271726608276,,,,,,
11,,,33479,,,,,,,0.8371462821960449,,,,,,
11,,,33499,,,,,,,1.9675616025924683,,,,,,
11,,,33519,,,,,,,0.9803956747055054,,,,,,
11,,,33539,,,,,,,0.9067848920822144,,,,,,
11,,,33559,,,,,,,0.6888768672943115,,,,,,
11,,,33579,,,,,,,0.8027415871620178,,,,,,
11,,,33599,,,,,,,0.8608731627464294,,,,,,
11,,,33619,,,,,,,0.7427349090576172,,,,,,
11,,,33639,,,,,,,0.5880794525146484,,,,,,
11,,,33659,,,,,,,0.9404784440994263,,,,,,
11,,,33679,,,,,,,0.8145803213119507,,,,,,
11,,,33699,,,,,,,0.4537925720214844,,,,,,
11,,,33719,,,,,,,0.7840480804443359,,,,,,
11,,,33739,,,,,,,0.8388189077377319,,,,,,
11,,,33759,,,,,,,0.7718805074691772,,,,,,
11,,,33779,,,,,,,0.9741158485412598,,,,,,
11,,,33799,,,,,,,0.721866250038147,,,,,,
11,,,33819,,,,,,,0.829517126083374,,,,,,
11,,,33839,,,,,,,0.7662913799285889,,,,,,
11,,,33859,,,,,,,0.5659917593002319,,,,,,
11,,,33879,,,,,,,1.011849045753479,,,,,,
11,,,33899,,,,,,,0.874104380607605,,,,,,
11,,,33919,,,,,,,0.6214612126350403,,,,,,
11,,,33939,,,,,,,0.6285430192947388,,,,,,
11,,,33959,,,,,,,0.7464687824249268,,,,,,
11,,,33979,,,,,,,0.7509229183197021,,,,,,
11,,,33999,,,,,,,0.6341630220413208,,,,,,
11,,,34019,,,,,,,0.8142626285552979,,,,,,
11,,,34039,,,,,,,0.7166566848754883,,,,,,
11,,,34059,,,,,,,0.4761536121368408,,,,,,
11,,,34079,,,,,,,1.0988637208938599,,,,,,
11,,,34099,,,,,,,0.8182526230812073,,,,,,
11,,,34119,,,,,,,0.7488737106323242,,,,,,
11,,,34139,,,,,,,0.941922128200531,,,,,,
11,,,34159,,,,,,,1.0564403533935547,,,,,,
11,,,34179,,,,,,,0.5864600539207458,,,,,,
11,,,34199,,,,,,,0.7049545049667358,,,,,,
11,,,34219,,,,,,,0.5598444938659668,,,,,,
11,,,34239,,,,,,,0.8433513641357422,,,,,,
11,,,34259,,,,,,,0.8631583452224731,,,,,,
11,,,34279,,,,,,,0.743972659111023,,,,,,
11,,,34299,,,,,,,0.6659838557243347,,,,,,
11,,,34319,,,,,,,0.862926721572876,,,,,,
11,,,34339,,,,,,,0.8001266121864319,,,,,,
11,,,34359,,,,,,,0.6357415914535522,,,,,,
11,,,34379,,,,,,,0.8422192335128784,,,,,,
11,,,34399,,,,,,,0.8165952563285828,,,,,,
11,,,34419,,,,,,,0.7166327238082886,,,,,,
11,,,34439,,,,,,,0.7967368364334106,,,,,,
11,,,34439,,,,,,,,0.41110870242118835,0.35508567094802856,11.355367660522461,0.24859263002872467,0.3582155108451843,0.41110870242118835
11,,,34439,,,,,0.7384153008460999,0.8125408291816711,,,,,,,
,0.000169675205181571,0.000169675205181571,34440,,,,,,,,,,,,,
12,,,34459,,,,,,,0.9208459854125977,,,,,,
12,,,34479,,,,,,,0.8160163760185242,,,,,,
12,,,34499,,,,,,,0.7267444729804993,,,,,,
12,,,34519,,,,,,,1.1043484210968018,,,,,,
12,,,34539,,,,,,,0.9046164751052856,,,,,,
12,,,34559,,,,,,,0.847798228263855,,,,,,
12,,,34579,,,,,,,0.7370305061340332,,,,,,
12,,,34599,,,,,,,0.6261953115463257,,,,,,
12,,,34619,,,,,,,0.7435727119445801,,,,,,
12,,,34639,,,,,,,0.8433992862701416,,,,,,
12,,,34659,,,,,,,0.92720627784729,,,,,,
12,,,34679,,,,,,,0.48729053139686584,,,,,,
12,,,34699,,,,,,,0.6585496664047241,,,,,,
12,,,34719,,,,,,,0.7493866682052612,,,,,,
12,,,34739,,,,,,,0.9200236201286316,,,,,,
12,,,34759,,,,,,,0.46937984228134155,,,,,,
12,,,34779,,,,,,,0.9134767055511475,,,,,,
12,,,34799,,,,,,,0.796322226524353,,,,,,
12,,,34819,,,,,,,0.8002006411552429,,,,,,
12,,,34839,,,,,,,0.7908082604408264,,,,,,
12,,,34859,,,,,,,0.7072142958641052,,,,,,
12,,,34879,,,,,,,0.6225937604904175,,,,,,
12,,,34899,,,,,,,0.9654560685157776,,,,,,
12,,,34919,,,,,,,0.7723362445831299,,,,,,
12,,,34939,,,,,,,0.46338197588920593,,,,,,
12,,,34959,,,,,,,0.8773579597473145,,,,,,
12,,,34979,,,,,,,1.017280101776123,,,,,,
12,,,34999,,,,,,,0.5174415707588196,,,,,,
12,,,35019,,,,,,,0.5594763159751892,,,,,,
12,,,35039,,,,,,,0.6122242212295532,,,,,,
12,,,35059,,,,,,,0.6815969944000244,,,,,,
12,,,35079,,,,,,,0.6719121336936951,,,,,,
12,,,35099,,,,,,,0.8242412805557251,,,,,,
12,,,35119,,,,,,,0.9737963676452637,,,,,,
12,,,35139,,,,,,,0.8147597312927246,,,,,,
12,,,35159,,,,,,,0.7399855852127075,,,,,,
12,,,35179,,,,,,,0.7703655958175659,,,,,,
12,,,35199,,,,,,,0.5972683429718018,,,,,,
12,,,35219,,,,,,,0.6192392110824585,,,,,,
12,,,35239,,,,,,,0.7981641292572021,,,,,,
12,,,35259,,,,,,,0.5964289307594299,,,,,,
12,,,35279,,,,,,,0.7429753541946411,,,,,,
12,,,35299,,,,,,,0.9158006310462952,,,,,,
12,,,35319,,,,,,,0.8816296458244324,,,,,,
12,,,35339,,,,,,,0.7031276226043701,,,,,,
12,,,35359,,,,,,,0.618994951248169,,,,,,
12,,,35379,,,,,,,0.5971199870109558,,,,,,
12,,,35399,,,,,,,0.7125407457351685,,,,,,
12,,,35419,,,,,,,0.711288571357727,,,,,,
12,,,35439,,,,,,,0.759427547454834,,,,,,
12,,,35459,,,,,,,0.6991414427757263,,,,,,
12,,,35479,,,,,,,0.7561836242675781,,,,,,
12,,,35499,,,,,,,0.9361582398414612,,,,,,
12,,,35519,,,,,,,0.598876953125,,,,,,
12,,,35539,,,,,,,1.0233160257339478,,,,,,
12,,,35559,,,,,,,0.7657158970832825,,,,,,
12,,,35579,,,,,,,0.7417959570884705,,,,,,
12,,,35599,,,,,,,0.8932845592498779,,,,,,
12,,,35619,,,,,,,0.7041075229644775,,,,,,
12,,,35639,,,,,,,0.7462872862815857,,,,,,
12,,,35659,,,,,,,0.6426973938941956,,,,,,
12,,,35679,,,,,,,0.8193168044090271,,,,,,
12,,,35699,,,,,,,0.6103540658950806,,,,,,
12,,,35719,,,,,,,0.4690711498260498,,,,,,
12,,,35739,,,,,,,0.5702608227729797,,,,,,
12,,,35759,,,,,,,1.2546265125274658,,,,,,
12,,,35779,,,,,,,0.9235992431640625,,,,,,
12,,,35799,,,,,,,0.6606522798538208,,,,,,
12,,,35819,,,,,,,0.8345310688018799,,,,,,
12,,,35839,,,,,,,0.9616719484329224,,,,,,
12,,,35859,,,,,,,0.6936049461364746,,,,,,
12,,,35879,,,,,,,0.8975831270217896,,,,,,
12,,,35899,,,,,,,0.9297007322311401,,,,,,
12,,,35919,,,,,,,1.0859342813491821,,,,,,
12,,,35939,,,,,,,0.9921965599060059,,,,,,
12,,,35959,,,,,,,0.916880190372467,,,,,,
12,,,35979,,,,,,,0.7494138479232788,,,,,,
12,,,35999,,,,,,,0.9803842306137085,,,,,,
12,,,36019,,,,,,,1.011476755142212,,,,,,
12,,,36039,,,,,,,0.8642274141311646,,,,,,
12,,,36059,,,,,,,0.860508918762207,,,,,,
12,,,36079,,,,,,,0.5173847675323486,,,,,,
12,,,36099,,,,,,,0.7044934034347534,,,,,,
12,,,36119,,,,,,,1.040989875793457,,,,,,
12,,,36139,,,,,,,0.8112609386444092,,,,,,
12,,,36159,,,,,,,1.1058284044265747,,,,,,
12,,,36179,,,,,,,0.8856947422027588,,,,,,
12,,,36199,,,,,,,0.649262547492981,,,,,,
12,,,36219,,,,,,,0.9155438542366028,,,,,,
12,,,36239,,,,,,,0.8073525428771973,,,,,,
12,,,36259,,,,,,,0.7416993975639343,,,,,,
12,,,36279,,,,,,,0.8816187381744385,,,,,,
12,,,36299,,,,,,,0.6572392582893372,,,,,,
12,,,36319,,,,,,,0.8982637524604797,,,,,,
12,,,36339,,,,,,,0.7600337862968445,,,,,,
12,,,36359,,,,,,,1.0736738443374634,,,,,,
12,,,36379,,,,,,,0.9849843978881836,,,,,,
12,,,36399,,,,,,,0.5249324440956116,,,,,,
12,,,36419,,,,,,,0.6156749725341797,,,,,,
12,,,36439,,,,,,,0.9961458444595337,,,,,,
12,,,36459,,,,,,,0.7462850213050842,,,,,,
12,,,36479,,,,,,,0.8892000913619995,,,,,,
12,,,36499,,,,,,,0.5208291411399841,,,,,,
12,,,36519,,,,,,,0.6420812010765076,,,,,,
12,,,36539,,,,,,,0.7221379280090332,,,,,,
12,,,36559,,,,,,,0.7467554807662964,,,,,,
12,,,36579,,,,,,,0.8671184182167053,,,,,,
12,,,36599,,,,,,,0.6095318794250488,,,,,,
12,,,36619,,,,,,,0.6660362482070923,,,,,,
12,,,36639,,,,,,,0.5538208484649658,,,,,,
12,,,36659,,,,,,,0.5647162199020386,,,,,,
12,,,36679,,,,,,,0.6599549055099487,,,,,,
12,,,36699,,,,,,,0.5293092727661133,,,,,,
12,,,36719,,,,,,,0.5853278040885925,,,,,,
12,,,36739,,,,,,,0.6254013776779175,,,,,,
12,,,36759,,,,,,,0.9037837386131287,,,,,,
12,,,36779,,,,,,,0.8797430992126465,,,,,,
12,,,36799,,,,,,,0.8798931837081909,,,,,,
12,,,36819,,,,,,,1.4132909774780273,,,,,,
12,,,36839,,,,,,,0.602993369102478,,,,,,
12,,,36859,,,,,,,0.8950039148330688,,,,,,
12,,,36879,,,,,,,0.8103935122489929,,,,,,
12,,,36899,,,,,,,0.7512370347976685,,,,,,
12,,,36919,,,,,,,0.780707836151123,,,,,,
12,,,36939,,,,,,,0.5899698734283447,,,,,,
12,,,36959,,,,,,,0.9493023157119751,,,,,,
12,,,36979,,,,,,,0.9537214636802673,,,,,,
12,,,36999,,,,,,,0.6890894174575806,,,,,,
12,,,37019,,,,,,,0.619331419467926,,,,,,
12,,,37039,,,,,,,0.8135671615600586,,,,,,
12,,,37059,,,,,,,0.6671477556228638,,,,,,
12,,,37079,,,,,,,0.8425666093826294,,,,,,
12,,,37099,,,,,,,0.7684545516967773,,,,,,
12,,,37119,,,,,,,0.6875046491622925,,,,,,
12,,,37139,,,,,,,1.018532395362854,,,,,,
12,,,37159,,,,,,,1.0799318552017212,,,,,,
12,,,37179,,,,,,,0.6598465442657471,,,,,,
12,,,37199,,,,,,,0.6796292662620544,,,,,,
12,,,37219,,,,,,,0.7155866026878357,,,,,,
12,,,37239,,,,,,,0.8987057209014893,,,,,,
12,,,37259,,,,,,,0.6993391513824463,,,,,,
12,,,37279,,,,,,,0.6192923784255981,,,,,,
12,,,37299,,,,,,,0.6378172636032104,,,,,,
12,,,37309,,,,,,,,0.3647979497909546,0.30420783162117004,11.247448921203613,0.185610830783844,0.3349040746688843,0.3647979497909546
12,,,37309,,,,,0.7402219772338867,0.7969149947166443,,,,,,,
,0.0001694168013244577,0.0001694168013244577,37310,,,,,,,,,,,,,
13,,,37319,,,,,,,0.7281659245491028,,,,,,
13,,,37339,,,,,,,0.9750000238418579,,,,,,
13,,,37359,,,,,,,0.5466210842132568,,,,,,
13,,,37379,,,,,,,0.8665667176246643,,,,,,
13,,,37399,,,,,,,0.8532373905181885,,,,,,
13,,,37419,,,,,,,0.7911597490310669,,,,,,
13,,,37439,,,,,,,0.9886296987533569,,,,,,
13,,,37459,,,,,,,0.7171643972396851,,,,,,
13,,,37479,,,,,,,0.7285866141319275,,,,,,
13,,,37499,,,,,,,0.6647661924362183,,,,,,
13,,,37519,,,,,,,0.8469763994216919,,,,,,
13,,,37539,,,,,,,0.8178906440734863,,,,,,
13,,,37559,,,,,,,0.7435346841812134,,,,,,
13,,,37579,,,,,,,0.6886257529258728,,,,,,
13,,,37599,,,,,,,0.6940575838088989,,,,,,
13,,,37619,,,,,,,0.719464123249054,,,,,,
13,,,37639,,,,,,,1.048456072807312,,,,,,
13,,,37659,,,,,,,0.6879516243934631,,,,,,
13,,,37679,,,,,,,0.6093803644180298,,,,,,
13,,,37699,,,,,,,0.7197456955909729,,,,,,
13,,,37719,,,,,,,0.626618504524231,,,,,,
13,,,37739,,,,,,,0.772998571395874,,,,,,
13,,,37759,,,,,,,1.1650111675262451,,,,,,
13,,,37779,,,,,,,0.7019554376602173,,,,,,
13,,,37799,,,,,,,0.5573737621307373,,,,,,
13,,,37819,,,,,,,0.869824230670929,,,,,,
13,,,37839,,,,,,,1.1371759176254272,,,,,,
13,,,37859,,,,,,,1.1204438209533691,,,,,,
13,,,37879,,,,,,,0.6254926323890686,,,,,,
13,,,37899,,,,,,,0.5479694604873657,,,,,,
13,,,37919,,,,,,,0.7906600832939148,,,,,,
13,,,37939,,,,,,,0.789557933807373,,,,,,
13,,,37959,,,,,,,0.73967045545578,,,,,,
13,,,37979,,,,,,,0.747979462146759,,,,,,
13,,,37999,,,,,,,0.9231127500534058,,,,,,
13,,,38019,,,,,,,0.7854756116867065,,,,,,
13,,,38039,,,,,,,0.7565547227859497,,,,,,
13,,,38059,,,,,,,0.8755462765693665,,,,,,
13,,,38079,,,,,,,0.7840414047241211,,,,,,
13,,,38099,,,,,,,0.5999118089675903,,,,,,
13,,,38119,,,,,,,0.750795841217041,,,,,,
13,,,38139,,,,,,,1.0265941619873047,,,,,,
13,,,38159,,,,,,,0.5599368214607239,,,,,,
13,,,38179,,,,,,,0.7606078386306763,,,,,,
13,,,38199,,,,,,,0.9597565531730652,,,,,,
13,,,38219,,,,,,,0.87891685962677,,,,,,
13,,,38239,,,,,,,0.7682194113731384,,,,,,
13,,,38259,,,,,,,0.9841947555541992,,,,,,
13,,,38279,,,,,,,0.7878180146217346,,,,,,
13,,,38299,,,,,,,1.0192564725875854,,,,,,
13,,,38319,,,,,,,0.8807647228240967,,,,,,
13,,,38339,,,,,,,0.9901332259178162,,,,,,
13,,,38359,,,,,,,0.8566393852233887,,,,,,
13,,,38379,,,,,,,0.8353575468063354,,,,,,
13,,,38399,,,,,,,0.9803245067596436,,,,,,
13,,,38419,,,,,,,0.8654581308364868,,,,,,
13,,,38439,,,,,,,0.8299165964126587,,,,,,
13,,,38459,,,,,,,0.7513551712036133,,,,,,
13,,,38479,,,,,,,0.6955059170722961,,,,,,
13,,,38499,,,,,,,0.5566088557243347,,,,,,
13,,,38519,,,,,,,0.8378145098686218,,,,,,
13,,,38539,,,,,,,0.6763557195663452,,,,,,
13,,,38559,,,,,,,0.7002567648887634,,,,,,
13,,,38579,,,,,,,0.909570038318634,,,,,,
13,,,38599,,,,,,,0.782056450843811,,,,,,
13,,,38619,,,,,,,0.8657058477401733,,,,,,
13,,,38639,,,,,,,0.8025806546211243,,,,,,
13,,,38659,,,,,,,0.7897957563400269,,,,,,
13,,,38679,,,,,,,0.552447497844696,,,,,,
13,,,38699,,,,,,,0.6912899017333984,,,,,,
13,,,38719,,,,,,,0.6884762048721313,,,,,,
13,,,38739,,,,,,,0.8016526103019714,,,,,,
13,,,38759,,,,,,,0.7235435247421265,,,,,,
13,,,38779,,,,,,,0.9377595782279968,,,,,,
13,,,38799,,,,,,,0.7278980016708374,,,,,,
13,,,38819,,,,,,,0.7402293682098389,,,,,,
13,,,38839,,,,,,,0.5680221319198608,,,,,,
13,,,38859,,,,,,,0.44496309757232666,,,,,,
13,,,38879,,,,,,,0.7254948616027832,,,,,,
13,,,38899,,,,,,,0.7736266851425171,,,,,,
13,,,38919,,,,,,,0.7608759999275208,,,,,,
13,,,38939,,,,,,,1.1143075227737427,,,,,,
13,,,38959,,,,,,,0.8284589052200317,,,,,,
13,,,38979,,,,,,,0.8670867681503296,,,,,,
13,,,38999,,,,,,,0.9623080492019653,,,,,,
13,,,39019,,,,,,,0.8886046409606934,,,,,,
13,,,39039,,,,,,,0.9017773270606995,,,,,,
13,,,39059,,,,,,,0.7743301391601562,,,,,,
13,,,39079,,,,,,,0.5665890574455261,,,,,,
13,,,39099,,,,,,,0.9413243532180786,,,,,,
13,,,39119,,,,,,,0.7397626638412476,,,,,,
13,,,39139,,,,,,,1.0418076515197754,,,,,,
13,,,39159,,,,,,,0.9640225172042847,,,,,,
13,,,39179,,,,,,,0.5363278388977051,,,,,,
13,,,39199,,,,,,,0.8600313067436218,,,,,,
13,,,39219,,,,,,,0.5528380870819092,,,,,,
13,,,39239,,,,,,,0.670525074005127,,,,,,
13,,,39259,,,,,,,0.6835585832595825,,,,,,
13,,,39279,,,,,,,0.5464428663253784,,,,,,
13,,,39299,,,,,,,0.7048150300979614,,,,,,
13,,,39319,,,,,,,0.47817692160606384,,,,,,
13,,,39339,,,,,,,0.8642330169677734,,,,,,
13,,,39359,,,,,,,0.9834390878677368,,,,,,
13,,,39379,,,,,,,0.9764354228973389,,,,,,
13,,,39399,,,,,,,0.750718355178833,,,,,,
13,,,39419,,,,,,,0.6821439266204834,,,,,,
13,,,39439,,,,,,,0.6678693294525146,,,,,,
13,,,39459,,,,,,,0.5901234745979309,,,,,,
13,,,39479,,,,,,,0.6997686624526978,,,,,,
13,,,39499,,,,,,,1.1312605142593384,,,,,,
13,,,39519,,,,,,,0.8029250502586365,,,,,,
13,,,39539,,,,,,,1.066231608390808,,,,,,
13,,,39559,,,,,,,0.6248167157173157,,,,,,
13,,,39579,,,,,,,0.5154662132263184,,,,,,
13,,,39599,,,,,,,0.9402357935905457,,,,,,
13,,,39619,,,,,,,0.85570228099823,,,,,,
13,,,39639,,,,,,,0.6823139786720276,,,,,,
13,,,39659,,,,,,,0.890336275100708,,,,,,
13,,,39679,,,,,,,0.7520421743392944,,,,,,
13,,,39699,,,,,,,0.6883507966995239,,,,,,
13,,,39719,,,,,,,0.6116853952407837,,,,,,
13,,,39739,,,,,,,1.3674925565719604,,,,,,
13,,,39759,,,,,,,0.7591906785964966,,,,,,
13,,,39779,,,,,,,0.6492903828620911,,,,,,
13,,,39799,,,,,,,0.8763359189033508,,,,,,
13,,,39819,,,,,,,0.9677638411521912,,,,,,
13,,,39839,,,,,,,0.520727276802063,,,,,,
13,,,39859,,,,,,,0.9737657308578491,,,,,,
13,,,39879,,,,,,,1.1226797103881836,,,,,,
13,,,39899,,,,,,,1.0813798904418945,,,,,,
13,,,39919,,,,,,,0.6567027568817139,,,,,,
13,,,39939,,,,,,,1.1913421154022217,,,,,,
13,,,39959,,,,,,,0.7736935019493103,,,,,,
13,,,39979,,,,,,,0.6383860111236572,,,,,,
13,,,39999,,,,,,,0.5828683376312256,,,,,,
13,,,40019,,,,,,,0.7665308713912964,,,,,,
13,,,40039,,,,,,,0.6898363828659058,,,,,,
13,,,40059,,,,,,,0.994234025478363,,,,,,
13,,,40079,,,,,,,0.8727414608001709,,,,,,
13,,,40099,,,,,,,0.6960806846618652,,,,,,
13,,,40119,,,,,,,0.9611173272132874,,,,,,
13,,,40139,,,,,,,1.1127445697784424,,,,,,
13,,,40159,,,,,,,0.6521320343017578,,,,,,
13,,,40179,,,,,,,0.7054921388626099,,,,,,
13,,,40179,,,,,,,,0.40969371795654297,0.3617742657661438,11.695207595825195,0.25091978907585144,0.36704835295677185,0.40969371795654297
13,,,40179,,,,,0.7420948147773743,0.7864301800727844,,,,,,,
,0.0001690554767874053,0.0001690554767874053,40180,,,,,,,,,,,,,
14,,,40199,,,,,,,1.0048818588256836,,,,,,
14,,,40219,,,,,,,0.9044473171234131,,,,,,
14,,,40239,,,,,,,0.8061039447784424,,,,,,
14,,,40259,,,,,,,0.7567455768585205,,,,,,
14,,,40279,,,,,,,0.7196024656295776,,,,,,
14,,,40299,,,,,,,0.8439968824386597,,,,,,
14,,,40319,,,,,,,0.842214822769165,,,,,,
14,,,40339,,,,,,,0.5963744521141052,,,,,,
14,,,40359,,,,,,,0.8925995826721191,,,,,,
14,,,40379,,,,,,,0.8373273015022278,,,,,,
14,,,40399,,,,,,,0.666644275188446,,,,,,
14,,,40419,,,,,,,0.7424907684326172,,,,,,
14,,,40439,,,,,,,0.6458914279937744,,,,,,
14,,,40459,,,,,,,0.7347923517227173,,,,,,
14,,,40479,,,,,,,0.774329423904419,,,,,,
14,,,40499,,,,,,,0.9178450703620911,,,,,,
14,,,40519,,,,,,,0.7614591121673584,,,,,,
14,,,40539,,,,,,,0.6849957704544067,,,,,,
14,,,40559,,,,,,,0.7171764373779297,,,,,,
14,,,40579,,,,,,,0.8412196636199951,,,,,,
14,,,40599,,,,,,,1.0293821096420288,,,,,,
14,,,40619,,,,,,,0.9452823996543884,,,,,,
14,,,40639,,,,,,,0.7782595157623291,,,,,,
14,,,40659,,,,,,,0.8921661972999573,,,,,,
14,,,40679,,,,,,,0.8836260437965393,,,,,,
14,,,40699,,,,,,,1.0213079452514648,,,,,,
14,,,40719,,,,,,,0.6130767464637756,,,,,,
14,,,40739,,,,,,,0.7695028781890869,,,,,,
14,,,40759,,,,,,,0.7044509649276733,,,,,,
14,,,40779,,,,,,,0.6888104677200317,,,,,,
14,,,40799,,,,,,,0.7264198660850525,,,,,,
14,,,40819,,,,,,,0.8548101782798767,,,,,,
14,,,40839,,,,,,,0.8191405534744263,,,,,,
14,,,40859,,,,,,,0.8154232501983643,,,,,,
14,,,40879,,,,,,,0.647568941116333,,,,,,
14,,,40899,,,,,,,0.9042506217956543,,,,,,
14,,,40919,,,,,,,0.8964400291442871,,,,,,
14,,,40939,,,,,,,0.591767430305481,,,,,,
14,,,40959,,,,,,,0.7415280938148499,,,,,,
14,,,40979,,,,,,,0.8120447397232056,,,,,,
14,,,40999,,,,,,,0.9496046304702759,,,,,,
14,,,41019,,,,,,,0.658827543258667,,,,,,
14,,,41039,,,,,,,0.8574743866920471,,,,,,
14,,,41059,,,,,,,0.9175655841827393,,,,,,
14,,,41079,,,,,,,0.6476207971572876,,,,,,
14,,,41099,,,,,,,0.7780593633651733,,,,,,
14,,,41119,,,,,,,0.9096084237098694,,,,,,
14,,,41139,,,,,,,0.8107383251190186,,,,,,
14,,,41159,,,,,,,0.7226641774177551,,,,,,
14,,,41179,,,,,,,0.9476450085639954,,,,,,
14,,,41199,,,,,,,0.7021336555480957,,,,,,
14,,,41219,,,,,,,0.8383456468582153,,,,,,
14,,,41239,,,,,,,1.091597080230713,,,,,,
14,,,41259,,,,,,,0.7071037292480469,,,,,,
14,,,41279,,,,,,,0.8301483988761902,,,,,,
14,,,41299,,,,,,,0.7669156789779663,,,,,,
14,,,41319,,,,,,,0.8559461832046509,,,,,,
14,,,41339,,,,,,,0.8746784925460815,,,,,,
14,,,41359,,,,,,,0.7391092777252197,,,,,,
14,,,41379,,,,,,,0.5916042327880859,,,,,,
14,,,41399,,,,,,,0.8269044756889343,,,,,,
14,,,41419,,,,,,,0.7691686153411865,,,,,,
14,,,41439,,,,,,,0.6852334141731262,,,,,,
14,,,41459,,,,,,,0.5021746158599854,,,,,,
14,,,41479,,,,,,,0.8212591409683228,,,,,,
14,,,41499,,,,,,,0.5712481737136841,,,,,,
14,,,41519,,,,,,,0.7981016635894775,,,,,,
14,,,41539,,,,,,,0.6521040201187134,,,,,,
14,,,41559,,,,,,,0.7068043351173401,,,,,,
14,,,41579,,,,,,,1.8291115760803223,,,,,,
14,,,41599,,,,,,,0.6960675716400146,,,,,,
14,,,41619,,,,,,,0.9306714534759521,,,,,,
14,,,41639,,,,,,,1.1159687042236328,,,,,,
14,,,41659,,,,,,,0.5873740911483765,,,,,,
14,,,41679,,,,,,,0.6629287004470825,,,,,,
14,,,41699,,,,,,,1.0582928657531738,,,,,,
14,,,41719,,,,,,,0.6154600381851196,,,,,,
14,,,41739,,,,,,,0.8775262236595154,,,,,,
14,,,41759,,,,,,,0.6805955171585083,,,,,,
14,,,41779,,,,,,,0.7658448219299316,,,,,,
14,,,41799,,,,,,,1.3705999851226807,,,,,,
14,,,41819,,,,,,,0.6545901298522949,,,,,,
14,,,41839,,,,,,,0.8410508036613464,,,,,,
14,,,41859,,,,,,,0.513548731803894,,,,,,
14,,,41879,,,,,,,0.6472094655036926,,,,,,
14,,,41899,,,,,,,0.5471563935279846,,,,,,
14,,,41919,,,,,,,0.832788348197937,,,,,,
14,,,41939,,,,,,,0.8509045243263245,,,,,,
14,,,41959,,,,,,,0.8009967803955078,,,,,,
14,,,41979,,,,,,,0.7674731612205505,,,,,,
14,,,41999,,,,,,,0.5826146006584167,,,,,,
14,,,42019,,,,,,,0.6249099373817444,,,,,,
14,,,42039,,,,,,,0.6961541175842285,,,,,,
14,,,42059,,,,,,,0.6693465709686279,,,,,,
14,,,42079,,,,,,,0.7520289421081543,,,,,,
14,,,42099,,,,,,,0.980270266532898,,,,,,
14,,,42119,,,,,,,0.7594273090362549,,,,,,
14,,,42139,,,,,,,0.7147212028503418,,,,,,
14,,,42159,,,,,,,0.7682097554206848,,,,,,
14,,,42179,,,,,,,0.6587306261062622,,,,,,
14,,,42199,,,,,,,0.7618997097015381,,,,,,
14,,,42219,,,,,,,0.5344009399414062,,,,,,
14,,,42239,,,,,,,0.5208408236503601,,,,,,
14,,,42259,,,,,,,0.7919785976409912,,,,,,
14,,,42279,,,,,,,0.7092067003250122,,,,,,
14,,,42299,,,,,,,0.6522730588912964,,,,,,
14,,,42319,,,,,,,0.9666200280189514,,,,,,
14,,,42339,,,,,,,0.9037808179855347,,,,,,
14,,,42359,,,,,,,0.841225802898407,,,,,,
14,,,42379,,,,,,,0.5782264471054077,,,,,,
14,,,42399,,,,,,,0.9704203605651855,,,,,,
14,,,42419,,,,,,,0.41252681612968445,,,,,,
14,,,42439,,,,,,,0.752792477607727,,,,,,
14,,,42459,,,,,,,0.6844807267189026,,,,,,
14,,,42479,,,,,,,0.848648190498352,,,,,,
14,,,42499,,,,,,,0.9160144925117493,,,,,,
14,,,42519,,,,,,,0.7564817667007446,,,,,,
14,,,42539,,,,,,,0.547534167766571,,,,,,
14,,,42559,,,,,,,0.9314175844192505,,,,,,
14,,,42579,,,,,,,0.5925783514976501,,,,,,
14,,,42599,,,,,,,0.6686429977416992,,,,,,
14,,,42619,,,,,,,0.7694660425186157,,,,,,
14,,,42639,,,,,,,0.7265638113021851,,,,,,
14,,,42659,,,,,,,0.6028928160667419,,,,,,
14,,,42679,,,,,,,0.7827614545822144,,,,,,
14,,,42699,,,,,,,0.7094104886054993,,,,,,
14,,,42719,,,,,,,0.8074479103088379,,,,,,
14,,,42739,,,,,,,0.9017598628997803,,,,,,
14,,,42759,,,,,,,0.7852769494056702,,,,,,
14,,,42779,,,,,,,0.5628872513771057,,,,,,
14,,,42799,,,,,,,0.5556463003158569,,,,,,
14,,,42819,,,,,,,0.6504122018814087,,,,,,
14,,,42839,,,,,,,0.732440710067749,,,,,,
14,,,42859,,,,,,,0.6927594542503357,,,,,,
14,,,42879,,,,,,,0.5452612638473511,,,,,,
14,,,42899,,,,,,,0.5847375392913818,,,,,,
14,,,42919,,,,,,,0.710923433303833,,,,,,
14,,,42939,,,,,,,0.8232309818267822,,,,,,
14,,,42959,,,,,,,0.723954439163208,,,,,,
14,,,42979,,,,,,,0.8139452934265137,,,,,,
14,,,42999,,,,,,,0.7029645442962646,,,,,,
14,,,43019,,,,,,,0.5120662450790405,,,,,,
14,,,43039,,,,,,,0.6514602899551392,,,,,,
14,,,43049,,,,,,,,0.4060131013393402,0.3446888029575348,10.886241912841797,0.24409344792366028,0.369639128446579,0.4060131013393402
14,,,43049,,,,,0.7439669370651245,0.7819862365722656,,,,,,,
,0.00016859167178870442,0.00016859167178870442,43050,,,,,,,,,,,,,
15,,,43059,,,,,,,0.8416531085968018,,,,,,
15,,,43079,,,,,,,0.8840554356575012,,,,,,
15,,,43099,,,,,,,0.6095066070556641,,,,,,
15,,,43119,,,,,,,1.2741996049880981,,,,,,
15,,,43139,,,,,,,0.8769097924232483,,,,,,
15,,,43159,,,,,,,0.8845694065093994,,,,,,
15,,,43179,,,,,,,0.7119480967521667,,,,,,
15,,,43199,,,,,,,0.5542006492614746,,,,,,
15,,,43219,,,,,,,0.6377206444740295,,,,,,
15,,,43239,,,,,,,0.7964305877685547,,,,,,
15,,,43259,,,,,,,0.7243847250938416,,,,,,
15,,,43279,,,,,,,0.5748084187507629,,,,,,
15,,,43299,,,,,,,0.651524007320404,,,,,,
15,,,43319,,,,,,,1.0165420770645142,,,,,,
15,,,43339,,,,,,,0.8874751329421997,,,,,,
15,,,43359,,,,,,,0.9656894207000732,,,,,,
15,,,43379,,,,,,,1.0056707859039307,,,,,,
15,,,43399,,,,,,,0.8133926391601562,,,,,,
15,,,43419,,,,,,,1.0827064514160156,,,,,,
15,,,43439,,,,,,,0.869206428527832,,,,,,
15,,,43459,,,,,,,0.6739531755447388,,,,,,
15,,,43479,,,,,,,0.7676149606704712,,,,,,
15,,,43499,,,,,,,0.7237584590911865,,,,,,
15,,,43519,,,,,,,0.6739259958267212,,,,,,
15,,,43539,,,,,,,0.8845100402832031,,,,,,
15,,,43559,,,,,,,0.8942654728889465,,,,,,
15,,,43579,,,,,,,0.9020684361457825,,,,,,
15,,,43599,,,,,,,0.775500476360321,,,,,,
15,,,43619,,,,,,,0.8614614605903625,,,,,,
15,,,43639,,,,,,,0.7247166633605957,,,,,,
15,,,43659,,,,,,,0.9583799839019775,,,,,,
15,,,43679,,,,,,,0.8256899118423462,,,,,,
15,,,43699,,,,,,,0.5600030422210693,,,,,,
15,,,43719,,,,,,,0.7185449004173279,,,,,,
15,,,43739,,,,,,,0.555631160736084,,,,,,
15,,,43759,,,,,,,0.9205601215362549,,,,,,
15,,,43779,,,,,,,0.692874550819397,,,,,,
15,,,43799,,,,,,,0.8628640174865723,,,,,,
15,,,43819,,,,,,,0.6941488981246948,,,,,,
15,,,43839,,,,,,,0.6627480983734131,,,,,,
15,,,43859,,,,,,,0.6041063070297241,,,,,,
15,,,43879,,,,,,,0.6945874691009521,,,,,,
15,,,43899,,,,,,,0.9314706325531006,,,,,,
15,,,43919,,,,,,,0.7292367219924927,,,,,,
15,,,43939,,,,,,,0.9152753353118896,,,,,,
15,,,43959,,,,,,,0.7958446741104126,,,,,,
15,,,43979,,,,,,,0.8980900645256042,,,,,,
15,,,43999,,,,,,,0.5344979166984558,,,,,,
15,,,44019,,,,,,,0.7386629581451416,,,,,,
15,,,44039,,,,,,,0.7273426055908203,,,,,,
15,,,44059,,,,,,,0.7662354111671448,,,,,,
15,,,44079,,,,,,,0.8940309882164001,,,,,,
15,,,44099,,,,,,,0.860173225402832,,,,,,
15,,,44119,,,,,,,0.9328232407569885,,,,,,
15,,,44139,,,,,,,0.5564556121826172,,,,,,
15,,,44159,,,,,,,0.6216340065002441,,,,,,
15,,,44179,,,,,,,0.8430783748626709,,,,,,
15,,,44199,,,,,,,0.8147193193435669,,,,,,
15,,,44219,,,,,,,0.8630229830741882,,,,,,
15,,,44239,,,,,,,0.6591752767562866,,,,,,
15,,,44259,,,,,,,0.6493820548057556,,,,,,
15,,,44279,,,,,,,0.6824458837509155,,,,,,
15,,,44299,,,,,,,0.7166746854782104,,,,,,
15,,,44319,,,,,,,0.8145245313644409,,,,,,
15,,,44339,,,,,,,0.8852150440216064,,,,,,
15,,,44359,,,,,,,1.0261428356170654,,,,,,
15,,,44379,,,,,,,1.0101432800292969,,,,,,
15,,,44399,,,,,,,0.6124453544616699,,,,,,
15,,,44419,,,,,,,1.0292456150054932,,,,,,
15,,,44439,,,,,,,0.6656420826911926,,,,,,
15,,,44459,,,,,,,0.5592959523200989,,,,,,
15,,,44479,,,,,,,0.6534522175788879,,,,,,
15,,,44499,,,,,,,0.7393608093261719,,,,,,
15,,,44519,,,,,,,0.614790678024292,,,,,,
15,,,44539,,,,,,,1.0133594274520874,,,,,,
15,,,44559,,,,,,,0.7350778579711914,,,,,,
15,,,44579,,,,,,,0.5810048580169678,,,,,,
15,,,44599,,,,,,,0.8604261875152588,,,,,,
15,,,44619,,,,,,,0.8436436653137207,,,,,,
15,,,44639,,,,,,,0.7202719449996948,,,,,,
15,,,44659,,,,,,,0.7663630247116089,,,,,,
15,,,44679,,,,,,,0.8097282648086548,,,,,,
15,,,44699,,,,,,,0.8206315040588379,,,,,,
15,,,44719,,,,,,,0.7305386066436768,,,,,,
15,,,44739,,,,,,,0.9860408306121826,,,,,,
15,,,44759,,,,,,,1.0193475484848022,,,,,,
15,,,44779,,,,,,,0.8663011193275452,,,,,,
15,,,44799,,,,,,,0.8455938100814819,,,,,,
15,,,44819,,,,,,,0.7899905443191528,,,,,,
15,,,44839,,,,,,,0.6509914994239807,,,,,,
15,,,44859,,,,,,,0.8192905187606812,,,,,,
15,,,44879,,,,,,,0.8447728753089905,,,,,,
15,,,44899,,,,,,,0.6514770984649658,,,,,,
15,,,44919,,,,,,,0.992009162902832,,,,,,
15,,,44939,,,,,,,0.5990906953811646,,,,,,
15,,,44959,,,,,,,0.931147575378418,,,,,,
15,,,44979,,,,,,,0.6765506863594055,,,,,,
15,,,44999,,,,,,,0.6502053737640381,,,,,,
15,,,45019,,,,,,,0.697552502155304,,,,,,
15,,,45039,,,,,,,0.8689584136009216,,,,,,
15,,,45059,,,,,,,0.5777170062065125,,,,,,
15,,,45079,,,,,,,0.8556382656097412,,,,,,
15,,,45099,,,,,,,0.7660492062568665,,,,,,
15,,,45119,,,,,,,0.7332051992416382,,,,,,
15,,,45139,,,,,,,0.6205335855484009,,,,,,
15,,,45159,,,,,,,0.697110652923584,,,,,,
15,,,45179,,,,,,,0.6078510880470276,,,,,,
15,,,45199,,,,,,,0.9240076541900635,,,,,,
15,,,45219,,,,,,,0.5373875498771667,,,,,,
15,,,45239,,,,,,,0.8385354280471802,,,,,,
15,,,45259,,,,,,,1.434728980064392,,,,,,
15,,,45279,,,,,,,0.500275731086731,,,,,,
15,,,45299,,,,,,,0.7311442494392395,,,,,,
15,,,45319,,,,,,,1.3413407802581787,,,,,,
15,,,45339,,,,,,,0.9026118516921997,,,,,,
15,,,45359,,,,,,,0.6273364424705505,,,,,,
15,,,45379,,,,,,,0.9219724535942078,,,,,,
15,,,45399,,,,,,,0.5582507252693176,,,,,,
15,,,45419,,,,,,,0.524643063545227,,,,,,
15,,,45439,,,,,,,0.7013339996337891,,,,,,
15,,,45459,,,,,,,0.6791232824325562,,,,,,
15,,,45479,,,,,,,1.0872710943222046,,,,,,
15,,,45499,,,,,,,0.7052546143531799,,,,,,
15,,,45519,,,,,,,0.8317182064056396,,,,,,
15,,,45539,,,,,,,0.9163237810134888,,,,,,
15,,,45559,,,,,,,0.3762193024158478,,,,,,
15,,,45579,,,,,,,0.4651285707950592,,,,,,
15,,,45599,,,,,,,1.1412125825881958,,,,,,
15,,,45619,,,,,,,0.7410393953323364,,,,,,
15,,,45639,,,,,,,0.70542973279953,,,,,,
15,,,45659,,,,,,,0.827916145324707,,,,,,
15,,,45679,,,,,,,0.8301830291748047,,,,,,
15,,,45699,,,,,,,0.6186932921409607,,,,,,
15,,,45719,,,,,,,0.6349917650222778,,,,,,
15,,,45739,,,,,,,0.6527971029281616,,,,,,
15,,,45759,,,,,,,0.823828399181366,,,,,,
15,,,45779,,,,,,,0.9926072955131531,,,,,,
15,,,45799,,,,,,,0.6352766752243042,,,,,,
15,,,45819,,,,,,,0.8976423144340515,,,,,,
15,,,45839,,,,,,,1.0169878005981445,,,,,,
15,,,45859,,,,,,,0.4618737995624542,,,,,,
15,,,45879,,,,,,,0.7942495346069336,,,,,,
15,,,45899,,,,,,,0.8586726188659668,,,,,,
15,,,45919,,,,,,,0.7870023250579834,,,,,,
15,,,45919,,,,,,,,0.38403987884521484,0.30302196741104126,10.153753280639648,0.2091970592737198,0.34129592776298523,0.38403987884521484
15,,,45919,,,,,0.7439677715301514,0.7776408791542053,,,,,,,
,0.00016802595140330228,0.00016802595140330228,45920,,,,,,,,,,,,,
16,,,45939,,,,,,,0.8417055606842041,,,,,,
16,,,45959,,,,,,,0.7141903042793274,,,,,,
16,,,45979,,,,,,,0.7418991327285767,,,,,,
16,,,45999,,,,,,,0.7305927276611328,,,,,,
16,,,46019,,,,,,,0.9500046968460083,,,,,,
16,,,46039,,,,,,,0.6923162937164307,,,,,,
16,,,46059,,,,,,,0.6634393930435181,,,,,,
16,,,46079,,,,,,,0.7670109868049622,,,,,,
16,,,46099,,,,,,,0.7583032846450806,,,,,,
16,,,46119,,,,,,,0.5656076669692993,,,,,,
16,,,46139,,,,,,,0.7056634426116943,,,,,,
16,,,46159,,,,,,,0.528293251991272,,,,,,
16,,,46179,,,,,,,0.7168495655059814,,,,,,
16,,,46199,,,,,,,1.070448398590088,,,,,,
16,,,46219,,,,,,,0.6939301490783691,,,,,,
16,,,46239,,,,,,,0.7401974201202393,,,,,,
16,,,46259,,,,,,,1.577852725982666,,,,,,
16,,,46279,,,,,,,0.6545497179031372,,,,,,
16,,,46299,,,,,,,0.6457550525665283,,,,,,
16,,,46319,,,,,,,0.8588511347770691,,,,,,
16,,,46339,,,,,,,0.8254612684249878,,,,,,
16,,,46359,,,,,,,0.6003686785697937,,,,,,
16,,,46379,,,,,,,0.6614974737167358,,,,,,
16,,,46399,,,,,,,0.9176149964332581,,,,,,
16,,,46419,,,,,,,0.694819450378418,,,,,,
16,,,46439,,,,,,,0.6197420358657837,,,,,,
16,,,46459,,,,,,,0.4527055025100708,,,,,,
16,,,46479,,,,,,,0.5400986671447754,,,,,,
16,,,46499,,,,,,,0.7788094282150269,,,,,,
16,,,46519,,,,,,,0.7552381753921509,,,,,,
16,,,46539,,,,,,,0.8894857168197632,,,,,,
16,,,46559,,,,,,,0.8228904008865356,,,,,,
16,,,46579,,,,,,,0.6138144135475159,,,,,,
16,,,46599,,,,,,,1.090503215789795,,,,,,
16,,,46619,,,,,,,0.9091771245002747,,,,,,
16,,,46639,,,,,,,0.9391870498657227,,,,,,
16,,,46659,,,,,,,0.8175643682479858,,,,,,
16,,,46679,,,,,,,0.7853730320930481,,,,,,
16,,,46699,,,,,,,0.8701105117797852,,,,,,
16,,,46719,,,,,,,0.6552537679672241,,,,,,
16,,,46739,,,,,,,0.5812340378761292,,,,,,
16,,,46759,,,,,,,1.026336908340454,,,,,,
16,,,46779,,,,,,,0.6492651700973511,,,,,,
16,,,46799,,,,,,,0.7983883619308472,,,,,,
16,,,46819,,,,,,,0.9214475154876709,,,,,,
16,,,46839,,,,,,,0.6092818975448608,,,,,,
16,,,46859,,,,,,,1.0198878049850464,,,,,,
16,,,46879,,,,,,,0.9210047721862793,,,,,,
16,,,46899,,,,,,,0.7275080680847168,,,,,,
16,,,46919,,,,,,,0.4890521764755249,,,,,,
16,,,46939,,,,,,,0.7310286164283752,,,,,,
16,,,46959,,,,,,,0.8304400444030762,,,,,,
16,,,46979,,,,,,,0.639795184135437,,,,,,
16,,,46999,,,,,,,0.8683345317840576,,,,,,
16,,,47019,,,,,,,0.6666545271873474,,,,,,
16,,,47039,,,,,,,0.7150478363037109,,,,,,
16,,,47059,,,,,,,0.6416957974433899,,,,,,
16,,,47079,,,,,,,0.7775173187255859,,,,,,
16,,,47099,,,,,,,0.8411173224449158,,,,,,
16,,,47119,,,,,,,0.9606467485427856,,,,,,
16,,,47139,,,,,,,0.828170895576477,,,,,,
16,,,47159,,,,,,,0.6121201515197754,,,,,,
16,,,47179,,,,,,,0.8169317245483398,,,,,,
16,,,47199,,,,,,,0.6242296695709229,,,,,,
16,,,47219,,,,,,,0.7975643873214722,,,,,,
16,,,47239,,,,,,,0.6358233690261841,,,,,,
16,,,47259,,,,,,,0.8492106199264526,,,,,,
16,,,47279,,,,,,,1.0609537363052368,,,,,,
16,,,47299,,,,,,,1.1978538036346436,,,,,,
16,,,47319,,,,,,,0.6245467662811279,,,,,,
16,,,47339,,,,,,,0.7700740098953247,,,,,,
16,,,47359,,,,,,,0.8994312286376953,,,,,,
16,,,47379,,,,,,,0.9396880865097046,,,,,,
16,,,47399,,,,,,,0.9884124994277954,,,,,,
16,,,47419,,,,,,,0.8765369653701782,,,,,,
16,,,47439,,,,,,,0.8144328594207764,,,,,,
16,,,47459,,,,,,,0.8590407371520996,,,,,,
16,,,47479,,,,,,,0.6598619222640991,,,,,,
16,,,47499,,,,,,,0.9406790137290955,,,,,,
16,,,47519,,,,,,,0.7871437072753906,,,,,,
16,,,47539,,,,,,,0.6579954028129578,,,,,,
16,,,47559,,,,,,,0.828339695930481,,,,,,
16,,,47579,,,,,,,0.7163530588150024,,,,,,
16,,,47599,,,,,,,1.253307580947876,,,,,,
16,,,47619,,,,,,,0.8120830059051514,,,,,,
16,,,47639,,,,,,,0.7813365459442139,,,,,,
16,,,47659,,,,,,,0.6135644912719727,,,,,,
16,,,47679,,,,,,,0.7763774394989014,,,,,,
16,,,47699,,,,,,,0.7479604482650757,,,,,,
16,,,47719,,,,,,,0.7728917598724365,,,,,,
16,,,47739,,,,,,,0.6456841826438904,,,,,,
16,,,47759,,,,,,,0.9857937693595886,,,,,,
16,,,47779,,,,,,,1.0627145767211914,,,,,,
16,,,47799,,,,,,,0.6654280424118042,,,,,,
16,,,47819,,,,,,,0.8001097440719604,,,,,,
16,,,47839,,,,,,,0.6287183165550232,,,,,,
16,,,47859,,,,,,,0.6708409786224365,,,,,,
16,,,47879,,,,,,,0.8124458193778992,,,,,,
16,,,47899,,,,,,,0.6343289613723755,,,,,,
16,,,47919,,,,,,,0.5907579660415649,,,,,,
16,,,47939,,,,,,,0.9147014021873474,,,,,,
16,,,47959,,,,,,,0.5626303553581238,,,,,,
16,,,47979,,,,,,,0.7834348678588867,,,,,,
16,,,47999,,,,,,,0.5006939172744751,,,,,,
16,,,48019,,,,,,,0.7508429288864136,,,,,,
16,,,48039,,,,,,,0.7581181526184082,,,,,,
16,,,48059,,,,,,,0.9540743231773376,,,,,,
16,,,48079,,,,,,,0.952147364616394,,,,,,
16,,,48099,,,,,,,0.8023219108581543,,,,,,
16,,,48119,,,,,,,0.7851042747497559,,,,,,
16,,,48139,,,,,,,0.5500515699386597,,,,,,
16,,,48159,,,,,,,0.7553781270980835,,,,,,
16,,,48179,,,,,,,0.6699277758598328,,,,,,
16,,,48199,,,,,,,0.41777294874191284,,,,,,
16,,,48219,,,,,,,0.8225424885749817,,,,,,
16,,,48239,,,,,,,0.701607346534729,,,,,,
16,,,48259,,,,,,,0.9382472038269043,,,,,,
16,,,48279,,,,,,,0.9055008888244629,,,,,,
16,,,48299,,,,,,,0.6263018250465393,,,,,,
16,,,48319,,,,,,,0.7580026388168335,,,,,,
16,,,48339,,,,,,,0.6525591611862183,,,,,,
16,,,48359,,,,,,,0.7888795137405396,,,,,,
16,,,48379,,,,,,,0.6792401075363159,,,,,,
16,,,48399,,,,,,,1.089137077331543,,,,,,
16,,,48419,,,,,,,0.8810577392578125,,,,,,
16,,,48439,,,,,,,0.7936589121818542,,,,,,
16,,,48459,,,,,,,0.8162722587585449,,,,,,
16,,,48479,,,,,,,0.9394590854644775,,,,,,
16,,,48499,,,,,,,0.8020780682563782,,,,,,
16,,,48519,,,,,,,0.6721821427345276,,,,,,
16,,,48539,,,,,,,0.898443341255188,,,,,,
16,,,48559,,,,,,,0.840874195098877,,,,,,
16,,,48579,,,,,,,0.45567786693573,,,,,,
16,,,48599,,,,,,,0.8491533398628235,,,,,,
16,,,48619,,,,,,,0.7999187707901001,,,,,,
16,,,48639,,,,,,,0.8426018357276917,,,,,,
16,,,48659,,,,,,,0.8939147591590881,,,,,,
16,,,48679,,,,,,,1.247931718826294,,,,,,
16,,,48699,,,,,,,0.46784737706184387,,,,,,
16,,,48719,,,,,,,0.8055719137191772,,,,,,
16,,,48739,,,,,,,0.7265322208404541,,,,,,
16,,,48759,,,,,,,0.7821530103683472,,,,,,
16,,,48779,,,,,,,1.0874078273773193,,,,,,
16,,,48789,,,,,,,,0.41799575090408325,0.3542322814464569,10.259491920471191,0.26296648383140564,0.37954387068748474,0.41799575090408325
16,,,48789,,,,,0.7448602318763733,0.778302788734436,,,,,,,
,0.00016735900487434594,0.00016735900487434594,48790,,,,,,,,,,,,,
17,,,48799,,,,,,,0.7509664297103882,,,,,,
17,,,48819,,,,,,,0.8092401027679443,,,,,,
17,,,48839,,,,,,,0.6957558393478394,,,,,,
17,,,48859,,,,,,,0.7652232646942139,,,,,,
17,,,48879,,,,,,,0.668502688407898,,,,,,
17,,,48899,,,,,,,1.040603518486023,,,,,,
17,,,48919,,,,,,,0.6703428030014038,,,,,,
17,,,48939,,,,,,,0.9988142848014832,,,,,,
17,,,48959,,,,,,,0.8752428293228149,,,,,,
17,,,48979,,,,,,,1.0625865459442139,,,,,,
17,,,48999,,,,,,,0.738923192024231,,,,,,
17,,,49019,,,,,,,0.752705991268158,,,,,,
17,,,49039,,,,,,,0.8003802299499512,,,,,,
17,,,49059,,,,,,,2.1383557319641113,,,,,,
17,,,49079,,,,,,,0.7409394979476929,,,,,,
17,,,49099,,,,,,,0.7597898244857788,,,,,,
17,,,49119,,,,,,,1.15095055103302,,,,,,
17,,,49139,,,,,,,0.5295043587684631,,,,,,
17,,,49159,,,,,,,0.9703064560890198,,,,,,
17,,,49179,,,,,,,0.8602060675621033,,,,,,
17,,,49199,,,,,,,0.622098445892334,,,,,,
17,,,49219,,,,,,,1.0091971158981323,,,,,,
17,,,49239,,,,,,,0.7882487773895264,,,,,,
17,,,49259,,,,,,,0.4995745122432709,,,,,,
17,,,49279,,,,,,,0.49448162317276,,,,,,
17,,,49299,,,,,,,0.9113786816596985,,,,,,
17,,,49319,,,,,,,0.9329537153244019,,,,,,
17,,,49339,,,,,,,0.8424350023269653,,,,,,
17,,,49359,,,,,,,0.7106781005859375,,,,,,
17,,,49379,,,,,,,0.9168298244476318,,,,,,
17,,,49399,,,,,,,0.9922446608543396,,,,,,
17,,,49419,,,,,,,0.8456549048423767,,,,,,
17,,,49439,,,,,,,0.6352981328964233,,,,,,
17,,,49459,,,,,,,0.7307751774787903,,,,,,
17,,,49479,,,,,,,0.5010920763015747,,,,,,
17,,,49499,,,,,,,0.752764105796814,,,,,,
17,,,49519,,,,,,,0.5325324535369873,,,,,,
17,,,49539,,,,,,,0.828376054763794,,,,,,
17,,,49559,,,,,,,0.48162898421287537,,,,,,
17,,,49579,,,,,,,0.9238888621330261,,,,,,
17,,,49599,,,,,,,1.2257959842681885,,,,,,
17,,,49619,,,,,,,0.845192551612854,,,,,,
17,,,49639,,,,,,,0.8071541786193848,,,,,,
17,,,49659,,,,,,,0.5694544315338135,,,,,,
17,,,49679,,,,,,,0.9139956831932068,,,,,,
17,,,49699,,,,,,,0.6158971786499023,,,,,,
17,,,49719,,,,,,,0.7848066091537476,,,,,,
17,,,49739,,,,,,,0.7742303609848022,,,,,,
17,,,49759,,,,,,,0.6513733267784119,,,,,,
17,,,49779,,,,,,,0.6250219345092773,,,,,,
17,,,49799,,,,,,,0.5517798662185669,,,,,,
17,,,49819,,,,,,,0.7021327614784241,,,,,,
17,,,49839,,,,,,,0.9157628417015076,,,,,,
17,,,49859,,,,,,,1.0227148532867432,,,,,,
17,,,49879,,,,,,,0.5810624361038208,,,,,,
17,,,49899,,,,,,,0.6952835917472839,,,,,,
17,,,49919,,,,,,,0.849261999130249,,,,,,
17,,,49939,,,,,,,0.6354770064353943,,,,,,
17,,,49959,,,,,,,0.6192203760147095,,,,,,
17,,,49979,,,,,,,0.7379329204559326,,,,,,
17,,,49999,,,,,,,0.5310612916946411,,,,,,
17,,,50019,,,,,,,0.8306328058242798,,,,,,
17,,,50039,,,,,,,0.7810325026512146,,,,,,
17,,,50059,,,,,,,0.8044804334640503,,,,,,
17,,,50079,,,,,,,0.9770094156265259,,,,,,
17,,,50099,,,,,,,0.7858648300170898,,,,,,
17,,,50119,,,,,,,0.6355812549591064,,,,,,
17,,,50139,,,,,,,0.8943808078765869,,,,,,
17,,,50159,,,,,,,0.8957729935646057,,,,,,
17,,,50179,,,,,,,0.651156485080719,,,,,,
17,,,50199,,,,,,,0.7129451036453247,,,,,,
17,,,50219,,,,,,,0.581864595413208,,,,,,
17,,,50239,,,,,,,0.7669510841369629,,,,,,
17,,,50259,,,,,,,0.6237000226974487,,,,,,
17,,,50279,,,,,,,0.7387607097625732,,,,,,
17,,,50299,,,,,,,0.7059770226478577,,,,,,
17,,,50319,,,,,,,0.9129235744476318,,,,,,
17,,,50339,,,,,,,0.7339448928833008,,,,,,
17,,,50359,,,,,,,0.8667198419570923,,,,,,
17,,,50379,,,,,,,0.7978118062019348,,,,,,
17,,,50399,,,,,,,0.85877525806427,,,,,,
17,,,50419,,,,,,,0.8967021703720093,,,,,,
17,,,50439,,,,,,,1.0135161876678467,,,,,,
17,,,50459,,,,,,,0.8782290816307068,,,,,,
17,,,50479,,,,,,,0.8852192759513855,,,,,,
17,,,50499,,,,,,,0.9564222693443298,,,,,,
17,,,50519,,,,,,,0.6371936202049255,,,,,,
17,,,50539,,,,,,,0.5439037680625916,,,,,,
17,,,50559,,,,,,,1.0275880098342896,,,,,,
17,,,50579,,,,,,,0.7551448941230774,,,,,,
17,,,50599,,,,,,,0.7225908041000366,,,,,,
17,,,50619,,,,,,,0.6797009706497192,,,,,,
17,,,50639,,,,,,,0.6396950483322144,,,,,,
17,,,50659,,,,,,,0.7042779326438904,,,,,,
17,,,50679,,,,,,,0.7118514180183411,,,,,,
17,,,50699,,,,,,,1.149242639541626,,,,,,
17,,,50719,,,,,,,0.5355947613716125,,,,,,
17,,,50739,,,,,,,0.7852482795715332,,,,,,
17,,,50759,,,,,,,0.5903834104537964,,,,,,
17,,,50779,,,,,,,0.8926824331283569,,,,,,
17,,,50799,,,,,,,0.7551021575927734,,,,,,
17,,,50819,,,,,,,0.89179527759552,,,,,,
17,,,50839,,,,,,,0.6980668902397156,,,,,,
17,,,50859,,,,,,,0.9493005275726318,,,,,,
17,,,50879,,,,,,,0.8790833950042725,,,,,,
17,,,50899,,,,,,,0.694157063961029,,,,,,
17,,,50919,,,,,,,0.9516013264656067,,,,,,
17,,,50939,,,,,,,0.6396472454071045,,,,,,
17,,,50959,,,,,,,0.6244043111801147,,,,,,
17,,,50979,,,,,,,1.3012089729309082,,,,,,
17,,,50999,,,,,,,0.6273584961891174,,,,,,
17,,,51019,,,,,,,0.7739461660385132,,,,,,
17,,,51039,,,,,,,0.5764930248260498,,,,,,
17,,,51059,,,,,,,0.5599466562271118,,,,,,
17,,,51079,,,,,,,0.6714268922805786,,,,,,
17,,,51099,,,,,,,0.7083310484886169,,,,,,
17,,,51119,,,,,,,0.9195220470428467,,,,,,
17,,,51139,,,,,,,0.9376159906387329,,,,,,
17,,,51159,,,,,,,1.1360468864440918,,,,,,
17,,,51179,,,,,,,0.7864637970924377,,,,,,
17,,,51199,,,,,,,0.6541394591331482,,,,,,
17,,,51219,,,,,,,1.090735912322998,,,,,,
17,,,51239,,,,,,,0.4011024236679077,,,,,,
17,,,51259,,,,,,,0.6953929662704468,,,,,,
17,,,51279,,,,,,,1.0523945093154907,,,,,,
17,,,51299,,,,,,,0.8062952160835266,,,,,,
17,,,51319,,,,,,,0.7821782231330872,,,,,,
17,,,51339,,,,,,,0.5073086023330688,,,,,,
17,,,51359,,,,,,,0.5390811562538147,,,,,,
17,,,51379,,,,,,,0.7729907035827637,,,,,,
17,,,51399,,,,,,,0.8380477428436279,,,,,,
17,,,51419,,,,,,,0.6136568784713745,,,,,,
17,,,51439,,,,,,,0.7966710925102234,,,,,,
17,,,51459,,,,,,,0.7975732088088989,,,,,,
17,,,51479,,,,,,,0.6206134557723999,,,,,,
17,,,51499,,,,,,,0.6661369800567627,,,,,,
17,,,51519,,,,,,,0.7037650346755981,,,,,,
17,,,51539,,,,,,,0.7629586458206177,,,,,,
17,,,51559,,,,,,,0.6566232442855835,,,,,,
17,,,51579,,,,,,,0.7378328442573547,,,,,,
17,,,51599,,,,,,,0.735342264175415,,,,,,
17,,,51619,,,,,,,0.5192533135414124,,,,,,
17,,,51639,,,,,,,0.6845779418945312,,,,,,
17,,,51659,,,,,,,0.7297482490539551,,,,,,
17,,,51659,,,,,,,,0.43169885873794556,0.35871121287345886,10.10027027130127,0.27573391795158386,0.3902008533477783,0.43169885873794556
17,,,51659,,,,,0.745492160320282,0.7825000286102295,,,,,,,
,0.00016659164477344577,0.00016659164477344577,51660,,,,,,,,,,,,,
18,,,51679,,,,,,,0.7561160922050476,,,,,,
18,,,51699,,,,,,,0.7947307825088501,,,,,,
18,,,51719,,,,,,,0.5451837778091431,,,,,,
18,,,51739,,,,,,,0.7823352217674255,,,,,,
18,,,51759,,,,,,,0.541631281375885,,,,,,
18,,,51779,,,,,,,0.678191065788269,,,,,,
18,,,51799,,,,,,,0.8285200595855713,,,,,,
18,,,51819,,,,,,,0.9043535590171814,,,,,,
18,,,51839,,,,,,,1.2407734394073486,,,,,,
18,,,51859,,,,,,,0.9352031946182251,,,,,,
18,,,51879,,,,,,,0.9265517592430115,,,,,,
18,,,51899,,,,,,,0.7078615427017212,,,,,,
18,,,51919,,,,,,,0.8306480050086975,,,,,,
18,,,51939,,,,,,,0.6777540445327759,,,,,,
18,,,51959,,,,,,,0.6466517448425293,,,,,,
18,,,51979,,,,,,,0.7121765613555908,,,,,,
18,,,51999,,,,,,,0.9598644971847534,,,,,,
18,,,52019,,,,,,,0.6949005126953125,,,,,,
18,,,52039,,,,,,,0.7509163022041321,,,,,,
18,,,52059,,,,,,,0.6783168911933899,,,,,,
18,,,52079,,,,,,,0.5406862497329712,,,,,,
18,,,52099,,,,,,,0.6905002593994141,,,,,,
18,,,52119,,,,,,,0.8528537750244141,,,,,,
18,,,52139,,,,,,,0.6541325449943542,,,,,,
18,,,52159,,,,,,,1.0114023685455322,,,,,,
18,,,52179,,,,,,,0.6712027788162231,,,,,,
18,,,52199,,,,,,,0.5360592007637024,,,,,,
18,,,52219,,,,,,,0.9945740103721619,,,,,,
18,,,52239,,,,,,,0.772042989730835,,,,,,
18,,,52259,,,,,,,0.8453602194786072,,,,,,
18,,,52279,,,,,,,0.8755656480789185,,,,,,
18,,,52299,,,,,,,0.6725172996520996,,,,,,
18,,,52319,,,,,,,0.7125582098960876,,,,,,
18,,,52339,,,,,,,0.9935528635978699,,,,,,
18,,,52359,,,,,,,1.2296433448791504,,,,,,
18,,,52379,,,,,,,0.6873501539230347,,,,,,
18,,,52399,,,,,,,0.63710618019104,,,,,,
18,,,52419,,,,,,,1.1936304569244385,,,,,,
18,,,52439,,,,,,,0.422679603099823,,,,,,
18,,,52459,,,,,,,0.7471268177032471,,,,,,
18,,,52479,,,,,,,0.7298229336738586,,,,,,
18,,,52499,,,,,,,0.8865852952003479,,,,,,
18,,,52519,,,,,,,0.635174036026001,,,,,,
18,,,52539,,,,,,,0.6509827971458435,,,,,,
18,,,52559,,,,,,,0.8717784881591797,,,,,,
18,,,52579,,,,,,,0.9296337366104126,,,,,,
18,,,52599,,,,,,,0.5492275953292847,,,,,,
18,,,52619,,,,,,,0.8953841328620911,,,,,,
18,,,52639,,,,,,,0.7825431227684021,,,,,,
18,,,52659,,,,,,,0.6775457859039307,,,,,,
18,,,52679,,,,,,,1.1677018404006958,,,,,,
18,,,52699,,,,,,,1.0744954347610474,,,,,,
18,,,52719,,,,,,,0.8000880479812622,,,,,,
18,,,52739,,,,,,,0.676584005355835,,,,,,
18,,,52759,,,,,,,0.7937142848968506,,,,,,
18,,,52779,,,,,,,0.9200299978256226,,,,,,
18,,,52799,,,,,,,0.7987876534461975,,,,,,
18,,,52819,,,,,,,0.7842194437980652,,,,,,
18,,,52839,,,,,,,0.5697423815727234,,,,,,
18,,,52859,,,,,,,0.6056430339813232,,,,,,
18,,,52879,,,,,,,0.8513839244842529,,,,,,
18,,,52899,,,,,,,0.6799205541610718,,,,,,
18,,,52919,,,,,,,0.9772871732711792,,,,,,
18,,,52939,,,,,,,0.8033672571182251,,,,,,
18,,,52959,,,,,,,0.5629610419273376,,,,,,
18,,,52979,,,,,,,0.4663706421852112,,,,,,
18,,,52999,,,,,,,0.6365785598754883,,,,,,
18,,,53019,,,,,,,0.6398950815200806,,,,,,
18,,,53039,,,,,,,0.47918689250946045,,,,,,
18,,,53059,,,,,,,0.9216402173042297,,,,,,
18,,,53079,,,,,,,0.6840200424194336,,,,,,
18,,,53099,,,,,,,0.8874886631965637,,,,,,
18,,,53119,,,,,,,0.7274341583251953,,,,,,
18,,,53139,,,,,,,0.7944787740707397,,,,,,
18,,,53159,,,,,,,0.5823992490768433,,,,,,
18,,,53179,,,,,,,0.8036253452301025,,,,,,
18,,,53199,,,,,,,0.8745024800300598,,,,,,
18,,,53219,,,,,,,0.43616074323654175,,,,,,
18,,,53239,,,,,,,0.7870232462882996,,,,,,
18,,,53259,,,,,,,0.8443775177001953,,,,,,
18,,,53279,,,,,,,0.6865406632423401,,,,,,
18,,,53299,,,,,,,1.0545382499694824,,,,,,
18,,,53319,,,,,,,0.7578973174095154,,,,,,
18,,,53339,,,,,,,0.8687654733657837,,,,,,
18,,,53359,,,,,,,0.7215291261672974,,,,,,
18,,,53379,,,,,,,0.9921377897262573,,,,,,
18,,,53399,,,,,,,0.7559821605682373,,,,,,
18,,,53419,,,,,,,0.826636791229248,,,,,,
18,,,53439,,,,,,,0.5660563707351685,,,,,,
18,,,53459,,,,,,,0.6131864786148071,,,,,,
18,,,53479,,,,,,,0.7162916660308838,,,,,,
18,,,53499,,,,,,,0.46498000621795654,,,,,,
18,,,53519,,,,,,,0.6597143411636353,,,,,,
18,,,53539,,,,,,,0.5747795104980469,,,,,,
18,,,53559,,,,,,,0.7764123678207397,,,,,,
18,,,53579,,,,,,,0.5425390005111694,,,,,,
18,,,53599,,,,,,,0.8949887156486511,,,,,,
18,,,53619,,,,,,,0.9359813928604126,,,,,,
18,,,53639,,,,,,,0.9402353167533875,,,,,,
18,,,53659,,,,,,,0.6318719983100891,,,,,,
18,,,53679,,,,,,,0.7421470284461975,,,,,,
18,,,53699,,,,,,,0.9814042448997498,,,,,,
18,,,53719,,,,,,,0.6358908414840698,,,,,,
18,,,53739,,,,,,,0.7482879161834717,,,,,,
18,,,53759,,,,,,,0.952668309211731,,,,,,
18,,,53779,,,,,,,0.4359060525894165,,,,,,
18,,,53799,,,,,,,1.0019798278808594,,,,,,
18,,,53819,,,,,,,0.7727144956588745,,,,,,
18,,,53839,,,,,,,0.7136460542678833,,,,,,
18,,,53859,,,,,,,0.5282300114631653,,,,,,
18,,,53879,,,,,,,0.6279128193855286,,,,,,
18,,,53899,,,,,,,0.9029945135116577,,,,,,
18,,,53919,,,,,,,0.7528704404830933,,,,,,
18,,,53939,,,,,,,0.8903847932815552,,,,,,
18,,,53959,,,,,,,0.9112036228179932,,,,,,
18,,,53979,,,,,,,0.8830263614654541,,,,,,
18,,,53999,,,,,,,0.7090513706207275,,,,,,
18,,,54019,,,,,,,0.8025665879249573,,,,,,
18,,,54039,,,,,,,0.7926642298698425,,,,,,
18,,,54059,,,,,,,0.9804196357727051,,,,,,
18,,,54079,,,,,,,0.8308995962142944,,,,,,
18,,,54099,,,,,,,0.6215654611587524,,,,,,
18,,,54119,,,,,,,0.5980679392814636,,,,,,
18,,,54139,,,,,,,0.7161442041397095,,,,,,
18,,,54159,,,,,,,0.8107120990753174,,,,,,
18,,,54179,,,,,,,0.8738887310028076,,,,,,
18,,,54199,,,,,,,0.7023320198059082,,,,,,
18,,,54219,,,,,,,0.5453282594680786,,,,,,
18,,,54239,,,,,,,0.7102087140083313,,,,,,
18,,,54259,,,,,,,0.7245098352432251,,,,,,
18,,,54279,,,,,,,0.47131121158599854,,,,,,
18,,,54299,,,,,,,0.7156291007995605,,,,,,
18,,,54319,,,,,,,0.468278169631958,,,,,,
18,,,54339,,,,,,,0.7698132991790771,,,,,,
18,,,54359,,,,,,,0.9075579047203064,,,,,,
18,,,54379,,,,,,,0.7330647706985474,,,,,,
18,,,54399,,,,,,,0.5198252201080322,,,,,,
18,,,54419,,,,,,,0.8178408145904541,,,,,,
18,,,54439,,,,,,,0.6811292767524719,,,,,,
18,,,54459,,,,,,,0.8947196006774902,,,,,,
18,,,54479,,,,,,,0.6655247211456299,,,,,,
18,,,54499,,,,,,,0.49511465430259705,,,,,,
18,,,54519,,,,,,,0.9022961854934692,,,,,,
18,,,54529,,,,,,,,0.38470911979675293,0.32662802934646606,11.552056312561035,0.21098440885543823,0.33941736817359924,0.38470911979675293
18,,,54529,,,,,0.7463414072990417,0.7651258111000061,,,,,,,
,0.00016572480601068188,0.00016572480601068188,54530,,,,,,,,,,,,,
19,,,54539,,,,,,,0.7359716892242432,,,,,,
19,,,54559,,,,,,,0.8176755905151367,,,,,,
19,,,54579,,,,,,,0.664013147354126,,,,,,
19,,,54599,,,,,,,0.8203102350234985,,,,,,
19,,,54619,,,,,,,0.8077627420425415,,,,,,
19,,,54639,,,,,,,0.7795678377151489,,,,,,
19,,,54659,,,,,,,0.784395158290863,,,,,,
19,,,54679,,,,,,,0.8148623704910278,,,,,,
19,,,54699,,,,,,,0.7838754057884216,,,,,,
19,,,54719,,,,,,,0.6113330125808716,,,,,,
19,,,54739,,,,,,,0.827293872833252,,,,,,
19,,,54759,,,,,,,0.6686444282531738,,,,,,
19,,,54779,,,,,,,0.8435184955596924,,,,,,
19,,,54799,,,,,,,0.8003056049346924,,,,,,
19,,,54819,,,,,,,1.0326967239379883,,,,,,
19,,,54839,,,,,,,0.7022004127502441,,,,,,
19,,,54859,,,,,,,0.8431884050369263,,,,,,
19,,,54879,,,,,,,1.0019421577453613,,,,,,
19,,,54899,,,,,,,0.9583367705345154,,,,,,
19,,,54919,,,,,,,0.8906172513961792,,,,,,
19,,,54939,,,,,,,0.6493126153945923,,,,,,
19,,,54959,,,,,,,0.9105435609817505,,,,,,
19,,,54979,,,,,,,0.980471134185791,,,,,,
19,,,54999,,,,,,,0.6687405109405518,,,,,,
19,,,55019,,,,,,,0.5937007665634155,,,,,,
19,,,55039,,,,,,,0.9068082571029663,,,,,,
19,,,55059,,,,,,,0.7674582004547119,,,,,,
19,,,55079,,,,,,,1.0195554494857788,,,,,,
19,,,55099,,,,,,,0.9152359962463379,,,,,,
19,,,55119,,,,,,,0.8264567852020264,,,,,,
19,,,55139,,,,,,,0.7084875106811523,,,,,,
19,,,55159,,,,,,,0.6940269470214844,,,,,,
19,,,55179,,,,,,,0.7037163972854614,,,,,,
19,,,55199,,,,,,,0.6200613379478455,,,,,,
19,,,55219,,,,,,,0.5966224670410156,,,,,,
19,,,55239,,,,,,,0.5645079612731934,,,,,,
19,,,55259,,,,,,,0.6707080006599426,,,,,,
19,,,55279,,,,,,,0.6622765064239502,,,,,,
19,,,55299,,,,,,,0.8414651155471802,,,,,,
19,,,55319,,,,,,,0.9309676289558411,,,,,,
19,,,55339,,,,,,,0.917587399482727,,,,,,
19,,,55359,,,,,,,0.5607949495315552,,,,,,
19,,,55379,,,,,,,0.6978546977043152,,,,,,
19,,,55399,,,,,,,0.7235628962516785,,,,,,
19,,,55419,,,,,,,0.5507423281669617,,,,,,
19,,,55439,,,,,,,0.6784189939498901,,,,,,
19,,,55459,,,,,,,0.9891935586929321,,,,,,
19,,,55479,,,,,,,0.7148783802986145,,,,,,
19,,,55499,,,,,,,0.7981817126274109,,,,,,
19,,,55519,,,,,,,0.8836007118225098,,,,,,
19,,,55539,,,,,,,0.6354814767837524,,,,,,
19,,,55559,,,,,,,0.9555869698524475,,,,,,
19,,,55579,,,,,,,0.6894870400428772,,,,,,
19,,,55599,,,,,,,0.9626781344413757,,,,,,
19,,,55619,,,,,,,0.6659680604934692,,,,,,
19,,,55639,,,,,,,0.7536050081253052,,,,,,
19,,,55659,,,,,,,0.8928013443946838,,,,,,
19,,,55679,,,,,,,1.1030925512313843,,,,,,
19,,,55699,,,,,,,0.7856100797653198,,,,,,
19,,,55719,,,,,,,0.6698520183563232,,,,,,
19,,,55739,,,,,,,0.7636768817901611,,,,,,
19,,,55759,,,,,,,0.6038259863853455,,,,,,
19,,,55779,,,,,,,0.6634093523025513,,,,,,
19,,,55799,,,,,,,0.6192101240158081,,,,,,
19,,,55819,,,,,,,0.5603160858154297,,,,,,
19,,,55839,,,,,,,0.8750812411308289,,,,,,
19,,,55859,,,,,,,0.626534640789032,,,,,,
19,,,55879,,,,,,,0.8144620656967163,,,,,,
19,,,55899,,,,,,,0.8747332096099854,,,,,,
19,,,55919,,,,,,,0.9868515133857727,,,,,,
19,,,55939,,,,,,,0.7372784614562988,,,,,,
19,,,55959,,,,,,,0.7958494424819946,,,,,,
19,,,55979,,,,,,,0.9128504395484924,,,,,,
19,,,55999,,,,,,,0.6229585409164429,,,,,,
19,,,56019,,,,,,,0.7947757244110107,,,,,,
19,,,56039,,,,,,,0.8505281209945679,,,,,,
19,,,56059,,,,,,,0.7211990356445312,,,,,,
19,,,56079,,,,,,,0.7999725341796875,,,,,,
19,,,56099,,,,,,,0.5826061964035034,,,,,,
19,,,56119,,,,,,,0.8237271308898926,,,,,,
19,,,56139,,,,,,,0.7923269867897034,,,,,,
19,,,56159,,,,,,,0.8088829517364502,,,,,,
19,,,56179,,,,,,,0.6618767976760864,,,,,,
19,,,56199,,,,,,,0.7390917539596558,,,,,,
19,,,56219,,,,,,,0.6675347089767456,,,,,,
19,,,56239,,,,,,,0.49463868141174316,,,,,,
19,,,56259,,,,,,,1.1850900650024414,,,,,,
19,,,56279,,,,,,,0.908166229724884,,,,,,
19,,,56299,,,,,,,0.7679481506347656,,,,,,
19,,,56319,,,,,,,1.1238042116165161,,,,,,
19,,,56339,,,,,,,1.10392165184021,,,,,,
19,,,56359,,,,,,,0.8712975978851318,,,,,,
19,,,56379,,,,,,,0.7229747772216797,,,,,,
19,,,56399,,,,,,,0.7953782081604004,,,,,,
19,,,56419,,,,,,,0.6358697414398193,,,,,,
19,,,56439,,,,,,,0.6884722113609314,,,,,,
19,,,56459,,,,,,,0.8076306581497192,,,,,,
19,,,56479,,,,,,,0.9786660671234131,,,,,,
19,,,56499,,,,,,,0.8247455358505249,,,,,,
19,,,56519,,,,,,,0.8640017509460449,,,,,,
19,,,56539,,,,,,,0.6138716340065002,,,,,,
19,,,56559,,,,,,,0.7560078501701355,,,,,,
19,,,56579,,,,,,,0.8423821926116943,,,,,,
19,,,56599,,,,,,,0.7061082124710083,,,,,,
19,,,56619,,,,,,,0.757323682308197,,,,,,
19,,,56639,,,,,,,0.9227547645568848,,,,,,
19,,,56659,,,,,,,0.9703406691551208,,,,,,
19,,,56679,,,,,,,0.8603212237358093,,,,,,
19,,,56699,,,,,,,0.9597960114479065,,,,,,
19,,,56719,,,,,,,0.7262694835662842,,,,,,
19,,,56739,,,,,,,0.8343958854675293,,,,,,
19,,,56759,,,,,,,0.8654831051826477,,,,,,
19,,,56779,,,,,,,0.5668489336967468,,,,,,
19,,,56799,,,,,,,0.5761734247207642,,,,,,
19,,,56819,,,,,,,0.9510352611541748,,,,,,
19,,,56839,,,,,,,0.8102248907089233,,,,,,
19,,,56859,,,,,,,0.8010832071304321,,,,,,
19,,,56879,,,,,,,0.9366230368614197,,,,,,
19,,,56899,,,,,,,0.7240186333656311,,,,,,
19,,,56919,,,,,,,0.6661573052406311,,,,,,
19,,,56939,,,,,,,0.7523459792137146,,,,,,
19,,,56959,,,,,,,0.8841326832771301,,,,,,
19,,,56979,,,,,,,0.7996101379394531,,,,,,
19,,,56999,,,,,,,0.6789364814758301,,,,,,
19,,,57019,,,,,,,0.7630956768989563,,,,,,
19,,,57039,,,,,,,0.9181743860244751,,,,,,
19,,,57059,,,,,,,0.7844089269638062,,,,,,
19,,,57079,,,,,,,0.5652434825897217,,,,,,
19,,,57099,,,,,,,0.6028997898101807,,,,,,
19,,,57119,,,,,,,0.7063935399055481,,,,,,
19,,,57139,,,,,,,0.8932890892028809,,,,,,
19,,,57159,,,,,,,0.6266347169876099,,,,,,
19,,,57179,,,,,,,0.7856980562210083,,,,,,
19,,,57199,,,,,,,0.608729898929596,,,,,,
19,,,57219,,,,,,,0.8069342374801636,,,,,,
19,,,57239,,,,,,,0.5170835852622986,,,,,,
19,,,57259,,,,,,,0.7877514362335205,,,,,,
19,,,57279,,,,,,,0.9776550531387329,,,,,,
19,,,57299,,,,,,,0.6555854082107544,,,,,,
19,,,57319,,,,,,,0.5985692739486694,,,,,,
19,,,57339,,,,,,,0.7830551862716675,,,,,,
19,,,57359,,,,,,,0.8710265159606934,,,,,,
19,,,57379,,,,,,,0.8272884488105774,,,,,,
19,,,57399,,,,,,,0.46424952149391174,,,,,,
19,,,57399,,,,,,,,0.4141487777233124,0.36070847511291504,11.830153465270996,0.25523170828819275,0.36568018794059753,0.4141487777233124
19,,,57399,,,,,0.7464722394943237,0.7642894387245178,,,,,,,
,0.0001647595446955604,0.0001647595446955604,57400,,,,,,,,,,,,,
20,,,57419,,,,,,,0.5089849233627319,,,,,,
20,,,57439,,,,,,,0.696507453918457,,,,,,
20,,,57459,,,,,,,0.6841627359390259,,,,,,
20,,,57479,,,,,,,0.5881426930427551,,,,,,
20,,,57499,,,,,,,0.642124593257904,,,,,,
20,,,57519,,,,,,,0.9492433071136475,,,,,,
20,,,57539,,,,,,,0.756029486656189,,,,,,
20,,,57559,,,,,,,0.6868904829025269,,,,,,
20,,,57579,,,,,,,0.8123703002929688,,,,,,
20,,,57599,,,,,,,1.05910062789917,,,,,,
20,,,57619,,,,,,,0.7744637727737427,,,,,,
20,,,57639,,,,,,,0.547935426235199,,,,,,
20,,,57659,,,,,,,0.6948645114898682,,,,,,
20,,,57679,,,,,,,0.9914513826370239,,,,,,
20,,,57699,,,,,,,0.8110792636871338,,,,,,
20,,,57719,,,,,,,0.9034184217453003,,,,,,
20,,,57739,,,,,,,0.7809690833091736,,,,,,
20,,,57759,,,,,,,0.6763584613800049,,,,,,
20,,,57779,,,,,,,0.7100386619567871,,,,,,
20,,,57799,,,,,,,0.7020635604858398,,,,,,
20,,,57819,,,,,,,0.7104139924049377,,,,,,
20,,,57839,,,,,,,0.7832146286964417,,,,,,
20,,,57859,,,,,,,0.7122087478637695,,,,,,
20,,,57879,,,,,,,0.7192933559417725,,,,,,
20,,,57899,,,,,,,0.6971310377120972,,,,,,
20,,,57919,,,,,,,0.5821120142936707,,,,,,
20,,,57939,,,,,,,0.6613523364067078,,,,,,
20,,,57959,,,,,,,0.7927006483078003,,,,,,
20,,,57979,,,,,,,0.6981229782104492,,,,,,
20,,,57999,,,,,,,0.9240380525588989,,,,,,
20,,,58019,,,,,,,0.4763707220554352,,,,,,
20,,,58039,,,,,,,0.6317274570465088,,,,,,
20,,,58059,,,,,,,0.8111034631729126,,,,,,
20,,,58079,,,,,,,0.7789139747619629,,,,,,
20,,,58099,,,,,,,0.7679443359375,,,,,,
20,,,58119,,,,,,,0.8616434335708618,,,,,,
20,,,58139,,,,,,,0.9399619102478027,,,,,,
20,,,58159,,,,,,,0.705150842666626,,,,,,
20,,,58179,,,,,,,0.7778369784355164,,,,,,
20,,,58199,,,,,,,0.9130086898803711,,,,,,
20,,,58219,,,,,,,0.9622496366500854,,,,,,
20,,,58239,,,,,,,0.8297494649887085,,,,,,
20,,,58259,,,,,,,0.7308864593505859,,,,,,
20,,,58279,,,,,,,0.8520985841751099,,,,,,
20,,,58299,,,,,,,0.7596931457519531,,,,,,
20,,,58319,,,,,,,0.8028421401977539,,,,,,
20,,,58339,,,,,,,0.5789157748222351,,,,,,
20,,,58359,,,,,,,0.8439716100692749,,,,,,
20,,,58379,,,,,,,0.7849301099777222,,,,,,
20,,,58399,,,,,,,0.7412741184234619,,,,,,
20,,,58419,,,,,,,0.9191492199897766,,,,,,
20,,,58439,,,,,,,0.7666013240814209,,,,,,
20,,,58459,,,,,,,0.5658290386199951,,,,,,
20,,,58479,,,,,,,0.7093324065208435,,,,,,
20,,,58499,,,,,,,0.7534093856811523,,,,,,
20,,,58519,,,,,,,0.7342234253883362,,,,,,
20,,,58539,,,,,,,0.6752464771270752,,,,,,
20,,,58559,,,,,,,0.5954069495201111,,,,,,
20,,,58579,,,,,,,0.8894174695014954,,,,,,
20,,,58599,,,,,,,0.6688573956489563,,,,,,
20,,,58619,,,,,,,0.5588893890380859,,,,,,
20,,,58639,,,,,,,0.7380061745643616,,,,,,
20,,,58659,,,,,,,0.4406125545501709,,,,,,
20,,,58679,,,,,,,0.5929860472679138,,,,,,
20,,,58699,,,,,,,0.698813796043396,,,,,,
20,,,58719,,,,,,,0.8405430316925049,,,,,,
20,,,58739,,,,,,,0.7374991178512573,,,,,,
20,,,58759,,,,,,,1.0117924213409424,,,,,,
20,,,58779,,,,,,,0.8779191374778748,,,,,,
20,,,58799,,,,,,,0.7143835425376892,,,,,,
20,,,58819,,,,,,,0.7471180558204651,,,,,,
20,,,58839,,,,,,,0.8022024631500244,,,,,,
20,,,58859,,,,,,,0.7997242212295532,,,,,,
20,,,58879,,,,,,,0.7892096042633057,,,,,,
20,,,58899,,,,,,,0.9009894132614136,,,,,,
20,,,58919,,,,,,,0.8166019916534424,,,,,,
20,,,58939,,,,,,,0.6564251184463501,,,,,,
20,,,58959,,,,,,,0.7353127598762512,,,,,,
20,,,58979,,,,,,,0.6173850297927856,,,,,,
20,,,58999,,,,,,,0.8892608284950256,,,,,,
20,,,59019,,,,,,,0.7901514768600464,,,,,,
20,,,59039,,,,,,,0.6840165257453918,,,,,,
20,,,59059,,,,,,,1.0236396789550781,,,,,,
20,,,59079,,,,,,,0.8234132528305054,,,,,,
20,,,59099,,,,,,,0.7974458932876587,,,,,,
20,,,59119,,,,,,,0.7232788801193237,,,,,,
20,,,59139,,,,,,,0.7394995093345642,,,,,,
20,,,59159,,,,,,,0.4708878993988037,,,,,,
20,,,59179,,,,,,,0.7676706910133362,,,,,,
20,,,59199,,,,,,,0.6469939947128296,,,,,,
20,,,59219,,,,,,,0.7337508797645569,,,,,,
20,,,59239,,,,,,,0.6411800384521484,,,,,,
20,,,59259,,,,,,,0.6075582504272461,,,,,,
20,,,59279,,,,,,,0.6413754224777222,,,,,,
20,,,59299,,,,,,,0.933635950088501,,,,,,
20,,,59319,,,,,,,0.9749280214309692,,,,,,
20,,,59339,,,,,,,0.8101140856742859,,,,,,
20,,,59359,,,,,,,0.42821329832077026,,,,,,
20,,,59379,,,,,,,0.5867946743965149,,,,,,
20,,,59399,,,,,,,0.7103791236877441,,,,,,
20,,,59419,,,,,,,0.6841095685958862,,,,,,
20,,,59439,,,,,,,0.8546591997146606,,,,,,
20,,,59459,,,,,,,0.9018497467041016,,,,,,
20,,,59479,,,,,,,0.7847632169723511,,,,,,
20,,,59499,,,,,,,0.72092604637146,,,,,,
20,,,59519,,,,,,,0.5995678305625916,,,,,,
20,,,59539,,,,,,,0.6002306938171387,,,,,,
20,,,59559,,,,,,,0.7049431204795837,,,,,,
20,,,59579,,,,,,,0.8539290428161621,,,,,,
20,,,59599,,,,,,,0.816278338432312,,,,,,
20,,,59619,,,,,,,0.9501925706863403,,,,,,
20,,,59639,,,,,,,1.0545659065246582,,,,,,
20,,,59659,,,,,,,0.7693690061569214,,,,,,
20,,,59679,,,,,,,0.46341562271118164,,,,,,
20,,,59699,,,,,,,0.47688376903533936,,,,,,
20,,,59719,,,,,,,1.2989819049835205,,,,,,
20,,,59739,,,,,,,0.8208434581756592,,,,,,
20,,,59759,,,,,,,0.7031134366989136,,,,,,
20,,,59779,,,,,,,0.6608780026435852,,,,,,
20,,,59799,,,,,,,0.7161248922348022,,,,,,
20,,,59819,,,,,,,0.7018857598304749,,,,,,
20,,,59839,,,,,,,0.7283231019973755,,,,,,
20,,,59859,,,,,,,0.6939524412155151,,,,,,
20,,,59879,,,,,,,0.48190146684646606,,,,,,
20,,,59899,,,,,,,0.7959761619567871,,,,,,
20,,,59919,,,,,,,0.7566686272621155,,,,,,
20,,,59939,,,,,,,0.8575049042701721,,,,,,
20,,,59959,,,,,,,0.7074493169784546,,,,,,
20,,,59979,,,,,,,0.8064329624176025,,,,,,
20,,,59999,,,,,,,0.8367933034896851,,,,,,
20,,,60019,,,,,,,0.6567197442054749,,,,,,
20,,,60039,,,,,,,0.7095627188682556,,,,,,
20,,,60059,,,,,,,0.6616213917732239,,,,,,
20,,,60079,,,,,,,0.8093898892402649,,,,,,
20,,,60099,,,,,,,0.9414881467819214,,,,,,
20,,,60119,,,,,,,0.7064552307128906,,,,,,
20,,,60139,,,,,,,0.6937304735183716,,,,,,
20,,,60159,,,,,,,0.6185829639434814,,,,,,
20,,,60179,,,,,,,0.7684636116027832,,,,,,
20,,,60199,,,,,,,0.9915096163749695,,,,,,
20,,,60219,,,,,,,0.48155874013900757,,,,,,
20,,,60239,,,,,,,0.6661540269851685,,,,,,
20,,,60259,,,,,,,0.5184745788574219,,,,,,
20,,,60269,,,,,,,,0.3898143470287323,0.3387611210346222,12.378715515136719,0.2208588719367981,0.34494879841804504,0.3898143470287323
20,,,60269,,,,,0.7464721202850342,0.7617983818054199,,,,,,,
,0.0001636970368503068,0.0001636970368503068,60270,,,,,,,,,,,,,
21,,,60279,,,,,,,0.5665956735610962,,,,,,
21,,,60299,,,,,,,0.881313681602478,,,,,,
21,,,60319,,,,,,,0.6524901390075684,,,,,,
21,,,60339,,,,,,,0.8033273220062256,,,,,,
21,,,60359,,,,,,,0.8281151056289673,,,,,,
21,,,60379,,,,,,,0.6330499053001404,,,,,,
21,,,60399,,,,,,,0.5840135216712952,,,,,,
21,,,60419,,,,,,,0.7167342901229858,,,,,,
21,,,60439,,,,,,,0.6000730991363525,,,,,,
21,,,60459,,,,,,,0.48588818311691284,,,,,,
21,,,60479,,,,,,,0.9354914426803589,,,,,,
21,,,60499,,,,,,,0.8127825260162354,,,,,,
21,,,60519,,,,,,,0.6624703407287598,,,,,,
21,,,60539,,,,,,,0.6676598191261292,,,,,,
21,,,60559,,,,,,,0.8957434892654419,,,,,,
21,,,60579,,,,,,,0.7241528034210205,,,,,,
21,,,60599,,,,,,,0.5792602300643921,,,,,,
21,,,60619,,,,,,,0.6264982223510742,,,,,,
21,,,60639,,,,,,,0.7669203281402588,,,,,,
21,,,60659,,,,,,,0.6616238355636597,,,,,,
21,,,60679,,,,,,,0.7038164138793945,,,,,,
21,,,60699,,,,,,,0.891355037689209,,,,,,
21,,,60719,,,,,,,0.6047054529190063,,,,,,
21,,,60739,,,,,,,0.5810199975967407,,,,,,
21,,,60759,,,,,,,0.7643086910247803,,,,,,
21,,,60779,,,,,,,0.7979074716567993,,,,,,
21,,,60799,,,,,,,0.7877032160758972,,,,,,
21,,,60819,,,,,,,0.5369526147842407,,,,,,
21,,,60839,,,,,,,0.5102077126502991,,,,,,
21,,,60859,,,,,,,0.8907046318054199,,,,,,
21,,,60879,,,,,,,0.6257272958755493,,,,,,
21,,,60899,,,,,,,0.7546093463897705,,,,,,
21,,,60919,,,,,,,0.45487725734710693,,,,,,
21,,,60939,,,,,,,0.8470214605331421,,,,,,
21,,,60959,,,,,,,0.7659587860107422,,,,,,
21,,,60979,,,,,,,0.6502069234848022,,,,,,
21,,,60999,,,,,,,0.8171523809432983,,,,,,
21,,,61019,,,,,,,0.6671051979064941,,,,,,
21,,,61039,,,,,,,0.8646331429481506,,,,,,
21,,,61059,,,,,,,0.7735850811004639,,,,,,
21,,,61079,,,,,,,0.8396328687667847,,,,,,
21,,,61099,,,,,,,0.7949683666229248,,,,,,
21,,,61119,,,,,,,0.5630127191543579,,,,,,
21,,,61139,,,,,,,1.0959422588348389,,,,,,
21,,,61159,,,,,,,0.7391413450241089,,,,,,
21,,,61179,,,,,,,0.6044796109199524,,,,,,
21,,,61199,,,,,,,0.5303024053573608,,,,,,
21,,,61219,,,,,,,0.703003466129303,,,,,,
21,,,61239,,,,,,,0.7416695356369019,,,,,,
21,,,61259,,,,,,,0.6329038143157959,,,,,,
21,,,61279,,,,,,,0.5383057594299316,,,,,,
21,,,61299,,,,,,,0.6878091096878052,,,,,,
21,,,61319,,,,,,,0.8613022565841675,,,,,,
21,,,61339,,,,,,,0.666080892086029,,,,,,
21,,,61359,,,,,,,0.8863361477851868,,,,,,
21,,,61379,,,,,,,0.814656674861908,,,,,,
21,,,61399,,,,,,,0.7383759021759033,,,,,,
21,,,61419,,,,,,,0.9299625754356384,,,,,,
21,,,61439,,,,,,,1.3202176094055176,,,,,,
21,,,61459,,,,,,,0.711226761341095,,,,,,
21,,,61479,,,,,,,0.9965192079544067,,,,,,
21,,,61499,,,,,,,0.7392821311950684,,,,,,
21,,,61519,,,,,,,0.7227283716201782,,,,,,
21,,,61539,,,,,,,1.0933828353881836,,,,,,
21,,,61559,,,,,,,0.6972258687019348,,,,,,
21,,,61579,,,,,,,0.6768296957015991,,,,,,
21,,,61599,,,,,,,0.9168739914894104,,,,,,
21,,,61619,,,,,,,1.0312410593032837,,,,,,
21,,,61639,,,,,,,0.7511231899261475,,,,,,
21,,,61659,,,,,,,1.20208740234375,,,,,,
21,,,61679,,,,,,,0.7134482860565186,,,,,,
21,,,61699,,,,,,,0.8624564409255981,,,,,,
21,,,61719,,,,,,,0.658575713634491,,,,,,
21,,,61739,,,,,,,1.4359644651412964,,,,,,
21,,,61759,,,,,,,1.073009967803955,,,,,,
21,,,61779,,,,,,,0.6315491795539856,,,,,,
21,,,61799,,,,,,,1.289021611213684,,,,,,
21,,,61819,,,,,,,0.6252888441085815,,,,,,
21,,,61839,,,,,,,0.7944179773330688,,,,,,
21,,,61859,,,,,,,0.6653913259506226,,,,,,
21,,,61879,,,,,,,0.8181264996528625,,,,,,
21,,,61899,,,,,,,0.9372446537017822,,,,,,
21,,,61919,,,,,,,0.8471665382385254,,,,,,
21,,,61939,,,,,,,0.8289310932159424,,,,,,
21,,,61959,,,,,,,0.6666433811187744,,,,,,
21,,,61979,,,,,,,0.5152543783187866,,,,,,
21,,,61999,,,,,,,0.7845395803451538,,,,,,
21,,,62019,,,,,,,0.8094377517700195,,,,,,
21,,,62039,,,,,,,0.8114796280860901,,,,,,
21,,,62059,,,,,,,0.4888562262058258,,,,,,
21,,,62079,,,,,,,0.9495906233787537,,,,,,
21,,,62099,,,,,,,0.7754267454147339,,,,,,
21,,,62119,,,,,,,0.5504711866378784,,,,,,
21,,,62139,,,,,,,0.6751652359962463,,,,,,
21,,,62159,,,,,,,0.5401239991188049,,,,,,
21,,,62179,,,,,,,0.9302398562431335,,,,,,
21,,,62199,,,,,,,0.8097467422485352,,,,,,
21,,,62219,,,,,,,0.7237128019332886,,,,,,
21,,,62239,,,,,,,0.8914992809295654,,,,,,
21,,,62259,,,,,,,0.9002566337585449,,,,,,
21,,,62279,,,,,,,0.8465129137039185,,,,,,
21,,,62299,,,,,,,0.963611900806427,,,,,,
21,,,62319,,,,,,,0.6730141639709473,,,,,,
21,,,62339,,,,,,,0.7503238916397095,,,,,,
21,,,62359,,,,,,,0.8626202344894409,,,,,,
21,,,62379,,,,,,,0.6057579517364502,,,,,,
21,,,62399,,,,,,,0.7370686531066895,,,,,,
21,,,62419,,,,,,,0.634968101978302,,,,,,
21,,,62439,,,,,,,0.8441434502601624,,,,,,
21,,,62459,,,,,,,0.8123063445091248,,,,,,
21,,,62479,,,,,,,0.8283645510673523,,,,,,
21,,,62499,,,,,,,1.0554511547088623,,,,,,
21,,,62519,,,,,,,0.6531090140342712,,,,,,
21,,,62539,,,,,,,0.5811642408370972,,,,,,
21,,,62559,,,,,,,0.8794350624084473,,,,,,
21,,,62579,,,,,,,0.5635461807250977,,,,,,
21,,,62599,,,,,,,0.7203339338302612,,,,,,
21,,,62619,,,,,,,0.7010368704795837,,,,,,
21,,,62639,,,,,,,0.9786559343338013,,,,,,
21,,,62659,,,,,,,0.8319752812385559,,,,,,
21,,,62679,,,,,,,0.6765251159667969,,,,,,
21,,,62699,,,,,,,0.9075477123260498,,,,,,
21,,,62719,,,,,,,0.4455311894416809,,,,,,
21,,,62739,,,,,,,0.8183985948562622,,,,,,
21,,,62759,,,,,,,0.7089003324508667,,,,,,
21,,,62779,,,,,,,0.7914097309112549,,,,,,
21,,,62799,,,,,,,0.9013037085533142,,,,,,
21,,,62819,,,,,,,0.6906481981277466,,,,,,
21,,,62839,,,,,,,0.5956454277038574,,,,,,
21,,,62859,,,,,,,0.6834250688552856,,,,,,
21,,,62879,,,,,,,0.8832765221595764,,,,,,
21,,,62899,,,,,,,0.7469773292541504,,,,,,
21,,,62919,,,,,,,0.7282106876373291,,,,,,
21,,,62939,,,,,,,0.5560710430145264,,,,,,
21,,,62959,,,,,,,0.7082095742225647,,,,,,
21,,,62979,,,,,,,0.541106104850769,,,,,,
21,,,62999,,,,,,,0.6114515066146851,,,,,,
21,,,63019,,,,,,,0.857161283493042,,,,,,
21,,,63039,,,,,,,0.6224293112754822,,,,,,
21,,,63059,,,,,,,0.6626840829849243,,,,,,
21,,,63079,,,,,,,0.8280324935913086,,,,,,
21,,,63099,,,,,,,0.7120798826217651,,,,,,
21,,,63119,,,,,,,0.8326370120048523,,,,,,
21,,,63139,,,,,,,0.7956355810165405,,,,,,
21,,,63139,,,,,,,,0.42228907346725464,0.36236077547073364,10.990120887756348,0.2690487802028656,0.384298712015152,0.42228907346725464
21,,,63139,,,,,0.7470816373825073,0.7592473030090332,,,,,,,
,0.00016253857697706364,0.00016253857697706364,63140,,,,,,,,,,,,,
22,,,63159,,,,,,,0.8272969722747803,,,,,,
22,,,63179,,,,,,,0.6093320846557617,,,,,,
22,,,63199,,,,,,,0.6276191473007202,,,,,,
22,,,63219,,,,,,,0.6842987537384033,,,,,,
22,,,63239,,,,,,,0.5967144966125488,,,,,,
22,,,63259,,,,,,,0.831429123878479,,,,,,
22,,,63279,,,,,,,0.720082700252533,,,,,,
22,,,63299,,,,,,,0.673109769821167,,,,,,
22,,,63319,,,,,,,0.8330521583557129,,,,,,
22,,,63339,,,,,,,0.574554979801178,,,,,,
22,,,63359,,,,,,,0.6433284282684326,,,,,,
22,,,63379,,,,,,,0.5514822006225586,,,,,,
22,,,63399,,,,,,,0.584256649017334,,,,,,
22,,,63419,,,,,,,0.6421728134155273,,,,,,
22,,,63439,,,,,,,0.8268065452575684,,,,,,
22,,,63459,,,,,,,0.8164382576942444,,,,,,
22,,,63479,,,,,,,0.7561694383621216,,,,,,
22,,,63499,,,,,,,0.7565298080444336,,,,,,
22,,,63519,,,,,,,0.5326856374740601,,,,,,
22,,,63539,,,,,,,0.9779616594314575,,,,,,
22,,,63559,,,,,,,0.7333588600158691,,,,,,
22,,,63579,,,,,,,0.8428161144256592,,,,,,
22,,,63599,,,,,,,0.8769962787628174,,,,,,
22,,,63619,,,,,,,0.6524274349212646,,,,,,
22,,,63639,,,,,,,0.6306149363517761,,,,,,
22,,,63659,,,,,,,0.5384135246276855,,,,,,
22,,,63679,,,,,,,0.9946429133415222,,,,,,
22,,,63699,,,,,,,0.8301683664321899,,,,,,
22,,,63719,,,,,,,0.5980581045150757,,,,,,
22,,,63739,,,,,,,0.7851266860961914,,,,,,
22,,,63759,,,,,,,0.6825647354125977,,,,,,
22,,,63779,,,,,,,0.8420656323432922,,,,,,
22,,,63799,,,,,,,0.8003790974617004,,,,,,
22,,,63819,,,,,,,0.6062138080596924,,,,,,
22,,,63839,,,,,,,0.7866308689117432,,,,,,
22,,,63859,,,,,,,0.8821818828582764,,,,,,
22,,,63879,,,,,,,0.6856863498687744,,,,,,
22,,,63899,,,,,,,0.6675018072128296,,,,,,
22,,,63919,,,,,,,0.623929500579834,,,,,,
22,,,63939,,,,,,,0.8294008374214172,,,,,,
22,,,63959,,,,,,,0.6226009726524353,,,,,,
22,,,63979,,,,,,,0.7272062301635742,,,,,,
22,,,63999,,,,,,,0.7982814311981201,,,,,,
22,,,64019,,,,,,,0.6165931224822998,,,,,,
22,,,64039,,,,,,,0.5110059976577759,,,,,,
22,,,64059,,,,,,,0.8527241945266724,,,,,,
22,,,64079,,,,,,,0.9489859938621521,,,,,,
22,,,64099,,,,,,,1.0021214485168457,,,,,,
22,,,64119,,,,,,,0.8907762765884399,,,,,,
22,,,64139,,,,,,,0.5735942125320435,,,,,,
22,,,64159,,,,,,,0.7285159230232239,,,,,,
22,,,64179,,,,,,,0.7216835021972656,,,,,,
22,,,64199,,,,,,,0.6781152486801147,,,,,,
22,,,64219,,,,,,,0.9037153720855713,,,,,,
22,,,64239,,,,,,,0.7139202356338501,,,,,,
22,,,64259,,,,,,,0.8696315288543701,,,,,,
22,,,64279,,,,,,,0.8747508525848389,,,,,,
22,,,64299,,,,,,,0.9340405464172363,,,,,,
22,,,64319,,,,,,,0.5825803279876709,,,,,,
22,,,64339,,,,,,,0.9526755809783936,,,,,,
22,,,64359,,,,,,,0.6439081430435181,,,,,,
22,,,64379,,,,,,,0.589288592338562,,,,,,
22,,,64399,,,,,,,0.9846355319023132,,,,,,
22,,,64419,,,,,,,0.6337262392044067,,,,,,
22,,,64439,,,,,,,0.49868544936180115,,,,,,
22,,,64459,,,,,,,0.9035959243774414,,,,,,
22,,,64479,,,,,,,0.7748984098434448,,,,,,
22,,,64499,,,,,,,0.7390018105506897,,,,,,
22,,,64519,,,,,,,0.6072353720664978,,,,,,
22,,,64539,,,,,,,0.7948921918869019,,,,,,
22,,,64559,,,,,,,0.9013656973838806,,,,,,
22,,,64579,,,,,,,0.7564022541046143,,,,,,
22,,,64599,,,,,,,0.8119181394577026,,,,,,
22,,,64619,,,,,,,0.6782649755477905,,,,,,
22,,,64639,,,,,,,0.8373528122901917,,,,,,
22,,,64659,,,,,,,1.0221450328826904,,,,,,
22,,,64679,,,,,,,0.6764996647834778,,,,,,
22,,,64699,,,,,,,0.6906635761260986,,,,,,
22,,,64719,,,,,,,0.6312545537948608,,,,,,
22,,,64739,,,,,,,0.7491371631622314,,,,,,
22,,,64759,,,,,,,0.706433892250061,,,,,,
22,,,64779,,,,,,,0.812017023563385,,,,,,
22,,,64799,,,,,,,0.7089115381240845,,,,,,
22,,,64819,,,,,,,0.8653258681297302,,,,,,
22,,,64839,,,,,,,1.0263652801513672,,,,,,
22,,,64859,,,,,,,0.9472595453262329,,,,,,
22,,,64879,,,,,,,0.6498312950134277,,,,,,
22,,,64899,,,,,,,0.8383052349090576,,,,,,
22,,,64919,,,,,,,0.6405630707740784,,,,,,
22,,,64939,,,,,,,0.7195666432380676,,,,,,
22,,,64959,,,,,,,0.7790591716766357,,,,,,
22,,,64979,,,,,,,0.6961519718170166,,,,,,
22,,,64999,,,,,,,0.8481321334838867,,,,,,
22,,,65019,,,,,,,0.6458185911178589,,,,,,
22,,,65039,,,,,,,0.49309226870536804,,,,,,
22,,,65059,,,,,,,0.5785238742828369,,,,,,
22,,,65079,,,,,,,0.841227650642395,,,,,,
22,,,65099,,,,,,,0.6720832586288452,,,,,,
22,,,65119,,,,,,,0.7319652438163757,,,,,,
22,,,65139,,,,,,,0.8604347705841064,,,,,,
22,,,65159,,,,,,,0.6943898797035217,,,,,,
22,,,65179,,,,,,,0.7373852729797363,,,,,,
22,,,65199,,,,,,,0.8321954011917114,,,,,,
22,,,65219,,,,,,,0.6737838983535767,,,,,,
22,,,65239,,,,,,,0.859789252281189,,,,,,
22,,,65259,,,,,,,0.6446855664253235,,,,,,
22,,,65279,,,,,,,0.8410325646400452,,,,,,
22,,,65299,,,,,,,0.509540319442749,,,,,,
22,,,65319,,,,,,,0.7363018989562988,,,,,,
22,,,65339,,,,,,,0.6836905479431152,,,,,,
22,,,65359,,,,,,,0.8730980753898621,,,,,,
22,,,65379,,,,,,,0.8543644547462463,,,,,,
22,,,65399,,,,,,,0.7845752239227295,,,,,,
22,,,65419,,,,,,,0.8284908533096313,,,,,,
22,,,65439,,,,,,,0.8657016158103943,,,,,,
22,,,65459,,,,,,,0.5255038142204285,,,,,,
22,,,65479,,,,,,,0.6053911447525024,,,,,,
22,,,65499,,,,,,,0.6614038348197937,,,,,,
22,,,65519,,,,,,,0.9486817121505737,,,,,,
22,,,65539,,,,,,,0.7052031755447388,,,,,,
22,,,65559,,,,,,,0.7617697715759277,,,,,,
22,,,65579,,,,,,,0.7701441049575806,,,,,,
22,,,65599,,,,,,,0.7283146977424622,,,,,,
22,,,65619,,,,,,,0.7377409934997559,,,,,,
22,,,65639,,,,,,,0.5520827770233154,,,,,,
22,,,65659,,,,,,,0.529416561126709,,,,,,
22,,,65679,,,,,,,0.5651760101318359,,,,,,
22,,,65699,,,,,,,0.6205658912658691,,,,,,
22,,,65719,,,,,,,0.7150177955627441,,,,,,
22,,,65739,,,,,,,0.6338127851486206,,,,,,
22,,,65759,,,,,,,0.5471699237823486,,,,,,
22,,,65779,,,,,,,0.555044412612915,,,,,,
22,,,65799,,,,,,,0.5746747851371765,,,,,,
22,,,65819,,,,,,,0.8612551689147949,,,,,,
22,,,65839,,,,,,,0.46039843559265137,,,,,,
22,,,65859,,,,,,,0.7537186145782471,,,,,,
22,,,65879,,,,,,,1.0058698654174805,,,,,,
22,,,65899,,,,,,,0.9255889058113098,,,,,,
22,,,65919,,,,,,,0.7056490182876587,,,,,,
22,,,65939,,,,,,,0.5902220010757446,,,,,,
22,,,65959,,,,,,,0.6752032041549683,,,,,,
22,,,65979,,,,,,,0.830625057220459,,,,,,
22,,,65999,,,,,,,0.908417820930481,,,,,,
22,,,66009,,,,,,,,0.3960750102996826,0.34732118248939514,12.439190864562988,0.23009029030799866,0.3504095673561096,0.3960750102996826
22,,,66009,,,,,0.7474520206451416,0.7586092352867126,,,,,,,
,0.00016128557648073947,0.00016128557648073947,66010,,,,,,,,,,,,,
23,,,66019,,,,,,,0.6257600784301758,,,,,,
23,,,66039,,,,,,,0.872993528842926,,,,,,
23,,,66059,,,,,,,0.6359249353408813,,,,,,
23,,,66079,,,,,,,0.7194477319717407,,,,,,
23,,,66099,,,,,,,0.5955674052238464,,,,,,
23,,,66119,,,,,,,0.7098315954208374,,,,,,
23,,,66139,,,,,,,0.6056768894195557,,,,,,
23,,,66159,,,,,,,0.4828619658946991,,,,,,
23,,,66179,,,,,,,0.7398778200149536,,,,,,
23,,,66199,,,,,,,0.6934046745300293,,,,,,
23,,,66219,,,,,,,1.2316105365753174,,,,,,
23,,,66239,,,,,,,0.6373539566993713,,,,,,
23,,,66259,,,,,,,0.7733343243598938,,,,,,
23,,,66279,,,,,,,0.5155665278434753,,,,,,
23,,,66299,,,,,,,0.6146804094314575,,,,,,
23,,,66319,,,,,,,0.6331978440284729,,,,,,
23,,,66339,,,,,,,0.6677928566932678,,,,,,
23,,,66359,,,,,,,0.580493688583374,,,,,,
23,,,66379,,,,,,,0.4011162519454956,,,,,,
23,,,66399,,,,,,,0.7021216154098511,,,,,,
23,,,66419,,,,,,,0.6202652454376221,,,,,,
23,,,66439,,,,,,,0.604425311088562,,,,,,
23,,,66459,,,,,,,0.7468007802963257,,,,,,
23,,,66479,,,,,,,0.792521059513092,,,,,,
23,,,66499,,,,,,,1.022618293762207,,,,,,
23,,,66519,,,,,,,0.8737815618515015,,,,,,
23,,,66539,,,,,,,0.6437695026397705,,,,,,
23,,,66559,,,,,,,0.7416051626205444,,,,,,
23,,,66579,,,,,,,0.8170539736747742,,,,,,
23,,,66599,,,,,,,0.8903155326843262,,,,,,
23,,,66619,,,,,,,0.5054283142089844,,,,,,
23,,,66639,,,,,,,0.6053009033203125,,,,,,
23,,,66659,,,,,,,0.9620649814605713,,,,,,
23,,,66679,,,,,,,0.5884484052658081,,,,,,
23,,,66699,,,,,,,0.49887603521347046,,,,,,
23,,,66719,,,,,,,0.5073517560958862,,,,,,
23,,,66739,,,,,,,0.7825582027435303,,,,,,
23,,,66759,,,,,,,0.6987576484680176,,,,,,
23,,,66779,,,,,,,0.6619681715965271,,,,,,
23,,,66799,,,,,,,0.7018520832061768,,,,,,
23,,,66819,,,,,,,1.1689969301223755,,,,,,
23,,,66839,,,,,,,0.7928977608680725,,,,,,
23,,,66859,,,,,,,0.7959030866622925,,,,,,
23,,,66879,,,,,,,0.816142201423645,,,,,,
23,,,66899,,,,,,,0.8789569139480591,,,,,,
23,,,66919,,,,,,,0.6930199861526489,,,,,,
23,,,66939,,,,,,,0.5381742119789124,,,,,,
23,,,66959,,,,,,,0.7985168099403381,,,,,,
23,,,66979,,,,,,,0.8811696171760559,,,,,,
23,,,66999,,,,,,,0.6321117877960205,,,,,,
23,,,67019,,,,,,,0.7559844851493835,,,,,,
23,,,67039,,,,,,,1.0038379430770874,,,,,,
23,,,67059,,,,,,,0.7560824155807495,,,,,,
23,,,67079,,,,,,,0.5807426571846008,,,,,,
23,,,67099,,,,,,,0.8437035083770752,,,,,,
23,,,67119,,,,,,,1.1344034671783447,,,,,,
23,,,67139,,,,,,,0.7920577526092529,,,,,,
23,,,67159,,,,,,,0.8804048895835876,,,,,,
23,,,67179,,,,,,,0.7094218730926514,,,,,,
23,,,67199,,,,,,,0.5302482843399048,,,,,,
23,,,67219,,,,,,,0.9300755858421326,,,,,,
23,,,67239,,,,,,,0.8668256998062134,,,,,,
23,,,67259,,,,,,,0.6094029545783997,,,,,,
23,,,67279,,,,,,,0.8196144700050354,,,,,,
23,,,67299,,,,,,,0.7582168579101562,,,,,,
23,,,67319,,,,,,,0.7390065789222717,,,,,,
23,,,67339,,,,,,,1.03774094581604,,,,,,
23,,,67359,,,,,,,0.8494391441345215,,,,,,
23,,,67379,,,,,,,0.47153007984161377,,,,,,
23,,,67399,,,,,,,0.7577272653579712,,,,,,
23,,,67419,,,,,,,0.6643860340118408,,,,,,
23,,,67439,,,,,,,0.6536085605621338,,,,,,
23,,,67459,,,,,,,0.974797248840332,,,,,,
23,,,67479,,,,,,,0.5802720785140991,,,,,,
23,,,67499,,,,,,,1.0682878494262695,,,,,,
23,,,67519,,,,,,,0.9132250547409058,,,,,,
23,,,67539,,,,,,,0.6244735717773438,,,,,,
23,,,67559,,,,,,,0.6455780267715454,,,,,,
23,,,67579,,,,,,,0.6511232852935791,,,,,,
23,,,67599,,,,,,,0.7197271585464478,,,,,,
23,,,67619,,,,,,,0.8247447609901428,,,,,,
23,,,67639,,,,,,,0.7265114784240723,,,,,,
23,,,67659,,,,,,,0.8094406127929688,,,,,,
23,,,67679,,,,,,,0.8081718683242798,,,,,,
23,,,67699,,,,,,,1.029367446899414,,,,,,
23,,,67719,,,,,,,0.7195645570755005,,,,,,
23,,,67739,,,,,,,0.9536260962486267,,,,,,
23,,,67759,,,,,,,0.6511021852493286,,,,,,
23,,,67779,,,,,,,1.0423457622528076,,,,,,
23,,,67799,,,,,,,0.7866577506065369,,,,,,
23,,,67819,,,,,,,0.8681653738021851,,,,,,
23,,,67839,,,,,,,0.9368295669555664,,,,,,
23,,,67859,,,,,,,0.9196656346321106,,,,,,
23,,,67879,,,,,,,0.49021410942077637,,,,,,
23,,,67899,,,,,,,0.9563063979148865,,,,,,
23,,,67919,,,,,,,0.8088260889053345,,,,,,
23,,,67939,,,,,,,0.6165763735771179,,,,,,
23,,,67959,,,,,,,0.9092645645141602,,,,,,
23,,,67979,,,,,,,0.7360724210739136,,,,,,
23,,,67999,,,,,,,0.6482899188995361,,,,,,
23,,,68019,,,,,,,0.7755885720252991,,,,,,
23,,,68039,,,,,,,0.5916493535041809,,,,,,
23,,,68059,,,,,,,0.5670395493507385,,,,,,
23,,,68079,,,,,,,0.5526951551437378,,,,,,
23,,,68099,,,,,,,0.7439696192741394,,,,,,
23,,,68119,,,,,,,0.7855243682861328,,,,,,
23,,,68139,,,,,,,0.6771676540374756,,,,,,
23,,,68159,,,,,,,1.0272531509399414,,,,,,
23,,,68179,,,,,,,0.9200244545936584,,,,,,
23,,,68199,,,,,,,0.6926587224006653,,,,,,
23,,,68219,,,,,,,0.5624828934669495,,,,,,
23,,,68239,,,,,,,0.9725660681724548,,,,,,
23,,,68259,,,,,,,0.871700644493103,,,,,,
23,,,68279,,,,,,,0.8011540770530701,,,,,,
23,,,68299,,,,,,,0.721847414970398,,,,,,
23,,,68319,,,,,,,0.7279709577560425,,,,,,
23,,,68339,,,,,,,0.8152636289596558,,,,,,
23,,,68359,,,,,,,0.8144968152046204,,,,,,
23,,,68379,,,,,,,0.6095956563949585,,,,,,
23,,,68399,,,,,,,0.7369177937507629,,,,,,
23,,,68419,,,,,,,0.8537775278091431,,,,,,
23,,,68439,,,,,,,0.7843775749206543,,,,,,
23,,,68459,,,,,,,0.8618732690811157,,,,,,
23,,,68479,,,,,,,0.3979697823524475,,,,,,
23,,,68499,,,,,,,0.6760236620903015,,,,,,
23,,,68519,,,,,,,0.6955453157424927,,,,,,
23,,,68539,,,,,,,0.7665742635726929,,,,,,
23,,,68559,,,,,,,0.6318391561508179,,,,,,
23,,,68579,,,,,,,0.4074696898460388,,,,,,
23,,,68599,,,,,,,1.2027745246887207,,,,,,
23,,,68619,,,,,,,1.0173296928405762,,,,,,
23,,,68639,,,,,,,0.5817176103591919,,,,,,
23,,,68659,,,,,,,0.623517632484436,,,,,,
23,,,68679,,,,,,,0.9061413407325745,,,,,,
23,,,68699,,,,,,,0.6153624057769775,,,,,,
23,,,68719,,,,,,,0.5471058487892151,,,,,,
23,,,68739,,,,,,,0.6335589289665222,,,,,,
23,,,68759,,,,,,,0.5319015383720398,,,,,,
23,,,68779,,,,,,,0.7985367774963379,,,,,,
23,,,68799,,,,,,,0.6790527105331421,,,,,,
23,,,68819,,,,,,,0.8552128076553345,,,,,,
23,,,68839,,,,,,,0.5747361183166504,,,,,,
23,,,68859,,,,,,,0.9255107641220093,,,,,,
23,,,68879,,,,,,,1.0661237239837646,,,,,,
23,,,68879,,,,,,,,0.3674090504646301,0.31750449538230896,12.141908645629883,0.191755011677742,0.33717042207717896,0.3674090504646301
23,,,68879,,,,,0.7474519610404968,0.7588881850242615,,,,,,,
,0.0001599395619494291,0.0001599395619494291,68880,,,,,,,,,,,,,
24,,,68899,,,,,,,0.843617856502533,,,,,,
24,,,68919,,,,,,,0.6205548048019409,,,,,,
24,,,68939,,,,,,,0.8734980821609497,,,,,,
24,,,68959,,,,,,,0.5992283821105957,,,,,,
24,,,68979,,,,,,,0.6320818662643433,,,,,,
24,,,68999,,,,,,,0.7911660075187683,,,,,,
24,,,69019,,,,,,,0.7233865261077881,,,,,,
24,,,69039,,,,,,,0.7222150564193726,,,,,,
24,,,69059,,,,,,,0.8683863878250122,,,,,,
24,,,69079,,,,,,,0.6460815668106079,,,,,,
24,,,69099,,,,,,,0.8356479406356812,,,,,,
24,,,69119,,,,,,,0.7033590078353882,,,,,,
24,,,69139,,,,,,,0.8435838222503662,,,,,,
24,,,69159,,,,,,,0.7814926505088806,,,,,,
24,,,69179,,,,,,,0.7971003651618958,,,,,,
24,,,69199,,,,,,,0.9892005324363708,,,,,,
24,,,69219,,,,,,,0.5756685733795166,,,,,,
24,,,69239,,,,,,,0.6124361753463745,,,,,,
24,,,69259,,,,,,,0.5173990726470947,,,,,,
24,,,69279,,,,,,,0.7649023532867432,,,,,,
24,,,69299,,,,,,,0.8395117521286011,,,,,,
24,,,69319,,,,,,,0.7787539958953857,,,,,,
24,,,69339,,,,,,,0.6772726774215698,,,,,,
24,,,69359,,,,,,,0.8111644983291626,,,,,,
24,,,69379,,,,,,,0.4799586236476898,,,,,,
24,,,69399,,,,,,,0.7988938093185425,,,,,,
24,,,69419,,,,,,,0.7232064604759216,,,,,,
24,,,69439,,,,,,,1.0104258060455322,,,,,,
24,,,69459,,,,,,,0.9095131158828735,,,,,,
24,,,69479,,,,,,,0.6941583156585693,,,,,,
24,,,69499,,,,,,,0.5457834005355835,,,,,,
24,,,69519,,,,,,,0.6327326893806458,,,,,,
24,,,69539,,,,,,,0.8128125667572021,,,,,,
24,,,69559,,,,,,,1.0795189142227173,,,,,,
24,,,69579,,,,,,,0.6656739711761475,,,,,,
24,,,69599,,,,,,,0.6432973146438599,,,,,,
24,,,69619,,,,,,,1.2531402111053467,,,,,,
24,,,69639,,,,,,,0.7520667314529419,,,,,,
24,,,69659,,,,,,,0.8569785356521606,,,,,,
24,,,69679,,,,,,,0.5536987781524658,,,,,,
24,,,69699,,,,,,,0.6767158508300781,,,,,,
24,,,69719,,,,,,,0.8319140672683716,,,,,,
24,,,69739,,,,,,,0.7802445888519287,,,,,,
24,,,69759,,,,,,,0.7950700521469116,,,,,,
24,,,69779,,,,,,,0.7308318018913269,,,,,,
24,,,69799,,,,,,,0.576886773109436,,,,,,
24,,,69819,,,,,,,0.6134506464004517,,,,,,
24,,,69839,,,,,,,0.7532832622528076,,,,,,
24,,,69859,,,,,,,0.5913757681846619,,,,,,
24,,,69879,,,,,,,0.7291761040687561,,,,,,
24,,,69899,,,,,,,0.9533506035804749,,,,,,
24,,,69919,,,,,,,0.5688800811767578,,,,,,
24,,,69939,,,,,,,0.818661093711853,,,,,,
24,,,69959,,,,,,,0.6233707070350647,,,,,,
24,,,69979,,,,,,,0.6723312139511108,,,,,,
24,,,69999,,,,,,,0.7128928899765015,,,,,,
24,,,70019,,,,,,,1.0231823921203613,,,,,,
24,,,70039,,,,,,,0.8423190712928772,,,,,,
24,,,70059,,,,,,,0.7399386763572693,,,,,,
24,,,70079,,,,,,,0.7011128664016724,,,,,,
24,,,70099,,,,,,,0.7289904356002808,,,,,,
24,,,70119,,,,,,,0.8690085411071777,,,,,,
24,,,70139,,,,,,,0.7493056654930115,,,,,,
24,,,70159,,,,,,,0.6771351099014282,,,,,,
24,,,70179,,,,,,,0.672301173210144,,,,,,
24,,,70199,,,,,,,0.7227419018745422,,,,,,
24,,,70219,,,,,,,1.0448461771011353,,,,,,
24,,,70239,,,,,,,0.825394868850708,,,,,,
24,,,70259,,,,,,,0.7490718364715576,,,,,,
24,,,70279,,,,,,,0.8895034193992615,,,,,,
24,,,70299,,,,,,,0.8740999698638916,,,,,,
24,,,70319,,,,,,,0.9182108640670776,,,,,,
24,,,70339,,,,,,,0.49865442514419556,,,,,,
24,,,70359,,,,,,,0.769460916519165,,,,,,
24,,,70379,,,,,,,1.3437440395355225,,,,,,
24,,,70399,,,,,,,0.8009589910507202,,,,,,
24,,,70419,,,,,,,0.8766578435897827,,,,,,
24,,,70439,,,,,,,0.9262914657592773,,,,,,
24,,,70459,,,,,,,0.8255536556243896,,,,,,
24,,,70479,,,,,,,0.6148639917373657,,,,,,
24,,,70499,,,,,,,0.8591271042823792,,,,,,
24,,,70519,,,,,,,0.8900823593139648,,,,,,
24,,,70539,,,,,,,0.7112712860107422,,,,,,
24,,,70559,,,,,,,0.6769235134124756,,,,,,
24,,,70579,,,,,,,0.8408960103988647,,,,,,
24,,,70599,,,,,,,0.8508059978485107,,,,,,
24,,,70619,,,,,,,0.7728713154792786,,,,,,
24,,,70639,,,,,,,0.8121271133422852,,,,,,
24,,,70659,,,,,,,0.87038254737854,,,,,,
24,,,70679,,,,,,,0.7141177654266357,,,,,,
24,,,70699,,,,,,,0.855890154838562,,,,,,
24,,,70719,,,,,,,0.7540290355682373,,,,,,
24,,,70739,,,,,,,0.7725561857223511,,,,,,
24,,,70759,,,,,,,0.573198139667511,,,,,,
24,,,70779,,,,,,,0.9328007102012634,,,,,,
24,,,70799,,,,,,,0.6310226917266846,,,,,,
24,,,70819,,,,,,,0.817335844039917,,,,,,
24,,,70839,,,,,,,0.7123288512229919,,,,,,
24,,,70859,,,,,,,0.7366356253623962,,,,,,
24,,,70879,,,,,,,0.8245095610618591,,,,,,
24,,,70899,,,,,,,0.9075608253479004,,,,,,
24,,,70919,,,,,,,0.7231191396713257,,,,,,
24,,,70939,,,,,,,0.7834125757217407,,,,,,
24,,,70959,,,,,,,0.7747942209243774,,,,,,
24,,,70979,,,,,,,0.754275918006897,,,,,,
24,,,70999,,,,,,,0.6374634504318237,,,,,,
24,,,71019,,,,,,,0.5625249743461609,,,,,,
24,,,71039,,,,,,,0.8113632798194885,,,,,,
24,,,71059,,,,,,,0.7798336148262024,,,,,,
24,,,71079,,,,,,,0.7221993207931519,,,,,,
24,,,71099,,,,,,,0.5616217851638794,,,,,,
24,,,71119,,,,,,,0.5095313787460327,,,,,,
24,,,71139,,,,,,,0.5563790798187256,,,,,,
24,,,71159,,,,,,,0.6908087730407715,,,,,,
24,,,71179,,,,,,,0.8262510299682617,,,,,,
24,,,71199,,,,,,,0.7346706390380859,,,,,,
24,,,71219,,,,,,,0.608157217502594,,,,,,
24,,,71239,,,,,,,0.821648359298706,,,,,,
24,,,71259,,,,,,,0.7375931739807129,,,,,,
24,,,71279,,,,,,,0.7163935899734497,,,,,,
24,,,71299,,,,,,,0.898870050907135,,,,,,
24,,,71319,,,,,,,0.700053334236145,,,,,,
24,,,71339,,,,,,,0.7394074201583862,,,,,,
24,,,71359,,,,,,,0.5909467935562134,,,,,,
24,,,71379,,,,,,,0.8502992391586304,,,,,,
24,,,71399,,,,,,,0.7697693109512329,,,,,,
24,,,71419,,,,,,,0.8944392204284668,,,,,,
24,,,71439,,,,,,,0.5625452995300293,,,,,,
24,,,71459,,,,,,,1.1147866249084473,,,,,,
24,,,71479,,,,,,,0.6162135601043701,,,,,,
24,,,71499,,,,,,,0.4797264039516449,,,,,,
24,,,71519,,,,,,,1.0047709941864014,,,,,,
24,,,71539,,,,,,,0.8615612983703613,,,,,,
24,,,71559,,,,,,,0.7553932070732117,,,,,,
24,,,71579,,,,,,,0.5642139911651611,,,,,,
24,,,71599,,,,,,,0.7582549452781677,,,,,,
24,,,71619,,,,,,,0.8367793560028076,,,,,,
24,,,71639,,,,,,,0.8417500257492065,,,,,,
24,,,71659,,,,,,,0.6907970309257507,,,,,,
24,,,71679,,,,,,,0.6327913403511047,,,,,,
24,,,71699,,,,,,,0.767662763595581,,,,,,
24,,,71719,,,,,,,0.953160285949707,,,,,,
24,,,71739,,,,,,,0.8892413377761841,,,,,,
24,,,71749,,,,,,,,0.39270347356796265,0.3345554769039154,11.640938758850098,0.22142505645751953,0.3442338705062866,0.39270347356796265
24,,,71749,,,,,0.7475392818450928,0.7551685571670532,,,,,,,
,0.0001585021732945013,0.0001585021732945013,71750,,,,,,,,,,,,,
25,,,71759,,,,,,,0.8157002925872803,,,,,,
25,,,71779,,,,,,,0.8575079441070557,,,,,,
25,,,71799,,,,,,,0.9165525436401367,,,,,,
25,,,71819,,,,,,,0.7508784532546997,,,,,,
25,,,71839,,,,,,,0.9506710171699524,,,,,,
25,,,71859,,,,,,,0.7128983736038208,,,,,,
25,,,71879,,,,,,,0.6122099161148071,,,,,,
25,,,71899,,,,,,,0.6619775295257568,,,,,,
25,,,71919,,,,,,,0.9858647584915161,,,,,,
25,,,71939,,,,,,,0.9246519804000854,,,,,,
25,,,71959,,,,,,,0.8900036215782166,,,,,,
25,,,71979,,,,,,,0.6366159915924072,,,,,,
25,,,71999,,,,,,,0.7265640497207642,,,,,,
25,,,72019,,,,,,,0.5899057388305664,,,,,,
25,,,72039,,,,,,,0.7595095634460449,,,,,,
25,,,72059,,,,,,,0.737474262714386,,,,,,
25,,,72079,,,,,,,0.6021103262901306,,,,,,
25,,,72099,,,,,,,0.6829347610473633,,,,,,
25,,,72119,,,,,,,0.5641968846321106,,,,,,
25,,,72139,,,,,,,0.47036027908325195,,,,,,
25,,,72159,,,,,,,0.8175008296966553,,,,,,
25,,,72179,,,,,,,0.6931788921356201,,,,,,
25,,,72199,,,,,,,0.5893555879592896,,,,,,
25,,,72219,,,,,,,0.9302664995193481,,,,,,
25,,,72239,,,,,,,0.8385168313980103,,,,,,
25,,,72259,,,,,,,1.0754506587982178,,,,,,
25,,,72279,,,,,,,0.7257708311080933,,,,,,
25,,,72299,,,,,,,0.682786226272583,,,,,,
25,,,72319,,,,,,,0.6105223298072815,,,,,,
25,,,72339,,,,,,,0.4932326674461365,,,,,,
25,,,72359,,,,,,,0.9225999116897583,,,,,,
25,,,72379,,,,,,,0.6876448392868042,,,,,,
25,,,72399,,,,,,,0.6353955268859863,,,,,,
25,,,72419,,,,,,,0.6841627359390259,,,,,,
25,,,72439,,,,,,,0.5325299501419067,,,,,,
25,,,72459,,,,,,,0.5731031894683838,,,,,,
25,,,72479,,,,,,,0.9423008561134338,,,,,,
25,,,72499,,,,,,,0.6249129772186279,,,,,,
25,,,72519,,,,,,,0.5522540807723999,,,,,,
25,,,72539,,,,,,,0.5354228615760803,,,,,,
25,,,72559,,,,,,,0.8204648494720459,,,,,,
25,,,72579,,,,,,,0.8622190952301025,,,,,,
25,,,72599,,,,,,,0.6851730942726135,,,,,,
25,,,72619,,,,,,,0.7010173797607422,,,,,,
25,,,72639,,,,,,,0.844459056854248,,,,,,
25,,,72659,,,,,,,1.0142948627471924,,,,,,
25,,,72679,,,,,,,1.0659303665161133,,,,,,
25,,,72699,,,,,,,0.5871775150299072,,,,,,
25,,,72719,,,,,,,0.73613440990448,,,,,,
25,,,72739,,,,,,,0.9862345457077026,,,,,,
25,,,72759,,,,,,,0.49372294545173645,,,,,,
25,,,72779,,,,,,,0.7268507480621338,,,,,,
25,,,72799,,,,,,,0.962116003036499,,,,,,
25,,,72819,,,,,,,0.6943261027336121,,,,,,
25,,,72839,,,,,,,0.5953575372695923,,,,,,
25,,,72859,,,,,,,0.8740396499633789,,,,,,
25,,,72879,,,,,,,0.9797170758247375,,,,,,
25,,,72899,,,,,,,1.0552771091461182,,,,,,
25,,,72919,,,,,,,0.7668617367744446,,,,,,
25,,,72939,,,,,,,0.7788040637969971,,,,,,
25,,,72959,,,,,,,0.3294348120689392,,,,,,
25,,,72979,,,,,,,0.731366753578186,,,,,,
25,,,72999,,,,,,,0.7584764957427979,,,,,,
25,,,73019,,,,,,,0.6311947107315063,,,,,,
25,,,73039,,,,,,,1.0799288749694824,,,,,,
25,,,73059,,,,,,,0.6793414950370789,,,,,,
25,,,73079,,,,,,,0.5710732936859131,,,,,,
25,,,73099,,,,,,,0.6516475677490234,,,,,,
25,,,73119,,,,,,,0.7831593155860901,,,,,,
25,,,73139,,,,,,,0.648673415184021,,,,,,
25,,,73159,,,,,,,0.6041430234909058,,,,,,
25,,,73179,,,,,,,0.7903227806091309,,,,,,
25,,,73199,,,,,,,0.5445605516433716,,,,,,
25,,,73219,,,,,,,0.6354033946990967,,,,,,
25,,,73239,,,,,,,1.0518150329589844,,,,,,
25,,,73259,,,,,,,0.5833483338356018,,,,,,
25,,,73279,,,,,,,0.7824417352676392,,,,,,
25,,,73299,,,,,,,0.7328168153762817,,,,,,
25,,,73319,,,,,,,0.7690695524215698,,,,,,
25,,,73339,,,,,,,0.8750931024551392,,,,,,
25,,,73359,,,,,,,0.7683666944503784,,,,,,
25,,,73379,,,,,,,0.8623902797698975,,,,,,
25,,,73399,,,,,,,0.6159814596176147,,,,,,
25,,,73419,,,,,,,0.6126177906990051,,,,,,
25,,,73439,,,,,,,0.9093021154403687,,,,,,
25,,,73459,,,,,,,0.7382014989852905,,,,,,
25,,,73479,,,,,,,0.9960505366325378,,,,,,
25,,,73499,,,,,,,0.797692060470581,,,,,,
25,,,73519,,,,,,,0.9314379692077637,,,,,,
25,,,73539,,,,,,,0.8083198070526123,,,,,,
25,,,73559,,,,,,,0.5419163107872009,,,,,,
25,,,73579,,,,,,,0.5833498239517212,,,,,,
25,,,73599,,,,,,,0.9927385449409485,,,,,,
25,,,73619,,,,,,,0.434788316488266,,,,,,
25,,,73639,,,,,,,0.5731309652328491,,,,,,
25,,,73659,,,,,,,0.9299849271774292,,,,,,
25,,,73679,,,,,,,0.5238387584686279,,,,,,
25,,,73699,,,,,,,0.8107855319976807,,,,,,
25,,,73719,,,,,,,0.6485174894332886,,,,,,
25,,,73739,,,,,,,0.6957563161849976,,,,,,
25,,,73759,,,,,,,0.5620972514152527,,,,,,
25,,,73779,,,,,,,0.6299651861190796,,,,,,
25,,,73799,,,,,,,0.48709315061569214,,,,,,
25,,,73819,,,,,,,1.108358383178711,,,,,,
25,,,73839,,,,,,,0.5185849070549011,,,,,,
25,,,73859,,,,,,,1.0257594585418701,,,,,,
25,,,73879,,,,,,,0.6156676411628723,,,,,,
25,,,73899,,,,,,,0.6045830845832825,,,,,,
25,,,73919,,,,,,,0.4354327321052551,,,,,,
25,,,73939,,,,,,,0.8386099934577942,,,,,,
25,,,73959,,,,,,,0.6681835055351257,,,,,,
25,,,73979,,,,,,,0.9294247627258301,,,,,,
25,,,73999,,,,,,,0.678916335105896,,,,,,
25,,,74019,,,,,,,0.8091157674789429,,,,,,
25,,,74039,,,,,,,0.9559441804885864,,,,,,
25,,,74059,,,,,,,0.9001219272613525,,,,,,
25,,,74079,,,,,,,0.9178709983825684,,,,,,
25,,,74099,,,,,,,0.9040136337280273,,,,,,
25,,,74119,,,,,,,0.5614044070243835,,,,,,
25,,,74139,,,,,,,0.7373185157775879,,,,,,
25,,,74159,,,,,,,0.9918539524078369,,,,,,
25,,,74179,,,,,,,0.7352714538574219,,,,,,
25,,,74199,,,,,,,0.7399148941040039,,,,,,
25,,,74219,,,,,,,0.7364256978034973,,,,,,
25,,,74239,,,,,,,0.6656070947647095,,,,,,
25,,,74259,,,,,,,0.6693975925445557,,,,,,
25,,,74279,,,,,,,0.6440922617912292,,,,,,
25,,,74299,,,,,,,0.9429070353507996,,,,,,
25,,,74319,,,,,,,1.0487074851989746,,,,,,
25,,,74339,,,,,,,0.5305835604667664,,,,,,
25,,,74359,,,,,,,0.47822806239128113,,,,,,
25,,,74379,,,,,,,0.9172322750091553,,,,,,
25,,,74399,,,,,,,1.0523395538330078,,,,,,
25,,,74419,,,,,,,0.8591582775115967,,,,,,
25,,,74439,,,,,,,0.6627625823020935,,,,,,
25,,,74459,,,,,,,0.666709303855896,,,,,,
25,,,74479,,,,,,,0.7580503225326538,,,,,,
25,,,74499,,,,,,,1.023414134979248,,,,,,
25,,,74519,,,,,,,0.7985525727272034,,,,,,
25,,,74539,,,,,,,0.7543970346450806,,,,,,
25,,,74559,,,,,,,0.9015100598335266,,,,,,
25,,,74579,,,,,,,0.9511153101921082,,,,,,
25,,,74599,,,,,,,0.764731764793396,,,,,,
25,,,74619,,,,,,,0.7250844240188599,,,,,,
25,,,74619,,,,,,,,0.39029261469841003,0.3245437741279602,10.867155075073242,0.22358229756355286,0.364783376455307,0.39029261469841003
25,,,74619,,,,,0.7478877902030945,0.753895103931427,,,,,,,
,0.00015697516175261928,0.00015697516175261928,74620,,,,,,,,,,,,,
26,,,74639,,,,,,,0.9486846923828125,,,,,,
26,,,74659,,,,,,,0.5928546190261841,,,,,,
26,,,74679,,,,,,,0.7548072338104248,,,,,,
26,,,74699,,,,,,,0.7452113628387451,,,,,,
26,,,74719,,,,,,,0.4963603913784027,,,,,,
26,,,74739,,,,,,,0.5725240707397461,,,,,,
26,,,74759,,,,,,,0.6052948832511902,,,,,,
26,,,74779,,,,,,,0.7770894765853882,,,,,,
26,,,74799,,,,,,,0.9713038802146912,,,,,,
26,,,74819,,,,,,,0.8818771243095398,,,,,,
26,,,74839,,,,,,,0.5497143268585205,,,,,,
26,,,74859,,,,,,,0.8317502737045288,,,,,,
26,,,74879,,,,,,,0.8107591867446899,,,,,,
26,,,74899,,,,,,,0.772415280342102,,,,,,
26,,,74919,,,,,,,0.9487559199333191,,,,,,
26,,,74939,,,,,,,0.7333794832229614,,,,,,
26,,,74959,,,,,,,0.8382967114448547,,,,,,
26,,,74979,,,,,,,0.7646868228912354,,,,,,
26,,,74999,,,,,,,0.6363945603370667,,,,,,
26,,,75019,,,,,,,0.6222306489944458,,,,,,
26,,,75039,,,,,,,0.782807469367981,,,,,,
26,,,75059,,,,,,,0.7432658076286316,,,,,,
26,,,75079,,,,,,,0.960490345954895,,,,,,
26,,,75099,,,,,,,0.7976111769676208,,,,,,
26,,,75119,,,,,,,0.5599761009216309,,,,,,
26,,,75139,,,,,,,0.6632266640663147,,,,,,
26,,,75159,,,,,,,0.483155757188797,,,,,,
26,,,75179,,,,,,,0.8985384702682495,,,,,,
26,,,75199,,,,,,,0.6925837993621826,,,,,,
26,,,75219,,,,,,,0.8061250448226929,,,,,,
26,,,75239,,,,,,,0.9407976865768433,,,,,,
26,,,75259,,,,,,,0.7222505807876587,,,,,,
26,,,75279,,,,,,,0.7388753890991211,,,,,,
26,,,75299,,,,,,,0.7838140726089478,,,,,,
26,,,75319,,,,,,,0.6079468727111816,,,,,,
26,,,75339,,,,,,,0.8018064498901367,,,,,,
26,,,75359,,,,,,,0.5317350625991821,,,,,,
26,,,75379,,,,,,,0.8117329478263855,,,,,,
26,,,75399,,,,,,,0.589017391204834,,,,,,
26,,,75419,,,,,,,0.7953799962997437,,,,,,
26,,,75439,,,,,,,0.532931923866272,,,,,,
26,,,75459,,,,,,,0.7656747698783875,,,,,,
26,,,75479,,,,,,,0.7628968954086304,,,,,,
26,,,75499,,,,,,,0.7926474213600159,,,,,,
26,,,75519,,,,,,,0.7771182060241699,,,,,,
26,,,75539,,,,,,,0.7419739961624146,,,,,,
26,,,75559,,,,,,,0.7717689275741577,,,,,,
26,,,75579,,,,,,,0.7445495128631592,,,,,,
26,,,75599,,,,,,,0.577323853969574,,,,,,
26,,,75619,,,,,,,0.6327746510505676,,,,,,
26,,,75639,,,,,,,0.4912137985229492,,,,,,
26,,,75659,,,,,,,0.570796012878418,,,,,,
26,,,75679,,,,,,,0.8723800182342529,,,,,,
26,,,75699,,,,,,,0.749469518661499,,,,,,
26,,,75719,,,,,,,1.0304057598114014,,,,,,
26,,,75739,,,,,,,0.7010843753814697,,,,,,
26,,,75759,,,,,,,0.7175077199935913,,,,,,
26,,,75779,,,,,,,0.5281201601028442,,,,,,
26,,,75799,,,,,,,1.0395536422729492,,,,,,
26,,,75819,,,,,,,0.6786717772483826,,,,,,
26,,,75839,,,,,,,0.8081471920013428,,,,,,
26,,,75859,,,,,,,0.8442418575286865,,,,,,
26,,,75879,,,,,,,0.6964871883392334,,,,,,
26,,,75899,,,,,,,0.740265965461731,,,,,,
26,,,75919,,,,,,,0.6764824390411377,,,,,,
26,,,75939,,,,,,,0.6190658211708069,,,,,,
26,,,75959,,,,,,,0.7596688866615295,,,,,,
26,,,75979,,,,,,,0.7132901549339294,,,,,,
26,,,75999,,,,,,,0.9025811553001404,,,,,,
26,,,76019,,,,,,,0.9890801310539246,,,,,,
26,,,76039,,,,,,,0.8818449974060059,,,,,,
26,,,76059,,,,,,,0.7053769826889038,,,,,,
26,,,76079,,,,,,,0.7475104331970215,,,,,,
26,,,76099,,,,,,,0.6518517136573792,,,,,,
26,,,76119,,,,,,,0.4609542191028595,,,,,,
26,,,76139,,,,,,,0.5622445940971375,,,,,,
26,,,76159,,,,,,,0.6942298412322998,,,,,,
26,,,76179,,,,,,,0.8882879018783569,,,,,,
26,,,76199,,,,,,,0.6620242595672607,,,,,,
26,,,76219,,,,,,,0.8732492923736572,,,,,,
26,,,76239,,,,,,,0.9244905710220337,,,,,,
26,,,76259,,,,,,,0.8529345393180847,,,,,,
26,,,76279,,,,,,,0.702396035194397,,,,,,
26,,,76299,,,,,,,0.8019003868103027,,,,,,
26,,,76319,,,,,,,0.7263493537902832,,,,,,
26,,,76339,,,,,,,0.5853832364082336,,,,,,
26,,,76359,,,,,,,0.5964896082878113,,,,,,
26,,,76379,,,,,,,0.8083019256591797,,,,,,
26,,,76399,,,,,,,0.9781568050384521,,,,,,
26,,,76419,,,,,,,0.872492253780365,,,,,,
26,,,76439,,,,,,,0.7115988731384277,,,,,,
26,,,76459,,,,,,,0.6837873458862305,,,,,,
26,,,76479,,,,,,,1.3106300830841064,,,,,,
26,,,76499,,,,,,,0.5784002542495728,,,,,,
26,,,76519,,,,,,,0.5215612649917603,,,,,,
26,,,76539,,,,,,,0.6766579747200012,,,,,,
26,,,76559,,,,,,,1.0244708061218262,,,,,,
26,,,76579,,,,,,,1.023083209991455,,,,,,
26,,,76599,,,,,,,0.6942423582077026,,,,,,
26,,,76619,,,,,,,0.8299849033355713,,,,,,
26,,,76639,,,,,,,0.617401123046875,,,,,,
26,,,76659,,,,,,,0.9020508527755737,,,,,,
26,,,76679,,,,,,,0.8093975186347961,,,,,,
26,,,76699,,,,,,,0.8078466653823853,,,,,,
26,,,76719,,,,,,,0.581566333770752,,,,,,
26,,,76739,,,,,,,0.6744726896286011,,,,,,
26,,,76759,,,,,,,0.5532984733581543,,,,,,
26,,,76779,,,,,,,0.6038769483566284,,,,,,
26,,,76799,,,,,,,0.745943546295166,,,,,,
26,,,76819,,,,,,,0.6393938064575195,,,,,,
26,,,76839,,,,,,,0.9351954460144043,,,,,,
26,,,76859,,,,,,,0.8052253723144531,,,,,,
26,,,76879,,,,,,,0.5139967203140259,,,,,,
26,,,76899,,,,,,,0.7263242602348328,,,,,,
26,,,76919,,,,,,,0.9187639355659485,,,,,,
26,,,76939,,,,,,,0.8912216424942017,,,,,,
26,,,76959,,,,,,,0.7641220092773438,,,,,,
26,,,76979,,,,,,,1.0546432733535767,,,,,,
26,,,76999,,,,,,,0.7697466015815735,,,,,,
26,,,77019,,,,,,,0.6603167057037354,,,,,,
26,,,77039,,,,,,,0.7045440673828125,,,,,,
26,,,77059,,,,,,,0.5050234794616699,,,,,,
26,,,77079,,,,,,,0.7546230554580688,,,,,,
26,,,77099,,,,,,,0.7845211625099182,,,,,,
26,,,77119,,,,,,,0.6500248908996582,,,,,,
26,,,77139,,,,,,,0.5094221830368042,,,,,,
26,,,77159,,,,,,,0.6376485824584961,,,,,,
26,,,77179,,,,,,,0.5871100425720215,,,,,,
26,,,77199,,,,,,,0.6051831245422363,,,,,,
26,,,77219,,,,,,,0.5896214246749878,,,,,,
26,,,77239,,,,,,,0.6665042042732239,,,,,,
26,,,77259,,,,,,,0.7230559587478638,,,,,,
26,,,77279,,,,,,,0.8033348321914673,,,,,,
26,,,77299,,,,,,,0.9760446548461914,,,,,,
26,,,77319,,,,,,,1.0873982906341553,,,,,,
26,,,77339,,,,,,,0.9779049158096313,,,,,,
26,,,77359,,,,,,,0.38842833042144775,,,,,,
26,,,77379,,,,,,,0.5205882787704468,,,,,,
26,,,77399,,,,,,,0.4856865108013153,,,,,,
26,,,77419,,,,,,,0.6049789190292358,,,,,,
26,,,77439,,,,,,,0.8663743734359741,,,,,,
26,,,77459,,,,,,,0.7080250382423401,,,,,,
26,,,77479,,,,,,,0.9536998271942139,,,,,,
26,,,77489,,,,,,,,0.38372182846069336,0.3083896040916443,11.09041690826416,0.20989596843719482,0.35436415672302246,0.38372182846069336
26,,,77489,,,,,0.7481052875518799,0.7514455914497375,,,,,,,
,0.00015536038775212883,0.00015536038775212883,77490,,,,,,,,,,,,,
27,,,77499,,,,,,,0.7653334140777588,,,,,,
27,,,77519,,,,,,,1.011040210723877,,,,,,
27,,,77539,,,,,,,1.0083743333816528,,,,,,
27,,,77559,,,,,,,0.7530537843704224,,,,,,
27,,,77579,,,,,,,0.7308560013771057,,,,,,
27,,,77599,,,,,,,0.6518566608428955,,,,,,
27,,,77619,,,,,,,0.8139760494232178,,,,,,
27,,,77639,,,,,,,0.638349175453186,,,,,,
27,,,77659,,,,,,,0.6724610924720764,,,,,,
27,,,77679,,,,,,,0.8815664052963257,,,,,,
27,,,77699,,,,,,,0.8928778171539307,,,,,,
27,,,77719,,,,,,,0.5418663024902344,,,,,,
27,,,77739,,,,,,,0.8079555034637451,,,,,,
27,,,77759,,,,,,,0.6916778683662415,,,,,,
27,,,77779,,,,,,,0.8218759894371033,,,,,,
27,,,77799,,,,,,,0.859316349029541,,,,,,
27,,,77819,,,,,,,0.6661180853843689,,,,,,
27,,,77839,,,,,,,0.8616523742675781,,,,,,
27,,,77859,,,,,,,0.8853439092636108,,,,,,
27,,,77879,,,,,,,0.6448081731796265,,,,,,
27,,,77899,,,,,,,0.8135514259338379,,,,,,
27,,,77919,,,,,,,0.8430129289627075,,,,,,
27,,,77939,,,,,,,0.619695782661438,,,,,,
27,,,77959,,,,,,,0.8231818675994873,,,,,,
27,,,77979,,,,,,,0.706818163394928,,,,,,
27,,,77999,,,,,,,0.8542426228523254,,,,,,
27,,,78019,,,,,,,0.7382708787918091,,,,,,
27,,,78039,,,,,,,0.5877741575241089,,,,,,
27,,,78059,,,,,,,0.5954163670539856,,,,,,
27,,,78079,,,,,,,0.9502400755882263,,,,,,
27,,,78099,,,,,,,0.6851909160614014,,,,,,
27,,,78119,,,,,,,0.7972245812416077,,,,,,
27,,,78139,,,,,,,0.6313128471374512,,,,,,
27,,,78159,,,,,,,0.6783808469772339,,,,,,
27,,,78179,,,,,,,0.9155023097991943,,,,,,
27,,,78199,,,,,,,0.39764565229415894,,,,,,
27,,,78219,,,,,,,1.06121826171875,,,,,,
27,,,78239,,,,,,,0.5491124987602234,,,,,,
27,,,78259,,,,,,,0.8731167316436768,,,,,,
27,,,78279,,,,,,,0.5363130569458008,,,,,,
27,,,78299,,,,,,,0.5355448722839355,,,,,,
27,,,78319,,,,,,,0.9025507569313049,,,,,,
27,,,78339,,,,,,,0.5793560743331909,,,,,,
27,,,78359,,,,,,,0.6772566437721252,,,,,,
27,,,78379,,,,,,,0.5103940963745117,,,,,,
27,,,78399,,,,,,,0.9806582927703857,,,,,,
27,,,78419,,,,,,,0.8601621389389038,,,,,,
27,,,78439,,,,,,,0.4991505444049835,,,,,,
27,,,78459,,,,,,,0.6764930486679077,,,,,,
27,,,78479,,,,,,,1.0532183647155762,,,,,,
27,,,78499,,,,,,,0.6974888443946838,,,,,,
27,,,78519,,,,,,,0.6850670576095581,,,,,,
27,,,78539,,,,,,,1.0076653957366943,,,,,,
27,,,78559,,,,,,,0.9027365446090698,,,,,,
27,,,78579,,,,,,,0.5769320726394653,,,,,,
27,,,78599,,,,,,,0.7374674081802368,,,,,,
27,,,78619,,,,,,,0.6683735847473145,,,,,,
27,,,78639,,,,,,,0.6502330303192139,,,,,,
27,,,78659,,,,,,,0.8424543738365173,,,,,,
27,,,78679,,,,,,,0.6243472099304199,,,,,,
27,,,78699,,,,,,,0.9712620973587036,,,,,,
27,,,78719,,,,,,,0.8271135091781616,,,,,,
27,,,78739,,,,,,,0.5043207406997681,,,,,,
27,,,78759,,,,,,,0.609677791595459,,,,,,
27,,,78779,,,,,,,0.8271188139915466,,,,,,
27,,,78799,,,,,,,0.6930121183395386,,,,,,
27,,,78819,,,,,,,0.6498792171478271,,,,,,
27,,,78839,,,,,,,0.7573603391647339,,,,,,
27,,,78859,,,,,,,0.6321625709533691,,,,,,
27,,,78879,,,,,,,0.5716734528541565,,,,,,
27,,,78899,,,,,,,0.8615695238113403,,,,,,
27,,,78919,,,,,,,0.796962320804596,,,,,,
27,,,78939,,,,,,,0.6220242977142334,,,,,,
27,,,78959,,,,,,,0.8375675678253174,,,,,,
27,,,78979,,,,,,,0.8821899890899658,,,,,,
27,,,78999,,,,,,,0.858059287071228,,,,,,
27,,,79019,,,,,,,0.6860787272453308,,,,,,
27,,,79039,,,,,,,0.6800205707550049,,,,,,
27,,,79059,,,,,,,0.9643023014068604,,,,,,
27,,,79079,,,,,,,0.6710175275802612,,,,,,
27,,,79099,,,,,,,0.8429627418518066,,,,,,
27,,,79119,,,,,,,0.8556066751480103,,,,,,
27,,,79139,,,,,,,0.7809322476387024,,,,,,
27,,,79159,,,,,,,0.6208847761154175,,,,,,
27,,,79179,,,,,,,0.6892348527908325,,,,,,
27,,,79199,,,,,,,0.8846474289894104,,,,,,
27,,,79219,,,,,,,0.8275033831596375,,,,,,
27,,,79239,,,,,,,0.5245488882064819,,,,,,
27,,,79259,,,,,,,0.7928985357284546,,,,,,
27,,,79279,,,,,,,0.5533872246742249,,,,,,
27,,,79299,,,,,,,0.5751855373382568,,,,,,
27,,,79319,,,,,,,0.4958801865577698,,,,,,
27,,,79339,,,,,,,0.9396559000015259,,,,,,
27,,,79359,,,,,,,0.5305174589157104,,,,,,
27,,,79379,,,,,,,0.6298543810844421,,,,,,
27,,,79399,,,,,,,1.100587010383606,,,,,,
27,,,79419,,,,,,,0.4286307394504547,,,,,,
27,,,79439,,,,,,,0.7212312817573547,,,,,,
27,,,79459,,,,,,,0.5173467397689819,,,,,,
27,,,79479,,,,,,,0.7513331174850464,,,,,,
27,,,79499,,,,,,,0.9210123419761658,,,,,,
27,,,79519,,,,,,,0.7978487014770508,,,,,,
27,,,79539,,,,,,,0.6490074396133423,,,,,,
27,,,79559,,,,,,,1.129654884338379,,,,,,
27,,,79579,,,,,,,0.9818183183670044,,,,,,
27,,,79599,,,,,,,0.4345991313457489,,,,,,
27,,,79619,,,,,,,0.7103727459907532,,,,,,
27,,,79639,,,,,,,0.460160493850708,,,,,,
27,,,79659,,,,,,,0.5236907005310059,,,,,,
27,,,79679,,,,,,,0.8372397422790527,,,,,,
27,,,79699,,,,,,,0.7228325009346008,,,,,,
27,,,79719,,,,,,,0.8492250442504883,,,,,,
27,,,79739,,,,,,,0.9577651023864746,,,,,,
27,,,79759,,,,,,,0.7492192387580872,,,,,,
27,,,79779,,,,,,,0.9136313796043396,,,,,,
27,,,79799,,,,,,,0.9429100751876831,,,,,,
27,,,79819,,,,,,,0.5109893083572388,,,,,,
27,,,79839,,,,,,,0.7903046607971191,,,,,,
27,,,79859,,,,,,,0.8143198490142822,,,,,,
27,,,79879,,,,,,,0.9732425212860107,,,,,,
27,,,79899,,,,,,,0.7809709310531616,,,,,,
27,,,79919,,,,,,,0.8193873167037964,,,,,,
27,,,79939,,,,,,,0.694198727607727,,,,,,
27,,,79959,,,,,,,0.7004568576812744,,,,,,
27,,,79979,,,,,,,0.5540562868118286,,,,,,
27,,,79999,,,,,,,0.7210792303085327,,,,,,
27,,,80019,,,,,,,0.851869523525238,,,,,,
27,,,80039,,,,,,,0.7277855277061462,,,,,,
27,,,80059,,,,,,,0.8893489241600037,,,,,,
27,,,80079,,,,,,,0.6212668418884277,,,,,,
27,,,80099,,,,,,,0.7532629370689392,,,,,,
27,,,80119,,,,,,,0.6769494414329529,,,,,,
27,,,80139,,,,,,,0.7651621103286743,,,,,,
27,,,80159,,,,,,,0.9722211360931396,,,,,,
27,,,80179,,,,,,,0.9037256836891174,,,,,,
27,,,80199,,,,,,,0.8326048851013184,,,,,,
27,,,80219,,,,,,,0.9606767892837524,,,,,,
27,,,80239,,,,,,,0.5641344785690308,,,,,,
27,,,80259,,,,,,,0.854455292224884,,,,,,
27,,,80279,,,,,,,0.8088399171829224,,,,,,
27,,,80299,,,,,,,1.0901103019714355,,,,,,
27,,,80319,,,,,,,0.7999089956283569,,,,,,
27,,,80339,,,,,,,0.6669777631759644,,,,,,
27,,,80359,,,,,,,0.5984357595443726,,,,,,
27,,,80359,,,,,,,,0.3682836890220642,0.30031323432922363,12.049300193786621,0.18150505423545837,0.3096199333667755,0.3682836890220642
27,,,80359,,,,,0.747691810131073,0.7515588998794556,,,,,,,
,0.00015365981864641265,0.00015365981864641265,80360,,,,,,,,,,,,,
28,,,80379,,,,,,,0.7356271743774414,,,,,,
28,,,80399,,,,,,,0.7435470819473267,,,,,,
28,,,80419,,,,,,,0.6178880929946899,,,,,,
28,,,80439,,,,,,,0.8012999296188354,,,,,,
28,,,80459,,,,,,,0.7982978820800781,,,,,,
28,,,80479,,,,,,,1.024845838546753,,,,,,
28,,,80499,,,,,,,0.6771155595779419,,,,,,
28,,,80519,,,,,,,0.7365472912788391,,,,,,
28,,,80539,,,,,,,0.9271259307861328,,,,,,
28,,,80559,,,,,,,0.7485135793685913,,,,,,
28,,,80579,,,,,,,0.8183346390724182,,,,,,
28,,,80599,,,,,,,0.6630442142486572,,,,,,
28,,,80619,,,,,,,0.9808488488197327,,,,,,
28,,,80639,,,,,,,0.5883475542068481,,,,,,
28,,,80659,,,,,,,0.45771244168281555,,,,,,
28,,,80679,,,,,,,0.8754143714904785,,,,,,
28,,,80699,,,,,,,0.8582008481025696,,,,,,
28,,,80719,,,,,,,1.0333424806594849,,,,,,
28,,,80739,,,,,,,0.7207425236701965,,,,,,
28,,,80759,,,,,,,0.6532567739486694,,,,,,
28,,,80779,,,,,,,0.606809675693512,,,,,,
28,,,80799,,,,,,,0.666705846786499,,,,,,
28,,,80819,,,,,,,0.7715184688568115,,,,,,
28,,,80839,,,,,,,0.7804714441299438,,,,,,
28,,,80859,,,,,,,0.8278257250785828,,,,,,
28,,,80879,,,,,,,0.8256391286849976,,,,,,
28,,,80899,,,,,,,0.7660394310951233,,,,,,
28,,,80919,,,,,,,0.7892746329307556,,,,,,
28,,,80939,,,,,,,0.4674322009086609,,,,,,
28,,,80959,,,,,,,0.4764769971370697,,,,,,
28,,,80979,,,,,,,0.66510409116745,,,,,,
28,,,80999,,,,,,,0.740551233291626,,,,,,
28,,,81019,,,,,,,0.7654581069946289,,,,,,
28,,,81039,,,,,,,0.6760393381118774,,,,,,
28,,,81059,,,,,,,0.6335397362709045,,,,,,
28,,,81079,,,,,,,0.8324763178825378,,,,,,
28,,,81099,,,,,,,0.8852144479751587,,,,,,
28,,,81119,,,,,,,1.0729433298110962,,,,,,
28,,,81139,,,,,,,0.5777744054794312,,,,,,
28,,,81159,,,,,,,0.6664057970046997,,,,,,
28,,,81179,,,,,,,0.8707975149154663,,,,,,
28,,,81199,,,,,,,1.1432948112487793,,,,,,
28,,,81219,,,,,,,1.0321431159973145,,,,,,
28,,,81239,,,,,,,0.7506883144378662,,,,,,
28,,,81259,,,,,,,0.7135453224182129,,,,,,
28,,,81279,,,,,,,0.8684938549995422,,,,,,
28,,,81299,,,,,,,0.7092849612236023,,,,,,
28,,,81319,,,,,,,0.6943601369857788,,,,,,
28,,,81339,,,,,,,0.937334418296814,,,,,,
28,,,81359,,,,,,,0.6273379921913147,,,,,,
28,,,81379,,,,,,,0.6673805713653564,,,,,,
28,,,81399,,,,,,,0.6990599036216736,,,,,,
28,,,81419,,,,,,,0.6565654277801514,,,,,,
28,,,81439,,,,,,,1.0288503170013428,,,,,,
28,,,81459,,,,,,,0.782566487789154,,,,,,
28,,,81479,,,,,,,0.5776577591896057,,,,,,
28,,,81499,,,,,,,0.5645895004272461,,,,,,
28,,,81519,,,,,,,0.5945404767990112,,,,,,
28,,,81539,,,,,,,0.6494421362876892,,,,,,
28,,,81559,,,,,,,0.640264630317688,,,,,,
28,,,81579,,,,,,,0.7550702095031738,,,,,,
28,,,81599,,,,,,,0.6313451528549194,,,,,,
28,,,81619,,,,,,,0.6491128206253052,,,,,,
28,,,81639,,,,,,,0.8512300252914429,,,,,,
28,,,81659,,,,,,,0.7493480443954468,,,,,,
28,,,81679,,,,,,,0.8675634860992432,,,,,,
28,,,81699,,,,,,,0.9582899808883667,,,,,,
28,,,81719,,,,,,,0.4589378833770752,,,,,,
28,,,81739,,,,,,,0.6921281814575195,,,,,,
28,,,81759,,,,,,,0.9409940242767334,,,,,,
28,,,81779,,,,,,,0.6845557689666748,,,,,,
28,,,81799,,,,,,,0.7396472096443176,,,,,,
28,,,81819,,,,,,,0.678863525390625,,,,,,
28,,,81839,,,,,,,0.5381790995597839,,,,,,
28,,,81859,,,,,,,0.7803268432617188,,,,,,
28,,,81879,,,,,,,0.7110790014266968,,,,,,
28,,,81899,,,,,,,0.741919755935669,,,,,,
28,,,81919,,,,,,,0.8593690991401672,,,,,,
28,,,81939,,,,,,,0.8427530527114868,,,,,,
28,,,81959,,,,,,,0.6554067134857178,,,,,,
28,,,81979,,,,,,,0.7954080104827881,,,,,,
28,,,81999,,,,,,,0.7316720485687256,,,,,,
28,,,82019,,,,,,,0.7162831425666809,,,,,,
28,,,82039,,,,,,,0.6318128108978271,,,,,,
28,,,82059,,,,,,,0.6614541411399841,,,,,,
28,,,82079,,,,,,,0.7561830282211304,,,,,,
28,,,82099,,,,,,,0.9125660061836243,,,,,,
28,,,82119,,,,,,,0.6691393852233887,,,,,,
28,,,82139,,,,,,,0.767817497253418,,,,,,
28,,,82159,,,,,,,0.7290986776351929,,,,,,
28,,,82179,,,,,,,0.9517673850059509,,,,,,
28,,,82199,,,,,,,1.0871853828430176,,,,,,
28,,,82219,,,,,,,0.8120090961456299,,,,,,
28,,,82239,,,,,,,0.910335123538971,,,,,,
28,,,82259,,,,,,,0.6779657602310181,,,,,,
28,,,82279,,,,,,,0.7316112518310547,,,,,,
28,,,82299,,,,,,,0.658409833908081,,,,,,
28,,,82319,,,,,,,0.7071231603622437,,,,,,
28,,,82339,,,,,,,0.7803354263305664,,,,,,
28,,,82359,,,,,,,0.6666946411132812,,,,,,
28,,,82379,,,,,,,0.9143627882003784,,,,,,
28,,,82399,,,,,,,0.5895030498504639,,,,,,
28,,,82419,,,,,,,1.091360092163086,,,,,,
28,,,82439,,,,,,,0.8699913024902344,,,,,,
28,,,82459,,,,,,,0.7359600067138672,,,,,,
28,,,82479,,,,,,,0.5145264267921448,,,,,,
28,,,82499,,,,,,,1.0811806917190552,,,,,,
28,,,82519,,,,,,,0.6502773761749268,,,,,,
28,,,82539,,,,,,,0.7648022174835205,,,,,,
28,,,82559,,,,,,,0.9942328929901123,,,,,,
28,,,82579,,,,,,,0.5687831044197083,,,,,,
28,,,82599,,,,,,,0.5919722318649292,,,,,,
28,,,82619,,,,,,,0.5354414582252502,,,,,,
28,,,82639,,,,,,,1.0691158771514893,,,,,,
28,,,82659,,,,,,,0.5019683837890625,,,,,,
28,,,82679,,,,,,,0.736914336681366,,,,,,
28,,,82699,,,,,,,0.7551330924034119,,,,,,
28,,,82719,,,,,,,0.7494450807571411,,,,,,
28,,,82739,,,,,,,0.6677088737487793,,,,,,
28,,,82759,,,,,,,0.6488038301467896,,,,,,
28,,,82779,,,,,,,0.8007374405860901,,,,,,
28,,,82799,,,,,,,0.63189697265625,,,,,,
28,,,82819,,,,,,,0.6292726993560791,,,,,,
28,,,82839,,,,,,,0.8594104051589966,,,,,,
28,,,82859,,,,,,,0.7995244264602661,,,,,,
28,,,82879,,,,,,,0.655269980430603,,,,,,
28,,,82899,,,,,,,0.7827387452125549,,,,,,
28,,,82919,,,,,,,0.7070934772491455,,,,,,
28,,,82939,,,,,,,0.7370970249176025,,,,,,
28,,,82959,,,,,,,0.7261339426040649,,,,,,
28,,,82979,,,,,,,0.8313573598861694,,,,,,
28,,,82999,,,,,,,0.6939617395401001,,,,,,
28,,,83019,,,,,,,0.5183752775192261,,,,,,
28,,,83039,,,,,,,0.6486028432846069,,,,,,
28,,,83059,,,,,,,0.8411263227462769,,,,,,
28,,,83079,,,,,,,0.47434863448143005,,,,,,
28,,,83099,,,,,,,0.8000847101211548,,,,,,
28,,,83119,,,,,,,0.6063985824584961,,,,,,
28,,,83139,,,,,,,0.7811740040779114,,,,,,
28,,,83159,,,,,,,0.5578073263168335,,,,,,
28,,,83179,,,,,,,0.6921161413192749,,,,,,
28,,,83199,,,,,,,0.7218119502067566,,,,,,
28,,,83219,,,,,,,0.8272103071212769,,,,,,
28,,,83229,,,,,,,,0.38057368993759155,0.3061671853065491,10.863985061645508,0.20724834501743317,0.3472021520137787,0.38057368993759155
28,,,83229,,,,,0.7484973669052124,0.7482581734657288,,,,,,,
,0.00015187552631697342,0.00015187552631697342,83230,,,,,,,,,,,,,
29,,,83239,,,,,,,0.7366955280303955,,,,,,
29,,,83259,,,,,,,0.7556544542312622,,,,,,
29,,,83279,,,,,,,0.7726191282272339,,,,,,
29,,,83299,,,,,,,0.8459322452545166,,,,,,
29,,,83319,,,,,,,0.8948736190795898,,,,,,
29,,,83339,,,,,,,0.8147140741348267,,,,,,
29,,,83359,,,,,,,0.5045984983444214,,,,,,
29,,,83379,,,,,,,0.9146386384963989,,,,,,
29,,,83399,,,,,,,0.6060309410095215,,,,,,
29,,,83419,,,,,,,0.800540566444397,,,,,,
29,,,83439,,,,,,,0.7108945846557617,,,,,,
29,,,83459,,,,,,,0.8998017311096191,,,,,,
29,,,83479,,,,,,,0.6491129398345947,,,,,,
29,,,83499,,,,,,,0.8301964998245239,,,,,,
29,,,83519,,,,,,,0.7271745204925537,,,,,,
29,,,83539,,,,,,,0.5197082757949829,,,,,,
29,,,83559,,,,,,,0.7053582668304443,,,,,,
29,,,83579,,,,,,,0.7029154896736145,,,,,,
29,,,83599,,,,,,,0.8105214834213257,,,,,,
29,,,83619,,,,,,,0.605019211769104,,,,,,
29,,,83639,,,,,,,0.7074974775314331,,,,,,
29,,,83659,,,,,,,0.7603331804275513,,,,,,
29,,,83679,,,,,,,0.510959804058075,,,,,,
29,,,83699,,,,,,,0.8248198628425598,,,,,,
29,,,83719,,,,,,,0.9155415296554565,,,,,,
29,,,83739,,,,,,,0.7006072998046875,,,,,,
29,,,83759,,,,,,,0.8150207996368408,,,,,,
29,,,83779,,,,,,,0.705469012260437,,,,,,
29,,,83799,,,,,,,0.698742151260376,,,,,,
29,,,83819,,,,,,,0.9892816543579102,,,,,,
29,,,83839,,,,,,,0.8140284419059753,,,,,,
29,,,83859,,,,,,,0.6830306649208069,,,,,,
29,,,83879,,,,,,,0.765984833240509,,,,,,
29,,,83899,,,,,,,0.7090401649475098,,,,,,
29,,,83919,,,,,,,1.0419975519180298,,,,,,
29,,,83939,,,,,,,0.8784395456314087,,,,,,
29,,,83959,,,,,,,1.0043030977249146,,,,,,
29,,,83979,,,,,,,0.7598408460617065,,,,,,
29,,,83999,,,,,,,0.8438214063644409,,,,,,
29,,,84019,,,,,,,0.6217535734176636,,,,,,
29,,,84039,,,,,,,0.6052529215812683,,,,,,
29,,,84059,,,,,,,0.5724838972091675,,,,,,
29,,,84079,,,,,,,0.7227862477302551,,,,,,
29,,,84099,,,,,,,0.7210625410079956,,,,,,
29,,,84119,,,,,,,1.1001683473587036,,,,,,
29,,,84139,,,,,,,0.7273571491241455,,,,,,
29,,,84159,,,,,,,0.6819783449172974,,,,,,
29,,,84179,,,,,,,0.7510058283805847,,,,,,
29,,,84199,,,,,,,0.9615116119384766,,,,,,
29,,,84219,,,,,,,0.5337042808532715,,,,,,
29,,,84239,,,,,,,0.8088854551315308,,,,,,
29,,,84259,,,,,,,0.7135754227638245,,,,,,
29,,,84279,,,,,,,0.7992526888847351,,,,,,
29,,,84299,,,,,,,0.6468837857246399,,,,,,
29,,,84319,,,,,,,0.8016740679740906,,,,,,
29,,,84339,,,,,,,0.6053493022918701,,,,,,
29,,,84359,,,,,,,0.7519624829292297,,,,,,
29,,,84379,,,,,,,0.8903761506080627,,,,,,
29,,,84399,,,,,,,0.5486069917678833,,,,,,
29,,,84419,,,,,,,0.3794441819190979,,,,,,
29,,,84439,,,,,,,0.6825672388076782,,,,,,
29,,,84459,,,,,,,0.7456633448600769,,,,,,
29,,,84479,,,,,,,0.8814587593078613,,,,,,
29,,,84499,,,,,,,0.495355486869812,,,,,,
29,,,84519,,,,,,,0.8107835054397583,,,,,,
29,,,84539,,,,,,,0.9751017689704895,,,,,,
29,,,84559,,,,,,,0.7782251834869385,,,,,,
29,,,84579,,,,,,,0.8281556963920593,,,,,,
29,,,84599,,,,,,,0.6064413785934448,,,,,,
29,,,84619,,,,,,,0.9088737368583679,,,,,,
29,,,84639,,,,,,,0.49860233068466187,,,,,,
29,,,84659,,,,,,,0.569839596748352,,,,,,
29,,,84679,,,,,,,0.8912056684494019,,,,,,
29,,,84699,,,,,,,0.7118903398513794,,,,,,
29,,,84719,,,,,,,0.5445652008056641,,,,,,
29,,,84739,,,,,,,0.5539526343345642,,,,,,
29,,,84759,,,,,,,0.8002750873565674,,,,,,
29,,,84779,,,,,,,0.725579559803009,,,,,,
29,,,84799,,,,,,,0.7531737685203552,,,,,,
29,,,84819,,,,,,,0.7094998359680176,,,,,,
29,,,84839,,,,,,,0.3576985001564026,,,,,,
29,,,84859,,,,,,,0.764145016670227,,,,,,
29,,,84879,,,,,,,0.6783771514892578,,,,,,
29,,,84899,,,,,,,0.5376525521278381,,,,,,
29,,,84919,,,,,,,0.7713111639022827,,,,,,
29,,,84939,,,,,,,0.60546875,,,,,,
29,,,84959,,,,,,,1.0036100149154663,,,,,,
29,,,84979,,,,,,,0.828497588634491,,,,,,
29,,,84999,,,,,,,0.7179611325263977,,,,,,
29,,,85019,,,,,,,0.5170771479606628,,,,,,
29,,,85039,,,,,,,0.5499992370605469,,,,,,
29,,,85059,,,,,,,0.916789174079895,,,,,,
29,,,85079,,,,,,,0.4943639636039734,,,,,,
29,,,85099,,,,,,,0.8131664991378784,,,,,,
29,,,85119,,,,,,,0.823347270488739,,,,,,
29,,,85139,,,,,,,0.7252881526947021,,,,,,
29,,,85159,,,,,,,0.5770159363746643,,,,,,
29,,,85179,,,,,,,0.7521993517875671,,,,,,
29,,,85199,,,,,,,0.9291150569915771,,,,,,
29,,,85219,,,,,,,0.8583991527557373,,,,,,
29,,,85239,,,,,,,0.9279912710189819,,,,,,
29,,,85259,,,,,,,0.5223587155342102,,,,,,
29,,,85279,,,,,,,0.6762642860412598,,,,,,
29,,,85299,,,,,,,0.9050898551940918,,,,,,
29,,,85319,,,,,,,0.7780882716178894,,,,,,
29,,,85339,,,,,,,0.8543099164962769,,,,,,
29,,,85359,,,,,,,0.8084618449211121,,,,,,
29,,,85379,,,,,,,0.5180561542510986,,,,,,
29,,,85399,,,,,,,1.0081754922866821,,,,,,
29,,,85419,,,,,,,0.8173836469650269,,,,,,
29,,,85439,,,,,,,0.4935421645641327,,,,,,
29,,,85459,,,,,,,0.825758695602417,,,,,,
29,,,85479,,,,,,,0.6324272155761719,,,,,,
29,,,85499,,,,,,,0.5245205163955688,,,,,,
29,,,85519,,,,,,,0.5514440536499023,,,,,,
29,,,85539,,,,,,,0.708235502243042,,,,,,
29,,,85559,,,,,,,0.9493623971939087,,,,,,
29,,,85579,,,,,,,0.6335674524307251,,,,,,
29,,,85599,,,,,,,0.6606952548027039,,,,,,
29,,,85619,,,,,,,0.7289748191833496,,,,,,
29,,,85639,,,,,,,0.8079745769500732,,,,,,
29,,,85659,,,,,,,0.7557299733161926,,,,,,
29,,,85679,,,,,,,0.9446913003921509,,,,,,
29,,,85699,,,,,,,0.5623449087142944,,,,,,
29,,,85719,,,,,,,1.0502231121063232,,,,,,
29,,,85739,,,,,,,0.577813982963562,,,,,,
29,,,85759,,,,,,,0.7270733118057251,,,,,,
29,,,85779,,,,,,,0.46707791090011597,,,,,,
29,,,85799,,,,,,,0.7298202514648438,,,,,,
29,,,85819,,,,,,,0.7523778676986694,,,,,,
29,,,85839,,,,,,,0.6528574228286743,,,,,,
29,,,85859,,,,,,,1.1361267566680908,,,,,,
29,,,85879,,,,,,,0.8379532098770142,,,,,,
29,,,85899,,,,,,,0.7061028480529785,,,,,,
29,,,85919,,,,,,,0.5789201259613037,,,,,,
29,,,85939,,,,,,,0.5709192156791687,,,,,,
29,,,85959,,,,,,,0.45828819274902344,,,,,,
29,,,85979,,,,,,,0.7808728218078613,,,,,,
29,,,85999,,,,,,,0.562684178352356,,,,,,
29,,,86019,,,,,,,1.214705467224121,,,,,,
29,,,86039,,,,,,,0.719791054725647,,,,,,
29,,,86059,,,,,,,0.46451443433761597,,,,,,
29,,,86079,,,,,,,0.6309086084365845,,,,,,
29,,,86099,,,,,,,0.7196115255355835,,,,,,
29,,,86099,,,,,,,,0.3960644006729126,0.34032750129699707,11.77969741821289,0.2291128784418106,0.35482802987098694,0.3960644006729126
29,,,86099,,,,,0.748083233833313,0.7500467300415039,,,,,,,
,0.00015000968464916542,0.00015000968464916542,86100,,,,,,,,,,,,,
30,,,86119,,,,,,,0.694159984588623,,,,,,
30,,,86139,,,,,,,0.7945845723152161,,,,,,
30,,,86159,,,,,,,0.7373195290565491,,,,,,
30,,,86179,,,,,,,0.831840455532074,,,,,,
30,,,86199,,,,,,,0.49503326416015625,,,,,,
30,,,86219,,,,,,,0.7110120058059692,,,,,,
30,,,86239,,,,,,,0.9271463751792908,,,,,,
30,,,86259,,,,,,,0.7704575061798096,,,,,,
30,,,86279,,,,,,,0.9553477764129639,,,,,,
30,,,86299,,,,,,,0.6416757106781006,,,,,,
30,,,86319,,,,,,,0.7090224027633667,,,,,,
30,,,86339,,,,,,,0.6318886280059814,,,,,,
30,,,86359,,,,,,,0.9149610996246338,,,,,,
30,,,86379,,,,,,,0.6331557035446167,,,,,,
30,,,86399,,,,,,,1.0948476791381836,,,,,,
30,,,86419,,,,,,,0.8358198404312134,,,,,,
30,,,86439,,,,,,,0.9287151098251343,,,,,,
30,,,86459,,,,,,,0.7038733959197998,,,,,,
30,,,86479,,,,,,,0.8445857763290405,,,,,,
30,,,86499,,,,,,,0.6507294178009033,,,,,,
30,,,86519,,,,,,,0.7828851938247681,,,,,,
30,,,86539,,,,,,,0.5968942046165466,,,,,,
30,,,86559,,,,,,,0.7365736365318298,,,,,,
30,,,86579,,,,,,,0.9077576398849487,,,,,,
30,,,86599,,,,,,,1.2676897048950195,,,,,,
30,,,86619,,,,,,,0.9903461337089539,,,,,,
30,,,86639,,,,,,,0.6836866736412048,,,,,,
30,,,86659,,,,,,,0.6221282482147217,,,,,,
30,,,86679,,,,,,,0.959187924861908,,,,,,
30,,,86699,,,,,,,1.1716558933258057,,,,,,
30,,,86719,,,,,,,0.6688660383224487,,,,,,
30,,,86739,,,,,,,0.8143137097358704,,,,,,
30,,,86759,,,,,,,0.835932731628418,,,,,,
30,,,86779,,,,,,,0.7420260906219482,,,,,,
30,,,86799,,,,,,,0.8269273042678833,,,,,,
30,,,86819,,,,,,,0.9360257387161255,,,,,,
30,,,86839,,,,,,,0.5522093772888184,,,,,,
30,,,86859,,,,,,,1.0545231103897095,,,,,,
30,,,86879,,,,,,,0.8990973234176636,,,,,,
30,,,86899,,,,,,,0.43389254808425903,,,,,,
30,,,86919,,,,,,,0.5892680287361145,,,,,,
30,,,86939,,,,,,,0.7597029209136963,,,,,,
30,,,86959,,,,,,,0.6137770414352417,,,,,,
30,,,86979,,,,,,,0.7829294800758362,,,,,,
30,,,86999,,,,,,,0.6492602825164795,,,,,,
30,,,87019,,,,,,,0.9260717630386353,,,,,,
30,,,87039,,,,,,,0.7585749626159668,,,,,,
30,,,87059,,,,,,,0.8748786449432373,,,,,,
30,,,87079,,,,,,,0.4617907404899597,,,,,,
30,,,87099,,,,,,,0.6111624836921692,,,,,,
30,,,87119,,,,,,,0.8782937526702881,,,,,,
30,,,87139,,,,,,,0.8161138296127319,,,,,,
30,,,87159,,,,,,,0.750489354133606,,,,,,
30,,,87179,,,,,,,0.8046553134918213,,,,,,
30,,,87199,,,,,,,0.9989987015724182,,,,,,
30,,,87219,,,,,,,0.6504234075546265,,,,,,
30,,,87239,,,,,,,0.9292546510696411,,,,,,
30,,,87259,,,,,,,0.4231646656990051,,,,,,
30,,,87279,,,,,,,0.8246673941612244,,,,,,
30,,,87299,,,,,,,0.9301567077636719,,,,,,
30,,,87319,,,,,,,0.9872275590896606,,,,,,
30,,,87339,,,,,,,0.6812865138053894,,,,,,
30,,,87359,,,,,,,0.6059884428977966,,,,,,
30,,,87379,,,,,,,0.7412919402122498,,,,,,
30,,,87399,,,,,,,0.8336061835289001,,,,,,
30,,,87419,,,,,,,1.0228629112243652,,,,,,
30,,,87439,,,,,,,0.6226701736450195,,,,,,
30,,,87459,,,,,,,0.7523541450500488,,,,,,
30,,,87479,,,,,,,1.064133644104004,,,,,,
30,,,87499,,,,,,,0.6988965272903442,,,,,,
30,,,87519,,,,,,,0.7110491991043091,,,,,,
30,,,87539,,,,,,,0.6509220600128174,,,,,,
30,,,87559,,,,,,,0.8044617176055908,,,,,,
30,,,87579,,,,,,,0.9894189238548279,,,,,,
30,,,87599,,,,,,,0.7999082803726196,,,,,,
30,,,87619,,,,,,,0.6601384878158569,,,,,,
30,,,87639,,,,,,,0.8956537246704102,,,,,,
30,,,87659,,,,,,,0.638360857963562,,,,,,
30,,,87679,,,,,,,0.8482958674430847,,,,,,
30,,,87699,,,,,,,0.5348694324493408,,,,,,
30,,,87719,,,,,,,0.7929772138595581,,,,,,
30,,,87739,,,,,,,0.913547933101654,,,,,,
30,,,87759,,,,,,,0.8376287221908569,,,,,,
30,,,87779,,,,,,,0.8097659349441528,,,,,,
30,,,87799,,,,,,,0.7120461463928223,,,,,,
30,,,87819,,,,,,,0.8817325234413147,,,,,,
30,,,87839,,,,,,,0.7430616617202759,,,,,,
30,,,87859,,,,,,,0.7644685506820679,,,,,,
30,,,87879,,,,,,,0.6158859729766846,,,,,,
30,,,87899,,,,,,,0.9540663957595825,,,,,,
30,,,87919,,,,,,,0.7027724981307983,,,,,,
30,,,87939,,,,,,,0.5160272121429443,,,,,,
30,,,87959,,,,,,,0.7301048040390015,,,,,,
30,,,87979,,,,,,,0.5964943766593933,,,,,,
30,,,87999,,,,,,,0.8436124324798584,,,,,,
30,,,88019,,,,,,,0.7711087465286255,,,,,,
30,,,88039,,,,,,,0.5062596797943115,,,,,,
30,,,88059,,,,,,,0.690450131893158,,,,,,
30,,,88079,,,,,,,0.8132259845733643,,,,,,
30,,,88099,,,,,,,0.5968410968780518,,,,,,
30,,,88119,,,,,,,0.7837151288986206,,,,,,
30,,,88139,,,,,,,0.6339294910430908,,,,,,
30,,,88159,,,,,,,0.6425293684005737,,,,,,
30,,,88179,,,,,,,1.5427205562591553,,,,,,
30,,,88199,,,,,,,0.6408383846282959,,,,,,
30,,,88219,,,,,,,0.7289122343063354,,,,,,
30,,,88239,,,,,,,0.9760650396347046,,,,,,
30,,,88259,,,,,,,0.8825733661651611,,,,,,
30,,,88279,,,,,,,1.0234473943710327,,,,,,
30,,,88299,,,,,,,0.5524568557739258,,,,,,
30,,,88319,,,,,,,0.8083364963531494,,,,,,
30,,,88339,,,,,,,0.9261661767959595,,,,,,
30,,,88359,,,,,,,0.8692247867584229,,,,,,
30,,,88379,,,,,,,0.6595579981803894,,,,,,
30,,,88399,,,,,,,0.563796877861023,,,,,,
30,,,88419,,,,,,,0.7074048519134521,,,,,,
30,,,88439,,,,,,,0.5624514222145081,,,,,,
30,,,88459,,,,,,,0.8284702897071838,,,,,,
30,,,88479,,,,,,,0.8476287126541138,,,,,,
30,,,88499,,,,,,,0.8253985643386841,,,,,,
30,,,88519,,,,,,,0.9799609780311584,,,,,,
30,,,88539,,,,,,,0.6671597957611084,,,,,,
30,,,88559,,,,,,,1.0276472568511963,,,,,,
30,,,88579,,,,,,,0.8125288486480713,,,,,,
30,,,88599,,,,,,,0.8369947671890259,,,,,,
30,,,88619,,,,,,,0.8557150363922119,,,,,,
30,,,88639,,,,,,,0.8092690110206604,,,,,,
30,,,88659,,,,,,,0.7498040199279785,,,,,,
30,,,88679,,,,,,,0.6572805643081665,,,,,,
30,,,88699,,,,,,,0.8437706232070923,,,,,,
30,,,88719,,,,,,,0.631786584854126,,,,,,
30,,,88739,,,,,,,0.7296949625015259,,,,,,
30,,,88759,,,,,,,0.7054349184036255,,,,,,
30,,,88779,,,,,,,0.6797278523445129,,,,,,
30,,,88799,,,,,,,0.6599281430244446,,,,,,
30,,,88819,,,,,,,0.5469005107879639,,,,,,
30,,,88839,,,,,,,0.953840434551239,,,,,,
30,,,88859,,,,,,,0.8851277232170105,,,,,,
30,,,88879,,,,,,,0.6426134705543518,,,,,,
30,,,88899,,,,,,,0.8402217030525208,,,,,,
30,,,88919,,,,,,,0.7505214214324951,,,,,,
30,,,88939,,,,,,,0.7944896221160889,,,,,,
30,,,88959,,,,,,,0.6482856273651123,,,,,,
30,,,88969,,,,,,,,0.38154035806655884,0.32462456822395325,11.552716255187988,0.2143813669681549,0.3599632978439331,0.38154035806655884
30,,,88969,,,,,0.7483667135238647,0.7485712170600891,,,,,,,
,0.00014806456688365007,0.00014806456688365007,88970,,,,,,,,,,,,,
31,,,88979,,,,,,,0.6340539455413818,,,,,,
31,,,88999,,,,,,,0.6544533967971802,,,,,,
31,,,89019,,,,,,,0.9586648941040039,,,,,,
31,,,89039,,,,,,,0.7297313809394836,,,,,,
31,,,89059,,,,,,,0.6402952671051025,,,,,,
31,,,89079,,,,,,,0.7743405103683472,,,,,,
31,,,89099,,,,,,,0.7647436857223511,,,,,,
31,,,89119,,,,,,,0.8096358776092529,,,,,,
31,,,89139,,,,,,,0.45018383860588074,,,,,,
31,,,89159,,,,,,,0.8116564154624939,,,,,,
31,,,89179,,,,,,,0.8091565370559692,,,,,,
31,,,89199,,,,,,,0.7278534173965454,,,,,,
31,,,89219,,,,,,,0.7091658711433411,,,,,,
31,,,89239,,,,,,,0.6718069314956665,,,,,,
31,,,89259,,,,,,,0.7750973701477051,,,,,,
31,,,89279,,,,,,,0.7652957439422607,,,,,,
31,,,89299,,,,,,,0.8369702100753784,,,,,,
31,,,89319,,,,,,,0.7109202146530151,,,,,,
31,,,89339,,,,,,,0.4997773766517639,,,,,,
31,,,89359,,,,,,,0.6220653057098389,,,,,,
31,,,89379,,,,,,,0.9624477624893188,,,,,,
31,,,89399,,,,,,,0.6659946441650391,,,,,,
31,,,89419,,,,,,,0.8974885940551758,,,,,,
31,,,89439,,,,,,,0.7653554677963257,,,,,,
31,,,89459,,,,,,,0.7331692576408386,,,,,,
31,,,89479,,,,,,,0.752250075340271,,,,,,
31,,,89499,,,,,,,0.9756068587303162,,,,,,
31,,,89519,,,,,,,0.8528316020965576,,,,,,
31,,,89539,,,,,,,0.8100739121437073,,,,,,
31,,,89559,,,,,,,0.618665337562561,,,,,,
31,,,89579,,,,,,,0.800349771976471,,,,,,
31,,,89599,,,,,,,0.8356813192367554,,,,,,
31,,,89619,,,,,,,0.7009657025337219,,,,,,
31,,,89639,,,,,,,0.6379305124282837,,,,,,
31,,,89659,,,,,,,0.7556506395339966,,,,,,
31,,,89679,,,,,,,0.8809011578559875,,,,,,
31,,,89699,,,,,,,0.8861937522888184,,,,,,
31,,,89719,,,,,,,0.848404049873352,,,,,,
31,,,89739,,,,,,,0.6167535781860352,,,,,,
31,,,89759,,,,,,,0.713345468044281,,,,,,
31,,,89779,,,,,,,0.7301685810089111,,,,,,
31,,,89799,,,,,,,0.7040684223175049,,,,,,
31,,,89819,,,,,,,0.891065776348114,,,,,,
31,,,89839,,,,,,,0.765601634979248,,,,,,
31,,,89859,,,,,,,0.9585909843444824,,,,,,
31,,,89879,,,,,,,0.8130363821983337,,,,,,
31,,,89899,,,,,,,0.5637248158454895,,,,,,
31,,,89919,,,,,,,0.8092243671417236,,,,,,
31,,,89939,,,,,,,0.6761658787727356,,,,,,
31,,,89959,,,,,,,0.8802056312561035,,,,,,
31,,,89979,,,,,,,0.9423061609268188,,,,,,
31,,,89999,,,,,,,0.6991636753082275,,,,,,
31,,,90019,,,,,,,0.9464372396469116,,,,,,
31,,,90039,,,,,,,0.9043948650360107,,,,,,
31,,,90059,,,,,,,0.41642647981643677,,,,,,
31,,,90079,,,,,,,0.6753796339035034,,,,,,
31,,,90099,,,,,,,0.606322705745697,,,,,,
31,,,90119,,,,,,,0.6702284216880798,,,,,,
31,,,90139,,,,,,,0.8549080491065979,,,,,,
31,,,90159,,,,,,,0.6463289260864258,,,,,,
31,,,90179,,,,,,,0.6501631736755371,,,,,,
31,,,90199,,,,,,,0.9908439517021179,,,,,,
31,,,90219,,,,,,,0.6051921844482422,,,,,,
31,,,90239,,,,,,,0.9605485200881958,,,,,,
31,,,90259,,,,,,,0.5615094900131226,,,,,,
31,,,90279,,,,,,,0.4886658191680908,,,,,,
31,,,90299,,,,,,,0.8427426218986511,,,,,,
31,,,90319,,,,,,,0.6175711154937744,,,,,,
31,,,90339,,,,,,,0.5869649648666382,,,,,,
31,,,90359,,,,,,,0.9164944887161255,,,,,,
31,,,90379,,,,,,,0.43073078989982605,,,,,,
31,,,90399,,,,,,,0.7534958124160767,,,,,,
31,,,90419,,,,,,,0.8783034086227417,,,,,,
31,,,90439,,,,,,,0.6511181592941284,,,,,,
31,,,90459,,,,,,,1.0524499416351318,,,,,,
31,,,90479,,,,,,,0.5441802740097046,,,,,,
31,,,90499,,,,,,,0.7215944528579712,,,,,,
31,,,90519,,,,,,,0.9881508350372314,,,,,,
31,,,90539,,,,,,,0.6931517124176025,,,,,,
31,,,90559,,,,,,,0.7470978498458862,,,,,,
31,,,90579,,,,,,,0.871209979057312,,,,,,
31,,,90599,,,,,,,0.8038424253463745,,,,,,
31,,,90619,,,,,,,0.8985261917114258,,,,,,
31,,,90639,,,,,,,0.6391274929046631,,,,,,
31,,,90659,,,,,,,0.7091500163078308,,,,,,
31,,,90679,,,,,,,0.8151168823242188,,,,,,
31,,,90699,,,,,,,0.8521939516067505,,,,,,
31,,,90719,,,,,,,0.6160236597061157,,,,,,
31,,,90739,,,,,,,0.7082357406616211,,,,,,
31,,,90759,,,,,,,0.6998047828674316,,,,,,
31,,,90779,,,,,,,0.9529752731323242,,,,,,
31,,,90799,,,,,,,0.7687393426895142,,,,,,
31,,,90819,,,,,,,0.916369616985321,,,,,,
31,,,90839,,,,,,,0.4360992908477783,,,,,,
31,,,90859,,,,,,,0.7122477293014526,,,,,,
31,,,90879,,,,,,,0.5175408124923706,,,,,,
31,,,90899,,,,,,,0.6223318576812744,,,,,,
31,,,90919,,,,,,,0.71961510181427,,,,,,
31,,,90939,,,,,,,0.8167856335639954,,,,,,
31,,,90959,,,,,,,0.6772722005844116,,,,,,
31,,,90979,,,,,,,0.7187219858169556,,,,,,
31,,,90999,,,,,,,0.8082072734832764,,,,,,
31,,,91019,,,,,,,0.9780406951904297,,,,,,
31,,,91039,,,,,,,0.7107316255569458,,,,,,
31,,,91059,,,,,,,0.9567833542823792,,,,,,
31,,,91079,,,,,,,0.7921676635742188,,,,,,
31,,,91099,,,,,,,0.5943255424499512,,,,,,
31,,,91119,,,,,,,0.5460901260375977,,,,,,
31,,,91139,,,,,,,0.7933914661407471,,,,,,
31,,,91159,,,,,,,0.9787442684173584,,,,,,
31,,,91179,,,,,,,0.7096569538116455,,,,,,
31,,,91199,,,,,,,0.8301377892494202,,,,,,
31,,,91219,,,,,,,0.8121261596679688,,,,,,
31,,,91239,,,,,,,0.7618496417999268,,,,,,
31,,,91259,,,,,,,0.7550591230392456,,,,,,
31,,,91279,,,,,,,0.8420307636260986,,,,,,
31,,,91299,,,,,,,0.8218222856521606,,,,,,
31,,,91319,,,,,,,0.8259249329566956,,,,,,
31,,,91339,,,,,,,0.5254871845245361,,,,,,
31,,,91359,,,,,,,0.4960508644580841,,,,,,
31,,,91379,,,,,,,0.6764822006225586,,,,,,
31,,,91399,,,,,,,0.7979099750518799,,,,,,
31,,,91419,,,,,,,0.7994660139083862,,,,,,
31,,,91439,,,,,,,0.8410077095031738,,,,,,
31,,,91459,,,,,,,0.7367271184921265,,,,,,
31,,,91479,,,,,,,1.1992058753967285,,,,,,
31,,,91499,,,,,,,0.8185359239578247,,,,,,
31,,,91519,,,,,,,0.9077908992767334,,,,,,
31,,,91539,,,,,,,0.5028817653656006,,,,,,
31,,,91559,,,,,,,0.9710208177566528,,,,,,
31,,,91579,,,,,,,0.909217357635498,,,,,,
31,,,91599,,,,,,,0.6342827081680298,,,,,,
31,,,91619,,,,,,,0.5880439281463623,,,,,,
31,,,91639,,,,,,,0.7832620143890381,,,,,,
31,,,91659,,,,,,,0.6464539766311646,,,,,,
31,,,91679,,,,,,,0.8710085153579712,,,,,,
31,,,91699,,,,,,,0.839272677898407,,,,,,
31,,,91719,,,,,,,1.3647347688674927,,,,,,
31,,,91739,,,,,,,0.7847352027893066,,,,,,
31,,,91759,,,,,,,0.7486907243728638,,,,,,
31,,,91779,,,,,,,0.9588940739631653,,,,,,
31,,,91799,,,,,,,0.758452296257019,,,,,,
31,,,91819,,,,,,,0.7076910734176636,,,,,,
31,,,91839,,,,,,,0.667054295539856,,,,,,
31,,,91839,,,,,,,,0.38494354486465454,0.31305044889450073,11.128408432006836,0.21000072360038757,0.3461665213108063,0.38494354486465454
31,,,91839,,,,,0.7483232021331787,0.752357542514801,,,,,,,
,0.0001460425428468021,0.0001460425428468021,91840,,,,,,,,,,,,,
32,,,91859,,,,,,,0.8869991302490234,,,,,,
32,,,91879,,,,,,,0.7207576036453247,,,,,,
32,,,91899,,,,,,,0.6900102496147156,,,,,,
32,,,91919,,,,,,,0.6067327260971069,,,,,,
32,,,91939,,,,,,,0.5360811948776245,,,,,,
32,,,91959,,,,,,,0.8565279841423035,,,,,,
32,,,91979,,,,,,,0.7402661442756653,,,,,,
32,,,91999,,,,,,,0.9092056751251221,,,,,,
32,,,92019,,,,,,,0.6754035353660583,,,,,,
32,,,92039,,,,,,,0.6049963235855103,,,,,,
32,,,92059,,,,,,,0.6634025573730469,,,,,,
32,,,92079,,,,,,,0.6352969408035278,,,,,,
32,,,92099,,,,,,,0.6301625370979309,,,,,,
32,,,92119,,,,,,,0.5075541734695435,,,,,,
32,,,92139,,,,,,,0.8524736166000366,,,,,,
32,,,92159,,,,,,,0.9312142133712769,,,,,,
32,,,92179,,,,,,,0.6950669884681702,,,,,,
32,,,92199,,,,,,,0.8837336301803589,,,,,,
32,,,92219,,,,,,,0.7126351594924927,,,,,,
32,,,92239,,,,,,,0.8285525441169739,,,,,,
32,,,92259,,,,,,,0.6137925386428833,,,,,,
32,,,92279,,,,,,,0.6596052646636963,,,,,,
32,,,92299,,,,,,,0.9113738536834717,,,,,,
32,,,92319,,,,,,,0.7801771759986877,,,,,,
32,,,92339,,,,,,,0.5463700294494629,,,,,,
32,,,92359,,,,,,,0.7668827772140503,,,,,,
32,,,92379,,,,,,,0.5081416368484497,,,,,,
32,,,92399,,,,,,,0.7318317890167236,,,,,,
32,,,92419,,,,,,,0.9842498898506165,,,,,,
32,,,92439,,,,,,,0.6653213500976562,,,,,,
32,,,92459,,,,,,,0.6934331059455872,,,,,,
32,,,92479,,,,,,,0.8654401302337646,,,,,,
32,,,92499,,,,,,,0.9019052386283875,,,,,,
32,,,92519,,,,,,,0.8167680501937866,,,,,,
32,,,92539,,,,,,,0.7095296382904053,,,,,,
32,,,92559,,,,,,,0.7728348970413208,,,,,,
32,,,92579,,,,,,,0.8712972402572632,,,,,,
32,,,92599,,,,,,,0.6511164903640747,,,,,,
32,,,92619,,,,,,,0.7426967024803162,,,,,,
32,,,92639,,,,,,,0.7032617926597595,,,,,,
32,,,92659,,,,,,,0.9644772410392761,,,,,,
32,,,92679,,,,,,,0.7550705075263977,,,,,,
32,,,92699,,,,,,,0.5928285121917725,,,,,,
32,,,92719,,,,,,,0.574385404586792,,,,,,
32,,,92739,,,,,,,0.6419057250022888,,,,,,
32,,,92759,,,,,,,0.7026887536048889,,,,,,
32,,,92779,,,,,,,0.7397588491439819,,,,,,
32,,,92799,,,,,,,0.531594455242157,,,,,,
32,,,92819,,,,,,,0.7352910041809082,,,,,,
32,,,92839,,,,,,,0.5757014751434326,,,,,,
32,,,92859,,,,,,,0.6237763166427612,,,,,,
32,,,92879,,,,,,,0.8717951774597168,,,,,,
32,,,92899,,,,,,,0.6333580613136292,,,,,,
32,,,92919,,,,,,,0.8836798667907715,,,,,,
32,,,92939,,,,,,,0.7648084163665771,,,,,,
32,,,92959,,,,,,,0.6788455247879028,,,,,,
32,,,92979,,,,,,,0.8386982679367065,,,,,,
32,,,92999,,,,,,,0.5784732103347778,,,,,,
32,,,93019,,,,,,,0.546231746673584,,,,,,
32,,,93039,,,,,,,0.9049228429794312,,,,,,
32,,,93059,,,,,,,0.8149625062942505,,,,,,
32,,,93079,,,,,,,0.5984708070755005,,,,,,
32,,,93099,,,,,,,0.8083299398422241,,,,,,
32,,,93119,,,,,,,0.8850709199905396,,,,,,
32,,,93139,,,,,,,0.8057132959365845,,,,,,
32,,,93159,,,,,,,0.6973719000816345,,,,,,
32,,,93179,,,,,,,0.6338648796081543,,,,,,
32,,,93199,,,,,,,0.6201677322387695,,,,,,
32,,,93219,,,,,,,0.6647180318832397,,,,,,
32,,,93239,,,,,,,0.6420847177505493,,,,,,
32,,,93259,,,,,,,0.7923794984817505,,,,,,
32,,,93279,,,,,,,0.6048067808151245,,,,,,
32,,,93299,,,,,,,0.7359827756881714,,,,,,
32,,,93319,,,,,,,0.6342048645019531,,,,,,
32,,,93339,,,,,,,0.6804748177528381,,,,,,
32,,,93359,,,,,,,0.7474056482315063,,,,,,
32,,,93379,,,,,,,0.5296304225921631,,,,,,
32,,,93399,,,,,,,1.1675249338150024,,,,,,
32,,,93419,,,,,,,0.5991744995117188,,,,,,
32,,,93439,,,,,,,0.75621098279953,,,,,,
32,,,93459,,,,,,,0.5436877012252808,,,,,,
32,,,93479,,,,,,,0.9791975021362305,,,,,,
32,,,93499,,,,,,,0.8075404763221741,,,,,,
32,,,93519,,,,,,,1.1053820848464966,,,,,,
32,,,93539,,,,,,,0.6005089282989502,,,,,,
32,,,93559,,,,,,,0.8609470129013062,,,,,,
32,,,93579,,,,,,,0.7644707560539246,,,,,,
32,,,93599,,,,,,,0.5116057991981506,,,,,,
32,,,93619,,,,,,,0.710564136505127,,,,,,
32,,,93639,,,,,,,0.5933778285980225,,,,,,
32,,,93659,,,,,,,0.8548474311828613,,,,,,
32,,,93679,,,,,,,0.5334120988845825,,,,,,
32,,,93699,,,,,,,0.38902783393859863,,,,,,
32,,,93719,,,,,,,0.775553822517395,,,,,,
32,,,93739,,,,,,,0.7551876306533813,,,,,,
32,,,93759,,,,,,,0.5965251326560974,,,,,,
32,,,93779,,,,,,,0.44765323400497437,,,,,,
32,,,93799,,,,,,,0.7368251085281372,,,,,,
32,,,93819,,,,,,,0.5727375745773315,,,,,,
32,,,93839,,,,,,,0.6163519620895386,,,,,,
32,,,93859,,,,,,,0.7310116291046143,,,,,,
32,,,93879,,,,,,,0.5739603042602539,,,,,,
32,,,93899,,,,,,,0.868462085723877,,,,,,
32,,,93919,,,,,,,0.7119917869567871,,,,,,
32,,,93939,,,,,,,0.7035861015319824,,,,,,
32,,,93959,,,,,,,0.736732006072998,,,,,,
32,,,93979,,,,,,,0.8371607065200806,,,,,,
32,,,93999,,,,,,,0.5464007258415222,,,,,,
32,,,94019,,,,,,,0.7358435988426208,,,,,,
32,,,94039,,,,,,,0.7433874607086182,,,,,,
32,,,94059,,,,,,,0.6767078042030334,,,,,,
32,,,94079,,,,,,,0.7418984174728394,,,,,,
32,,,94099,,,,,,,0.8723894357681274,,,,,,
32,,,94119,,,,,,,0.9373103380203247,,,,,,
32,,,94139,,,,,,,0.8553884029388428,,,,,,
32,,,94159,,,,,,,0.763819694519043,,,,,,
32,,,94179,,,,,,,0.9015842080116272,,,,,,
32,,,94199,,,,,,,0.6973915100097656,,,,,,
32,,,94219,,,,,,,0.8373346328735352,,,,,,
32,,,94239,,,,,,,0.4660158157348633,,,,,,
32,,,94259,,,,,,,0.7418121099472046,,,,,,
32,,,94279,,,,,,,0.8720688819885254,,,,,,
32,,,94299,,,,,,,0.8274306058883667,,,,,,
32,,,94319,,,,,,,0.8564643859863281,,,,,,
32,,,94339,,,,,,,0.6437103748321533,,,,,,
32,,,94359,,,,,,,0.8537847995758057,,,,,,
32,,,94379,,,,,,,0.5905812978744507,,,,,,
32,,,94399,,,,,,,0.5124549865722656,,,,,,
32,,,94419,,,,,,,0.588253378868103,,,,,,
32,,,94439,,,,,,,1.1077845096588135,,,,,,
32,,,94459,,,,,,,0.7861963510513306,,,,,,
32,,,94479,,,,,,,0.795839786529541,,,,,,
32,,,94499,,,,,,,0.7636488676071167,,,,,,
32,,,94519,,,,,,,0.9692963361740112,,,,,,
32,,,94539,,,,,,,0.6875500679016113,,,,,,
32,,,94559,,,,,,,0.5951988697052002,,,,,,
32,,,94579,,,,,,,0.6665095686912537,,,,,,
32,,,94599,,,,,,,0.4751353859901428,,,,,,
32,,,94619,,,,,,,0.8248391151428223,,,,,,
32,,,94639,,,,,,,0.6760545969009399,,,,,,
32,,,94659,,,,,,,0.8976895213127136,,,,,,
32,,,94679,,,,,,,0.8529320359230042,,,,,,
32,,,94699,,,,,,,0.4362605810165405,,,,,,
32,,,94709,,,,,,,,0.3889252841472626,0.32035183906555176,10.9059419631958,0.21946580708026886,0.35633960366249084,0.3889252841472626
32,,,94709,,,,,0.7485844492912292,0.7475259304046631,,,,,,,
,0.0001439460760634416,0.0001439460760634416,94710,,,,,,,,,,,,,
33,,,94719,,,,,,,0.5940679311752319,,,,,,
33,,,94739,,,,,,,0.6060535311698914,,,,,,
33,,,94759,,,,,,,0.6400404572486877,,,,,,
33,,,94779,,,,,,,0.7769871950149536,,,,,,
33,,,94799,,,,,,,0.5469794273376465,,,,,,
33,,,94819,,,,,,,0.6498297452926636,,,,,,
33,,,94839,,,,,,,0.5994964241981506,,,,,,
33,,,94859,,,,,,,0.8981702327728271,,,,,,
33,,,94879,,,,,,,0.5943415760993958,,,,,,
33,,,94899,,,,,,,0.7819641828536987,,,,,,
33,,,94919,,,,,,,0.7242906093597412,,,,,,
33,,,94939,,,,,,,0.7013259530067444,,,,,,
33,,,94959,,,,,,,0.8258803486824036,,,,,,
33,,,94979,,,,,,,1.0034525394439697,,,,,,
33,,,94999,,,,,,,0.7643232345581055,,,,,,
33,,,95019,,,,,,,0.9109683632850647,,,,,,
33,,,95039,,,,,,,0.7795958518981934,,,,,,
33,,,95059,,,,,,,0.8688428401947021,,,,,,
33,,,95079,,,,,,,0.8263205289840698,,,,,,
33,,,95099,,,,,,,0.6493239402770996,,,,,,
33,,,95119,,,,,,,0.8573681116104126,,,,,,
33,,,95139,,,,,,,0.7726027965545654,,,,,,
33,,,95159,,,,,,,0.7480432987213135,,,,,,
33,,,95179,,,,,,,0.7224709987640381,,,,,,
33,,,95199,,,,,,,0.7888408303260803,,,,,,
33,,,95219,,,,,,,0.7230039834976196,,,,,,
33,,,95239,,,,,,,0.7710784673690796,,,,,,
33,,,95259,,,,,,,0.7053095102310181,,,,,,
33,,,95279,,,,,,,0.6840219497680664,,,,,,
33,,,95299,,,,,,,0.6380303502082825,,,,,,
33,,,95319,,,,,,,0.7258168458938599,,,,,,
33,,,95339,,,,,,,0.7774841785430908,,,,,,
33,,,95359,,,,,,,0.6591954231262207,,,,,,
33,,,95379,,,,,,,0.7918481826782227,,,,,,
33,,,95399,,,,,,,0.9244002103805542,,,,,,
33,,,95419,,,,,,,0.842063307762146,,,,,,
33,,,95439,,,,,,,0.9700706601142883,,,,,,
33,,,95459,,,,,,,0.9006628394126892,,,,,,
33,,,95479,,,,,,,0.7713413238525391,,,,,,
33,,,95499,,,,,,,0.5462764501571655,,,,,,
33,,,95519,,,,,,,0.66811603307724,,,,,,
33,,,95539,,,,,,,0.7386720776557922,,,,,,
33,,,95559,,,,,,,0.8527858257293701,,,,,,
33,,,95579,,,,,,,0.8617190718650818,,,,,,
33,,,95599,,,,,,,0.7486007809638977,,,,,,
33,,,95619,,,,,,,0.6039764881134033,,,,,,
33,,,95639,,,,,,,0.5334398746490479,,,,,,
33,,,95659,,,,,,,0.8846378326416016,,,,,,
33,,,95679,,,,,,,0.6601823568344116,,,,,,
33,,,95699,,,,,,,0.8539173603057861,,,,,,
33,,,95719,,,,,,,0.7819649577140808,,,,,,
33,,,95739,,,,,,,0.6211230754852295,,,,,,
33,,,95759,,,,,,,0.6219652891159058,,,,,,
33,,,95779,,,,,,,0.824019193649292,,,,,,
33,,,95799,,,,,,,0.6472983360290527,,,,,,
33,,,95819,,,,,,,0.5752786993980408,,,,,,
33,,,95839,,,,,,,0.8245537877082825,,,,,,
33,,,95859,,,,,,,0.6157273054122925,,,,,,
33,,,95879,,,,,,,0.7923991680145264,,,,,,
33,,,95899,,,,,,,0.7875864505767822,,,,,,
33,,,95919,,,,,,,0.7565258741378784,,,,,,
33,,,95939,,,,,,,0.8322412967681885,,,,,,
33,,,95959,,,,,,,0.7390754222869873,,,,,,
33,,,95979,,,,,,,0.6230500340461731,,,,,,
33,,,95999,,,,,,,0.6873329281806946,,,,,,
33,,,96019,,,,,,,0.6662210822105408,,,,,,
33,,,96039,,,,,,,0.5879261493682861,,,,,,
33,,,96059,,,,,,,0.6473395824432373,,,,,,
33,,,96079,,,,,,,0.5025117993354797,,,,,,
33,,,96099,,,,,,,0.7645485401153564,,,,,,
33,,,96119,,,,,,,0.6502296924591064,,,,,,
33,,,96139,,,,,,,0.49146148562431335,,,,,,
33,,,96159,,,,,,,0.9427087306976318,,,,,,
33,,,96179,,,,,,,1.0177345275878906,,,,,,
33,,,96199,,,,,,,0.7823341488838196,,,,,,
33,,,96219,,,,,,,0.7193386554718018,,,,,,
33,,,96239,,,,,,,0.7698187232017517,,,,,,
33,,,96259,,,,,,,0.8471419215202332,,,,,,
33,,,96279,,,,,,,0.8432707786560059,,,,,,
33,,,96299,,,,,,,0.9104172587394714,,,,,,
33,,,96319,,,,,,,1.0198575258255005,,,,,,
33,,,96339,,,,,,,0.6109775900840759,,,,,,
33,,,96359,,,,,,,0.6045624017715454,,,,,,
33,,,96379,,,,,,,0.8357609510421753,,,,,,
33,,,96399,,,,,,,1.135805368423462,,,,,,
33,,,96419,,,,,,,0.8305614590644836,,,,,,
33,,,96439,,,,,,,0.9247034192085266,,,,,,
33,,,96459,,,,,,,0.7253035306930542,,,,,,
33,,,96479,,,,,,,0.6213973760604858,,,,,,
33,,,96499,,,,,,,0.8151276111602783,,,,,,
33,,,96519,,,,,,,0.550416886806488,,,,,,
33,,,96539,,,,,,,0.817650556564331,,,,,,
33,,,96559,,,,,,,0.6501555442810059,,,,,,
33,,,96579,,,,,,,0.7111281752586365,,,,,,
33,,,96599,,,,,,,0.5341951251029968,,,,,,
33,,,96619,,,,,,,0.8790248036384583,,,,,,
33,,,96639,,,,,,,0.6281963586807251,,,,,,
33,,,96659,,,,,,,0.6601581573486328,,,,,,
33,,,96679,,,,,,,0.6503479480743408,,,,,,
33,,,96699,,,,,,,0.7999013662338257,,,,,,
33,,,96719,,,,,,,0.7880431413650513,,,,,,
33,,,96739,,,,,,,0.6057615876197815,,,,,,
33,,,96759,,,,,,,0.6393463611602783,,,,,,
33,,,96779,,,,,,,0.6504675149917603,,,,,,
33,,,96799,,,,,,,0.5713690519332886,,,,,,
33,,,96819,,,,,,,0.572664201259613,,,,,,
33,,,96839,,,,,,,0.5799169540405273,,,,,,
33,,,96859,,,,,,,0.8591799736022949,,,,,,
33,,,96879,,,,,,,0.5023958086967468,,,,,,
33,,,96899,,,,,,,0.754668116569519,,,,,,
33,,,96919,,,,,,,0.8240410685539246,,,,,,
33,,,96939,,,,,,,0.5181475877761841,,,,,,
33,,,96959,,,,,,,0.9428567886352539,,,,,,
33,,,96979,,,,,,,0.8151388168334961,,,,,,
33,,,96999,,,,,,,0.6007757186889648,,,,,,
33,,,97019,,,,,,,0.6749604940414429,,,,,,
33,,,97039,,,,,,,0.7974966764450073,,,,,,
33,,,97059,,,,,,,0.8601623773574829,,,,,,
33,,,97079,,,,,,,0.9082225561141968,,,,,,
33,,,97099,,,,,,,0.9174993634223938,,,,,,
33,,,97119,,,,,,,0.6993458867073059,,,,,,
33,,,97139,,,,,,,0.6804826855659485,,,,,,
33,,,97159,,,,,,,0.7214823961257935,,,,,,
33,,,97179,,,,,,,0.7813634872436523,,,,,,
33,,,97199,,,,,,,0.6239626407623291,,,,,,
33,,,97219,,,,,,,0.7267001271247864,,,,,,
33,,,97239,,,,,,,0.8527135848999023,,,,,,
33,,,97259,,,,,,,0.8857263922691345,,,,,,
33,,,97279,,,,,,,0.6483266353607178,,,,,,
33,,,97299,,,,,,,0.8426098823547363,,,,,,
33,,,97319,,,,,,,0.640282392501831,,,,,,
33,,,97339,,,,,,,0.46020376682281494,,,,,,
33,,,97359,,,,,,,0.8859241008758545,,,,,,
33,,,97379,,,,,,,0.7373062968254089,,,,,,
33,,,97399,,,,,,,0.5893992185592651,,,,,,
33,,,97419,,,,,,,0.3720308244228363,,,,,,
33,,,97439,,,,,,,0.7228667736053467,,,,,,
33,,,97459,,,,,,,0.6754376888275146,,,,,,
33,,,97479,,,,,,,0.6403466463088989,,,,,,
33,,,97499,,,,,,,0.7502199411392212,,,,,,
33,,,97519,,,,,,,0.819891095161438,,,,,,
33,,,97539,,,,,,,0.7871814370155334,,,,,,
33,,,97559,,,,,,,0.7760212421417236,,,,,,
33,,,97579,,,,,,,0.7221972942352295,,,,,,
33,,,97579,,,,,,,,0.3736470341682434,0.29635530710220337,10.658129692077637,0.19908228516578674,0.34280234575271606,0.3736470341682434
33,,,97579,,,,,0.748410165309906,0.7463599443435669,,,,,,,
,0.00014177772075540807,0.00014177772075540807,97580,,,,,,,,,,,,,
34,,,97599,,,,,,,0.7105773091316223,,,,,,
34,,,97619,,,,,,,0.7704989910125732,,,,,,
34,,,97639,,,,,,,0.7098215818405151,,,,,,
34,,,97659,,,,,,,1.3693562746047974,,,,,,
34,,,97679,,,,,,,0.6766374111175537,,,,,,
34,,,97699,,,,,,,1.0305360555648804,,,,,,
34,,,97719,,,,,,,0.7700412273406982,,,,,,
34,,,97739,,,,,,,0.7969872951507568,,,,,,
34,,,97759,,,,,,,0.6501681804656982,,,,,,
34,,,97779,,,,,,,0.7016060948371887,,,,,,
34,,,97799,,,,,,,0.9104464054107666,,,,,,
34,,,97819,,,,,,,0.7529003620147705,,,,,,
34,,,97839,,,,,,,0.6766811609268188,,,,,,
34,,,97859,,,,,,,0.7137981653213501,,,,,,
34,,,97879,,,,,,,0.7924485206604004,,,,,,
34,,,97899,,,,,,,0.9060242772102356,,,,,,
34,,,97919,,,,,,,0.6718390583992004,,,,,,
34,,,97939,,,,,,,0.9341830015182495,,,,,,
34,,,97959,,,,,,,0.8435550928115845,,,,,,
34,,,97979,,,,,,,0.5257153511047363,,,,,,
34,,,97999,,,,,,,0.7481648325920105,,,,,,
34,,,98019,,,,,,,0.8744871020317078,,,,,,
34,,,98039,,,,,,,0.5859561562538147,,,,,,
34,,,98059,,,,,,,0.7200438976287842,,,,,,
34,,,98079,,,,,,,0.7972699999809265,,,,,,
34,,,98099,,,,,,,0.6478378772735596,,,,,,
34,,,98119,,,,,,,0.8410611152648926,,,,,,
34,,,98139,,,,,,,0.8233089447021484,,,,,,
34,,,98159,,,,,,,0.7713967561721802,,,,,,
34,,,98179,,,,,,,0.46035897731781006,,,,,,
34,,,98199,,,,,,,0.7516891360282898,,,,,,
34,,,98219,,,,,,,0.8960835933685303,,,,,,
34,,,98239,,,,,,,0.7529343962669373,,,,,,
34,,,98259,,,,,,,0.6148205995559692,,,,,,
34,,,98279,,,,,,,0.6762956976890564,,,,,,
34,,,98299,,,,,,,0.854573130607605,,,,,,
34,,,98319,,,,,,,0.6045159101486206,,,,,,
34,,,98339,,,,,,,0.6337769031524658,,,,,,
34,,,98359,,,,,,,0.827593207359314,,,,,,
34,,,98379,,,,,,,0.7503461241722107,,,,,,
34,,,98399,,,,,,,0.8697769641876221,,,,,,
34,,,98419,,,,,,,0.984661877155304,,,,,,
34,,,98439,,,,,,,0.6339896321296692,,,,,,
34,,,98459,,,,,,,0.6668906211853027,,,,,,
34,,,98479,,,,,,,0.8845900893211365,,,,,,
34,,,98499,,,,,,,0.7961873412132263,,,,,,
34,,,98519,,,,,,,0.8682248592376709,,,,,,
34,,,98539,,,,,,,0.7354040145874023,,,,,,
34,,,98559,,,,,,,0.7535226345062256,,,,,,
34,,,98579,,,,,,,0.6388669013977051,,,,,,
34,,,98599,,,,,,,0.5963280200958252,,,,,,
34,,,98619,,,,,,,0.88774573802948,,,,,,
34,,,98639,,,,,,,0.8991441130638123,,,,,,
34,,,98659,,,,,,,0.7621647119522095,,,,,,
34,,,98679,,,,,,,0.6442970037460327,,,,,,
34,,,98699,,,,,,,0.571410596370697,,,,,,
34,,,98719,,,,,,,0.6648373603820801,,,,,,
34,,,98739,,,,,,,0.5217059254646301,,,,,,
34,,,98759,,,,,,,0.7528320550918579,,,,,,
34,,,98779,,,,,,,0.6930978298187256,,,,,,
34,,,98799,,,,,,,0.6647657155990601,,,,,,
34,,,98819,,,,,,,0.7391679883003235,,,,,,
34,,,98839,,,,,,,0.7988524436950684,,,,,,
34,,,98859,,,,,,,0.7709231376647949,,,,,,
34,,,98879,,,,,,,0.7357853651046753,,,,,,
34,,,98899,,,,,,,0.7632378339767456,,,,,,
34,,,98919,,,,,,,0.8175899982452393,,,,,,
34,,,98939,,,,,,,0.5614600777626038,,,,,,
34,,,98959,,,,,,,0.7665609121322632,,,,,,
34,,,98979,,,,,,,0.7173624634742737,,,,,,
34,,,98999,,,,,,,0.6786442995071411,,,,,,
34,,,99019,,,,,,,1.0213475227355957,,,,,,
34,,,99039,,,,,,,0.8313184976577759,,,,,,
34,,,99059,,,,,,,0.6992328763008118,,,,,,
34,,,99079,,,,,,,0.7051352262496948,,,,,,
34,,,99099,,,,,,,0.7689067721366882,,,,,,
34,,,99119,,,,,,,0.5846259593963623,,,,,,
34,,,99139,,,,,,,0.865039587020874,,,,,,
34,,,99159,,,,,,,0.5750183463096619,,,,,,
34,,,99179,,,,,,,0.8553793430328369,,,,,,
34,,,99199,,,,,,,0.7062338590621948,,,,,,
34,,,99219,,,,,,,0.667892575263977,,,,,,
34,,,99239,,,,,,,0.5729115009307861,,,,,,
34,,,99259,,,,,,,0.4080747067928314,,,,,,
34,,,99279,,,,,,,0.990929126739502,,,,,,
34,,,99299,,,,,,,0.8799457550048828,,,,,,
34,,,99319,,,,,,,0.6396723985671997,,,,,,
34,,,99339,,,,,,,0.7492995262145996,,,,,,
34,,,99359,,,,,,,0.6885786056518555,,,,,,
34,,,99379,,,,,,,0.8270089626312256,,,,,,
34,,,99399,,,,,,,0.9092050790786743,,,,,,
34,,,99419,,,,,,,0.6593753695487976,,,,,,
34,,,99439,,,,,,,0.6425116062164307,,,,,,
34,,,99459,,,,,,,0.9075067639350891,,,,,,
34,,,99479,,,,,,,0.536919891834259,,,,,,
34,,,99499,,,,,,,0.842849850654602,,,,,,
34,,,99519,,,,,,,0.7257208824157715,,,,,,
34,,,99539,,,,,,,0.6498129367828369,,,,,,
34,,,99559,,,,,,,0.7527761459350586,,,,,,
34,,,99579,,,,,,,0.7541303634643555,,,,,,
34,,,99599,,,,,,,0.8365888595581055,,,,,,
34,,,99619,,,,,,,0.6048451066017151,,,,,,
34,,,99639,,,,,,,0.7817704677581787,,,,,,
34,,,99659,,,,,,,0.6494200229644775,,,,,,
34,,,99679,,,,,,,0.823865532875061,,,,,,
34,,,99699,,,,,,,1.0019283294677734,,,,,,
34,,,99719,,,,,,,0.6299000978469849,,,,,,
34,,,99739,,,,,,,0.7939763069152832,,,,,,
34,,,99759,,,,,,,0.9248803853988647,,,,,,
34,,,99779,,,,,,,1.0319353342056274,,,,,,
34,,,99799,,,,,,,0.6661968231201172,,,,,,
34,,,99819,,,,,,,0.5802782773971558,,,,,,
34,,,99839,,,,,,,0.7771627902984619,,,,,,
34,,,99859,,,,,,,0.6079157590866089,,,,,,
34,,,99879,,,,,,,0.8318516612052917,,,,,,
34,,,99899,,,,,,,0.7318582534790039,,,,,,
34,,,99919,,,,,,,0.969298243522644,,,,,,
34,,,99939,,,,,,,0.5660704374313354,,,,,,
34,,,99959,,,,,,,0.7373950481414795,,,,,,
34,,,99979,,,,,,,0.7643899917602539,,,,,,
34,,,99999,,,,,,,0.8479489088058472,,,,,,
34,,,100019,,,,,,,0.8711705207824707,,,,,,
34,,,100039,,,,,,,0.9829049110412598,,,,,,
34,,,100059,,,,,,,0.7973048090934753,,,,,,
34,,,100079,,,,,,,0.7078721523284912,,,,,,
34,,,100099,,,,,,,0.6765613555908203,,,,,,
34,,,100119,,,,,,,0.3738037943840027,,,,,,
34,,,100139,,,,,,,0.9752209186553955,,,,,,
34,,,100159,,,,,,,0.7698540091514587,,,,,,
34,,,100179,,,,,,,0.5442435145378113,,,,,,
34,,,100199,,,,,,,0.7670911550521851,,,,,,
34,,,100219,,,,,,,0.826696515083313,,,,,,
34,,,100239,,,,,,,0.4645850956439972,,,,,,
34,,,100259,,,,,,,1.0651195049285889,,,,,,
34,,,100279,,,,,,,0.8235851526260376,,,,,,
34,,,100299,,,,,,,0.7812930941581726,,,,,,
34,,,100319,,,,,,,0.7270042300224304,,,,,,
34,,,100339,,,,,,,0.3795222043991089,,,,,,
34,,,100359,,,,,,,0.5642645955085754,,,,,,
34,,,100379,,,,,,,0.6341612339019775,,,,,,
34,,,100399,,,,,,,0.6497711539268494,,,,,,
34,,,100419,,,,,,,0.7318075895309448,,,,,,
34,,,100439,,,,,,,0.5679488182067871,,,,,,
34,,,100449,,,,,,,,0.3677513003349304,0.30003589391708374,11.55769157409668,0.18487495183944702,0.324802964925766,0.3677513003349304
34,,,100449,,,,,0.7486717104911804,0.7469601631164551,,,,,,,
,0.00013954011872963486,0.00013954011872963486,100450,,,,,,,,,,,,,
35,,,100459,,,,,,,0.7156575918197632,,,,,,
35,,,100479,,,,,,,0.9134974479675293,,,,,,
35,,,100499,,,,,,,0.9012798070907593,,,,,,
35,,,100519,,,,,,,0.9425449371337891,,,,,,
35,,,100539,,,,,,,0.8607617616653442,,,,,,
35,,,100559,,,,,,,0.7998178005218506,,,,,,
35,,,100579,,,,,,,0.7924201488494873,,,,,,
35,,,100599,,,,,,,0.5345373153686523,,,,,,
35,,,100619,,,,,,,0.6103290319442749,,,,,,
35,,,100639,,,,,,,0.6565228700637817,,,,,,
35,,,100659,,,,,,,0.6782472133636475,,,,,,
35,,,100679,,,,,,,0.9439162611961365,,,,,,
35,,,100699,,,,,,,0.6758182048797607,,,,,,
35,,,100719,,,,,,,0.8366597890853882,,,,,,
35,,,100739,,,,,,,0.8404402732849121,,,,,,
35,,,100759,,,,,,,0.7435468435287476,,,,,,
35,,,100779,,,,,,,0.8974006175994873,,,,,,
35,,,100799,,,,,,,0.7804922461509705,,,,,,
35,,,100819,,,,,,,1.212086796760559,,,,,,
35,,,100839,,,,,,,0.6601684093475342,,,,,,
35,,,100859,,,,,,,0.7209600210189819,,,,,,
35,,,100879,,,,,,,0.7474668622016907,,,,,,
35,,,100899,,,,,,,0.693145215511322,,,,,,
35,,,100919,,,,,,,0.8592702746391296,,,,,,
35,,,100939,,,,,,,0.5258393287658691,,,,,,
35,,,100959,,,,,,,0.6300824880599976,,,,,,
35,,,100979,,,,,,,0.8976878523826599,,,,,,
35,,,100999,,,,,,,0.8237913250923157,,,,,,
35,,,101019,,,,,,,0.8072562217712402,,,,,,
35,,,101039,,,,,,,0.9073773622512817,,,,,,
35,,,101059,,,,,,,0.7269318103790283,,,,,,
35,,,101079,,,,,,,0.7893489003181458,,,,,,
35,,,101099,,,,,,,0.6771396398544312,,,,,,
35,,,101119,,,,,,,0.6314389705657959,,,,,,
35,,,101139,,,,,,,0.8959304094314575,,,,,,
35,,,101159,,,,,,,0.8865227699279785,,,,,,
35,,,101179,,,,,,,0.7530329823493958,,,,,,
35,,,101199,,,,,,,0.7198035717010498,,,,,,
35,,,101219,,,,,,,0.8278317451477051,,,,,,
35,,,101239,,,,,,,0.8389310836791992,,,,,,
35,,,101259,,,,,,,0.6600865125656128,,,,,,
35,,,101279,,,,,,,0.9580493569374084,,,,,,
35,,,101299,,,,,,,0.6319975852966309,,,,,,
35,,,101319,,,,,,,0.6766989231109619,,,,,,
35,,,101339,,,,,,,0.7274101376533508,,,,,,
35,,,101359,,,,,,,1.062441349029541,,,,,,
35,,,101379,,,,,,,0.82741379737854,,,,,,
35,,,101399,,,,,,,0.6891735792160034,,,,,,
35,,,101419,,,,,,,0.8858922123908997,,,,,,
35,,,101439,,,,,,,0.7009425163269043,,,,,,
35,,,101459,,,,,,,0.6388489007949829,,,,,,
35,,,101479,,,,,,,0.7727638483047485,,,,,,
35,,,101499,,,,,,,0.7547373175621033,,,,,,
35,,,101519,,,,,,,0.957432746887207,,,,,,
35,,,101539,,,,,,,1.0013831853866577,,,,,,
35,,,101559,,,,,,,1.089078664779663,,,,,,
35,,,101579,,,,,,,0.7655363082885742,,,,,,
35,,,101599,,,,,,,0.7544572949409485,,,,,,
35,,,101619,,,,,,,0.5895071029663086,,,,,,
35,,,101639,,,,,,,0.8098361492156982,,,,,,
35,,,101659,,,,,,,0.8167755007743835,,,,,,
35,,,101679,,,,,,,0.5614825487136841,,,,,,
35,,,101699,,,,,,,0.7930482625961304,,,,,,
35,,,101719,,,,,,,0.8873199224472046,,,,,,
35,,,101739,,,,,,,0.7625676393508911,,,,,,
35,,,101759,,,,,,,0.4748171269893646,,,,,,
35,,,101779,,,,,,,0.8098329901695251,,,,,,
35,,,101799,,,,,,,0.6656981110572815,,,,,,
35,,,101819,,,,,,,0.8544908761978149,,,,,,
35,,,101839,,,,,,,0.7468986511230469,,,,,,
35,,,101859,,,,,,,0.49073266983032227,,,,,,
35,,,101879,,,,,,,0.7288796305656433,,,,,,
35,,,101899,,,,,,,0.8756918907165527,,,,,,
35,,,101919,,,,,,,0.57741379737854,,,,,,
35,,,101939,,,,,,,0.8114345669746399,,,,,,
35,,,101959,,,,,,,0.8837863802909851,,,,,,
35,,,101979,,,,,,,0.4919973313808441,,,,,,
35,,,101999,,,,,,,0.6492695808410645,,,,,,
35,,,102019,,,,,,,0.6935936808586121,,,,,,
35,,,102039,,,,,,,0.8001073002815247,,,,,,
35,,,102059,,,,,,,0.6930246353149414,,,,,,
35,,,102079,,,,,,,0.9314466118812561,,,,,,
35,,,102099,,,,,,,0.8133707046508789,,,,,,
35,,,102119,,,,,,,0.6728659868240356,,,,,,
35,,,102139,,,,,,,0.6763050556182861,,,,,,
35,,,102159,,,,,,,0.621613621711731,,,,,,
35,,,102179,,,,,,,0.7531036138534546,,,,,,
35,,,102199,,,,,,,1.245164394378662,,,,,,
35,,,102219,,,,,,,0.6358722448348999,,,,,,
35,,,102239,,,,,,,0.6979248523712158,,,,,,
35,,,102259,,,,,,,1.016250729560852,,,,,,
35,,,102279,,,,,,,0.8861057162284851,,,,,,
35,,,102299,,,,,,,0.6320754289627075,,,,,,
35,,,102319,,,,,,,0.45731112360954285,,,,,,
35,,,102339,,,,,,,0.7867631912231445,,,,,,
35,,,102359,,,,,,,0.5608261823654175,,,,,,
35,,,102379,,,,,,,0.8875248432159424,,,,,,
35,,,102399,,,,,,,0.664909839630127,,,,,,
35,,,102419,,,,,,,0.7314097285270691,,,,,,
35,,,102439,,,,,,,0.5716597437858582,,,,,,
35,,,102459,,,,,,,0.6677797436714172,,,,,,
35,,,102479,,,,,,,1.029236078262329,,,,,,
35,,,102499,,,,,,,0.6336883902549744,,,,,,
35,,,102519,,,,,,,0.5767462253570557,,,,,,
35,,,102539,,,,,,,0.7377477884292603,,,,,,
35,,,102559,,,,,,,0.6884221434593201,,,,,,
35,,,102579,,,,,,,0.6172459125518799,,,,,,
35,,,102599,,,,,,,0.6478345394134521,,,,,,
35,,,102619,,,,,,,0.8377466201782227,,,,,,
35,,,102639,,,,,,,0.8606552481651306,,,,,,
35,,,102659,,,,,,,0.9578832983970642,,,,,,
35,,,102679,,,,,,,0.8081376552581787,,,,,,
35,,,102699,,,,,,,0.6491121053695679,,,,,,
35,,,102719,,,,,,,0.7534867525100708,,,,,,
35,,,102739,,,,,,,0.8563359975814819,,,,,,
35,,,102759,,,,,,,0.7413679957389832,,,,,,
35,,,102779,,,,,,,0.7221827507019043,,,,,,
35,,,102799,,,,,,,0.7163066864013672,,,,,,
35,,,102819,,,,,,,0.6012172102928162,,,,,,
35,,,102839,,,,,,,0.8469349145889282,,,,,,
35,,,102859,,,,,,,0.7526152729988098,,,,,,
35,,,102879,,,,,,,0.7089955806732178,,,,,,
35,,,102899,,,,,,,0.6610037088394165,,,,,,
35,,,102919,,,,,,,0.7462089657783508,,,,,,
35,,,102939,,,,,,,0.7575451731681824,,,,,,
35,,,102959,,,,,,,0.7958952188491821,,,,,,
35,,,102979,,,,,,,1.193725824356079,,,,,,
35,,,102999,,,,,,,0.6935521364212036,,,,,,
35,,,103019,,,,,,,1.0156424045562744,,,,,,
35,,,103039,,,,,,,0.9536325931549072,,,,,,
35,,,103059,,,,,,,0.5368008017539978,,,,,,
35,,,103079,,,,,,,0.6898019313812256,,,,,,
35,,,103099,,,,,,,0.7474040985107422,,,,,,
35,,,103119,,,,,,,0.8111193180084229,,,,,,
35,,,103139,,,,,,,0.5203964710235596,,,,,,
35,,,103159,,,,,,,0.6769591569900513,,,,,,
35,,,103179,,,,,,,0.456570565700531,,,,,,
35,,,103199,,,,,,,0.6587525606155396,,,,,,
35,,,103219,,,,,,,0.8074643611907959,,,,,,
35,,,103239,,,,,,,0.7943615913391113,,,,,,
35,,,103259,,,,,,,0.5886228084564209,,,,,,
35,,,103279,,,,,,,0.5618760585784912,,,,,,
35,,,103299,,,,,,,0.7406984567642212,,,,,,
35,,,103319,,,,,,,0.8469893336296082,,,,,,
35,,,103319,,,,,,,,0.3869074583053589,0.31678035855293274,11.40495491027832,0.2143518179655075,0.3505591154098511,0.3869074583053589
35,,,103319,,,,,0.7483668327331543,0.7456663846969604,,,,,,,
,0.00013723599615951415,0.00013723599615951415,103320,,,,,,,,,,,,,
36,,,103339,,,,,,,0.836490273475647,,,,,,
36,,,103359,,,,,,,0.8978776931762695,,,,,,
36,,,103379,,,,,,,0.42440974712371826,,,,,,
36,,,103399,,,,,,,0.9875622391700745,,,,,,
36,,,103419,,,,,,,1.0581327676773071,,,,,,
36,,,103439,,,,,,,0.9464290142059326,,,,,,
36,,,103459,,,,,,,0.6494780778884888,,,,,,
36,,,103479,,,,,,,1.0043659210205078,,,,,,
36,,,103499,,,,,,,0.7038315534591675,,,,,,
36,,,103519,,,,,,,0.9027175903320312,,,,,,
36,,,103539,,,,,,,0.6281774044036865,,,,,,
36,,,103559,,,,,,,0.8248069286346436,,,,,,
36,,,103579,,,,,,,0.8510392904281616,,,,,,
36,,,103599,,,,,,,0.6745096445083618,,,,,,
36,,,103619,,,,,,,0.7935652732849121,,,,,,
36,,,103639,,,,,,,0.8084779977798462,,,,,,
36,,,103659,,,,,,,0.694717288017273,,,,,,
36,,,103679,,,,,,,0.851303219795227,,,,,,
36,,,103699,,,,,,,0.5887249708175659,,,,,,
36,,,103719,,,,,,,0.6211230754852295,,,,,,
36,,,103739,,,,,,,0.8529332876205444,,,,,,
36,,,103759,,,,,,,0.7101283669471741,,,,,,
36,,,103779,,,,,,,0.6778481006622314,,,,,,
36,,,103799,,,,,,,0.8721059560775757,,,,,,
36,,,103819,,,,,,,0.8162438869476318,,,,,,
36,,,103839,,,,,,,0.8981879353523254,,,,,,
36,,,103859,,,,,,,0.45050448179244995,,,,,,
36,,,103879,,,,,,,0.8411643505096436,,,,,,
36,,,103899,,,,,,,0.92066890001297,,,,,,
36,,,103919,,,,,,,0.8333672881126404,,,,,,
36,,,103939,,,,,,,0.8337142467498779,,,,,,
36,,,103959,,,,,,,0.7800301909446716,,,,,,
36,,,103979,,,,,,,0.9465540051460266,,,,,,
36,,,103999,,,,,,,0.5514059066772461,,,,,,
36,,,104019,,,,,,,0.8975986242294312,,,,,,
36,,,104039,,,,,,,0.717245876789093,,,,,,
36,,,104059,,,,,,,0.8656843304634094,,,,,,
36,,,104079,,,,,,,0.47974738478660583,,,,,,
36,,,104099,,,,,,,0.9643396139144897,,,,,,
36,,,104119,,,,,,,0.7631751298904419,,,,,,
36,,,104139,,,,,,,1.0194371938705444,,,,,,
36,,,104159,,,,,,,0.9554536938667297,,,,,,
36,,,104179,,,,,,,0.5179727077484131,,,,,,
36,,,104199,,,,,,,0.9939165115356445,,,,,,
36,,,104219,,,,,,,0.7700815796852112,,,,,,
36,,,104239,,,,,,,0.8743059635162354,,,,,,
36,,,104259,,,,,,,0.8858945965766907,,,,,,
36,,,104279,,,,,,,0.5513018369674683,,,,,,
36,,,104299,,,,,,,0.6544051170349121,,,,,,
36,,,104319,,,,,,,0.5924113392829895,,,,,,
36,,,104339,,,,,,,0.7978159189224243,,,,,,
36,,,104359,,,,,,,0.9138967394828796,,,,,,
36,,,104379,,,,,,,0.9328958988189697,,,,,,
36,,,104399,,,,,,,0.648764967918396,,,,,,
36,,,104419,,,,,,,0.9024316072463989,,,,,,
36,,,104439,,,,,,,0.561562180519104,,,,,,
36,,,104459,,,,,,,1.069209337234497,,,,,,
36,,,104479,,,,,,,0.7155323028564453,,,,,,
36,,,104499,,,,,,,0.8314189910888672,,,,,,
36,,,104519,,,,,,,0.5948684215545654,,,,,,
36,,,104539,,,,,,,0.6921172142028809,,,,,,
36,,,104559,,,,,,,0.8358854055404663,,,,,,
36,,,104579,,,,,,,0.9573169946670532,,,,,,
36,,,104599,,,,,,,0.8091086149215698,,,,,,
36,,,104619,,,,,,,0.5440375208854675,,,,,,
36,,,104639,,,,,,,0.8374079465866089,,,,,,
36,,,104659,,,,,,,0.5155942440032959,,,,,,
36,,,104679,,,,,,,1.0162932872772217,,,,,,
36,,,104699,,,,,,,0.6895322799682617,,,,,,
36,,,104719,,,,,,,0.5002408027648926,,,,,,
36,,,104739,,,,,,,0.747725248336792,,,,,,
36,,,104759,,,,,,,0.6333853006362915,,,,,,
36,,,104779,,,,,,,0.8408752083778381,,,,,,
36,,,104799,,,,,,,0.9377208948135376,,,,,,
36,,,104819,,,,,,,0.5766682028770447,,,,,,
36,,,104839,,,,,,,0.8008182048797607,,,,,,
36,,,104859,,,,,,,0.7088116407394409,,,,,,
36,,,104879,,,,,,,1.1851805448532104,,,,,,
36,,,104899,,,,,,,0.8077974319458008,,,,,,
36,,,104919,,,,,,,0.8525682687759399,,,,,,
36,,,104939,,,,,,,0.8620219230651855,,,,,,
36,,,104959,,,,,,,0.854510486125946,,,,,,
36,,,104979,,,,,,,0.6310559511184692,,,,,,
36,,,104999,,,,,,,0.6133580803871155,,,,,,
36,,,105019,,,,,,,0.5019835829734802,,,,,,
36,,,105039,,,,,,,0.4730885624885559,,,,,,
36,,,105059,,,,,,,0.8085143566131592,,,,,,
36,,,105079,,,,,,,0.796499490737915,,,,,,
36,,,105099,,,,,,,1.0672425031661987,,,,,,
36,,,105119,,,,,,,1.0717945098876953,,,,,,
36,,,105139,,,,,,,0.7927164435386658,,,,,,
36,,,105159,,,,,,,0.7473822832107544,,,,,,
36,,,105179,,,,,,,0.8050428032875061,,,,,,
36,,,105199,,,,,,,0.809353232383728,,,,,,
36,,,105219,,,,,,,0.806786298751831,,,,,,
36,,,105239,,,,,,,1.0056859254837036,,,,,,
36,,,105259,,,,,,,0.8070589303970337,,,,,,
36,,,105279,,,,,,,0.8994200825691223,,,,,,
36,,,105299,,,,,,,0.6545007228851318,,,,,,
36,,,105319,,,,,,,0.9432159662246704,,,,,,
36,,,105339,,,,,,,0.9495646953582764,,,,,,
36,,,105359,,,,,,,0.9274485111236572,,,,,,
36,,,105379,,,,,,,0.7637374997138977,,,,,,
36,,,105399,,,,,,,0.6814812421798706,,,,,,
36,,,105419,,,,,,,0.9149814248085022,,,,,,
36,,,105439,,,,,,,0.5992210507392883,,,,,,
36,,,105459,,,,,,,0.5602652430534363,,,,,,
36,,,105479,,,,,,,1.0276458263397217,,,,,,
36,,,105499,,,,,,,0.6994773149490356,,,,,,
36,,,105519,,,,,,,0.7802342176437378,,,,,,
36,,,105539,,,,,,,0.6388648748397827,,,,,,
36,,,105559,,,,,,,0.6146606206893921,,,,,,
36,,,105579,,,,,,,0.8371762633323669,,,,,,
36,,,105599,,,,,,,0.6695985198020935,,,,,,
36,,,105619,,,,,,,0.9696036577224731,,,,,,
36,,,105639,,,,,,,0.9405065178871155,,,,,,
36,,,105659,,,,,,,0.4492126703262329,,,,,,
36,,,105679,,,,,,,0.7867916822433472,,,,,,
36,,,105699,,,,,,,0.7824853658676147,,,,,,
36,,,105719,,,,,,,0.7623986601829529,,,,,,
36,,,105739,,,,,,,0.5934300422668457,,,,,,
36,,,105759,,,,,,,0.9518723487854004,,,,,,
36,,,105779,,,,,,,0.5075839757919312,,,,,,
36,,,105799,,,,,,,0.7943592071533203,,,,,,
36,,,105819,,,,,,,0.7988485097885132,,,,,,
36,,,105839,,,,,,,0.9326158761978149,,,,,,
36,,,105859,,,,,,,0.7625926733016968,,,,,,
36,,,105879,,,,,,,0.6145679950714111,,,,,,
36,,,105899,,,,,,,0.7065757513046265,,,,,,
36,,,105919,,,,,,,0.5775051116943359,,,,,,
36,,,105939,,,,,,,0.8265125751495361,,,,,,
36,,,105959,,,,,,,0.8600879907608032,,,,,,
36,,,105979,,,,,,,0.73139488697052,,,,,,
36,,,105999,,,,,,,0.5082705020904541,,,,,,
36,,,106019,,,,,,,0.7224451303482056,,,,,,
36,,,106039,,,,,,,0.47984668612480164,,,,,,
36,,,106059,,,,,,,0.91441810131073,,,,,,
36,,,106079,,,,,,,0.6327597498893738,,,,,,
36,,,106099,,,,,,,0.5081161260604858,,,,,,
36,,,106119,,,,,,,0.9150587916374207,,,,,,
36,,,106139,,,,,,,0.6661995649337769,,,,,,
36,,,106159,,,,,,,0.5185375213623047,,,,,,
36,,,106179,,,,,,,0.8371473550796509,,,,,,
36,,,106189,,,,,,,,0.3754984140396118,0.3025257885456085,11.55142879486084,0.19992662966251373,0.34567251801490784,0.3754984140396118
36,,,106189,,,,,0.7487806081771851,0.746113657951355,,,,,,,
,0.00013486816026347484,0.00013486816026347484,106190,,,,,,,,,,,,,
37,,,106199,,,,,,,0.5868067741394043,,,,,,
37,,,106219,,,,,,,1.0771859884262085,,,,,,
37,,,106239,,,,,,,0.879787802696228,,,,,,
37,,,106259,,,,,,,0.6840335130691528,,,,,,
37,,,106279,,,,,,,0.7647132873535156,,,,,,
37,,,106299,,,,,,,0.638888955116272,,,,,,
37,,,106319,,,,,,,0.6136084794998169,,,,,,
37,,,106339,,,,,,,0.7050557136535645,,,,,,
37,,,106359,,,,,,,0.5090122222900391,,,,,,
37,,,106379,,,,,,,0.676011860370636,,,,,,
37,,,106399,,,,,,,0.6645395755767822,,,,,,
37,,,106419,,,,,,,0.9567481875419617,,,,,,
37,,,106439,,,,,,,0.6064621210098267,,,,,,
37,,,106459,,,,,,,0.6431133151054382,,,,,,
37,,,106479,,,,,,,0.854962944984436,,,,,,
37,,,106499,,,,,,,0.7152804732322693,,,,,,
37,,,106519,,,,,,,0.6726416349411011,,,,,,
37,,,106539,,,,,,,0.7644570469856262,,,,,,
37,,,106559,,,,,,,0.9541188478469849,,,,,,
37,,,106579,,,,,,,0.8414624929428101,,,,,,
37,,,106599,,,,,,,0.7538281679153442,,,,,,
37,,,106619,,,,,,,0.6468697786331177,,,,,,
37,,,106639,,,,,,,0.4170137345790863,,,,,,
37,,,106659,,,,,,,0.6311509609222412,,,,,,
37,,,106679,,,,,,,0.7217239141464233,,,,,,
37,,,106699,,,,,,,0.7244749069213867,,,,,,
37,,,106719,,,,,,,0.9131109714508057,,,,,,
37,,,106739,,,,,,,0.9327714443206787,,,,,,
37,,,106759,,,,,,,0.5769713521003723,,,,,,
37,,,106779,,,,,,,0.9321812391281128,,,,,,
37,,,106799,,,,,,,0.6810516119003296,,,,,,
37,,,106819,,,,,,,0.7090516686439514,,,,,,
37,,,106839,,,,,,,0.6080964207649231,,,,,,
37,,,106859,,,,,,,0.9484246373176575,,,,,,
37,,,106879,,,,,,,0.6316184997558594,,,,,,
37,,,106899,,,,,,,0.796511709690094,,,,,,
37,,,106919,,,,,,,0.7262808084487915,,,,,,
37,,,106939,,,,,,,0.8721598982810974,,,,,,
37,,,106959,,,,,,,0.6164861917495728,,,,,,
37,,,106979,,,,,,,0.7751443386077881,,,,,,
37,,,106999,,,,,,,0.7034265398979187,,,,,,
37,,,107019,,,,,,,0.452460914850235,,,,,,
37,,,107039,,,,,,,0.965955376625061,,,,,,
37,,,107059,,,,,,,0.8122704029083252,,,,,,
37,,,107079,,,,,,,0.6763123273849487,,,,,,
37,,,107099,,,,,,,0.8674131631851196,,,,,,
37,,,107119,,,,,,,0.754601001739502,,,,,,
37,,,107139,,,,,,,0.7272820472717285,,,,,,
37,,,107159,,,,,,,0.7384207248687744,,,,,,
37,,,107179,,,,,,,0.6927562952041626,,,,,,
37,,,107199,,,,,,,0.6204260587692261,,,,,,
37,,,107219,,,,,,,0.7286732792854309,,,,,,
37,,,107239,,,,,,,0.699393630027771,,,,,,
37,,,107259,,,,,,,0.8152276873588562,,,,,,
37,,,107279,,,,,,,0.6491001844406128,,,,,,
37,,,107299,,,,,,,0.721503496170044,,,,,,
37,,,107319,,,,,,,0.6386899948120117,,,,,,
37,,,107339,,,,,,,0.8724802732467651,,,,,,
37,,,107359,,,,,,,0.8824862241744995,,,,,,
37,,,107379,,,,,,,0.7252833843231201,,,,,,
37,,,107399,,,,,,,0.6612488031387329,,,,,,
37,,,107419,,,,,,,0.7528678178787231,,,,,,
37,,,107439,,,,,,,0.6863752603530884,,,,,,
37,,,107459,,,,,,,0.7044236063957214,,,,,,
37,,,107479,,,,,,,0.7131451368331909,,,,,,
37,,,107499,,,,,,,0.6579378247261047,,,,,,
37,,,107519,,,,,,,0.6321218013763428,,,,,,
37,,,107539,,,,,,,0.8172779083251953,,,,,,
37,,,107559,,,,,,,0.6815734505653381,,,,,,
37,,,107579,,,,,,,0.8979926109313965,,,,,,
37,,,107599,,,,,,,0.7632274627685547,,,,,,
37,,,107619,,,,,,,0.6042669415473938,,,,,,
37,,,107639,,,,,,,0.573535680770874,,,,,,
37,,,107659,,,,,,,0.8429995775222778,,,,,,
37,,,107679,,,,,,,0.8419859409332275,,,,,,
37,,,107699,,,,,,,0.8461493253707886,,,,,,
37,,,107719,,,,,,,0.9317674040794373,,,,,,
37,,,107739,,,,,,,0.8552981019020081,,,,,,
37,,,107759,,,,,,,0.729158341884613,,,,,,
37,,,107779,,,,,,,0.6876050233840942,,,,,,
37,,,107799,,,,,,,0.6637355089187622,,,,,,
37,,,107819,,,,,,,0.5730087161064148,,,,,,
37,,,107839,,,,,,,0.7503896355628967,,,,,,
37,,,107859,,,,,,,0.7441973686218262,,,,,,
37,,,107879,,,,,,,0.7376264333724976,,,,,,
37,,,107899,,,,,,,0.7215009927749634,,,,,,
37,,,107919,,,,,,,0.7016682624816895,,,,,,
37,,,107939,,,,,,,0.8671873807907104,,,,,,
37,,,107959,,,,,,,1.0071098804473877,,,,,,
37,,,107979,,,,,,,0.46919557452201843,,,,,,
37,,,107999,,,,,,,0.5176323652267456,,,,,,
37,,,108019,,,,,,,0.7468774914741516,,,,,,
37,,,108039,,,,,,,0.7823144197463989,,,,,,
37,,,108059,,,,,,,0.7653418183326721,,,,,,
37,,,108079,,,,,,,0.6827951669692993,,,,,,
37,,,108099,,,,,,,0.7642523646354675,,,,,,
37,,,108119,,,,,,,0.6605936288833618,,,,,,
37,,,108139,,,,,,,1.0683197975158691,,,,,,
37,,,108159,,,,,,,0.7066827416419983,,,,,,
37,,,108179,,,,,,,0.691178560256958,,,,,,
37,,,108199,,,,,,,0.5353577136993408,,,,,,
37,,,108219,,,,,,,0.6674533486366272,,,,,,
37,,,108239,,,,,,,0.8872085213661194,,,,,,
37,,,108259,,,,,,,0.8249481916427612,,,,,,
37,,,108279,,,,,,,0.6759897470474243,,,,,,
37,,,108299,,,,,,,0.6920859813690186,,,,,,
37,,,108319,,,,,,,0.8152915239334106,,,,,,
37,,,108339,,,,,,,0.6478402614593506,,,,,,
37,,,108359,,,,,,,0.6335139870643616,,,,,,
37,,,108379,,,,,,,0.8649156093597412,,,,,,
37,,,108399,,,,,,,0.9612311124801636,,,,,,
37,,,108419,,,,,,,0.7487995028495789,,,,,,
37,,,108439,,,,,,,0.9419862031936646,,,,,,
37,,,108459,,,,,,,0.9857503175735474,,,,,,
37,,,108479,,,,,,,0.7700721621513367,,,,,,
37,,,108499,,,,,,,0.7649109363555908,,,,,,
37,,,108519,,,,,,,0.4917263388633728,,,,,,
37,,,108539,,,,,,,1.05613112449646,,,,,,
37,,,108559,,,,,,,0.7899883389472961,,,,,,
37,,,108579,,,,,,,0.798215389251709,,,,,,
37,,,108599,,,,,,,0.8613157272338867,,,,,,
37,,,108619,,,,,,,0.7099421620368958,,,,,,
37,,,108639,,,,,,,1.0046523809432983,,,,,,
37,,,108659,,,,,,,1.0411701202392578,,,,,,
37,,,108679,,,,,,,0.9092697501182556,,,,,,
37,,,108699,,,,,,,0.7773264646530151,,,,,,
37,,,108719,,,,,,,0.710099458694458,,,,,,
37,,,108739,,,,,,,0.8461318016052246,,,,,,
37,,,108759,,,,,,,0.8797277808189392,,,,,,
37,,,108779,,,,,,,0.6144661903381348,,,,,,
37,,,108799,,,,,,,0.6916851997375488,,,,,,
37,,,108819,,,,,,,0.9858986139297485,,,,,,
37,,,108839,,,,,,,0.5681434869766235,,,,,,
37,,,108859,,,,,,,0.6227726936340332,,,,,,
37,,,108879,,,,,,,0.855795681476593,,,,,,
37,,,108899,,,,,,,0.7140020132064819,,,,,,
37,,,108919,,,,,,,0.806928813457489,,,,,,
37,,,108939,,,,,,,0.7048327922821045,,,,,,
37,,,108959,,,,,,,0.8520771265029907,,,,,,
37,,,108979,,,,,,,0.6328626275062561,,,,,,
37,,,108999,,,,,,,0.5697531700134277,,,,,,
37,,,109019,,,,,,,0.6158652901649475,,,,,,
37,,,109039,,,,,,,0.3933556079864502,,,,,,
37,,,109059,,,,,,,0.6749001741409302,,,,,,
37,,,109059,,,,,,,,0.4034658372402191,0.34773558378219604,11.467696189880371,0.2479497641324997,0.3804183006286621,0.4034658372402191
37,,,109059,,,,,0.7490854263305664,0.7449276447296143,,,,,,,
38,,,109060,0.4296887516975403,0.7085399031639099,0.37309926748275757,0.2714804708957672,,,,,,,,,
