epoch,lr-AdamW/pg1,lr-AdamW/pg2,lr-AdamW/pg3,step,test/acc,test/auroc,test/f1,test/loss,test/macro_precision,test/mcc,test/micro_precision,test/recall,train/acc,train/loss_epoch,train/loss_step,val/acc,val/auroc,val/f1,val/loss,val/macro_precision,val/mcc,val/micro_precision,val/precision_c0,val/precision_c1,val/precision_c2,val/precision_c3,val/recall
,5.9999999999999995e-05,5.9999999999999995e-05,6e-06,0,,,,,,,,,,,,,,,,,,,,,,,
0,,,,19,,,,,,,,,,,0.8404734134674072,,,,,,,,,,,,
0,,,,39,,,,,,,,,,,0.7646081447601318,,,,,,,,,,,,
0,,,,59,,,,,,,,,,,0.6427652835845947,,,,,,,,,,,,
0,,,,79,,,,,,,,,,,0.7837919592857361,,,,,,,,,,,,
0,,,,99,,,,,,,,,,,0.4432406723499298,,,,,,,,,,,,
0,,,,119,,,,,,,,,,,0.4773328900337219,,,,,,,,,,,,
0,,,,139,,,,,,,,,,,0.4655863046646118,,,,,,,,,,,,
0,,,,159,,,,,,,,,,,0.599484384059906,,,,,,,,,,,,
0,,,,179,,,,,,,,,,,0.4626690447330475,,,,,,,,,,,,
0,,,,199,,,,,,,,,,,0.4990329146385193,,,,,,,,,,,,
0,,,,219,,,,,,,,,,,0.49092650413513184,,,,,,,,,,,,
0,,,,239,,,,,,,,,,,0.3979223370552063,,,,,,,,,,,,
0,,,,259,,,,,,,,,,,0.36131227016448975,,,,,,,,,,,,
0,,,,279,,,,,,,,,,,0.543703556060791,,,,,,,,,,,,
0,,,,299,,,,,,,,,,,0.4569854736328125,,,,,,,,,,,,
0,,,,319,,,,,,,,,,,0.42701423168182373,,,,,,,,,,,,
0,,,,339,,,,,,,,,,,0.5803059935569763,,,,,,,,,,,,
0,,,,359,,,,,,,,,,,0.5057374238967896,,,,,,,,,,,,
0,,,,379,,,,,,,,,,,0.49553850293159485,,,,,,,,,,,,
0,,,,399,,,,,,,,,,,0.3012550473213196,,,,,,,,,,,,
0,,,,419,,,,,,,,,,,0.6931400299072266,,,,,,,,,,,,
0,,,,439,,,,,,,,,,,0.3349953293800354,,,,,,,,,,,,
0,,,,459,,,,,,,,,,,0.3039674758911133,,,,,,,,,,,,
0,,,,479,,,,,,,,,,,0.36290788650512695,,,,,,,,,,,,
0,,,,499,,,,,,,,,,,0.4452475905418396,,,,,,,,,,,,
0,,,,519,,,,,,,,,,,0.28026771545410156,,,,,,,,,,,,
0,,,,539,,,,,,,,,,,0.41889435052871704,,,,,,,,,,,,
0,,,,559,,,,,,,,,,,0.4682971239089966,,,,,,,,,,,,
0,,,,579,,,,,,,,,,,0.49175798892974854,,,,,,,,,,,,
0,,,,599,,,,,,,,,,,0.2430114597082138,,,,,,,,,,,,
0,,,,619,,,,,,,,,,,0.35914525389671326,,,,,,,,,,,,
0,,,,639,,,,,,,,,,,0.39458978176116943,,,,,,,,,,,,
0,,,,659,,,,,,,,,,,0.28932228684425354,,,,,,,,,,,,
0,,,,679,,,,,,,,,,,0.41858533024787903,,,,,,,,,,,,
0,,,,699,,,,,,,,,,,0.42251670360565186,,,,,,,,,,,,
0,,,,719,,,,,,,,,,,0.264721155166626,,,,,,,,,,,,
0,,,,739,,,,,,,,,,,0.570553183555603,,,,,,,,,,,,
0,,,,759,,,,,,,,,,,0.6277279853820801,,,,,,,,,,,,
0,,,,779,,,,,,,,,,,0.5875938534736633,,,,,,,,,,,,
0,,,,799,,,,,,,,,,,0.3304538130760193,,,,,,,,,,,,
0,,,,819,,,,,,,,,,,0.31136566400527954,,,,,,,,,,,,
0,,,,839,,,,,,,,,,,0.3716220557689667,,,,,,,,,,,,
0,,,,859,,,,,,,,,,,0.525627851486206,,,,,,,,,,,,
0,,,,879,,,,,,,,,,,0.6431794166564941,,,,,,,,,,,,
0,,,,899,,,,,,,,,,,0.4688054919242859,,,,,,,,,,,,
0,,,,919,,,,,,,,,,,0.3910045623779297,,,,,,,,,,,,
0,,,,939,,,,,,,,,,,0.27979421615600586,,,,,,,,,,,,
0,,,,959,,,,,,,,,,,0.2342393696308136,,,,,,,,,,,,
0,,,,979,,,,,,,,,,,0.3111463189125061,,,,,,,,,,,,
0,,,,999,,,,,,,,,,,0.20809227228164673,,,,,,,,,,,,
0,,,,1019,,,,,,,,,,,0.32769572734832764,,,,,,,,,,,,
0,,,,1039,,,,,,,,,,,0.2748919129371643,,,,,,,,,,,,
0,,,,1059,,,,,,,,,,,0.3611808121204376,,,,,,,,,,,,
0,,,,1079,,,,,,,,,,,0.19244730472564697,,,,,,,,,,,,
0,,,,1099,,,,,,,,,,,0.2919498085975647,,,,,,,,,,,,
0,,,,1119,,,,,,,,,,,0.2543833255767822,,,,,,,,,,,,
0,,,,1139,,,,,,,,,,,0.3437785506248474,,,,,,,,,,,,
0,,,,1159,,,,,,,,,,,0.40849101543426514,,,,,,,,,,,,
0,,,,1179,,,,,,,,,,,0.20360985398292542,,,,,,,,,,,,
0,,,,1199,,,,,,,,,,,0.48493707180023193,,,,,,,,,,,,
0,,,,1219,,,,,,,,,,,0.32591143250465393,,,,,,,,,,,,
0,,,,1239,,,,,,,,,,,0.391338050365448,,,,,,,,,,,,
0,,,,1259,,,,,,,,,,,0.27731120586395264,,,,,,,,,,,,
0,,,,1279,,,,,,,,,,,0.19879581034183502,,,,,,,,,,,,
0,,,,1299,,,,,,,,,,,0.24541231989860535,,,,,,,,,,,,
0,,,,1319,,,,,,,,,,,0.24099218845367432,,,,,,,,,,,,
0,,,,1339,,,,,,,,,,,0.32819658517837524,,,,,,,,,,,,
0,,,,1359,,,,,,,,,,,0.2203466296195984,,,,,,,,,,,,
0,,,,1379,,,,,,,,,,,0.23949258029460907,,,,,,,,,,,,
0,,,,1399,,,,,,,,,,,0.3447808027267456,,,,,,,,,,,,
0,,,,1419,,,,,,,,,,,0.2882460355758667,,,,,,,,,,,,
0,,,,1439,,,,,,,,,,,0.4151310920715332,,,,,,,,,,,,
0,,,,1459,,,,,,,,,,,0.3711037039756775,,,,,,,,,,,,
0,,,,1479,,,,,,,,,,,0.4031396806240082,,,,,,,,,,,,
0,,,,1499,,,,,,,,,,,0.4088863134384155,,,,,,,,,,,,
0,,,,1519,,,,,,,,,,,0.23294398188591003,,,,,,,,,,,,
0,,,,1539,,,,,,,,,,,0.44369927048683167,,,,,,,,,,,,
0,,,,1559,,,,,,,,,,,0.24185751378536224,,,,,,,,,,,,
0,,,,1579,,,,,,,,,,,0.21987959742546082,,,,,,,,,,,,
0,,,,1599,,,,,,,,,,,0.21902833878993988,,,,,,,,,,,,
0,,,,1619,,,,,,,,,,,0.31393665075302124,,,,,,,,,,,,
0,,,,1639,,,,,,,,,,,0.29250645637512207,,,,,,,,,,,,
0,,,,1659,,,,,,,,,,,0.31414052844047546,,,,,,,,,,,,
0,,,,1679,,,,,,,,,,,0.20468369126319885,,,,,,,,,,,,
0,,,,1699,,,,,,,,,,,0.368852823972702,,,,,,,,,,,,
0,,,,1719,,,,,,,,,,,0.38856086134910583,,,,,,,,,,,,
0,,,,1739,,,,,,,,,,,0.2790765166282654,,,,,,,,,,,,
0,,,,1759,,,,,,,,,,,0.20451581478118896,,,,,,,,,,,,
0,,,,1779,,,,,,,,,,,0.5429774522781372,,,,,,,,,,,,
0,,,,1799,,,,,,,,,,,0.21584497392177582,,,,,,,,,,,,
0,,,,1819,,,,,,,,,,,0.2867121994495392,,,,,,,,,,,,
0,,,,1839,,,,,,,,,,,0.27486467361450195,,,,,,,,,,,,
0,,,,1859,,,,,,,,,,,0.1313590407371521,,,,,,,,,,,,
0,,,,1879,,,,,,,,,,,0.18305537104606628,,,,,,,,,,,,
0,,,,1899,,,,,,,,,,,0.2713874578475952,,,,,,,,,,,,
0,,,,1919,,,,,,,,,,,0.2970689535140991,,,,,,,,,,,,
0,,,,1939,,,,,,,,,,,0.47136348485946655,,,,,,,,,,,,
0,,,,1959,,,,,,,,,,,0.2046617567539215,,,,,,,,,,,,
0,,,,1979,,,,,,,,,,,0.29273003339767456,,,,,,,,,,,,
0,,,,1999,,,,,,,,,,,0.4907766580581665,,,,,,,,,,,,
0,,,,2019,,,,,,,,,,,0.16826218366622925,,,,,,,,,,,,
0,,,,2039,,,,,,,,,,,0.2983834743499756,,,,,,,,,,,,
0,,,,2059,,,,,,,,,,,0.35010018944740295,,,,,,,,,,,,
0,,,,2079,,,,,,,,,,,0.3854876458644867,,,,,,,,,,,,
0,,,,2099,,,,,,,,,,,0.2611169219017029,,,,,,,,,,,,
0,,,,2119,,,,,,,,,,,0.18474088609218597,,,,,,,,,,,,
0,,,,2139,,,,,,,,,,,0.15712030231952667,,,,,,,,,,,,
0,,,,2159,,,,,,,,,,,0.1738983392715454,,,,,,,,,,,,
0,,,,2179,,,,,,,,,,,0.2612115144729614,,,,,,,,,,,,
0,,,,2199,,,,,,,,,,,0.18267357349395752,,,,,,,,,,,,
0,,,,2219,,,,,,,,,,,0.1389828622341156,,,,,,,,,,,,
0,,,,2239,,,,,,,,,,,0.3149086833000183,,,,,,,,,,,,
0,,,,2259,,,,,,,,,,,0.25202804803848267,,,,,,,,,,,,
0,,,,2279,,,,,,,,,,,0.2567638158798218,,,,,,,,,,,,
0,,,,2299,,,,,,,,,,,0.29061710834503174,,,,,,,,,,,,
0,,,,2319,,,,,,,,,,,0.22636207938194275,,,,,,,,,,,,
0,,,,2339,,,,,,,,,,,0.146840438246727,,,,,,,,,,,,
0,,,,2359,,,,,,,,,,,0.40849363803863525,,,,,,,,,,,,
0,,,,2379,,,,,,,,,,,0.20079943537712097,,,,,,,,,,,,
0,,,,2399,,,,,,,,,,,0.29329046607017517,,,,,,,,,,,,
0,,,,2419,,,,,,,,,,,0.23917213082313538,,,,,,,,,,,,
0,,,,2439,,,,,,,,,,,0.39532285928726196,,,,,,,,,,,,
0,,,,2459,,,,,,,,,,,0.29138073325157166,,,,,,,,,,,,
0,,,,2479,,,,,,,,,,,0.24243491888046265,,,,,,,,,,,,
0,,,,2499,,,,,,,,,,,0.24605979025363922,,,,,,,,,,,,
0,,,,2519,,,,,,,,,,,0.2764190435409546,,,,,,,,,,,,
0,,,,2539,,,,,,,,,,,0.2430078536272049,,,,,,,,,,,,
0,,,,2559,,,,,,,,,,,0.25199538469314575,,,,,,,,,,,,
0,,,,2579,,,,,,,,,,,0.251779168844223,,,,,,,,,,,,
0,,,,2599,,,,,,,,,,,0.189747154712677,,,,,,,,,,,,
0,,,,2619,,,,,,,,,,,0.12302131205797195,,,,,,,,,,,,
0,,,,2639,,,,,,,,,,,0.16030719876289368,,,,,,,,,,,,
0,,,,2659,,,,,,,,,,,0.3231445550918579,,,,,,,,,,,,
0,,,,2679,,,,,,,,,,,0.2312212884426117,,,,,,,,,,,,
0,,,,2699,,,,,,,,,,,0.2016965001821518,,,,,,,,,,,,
0,,,,2719,,,,,,,,,,,0.2200692743062973,,,,,,,,,,,,
0,,,,2739,,,,,,,,,,,0.3234049677848816,,,,,,,,,,,,
0,,,,2759,,,,,,,,,,,0.3166009485721588,,,,,,,,,,,,
0,,,,2779,,,,,,,,,,,0.16302038729190826,,,,,,,,,,,,
0,,,,2799,,,,,,,,,,,0.4380975067615509,,,,,,,,,,,,
0,,,,2819,,,,,,,,,,,0.4495222568511963,,,,,,,,,,,,
0,,,,2839,,,,,,,,,,,0.4629443883895874,,,,,,,,,,,,
0,,,,2859,,,,,,,,,,,0.20856010913848877,,,,,,,,,,,,
0,,,,2879,,,,,,,,,,,0.1710207760334015,,,,,,,,,,,,
0,,,,2899,,,,,,,,,,,0.2604786157608032,,,,,,,,,,,,
0,,,,2919,,,,,,,,,,,0.08696050941944122,,,,,,,,,,,,
0,,,,2939,,,,,,,,,,,0.14613297581672668,,,,,,,,,,,,
0,,,,2959,,,,,,,,,,,0.24531438946723938,,,,,,,,,,,,
0,,,,2979,,,,,,,,,,,0.5391982197761536,,,,,,,,,,,,
0,,,,2999,,,,,,,,,,,0.16710928082466125,,,,,,,,,,,,
0,,,,3019,,,,,,,,,,,0.11010831594467163,,,,,,,,,,,,
0,,,,3039,,,,,,,,,,,0.14148655533790588,,,,,,,,,,,,
0,,,,3059,,,,,,,,,,,0.5100197792053223,,,,,,,,,,,,
0,,,,3079,,,,,,,,,,,0.15828436613082886,,,,,,,,,,,,
0,,,,3099,,,,,,,,,,,0.2518889307975769,,,,,,,,,,,,
0,,,,3119,,,,,,,,,,,0.18758386373519897,,,,,,,,,,,,
0,,,,3139,,,,,,,,,,,0.09799235314130783,,,,,,,,,,,,
0,,,,3159,,,,,,,,,,,0.18662892282009125,,,,,,,,,,,,
0,,,,3179,,,,,,,,,,,0.2015746533870697,,,,,,,,,,,,
0,,,,3199,,,,,,,,,,,0.23548024892807007,,,,,,,,,,,,
0,,,,3219,,,,,,,,,,,0.20490022003650665,,,,,,,,,,,,
0,,,,3239,,,,,,,,,,,0.23342084884643555,,,,,,,,,,,,
0,,,,3259,,,,,,,,,,,0.337266743183136,,,,,,,,,,,,
0,,,,3279,,,,,,,,,,,0.21099668741226196,,,,,,,,,,,,
0,,,,3299,,,,,,,,,,,0.19404172897338867,,,,,,,,,,,,
0,,,,3319,,,,,,,,,,,0.21277183294296265,,,,,,,,,,,,
0,,,,3339,,,,,,,,,,,0.3246035873889923,,,,,,,,,,,,
0,,,,3359,,,,,,,,,,,0.37454086542129517,,,,,,,,,,,,
0,,,,3379,,,,,,,,,,,0.1350666582584381,,,,,,,,,,,,
0,,,,3399,,,,,,,,,,,0.1494143009185791,,,,,,,,,,,,
0,,,,3419,,,,,,,,,,,0.1403508186340332,,,,,,,,,,,,
0,,,,3439,,,,,,,,,,,0.2882012128829956,,,,,,,,,,,,
0,,,,3459,,,,,,,,,,,0.15267837047576904,,,,,,,,,,,,
0,,,,3479,,,,,,,,,,,0.17086844146251678,,,,,,,,,,,,
0,,,,3481,,,,,,,,,,,,0.6440765857696533,0.8646893501281738,0.6160895824432373,0.6145563721656799,0.6237673759460449,0.49785318970680237,0.623896598815918,0.5939196944236755,0.591132402420044,0.8443508744239807,0.4656665325164795,0.6440765857696533
0,,,,3481,,,,,,,,,0.7594020366668701,0.31512802839279175,,,,,,,,,,,,,
,0.00011999999999999999,0.00011999999999999999,1.2e-05,3482,,,,,,,,,,,,,,,,,,,,,,,
1,,,,3499,,,,,,,,,,,0.2306036651134491,,,,,,,,,,,,
1,,,,3519,,,,,,,,,,,0.34181854128837585,,,,,,,,,,,,
1,,,,3539,,,,,,,,,,,0.15622533857822418,,,,,,,,,,,,
1,,,,3559,,,,,,,,,,,0.09338090568780899,,,,,,,,,,,,
1,,,,3579,,,,,,,,,,,0.21522796154022217,,,,,,,,,,,,
1,,,,3599,,,,,,,,,,,0.5598595142364502,,,,,,,,,,,,
1,,,,3619,,,,,,,,,,,0.22561173141002655,,,,,,,,,,,,
1,,,,3639,,,,,,,,,,,0.222597137093544,,,,,,,,,,,,
1,,,,3659,,,,,,,,,,,0.1957838237285614,,,,,,,,,,,,
1,,,,3679,,,,,,,,,,,0.15211354196071625,,,,,,,,,,,,
1,,,,3699,,,,,,,,,,,0.17698752880096436,,,,,,,,,,,,
1,,,,3719,,,,,,,,,,,0.20432354509830475,,,,,,,,,,,,
1,,,,3739,,,,,,,,,,,0.2943127453327179,,,,,,,,,,,,
1,,,,3759,,,,,,,,,,,0.4343184232711792,,,,,,,,,,,,
1,,,,3779,,,,,,,,,,,0.25447845458984375,,,,,,,,,,,,
1,,,,3799,,,,,,,,,,,0.2465943992137909,,,,,,,,,,,,
1,,,,3819,,,,,,,,,,,0.12342694401741028,,,,,,,,,,,,
1,,,,3839,,,,,,,,,,,0.20936593413352966,,,,,,,,,,,,
1,,,,3859,,,,,,,,,,,0.11973562091588974,,,,,,,,,,,,
1,,,,3879,,,,,,,,,,,0.2077891081571579,,,,,,,,,,,,
1,,,,3899,,,,,,,,,,,0.251970112323761,,,,,,,,,,,,
1,,,,3919,,,,,,,,,,,0.27707672119140625,,,,,,,,,,,,
1,,,,3939,,,,,,,,,,,0.22213196754455566,,,,,,,,,,,,
1,,,,3959,,,,,,,,,,,0.1791391670703888,,,,,,,,,,,,
1,,,,3979,,,,,,,,,,,0.2228948473930359,,,,,,,,,,,,
1,,,,3999,,,,,,,,,,,0.4111241400241852,,,,,,,,,,,,
1,,,,4019,,,,,,,,,,,0.25850823521614075,,,,,,,,,,,,
1,,,,4039,,,,,,,,,,,0.17251445353031158,,,,,,,,,,,,
1,,,,4059,,,,,,,,,,,0.09651973843574524,,,,,,,,,,,,
1,,,,4079,,,,,,,,,,,0.24499249458312988,,,,,,,,,,,,
1,,,,4099,,,,,,,,,,,0.19260159134864807,,,,,,,,,,,,
1,,,,4119,,,,,,,,,,,0.18682503700256348,,,,,,,,,,,,
1,,,,4139,,,,,,,,,,,0.2633975148200989,,,,,,,,,,,,
1,,,,4159,,,,,,,,,,,0.15572147071361542,,,,,,,,,,,,
1,,,,4179,,,,,,,,,,,0.417523592710495,,,,,,,,,,,,
1,,,,4199,,,,,,,,,,,0.12849077582359314,,,,,,,,,,,,
1,,,,4219,,,,,,,,,,,0.22807365655899048,,,,,,,,,,,,
1,,,,4239,,,,,,,,,,,0.27907222509384155,,,,,,,,,,,,
1,,,,4259,,,,,,,,,,,0.17741945385932922,,,,,,,,,,,,
1,,,,4279,,,,,,,,,,,0.3025507628917694,,,,,,,,,,,,
1,,,,4299,,,,,,,,,,,0.17157891392707825,,,,,,,,,,,,
1,,,,4319,,,,,,,,,,,0.16460761427879333,,,,,,,,,,,,
1,,,,4339,,,,,,,,,,,0.16839435696601868,,,,,,,,,,,,
1,,,,4359,,,,,,,,,,,0.09813302010297775,,,,,,,,,,,,
1,,,,4379,,,,,,,,,,,0.1552988737821579,,,,,,,,,,,,
1,,,,4399,,,,,,,,,,,0.14291667938232422,,,,,,,,,,,,
1,,,,4419,,,,,,,,,,,0.22436052560806274,,,,,,,,,,,,
1,,,,4439,,,,,,,,,,,0.19139207899570465,,,,,,,,,,,,
1,,,,4459,,,,,,,,,,,0.15963557362556458,,,,,,,,,,,,
1,,,,4479,,,,,,,,,,,0.3281623125076294,,,,,,,,,,,,
1,,,,4499,,,,,,,,,,,0.18531036376953125,,,,,,,,,,,,
1,,,,4519,,,,,,,,,,,0.18442511558532715,,,,,,,,,,,,
1,,,,4539,,,,,,,,,,,0.2547004222869873,,,,,,,,,,,,
1,,,,4559,,,,,,,,,,,0.17382830381393433,,,,,,,,,,,,
1,,,,4579,,,,,,,,,,,0.1682697981595993,,,,,,,,,,,,
1,,,,4599,,,,,,,,,,,0.11484192311763763,,,,,,,,,,,,
1,,,,4619,,,,,,,,,,,0.4879325330257416,,,,,,,,,,,,
1,,,,4639,,,,,,,,,,,0.14411620795726776,,,,,,,,,,,,
1,,,,4659,,,,,,,,,,,0.44510260224342346,,,,,,,,,,,,
1,,,,4679,,,,,,,,,,,0.32222357392311096,,,,,,,,,,,,
1,,,,4699,,,,,,,,,,,0.14469574391841888,,,,,,,,,,,,
1,,,,4719,,,,,,,,,,,0.1426863968372345,,,,,,,,,,,,
1,,,,4739,,,,,,,,,,,0.14845004677772522,,,,,,,,,,,,
1,,,,4759,,,,,,,,,,,0.293535053730011,,,,,,,,,,,,
1,,,,4779,,,,,,,,,,,0.18972504138946533,,,,,,,,,,,,
1,,,,4799,,,,,,,,,,,0.13335010409355164,,,,,,,,,,,,
1,,,,4819,,,,,,,,,,,0.1213950514793396,,,,,,,,,,,,
1,,,,4839,,,,,,,,,,,0.14323997497558594,,,,,,,,,,,,
1,,,,4859,,,,,,,,,,,0.19318222999572754,,,,,,,,,,,,
1,,,,4879,,,,,,,,,,,0.3741028308868408,,,,,,,,,,,,
1,,,,4899,,,,,,,,,,,0.2314130961894989,,,,,,,,,,,,
1,,,,4919,,,,,,,,,,,0.12518934905529022,,,,,,,,,,,,
1,,,,4939,,,,,,,,,,,0.22958767414093018,,,,,,,,,,,,
1,,,,4959,,,,,,,,,,,0.09017637372016907,,,,,,,,,,,,
1,,,,4979,,,,,,,,,,,0.22614192962646484,,,,,,,,,,,,
1,,,,4999,,,,,,,,,,,0.24439217150211334,,,,,,,,,,,,
1,,,,5019,,,,,,,,,,,0.12888601422309875,,,,,,,,,,,,
1,,,,5039,,,,,,,,,,,0.10551193356513977,,,,,,,,,,,,
1,,,,5059,,,,,,,,,,,0.14531511068344116,,,,,,,,,,,,
1,,,,5079,,,,,,,,,,,0.3496958017349243,,,,,,,,,,,,
1,,,,5099,,,,,,,,,,,0.5809053182601929,,,,,,,,,,,,
1,,,,5119,,,,,,,,,,,0.14425984025001526,,,,,,,,,,,,
1,,,,5139,,,,,,,,,,,0.1828809231519699,,,,,,,,,,,,
1,,,,5159,,,,,,,,,,,0.11531098932027817,,,,,,,,,,,,
1,,,,5179,,,,,,,,,,,0.17103788256645203,,,,,,,,,,,,
1,,,,5199,,,,,,,,,,,0.47154080867767334,,,,,,,,,,,,
1,,,,5219,,,,,,,,,,,0.29984843730926514,,,,,,,,,,,,
1,,,,5239,,,,,,,,,,,0.18081225454807281,,,,,,,,,,,,
1,,,,5259,,,,,,,,,,,0.09393790364265442,,,,,,,,,,,,
1,,,,5279,,,,,,,,,,,0.09177648276090622,,,,,,,,,,,,
1,,,,5299,,,,,,,,,,,0.3216656446456909,,,,,,,,,,,,
1,,,,5319,,,,,,,,,,,0.18822389841079712,,,,,,,,,,,,
1,,,,5339,,,,,,,,,,,0.236659973859787,,,,,,,,,,,,
1,,,,5359,,,,,,,,,,,0.22321367263793945,,,,,,,,,,,,
1,,,,5379,,,,,,,,,,,0.1322820633649826,,,,,,,,,,,,
1,,,,5399,,,,,,,,,,,0.16961845755577087,,,,,,,,,,,,
1,,,,5419,,,,,,,,,,,0.19008995592594147,,,,,,,,,,,,
1,,,,5439,,,,,,,,,,,0.0936693474650383,,,,,,,,,,,,
1,,,,5459,,,,,,,,,,,0.2895439863204956,,,,,,,,,,,,
1,,,,5479,,,,,,,,,,,0.13880810141563416,,,,,,,,,,,,
1,,,,5499,,,,,,,,,,,0.1372499316930771,,,,,,,,,,,,
1,,,,5519,,,,,,,,,,,0.07323862612247467,,,,,,,,,,,,
1,,,,5539,,,,,,,,,,,0.1514747142791748,,,,,,,,,,,,
1,,,,5559,,,,,,,,,,,0.27328237891197205,,,,,,,,,,,,
1,,,,5579,,,,,,,,,,,0.12779676914215088,,,,,,,,,,,,
1,,,,5599,,,,,,,,,,,0.15418770909309387,,,,,,,,,,,,
1,,,,5619,,,,,,,,,,,0.2154531180858612,,,,,,,,,,,,
1,,,,5639,,,,,,,,,,,0.16334229707717896,,,,,,,,,,,,
1,,,,5659,,,,,,,,,,,0.25663959980010986,,,,,,,,,,,,
1,,,,5679,,,,,,,,,,,0.14452394843101501,,,,,,,,,,,,
1,,,,5699,,,,,,,,,,,0.29987823963165283,,,,,,,,,,,,
1,,,,5719,,,,,,,,,,,0.28029918670654297,,,,,,,,,,,,
1,,,,5739,,,,,,,,,,,0.287895143032074,,,,,,,,,,,,
1,,,,5759,,,,,,,,,,,0.1283687949180603,,,,,,,,,,,,
1,,,,5779,,,,,,,,,,,0.31204330921173096,,,,,,,,,,,,
1,,,,5799,,,,,,,,,,,0.16312642395496368,,,,,,,,,,,,
1,,,,5819,,,,,,,,,,,0.34983572363853455,,,,,,,,,,,,
1,,,,5839,,,,,,,,,,,0.26642298698425293,,,,,,,,,,,,
1,,,,5859,,,,,,,,,,,0.12762679159641266,,,,,,,,,,,,
1,,,,5879,,,,,,,,,,,0.14439815282821655,,,,,,,,,,,,
1,,,,5899,,,,,,,,,,,0.15930813550949097,,,,,,,,,,,,
1,,,,5919,,,,,,,,,,,0.1123238354921341,,,,,,,,,,,,
1,,,,5939,,,,,,,,,,,0.0672239288687706,,,,,,,,,,,,
1,,,,5959,,,,,,,,,,,0.14490339159965515,,,,,,,,,,,,
1,,,,5979,,,,,,,,,,,0.2273392677307129,,,,,,,,,,,,
1,,,,5999,,,,,,,,,,,0.12608924508094788,,,,,,,,,,,,
1,,,,6019,,,,,,,,,,,0.21967041492462158,,,,,,,,,,,,
1,,,,6039,,,,,,,,,,,0.16898196935653687,,,,,,,,,,,,
1,,,,6059,,,,,,,,,,,0.15398135781288147,,,,,,,,,,,,
1,,,,6079,,,,,,,,,,,0.09236367046833038,,,,,,,,,,,,
1,,,,6099,,,,,,,,,,,0.12465205788612366,,,,,,,,,,,,
1,,,,6119,,,,,,,,,,,0.31803441047668457,,,,,,,,,,,,
1,,,,6139,,,,,,,,,,,0.09268821775913239,,,,,,,,,,,,
1,,,,6159,,,,,,,,,,,0.1322123259305954,,,,,,,,,,,,
1,,,,6179,,,,,,,,,,,0.08616089075803757,,,,,,,,,,,,
1,,,,6199,,,,,,,,,,,0.10964426398277283,,,,,,,,,,,,
1,,,,6219,,,,,,,,,,,0.11651814728975296,,,,,,,,,,,,
1,,,,6239,,,,,,,,,,,0.36600643396377563,,,,,,,,,,,,
1,,,,6259,,,,,,,,,,,0.20173902809619904,,,,,,,,,,,,
1,,,,6279,,,,,,,,,,,0.10380908846855164,,,,,,,,,,,,
1,,,,6299,,,,,,,,,,,0.25839200615882874,,,,,,,,,,,,
1,,,,6319,,,,,,,,,,,0.17704753577709198,,,,,,,,,,,,
1,,,,6339,,,,,,,,,,,0.13914358615875244,,,,,,,,,,,,
1,,,,6359,,,,,,,,,,,0.23491819202899933,,,,,,,,,,,,
1,,,,6379,,,,,,,,,,,0.2323850691318512,,,,,,,,,,,,
1,,,,6399,,,,,,,,,,,0.11732634902000427,,,,,,,,,,,,
1,,,,6419,,,,,,,,,,,0.14451181888580322,,,,,,,,,,,,
1,,,,6439,,,,,,,,,,,0.17319023609161377,,,,,,,,,,,,
1,,,,6459,,,,,,,,,,,0.33840125799179077,,,,,,,,,,,,
1,,,,6479,,,,,,,,,,,0.1299332082271576,,,,,,,,,,,,
1,,,,6499,,,,,,,,,,,0.10854146629571915,,,,,,,,,,,,
1,,,,6519,,,,,,,,,,,0.11294335871934891,,,,,,,,,,,,
1,,,,6539,,,,,,,,,,,0.1699226200580597,,,,,,,,,,,,
1,,,,6559,,,,,,,,,,,0.33387309312820435,,,,,,,,,,,,
1,,,,6579,,,,,,,,,,,0.17335668206214905,,,,,,,,,,,,
1,,,,6599,,,,,,,,,,,0.1085575744509697,,,,,,,,,,,,
1,,,,6619,,,,,,,,,,,0.0913267582654953,,,,,,,,,,,,
1,,,,6639,,,,,,,,,,,0.1231551468372345,,,,,,,,,,,,
1,,,,6659,,,,,,,,,,,0.09144827723503113,,,,,,,,,,,,
1,,,,6679,,,,,,,,,,,0.17425033450126648,,,,,,,,,,,,
1,,,,6699,,,,,,,,,,,0.16830575466156006,,,,,,,,,,,,
1,,,,6719,,,,,,,,,,,0.11204348504543304,,,,,,,,,,,,
1,,,,6739,,,,,,,,,,,0.2234068661928177,,,,,,,,,,,,
1,,,,6759,,,,,,,,,,,0.06564980745315552,,,,,,,,,,,,
1,,,,6779,,,,,,,,,,,0.12224571406841278,,,,,,,,,,,,
1,,,,6799,,,,,,,,,,,0.1482103317975998,,,,,,,,,,,,
1,,,,6819,,,,,,,,,,,0.0749782845377922,,,,,,,,,,,,
1,,,,6839,,,,,,,,,,,0.15174002945423126,,,,,,,,,,,,
1,,,,6859,,,,,,,,,,,0.09615039080381393,,,,,,,,,,,,
1,,,,6879,,,,,,,,,,,0.1810092329978943,,,,,,,,,,,,
1,,,,6899,,,,,,,,,,,0.10170932114124298,,,,,,,,,,,,
1,,,,6919,,,,,,,,,,,0.05872523412108421,,,,,,,,,,,,
1,,,,6939,,,,,,,,,,,0.14991679787635803,,,,,,,,,,,,
1,,,,6959,,,,,,,,,,,0.14845162630081177,,,,,,,,,,,,
1,,,,6963,,,,,,,,,,,,0.6397924423217773,0.8538624048233032,0.612748920917511,0.7483013868331909,0.6137430667877197,0.4907788038253784,0.6202514171600342,0.5459799766540527,0.6693997979164124,0.7702245116233826,0.4693678319454193,0.6397924423217773
1,,,,6963,,,,,,,,,0.8441153168678284,0.20246252417564392,,,,,,,,,,,,,
,0.00017999999999999998,0.00017999999999999998,1.7999999999999997e-05,6964,,,,,,,,,,,,,,,,,,,,,,,
2,,,,6979,,,,,,,,,,,0.3194853961467743,,,,,,,,,,,,
2,,,,6999,,,,,,,,,,,0.14827509224414825,,,,,,,,,,,,
2,,,,7019,,,,,,,,,,,0.29854753613471985,,,,,,,,,,,,
2,,,,7039,,,,,,,,,,,0.21554988622665405,,,,,,,,,,,,
2,,,,7059,,,,,,,,,,,0.19819939136505127,,,,,,,,,,,,
2,,,,7079,,,,,,,,,,,0.16120648384094238,,,,,,,,,,,,
2,,,,7099,,,,,,,,,,,0.3329329192638397,,,,,,,,,,,,
2,,,,7119,,,,,,,,,,,0.39394667744636536,,,,,,,,,,,,
2,,,,7139,,,,,,,,,,,0.12757688760757446,,,,,,,,,,,,
2,,,,7159,,,,,,,,,,,0.3005799651145935,,,,,,,,,,,,
2,,,,7179,,,,,,,,,,,0.3404772877693176,,,,,,,,,,,,
2,,,,7199,,,,,,,,,,,0.08924596011638641,,,,,,,,,,,,
2,,,,7219,,,,,,,,,,,0.16151562333106995,,,,,,,,,,,,
2,,,,7239,,,,,,,,,,,0.4882430136203766,,,,,,,,,,,,
2,,,,7259,,,,,,,,,,,0.19369453191757202,,,,,,,,,,,,
2,,,,7279,,,,,,,,,,,0.24994349479675293,,,,,,,,,,,,
2,,,,7299,,,,,,,,,,,0.11629233509302139,,,,,,,,,,,,
2,,,,7319,,,,,,,,,,,0.14527693390846252,,,,,,,,,,,,
2,,,,7339,,,,,,,,,,,0.4275585114955902,,,,,,,,,,,,
2,,,,7359,,,,,,,,,,,0.1874329000711441,,,,,,,,,,,,
2,,,,7379,,,,,,,,,,,0.1580209732055664,,,,,,,,,,,,
2,,,,7399,,,,,,,,,,,0.4165208339691162,,,,,,,,,,,,
2,,,,7419,,,,,,,,,,,0.08804712444543839,,,,,,,,,,,,
2,,,,7439,,,,,,,,,,,0.17192743718624115,,,,,,,,,,,,
2,,,,7459,,,,,,,,,,,0.48250874876976013,,,,,,,,,,,,
2,,,,7479,,,,,,,,,,,0.15383149683475494,,,,,,,,,,,,
2,,,,7499,,,,,,,,,,,0.38316261768341064,,,,,,,,,,,,
2,,,,7519,,,,,,,,,,,0.1902071088552475,,,,,,,,,,,,
2,,,,7539,,,,,,,,,,,0.20085470378398895,,,,,,,,,,,,
2,,,,7559,,,,,,,,,,,0.38037556409835815,,,,,,,,,,,,
2,,,,7579,,,,,,,,,,,0.19732323288917542,,,,,,,,,,,,
2,,,,7599,,,,,,,,,,,0.14736318588256836,,,,,,,,,,,,
2,,,,7619,,,,,,,,,,,0.24407625198364258,,,,,,,,,,,,
2,,,,7639,,,,,,,,,,,0.19464164972305298,,,,,,,,,,,,
2,,,,7659,,,,,,,,,,,0.081930011510849,,,,,,,,,,,,
2,,,,7679,,,,,,,,,,,0.1206102967262268,,,,,,,,,,,,
2,,,,7699,,,,,,,,,,,0.48041263222694397,,,,,,,,,,,,
2,,,,7719,,,,,,,,,,,0.1645517647266388,,,,,,,,,,,,
2,,,,7739,,,,,,,,,,,0.3018406629562378,,,,,,,,,,,,
2,,,,7759,,,,,,,,,,,0.1503145396709442,,,,,,,,,,,,
2,,,,7779,,,,,,,,,,,0.07245375216007233,,,,,,,,,,,,
2,,,,7799,,,,,,,,,,,0.19374461472034454,,,,,,,,,,,,
2,,,,7819,,,,,,,,,,,0.06926122307777405,,,,,,,,,,,,
2,,,,7839,,,,,,,,,,,0.06935600936412811,,,,,,,,,,,,
2,,,,7859,,,,,,,,,,,0.1733224093914032,,,,,,,,,,,,
2,,,,7879,,,,,,,,,,,0.13421431183815002,,,,,,,,,,,,
2,,,,7899,,,,,,,,,,,0.11961612850427628,,,,,,,,,,,,
2,,,,7919,,,,,,,,,,,0.10026323795318604,,,,,,,,,,,,
2,,,,7939,,,,,,,,,,,0.17941614985466003,,,,,,,,,,,,
2,,,,7959,,,,,,,,,,,0.1338880956172943,,,,,,,,,,,,
2,,,,7979,,,,,,,,,,,0.15147344768047333,,,,,,,,,,,,
2,,,,7999,,,,,,,,,,,0.11522528529167175,,,,,,,,,,,,
2,,,,8019,,,,,,,,,,,0.07076740264892578,,,,,,,,,,,,
2,,,,8039,,,,,,,,,,,0.15105536580085754,,,,,,,,,,,,
2,,,,8059,,,,,,,,,,,0.24978940188884735,,,,,,,,,,,,
2,,,,8079,,,,,,,,,,,0.20457744598388672,,,,,,,,,,,,
2,,,,8099,,,,,,,,,,,0.12667948007583618,,,,,,,,,,,,
2,,,,8119,,,,,,,,,,,0.13545970618724823,,,,,,,,,,,,
2,,,,8139,,,,,,,,,,,0.21018558740615845,,,,,,,,,,,,
2,,,,8159,,,,,,,,,,,0.1547306329011917,,,,,,,,,,,,
2,,,,8179,,,,,,,,,,,0.10251080989837646,,,,,,,,,,,,
2,,,,8199,,,,,,,,,,,0.15170662105083466,,,,,,,,,,,,
2,,,,8219,,,,,,,,,,,0.16882038116455078,,,,,,,,,,,,
2,,,,8239,,,,,,,,,,,0.07736867666244507,,,,,,,,,,,,
2,,,,8259,,,,,,,,,,,0.12714046239852905,,,,,,,,,,,,
2,,,,8279,,,,,,,,,,,0.14501029253005981,,,,,,,,,,,,
2,,,,8299,,,,,,,,,,,0.43700703978538513,,,,,,,,,,,,
2,,,,8319,,,,,,,,,,,0.40089502930641174,,,,,,,,,,,,
2,,,,8339,,,,,,,,,,,0.08625459671020508,,,,,,,,,,,,
2,,,,8359,,,,,,,,,,,0.09023552387952805,,,,,,,,,,,,
2,,,,8379,,,,,,,,,,,0.14888887107372284,,,,,,,,,,,,
2,,,,8399,,,,,,,,,,,0.0908130630850792,,,,,,,,,,,,
2,,,,8419,,,,,,,,,,,0.2568153440952301,,,,,,,,,,,,
2,,,,8439,,,,,,,,,,,0.24645237624645233,,,,,,,,,,,,
2,,,,8459,,,,,,,,,,,0.40548092126846313,,,,,,,,,,,,
2,,,,8479,,,,,,,,,,,0.4017564058303833,,,,,,,,,,,,
2,,,,8499,,,,,,,,,,,0.14328309893608093,,,,,,,,,,,,
2,,,,8519,,,,,,,,,,,0.255415678024292,,,,,,,,,,,,
2,,,,8539,,,,,,,,,,,0.2589838206768036,,,,,,,,,,,,
2,,,,8559,,,,,,,,,,,0.07279578596353531,,,,,,,,,,,,
2,,,,8579,,,,,,,,,,,0.24526242911815643,,,,,,,,,,,,
2,,,,8599,,,,,,,,,,,0.3966594338417053,,,,,,,,,,,,
2,,,,8619,,,,,,,,,,,0.06019943207502365,,,,,,,,,,,,
2,,,,8639,,,,,,,,,,,0.25058722496032715,,,,,,,,,,,,
2,,,,8659,,,,,,,,,,,0.19049936532974243,,,,,,,,,,,,
2,,,,8679,,,,,,,,,,,0.07499729096889496,,,,,,,,,,,,
2,,,,8699,,,,,,,,,,,0.14711210131645203,,,,,,,,,,,,
2,,,,8719,,,,,,,,,,,0.10796183347702026,,,,,,,,,,,,
2,,,,8739,,,,,,,,,,,0.08838917315006256,,,,,,,,,,,,
2,,,,8759,,,,,,,,,,,0.16392455995082855,,,,,,,,,,,,
2,,,,8779,,,,,,,,,,,0.08832165598869324,,,,,,,,,,,,
2,,,,8799,,,,,,,,,,,0.06115793436765671,,,,,,,,,,,,
2,,,,8819,,,,,,,,,,,0.185098797082901,,,,,,,,,,,,
2,,,,8839,,,,,,,,,,,0.3759750425815582,,,,,,,,,,,,
2,,,,8859,,,,,,,,,,,0.21882319450378418,,,,,,,,,,,,
2,,,,8879,,,,,,,,,,,0.09388516843318939,,,,,,,,,,,,
2,,,,8899,,,,,,,,,,,0.16053059697151184,,,,,,,,,,,,
2,,,,8919,,,,,,,,,,,0.09740492701530457,,,,,,,,,,,,
2,,,,8939,,,,,,,,,,,0.18310469388961792,,,,,,,,,,,,
2,,,,8959,,,,,,,,,,,0.07557469606399536,,,,,,,,,,,,
2,,,,8979,,,,,,,,,,,0.32577282190322876,,,,,,,,,,,,
2,,,,8999,,,,,,,,,,,0.1959056705236435,,,,,,,,,,,,
2,,,,9019,,,,,,,,,,,0.1466294825077057,,,,,,,,,,,,
2,,,,9039,,,,,,,,,,,0.3123914897441864,,,,,,,,,,,,
2,,,,9059,,,,,,,,,,,0.34385547041893005,,,,,,,,,,,,
2,,,,9079,,,,,,,,,,,0.28364625573158264,,,,,,,,,,,,
2,,,,9099,,,,,,,,,,,0.064078189432621,,,,,,,,,,,,
2,,,,9119,,,,,,,,,,,0.2306576371192932,,,,,,,,,,,,
2,,,,9139,,,,,,,,,,,0.1883625090122223,,,,,,,,,,,,
2,,,,9159,,,,,,,,,,,0.264952152967453,,,,,,,,,,,,
2,,,,9179,,,,,,,,,,,0.12539412081241608,,,,,,,,,,,,
2,,,,9199,,,,,,,,,,,0.29406774044036865,,,,,,,,,,,,
2,,,,9219,,,,,,,,,,,0.09919524937868118,,,,,,,,,,,,
2,,,,9239,,,,,,,,,,,0.06932998448610306,,,,,,,,,,,,
2,,,,9259,,,,,,,,,,,0.10144773870706558,,,,,,,,,,,,
2,,,,9279,,,,,,,,,,,0.12307804822921753,,,,,,,,,,,,
2,,,,9299,,,,,,,,,,,0.19803349673748016,,,,,,,,,,,,
2,,,,9319,,,,,,,,,,,0.12828662991523743,,,,,,,,,,,,
2,,,,9339,,,,,,,,,,,0.18515542149543762,,,,,,,,,,,,
2,,,,9359,,,,,,,,,,,0.09627744555473328,,,,,,,,,,,,
2,,,,9379,,,,,,,,,,,0.17965276539325714,,,,,,,,,,,,
2,,,,9399,,,,,,,,,,,0.1120680570602417,,,,,,,,,,,,
2,,,,9419,,,,,,,,,,,0.125430628657341,,,,,,,,,,,,
2,,,,9439,,,,,,,,,,,0.13454276323318481,,,,,,,,,,,,
2,,,,9459,,,,,,,,,,,0.10520817339420319,,,,,,,,,,,,
2,,,,9479,,,,,,,,,,,0.49475717544555664,,,,,,,,,,,,
2,,,,9499,,,,,,,,,,,0.09104158729314804,,,,,,,,,,,,
2,,,,9519,,,,,,,,,,,0.14728912711143494,,,,,,,,,,,,
2,,,,9539,,,,,,,,,,,0.1040530651807785,,,,,,,,,,,,
2,,,,9559,,,,,,,,,,,0.0881703719496727,,,,,,,,,,,,
2,,,,9579,,,,,,,,,,,0.1293209344148636,,,,,,,,,,,,
2,,,,9599,,,,,,,,,,,0.07507531344890594,,,,,,,,,,,,
2,,,,9619,,,,,,,,,,,0.1288703978061676,,,,,,,,,,,,
2,,,,9639,,,,,,,,,,,0.08186044543981552,,,,,,,,,,,,
2,,,,9659,,,,,,,,,,,0.07266832888126373,,,,,,,,,,,,
2,,,,9679,,,,,,,,,,,0.08094730228185654,,,,,,,,,,,,
2,,,,9699,,,,,,,,,,,0.09653699398040771,,,,,,,,,,,,
2,,,,9719,,,,,,,,,,,0.24051985144615173,,,,,,,,,,,,
2,,,,9739,,,,,,,,,,,0.1475025713443756,,,,,,,,,,,,
2,,,,9759,,,,,,,,,,,0.2548868656158447,,,,,,,,,,,,
2,,,,9779,,,,,,,,,,,0.0862550139427185,,,,,,,,,,,,
2,,,,9799,,,,,,,,,,,0.10391639173030853,,,,,,,,,,,,
2,,,,9819,,,,,,,,,,,0.144734188914299,,,,,,,,,,,,
2,,,,9839,,,,,,,,,,,0.07558703422546387,,,,,,,,,,,,
2,,,,9859,,,,,,,,,,,0.18987321853637695,,,,,,,,,,,,
2,,,,9879,,,,,,,,,,,0.08446285128593445,,,,,,,,,,,,
2,,,,9899,,,,,,,,,,,0.12607544660568237,,,,,,,,,,,,
2,,,,9919,,,,,,,,,,,0.08902457356452942,,,,,,,,,,,,
2,,,,9939,,,,,,,,,,,0.43906790018081665,,,,,,,,,,,,
2,,,,9959,,,,,,,,,,,0.17204537987709045,,,,,,,,,,,,
2,,,,9979,,,,,,,,,,,0.1505664438009262,,,,,,,,,,,,
2,,,,9999,,,,,,,,,,,0.13284525275230408,,,,,,,,,,,,
2,,,,10019,,,,,,,,,,,0.33466750383377075,,,,,,,,,,,,
2,,,,10039,,,,,,,,,,,0.21912866830825806,,,,,,,,,,,,
2,,,,10059,,,,,,,,,,,0.0661870539188385,,,,,,,,,,,,
2,,,,10079,,,,,,,,,,,0.2304643839597702,,,,,,,,,,,,
2,,,,10099,,,,,,,,,,,0.08326546847820282,,,,,,,,,,,,
2,,,,10119,,,,,,,,,,,0.03640647977590561,,,,,,,,,,,,
2,,,,10139,,,,,,,,,,,0.13138651847839355,,,,,,,,,,,,
2,,,,10159,,,,,,,,,,,0.25326791405677795,,,,,,,,,,,,
2,,,,10179,,,,,,,,,,,0.1944260150194168,,,,,,,,,,,,
2,,,,10199,,,,,,,,,,,0.20501217246055603,,,,,,,,,,,,
2,,,,10219,,,,,,,,,,,0.12436261773109436,,,,,,,,,,,,
2,,,,10239,,,,,,,,,,,0.1021527349948883,,,,,,,,,,,,
2,,,,10259,,,,,,,,,,,0.17945992946624756,,,,,,,,,,,,
2,,,,10279,,,,,,,,,,,0.07041826844215393,,,,,,,,,,,,
2,,,,10299,,,,,,,,,,,0.24655629694461823,,,,,,,,,,,,
2,,,,10319,,,,,,,,,,,0.375945508480072,,,,,,,,,,,,
2,,,,10339,,,,,,,,,,,0.15760207176208496,,,,,,,,,,,,
2,,,,10359,,,,,,,,,,,0.22236128151416779,,,,,,,,,,,,
2,,,,10379,,,,,,,,,,,0.27370303869247437,,,,,,,,,,,,
2,,,,10399,,,,,,,,,,,0.10923118144273758,,,,,,,,,,,,
2,,,,10419,,,,,,,,,,,0.15679043531417847,,,,,,,,,,,,
2,,,,10439,,,,,,,,,,,0.2564697265625,,,,,,,,,,,,
2,,,,10445,,,,,,,,,,,,0.6222391128540039,0.854427695274353,0.6132445931434631,0.8912677764892578,0.6314765214920044,0.4931029677391052,0.6240542531013489,0.6665143370628357,0.528937578201294,0.8262783288955688,0.5041760206222534,0.6222391128540039
2,,,,10445,,,,,,,,,0.8742392659187317,0.1674971580505371,,,,,,,,,,,,,
,0.00023999999999999998,0.00023999999999999998,2.4e-05,10446,,,,,,,,,,,,,,,,,,,,,,,
3,,,,10459,,,,,,,,,,,0.12597346305847168,,,,,,,,,,,,
3,,,,10479,,,,,,,,,,,0.058520566672086716,,,,,,,,,,,,
3,,,,10499,,,,,,,,,,,0.07386460900306702,,,,,,,,,,,,
3,,,,10519,,,,,,,,,,,0.0632961094379425,,,,,,,,,,,,
3,,,,10539,,,,,,,,,,,0.3901241421699524,,,,,,,,,,,,
3,,,,10559,,,,,,,,,,,0.2064557671546936,,,,,,,,,,,,
3,,,,10579,,,,,,,,,,,0.3064403235912323,,,,,,,,,,,,
3,,,,10599,,,,,,,,,,,0.20411062240600586,,,,,,,,,,,,
3,,,,10619,,,,,,,,,,,0.06263566017150879,,,,,,,,,,,,
3,,,,10639,,,,,,,,,,,0.10201679170131683,,,,,,,,,,,,
3,,,,10659,,,,,,,,,,,0.1290309727191925,,,,,,,,,,,,
3,,,,10679,,,,,,,,,,,0.3434223532676697,,,,,,,,,,,,
3,,,,10699,,,,,,,,,,,0.12941902875900269,,,,,,,,,,,,
3,,,,10719,,,,,,,,,,,0.15572333335876465,,,,,,,,,,,,
3,,,,10739,,,,,,,,,,,0.11726874113082886,,,,,,,,,,,,
3,,,,10759,,,,,,,,,,,0.16072428226470947,,,,,,,,,,,,
3,,,,10779,,,,,,,,,,,0.1569247543811798,,,,,,,,,,,,
3,,,,10799,,,,,,,,,,,0.07083354890346527,,,,,,,,,,,,
3,,,,10819,,,,,,,,,,,0.13027134537696838,,,,,,,,,,,,
3,,,,10839,,,,,,,,,,,0.24898765981197357,,,,,,,,,,,,
3,,,,10859,,,,,,,,,,,0.1072663962841034,,,,,,,,,,,,
3,,,,10879,,,,,,,,,,,0.0631323903799057,,,,,,,,,,,,
3,,,,10899,,,,,,,,,,,0.08876478672027588,,,,,,,,,,,,
3,,,,10919,,,,,,,,,,,0.10192215442657471,,,,,,,,,,,,
3,,,,10939,,,,,,,,,,,0.04839412868022919,,,,,,,,,,,,
3,,,,10959,,,,,,,,,,,0.0786132663488388,,,,,,,,,,,,
3,,,,10979,,,,,,,,,,,0.07736816257238388,,,,,,,,,,,,
3,,,,10999,,,,,,,,,,,0.11924834549427032,,,,,,,,,,,,
3,,,,11019,,,,,,,,,,,0.058422718197107315,,,,,,,,,,,,
3,,,,11039,,,,,,,,,,,0.10224922001361847,,,,,,,,,,,,
3,,,,11059,,,,,,,,,,,0.22924743592739105,,,,,,,,,,,,
3,,,,11079,,,,,,,,,,,0.07540667057037354,,,,,,,,,,,,
3,,,,11099,,,,,,,,,,,0.0690096914768219,,,,,,,,,,,,
3,,,,11119,,,,,,,,,,,0.1977926790714264,,,,,,,,,,,,
3,,,,11139,,,,,,,,,,,0.08408620953559875,,,,,,,,,,,,
3,,,,11159,,,,,,,,,,,0.10880489647388458,,,,,,,,,,,,
3,,,,11179,,,,,,,,,,,0.600713312625885,,,,,,,,,,,,
3,,,,11199,,,,,,,,,,,0.27583083510398865,,,,,,,,,,,,
3,,,,11219,,,,,,,,,,,0.23481102287769318,,,,,,,,,,,,
3,,,,11239,,,,,,,,,,,0.05652486905455589,,,,,,,,,,,,
3,,,,11259,,,,,,,,,,,0.12121544778347015,,,,,,,,,,,,
3,,,,11279,,,,,,,,,,,0.11418429762125015,,,,,,,,,,,,
3,,,,11299,,,,,,,,,,,0.32484328746795654,,,,,,,,,,,,
3,,,,11319,,,,,,,,,,,0.380057692527771,,,,,,,,,,,,
3,,,,11339,,,,,,,,,,,0.10982523113489151,,,,,,,,,,,,
3,,,,11359,,,,,,,,,,,0.3366633653640747,,,,,,,,,,,,
3,,,,11379,,,,,,,,,,,0.16609081625938416,,,,,,,,,,,,
3,,,,11399,,,,,,,,,,,0.25137996673583984,,,,,,,,,,,,
3,,,,11419,,,,,,,,,,,0.15904194116592407,,,,,,,,,,,,
3,,,,11439,,,,,,,,,,,0.3251379728317261,,,,,,,,,,,,
3,,,,11459,,,,,,,,,,,0.14634305238723755,,,,,,,,,,,,
3,,,,11479,,,,,,,,,,,0.3781459629535675,,,,,,,,,,,,
3,,,,11499,,,,,,,,,,,0.2904423773288727,,,,,,,,,,,,
3,,,,11519,,,,,,,,,,,0.06373611092567444,,,,,,,,,,,,
3,,,,11539,,,,,,,,,,,0.050570547580718994,,,,,,,,,,,,
3,,,,11559,,,,,,,,,,,0.18785078823566437,,,,,,,,,,,,
3,,,,11579,,,,,,,,,,,0.15572750568389893,,,,,,,,,,,,
3,,,,11599,,,,,,,,,,,0.12142200767993927,,,,,,,,,,,,
3,,,,11619,,,,,,,,,,,0.10294303297996521,,,,,,,,,,,,
3,,,,11639,,,,,,,,,,,0.08496780693531036,,,,,,,,,,,,
3,,,,11659,,,,,,,,,,,0.05486993491649628,,,,,,,,,,,,
3,,,,11679,,,,,,,,,,,0.1147865578532219,,,,,,,,,,,,
3,,,,11699,,,,,,,,,,,0.08448280394077301,,,,,,,,,,,,
3,,,,11719,,,,,,,,,,,0.13477487862110138,,,,,,,,,,,,
3,,,,11739,,,,,,,,,,,0.1064242422580719,,,,,,,,,,,,
3,,,,11759,,,,,,,,,,,0.17880034446716309,,,,,,,,,,,,
3,,,,11779,,,,,,,,,,,0.1174192726612091,,,,,,,,,,,,
3,,,,11799,,,,,,,,,,,0.08171048760414124,,,,,,,,,,,,
3,,,,11819,,,,,,,,,,,0.1026240885257721,,,,,,,,,,,,
3,,,,11839,,,,,,,,,,,0.20770001411437988,,,,,,,,,,,,
3,,,,11859,,,,,,,,,,,0.09206964820623398,,,,,,,,,,,,
3,,,,11879,,,,,,,,,,,0.1458595246076584,,,,,,,,,,,,
3,,,,11899,,,,,,,,,,,0.05439034849405289,,,,,,,,,,,,
3,,,,11919,,,,,,,,,,,0.04280809685587883,,,,,,,,,,,,
3,,,,11939,,,,,,,,,,,0.09353351593017578,,,,,,,,,,,,
3,,,,11959,,,,,,,,,,,0.08581922948360443,,,,,,,,,,,,
3,,,,11979,,,,,,,,,,,0.0664394199848175,,,,,,,,,,,,
3,,,,11999,,,,,,,,,,,0.18609687685966492,,,,,,,,,,,,
3,,,,12019,,,,,,,,,,,0.12488424777984619,,,,,,,,,,,,
3,,,,12039,,,,,,,,,,,0.09550616145133972,,,,,,,,,,,,
3,,,,12059,,,,,,,,,,,0.06263983994722366,,,,,,,,,,,,
3,,,,12079,,,,,,,,,,,0.2286810278892517,,,,,,,,,,,,
3,,,,12099,,,,,,,,,,,0.17518311738967896,,,,,,,,,,,,
3,,,,12119,,,,,,,,,,,0.14100021123886108,,,,,,,,,,,,
3,,,,12139,,,,,,,,,,,0.12442924827337265,,,,,,,,,,,,
3,,,,12159,,,,,,,,,,,0.1286282241344452,,,,,,,,,,,,
3,,,,12179,,,,,,,,,,,0.03806731849908829,,,,,,,,,,,,
3,,,,12199,,,,,,,,,,,0.10279643535614014,,,,,,,,,,,,
3,,,,12219,,,,,,,,,,,0.09692711383104324,,,,,,,,,,,,
3,,,,12239,,,,,,,,,,,0.16265499591827393,,,,,,,,,,,,
3,,,,12259,,,,,,,,,,,0.15310214459896088,,,,,,,,,,,,
3,,,,12279,,,,,,,,,,,0.04322272539138794,,,,,,,,,,,,
3,,,,12299,,,,,,,,,,,0.09193241596221924,,,,,,,,,,,,
3,,,,12319,,,,,,,,,,,0.05393154174089432,,,,,,,,,,,,
3,,,,12339,,,,,,,,,,,0.27007728815078735,,,,,,,,,,,,
3,,,,12359,,,,,,,,,,,0.21444737911224365,,,,,,,,,,,,
3,,,,12379,,,,,,,,,,,0.11074015498161316,,,,,,,,,,,,
3,,,,12399,,,,,,,,,,,0.09795385599136353,,,,,,,,,,,,
3,,,,12419,,,,,,,,,,,0.0864298939704895,,,,,,,,,,,,
3,,,,12439,,,,,,,,,,,0.11376991122961044,,,,,,,,,,,,
3,,,,12459,,,,,,,,,,,0.14215132594108582,,,,,,,,,,,,
3,,,,12479,,,,,,,,,,,0.12867185473442078,,,,,,,,,,,,
3,,,,12499,,,,,,,,,,,0.09767849743366241,,,,,,,,,,,,
3,,,,12519,,,,,,,,,,,0.14852836728096008,,,,,,,,,,,,
3,,,,12539,,,,,,,,,,,0.5883017182350159,,,,,,,,,,,,
3,,,,12559,,,,,,,,,,,0.10135555267333984,,,,,,,,,,,,
3,,,,12579,,,,,,,,,,,0.11849113553762436,,,,,,,,,,,,
3,,,,12599,,,,,,,,,,,0.2577196955680847,,,,,,,,,,,,
3,,,,12619,,,,,,,,,,,0.11176963150501251,,,,,,,,,,,,
3,,,,12639,,,,,,,,,,,0.15149320662021637,,,,,,,,,,,,
3,,,,12659,,,,,,,,,,,0.06124737113714218,,,,,,,,,,,,
3,,,,12679,,,,,,,,,,,0.043064892292022705,,,,,,,,,,,,
3,,,,12699,,,,,,,,,,,0.2541240155696869,,,,,,,,,,,,
3,,,,12719,,,,,,,,,,,0.1140708327293396,,,,,,,,,,,,
3,,,,12739,,,,,,,,,,,0.12562790513038635,,,,,,,,,,,,
3,,,,12759,,,,,,,,,,,0.11751286685466766,,,,,,,,,,,,
3,,,,12779,,,,,,,,,,,0.13653284311294556,,,,,,,,,,,,
3,,,,12799,,,,,,,,,,,0.13181564211845398,,,,,,,,,,,,
3,,,,12819,,,,,,,,,,,0.20242935419082642,,,,,,,,,,,,
3,,,,12839,,,,,,,,,,,0.4537580907344818,,,,,,,,,,,,
3,,,,12859,,,,,,,,,,,0.09228287637233734,,,,,,,,,,,,
3,,,,12879,,,,,,,,,,,0.12483837455511093,,,,,,,,,,,,
3,,,,12899,,,,,,,,,,,0.1015627309679985,,,,,,,,,,,,
3,,,,12919,,,,,,,,,,,0.08564841002225876,,,,,,,,,,,,
3,,,,12939,,,,,,,,,,,0.0608288049697876,,,,,,,,,,,,
3,,,,12959,,,,,,,,,,,0.06601589918136597,,,,,,,,,,,,
3,,,,12979,,,,,,,,,,,0.18247944116592407,,,,,,,,,,,,
3,,,,12999,,,,,,,,,,,0.1402491331100464,,,,,,,,,,,,
3,,,,13019,,,,,,,,,,,0.07530631870031357,,,,,,,,,,,,
3,,,,13039,,,,,,,,,,,0.06578019261360168,,,,,,,,,,,,
3,,,,13059,,,,,,,,,,,0.0501411110162735,,,,,,,,,,,,
3,,,,13079,,,,,,,,,,,0.09650541841983795,,,,,,,,,,,,
3,,,,13099,,,,,,,,,,,0.07820932567119598,,,,,,,,,,,,
3,,,,13119,,,,,,,,,,,0.05119403824210167,,,,,,,,,,,,
3,,,,13139,,,,,,,,,,,0.06270933151245117,,,,,,,,,,,,
3,,,,13159,,,,,,,,,,,0.2096807211637497,,,,,,,,,,,,
3,,,,13179,,,,,,,,,,,0.11535270512104034,,,,,,,,,,,,
3,,,,13199,,,,,,,,,,,0.08502994477748871,,,,,,,,,,,,
3,,,,13219,,,,,,,,,,,0.06739073991775513,,,,,,,,,,,,
3,,,,13239,,,,,,,,,,,0.05462811142206192,,,,,,,,,,,,
3,,,,13259,,,,,,,,,,,0.05997376888990402,,,,,,,,,,,,
3,,,,13279,,,,,,,,,,,0.19345688819885254,,,,,,,,,,,,
3,,,,13299,,,,,,,,,,,0.06700281798839569,,,,,,,,,,,,
3,,,,13319,,,,,,,,,,,0.07020026445388794,,,,,,,,,,,,
3,,,,13339,,,,,,,,,,,0.05088972672820091,,,,,,,,,,,,
3,,,,13359,,,,,,,,,,,0.1349678784608841,,,,,,,,,,,,
3,,,,13379,,,,,,,,,,,0.07712018489837646,,,,,,,,,,,,
3,,,,13399,,,,,,,,,,,0.16244783997535706,,,,,,,,,,,,
3,,,,13419,,,,,,,,,,,0.049491096287965775,,,,,,,,,,,,
3,,,,13439,,,,,,,,,,,0.1318272054195404,,,,,,,,,,,,
3,,,,13459,,,,,,,,,,,0.07940343022346497,,,,,,,,,,,,
3,,,,13479,,,,,,,,,,,0.06311672925949097,,,,,,,,,,,,
3,,,,13499,,,,,,,,,,,0.2824218273162842,,,,,,,,,,,,
3,,,,13519,,,,,,,,,,,0.20562082529067993,,,,,,,,,,,,
3,,,,13539,,,,,,,,,,,0.054274387657642365,,,,,,,,,,,,
3,,,,13559,,,,,,,,,,,0.07335271686315536,,,,,,,,,,,,
3,,,,13579,,,,,,,,,,,0.06013647839426994,,,,,,,,,,,,
3,,,,13599,,,,,,,,,,,0.04597374424338341,,,,,,,,,,,,
3,,,,13619,,,,,,,,,,,0.05745864659547806,,,,,,,,,,,,
3,,,,13639,,,,,,,,,,,0.12059436738491058,,,,,,,,,,,,
3,,,,13659,,,,,,,,,,,0.04885248467326164,,,,,,,,,,,,
3,,,,13679,,,,,,,,,,,0.12219148874282837,,,,,,,,,,,,
3,,,,13699,,,,,,,,,,,0.19344063103199005,,,,,,,,,,,,
3,,,,13719,,,,,,,,,,,0.1754647046327591,,,,,,,,,,,,
3,,,,13739,,,,,,,,,,,0.2851564288139343,,,,,,,,,,,,
3,,,,13759,,,,,,,,,,,0.12503570318222046,,,,,,,,,,,,
3,,,,13779,,,,,,,,,,,0.09912111610174179,,,,,,,,,,,,
3,,,,13799,,,,,,,,,,,0.1448887586593628,,,,,,,,,,,,
3,,,,13819,,,,,,,,,,,0.10431884974241257,,,,,,,,,,,,
3,,,,13839,,,,,,,,,,,0.1307932436466217,,,,,,,,,,,,
3,,,,13859,,,,,,,,,,,0.12494967877864838,,,,,,,,,,,,
3,,,,13879,,,,,,,,,,,0.13322031497955322,,,,,,,,,,,,
3,,,,13899,,,,,,,,,,,0.2793007493019104,,,,,,,,,,,,
3,,,,13919,,,,,,,,,,,0.23269549012184143,,,,,,,,,,,,
3,,,,13927,,,,,,,,,,,,0.606320858001709,0.8416208028793335,0.5983989238739014,0.9554945826530457,0.6026464104652405,0.4849131405353546,0.6224385499954224,0.5835000872612,0.606179416179657,0.7852721214294434,0.4356340169906616,0.606320858001709
3,,,,13927,,,,,,,,,0.8938754200935364,0.14273127913475037,,,,,,,,,,,,,
,0.0003,0.0003,2.9999999999999997e-05,13928,,,,,,,,,,,,,,,,,,,,,,,
4,,,,13939,,,,,,,,,,,0.14464518427848816,,,,,,,,,,,,
4,,,,13959,,,,,,,,,,,0.13251814246177673,,,,,,,,,,,,
4,,,,13979,,,,,,,,,,,0.1426345705986023,,,,,,,,,,,,
4,,,,13999,,,,,,,,,,,0.1299753487110138,,,,,,,,,,,,
4,,,,14019,,,,,,,,,,,0.0796445906162262,,,,,,,,,,,,
4,,,,14039,,,,,,,,,,,0.0997573658823967,,,,,,,,,,,,
4,,,,14059,,,,,,,,,,,0.07175922393798828,,,,,,,,,,,,
4,,,,14079,,,,,,,,,,,0.043783653527498245,,,,,,,,,,,,
4,,,,14099,,,,,,,,,,,0.20056132972240448,,,,,,,,,,,,
4,,,,14119,,,,,,,,,,,0.6386626362800598,,,,,,,,,,,,
4,,,,14139,,,,,,,,,,,0.27666836977005005,,,,,,,,,,,,
4,,,,14159,,,,,,,,,,,0.059508636593818665,,,,,,,,,,,,
4,,,,14179,,,,,,,,,,,0.06506293267011642,,,,,,,,,,,,
4,,,,14199,,,,,,,,,,,0.09592095017433167,,,,,,,,,,,,
4,,,,14219,,,,,,,,,,,0.11786117404699326,,,,,,,,,,,,
4,,,,14239,,,,,,,,,,,0.09464745223522186,,,,,,,,,,,,
4,,,,14259,,,,,,,,,,,0.15157648921012878,,,,,,,,,,,,
4,,,,14279,,,,,,,,,,,0.1519542783498764,,,,,,,,,,,,
4,,,,14299,,,,,,,,,,,0.12312591075897217,,,,,,,,,,,,
4,,,,14319,,,,,,,,,,,0.13554561138153076,,,,,,,,,,,,
4,,,,14339,,,,,,,,,,,0.08378808200359344,,,,,,,,,,,,
4,,,,14359,,,,,,,,,,,0.1648409515619278,,,,,,,,,,,,
4,,,,14379,,,,,,,,,,,0.04494507238268852,,,,,,,,,,,,
4,,,,14399,,,,,,,,,,,0.07416413724422455,,,,,,,,,,,,
4,,,,14419,,,,,,,,,,,0.10800786316394806,,,,,,,,,,,,
4,,,,14439,,,,,,,,,,,0.07748275250196457,,,,,,,,,,,,
4,,,,14459,,,,,,,,,,,0.062138982117176056,,,,,,,,,,,,
4,,,,14479,,,,,,,,,,,0.4925539493560791,,,,,,,,,,,,
4,,,,14499,,,,,,,,,,,0.07913718372583389,,,,,,,,,,,,
4,,,,14519,,,,,,,,,,,0.05938180536031723,,,,,,,,,,,,
4,,,,14539,,,,,,,,,,,0.10920443385839462,,,,,,,,,,,,
4,,,,14559,,,,,,,,,,,0.05923313647508621,,,,,,,,,,,,
4,,,,14579,,,,,,,,,,,0.07616399973630905,,,,,,,,,,,,
4,,,,14599,,,,,,,,,,,0.10138678550720215,,,,,,,,,,,,
4,,,,14619,,,,,,,,,,,0.05758421868085861,,,,,,,,,,,,
4,,,,14639,,,,,,,,,,,0.0323612317442894,,,,,,,,,,,,
4,,,,14659,,,,,,,,,,,0.13186822831630707,,,,,,,,,,,,
4,,,,14679,,,,,,,,,,,0.09629769623279572,,,,,,,,,,,,
4,,,,14699,,,,,,,,,,,0.162972092628479,,,,,,,,,,,,
4,,,,14719,,,,,,,,,,,0.07721641659736633,,,,,,,,,,,,
4,,,,14739,,,,,,,,,,,0.16085481643676758,,,,,,,,,,,,
4,,,,14759,,,,,,,,,,,0.3148484528064728,,,,,,,,,,,,
4,,,,14779,,,,,,,,,,,0.07517170161008835,,,,,,,,,,,,
4,,,,14799,,,,,,,,,,,0.07005711644887924,,,,,,,,,,,,
4,,,,14819,,,,,,,,,,,0.057574138045310974,,,,,,,,,,,,
4,,,,14839,,,,,,,,,,,0.03659602627158165,,,,,,,,,,,,
4,,,,14859,,,,,,,,,,,0.2961764931678772,,,,,,,,,,,,
4,,,,14879,,,,,,,,,,,0.09573280811309814,,,,,,,,,,,,
4,,,,14899,,,,,,,,,,,0.34822171926498413,,,,,,,,,,,,
4,,,,14919,,,,,,,,,,,0.1033853068947792,,,,,,,,,,,,
4,,,,14939,,,,,,,,,,,0.04502670839428902,,,,,,,,,,,,
4,,,,14959,,,,,,,,,,,0.0604020357131958,,,,,,,,,,,,
4,,,,14979,,,,,,,,,,,0.15666213631629944,,,,,,,,,,,,
4,,,,14999,,,,,,,,,,,0.3993054926395416,,,,,,,,,,,,
4,,,,15019,,,,,,,,,,,0.2334708273410797,,,,,,,,,,,,
4,,,,15039,,,,,,,,,,,0.10660125315189362,,,,,,,,,,,,
4,,,,15059,,,,,,,,,,,0.24623137712478638,,,,,,,,,,,,
4,,,,15079,,,,,,,,,,,0.08980243653059006,,,,,,,,,,,,
4,,,,15099,,,,,,,,,,,0.07622211426496506,,,,,,,,,,,,
4,,,,15119,,,,,,,,,,,0.05706189572811127,,,,,,,,,,,,
4,,,,15139,,,,,,,,,,,0.10861033201217651,,,,,,,,,,,,
4,,,,15159,,,,,,,,,,,0.08607786893844604,,,,,,,,,,,,
4,,,,15179,,,,,,,,,,,0.051267433911561966,,,,,,,,,,,,
4,,,,15199,,,,,,,,,,,0.149213969707489,,,,,,,,,,,,
4,,,,15219,,,,,,,,,,,0.10835154354572296,,,,,,,,,,,,
4,,,,15239,,,,,,,,,,,0.10208481550216675,,,,,,,,,,,,
4,,,,15259,,,,,,,,,,,0.09688442200422287,,,,,,,,,,,,
4,,,,15279,,,,,,,,,,,0.2051215022802353,,,,,,,,,,,,
4,,,,15299,,,,,,,,,,,0.061993684619665146,,,,,,,,,,,,
4,,,,15319,,,,,,,,,,,0.21124020218849182,,,,,,,,,,,,
4,,,,15339,,,,,,,,,,,0.1297760307788849,,,,,,,,,,,,
4,,,,15359,,,,,,,,,,,0.12121667712926865,,,,,,,,,,,,
4,,,,15379,,,,,,,,,,,0.059703998267650604,,,,,,,,,,,,
4,,,,15399,,,,,,,,,,,0.1506001502275467,,,,,,,,,,,,
4,,,,15419,,,,,,,,,,,0.07694418728351593,,,,,,,,,,,,
4,,,,15439,,,,,,,,,,,0.07336834073066711,,,,,,,,,,,,
4,,,,15459,,,,,,,,,,,0.034680627286434174,,,,,,,,,,,,
4,,,,15479,,,,,,,,,,,0.23008325695991516,,,,,,,,,,,,
4,,,,15499,,,,,,,,,,,0.07574573159217834,,,,,,,,,,,,
4,,,,15519,,,,,,,,,,,0.2434944063425064,,,,,,,,,,,,
4,,,,15539,,,,,,,,,,,0.050969198346138,,,,,,,,,,,,
4,,,,15559,,,,,,,,,,,0.21979181468486786,,,,,,,,,,,,
4,,,,15579,,,,,,,,,,,0.0329529345035553,,,,,,,,,,,,
4,,,,15599,,,,,,,,,,,0.06101229041814804,,,,,,,,,,,,
4,,,,15619,,,,,,,,,,,0.061235375702381134,,,,,,,,,,,,
4,,,,15639,,,,,,,,,,,0.17970871925354004,,,,,,,,,,,,
4,,,,15659,,,,,,,,,,,0.07219395786523819,,,,,,,,,,,,
4,,,,15679,,,,,,,,,,,0.06446678191423416,,,,,,,,,,,,
4,,,,15699,,,,,,,,,,,0.09492358565330505,,,,,,,,,,,,
4,,,,15719,,,,,,,,,,,0.12513065338134766,,,,,,,,,,,,
4,,,,15739,,,,,,,,,,,0.07246531546115875,,,,,,,,,,,,
4,,,,15759,,,,,,,,,,,0.27955156564712524,,,,,,,,,,,,
4,,,,15779,,,,,,,,,,,0.04735924303531647,,,,,,,,,,,,
4,,,,15799,,,,,,,,,,,0.05543119087815285,,,,,,,,,,,,
4,,,,15819,,,,,,,,,,,0.038488492369651794,,,,,,,,,,,,
4,,,,15839,,,,,,,,,,,0.18984144926071167,,,,,,,,,,,,
4,,,,15859,,,,,,,,,,,0.21307647228240967,,,,,,,,,,,,
4,,,,15879,,,,,,,,,,,0.03386018052697182,,,,,,,,,,,,
4,,,,15899,,,,,,,,,,,0.270046591758728,,,,,,,,,,,,
4,,,,15919,,,,,,,,,,,0.48070305585861206,,,,,,,,,,,,
4,,,,15939,,,,,,,,,,,0.09448452293872833,,,,,,,,,,,,
4,,,,15959,,,,,,,,,,,0.16016681492328644,,,,,,,,,,,,
4,,,,15979,,,,,,,,,,,0.07544555515050888,,,,,,,,,,,,
4,,,,15999,,,,,,,,,,,0.19633986055850983,,,,,,,,,,,,
4,,,,16019,,,,,,,,,,,0.06547751277685165,,,,,,,,,,,,
4,,,,16039,,,,,,,,,,,0.37740594148635864,,,,,,,,,,,,
4,,,,16059,,,,,,,,,,,0.07328885793685913,,,,,,,,,,,,
4,,,,16079,,,,,,,,,,,0.07886078208684921,,,,,,,,,,,,
4,,,,16099,,,,,,,,,,,0.02652200125157833,,,,,,,,,,,,
4,,,,16119,,,,,,,,,,,0.07416946440935135,,,,,,,,,,,,
4,,,,16139,,,,,,,,,,,0.20989753305912018,,,,,,,,,,,,
4,,,,16159,,,,,,,,,,,0.2521726191043854,,,,,,,,,,,,
4,,,,16179,,,,,,,,,,,0.05995205417275429,,,,,,,,,,,,
4,,,,16199,,,,,,,,,,,0.38814425468444824,,,,,,,,,,,,
4,,,,16219,,,,,,,,,,,0.18230371177196503,,,,,,,,,,,,
4,,,,16239,,,,,,,,,,,0.05032702535390854,,,,,,,,,,,,
4,,,,16259,,,,,,,,,,,0.18924447894096375,,,,,,,,,,,,
4,,,,16279,,,,,,,,,,,0.062204498797655106,,,,,,,,,,,,
4,,,,16299,,,,,,,,,,,0.1308833509683609,,,,,,,,,,,,
4,,,,16319,,,,,,,,,,,0.0924786776304245,,,,,,,,,,,,
4,,,,16339,,,,,,,,,,,0.17575082182884216,,,,,,,,,,,,
4,,,,16359,,,,,,,,,,,0.12243905663490295,,,,,,,,,,,,
4,,,,16379,,,,,,,,,,,0.07021792232990265,,,,,,,,,,,,
4,,,,16399,,,,,,,,,,,0.04980366677045822,,,,,,,,,,,,
4,,,,16419,,,,,,,,,,,0.2503032684326172,,,,,,,,,,,,
4,,,,16439,,,,,,,,,,,0.10542310029268265,,,,,,,,,,,,
4,,,,16459,,,,,,,,,,,0.204885795712471,,,,,,,,,,,,
4,,,,16479,,,,,,,,,,,0.10841414332389832,,,,,,,,,,,,
4,,,,16499,,,,,,,,,,,0.17539536952972412,,,,,,,,,,,,
4,,,,16519,,,,,,,,,,,0.06032319366931915,,,,,,,,,,,,
4,,,,16539,,,,,,,,,,,0.03723221272230148,,,,,,,,,,,,
4,,,,16559,,,,,,,,,,,0.11008037626743317,,,,,,,,,,,,
4,,,,16579,,,,,,,,,,,0.0623055025935173,,,,,,,,,,,,
4,,,,16599,,,,,,,,,,,0.2506416440010071,,,,,,,,,,,,
4,,,,16619,,,,,,,,,,,0.20865051448345184,,,,,,,,,,,,
4,,,,16639,,,,,,,,,,,0.06216712296009064,,,,,,,,,,,,
4,,,,16659,,,,,,,,,,,0.10623933374881744,,,,,,,,,,,,
4,,,,16679,,,,,,,,,,,0.05807853490114212,,,,,,,,,,,,
4,,,,16699,,,,,,,,,,,0.03717774152755737,,,,,,,,,,,,
4,,,,16719,,,,,,,,,,,0.14683414995670319,,,,,,,,,,,,
4,,,,16739,,,,,,,,,,,0.04511011019349098,,,,,,,,,,,,
4,,,,16759,,,,,,,,,,,0.055412113666534424,,,,,,,,,,,,
4,,,,16779,,,,,,,,,,,0.0462651327252388,,,,,,,,,,,,
4,,,,16799,,,,,,,,,,,0.0833125114440918,,,,,,,,,,,,
4,,,,16819,,,,,,,,,,,0.0744096040725708,,,,,,,,,,,,
4,,,,16839,,,,,,,,,,,0.11853349208831787,,,,,,,,,,,,
4,,,,16859,,,,,,,,,,,0.0950949564576149,,,,,,,,,,,,
4,,,,16879,,,,,,,,,,,0.13262738287448883,,,,,,,,,,,,
4,,,,16899,,,,,,,,,,,0.07991773635149002,,,,,,,,,,,,
4,,,,16919,,,,,,,,,,,0.07080607116222382,,,,,,,,,,,,
4,,,,16939,,,,,,,,,,,0.06432987004518509,,,,,,,,,,,,
4,,,,16959,,,,,,,,,,,0.13295099139213562,,,,,,,,,,,,
4,,,,16979,,,,,,,,,,,0.11526773124933243,,,,,,,,,,,,
4,,,,16999,,,,,,,,,,,0.06351499259471893,,,,,,,,,,,,
4,,,,17019,,,,,,,,,,,0.06912156939506531,,,,,,,,,,,,
4,,,,17039,,,,,,,,,,,0.0735597163438797,,,,,,,,,,,,
4,,,,17059,,,,,,,,,,,0.29820215702056885,,,,,,,,,,,,
4,,,,17079,,,,,,,,,,,0.07758685946464539,,,,,,,,,,,,
4,,,,17099,,,,,,,,,,,0.2590128183364868,,,,,,,,,,,,
4,,,,17119,,,,,,,,,,,0.06244605779647827,,,,,,,,,,,,
4,,,,17139,,,,,,,,,,,0.059382710605859756,,,,,,,,,,,,
4,,,,17159,,,,,,,,,,,0.235031396150589,,,,,,,,,,,,
4,,,,17179,,,,,,,,,,,0.10007389634847641,,,,,,,,,,,,
4,,,,17199,,,,,,,,,,,0.28678005933761597,,,,,,,,,,,,
4,,,,17219,,,,,,,,,,,0.38866811990737915,,,,,,,,,,,,
4,,,,17239,,,,,,,,,,,0.06177138537168503,,,,,,,,,,,,
4,,,,17259,,,,,,,,,,,0.10907648503780365,,,,,,,,,,,,
4,,,,17279,,,,,,,,,,,0.31122636795043945,,,,,,,,,,,,
4,,,,17299,,,,,,,,,,,0.09891371428966522,,,,,,,,,,,,
4,,,,17319,,,,,,,,,,,0.10914914309978485,,,,,,,,,,,,
4,,,,17339,,,,,,,,,,,0.04143880307674408,,,,,,,,,,,,
4,,,,17359,,,,,,,,,,,0.08947864174842834,,,,,,,,,,,,
4,,,,17379,,,,,,,,,,,0.10298052430152893,,,,,,,,,,,,
4,,,,17399,,,,,,,,,,,0.2249963879585266,,,,,,,,,,,,
4,,,,17409,,,,,,,,,,,,0.641730546951294,0.8451773524284363,0.6375764608383179,0.9082325100898743,0.6357712745666504,0.5337697863578796,0.6620625853538513,0.613712728023529,0.6680393218994141,0.7663784027099609,0.4949546754360199,0.641730546951294
4,,,,17409,,,,,,,,,0.9057192802429199,0.12864604592323303,,,,,,,,,,,,,
,0.0003,0.0003,2.9999999999999997e-05,17410,,,,,,,,,,,,,,,,,,,,,,,
5,,,,17419,,,,,,,,,,,0.24827447533607483,,,,,,,,,,,,
5,,,,17439,,,,,,,,,,,0.04649348929524422,,,,,,,,,,,,
5,,,,17459,,,,,,,,,,,0.06975975632667542,,,,,,,,,,,,
5,,,,17479,,,,,,,,,,,0.04288768395781517,,,,,,,,,,,,
5,,,,17499,,,,,,,,,,,0.06549733877182007,,,,,,,,,,,,
5,,,,17519,,,,,,,,,,,0.16914348304271698,,,,,,,,,,,,
5,,,,17539,,,,,,,,,,,0.16866491734981537,,,,,,,,,,,,
5,,,,17559,,,,,,,,,,,0.1975795328617096,,,,,,,,,,,,
5,,,,17579,,,,,,,,,,,0.0707840770483017,,,,,,,,,,,,
5,,,,17599,,,,,,,,,,,0.10201366990804672,,,,,,,,,,,,
5,,,,17619,,,,,,,,,,,0.10503718256950378,,,,,,,,,,,,
5,,,,17639,,,,,,,,,,,0.0485176220536232,,,,,,,,,,,,
5,,,,17659,,,,,,,,,,,0.050516098737716675,,,,,,,,,,,,
5,,,,17679,,,,,,,,,,,0.08523749560117722,,,,,,,,,,,,
5,,,,17699,,,,,,,,,,,0.04020717740058899,,,,,,,,,,,,
5,,,,17719,,,,,,,,,,,0.04291122034192085,,,,,,,,,,,,
5,,,,17739,,,,,,,,,,,0.1398857682943344,,,,,,,,,,,,
5,,,,17759,,,,,,,,,,,0.038459356874227524,,,,,,,,,,,,
5,,,,17779,,,,,,,,,,,0.21398432552814484,,,,,,,,,,,,
5,,,,17799,,,,,,,,,,,0.07387515157461166,,,,,,,,,,,,
5,,,,17819,,,,,,,,,,,0.0483812615275383,,,,,,,,,,,,
5,,,,17839,,,,,,,,,,,0.07676996290683746,,,,,,,,,,,,
5,,,,17859,,,,,,,,,,,0.177793949842453,,,,,,,,,,,,
5,,,,17879,,,,,,,,,,,0.07622764259576797,,,,,,,,,,,,
5,,,,17899,,,,,,,,,,,0.1910228133201599,,,,,,,,,,,,
5,,,,17919,,,,,,,,,,,0.07549804449081421,,,,,,,,,,,,
5,,,,17939,,,,,,,,,,,0.208354651927948,,,,,,,,,,,,
5,,,,17959,,,,,,,,,,,0.1522534191608429,,,,,,,,,,,,
5,,,,17979,,,,,,,,,,,0.06996756792068481,,,,,,,,,,,,
5,,,,17999,,,,,,,,,,,0.1293509155511856,,,,,,,,,,,,
5,,,,18019,,,,,,,,,,,0.04885952174663544,,,,,,,,,,,,
5,,,,18039,,,,,,,,,,,0.10782204568386078,,,,,,,,,,,,
5,,,,18059,,,,,,,,,,,0.10742886364459991,,,,,,,,,,,,
5,,,,18079,,,,,,,,,,,0.10287145525217056,,,,,,,,,,,,
5,,,,18099,,,,,,,,,,,0.03638317435979843,,,,,,,,,,,,
5,,,,18119,,,,,,,,,,,0.30777254700660706,,,,,,,,,,,,
5,,,,18139,,,,,,,,,,,0.034506700932979584,,,,,,,,,,,,
5,,,,18159,,,,,,,,,,,0.05058992654085159,,,,,,,,,,,,
5,,,,18179,,,,,,,,,,,0.05706547200679779,,,,,,,,,,,,
5,,,,18199,,,,,,,,,,,0.043870627880096436,,,,,,,,,,,,
5,,,,18219,,,,,,,,,,,0.049942854791879654,,,,,,,,,,,,
5,,,,18239,,,,,,,,,,,0.11195425689220428,,,,,,,,,,,,
5,,,,18259,,,,,,,,,,,0.09616425633430481,,,,,,,,,,,,
5,,,,18279,,,,,,,,,,,0.24225521087646484,,,,,,,,,,,,
5,,,,18299,,,,,,,,,,,0.0466931015253067,,,,,,,,,,,,
5,,,,18319,,,,,,,,,,,0.06150759384036064,,,,,,,,,,,,
5,,,,18339,,,,,,,,,,,0.20607295632362366,,,,,,,,,,,,
5,,,,18359,,,,,,,,,,,0.06132034957408905,,,,,,,,,,,,
5,,,,18379,,,,,,,,,,,0.4318860173225403,,,,,,,,,,,,
5,,,,18399,,,,,,,,,,,0.26705172657966614,,,,,,,,,,,,
5,,,,18419,,,,,,,,,,,0.12379450350999832,,,,,,,,,,,,
5,,,,18439,,,,,,,,,,,0.07078814506530762,,,,,,,,,,,,
5,,,,18459,,,,,,,,,,,0.05953536927700043,,,,,,,,,,,,
5,,,,18479,,,,,,,,,,,0.05949869006872177,,,,,,,,,,,,
5,,,,18499,,,,,,,,,,,0.08069856464862823,,,,,,,,,,,,
5,,,,18519,,,,,,,,,,,0.058898039162158966,,,,,,,,,,,,
5,,,,18539,,,,,,,,,,,0.25572365522384644,,,,,,,,,,,,
5,,,,18559,,,,,,,,,,,0.0310404933989048,,,,,,,,,,,,
5,,,,18579,,,,,,,,,,,0.35876521468162537,,,,,,,,,,,,
5,,,,18599,,,,,,,,,,,0.19084009528160095,,,,,,,,,,,,
5,,,,18619,,,,,,,,,,,0.17734035849571228,,,,,,,,,,,,
5,,,,18639,,,,,,,,,,,0.10596670210361481,,,,,,,,,,,,
5,,,,18659,,,,,,,,,,,0.07209371030330658,,,,,,,,,,,,
5,,,,18679,,,,,,,,,,,0.07237367331981659,,,,,,,,,,,,
5,,,,18699,,,,,,,,,,,0.21738463640213013,,,,,,,,,,,,
5,,,,18719,,,,,,,,,,,0.20835869014263153,,,,,,,,,,,,
5,,,,18739,,,,,,,,,,,0.05516977980732918,,,,,,,,,,,,
5,,,,18759,,,,,,,,,,,0.03960425406694412,,,,,,,,,,,,
5,,,,18779,,,,,,,,,,,0.044857487082481384,,,,,,,,,,,,
5,,,,18799,,,,,,,,,,,0.04962290823459625,,,,,,,,,,,,
5,,,,18819,,,,,,,,,,,0.04192784056067467,,,,,,,,,,,,
5,,,,18839,,,,,,,,,,,0.1496787667274475,,,,,,,,,,,,
5,,,,18859,,,,,,,,,,,0.09946925938129425,,,,,,,,,,,,
5,,,,18879,,,,,,,,,,,0.13788515329360962,,,,,,,,,,,,
5,,,,18899,,,,,,,,,,,0.13350024819374084,,,,,,,,,,,,
5,,,,18919,,,,,,,,,,,0.20891107618808746,,,,,,,,,,,,
5,,,,18939,,,,,,,,,,,0.18945133686065674,,,,,,,,,,,,
5,,,,18959,,,,,,,,,,,0.1387726068496704,,,,,,,,,,,,
5,,,,18979,,,,,,,,,,,0.06508265435695648,,,,,,,,,,,,
5,,,,18999,,,,,,,,,,,0.07915867120027542,,,,,,,,,,,,
5,,,,19019,,,,,,,,,,,0.07306386530399323,,,,,,,,,,,,
5,,,,19039,,,,,,,,,,,0.235139861702919,,,,,,,,,,,,
5,,,,19059,,,,,,,,,,,0.06387608498334885,,,,,,,,,,,,
5,,,,19079,,,,,,,,,,,0.06627105176448822,,,,,,,,,,,,
5,,,,19099,,,,,,,,,,,0.16244256496429443,,,,,,,,,,,,
5,,,,19119,,,,,,,,,,,0.15622137486934662,,,,,,,,,,,,
5,,,,19139,,,,,,,,,,,0.14132030308246613,,,,,,,,,,,,
5,,,,19159,,,,,,,,,,,0.10659962892532349,,,,,,,,,,,,
5,,,,19179,,,,,,,,,,,0.07392680644989014,,,,,,,,,,,,
5,,,,19199,,,,,,,,,,,0.042362846434116364,,,,,,,,,,,,
5,,,,19219,,,,,,,,,,,0.06651265919208527,,,,,,,,,,,,
5,,,,19239,,,,,,,,,,,0.12986671924591064,,,,,,,,,,,,
5,,,,19259,,,,,,,,,,,0.1096959337592125,,,,,,,,,,,,
5,,,,19279,,,,,,,,,,,0.041112326085567474,,,,,,,,,,,,
5,,,,19299,,,,,,,,,,,0.21634791791439056,,,,,,,,,,,,
5,,,,19319,,,,,,,,,,,0.04214038699865341,,,,,,,,,,,,
5,,,,19339,,,,,,,,,,,0.05093903839588165,,,,,,,,,,,,
5,,,,19359,,,,,,,,,,,0.05763433501124382,,,,,,,,,,,,
5,,,,19379,,,,,,,,,,,0.2550100088119507,,,,,,,,,,,,
5,,,,19399,,,,,,,,,,,0.10796055197715759,,,,,,,,,,,,
5,,,,19419,,,,,,,,,,,0.19909818470478058,,,,,,,,,,,,
5,,,,19439,,,,,,,,,,,0.05114922672510147,,,,,,,,,,,,
5,,,,19459,,,,,,,,,,,0.06294555962085724,,,,,,,,,,,,
5,,,,19479,,,,,,,,,,,0.06818370521068573,,,,,,,,,,,,
5,,,,19499,,,,,,,,,,,0.16672664880752563,,,,,,,,,,,,
5,,,,19519,,,,,,,,,,,0.03195029869675636,,,,,,,,,,,,
5,,,,19539,,,,,,,,,,,0.09170641005039215,,,,,,,,,,,,
5,,,,19559,,,,,,,,,,,0.29230332374572754,,,,,,,,,,,,
5,,,,19579,,,,,,,,,,,0.19662344455718994,,,,,,,,,,,,
5,,,,19599,,,,,,,,,,,0.2180255502462387,,,,,,,,,,,,
5,,,,19619,,,,,,,,,,,0.08598493039608002,,,,,,,,,,,,
5,,,,19639,,,,,,,,,,,0.08821369707584381,,,,,,,,,,,,
5,,,,19659,,,,,,,,,,,0.057854555547237396,,,,,,,,,,,,
5,,,,19679,,,,,,,,,,,0.36378079652786255,,,,,,,,,,,,
5,,,,19699,,,,,,,,,,,0.28749895095825195,,,,,,,,,,,,
5,,,,19719,,,,,,,,,,,0.16749797761440277,,,,,,,,,,,,
5,,,,19739,,,,,,,,,,,0.05471634864807129,,,,,,,,,,,,
5,,,,19759,,,,,,,,,,,0.036150284111499786,,,,,,,,,,,,
5,,,,19779,,,,,,,,,,,0.056341901421546936,,,,,,,,,,,,
5,,,,19799,,,,,,,,,,,0.05241335183382034,,,,,,,,,,,,
5,,,,19819,,,,,,,,,,,0.22574672102928162,,,,,,,,,,,,
5,,,,19839,,,,,,,,,,,0.050315871834754944,,,,,,,,,,,,
5,,,,19859,,,,,,,,,,,0.2275509089231491,,,,,,,,,,,,
5,,,,19879,,,,,,,,,,,0.05088980495929718,,,,,,,,,,,,
5,,,,19899,,,,,,,,,,,0.0562887117266655,,,,,,,,,,,,
5,,,,19919,,,,,,,,,,,0.05292390286922455,,,,,,,,,,,,
5,,,,19939,,,,,,,,,,,0.12069562822580338,,,,,,,,,,,,
5,,,,19959,,,,,,,,,,,0.07923915237188339,,,,,,,,,,,,
5,,,,19979,,,,,,,,,,,0.202185720205307,,,,,,,,,,,,
5,,,,19999,,,,,,,,,,,0.02629668638110161,,,,,,,,,,,,
5,,,,20019,,,,,,,,,,,0.034326426684856415,,,,,,,,,,,,
5,,,,20039,,,,,,,,,,,0.05059485509991646,,,,,,,,,,,,
5,,,,20059,,,,,,,,,,,0.06783193349838257,,,,,,,,,,,,
5,,,,20079,,,,,,,,,,,0.14883123338222504,,,,,,,,,,,,
5,,,,20099,,,,,,,,,,,0.3098214864730835,,,,,,,,,,,,
5,,,,20119,,,,,,,,,,,0.08735109120607376,,,,,,,,,,,,
5,,,,20139,,,,,,,,,,,0.05855071544647217,,,,,,,,,,,,
5,,,,20159,,,,,,,,,,,0.07126960158348083,,,,,,,,,,,,
5,,,,20179,,,,,,,,,,,0.024444706737995148,,,,,,,,,,,,
5,,,,20199,,,,,,,,,,,0.09903854876756668,,,,,,,,,,,,
5,,,,20219,,,,,,,,,,,0.13344354927539825,,,,,,,,,,,,
5,,,,20239,,,,,,,,,,,0.06650415062904358,,,,,,,,,,,,
5,,,,20259,,,,,,,,,,,0.04053139686584473,,,,,,,,,,,,
5,,,,20279,,,,,,,,,,,0.0965270921587944,,,,,,,,,,,,
5,,,,20299,,,,,,,,,,,0.20218485593795776,,,,,,,,,,,,
5,,,,20319,,,,,,,,,,,0.03230724856257439,,,,,,,,,,,,
5,,,,20339,,,,,,,,,,,0.04233010113239288,,,,,,,,,,,,
5,,,,20359,,,,,,,,,,,0.09232667088508606,,,,,,,,,,,,
5,,,,20379,,,,,,,,,,,0.2627764344215393,,,,,,,,,,,,
5,,,,20399,,,,,,,,,,,0.0712868720293045,,,,,,,,,,,,
5,,,,20419,,,,,,,,,,,0.20344999432563782,,,,,,,,,,,,
5,,,,20439,,,,,,,,,,,0.18778885900974274,,,,,,,,,,,,
5,,,,20459,,,,,,,,,,,0.13769617676734924,,,,,,,,,,,,
5,,,,20479,,,,,,,,,,,0.03801596909761429,,,,,,,,,,,,
5,,,,20499,,,,,,,,,,,0.10897690057754517,,,,,,,,,,,,
5,,,,20519,,,,,,,,,,,0.0761958658695221,,,,,,,,,,,,
5,,,,20539,,,,,,,,,,,0.08267110586166382,,,,,,,,,,,,
5,,,,20559,,,,,,,,,,,0.04700152203440666,,,,,,,,,,,,
5,,,,20579,,,,,,,,,,,0.07933174073696136,,,,,,,,,,,,
5,,,,20599,,,,,,,,,,,0.03332348167896271,,,,,,,,,,,,
5,,,,20619,,,,,,,,,,,0.2258647382259369,,,,,,,,,,,,
5,,,,20639,,,,,,,,,,,0.1376579999923706,,,,,,,,,,,,
5,,,,20659,,,,,,,,,,,0.12390878796577454,,,,,,,,,,,,
5,,,,20679,,,,,,,,,,,0.05316592752933502,,,,,,,,,,,,
5,,,,20699,,,,,,,,,,,0.06851034611463547,,,,,,,,,,,,
5,,,,20719,,,,,,,,,,,0.22158800065517426,,,,,,,,,,,,
5,,,,20739,,,,,,,,,,,0.043449196964502335,,,,,,,,,,,,
5,,,,20759,,,,,,,,,,,0.07422490417957306,,,,,,,,,,,,
5,,,,20779,,,,,,,,,,,0.07421059906482697,,,,,,,,,,,,
5,,,,20799,,,,,,,,,,,0.0725899189710617,,,,,,,,,,,,
5,,,,20819,,,,,,,,,,,0.0903533399105072,,,,,,,,,,,,
5,,,,20839,,,,,,,,,,,0.029182903468608856,,,,,,,,,,,,
5,,,,20859,,,,,,,,,,,0.0825909674167633,,,,,,,,,,,,
5,,,,20879,,,,,,,,,,,0.15255522727966309,,,,,,,,,,,,
5,,,,20891,,,,,,,,,,,,0.6511086821556091,0.8604500889778137,0.6369044780731201,0.8910576105117798,0.6363095641136169,0.5302311182022095,0.6541417241096497,0.5912978053092957,0.672519326210022,0.804498016834259,0.4769230782985687,0.6511086821556091
5,,,,20891,,,,,,,,,0.9211527109146118,0.11021745204925537,,,,,,,,,,,,,
,0.0002988172051971717,0.0002988172051971717,2.9881720519717167e-05,20892,,,,,,,,,,,,,,,,,,,,,,,
6,,,,20899,,,,,,,,,,,0.34220433235168457,,,,,,,,,,,,
6,,,,20919,,,,,,,,,,,0.1456473171710968,,,,,,,,,,,,
6,,,,20939,,,,,,,,,,,0.09135949611663818,,,,,,,,,,,,
6,,,,20959,,,,,,,,,,,0.1620299518108368,,,,,,,,,,,,
6,,,,20979,,,,,,,,,,,0.09718124568462372,,,,,,,,,,,,
6,,,,20999,,,,,,,,,,,0.05100036412477493,,,,,,,,,,,,
6,,,,21019,,,,,,,,,,,0.2157759964466095,,,,,,,,,,,,
6,,,,21039,,,,,,,,,,,0.28323113918304443,,,,,,,,,,,,
6,,,,21059,,,,,,,,,,,0.08191688358783722,,,,,,,,,,,,
6,,,,21079,,,,,,,,,,,0.13302716612815857,,,,,,,,,,,,
6,,,,21099,,,,,,,,,,,0.16773605346679688,,,,,,,,,,,,
6,,,,21119,,,,,,,,,,,0.07121660560369492,,,,,,,,,,,,
6,,,,21139,,,,,,,,,,,0.04917316138744354,,,,,,,,,,,,
6,,,,21159,,,,,,,,,,,0.19590246677398682,,,,,,,,,,,,
6,,,,21179,,,,,,,,,,,0.03287699073553085,,,,,,,,,,,,
6,,,,21199,,,,,,,,,,,0.07368308305740356,,,,,,,,,,,,
6,,,,21219,,,,,,,,,,,0.03674814850091934,,,,,,,,,,,,
6,,,,21239,,,,,,,,,,,0.06099378317594528,,,,,,,,,,,,
6,,,,21259,,,,,,,,,,,0.13038994371891022,,,,,,,,,,,,
6,,,,21279,,,,,,,,,,,0.0663897693157196,,,,,,,,,,,,
6,,,,21299,,,,,,,,,,,0.037519197911024094,,,,,,,,,,,,
6,,,,21319,,,,,,,,,,,0.05856838449835777,,,,,,,,,,,,
6,,,,21339,,,,,,,,,,,0.21432960033416748,,,,,,,,,,,,
6,,,,21359,,,,,,,,,,,0.10145894438028336,,,,,,,,,,,,
6,,,,21379,,,,,,,,,,,0.098698690533638,,,,,,,,,,,,
6,,,,21399,,,,,,,,,,,0.08911498636007309,,,,,,,,,,,,
6,,,,21419,,,,,,,,,,,0.07154299318790436,,,,,,,,,,,,
6,,,,21439,,,,,,,,,,,0.06263817846775055,,,,,,,,,,,,
6,,,,21459,,,,,,,,,,,0.1486353576183319,,,,,,,,,,,,
6,,,,21479,,,,,,,,,,,0.041244447231292725,,,,,,,,,,,,
6,,,,21499,,,,,,,,,,,0.04779839515686035,,,,,,,,,,,,
6,,,,21519,,,,,,,,,,,0.08282086253166199,,,,,,,,,,,,
6,,,,21539,,,,,,,,,,,0.3263418674468994,,,,,,,,,,,,
6,,,,21559,,,,,,,,,,,0.1060432717204094,,,,,,,,,,,,
6,,,,21579,,,,,,,,,,,0.07998646795749664,,,,,,,,,,,,
6,,,,21599,,,,,,,,,,,0.074541836977005,,,,,,,,,,,,
6,,,,21619,,,,,,,,,,,0.060834504663944244,,,,,,,,,,,,
6,,,,21639,,,,,,,,,,,0.06590951979160309,,,,,,,,,,,,
6,,,,21659,,,,,,,,,,,0.06037771329283714,,,,,,,,,,,,
6,,,,21679,,,,,,,,,,,0.0808442234992981,,,,,,,,,,,,
6,,,,21699,,,,,,,,,,,0.05923798680305481,,,,,,,,,,,,
6,,,,21719,,,,,,,,,,,0.05703558772802353,,,,,,,,,,,,
6,,,,21739,,,,,,,,,,,0.05770834907889366,,,,,,,,,,,,
6,,,,21759,,,,,,,,,,,0.056864865124225616,,,,,,,,,,,,
6,,,,21779,,,,,,,,,,,0.10676027834415436,,,,,,,,,,,,
6,,,,21799,,,,,,,,,,,0.04227783530950546,,,,,,,,,,,,
6,,,,21819,,,,,,,,,,,0.044291261583566666,,,,,,,,,,,,
6,,,,21839,,,,,,,,,,,0.02592443861067295,,,,,,,,,,,,
6,,,,21859,,,,,,,,,,,0.14731982350349426,,,,,,,,,,,,
6,,,,21879,,,,,,,,,,,0.06839195638895035,,,,,,,,,,,,
6,,,,21899,,,,,,,,,,,0.08198805153369904,,,,,,,,,,,,
6,,,,21919,,,,,,,,,,,0.04973219335079193,,,,,,,,,,,,
6,,,,21939,,,,,,,,,,,0.05735546350479126,,,,,,,,,,,,
6,,,,21959,,,,,,,,,,,0.12329158186912537,,,,,,,,,,,,
6,,,,21979,,,,,,,,,,,0.0637274757027626,,,,,,,,,,,,
6,,,,21999,,,,,,,,,,,0.1891082525253296,,,,,,,,,,,,
6,,,,22019,,,,,,,,,,,0.030881479382514954,,,,,,,,,,,,
6,,,,22039,,,,,,,,,,,0.07947315275669098,,,,,,,,,,,,
6,,,,22059,,,,,,,,,,,0.12843795120716095,,,,,,,,,,,,
6,,,,22079,,,,,,,,,,,0.06778346002101898,,,,,,,,,,,,
6,,,,22099,,,,,,,,,,,0.05685897171497345,,,,,,,,,,,,
6,,,,22119,,,,,,,,,,,0.059390075504779816,,,,,,,,,,,,
6,,,,22139,,,,,,,,,,,0.04324842244386673,,,,,,,,,,,,
6,,,,22159,,,,,,,,,,,0.06265395879745483,,,,,,,,,,,,
6,,,,22179,,,,,,,,,,,0.060267671942710876,,,,,,,,,,,,
6,,,,22199,,,,,,,,,,,0.058489155024290085,,,,,,,,,,,,
6,,,,22219,,,,,,,,,,,0.07939417660236359,,,,,,,,,,,,
6,,,,22239,,,,,,,,,,,0.1337190717458725,,,,,,,,,,,,
6,,,,22259,,,,,,,,,,,0.12580212950706482,,,,,,,,,,,,
6,,,,22279,,,,,,,,,,,0.03345722705125809,,,,,,,,,,,,
6,,,,22299,,,,,,,,,,,0.12183471024036407,,,,,,,,,,,,
6,,,,22319,,,,,,,,,,,0.11323977261781693,,,,,,,,,,,,
6,,,,22339,,,,,,,,,,,0.18684186041355133,,,,,,,,,,,,
6,,,,22359,,,,,,,,,,,0.10803987830877304,,,,,,,,,,,,
6,,,,22379,,,,,,,,,,,0.04395740479230881,,,,,,,,,,,,
6,,,,22399,,,,,,,,,,,0.053984157741069794,,,,,,,,,,,,
6,,,,22419,,,,,,,,,,,0.05231834203004837,,,,,,,,,,,,
6,,,,22439,,,,,,,,,,,0.2914489507675171,,,,,,,,,,,,
6,,,,22459,,,,,,,,,,,0.0755305364727974,,,,,,,,,,,,
6,,,,22479,,,,,,,,,,,0.02497275546193123,,,,,,,,,,,,
6,,,,22499,,,,,,,,,,,0.0673656165599823,,,,,,,,,,,,
6,,,,22519,,,,,,,,,,,0.12426295876502991,,,,,,,,,,,,
6,,,,22539,,,,,,,,,,,0.03564252704381943,,,,,,,,,,,,
6,,,,22559,,,,,,,,,,,0.024295616894960403,,,,,,,,,,,,
6,,,,22579,,,,,,,,,,,0.19340305030345917,,,,,,,,,,,,
6,,,,22599,,,,,,,,,,,0.08676956593990326,,,,,,,,,,,,
6,,,,22619,,,,,,,,,,,0.061248503625392914,,,,,,,,,,,,
6,,,,22639,,,,,,,,,,,0.07620275020599365,,,,,,,,,,,,
6,,,,22659,,,,,,,,,,,0.28766360878944397,,,,,,,,,,,,
6,,,,22679,,,,,,,,,,,0.27194899320602417,,,,,,,,,,,,
6,,,,22699,,,,,,,,,,,0.038673240691423416,,,,,,,,,,,,
6,,,,22719,,,,,,,,,,,0.12533675134181976,,,,,,,,,,,,
6,,,,22739,,,,,,,,,,,0.3266531527042389,,,,,,,,,,,,
6,,,,22759,,,,,,,,,,,0.03698938712477684,,,,,,,,,,,,
6,,,,22779,,,,,,,,,,,0.09716793894767761,,,,,,,,,,,,
6,,,,22799,,,,,,,,,,,0.15014684200286865,,,,,,,,,,,,
6,,,,22819,,,,,,,,,,,0.04803919047117233,,,,,,,,,,,,
6,,,,22839,,,,,,,,,,,0.07891948521137238,,,,,,,,,,,,
6,,,,22859,,,,,,,,,,,0.25922590494155884,,,,,,,,,,,,
6,,,,22879,,,,,,,,,,,0.0383467897772789,,,,,,,,,,,,
6,,,,22899,,,,,,,,,,,0.11004465818405151,,,,,,,,,,,,
6,,,,22919,,,,,,,,,,,0.10689441114664078,,,,,,,,,,,,
6,,,,22939,,,,,,,,,,,0.18659387528896332,,,,,,,,,,,,
6,,,,22959,,,,,,,,,,,0.05996987223625183,,,,,,,,,,,,
6,,,,22979,,,,,,,,,,,0.19456225633621216,,,,,,,,,,,,
6,,,,22999,,,,,,,,,,,0.05365834757685661,,,,,,,,,,,,
6,,,,23019,,,,,,,,,,,0.05483894795179367,,,,,,,,,,,,
6,,,,23039,,,,,,,,,,,0.03978032246232033,,,,,,,,,,,,
6,,,,23059,,,,,,,,,,,0.11881138384342194,,,,,,,,,,,,
6,,,,23079,,,,,,,,,,,0.12069319188594818,,,,,,,,,,,,
6,,,,23099,,,,,,,,,,,0.053306207060813904,,,,,,,,,,,,
6,,,,23119,,,,,,,,,,,0.07765686511993408,,,,,,,,,,,,
6,,,,23139,,,,,,,,,,,0.08946332335472107,,,,,,,,,,,,
6,,,,23159,,,,,,,,,,,0.08255261182785034,,,,,,,,,,,,
6,,,,23179,,,,,,,,,,,0.1227102130651474,,,,,,,,,,,,
6,,,,23199,,,,,,,,,,,0.03297732025384903,,,,,,,,,,,,
6,,,,23219,,,,,,,,,,,0.04313420131802559,,,,,,,,,,,,
6,,,,23239,,,,,,,,,,,0.12285520881414413,,,,,,,,,,,,
6,,,,23259,,,,,,,,,,,0.14135679602622986,,,,,,,,,,,,
6,,,,23279,,,,,,,,,,,0.06218193471431732,,,,,,,,,,,,
6,,,,23299,,,,,,,,,,,0.042534589767456055,,,,,,,,,,,,
6,,,,23319,,,,,,,,,,,0.07685192674398422,,,,,,,,,,,,
6,,,,23339,,,,,,,,,,,0.046310074627399445,,,,,,,,,,,,
6,,,,23359,,,,,,,,,,,0.05341891944408417,,,,,,,,,,,,
6,,,,23379,,,,,,,,,,,0.11986029148101807,,,,,,,,,,,,
6,,,,23399,,,,,,,,,,,0.05422643572092056,,,,,,,,,,,,
6,,,,23419,,,,,,,,,,,0.0638958215713501,,,,,,,,,,,,
6,,,,23439,,,,,,,,,,,0.0973624736070633,,,,,,,,,,,,
6,,,,23459,,,,,,,,,,,0.03230386972427368,,,,,,,,,,,,
6,,,,23479,,,,,,,,,,,0.05950409919023514,,,,,,,,,,,,
6,,,,23499,,,,,,,,,,,0.047082386910915375,,,,,,,,,,,,
6,,,,23519,,,,,,,,,,,0.05275864899158478,,,,,,,,,,,,
6,,,,23539,,,,,,,,,,,0.03914620727300644,,,,,,,,,,,,
6,,,,23559,,,,,,,,,,,0.08132730424404144,,,,,,,,,,,,
6,,,,23579,,,,,,,,,,,0.06050601229071617,,,,,,,,,,,,
6,,,,23599,,,,,,,,,,,0.03663470596075058,,,,,,,,,,,,
6,,,,23619,,,,,,,,,,,0.034045398235321045,,,,,,,,,,,,
6,,,,23639,,,,,,,,,,,0.17686429619789124,,,,,,,,,,,,
6,,,,23659,,,,,,,,,,,0.10952728241682053,,,,,,,,,,,,
6,,,,23679,,,,,,,,,,,0.0870521068572998,,,,,,,,,,,,
6,,,,23699,,,,,,,,,,,0.0449165515601635,,,,,,,,,,,,
6,,,,23719,,,,,,,,,,,0.054969362914562225,,,,,,,,,,,,
6,,,,23739,,,,,,,,,,,0.08276286721229553,,,,,,,,,,,,
6,,,,23759,,,,,,,,,,,0.06051969155669212,,,,,,,,,,,,
6,,,,23779,,,,,,,,,,,0.046185366809368134,,,,,,,,,,,,
6,,,,23799,,,,,,,,,,,0.19831913709640503,,,,,,,,,,,,
6,,,,23819,,,,,,,,,,,0.08522726595401764,,,,,,,,,,,,
6,,,,23839,,,,,,,,,,,0.045649200677871704,,,,,,,,,,,,
6,,,,23859,,,,,,,,,,,0.05161430686712265,,,,,,,,,,,,
6,,,,23879,,,,,,,,,,,0.06185424327850342,,,,,,,,,,,,
6,,,,23899,,,,,,,,,,,0.06239374727010727,,,,,,,,,,,,
6,,,,23919,,,,,,,,,,,0.03487781435251236,,,,,,,,,,,,
6,,,,23939,,,,,,,,,,,0.13824686408042908,,,,,,,,,,,,
6,,,,23959,,,,,,,,,,,0.02667844668030739,,,,,,,,,,,,
6,,,,23979,,,,,,,,,,,0.02832883782684803,,,,,,,,,,,,
6,,,,23999,,,,,,,,,,,0.07530446350574493,,,,,,,,,,,,
6,,,,24019,,,,,,,,,,,0.07424703240394592,,,,,,,,,,,,
6,,,,24039,,,,,,,,,,,0.027644287794828415,,,,,,,,,,,,
6,,,,24059,,,,,,,,,,,0.20531924068927765,,,,,,,,,,,,
6,,,,24079,,,,,,,,,,,0.20082391798496246,,,,,,,,,,,,
6,,,,24099,,,,,,,,,,,0.04900985211133957,,,,,,,,,,,,
6,,,,24119,,,,,,,,,,,0.03205668553709984,,,,,,,,,,,,
6,,,,24139,,,,,,,,,,,0.053927697241306305,,,,,,,,,,,,
6,,,,24159,,,,,,,,,,,0.08575104176998138,,,,,,,,,,,,
6,,,,24179,,,,,,,,,,,0.08274036645889282,,,,,,,,,,,,
6,,,,24199,,,,,,,,,,,0.1576618105173111,,,,,,,,,,,,
6,,,,24219,,,,,,,,,,,0.35631564259529114,,,,,,,,,,,,
6,,,,24239,,,,,,,,,,,0.0539601668715477,,,,,,,,,,,,
6,,,,24259,,,,,,,,,,,0.05995253473520279,,,,,,,,,,,,
6,,,,24279,,,,,,,,,,,0.023117441684007645,,,,,,,,,,,,
6,,,,24299,,,,,,,,,,,0.050360240042209625,,,,,,,,,,,,
6,,,,24319,,,,,,,,,,,0.101040780544281,,,,,,,,,,,,
6,,,,24339,,,,,,,,,,,0.08302164077758789,,,,,,,,,,,,
6,,,,24359,,,,,,,,,,,0.033324792981147766,,,,,,,,,,,,
6,,,,24373,,,,,,,,,,,,0.6484881639480591,0.8571581244468689,0.6554874777793884,0.8983873724937439,0.6743723154067993,0.555709719657898,0.678909182548523,0.6603927612304688,0.6258383989334106,0.775922417640686,0.6353356838226318,0.6484881639480591
6,,,,24373,,,,,,,,,0.9289964437484741,0.10051418095827103,,,,,,,,,,,,,
,0.00029528747416929463,0.00029528747416929463,2.9528747416929464e-05,24374,,,,,,,,,,,,,,,,,,,,,,,
7,,,,24379,,,,,,,,,,,0.10704325884580612,,,,,,,,,,,,
7,,,,24399,,,,,,,,,,,0.04225071892142296,,,,,,,,,,,,
7,,,,24419,,,,,,,,,,,0.037123724818229675,,,,,,,,,,,,
7,,,,24439,,,,,,,,,,,0.08478426933288574,,,,,,,,,,,,
7,,,,24459,,,,,,,,,,,0.023143630474805832,,,,,,,,,,,,
7,,,,24479,,,,,,,,,,,0.08573397994041443,,,,,,,,,,,,
7,,,,24499,,,,,,,,,,,0.1459207534790039,,,,,,,,,,,,
7,,,,24519,,,,,,,,,,,0.030544191598892212,,,,,,,,,,,,
7,,,,24539,,,,,,,,,,,0.07462402433156967,,,,,,,,,,,,
7,,,,24559,,,,,,,,,,,0.06159691512584686,,,,,,,,,,,,
7,,,,24579,,,,,,,,,,,0.048842936754226685,,,,,,,,,,,,
7,,,,24599,,,,,,,,,,,0.09697718918323517,,,,,,,,,,,,
7,,,,24619,,,,,,,,,,,0.06410463899374008,,,,,,,,,,,,
7,,,,24639,,,,,,,,,,,0.04834572225809097,,,,,,,,,,,,
7,,,,24659,,,,,,,,,,,0.0436537079513073,,,,,,,,,,,,
7,,,,24679,,,,,,,,,,,0.1064670979976654,,,,,,,,,,,,
7,,,,24699,,,,,,,,,,,0.03515361621975899,,,,,,,,,,,,
7,,,,24719,,,,,,,,,,,0.03299252316355705,,,,,,,,,,,,
7,,,,24739,,,,,,,,,,,0.03429938852787018,,,,,,,,,,,,
7,,,,24759,,,,,,,,,,,0.029057374224066734,,,,,,,,,,,,
7,,,,24779,,,,,,,,,,,0.1261078268289566,,,,,,,,,,,,
7,,,,24799,,,,,,,,,,,0.12730878591537476,,,,,,,,,,,,
7,,,,24819,,,,,,,,,,,0.025768795982003212,,,,,,,,,,,,
7,,,,24839,,,,,,,,,,,0.06286432594060898,,,,,,,,,,,,
7,,,,24859,,,,,,,,,,,0.2034781575202942,,,,,,,,,,,,
7,,,,24879,,,,,,,,,,,0.034345999360084534,,,,,,,,,,,,
7,,,,24899,,,,,,,,,,,0.1045796275138855,,,,,,,,,,,,
7,,,,24919,,,,,,,,,,,0.026160042732954025,,,,,,,,,,,,
7,,,,24939,,,,,,,,,,,0.05224438011646271,,,,,,,,,,,,
7,,,,24959,,,,,,,,,,,0.03088739886879921,,,,,,,,,,,,
7,,,,24979,,,,,,,,,,,0.09593288600444794,,,,,,,,,,,,
7,,,,24999,,,,,,,,,,,0.25935453176498413,,,,,,,,,,,,
7,,,,25019,,,,,,,,,,,0.05034727230668068,,,,,,,,,,,,
7,,,,25039,,,,,,,,,,,0.024105921387672424,,,,,,,,,,,,
7,,,,25059,,,,,,,,,,,0.04419700801372528,,,,,,,,,,,,
7,,,,25079,,,,,,,,,,,0.058825597167015076,,,,,,,,,,,,
7,,,,25099,,,,,,,,,,,0.036583494395017624,,,,,,,,,,,,
7,,,,25119,,,,,,,,,,,0.10251747071743011,,,,,,,,,,,,
7,,,,25139,,,,,,,,,,,0.039989229291677475,,,,,,,,,,,,
7,,,,25159,,,,,,,,,,,0.07117092609405518,,,,,,,,,,,,
7,,,,25179,,,,,,,,,,,0.0650426596403122,,,,,,,,,,,,
7,,,,25199,,,,,,,,,,,0.2449950873851776,,,,,,,,,,,,
7,,,,25219,,,,,,,,,,,0.04113869369029999,,,,,,,,,,,,
7,,,,25239,,,,,,,,,,,0.13346408307552338,,,,,,,,,,,,
7,,,,25259,,,,,,,,,,,0.0493905246257782,,,,,,,,,,,,
7,,,,25279,,,,,,,,,,,0.0995570495724678,,,,,,,,,,,,
7,,,,25299,,,,,,,,,,,0.07286790013313293,,,,,,,,,,,,
7,,,,25319,,,,,,,,,,,0.049279771745204926,,,,,,,,,,,,
7,,,,25339,,,,,,,,,,,0.03976228088140488,,,,,,,,,,,,
7,,,,25359,,,,,,,,,,,0.049720194190740585,,,,,,,,,,,,
7,,,,25379,,,,,,,,,,,0.17766353487968445,,,,,,,,,,,,
7,,,,25399,,,,,,,,,,,0.1531047523021698,,,,,,,,,,,,
7,,,,25419,,,,,,,,,,,0.08272440731525421,,,,,,,,,,,,
7,,,,25439,,,,,,,,,,,0.09201481938362122,,,,,,,,,,,,
7,,,,25459,,,,,,,,,,,0.2452796995639801,,,,,,,,,,,,
7,,,,25479,,,,,,,,,,,0.10178279131650925,,,,,,,,,,,,
7,,,,25499,,,,,,,,,,,0.1532898247241974,,,,,,,,,,,,
7,,,,25519,,,,,,,,,,,0.0950058102607727,,,,,,,,,,,,
7,,,,25539,,,,,,,,,,,0.05447275936603546,,,,,,,,,,,,
7,,,,25559,,,,,,,,,,,0.04963022470474243,,,,,,,,,,,,
7,,,,25579,,,,,,,,,,,0.04964134097099304,,,,,,,,,,,,
7,,,,25599,,,,,,,,,,,0.09758374094963074,,,,,,,,,,,,
7,,,,25619,,,,,,,,,,,0.03759210556745529,,,,,,,,,,,,
7,,,,25639,,,,,,,,,,,0.036518823355436325,,,,,,,,,,,,
7,,,,25659,,,,,,,,,,,0.06888996064662933,,,,,,,,,,,,
7,,,,25679,,,,,,,,,,,0.07734707742929459,,,,,,,,,,,,
7,,,,25699,,,,,,,,,,,0.06808803975582123,,,,,,,,,,,,
7,,,,25719,,,,,,,,,,,0.0428256019949913,,,,,,,,,,,,
7,,,,25739,,,,,,,,,,,0.07718665897846222,,,,,,,,,,,,
7,,,,25759,,,,,,,,,,,0.11491329967975616,,,,,,,,,,,,
7,,,,25779,,,,,,,,,,,0.08031932264566422,,,,,,,,,,,,
7,,,,25799,,,,,,,,,,,0.052962545305490494,,,,,,,,,,,,
7,,,,25819,,,,,,,,,,,0.03817838430404663,,,,,,,,,,,,
7,,,,25839,,,,,,,,,,,0.023296289145946503,,,,,,,,,,,,
7,,,,25859,,,,,,,,,,,0.028271595016121864,,,,,,,,,,,,
7,,,,25879,,,,,,,,,,,0.03274685889482498,,,,,,,,,,,,
7,,,,25899,,,,,,,,,,,0.09853386878967285,,,,,,,,,,,,
7,,,,25919,,,,,,,,,,,0.08786764740943909,,,,,,,,,,,,
7,,,,25939,,,,,,,,,,,0.025376304984092712,,,,,,,,,,,,
7,,,,25959,,,,,,,,,,,0.027931753545999527,,,,,,,,,,,,
7,,,,25979,,,,,,,,,,,0.20753487944602966,,,,,,,,,,,,
7,,,,25999,,,,,,,,,,,0.06833302974700928,,,,,,,,,,,,
7,,,,26019,,,,,,,,,,,0.08602748066186905,,,,,,,,,,,,
7,,,,26039,,,,,,,,,,,0.020618373528122902,,,,,,,,,,,,
7,,,,26059,,,,,,,,,,,0.06859280169010162,,,,,,,,,,,,
7,,,,26079,,,,,,,,,,,0.16611674427986145,,,,,,,,,,,,
7,,,,26099,,,,,,,,,,,0.06323884427547455,,,,,,,,,,,,
7,,,,26119,,,,,,,,,,,0.027441177517175674,,,,,,,,,,,,
7,,,,26139,,,,,,,,,,,0.06978583335876465,,,,,,,,,,,,
7,,,,26159,,,,,,,,,,,0.027834169566631317,,,,,,,,,,,,
7,,,,26179,,,,,,,,,,,0.054380614310503006,,,,,,,,,,,,
7,,,,26199,,,,,,,,,,,0.031090673059225082,,,,,,,,,,,,
7,,,,26219,,,,,,,,,,,0.05227595567703247,,,,,,,,,,,,
7,,,,26239,,,,,,,,,,,0.041650258004665375,,,,,,,,,,,,
7,,,,26259,,,,,,,,,,,0.045769937336444855,,,,,,,,,,,,
7,,,,26279,,,,,,,,,,,0.06923945248126984,,,,,,,,,,,,
7,,,,26299,,,,,,,,,,,0.2016529142856598,,,,,,,,,,,,
7,,,,26319,,,,,,,,,,,0.0512315072119236,,,,,,,,,,,,
7,,,,26339,,,,,,,,,,,0.03926435112953186,,,,,,,,,,,,
7,,,,26359,,,,,,,,,,,0.0687059760093689,,,,,,,,,,,,
7,,,,26379,,,,,,,,,,,0.0536310151219368,,,,,,,,,,,,
7,,,,26399,,,,,,,,,,,0.12186640501022339,,,,,,,,,,,,
7,,,,26419,,,,,,,,,,,0.13579654693603516,,,,,,,,,,,,
7,,,,26439,,,,,,,,,,,0.2241092473268509,,,,,,,,,,,,
7,,,,26459,,,,,,,,,,,0.024690045043826103,,,,,,,,,,,,
7,,,,26479,,,,,,,,,,,0.03199763596057892,,,,,,,,,,,,
7,,,,26499,,,,,,,,,,,0.019378043711185455,,,,,,,,,,,,
7,,,,26519,,,,,,,,,,,0.029082100838422775,,,,,,,,,,,,
7,,,,26539,,,,,,,,,,,0.05430026352405548,,,,,,,,,,,,
7,,,,26559,,,,,,,,,,,0.03953658044338226,,,,,,,,,,,,
7,,,,26579,,,,,,,,,,,0.23823203146457672,,,,,,,,,,,,
7,,,,26599,,,,,,,,,,,0.16678130626678467,,,,,,,,,,,,
7,,,,26619,,,,,,,,,,,0.1716821789741516,,,,,,,,,,,,
7,,,,26639,,,,,,,,,,,0.13701140880584717,,,,,,,,,,,,
7,,,,26659,,,,,,,,,,,0.03165531903505325,,,,,,,,,,,,
7,,,,26679,,,,,,,,,,,0.07421315461397171,,,,,,,,,,,,
7,,,,26699,,,,,,,,,,,0.07176956534385681,,,,,,,,,,,,
7,,,,26719,,,,,,,,,,,0.0435403510928154,,,,,,,,,,,,
7,,,,26739,,,,,,,,,,,0.07604050636291504,,,,,,,,,,,,
7,,,,26759,,,,,,,,,,,0.05718931555747986,,,,,,,,,,,,
7,,,,26779,,,,,,,,,,,0.027129214257001877,,,,,,,,,,,,
7,,,,26799,,,,,,,,,,,0.0346493124961853,,,,,,,,,,,,
7,,,,26819,,,,,,,,,,,0.03725063055753708,,,,,,,,,,,,
7,,,,26839,,,,,,,,,,,0.22016000747680664,,,,,,,,,,,,
7,,,,26859,,,,,,,,,,,0.051088832318782806,,,,,,,,,,,,
7,,,,26879,,,,,,,,,,,0.05996260792016983,,,,,,,,,,,,
7,,,,26899,,,,,,,,,,,0.03349998593330383,,,,,,,,,,,,
7,,,,26919,,,,,,,,,,,0.28452110290527344,,,,,,,,,,,,
7,,,,26939,,,,,,,,,,,0.02551443502306938,,,,,,,,,,,,
7,,,,26959,,,,,,,,,,,0.29065418243408203,,,,,,,,,,,,
7,,,,26979,,,,,,,,,,,0.15430641174316406,,,,,,,,,,,,
7,,,,26999,,,,,,,,,,,0.2803336977958679,,,,,,,,,,,,
7,,,,27019,,,,,,,,,,,0.08863160014152527,,,,,,,,,,,,
7,,,,27039,,,,,,,,,,,0.03009355440735817,,,,,,,,,,,,
7,,,,27059,,,,,,,,,,,0.043648138642311096,,,,,,,,,,,,
7,,,,27079,,,,,,,,,,,0.07363566011190414,,,,,,,,,,,,
7,,,,27099,,,,,,,,,,,0.056868940591812134,,,,,,,,,,,,
7,,,,27119,,,,,,,,,,,0.03110118769109249,,,,,,,,,,,,
7,,,,27139,,,,,,,,,,,0.03449222445487976,,,,,,,,,,,,
7,,,,27159,,,,,,,,,,,0.09249871969223022,,,,,,,,,,,,
7,,,,27179,,,,,,,,,,,0.1196097657084465,,,,,,,,,,,,
7,,,,27199,,,,,,,,,,,0.037975333631038666,,,,,,,,,,,,
7,,,,27219,,,,,,,,,,,0.21494513750076294,,,,,,,,,,,,
7,,,,27239,,,,,,,,,,,0.057125240564346313,,,,,,,,,,,,
7,,,,27259,,,,,,,,,,,0.06270025670528412,,,,,,,,,,,,
7,,,,27279,,,,,,,,,,,0.058613866567611694,,,,,,,,,,,,
7,,,,27299,,,,,,,,,,,0.038544055074453354,,,,,,,,,,,,
7,,,,27319,,,,,,,,,,,0.027027014642953873,,,,,,,,,,,,
7,,,,27339,,,,,,,,,,,0.02047576755285263,,,,,,,,,,,,
7,,,,27359,,,,,,,,,,,0.16766205430030823,,,,,,,,,,,,
7,,,,27379,,,,,,,,,,,0.053367793560028076,,,,,,,,,,,,
7,,,,27399,,,,,,,,,,,0.20561333000659943,,,,,,,,,,,,
7,,,,27419,,,,,,,,,,,0.22142177820205688,,,,,,,,,,,,
7,,,,27439,,,,,,,,,,,0.09064183384180069,,,,,,,,,,,,
7,,,,27459,,,,,,,,,,,0.06185931712388992,,,,,,,,,,,,
7,,,,27479,,,,,,,,,,,0.11237362027168274,,,,,,,,,,,,
7,,,,27499,,,,,,,,,,,0.055202141404151917,,,,,,,,,,,,
7,,,,27519,,,,,,,,,,,0.17384138703346252,,,,,,,,,,,,
7,,,,27539,,,,,,,,,,,0.04735330492258072,,,,,,,,,,,,
7,,,,27559,,,,,,,,,,,0.07703152298927307,,,,,,,,,,,,
7,,,,27579,,,,,,,,,,,0.037069566547870636,,,,,,,,,,,,
7,,,,27599,,,,,,,,,,,0.0386492945253849,,,,,,,,,,,,
7,,,,27619,,,,,,,,,,,0.12496484816074371,,,,,,,,,,,,
7,,,,27639,,,,,,,,,,,0.04149971157312393,,,,,,,,,,,,
7,,,,27659,,,,,,,,,,,0.3685581088066101,,,,,,,,,,,,
7,,,,27679,,,,,,,,,,,0.0675460621714592,,,,,,,,,,,,
7,,,,27699,,,,,,,,,,,0.04624135419726372,,,,,,,,,,,,
7,,,,27719,,,,,,,,,,,0.3417789340019226,,,,,,,,,,,,
7,,,,27739,,,,,,,,,,,0.01447747740894556,,,,,,,,,,,,
7,,,,27759,,,,,,,,,,,0.03533811867237091,,,,,,,,,,,,
7,,,,27779,,,,,,,,,,,0.09071844816207886,,,,,,,,,,,,
7,,,,27799,,,,,,,,,,,0.3394227623939514,,,,,,,,,,,,
7,,,,27819,,,,,,,,,,,0.16341468691825867,,,,,,,,,,,,
7,,,,27839,,,,,,,,,,,0.06269186735153198,,,,,,,,,,,,
7,,,,27855,,,,,,,,,,,,0.6335947513580322,0.8430018424987793,0.6376208066940308,1.0144567489624023,0.657699465751648,0.533955991268158,0.659481406211853,0.694453775882721,0.5625,0.8179210424423218,0.5559231042861938,0.6335947513580322
7,,,,27855,,,,,,,,,0.9365893006324768,0.09107982367277145,,,,,,,,,,,,,
,0.00028946647288323766,0.00028946647288323766,2.8946647288323768e-05,27856,,,,,,,,,,,,,,,,,,,,,,,
8,,,,27859,,,,,,,,,,,0.02169133722782135,,,,,,,,,,,,
8,,,,27879,,,,,,,,,,,0.2010066658258438,,,,,,,,,,,,
8,,,,27899,,,,,,,,,,,0.02657201513648033,,,,,,,,,,,,
8,,,,27919,,,,,,,,,,,0.07794643938541412,,,,,,,,,,,,
8,,,,27939,,,,,,,,,,,0.06386303901672363,,,,,,,,,,,,
8,,,,27959,,,,,,,,,,,0.0710940808057785,,,,,,,,,,,,
8,,,,27979,,,,,,,,,,,0.030010519549250603,,,,,,,,,,,,
8,,,,27999,,,,,,,,,,,0.05932290107011795,,,,,,,,,,,,
8,,,,28019,,,,,,,,,,,0.36357998847961426,,,,,,,,,,,,
8,,,,28039,,,,,,,,,,,0.021733876317739487,,,,,,,,,,,,
8,,,,28059,,,,,,,,,,,0.05719996988773346,,,,,,,,,,,,
8,,,,28079,,,,,,,,,,,0.062217969447374344,,,,,,,,,,,,
8,,,,28099,,,,,,,,,,,0.12710392475128174,,,,,,,,,,,,
8,,,,28119,,,,,,,,,,,0.06334169209003448,,,,,,,,,,,,
8,,,,28139,,,,,,,,,,,0.0504453107714653,,,,,,,,,,,,
8,,,,28159,,,,,,,,,,,0.12144771963357925,,,,,,,,,,,,
8,,,,28179,,,,,,,,,,,0.07106466591358185,,,,,,,,,,,,
8,,,,28199,,,,,,,,,,,0.11161521077156067,,,,,,,,,,,,
8,,,,28219,,,,,,,,,,,0.07965319603681564,,,,,,,,,,,,
8,,,,28239,,,,,,,,,,,0.020506229251623154,,,,,,,,,,,,
8,,,,28259,,,,,,,,,,,0.03414660692214966,,,,,,,,,,,,
8,,,,28279,,,,,,,,,,,0.037932634353637695,,,,,,,,,,,,
8,,,,28299,,,,,,,,,,,0.0372014194726944,,,,,,,,,,,,
8,,,,28319,,,,,,,,,,,0.3007882237434387,,,,,,,,,,,,
8,,,,28339,,,,,,,,,,,0.031407710164785385,,,,,,,,,,,,
8,,,,28359,,,,,,,,,,,0.053409576416015625,,,,,,,,,,,,
8,,,,28379,,,,,,,,,,,0.0827438235282898,,,,,,,,,,,,
8,,,,28399,,,,,,,,,,,0.18932653963565826,,,,,,,,,,,,
8,,,,28419,,,,,,,,,,,0.040528371930122375,,,,,,,,,,,,
8,,,,28439,,,,,,,,,,,0.029017740860581398,,,,,,,,,,,,
8,,,,28459,,,,,,,,,,,0.01963038742542267,,,,,,,,,,,,
8,,,,28479,,,,,,,,,,,0.02765234187245369,,,,,,,,,,,,
8,,,,28499,,,,,,,,,,,0.07972737401723862,,,,,,,,,,,,
8,,,,28519,,,,,,,,,,,0.03751421719789505,,,,,,,,,,,,
8,,,,28539,,,,,,,,,,,0.16447335481643677,,,,,,,,,,,,
8,,,,28559,,,,,,,,,,,0.06350061297416687,,,,,,,,,,,,
8,,,,28579,,,,,,,,,,,0.04726748168468475,,,,,,,,,,,,
8,,,,28599,,,,,,,,,,,0.22024619579315186,,,,,,,,,,,,
8,,,,28619,,,,,,,,,,,0.04544622078537941,,,,,,,,,,,,
8,,,,28639,,,,,,,,,,,0.16192705929279327,,,,,,,,,,,,
8,,,,28659,,,,,,,,,,,0.0432065948843956,,,,,,,,,,,,
8,,,,28679,,,,,,,,,,,0.024916354566812515,,,,,,,,,,,,
8,,,,28699,,,,,,,,,,,0.13012564182281494,,,,,,,,,,,,
8,,,,28719,,,,,,,,,,,0.07628742605447769,,,,,,,,,,,,
8,,,,28739,,,,,,,,,,,0.09502454847097397,,,,,,,,,,,,
8,,,,28759,,,,,,,,,,,0.07642237097024918,,,,,,,,,,,,
8,,,,28779,,,,,,,,,,,0.026982087641954422,,,,,,,,,,,,
8,,,,28799,,,,,,,,,,,0.12826162576675415,,,,,,,,,,,,
8,,,,28819,,,,,,,,,,,0.03506153076887131,,,,,,,,,,,,
8,,,,28839,,,,,,,,,,,0.06302733719348907,,,,,,,,,,,,
8,,,,28859,,,,,,,,,,,0.0993661880493164,,,,,,,,,,,,
8,,,,28879,,,,,,,,,,,0.09808281064033508,,,,,,,,,,,,
8,,,,28899,,,,,,,,,,,0.04378160834312439,,,,,,,,,,,,
8,,,,28919,,,,,,,,,,,0.03017066791653633,,,,,,,,,,,,
8,,,,28939,,,,,,,,,,,0.04606170952320099,,,,,,,,,,,,
8,,,,28959,,,,,,,,,,,0.030517419800162315,,,,,,,,,,,,
8,,,,28979,,,,,,,,,,,0.02776031754910946,,,,,,,,,,,,
8,,,,28999,,,,,,,,,,,0.2744494378566742,,,,,,,,,,,,
8,,,,29019,,,,,,,,,,,0.024024292826652527,,,,,,,,,,,,
8,,,,29039,,,,,,,,,,,0.03707997128367424,,,,,,,,,,,,
8,,,,29059,,,,,,,,,,,0.11011721193790436,,,,,,,,,,,,
8,,,,29079,,,,,,,,,,,0.046551622450351715,,,,,,,,,,,,
8,,,,29099,,,,,,,,,,,0.21596652269363403,,,,,,,,,,,,
8,,,,29119,,,,,,,,,,,0.05690109729766846,,,,,,,,,,,,
8,,,,29139,,,,,,,,,,,0.037982478737831116,,,,,,,,,,,,
8,,,,29159,,,,,,,,,,,0.042651813477277756,,,,,,,,,,,,
8,,,,29179,,,,,,,,,,,0.035127028822898865,,,,,,,,,,,,
8,,,,29199,,,,,,,,,,,0.1296415627002716,,,,,,,,,,,,
8,,,,29219,,,,,,,,,,,0.019327957183122635,,,,,,,,,,,,
8,,,,29239,,,,,,,,,,,0.034072499722242355,,,,,,,,,,,,
8,,,,29259,,,,,,,,,,,0.14250239729881287,,,,,,,,,,,,
8,,,,29279,,,,,,,,,,,0.032532867044210434,,,,,,,,,,,,
8,,,,29299,,,,,,,,,,,0.07014182209968567,,,,,,,,,,,,
8,,,,29319,,,,,,,,,,,0.2658044993877411,,,,,,,,,,,,
8,,,,29339,,,,,,,,,,,0.2480880469083786,,,,,,,,,,,,
8,,,,29359,,,,,,,,,,,0.1355792135000229,,,,,,,,,,,,
8,,,,29379,,,,,,,,,,,0.2032773196697235,,,,,,,,,,,,
8,,,,29399,,,,,,,,,,,0.03516973555088043,,,,,,,,,,,,
8,,,,29419,,,,,,,,,,,0.034992918372154236,,,,,,,,,,,,
8,,,,29439,,,,,,,,,,,0.030233215540647507,,,,,,,,,,,,
8,,,,29459,,,,,,,,,,,0.051627472043037415,,,,,,,,,,,,
8,,,,29479,,,,,,,,,,,0.2300068587064743,,,,,,,,,,,,
8,,,,29499,,,,,,,,,,,0.042150817811489105,,,,,,,,,,,,
8,,,,29519,,,,,,,,,,,0.07219302654266357,,,,,,,,,,,,
8,,,,29539,,,,,,,,,,,0.040629953145980835,,,,,,,,,,,,
8,,,,29559,,,,,,,,,,,0.0318167470395565,,,,,,,,,,,,
8,,,,29579,,,,,,,,,,,0.09600113332271576,,,,,,,,,,,,
8,,,,29599,,,,,,,,,,,0.04220397025346756,,,,,,,,,,,,
8,,,,29619,,,,,,,,,,,0.02654970809817314,,,,,,,,,,,,
8,,,,29639,,,,,,,,,,,0.021103940904140472,,,,,,,,,,,,
8,,,,29659,,,,,,,,,,,0.38765740394592285,,,,,,,,,,,,
8,,,,29679,,,,,,,,,,,0.16807003319263458,,,,,,,,,,,,
8,,,,29699,,,,,,,,,,,0.0369081124663353,,,,,,,,,,,,
8,,,,29719,,,,,,,,,,,0.035196755081415176,,,,,,,,,,,,
8,,,,29739,,,,,,,,,,,0.02369287610054016,,,,,,,,,,,,
8,,,,29759,,,,,,,,,,,0.036018647253513336,,,,,,,,,,,,
8,,,,29779,,,,,,,,,,,0.020980877801775932,,,,,,,,,,,,
8,,,,29799,,,,,,,,,,,0.059471506625413895,,,,,,,,,,,,
8,,,,29819,,,,,,,,,,,0.019462132826447487,,,,,,,,,,,,
8,,,,29839,,,,,,,,,,,0.032762669026851654,,,,,,,,,,,,
8,,,,29859,,,,,,,,,,,0.29419392347335815,,,,,,,,,,,,
8,,,,29879,,,,,,,,,,,0.11344391852617264,,,,,,,,,,,,
8,,,,29899,,,,,,,,,,,0.06372903287410736,,,,,,,,,,,,
8,,,,29919,,,,,,,,,,,0.06862612813711166,,,,,,,,,,,,
8,,,,29939,,,,,,,,,,,0.022746991366147995,,,,,,,,,,,,
8,,,,29959,,,,,,,,,,,0.03885478526353836,,,,,,,,,,,,
8,,,,29979,,,,,,,,,,,0.33901554346084595,,,,,,,,,,,,
8,,,,29999,,,,,,,,,,,0.01799475960433483,,,,,,,,,,,,
8,,,,30019,,,,,,,,,,,0.03550205007195473,,,,,,,,,,,,
8,,,,30039,,,,,,,,,,,0.03736557438969612,,,,,,,,,,,,
8,,,,30059,,,,,,,,,,,0.03782542422413826,,,,,,,,,,,,
8,,,,30079,,,,,,,,,,,0.02142304740846157,,,,,,,,,,,,
8,,,,30099,,,,,,,,,,,0.03441491350531578,,,,,,,,,,,,
8,,,,30119,,,,,,,,,,,0.02941201999783516,,,,,,,,,,,,
8,,,,30139,,,,,,,,,,,0.03836476057767868,,,,,,,,,,,,
8,,,,30159,,,,,,,,,,,0.05494910851120949,,,,,,,,,,,,
8,,,,30179,,,,,,,,,,,0.06601463258266449,,,,,,,,,,,,
8,,,,30199,,,,,,,,,,,0.033330269157886505,,,,,,,,,,,,
8,,,,30219,,,,,,,,,,,0.018785668537020683,,,,,,,,,,,,
8,,,,30239,,,,,,,,,,,0.03761380910873413,,,,,,,,,,,,
8,,,,30259,,,,,,,,,,,0.14528551697731018,,,,,,,,,,,,
8,,,,30279,,,,,,,,,,,0.04763677716255188,,,,,,,,,,,,
8,,,,30299,,,,,,,,,,,0.05085925757884979,,,,,,,,,,,,
8,,,,30319,,,,,,,,,,,0.26302677392959595,,,,,,,,,,,,
8,,,,30339,,,,,,,,,,,0.1462409794330597,,,,,,,,,,,,
8,,,,30359,,,,,,,,,,,0.02698713168501854,,,,,,,,,,,,
8,,,,30379,,,,,,,,,,,0.24021628499031067,,,,,,,,,,,,
8,,,,30399,,,,,,,,,,,0.016562379896640778,,,,,,,,,,,,
8,,,,30419,,,,,,,,,,,0.20615309476852417,,,,,,,,,,,,
8,,,,30439,,,,,,,,,,,0.033334534615278244,,,,,,,,,,,,
8,,,,30459,,,,,,,,,,,0.02619337849318981,,,,,,,,,,,,
8,,,,30479,,,,,,,,,,,0.04253435879945755,,,,,,,,,,,,
8,,,,30499,,,,,,,,,,,0.04783327504992485,,,,,,,,,,,,
8,,,,30519,,,,,,,,,,,0.12129213660955429,,,,,,,,,,,,
8,,,,30539,,,,,,,,,,,0.1588357836008072,,,,,,,,,,,,
8,,,,30559,,,,,,,,,,,0.032079823315143585,,,,,,,,,,,,
8,,,,30579,,,,,,,,,,,0.015137187205255032,,,,,,,,,,,,
8,,,,30599,,,,,,,,,,,0.2001173198223114,,,,,,,,,,,,
8,,,,30619,,,,,,,,,,,0.04833647608757019,,,,,,,,,,,,
8,,,,30639,,,,,,,,,,,0.029362935572862625,,,,,,,,,,,,
8,,,,30659,,,,,,,,,,,0.1376994103193283,,,,,,,,,,,,
8,,,,30679,,,,,,,,,,,0.1246102824807167,,,,,,,,,,,,
8,,,,30699,,,,,,,,,,,0.17876335978507996,,,,,,,,,,,,
8,,,,30719,,,,,,,,,,,0.24554172158241272,,,,,,,,,,,,
8,,,,30739,,,,,,,,,,,0.03389725461602211,,,,,,,,,,,,
8,,,,30759,,,,,,,,,,,0.044108711183071136,,,,,,,,,,,,
8,,,,30779,,,,,,,,,,,0.11068979650735855,,,,,,,,,,,,
8,,,,30799,,,,,,,,,,,0.031474366784095764,,,,,,,,,,,,
8,,,,30819,,,,,,,,,,,0.1044878214597702,,,,,,,,,,,,
8,,,,30839,,,,,,,,,,,0.05689030513167381,,,,,,,,,,,,
8,,,,30859,,,,,,,,,,,0.053313374519348145,,,,,,,,,,,,
8,,,,30879,,,,,,,,,,,0.2418169528245926,,,,,,,,,,,,
8,,,,30899,,,,,,,,,,,0.05966920405626297,,,,,,,,,,,,
8,,,,30919,,,,,,,,,,,0.1614370048046112,,,,,,,,,,,,
8,,,,30939,,,,,,,,,,,0.04056285321712494,,,,,,,,,,,,
8,,,,30959,,,,,,,,,,,0.016886893659830093,,,,,,,,,,,,
8,,,,30979,,,,,,,,,,,0.16145740449428558,,,,,,,,,,,,
8,,,,30999,,,,,,,,,,,0.05820360407233238,,,,,,,,,,,,
8,,,,31019,,,,,,,,,,,0.3249111771583557,,,,,,,,,,,,
8,,,,31039,,,,,,,,,,,0.03317078948020935,,,,,,,,,,,,
8,,,,31059,,,,,,,,,,,0.034593626856803894,,,,,,,,,,,,
8,,,,31079,,,,,,,,,,,0.03735048696398735,,,,,,,,,,,,
8,,,,31099,,,,,,,,,,,0.02648749202489853,,,,,,,,,,,,
8,,,,31119,,,,,,,,,,,0.058084480464458466,,,,,,,,,,,,
8,,,,31139,,,,,,,,,,,0.0482344813644886,,,,,,,,,,,,
8,,,,31159,,,,,,,,,,,0.03409750014543533,,,,,,,,,,,,
8,,,,31179,,,,,,,,,,,0.07731933891773224,,,,,,,,,,,,
8,,,,31199,,,,,,,,,,,0.040498778223991394,,,,,,,,,,,,
8,,,,31219,,,,,,,,,,,0.14821821451187134,,,,,,,,,,,,
8,,,,31239,,,,,,,,,,,0.04449863359332085,,,,,,,,,,,,
8,,,,31259,,,,,,,,,,,0.07976105809211731,,,,,,,,,,,,
8,,,,31279,,,,,,,,,,,0.03012552484869957,,,,,,,,,,,,
8,,,,31299,,,,,,,,,,,0.19490927457809448,,,,,,,,,,,,
8,,,,31319,,,,,,,,,,,0.04442018270492554,,,,,,,,,,,,
8,,,,31337,,,,,,,,,,,,0.6548466682434082,0.8589227199554443,0.6653138995170593,0.9191407561302185,0.6899356842041016,0.5891916751861572,0.7064352035522461,0.6595479846000671,0.6883426904678345,0.7767128348350525,0.6351391077041626,0.6548466682434082
8,,,,31337,,,,,,,,,0.9418707489967346,0.08404495567083359,,,,,,,,,,,,,
,0.0002814460020065795,0.0002814460020065795,2.814460020065795e-05,31338,,,,,,,,,,,,,,,,,,,,,,,
9,,,,31339,,,,,,,,,,,0.0950680822134018,,,,,,,,,,,,
9,,,,31359,,,,,,,,,,,0.018118001520633698,,,,,,,,,,,,
9,,,,31379,,,,,,,,,,,0.023916037753224373,,,,,,,,,,,,
9,,,,31399,,,,,,,,,,,0.033674679696559906,,,,,,,,,,,,
9,,,,31419,,,,,,,,,,,0.09666825085878372,,,,,,,,,,,,
9,,,,31439,,,,,,,,,,,0.08721868693828583,,,,,,,,,,,,
9,,,,31459,,,,,,,,,,,0.07302787154912949,,,,,,,,,,,,
9,,,,31479,,,,,,,,,,,0.028810130432248116,,,,,,,,,,,,
9,,,,31499,,,,,,,,,,,0.1596003621816635,,,,,,,,,,,,
9,,,,31519,,,,,,,,,,,0.041410110890865326,,,,,,,,,,,,
9,,,,31539,,,,,,,,,,,0.0776711255311966,,,,,,,,,,,,
9,,,,31559,,,,,,,,,,,0.020071841776371002,,,,,,,,,,,,
9,,,,31579,,,,,,,,,,,0.1583225131034851,,,,,,,,,,,,
9,,,,31599,,,,,,,,,,,0.03956260159611702,,,,,,,,,,,,
9,,,,31619,,,,,,,,,,,0.05296887457370758,,,,,,,,,,,,
9,,,,31639,,,,,,,,,,,0.01853565126657486,,,,,,,,,,,,
9,,,,31659,,,,,,,,,,,0.03377630561590195,,,,,,,,,,,,
9,,,,31679,,,,,,,,,,,0.23578275740146637,,,,,,,,,,,,
9,,,,31699,,,,,,,,,,,0.2914500832557678,,,,,,,,,,,,
9,,,,31719,,,,,,,,,,,0.0560845211148262,,,,,,,,,,,,
9,,,,31739,,,,,,,,,,,0.03523144870996475,,,,,,,,,,,,
9,,,,31759,,,,,,,,,,,0.04405423253774643,,,,,,,,,,,,
9,,,,31779,,,,,,,,,,,0.08224309235811234,,,,,,,,,,,,
9,,,,31799,,,,,,,,,,,0.05444031208753586,,,,,,,,,,,,
9,,,,31819,,,,,,,,,,,0.09282366931438446,,,,,,,,,,,,
9,,,,31839,,,,,,,,,,,0.21087121963500977,,,,,,,,,,,,
9,,,,31859,,,,,,,,,,,0.03517274931073189,,,,,,,,,,,,
9,,,,31879,,,,,,,,,,,0.030227255076169968,,,,,,,,,,,,
9,,,,31899,,,,,,,,,,,0.026169996708631516,,,,,,,,,,,,
9,,,,31919,,,,,,,,,,,0.020967921242117882,,,,,,,,,,,,
9,,,,31939,,,,,,,,,,,0.28932124376296997,,,,,,,,,,,,
9,,,,31959,,,,,,,,,,,0.040780700743198395,,,,,,,,,,,,
9,,,,31979,,,,,,,,,,,0.2707349359989166,,,,,,,,,,,,
9,,,,31999,,,,,,,,,,,0.13258737325668335,,,,,,,,,,,,
9,,,,32019,,,,,,,,,,,0.08825280517339706,,,,,,,,,,,,
9,,,,32039,,,,,,,,,,,0.016204044222831726,,,,,,,,,,,,
9,,,,32059,,,,,,,,,,,0.071477010846138,,,,,,,,,,,,
9,,,,32079,,,,,,,,,,,0.07729503512382507,,,,,,,,,,,,
9,,,,32099,,,,,,,,,,,0.03671477735042572,,,,,,,,,,,,
9,,,,32119,,,,,,,,,,,0.04676063358783722,,,,,,,,,,,,
9,,,,32139,,,,,,,,,,,0.09811140596866608,,,,,,,,,,,,
9,,,,32159,,,,,,,,,,,0.019650297239422798,,,,,,,,,,,,
9,,,,32179,,,,,,,,,,,0.041142843663692474,,,,,,,,,,,,
9,,,,32199,,,,,,,,,,,0.06202302128076553,,,,,,,,,,,,
9,,,,32219,,,,,,,,,,,0.01689872331917286,,,,,,,,,,,,
9,,,,32239,,,,,,,,,,,0.023600392043590546,,,,,,,,,,,,
9,,,,32259,,,,,,,,,,,0.10256455838680267,,,,,,,,,,,,
9,,,,32279,,,,,,,,,,,0.1312510073184967,,,,,,,,,,,,
9,,,,32299,,,,,,,,,,,0.019041843712329865,,,,,,,,,,,,
9,,,,32319,,,,,,,,,,,0.1698349118232727,,,,,,,,,,,,
9,,,,32339,,,,,,,,,,,0.03689568489789963,,,,,,,,,,,,
9,,,,32359,,,,,,,,,,,0.06017514318227768,,,,,,,,,,,,
9,,,,32379,,,,,,,,,,,0.03550393879413605,,,,,,,,,,,,
9,,,,32399,,,,,,,,,,,0.13539883494377136,,,,,,,,,,,,
9,,,,32419,,,,,,,,,,,0.06577371060848236,,,,,,,,,,,,
9,,,,32439,,,,,,,,,,,0.33002692461013794,,,,,,,,,,,,
9,,,,32459,,,,,,,,,,,0.02995283156633377,,,,,,,,,,,,
9,,,,32479,,,,,,,,,,,0.11476676166057587,,,,,,,,,,,,
9,,,,32499,,,,,,,,,,,0.03158620372414589,,,,,,,,,,,,
9,,,,32519,,,,,,,,,,,0.05449853092432022,,,,,,,,,,,,
9,,,,32539,,,,,,,,,,,0.12762117385864258,,,,,,,,,,,,
9,,,,32559,,,,,,,,,,,0.08062304556369781,,,,,,,,,,,,
9,,,,32579,,,,,,,,,,,0.034132324159145355,,,,,,,,,,,,
9,,,,32599,,,,,,,,,,,0.19502785801887512,,,,,,,,,,,,
9,,,,32619,,,,,,,,,,,0.0691571906208992,,,,,,,,,,,,
9,,,,32639,,,,,,,,,,,0.09434396028518677,,,,,,,,,,,,
9,,,,32659,,,,,,,,,,,0.056434646248817444,,,,,,,,,,,,
9,,,,32679,,,,,,,,,,,0.11429871618747711,,,,,,,,,,,,
9,,,,32699,,,,,,,,,,,0.1299992799758911,,,,,,,,,,,,
9,,,,32719,,,,,,,,,,,0.02708853781223297,,,,,,,,,,,,
9,,,,32739,,,,,,,,,,,0.030713628977537155,,,,,,,,,,,,
9,,,,32759,,,,,,,,,,,0.10312852263450623,,,,,,,,,,,,
9,,,,32779,,,,,,,,,,,0.11962059140205383,,,,,,,,,,,,
9,,,,32799,,,,,,,,,,,0.04678758978843689,,,,,,,,,,,,
9,,,,32819,,,,,,,,,,,0.05536605417728424,,,,,,,,,,,,
9,,,,32839,,,,,,,,,,,0.02907172590494156,,,,,,,,,,,,
9,,,,32859,,,,,,,,,,,0.16116073727607727,,,,,,,,,,,,
9,,,,32879,,,,,,,,,,,0.03768572956323624,,,,,,,,,,,,
9,,,,32899,,,,,,,,,,,0.030996188521385193,,,,,,,,,,,,
9,,,,32919,,,,,,,,,,,0.03960671275854111,,,,,,,,,,,,
9,,,,32939,,,,,,,,,,,0.06025360897183418,,,,,,,,,,,,
9,,,,32959,,,,,,,,,,,0.027023490518331528,,,,,,,,,,,,
9,,,,32979,,,,,,,,,,,0.059372708201408386,,,,,,,,,,,,
9,,,,32999,,,,,,,,,,,0.06055931746959686,,,,,,,,,,,,
9,,,,33019,,,,,,,,,,,0.1557549089193344,,,,,,,,,,,,
9,,,,33039,,,,,,,,,,,0.04933324456214905,,,,,,,,,,,,
9,,,,33059,,,,,,,,,,,0.07405787706375122,,,,,,,,,,,,
9,,,,33079,,,,,,,,,,,0.1813305765390396,,,,,,,,,,,,
9,,,,33099,,,,,,,,,,,0.03857021778821945,,,,,,,,,,,,
9,,,,33119,,,,,,,,,,,0.02255568653345108,,,,,,,,,,,,
9,,,,33139,,,,,,,,,,,0.07188282907009125,,,,,,,,,,,,
9,,,,33159,,,,,,,,,,,0.09345456957817078,,,,,,,,,,,,
9,,,,33179,,,,,,,,,,,0.03348512202501297,,,,,,,,,,,,
9,,,,33199,,,,,,,,,,,0.06955690681934357,,,,,,,,,,,,
9,,,,33219,,,,,,,,,,,0.07343916594982147,,,,,,,,,,,,
9,,,,33239,,,,,,,,,,,0.03506951779127121,,,,,,,,,,,,
9,,,,33259,,,,,,,,,,,0.06879681348800659,,,,,,,,,,,,
9,,,,33279,,,,,,,,,,,0.02874479815363884,,,,,,,,,,,,
9,,,,33299,,,,,,,,,,,0.031131921336054802,,,,,,,,,,,,
9,,,,33319,,,,,,,,,,,0.06829758733510971,,,,,,,,,,,,
9,,,,33339,,,,,,,,,,,0.020614370703697205,,,,,,,,,,,,
9,,,,33359,,,,,,,,,,,0.04234957695007324,,,,,,,,,,,,
9,,,,33379,,,,,,,,,,,0.08361617475748062,,,,,,,,,,,,
9,,,,33399,,,,,,,,,,,0.055810004472732544,,,,,,,,,,,,
9,,,,33419,,,,,,,,,,,0.423658549785614,,,,,,,,,,,,
9,,,,33439,,,,,,,,,,,0.025121983140707016,,,,,,,,,,,,
9,,,,33459,,,,,,,,,,,0.05581875890493393,,,,,,,,,,,,
9,,,,33479,,,,,,,,,,,0.12423393875360489,,,,,,,,,,,,
9,,,,33499,,,,,,,,,,,0.048845477402210236,,,,,,,,,,,,
9,,,,33519,,,,,,,,,,,0.07661964744329453,,,,,,,,,,,,
9,,,,33539,,,,,,,,,,,0.12461644411087036,,,,,,,,,,,,
9,,,,33559,,,,,,,,,,,0.02855137549340725,,,,,,,,,,,,
9,,,,33579,,,,,,,,,,,0.0430058054625988,,,,,,,,,,,,
9,,,,33599,,,,,,,,,,,0.10823024809360504,,,,,,,,,,,,
9,,,,33619,,,,,,,,,,,0.024314600974321365,,,,,,,,,,,,
9,,,,33639,,,,,,,,,,,0.03097914531826973,,,,,,,,,,,,
9,,,,33659,,,,,,,,,,,0.09673953056335449,,,,,,,,,,,,
9,,,,33679,,,,,,,,,,,0.03309104964137077,,,,,,,,,,,,
9,,,,33699,,,,,,,,,,,0.25961604714393616,,,,,,,,,,,,
9,,,,33719,,,,,,,,,,,0.13011284172534943,,,,,,,,,,,,
9,,,,33739,,,,,,,,,,,0.02846042811870575,,,,,,,,,,,,
9,,,,33759,,,,,,,,,,,0.10472670197486877,,,,,,,,,,,,
9,,,,33779,,,,,,,,,,,0.0279496219009161,,,,,,,,,,,,
9,,,,33799,,,,,,,,,,,0.12649329006671906,,,,,,,,,,,,
9,,,,33819,,,,,,,,,,,0.12818963825702667,,,,,,,,,,,,
9,,,,33839,,,,,,,,,,,0.03296731412410736,,,,,,,,,,,,
9,,,,33859,,,,,,,,,,,0.08758817613124847,,,,,,,,,,,,
9,,,,33879,,,,,,,,,,,0.030586956068873405,,,,,,,,,,,,
9,,,,33899,,,,,,,,,,,0.11418061703443527,,,,,,,,,,,,
9,,,,33919,,,,,,,,,,,0.02898348681628704,,,,,,,,,,,,
9,,,,33939,,,,,,,,,,,0.048523399978876114,,,,,,,,,,,,
9,,,,33959,,,,,,,,,,,0.051989223808050156,,,,,,,,,,,,
9,,,,33979,,,,,,,,,,,0.025789465755224228,,,,,,,,,,,,
9,,,,33999,,,,,,,,,,,0.02625865489244461,,,,,,,,,,,,
9,,,,34019,,,,,,,,,,,0.2916262149810791,,,,,,,,,,,,
9,,,,34039,,,,,,,,,,,0.028620079159736633,,,,,,,,,,,,
9,,,,34059,,,,,,,,,,,0.12792141735553741,,,,,,,,,,,,
9,,,,34079,,,,,,,,,,,0.07750986516475677,,,,,,,,,,,,
9,,,,34099,,,,,,,,,,,0.02300145849585533,,,,,,,,,,,,
9,,,,34119,,,,,,,,,,,0.027573496103286743,,,,,,,,,,,,
9,,,,34139,,,,,,,,,,,0.02647186815738678,,,,,,,,,,,,
9,,,,34159,,,,,,,,,,,0.16218255460262299,,,,,,,,,,,,
9,,,,34179,,,,,,,,,,,0.04274466633796692,,,,,,,,,,,,
9,,,,34199,,,,,,,,,,,0.10465700179338455,,,,,,,,,,,,
9,,,,34219,,,,,,,,,,,0.06992711126804352,,,,,,,,,,,,
9,,,,34239,,,,,,,,,,,0.04371599853038788,,,,,,,,,,,,
9,,,,34259,,,,,,,,,,,0.0939381867647171,,,,,,,,,,,,
9,,,,34279,,,,,,,,,,,0.03972121328115463,,,,,,,,,,,,
9,,,,34299,,,,,,,,,,,0.028247229754924774,,,,,,,,,,,,
9,,,,34319,,,,,,,,,,,0.016184065490961075,,,,,,,,,,,,
9,,,,34339,,,,,,,,,,,0.18136358261108398,,,,,,,,,,,,
9,,,,34359,,,,,,,,,,,0.11053663492202759,,,,,,,,,,,,
9,,,,34379,,,,,,,,,,,0.042004071176052094,,,,,,,,,,,,
9,,,,34399,,,,,,,,,,,0.032324738800525665,,,,,,,,,,,,
9,,,,34419,,,,,,,,,,,0.28370559215545654,,,,,,,,,,,,
9,,,,34439,,,,,,,,,,,0.019315093755722046,,,,,,,,,,,,
9,,,,34459,,,,,,,,,,,0.02614719793200493,,,,,,,,,,,,
9,,,,34479,,,,,,,,,,,0.06746362149715424,,,,,,,,,,,,
9,,,,34499,,,,,,,,,,,0.22438061237335205,,,,,,,,,,,,
9,,,,34519,,,,,,,,,,,0.18420369923114777,,,,,,,,,,,,
9,,,,34539,,,,,,,,,,,0.021964341402053833,,,,,,,,,,,,
9,,,,34559,,,,,,,,,,,0.06970877200365067,,,,,,,,,,,,
9,,,,34579,,,,,,,,,,,0.03521205484867096,,,,,,,,,,,,
9,,,,34599,,,,,,,,,,,0.053391359746456146,,,,,,,,,,,,
9,,,,34619,,,,,,,,,,,0.02118309587240219,,,,,,,,,,,,
9,,,,34639,,,,,,,,,,,0.03601730614900589,,,,,,,,,,,,
9,,,,34659,,,,,,,,,,,0.016089927405118942,,,,,,,,,,,,
9,,,,34679,,,,,,,,,,,0.42122453451156616,,,,,,,,,,,,
9,,,,34699,,,,,,,,,,,0.07572759687900543,,,,,,,,,,,,
9,,,,34719,,,,,,,,,,,0.030540836974978447,,,,,,,,,,,,
9,,,,34739,,,,,,,,,,,0.027652863413095474,,,,,,,,,,,,
9,,,,34759,,,,,,,,,,,0.08123669773340225,,,,,,,,,,,,
9,,,,34779,,,,,,,,,,,0.024897834286093712,,,,,,,,,,,,
9,,,,34799,,,,,,,,,,,0.0852532610297203,,,,,,,,,,,,
9,,,,34819,,,,,,,,,,,0.049937792122364044,,,,,,,,,,,,
9,,,,34819,,,,,,,,,,,,0.6541395783424377,0.8694742918014526,0.6572133898735046,0.8752812147140503,0.6638999581336975,0.5635888576507568,0.6855099201202393,0.6570590138435364,0.660336971282959,0.7766461372375488,0.5615577697753906,0.6541395783424377
9,,,,34819,,,,,,,,,0.9483146667480469,0.0766916573047638,,,,,,,,,,,,,
,0.0002713525491562421,0.0002713525491562421,2.713525491562421e-05,34820,,,,,,,,,,,,,,,,,,,,,,,
10,,,,34839,,,,,,,,,,,0.03321010619401932,,,,,,,,,,,,
10,,,,34859,,,,,,,,,,,0.15373238921165466,,,,,,,,,,,,
10,,,,34879,,,,,,,,,,,0.03212624788284302,,,,,,,,,,,,
10,,,,34899,,,,,,,,,,,0.14879338443279266,,,,,,,,,,,,
10,,,,34919,,,,,,,,,,,0.040853336453437805,,,,,,,,,,,,
10,,,,34939,,,,,,,,,,,0.029564986005425453,,,,,,,,,,,,
10,,,,34959,,,,,,,,,,,0.054205287247896194,,,,,,,,,,,,
10,,,,34979,,,,,,,,,,,0.10818979144096375,,,,,,,,,,,,
10,,,,34999,,,,,,,,,,,0.03224629908800125,,,,,,,,,,,,
10,,,,35019,,,,,,,,,,,0.026963509619235992,,,,,,,,,,,,
10,,,,35039,,,,,,,,,,,0.03866487741470337,,,,,,,,,,,,
10,,,,35059,,,,,,,,,,,0.03182151913642883,,,,,,,,,,,,
10,,,,35079,,,,,,,,,,,0.027038250118494034,,,,,,,,,,,,
10,,,,35099,,,,,,,,,,,0.0497928187251091,,,,,,,,,,,,
10,,,,35119,,,,,,,,,,,0.04189394786953926,,,,,,,,,,,,
10,,,,35139,,,,,,,,,,,0.026831313967704773,,,,,,,,,,,,
10,,,,35159,,,,,,,,,,,0.18835976719856262,,,,,,,,,,,,
10,,,,35179,,,,,,,,,,,0.020382534712553024,,,,,,,,,,,,
10,,,,35199,,,,,,,,,,,0.05873870104551315,,,,,,,,,,,,
10,,,,35219,,,,,,,,,,,0.02249397337436676,,,,,,,,,,,,
10,,,,35239,,,,,,,,,,,0.026382405310869217,,,,,,,,,,,,
10,,,,35259,,,,,,,,,,,0.08347383141517639,,,,,,,,,,,,
10,,,,35279,,,,,,,,,,,0.042265698313713074,,,,,,,,,,,,
10,,,,35299,,,,,,,,,,,0.06498748064041138,,,,,,,,,,,,
10,,,,35319,,,,,,,,,,,0.016907602548599243,,,,,,,,,,,,
10,,,,35339,,,,,,,,,,,0.029416995123028755,,,,,,,,,,,,
10,,,,35359,,,,,,,,,,,0.1576423943042755,,,,,,,,,,,,
10,,,,35379,,,,,,,,,,,0.03469813987612724,,,,,,,,,,,,
10,,,,35399,,,,,,,,,,,0.05657092109322548,,,,,,,,,,,,
10,,,,35419,,,,,,,,,,,0.022118378430604935,,,,,,,,,,,,
10,,,,35439,,,,,,,,,,,0.024387838318943977,,,,,,,,,,,,
10,,,,35459,,,,,,,,,,,0.021843552589416504,,,,,,,,,,,,
10,,,,35479,,,,,,,,,,,0.16302239894866943,,,,,,,,,,,,
10,,,,35499,,,,,,,,,,,0.06745203584432602,,,,,,,,,,,,
10,,,,35519,,,,,,,,,,,0.028705304488539696,,,,,,,,,,,,
10,,,,35539,,,,,,,,,,,0.047490090131759644,,,,,,,,,,,,
10,,,,35559,,,,,,,,,,,0.021064527332782745,,,,,,,,,,,,
10,,,,35579,,,,,,,,,,,0.026540309190750122,,,,,,,,,,,,
10,,,,35599,,,,,,,,,,,0.0230049230158329,,,,,,,,,,,,
10,,,,35619,,,,,,,,,,,0.09303949773311615,,,,,,,,,,,,
10,,,,35639,,,,,,,,,,,0.020779408514499664,,,,,,,,,,,,
10,,,,35659,,,,,,,,,,,0.18416664004325867,,,,,,,,,,,,
10,,,,35679,,,,,,,,,,,0.05965395271778107,,,,,,,,,,,,
10,,,,35699,,,,,,,,,,,0.018042590469121933,,,,,,,,,,,,
10,,,,35719,,,,,,,,,,,0.028750909492373466,,,,,,,,,,,,
10,,,,35739,,,,,,,,,,,0.018921978771686554,,,,,,,,,,,,
10,,,,35759,,,,,,,,,,,0.014078935608267784,,,,,,,,,,,,
10,,,,35779,,,,,,,,,,,0.024822236970067024,,,,,,,,,,,,
10,,,,35799,,,,,,,,,,,0.040015704929828644,,,,,,,,,,,,
10,,,,35819,,,,,,,,,,,0.019615426659584045,,,,,,,,,,,,
10,,,,35839,,,,,,,,,,,0.04445958137512207,,,,,,,,,,,,
10,,,,35859,,,,,,,,,,,0.06880605220794678,,,,,,,,,,,,
10,,,,35879,,,,,,,,,,,0.10659973323345184,,,,,,,,,,,,
10,,,,35899,,,,,,,,,,,0.04313041269779205,,,,,,,,,,,,
10,,,,35919,,,,,,,,,,,0.0337967574596405,,,,,,,,,,,,
10,,,,35939,,,,,,,,,,,0.014901227317750454,,,,,,,,,,,,
10,,,,35959,,,,,,,,,,,0.016972333192825317,,,,,,,,,,,,
10,,,,35979,,,,,,,,,,,0.22988225519657135,,,,,,,,,,,,
10,,,,35999,,,,,,,,,,,0.06355874985456467,,,,,,,,,,,,
10,,,,36019,,,,,,,,,,,0.018793750554323196,,,,,,,,,,,,
10,,,,36039,,,,,,,,,,,0.06321784108877182,,,,,,,,,,,,
10,,,,36059,,,,,,,,,,,0.11193381249904633,,,,,,,,,,,,
10,,,,36079,,,,,,,,,,,0.02409902587532997,,,,,,,,,,,,
10,,,,36099,,,,,,,,,,,0.1398964673280716,,,,,,,,,,,,
10,,,,36119,,,,,,,,,,,0.10540858656167984,,,,,,,,,,,,
10,,,,36139,,,,,,,,,,,0.056443773210048676,,,,,,,,,,,,
10,,,,36159,,,,,,,,,,,0.029134605079889297,,,,,,,,,,,,
10,,,,36179,,,,,,,,,,,0.055112291127443314,,,,,,,,,,,,
10,,,,36199,,,,,,,,,,,0.15501977503299713,,,,,,,,,,,,
10,,,,36219,,,,,,,,,,,0.049814775586128235,,,,,,,,,,,,
10,,,,36239,,,,,,,,,,,0.04579839110374451,,,,,,,,,,,,
10,,,,36259,,,,,,,,,,,0.11025010794401169,,,,,,,,,,,,
10,,,,36279,,,,,,,,,,,0.04327955096960068,,,,,,,,,,,,
10,,,,36299,,,,,,,,,,,0.016447190195322037,,,,,,,,,,,,
10,,,,36319,,,,,,,,,,,0.030520059168338776,,,,,,,,,,,,
10,,,,36339,,,,,,,,,,,0.27397266030311584,,,,,,,,,,,,
10,,,,36359,,,,,,,,,,,0.04191448539495468,,,,,,,,,,,,
10,,,,36379,,,,,,,,,,,0.3230132758617401,,,,,,,,,,,,
10,,,,36399,,,,,,,,,,,0.04090780019760132,,,,,,,,,,,,
10,,,,36419,,,,,,,,,,,0.031706247478723526,,,,,,,,,,,,
10,,,,36439,,,,,,,,,,,0.07689936459064484,,,,,,,,,,,,
10,,,,36459,,,,,,,,,,,0.17415191233158112,,,,,,,,,,,,
10,,,,36479,,,,,,,,,,,0.09585202485322952,,,,,,,,,,,,
10,,,,36499,,,,,,,,,,,0.3087472915649414,,,,,,,,,,,,
10,,,,36519,,,,,,,,,,,0.022898532450199127,,,,,,,,,,,,
10,,,,36539,,,,,,,,,,,0.0266013965010643,,,,,,,,,,,,
10,,,,36559,,,,,,,,,,,0.030032087117433548,,,,,,,,,,,,
10,,,,36579,,,,,,,,,,,0.09258682280778885,,,,,,,,,,,,
10,,,,36599,,,,,,,,,,,0.02878863923251629,,,,,,,,,,,,
10,,,,36619,,,,,,,,,,,0.06045762449502945,,,,,,,,,,,,
10,,,,36639,,,,,,,,,,,0.05853639170527458,,,,,,,,,,,,
10,,,,36659,,,,,,,,,,,0.02061840333044529,,,,,,,,,,,,
10,,,,36679,,,,,,,,,,,0.062308765947818756,,,,,,,,,,,,
10,,,,36699,,,,,,,,,,,0.08227474242448807,,,,,,,,,,,,
10,,,,36719,,,,,,,,,,,0.11886689066886902,,,,,,,,,,,,
10,,,,36739,,,,,,,,,,,0.07429762184619904,,,,,,,,,,,,
10,,,,36759,,,,,,,,,,,0.01960255764424801,,,,,,,,,,,,
10,,,,36779,,,,,,,,,,,0.09932102262973785,,,,,,,,,,,,
10,,,,36799,,,,,,,,,,,0.033826958388090134,,,,,,,,,,,,
10,,,,36819,,,,,,,,,,,0.050662800669670105,,,,,,,,,,,,
10,,,,36839,,,,,,,,,,,0.10309295356273651,,,,,,,,,,,,
10,,,,36859,,,,,,,,,,,0.06661862134933472,,,,,,,,,,,,
10,,,,36879,,,,,,,,,,,0.05857441946864128,,,,,,,,,,,,
10,,,,36899,,,,,,,,,,,0.050147973001003265,,,,,,,,,,,,
10,,,,36919,,,,,,,,,,,0.19774466753005981,,,,,,,,,,,,
10,,,,36939,,,,,,,,,,,0.036248672753572464,,,,,,,,,,,,
10,,,,36959,,,,,,,,,,,0.04895628243684769,,,,,,,,,,,,
10,,,,36979,,,,,,,,,,,0.022366560995578766,,,,,,,,,,,,
10,,,,36999,,,,,,,,,,,0.6127974390983582,,,,,,,,,,,,
10,,,,37019,,,,,,,,,,,0.029560668393969536,,,,,,,,,,,,
10,,,,37039,,,,,,,,,,,0.024835145100951195,,,,,,,,,,,,
10,,,,37059,,,,,,,,,,,0.03494057059288025,,,,,,,,,,,,
10,,,,37079,,,,,,,,,,,0.03546055778861046,,,,,,,,,,,,
10,,,,37099,,,,,,,,,,,0.4598998427391052,,,,,,,,,,,,
10,,,,37119,,,,,,,,,,,0.03732597827911377,,,,,,,,,,,,
10,,,,37139,,,,,,,,,,,0.02580636367201805,,,,,,,,,,,,
10,,,,37159,,,,,,,,,,,0.09372740238904953,,,,,,,,,,,,
10,,,,37179,,,,,,,,,,,0.03639890253543854,,,,,,,,,,,,
10,,,,37199,,,,,,,,,,,0.026631154119968414,,,,,,,,,,,,
10,,,,37219,,,,,,,,,,,0.029661541804671288,,,,,,,,,,,,
10,,,,37239,,,,,,,,,,,0.09542662650346756,,,,,,,,,,,,
10,,,,37259,,,,,,,,,,,0.03291580453515053,,,,,,,,,,,,
10,,,,37279,,,,,,,,,,,0.05135675519704819,,,,,,,,,,,,
10,,,,37299,,,,,,,,,,,0.11371201276779175,,,,,,,,,,,,
10,,,,37319,,,,,,,,,,,0.020422158762812614,,,,,,,,,,,,
10,,,,37339,,,,,,,,,,,0.027677305042743683,,,,,,,,,,,,
10,,,,37359,,,,,,,,,,,0.15365436673164368,,,,,,,,,,,,
10,,,,37379,,,,,,,,,,,0.026218988001346588,,,,,,,,,,,,
10,,,,37399,,,,,,,,,,,0.07857045531272888,,,,,,,,,,,,
10,,,,37419,,,,,,,,,,,0.034710004925727844,,,,,,,,,,,,
10,,,,37439,,,,,,,,,,,0.08237066864967346,,,,,,,,,,,,
10,,,,37459,,,,,,,,,,,0.1331246793270111,,,,,,,,,,,,
10,,,,37479,,,,,,,,,,,0.0356980636715889,,,,,,,,,,,,
10,,,,37499,,,,,,,,,,,0.044704701751470566,,,,,,,,,,,,
10,,,,37519,,,,,,,,,,,0.013045793399214745,,,,,,,,,,,,
10,,,,37539,,,,,,,,,,,0.038529254496097565,,,,,,,,,,,,
10,,,,37559,,,,,,,,,,,0.188114196062088,,,,,,,,,,,,
10,,,,37579,,,,,,,,,,,0.04112326726317406,,,,,,,,,,,,
10,,,,37599,,,,,,,,,,,0.10011476278305054,,,,,,,,,,,,
10,,,,37619,,,,,,,,,,,0.10251948237419128,,,,,,,,,,,,
10,,,,37639,,,,,,,,,,,0.061299461871385574,,,,,,,,,,,,
10,,,,37659,,,,,,,,,,,0.033955276012420654,,,,,,,,,,,,
10,,,,37679,,,,,,,,,,,0.11099833995103836,,,,,,,,,,,,
10,,,,37699,,,,,,,,,,,0.09924720227718353,,,,,,,,,,,,
10,,,,37719,,,,,,,,,,,0.05155967175960541,,,,,,,,,,,,
10,,,,37739,,,,,,,,,,,0.1143178939819336,,,,,,,,,,,,
10,,,,37759,,,,,,,,,,,0.025269612669944763,,,,,,,,,,,,
10,,,,37779,,,,,,,,,,,0.05317353457212448,,,,,,,,,,,,
10,,,,37799,,,,,,,,,,,0.0859612450003624,,,,,,,,,,,,
10,,,,37819,,,,,,,,,,,0.02116888388991356,,,,,,,,,,,,
10,,,,37839,,,,,,,,,,,0.17692172527313232,,,,,,,,,,,,
10,,,,37859,,,,,,,,,,,0.2539697289466858,,,,,,,,,,,,
10,,,,37879,,,,,,,,,,,0.03685759752988815,,,,,,,,,,,,
10,,,,37899,,,,,,,,,,,0.045008596032857895,,,,,,,,,,,,
10,,,,37919,,,,,,,,,,,0.021854491904377937,,,,,,,,,,,,
10,,,,37939,,,,,,,,,,,0.02175840735435486,,,,,,,,,,,,
10,,,,37959,,,,,,,,,,,0.06167326867580414,,,,,,,,,,,,
10,,,,37979,,,,,,,,,,,0.03860966116189957,,,,,,,,,,,,
10,,,,37999,,,,,,,,,,,0.0282062329351902,,,,,,,,,,,,
10,,,,38019,,,,,,,,,,,0.09785790741443634,,,,,,,,,,,,
10,,,,38039,,,,,,,,,,,0.019654743373394012,,,,,,,,,,,,
10,,,,38059,,,,,,,,,,,0.0250504482537508,,,,,,,,,,,,
10,,,,38079,,,,,,,,,,,0.04418175294995308,,,,,,,,,,,,
10,,,,38099,,,,,,,,,,,0.020202793180942535,,,,,,,,,,,,
10,,,,38119,,,,,,,,,,,0.03226696327328682,,,,,,,,,,,,
10,,,,38139,,,,,,,,,,,0.08120901882648468,,,,,,,,,,,,
10,,,,38159,,,,,,,,,,,0.0811154693365097,,,,,,,,,,,,
10,,,,38179,,,,,,,,,,,0.021313652396202087,,,,,,,,,,,,
10,,,,38199,,,,,,,,,,,0.03029831312596798,,,,,,,,,,,,
10,,,,38219,,,,,,,,,,,0.04028377681970596,,,,,,,,,,,,
10,,,,38239,,,,,,,,,,,0.10551594942808151,,,,,,,,,,,,
10,,,,38259,,,,,,,,,,,0.17162352800369263,,,,,,,,,,,,
10,,,,38279,,,,,,,,,,,0.02964647300541401,,,,,,,,,,,,
10,,,,38299,,,,,,,,,,,0.37333157658576965,,,,,,,,,,,,
10,,,,38301,,,,,,,,,,,,0.6421846747398376,0.8623486757278442,0.65582275390625,0.9527159333229065,0.7072961330413818,0.5754807591438293,0.6950662136077881,0.66548752784729,0.6432375907897949,0.7774739861488342,0.7429854273796082,0.6421846747398376
10,,,,38301,,,,,,,,,0.9510793089866638,0.07269870489835739,,,,,,,,,,,,,
,0.0002593452941132117,0.0002593452941132117,2.593452941132117e-05,38302,,,,,,,,,,,,,,,,,,,,,,,
11,,,,38319,,,,,,,,,,,0.02908446080982685,,,,,,,,,,,,
11,,,,38339,,,,,,,,,,,0.12620709836483002,,,,,,,,,,,,
11,,,,38359,,,,,,,,,,,0.022602833807468414,,,,,,,,,,,,
11,,,,38379,,,,,,,,,,,0.048411495983600616,,,,,,,,,,,,
11,,,,38399,,,,,,,,,,,0.05469701811671257,,,,,,,,,,,,
11,,,,38419,,,,,,,,,,,0.16366532444953918,,,,,,,,,,,,
11,,,,38439,,,,,,,,,,,0.0972466915845871,,,,,,,,,,,,
11,,,,38459,,,,,,,,,,,0.03892692178487778,,,,,,,,,,,,
11,,,,38479,,,,,,,,,,,0.05721307545900345,,,,,,,,,,,,
11,,,,38499,,,,,,,,,,,0.06463402509689331,,,,,,,,,,,,
11,,,,38519,,,,,,,,,,,0.03197799250483513,,,,,,,,,,,,
11,,,,38539,,,,,,,,,,,0.027173373848199844,,,,,,,,,,,,
11,,,,38559,,,,,,,,,,,0.04412497580051422,,,,,,,,,,,,
11,,,,38579,,,,,,,,,,,0.019352808594703674,,,,,,,,,,,,
11,,,,38599,,,,,,,,,,,0.0379764661192894,,,,,,,,,,,,
11,,,,38619,,,,,,,,,,,0.05074676126241684,,,,,,,,,,,,
11,,,,38639,,,,,,,,,,,0.019957898184657097,,,,,,,,,,,,
11,,,,38659,,,,,,,,,,,0.025766704231500626,,,,,,,,,,,,
11,,,,38679,,,,,,,,,,,0.04735322669148445,,,,,,,,,,,,
11,,,,38699,,,,,,,,,,,0.042335428297519684,,,,,,,,,,,,
11,,,,38719,,,,,,,,,,,0.04257349669933319,,,,,,,,,,,,
11,,,,38739,,,,,,,,,,,0.02540583163499832,,,,,,,,,,,,
11,,,,38759,,,,,,,,,,,0.3902723789215088,,,,,,,,,,,,
11,,,,38779,,,,,,,,,,,0.016535969451069832,,,,,,,,,,,,
11,,,,38799,,,,,,,,,,,0.07313375920057297,,,,,,,,,,,,
11,,,,38819,,,,,,,,,,,0.025189729407429695,,,,,,,,,,,,
11,,,,38839,,,,,,,,,,,0.050583209842443466,,,,,,,,,,,,
11,,,,38859,,,,,,,,,,,0.1773299276828766,,,,,,,,,,,,
11,,,,38879,,,,,,,,,,,0.25152134895324707,,,,,,,,,,,,
11,,,,38899,,,,,,,,,,,0.09834524244070053,,,,,,,,,,,,
11,,,,38919,,,,,,,,,,,0.0885779857635498,,,,,,,,,,,,
11,,,,38939,,,,,,,,,,,0.09163126349449158,,,,,,,,,,,,
11,,,,38959,,,,,,,,,,,0.05368117243051529,,,,,,,,,,,,
11,,,,38979,,,,,,,,,,,0.029039476066827774,,,,,,,,,,,,
11,,,,38999,,,,,,,,,,,0.12005320936441422,,,,,,,,,,,,
11,,,,39019,,,,,,,,,,,0.04748757928609848,,,,,,,,,,,,
11,,,,39039,,,,,,,,,,,0.06145612150430679,,,,,,,,,,,,
11,,,,39059,,,,,,,,,,,0.10268747061491013,,,,,,,,,,,,
11,,,,39079,,,,,,,,,,,0.08965849876403809,,,,,,,,,,,,
11,,,,39099,,,,,,,,,,,0.06951281428337097,,,,,,,,,,,,
11,,,,39119,,,,,,,,,,,0.04191645234823227,,,,,,,,,,,,
11,,,,39139,,,,,,,,,,,0.027316931635141373,,,,,,,,,,,,
11,,,,39159,,,,,,,,,,,0.06428486853837967,,,,,,,,,,,,
11,,,,39179,,,,,,,,,,,0.0461655929684639,,,,,,,,,,,,
11,,,,39199,,,,,,,,,,,0.23841315507888794,,,,,,,,,,,,
11,,,,39219,,,,,,,,,,,0.0889149010181427,,,,,,,,,,,,
11,,,,39239,,,,,,,,,,,0.10413504391908646,,,,,,,,,,,,
11,,,,39259,,,,,,,,,,,0.03828396648168564,,,,,,,,,,,,
11,,,,39279,,,,,,,,,,,0.13802973926067352,,,,,,,,,,,,
11,,,,39299,,,,,,,,,,,0.11122637242078781,,,,,,,,,,,,
11,,,,39319,,,,,,,,,,,0.015572701580822468,,,,,,,,,,,,
11,,,,39339,,,,,,,,,,,0.05362231656908989,,,,,,,,,,,,
11,,,,39359,,,,,,,,,,,0.03820325434207916,,,,,,,,,,,,
11,,,,39379,,,,,,,,,,,0.017642758786678314,,,,,,,,,,,,
11,,,,39399,,,,,,,,,,,0.04690725728869438,,,,,,,,,,,,
11,,,,39419,,,,,,,,,,,0.08544384688138962,,,,,,,,,,,,
11,,,,39439,,,,,,,,,,,0.01875585876405239,,,,,,,,,,,,
11,,,,39459,,,,,,,,,,,0.020015202462673187,,,,,,,,,,,,
11,,,,39479,,,,,,,,,,,0.016415975987911224,,,,,,,,,,,,
11,,,,39499,,,,,,,,,,,0.12051758170127869,,,,,,,,,,,,
11,,,,39519,,,,,,,,,,,0.03662482649087906,,,,,,,,,,,,
11,,,,39539,,,,,,,,,,,0.2147899717092514,,,,,,,,,,,,
11,,,,39559,,,,,,,,,,,0.018743297085165977,,,,,,,,,,,,
11,,,,39579,,,,,,,,,,,0.01844053715467453,,,,,,,,,,,,
11,,,,39599,,,,,,,,,,,0.1555996835231781,,,,,,,,,,,,
11,,,,39619,,,,,,,,,,,0.025228533893823624,,,,,,,,,,,,
11,,,,39639,,,,,,,,,,,0.04010605067014694,,,,,,,,,,,,
11,,,,39659,,,,,,,,,,,0.0373641774058342,,,,,,,,,,,,
11,,,,39679,,,,,,,,,,,0.07060845196247101,,,,,,,,,,,,
11,,,,39699,,,,,,,,,,,0.015961695462465286,,,,,,,,,,,,
11,,,,39719,,,,,,,,,,,0.09803643077611923,,,,,,,,,,,,
11,,,,39739,,,,,,,,,,,0.05125059932470322,,,,,,,,,,,,
11,,,,39759,,,,,,,,,,,0.02655809000134468,,,,,,,,,,,,
11,,,,39779,,,,,,,,,,,0.0319046825170517,,,,,,,,,,,,
11,,,,39799,,,,,,,,,,,0.022917427122592926,,,,,,,,,,,,
11,,,,39819,,,,,,,,,,,0.036125972867012024,,,,,,,,,,,,
11,,,,39839,,,,,,,,,,,0.048150550574064255,,,,,,,,,,,,
11,,,,39859,,,,,,,,,,,0.10219314694404602,,,,,,,,,,,,
11,,,,39879,,,,,,,,,,,0.030745629221200943,,,,,,,,,,,,
11,,,,39899,,,,,,,,,,,0.016041062772274017,,,,,,,,,,,,
11,,,,39919,,,,,,,,,,,0.015251005999743938,,,,,,,,,,,,
11,,,,39939,,,,,,,,,,,0.036151010543107986,,,,,,,,,,,,
11,,,,39959,,,,,,,,,,,0.01772545650601387,,,,,,,,,,,,
11,,,,39979,,,,,,,,,,,0.018069416284561157,,,,,,,,,,,,
11,,,,39999,,,,,,,,,,,0.016671989113092422,,,,,,,,,,,,
11,,,,40019,,,,,,,,,,,0.13761962950229645,,,,,,,,,,,,
11,,,,40039,,,,,,,,,,,0.03971244767308235,,,,,,,,,,,,
11,,,,40059,,,,,,,,,,,0.024863895028829575,,,,,,,,,,,,
11,,,,40079,,,,,,,,,,,0.02925412729382515,,,,,,,,,,,,
11,,,,40099,,,,,,,,,,,0.024055909365415573,,,,,,,,,,,,
11,,,,40119,,,,,,,,,,,0.03960050269961357,,,,,,,,,,,,
11,,,,40139,,,,,,,,,,,0.035777103155851364,,,,,,,,,,,,
11,,,,40159,,,,,,,,,,,0.13210316002368927,,,,,,,,,,,,
11,,,,40179,,,,,,,,,,,0.30136018991470337,,,,,,,,,,,,
11,,,,40199,,,,,,,,,,,0.08122797310352325,,,,,,,,,,,,
11,,,,40219,,,,,,,,,,,0.06088544800877571,,,,,,,,,,,,
11,,,,40239,,,,,,,,,,,0.07926096022129059,,,,,,,,,,,,
11,,,,40259,,,,,,,,,,,0.27595239877700806,,,,,,,,,,,,
11,,,,40279,,,,,,,,,,,0.027729500085115433,,,,,,,,,,,,
11,,,,40299,,,,,,,,,,,0.05109183490276337,,,,,,,,,,,,
11,,,,40319,,,,,,,,,,,0.07781819254159927,,,,,,,,,,,,
11,,,,40339,,,,,,,,,,,0.04771749675273895,,,,,,,,,,,,
11,,,,40359,,,,,,,,,,,0.015315951779484749,,,,,,,,,,,,
11,,,,40379,,,,,,,,,,,0.032530590891838074,,,,,,,,,,,,
11,,,,40399,,,,,,,,,,,0.04329398274421692,,,,,,,,,,,,
11,,,,40419,,,,,,,,,,,0.026951439678668976,,,,,,,,,,,,
11,,,,40439,,,,,,,,,,,0.018144212663173676,,,,,,,,,,,,
11,,,,40459,,,,,,,,,,,0.037013858556747437,,,,,,,,,,,,
11,,,,40479,,,,,,,,,,,0.017221078276634216,,,,,,,,,,,,
11,,,,40499,,,,,,,,,,,0.09598851203918457,,,,,,,,,,,,
11,,,,40519,,,,,,,,,,,0.025402702391147614,,,,,,,,,,,,
11,,,,40539,,,,,,,,,,,0.04068845510482788,,,,,,,,,,,,
11,,,,40559,,,,,,,,,,,0.039659831672906876,,,,,,,,,,,,
11,,,,40579,,,,,,,,,,,0.023956645280122757,,,,,,,,,,,,
11,,,,40599,,,,,,,,,,,0.07862535119056702,,,,,,,,,,,,
11,,,,40619,,,,,,,,,,,0.02936062589287758,,,,,,,,,,,,
11,,,,40639,,,,,,,,,,,0.14776761829853058,,,,,,,,,,,,
11,,,,40659,,,,,,,,,,,0.15064221620559692,,,,,,,,,,,,
11,,,,40679,,,,,,,,,,,0.4852679669857025,,,,,,,,,,,,
11,,,,40699,,,,,,,,,,,0.01808391511440277,,,,,,,,,,,,
11,,,,40719,,,,,,,,,,,0.07145018130540848,,,,,,,,,,,,
11,,,,40739,,,,,,,,,,,0.04762854427099228,,,,,,,,,,,,
11,,,,40759,,,,,,,,,,,0.15904635190963745,,,,,,,,,,,,
11,,,,40779,,,,,,,,,,,0.04369388148188591,,,,,,,,,,,,
11,,,,40799,,,,,,,,,,,0.16577070951461792,,,,,,,,,,,,
11,,,,40819,,,,,,,,,,,0.023441437631845474,,,,,,,,,,,,
11,,,,40839,,,,,,,,,,,0.056993044912815094,,,,,,,,,,,,
11,,,,40859,,,,,,,,,,,0.038864925503730774,,,,,,,,,,,,
11,,,,40879,,,,,,,,,,,0.1481856107711792,,,,,,,,,,,,
11,,,,40899,,,,,,,,,,,0.0390402227640152,,,,,,,,,,,,
11,,,,40919,,,,,,,,,,,0.1582302451133728,,,,,,,,,,,,
11,,,,40939,,,,,,,,,,,0.04093444347381592,,,,,,,,,,,,
11,,,,40959,,,,,,,,,,,0.0416252501308918,,,,,,,,,,,,
11,,,,40979,,,,,,,,,,,0.04523484408855438,,,,,,,,,,,,
11,,,,40999,,,,,,,,,,,0.06512217968702316,,,,,,,,,,,,
11,,,,41019,,,,,,,,,,,0.24019867181777954,,,,,,,,,,,,
11,,,,41039,,,,,,,,,,,0.038566917181015015,,,,,,,,,,,,
11,,,,41059,,,,,,,,,,,0.051540449261665344,,,,,,,,,,,,
11,,,,41079,,,,,,,,,,,0.018268460407853127,,,,,,,,,,,,
11,,,,41099,,,,,,,,,,,0.020095309242606163,,,,,,,,,,,,
11,,,,41119,,,,,,,,,,,0.023717358708381653,,,,,,,,,,,,
11,,,,41139,,,,,,,,,,,0.04947877675294876,,,,,,,,,,,,
11,,,,41159,,,,,,,,,,,0.04188786819577217,,,,,,,,,,,,
11,,,,41179,,,,,,,,,,,0.05755935236811638,,,,,,,,,,,,
11,,,,41199,,,,,,,,,,,0.0783076137304306,,,,,,,,,,,,
11,,,,41219,,,,,,,,,,,0.01957629807293415,,,,,,,,,,,,
11,,,,41239,,,,,,,,,,,0.0786527693271637,,,,,,,,,,,,
11,,,,41259,,,,,,,,,,,0.018845321610569954,,,,,,,,,,,,
11,,,,41279,,,,,,,,,,,0.01875639520585537,,,,,,,,,,,,
11,,,,41299,,,,,,,,,,,0.013087214902043343,,,,,,,,,,,,
11,,,,41319,,,,,,,,,,,0.02441462315618992,,,,,,,,,,,,
11,,,,41339,,,,,,,,,,,0.07065645605325699,,,,,,,,,,,,
11,,,,41359,,,,,,,,,,,0.022926844656467438,,,,,,,,,,,,
11,,,,41379,,,,,,,,,,,0.03507766127586365,,,,,,,,,,,,
11,,,,41399,,,,,,,,,,,0.11291215568780899,,,,,,,,,,,,
11,,,,41419,,,,,,,,,,,0.017980705946683884,,,,,,,,,,,,
11,,,,41439,,,,,,,,,,,0.01992235891520977,,,,,,,,,,,,
11,,,,41459,,,,,,,,,,,0.09483213722705841,,,,,,,,,,,,
11,,,,41479,,,,,,,,,,,0.06726302951574326,,,,,,,,,,,,
11,,,,41499,,,,,,,,,,,0.087835893034935,,,,,,,,,,,,
11,,,,41519,,,,,,,,,,,0.03060910850763321,,,,,,,,,,,,
11,,,,41539,,,,,,,,,,,0.11311056464910507,,,,,,,,,,,,
11,,,,41559,,,,,,,,,,,0.05674532428383827,,,,,,,,,,,,
11,,,,41579,,,,,,,,,,,0.09851529449224472,,,,,,,,,,,,
11,,,,41599,,,,,,,,,,,0.021392062306404114,,,,,,,,,,,,
11,,,,41619,,,,,,,,,,,0.17263931035995483,,,,,,,,,,,,
11,,,,41639,,,,,,,,,,,0.02455425076186657,,,,,,,,,,,,
11,,,,41659,,,,,,,,,,,0.05667487531900406,,,,,,,,,,,,
11,,,,41679,,,,,,,,,,,0.027182571589946747,,,,,,,,,,,,
11,,,,41699,,,,,,,,,,,0.032414715737104416,,,,,,,,,,,,
11,,,,41719,,,,,,,,,,,0.05816078186035156,,,,,,,,,,,,
11,,,,41739,,,,,,,,,,,0.02851484715938568,,,,,,,,,,,,
11,,,,41759,,,,,,,,,,,0.028406452387571335,,,,,,,,,,,,
11,,,,41779,,,,,,,,,,,0.15911006927490234,,,,,,,,,,,,
11,,,,41783,,,,,,,,,,,,0.6347823143005371,0.8591081500053406,0.6418828368186951,0.9888654947280884,0.6623049974441528,0.5724089741706848,0.6940416097640991,0.6601550579071045,0.6675994992256165,0.7820340991020203,0.5394312739372253,0.6347823143005371
11,,,,41783,,,,,,,,,0.9544899463653564,0.068698950111866,,,,,,,,,,,,,
,0.0002456135984623034,0.0002456135984623034,2.4561359846230342e-05,41784,,,,,,,,,,,,,,,,,,,,,,,
12,,,,41799,,,,,,,,,,,0.051399167627096176,,,,,,,,,,,,
12,,,,41819,,,,,,,,,,,0.018089979887008667,,,,,,,,,,,,
12,,,,41839,,,,,,,,,,,0.04637392610311508,,,,,,,,,,,,
12,,,,41859,,,,,,,,,,,0.06380373239517212,,,,,,,,,,,,
12,,,,41879,,,,,,,,,,,0.03599909693002701,,,,,,,,,,,,
12,,,,41899,,,,,,,,,,,0.05667441710829735,,,,,,,,,,,,
12,,,,41919,,,,,,,,,,,0.01989154890179634,,,,,,,,,,,,
12,,,,41939,,,,,,,,,,,0.021604102104902267,,,,,,,,,,,,
12,,,,41959,,,,,,,,,,,0.029568176716566086,,,,,,,,,,,,
12,,,,41979,,,,,,,,,,,0.018740277737379074,,,,,,,,,,,,
12,,,,41999,,,,,,,,,,,0.06022351235151291,,,,,,,,,,,,
12,,,,42019,,,,,,,,,,,0.10117888450622559,,,,,,,,,,,,
12,,,,42039,,,,,,,,,,,0.028685323894023895,,,,,,,,,,,,
12,,,,42059,,,,,,,,,,,0.027611486613750458,,,,,,,,,,,,
12,,,,42079,,,,,,,,,,,0.22694814205169678,,,,,,,,,,,,
12,,,,42099,,,,,,,,,,,0.02185855433344841,,,,,,,,,,,,
12,,,,42119,,,,,,,,,,,0.019160857424139977,,,,,,,,,,,,
12,,,,42139,,,,,,,,,,,0.01634291373193264,,,,,,,,,,,,
12,,,,42159,,,,,,,,,,,0.02538033202290535,,,,,,,,,,,,
12,,,,42179,,,,,,,,,,,0.02670038305222988,,,,,,,,,,,,
12,,,,42199,,,,,,,,,,,0.3130118250846863,,,,,,,,,,,,
12,,,,42219,,,,,,,,,,,0.05872143432497978,,,,,,,,,,,,
12,,,,42239,,,,,,,,,,,0.04495000094175339,,,,,,,,,,,,
12,,,,42259,,,,,,,,,,,0.04247848689556122,,,,,,,,,,,,
12,,,,42279,,,,,,,,,,,0.025422582402825356,,,,,,,,,,,,
12,,,,42299,,,,,,,,,,,0.06854578852653503,,,,,,,,,,,,
12,,,,42319,,,,,,,,,,,0.19481530785560608,,,,,,,,,,,,
12,,,,42339,,,,,,,,,,,0.027256008237600327,,,,,,,,,,,,
12,,,,42359,,,,,,,,,,,0.028393317013978958,,,,,,,,,,,,
12,,,,42379,,,,,,,,,,,0.11640086024999619,,,,,,,,,,,,
12,,,,42399,,,,,,,,,,,0.0283175278455019,,,,,,,,,,,,
12,,,,42419,,,,,,,,,,,0.026545442640781403,,,,,,,,,,,,
12,,,,42439,,,,,,,,,,,0.02761770226061344,,,,,,,,,,,,
12,,,,42459,,,,,,,,,,,0.05698254704475403,,,,,,,,,,,,
12,,,,42479,,,,,,,,,,,0.06496244668960571,,,,,,,,,,,,
12,,,,42499,,,,,,,,,,,0.039087165147066116,,,,,,,,,,,,
12,,,,42519,,,,,,,,,,,0.07808880507946014,,,,,,,,,,,,
12,,,,42539,,,,,,,,,,,0.019963158294558525,,,,,,,,,,,,
12,,,,42559,,,,,,,,,,,0.01658080518245697,,,,,,,,,,,,
12,,,,42579,,,,,,,,,,,0.017989184707403183,,,,,,,,,,,,
12,,,,42599,,,,,,,,,,,0.19804663956165314,,,,,,,,,,,,
12,,,,42619,,,,,,,,,,,0.021852437406778336,,,,,,,,,,,,
12,,,,42639,,,,,,,,,,,0.021374087780714035,,,,,,,,,,,,
12,,,,42659,,,,,,,,,,,0.08770027756690979,,,,,,,,,,,,
12,,,,42679,,,,,,,,,,,0.054229553788900375,,,,,,,,,,,,
12,,,,42699,,,,,,,,,,,0.020501568913459778,,,,,,,,,,,,
12,,,,42719,,,,,,,,,,,0.093392513692379,,,,,,,,,,,,
12,,,,42739,,,,,,,,,,,0.016990141943097115,,,,,,,,,,,,
12,,,,42759,,,,,,,,,,,0.06070045381784439,,,,,,,,,,,,
12,,,,42779,,,,,,,,,,,0.02458980679512024,,,,,,,,,,,,
12,,,,42799,,,,,,,,,,,0.01576332002878189,,,,,,,,,,,,
12,,,,42819,,,,,,,,,,,0.10792896896600723,,,,,,,,,,,,
12,,,,42839,,,,,,,,,,,0.05996245890855789,,,,,,,,,,,,
12,,,,42859,,,,,,,,,,,0.07104647159576416,,,,,,,,,,,,
12,,,,42879,,,,,,,,,,,0.05861471965909004,,,,,,,,,,,,
12,,,,42899,,,,,,,,,,,0.021742504090070724,,,,,,,,,,,,
12,,,,42919,,,,,,,,,,,0.10185457766056061,,,,,,,,,,,,
12,,,,42939,,,,,,,,,,,0.14627960324287415,,,,,,,,,,,,
12,,,,42959,,,,,,,,,,,0.020439788699150085,,,,,,,,,,,,
12,,,,42979,,,,,,,,,,,0.20603492856025696,,,,,,,,,,,,
12,,,,42999,,,,,,,,,,,0.02092144265770912,,,,,,,,,,,,
12,,,,43019,,,,,,,,,,,0.05148535221815109,,,,,,,,,,,,
12,,,,43039,,,,,,,,,,,0.018312891945242882,,,,,,,,,,,,
12,,,,43059,,,,,,,,,,,0.04587969183921814,,,,,,,,,,,,
12,,,,43079,,,,,,,,,,,0.027227800339460373,,,,,,,,,,,,
12,,,,43099,,,,,,,,,,,0.025458965450525284,,,,,,,,,,,,
12,,,,43119,,,,,,,,,,,0.12098471820354462,,,,,,,,,,,,
12,,,,43139,,,,,,,,,,,0.4307585656642914,,,,,,,,,,,,
12,,,,43159,,,,,,,,,,,0.10743046551942825,,,,,,,,,,,,
12,,,,43179,,,,,,,,,,,0.03014393150806427,,,,,,,,,,,,
12,,,,43199,,,,,,,,,,,0.020585723221302032,,,,,,,,,,,,
12,,,,43219,,,,,,,,,,,0.14184501767158508,,,,,,,,,,,,
12,,,,43239,,,,,,,,,,,0.024146120995283127,,,,,,,,,,,,
12,,,,43259,,,,,,,,,,,0.022662034258246422,,,,,,,,,,,,
12,,,,43279,,,,,,,,,,,0.06491948664188385,,,,,,,,,,,,
12,,,,43299,,,,,,,,,,,0.015001564286649227,,,,,,,,,,,,
12,,,,43319,,,,,,,,,,,0.020849941298365593,,,,,,,,,,,,
12,,,,43339,,,,,,,,,,,0.016866888850927353,,,,,,,,,,,,
12,,,,43359,,,,,,,,,,,0.023273663595318794,,,,,,,,,,,,
12,,,,43379,,,,,,,,,,,0.06901860237121582,,,,,,,,,,,,
12,,,,43399,,,,,,,,,,,0.02210359275341034,,,,,,,,,,,,
12,,,,43419,,,,,,,,,,,0.016751835122704506,,,,,,,,,,,,
12,,,,43439,,,,,,,,,,,0.08119426667690277,,,,,,,,,,,,
12,,,,43459,,,,,,,,,,,0.19165432453155518,,,,,,,,,,,,
12,,,,43479,,,,,,,,,,,0.05837995931506157,,,,,,,,,,,,
12,,,,43499,,,,,,,,,,,0.16257613897323608,,,,,,,,,,,,
12,,,,43519,,,,,,,,,,,0.17000825703144073,,,,,,,,,,,,
12,,,,43539,,,,,,,,,,,0.018018454313278198,,,,,,,,,,,,
12,,,,43559,,,,,,,,,,,0.01376152504235506,,,,,,,,,,,,
12,,,,43579,,,,,,,,,,,0.10933913290500641,,,,,,,,,,,,
12,,,,43599,,,,,,,,,,,0.03924287110567093,,,,,,,,,,,,
12,,,,43619,,,,,,,,,,,0.0397796630859375,,,,,,,,,,,,
12,,,,43639,,,,,,,,,,,0.026894962415099144,,,,,,,,,,,,
12,,,,43659,,,,,,,,,,,0.014273863285779953,,,,,,,,,,,,
12,,,,43679,,,,,,,,,,,0.01994992606341839,,,,,,,,,,,,
12,,,,43699,,,,,,,,,,,0.06040497496724129,,,,,,,,,,,,
12,,,,43719,,,,,,,,,,,0.07061240822076797,,,,,,,,,,,,
12,,,,43739,,,,,,,,,,,0.32867690920829773,,,,,,,,,,,,
12,,,,43759,,,,,,,,,,,0.047169752418994904,,,,,,,,,,,,
12,,,,43779,,,,,,,,,,,0.013847722671926022,,,,,,,,,,,,
12,,,,43799,,,,,,,,,,,0.24647633731365204,,,,,,,,,,,,
12,,,,43819,,,,,,,,,,,0.022784002125263214,,,,,,,,,,,,
12,,,,43839,,,,,,,,,,,0.015858501195907593,,,,,,,,,,,,
12,,,,43859,,,,,,,,,,,0.244139164686203,,,,,,,,,,,,
12,,,,43879,,,,,,,,,,,0.051550138741731644,,,,,,,,,,,,
12,,,,43899,,,,,,,,,,,0.019808214157819748,,,,,,,,,,,,
12,,,,43919,,,,,,,,,,,0.026383038610219955,,,,,,,,,,,,
12,,,,43939,,,,,,,,,,,0.021781664341688156,,,,,,,,,,,,
12,,,,43959,,,,,,,,,,,0.023459531366825104,,,,,,,,,,,,
12,,,,43979,,,,,,,,,,,0.04475901648402214,,,,,,,,,,,,
12,,,,43999,,,,,,,,,,,0.019612474367022514,,,,,,,,,,,,
12,,,,44019,,,,,,,,,,,0.05651048943400383,,,,,,,,,,,,
12,,,,44039,,,,,,,,,,,0.02720019780099392,,,,,,,,,,,,
12,,,,44059,,,,,,,,,,,0.023376837372779846,,,,,,,,,,,,
12,,,,44079,,,,,,,,,,,0.04429001361131668,,,,,,,,,,,,
12,,,,44099,,,,,,,,,,,0.03878724202513695,,,,,,,,,,,,
12,,,,44119,,,,,,,,,,,0.04802544414997101,,,,,,,,,,,,
12,,,,44139,,,,,,,,,,,0.03336526080965996,,,,,,,,,,,,
12,,,,44159,,,,,,,,,,,0.2023850381374359,,,,,,,,,,,,
12,,,,44179,,,,,,,,,,,0.02094285748898983,,,,,,,,,,,,
12,,,,44199,,,,,,,,,,,0.03555189073085785,,,,,,,,,,,,
12,,,,44219,,,,,,,,,,,0.02586498111486435,,,,,,,,,,,,
12,,,,44239,,,,,,,,,,,0.03684932738542557,,,,,,,,,,,,
12,,,,44259,,,,,,,,,,,0.06483139097690582,,,,,,,,,,,,
12,,,,44279,,,,,,,,,,,0.3044624626636505,,,,,,,,,,,,
12,,,,44299,,,,,,,,,,,0.026309847831726074,,,,,,,,,,,,
12,,,,44319,,,,,,,,,,,0.06591349095106125,,,,,,,,,,,,
12,,,,44339,,,,,,,,,,,0.2424970418214798,,,,,,,,,,,,
12,,,,44359,,,,,,,,,,,0.026492828503251076,,,,,,,,,,,,
12,,,,44379,,,,,,,,,,,0.04980432242155075,,,,,,,,,,,,
12,,,,44399,,,,,,,,,,,0.08877623826265335,,,,,,,,,,,,
12,,,,44419,,,,,,,,,,,0.02058526873588562,,,,,,,,,,,,
12,,,,44439,,,,,,,,,,,0.01868516206741333,,,,,,,,,,,,
12,,,,44459,,,,,,,,,,,0.014718148857355118,,,,,,,,,,,,
12,,,,44479,,,,,,,,,,,0.030151303857564926,,,,,,,,,,,,
12,,,,44499,,,,,,,,,,,0.038354530930519104,,,,,,,,,,,,
12,,,,44519,,,,,,,,,,,0.027826761826872826,,,,,,,,,,,,
12,,,,44539,,,,,,,,,,,0.03761540353298187,,,,,,,,,,,,
12,,,,44559,,,,,,,,,,,0.019261615350842476,,,,,,,,,,,,
12,,,,44579,,,,,,,,,,,0.05677264556288719,,,,,,,,,,,,
12,,,,44599,,,,,,,,,,,0.05411951243877411,,,,,,,,,,,,
12,,,,44619,,,,,,,,,,,0.014279980212450027,,,,,,,,,,,,
12,,,,44639,,,,,,,,,,,0.03421736881136894,,,,,,,,,,,,
12,,,,44659,,,,,,,,,,,0.027056116610765457,,,,,,,,,,,,
12,,,,44679,,,,,,,,,,,0.09389092773199081,,,,,,,,,,,,
12,,,,44699,,,,,,,,,,,0.11724292486906052,,,,,,,,,,,,
12,,,,44719,,,,,,,,,,,0.09493313729763031,,,,,,,,,,,,
12,,,,44739,,,,,,,,,,,0.020674027502536774,,,,,,,,,,,,
12,,,,44759,,,,,,,,,,,0.013266930356621742,,,,,,,,,,,,
12,,,,44779,,,,,,,,,,,0.11565639823675156,,,,,,,,,,,,
12,,,,44799,,,,,,,,,,,0.0156631488353014,,,,,,,,,,,,
12,,,,44819,,,,,,,,,,,0.02980630286037922,,,,,,,,,,,,
12,,,,44839,,,,,,,,,,,0.016508635133504868,,,,,,,,,,,,
12,,,,44859,,,,,,,,,,,0.16102254390716553,,,,,,,,,,,,
12,,,,44879,,,,,,,,,,,0.035212647169828415,,,,,,,,,,,,
12,,,,44899,,,,,,,,,,,0.022266365587711334,,,,,,,,,,,,
12,,,,44919,,,,,,,,,,,0.19678260385990143,,,,,,,,,,,,
12,,,,44939,,,,,,,,,,,0.027196016162633896,,,,,,,,,,,,
12,,,,44959,,,,,,,,,,,0.3089906573295593,,,,,,,,,,,,
12,,,,44979,,,,,,,,,,,0.0964684933423996,,,,,,,,,,,,
12,,,,44999,,,,,,,,,,,0.15080896019935608,,,,,,,,,,,,
12,,,,45019,,,,,,,,,,,0.01728525198996067,,,,,,,,,,,,
12,,,,45039,,,,,,,,,,,0.032616958022117615,,,,,,,,,,,,
12,,,,45059,,,,,,,,,,,0.10629241168498993,,,,,,,,,,,,
12,,,,45079,,,,,,,,,,,0.01943003572523594,,,,,,,,,,,,
12,,,,45099,,,,,,,,,,,0.03796087205410004,,,,,,,,,,,,
12,,,,45119,,,,,,,,,,,0.03651760518550873,,,,,,,,,,,,
12,,,,45139,,,,,,,,,,,0.0573885403573513,,,,,,,,,,,,
12,,,,45159,,,,,,,,,,,0.30810078978538513,,,,,,,,,,,,
12,,,,45179,,,,,,,,,,,0.0896860808134079,,,,,,,,,,,,
12,,,,45199,,,,,,,,,,,0.03569351136684418,,,,,,,,,,,,
12,,,,45219,,,,,,,,,,,0.03454536199569702,,,,,,,,,,,,
12,,,,45239,,,,,,,,,,,0.07002066820859909,,,,,,,,,,,,
12,,,,45259,,,,,,,,,,,0.037403468042612076,,,,,,,,,,,,
12,,,,45265,,,,,,,,,,,,0.6453835964202881,0.8598016500473022,0.6500272750854492,0.9636216759681702,0.6640713214874268,0.5564289093017578,0.6792244911193848,0.606662392616272,0.6697297692298889,0.7979509234428406,0.5819421410560608,0.6453835964202881
12,,,,45265,,,,,,,,,0.9580980539321899,0.06440628319978714,,,,,,,,,,,,,
,0.00023037401924684946,0.00023037401924684946,2.3037401924684947e-05,45266,,,,,,,,,,,,,,,,,,,,,,,
13,,,,45279,,,,,,,,,,,0.014742488041520119,,,,,,,,,,,,
13,,,,45299,,,,,,,,,,,0.0690690129995346,,,,,,,,,,,,
13,,,,45319,,,,,,,,,,,0.17585209012031555,,,,,,,,,,,,
13,,,,45339,,,,,,,,,,,0.0336482971906662,,,,,,,,,,,,
13,,,,45359,,,,,,,,,,,0.09121528267860413,,,,,,,,,,,,
13,,,,45379,,,,,,,,,,,0.03958749771118164,,,,,,,,,,,,
13,,,,45399,,,,,,,,,,,0.013500075787305832,,,,,,,,,,,,
13,,,,45419,,,,,,,,,,,0.02132502570748329,,,,,,,,,,,,
13,,,,45439,,,,,,,,,,,0.042483530938625336,,,,,,,,,,,,
13,,,,45459,,,,,,,,,,,0.04332764819264412,,,,,,,,,,,,
13,,,,45479,,,,,,,,,,,0.05130721256136894,,,,,,,,,,,,
13,,,,45499,,,,,,,,,,,0.06714633107185364,,,,,,,,,,,,
13,,,,45519,,,,,,,,,,,0.049735259264707565,,,,,,,,,,,,
13,,,,45539,,,,,,,,,,,0.01907890848815441,,,,,,,,,,,,
13,,,,45559,,,,,,,,,,,0.016461919993162155,,,,,,,,,,,,
13,,,,45579,,,,,,,,,,,0.06651247292757034,,,,,,,,,,,,
13,,,,45599,,,,,,,,,,,0.03765149042010307,,,,,,,,,,,,
13,,,,45619,,,,,,,,,,,0.02271880954504013,,,,,,,,,,,,
13,,,,45639,,,,,,,,,,,0.06490074098110199,,,,,,,,,,,,
13,,,,45659,,,,,,,,,,,0.02191552333533764,,,,,,,,,,,,
13,,,,45679,,,,,,,,,,,0.08102378249168396,,,,,,,,,,,,
13,,,,45699,,,,,,,,,,,0.02688339166343212,,,,,,,,,,,,
13,,,,45719,,,,,,,,,,,0.04778594523668289,,,,,,,,,,,,
13,,,,45739,,,,,,,,,,,0.028635945171117783,,,,,,,,,,,,
13,,,,45759,,,,,,,,,,,0.012889806181192398,,,,,,,,,,,,
13,,,,45779,,,,,,,,,,,0.015398111194372177,,,,,,,,,,,,
13,,,,45799,,,,,,,,,,,0.027902284637093544,,,,,,,,,,,,
13,,,,45819,,,,,,,,,,,0.06297633051872253,,,,,,,,,,,,
13,,,,45839,,,,,,,,,,,0.015440735965967178,,,,,,,,,,,,
13,,,,45859,,,,,,,,,,,0.020015012472867966,,,,,,,,,,,,
13,,,,45879,,,,,,,,,,,0.03458636254072189,,,,,,,,,,,,
13,,,,45899,,,,,,,,,,,0.038179416209459305,,,,,,,,,,,,
13,,,,45919,,,,,,,,,,,0.043894559144973755,,,,,,,,,,,,
13,,,,45939,,,,,,,,,,,0.027791494503617287,,,,,,,,,,,,
13,,,,45959,,,,,,,,,,,0.030179111286997795,,,,,,,,,,,,
13,,,,45979,,,,,,,,,,,0.02751230075955391,,,,,,,,,,,,
13,,,,45999,,,,,,,,,,,0.10708421468734741,,,,,,,,,,,,
13,,,,46019,,,,,,,,,,,0.08519099652767181,,,,,,,,,,,,
13,,,,46039,,,,,,,,,,,0.026190700009465218,,,,,,,,,,,,
13,,,,46059,,,,,,,,,,,0.043882258236408234,,,,,,,,,,,,
13,,,,46079,,,,,,,,,,,0.01860281080007553,,,,,,,,,,,,
13,,,,46099,,,,,,,,,,,0.06438766419887543,,,,,,,,,,,,
13,,,,46119,,,,,,,,,,,0.058146871626377106,,,,,,,,,,,,
13,,,,46139,,,,,,,,,,,0.023797011002898216,,,,,,,,,,,,
13,,,,46159,,,,,,,,,,,0.07158850133419037,,,,,,,,,,,,
13,,,,46179,,,,,,,,,,,0.11959371715784073,,,,,,,,,,,,
13,,,,46199,,,,,,,,,,,0.02528693526983261,,,,,,,,,,,,
13,,,,46219,,,,,,,,,,,0.01899423450231552,,,,,,,,,,,,
13,,,,46239,,,,,,,,,,,0.03317730873823166,,,,,,,,,,,,
13,,,,46259,,,,,,,,,,,0.01803959347307682,,,,,,,,,,,,
13,,,,46279,,,,,,,,,,,0.039539869874715805,,,,,,,,,,,,
13,,,,46299,,,,,,,,,,,0.08602672815322876,,,,,,,,,,,,
13,,,,46319,,,,,,,,,,,0.020943356677889824,,,,,,,,,,,,
13,,,,46339,,,,,,,,,,,0.053510405123233795,,,,,,,,,,,,
13,,,,46359,,,,,,,,,,,0.16666077077388763,,,,,,,,,,,,
13,,,,46379,,,,,,,,,,,0.01937093213200569,,,,,,,,,,,,
13,,,,46399,,,,,,,,,,,0.03321780264377594,,,,,,,,,,,,
13,,,,46419,,,,,,,,,,,0.1591862291097641,,,,,,,,,,,,
13,,,,46439,,,,,,,,,,,0.046501994132995605,,,,,,,,,,,,
13,,,,46459,,,,,,,,,,,0.04062317684292793,,,,,,,,,,,,
13,,,,46479,,,,,,,,,,,0.018199454993009567,,,,,,,,,,,,
13,,,,46499,,,,,,,,,,,0.01786339282989502,,,,,,,,,,,,
13,,,,46519,,,,,,,,,,,0.03156277537345886,,,,,,,,,,,,
13,,,,46539,,,,,,,,,,,0.050730954855680466,,,,,,,,,,,,
13,,,,46559,,,,,,,,,,,0.12556736171245575,,,,,,,,,,,,
13,,,,46579,,,,,,,,,,,0.03401840105652809,,,,,,,,,,,,
13,,,,46599,,,,,,,,,,,0.01261509582400322,,,,,,,,,,,,
13,,,,46619,,,,,,,,,,,0.06409639120101929,,,,,,,,,,,,
13,,,,46639,,,,,,,,,,,0.01777764782309532,,,,,,,,,,,,
13,,,,46659,,,,,,,,,,,0.07925695925951004,,,,,,,,,,,,
13,,,,46679,,,,,,,,,,,0.028973914682865143,,,,,,,,,,,,
13,,,,46699,,,,,,,,,,,0.10866253077983856,,,,,,,,,,,,
13,,,,46719,,,,,,,,,,,0.019012050703167915,,,,,,,,,,,,
13,,,,46739,,,,,,,,,,,0.01550064142793417,,,,,,,,,,,,
13,,,,46759,,,,,,,,,,,0.025195268914103508,,,,,,,,,,,,
13,,,,46779,,,,,,,,,,,0.04689706116914749,,,,,,,,,,,,
13,,,,46799,,,,,,,,,,,0.09153714776039124,,,,,,,,,,,,
13,,,,46819,,,,,,,,,,,0.015014199540019035,,,,,,,,,,,,
13,,,,46839,,,,,,,,,,,0.08349370956420898,,,,,,,,,,,,
13,,,,46859,,,,,,,,,,,0.07574940472841263,,,,,,,,,,,,
13,,,,46879,,,,,,,,,,,0.14513897895812988,,,,,,,,,,,,
13,,,,46899,,,,,,,,,,,0.05892980098724365,,,,,,,,,,,,
13,,,,46919,,,,,,,,,,,0.01926945149898529,,,,,,,,,,,,
13,,,,46939,,,,,,,,,,,0.06335578113794327,,,,,,,,,,,,
13,,,,46959,,,,,,,,,,,0.018029581755399704,,,,,,,,,,,,
13,,,,46979,,,,,,,,,,,0.05363302677869797,,,,,,,,,,,,
13,,,,46999,,,,,,,,,,,0.16782906651496887,,,,,,,,,,,,
13,,,,47019,,,,,,,,,,,0.18715079128742218,,,,,,,,,,,,
13,,,,47039,,,,,,,,,,,0.18837878108024597,,,,,,,,,,,,
13,,,,47059,,,,,,,,,,,0.02990124002099037,,,,,,,,,,,,
13,,,,47079,,,,,,,,,,,0.014226001687347889,,,,,,,,,,,,
13,,,,47099,,,,,,,,,,,0.018491722643375397,,,,,,,,,,,,
13,,,,47119,,,,,,,,,,,0.03509867191314697,,,,,,,,,,,,
13,,,,47139,,,,,,,,,,,0.025861689820885658,,,,,,,,,,,,
13,,,,47159,,,,,,,,,,,0.019020050764083862,,,,,,,,,,,,
13,,,,47179,,,,,,,,,,,0.033495739102363586,,,,,,,,,,,,
13,,,,47199,,,,,,,,,,,0.05103667080402374,,,,,,,,,,,,
13,,,,47219,,,,,,,,,,,0.038220882415771484,,,,,,,,,,,,
13,,,,47239,,,,,,,,,,,0.09115622192621231,,,,,,,,,,,,
13,,,,47259,,,,,,,,,,,0.026736337691545486,,,,,,,,,,,,
13,,,,47279,,,,,,,,,,,0.01589251309633255,,,,,,,,,,,,
13,,,,47299,,,,,,,,,,,0.021598488092422485,,,,,,,,,,,,
13,,,,47319,,,,,,,,,,,0.02399744838476181,,,,,,,,,,,,
13,,,,47339,,,,,,,,,,,0.030405111610889435,,,,,,,,,,,,
13,,,,47359,,,,,,,,,,,0.14232328534126282,,,,,,,,,,,,
13,,,,47379,,,,,,,,,,,0.11815906316041946,,,,,,,,,,,,
13,,,,47399,,,,,,,,,,,0.17558352649211884,,,,,,,,,,,,
13,,,,47419,,,,,,,,,,,0.02991459146142006,,,,,,,,,,,,
13,,,,47439,,,,,,,,,,,0.04859386384487152,,,,,,,,,,,,
13,,,,47459,,,,,,,,,,,0.02307838387787342,,,,,,,,,,,,
13,,,,47479,,,,,,,,,,,0.02091933786869049,,,,,,,,,,,,
13,,,,47499,,,,,,,,,,,0.05423958599567413,,,,,,,,,,,,
13,,,,47519,,,,,,,,,,,0.013659477233886719,,,,,,,,,,,,
13,,,,47539,,,,,,,,,,,0.03819524869322777,,,,,,,,,,,,
13,,,,47559,,,,,,,,,,,0.025846637785434723,,,,,,,,,,,,
13,,,,47579,,,,,,,,,,,0.04614854231476784,,,,,,,,,,,,
13,,,,47599,,,,,,,,,,,0.0413096621632576,,,,,,,,,,,,
13,,,,47619,,,,,,,,,,,0.034303613007068634,,,,,,,,,,,,
13,,,,47639,,,,,,,,,,,0.13472898304462433,,,,,,,,,,,,
13,,,,47659,,,,,,,,,,,0.06675084680318832,,,,,,,,,,,,
13,,,,47679,,,,,,,,,,,0.023714512586593628,,,,,,,,,,,,
13,,,,47699,,,,,,,,,,,0.027801714837551117,,,,,,,,,,,,
13,,,,47719,,,,,,,,,,,0.05977217108011246,,,,,,,,,,,,
13,,,,47739,,,,,,,,,,,0.023328566923737526,,,,,,,,,,,,
13,,,,47759,,,,,,,,,,,0.11244753748178482,,,,,,,,,,,,
13,,,,47779,,,,,,,,,,,0.07742869108915329,,,,,,,,,,,,
13,,,,47799,,,,,,,,,,,0.0576133206486702,,,,,,,,,,,,
13,,,,47819,,,,,,,,,,,0.033132120966911316,,,,,,,,,,,,
13,,,,47839,,,,,,,,,,,0.020465126261115074,,,,,,,,,,,,
13,,,,47859,,,,,,,,,,,0.014793029986321926,,,,,,,,,,,,
13,,,,47879,,,,,,,,,,,0.024150365963578224,,,,,,,,,,,,
13,,,,47899,,,,,,,,,,,0.029647238552570343,,,,,,,,,,,,
13,,,,47919,,,,,,,,,,,0.1744678020477295,,,,,,,,,,,,
13,,,,47939,,,,,,,,,,,0.193930983543396,,,,,,,,,,,,
13,,,,47959,,,,,,,,,,,0.01697179488837719,,,,,,,,,,,,
13,,,,47979,,,,,,,,,,,0.15150699019432068,,,,,,,,,,,,
13,,,,47999,,,,,,,,,,,0.020276179537177086,,,,,,,,,,,,
13,,,,48019,,,,,,,,,,,0.021977953612804413,,,,,,,,,,,,
13,,,,48039,,,,,,,,,,,0.02772589586675167,,,,,,,,,,,,
13,,,,48059,,,,,,,,,,,0.03828657418489456,,,,,,,,,,,,
13,,,,48079,,,,,,,,,,,0.025634966790676117,,,,,,,,,,,,
13,,,,48099,,,,,,,,,,,0.02005413919687271,,,,,,,,,,,,
13,,,,48119,,,,,,,,,,,0.02352450042963028,,,,,,,,,,,,
13,,,,48139,,,,,,,,,,,0.018776390701532364,,,,,,,,,,,,
13,,,,48159,,,,,,,,,,,0.013021827675402164,,,,,,,,,,,,
13,,,,48179,,,,,,,,,,,0.025629591196775436,,,,,,,,,,,,
13,,,,48199,,,,,,,,,,,0.016011983156204224,,,,,,,,,,,,
13,,,,48219,,,,,,,,,,,0.03163669630885124,,,,,,,,,,,,
13,,,,48239,,,,,,,,,,,0.02541290409862995,,,,,,,,,,,,
13,,,,48259,,,,,,,,,,,0.07418844848871231,,,,,,,,,,,,
13,,,,48279,,,,,,,,,,,0.034661922603845596,,,,,,,,,,,,
13,,,,48299,,,,,,,,,,,0.024755127727985382,,,,,,,,,,,,
13,,,,48319,,,,,,,,,,,0.015682244673371315,,,,,,,,,,,,
13,,,,48339,,,,,,,,,,,0.11613350361585617,,,,,,,,,,,,
13,,,,48359,,,,,,,,,,,0.030426612123847008,,,,,,,,,,,,
13,,,,48379,,,,,,,,,,,0.02915443852543831,,,,,,,,,,,,
13,,,,48399,,,,,,,,,,,0.05012659355998039,,,,,,,,,,,,
13,,,,48419,,,,,,,,,,,0.028229091316461563,,,,,,,,,,,,
13,,,,48439,,,,,,,,,,,0.03878080099821091,,,,,,,,,,,,
13,,,,48459,,,,,,,,,,,0.025965597480535507,,,,,,,,,,,,
13,,,,48479,,,,,,,,,,,0.2767232358455658,,,,,,,,,,,,
13,,,,48499,,,,,,,,,,,0.0260941032320261,,,,,,,,,,,,
13,,,,48519,,,,,,,,,,,0.028464315459132195,,,,,,,,,,,,
13,,,,48539,,,,,,,,,,,0.05475986376404762,,,,,,,,,,,,
13,,,,48559,,,,,,,,,,,0.0181143619120121,,,,,,,,,,,,
13,,,,48579,,,,,,,,,,,0.034825362265110016,,,,,,,,,,,,
13,,,,48599,,,,,,,,,,,0.040543124079704285,,,,,,,,,,,,
13,,,,48619,,,,,,,,,,,0.2737487256526947,,,,,,,,,,,,
13,,,,48639,,,,,,,,,,,0.018459590151906013,,,,,,,,,,,,
13,,,,48659,,,,,,,,,,,0.04562260955572128,,,,,,,,,,,,
13,,,,48679,,,,,,,,,,,0.13361869752407074,,,,,,,,,,,,
13,,,,48699,,,,,,,,,,,0.24204394221305847,,,,,,,,,,,,
13,,,,48719,,,,,,,,,,,0.023988667875528336,,,,,,,,,,,,
13,,,,48739,,,,,,,,,,,0.13806310296058655,,,,,,,,,,,,
13,,,,48747,,,,,,,,,,,,0.6497305631637573,0.8502897024154663,0.6557493805885315,0.9767784476280212,0.6684862971305847,0.5685875415802002,0.6897265315055847,0.6113195419311523,0.7083333134651184,0.7767935395240784,0.5774987936019897,0.6497305631637573
13,,,,48747,,,,,,,,,0.9612192511558533,0.06082409247756004,,,,,,,,,,,,,
,0.00021386689373476087,0.00021386689373476087,2.1386689373476088e-05,48748,,,,,,,,,,,,,,,,,,,,,,,
14,,,,48759,,,,,,,,,,,0.028387369588017464,,,,,,,,,,,,
14,,,,48779,,,,,,,,,,,0.1684216558933258,,,,,,,,,,,,
14,,,,48799,,,,,,,,,,,0.016979143023490906,,,,,,,,,,,,
14,,,,48819,,,,,,,,,,,0.027626873925328255,,,,,,,,,,,,
14,,,,48839,,,,,,,,,,,0.029861943796277046,,,,,,,,,,,,
14,,,,48859,,,,,,,,,,,0.02470063790678978,,,,,,,,,,,,
14,,,,48879,,,,,,,,,,,0.03092588298022747,,,,,,,,,,,,
14,,,,48899,,,,,,,,,,,0.019920334219932556,,,,,,,,,,,,
14,,,,48919,,,,,,,,,,,0.014825674705207348,,,,,,,,,,,,
14,,,,48939,,,,,,,,,,,0.027196014299988747,,,,,,,,,,,,
14,,,,48959,,,,,,,,,,,0.016616571694612503,,,,,,,,,,,,
14,,,,48979,,,,,,,,,,,0.021003348752856255,,,,,,,,,,,,
14,,,,48999,,,,,,,,,,,0.017129626125097275,,,,,,,,,,,,
14,,,,49019,,,,,,,,,,,0.04175258055329323,,,,,,,,,,,,
14,,,,49039,,,,,,,,,,,0.04972910135984421,,,,,,,,,,,,
14,,,,49059,,,,,,,,,,,0.014853558503091335,,,,,,,,,,,,
14,,,,49079,,,,,,,,,,,0.04647578299045563,,,,,,,,,,,,
14,,,,49099,,,,,,,,,,,0.12630200386047363,,,,,,,,,,,,
14,,,,49119,,,,,,,,,,,0.016706522554159164,,,,,,,,,,,,
14,,,,49139,,,,,,,,,,,0.013777495361864567,,,,,,,,,,,,
14,,,,49159,,,,,,,,,,,0.03082934208214283,,,,,,,,,,,,
14,,,,49179,,,,,,,,,,,0.014567640610039234,,,,,,,,,,,,
14,,,,49199,,,,,,,,,,,0.031117144972085953,,,,,,,,,,,,
14,,,,49219,,,,,,,,,,,0.09814522415399551,,,,,,,,,,,,
14,,,,49239,,,,,,,,,,,0.034192588180303574,,,,,,,,,,,,
14,,,,49259,,,,,,,,,,,0.02237802743911743,,,,,,,,,,,,
14,,,,49279,,,,,,,,,,,0.043299417942762375,,,,,,,,,,,,
14,,,,49299,,,,,,,,,,,0.027224525809288025,,,,,,,,,,,,
14,,,,49319,,,,,,,,,,,0.017118794843554497,,,,,,,,,,,,
14,,,,49339,,,,,,,,,,,0.01660074107348919,,,,,,,,,,,,
14,,,,49359,,,,,,,,,,,0.028255606070160866,,,,,,,,,,,,
14,,,,49379,,,,,,,,,,,0.01690211333334446,,,,,,,,,,,,
14,,,,49399,,,,,,,,,,,0.026468224823474884,,,,,,,,,,,,
14,,,,49419,,,,,,,,,,,0.0430574007332325,,,,,,,,,,,,
14,,,,49439,,,,,,,,,,,0.03476608544588089,,,,,,,,,,,,
14,,,,49459,,,,,,,,,,,0.015700632706284523,,,,,,,,,,,,
14,,,,49479,,,,,,,,,,,0.02530723437666893,,,,,,,,,,,,
14,,,,49499,,,,,,,,,,,0.04800622910261154,,,,,,,,,,,,
14,,,,49519,,,,,,,,,,,0.02512645721435547,,,,,,,,,,,,
14,,,,49539,,,,,,,,,,,0.020101506263017654,,,,,,,,,,,,
14,,,,49559,,,,,,,,,,,0.013420235365629196,,,,,,,,,,,,
14,,,,49579,,,,,,,,,,,0.02385946922004223,,,,,,,,,,,,
14,,,,49599,,,,,,,,,,,0.03377140313386917,,,,,,,,,,,,
14,,,,49619,,,,,,,,,,,0.020341601222753525,,,,,,,,,,,,
14,,,,49639,,,,,,,,,,,0.014326253905892372,,,,,,,,,,,,
14,,,,49659,,,,,,,,,,,0.04232308641076088,,,,,,,,,,,,
14,,,,49679,,,,,,,,,,,0.018899088725447655,,,,,,,,,,,,
14,,,,49699,,,,,,,,,,,0.044322669506073,,,,,,,,,,,,
14,,,,49719,,,,,,,,,,,0.07591641694307327,,,,,,,,,,,,
14,,,,49739,,,,,,,,,,,0.07866999506950378,,,,,,,,,,,,
14,,,,49759,,,,,,,,,,,0.022544849663972855,,,,,,,,,,,,
14,,,,49779,,,,,,,,,,,0.025431562215089798,,,,,,,,,,,,
14,,,,49799,,,,,,,,,,,0.028322545811533928,,,,,,,,,,,,
14,,,,49819,,,,,,,,,,,0.03340498358011246,,,,,,,,,,,,
14,,,,49839,,,,,,,,,,,0.02130085602402687,,,,,,,,,,,,
14,,,,49859,,,,,,,,,,,0.10127140581607819,,,,,,,,,,,,
14,,,,49879,,,,,,,,,,,0.017678067088127136,,,,,,,,,,,,
14,,,,49899,,,,,,,,,,,0.0198164414614439,,,,,,,,,,,,
14,,,,49919,,,,,,,,,,,0.1561022698879242,,,,,,,,,,,,
14,,,,49939,,,,,,,,,,,0.08850963413715363,,,,,,,,,,,,
14,,,,49959,,,,,,,,,,,0.10486207157373428,,,,,,,,,,,,
14,,,,49979,,,,,,,,,,,0.023244578391313553,,,,,,,,,,,,
14,,,,49999,,,,,,,,,,,0.025761377066373825,,,,,,,,,,,,
14,,,,50019,,,,,,,,,,,0.1663663387298584,,,,,,,,,,,,
14,,,,50039,,,,,,,,,,,0.05995509773492813,,,,,,,,,,,,
14,,,,50059,,,,,,,,,,,0.27678680419921875,,,,,,,,,,,,
14,,,,50079,,,,,,,,,,,0.04444839805364609,,,,,,,,,,,,
14,,,,50099,,,,,,,,,,,0.03821345418691635,,,,,,,,,,,,
14,,,,50119,,,,,,,,,,,0.15293774008750916,,,,,,,,,,,,
14,,,,50139,,,,,,,,,,,0.021169506013393402,,,,,,,,,,,,
14,,,,50159,,,,,,,,,,,0.02194133959710598,,,,,,,,,,,,
14,,,,50179,,,,,,,,,,,0.030176999047398567,,,,,,,,,,,,
14,,,,50199,,,,,,,,,,,0.023188766092061996,,,,,,,,,,,,
14,,,,50219,,,,,,,,,,,0.019486192613840103,,,,,,,,,,,,
14,,,,50239,,,,,,,,,,,0.05485449731349945,,,,,,,,,,,,
14,,,,50259,,,,,,,,,,,0.028300374746322632,,,,,,,,,,,,
14,,,,50279,,,,,,,,,,,0.03532830998301506,,,,,,,,,,,,
14,,,,50299,,,,,,,,,,,0.019068140536546707,,,,,,,,,,,,
14,,,,50319,,,,,,,,,,,0.04483312368392944,,,,,,,,,,,,
14,,,,50339,,,,,,,,,,,0.06535040587186813,,,,,,,,,,,,
14,,,,50359,,,,,,,,,,,0.06209205463528633,,,,,,,,,,,,
14,,,,50379,,,,,,,,,,,0.1331113576889038,,,,,,,,,,,,
14,,,,50399,,,,,,,,,,,0.0210846196860075,,,,,,,,,,,,
14,,,,50419,,,,,,,,,,,0.02348971925675869,,,,,,,,,,,,
14,,,,50439,,,,,,,,,,,0.013114056549966335,,,,,,,,,,,,
14,,,,50459,,,,,,,,,,,0.05881804972887039,,,,,,,,,,,,
14,,,,50479,,,,,,,,,,,0.11008837819099426,,,,,,,,,,,,
14,,,,50499,,,,,,,,,,,0.03230587765574455,,,,,,,,,,,,
14,,,,50519,,,,,,,,,,,0.026530783623456955,,,,,,,,,,,,
14,,,,50539,,,,,,,,,,,0.023878999054431915,,,,,,,,,,,,
14,,,,50559,,,,,,,,,,,0.08933459967374802,,,,,,,,,,,,
14,,,,50579,,,,,,,,,,,0.031027819961309433,,,,,,,,,,,,
14,,,,50599,,,,,,,,,,,0.027031676843762398,,,,,,,,,,,,
14,,,,50619,,,,,,,,,,,0.024049419909715652,,,,,,,,,,,,
14,,,,50639,,,,,,,,,,,0.012713735923171043,,,,,,,,,,,,
14,,,,50659,,,,,,,,,,,0.1059982180595398,,,,,,,,,,,,
14,,,,50679,,,,,,,,,,,0.020792581140995026,,,,,,,,,,,,
14,,,,50699,,,,,,,,,,,0.10152071714401245,,,,,,,,,,,,
14,,,,50719,,,,,,,,,,,0.3737810552120209,,,,,,,,,,,,
14,,,,50739,,,,,,,,,,,0.018716584891080856,,,,,,,,,,,,
14,,,,50759,,,,,,,,,,,0.019333476200699806,,,,,,,,,,,,
14,,,,50779,,,,,,,,,,,0.1442267894744873,,,,,,,,,,,,
14,,,,50799,,,,,,,,,,,0.027125993743538857,,,,,,,,,,,,
14,,,,50819,,,,,,,,,,,0.0418652780354023,,,,,,,,,,,,
14,,,,50839,,,,,,,,,,,0.01905244216322899,,,,,,,,,,,,
14,,,,50859,,,,,,,,,,,0.029768723994493484,,,,,,,,,,,,
14,,,,50879,,,,,,,,,,,0.03513597697019577,,,,,,,,,,,,
14,,,,50899,,,,,,,,,,,0.10400348901748657,,,,,,,,,,,,
14,,,,50919,,,,,,,,,,,0.014403464272618294,,,,,,,,,,,,
14,,,,50939,,,,,,,,,,,0.02020169422030449,,,,,,,,,,,,
14,,,,50959,,,,,,,,,,,0.12579700350761414,,,,,,,,,,,,
14,,,,50979,,,,,,,,,,,0.1683519333600998,,,,,,,,,,,,
14,,,,50999,,,,,,,,,,,0.01703101210296154,,,,,,,,,,,,
14,,,,51019,,,,,,,,,,,0.024484921246767044,,,,,,,,,,,,
14,,,,51039,,,,,,,,,,,0.022101102396845818,,,,,,,,,,,,
14,,,,51059,,,,,,,,,,,0.027175091207027435,,,,,,,,,,,,
14,,,,51079,,,,,,,,,,,0.1786799132823944,,,,,,,,,,,,
14,,,,51099,,,,,,,,,,,0.17336805164813995,,,,,,,,,,,,
14,,,,51119,,,,,,,,,,,0.029643665999174118,,,,,,,,,,,,
14,,,,51139,,,,,,,,,,,0.14152765274047852,,,,,,,,,,,,
14,,,,51159,,,,,,,,,,,0.016357261687517166,,,,,,,,,,,,
14,,,,51179,,,,,,,,,,,0.07435782253742218,,,,,,,,,,,,
14,,,,51199,,,,,,,,,,,0.04171101003885269,,,,,,,,,,,,
14,,,,51219,,,,,,,,,,,0.015311949886381626,,,,,,,,,,,,
14,,,,51239,,,,,,,,,,,0.019753623753786087,,,,,,,,,,,,
14,,,,51259,,,,,,,,,,,0.025351565331220627,,,,,,,,,,,,
14,,,,51279,,,,,,,,,,,0.028553556650877,,,,,,,,,,,,
14,,,,51299,,,,,,,,,,,0.033245205879211426,,,,,,,,,,,,
14,,,,51319,,,,,,,,,,,0.020472848787903786,,,,,,,,,,,,
14,,,,51339,,,,,,,,,,,0.07596055418252945,,,,,,,,,,,,
14,,,,51359,,,,,,,,,,,0.07198183238506317,,,,,,,,,,,,
14,,,,51379,,,,,,,,,,,0.015069352462887764,,,,,,,,,,,,
14,,,,51399,,,,,,,,,,,0.025280077010393143,,,,,,,,,,,,
14,,,,51419,,,,,,,,,,,0.1345648616552353,,,,,,,,,,,,
14,,,,51439,,,,,,,,,,,0.08070837706327438,,,,,,,,,,,,
14,,,,51459,,,,,,,,,,,0.0397854819893837,,,,,,,,,,,,
14,,,,51479,,,,,,,,,,,0.016328923404216766,,,,,,,,,,,,
14,,,,51499,,,,,,,,,,,0.153679758310318,,,,,,,,,,,,
14,,,,51519,,,,,,,,,,,0.04408193752169609,,,,,,,,,,,,
14,,,,51539,,,,,,,,,,,0.059739354997873306,,,,,,,,,,,,
14,,,,51559,,,,,,,,,,,0.052741192281246185,,,,,,,,,,,,
14,,,,51579,,,,,,,,,,,0.013582895509898663,,,,,,,,,,,,
14,,,,51599,,,,,,,,,,,0.02276184782385826,,,,,,,,,,,,
14,,,,51619,,,,,,,,,,,0.014343825168907642,,,,,,,,,,,,
14,,,,51639,,,,,,,,,,,0.02071252092719078,,,,,,,,,,,,
14,,,,51659,,,,,,,,,,,0.020065361633896828,,,,,,,,,,,,
14,,,,51679,,,,,,,,,,,0.11616309732198715,,,,,,,,,,,,
14,,,,51699,,,,,,,,,,,0.0425395667552948,,,,,,,,,,,,
14,,,,51719,,,,,,,,,,,0.024446601048111916,,,,,,,,,,,,
14,,,,51739,,,,,,,,,,,0.022935563698410988,,,,,,,,,,,,
14,,,,51759,,,,,,,,,,,0.1356429159641266,,,,,,,,,,,,
14,,,,51779,,,,,,,,,,,0.03137025237083435,,,,,,,,,,,,
14,,,,51799,,,,,,,,,,,0.015600426122546196,,,,,,,,,,,,
14,,,,51819,,,,,,,,,,,0.014562109485268593,,,,,,,,,,,,
14,,,,51839,,,,,,,,,,,0.01587778329849243,,,,,,,,,,,,
14,,,,51859,,,,,,,,,,,0.019837964326143265,,,,,,,,,,,,
14,,,,51879,,,,,,,,,,,0.025663180276751518,,,,,,,,,,,,
14,,,,51899,,,,,,,,,,,0.018616698682308197,,,,,,,,,,,,
14,,,,51919,,,,,,,,,,,0.034187816083431244,,,,,,,,,,,,
14,,,,51939,,,,,,,,,,,0.040735647082328796,,,,,,,,,,,,
14,,,,51959,,,,,,,,,,,0.025932511314749718,,,,,,,,,,,,
14,,,,51979,,,,,,,,,,,0.016090773046016693,,,,,,,,,,,,
14,,,,51999,,,,,,,,,,,0.025766346603631973,,,,,,,,,,,,
14,,,,52019,,,,,,,,,,,0.03206343203783035,,,,,,,,,,,,
14,,,,52039,,,,,,,,,,,0.01948043331503868,,,,,,,,,,,,
14,,,,52059,,,,,,,,,,,0.046124398708343506,,,,,,,,,,,,
14,,,,52079,,,,,,,,,,,0.01901404745876789,,,,,,,,,,,,
14,,,,52099,,,,,,,,,,,0.028130928054451942,,,,,,,,,,,,
14,,,,52119,,,,,,,,,,,0.022708863019943237,,,,,,,,,,,,
14,,,,52139,,,,,,,,,,,0.013253269717097282,,,,,,,,,,,,
14,,,,52159,,,,,,,,,,,0.08817179501056671,,,,,,,,,,,,
14,,,,52179,,,,,,,,,,,0.031928811222314835,,,,,,,,,,,,
14,,,,52199,,,,,,,,,,,0.020414181053638458,,,,,,,,,,,,
14,,,,52219,,,,,,,,,,,0.014977704733610153,,,,,,,,,,,,
14,,,,52229,,,,,,,,,,,,0.6674054861068726,0.8600502610206604,0.6744703650474548,0.9400339722633362,0.6875857710838318,0.5907745361328125,0.7063366770744324,0.6606737971305847,0.6939156651496887,0.7803507447242737,0.6154029369354248,0.6674054861068726
14,,,,52229,,,,,,,,,0.9645185470581055,0.05693671479821205,,,,,,,,,,,,,
,0.0001963525491562421,0.0001963525491562421,1.963525491562421e-05,52230,,,,,,,,,,,,,,,,,,,,,,,
15,,,,52239,,,,,,,,,,,0.056901272386312485,,,,,,,,,,,,
15,,,,52259,,,,,,,,,,,0.16334353387355804,,,,,,,,,,,,
15,,,,52279,,,,,,,,,,,0.089994415640831,,,,,,,,,,,,
15,,,,52299,,,,,,,,,,,0.04753383621573448,,,,,,,,,,,,
15,,,,52319,,,,,,,,,,,0.015486333519220352,,,,,,,,,,,,
15,,,,52339,,,,,,,,,,,0.02018674649298191,,,,,,,,,,,,
15,,,,52359,,,,,,,,,,,0.22657686471939087,,,,,,,,,,,,
15,,,,52379,,,,,,,,,,,0.013431323692202568,,,,,,,,,,,,
15,,,,52399,,,,,,,,,,,0.04097913205623627,,,,,,,,,,,,
15,,,,52419,,,,,,,,,,,0.09515903890132904,,,,,,,,,,,,
15,,,,52439,,,,,,,,,,,0.023459333926439285,,,,,,,,,,,,
15,,,,52459,,,,,,,,,,,0.019873395562171936,,,,,,,,,,,,
15,,,,52479,,,,,,,,,,,0.077853724360466,,,,,,,,,,,,
15,,,,52499,,,,,,,,,,,0.021230630576610565,,,,,,,,,,,,
15,,,,52519,,,,,,,,,,,0.01776866614818573,,,,,,,,,,,,
15,,,,52539,,,,,,,,,,,0.02718592993915081,,,,,,,,,,,,
15,,,,52559,,,,,,,,,,,0.104699045419693,,,,,,,,,,,,
15,,,,52579,,,,,,,,,,,0.013037783093750477,,,,,,,,,,,,
15,,,,52599,,,,,,,,,,,0.026297684758901596,,,,,,,,,,,,
15,,,,52619,,,,,,,,,,,0.11982837319374084,,,,,,,,,,,,
15,,,,52639,,,,,,,,,,,0.025925982743501663,,,,,,,,,,,,
15,,,,52659,,,,,,,,,,,0.021718284115195274,,,,,,,,,,,,
15,,,,52679,,,,,,,,,,,0.03364977985620499,,,,,,,,,,,,
15,,,,52699,,,,,,,,,,,0.04801449924707413,,,,,,,,,,,,
15,,,,52719,,,,,,,,,,,0.037982165813446045,,,,,,,,,,,,
15,,,,52739,,,,,,,,,,,0.028851991519331932,,,,,,,,,,,,
15,,,,52759,,,,,,,,,,,0.015031260438263416,,,,,,,,,,,,
15,,,,52779,,,,,,,,,,,0.08583464473485947,,,,,,,,,,,,
15,,,,52799,,,,,,,,,,,0.06341922283172607,,,,,,,,,,,,
15,,,,52819,,,,,,,,,,,0.2905397117137909,,,,,,,,,,,,
15,,,,52839,,,,,,,,,,,0.014498819597065449,,,,,,,,,,,,
15,,,,52859,,,,,,,,,,,0.04358544200658798,,,,,,,,,,,,
15,,,,52879,,,,,,,,,,,0.06994736194610596,,,,,,,,,,,,
15,,,,52899,,,,,,,,,,,0.05566593259572983,,,,,,,,,,,,
15,,,,52919,,,,,,,,,,,0.014072907157242298,,,,,,,,,,,,
15,,,,52939,,,,,,,,,,,0.015571842901408672,,,,,,,,,,,,
15,,,,52959,,,,,,,,,,,0.019125303253531456,,,,,,,,,,,,
15,,,,52979,,,,,,,,,,,0.08097875118255615,,,,,,,,,,,,
15,,,,52999,,,,,,,,,,,0.0740365982055664,,,,,,,,,,,,
15,,,,53019,,,,,,,,,,,0.021222103387117386,,,,,,,,,,,,
15,,,,53039,,,,,,,,,,,0.01888568326830864,,,,,,,,,,,,
15,,,,53059,,,,,,,,,,,0.050215668976306915,,,,,,,,,,,,
15,,,,53079,,,,,,,,,,,0.022430453449487686,,,,,,,,,,,,
15,,,,53099,,,,,,,,,,,0.11209709942340851,,,,,,,,,,,,
15,,,,53119,,,,,,,,,,,0.02368072420358658,,,,,,,,,,,,
15,,,,53139,,,,,,,,,,,0.031879592686891556,,,,,,,,,,,,
15,,,,53159,,,,,,,,,,,0.06443476676940918,,,,,,,,,,,,
15,,,,53179,,,,,,,,,,,0.01389204803854227,,,,,,,,,,,,
15,,,,53199,,,,,,,,,,,0.028059881180524826,,,,,,,,,,,,
15,,,,53219,,,,,,,,,,,0.044524069875478745,,,,,,,,,,,,
15,,,,53239,,,,,,,,,,,0.1748192310333252,,,,,,,,,,,,
15,,,,53259,,,,,,,,,,,0.0348622165620327,,,,,,,,,,,,
15,,,,53279,,,,,,,,,,,0.016604553908109665,,,,,,,,,,,,
15,,,,53299,,,,,,,,,,,0.047769416123628616,,,,,,,,,,,,
15,,,,53319,,,,,,,,,,,0.038743339478969574,,,,,,,,,,,,
15,,,,53339,,,,,,,,,,,0.015138695947825909,,,,,,,,,,,,
15,,,,53359,,,,,,,,,,,0.030217956751585007,,,,,,,,,,,,
15,,,,53379,,,,,,,,,,,0.01821037568151951,,,,,,,,,,,,
15,,,,53399,,,,,,,,,,,0.09532125294208527,,,,,,,,,,,,
15,,,,53419,,,,,,,,,,,0.04035477712750435,,,,,,,,,,,,
15,,,,53439,,,,,,,,,,,0.1613789200782776,,,,,,,,,,,,
15,,,,53459,,,,,,,,,,,0.05245616286993027,,,,,,,,,,,,
15,,,,53479,,,,,,,,,,,0.024318667128682137,,,,,,,,,,,,
15,,,,53499,,,,,,,,,,,0.15298579633235931,,,,,,,,,,,,
15,,,,53519,,,,,,,,,,,0.02718573436141014,,,,,,,,,,,,
15,,,,53539,,,,,,,,,,,0.2382623851299286,,,,,,,,,,,,
15,,,,53559,,,,,,,,,,,0.026490483433008194,,,,,,,,,,,,
15,,,,53579,,,,,,,,,,,0.029265768826007843,,,,,,,,,,,,
15,,,,53599,,,,,,,,,,,0.05010422319173813,,,,,,,,,,,,
15,,,,53619,,,,,,,,,,,0.02605721354484558,,,,,,,,,,,,
15,,,,53639,,,,,,,,,,,0.14003443717956543,,,,,,,,,,,,
15,,,,53659,,,,,,,,,,,0.017425186932086945,,,,,,,,,,,,
15,,,,53679,,,,,,,,,,,0.02710043638944626,,,,,,,,,,,,
15,,,,53699,,,,,,,,,,,0.018652470782399178,,,,,,,,,,,,
15,,,,53719,,,,,,,,,,,0.04462025314569473,,,,,,,,,,,,
15,,,,53739,,,,,,,,,,,0.02653271146118641,,,,,,,,,,,,
15,,,,53759,,,,,,,,,,,0.04094942659139633,,,,,,,,,,,,
15,,,,53779,,,,,,,,,,,0.1696310043334961,,,,,,,,,,,,
15,,,,53799,,,,,,,,,,,0.04823126643896103,,,,,,,,,,,,
15,,,,53819,,,,,,,,,,,0.06558611989021301,,,,,,,,,,,,
15,,,,53839,,,,,,,,,,,0.02652905136346817,,,,,,,,,,,,
15,,,,53859,,,,,,,,,,,0.013030430302023888,,,,,,,,,,,,
15,,,,53879,,,,,,,,,,,0.030673470348119736,,,,,,,,,,,,
15,,,,53899,,,,,,,,,,,0.0173703134059906,,,,,,,,,,,,
15,,,,53919,,,,,,,,,,,0.1804797649383545,,,,,,,,,,,,
15,,,,53939,,,,,,,,,,,0.029000768437981606,,,,,,,,,,,,
15,,,,53959,,,,,,,,,,,0.013069350272417068,,,,,,,,,,,,
15,,,,53979,,,,,,,,,,,0.030644528567790985,,,,,,,,,,,,
15,,,,53999,,,,,,,,,,,0.019706398248672485,,,,,,,,,,,,
15,,,,54019,,,,,,,,,,,0.013841575011610985,,,,,,,,,,,,
15,,,,54039,,,,,,,,,,,0.012737711891531944,,,,,,,,,,,,
15,,,,54059,,,,,,,,,,,0.021603750064969063,,,,,,,,,,,,
15,,,,54079,,,,,,,,,,,0.0536067895591259,,,,,,,,,,,,
15,,,,54099,,,,,,,,,,,0.04604462534189224,,,,,,,,,,,,
15,,,,54119,,,,,,,,,,,0.042416028678417206,,,,,,,,,,,,
15,,,,54139,,,,,,,,,,,0.022017329931259155,,,,,,,,,,,,
15,,,,54159,,,,,,,,,,,0.24919623136520386,,,,,,,,,,,,
15,,,,54179,,,,,,,,,,,0.04612512141466141,,,,,,,,,,,,
15,,,,54199,,,,,,,,,,,0.15366078913211823,,,,,,,,,,,,
15,,,,54219,,,,,,,,,,,0.021171104162931442,,,,,,,,,,,,
15,,,,54239,,,,,,,,,,,0.02370982989668846,,,,,,,,,,,,
15,,,,54259,,,,,,,,,,,0.19063794612884521,,,,,,,,,,,,
15,,,,54279,,,,,,,,,,,0.04272251948714256,,,,,,,,,,,,
15,,,,54299,,,,,,,,,,,0.017111454159021378,,,,,,,,,,,,
15,,,,54319,,,,,,,,,,,0.02620309591293335,,,,,,,,,,,,
15,,,,54339,,,,,,,,,,,0.04797058925032616,,,,,,,,,,,,
15,,,,54359,,,,,,,,,,,0.03896322101354599,,,,,,,,,,,,
15,,,,54379,,,,,,,,,,,0.028147056698799133,,,,,,,,,,,,
15,,,,54399,,,,,,,,,,,0.04045713692903519,,,,,,,,,,,,
15,,,,54419,,,,,,,,,,,0.06867718696594238,,,,,,,,,,,,
15,,,,54439,,,,,,,,,,,0.02052527852356434,,,,,,,,,,,,
15,,,,54459,,,,,,,,,,,0.11819104850292206,,,,,,,,,,,,
15,,,,54479,,,,,,,,,,,0.02187579870223999,,,,,,,,,,,,
15,,,,54499,,,,,,,,,,,0.016204392537474632,,,,,,,,,,,,
15,,,,54519,,,,,,,,,,,0.03356142342090607,,,,,,,,,,,,
15,,,,54539,,,,,,,,,,,0.06967830657958984,,,,,,,,,,,,
15,,,,54559,,,,,,,,,,,0.02522982284426689,,,,,,,,,,,,
15,,,,54579,,,,,,,,,,,0.11483035981655121,,,,,,,,,,,,
15,,,,54599,,,,,,,,,,,0.03744449466466904,,,,,,,,,,,,
15,,,,54619,,,,,,,,,,,0.01691080629825592,,,,,,,,,,,,
15,,,,54639,,,,,,,,,,,0.12091657519340515,,,,,,,,,,,,
15,,,,54659,,,,,,,,,,,0.017677385360002518,,,,,,,,,,,,
15,,,,54679,,,,,,,,,,,0.017856761813163757,,,,,,,,,,,,
15,,,,54699,,,,,,,,,,,0.03536640852689743,,,,,,,,,,,,
15,,,,54719,,,,,,,,,,,0.20121359825134277,,,,,,,,,,,,
15,,,,54739,,,,,,,,,,,0.023089788854122162,,,,,,,,,,,,
15,,,,54759,,,,,,,,,,,0.01584533229470253,,,,,,,,,,,,
15,,,,54779,,,,,,,,,,,0.014770390465855598,,,,,,,,,,,,
15,,,,54799,,,,,,,,,,,0.028566785156726837,,,,,,,,,,,,
15,,,,54819,,,,,,,,,,,0.026730509474873543,,,,,,,,,,,,
15,,,,54839,,,,,,,,,,,0.15502217411994934,,,,,,,,,,,,
15,,,,54859,,,,,,,,,,,0.021326612681150436,,,,,,,,,,,,
15,,,,54879,,,,,,,,,,,0.017163146287202835,,,,,,,,,,,,
15,,,,54899,,,,,,,,,,,0.05190436169505119,,,,,,,,,,,,
15,,,,54919,,,,,,,,,,,0.01392090693116188,,,,,,,,,,,,
15,,,,54939,,,,,,,,,,,0.01776488870382309,,,,,,,,,,,,
15,,,,54959,,,,,,,,,,,0.015013884752988815,,,,,,,,,,,,
15,,,,54979,,,,,,,,,,,0.014083057641983032,,,,,,,,,,,,
15,,,,54999,,,,,,,,,,,0.01605897769331932,,,,,,,,,,,,
15,,,,55019,,,,,,,,,,,0.19065143167972565,,,,,,,,,,,,
15,,,,55039,,,,,,,,,,,0.028853677213191986,,,,,,,,,,,,
15,,,,55059,,,,,,,,,,,0.019925348460674286,,,,,,,,,,,,
15,,,,55079,,,,,,,,,,,0.01938735693693161,,,,,,,,,,,,
15,,,,55099,,,,,,,,,,,0.05835775285959244,,,,,,,,,,,,
15,,,,55119,,,,,,,,,,,0.016674164682626724,,,,,,,,,,,,
15,,,,55139,,,,,,,,,,,0.018883705139160156,,,,,,,,,,,,
15,,,,55159,,,,,,,,,,,0.021687770262360573,,,,,,,,,,,,
15,,,,55179,,,,,,,,,,,0.03229125589132309,,,,,,,,,,,,
15,,,,55199,,,,,,,,,,,0.1742505431175232,,,,,,,,,,,,
15,,,,55219,,,,,,,,,,,0.01849750429391861,,,,,,,,,,,,
15,,,,55239,,,,,,,,,,,0.08300712704658508,,,,,,,,,,,,
15,,,,55259,,,,,,,,,,,0.016677794978022575,,,,,,,,,,,,
15,,,,55279,,,,,,,,,,,0.018051382154226303,,,,,,,,,,,,
15,,,,55299,,,,,,,,,,,0.025265824049711227,,,,,,,,,,,,
15,,,,55319,,,,,,,,,,,0.02723078988492489,,,,,,,,,,,,
15,,,,55339,,,,,,,,,,,0.016713770106434822,,,,,,,,,,,,
15,,,,55359,,,,,,,,,,,0.08704409003257751,,,,,,,,,,,,
15,,,,55379,,,,,,,,,,,0.049734003841876984,,,,,,,,,,,,
15,,,,55399,,,,,,,,,,,0.024135278537869453,,,,,,,,,,,,
15,,,,55419,,,,,,,,,,,0.017431650310754776,,,,,,,,,,,,
15,,,,55439,,,,,,,,,,,0.017614049836993217,,,,,,,,,,,,
15,,,,55459,,,,,,,,,,,0.061326343566179276,,,,,,,,,,,,
15,,,,55479,,,,,,,,,,,0.033199191093444824,,,,,,,,,,,,
15,,,,55499,,,,,,,,,,,0.0340033695101738,,,,,,,,,,,,
15,,,,55519,,,,,,,,,,,0.0210377499461174,,,,,,,,,,,,
15,,,,55539,,,,,,,,,,,0.018225912004709244,,,,,,,,,,,,
15,,,,55559,,,,,,,,,,,0.053677111864089966,,,,,,,,,,,,
15,,,,55579,,,,,,,,,,,0.06815294921398163,,,,,,,,,,,,
15,,,,55599,,,,,,,,,,,0.05725828558206558,,,,,,,,,,,,
15,,,,55619,,,,,,,,,,,0.059554796665906906,,,,,,,,,,,,
15,,,,55639,,,,,,,,,,,0.02468116395175457,,,,,,,,,,,,
15,,,,55659,,,,,,,,,,,0.013809948228299618,,,,,,,,,,,,
15,,,,55679,,,,,,,,,,,0.16856840252876282,,,,,,,,,,,,
15,,,,55699,,,,,,,,,,,0.030663924291729927,,,,,,,,,,,,
15,,,,55711,,,,,,,,,,,,0.6501626968383789,0.8556649684906006,0.6586050987243652,1.0352972745895386,0.6852413415908813,0.58597731590271,0.7017063498497009,0.6881991624832153,0.6515041589736938,0.7990314960479736,0.6022304892539978,0.6501626968383789
15,,,,55711,,,,,,,,,0.9667171239852905,0.05396823212504387,,,,,,,,,,,,,
,0.0001781071971878587,0.0001781071971878587,1.781071971878587e-05,55712,,,,,,,,,,,,,,,,,,,,,,,
16,,,,55719,,,,,,,,,,,0.015544256195425987,,,,,,,,,,,,
16,,,,55739,,,,,,,,,,,0.02624003402888775,,,,,,,,,,,,
16,,,,55759,,,,,,,,,,,0.0225483737885952,,,,,,,,,,,,
16,,,,55779,,,,,,,,,,,0.015092904679477215,,,,,,,,,,,,
16,,,,55799,,,,,,,,,,,0.01882248744368553,,,,,,,,,,,,
16,,,,55819,,,,,,,,,,,0.024397587403655052,,,,,,,,,,,,
16,,,,55839,,,,,,,,,,,0.07628868520259857,,,,,,,,,,,,
16,,,,55859,,,,,,,,,,,0.019731707870960236,,,,,,,,,,,,
16,,,,55879,,,,,,,,,,,0.06373313069343567,,,,,,,,,,,,
16,,,,55899,,,,,,,,,,,0.017765861004590988,,,,,,,,,,,,
16,,,,55919,,,,,,,,,,,0.021273883059620857,,,,,,,,,,,,
16,,,,55939,,,,,,,,,,,0.13854217529296875,,,,,,,,,,,,
16,,,,55959,,,,,,,,,,,0.09727811813354492,,,,,,,,,,,,
16,,,,55979,,,,,,,,,,,0.2890024483203888,,,,,,,,,,,,
16,,,,55999,,,,,,,,,,,0.02945919707417488,,,,,,,,,,,,
16,,,,56019,,,,,,,,,,,0.016854260116815567,,,,,,,,,,,,
16,,,,56039,,,,,,,,,,,0.11620642244815826,,,,,,,,,,,,
16,,,,56059,,,,,,,,,,,0.013577330857515335,,,,,,,,,,,,
16,,,,56079,,,,,,,,,,,0.0146053247153759,,,,,,,,,,,,
16,,,,56099,,,,,,,,,,,0.20628947019577026,,,,,,,,,,,,
16,,,,56119,,,,,,,,,,,0.07496029883623123,,,,,,,,,,,,
16,,,,56139,,,,,,,,,,,0.01787121593952179,,,,,,,,,,,,
16,,,,56159,,,,,,,,,,,0.018753942102193832,,,,,,,,,,,,
16,,,,56179,,,,,,,,,,,0.01665397733449936,,,,,,,,,,,,
16,,,,56199,,,,,,,,,,,0.02762121893465519,,,,,,,,,,,,
16,,,,56219,,,,,,,,,,,0.05831709876656532,,,,,,,,,,,,
16,,,,56239,,,,,,,,,,,0.024045854806900024,,,,,,,,,,,,
16,,,,56259,,,,,,,,,,,0.014901161193847656,,,,,,,,,,,,
16,,,,56279,,,,,,,,,,,0.04676825925707817,,,,,,,,,,,,
16,,,,56299,,,,,,,,,,,0.046155545860528946,,,,,,,,,,,,
16,,,,56319,,,,,,,,,,,0.01232211384922266,,,,,,,,,,,,
16,,,,56339,,,,,,,,,,,0.047745972871780396,,,,,,,,,,,,
16,,,,56359,,,,,,,,,,,0.02204635739326477,,,,,,,,,,,,
16,,,,56379,,,,,,,,,,,0.021084968000650406,,,,,,,,,,,,
16,,,,56399,,,,,,,,,,,0.01785774528980255,,,,,,,,,,,,
16,,,,56419,,,,,,,,,,,0.04072786867618561,,,,,,,,,,,,
16,,,,56439,,,,,,,,,,,0.012771934270858765,,,,,,,,,,,,
16,,,,56459,,,,,,,,,,,0.015711497515439987,,,,,,,,,,,,
16,,,,56479,,,,,,,,,,,0.016010534018278122,,,,,,,,,,,,
16,,,,56499,,,,,,,,,,,0.035383064299821854,,,,,,,,,,,,
16,,,,56519,,,,,,,,,,,0.01506788656115532,,,,,,,,,,,,
16,,,,56539,,,,,,,,,,,0.01662224903702736,,,,,,,,,,,,
16,,,,56559,,,,,,,,,,,0.06524287164211273,,,,,,,,,,,,
16,,,,56579,,,,,,,,,,,0.08591672778129578,,,,,,,,,,,,
16,,,,56599,,,,,,,,,,,0.06211324781179428,,,,,,,,,,,,
16,,,,56619,,,,,,,,,,,0.1906535029411316,,,,,,,,,,,,
16,,,,56639,,,,,,,,,,,0.03352626785635948,,,,,,,,,,,,
16,,,,56659,,,,,,,,,,,0.017045363783836365,,,,,,,,,,,,
16,,,,56679,,,,,,,,,,,0.020342815667390823,,,,,,,,,,,,
16,,,,56699,,,,,,,,,,,0.06584231555461884,,,,,,,,,,,,
16,,,,56719,,,,,,,,,,,0.013869453221559525,,,,,,,,,,,,
16,,,,56739,,,,,,,,,,,0.11007016152143478,,,,,,,,,,,,
16,,,,56759,,,,,,,,,,,0.03234940394759178,,,,,,,,,,,,
16,,,,56779,,,,,,,,,,,0.026276998221874237,,,,,,,,,,,,
16,,,,56799,,,,,,,,,,,0.06094025820493698,,,,,,,,,,,,
16,,,,56819,,,,,,,,,,,0.050300613045692444,,,,,,,,,,,,
16,,,,56839,,,,,,,,,,,0.015256904065608978,,,,,,,,,,,,
16,,,,56859,,,,,,,,,,,0.05406942218542099,,,,,,,,,,,,
16,,,,56879,,,,,,,,,,,0.09096218645572662,,,,,,,,,,,,
16,,,,56899,,,,,,,,,,,0.02273881807923317,,,,,,,,,,,,
16,,,,56919,,,,,,,,,,,0.054370082914829254,,,,,,,,,,,,
16,,,,56939,,,,,,,,,,,0.21932381391525269,,,,,,,,,,,,
16,,,,56959,,,,,,,,,,,0.02846604213118553,,,,,,,,,,,,
16,,,,56979,,,,,,,,,,,0.06706725805997849,,,,,,,,,,,,
16,,,,56999,,,,,,,,,,,0.015955813229084015,,,,,,,,,,,,
16,,,,57019,,,,,,,,,,,0.07001350075006485,,,,,,,,,,,,
16,,,,57039,,,,,,,,,,,0.08746054023504257,,,,,,,,,,,,
16,,,,57059,,,,,,,,,,,0.02084650844335556,,,,,,,,,,,,
16,,,,57079,,,,,,,,,,,0.01991458237171173,,,,,,,,,,,,
16,,,,57099,,,,,,,,,,,0.022781873121857643,,,,,,,,,,,,
16,,,,57119,,,,,,,,,,,0.013313483446836472,,,,,,,,,,,,
16,,,,57139,,,,,,,,,,,0.15656660497188568,,,,,,,,,,,,
16,,,,57159,,,,,,,,,,,0.03910931944847107,,,,,,,,,,,,
16,,,,57179,,,,,,,,,,,0.013690784573554993,,,,,,,,,,,,
16,,,,57199,,,,,,,,,,,0.10209748148918152,,,,,,,,,,,,
16,,,,57219,,,,,,,,,,,0.04656045511364937,,,,,,,,,,,,
16,,,,57239,,,,,,,,,,,0.06928077340126038,,,,,,,,,,,,
16,,,,57259,,,,,,,,,,,0.13370078802108765,,,,,,,,,,,,
16,,,,57279,,,,,,,,,,,0.16426819562911987,,,,,,,,,,,,
16,,,,57299,,,,,,,,,,,0.017437808215618134,,,,,,,,,,,,
16,,,,57319,,,,,,,,,,,0.014939911663532257,,,,,,,,,,,,
16,,,,57339,,,,,,,,,,,0.05734330415725708,,,,,,,,,,,,
16,,,,57359,,,,,,,,,,,0.023398233577609062,,,,,,,,,,,,
16,,,,57379,,,,,,,,,,,0.13236886262893677,,,,,,,,,,,,
16,,,,57399,,,,,,,,,,,0.023544516414403915,,,,,,,,,,,,
16,,,,57419,,,,,,,,,,,0.0939113199710846,,,,,,,,,,,,
16,,,,57439,,,,,,,,,,,0.022528279572725296,,,,,,,,,,,,
16,,,,57459,,,,,,,,,,,0.01377192884683609,,,,,,,,,,,,
16,,,,57479,,,,,,,,,,,0.012888969853520393,,,,,,,,,,,,
16,,,,57499,,,,,,,,,,,0.0280303917825222,,,,,,,,,,,,
16,,,,57519,,,,,,,,,,,0.21363887190818787,,,,,,,,,,,,
16,,,,57539,,,,,,,,,,,0.029307091608643532,,,,,,,,,,,,
16,,,,57559,,,,,,,,,,,0.017888037487864494,,,,,,,,,,,,
16,,,,57579,,,,,,,,,,,0.06835766136646271,,,,,,,,,,,,
16,,,,57599,,,,,,,,,,,0.0704643726348877,,,,,,,,,,,,
16,,,,57619,,,,,,,,,,,0.23175033926963806,,,,,,,,,,,,
16,,,,57639,,,,,,,,,,,0.012813001871109009,,,,,,,,,,,,
16,,,,57659,,,,,,,,,,,0.11821650713682175,,,,,,,,,,,,
16,,,,57679,,,,,,,,,,,0.1790694296360016,,,,,,,,,,,,
16,,,,57699,,,,,,,,,,,0.026328686624765396,,,,,,,,,,,,
16,,,,57719,,,,,,,,,,,0.08868572860956192,,,,,,,,,,,,
16,,,,57739,,,,,,,,,,,0.017249394208192825,,,,,,,,,,,,
16,,,,57759,,,,,,,,,,,0.07004241645336151,,,,,,,,,,,,
16,,,,57779,,,,,,,,,,,0.023269422352313995,,,,,,,,,,,,
16,,,,57799,,,,,,,,,,,0.014261983335018158,,,,,,,,,,,,
16,,,,57819,,,,,,,,,,,0.058873362839221954,,,,,,,,,,,,
16,,,,57839,,,,,,,,,,,0.027790430933237076,,,,,,,,,,,,
16,,,,57859,,,,,,,,,,,0.08038800954818726,,,,,,,,,,,,
16,,,,57879,,,,,,,,,,,0.02883191965520382,,,,,,,,,,,,
16,,,,57899,,,,,,,,,,,0.017532039433717728,,,,,,,,,,,,
16,,,,57919,,,,,,,,,,,0.012781047262251377,,,,,,,,,,,,
16,,,,57939,,,,,,,,,,,0.11858059465885162,,,,,,,,,,,,
16,,,,57959,,,,,,,,,,,0.21958491206169128,,,,,,,,,,,,
16,,,,57979,,,,,,,,,,,0.016515016555786133,,,,,,,,,,,,
16,,,,57999,,,,,,,,,,,0.019965726882219315,,,,,,,,,,,,
16,,,,58019,,,,,,,,,,,0.020449494943022728,,,,,,,,,,,,
16,,,,58039,,,,,,,,,,,0.032233454287052155,,,,,,,,,,,,
16,,,,58059,,,,,,,,,,,0.01577058807015419,,,,,,,,,,,,
16,,,,58079,,,,,,,,,,,0.036923352628946304,,,,,,,,,,,,
16,,,,58099,,,,,,,,,,,0.01690557785332203,,,,,,,,,,,,
16,,,,58119,,,,,,,,,,,0.12002407759428024,,,,,,,,,,,,
16,,,,58139,,,,,,,,,,,0.01572249084711075,,,,,,,,,,,,
16,,,,58159,,,,,,,,,,,0.17465311288833618,,,,,,,,,,,,
16,,,,58179,,,,,,,,,,,0.015480618923902512,,,,,,,,,,,,
16,,,,58199,,,,,,,,,,,0.019831687211990356,,,,,,,,,,,,
16,,,,58219,,,,,,,,,,,0.020444631576538086,,,,,,,,,,,,
16,,,,58239,,,,,,,,,,,0.019194014370441437,,,,,,,,,,,,
16,,,,58259,,,,,,,,,,,0.035655900835990906,,,,,,,,,,,,
16,,,,58279,,,,,,,,,,,0.01514226384460926,,,,,,,,,,,,
16,,,,58299,,,,,,,,,,,0.027878526598215103,,,,,,,,,,,,
16,,,,58319,,,,,,,,,,,0.01374033186584711,,,,,,,,,,,,
16,,,,58339,,,,,,,,,,,0.08780669420957565,,,,,,,,,,,,
16,,,,58359,,,,,,,,,,,0.05003071948885918,,,,,,,,,,,,
16,,,,58379,,,,,,,,,,,0.015574395656585693,,,,,,,,,,,,
16,,,,58399,,,,,,,,,,,0.018687162548303604,,,,,,,,,,,,
16,,,,58419,,,,,,,,,,,0.012766597792506218,,,,,,,,,,,,
16,,,,58439,,,,,,,,,,,0.021146953105926514,,,,,,,,,,,,
16,,,,58459,,,,,,,,,,,0.014914536848664284,,,,,,,,,,,,
16,,,,58479,,,,,,,,,,,0.1181861013174057,,,,,,,,,,,,
16,,,,58499,,,,,,,,,,,0.090865857899189,,,,,,,,,,,,
16,,,,58519,,,,,,,,,,,0.04651961475610733,,,,,,,,,,,,
16,,,,58539,,,,,,,,,,,0.015750057995319366,,,,,,,,,,,,
16,,,,58559,,,,,,,,,,,0.19376829266548157,,,,,,,,,,,,
16,,,,58579,,,,,,,,,,,0.021835995838046074,,,,,,,,,,,,
16,,,,58599,,,,,,,,,,,0.024622291326522827,,,,,,,,,,,,
16,,,,58619,,,,,,,,,,,0.2387043833732605,,,,,,,,,,,,
16,,,,58639,,,,,,,,,,,0.019072946161031723,,,,,,,,,,,,
16,,,,58659,,,,,,,,,,,0.04029591754078865,,,,,,,,,,,,
16,,,,58679,,,,,,,,,,,0.07299863547086716,,,,,,,,,,,,
16,,,,58699,,,,,,,,,,,0.012675300240516663,,,,,,,,,,,,
16,,,,58719,,,,,,,,,,,0.06543926894664764,,,,,,,,,,,,
16,,,,58739,,,,,,,,,,,0.015565169043838978,,,,,,,,,,,,
16,,,,58759,,,,,,,,,,,0.16358108818531036,,,,,,,,,,,,
16,,,,58779,,,,,,,,,,,0.06371040642261505,,,,,,,,,,,,
16,,,,58799,,,,,,,,,,,0.016462482511997223,,,,,,,,,,,,
16,,,,58819,,,,,,,,,,,0.020640073344111443,,,,,,,,,,,,
16,,,,58839,,,,,,,,,,,0.022943422198295593,,,,,,,,,,,,
16,,,,58859,,,,,,,,,,,0.020732898265123367,,,,,,,,,,,,
16,,,,58879,,,,,,,,,,,0.14159151911735535,,,,,,,,,,,,
16,,,,58899,,,,,,,,,,,0.015915779396891594,,,,,,,,,,,,
16,,,,58919,,,,,,,,,,,0.014865847304463387,,,,,,,,,,,,
16,,,,58939,,,,,,,,,,,0.014706634916365147,,,,,,,,,,,,
16,,,,58959,,,,,,,,,,,0.015996111556887627,,,,,,,,,,,,
16,,,,58979,,,,,,,,,,,0.034327369183301926,,,,,,,,,,,,
16,,,,58999,,,,,,,,,,,0.05948082357645035,,,,,,,,,,,,
16,,,,59019,,,,,,,,,,,0.05345658212900162,,,,,,,,,,,,
16,,,,59039,,,,,,,,,,,0.043085962533950806,,,,,,,,,,,,
16,,,,59059,,,,,,,,,,,0.014560062438249588,,,,,,,,,,,,
16,,,,59079,,,,,,,,,,,0.16277167201042175,,,,,,,,,,,,
16,,,,59099,,,,,,,,,,,0.019221728667616844,,,,,,,,,,,,
16,,,,59119,,,,,,,,,,,0.01998348906636238,,,,,,,,,,,,
16,,,,59139,,,,,,,,,,,0.028688278049230576,,,,,,,,,,,,
16,,,,59159,,,,,,,,,,,0.018692776560783386,,,,,,,,,,,,
16,,,,59179,,,,,,,,,,,0.03057657554745674,,,,,,,,,,,,
16,,,,59193,,,,,,,,,,,,0.6329967975616455,0.8601609468460083,0.6421107649803162,1.0283478498458862,0.6724361777305603,0.5559374094009399,0.6804066896438599,0.6102617979049683,0.6604053378105164,0.7873364686965942,0.6317411661148071,0.6329967975616455
16,,,,59193,,,,,,,,,0.967511773109436,0.052724651992321014,,,,,,,,,,,,,
,0.000159418577929397,0.000159418577929397,1.5941857792939702e-05,59194,,,,,,,,,,,,,,,,,,,,,,,
17,,,,59199,,,,,,,,,,,0.026564642786979675,,,,,,,,,,,,
17,,,,59219,,,,,,,,,,,0.03173021599650383,,,,,,,,,,,,
17,,,,59239,,,,,,,,,,,0.017829788848757744,,,,,,,,,,,,
17,,,,59259,,,,,,,,,,,0.04441043362021446,,,,,,,,,,,,
17,,,,59279,,,,,,,,,,,0.03827418386936188,,,,,,,,,,,,
17,,,,59299,,,,,,,,,,,0.017632456496357918,,,,,,,,,,,,
17,,,,59319,,,,,,,,,,,0.027684686705470085,,,,,,,,,,,,
17,,,,59339,,,,,,,,,,,0.013066964223980904,,,,,,,,,,,,
17,,,,59359,,,,,,,,,,,0.018269728869199753,,,,,,,,,,,,
17,,,,59379,,,,,,,,,,,0.019533351063728333,,,,,,,,,,,,
17,,,,59399,,,,,,,,,,,0.0647357776761055,,,,,,,,,,,,
17,,,,59419,,,,,,,,,,,0.02563689649105072,,,,,,,,,,,,
17,,,,59439,,,,,,,,,,,0.034918613731861115,,,,,,,,,,,,
17,,,,59459,,,,,,,,,,,0.21275879442691803,,,,,,,,,,,,
17,,,,59479,,,,,,,,,,,0.031091487035155296,,,,,,,,,,,,
17,,,,59499,,,,,,,,,,,0.03403696417808533,,,,,,,,,,,,
17,,,,59519,,,,,,,,,,,0.0145490150898695,,,,,,,,,,,,
17,,,,59539,,,,,,,,,,,0.025370221585035324,,,,,,,,,,,,
17,,,,59559,,,,,,,,,,,0.1544906497001648,,,,,,,,,,,,
17,,,,59579,,,,,,,,,,,0.019214630126953125,,,,,,,,,,,,
17,,,,59599,,,,,,,,,,,0.09350771456956863,,,,,,,,,,,,
17,,,,59619,,,,,,,,,,,0.025621961802244186,,,,,,,,,,,,
17,,,,59639,,,,,,,,,,,0.025376135483384132,,,,,,,,,,,,
17,,,,59659,,,,,,,,,,,0.02073482796549797,,,,,,,,,,,,
17,,,,59679,,,,,,,,,,,0.0420713946223259,,,,,,,,,,,,
17,,,,59699,,,,,,,,,,,0.1818394958972931,,,,,,,,,,,,
17,,,,59719,,,,,,,,,,,0.18281030654907227,,,,,,,,,,,,
17,,,,59739,,,,,,,,,,,0.021939460188150406,,,,,,,,,,,,
17,,,,59759,,,,,,,,,,,0.018466126173734665,,,,,,,,,,,,
17,,,,59779,,,,,,,,,,,0.03079855814576149,,,,,,,,,,,,
17,,,,59799,,,,,,,,,,,0.08828109502792358,,,,,,,,,,,,
17,,,,59819,,,,,,,,,,,0.01309814490377903,,,,,,,,,,,,
17,,,,59839,,,,,,,,,,,0.1138383224606514,,,,,,,,,,,,
17,,,,59859,,,,,,,,,,,0.015926484018564224,,,,,,,,,,,,
17,,,,59879,,,,,,,,,,,0.024727482348680496,,,,,,,,,,,,
17,,,,59899,,,,,,,,,,,0.019541151821613312,,,,,,,,,,,,
17,,,,59919,,,,,,,,,,,0.015658888965845108,,,,,,,,,,,,
17,,,,59939,,,,,,,,,,,0.017225345596671104,,,,,,,,,,,,
17,,,,59959,,,,,,,,,,,0.06316250562667847,,,,,,,,,,,,
17,,,,59979,,,,,,,,,,,0.012066768482327461,,,,,,,,,,,,
17,,,,59999,,,,,,,,,,,0.022627931088209152,,,,,,,,,,,,
17,,,,60019,,,,,,,,,,,0.01739424280822277,,,,,,,,,,,,
17,,,,60039,,,,,,,,,,,0.019131751731038094,,,,,,,,,,,,
17,,,,60059,,,,,,,,,,,0.01946593075990677,,,,,,,,,,,,
17,,,,60079,,,,,,,,,,,0.10435330122709274,,,,,,,,,,,,
17,,,,60099,,,,,,,,,,,0.022256135940551758,,,,,,,,,,,,
17,,,,60119,,,,,,,,,,,0.026708457618951797,,,,,,,,,,,,
17,,,,60139,,,,,,,,,,,0.017312856391072273,,,,,,,,,,,,
17,,,,60159,,,,,,,,,,,0.10531085729598999,,,,,,,,,,,,
17,,,,60179,,,,,,,,,,,0.018909163773059845,,,,,,,,,,,,
17,,,,60199,,,,,,,,,,,0.064959816634655,,,,,,,,,,,,
17,,,,60219,,,,,,,,,,,0.08341926336288452,,,,,,,,,,,,
17,,,,60239,,,,,,,,,,,0.1556486338376999,,,,,,,,,,,,
17,,,,60259,,,,,,,,,,,0.22060394287109375,,,,,,,,,,,,
17,,,,60279,,,,,,,,,,,0.016841406002640724,,,,,,,,,,,,
17,,,,60299,,,,,,,,,,,0.17770957946777344,,,,,,,,,,,,
17,,,,60319,,,,,,,,,,,0.03471346199512482,,,,,,,,,,,,
17,,,,60339,,,,,,,,,,,0.11158990859985352,,,,,,,,,,,,
17,,,,60359,,,,,,,,,,,0.053668856620788574,,,,,,,,,,,,
17,,,,60379,,,,,,,,,,,0.020017970353364944,,,,,,,,,,,,
17,,,,60399,,,,,,,,,,,0.023826420307159424,,,,,,,,,,,,
17,,,,60419,,,,,,,,,,,0.023549508303403854,,,,,,,,,,,,
17,,,,60439,,,,,,,,,,,0.03825919330120087,,,,,,,,,,,,
17,,,,60459,,,,,,,,,,,0.11217387765645981,,,,,,,,,,,,
17,,,,60479,,,,,,,,,,,0.021242570132017136,,,,,,,,,,,,
17,,,,60499,,,,,,,,,,,0.0731496810913086,,,,,,,,,,,,
17,,,,60519,,,,,,,,,,,0.1493179202079773,,,,,,,,,,,,
17,,,,60539,,,,,,,,,,,0.10586769878864288,,,,,,,,,,,,
17,,,,60559,,,,,,,,,,,0.2483271062374115,,,,,,,,,,,,
17,,,,60579,,,,,,,,,,,0.027623385190963745,,,,,,,,,,,,
17,,,,60599,,,,,,,,,,,0.01878587156534195,,,,,,,,,,,,
17,,,,60619,,,,,,,,,,,0.027494795620441437,,,,,,,,,,,,
17,,,,60639,,,,,,,,,,,0.03569846600294113,,,,,,,,,,,,
17,,,,60659,,,,,,,,,,,0.06051529198884964,,,,,,,,,,,,
17,,,,60679,,,,,,,,,,,0.01879187673330307,,,,,,,,,,,,
17,,,,60699,,,,,,,,,,,0.013215532526373863,,,,,,,,,,,,
17,,,,60719,,,,,,,,,,,0.015918351709842682,,,,,,,,,,,,
17,,,,60739,,,,,,,,,,,0.014810221269726753,,,,,,,,,,,,
17,,,,60759,,,,,,,,,,,0.0235186368227005,,,,,,,,,,,,
17,,,,60779,,,,,,,,,,,0.13692520558834076,,,,,,,,,,,,
17,,,,60799,,,,,,,,,,,0.02833101898431778,,,,,,,,,,,,
17,,,,60819,,,,,,,,,,,0.01226257998496294,,,,,,,,,,,,
17,,,,60839,,,,,,,,,,,0.022494036704301834,,,,,,,,,,,,
17,,,,60859,,,,,,,,,,,0.042945973575115204,,,,,,,,,,,,
17,,,,60879,,,,,,,,,,,0.03515259549021721,,,,,,,,,,,,
17,,,,60899,,,,,,,,,,,0.018769521266222,,,,,,,,,,,,
17,,,,60919,,,,,,,,,,,0.017216818407177925,,,,,,,,,,,,
17,,,,60939,,,,,,,,,,,0.017867613583803177,,,,,,,,,,,,
17,,,,60959,,,,,,,,,,,0.014357510954141617,,,,,,,,,,,,
17,,,,60979,,,,,,,,,,,0.10922932624816895,,,,,,,,,,,,
17,,,,60999,,,,,,,,,,,0.016394030302762985,,,,,,,,,,,,
17,,,,61019,,,,,,,,,,,0.012827079743146896,,,,,,,,,,,,
17,,,,61039,,,,,,,,,,,0.16580340266227722,,,,,,,,,,,,
17,,,,61059,,,,,,,,,,,0.02314922958612442,,,,,,,,,,,,
17,,,,61079,,,,,,,,,,,0.01519232802093029,,,,,,,,,,,,
17,,,,61099,,,,,,,,,,,0.014205246232450008,,,,,,,,,,,,
17,,,,61119,,,,,,,,,,,0.22446364164352417,,,,,,,,,,,,
17,,,,61139,,,,,,,,,,,0.01330571249127388,,,,,,,,,,,,
17,,,,61159,,,,,,,,,,,0.021265538409352303,,,,,,,,,,,,
17,,,,61179,,,,,,,,,,,0.03213100880384445,,,,,,,,,,,,
17,,,,61199,,,,,,,,,,,0.02865728549659252,,,,,,,,,,,,
17,,,,61219,,,,,,,,,,,0.013941253535449505,,,,,,,,,,,,
17,,,,61239,,,,,,,,,,,0.023258225992321968,,,,,,,,,,,,
17,,,,61259,,,,,,,,,,,0.052026454359292984,,,,,,,,,,,,
17,,,,61279,,,,,,,,,,,0.03430391103029251,,,,,,,,,,,,
17,,,,61299,,,,,,,,,,,0.0753222107887268,,,,,,,,,,,,
17,,,,61319,,,,,,,,,,,0.09404036402702332,,,,,,,,,,,,
17,,,,61339,,,,,,,,,,,0.052681468427181244,,,,,,,,,,,,
17,,,,61359,,,,,,,,,,,0.12758010625839233,,,,,,,,,,,,
17,,,,61379,,,,,,,,,,,0.015649739652872086,,,,,,,,,,,,
17,,,,61399,,,,,,,,,,,0.016667479649186134,,,,,,,,,,,,
17,,,,61419,,,,,,,,,,,0.15326127409934998,,,,,,,,,,,,
17,,,,61439,,,,,,,,,,,0.02891402319073677,,,,,,,,,,,,
17,,,,61459,,,,,,,,,,,0.029530590400099754,,,,,,,,,,,,
17,,,,61479,,,,,,,,,,,0.02128002978861332,,,,,,,,,,,,
17,,,,61499,,,,,,,,,,,0.023394225165247917,,,,,,,,,,,,
17,,,,61519,,,,,,,,,,,0.03140858933329582,,,,,,,,,,,,
17,,,,61539,,,,,,,,,,,0.014758826233446598,,,,,,,,,,,,
17,,,,61559,,,,,,,,,,,0.06110243499279022,,,,,,,,,,,,
17,,,,61579,,,,,,,,,,,0.026609303429722786,,,,,,,,,,,,
17,,,,61599,,,,,,,,,,,0.022483745589852333,,,,,,,,,,,,
17,,,,61619,,,,,,,,,,,0.028627950698137283,,,,,,,,,,,,
17,,,,61639,,,,,,,,,,,0.04056291654706001,,,,,,,,,,,,
17,,,,61659,,,,,,,,,,,0.025035150349140167,,,,,,,,,,,,
17,,,,61679,,,,,,,,,,,0.02277214638888836,,,,,,,,,,,,
17,,,,61699,,,,,,,,,,,0.017525149509310722,,,,,,,,,,,,
17,,,,61719,,,,,,,,,,,0.020495329052209854,,,,,,,,,,,,
17,,,,61739,,,,,,,,,,,0.030753057450056076,,,,,,,,,,,,
17,,,,61759,,,,,,,,,,,0.26741212606430054,,,,,,,,,,,,
17,,,,61779,,,,,,,,,,,0.023701008409261703,,,,,,,,,,,,
17,,,,61799,,,,,,,,,,,0.02294144779443741,,,,,,,,,,,,
17,,,,61819,,,,,,,,,,,0.0648631602525711,,,,,,,,,,,,
17,,,,61839,,,,,,,,,,,0.026888489723205566,,,,,,,,,,,,
17,,,,61859,,,,,,,,,,,0.15684762597084045,,,,,,,,,,,,
17,,,,61879,,,,,,,,,,,0.06087788939476013,,,,,,,,,,,,
17,,,,61899,,,,,,,,,,,0.013417229056358337,,,,,,,,,,,,
17,,,,61919,,,,,,,,,,,0.01530248299241066,,,,,,,,,,,,
17,,,,61939,,,,,,,,,,,0.017170462757349014,,,,,,,,,,,,
17,,,,61959,,,,,,,,,,,0.014268014580011368,,,,,,,,,,,,
17,,,,61979,,,,,,,,,,,0.10349563509225845,,,,,,,,,,,,
17,,,,61999,,,,,,,,,,,0.19578757882118225,,,,,,,,,,,,
17,,,,62019,,,,,,,,,,,0.025127138942480087,,,,,,,,,,,,
17,,,,62039,,,,,,,,,,,0.02465970255434513,,,,,,,,,,,,
17,,,,62059,,,,,,,,,,,0.03847542777657509,,,,,,,,,,,,
17,,,,62079,,,,,,,,,,,0.014392671175301075,,,,,,,,,,,,
17,,,,62099,,,,,,,,,,,0.0897434800863266,,,,,,,,,,,,
17,,,,62119,,,,,,,,,,,0.04963648319244385,,,,,,,,,,,,
17,,,,62139,,,,,,,,,,,0.032967109233140945,,,,,,,,,,,,
17,,,,62159,,,,,,,,,,,0.014183798804879189,,,,,,,,,,,,
17,,,,62179,,,,,,,,,,,0.013763230293989182,,,,,,,,,,,,
17,,,,62199,,,,,,,,,,,0.013760751113295555,,,,,,,,,,,,
17,,,,62219,,,,,,,,,,,0.01761399209499359,,,,,,,,,,,,
17,,,,62239,,,,,,,,,,,0.02469516545534134,,,,,,,,,,,,
17,,,,62259,,,,,,,,,,,0.01435852237045765,,,,,,,,,,,,
17,,,,62279,,,,,,,,,,,0.035043150186538696,,,,,,,,,,,,
17,,,,62299,,,,,,,,,,,0.02027726173400879,,,,,,,,,,,,
17,,,,62319,,,,,,,,,,,0.01344742439687252,,,,,,,,,,,,
17,,,,62339,,,,,,,,,,,0.01393701322376728,,,,,,,,,,,,
17,,,,62359,,,,,,,,,,,0.04597160220146179,,,,,,,,,,,,
17,,,,62379,,,,,,,,,,,0.19370341300964355,,,,,,,,,,,,
17,,,,62399,,,,,,,,,,,0.015448561869561672,,,,,,,,,,,,
17,,,,62419,,,,,,,,,,,0.0267401784658432,,,,,,,,,,,,
17,,,,62439,,,,,,,,,,,0.015870539471507072,,,,,,,,,,,,
17,,,,62459,,,,,,,,,,,0.06532683968544006,,,,,,,,,,,,
17,,,,62479,,,,,,,,,,,0.021000338718295097,,,,,,,,,,,,
17,,,,62499,,,,,,,,,,,0.01490778662264347,,,,,,,,,,,,
17,,,,62519,,,,,,,,,,,0.022718396037817,,,,,,,,,,,,
17,,,,62539,,,,,,,,,,,0.016065282747149467,,,,,,,,,,,,
17,,,,62559,,,,,,,,,,,0.018679240718483925,,,,,,,,,,,,
17,,,,62579,,,,,,,,,,,0.02006903849542141,,,,,,,,,,,,
17,,,,62599,,,,,,,,,,,0.01299690455198288,,,,,,,,,,,,
17,,,,62619,,,,,,,,,,,0.019883383065462112,,,,,,,,,,,,
17,,,,62639,,,,,,,,,,,0.041683267802000046,,,,,,,,,,,,
17,,,,62659,,,,,,,,,,,0.10422729700803757,,,,,,,,,,,,
17,,,,62675,,,,,,,,,,,,0.6463924646377563,0.8450965881347656,0.6584173440933228,1.066357970237732,0.696681022644043,0.5815553665161133,0.7001694440841675,0.647679328918457,0.6688322424888611,0.7820008993148804,0.6882116794586182,0.6463924646377563
17,,,,62675,,,,,,,,,0.9698042869567871,0.05016247555613518,,,,,,,,,,,,,
,0.000140581422070603,0.000140581422070603,1.4058142207060299e-05,62676,,,,,,,,,,,,,,,,,,,,,,,
18,,,,62679,,,,,,,,,,,0.01679166965186596,,,,,,,,,,,,
18,,,,62699,,,,,,,,,,,0.021320734173059464,,,,,,,,,,,,
18,,,,62719,,,,,,,,,,,0.01663716696202755,,,,,,,,,,,,
18,,,,62739,,,,,,,,,,,0.014936882071197033,,,,,,,,,,,,
18,,,,62759,,,,,,,,,,,0.014116251841187477,,,,,,,,,,,,
18,,,,62779,,,,,,,,,,,0.09632005542516708,,,,,,,,,,,,
18,,,,62799,,,,,,,,,,,0.023614050820469856,,,,,,,,,,,,
18,,,,62819,,,,,,,,,,,0.02334684133529663,,,,,,,,,,,,
18,,,,62839,,,,,,,,,,,0.0187639482319355,,,,,,,,,,,,
18,,,,62859,,,,,,,,,,,0.014856540597975254,,,,,,,,,,,,
18,,,,62879,,,,,,,,,,,0.013437362387776375,,,,,,,,,,,,
18,,,,62899,,,,,,,,,,,0.01874404028058052,,,,,,,,,,,,
18,,,,62919,,,,,,,,,,,0.01873830147087574,,,,,,,,,,,,
18,,,,62939,,,,,,,,,,,0.0342986024916172,,,,,,,,,,,,
18,,,,62959,,,,,,,,,,,0.06596170365810394,,,,,,,,,,,,
18,,,,62979,,,,,,,,,,,0.017994940280914307,,,,,,,,,,,,
18,,,,62999,,,,,,,,,,,0.12176235020160675,,,,,,,,,,,,
18,,,,63019,,,,,,,,,,,0.013825465925037861,,,,,,,,,,,,
18,,,,63039,,,,,,,,,,,0.03893669694662094,,,,,,,,,,,,
18,,,,63059,,,,,,,,,,,0.0134830791503191,,,,,,,,,,,,
18,,,,63079,,,,,,,,,,,0.014612671919167042,,,,,,,,,,,,
18,,,,63099,,,,,,,,,,,0.11590342968702316,,,,,,,,,,,,
18,,,,63119,,,,,,,,,,,0.02216627448797226,,,,,,,,,,,,
18,,,,63139,,,,,,,,,,,0.016469966620206833,,,,,,,,,,,,
18,,,,63159,,,,,,,,,,,0.17776896059513092,,,,,,,,,,,,
18,,,,63179,,,,,,,,,,,0.09978347271680832,,,,,,,,,,,,
18,,,,63199,,,,,,,,,,,0.01900589093565941,,,,,,,,,,,,
18,,,,63219,,,,,,,,,,,0.014578106813132763,,,,,,,,,,,,
18,,,,63239,,,,,,,,,,,0.013604586943984032,,,,,,,,,,,,
18,,,,63259,,,,,,,,,,,0.027949141338467598,,,,,,,,,,,,
18,,,,63279,,,,,,,,,,,0.1314864605665207,,,,,,,,,,,,
18,,,,63299,,,,,,,,,,,0.014182020910084248,,,,,,,,,,,,
18,,,,63319,,,,,,,,,,,0.01322510652244091,,,,,,,,,,,,
18,,,,63339,,,,,,,,,,,0.04339592903852463,,,,,,,,,,,,
18,,,,63359,,,,,,,,,,,0.019991019740700722,,,,,,,,,,,,
18,,,,63379,,,,,,,,,,,0.019300196319818497,,,,,,,,,,,,
18,,,,63399,,,,,,,,,,,0.01793607883155346,,,,,,,,,,,,
18,,,,63419,,,,,,,,,,,0.11297436058521271,,,,,,,,,,,,
18,,,,63439,,,,,,,,,,,0.30553850531578064,,,,,,,,,,,,
18,,,,63459,,,,,,,,,,,0.06002286076545715,,,,,,,,,,,,
18,,,,63479,,,,,,,,,,,0.012404868379235268,,,,,,,,,,,,
18,,,,63499,,,,,,,,,,,0.02085338905453682,,,,,,,,,,,,
18,,,,63519,,,,,,,,,,,0.026862818747758865,,,,,,,,,,,,
18,,,,63539,,,,,,,,,,,0.019368015229701996,,,,,,,,,,,,
18,,,,63559,,,,,,,,,,,0.031158950179815292,,,,,,,,,,,,
18,,,,63579,,,,,,,,,,,0.015478447079658508,,,,,,,,,,,,
18,,,,63599,,,,,,,,,,,0.029905833303928375,,,,,,,,,,,,
18,,,,63619,,,,,,,,,,,0.07486417889595032,,,,,,,,,,,,
18,,,,63639,,,,,,,,,,,0.1053382083773613,,,,,,,,,,,,
18,,,,63659,,,,,,,,,,,0.025134187191724777,,,,,,,,,,,,
18,,,,63679,,,,,,,,,,,0.015474259853363037,,,,,,,,,,,,
18,,,,63699,,,,,,,,,,,0.014879677444696426,,,,,,,,,,,,
18,,,,63719,,,,,,,,,,,0.05680831894278526,,,,,,,,,,,,
18,,,,63739,,,,,,,,,,,0.021659374237060547,,,,,,,,,,,,
18,,,,63759,,,,,,,,,,,0.01863996870815754,,,,,,,,,,,,
18,,,,63779,,,,,,,,,,,0.10570959001779556,,,,,,,,,,,,
18,,,,63799,,,,,,,,,,,0.03441094607114792,,,,,,,,,,,,
18,,,,63819,,,,,,,,,,,0.02535848133265972,,,,,,,,,,,,
18,,,,63839,,,,,,,,,,,0.01955748349428177,,,,,,,,,,,,
18,,,,63859,,,,,,,,,,,0.03087162785232067,,,,,,,,,,,,
18,,,,63879,,,,,,,,,,,0.02547921985387802,,,,,,,,,,,,
18,,,,63899,,,,,,,,,,,0.01574026234447956,,,,,,,,,,,,
18,,,,63919,,,,,,,,,,,0.01676809974014759,,,,,,,,,,,,
18,,,,63939,,,,,,,,,,,0.181085467338562,,,,,,,,,,,,
18,,,,63959,,,,,,,,,,,0.014434730634093285,,,,,,,,,,,,
18,,,,63979,,,,,,,,,,,0.2190844714641571,,,,,,,,,,,,
18,,,,63999,,,,,,,,,,,0.022440915927290916,,,,,,,,,,,,
18,,,,64019,,,,,,,,,,,0.04238400235772133,,,,,,,,,,,,
18,,,,64039,,,,,,,,,,,0.0698828175663948,,,,,,,,,,,,
18,,,,64059,,,,,,,,,,,0.031727589666843414,,,,,,,,,,,,
18,,,,64079,,,,,,,,,,,0.11909250169992447,,,,,,,,,,,,
18,,,,64099,,,,,,,,,,,0.013175833970308304,,,,,,,,,,,,
18,,,,64119,,,,,,,,,,,0.08923515677452087,,,,,,,,,,,,
18,,,,64139,,,,,,,,,,,0.012417111545801163,,,,,,,,,,,,
18,,,,64159,,,,,,,,,,,0.1451760083436966,,,,,,,,,,,,
18,,,,64179,,,,,,,,,,,0.01871524378657341,,,,,,,,,,,,
18,,,,64199,,,,,,,,,,,0.016087302938103676,,,,,,,,,,,,
18,,,,64219,,,,,,,,,,,0.2125111073255539,,,,,,,,,,,,
18,,,,64239,,,,,,,,,,,0.0216292105615139,,,,,,,,,,,,
18,,,,64259,,,,,,,,,,,0.015368490479886532,,,,,,,,,,,,
18,,,,64279,,,,,,,,,,,0.01647871360182762,,,,,,,,,,,,
18,,,,64299,,,,,,,,,,,0.03234834969043732,,,,,,,,,,,,
18,,,,64319,,,,,,,,,,,0.06085628271102905,,,,,,,,,,,,
18,,,,64339,,,,,,,,,,,0.015814008191227913,,,,,,,,,,,,
18,,,,64359,,,,,,,,,,,0.13499251008033752,,,,,,,,,,,,
18,,,,64379,,,,,,,,,,,0.015574894845485687,,,,,,,,,,,,
18,,,,64399,,,,,,,,,,,0.14889371395111084,,,,,,,,,,,,
18,,,,64419,,,,,,,,,,,0.01768435165286064,,,,,,,,,,,,
18,,,,64439,,,,,,,,,,,0.01504781749099493,,,,,,,,,,,,
18,,,,64459,,,,,,,,,,,0.01879172772169113,,,,,,,,,,,,
18,,,,64479,,,,,,,,,,,0.01811048947274685,,,,,,,,,,,,
18,,,,64499,,,,,,,,,,,0.11900711059570312,,,,,,,,,,,,
18,,,,64519,,,,,,,,,,,0.14235886931419373,,,,,,,,,,,,
18,,,,64539,,,,,,,,,,,0.012927807867527008,,,,,,,,,,,,
18,,,,64559,,,,,,,,,,,0.020085303112864494,,,,,,,,,,,,
18,,,,64579,,,,,,,,,,,0.012017675675451756,,,,,,,,,,,,
18,,,,64599,,,,,,,,,,,0.014292427338659763,,,,,,,,,,,,
18,,,,64619,,,,,,,,,,,0.1793578416109085,,,,,,,,,,,,
18,,,,64639,,,,,,,,,,,0.013648051768541336,,,,,,,,,,,,
18,,,,64659,,,,,,,,,,,0.013467930257320404,,,,,,,,,,,,
18,,,,64679,,,,,,,,,,,0.08623319864273071,,,,,,,,,,,,
18,,,,64699,,,,,,,,,,,0.018489154055714607,,,,,,,,,,,,
18,,,,64719,,,,,,,,,,,0.041838981211185455,,,,,,,,,,,,
18,,,,64739,,,,,,,,,,,0.07877156883478165,,,,,,,,,,,,
18,,,,64759,,,,,,,,,,,0.026179421693086624,,,,,,,,,,,,
18,,,,64779,,,,,,,,,,,0.2547716498374939,,,,,,,,,,,,
18,,,,64799,,,,,,,,,,,0.11119644343852997,,,,,,,,,,,,
18,,,,64819,,,,,,,,,,,0.1460171788930893,,,,,,,,,,,,
18,,,,64839,,,,,,,,,,,0.03684455156326294,,,,,,,,,,,,
18,,,,64859,,,,,,,,,,,0.07763849198818207,,,,,,,,,,,,
18,,,,64879,,,,,,,,,,,0.023836441338062286,,,,,,,,,,,,
18,,,,64899,,,,,,,,,,,0.037398867309093475,,,,,,,,,,,,
18,,,,64919,,,,,,,,,,,0.013409382663667202,,,,,,,,,,,,
18,,,,64939,,,,,,,,,,,0.015868525952100754,,,,,,,,,,,,
18,,,,64959,,,,,,,,,,,0.015238906256854534,,,,,,,,,,,,
18,,,,64979,,,,,,,,,,,0.023022446781396866,,,,,,,,,,,,
18,,,,64999,,,,,,,,,,,0.06735367327928543,,,,,,,,,,,,
18,,,,65019,,,,,,,,,,,0.013298685662448406,,,,,,,,,,,,
18,,,,65039,,,,,,,,,,,0.18242789804935455,,,,,,,,,,,,
18,,,,65059,,,,,,,,,,,0.013519776053726673,,,,,,,,,,,,
18,,,,65079,,,,,,,,,,,0.03901904821395874,,,,,,,,,,,,
18,,,,65099,,,,,,,,,,,0.027599208056926727,,,,,,,,,,,,
18,,,,65119,,,,,,,,,,,0.2952643036842346,,,,,,,,,,,,
18,,,,65139,,,,,,,,,,,0.04464595019817352,,,,,,,,,,,,
18,,,,65159,,,,,,,,,,,0.06648582220077515,,,,,,,,,,,,
18,,,,65179,,,,,,,,,,,0.017616014927625656,,,,,,,,,,,,
18,,,,65199,,,,,,,,,,,0.016598621383309364,,,,,,,,,,,,
18,,,,65219,,,,,,,,,,,0.01843395084142685,,,,,,,,,,,,
18,,,,65239,,,,,,,,,,,0.02136196196079254,,,,,,,,,,,,
18,,,,65259,,,,,,,,,,,0.05972655117511749,,,,,,,,,,,,
18,,,,65279,,,,,,,,,,,0.014606121927499771,,,,,,,,,,,,
18,,,,65299,,,,,,,,,,,0.08400651812553406,,,,,,,,,,,,
18,,,,65319,,,,,,,,,,,0.014520065858960152,,,,,,,,,,,,
18,,,,65339,,,,,,,,,,,0.016431819647550583,,,,,,,,,,,,
18,,,,65359,,,,,,,,,,,0.01780783385038376,,,,,,,,,,,,
18,,,,65379,,,,,,,,,,,0.031120166182518005,,,,,,,,,,,,
18,,,,65399,,,,,,,,,,,0.012819265946745872,,,,,,,,,,,,
18,,,,65419,,,,,,,,,,,0.062170758843421936,,,,,,,,,,,,
18,,,,65439,,,,,,,,,,,0.11657830327749252,,,,,,,,,,,,
18,,,,65459,,,,,,,,,,,0.017789766192436218,,,,,,,,,,,,
18,,,,65479,,,,,,,,,,,0.06599420309066772,,,,,,,,,,,,
18,,,,65499,,,,,,,,,,,0.02826905995607376,,,,,,,,,,,,
18,,,,65519,,,,,,,,,,,0.156934455037117,,,,,,,,,,,,
18,,,,65539,,,,,,,,,,,0.015396863222122192,,,,,,,,,,,,
18,,,,65559,,,,,,,,,,,0.28424394130706787,,,,,,,,,,,,
18,,,,65579,,,,,,,,,,,0.01342632807791233,,,,,,,,,,,,
18,,,,65599,,,,,,,,,,,0.05846457928419113,,,,,,,,,,,,
18,,,,65619,,,,,,,,,,,0.04591520503163338,,,,,,,,,,,,
18,,,,65639,,,,,,,,,,,0.014217941090464592,,,,,,,,,,,,
18,,,,65659,,,,,,,,,,,0.018383042886853218,,,,,,,,,,,,
18,,,,65679,,,,,,,,,,,0.01608135923743248,,,,,,,,,,,,
18,,,,65699,,,,,,,,,,,0.01737140864133835,,,,,,,,,,,,
18,,,,65719,,,,,,,,,,,0.013640470802783966,,,,,,,,,,,,
18,,,,65739,,,,,,,,,,,0.028192518278956413,,,,,,,,,,,,
18,,,,65759,,,,,,,,,,,0.03441958129405975,,,,,,,,,,,,
18,,,,65779,,,,,,,,,,,0.01568843051791191,,,,,,,,,,,,
18,,,,65799,,,,,,,,,,,0.260654091835022,,,,,,,,,,,,
18,,,,65819,,,,,,,,,,,0.04430171474814415,,,,,,,,,,,,
18,,,,65839,,,,,,,,,,,0.26023122668266296,,,,,,,,,,,,
18,,,,65859,,,,,,,,,,,0.01449381373822689,,,,,,,,,,,,
18,,,,65879,,,,,,,,,,,0.01212607603520155,,,,,,,,,,,,
18,,,,65899,,,,,,,,,,,0.06757894903421402,,,,,,,,,,,,
18,,,,65919,,,,,,,,,,,0.015459464862942696,,,,,,,,,,,,
18,,,,65939,,,,,,,,,,,0.07436753809452057,,,,,,,,,,,,
18,,,,65959,,,,,,,,,,,0.012945064343512058,,,,,,,,,,,,
18,,,,65979,,,,,,,,,,,0.10070265829563141,,,,,,,,,,,,
18,,,,65999,,,,,,,,,,,0.026473669335246086,,,,,,,,,,,,
18,,,,66019,,,,,,,,,,,0.01512468233704567,,,,,,,,,,,,
18,,,,66039,,,,,,,,,,,0.12040208280086517,,,,,,,,,,,,
18,,,,66059,,,,,,,,,,,0.0339713916182518,,,,,,,,,,,,
18,,,,66079,,,,,,,,,,,0.08392410725355148,,,,,,,,,,,,
18,,,,66099,,,,,,,,,,,0.023786362260580063,,,,,,,,,,,,
18,,,,66119,,,,,,,,,,,0.0140986368060112,,,,,,,,,,,,
18,,,,66139,,,,,,,,,,,0.022727159783244133,,,,,,,,,,,,
18,,,,66157,,,,,,,,,,,,0.6374199390411377,0.8305774927139282,0.6474970579147339,1.0870070457458496,0.6822836399078369,0.5711228251457214,0.6927017569541931,0.6270807981491089,0.6761932373046875,0.7814763188362122,0.6443841457366943,0.6374199390411377
18,,,,66157,,,,,,,,,0.9706981182098389,0.049105968326330185,,,,,,,,,,,,,
19,,,,66158,0.6225709915161133,0.8148691654205322,0.625870406627655,1.1543611288070679,0.6555204391479492,0.4958823621273041,0.6327421069145203,0.6225709915161133,,,,,,,,,,,,,,,
